ISO-10303-21;
HEADER;
FILE_DESCRIPTION(('Open CASCADE Model'),'2;1');
FILE_NAME('Open CASCADE Shape Model','2026-08-03T15:51:56',('Author'),(
    'Open CASCADE'),'Open CASCADE STEP processor 7.9','Open CASCADE 7.9'
  ,'Unknown');
FILE_SCHEMA(('AUTOMOTIVE_DESIGN { 1 0 10303 214 1 1 1 1 }'));
ENDSEC;
DATA;
#1 = APPLICATION_PROTOCOL_DEFINITION('international standard',
  'automotive_design',2000,#2);
#2 = APPLICATION_CONTEXT(
  'core data for automotive mechanical design processes');
#3 = SHAPE_DEFINITION_REPRESENTATION(#4,#10);
#4 = PRODUCT_DEFINITION_SHAPE('','',#5);
#5 = PRODUCT_DEFINITION('design','',#6,#9);
#6 = PRODUCT_DEFINITION_FORMATION('','',#7);
#7 = PRODUCT('Open CASCADE STEP translator 7.9 1',
  'Open CASCADE STEP translator 7.9 1','',(#8));
#8 = PRODUCT_CONTEXT('',#2,'mechanical');
#9 = PRODUCT_DEFINITION_CONTEXT('part definition',#2,'design');
#10 = SHAPE_REPRESENTATION('',(#11,#15,#19,#23,#27),#31);
#11 = AXIS2_PLACEMENT_3D('',#12,#13,#14);
#12 = CARTESIAN_POINT('',(0.,0.,0.));
#13 = DIRECTION('',(0.,0.,1.));
#14 = DIRECTION('',(1.,0.,-0.));
#15 = AXIS2_PLACEMENT_3D('',#16,#17,#18);
#16 = CARTESIAN_POINT('',(0.,0.,0.));
#17 = DIRECTION('',(0.,0.,1.));
#18 = DIRECTION('',(1.,0.,-0.));
#19 = AXIS2_PLACEMENT_3D('',#20,#21,#22);
#20 = CARTESIAN_POINT('',(0.,0.,0.));
#21 = DIRECTION('',(0.,0.,1.));
#22 = DIRECTION('',(1.,0.,-0.));
#23 = AXIS2_PLACEMENT_3D('',#24,#25,#26);
#24 = CARTESIAN_POINT('',(0.,0.,0.));
#25 = DIRECTION('',(0.,0.,1.));
#26 = DIRECTION('',(1.,0.,-0.));
#27 = AXIS2_PLACEMENT_3D('',#28,#29,#30);
#28 = CARTESIAN_POINT('',(0.,0.,0.));
#29 = DIRECTION('',(0.,0.,1.));
#30 = DIRECTION('',(1.,0.,-0.));
#31 = ( GEOMETRIC_REPRESENTATION_CONTEXT(3) 
GLOBAL_UNCERTAINTY_ASSIGNED_CONTEXT((#35)) GLOBAL_UNIT_ASSIGNED_CONTEXT(
(#32,#33,#34)) REPRESENTATION_CONTEXT('Context #1',
  '3D Context with UNIT and UNCERTAINTY') );
#32 = ( LENGTH_UNIT() NAMED_UNIT(*) SI_UNIT(.MILLI.,.METRE.) );
#33 = ( NAMED_UNIT(*) PLANE_ANGLE_UNIT() SI_UNIT($,.RADIAN.) );
#34 = ( NAMED_UNIT(*) SI_UNIT($,.STERADIAN.) SOLID_ANGLE_UNIT() );
#35 = UNCERTAINTY_MEASURE_WITH_UNIT(LENGTH_MEASURE(1.E-07),#32,
  'distance_accuracy_value','confusion accuracy');
#36 = PRODUCT_RELATED_PRODUCT_CATEGORY('part',$,(#7));
#37 = SHAPE_DEFINITION_REPRESENTATION(#38,#44);
#38 = PRODUCT_DEFINITION_SHAPE('','',#39);
#39 = PRODUCT_DEFINITION('design','',#40,#43);
#40 = PRODUCT_DEFINITION_FORMATION('','',#41);
#41 = PRODUCT('Open CASCADE STEP translator 7.9 1.1',
  'Open CASCADE STEP translator 7.9 1.1','',(#42));
#42 = PRODUCT_CONTEXT('',#2,'mechanical');
#43 = PRODUCT_DEFINITION_CONTEXT('part definition',#2,'design');
#44 = GEOMETRICALLY_BOUNDED_WIREFRAME_SHAPE_REPRESENTATION('',(#11,#45),
  #4053);
#45 = GEOMETRIC_CURVE_SET('',(#46));
#46 = TRIMMED_CURVE('',#47,(#4051,PARAMETER_VALUE(0.)),(#4052,
    PARAMETER_VALUE(93.928538256578)),.T.,.PARAMETER.);
#47 = B_SPLINE_CURVE_WITH_KNOTS('',3,(#48,#49,#50,#51,#52,#53,#54,#55,
    #56,#57,#58,#59,#60,#61,#62,#63,#64,#65,#66,#67,#68,#69,#70,#71,#72,
    #73,#74,#75,#76,#77,#78,#79,#80,#81,#82,#83,#84,#85,#86,#87,#88,#89,
    #90,#91,#92,#93,#94,#95,#96,#97,#98,#99,#100,#101,#102,#103,#104,
    #105,#106,#107,#108,#109,#110,#111,#112,#113,#114,#115,#116,#117,
    #118,#119,#120,#121,#122,#123,#124,#125,#126,#127,#128,#129,#130,
    #131,#132,#133,#134,#135,#136,#137,#138,#139,#140,#141,#142,#143,
    #144,#145,#146,#147,#148,#149,#150,#151,#152,#153,#154,#155,#156,
    #157,#158,#159,#160,#161,#162,#163,#164,#165,#166,#167,#168,#169,
    #170,#171,#172,#173,#174,#175,#176,#177,#178,#179,#180,#181,#182,
    #183,#184,#185,#186,#187,#188,#189,#190,#191,#192,#193,#194,#195,
    #196,#197,#198,#199,#200,#201,#202,#203,#204,#205,#206,#207,#208,
    #209,#210,#211,#212,#213,#214,#215,#216,#217,#218,#219,#220,#221,
    #222,#223,#224,#225,#226,#227,#228,#229,#230,#231,#232,#233,#234,
    #235,#236,#237,#238,#239,#240,#241,#242,#243,#244,#245,#246,#247,
    #248,#249,#250,#251,#252,#253,#254,#255,#256,#257,#258,#259,#260,
    #261,#262,#263,#264,#265,#266,#267,#268,#269,#270,#271,#272,#273,
    #274,#275,#276,#277,#278,#279,#280,#281,#282,#283,#284,#285,#286,
    #287,#288,#289,#290,#291,#292,#293,#294,#295,#296,#297,#298,#299,
    #300,#301,#302,#303,#304,#305,#306,#307,#308,#309,#310,#311,#312,
    #313,#314,#315,#316,#317,#318,#319,#320,#321,#322,#323,#324,#325,
    #326,#327,#328,#329,#330,#331,#332,#333,#334,#335,#336,#337,#338,
    #339,#340,#341,#342,#343,#344,#345,#346,#347,#348,#349,#350,#351,
    #352,#353,#354,#355,#356,#357,#358,#359,#360,#361,#362,#363,#364,
    #365,#366,#367,#368,#369,#370,#371,#372,#373,#374,#375,#376,#377,
    #378,#379,#380,#381,#382,#383,#384,#385,#386,#387,#388,#389,#390,
    #391,#392,#393,#394,#395,#396,#397,#398,#399,#400,#401,#402,#403,
    #404,#405,#406,#407,#408,#409,#410,#411,#412,#413,#414,#415,#416,
    #417,#418,#419,#420,#421,#422,#423,#424,#425,#426,#427,#428,#429,
    #430,#431,#432,#433,#434,#435,#436,#437,#438,#439,#440,#441,#442,
    #443,#444,#445,#446,#447,#448,#449,#450,#451,#452,#453,#454,#455,
    #456,#457,#458,#459,#460,#461,#462,#463,#464,#465,#466,#467,#468,
    #469,#470,#471,#472,#473,#474,#475,#476,#477,#478,#479,#480,#481,
    #482,#483,#484,#485,#486,#487,#488,#489,#490,#491,#492,#493,#494,
    #495,#496,#497,#498,#499,#500,#501,#502,#503,#504,#505,#506,#507,
    #508,#509,#510,#511,#512,#513,#514,#515,#516,#517,#518,#519,#520,
    #521,#522,#523,#524,#525,#526,#527,#528,#529,#530,#531,#532,#533,
    #534,#535,#536,#537,#538,#539,#540,#541,#542,#543,#544,#545,#546,
    #547,#548,#549,#550,#551,#552,#553,#554,#555,#556,#557,#558,#559,
    #560,#561,#562,#563,#564,#565,#566,#567,#568,#569,#570,#571,#572,
    #573,#574,#575,#576,#577,#578,#579,#580,#581,#582,#583,#584,#585,
    #586,#587,#588,#589,#590,#591,#592,#593,#594,#595,#596,#597,#598,
    #599,#600,#601,#602,#603,#604,#605,#606,#607,#608,#609,#610,#611,
    #612,#613,#614,#615,#616,#617,#618,#619,#620,#621,#622,#623,#624,
    #625,#626,#627,#628,#629,#630,#631,#632,#633,#634,#635,#636,#637,
    #638,#639,#640,#641,#642,#643,#644,#645,#646,#647,#648,#649,#650,
    #651,#652,#653,#654,#655,#656,#657,#658,#659,#660,#661,#662,#663,
    #664,#665,#666,#667,#668,#669,#670,#671,#672,#673,#674,#675,#676,
    #677,#678,#679,#680,#681,#682,#683,#684,#685,#686,#687,#688,#689,
    #690,#691,#692,#693,#694,#695,#696,#697,#698,#699,#700,#701,#702,
    #703,#704,#705,#706,#707,#708,#709,#710,#711,#712,#713,#714,#715,
    #716,#717,#718,#719,#720,#721,#722,#723,#724,#725,#726,#727,#728,
    #729,#730,#731,#732,#733,#734,#735,#736,#737,#738,#739,#740,#741,
    #742,#743,#744,#745,#746,#747,#748,#749,#750,#751,#752,#753,#754,
    #755,#756,#757,#758,#759,#760,#761,#762,#763,#764,#765,#766,#767,
    #768,#769,#770,#771,#772,#773,#774,#775,#776,#777,#778,#779,#780,
    #781,#782,#783,#784,#785,#786,#787,#788,#789,#790,#791,#792,#793,
    #794,#795,#796,#797,#798,#799,#800,#801,#802,#803,#804,#805,#806,
    #807,#808,#809,#810,#811,#812,#813,#814,#815,#816,#817,#818,#819,
    #820,#821,#822,#823,#824,#825,#826,#827,#828,#829,#830,#831,#832,
    #833,#834,#835,#836,#837,#838,#839,#840,#841,#842,#843,#844,#845,
    #846,#847,#848,#849,#850,#851,#852,#853,#854,#855,#856,#857,#858,
    #859,#860,#861,#862,#863,#864,#865,#866,#867,#868,#869,#870,#871,
    #872,#873,#874,#875,#876,#877,#878,#879,#880,#881,#882,#883,#884,
    #885,#886,#887,#888,#889,#890,#891,#892,#893,#894,#895,#896,#897,
    #898,#899,#900,#901,#902,#903,#904,#905,#906,#907,#908,#909,#910,
    #911,#912,#913,#914,#915,#916,#917,#918,#919,#920,#921,#922,#923,
    #924,#925,#926,#927,#928,#929,#930,#931,#932,#933,#934,#935,#936,
    #937,#938,#939,#940,#941,#942,#943,#944,#945,#946,#947,#948,#949,
    #950,#951,#952,#953,#954,#955,#956,#957,#958,#959,#960,#961,#962,
    #963,#964,#965,#966,#967,#968,#969,#970,#971,#972,#973,#974,#975,
    #976,#977,#978,#979,#980,#981,#982,#983,#984,#985,#986,#987,#988,
    #989,#990,#991,#992,#993,#994,#995,#996,#997,#998,#999,#1000,#1001,
    #1002,#1003,#1004,#1005,#1006,#1007,#1008,#1009,#1010,#1011,#1012,
    #1013,#1014,#1015,#1016,#1017,#1018,#1019,#1020,#1021,#1022,#1023,
    #1024,#1025,#1026,#1027,#1028,#1029,#1030,#1031,#1032,#1033,#1034,
    #1035,#1036,#1037,#1038,#1039,#1040,#1041,#1042,#1043,#1044,#1045,
    #1046,#1047,#1048,#1049,#1050,#1051,#1052,#1053,#1054,#1055,#1056,
    #1057,#1058,#1059,#1060,#1061,#1062,#1063,#1064,#1065,#1066,#1067,
    #1068,#1069,#1070,#1071,#1072,#1073,#1074,#1075,#1076,#1077,#1078,
    #1079,#1080,#1081,#1082,#1083,#1084,#1085,#1086,#1087,#1088,#1089,
    #1090,#1091,#1092,#1093,#1094,#1095,#1096,#1097,#1098,#1099,#1100,
    #1101,#1102,#1103,#1104,#1105,#1106,#1107,#1108,#1109,#1110,#1111,
    #1112,#1113,#1114,#1115,#1116,#1117,#1118,#1119,#1120,#1121,#1122,
    #1123,#1124,#1125,#1126,#1127,#1128,#1129,#1130,#1131,#1132,#1133,
    #1134,#1135,#1136,#1137,#1138,#1139,#1140,#1141,#1142,#1143,#1144,
    #1145,#1146,#1147,#1148,#1149,#1150,#1151,#1152,#1153,#1154,#1155,
    #1156,#1157,#1158,#1159,#1160,#1161,#1162,#1163,#1164,#1165,#1166,
    #1167,#1168,#1169,#1170,#1171,#1172,#1173,#1174,#1175,#1176,#1177,
    #1178,#1179,#1180,#1181,#1182,#1183,#1184,#1185,#1186,#1187,#1188,
    #1189,#1190,#1191,#1192,#1193,#1194,#1195,#1196,#1197,#1198,#1199,
    #1200,#1201,#1202,#1203,#1204,#1205,#1206,#1207,#1208,#1209,#1210,
    #1211,#1212,#1213,#1214,#1215,#1216,#1217,#1218,#1219,#1220,#1221,
    #1222,#1223,#1224,#1225,#1226,#1227,#1228,#1229,#1230,#1231,#1232,
    #1233,#1234,#1235,#1236,#1237,#1238,#1239,#1240,#1241,#1242,#1243,
    #1244,#1245,#1246,#1247,#1248,#1249,#1250,#1251,#1252,#1253,#1254,
    #1255,#1256,#1257,#1258,#1259,#1260,#1261,#1262,#1263,#1264,#1265,
    #1266,#1267,#1268,#1269,#1270,#1271,#1272,#1273,#1274,#1275,#1276,
    #1277,#1278,#1279,#1280,#1281,#1282,#1283,#1284,#1285,#1286,#1287,
    #1288,#1289,#1290,#1291,#1292,#1293,#1294,#1295,#1296,#1297,#1298,
    #1299,#1300,#1301,#1302,#1303,#1304,#1305,#1306,#1307,#1308,#1309,
    #1310,#1311,#1312,#1313,#1314,#1315,#1316,#1317,#1318,#1319,#1320,
    #1321,#1322,#1323,#1324,#1325,#1326,#1327,#1328,#1329,#1330,#1331,
    #1332,#1333,#1334,#1335,#1336,#1337,#1338,#1339,#1340,#1341,#1342,
    #1343,#1344,#1345,#1346,#1347,#1348,#1349,#1350,#1351,#1352,#1353,
    #1354,#1355,#1356,#1357,#1358,#1359,#1360,#1361,#1362,#1363,#1364,
    #1365,#1366,#1367,#1368,#1369,#1370,#1371,#1372,#1373,#1374,#1375,
    #1376,#1377,#1378,#1379,#1380,#1381,#1382,#1383,#1384,#1385,#1386,
    #1387,#1388,#1389,#1390,#1391,#1392,#1393,#1394,#1395,#1396,#1397,
    #1398,#1399,#1400,#1401,#1402,#1403,#1404,#1405,#1406,#1407,#1408,
    #1409,#1410,#1411,#1412,#1413,#1414,#1415,#1416,#1417,#1418,#1419,
    #1420,#1421,#1422,#1423,#1424,#1425,#1426,#1427,#1428,#1429,#1430,
    #1431,#1432,#1433,#1434,#1435,#1436,#1437,#1438,#1439,#1440,#1441,
    #1442,#1443,#1444,#1445,#1446,#1447,#1448,#1449,#1450,#1451,#1452,
    #1453,#1454,#1455,#1456,#1457,#1458,#1459,#1460,#1461,#1462,#1463,
    #1464,#1465,#1466,#1467,#1468,#1469,#1470,#1471,#1472,#1473,#1474,
    #1475,#1476,#1477,#1478,#1479,#1480,#1481,#1482,#1483,#1484,#1485,
    #1486,#1487,#1488,#1489,#1490,#1491,#1492,#1493,#1494,#1495,#1496,
    #1497,#1498,#1499,#1500,#1501,#1502,#1503,#1504,#1505,#1506,#1507,
    #1508,#1509,#1510,#1511,#1512,#1513,#1514,#1515,#1516,#1517,#1518,
    #1519,#1520,#1521,#1522,#1523,#1524,#1525,#1526,#1527,#1528,#1529,
    #1530,#1531,#1532,#1533,#1534,#1535,#1536,#1537,#1538,#1539,#1540,
    #1541,#1542,#1543,#1544,#1545,#1546,#1547,#1548,#1549,#1550,#1551,
    #1552,#1553,#1554,#1555,#1556,#1557,#1558,#1559,#1560,#1561,#1562,
    #1563,#1564,#1565,#1566,#1567,#1568,#1569,#1570,#1571,#1572,#1573,
    #1574,#1575,#1576,#1577,#1578,#1579,#1580,#1581,#1582,#1583,#1584,
    #1585,#1586,#1587,#1588,#1589,#1590,#1591,#1592,#1593,#1594,#1595,
    #1596,#1597,#1598,#1599,#1600,#1601,#1602,#1603,#1604,#1605,#1606,
    #1607,#1608,#1609,#1610,#1611,#1612,#1613,#1614,#1615,#1616,#1617,
    #1618,#1619,#1620,#1621,#1622,#1623,#1624,#1625,#1626,#1627,#1628,
    #1629,#1630,#1631,#1632,#1633,#1634,#1635,#1636,#1637,#1638,#1639,
    #1640,#1641,#1642,#1643,#1644,#1645,#1646,#1647,#1648,#1649,#1650,
    #1651,#1652,#1653,#1654,#1655,#1656,#1657,#1658,#1659,#1660,#1661,
    #1662,#1663,#1664,#1665,#1666,#1667,#1668,#1669,#1670,#1671,#1672,
    #1673,#1674,#1675,#1676,#1677,#1678,#1679,#1680,#1681,#1682,#1683,
    #1684,#1685,#1686,#1687,#1688,#1689,#1690,#1691,#1692,#1693,#1694,
    #1695,#1696,#1697,#1698,#1699,#1700,#1701,#1702,#1703,#1704,#1705,
    #1706,#1707,#1708,#1709,#1710,#1711,#1712,#1713,#1714,#1715,#1716,
    #1717,#1718,#1719,#1720,#1721,#1722,#1723,#1724,#1725,#1726,#1727,
    #1728,#1729,#1730,#1731,#1732,#1733,#1734,#1735,#1736,#1737,#1738,
    #1739,#1740,#1741,#1742,#1743,#1744,#1745,#1746,#1747,#1748,#1749,
    #1750,#1751,#1752,#1753,#1754,#1755,#1756,#1757,#1758,#1759,#1760,
    #1761,#1762,#1763,#1764,#1765,#1766,#1767,#1768,#1769,#1770,#1771,
    #1772,#1773,#1774,#1775,#1776,#1777,#1778,#1779,#1780,#1781,#1782,
    #1783,#1784,#1785,#1786,#1787,#1788,#1789,#1790,#1791,#1792,#1793,
    #1794,#1795,#1796,#1797,#1798,#1799,#1800,#1801,#1802,#1803,#1804,
    #1805,#1806,#1807,#1808,#1809,#1810,#1811,#1812,#1813,#1814,#1815,
    #1816,#1817,#1818,#1819,#1820,#1821,#1822,#1823,#1824,#1825,#1826,
    #1827,#1828,#1829,#1830,#1831,#1832,#1833,#1834,#1835,#1836,#1837,
    #1838,#1839,#1840,#1841,#1842,#1843,#1844,#1845,#1846,#1847,#1848,
    #1849,#1850,#1851,#1852,#1853,#1854,#1855,#1856,#1857,#1858,#1859,
    #1860,#1861,#1862,#1863,#1864,#1865,#1866,#1867,#1868,#1869,#1870,
    #1871,#1872,#1873,#1874,#1875,#1876,#1877,#1878,#1879,#1880,#1881,
    #1882,#1883,#1884,#1885,#1886,#1887,#1888,#1889,#1890,#1891,#1892,
    #1893,#1894,#1895,#1896,#1897,#1898,#1899,#1900,#1901,#1902,#1903,
    #1904,#1905,#1906,#1907,#1908,#1909,#1910,#1911,#1912,#1913,#1914,
    #1915,#1916,#1917,#1918,#1919,#1920,#1921,#1922,#1923,#1924,#1925,
    #1926,#1927,#1928,#1929,#1930,#1931,#1932,#1933,#1934,#1935,#1936,
    #1937,#1938,#1939,#1940,#1941,#1942,#1943,#1944,#1945,#1946,#1947,
    #1948,#1949,#1950,#1951,#1952,#1953,#1954,#1955,#1956,#1957,#1958,
    #1959,#1960,#1961,#1962,#1963,#1964,#1965,#1966,#1967,#1968,#1969,
    #1970,#1971,#1972,#1973,#1974,#1975,#1976,#1977,#1978,#1979,#1980,
    #1981,#1982,#1983,#1984,#1985,#1986,#1987,#1988,#1989,#1990,#1991,
    #1992,#1993,#1994,#1995,#1996,#1997,#1998,#1999,#2000,#2001,#2002,
    #2003,#2004,#2005,#2006,#2007,#2008,#2009,#2010,#2011,#2012,#2013,
    #2014,#2015,#2016,#2017,#2018,#2019,#2020,#2021,#2022,#2023,#2024,
    #2025,#2026,#2027,#2028,#2029,#2030,#2031,#2032,#2033,#2034,#2035,
    #2036,#2037,#2038,#2039,#2040,#2041,#2042,#2043,#2044,#2045,#2046,
    #2047,#2048,#2049,#2050,#2051,#2052,#2053,#2054,#2055,#2056,#2057,
    #2058,#2059,#2060,#2061,#2062,#2063,#2064,#2065,#2066,#2067,#2068,
    #2069,#2070,#2071,#2072,#2073,#2074,#2075,#2076,#2077,#2078,#2079,
    #2080,#2081,#2082,#2083,#2084,#2085,#2086,#2087,#2088,#2089,#2090,
    #2091,#2092,#2093,#2094,#2095,#2096,#2097,#2098,#2099,#2100,#2101,
    #2102,#2103,#2104,#2105,#2106,#2107,#2108,#2109,#2110,#2111,#2112,
    #2113,#2114,#2115,#2116,#2117,#2118,#2119,#2120,#2121,#2122,#2123,
    #2124,#2125,#2126,#2127,#2128,#2129,#2130,#2131,#2132,#2133,#2134,
    #2135,#2136,#2137,#2138,#2139,#2140,#2141,#2142,#2143,#2144,#2145,
    #2146,#2147,#2148,#2149,#2150,#2151,#2152,#2153,#2154,#2155,#2156,
    #2157,#2158,#2159,#2160,#2161,#2162,#2163,#2164,#2165,#2166,#2167,
    #2168,#2169,#2170,#2171,#2172,#2173,#2174,#2175,#2176,#2177,#2178,
    #2179,#2180,#2181,#2182,#2183,#2184,#2185,#2186,#2187,#2188,#2189,
    #2190,#2191,#2192,#2193,#2194,#2195,#2196,#2197,#2198,#2199,#2200,
    #2201,#2202,#2203,#2204,#2205,#2206,#2207,#2208,#2209,#2210,#2211,
    #2212,#2213,#2214,#2215,#2216,#2217,#2218,#2219,#2220,#2221,#2222,
    #2223,#2224,#2225,#2226,#2227,#2228,#2229,#2230,#2231,#2232,#2233,
    #2234,#2235,#2236,#2237,#2238,#2239,#2240,#2241,#2242,#2243,#2244,
    #2245,#2246,#2247,#2248,#2249,#2250,#2251,#2252,#2253,#2254,#2255,
    #2256,#2257,#2258,#2259,#2260,#2261,#2262,#2263,#2264,#2265,#2266,
    #2267,#2268,#2269,#2270,#2271,#2272,#2273,#2274,#2275,#2276,#2277,
    #2278,#2279,#2280,#2281,#2282,#2283,#2284,#2285,#2286,#2287,#2288,
    #2289,#2290,#2291,#2292,#2293,#2294,#2295,#2296,#2297,#2298,#2299,
    #2300,#2301,#2302,#2303,#2304,#2305,#2306,#2307,#2308,#2309,#2310,
    #2311,#2312,#2313,#2314,#2315,#2316,#2317,#2318,#2319,#2320,#2321,
    #2322,#2323,#2324,#2325,#2326,#2327,#2328,#2329,#2330,#2331,#2332,
    #2333,#2334,#2335,#2336,#2337,#2338,#2339,#2340,#2341,#2342,#2343,
    #2344,#2345,#2346,#2347,#2348,#2349,#2350,#2351,#2352,#2353,#2354,
    #2355,#2356,#2357,#2358,#2359,#2360,#2361,#2362,#2363,#2364,#2365,
    #2366,#2367,#2368,#2369,#2370,#2371,#2372,#2373,#2374,#2375,#2376,
    #2377,#2378,#2379,#2380,#2381,#2382,#2383,#2384,#2385,#2386,#2387,
    #2388,#2389,#2390,#2391,#2392,#2393,#2394,#2395,#2396,#2397,#2398,
    #2399,#2400,#2401,#2402,#2403,#2404,#2405,#2406,#2407,#2408,#2409,
    #2410,#2411,#2412,#2413,#2414,#2415,#2416,#2417,#2418,#2419,#2420,
    #2421,#2422,#2423,#2424,#2425,#2426,#2427,#2428,#2429,#2430,#2431,
    #2432,#2433,#2434,#2435,#2436,#2437,#2438,#2439,#2440,#2441,#2442,
    #2443,#2444,#2445,#2446,#2447,#2448,#2449,#2450,#2451,#2452,#2453,
    #2454,#2455,#2456,#2457,#2458,#2459,#2460,#2461,#2462,#2463,#2464,
    #2465,#2466,#2467,#2468,#2469,#2470,#2471,#2472,#2473,#2474,#2475,
    #2476,#2477,#2478,#2479,#2480,#2481,#2482,#2483,#2484,#2485,#2486,
    #2487,#2488,#2489,#2490,#2491,#2492,#2493,#2494,#2495,#2496,#2497,
    #2498,#2499,#2500,#2501,#2502,#2503,#2504,#2505,#2506,#2507,#2508,
    #2509,#2510,#2511,#2512,#2513,#2514,#2515,#2516,#2517,#2518,#2519,
    #2520,#2521,#2522,#2523,#2524,#2525,#2526,#2527,#2528,#2529,#2530,
    #2531,#2532,#2533,#2534,#2535,#2536,#2537,#2538,#2539,#2540,#2541,
    #2542,#2543,#2544,#2545,#2546,#2547,#2548,#2549,#2550,#2551,#2552,
    #2553,#2554,#2555,#2556,#2557,#2558,#2559,#2560,#2561,#2562,#2563,
    #2564,#2565,#2566,#2567,#2568,#2569,#2570,#2571,#2572,#2573,#2574,
    #2575,#2576,#2577,#2578,#2579,#2580,#2581,#2582,#2583,#2584,#2585,
    #2586,#2587,#2588,#2589,#2590,#2591,#2592,#2593,#2594,#2595,#2596,
    #2597,#2598,#2599,#2600,#2601,#2602,#2603,#2604,#2605,#2606,#2607,
    #2608,#2609,#2610,#2611,#2612,#2613,#2614,#2615,#2616,#2617,#2618,
    #2619,#2620,#2621,#2622,#2623,#2624,#2625,#2626,#2627,#2628,#2629,
    #2630,#2631,#2632,#2633,#2634,#2635,#2636,#2637,#2638,#2639,#2640,
    #2641,#2642,#2643,#2644,#2645,#2646,#2647,#2648,#2649,#2650,#2651,
    #2652,#2653,#2654,#2655,#2656,#2657,#2658,#2659,#2660,#2661,#2662,
    #2663,#2664,#2665,#2666,#2667,#2668,#2669,#2670,#2671,#2672,#2673,
    #2674,#2675,#2676,#2677,#2678,#2679,#2680,#2681,#2682,#2683,#2684,
    #2685,#2686,#2687,#2688,#2689,#2690,#2691,#2692,#2693,#2694,#2695,
    #2696,#2697,#2698,#2699,#2700,#2701,#2702,#2703,#2704,#2705,#2706,
    #2707,#2708,#2709,#2710,#2711,#2712,#2713,#2714,#2715,#2716,#2717,
    #2718,#2719,#2720,#2721,#2722,#2723,#2724,#2725,#2726,#2727,#2728,
    #2729,#2730,#2731,#2732,#2733,#2734,#2735,#2736,#2737,#2738,#2739,
    #2740,#2741,#2742,#2743,#2744,#2745,#2746,#2747,#2748,#2749,#2750,
    #2751,#2752,#2753,#2754,#2755,#2756,#2757,#2758,#2759,#2760,#2761,
    #2762,#2763,#2764,#2765,#2766,#2767,#2768,#2769,#2770,#2771,#2772,
    #2773,#2774,#2775,#2776,#2777,#2778,#2779,#2780,#2781,#2782,#2783,
    #2784,#2785,#2786,#2787,#2788,#2789,#2790,#2791,#2792,#2793,#2794,
    #2795,#2796,#2797,#2798,#2799,#2800,#2801,#2802,#2803,#2804,#2805,
    #2806,#2807,#2808,#2809,#2810,#2811,#2812,#2813,#2814,#2815,#2816,
    #2817,#2818,#2819,#2820,#2821,#2822,#2823,#2824,#2825,#2826,#2827,
    #2828,#2829,#2830,#2831,#2832,#2833,#2834,#2835,#2836,#2837,#2838,
    #2839,#2840,#2841,#2842,#2843,#2844,#2845,#2846,#2847,#2848,#2849,
    #2850,#2851,#2852,#2853,#2854,#2855,#2856,#2857,#2858,#2859,#2860,
    #2861,#2862,#2863,#2864,#2865,#2866,#2867,#2868,#2869,#2870,#2871,
    #2872,#2873,#2874,#2875,#2876,#2877,#2878,#2879,#2880,#2881,#2882,
    #2883,#2884,#2885,#2886,#2887,#2888,#2889,#2890,#2891,#2892,#2893,
    #2894,#2895,#2896,#2897,#2898,#2899,#2900,#2901,#2902,#2903,#2904,
    #2905,#2906,#2907,#2908,#2909,#2910,#2911,#2912,#2913,#2914,#2915,
    #2916,#2917,#2918,#2919,#2920,#2921,#2922,#2923,#2924,#2925,#2926,
    #2927,#2928,#2929,#2930,#2931,#2932,#2933,#2934,#2935,#2936,#2937,
    #2938,#2939,#2940,#2941,#2942,#2943,#2944,#2945,#2946,#2947,#2948,
    #2949,#2950,#2951,#2952,#2953,#2954,#2955,#2956,#2957,#2958,#2959,
    #2960,#2961,#2962,#2963,#2964,#2965,#2966,#2967,#2968,#2969,#2970,
    #2971,#2972,#2973,#2974,#2975,#2976,#2977,#2978,#2979,#2980,#2981,
    #2982,#2983,#2984,#2985,#2986,#2987,#2988,#2989,#2990,#2991,#2992,
    #2993,#2994,#2995,#2996,#2997,#2998,#2999,#3000,#3001,#3002,#3003,
    #3004,#3005,#3006,#3007,#3008,#3009,#3010,#3011,#3012,#3013,#3014,
    #3015,#3016,#3017,#3018,#3019,#3020,#3021,#3022,#3023,#3024,#3025,
    #3026,#3027,#3028,#3029,#3030,#3031,#3032,#3033,#3034,#3035,#3036,
    #3037,#3038,#3039,#3040,#3041,#3042,#3043,#3044,#3045,#3046,#3047,
    #3048,#3049,#3050,#3051,#3052,#3053,#3054,#3055,#3056,#3057,#3058,
    #3059,#3060,#3061,#3062,#3063,#3064,#3065,#3066,#3067,#3068,#3069,
    #3070,#3071,#3072,#3073,#3074,#3075,#3076,#3077,#3078,#3079,#3080,
    #3081,#3082,#3083,#3084,#3085,#3086,#3087,#3088,#3089,#3090,#3091,
    #3092,#3093,#3094,#3095,#3096,#3097,#3098,#3099,#3100,#3101,#3102,
    #3103,#3104,#3105,#3106,#3107,#3108,#3109,#3110,#3111,#3112,#3113,
    #3114,#3115,#3116,#3117,#3118,#3119,#3120,#3121,#3122,#3123,#3124,
    #3125,#3126,#3127,#3128,#3129,#3130,#3131,#3132,#3133,#3134,#3135,
    #3136,#3137,#3138,#3139,#3140,#3141,#3142,#3143,#3144,#3145,#3146,
    #3147,#3148,#3149,#3150,#3151,#3152,#3153,#3154,#3155,#3156,#3157,
    #3158,#3159,#3160,#3161,#3162,#3163,#3164,#3165,#3166,#3167,#3168,
    #3169,#3170,#3171,#3172,#3173,#3174,#3175,#3176,#3177,#3178,#3179,
    #3180,#3181,#3182,#3183,#3184,#3185,#3186,#3187,#3188,#3189,#3190,
    #3191,#3192,#3193,#3194,#3195,#3196,#3197,#3198,#3199,#3200,#3201,
    #3202,#3203,#3204,#3205,#3206,#3207,#3208,#3209,#3210,#3211,#3212,
    #3213,#3214,#3215,#3216,#3217,#3218,#3219,#3220,#3221,#3222,#3223,
    #3224,#3225,#3226,#3227,#3228,#3229,#3230,#3231,#3232,#3233,#3234,
    #3235,#3236,#3237,#3238,#3239,#3240,#3241,#3242,#3243,#3244,#3245,
    #3246,#3247,#3248,#3249,#3250,#3251,#3252,#3253,#3254,#3255,#3256,
    #3257,#3258,#3259,#3260,#3261,#3262,#3263,#3264,#3265,#3266,#3267,
    #3268,#3269,#3270,#3271,#3272,#3273,#3274,#3275,#3276,#3277,#3278,
    #3279,#3280,#3281,#3282,#3283,#3284,#3285,#3286,#3287,#3288,#3289,
    #3290,#3291,#3292,#3293,#3294,#3295,#3296,#3297,#3298,#3299,#3300,
    #3301,#3302,#3303,#3304,#3305,#3306,#3307,#3308,#3309,#3310,#3311,
    #3312,#3313,#3314,#3315,#3316,#3317,#3318,#3319,#3320,#3321,#3322,
    #3323,#3324,#3325,#3326,#3327,#3328,#3329,#3330,#3331,#3332,#3333,
    #3334,#3335,#3336,#3337,#3338,#3339,#3340,#3341,#3342,#3343,#3344,
    #3345,#3346,#3347,#3348,#3349,#3350,#3351,#3352,#3353,#3354,#3355,
    #3356,#3357,#3358,#3359,#3360,#3361,#3362,#3363,#3364,#3365,#3366,
    #3367,#3368,#3369,#3370,#3371,#3372,#3373,#3374,#3375,#3376,#3377,
    #3378,#3379,#3380,#3381,#3382,#3383,#3384,#3385,#3386,#3387,#3388,
    #3389,#3390,#3391,#3392,#3393,#3394,#3395,#3396,#3397,#3398,#3399,
    #3400,#3401,#3402,#3403,#3404,#3405,#3406,#3407,#3408,#3409,#3410,
    #3411,#3412,#3413,#3414,#3415,#3416,#3417,#3418,#3419,#3420,#3421,
    #3422,#3423,#3424,#3425,#3426,#3427,#3428,#3429,#3430,#3431,#3432,
    #3433,#3434,#3435,#3436,#3437,#3438,#3439,#3440,#3441,#3442,#3443,
    #3444,#3445,#3446,#3447,#3448,#3449,#3450,#3451,#3452,#3453,#3454,
    #3455,#3456,#3457,#3458,#3459,#3460,#3461,#3462,#3463,#3464,#3465,
    #3466,#3467,#3468,#3469,#3470,#3471,#3472,#3473,#3474,#3475,#3476,
    #3477,#3478,#3479,#3480,#3481,#3482,#3483,#3484,#3485,#3486,#3487,
    #3488,#3489,#3490,#3491,#3492,#3493,#3494,#3495,#3496,#3497,#3498,
    #3499,#3500,#3501,#3502,#3503,#3504,#3505,#3506,#3507,#3508,#3509,
    #3510,#3511,#3512,#3513,#3514,#3515,#3516,#3517,#3518,#3519,#3520,
    #3521,#3522,#3523,#3524,#3525,#3526,#3527,#3528,#3529,#3530,#3531,
    #3532,#3533,#3534,#3535,#3536,#3537,#3538,#3539,#3540,#3541,#3542,
    #3543,#3544,#3545,#3546,#3547,#3548,#3549,#3550,#3551,#3552,#3553,
    #3554,#3555,#3556,#3557,#3558,#3559,#3560,#3561,#3562,#3563,#3564,
    #3565,#3566,#3567,#3568,#3569,#3570,#3571,#3572,#3573,#3574,#3575,
    #3576,#3577,#3578,#3579,#3580,#3581,#3582,#3583,#3584,#3585,#3586,
    #3587,#3588,#3589,#3590,#3591,#3592,#3593,#3594,#3595,#3596,#3597,
    #3598,#3599,#3600,#3601,#3602,#3603,#3604,#3605,#3606,#3607,#3608,
    #3609,#3610,#3611,#3612,#3613,#3614,#3615,#3616,#3617,#3618,#3619,
    #3620,#3621,#3622,#3623,#3624,#3625,#3626,#3627,#3628,#3629,#3630,
    #3631,#3632,#3633,#3634,#3635,#3636,#3637,#3638,#3639,#3640,#3641,
    #3642,#3643,#3644,#3645,#3646,#3647,#3648,#3649,#3650,#3651,#3652,
    #3653,#3654,#3655,#3656,#3657,#3658,#3659,#3660,#3661,#3662,#3663,
    #3664,#3665,#3666,#3667,#3668,#3669,#3670,#3671,#3672,#3673,#3674,
    #3675,#3676,#3677,#3678,#3679,#3680,#3681,#3682,#3683,#3684,#3685,
    #3686,#3687,#3688,#3689,#3690,#3691,#3692,#3693,#3694,#3695,#3696,
    #3697,#3698,#3699,#3700,#3701,#3702,#3703,#3704,#3705,#3706,#3707,
    #3708,#3709,#3710,#3711,#3712,#3713,#3714,#3715,#3716,#3717,#3718,
    #3719,#3720,#3721,#3722,#3723,#3724,#3725,#3726,#3727,#3728,#3729,
    #3730,#3731,#3732,#3733,#3734,#3735,#3736,#3737,#3738,#3739,#3740,
    #3741,#3742,#3743,#3744,#3745,#3746,#3747,#3748,#3749,#3750,#3751,
    #3752,#3753,#3754,#3755,#3756,#3757,#3758,#3759,#3760,#3761,#3762,
    #3763,#3764,#3765,#3766,#3767,#3768,#3769,#3770,#3771,#3772,#3773,
    #3774,#3775,#3776,#3777,#3778,#3779,#3780,#3781,#3782,#3783,#3784,
    #3785,#3786,#3787,#3788,#3789,#3790,#3791,#3792,#3793,#3794,#3795,
    #3796,#3797,#3798,#3799,#3800,#3801,#3802,#3803,#3804,#3805,#3806,
    #3807,#3808,#3809,#3810,#3811,#3812,#3813,#3814,#3815,#3816,#3817,
    #3818,#3819,#3820,#3821,#3822,#3823,#3824,#3825,#3826,#3827,#3828,
    #3829,#3830,#3831,#3832,#3833,#3834,#3835,#3836,#3837,#3838,#3839,
    #3840,#3841,#3842,#3843,#3844,#3845,#3846,#3847,#3848,#3849,#3850,
    #3851,#3852,#3853,#3854,#3855,#3856,#3857,#3858,#3859,#3860,#3861,
    #3862,#3863,#3864,#3865,#3866,#3867,#3868,#3869,#3870,#3871,#3872,
    #3873,#3874,#3875,#3876,#3877,#3878,#3879,#3880,#3881,#3882,#3883,
    #3884,#3885,#3886,#3887,#3888,#3889,#3890,#3891,#3892,#3893,#3894,
    #3895,#3896,#3897,#3898,#3899,#3900,#3901,#3902,#3903,#3904,#3905,
    #3906,#3907,#3908,#3909,#3910,#3911,#3912,#3913,#3914,#3915,#3916,
    #3917,#3918,#3919,#3920,#3921,#3922,#3923,#3924,#3925,#3926,#3927,
    #3928,#3929,#3930,#3931,#3932,#3933,#3934,#3935,#3936,#3937,#3938,
    #3939,#3940,#3941,#3942,#3943,#3944,#3945,#3946,#3947,#3948,#3949,
    #3950,#3951,#3952,#3953,#3954,#3955,#3956,#3957,#3958,#3959,#3960,
    #3961,#3962,#3963,#3964,#3965,#3966,#3967,#3968,#3969,#3970,#3971,
    #3972,#3973,#3974,#3975,#3976,#3977,#3978,#3979,#3980,#3981,#3982,
    #3983,#3984,#3985,#3986,#3987,#3988,#3989,#3990,#3991,#3992,#3993,
    #3994,#3995,#3996,#3997,#3998,#3999,#4000,#4001,#4002,#4003,#4004,
    #4005,#4006,#4007,#4008,#4009,#4010,#4011,#4012,#4013,#4014,#4015,
    #4016,#4017,#4018,#4019,#4020,#4021,#4022,#4023,#4024,#4025,#4026,
    #4027,#4028,#4029,#4030,#4031,#4032,#4033,#4034,#4035,#4036,#4037,
    #4038,#4039,#4040,#4041,#4042,#4043,#4044,#4045,#4046,#4047,#4048,
    #4049,#4050),.UNSPECIFIED.,.F.,.F.,(4,1,1,1,1,1,1,1,1,1,1,1,1,1,1,1,
    1,1,1,1,1,1,1,1,1,1,1,1,1,1,1,1,1,1,1,1,1,1,1,1,1,1,1,1,1,1,1,1,1,1,
    1,1,1,1,1,1,1,1,1,1,1,1,1,1,1,1,1,1,1,1,1,1,1,1,1,1,1,1,1,1,1,1,1,1,
    1,1,1,1,1,1,1,1,1,1,1,1,1,1,1,1,1,1,1,1,1,1,1,1,1,1,1,1,1,1,1,1,1,1,
    1,1,1,1,1,1,1,1,1,1,1,1,1,1,1,1,1,1,1,1,1,1,1,1,1,1,1,1,1,1,1,1,1,1,
    1,1,1,1,1,1,1,1,1,1,1,1,1,1,1,1,1,1,1,1,1,1,1,1,1,1,1,1,1,1,1,1,1,1,
    1,1,1,1,1,1,1,1,1,1,1,1,1,1,1,1,1,1,1,1,1,1,1,1,1,1,1,1,1,1,1,1,1,1,
    1,1,1,1,1,1,1,1,1,1,1,1,1,1,1,1,1,1,1,1,1,1,1,1,1,1,1,1,1,1,1,1,1,1,
    1,1,1,1,1,1,1,1,1,1,1,1,1,1,1,1,1,1,1,1,1,1,1,1,1,1,1,1,1,1,1,1,1,1,
    1,1,1,1,1,1,1,1,1,1,1,1,1,1,1,1,1,1,1,1,1,1,1,1,1,1,1,1,1,1,1,1,1,1,
    1,1,1,1,1,1,1,1,1,1,1,1,1,1,1,1,1,1,1,1,1,1,1,1,1,1,1,1,1,1,1,1,1,1,
    1,1,1,1,1,1,1,1,1,1,1,1,1,1,1,1,1,1,1,1,1,1,1,1,1,1,1,1,1,1,1,1,1,1,
    1,1,1,1,1,1,1,1,1,1,1,1,1,1,1,1,1,1,1,1,1,1,1,1,1,1,1,1,1,1,1,1,1,1,
    1,1,1,1,1,1,1,1,1,1,1,1,1,1,1,1,1,1,1,1,1,1,1,1,1,1,1,1,1,1,1,1,1,1,
    1,1,1,1,1,1,1,1,1,1,1,1,1,1,1,1,1,1,1,1,1,1,1,1,1,1,1,1,1,1,1,1,1,1,
    1,1,1,1,1,1,1,1,1,1,1,1,1,1,1,1,1,1,1,1,1,1,1,1,1,1,1,1,1,1,1,1,1,1,
    1,1,1,1,1,1,1,1,1,1,1,1,1,1,1,1,1,1,1,1,1,1,1,1,1,1,1,1,1,1,1,1,1,1,
    1,1,1,1,1,1,1,1,1,1,1,1,1,1,1,1,1,1,1,1,1,1,1,1,1,1,1,1,1,1,1,1,1,1,
    1,1,1,1,1,1,1,1,1,1,1,1,1,1,1,1,1,1,1,1,1,1,1,1,1,1,1,1,1,1,1,1,1,1,
    1,1,1,1,1,1,1,1,1,1,1,1,1,1,1,1,1,1,1,1,1,1,1,1,1,1,1,1,1,1,1,1,1,1,
    1,1,1,1,1,1,1,1,1,1,1,1,1,1,1,1,1,1,1,1,1,1,1,1,1,1,1,1,1,1,1,1,1,1,
    1,1,1,1,1,1,1,1,1,1,1,1,1,1,1,1,1,1,1,1,1,1,1,1,1,1,1,1,1,1,1,1,1,1,
    1,1,1,1,1,1,1,1,1,1,1,1,1,1,1,1,1,1,1,1,1,1,1,1,1,1,1,1,1,1,1,1,1,1,
    1,1,1,1,1,1,1,1,1,1,1,1,1,1,1,1,1,1,1,1,1,1,1,1,1,1,1,1,1,1,1,1,1,1,
    1,1,1,1,1,1,1,1,1,1,1,1,1,1,1,1,1,1,1,1,1,1,1,1,1,1,1,1,1,1,1,1,1,1,
    1,1,1,1,1,1,1,1,1,1,1,1,1,1,1,1,1,1,1,1,1,1,1,1,1,1,1,1,1,1,1,1,1,1,
    1,1,1,1,1,1,1,1,1,1,1,1,1,1,1,1,1,1,1,1,1,1,1,1,1,1,1,1,1,1,1,1,1,1,
    1,1,1,1,1,1,1,1,1,1,1,1,1,1,1,1,1,1,1,1,1,1,1,1,1,1,1,1,1,1,1,1,1,1,
    1,1,1,1,1,1,1,1,1,1,1,1,1,1,1,1,1,1,1,1,1,1,1,1,1,1,1,1,1,1,1,1,1,1,
    1,1,1,1,1,1,1,1,1,1,1,1,1,1,1,1,1,1,1,1,1,1,1,1,1,1,1,1,1,1,1,1,1,1,
    1,1,1,1,1,1,1,1,1,1,1,1,1,1,1,1,1,1,1,1,1,1,1,1,1,1,1,1,1,1,1,1,1,1,
    1,1,1,1,1,1,1,1,1,1,1,1,1,1,1,1,1,1,1,1,1,1,1,1,1,1,1,1,1,1,1,1,1,1,
    1,1,1,1,1,1,1,1,1,1,1,1,1,1,1,1,1,1,1,1,1,1,1,1,1,1,1,1,1,1,1,1,1,1,
    1,1,1,1,1,1,1,1,1,1,1,1,1,1,1,1,1,1,1,1,1,1,1,1,1,1,1,1,1,1,1,1,1,1,
    1,1,1,1,1,1,1,1,1,1,1,1,1,1,1,1,1,1,1,1,1,1,1,1,1,1,1,1,1,1,1,1,1,1,
    1,1,1,1,1,1,1,1,1,1,1,1,1,1,1,1,1,1,1,1,1,1,1,1,1,1,1,1,1,1,1,1,1,1,
    1,1,1,1,1,1,1,1,1,1,1,1,1,1,1,1,1,1,1,1,1,1,1,1,1,1,1,1,1,1,1,1,1,1,
    1,1,1,1,1,1,1,1,1,1,1,1,1,1,1,1,1,1,1,1,1,1,1,1,1,1,1,1,1,1,1,1,1,1,
    1,1,1,1,1,1,1,1,1,1,1,1,1,1,1,1,1,1,1,1,1,1,1,1,1,1,1,1,1,1,1,1,1,1,
    1,1,1,1,1,1,1,1,1,1,1,1,1,1,1,1,1,1,1,1,1,1,1,1,1,1,1,1,1,1,1,1,1,1,
    1,1,1,1,1,1,1,1,1,1,1,1,1,1,1,1,1,1,1,1,1,1,1,1,1,1,1,1,1,1,1,1,1,1,
    1,1,1,1,1,1,1,1,1,1,1,1,1,1,1,1,1,1,1,1,1,1,1,1,1,1,1,1,1,1,1,1,1,1,
    1,1,1,1,1,1,1,1,1,1,1,1,1,1,1,1,1,1,1,1,1,1,1,1,1,1,1,1,1,1,1,1,1,1,
    1,1,1,1,1,1,1,1,1,1,1,1,1,1,1,1,1,1,1,1,1,1,1,1,1,1,1,1,1,1,1,1,1,1,
    1,1,1,1,1,1,1,1,1,1,1,1,1,1,1,1,1,1,1,1,1,1,1,1,1,1,1,1,1,1,1,1,1,1,
    1,1,1,1,1,1,1,1,1,1,1,1,1,1,1,1,1,1,1,1,1,1,1,1,1,1,1,1,1,1,1,1,1,1,
    1,1,1,1,1,1,1,1,1,1,1,1,1,1,1,1,1,1,1,1,1,1,1,1,1,1,1,1,1,1,1,1,1,1,
    1,1,1,1,1,1,1,1,1,1,1,1,1,1,1,1,1,1,1,1,1,1,1,1,1,1,1,1,1,1,1,1,1,1,
    1,1,1,1,1,1,1,1,1,1,1,1,1,1,1,1,1,1,1,1,1,1,1,1,1,1,1,1,1,1,1,1,1,1,
    1,1,1,1,1,1,1,1,1,1,1,1,1,1,1,1,1,1,1,1,1,1,1,1,1,1,1,1,1,1,1,1,1,1,
    1,1,1,1,1,1,1,1,1,1,1,1,1,1,1,1,1,1,1,1,1,1,1,1,1,1,1,1,1,1,1,1,1,1,
    1,1,1,1,1,1,1,1,1,1,1,1,1,1,1,1,1,1,1,1,1,1,1,1,1,1,1,1,1,1,1,1,1,1,
    1,1,1,1,1,1,1,1,1,1,1,1,1,1,1,1,1,1,1,1,1,1,1,1,1,1,1,1,1,1,1,1,1,1,
    1,1,1,1,1,1,1,1,1,1,1,1,1,1,1,1,1,1,1,1,1,1,1,1,1,1,1,1,1,1,1,1,1,1,
    1,1,1,1,1,1,1,1,1,1,1,1,1,1,1,1,1,1,1,1,1,1,1,1,1,1,1,1,1,1,1,1,1,1,
    1,1,1,1,1,1,1,1,1,1,1,1,1,1,1,1,1,1,1,1,1,1,1,1,1,1,1,1,1,1,1,1,1,1,
    1,1,1,1,1,1,1,1,1,1,1,1,1,1,1,1,1,1,1,1,1,1,1,1,1,1,1,1,1,1,1,1,1,1,
    1,1,1,1,1,1,1,1,1,1,1,1,1,1,1,1,1,1,1,1,1,1,1,1,1,1,1,1,1,1,1,1,1,1,
    1,1,1,1,1,1,1,1,1,1,1,1,1,1,1,1,1,1,1,1,1,1,1,1,1,1,1,1,1,1,1,1,1,1,
    1,1,1,1,1,1,1,1,1,1,1,1,1,1,1,1,1,1,1,1,1,1,1,1,1,1,1,1,1,1,1,1,1,1,
    1,1,1,1,1,1,1,1,1,1,1,1,1,1,1,1,1,1,1,1,1,1,1,1,1,1,1,1,1,1,1,1,1,1,
    1,1,1,1,1,1,1,1,1,1,1,1,1,1,1,1,1,1,1,1,1,1,1,1,1,1,1,1,1,1,1,1,1,1,
    1,1,1,1,1,1,1,1,1,1,1,1,1,1,1,1,1,1,1,1,1,1,1,1,1,1,1,1,1,1,1,1,1,1,
    1,1,1,1,1,1,1,1,1,1,1,1,1,1,1,1,1,1,1,1,1,1,1,1,1,1,1,1,1,1,1,1,1,1,
    1,1,1,1,1,1,1,1,1,1,1,1,1,1,1,1,1,1,1,1,1,1,1,1,1,1,1,1,1,1,1,1,1,1,
    1,1,1,1,1,1,1,1,1,1,1,1,1,1,1,1,1,1,1,1,1,1,1,1,1,1,1,1,1,1,1,1,1,1,
    1,1,1,1,1,1,1,1,1,1,1,1,1,1,1,1,1,1,1,1,1,1,1,1,1,1,1,1,1,1,1,1,1,1,
    1,1,1,1,1,1,1,1,1,1,1,1,1,1,1,1,1,1,1,1,1,1,1,1,1,1,1,1,1,1,1,1,1,1,
    1,1,1,1,1,1,1,1,1,1,1,1,1,1,1,1,1,1,1,1,1,1,1,1,1,1,1,1,1,1,1,1,1,1,
    1,1,1,1,1,1,1,1,1,1,1,1,1,1,1,1,1,1,1,1,1,1,1,1,1,1,1,1,1,1,1,1,1,1,
    1,1,1,1,1,1,1,1,1,1,1,1,1,1,1,1,1,1,1,1,1,1,1,1,1,1,1,1,1,1,1,1,1,1,
    1,1,1,1,1,1,1,1,1,1,1,1,1,1,1,1,1,1,1,1,1,1,1,1,1,1,1,1,1,1,1,1,1,1,
    1,1,1,1,1,1,1,1,1,1,1,1,1,1,1,1,1,1,1,1,1,1,1,1,1,1,1,1,1,1,1,1,1,1,
    1,1,1,1,1,1,1,1,1,1,1,1,1,1,1,1,1,1,1,1,1,1,1,1,1,1,1,1,1,1,1,1,1,1,
    1,1,1,1,1,1,1,1,1,1,1,1,1,1,1,1,1,1,1,1,1,1,1,1,1,1,1,1,1,1,1,1,1,1,
    1,1,1,1,1,1,1,1,1,1,1,1,1,1,1,1,1,1,1,1,1,1,1,1,1,1,1,1,1,1,1,1,1,1,
    1,1,1,1,1,1,1,1,1,1,1,1,1,1,1,1,1,1,1,1,1,1,1,1,1,1,1,1,1,1,1,1,1,1,
    1,1,1,1,1,1,1,1,1,1,1,1,1,1,1,1,1,1,1,1,1,1,1,1,1,1,1,1,1,1,1,1,1,1,
    1,1,1,1,1,1,1,1,1,1,1,1,1,1,1,1,1,1,1,1,1,1,1,1,1,1,1,1,1,1,1,1,1,1,
    1,1,1,1,1,1,1,1,1,1,1,1,1,1,1,1,1,1,1,1,1,1,1,1,1,1,1,1,1,1,1,1,1,1,
    1,1,1,1,1,1,1,1,1,1,1,1,1,1,1,1,1,1,1,1,1,1,1,1,1,1,1,1,1,1,1,1,1,1,
    1,1,1,1,1,1,1,1,1,1,1,1,1,1,1,1,1,1,1,1,1,1,1,1,1,1,1,1,1,1,1,1,1,1,
    1,1,1,1,1,1,1,1,1,1,1,1,1,1,1,1,1,1,1,1,1,1,1,1,1,1,1,1,1,1,1,1,1,1,
    1,1,1,1,1,1,1,1,1,1,1,1,1,1,1,1,1,1,1,1,1,1,1,1,1,1,1,1,1,1,1,1,1,1,
    1,1,1,1,1,1,1,1,1,1,1,1,1,1,1,1,1,1,1,1,1,1,1,1,1,1,1,1,1,1,1,1,1,1,
    1,1,1,1,1,1,1,1,1,1,1,1,1,1,1,1,1,1,1,1,1,1,1,1,1,1,1,1,1,1,1,1,1,1,
    1,1,1,1,1,1,1,1,1,1,1,1,1,1,1,1,1,1,1,1,1,1,1,1,1,1,1,1,1,1,1,1,1,1,
    1,1,1,1,1,1,1,1,1,1,1,1,1,1,1,1,1,1,1,1,1,1,1,1,1,1,1,1,1,1,1,1,1,1,
    1,1,1,1,1,1,1,1,1,1,1,1,1,1,1,1,1,1,1,1,1,1,1,1,1,1,1,1,1,1,1,1,1,1,
    1,1,1,1,1,1,1,1,1,1,1,1,1,1,1,1,1,1,1,1,1,1,1,1,1,1,1,1,1,1,1,1,1,1,
    1,1,1,1,1,1,1,1,1,1,1,1,1,1,1,1,1,1,1,1,1,1,1,1,1,1,1,1,1,1,1,1,1,1,
    1,1,1,1,1,1,1,1,1,1,1,1,1,1,1,1,1,1,1,1,1,1,1,1,1,1,1,1,1,1,1,1,1,1,
    1,1,1,1,1,1,1,1,1,1,1,1,1,1,1,1,1,1,1,1,1,1,1,1,1,1,1,1,1,1,1,1,1,1,
    1,1,1,1,1,1,1,1,1,1,1,1,1,1,1,1,1,1,1,1,1,1,1,1,1,1,1,1,1,1,1,1,1,1,
    1,1,1,1,1,1,1,1,1,1,1,1,1,1,1,1,1,1,1,1,1,1,1,1,1,1,1,1,1,1,1,1,1,1,
    1,1,1,1,1,1,1,1,1,1,1,1,1,1,1,1,1,1,1,1,1,1,1,1,1,1,1,1,1,1,1,1,1,1,
    1,1,1,1,1,1,1,1,1,1,1,1,1,1,1,1,1,1,1,1,1,1,1,1,1,1,1,1,1,1,1,1,1,1,
    1,1,1,1,1,1,1,1,1,1,1,1,1,1,1,1,1,1,1,1,1,1,1,1,1,1,1,1,1,1,1,1,1,1,
    1,1,1,1,1,1,1,1,1,1,1,1,1,1,1,1,1,1,1,1,1,1,1,1,1,1,1,1,1,1,1,1,1,1,
    1,1,1,1,1,1,1,1,1,1,1,1,1,1,1,1,1,1,1,1,1,1,1,1,1,1,1,1,1,1,1,1,1,1,
    1,1,1,1,1,1,1,1,1,1,1,1,1,1,1,1,1,1,1,1,1,1,1,1,1,1,1,1,1,1,1,1,1,1,
    1,1,1,1,1,1,1,1,1,1,1,1,1,1,1,1,1,1,1,1,1,1,1,1,1,1,1,1,1,1,1,1,1,1,
    1,1,1,1,1,1,1,1,1,1,1,1,1,1,1,1,1,1,1,1,1,1,1,1,1,1,1,1,1,1,1,1,1,1,
    1,1,1,1,1,1,1,1,1,1,1,1,1,1,1,1,1,1,1,1,1,1,1,1,1,1,1,1,1,1,1,1,1,1,
    1,1,1,1,1,1,1,1,1,1,1,1,1,1,1,1,1,1,1,1,1,1,1,1,1,1,1,1,1,1,1,1,1,1,
    1,1,1,1,1,1,1,1,1,1,1,1,1,1,1,1,1,1,1,1,1,1,1,1,1,1,1,1,1,1,1,1,1,1,
    1,1,1,1,1,1,1,1,1,1,1,1,1,1,1,1,1,1,1,1,1,1,1,1,1,1,1,1,1,1,1,1,1,1,
    1,1,1,1,1,1,1,1,1,1,1,1,1,1,1,1,1,1,1,1,1,1,1,1,1,1,1,1,1,1,1,1,1,1,
    1,1,1,1,1,1,1,1,1,1,1,1,1,1,1,1,1,1,1,1,1,1,1,1,1,1,1,1,1,1,1,1,1,1,
    1,1,1,1,1,1,1,1,1,1,1,1,1,1,1,1,1,1,1,1,1,1,1,1,1,1,1,1,1,1,1,1,1,1,
    1,1,1,1,1,1,1,1,1,1,1,1,1,1,1,1,1,1,1,1,1,1,1,1,1,1,1,1,1,1,1,1,1,1,
    1,1,1,1,1,1,1,1,1,1,1,1,1,1,1,1,1,1,1,1,1,1,1,1,1,1,1,1,1,1,1,1,1,1,
    1,1,1,1,1,1,1,1,1,1,1,1,1,1,1,1,1,1,1,1,1,1,1,1,1,1,1,1,1,1,1,1,1,1,
    1,1,1,1,1,1,1,1,1,1,1,1,1,1,1,1,1,1,1,1,1,1,1,1,1,1,1,1,1,1,1,1,1,1,
    1,1,1,1,1,1,1,1,1,1,1,1,1,1,1,1,1,1,1,1,1,1,1,1,1,1,1,1,1,1,1,1,1,1,
    1,1,1,1,1,1,1,1,1,1,1,1,1,1,1,1,1,1,1,1,1,1,1,1,1,1,1,1,1,1,1,1,1,1,
    1,1,1,1,1,1,1,1,1,1,1,1,1,1,1,1,1,1,1,1,1,1,1,1,1,1,1,1,1,1,1,1,1,1,
    1,1,1,1,1,1,1,1,1,1,1,1,1,1,1,1,1,1,1,1,1,1,1,1,1,1,1,1,1,1,1,1,1,1,
    1,1,1,1,1,1,4),(0.,1.059891682423E-02,2.600851102934E-02,
    4.142040474392E-02,5.683459858067E-02,7.225109311266E-02,
    8.766988898545E-02,0.103090986777,0.118514387086,0.133940090488,
    0.149368097602,0.164798409035,0.180231025319,0.195665947117,
    0.211103174969,0.22654270944,0.241984551137,0.257428700642,
    0.27287515851,0.288323925304,0.303775001668,0.319228388087,
    0.334684085158,0.350142093462,0.365602413525,0.381065045931,
    0.396529991228,0.411997249993,0.427466822762,0.442938710082,
    0.458412912501,0.473889430575,0.489368264845,0.504849415836,
    0.52033288413,0.535818670233,0.551306774675,0.566797198005,
    0.582289940749,0.597785003431,0.613282386582,0.628782090741,
    0.644284116397,0.659788464099,0.675295134365,0.69080412769,
    0.706315444598,0.72182908557,0.737345051186,0.752863341918,
    0.768383958255,0.783906900694,0.799432169763,0.814959765953,
    0.830489689735,0.84602194166,0.861556522159,0.877093431756,
    0.892632670913,0.908174240142,0.923718139927,0.939264370705,
    0.954812933026,0.970363827312,0.985917054044,1.001472613731,
    1.017030506792,1.032590733735,1.048153295013,1.063718191084,
    1.079285422415,1.094854989455,1.110426892698,1.126001132554,
    1.141577709507,1.157156623993,1.172737876467,1.18832146739,
    1.203907397158,1.219495666263,1.235086275158,1.25067922424,
    1.266274513946,1.281872144741,1.297472117047,1.31307443126,
    1.328679087859,1.344286087269,1.359895429875,1.375507116119,
    1.391121146436,1.406737521205,1.42235624086,1.437977305858,
    1.453600716558,1.469226473375,1.484854576738,1.500485027037,
    1.516117824686,1.531752970071,1.547390463613,1.563030305698,
    1.578672496726,1.594317037071,1.609963927142,1.62561316734,
    1.641264758017,1.656918699612,1.67257499246,1.688233636947,
    1.703894633478,1.719557982413,1.735223684114,1.750891738974,
    1.766562147385,1.782234909672,1.797910026222,1.813587497409,
    1.82926732357,1.844949505099,1.860634042334,1.876320935632,
    1.892010185353,1.907701791846,1.923395755481,1.939092076593,
    1.954790755518,1.970491792613,1.986195188235,2.001900942695,
    2.017609056354,2.033319529538,2.049032362587,2.064747555845,
    2.080465109618,2.096185024271,2.111907300107,2.127631937435,
    2.143358936615,2.159088297952,2.174820021777,2.190554108384,
    2.20629055809,2.222029371241,2.23777054813,2.253514089071,
    2.269259994352,2.285008264294,2.3007588992,2.316511899374,
    2.332267265131,2.348024996754,2.363785094519,2.379547558744,
    2.395312389732,2.411079587754,2.426849153105,2.442621086073,
    2.458395386941,2.474172055997,2.489951093503,2.505732499766,
    2.521516275053,2.537302419633,2.553090933795,2.568881817778,
    2.584675071888,2.600470696373,2.616268691505,2.632069057551,
    2.647871794761,2.663676903413,2.679484383745,2.695294236046,
    2.71110646053,2.726921057463,2.742738027123,2.758557369729,
    2.774379085533,2.790203174799,2.806029637752,2.821858474619,
    2.837689685689,2.853523271161,2.86935923127,2.885197566269,
    2.901038276369,2.916881361834,2.932726822871,2.948574659689,
    2.964424872548,2.98027746165,2.996132427226,3.011989769484,
    3.027849488664,3.043711584972,3.059576058588,3.075442909764,
    3.091312138704,3.107183745634,3.123057730725,3.138934094175,
    3.154812836246,3.170693957083,3.186577456894,3.202463335908,
    3.218351594301,3.234242232252,3.250135249979,3.266030647663,
    3.281928425476,3.297828583641,3.313731122319,3.329636041697,
    3.345543341958,3.361453023276,3.37736508584,3.393279529817,
    3.409196355383,3.425115562719,3.441037151997,3.456961123368,
    3.472887477006,3.488816213099,3.504747331782,3.520680833239,
    3.53661671762,3.552554985076,3.568495635766,3.584438669863,
    3.600384087512,3.616331888847,3.632282074053,3.648234643248,
    3.664189596583,3.680146934207,3.696106656272,3.712068762914,
    3.728033254255,3.744000130464,3.759969391659,3.775941037968,
    3.791915069532,3.807891486487,3.823870288961,3.839851477067,
    3.855835050947,3.871821010731,3.887809356514,3.903800088432,
    3.91979320661,3.935788711164,3.951786602197,3.967786879835,
    3.983789544191,3.999794595362,4.01580203346,4.031811858613,
    4.047824070919,4.063838670452,4.079855657349,4.095875031692,
    4.111896793582,4.127920943138,4.14394748041,4.159976405528,
    4.176007718584,4.192041419638,4.208077508811,4.224115986176,
    4.240156851826,4.256200105837,4.272245748284,4.288293779266,
    4.304344198846,4.320397007104,4.336452204131,4.352509789974,
    4.368569764718,4.38463212846,4.400696881228,4.416764023086,
    4.432833554132,4.44890547442,4.46497978401,4.481056482954,
    4.497135571319,4.513217049166,4.529300916546,4.545387173508,
    4.561475820109,4.57756685641,4.59366028243,4.609756098245,
    4.625854303903,4.641954899443,4.6580578849,4.674163260311,
    4.69027102573,4.706381181183,4.722493726719,4.738608662355,
    4.754725988149,4.770845704109,4.786967810269,4.803092306688,
    4.819219193343,4.835348470286,4.851480137553,4.867614195141,
    4.883750643087,4.899889481399,4.916030710095,4.932174329215,
    4.948320338746,4.964468738702,4.980619529105,4.996772709949,
    5.012928281266,5.029086243052,5.045246595305,5.061409338019,
    5.077574471228,5.093741994917,5.109911909066,5.126084213693,
    5.142258908778,5.158435994329,5.17461547035,5.1907973368,
    5.206981593677,5.223168240998,5.239357278712,5.255548706823,
    5.271742525312,5.287938734144,5.304137333342,5.320338322842,
    5.336541702629,5.352747472703,5.36895563301,5.385166183522,
    5.401379124222,5.417594455101,5.43381217608,5.450032287164,
    5.466254788305,5.482479679447,5.498706960592,5.514936631668,
    5.531168692652,5.547403143473,5.563639984122,5.579879214555,
    5.596120834691,5.612364844498,5.628611243927,5.644860032954,
    5.661111211474,5.677364779447,5.693620736854,5.709879083606,
    5.726139819645,5.742402944903,5.758668459351,5.774936362895,
    5.791206655477,5.807479337049,5.823754407516,5.840031866816,
    5.85631171488,5.872593951661,5.888878577061,5.905165590988,
    5.921454993395,5.937746784198,5.954040963308,5.970337530646,
    5.986636486138,6.002937829711,6.019241561251,6.035547680672,
    6.051856187922,6.068167082886,6.08448036546,6.10079603557,
    6.117114093129,6.133434538026,6.149757370165,6.166082589463,
    6.182410195825,6.198740189112,6.215072569243,6.231407336131,
    6.247744489653,6.264084029708,6.280425956176,6.296770268975,
    6.31311696797,6.329466053041,6.345817524102,6.362171381025,
    6.378527623696,6.394886251971,6.411247265774,6.427610664974,
    6.443976449416,6.460344619013,6.476715173628,6.493088113138,
    6.509463437396,6.525841146294,6.54222123971,6.558603717484,
    6.574988579497,6.591375825613,6.607765455712,6.624157469628,
    6.640551867228,6.656948648399,6.673347812981,6.689749360822,
    6.706153291785,6.722559605739,6.738968302523,6.755379381978,
    6.771792843961,6.788208688346,6.804626914958,6.821047523645,
    6.837470514264,6.853895886647,6.870323640623,6.886753776048,
    6.903186292769,6.919621190622,6.936058469436,6.952498129043,
    6.968940169289,6.985384590014,7.001831391021,7.018280572155,
    7.034732133252,7.051186074134,7.067642394629,7.084101094555,
    7.100562173745,7.117025632021,7.133491469196,7.149959685094,
    7.16643027953,7.182903252328,7.199378603304,7.215856332264,
    7.232336439027,7.248818923396,7.265303785208,7.281791024236,
    7.2982806403,7.314772633229,7.331267002797,7.347763748827,
    7.364262871115,7.380764369464,7.397268243681,7.413774493557,
    7.43028311888,7.446794119451,7.4633074951,7.479823245567,
    7.496341370663,7.51286187021,7.529384743959,7.545909991715,
    7.562437613257,7.578967608373,7.595499976857,7.612034718483,
    7.62857183304,7.645111320315,7.661653180073,7.678197412083,
    7.694744016154,7.711292992038,7.727844339515,7.744398058361,
    7.760954148358,7.77751260927,7.794073440828,7.810636642857,
    7.827202215109,7.843770157338,7.860340469316,7.876913150797,
    7.89348820156,7.910065621333,7.926645409918,7.943227567057,
    7.959812092492,7.976398986001,7.992988247329,8.009579876224,
    8.026173872441,8.04277023575,8.059368965876,8.075970062571,
    8.092573525595,8.109179354676,8.12578754959,8.142398110047,
    8.159011035798,8.175626326609,8.192243982179,8.20886400229,
    8.225486386653,8.242111134998,8.258738247075,8.275367722621,
    8.291999561363,8.308633763024,8.32527032735,8.341909254061,
    8.358550542906,8.375194193577,8.39184020581,8.408488579353,
    8.425139313898,8.441792409191,8.458447864937,8.475105680864,
    8.491765856691,8.508428392133,8.525093286905,8.541760540714,
    8.558430153299,8.575102124348,8.591776453584,8.608453140723,
    8.625132185462,8.641813587499,8.658497346563,8.675183462363,
    8.691871934579,8.708562762934,8.725255947128,8.741951486854,
    8.758649381825,8.775349631708,8.792052236243,8.808757195104,
    8.825464507973,8.842174174585,8.858886194602,8.875600567714,
    8.892317293616,8.909036372015,8.925757802584,8.942481585005,
    8.959207718979,8.975936204164,8.992667040284,9.009400227002,
    9.026135763998,9.042873650963,9.059613887543,9.076356473447,
    9.093101408342,9.109848691922,9.126598323831,9.143350303769,
    9.160104631415,9.17686130639,9.19362032842,9.210381697151,
    9.22714541225,9.243911473385,9.26067988022,9.27745063244,
    9.294223729667,9.310999171612,9.327776957912,9.344557088226,
    9.361339562218,9.378124379537,9.394911539869,9.41170104282,
    9.42849288809,9.445287075321,9.462083604159,9.478882474265,
    9.495683685271,9.512487236836,9.529293128623,9.546101360276,
    9.562911931409,9.579724841697,9.596540090792,9.613357678316,
    9.630177603923,9.646999867243,9.663824467919,9.680651405599,
    9.697480679925,9.714312290504,9.731146236991,9.747982519043,
    9.764821136244,9.781662088267,9.798505374733,9.815350995249,
    9.832198949484,9.849049237043,9.865901857551,9.882756810642,
    9.89961409593,9.916473713053,9.933335661619,9.950199941268,
    9.967066551625,9.983935492274,10.000806762861,10.017680363002,
    10.034556292313,10.051434550397,10.068315136884,10.085198051385,
    10.102083293496,10.118970862856,10.135860759061,10.152752981709,
    10.169647530421,10.18654440482,10.203443604477,10.220345129017,
    10.237248978057,10.254155151163,10.271063647966,10.287974468079,
    10.304887611081,10.321803076566,10.338720864138,10.355640973397,
    10.372563403952,10.389488155377,10.40641522727,10.423344619234,
    10.440276330849,10.457210361727,10.474146711435,10.491085379559,
    10.508026365706,10.524969669465,10.541915290416,10.558863228132,
    10.575813482198,10.592766052206,10.609720937755,10.626678138404,
    10.643637653724,10.660599483315,10.677563626756,10.6945300836,
    10.711498853448,10.728469935879,10.745443330433,10.762419036717,
    10.779397054284,10.796377382716,10.813360021585,10.830344970443,
    10.847332228884,10.864321796458,10.88131367273,10.89830785727,
    10.915304349652,10.93230314943,10.949304256161,10.966307669415,
    10.983313388757,11.000321413741,11.017331743915,11.034344378847,
    11.051359318096,11.068376561229,11.085396107773,11.102417957301,
    11.119442109364,11.136468563499,11.153497319291,11.170528376251,
    11.187561733954,11.204597391939,11.221635349752,11.238675606944,
    11.255718163068,11.272763017646,11.289810170224,11.306859620391,
    11.323911367638,11.34096541152,11.358021751567,11.37508038733,
    11.392141318359,11.40920454417,11.426270064302,11.443337878301,
    11.460407985708,11.47748038603,11.494555078813,11.511632063589,
    11.528711339888,11.545792907245,11.562876765184,11.579962913232,
    11.597051350916,11.614142077766,11.631235093299,11.648330397044,
    11.665427988536,11.682527867271,11.699630032788,11.716734484617,
    11.733841222258,11.750950245236,11.768061553086,11.785175145296,
    11.802291021381,11.819409180889,11.836529623314,11.853652348179,
    11.870777354981,11.887904643237,11.905034212477,11.922166062176,
    11.939300191872,11.95643660107,11.973575289257,11.990716255949,
    12.007859500664,12.025005022892,12.042152822149,12.05930289793,
    12.076455249728,12.093609877067,12.110766779436,12.127925956314,
    12.145087407228,12.162251131675,12.179417129127,12.196585399103,
    12.213755941092,12.230928754582,12.248103839079,12.265281194068,
    12.282460819023,12.299642713452,12.316826876868,12.334013308717,
    12.3512020085,12.368392975731,12.385586209864,12.402781710387,
    12.419979476811,12.437179508592,12.454381805223,12.4715863662,
    12.488793190986,12.506002279066,12.523213629911,12.540427243007,
    12.557643117855,12.574861253891,12.592081650615,12.609304307511,
    12.626529224043,12.643756399674,12.66098583388,12.67821752614,
    12.695451475934,12.712687682719,12.729926145964,12.747166865155,
    12.764409839737,12.781655069186,12.798902552967,12.816152290556,
    12.833404281407,12.850658524982,12.86791502075,12.885173768172,
    12.902434766719,12.91969801583,12.936963514982,12.954231263627,
    12.971501261217,12.988773507229,13.006048001103,13.023324742295,
    13.04060373026,13.057884964469,13.075168444342,13.092454169369,
    13.109742138986,13.127032352634,13.144324809776,13.161619509844,
    13.178916452296,13.19621563659,13.213517062194,13.230820728502,
    13.248126634967,13.265434781077,13.282745166229,13.300057789884,
    13.317372651492,13.334689750484,13.352009086307,13.36933065841,
    13.386654466202,13.403980509143,13.421308786669,13.4386392982,
    13.455972043208,13.473307021099,13.490644231298,13.507983673265,
    13.525325346439,13.542669250227,13.560015384055,13.577363747378,
    13.594714339614,13.61206716018,13.62942220853,13.646779484087,
    13.66413898626,13.681500714475,13.698864668176,13.716230846773,
    13.733599249689,13.750969876362,13.768342726208,13.785717798625,
    13.803095093063,13.820474608938,13.837856345648,13.855240302627,
    13.872626479305,13.890014875076,13.907405489359,13.924798321586,
    13.942193371156,13.959590637477,13.976990119988,13.994391818091,
    14.011795731177,14.029201858669,14.046610199982,14.064020754542,
    14.081433521724,14.098848500944,14.116265691634,14.133685093172,
    14.151106704972,14.168530526448,14.185956557,14.20338479602,
    14.220815242909,14.238247897107,14.255682757984,14.27311982492,
    14.290559097348,14.308000574671,14.325444256259,14.342890141529,
    14.360338229892,14.377788520713,14.395241013401,14.412695707345,
    14.430152601957,14.447611696607,14.465072990692,14.482536483637,
    14.500002174788,14.517470063554,14.534940149333,14.552412431503,
    14.569886909458,14.587363582581,14.604842450262,14.622323511884,
    14.639806766832,14.657292214503,14.674779854276,14.692269685517,
    14.709761707632,14.727255919993,14.744752321975,14.762250912973,
    14.779751692362,14.797254659511,14.814759813807,14.832267154632,
    14.849776681354,14.867288393355,14.884802290007,14.902318370705,
    14.919836634792,14.937357081657,14.954879710671,14.97240452122,
    14.989931512658,15.00746068435,15.024992035695,15.042525566034,
    15.060061274745,15.077599161203,15.095139224778,15.112681464836,
    15.130225880722,15.147772471827,15.165321237506,15.182872177126,
    15.20042529005,15.217980575639,15.235538033245,15.25309766224,
    15.270659462006,15.288223431875,15.305789571203,15.323357879373,
    15.340928355727,15.358500999609,15.376075810422,15.393652787492,
    15.411231930156,15.4288132378,15.446396709768,15.463982345416,
    15.481570144094,15.499160105156,15.516752227947,15.534346511821,
    15.55194295615,15.569541560256,15.587142323504,15.604745245226,
    15.622350324764,15.639957561507,15.657566954774,15.675178503898,
    15.692792208247,15.710408067167,15.728026079987,15.745646246042,
    15.763268564705,15.780893035308,15.798519657168,15.81614842965,
    15.833779352103,15.851412423831,15.869047644205,15.886685012565,
    15.904324528218,15.921966190522,15.939609998814,15.957255952434,
    15.974904050702,15.992554292956,16.010206678546,16.02786120679,
    16.045517877014,16.063176688578,16.08083764078,16.098500732964,
    16.116165964487,16.13383333464,16.151502842757,16.16917448819,
    16.186848270261,16.204524188278,16.222202241568,16.239882429481,
    16.257564751333,16.275249206435,16.292935794126,16.310624513721,
    16.328315364552,16.346008345932,16.363703457175,16.381400697623,
    16.399100066597,16.416801563401,16.434505187355,16.452210937791,
    16.469918814002,16.487628815332,16.505340941105,16.523055190603,
    16.54077156315,16.558490058087,16.576210674713,16.593933412333,
    16.611658270265,16.629385247845,16.647114344351,16.664845559093,
    16.682578891428,16.700314340626,16.718051905991,16.735791586862,
    16.753533382536,16.771277292317,16.78902331552,16.806771451438,
    16.824521699382,16.842274058661,16.860028528601,16.877785108485,
    16.895543797596,16.91330459526,16.931067500806,16.948832513501,
    16.966599632634,16.984368857549,17.002140187531,17.019913621866,
    17.03768915985,17.055466800811,17.073246544027,17.091028388783,
    17.108812334426,17.126598380203,17.144386525404,17.162176769371,
    17.179969111373,17.1977635507,17.215560086656,17.233358718529,
    17.251159445625,17.268962267204,17.286767182581,17.304574191054,
    17.322383291892,17.340194484413,17.358007767868,17.375823141582,
    17.393640604831,17.411460156886,17.429281797057,17.447105524624,
    17.464931338866,17.482759239075,17.50058922454,17.518421294544,
    17.536255448371,17.554091685288,17.571930004592,17.589770405564,
    17.607612887493,17.625457449656,17.643304091316,17.661152811762,
    17.679003610305,17.6968564862,17.714711438695,17.732568467111,
    17.750427570719,17.768288748777,17.786152000587,17.804017325412,
    17.821884722506,17.839754191164,17.857625730679,17.875499340307,
    17.893375019314,17.911252766982,17.929132582568,17.947014465366,
    17.964898414633,17.982784429647,18.00067250968,18.018562653989,
    18.036454861851,18.054349132541,18.072245465318,18.090143859453,
    18.108044314212,18.125946828845,18.143851402653,18.161758034889,
    18.179666724786,18.197577471648,18.215490274733,18.233405133295,
    18.25132204659,18.269241013887,18.287162034468,18.305085107565,
    18.323010232444,18.340937408375,18.358866634625,18.376797910431,
    18.394731235067,18.412666607793,18.430604027863,18.448543494523,
    18.466485007047,18.484428564689,18.502374166689,18.52032181232,
    18.538271500841,18.556223231496,18.574177003533,18.592132816211,
    18.610090668773,18.628050560486,18.646012490613,18.663976458402,
    18.681942463075,18.699910503878,18.717880580113,18.735852691006,
    18.753826835766,18.771803013697,18.789781224034,18.807761465986,
    18.825743738863,18.843728041876,18.861714374241,18.879702735276,
    18.897693124167,18.915685540163,18.933679982557,18.951676450544,
    18.969674943377,18.987675460312,19.005678000592,19.023682563426,
    19.041689148099,19.059697753834,19.077708379849,19.09572102543,
    19.113735689793,19.131752372165,19.149771071787,19.167791787921,
    19.185814519784,19.203839266608,19.221866027647,19.239894802148,
    19.257925589319,19.275958388386,19.293993198622,19.312030019244,
    19.330068849474,19.348109688567,19.366152535742,19.384197390221,
    19.402244251273,19.420293118095,19.43834398992,19.456396866008,
    19.474451745551,19.492508627805,19.510567511991,19.52862839734,
    19.546691283086,19.564756168444,19.582823052655,19.600891934927,
    19.618962814506,19.637035690609,19.655110562457,19.673187429302,
    19.691266290331,19.709347144778,19.727429991899,19.745514830899,
    19.763601660971,19.781690481369,19.799781291321,19.817874090036,
    19.835968876718,19.854065650612,19.872164410943,19.890265156919,
    19.908367887767,19.926472602692,19.94457930092,19.962687981666,
    19.980798644168,19.998911287632,20.017025911254,20.035142514272,
    20.053261095912,20.071381655358,20.089504191839,20.107628704602,
    20.125755192811,20.143883655698,20.162014092499,20.180146502404,
    20.19828088463,20.216417238384,20.234555562886,20.252695857355,
    20.270838120995,20.288982353003,20.307128552615,20.325276719019,
    20.343426851425,20.361578949057,20.379733011117,20.397889036811,
    20.416047025345,20.434206975937,20.452368887779,20.470532760083,
    20.488698592057,20.506866382914,20.525036131849,20.543207838059,
    20.561381500775,20.579557119175,20.597734692482,20.615914219892,
    20.634095700593,20.652279133792,20.670464518722,20.688651854566,
    20.7068411405,20.72503237576,20.743225559532,20.761420690999,
    20.779617769387,20.79781679391,20.816017763721,20.834220678032,
    20.85242553607,20.870632337007,20.888841080041,20.907051764371,
    20.925264389198,20.943478953727,20.961695457138,20.97991389863,
    20.9981342774,21.016356592622,21.034580843525,21.052807029298,
    21.071035149105,21.089265202181,21.107497187675,21.125731104791,
    21.143966952749,21.162204730712,21.180444437884,21.198686073447,
    21.216929636592,21.235175126516,21.253422542416,21.271671883452,
    21.289923148824,21.308176337754,21.326431449389,21.344688482918,
    21.362947437559,21.381208312485,21.399471106866,21.417735819889,
    21.436002450759,21.454270998656,21.472541462771,21.49081384227,
    21.509088136345,21.527364344185,21.545642464961,21.563922497873,
    21.582204442098,21.60048829681,21.618774061205,21.637061734458,
    21.655351315734,21.673642804246,21.691936199158,21.710231499626,
    21.728528704868,21.746827814061,21.765128826361,21.783431740951,
    21.801736557023,21.820043273751,21.838351890308,21.85666240587,
    21.874974819618,21.893289130735,21.91160533837,21.929923441727,
    21.948243439987,21.966565332302,21.984889117845,22.003214795812,
    22.02154236537,22.039871825681,22.058203175942,22.076536415294,
    22.094871542926,22.11320855801,22.131547459725,22.149888247243,
    22.168230919706,22.186575476319,22.204921916257,22.22327023865,
    22.241620442695,22.259972527574,22.278326492426,22.296682336434,
    22.315040058774,22.333399658606,22.3517611351,22.370124487416,
    22.38848971474,22.406856816218,22.42522579102,22.443596638323,
    22.461969357295,22.480343947072,22.498720406845,22.517098735797,
    22.535478933051,22.553860997785,22.572244929176,22.590630726376,
    22.609018388555,22.627407914862,22.645799304474,22.66419255655,
    22.682587670255,22.700984644739,22.719383479171,22.737784172711,
    22.756186724513,22.774591133748,22.79299739957,22.811405521139,
    22.829815497613,22.848227328167,22.866641011924,22.885056548068,
    22.903473935757,22.921893174142,22.940314262375,22.958737199629,
    22.977161985055,22.995588617789,23.014017097013,23.032447421867,
    23.050879591518,23.069313605118,23.087749461819,23.106187160765,
    23.124626701124,23.143068082058,23.161511302692,23.179956362203,
    23.198403259732,23.21685199444,23.235302565484,23.25375497199,
    23.27220921313,23.290665288062,23.309123195917,23.327582935851,
    23.346044507036,23.364507908582,23.382973139675,23.401440199451,
    23.419909087054,23.438379801645,23.456852342353,23.475326708341,
    23.493802898754,23.512280912745,23.530760749455,23.549242408038,
    23.567725887613,23.586211187348,23.604698306417,23.623187243925,
    23.641677999011,23.660170570857,23.6786649586,23.697161161342,
    23.715659178278,23.734159008544,23.752660651262,23.771164105597,
    23.789669370667,23.808176445643,23.826685329637,23.845196021818,
    23.863708521337,23.882222827288,23.900738938842,23.919256855157,
    23.937776575358,23.95629809856,23.974821423945,23.993346550636,
    24.011873477756,24.030402204477,24.048932729914,24.067465053209,
    24.08599917351,24.104535089948,24.123072801666,24.14161230778,
    24.160153607455,24.178696699816,24.19724158401,24.215788259162,
    24.234336724409,24.252886978891,24.271439021737,24.289992852091,
    24.308548469086,24.327105871856,24.345665059531,24.364226031247,
    24.382788786152,24.401353323357,24.419919641993,24.438487741241,
    24.457057620174,24.475629277957,24.494202713726,24.512777926587,
    24.531354915688,24.54993368016,24.568514219153,24.58709653176,
    24.605680617118,24.624266474407,24.642854102703,24.661443501128,
    24.680034668866,24.698627605027,24.717222308701,24.735818779052,
    24.754417015217,24.773017016309,24.791618781455,24.810222309789,
    24.828827600421,24.8474346525,24.866043465149,24.884654037483,
    24.903266368649,24.921880457742,24.940496303916,24.959113906296,
    24.97773326398,24.996354376122,25.014977241855,25.033601860267,
    25.052228230495,25.070856351682,25.089486222925,25.108117843378,
    25.126751212139,25.145386328347,25.164023191122,25.182661799561,
    25.201302152822,25.219944250031,25.238588090278,25.257233672683,
    25.275880996408,25.294530060542,25.313180864208,25.331833406544,
    25.350487686654,25.369143703659,25.387801456677,25.406460944849,
    25.425122167279,25.443785123075,25.462449811371,25.481116231288,
    25.499784381931,25.518454262421,25.537125871902,25.555799209455,
    25.574474274208,25.593151065297,25.611829581827,25.6305098229,
    25.649191787651,25.667875475197,25.686560884626,25.705248015095,
    25.723936865714,25.742627435562,25.761319723774,25.780013729479,
    25.798709451774,25.817406889785,25.836106042632,25.854806909404,
    25.873509489238,25.892213781227,25.910919784485,25.929627498165,
    25.948336921343,25.96704805312,25.985760892648,26.004475439017,
    26.023191691316,26.041909648702,26.060629310265,26.079350675109,
    26.098073742361,26.116798511118,26.135524980501,26.154253149605,
    26.172983017544,26.191714583452,26.210447846417,26.229182805557,
    26.247919459967,26.266657808768,26.285397851065,26.304139585965,
    26.322883012592,26.341628130024,26.360374937381,26.379123433788,
    26.397873618343,26.416625490147,26.435379048307,26.45413429192,
    26.472891220126,26.491649832005,26.51041012665,26.529172103213,
    26.547935760765,26.56670109841,26.585468115279,26.604236810439,
    26.623007183008,26.64177923213,26.660552956868,26.67932835632,
    26.698105429619,26.716884175864,26.735664594135,26.754446683547,
    26.773230443221,26.792015872237,26.810802969718,26.829591734746,
    26.848382166427,26.867174263877,26.88596802618,26.904763452458,
    26.923560541809,26.942359293314,26.961159706086,26.979961779229,
    26.99876551184,27.017570903031,27.036377951879,27.055186657504,
    27.073997019005,27.092809035463,27.111622706004,27.130438029703,
    27.149255005679,27.168073633015,27.186893910814,27.20571583819,
    27.224539414207,27.243364638001,27.262191508648,27.281020025243,
    27.299850186906,27.318681992716,27.337515441769,27.356350533178,
    27.375187266009,27.394025639384,27.41286565241,27.431707304153,
    27.450550593726,27.469395520208,27.488242082713,27.507090280346,
    27.525940112173,27.544791577299,27.563644674835,27.582499403865,
    27.60135576348,27.620213752769,27.639073370835,27.657934616774,
    27.676797489677,27.695661988638,27.714528112748,27.733395861097,
    27.752265232782,27.771136226894,27.790008842537,27.808883078784,
    27.827758934736,27.846636409495,27.865515502132,27.884396211762,
    27.903278537463,27.922162478322,27.941048033437,27.959935201895,
    27.978823982811,27.997714375233,28.01660637828,28.035499991043,
    28.054395212587,28.073292042029,28.092190478448,28.11109052094,
    28.129992168588,28.148895420466,28.167800275697,28.186706733351,
    28.2056147925,28.224524452276,28.243435711725,28.262348569958,
    28.281263026052,28.300179079095,28.319096728177,28.338015972403,
    28.356936810845,28.375859242573,28.394783266695,28.413708882306,
    28.432636088463,28.451564884273,28.470495268842,28.489427241202,
    28.508360800479,28.527295945758,28.546232676107,28.565170990633,
    28.584110888389,28.603052368495,28.621995430036,28.640940072053,
    28.659886293654,28.678834093954,28.697783472006,28.716734426895,
    28.735686957713,28.754641063541,28.773596743468,28.792553996565,
    28.811512821926,28.83047321862,28.849435185754,28.868398722393,
    28.887363827635,28.906330500545,28.925298740182,28.944268545695,
    28.963239916129,28.98221285055,29.001187348073,29.020163407738,
    29.039141028668,29.058120209935,29.077100950604,29.096083249764,
    29.115067106487,29.13405251988,29.153039489005,29.172028012943,
    29.191018090766,29.210009721558,29.229002904418,29.247997638418,
    29.266993922612,29.285991756108,29.304991137985,29.323992067308,
    29.342994543161,29.361998564611,29.381004130774,29.400011240695,
    29.419019893444,29.438030088136,29.457041823827,29.476055099592,
    29.495069914519,29.514086267681,29.533104158149,29.552123585023,
    29.571144547351,29.59016704422,29.60919107472,29.628216637922,
    29.647243732888,29.666272358716,29.685302514478,29.704334199222,
    29.723367412067,29.742402152057,29.761438418278,29.780476209822,
    29.799515525746,29.818556365129,29.837598727031,29.856642610556,
    29.875688014769,29.894734938737,29.913783381541,29.932833342254,
    29.951884819947,29.970937813702,29.989992322591,30.009048345682,
    30.028105882066,30.047164930794,30.066225490943,30.085287561599,
    30.104351141838,30.123416230717,30.142482827316,30.161550930715,
    30.180620539979,30.199691654179,30.218764272405,30.237838393712,
    30.256914017164,30.275991141855,30.295069766856,30.314149891216,
    30.333231514024,30.352314634367,30.371399251294,30.390485363868,
    30.409572971171,30.428662072288,30.447752666294,30.466844752234,
    30.485938329181,30.505033396221,30.524129952418,30.543227996852,
    30.562327528579,30.581428546668,30.600531050206,30.619635038254,
    30.638740509878,30.65784746414,30.676955900132,30.696065816916,
    30.715177213558,30.734290089117,30.753404442664,30.772520273297,
    30.791637580053,30.810756362015,30.829876618248,30.84899834781,
    30.868121549802,30.887246223263,30.906372367246,30.925499980864,
    30.944629063177,30.963759613216,30.982891630081,31.002025112828,
    31.021160060516,31.040296472236,31.059434347051,31.078573684004,
    31.097714482187,31.116856740652,31.136000458477,31.155145634719,
    31.174292268442,31.193440358742,31.212589904658,31.231740905244,
    31.250893359596,31.27004726677,31.289202625833,31.308359435829,
    31.327517695855,31.346677404975,31.365838562231,31.385001166699,
    31.40416521745,31.423330713541,31.442497654055,31.46166603804,
    31.480835864552,31.500007132689,31.51917984148,31.538353989999,
    31.557529577335,31.576706602533,31.595885064644,31.615064962754,
    31.634246295928,31.653429063199,31.672613263665,31.691798896393,
    31.710985960413,31.730174454812,31.749364378655,31.768555730995,
    31.787748510895,31.806942717422,31.826138349663,31.845335406636,
    31.864533887416,31.883733791099,31.902935116722,31.922137863336,
    31.941342030027,31.960547615841,31.979754619857,31.998963041116,
    32.018172878701,32.037384131668,32.056596799051,32.075810879954,
    32.095026373424,32.114243278513,32.133461594298,32.152681319816,
    32.171902454157,32.19112499637,32.210348945518,32.229574300648,
    32.248801060828,32.268029225145,32.287258792631,32.306489762346,
    32.325722133359,32.344955904729,32.364191075534,32.383427644813,
    32.402665611615,32.421904975023,32.441145734093,32.460387887896,
    32.479631435475,32.498876375878,32.51812270817,32.537370431449,
    32.55661954475,32.5758700471,32.595121937605,32.614375215316,
    32.633629879268,32.652885928544,32.672143362188,32.691402179265,
    32.710662378841,32.729923959967,32.749186921694,32.768451263107,
    32.78771698323,32.806984081133,32.826252555901,32.845522406562,
    32.864793632192,32.884066231831,32.903340204544,32.922615549403,
    32.941892265452,32.96117035175,32.980449807343,32.999730631325,
    33.019012822732,33.038296380601,33.057581304022,33.076867592033,
    33.096155243697,33.115444258079,33.134734634233,33.154026371204,
    33.173319468058,33.192613923855,33.211909737646,33.231206908489,
    33.250505435448,33.269805317572,33.289106553914,33.30840914353,
    33.327713085493,33.34701837885,33.366325022655,33.38563301596,
    33.404942357816,33.424253047304,33.443565083458,33.462878465343,
    33.482193192023,33.501509262537,33.520826675942,33.540145431298,
    33.559465527674,33.578786964087,33.598109739644,33.617433853396,
    33.636759304334,33.656086091568,33.675414214149,33.694743671128,
    33.714074461545,33.733406584472,33.752740038962,33.77207482406,
    33.791410938843,33.810748382358,33.830087153616,33.849427251732,
    33.868768675735,33.888111424666,33.90745549763,33.926800893601,
    33.946147611692,33.965495650952,33.984845010427,34.004195689166,
    34.023547686221,34.042901000664,34.062255631533,34.081611577889,
    34.100968838772,34.120327413254,34.139687300377,34.159048499198,
    34.178411008779,34.197774828162,34.217139956411,34.236506392565,
    34.255874135685,34.275243184813,34.294613539024,34.313985197384,
    34.333358158893,34.352732422637,34.372107987674,34.39148485305,
    34.410863017819,34.430242481019,34.449623241718,34.46900529898,
    34.488388651831,34.507773299327,34.527159240555,34.546546474527,
    34.565935000309,34.585324816963,34.604715923522,34.624108319057,
    34.643502002614,34.662896973241,34.682293230007,34.701690771938,
    34.72108959809,34.740489707539,34.75989109932,34.779293772469,
    34.79869772608,34.818102959163,34.837509470792,34.85691726002,
    34.876326325881,34.895736667441,34.915148283746,34.934561173845,
    34.953975336811,34.973390771674,34.992807477478,35.012225453285,
    35.031644698151,35.05106521115,35.070486991269,35.089910037623,
    35.109334349235,35.128759925132,35.148186764419,35.167614866109,
    35.187044229262,35.206474852941,35.225907374106,35.245344982321,
    35.264790871563,35.284245685198,35.303709428272,35.323182105883,
    35.342663723106,35.362154284957,35.381653796503,35.401162262762,
    35.420679688756,35.440206079489,35.459741439978,35.479285775198,
    35.498839090146,35.518401389769,35.537972679045,35.557552962934,
    35.577142246344,35.596740534231,35.616347831516,35.635964143097,
    35.655589473885,35.675223828791,35.694867212662,35.714519630379,
    35.73418108682,35.753851586821,35.773531135243,35.793219736899,
    35.812917396624,35.832624119239,35.852339909528,35.872064772291,
    35.891798712339,35.91154173442,35.931293843276,35.951055043712,
    35.970825340452,35.990604738206,36.010393241757,36.030190855778,
    36.049997584982,36.069813434084,36.089638407763,36.109472510681,
    36.129315747516,36.149168122952,36.169029641605,36.188900308124,
    36.208780127145,36.228669103264,36.248567241133,36.268474545347,
    36.288391020455,36.308316671087,36.328251501778,36.348195517125,
    36.368148721677,36.388111119933,36.408082716488,36.42806351584,
    36.448053522508,36.468052741004,36.488061175787,36.508078831385,
    36.528105712288,36.548141822927,36.568187167775,36.588241751298,
    36.608305577902,36.628378652043,36.648460978144,36.668552560614,
    36.688653403843,36.708763512243,36.728882890177,36.749011542026,
    36.769149472173,36.789296684942,36.809453184717,36.829618975838,
    36.849794062591,36.869978449306,36.890172140307,36.910375139895,
    36.930587452361,36.950809081984,36.971040033038,36.991280309759,
    37.011529916453,37.031788857335,37.052057136624,37.072334758567,
    37.092621727397,37.112918047293,37.133223722469,37.153538757097,
    37.17386315538,37.194196921514,37.214540059592,37.234892573806,
    37.255254468314,37.275625747205,37.296006414637,37.316396474753,
    37.336795931638,37.35720478936,37.377623052018,37.398050723737,
    37.418487808536,37.438934310518,37.459390233723,37.479855582167,
    37.500330359917,37.520814570986,37.541308219409,37.561811309178,
    37.58232384428,37.60284582874,37.623377266516,37.643918161561,
    37.664468517886,37.685028339411,37.705597630106,37.726176393886,
    37.746764634668,37.767362356405,37.787969562983,37.808586258302,
    37.829212446292,37.849848130781,37.870493315678,37.891148004848,
    37.911812202116,37.932485911368,37.953169136416,37.973861881107,
    37.994564149268,38.015275944696,38.035997271191,38.056728132561,
    38.077468532578,38.098218475042,38.118977963714,38.139747002347,
    38.160525594667,38.181313744457,38.202111455458,38.222918731341,
    38.243735575869,38.264561992747,38.285397985634,38.306243558258,
    38.327098714304,38.347963457427,38.368837791287,38.389721719557,
    38.410615245854,38.431518373845,38.452431107176,38.473353449397,
    38.494285404207,38.515226975164,38.536178165835,38.557138979882,
    38.578109420832,38.599089492241,38.620079197702,38.641078540761,
    38.662087524958,38.683106153827,38.704134430883,38.725172359656,
    38.746219943664,38.767277186407,38.788344091371,38.809420662012,
    38.830506901867,38.851602814369,38.872708402947,38.893823671098,
    38.91494862226,38.936083259833,38.957227587263,38.978381607972,
    38.999545325366,39.020718742824,39.041901863773,39.063094691576,
    39.084297229587,39.105509481205,39.126731449769,39.147963138635,
    39.169204551153,39.190455690638,39.211716560429,39.232987163835,
    39.254267504153,39.275557584682,39.29685740876,39.318166979624,
    39.339486300552,39.36081537482,39.382154205675,39.403502796364,
    39.424861150165,39.44622927026,39.467607159916,39.488994822331,
    39.510392260699,39.531799478261,39.553216478154,39.574643263599,
    39.59607983779,39.61752620385,39.63898236496,39.660448324245,
    39.681924084873,39.70340965001,39.724905022741,39.746410206184,
    39.767925203439,39.789450017645,39.810984651889,39.832529109223,
    39.854083392744,39.87564750556,39.897221450666,39.918805231155,
    39.940398850058,39.962002310422,39.983615615315,40.005238767663,
    40.026871770566,40.048514626984,40.0701673399,40.09182991237,
    40.113502347342,40.135184647752,40.156876816611,40.178578856857,
    40.200290771425,40.222012563304,40.243744235407,40.265485790626,
    40.287237231905,40.308998562167,40.330769784275,40.352550901155,
    40.374341915715,40.396142830753,40.417953649206,40.439774373915,
    40.461605007748,40.483445553545,40.505296014103,40.527156392323,
    40.549026690977,40.570906912902,40.592797060907,40.614697137762,
    40.63660714629,40.658527089278,40.680456969466,40.702396789651,
    40.724346552597,40.746306261015,40.768275917698,40.790255525366,
    40.812245086755,40.834244604549,40.856254081497,40.878273520327,
    40.900302923666,40.922342294267,40.944391634795,40.966450947908,
    40.988520236308,41.010599502598,41.032688749475,41.05478797957,
    41.076897195529,41.099016399981,41.121145595522,41.143284784777,
    41.165433970365,41.187593154869,41.209762340899,41.231941531029,
    41.254130727794,41.276329933824,41.298539151639,41.320758383811,
    41.342987632865,41.365226901364,41.387476191833,41.409735506781,
    41.432004848709,41.454284220137,41.476573623577,41.498873061505,
    41.521182536444,41.543502050819,41.565831607097,41.588171207782,
    41.610520855315,41.632880552112,41.655250300651,41.677630103342,
    41.700019962592,41.722419880882,41.744829860558,41.767249904032,
    41.789680013748,41.812120192002,41.834570441238,41.857030763845,
    41.879501162133,41.901981638497,41.924472195267,41.946972834781,
    41.969483559394,41.992004371424,42.01453527319,42.037076267005,
    42.059627355163,42.08218853999,42.104759823746,42.127341208718,
    42.149932697226,42.172534291498,42.195145993779,42.217767806357,
    42.240399731473,42.26304177134,42.285693928225,42.308356204368,
    42.331028601919,42.353711123132,42.3764037702,42.399106545313,
    42.4218194507,42.444542488486,42.467275660854,42.490018970039,
    42.51277241811,42.535536007244,42.558309739616,42.581093617332,
    42.603887642559,42.626691817377,42.649506143921,42.672330624295,
    42.695165260632,42.718010054981,42.740865009436,42.763730126114,
    42.786605407055,42.809490854342,42.832386470017,42.855292256114,
    42.878208214717,42.901134347901,42.924070657584,42.947017145846,
    42.96997381474,42.992940666226,43.015917702329,43.038904925023,
    43.061902336287,43.084909938153,43.107927732573,43.130955721492,
    43.153993906859,43.177042290685,43.200100874846,43.223169661315,
    43.246248652053,43.269337848915,43.292437253869,43.315546868814,
    43.338666695629,43.361796736272,43.384936992577,43.408087466407,
    43.431248159694,43.454419074286,43.477600212042,43.500791574806,
    43.523993164427,43.547204982766,43.570427031626,43.593659312866,
    43.616901828295,43.640154579709,43.663417568931,43.686690797743,
    43.709974267945,43.733267981335,43.756571939672,43.779886144758,
    43.803210598307,43.826545302107,43.849890257909,43.873245467468,
    43.896610932497,43.919986654725,43.943372635893,43.966768877712,
    43.990175381881,44.013592150121,44.037019184107,44.060456485559,
    44.083904056132,44.107361897482,44.130830011333,44.154308399302,
    44.177797063061,44.201296004256,44.224805224536,44.248324725546,
    44.271854508871,44.295394576151,44.318944929034,44.342505569071,
    44.366076497915,44.389657717157,44.413249228344,44.436851033069,
    44.460463132925,44.48408552949,44.507718224295,44.531361218876,
    44.555014514838,44.578678113687,44.602352016978,44.626036226215,
    44.649730742902,44.673435568602,44.697150704806,44.720876152981,
    44.744611914663,44.768357991308,44.792114384405,44.815881095477,
    44.839658125921,44.863445477241,44.887243150864,44.911051148244,
    44.93486947084,44.958698120075,44.982537097389,45.006386404183,
    45.030246041867,45.054116011864,45.077996315615,45.101886954437,
    45.125787929751,45.149699242983,45.173620895438,45.197552888508,
    45.221495223605,45.245447902019,45.269410925137,45.293384294289,
    45.317368010775,45.341362076003,45.365366491277,45.389381257843,
    45.413406377075,45.437441850287,45.46148767875,45.485543863735,
    45.509610406544,45.533687308495,45.557774570804,45.581872194768,
    45.605980181646,45.630098532656,45.654227249071,45.678366332134,
    45.702515783083,45.726675603133,45.750845793482,45.77502635539,
    45.799217290044,45.823418598641,45.847630282393,45.871852342439,
    45.896084780005,45.920327596268,45.944580792372,45.968844369522,
    45.99311832882,46.017402671446,46.041697398571,46.066002511279,
    46.090318010735,46.114643898049,46.138980174351,46.163326840732,
    46.187683898324,46.212051348247,46.236429191542,46.260817429285,
    46.285216062631,46.309625092624,46.334044520301,46.35847434675,
    46.38291457302,46.40736520015,46.4318262292,46.456297661237,
    46.480779497247,46.50527173824,46.529774385287,46.554287439364,
    46.578810901468,46.603344772657,46.627889053869,46.652443746105,
    46.677008850355,46.701584367567,46.726170298756,46.750766644863,
    46.775373406816,46.799990585585,46.824618182151,46.849256197424,
    46.873904632297,46.89856348774,46.923232764683,46.947912464003,
    46.972602586623,46.997303133449,47.022014105368,47.0467355033,
    47.071467328079,47.096209580572,47.120962261723,47.145725372343,
    47.170498913311,47.195282885431,47.220077289598,47.244882126672,
    47.269697397459,47.29452310278,47.319359243432,47.344205820287,
    47.369062834119,47.393930285737,47.418808175952,47.443696505519,
    47.468595275285,47.49350448601,47.518424138404,47.543354233304,
    47.568294771482,47.593245753623,47.618207180517,47.643179052928,
    47.668161371553,47.693154137177,47.718157350457,47.743171012155,
    47.768195122995,47.793229683658,47.81827469485,47.843330157253,
    47.868396071589,47.893472438519,47.918559258779,47.943656532956,
    47.968764261733,47.99388244581,48.019011085825,48.044150182414,
    48.069299736232,48.094459747884,48.119630218076,48.144811147365,
    48.170002536364,48.195204385735,48.220416696042,48.245639467917,
    48.27087270195,48.296116398714,48.321370558788,48.346635182785,
    48.371910271278,48.397195824761,48.422491843855,48.447798329113,
    48.473115281081,48.498442700295,48.523780587254,48.549128942577,
    48.574487766711,48.599857060192,48.625236823561,48.650627057321,
    48.676027761947,48.701438937929,48.72686058582,48.752292706045,
    48.777735299096,48.80318836545,48.828651905577,48.854125919944,
    48.879610409002,48.905105373179,48.930610812951,48.956126728755,
    48.981653121007,49.007189990132,49.032737336581,49.058295160713,
    49.083863463004,49.109442243833,49.135031503564,49.160631242647,
    49.186241461442,49.211862160302,49.237493339645,49.263134999849,
    49.28878714122,49.314449764167,49.340122869045,49.365806456143,
    49.391500525875,49.417205078567,49.442920114489,49.468645634023,
    49.494381637493,49.520128125144,49.545885097361,49.571652554437,
    49.59743049658,49.623218924185,49.649017837538,49.67482723685,
    49.700647122413,49.726477494499,49.752318353417,49.778169699373,
    49.804031532616,49.829903853463,49.855786662059,49.881679958683,
    49.907583743564,49.933498016916,49.959422778995,49.985358029968,
    50.011303770081,50.037259999469,50.063226718387,50.089203927059,
    50.115191625601,50.141189814182,50.167198493025,50.193217662266,
    50.219247322099,50.245287472702,50.271338114154,50.297399246655,
    50.323470870311,50.349552985278,50.375645591695,50.401748689665,
    50.427862279325,50.453986360798,50.480120934175,50.506265999522,
    50.532421556982,50.558587606671,50.584764148624,50.610951182938,
    50.637148709688,50.663356728956,50.689575240793,50.715804245263,
    50.742043742413,50.768293732329,50.794554214992,50.820825190467,
    50.847106658786,50.873398619981,50.899701074114,50.926014021113,
    50.952337461011,50.978671393893,51.005015819679,51.031370738356,
    51.057736149981,51.084112054483,51.110498451864,51.13689534207,
    51.163302725099,51.189720600909,51.21614896944,51.242587830661,
    51.269037184506,51.295497030918,51.321967369809,51.348448201171,
    51.374939524897,51.401441340875,51.427953649082,51.454476449371,
    51.481009741624,51.507553525843,51.534107801848,51.560672569522,
    51.587247828757,51.613833579458,51.64042982147,51.667036554662,
    51.693653778904,51.720281494052,51.746919699941,51.773568396436,
    51.800227583363,51.826897260561,51.853577427916,51.880268085108,
    51.906969232072,51.933680868648,51.960402994557,51.987135609653,
    52.013878713726,52.040632306563,52.067396387954,52.094170957686,
    52.12095601553,52.14775156125,52.174557594662,52.201374115481,
    52.228201123449,52.255038618364,52.28188659996,52.30874506796,
    52.335614022137,52.362493462186,52.389383387845,52.416283798814,
    52.44319469483,52.470116075652,52.497047940899,52.523990290328,
    52.550943123598,52.57790644043,52.604880240522,52.63186452348,
    52.658859289052,52.685864536893,52.712880266638,52.739906478001,
    52.766943170587,52.793990344031,52.821047998023,52.848116132226,
    52.8751947462,52.902283839602,52.929383412093,52.956493463247,
    52.983613992687,53.010745000055,53.037886484901,53.065038446833,
    53.092200885506,53.119373800457,53.146557191291,53.17375105754,
    53.200955398829,53.228170214735,53.255395504767,53.282631268499,
    53.309877505546,53.33713421539,53.364401397585,53.391679051687,
    53.418967177228,53.446265773729,53.473574840704,53.500894377711,
    53.528224384193,53.555564859722,53.582915803817,53.610277215905,
    53.637649095529,53.66503144217,53.692424255312,53.719827534425,
    53.747241278993,53.77466548847,53.802100162338,53.829545300072,
    53.857000901083,53.884466964856,53.911943490819,53.93943047842,
    53.96692792708,53.994435836231,54.021954205332,54.049483033763,
    54.07702232096,54.104572066324,54.132132269253,54.159702929185,
    54.187284045499,54.21487561757,54.24247764474,54.270090126466,
    54.297713062143,54.325346451062,54.352990292639,54.380644586234,
    54.408309331192,54.435984526899,54.463670172607,54.491366267748,
    54.519072811653,54.546789803631,54.574517243003,54.602255129144,
    54.63000346135,54.657762238861,54.685531461059,54.713311127277,
    54.741101236736,54.768901788771,54.796712782692,54.824534217762,
    54.852366093239,54.880208408431,54.90806116261,54.935924355029,
    54.963797984918,54.991682051607,55.019576554306,55.047481492256,
    55.075396864739,55.103322670905,55.131258910074,55.159205581457,
    55.187162684281,55.215130217735,55.243108181025,55.271096573406,
    55.299095394055,55.32710464221,55.355124317034,55.383154417671,
    55.411194943386,55.439245893336,55.467307266677,55.495379062596,
    55.52346128029,55.551553918896,55.579656977556,55.607770455412,
    55.635894351664,55.664028665436,55.692173395859,55.720328542081,
    55.748494103196,55.776670078391,55.804856466741,55.833053267371,
    55.861260479427,55.889478101948,55.917706134088,55.94594457496,
    55.974193423617,56.00245267914,56.030722340667,56.059002407247,
    56.087292877933,56.115593751833,56.143905028027,56.17222670552,
    56.200558783395,56.228901260713,56.257254136523,56.285617409876,
    56.313991079781,56.342375145281,56.370769605432,56.39917445923,
    56.427589705718,56.456015343905,56.484451372818,56.512897791434,
    56.541354598734,56.56982179379,56.598299375558,56.626787343003,
    56.655285695139,56.683794430971,56.712313549417,56.740843049494,
    56.769382930152,56.797933190334,56.82649382906,56.855064845219,
    56.883646237761,56.912238005687,56.940840147863,56.969452663315,
    56.998075550922,57.026708809595,57.055352438274,57.084006435902,
    57.11267080135,57.141345533549,57.17003063144,57.198726093851,
    57.227431919719,57.256148107954,57.284874657373,57.313611566934,
    57.342358835526,57.371116461931,57.399884445127,57.428662783883,
    57.457451477115,57.486250523691,57.51505992244,57.543879672211,
    57.572709771845,57.601550220169,57.630401016037,57.659262158347,
    57.688133645786,57.717015477249,57.745907651589,57.774810167576,
    57.803723024007,57.832646219718,57.861579753495,57.890523624187,
    57.919477830498,57.948442371255,57.977417245247,58.006402451254,
    58.035397988046,58.064403854392,58.093420049061,58.122446570816,
    58.151483418417,58.180530590647,58.209588086204,58.238655903793,
    58.267734042297,58.296822500348,58.325921276691,58.355030370108,
    58.384149779231,58.413279502846,58.442419539692,58.471569888412,
    58.50073054774,58.529901516381,58.559082793083,58.588274376487,
    58.61747626523,58.646688458096,58.67591095375,58.705143750829,
    58.734386848058,58.763640244071,58.792903937516,58.822177927106,
    58.851462211495,58.880756789284,58.910061659148,58.939376819777,
    58.968702269766,58.998038007749,59.027384032366,59.056740342231,
    59.086106936025,59.115483812303,59.144870969718,59.174268406913,
    59.203676122417,59.233094114882,59.262522382916,59.291960925056,
    59.321409739959,59.350868826202,59.38033818237,59.409817807012,
    59.439307698723,59.468807856097,59.498318277658,59.527838962008,
    59.557369907698,59.58691111325,59.616462577251,59.646024298268,
    59.675596274783,59.705178505361,59.734770988599,59.764373722944,
    59.793986706952,59.823609939126,59.853243418052,59.882887142217,
    59.912541110065,59.942205320223,59.971879771085,60.001564461179,
    60.031259389061,60.060964553175,60.090679952035,60.120405584068,
    60.150141447757,60.179887541667,60.209643864223,60.239410413889,
    60.269187189096,60.298974188336,60.328771410079,60.35857885276,
    60.388396514844,60.418224394763,60.44806249096,60.477910801873,
    60.507769325919,60.537638061549,60.567517007199,60.597406161259,
    60.627305522187,60.657215088337,60.687134858203,60.717064830107,
    60.747005002471,60.776955373796,60.806915942308,60.836886706507,
    60.86686766479,60.896858815474,60.926860156983,60.956871687696,
    60.986893405941,61.01692531012,61.046967398652,61.077019669794,
    61.107082121952,61.137154753516,61.167237562701,61.197330548038,
    61.227433707765,61.257547040212,61.287670543773,61.317804216718,
    61.347948057374,61.378102064156,61.408266235295,61.438440569099,
    61.468625063935,61.498819718073,61.529024529838,61.559239497548,
    61.589464619447,61.619699893885,61.649945319129,61.680200893437,
    61.710466615167,61.740742482516,61.771028493808,61.801324647238,
    61.831630941184,61.861947373914,61.892273943578,61.922610648514,
    61.952957486955,61.983314457159,62.013681557323,62.044058785774,
    62.074446140674,62.104843620325,62.135251222962,62.16566894671,
    62.196096789885,62.226534750687,62.256982827333,62.287441018042,
    62.317909321001,62.34838773448,62.378876256643,62.409374885604,
    62.439883619701,62.470402457087,62.500931395858,62.531470434314,
    62.562019570611,62.592578802881,62.623148129327,62.653727548179,
    62.684317057517,62.714916655524,62.745526340402,62.776146110276,
    62.806775963291,62.837415897639,62.868065911419,62.89872600281,
    62.929396169962,62.960076410938,62.990766723966,63.021467107134,
    63.052177558569,63.08289807643,63.113628658745,63.144369303672,
    63.175120009356,63.205880773911,63.236651595456,63.26743247199,
    63.29822340171,63.329024382696,63.359835413034,63.390656490763,
    63.421487614043,63.45232878095,63.483179989474,63.514041237847,
    63.544912523987,63.575793845996,63.606685202078,63.637586590155,
    63.668498008299,63.699419454585,63.730350927047,63.761292423766,
    63.792243942832,63.823205482171,63.854177039877,63.885158614062,
    63.916150202628,63.94715180368,63.978163415274,64.009185035371,
    64.040216661934,64.071258293125,64.102309926922,64.133371561199,
    64.164443194143,64.195524823659,64.226616447747,64.257718064432,
    64.288829671708,64.319951267576,64.351082850024,64.382224416949,
    64.413375966423,64.444537496414,64.475709004865,64.506890489804,
    64.538081949146,64.569283380869,64.600494782916,64.631716153316,
    64.662947489951,64.694188790766,64.725440053781,64.756701276952,
    64.787972458131,64.8192535953,64.850544686378,64.881845729341,
    64.913156722161,64.944477662637,64.975808548791,65.007149378517,
    65.038500149679,65.069860860345,65.101231508269,65.132612091406,
    65.164002607689,65.195403055002,65.226813431269,65.258233734373,
    65.289663962248,65.321104112702,65.352554183633,65.384014172998,
    65.415484078655,65.446963898421,65.478453630266,65.509953272014,
    65.54146282149,65.572982276643,65.604511635335,65.636050895384,
    65.667600054602,65.699159110977,65.730728062255,65.76230690632,
    65.793895641084,65.825494264247,65.857102773715,65.888721167427,
    65.920349443093,65.951987598558,65.983635631732,66.01529354036,
    66.046961322264,66.078638975365,66.110326497376,66.142023886132,
    66.173731139506,66.205448255201,66.237175231071,66.268912065021,
    66.300658754723,66.332415298019,66.364181692775,66.395957936604,
    66.427744027428,66.459539963028,66.491345741162,66.523161359631,
    66.554986816226,66.586822108667,66.618667234745,66.650522192282,
    66.682386979019,66.714261592717,66.746146031073,66.778040291966,
    66.809944373082,66.841858272137,66.873781987006,66.905715515345,
    66.937658854928,66.969612003444,67.001574958737,67.033547718477,
    67.06553028038,67.097522642254,67.129524801766,67.161536756675,
    67.193558504664,67.225590043523,67.257631370905,67.28968248457,
    67.321743382222,67.353814061564,67.38589452031,67.417984756186,
    67.450084766864,67.482194550094,67.514314103504,67.546443424798,
    67.578582511753,67.610731361993,67.64288997322,67.675058343121,
    67.707236469351,67.739424349683,67.77162198172,67.803829363123,
    67.836046491615,67.868273364849,67.900509980425,67.932756336126,
    67.965012429612,67.997278258434,68.029553820355,68.061839112994,
    68.094134133983,68.126438880977,68.158753351665,68.191077543634,
    68.223411454637,68.255755082234,68.288108424023,68.32047147771,
    68.352844240936,68.385226711306,68.417618886429,68.450020763953,
    68.482432341548,68.514853616827,68.54728458733,68.57972525072,
    68.612175604604,68.644635646676,68.67710537448,68.709584785584,
    68.742073877636,68.774572648288,68.807081095105,68.839599215656,
    68.872127007571,68.904664468443,68.937211595808,68.96976838735,
    69.002334840646,69.034910953196,69.0674967227,69.100092146676,
    69.132697222712,69.165311948372,69.197936321215,69.23057033886,
    69.263213998878,69.295867298795,69.328530236274,69.361202808803,
    69.393885013825,69.426576849133,69.459278312214,69.491989400536,
    69.524710111709,69.557440443267,69.590180392823,69.622929957872,
    69.655689135919,69.688457924584,69.721236321432,69.75402432388,
    69.786821929529,69.819629136022,69.852445940697,69.885272341182,
    69.918108335066,69.950953919788,69.983809092906,70.016673851888,
    70.049548194338,70.082432117766,70.115325619635,70.148228697521,
    70.181141348941,70.214063571323,70.24699536224,70.279936719188,
    70.312887639656,70.345848121176,70.37881816126,70.411797757356,
    70.44478690699,70.477785607672,70.510793856948,70.543811652185,
    70.576838990923,70.609875870697,70.642922288938,70.67597824323,
    70.709043730887,70.742118749521,70.775203296605,70.808297369571,
    70.841400965895,70.874514083059,70.907636718588,70.940768869911,
    70.973910534454,71.007061709756,71.040222393223,71.073392582401,
    71.106572274666,71.139761467491,71.172960158424,71.206168344814,
    71.239386024161,71.272613193938,71.305849851534,71.339095994459,
    71.372351620154,71.405616726008,71.438891309551,71.472175368176,
    71.505468899353,71.538771900508,71.572084369084,71.605406302492,
    71.638737698171,71.672078553595,71.705428866192,71.738788633381,
    71.772157852542,71.805536521135,71.838924636636,71.872322196457,
    71.905729197949,71.939145638608,71.97257151584,72.006006826982,
    72.039451569593,72.072905741009,72.106369338603,72.139842359842,
    72.173324802203,72.206816662958,72.240317939592,72.273828629533,
    72.307348730113,72.340878238793,72.37441715301,72.407965470094,
    72.441523187453,72.475090302489,72.508666812638,72.542252715254,
    72.575848007723,72.609452687531,72.643066751995,72.676690198498,
    72.710323024479,72.743965227221,72.777616804189,72.811277752843,
    72.8449480704,72.878627754342,72.912316802105,72.946015210932,
    72.979722978312,73.013440101615,73.047166578138,73.080902405296,
    73.114647580532,73.148402101144,73.182165964469,73.215939167947,
    73.249721708966,73.283513584873,73.317314792996,73.351125330713,
    73.384945195436,73.418774384541,73.452612895281,73.486460725089,
    73.52031787138,73.554184331371,73.588060102545,73.621945182233,
    73.655839567797,73.689743256564,73.723656245884,73.757578533148,
    73.791510115686,73.825450990812,73.859401155981,73.893360608478,
    73.927329345577,73.961307364731,73.99529466332,74.029291238601,
    74.063297087915,74.097312208676,74.131336598135,74.165370253687,
    74.199413172789,74.233465352533,74.267526790426,74.301597483828,
    74.335677429957,74.369766626236,74.403865070012,74.437972758558,
    74.472089689236,74.506215859435,74.540351266382,74.574495907494,
    74.608649780044,74.642812881421,74.676985208929,74.71116675986,
    74.74535753164,74.779557521476,74.813766726756,74.84798514482,
    74.882212772985,74.916449608596,74.950695648921,74.98495089133,
    75.019215333118,75.053488971604,75.087771804152,75.122063828093,
    75.156365040649,75.19067543922,75.224995021112,75.259323783653,
    75.293661724153,75.328008839948,75.36236512831,75.396730586549,
    75.431105212068,75.465489002125,75.499881954037,75.534284065071,
    75.568695332617,75.603115754018,75.637545326483,75.671984047369,
    75.706431914029,75.740888923721,75.77535507376,75.809830361525,
    75.84431478426,75.878808339257,75.913311023865,75.947822835445,
    75.982343771251,76.016873828559,76.051413004725,76.08596129703,
    76.120518702819,76.155085219398,76.189660844058,76.2242455741,
    76.258839406762,76.293442339501,76.328054369551,76.362675494219,
    76.397305710816,76.431945016579,76.466593408921,76.50125088514,
    76.535917442484,76.570593078255,76.605277789785,76.639971574396,
    76.674674429382,76.709386352069,76.744107339703,76.778837389576,
    76.813576499078,76.848324665515,76.883081886143,76.917848158224,
    76.952623479106,76.987407846151,77.022201256649,77.057003707796,
    77.091815196987,77.126635721522,77.161465278667,77.196303865814,
    77.23115148021,77.26600811908,77.300873779823,77.335748459778,
    77.370632156175,77.40552486641,77.440426587678,77.475337317286,
    77.510257052558,77.545185790916,77.580123529608,77.61507026583,
    77.650025996934,77.684990720353,77.719964433326,77.754947133062,
    77.789938816947,77.824939482297,77.859949126441,77.894967746658,
    77.929995340242,77.965031904494,78.000077436769,78.035131934328,
    78.070195394497,78.105267814685,78.140349192042,78.175439523924,
    78.210538807692,78.245647040651,78.280764220144,78.315890343387,
    78.351025407734,78.386169410488,78.421322349059,78.45648422068,
    78.491655022616,78.526834752296,78.562023406932,78.597220983941,
    78.632427480589,78.667642894208,78.702867222059,78.738100461543,
    78.77334260987,78.808593664514,78.843853622733,78.879122481774,
    78.914400239064,78.949686891868,78.984982437534,79.020286873369,
    79.055600196692,79.09092240482,79.126253495123,79.161593464951,
    79.196942311544,79.232300032295,79.267666624498,79.303042085444,
    79.338426412624,79.373819603277,79.409221654657,79.444632564182,
    79.480052329134,79.515480946963,79.55091841494,79.586364730309,
    79.621819890553,79.657283892901,79.69275673472,79.728238413487,
    79.763728926372,79.799228270765,79.834736443975,79.870253443477,
    79.905779266516,79.941313910412,79.976857372593,80.012409650417,
    80.047970741096,80.083540642132,80.119119350863,80.154706864531,
    80.190303180609,80.225908296377,80.261522209236,80.297144916494,
    80.332776415588,80.36841670387,80.404065778617,80.439723637306,
    80.475390277181,80.511065695659,80.546749890136,80.582442858007,
    80.618144596538,80.653855103168,80.689574375275,80.725302410199,
    80.761039205353,80.79678475805,80.832539065789,80.868302125809,
    80.904073935544,80.939854492395,80.975643793745,81.011441836996,
    81.047248619469,81.083064138614,81.118888391757,81.154721376317,
    81.190563089749,81.226413529405,81.262272692678,81.298140576882,
    81.334017179506,81.369902497963,81.405796529698,81.441699271953,
    81.47761072221,81.513530877917,81.549459736472,81.585397295304,
    81.621343551773,81.657298503271,81.693262147188,81.729234481127,
    81.765215502361,81.801205208305,81.837203596378,81.873210664067,
    81.90922640886,81.945250827976,81.981283918957,82.017325679321,
    82.053376106351,82.089435197563,82.125502950453,82.161579362313,
    82.197664430656,82.233758152952,82.26986052664,82.305971549146,
    82.342091217903,82.37821953041,82.41435648406,82.450502076362,
    82.48665630478,82.522819166697,82.55899065967,82.595170781064,
    82.631359528383,82.667556899201,82.70376289085,82.739977500851,
    82.776200726621,82.812432565743,82.848673015662,82.884922073828,
    82.921179737715,82.957446004821,82.993720872618,83.03000433868,
    83.066296400465,83.10259705542,83.138906300997,83.175224134815,
    83.211550554335,83.247885557018,83.284229140414,83.320581302069,
    83.356942039398,83.39331134995,83.429689231282,83.466075680897,
    83.502470696318,83.538874275013,83.575286414517,83.611707112521,
    83.648136366335,83.684574173555,83.721020531823,83.757475438616,
    83.793938891453,83.830410887822,83.866891425384,83.903380501635,
    83.93987811419,83.976384260548,84.012898938213,84.049422144835,
    84.085953877899,84.122494135083,84.159042913912,84.195600211878,
    84.232166026632,84.268740355788,84.30532319681,84.341914547306,
    84.378514405004,84.415122767392,84.451739631984,84.488364996487,
    84.524998858512,84.561641215576,84.59829206533,84.634951405351,
    84.671619233272,84.708295546763,84.744980343345,84.781673620675,
    84.818375376393,84.855085608095,84.891804313393,84.928531489994,
    84.965267135468,85.002011247472,85.038763823657,85.075524861685,
    85.11229435917,85.149072313727,85.185858723068,85.222653584871,
    85.259456896724,85.296268656415,85.333088861483,85.369917509614,
    85.40675459851,85.443600125922,85.480454089431,85.517316486795,
    85.554187315629,85.591066573553,85.627954258524,85.664850368054,
    85.701754899813,85.73866785159,85.775589221105,85.812519006024,
    85.849457204058,85.886403812998,85.923358830489,85.960322254251,
    85.997294082057,86.034274311702,86.071262940898,86.108259967283,
    86.145265388657,86.182279202778,86.219301407417,86.256332000326,
    86.293370979292,86.330418342019,86.367474086249,86.404538209902,
    86.441610710654,86.478691586241,86.515780834529,86.552878453267,
    86.5899844403,86.627098793355,86.664221510244,86.701352588835,
    86.738492026824,86.77563982216,86.812795972603,86.849960475889,
    86.887133329927,86.924314532555,86.961504081629,86.998701974889,
    87.035908210231,87.073122785532,87.110345698539,87.147576947222,
    87.184816529433,87.222064443001,87.259320685771,87.296585255591,
    87.333858150374,87.371139368054,87.408428906474,87.445726763469,
    87.483032936987,87.520347424926,87.557670225241,87.59500133574,
    87.632340754355,87.669688479003,87.707044507573,87.744408838124,
    87.781781468545,87.81916239667,87.856551620428,87.893949137864,
    87.931354946946,87.968769045518,88.006191431626,88.043622103139,
    88.081061058122,88.118508294449,88.155963810235,88.193427603365,
    88.23089967182,88.268380013573,88.305868626657,88.343365509185,
    88.380870658914,88.418384074073,88.455905752505,88.493435692408,
    88.530973891692,88.568520348426,88.6060750606,88.643638026288,
    88.681209243596,88.718788710468,88.756376424992,88.793972385271,
    88.831576589305,88.869189035228,88.906809721119,88.944438645021,
    88.982075805028,89.019721199238,89.057374825675,89.095036682552,
    89.132706767996,89.170385080036,89.208071616768,89.245766376397,
    89.283469357081,89.321180556808,89.358899973833,89.396627606305,
    89.43436345224,89.472107509941,89.509859777611,89.547620253246,
    89.585388935153,89.623165821379,89.660950910251,89.698744200014,
    89.736545688595,89.774355374388,89.812173255543,89.849999330334,
    89.887833596955,89.925676053552,89.963526698492,90.001385529889,
    90.039252546055,90.077127745212,90.115011125607,90.152902685524,
    90.190802423172,90.2287103369,90.266626424945,90.304550685617,
    90.342483117119,90.380423717813,90.418372486098,90.456329420134,
    90.494294518228,90.532267778791,90.570249200095,90.60823878046,
    90.646236518268,90.684242411897,90.722256459627,90.760278659763,
    90.798309010786,90.83634751104,90.874394158917,90.912448952689,
    90.950511890748,90.988582971638,91.026662193733,91.064749555302,
    91.102845054836,91.140948690858,91.179060461591,91.217180365569,
    91.255308401318,91.293444567183,91.331588861636,91.369741283053,
    91.40790183006,91.446070501117,91.484247294572,91.522432208983,
    91.560625242843,91.598826394655,91.637035662933,91.675253046193,
    91.713478542874,91.751712151642,91.78995387091,91.828203699296,
    91.866461635331,91.90472767754,91.943001824424,91.981284074756,
    92.01957442695,92.057872879567,92.096179431322,92.134494080665,
    92.172816826339,92.211147666956,92.249486600917,92.287833627097,
    92.326188744073,92.364551950337,92.402923244638,92.441302625734,
    92.479690092218,92.518085642624,92.556489275749,92.594900990265,
    92.633320784876,92.671748658293,92.710184609138,92.748628636163,
    92.787080738147,92.825540913743,92.864009161761,92.902485480931,
    92.940969869844,92.979462327491,93.017962852524,93.05647144367,
    93.094988099839,93.133512819695,93.172045602079,93.21058644589,
    93.249135349798,93.287692312719,93.326257333358,93.364830410664,
    93.403411543507,93.442000730667,93.48059797102,93.51920326344,
    93.557816606684,93.59643799985,93.635067441769,93.673704931273,
    93.712350467258,93.75100404863,93.789665674473,93.82833534357,
    93.867013054867,93.905698807339,93.928538256578),.UNSPECIFIED.);
#48 = CARTESIAN_POINT('',(103.59008706622,0.,0.));
#49 = CARTESIAN_POINT('',(103.58847138184,3.381653589874E-03,0.));
#50 = CARTESIAN_POINT('',(103.58302732493,1.008075399407E-02,0.));
#51 = CARTESIAN_POINT('',(103.57048916748,1.656861916071E-02,0.));
#52 = CARTESIAN_POINT('',(103.55786703988,2.529667173809E-02,0.));
#53 = CARTESIAN_POINT('',(103.54487757274,3.363190862151E-02,0.));
#54 = CARTESIAN_POINT('',(103.53198680255,4.207814206591E-02,0.));
#55 = CARTESIAN_POINT('',(103.5190698255,5.050034221215E-02,0.));
#56 = CARTESIAN_POINT('',(103.50616011524,5.893469482205E-02,0.));
#57 = CARTESIAN_POINT('',(103.49324869882,6.737149826245E-02,0.));
#58 = CARTESIAN_POINT('',(103.48033797937,7.581334917588E-02,0.));
#59 = CARTESIAN_POINT('',(103.46742731108,8.425954812534E-02,0.));
#60 = CARTESIAN_POINT('',(103.45451686529,9.271027902826E-02,0.));
#61 = CARTESIAN_POINT('',(103.44160659441,0.101165489168,0.));
#62 = CARTESIAN_POINT('',(103.42869650942,0.109625189089,0.));
#63 = CARTESIAN_POINT('',(103.41578660567,0.1180893725,0.));
#64 = CARTESIAN_POINT('',(103.40287688271,0.126558037601,0.));
#65 = CARTESIAN_POINT('',(103.38996733892,0.135031181351,0.));
#66 = CARTESIAN_POINT('',(103.37705797299,0.143508801062,0.));
#67 = CARTESIAN_POINT('',(103.36414878357,0.151990893958,0.));
#68 = CARTESIAN_POINT('',(103.35123976931,0.160477457322,0.));
#69 = CARTESIAN_POINT('',(103.33833092878,0.168968488295,0.));
#70 = CARTESIAN_POINT('',(103.3254222607,0.177463984227,0.));
#71 = CARTESIAN_POINT('',(103.31251376367,0.185963942302,0.));
#72 = CARTESIAN_POINT('',(103.29960543633,0.194468359753,0.));
#73 = CARTESIAN_POINT('',(103.28669727733,0.202977233863,0.));
#74 = CARTESIAN_POINT('',(103.2737892853,0.211490561834,0.));
#75 = CARTESIAN_POINT('',(103.26088145888,0.220008340939,0.));
#76 = CARTESIAN_POINT('',(103.24797379668,0.228530568389,0.));
#77 = CARTESIAN_POINT('',(103.23506629737,0.237057241451,0.));
#78 = CARTESIAN_POINT('',(103.22215895957,0.24558835736,0.));
#79 = CARTESIAN_POINT('',(103.20925178192,0.254123913364,0.));
#80 = CARTESIAN_POINT('',(103.19634476306,0.262663906698,0.));
#81 = CARTESIAN_POINT('',(103.18343790162,0.271208334605,0.));
#82 = CARTESIAN_POINT('',(103.17053119624,0.279757194358,0.));
#83 = CARTESIAN_POINT('',(103.15762464553,0.288310483151,0.));
#84 = CARTESIAN_POINT('',(103.14471824815,0.296868198268,0.));
#85 = CARTESIAN_POINT('',(103.13181200273,0.305430336949,0.));
#86 = CARTESIAN_POINT('',(103.1189059079,0.313996896426,0.));
#87 = CARTESIAN_POINT('',(103.10599996229,0.322567873954,0.));
#88 = CARTESIAN_POINT('',(103.09309416454,0.33114326678,0.));
#89 = CARTESIAN_POINT('',(103.08018851328,0.339723072155,0.));
#90 = CARTESIAN_POINT('',(103.06728300712,0.348307287298,0.));
#91 = CARTESIAN_POINT('',(103.05437764473,0.356895909504,0.));
#92 = CARTESIAN_POINT('',(103.04147242471,0.365488935981,0.));
#93 = CARTESIAN_POINT('',(103.0285673457,0.374086363984,0.));
#94 = CARTESIAN_POINT('',(103.01566240635,0.382688190781,0.));
#95 = CARTESIAN_POINT('',(103.00275760527,0.391294413585,0.));
#96 = CARTESIAN_POINT('',(102.98985294112,0.39990502971,0.));
#97 = CARTESIAN_POINT('',(102.97694841247,0.408520036317,0.));
#98 = CARTESIAN_POINT('',(102.96404401798,0.417139430714,0.));
#99 = CARTESIAN_POINT('',(102.95113975629,0.425763210136,0.));
#100 = CARTESIAN_POINT('',(102.93823562604,0.434391371846,0.));
#101 = CARTESIAN_POINT('',(102.92533162584,0.443023913071,0.));
#102 = CARTESIAN_POINT('',(102.9124277543,0.451660831062,0.));
#103 = CARTESIAN_POINT('',(102.8995240101,0.460302123117,0.));
#104 = CARTESIAN_POINT('',(102.8866203918,0.4689477864,0.));
#105 = CARTESIAN_POINT('',(102.87371689808,0.477597818258,0.));
#106 = CARTESIAN_POINT('',(102.86081352754,0.486252215868,0.));
#107 = CARTESIAN_POINT('',(102.84791027884,0.494910976536,0.));
#108 = CARTESIAN_POINT('',(102.83500715057,0.503574097481,0.));
#109 = CARTESIAN_POINT('',(102.82210414136,0.512241575947,0.));
#110 = CARTESIAN_POINT('',(102.80920124987,0.520913409253,0.));
#111 = CARTESIAN_POINT('',(102.79629847468,0.529589594555,0.));
#112 = CARTESIAN_POINT('',(102.78339581444,0.538270129181,0.));
#113 = CARTESIAN_POINT('',(102.77049326779,0.546955010374,0.));
#114 = CARTESIAN_POINT('',(102.75759083331,0.555644235339,0.));
#115 = CARTESIAN_POINT('',(102.74468850967,0.564337801407,0.));
#116 = CARTESIAN_POINT('',(102.73178629546,0.573035705768,0.));
#117 = CARTESIAN_POINT('',(102.71888418933,0.581737945708,0.));
#118 = CARTESIAN_POINT('',(102.70598218989,0.590444518482,0.));
#119 = CARTESIAN_POINT('',(102.69308029577,0.599155421331,0.));
#120 = CARTESIAN_POINT('',(102.68017850559,0.607870651543,0.));
#121 = CARTESIAN_POINT('',(102.66727681796,0.616590206318,0.));
#122 = CARTESIAN_POINT('',(102.65437523152,0.625314082981,0.));
#123 = CARTESIAN_POINT('',(102.64147374489,0.634042278734,0.));
#124 = CARTESIAN_POINT('',(102.62857235669,0.642774790864,0.));
#125 = CARTESIAN_POINT('',(102.61567106553,0.651511616627,0.));
#126 = CARTESIAN_POINT('',(102.60276987004,0.660252753247,0.));
#127 = CARTESIAN_POINT('',(102.58986876887,0.668998198049,0.));
#128 = CARTESIAN_POINT('',(102.5769677606,0.677747948236,0.));
#129 = CARTESIAN_POINT('',(102.56406684384,0.686502001067,0.));
#130 = CARTESIAN_POINT('',(102.55116601725,0.695260353832,0.));
#131 = CARTESIAN_POINT('',(102.53826527944,0.704023003785,0.));
#132 = CARTESIAN_POINT('',(102.52536462901,0.712789948165,0.));
#133 = CARTESIAN_POINT('',(102.5124640646,0.721561184232,0.));
#134 = CARTESIAN_POINT('',(102.49956358484,0.730336709291,0.));
#135 = CARTESIAN_POINT('',(102.48666318831,0.739116520551,0.));
#136 = CARTESIAN_POINT('',(102.47376287364,0.747900615279,0.));
#137 = CARTESIAN_POINT('',(102.46086263947,0.75668899077,0.));
#138 = CARTESIAN_POINT('',(102.4479624844,0.765481644264,0.));
#139 = CARTESIAN_POINT('',(102.43506240705,0.774278573003,0.));
#140 = CARTESIAN_POINT('',(102.42216240606,0.783079774291,0.));
#141 = CARTESIAN_POINT('',(102.40926248003,0.791885245379,0.));
#142 = CARTESIAN_POINT('',(102.39636262754,0.800694983485,0.));
#143 = CARTESIAN_POINT('',(102.38346284726,0.80950898593,0.));
#144 = CARTESIAN_POINT('',(102.37056313779,0.818327249959,0.));
#145 = CARTESIAN_POINT('',(102.35766349774,0.827149772817,0.));
#146 = CARTESIAN_POINT('',(102.34476392574,0.835976551795,0.));
#147 = CARTESIAN_POINT('',(102.33186442038,0.844807584132,0.));
#148 = CARTESIAN_POINT('',(102.31896498031,0.853642867121,0.));
#149 = CARTESIAN_POINT('',(102.30606560411,0.862482397997,0.));
#150 = CARTESIAN_POINT('',(102.29316629041,0.871326174048,0.));
#151 = CARTESIAN_POINT('',(102.28026703782,0.880174192519,0.));
#152 = CARTESIAN_POINT('',(102.26736784497,0.889026450701,0.));
#153 = CARTESIAN_POINT('',(102.25446871047,0.897882945847,0.));
#154 = CARTESIAN_POINT('',(102.24156963291,0.9067436752,0.));
#155 = CARTESIAN_POINT('',(102.22867061093,0.915608636089,0.));
#156 = CARTESIAN_POINT('',(102.21577164312,0.924477825698,0.));
#157 = CARTESIAN_POINT('',(102.20287272811,0.93335124136,0.));
#158 = CARTESIAN_POINT('',(102.18997386452,0.942228880325,0.));
#159 = CARTESIAN_POINT('',(102.17707505094,0.951110739841,0.));
#160 = CARTESIAN_POINT('',(102.164176286,0.959996817194,0.));
#161 = CARTESIAN_POINT('',(102.15127756832,0.968887109657,0.));
#162 = CARTESIAN_POINT('',(102.13837889649,0.977781614495,0.));
#163 = CARTESIAN_POINT('',(102.1254802691,0.986680328945,0.));
#164 = CARTESIAN_POINT('',(102.11258168482,0.995583250331,0.));
#165 = CARTESIAN_POINT('',(102.09968314222,1.004490375889,0.));
#166 = CARTESIAN_POINT('',(102.08678463992,1.013401702881,0.));
#167 = CARTESIAN_POINT('',(102.07388617654,1.022317228616,0.));
#168 = CARTESIAN_POINT('',(102.06098775068,1.031236950316,0.));
#169 = CARTESIAN_POINT('',(102.04808936095,1.040160865286,0.));
#170 = CARTESIAN_POINT('',(102.03519100596,1.049088970787,0.));
#171 = CARTESIAN_POINT('',(102.02229268433,1.058021264083,0.));
#172 = CARTESIAN_POINT('',(102.00939439467,1.066957742464,0.));
#173 = CARTESIAN_POINT('',(101.99649613555,1.075898403175,0.));
#174 = CARTESIAN_POINT('',(101.98359790562,1.084843243506,0.));
#175 = CARTESIAN_POINT('',(101.97069970348,1.093792260732,0.));
#176 = CARTESIAN_POINT('',(101.95780152774,1.102745452122,0.));
#177 = CARTESIAN_POINT('',(101.94490337699,1.111702814929,0.));
#178 = CARTESIAN_POINT('',(101.93200524986,1.120664346465,0.));
#179 = CARTESIAN_POINT('',(101.91910714495,1.129630043968,0.));
#180 = CARTESIAN_POINT('',(101.90620906087,1.138599904731,0.));
#181 = CARTESIAN_POINT('',(101.89331099622,1.147573926029,0.));
#182 = CARTESIAN_POINT('',(101.8804129496,1.156552105113,0.));
#183 = CARTESIAN_POINT('',(101.86751491964,1.165534439301,0.));
#184 = CARTESIAN_POINT('',(101.85461690491,1.174520925817,0.));
#185 = CARTESIAN_POINT('',(101.84171890405,1.183511561966,0.));
#186 = CARTESIAN_POINT('',(101.82882091567,1.192506345039,0.));
#187 = CARTESIAN_POINT('',(101.81592293835,1.201505272267,0.));
#188 = CARTESIAN_POINT('',(101.80302497071,1.210508340967,0.));
#189 = CARTESIAN_POINT('',(101.79012701133,1.219515548381,0.));
#190 = CARTESIAN_POINT('',(101.77722905886,1.228526891815,0.));
#191 = CARTESIAN_POINT('',(101.76433111188,1.237542368545,0.));
#192 = CARTESIAN_POINT('',(101.75143316899,1.246561975816,0.));
#193 = CARTESIAN_POINT('',(101.73853522879,1.25558571094,0.));
#194 = CARTESIAN_POINT('',(101.72563728989,1.264613571168,0.));
#195 = CARTESIAN_POINT('',(101.71273935091,1.273645553808,0.));
#196 = CARTESIAN_POINT('',(101.69984141044,1.282681656112,0.));
#197 = CARTESIAN_POINT('',(101.68694346709,1.291721875371,0.));
#198 = CARTESIAN_POINT('',(101.67404551946,1.300766208866,0.));
#199 = CARTESIAN_POINT('',(101.66114756613,1.30981465386,0.));
#200 = CARTESIAN_POINT('',(101.64824960572,1.318867207642,0.));
#201 = CARTESIAN_POINT('',(101.63535163686,1.327923867509,0.));
#202 = CARTESIAN_POINT('',(101.62245365813,1.336984630718,0.));
#203 = CARTESIAN_POINT('',(101.60955566811,1.346049494547,0.));
#204 = CARTESIAN_POINT('',(101.59665766544,1.355118456296,0.));
#205 = CARTESIAN_POINT('',(101.58375964869,1.364191513231,0.));
#206 = CARTESIAN_POINT('',(101.57086161648,1.373268662638,0.));
#207 = CARTESIAN_POINT('',(101.55796356741,1.382349901801,0.));
#208 = CARTESIAN_POINT('',(101.54506550007,1.391435227986,0.));
#209 = CARTESIAN_POINT('',(101.53216741308,1.400524638508,0.));
#210 = CARTESIAN_POINT('',(101.51926930503,1.409618130611,0.));
#211 = CARTESIAN_POINT('',(101.5063711745,1.418715701597,0.));
#212 = CARTESIAN_POINT('',(101.49347302012,1.427817348756,0.));
#213 = CARTESIAN_POINT('',(101.48057484047,1.43692306934,0.));
#214 = CARTESIAN_POINT('',(101.46767663418,1.446032860682,0.));
#215 = CARTESIAN_POINT('',(101.45477839982,1.455146720013,0.));
#216 = CARTESIAN_POINT('',(101.441880136,1.464264644652,0.));
#217 = CARTESIAN_POINT('',(101.42898184131,1.47338663187,0.));
#218 = CARTESIAN_POINT('',(101.41608351435,1.482512678945,0.));
#219 = CARTESIAN_POINT('',(101.40318515374,1.491642783184,0.));
#220 = CARTESIAN_POINT('',(101.39028675806,1.500776941838,0.));
#221 = CARTESIAN_POINT('',(101.37738832591,1.509915152236,0.));
#222 = CARTESIAN_POINT('',(101.36448985588,1.519057411606,0.));
#223 = CARTESIAN_POINT('',(101.35159134659,1.52820371729,0.));
#224 = CARTESIAN_POINT('',(101.33869279663,1.537354066553,0.));
#225 = CARTESIAN_POINT('',(101.32579420458,1.546508456658,0.));
#226 = CARTESIAN_POINT('',(101.31289556905,1.555666884923,0.));
#227 = CARTESIAN_POINT('',(101.29999688865,1.56482934863,0.));
#228 = CARTESIAN_POINT('',(101.28709816195,1.573995845044,0.));
#229 = CARTESIAN_POINT('',(101.27419938757,1.583166371467,0.));
#230 = CARTESIAN_POINT('',(101.2613005641,1.592340925215,0.));
#231 = CARTESIAN_POINT('',(101.24840169012,1.60151950351,0.));
#232 = CARTESIAN_POINT('',(101.23550276425,1.610702103695,0.));
#233 = CARTESIAN_POINT('',(101.22260378508,1.619888723047,0.));
#234 = CARTESIAN_POINT('',(101.20970475119,1.629079358831,0.));
#235 = CARTESIAN_POINT('',(101.19680566121,1.638274008377,0.));
#236 = CARTESIAN_POINT('',(101.18390651368,1.647472668927,0.));
#237 = CARTESIAN_POINT('',(101.17100730724,1.656675337796,0.));
#238 = CARTESIAN_POINT('',(101.15810804049,1.665882012292,0.));
#239 = CARTESIAN_POINT('',(101.14520871199,1.675092689659,0.));
#240 = CARTESIAN_POINT('',(101.13230932036,1.684307367228,0.));
#241 = CARTESIAN_POINT('',(101.11940986418,1.693526042261,0.));
#242 = CARTESIAN_POINT('',(101.10651034206,1.702748712077,0.));
#243 = CARTESIAN_POINT('',(101.09361075257,1.711975373939,0.));
#244 = CARTESIAN_POINT('',(101.08071109432,1.721206025137,0.));
#245 = CARTESIAN_POINT('',(101.06781136593,1.730440663008,0.));
#246 = CARTESIAN_POINT('',(101.05491156595,1.739679284788,0.));
#247 = CARTESIAN_POINT('',(101.04201169299,1.748921887806,0.));
#248 = CARTESIAN_POINT('',(101.02911174563,1.75816846932,0.));
#249 = CARTESIAN_POINT('',(101.01621172248,1.76741902665,0.));
#250 = CARTESIAN_POINT('',(101.00331162215,1.77667355711,0.));
#251 = CARTESIAN_POINT('',(100.99041144318,1.785932057916,0.));
#252 = CARTESIAN_POINT('',(100.97751118421,1.795194526439,0.));
#253 = CARTESIAN_POINT('',(100.96461084382,1.804460959948,0.));
#254 = CARTESIAN_POINT('',(100.95171042059,1.813731355714,0.));
#255 = CARTESIAN_POINT('',(100.93880991312,1.823005711051,0.));
#256 = CARTESIAN_POINT('',(100.92590932001,1.832284023265,0.));
#257 = CARTESIAN_POINT('',(100.91300863983,1.841566289625,0.));
#258 = CARTESIAN_POINT('',(100.90010787119,1.850852507431,0.));
#259 = CARTESIAN_POINT('',(100.88720701269,1.860142674009,0.));
#260 = CARTESIAN_POINT('',(100.87430606289,1.869436786602,0.));
#261 = CARTESIAN_POINT('',(100.8614050204,1.878734842548,0.));
#262 = CARTESIAN_POINT('',(100.84850388381,1.888036839124,0.));
#263 = CARTESIAN_POINT('',(100.83560265171,1.897342773628,0.));
#264 = CARTESIAN_POINT('',(100.82270132269,1.906652643365,0.));
#265 = CARTESIAN_POINT('',(100.80979989534,1.915966445616,0.));
#266 = CARTESIAN_POINT('',(100.79689836825,1.925284177692,0.));
#267 = CARTESIAN_POINT('',(100.78399674002,1.934605836885,0.));
#268 = CARTESIAN_POINT('',(100.77109500922,1.943931420491,0.));
#269 = CARTESIAN_POINT('',(100.75819317444,1.9532609258,0.));
#270 = CARTESIAN_POINT('',(100.74529123429,1.962594350128,0.));
#271 = CARTESIAN_POINT('',(100.73238918735,1.971931690769,0.));
#272 = CARTESIAN_POINT('',(100.7194870322,1.981272944995,0.));
#273 = CARTESIAN_POINT('',(100.70658476744,1.990618110147,0.));
#274 = CARTESIAN_POINT('',(100.69368239164,1.999967183488,0.));
#275 = CARTESIAN_POINT('',(100.68077990341,2.009320162332,0.));
#276 = CARTESIAN_POINT('',(100.66787730134,2.018677043981,0.));
#277 = CARTESIAN_POINT('',(100.65497458402,2.028037825736,0.));
#278 = CARTESIAN_POINT('',(100.64207175001,2.037402504884,0.));
#279 = CARTESIAN_POINT('',(100.62916879791,2.046771078725,0.));
#280 = CARTESIAN_POINT('',(100.61626572634,2.056143544593,0.));
#281 = CARTESIAN_POINT('',(100.60336253383,2.065519899732,0.));
#282 = CARTESIAN_POINT('',(100.59045921902,2.07490014149,0.));
#283 = CARTESIAN_POINT('',(100.57755578047,2.08428426715,0.));
#284 = CARTESIAN_POINT('',(100.56465221679,2.093672274016,0.));
#285 = CARTESIAN_POINT('',(100.55174852653,2.103064159384,0.));
#286 = CARTESIAN_POINT('',(100.5388447083,2.112459920553,0.));
#287 = CARTESIAN_POINT('',(100.5259407607,2.121859554853,0.));
#288 = CARTESIAN_POINT('',(100.51303668228,2.131263059545,0.));
#289 = CARTESIAN_POINT('',(100.50013247166,2.140670431957,0.));
#290 = CARTESIAN_POINT('',(100.48722812741,2.150081669392,0.));
#291 = CARTESIAN_POINT('',(100.47432364813,2.159496769145,0.));
#292 = CARTESIAN_POINT('',(100.46141903239,2.168915728522,0.));
#293 = CARTESIAN_POINT('',(100.44851427878,2.178338544819,0.));
#294 = CARTESIAN_POINT('',(100.43560938589,2.187765215359,0.));
#295 = CARTESIAN_POINT('',(100.42270435231,2.197195737431,0.));
#296 = CARTESIAN_POINT('',(100.4097991766,2.206630108329,0.));
#297 = CARTESIAN_POINT('',(100.39689385738,2.216068325387,0.));
#298 = CARTESIAN_POINT('',(100.38398839322,2.225510385889,0.));
#299 = CARTESIAN_POINT('',(100.37108278271,2.234956287143,0.));
#300 = CARTESIAN_POINT('',(100.35817702442,2.24440602645,0.));
#301 = CARTESIAN_POINT('',(100.34527111695,2.253859601132,0.));
#302 = CARTESIAN_POINT('',(100.33236505887,2.263317008477,0.));
#303 = CARTESIAN_POINT('',(100.31945884878,2.272778245794,0.));
#304 = CARTESIAN_POINT('',(100.30655248526,2.282243310398,0.));
#305 = CARTESIAN_POINT('',(100.2936459669,2.291712199596,0.));
#306 = CARTESIAN_POINT('',(100.28073929227,2.301184910681,0.));
#307 = CARTESIAN_POINT('',(100.26783245994,2.310661440955,0.));
#308 = CARTESIAN_POINT('',(100.25492546855,2.320141787768,0.));
#309 = CARTESIAN_POINT('',(100.24201831662,2.329625948371,0.));
#310 = CARTESIAN_POINT('',(100.22911100278,2.339113920107,0.));
#311 = CARTESIAN_POINT('',(100.21620352559,2.348605700285,0.));
#312 = CARTESIAN_POINT('',(100.20329588363,2.358101286172,0.));
#313 = CARTESIAN_POINT('',(100.19038807551,2.367600675142,0.));
#314 = CARTESIAN_POINT('',(100.17748009978,2.377103864453,0.));
#315 = CARTESIAN_POINT('',(100.16457195504,2.386610851417,0.));
#316 = CARTESIAN_POINT('',(100.15166363989,2.396121633381,0.));
#317 = CARTESIAN_POINT('',(100.13875515287,2.405636207608,0.));
#318 = CARTESIAN_POINT('',(100.1258464926,2.415154571438,0.));
#319 = CARTESIAN_POINT('',(100.11293765764,2.424676722165,0.));
#320 = CARTESIAN_POINT('',(100.10002864658,2.434202657102,0.));
#321 = CARTESIAN_POINT('',(100.08711945802,2.443732373576,0.));
#322 = CARTESIAN_POINT('',(100.07421009051,2.453265868866,0.));
#323 = CARTESIAN_POINT('',(100.06130054265,2.462803140308,0.));
#324 = CARTESIAN_POINT('',(100.04839081303,2.472344185212,0.));
#325 = CARTESIAN_POINT('',(100.0354809002,2.481889000861,0.));
#326 = CARTESIAN_POINT('',(100.02257080279,2.491437584606,0.));
#327 = CARTESIAN_POINT('',(100.00966051934,2.500989933743,0.));
#328 = CARTESIAN_POINT('',(99.996750048436,2.510546045556,0.));
#329 = CARTESIAN_POINT('',(99.983839388677,2.520105917395,0.));
#330 = CARTESIAN_POINT('',(99.970928538655,2.529669546573,0.));
#331 = CARTESIAN_POINT('',(99.95801749692,2.539236930371,0.));
#332 = CARTESIAN_POINT('',(99.945106262061,2.548808066124,0.));
#333 = CARTESIAN_POINT('',(99.932194832662,2.558382951136,0.));
#334 = CARTESIAN_POINT('',(99.919283207311,2.567961582731,0.));
#335 = CARTESIAN_POINT('',(99.906371384582,2.577543958215,0.));
#336 = CARTESIAN_POINT('',(99.893459363052,2.587130074898,0.));
#337 = CARTESIAN_POINT('',(99.880547141305,2.596719930098,0.));
#338 = CARTESIAN_POINT('',(99.867634717928,2.606313521133,0.));
#339 = CARTESIAN_POINT('',(99.854722091497,2.615910845318,0.));
#340 = CARTESIAN_POINT('',(99.841809260582,2.625511899945,0.));
#341 = CARTESIAN_POINT('',(99.828896223791,2.635116682371,0.));
#342 = CARTESIAN_POINT('',(99.815982979677,2.644725189876,0.));
#343 = CARTESIAN_POINT('',(99.803069526818,2.654337419784,0.));
#344 = CARTESIAN_POINT('',(99.790155863799,2.663953369413,0.));
#345 = CARTESIAN_POINT('',(99.777241989207,2.673573036078,0.));
#346 = CARTESIAN_POINT('',(99.764327901626,2.683196417104,0.));
#347 = CARTESIAN_POINT('',(99.751413599622,2.692823509787,0.));
#348 = CARTESIAN_POINT('',(99.738499081786,2.702454311467,0.));
#349 = CARTESIAN_POINT('',(99.725584346684,2.712088819434,0.));
#350 = CARTESIAN_POINT('',(99.712669392912,2.721727031038,0.));
#351 = CARTESIAN_POINT('',(99.699754219027,2.731368943558,0.));
#352 = CARTESIAN_POINT('',(99.686838823629,2.74101455434,0.));
#353 = CARTESIAN_POINT('',(99.673923205294,2.750663860707,0.));
#354 = CARTESIAN_POINT('',(99.66100736257,2.760316859925,0.));
#355 = CARTESIAN_POINT('',(99.648091294086,2.769973549384,0.));
#356 = CARTESIAN_POINT('',(99.635174998393,2.779633926359,0.));
#357 = CARTESIAN_POINT('',(99.622258474058,2.789297988161,0.));
#358 = CARTESIAN_POINT('',(99.609341719683,2.798965732143,0.));
#359 = CARTESIAN_POINT('',(99.596424733832,2.808637155593,0.));
#360 = CARTESIAN_POINT('',(99.583507515092,2.818312255845,0.));
#361 = CARTESIAN_POINT('',(99.570590062042,2.827991030228,0.));
#362 = CARTESIAN_POINT('',(99.557672373233,2.837673476025,0.));
#363 = CARTESIAN_POINT('',(99.544754447274,2.847359590594,0.));
#364 = CARTESIAN_POINT('',(99.53183628274,2.857049371243,0.));
#365 = CARTESIAN_POINT('',(99.518917878198,2.866742815278,0.));
#366 = CARTESIAN_POINT('',(99.505999232241,2.876439920049,0.));
#367 = CARTESIAN_POINT('',(99.493080343423,2.886140682844,0.));
#368 = CARTESIAN_POINT('',(99.480161210331,2.895845101001,0.));
#369 = CARTESIAN_POINT('',(99.467241831549,2.905553171835,0.));
#370 = CARTESIAN_POINT('',(99.454322205665,2.91526489269,0.));
#371 = CARTESIAN_POINT('',(99.441402331222,2.924980260848,0.));
#372 = CARTESIAN_POINT('',(99.428482206814,2.93469927365,0.));
#373 = CARTESIAN_POINT('',(99.415561831037,2.944421928436,0.));
#374 = CARTESIAN_POINT('',(99.402641202447,2.954148222495,0.));
#375 = CARTESIAN_POINT('',(99.389720319636,2.963878153177,0.));
#376 = CARTESIAN_POINT('',(99.376799181166,2.973611717793,0.));
#377 = CARTESIAN_POINT('',(99.363877785605,2.983348913648,0.));
#378 = CARTESIAN_POINT('',(99.350956131558,2.993089738098,0.));
#379 = CARTESIAN_POINT('',(99.338034217594,3.002834188461,0.));
#380 = CARTESIAN_POINT('',(99.325112042262,3.012582262021,0.));
#381 = CARTESIAN_POINT('',(99.312189604176,3.022333956157,0.));
#382 = CARTESIAN_POINT('',(99.299266901891,3.032089268156,0.));
#383 = CARTESIAN_POINT('',(99.286343933987,3.041848195346,0.));
#384 = CARTESIAN_POINT('',(99.273420699057,3.051610735087,0.));
#385 = CARTESIAN_POINT('',(99.260497195633,3.061376884635,0.));
#386 = CARTESIAN_POINT('',(99.247573422335,3.071146641378,0.));
#387 = CARTESIAN_POINT('',(99.234649377731,3.080920002623,0.));
#388 = CARTESIAN_POINT('',(99.221725060372,3.090696965667,0.));
#389 = CARTESIAN_POINT('',(99.208800468865,3.100477527872,0.));
#390 = CARTESIAN_POINT('',(99.195875601782,3.11026168655,0.));
#391 = CARTESIAN_POINT('',(99.182950457692,3.120049439035,0.));
#392 = CARTESIAN_POINT('',(99.170025035144,3.129840782611,0.));
#393 = CARTESIAN_POINT('',(99.157099332763,3.139635714678,0.));
#394 = CARTESIAN_POINT('',(99.144173349085,3.149434232496,0.));
#395 = CARTESIAN_POINT('',(99.131247082701,3.159236333415,0.));
#396 = CARTESIAN_POINT('',(99.118320532206,3.169042014793,0.));
#397 = CARTESIAN_POINT('',(99.105393696132,3.178851273892,0.));
#398 = CARTESIAN_POINT('',(99.09246657309,3.188664108102,0.));
#399 = CARTESIAN_POINT('',(99.079539161636,3.1984805147,0.));
#400 = CARTESIAN_POINT('',(99.066611460375,3.208300491067,0.));
#401 = CARTESIAN_POINT('',(99.053683467845,3.218124034485,0.));
#402 = CARTESIAN_POINT('',(99.040755182621,3.227951142285,0.));
#403 = CARTESIAN_POINT('',(99.027826603314,3.237781811832,0.));
#404 = CARTESIAN_POINT('',(99.014897728478,3.247616040419,0.));
#405 = CARTESIAN_POINT('',(99.001968556692,3.257453825403,0.));
#406 = CARTESIAN_POINT('',(98.989039086499,3.267295164061,0.));
#407 = CARTESIAN_POINT('',(98.97610931653,3.277140053788,0.));
#408 = CARTESIAN_POINT('',(98.963179245342,3.28698849189,0.));
#409 = CARTESIAN_POINT('',(98.950248871475,3.296840475661,0.));
#410 = CARTESIAN_POINT('',(98.937318193536,3.306696002477,0.));
#411 = CARTESIAN_POINT('',(98.924387210096,3.316555069642,0.));
#412 = CARTESIAN_POINT('',(98.91145591974,3.326417674514,0.));
#413 = CARTESIAN_POINT('',(98.898524321008,3.336283814376,0.));
#414 = CARTESIAN_POINT('',(98.885592412507,3.346153486604,0.));
#415 = CARTESIAN_POINT('',(98.872660192801,3.356026688514,0.));
#416 = CARTESIAN_POINT('',(98.859727660451,3.365903417416,0.));
#417 = CARTESIAN_POINT('',(98.846794814057,3.375783670674,0.));
#418 = CARTESIAN_POINT('',(98.833861652185,3.3856674456,0.));
#419 = CARTESIAN_POINT('',(98.820928173411,3.395554739542,0.));
#420 = CARTESIAN_POINT('',(98.807994376279,3.405445549799,0.));
#421 = CARTESIAN_POINT('',(98.795060259391,3.415339873727,0.));
#422 = CARTESIAN_POINT('',(98.782125821337,3.425237708673,0.));
#423 = CARTESIAN_POINT('',(98.769191060664,3.435139051937,0.));
#424 = CARTESIAN_POINT('',(98.756255975952,3.445043900867,0.));
#425 = CARTESIAN_POINT('',(98.743320565782,3.454952252797,0.));
#426 = CARTESIAN_POINT('',(98.730384828728,3.464864105059,0.));
#427 = CARTESIAN_POINT('',(98.717448763356,3.47477945499,0.));
#428 = CARTESIAN_POINT('',(98.704512368227,3.484698299898,0.));
#429 = CARTESIAN_POINT('',(98.691575641947,3.494620637151,0.));
#430 = CARTESIAN_POINT('',(98.678638583088,3.504546464082,0.));
#431 = CARTESIAN_POINT('',(98.665701190188,3.514475777986,0.));
#432 = CARTESIAN_POINT('',(98.652763461847,3.52440857623,0.));
#433 = CARTESIAN_POINT('',(98.63982539665,3.534344856151,0.));
#434 = CARTESIAN_POINT('',(98.626886993156,3.544284615071,0.));
#435 = CARTESIAN_POINT('',(98.613948249929,3.554227850317,0.));
#436 = CARTESIAN_POINT('',(98.601009165559,3.564174559241,0.));
#437 = CARTESIAN_POINT('',(98.588069738618,3.574124739176,0.));
#438 = CARTESIAN_POINT('',(98.575129967668,3.584078387452,0.));
#439 = CARTESIAN_POINT('',(98.562189851275,3.594035501384,0.));
#440 = CARTESIAN_POINT('',(98.549249388052,3.603996078355,0.));
#441 = CARTESIAN_POINT('',(98.536308576553,3.613960115674,0.));
#442 = CARTESIAN_POINT('',(98.523367415333,3.623927610661,0.));
#443 = CARTESIAN_POINT('',(98.510425902983,3.633898560682,0.));
#444 = CARTESIAN_POINT('',(98.497484038071,3.643872963051,0.));
#445 = CARTESIAN_POINT('',(98.484541819184,3.653850815134,0.));
#446 = CARTESIAN_POINT('',(98.471599244866,3.663832114224,0.));
#447 = CARTESIAN_POINT('',(98.458656313718,3.673816857691,0.));
#448 = CARTESIAN_POINT('',(98.445713024319,3.683805042879,0.));
#449 = CARTESIAN_POINT('',(98.432769375214,3.693796667091,0.));
#450 = CARTESIAN_POINT('',(98.419825364992,3.703791727695,0.));
#451 = CARTESIAN_POINT('',(98.406880992222,3.713790222001,0.));
#452 = CARTESIAN_POINT('',(98.393936255505,3.723792147396,0.));
#453 = CARTESIAN_POINT('',(98.380991153369,3.733797501163,0.));
#454 = CARTESIAN_POINT('',(98.368045684399,3.743806280654,0.));
#455 = CARTESIAN_POINT('',(98.355099847202,3.753818483248,0.));
#456 = CARTESIAN_POINT('',(98.342153640313,3.763834106229,0.));
#457 = CARTESIAN_POINT('',(98.329207062321,3.77385314697,0.));
#458 = CARTESIAN_POINT('',(98.316260111793,3.78387560279,0.));
#459 = CARTESIAN_POINT('',(98.303312787322,3.793901471054,0.));
#460 = CARTESIAN_POINT('',(98.290365087462,3.803930749083,0.));
#461 = CARTESIAN_POINT('',(98.277417010776,3.813963434203,0.));
#462 = CARTESIAN_POINT('',(98.264468555868,3.823999523792,0.));
#463 = CARTESIAN_POINT('',(98.251519721294,3.834039015157,0.));
#464 = CARTESIAN_POINT('',(98.238570505633,3.844081905664,0.));
#465 = CARTESIAN_POINT('',(98.225620907438,3.854128192617,0.));
#466 = CARTESIAN_POINT('',(98.212670925314,3.864177873396,0.));
#467 = CARTESIAN_POINT('',(98.199720557828,3.874230945334,0.));
#468 = CARTESIAN_POINT('',(98.186769803526,3.884287405745,0.));
#469 = CARTESIAN_POINT('',(98.173818660999,3.894347251994,0.));
#470 = CARTESIAN_POINT('',(98.16086712883,3.904410481422,0.));
#471 = CARTESIAN_POINT('',(98.147915205586,3.914477091371,0.));
#472 = CARTESIAN_POINT('',(98.134962889825,3.924547079165,0.));
#473 = CARTESIAN_POINT('',(98.122010180135,3.934620442161,0.));
#474 = CARTESIAN_POINT('',(98.109057075101,3.944697177706,0.));
#475 = CARTESIAN_POINT('',(98.096103573289,3.954777283144,0.));
#476 = CARTESIAN_POINT('',(98.083149673246,3.964860755788,0.));
#477 = CARTESIAN_POINT('',(98.070195373568,3.974947593013,0.));
#478 = CARTESIAN_POINT('',(98.057240672827,3.985037792156,0.));
#479 = CARTESIAN_POINT('',(98.044285569584,3.995131350543,0.));
#480 = CARTESIAN_POINT('',(98.031330062427,4.005228265531,0.));
#481 = CARTESIAN_POINT('',(98.018374149941,4.015328534471,0.));
#482 = CARTESIAN_POINT('',(98.005417830685,4.025432154696,0.));
#483 = CARTESIAN_POINT('',(97.992461103222,4.035539123547,0.));
#484 = CARTESIAN_POINT('',(97.979503966129,4.04564943837,0.));
#485 = CARTESIAN_POINT('',(97.966546417989,4.055763096514,0.));
#486 = CARTESIAN_POINT('',(97.953588457376,4.065880095325,0.));
#487 = CARTESIAN_POINT('',(97.940630082855,4.076000432145,0.));
#488 = CARTESIAN_POINT('',(97.927671292989,4.0861241043,0.));
#489 = CARTESIAN_POINT('',(97.914712086383,4.096251109171,0.));
#490 = CARTESIAN_POINT('',(97.901752461595,4.106381444082,0.));
#491 = CARTESIAN_POINT('',(97.88879241719,4.116515106374,0.));
#492 = CARTESIAN_POINT('',(97.875831951748,4.126652093404,0.));
#493 = CARTESIAN_POINT('',(97.86287106384,4.136792402507,0.));
#494 = CARTESIAN_POINT('',(97.849909752047,4.146936031044,0.));
#495 = CARTESIAN_POINT('',(97.836948014933,4.157082976346,0.));
#496 = CARTESIAN_POINT('',(97.823985851072,4.167233235762,0.));
#497 = CARTESIAN_POINT('',(97.811023259045,4.177386806648,0.));
#498 = CARTESIAN_POINT('',(97.798060237422,4.187543686338,0.));
#499 = CARTESIAN_POINT('',(97.78509678478,4.197703872191,0.));
#500 = CARTESIAN_POINT('',(97.772132899685,4.207867361545,0.));
#501 = CARTESIAN_POINT('',(97.759168580709,4.218034151744,0.));
#502 = CARTESIAN_POINT('',(97.746203826437,4.228204240149,0.));
#503 = CARTESIAN_POINT('',(97.733238635435,4.238377624091,0.));
#504 = CARTESIAN_POINT('',(97.720273006287,4.248554300943,0.));
#505 = CARTESIAN_POINT('',(97.707306937537,4.258734268007,0.));
#506 = CARTESIAN_POINT('',(97.694340427799,4.268917522683,0.));
#507 = CARTESIAN_POINT('',(97.681373475632,4.279104062298,0.));
#508 = CARTESIAN_POINT('',(97.668406079588,4.289293884176,0.));
#509 = CARTESIAN_POINT('',(97.655438238273,4.29948698571,0.));
#510 = CARTESIAN_POINT('',(97.64246995024,4.309683364214,0.));
#511 = CARTESIAN_POINT('',(97.629501214071,4.319883017053,0.));
#512 = CARTESIAN_POINT('',(97.616532028337,4.330085941574,0.));
#513 = CARTESIAN_POINT('',(97.603562391607,4.34029213512,0.));
#514 = CARTESIAN_POINT('',(97.590592302461,4.350501595043,0.));
#515 = CARTESIAN_POINT('',(97.577621759484,4.3607143187,0.));
#516 = CARTESIAN_POINT('',(97.564650761245,4.370930303449,0.));
#517 = CARTESIAN_POINT('',(97.551679306281,4.381149546587,0.));
#518 = CARTESIAN_POINT('',(97.538707393222,4.391372045534,0.));
#519 = CARTESIAN_POINT('',(97.525735020624,4.401597797615,0.));
#520 = CARTESIAN_POINT('',(97.512762187027,4.411826800143,0.));
#521 = CARTESIAN_POINT('',(97.499788891048,4.422059050528,0.));
#522 = CARTESIAN_POINT('',(97.486815131242,4.432294546078,0.));
#523 = CARTESIAN_POINT('',(97.473840906195,4.442533284165,0.));
#524 = CARTESIAN_POINT('',(97.460866214477,4.452775262137,0.));
#525 = CARTESIAN_POINT('',(97.447891054652,4.463020477333,0.));
#526 = CARTESIAN_POINT('',(97.434915425306,4.473268927122,0.));
#527 = CARTESIAN_POINT('',(97.421939325005,4.483520608846,0.));
#528 = CARTESIAN_POINT('',(97.408962752318,4.49377551985,0.));
#529 = CARTESIAN_POINT('',(97.395985705834,4.504033657494,0.));
#530 = CARTESIAN_POINT('',(97.38300818414,4.51429501915,0.));
#531 = CARTESIAN_POINT('',(97.370030185775,4.524559602124,0.));
#532 = CARTESIAN_POINT('',(97.35705170934,4.53482740381,0.));
#533 = CARTESIAN_POINT('',(97.344072753402,4.545098421541,0.));
#534 = CARTESIAN_POINT('',(97.331093316534,4.555372652678,0.));
#535 = CARTESIAN_POINT('',(97.318113397301,4.565650094565,0.));
#536 = CARTESIAN_POINT('',(97.305132994285,4.575930744543,0.));
#537 = CARTESIAN_POINT('',(97.292152106104,4.586214600026,0.));
#538 = CARTESIAN_POINT('',(97.279170731268,4.59650165829,0.));
#539 = CARTESIAN_POINT('',(97.266188868372,4.606791916726,0.));
#540 = CARTESIAN_POINT('',(97.253206516001,4.617085372692,0.));
#541 = CARTESIAN_POINT('',(97.240223672724,4.627382023525,0.));
#542 = CARTESIAN_POINT('',(97.227240337128,4.637681866603,0.));
#543 = CARTESIAN_POINT('',(97.214256507765,4.647984899238,0.));
#544 = CARTESIAN_POINT('',(97.201272183253,4.65829111885,0.));
#545 = CARTESIAN_POINT('',(97.188287362116,4.668600522728,0.));
#546 = CARTESIAN_POINT('',(97.175302042948,4.678913108253,0.));
#547 = CARTESIAN_POINT('',(97.162316224343,4.6892288728,0.));
#548 = CARTESIAN_POINT('',(97.149329904849,4.699547813688,0.));
#549 = CARTESIAN_POINT('',(97.136343083059,4.709869928295,0.));
#550 = CARTESIAN_POINT('',(97.123355757547,4.72019521397,0.));
#551 = CARTESIAN_POINT('',(97.110367926889,4.73052366808,0.));
#552 = CARTESIAN_POINT('',(97.09737958964,4.740855287948,0.));
#553 = CARTESIAN_POINT('',(97.084390744404,4.751190070966,0.));
#554 = CARTESIAN_POINT('',(97.071401389753,4.761528014481,0.));
#555 = CARTESIAN_POINT('',(97.058411524245,4.771869115826,0.));
#556 = CARTESIAN_POINT('',(97.045421146484,4.782213372403,0.));
#557 = CARTESIAN_POINT('',(97.032430255004,4.792560781508,0.));
#558 = CARTESIAN_POINT('',(97.019438848423,4.802911340551,0.));
#559 = CARTESIAN_POINT('',(97.006446925307,4.813265046877,0.));
#560 = CARTESIAN_POINT('',(96.993454484203,4.823621897801,0.));
#561 = CARTESIAN_POINT('',(96.980461523736,4.833981890758,0.));
#562 = CARTESIAN_POINT('',(96.96746804243,4.844345023024,0.));
#563 = CARTESIAN_POINT('',(96.954474038897,4.854711292005,0.));
#564 = CARTESIAN_POINT('',(96.941479511718,4.865080695057,0.));
#565 = CARTESIAN_POINT('',(96.928484459451,4.875453229521,0.));
#566 = CARTESIAN_POINT('',(96.915488880674,4.88582889276,0.));
#567 = CARTESIAN_POINT('',(96.902492773967,4.896207682131,0.));
#568 = CARTESIAN_POINT('',(96.889496137919,4.906589595009,0.));
#569 = CARTESIAN_POINT('',(96.876498971086,4.916974628723,0.));
#570 = CARTESIAN_POINT('',(96.863501272058,4.927362780666,0.));
#571 = CARTESIAN_POINT('',(96.850503039388,4.93775404815,0.));
#572 = CARTESIAN_POINT('',(96.837504271693,4.948148428583,0.));
#573 = CARTESIAN_POINT('',(96.824504967537,4.958545919309,0.));
#574 = CARTESIAN_POINT('',(96.811505125473,4.968946517655,0.));
#575 = CARTESIAN_POINT('',(96.798504744113,4.979350221035,0.));
#576 = CARTESIAN_POINT('',(96.785503822005,4.989757026758,0.));
#577 = CARTESIAN_POINT('',(96.77250235775,5.000166932221,0.));
#578 = CARTESIAN_POINT('',(96.75950034991,5.010579934761,0.));
#579 = CARTESIAN_POINT('',(96.746497797067,5.020996031747,0.));
#580 = CARTESIAN_POINT('',(96.733494697801,5.031415220539,0.));
#581 = CARTESIAN_POINT('',(96.720491050688,5.04183749849,0.));
#582 = CARTESIAN_POINT('',(96.707486854318,5.052262862984,0.));
#583 = CARTESIAN_POINT('',(96.69448210724,5.062691311341,0.));
#584 = CARTESIAN_POINT('',(96.681476808059,5.07312284096,0.));
#585 = CARTESIAN_POINT('',(96.668470955342,5.083557449186,0.));
#586 = CARTESIAN_POINT('',(96.65546454766,5.093995133372,0.));
#587 = CARTESIAN_POINT('',(96.642457583605,5.104435890889,0.));
#588 = CARTESIAN_POINT('',(96.629450061767,5.114879719111,0.));
#589 = CARTESIAN_POINT('',(96.616441980701,5.125326615379,0.));
#590 = CARTESIAN_POINT('',(96.60343333898,5.135776577048,0.));
#591 = CARTESIAN_POINT('',(96.590424135211,5.146229601514,0.));
#592 = CARTESIAN_POINT('',(96.57741436795,5.156685686108,0.));
#593 = CARTESIAN_POINT('',(96.564404035779,5.167144828199,0.));
#594 = CARTESIAN_POINT('',(96.551393137287,5.177607025165,0.));
#595 = CARTESIAN_POINT('',(96.538381671036,5.188072274332,0.));
#596 = CARTESIAN_POINT('',(96.525369635645,5.198540573123,0.));
#597 = CARTESIAN_POINT('',(96.512357029642,5.209011918834,0.));
#598 = CARTESIAN_POINT('',(96.499343851633,5.219486308862,0.));
#599 = CARTESIAN_POINT('',(96.486330100213,5.229963740593,0.));
#600 = CARTESIAN_POINT('',(96.473315773913,5.240444211327,0.));
#601 = CARTESIAN_POINT('',(96.460300871352,5.250927718482,0.));
#602 = CARTESIAN_POINT('',(96.447285391107,5.261414259401,0.));
#603 = CARTESIAN_POINT('',(96.434269331757,5.271903831459,0.));
#604 = CARTESIAN_POINT('',(96.421252691861,5.282396431994,0.));
#605 = CARTESIAN_POINT('',(96.408235470016,5.292892058392,0.));
#606 = CARTESIAN_POINT('',(96.395217664809,5.303390708021,0.));
#607 = CARTESIAN_POINT('',(96.382199274802,5.313892378214,0.));
#608 = CARTESIAN_POINT('',(96.369180298608,5.324397066391,0.));
#609 = CARTESIAN_POINT('',(96.35616073476,5.334904769851,0.));
#610 = CARTESIAN_POINT('',(96.343140581863,5.345415486002,0.));
#611 = CARTESIAN_POINT('',(96.330119838498,5.355929212202,0.));
#612 = CARTESIAN_POINT('',(96.317098503233,5.366445945788,0.));
#613 = CARTESIAN_POINT('',(96.304076574693,5.376965684182,0.));
#614 = CARTESIAN_POINT('',(96.291054051414,5.387488424689,0.));
#615 = CARTESIAN_POINT('',(96.278030932,5.398014164721,0.));
#616 = CARTESIAN_POINT('',(96.265007215002,5.408542901595,0.));
#617 = CARTESIAN_POINT('',(96.251982899041,5.419074632733,0.));
#618 = CARTESIAN_POINT('',(96.238957982669,5.429609355464,0.));
#619 = CARTESIAN_POINT('',(96.225932464457,5.440147067132,0.));
#620 = CARTESIAN_POINT('',(96.21290634305,5.450687765188,0.));
#621 = CARTESIAN_POINT('',(96.199879616959,5.4612314469,0.));
#622 = CARTESIAN_POINT('',(96.186852284801,5.471778109694,0.));
#623 = CARTESIAN_POINT('',(96.173824345153,5.482327750919,0.));
#624 = CARTESIAN_POINT('',(96.160795796597,5.492880367941,0.));
#625 = CARTESIAN_POINT('',(96.147766637721,5.503435958141,0.));
#626 = CARTESIAN_POINT('',(96.134736867079,5.513994518841,0.));
#627 = CARTESIAN_POINT('',(96.121706483307,5.524556047487,0.));
#628 = CARTESIAN_POINT('',(96.108675484927,5.535120541362,0.));
#629 = CARTESIAN_POINT('',(96.095643870554,5.545687997884,0.));
#630 = CARTESIAN_POINT('',(96.08261163877,5.556258414411,0.));
#631 = CARTESIAN_POINT('',(96.069578788152,5.566831788298,0.));
#632 = CARTESIAN_POINT('',(96.056545317298,5.577408116943,0.));
#633 = CARTESIAN_POINT('',(96.043511224753,5.587987397653,0.));
#634 = CARTESIAN_POINT('',(96.030476509162,5.598569627883,0.));
#635 = CARTESIAN_POINT('',(96.017441169054,5.609154804926,0.));
#636 = CARTESIAN_POINT('',(96.004405203026,5.61974292618,0.));
#637 = CARTESIAN_POINT('',(95.991368609672,5.630333989022,0.));
#638 = CARTESIAN_POINT('',(95.978331387562,5.640927990794,0.));
#639 = CARTESIAN_POINT('',(95.965293535306,5.651524928898,0.));
#640 = CARTESIAN_POINT('',(95.95225505147,5.662124800683,0.));
#641 = CARTESIAN_POINT('',(95.93921593463,5.672727603519,0.));
#642 = CARTESIAN_POINT('',(95.926176183368,5.683333334759,0.));
#643 = CARTESIAN_POINT('',(95.913135796307,5.69394199182,0.));
#644 = CARTESIAN_POINT('',(95.900094771999,5.704553572033,0.));
#645 = CARTESIAN_POINT('',(95.887053109017,5.715168072761,0.));
#646 = CARTESIAN_POINT('',(95.874010805973,5.725785491407,0.));
#647 = CARTESIAN_POINT('',(95.860967861434,5.736405825309,0.));
#648 = CARTESIAN_POINT('',(95.847924274003,5.74702907186,0.));
#649 = CARTESIAN_POINT('',(95.834880042257,5.75765522842,0.));
#650 = CARTESIAN_POINT('',(95.821835164774,5.768284292361,0.));
#651 = CARTESIAN_POINT('',(95.808789640133,5.778916261036,0.));
#652 = CARTESIAN_POINT('',(95.795743466953,5.789551131853,0.));
#653 = CARTESIAN_POINT('',(95.7826966438,5.800188902165,0.));
#654 = CARTESIAN_POINT('',(95.76964916923,5.810829569302,0.));
#655 = CARTESIAN_POINT('',(95.756601041891,5.821473130719,0.));
#656 = CARTESIAN_POINT('',(95.743552260318,5.832119583713,0.));
#657 = CARTESIAN_POINT('',(95.730502823111,5.842768925677,0.));
#658 = CARTESIAN_POINT('',(95.717452728884,5.853421154017,0.));
#659 = CARTESIAN_POINT('',(95.704401976176,5.864076266045,0.));
#660 = CARTESIAN_POINT('',(95.691350563603,5.874734259174,0.));
#661 = CARTESIAN_POINT('',(95.67829848975,5.885395130766,0.));
#662 = CARTESIAN_POINT('',(95.665245753199,5.896058878184,0.));
#663 = CARTESIAN_POINT('',(95.652192352549,5.906725498819,0.));
#664 = CARTESIAN_POINT('',(95.63913828637,5.917394990016,0.));
#665 = CARTESIAN_POINT('',(95.626083553267,5.928067349178,0.));
#666 = CARTESIAN_POINT('',(95.613028151807,5.938742573655,0.));
#667 = CARTESIAN_POINT('',(95.599972080571,5.949420660807,0.));
#668 = CARTESIAN_POINT('',(95.586915338191,5.960101608056,0.));
#669 = CARTESIAN_POINT('',(95.573857923222,5.970785412728,0.));
#670 = CARTESIAN_POINT('',(95.560799834256,5.981472072215,0.));
#671 = CARTESIAN_POINT('',(95.547741069878,5.99216158388,0.));
#672 = CARTESIAN_POINT('',(95.534681628695,6.002853945117,0.));
#673 = CARTESIAN_POINT('',(95.521621509277,6.013549153277,0.));
#674 = CARTESIAN_POINT('',(95.508560710213,6.024247205734,0.));
#675 = CARTESIAN_POINT('',(95.495499230115,6.034948099892,0.));
#676 = CARTESIAN_POINT('',(95.482437067537,6.04565183308,0.));
#677 = CARTESIAN_POINT('',(95.469374221088,6.056358402697,0.));
#678 = CARTESIAN_POINT('',(95.456310689367,6.067067806121,0.));
#679 = CARTESIAN_POINT('',(95.443246470952,6.077780040724,0.));
#680 = CARTESIAN_POINT('',(95.430181564412,6.088495103847,0.));
#681 = CARTESIAN_POINT('',(95.41711596838,6.09921299292,0.));
#682 = CARTESIAN_POINT('',(95.404049681423,6.109933705286,0.));
#683 = CARTESIAN_POINT('',(95.390982702115,6.120657238297,0.));
#684 = CARTESIAN_POINT('',(95.377915029092,6.131383589387,0.));
#685 = CARTESIAN_POINT('',(95.364846660907,6.142112755886,0.));
#686 = CARTESIAN_POINT('',(95.351777596141,6.152844735167,0.));
#687 = CARTESIAN_POINT('',(95.338707833407,6.163579524625,0.));
#688 = CARTESIAN_POINT('',(95.325637371303,6.174317121632,0.));
#689 = CARTESIAN_POINT('',(95.312566208413,6.185057523557,0.));
#690 = CARTESIAN_POINT('',(95.299494343327,6.195800727784,0.));
#691 = CARTESIAN_POINT('',(95.286421774618,6.206546731665,0.));
#692 = CARTESIAN_POINT('',(95.273348500904,6.217295532606,0.));
#693 = CARTESIAN_POINT('',(95.260274520774,6.228047127971,0.));
#694 = CARTESIAN_POINT('',(95.247199832805,6.238801515124,0.));
#695 = CARTESIAN_POINT('',(95.234124435607,6.249558691468,0.));
#696 = CARTESIAN_POINT('',(95.221048327744,6.26031865434,0.));
#697 = CARTESIAN_POINT('',(95.207971507839,6.27108140115,0.));
#698 = CARTESIAN_POINT('',(95.194893974487,6.281846929272,0.));
#699 = CARTESIAN_POINT('',(95.181815726257,6.292615236065,0.));
#700 = CARTESIAN_POINT('',(95.168736761741,6.303386318911,0.));
#701 = CARTESIAN_POINT('',(95.155657079542,6.314160175188,0.));
#702 = CARTESIAN_POINT('',(95.142576678263,6.324936802279,0.));
#703 = CARTESIAN_POINT('',(95.129495556498,6.33571619756,0.));
#704 = CARTESIAN_POINT('',(95.116413712833,6.346498358411,0.));
#705 = CARTESIAN_POINT('',(95.103331145839,6.357283282181,0.));
#706 = CARTESIAN_POINT('',(95.090247854137,6.368070966279,0.));
#707 = CARTESIAN_POINT('',(95.077163836332,6.378861408084,0.));
#708 = CARTESIAN_POINT('',(95.064079090993,6.389654604953,0.));
#709 = CARTESIAN_POINT('',(95.050993616715,6.400450554261,0.));
#710 = CARTESIAN_POINT('',(95.037907412121,6.411249253422,0.));
#711 = CARTESIAN_POINT('',(95.024820475775,6.422050699778,0.));
#712 = CARTESIAN_POINT('',(95.01173280627,6.432854890702,0.));
#713 = CARTESIAN_POINT('',(94.998644402242,6.443661823621,0.));
#714 = CARTESIAN_POINT('',(94.985555262243,6.454471495854,0.));
#715 = CARTESIAN_POINT('',(94.972465384895,6.465283904822,0.));
#716 = CARTESIAN_POINT('',(94.959374768781,6.476099047884,0.));
#717 = CARTESIAN_POINT('',(94.946283412492,6.486916922412,0.));
#718 = CARTESIAN_POINT('',(94.933191314649,6.497737525817,0.));
#719 = CARTESIAN_POINT('',(94.920098473814,6.508560855434,0.));
#720 = CARTESIAN_POINT('',(94.907004888607,6.519386908673,0.));
#721 = CARTESIAN_POINT('',(94.893910557626,6.530215682906,0.));
#722 = CARTESIAN_POINT('',(94.880815479461,6.541047175513,0.));
#723 = CARTESIAN_POINT('',(94.8677196527,6.551881383862,0.));
#724 = CARTESIAN_POINT('',(94.85462307595,6.562718305343,0.));
#725 = CARTESIAN_POINT('',(94.841525747816,6.573557937339,0.));
#726 = CARTESIAN_POINT('',(94.828427666886,6.584400277223,0.));
#727 = CARTESIAN_POINT('',(94.815328831753,6.595245322372,0.));
#728 = CARTESIAN_POINT('',(94.802229241019,6.606093070165,0.));
#729 = CARTESIAN_POINT('',(94.7891288933,6.616943518001,0.));
#730 = CARTESIAN_POINT('',(94.776027787177,6.627796663237,0.));
#731 = CARTESIAN_POINT('',(94.762925921252,6.638652503272,0.));
#732 = CARTESIAN_POINT('',(94.749823294104,6.649511035453,0.));
#733 = CARTESIAN_POINT('',(94.736719904371,6.66037225721,0.));
#734 = CARTESIAN_POINT('',(94.723615750626,6.671236165886,0.));
#735 = CARTESIAN_POINT('',(94.710510831471,6.682102758866,0.));
#736 = CARTESIAN_POINT('',(94.697405145528,6.692972033565,0.));
#737 = CARTESIAN_POINT('',(94.68429869135,6.703843987298,0.));
#738 = CARTESIAN_POINT('',(94.67119146759,6.714718617519,0.));
#739 = CARTESIAN_POINT('',(94.658083472811,6.725595921557,0.));
#740 = CARTESIAN_POINT('',(94.64497470563,6.736475896815,0.));
#741 = CARTESIAN_POINT('',(94.631865164647,6.747358540674,0.));
#742 = CARTESIAN_POINT('',(94.618754848457,6.758243850513,0.));
#743 = CARTESIAN_POINT('',(94.605643755654,6.7691318237,0.));
#744 = CARTESIAN_POINT('',(94.592531884863,6.780022457639,0.));
#745 = CARTESIAN_POINT('',(94.579419234686,6.790915749725,0.));
#746 = CARTESIAN_POINT('',(94.566305803665,6.801811697268,0.));
#747 = CARTESIAN_POINT('',(94.553191590468,6.812710297735,0.));
#748 = CARTESIAN_POINT('',(94.540076593675,6.823611548456,0.));
#749 = CARTESIAN_POINT('',(94.526960811904,6.834515446842,0.));
#750 = CARTESIAN_POINT('',(94.51384424374,6.845421990262,0.));
#751 = CARTESIAN_POINT('',(94.500726887774,6.856331176084,0.));
#752 = CARTESIAN_POINT('',(94.487608742633,6.867243001718,0.));
#753 = CARTESIAN_POINT('',(94.474489806916,6.878157464537,0.));
#754 = CARTESIAN_POINT('',(94.461370079214,6.88907456192,0.));
#755 = CARTESIAN_POINT('',(94.448249558121,6.899994291234,0.));
#756 = CARTESIAN_POINT('',(94.435128242276,6.9109166499,0.));
#757 = CARTESIAN_POINT('',(94.422006130262,6.921841635273,0.));
#758 = CARTESIAN_POINT('',(94.408883220687,6.932769244742,0.));
#759 = CARTESIAN_POINT('',(94.395759512155,6.943699475696,0.));
#760 = CARTESIAN_POINT('',(94.382635003261,6.954632325508,0.));
#761 = CARTESIAN_POINT('',(94.369509692619,6.96556779157,0.));
#762 = CARTESIAN_POINT('',(94.356383578835,6.976505871264,0.));
#763 = CARTESIAN_POINT('',(94.343256660513,6.987446561975,0.));
#764 = CARTESIAN_POINT('',(94.330128936253,6.998389861077,0.));
#765 = CARTESIAN_POINT('',(94.317000404672,7.009335765969,0.));
#766 = CARTESIAN_POINT('',(94.303871064371,7.020284274033,0.));
#767 = CARTESIAN_POINT('',(94.290740913938,7.031235382627,0.));
#768 = CARTESIAN_POINT('',(94.277609952016,7.042189089179,0.));
#769 = CARTESIAN_POINT('',(94.264478177187,7.053145391045,0.));
#770 = CARTESIAN_POINT('',(94.25134558805,7.064104285602,0.));
#771 = CARTESIAN_POINT('',(94.238212183231,7.075065770259,0.));
#772 = CARTESIAN_POINT('',(94.225077961334,7.086029842396,0.));
#773 = CARTESIAN_POINT('',(94.211942920942,7.096996499367,0.));
#774 = CARTESIAN_POINT('',(94.198807060703,7.107965738596,0.));
#775 = CARTESIAN_POINT('',(94.185670379222,7.118937557469,0.));
#776 = CARTESIAN_POINT('',(94.172532875067,7.129911953326,0.));
#777 = CARTESIAN_POINT('',(94.159394546875,7.140888923601,0.));
#778 = CARTESIAN_POINT('',(94.146255393239,7.151868465643,0.));
#779 = CARTESIAN_POINT('',(94.133115412787,7.162850576865,0.));
#780 = CARTESIAN_POINT('',(94.119974604124,7.173835254649,0.));
#781 = CARTESIAN_POINT('',(94.106832965833,7.184822496344,0.));
#782 = CARTESIAN_POINT('',(94.09369049657,7.195812299398,0.));
#783 = CARTESIAN_POINT('',(94.080547194905,7.206804661147,0.));
#784 = CARTESIAN_POINT('',(94.067403059453,7.217799578984,0.));
#785 = CARTESIAN_POINT('',(94.05425808885,7.228797050319,0.));
#786 = CARTESIAN_POINT('',(94.041112281696,7.239797072526,0.));
#787 = CARTESIAN_POINT('',(94.027965636582,7.250799642973,0.));
#788 = CARTESIAN_POINT('',(94.01481815214,7.261804759076,0.));
#789 = CARTESIAN_POINT('',(94.001669826965,7.272812418199,0.));
#790 = CARTESIAN_POINT('',(93.988520659677,7.283822617733,0.));
#791 = CARTESIAN_POINT('',(93.9753706489,7.294835355085,0.));
#792 = CARTESIAN_POINT('',(93.962219793218,7.305850627609,0.));
#793 = CARTESIAN_POINT('',(93.949068091256,7.316868432702,0.));
#794 = CARTESIAN_POINT('',(93.935915541651,7.327888767782,0.));
#795 = CARTESIAN_POINT('',(93.92276214298,7.338911630194,0.));
#796 = CARTESIAN_POINT('',(93.909607893858,7.349937017332,0.));
#797 = CARTESIAN_POINT('',(93.896452792928,7.360964926616,0.));
#798 = CARTESIAN_POINT('',(93.883296838773,7.371995355394,0.));
#799 = CARTESIAN_POINT('',(93.870140030016,7.38302830107,0.));
#800 = CARTESIAN_POINT('',(93.856982365276,7.39406376104,0.));
#801 = CARTESIAN_POINT('',(93.843823843155,7.405101732674,0.));
#802 = CARTESIAN_POINT('',(93.830664462273,7.416142213362,0.));
#803 = CARTESIAN_POINT('',(93.817504221267,7.427185200514,0.));
#804 = CARTESIAN_POINT('',(93.804343118731,7.438230691506,0.));
#805 = CARTESIAN_POINT('',(93.791181153252,7.44927868369,0.));
#806 = CARTESIAN_POINT('',(93.778018323495,7.460329174511,0.));
#807 = CARTESIAN_POINT('',(93.764854628063,7.47138216134,0.));
#808 = CARTESIAN_POINT('',(93.751690065536,7.482437641527,0.));
#809 = CARTESIAN_POINT('',(93.738524634573,7.493495612509,0.));
#810 = CARTESIAN_POINT('',(93.725358333785,7.504556071668,0.));
#811 = CARTESIAN_POINT('',(93.712191161754,7.515619016351,0.));
#812 = CARTESIAN_POINT('',(93.699023117136,7.526684443997,0.));
#813 = CARTESIAN_POINT('',(93.685854198532,7.537752351974,0.));
#814 = CARTESIAN_POINT('',(93.672684404543,7.548822737654,0.));
#815 = CARTESIAN_POINT('',(93.659513733811,7.559895598458,0.));
#816 = CARTESIAN_POINT('',(93.646342184943,7.570970931747,0.));
#817 = CARTESIAN_POINT('',(93.633169756573,7.582048734934,0.));
#818 = CARTESIAN_POINT('',(93.619996447308,7.593129005403,0.));
#819 = CARTESIAN_POINT('',(93.606822255737,7.604211740506,0.));
#820 = CARTESIAN_POINT('',(93.593647180532,7.615296937695,0.));
#821 = CARTESIAN_POINT('',(93.58047122028,7.626384594319,0.));
#822 = CARTESIAN_POINT('',(93.56729437359,7.637474707767,0.));
#823 = CARTESIAN_POINT('',(93.554116639097,7.648567275439,0.));
#824 = CARTESIAN_POINT('',(93.540938015431,7.659662294729,0.));
#825 = CARTESIAN_POINT('',(93.527758501211,7.670759763024,0.));
#826 = CARTESIAN_POINT('',(93.514578095047,7.681859677712,0.));
#827 = CARTESIAN_POINT('',(93.50139679555,7.692962036172,0.));
#828 = CARTESIAN_POINT('',(93.488214601354,7.70406683581,0.));
#829 = CARTESIAN_POINT('',(93.475031511085,7.715174074019,0.));
#830 = CARTESIAN_POINT('',(93.46184752334,7.726283748161,0.));
#831 = CARTESIAN_POINT('',(93.448662636772,7.737395855663,0.));
#832 = CARTESIAN_POINT('',(93.435476849988,7.748510393891,0.));
#833 = CARTESIAN_POINT('',(93.422290161616,7.759627360253,0.));
#834 = CARTESIAN_POINT('',(93.409102570261,7.770746752116,0.));
#835 = CARTESIAN_POINT('',(93.395914074563,7.78186856689,0.));
#836 = CARTESIAN_POINT('',(93.382724673144,7.792992801964,0.));
#837 = CARTESIAN_POINT('',(93.36953436462,7.80411945472,0.));
#838 = CARTESIAN_POINT('',(93.356343147619,7.815248522563,0.));
#839 = CARTESIAN_POINT('',(93.343151020747,7.826380002856,0.));
#840 = CARTESIAN_POINT('',(93.329957982661,7.837513893032,0.));
#841 = CARTESIAN_POINT('',(93.31676403196,7.848650190445,0.));
#842 = CARTESIAN_POINT('',(93.303569167278,7.859788892502,0.));
#843 = CARTESIAN_POINT('',(93.290373387249,7.870929996606,0.));
#844 = CARTESIAN_POINT('',(93.277176690471,7.882073500118,0.));
#845 = CARTESIAN_POINT('',(93.263979075592,7.893219400457,0.));
#846 = CARTESIAN_POINT('',(93.250780541236,7.904367695003,0.));
#847 = CARTESIAN_POINT('',(93.237581086031,7.915518381161,0.));
#848 = CARTESIAN_POINT('',(93.224380708576,7.926671456283,0.));
#849 = CARTESIAN_POINT('',(93.211179407547,7.937826917828,0.));
#850 = CARTESIAN_POINT('',(93.197977181518,7.94898476312,0.));
#851 = CARTESIAN_POINT('',(93.184774029139,7.960144989587,0.));
#852 = CARTESIAN_POINT('',(93.171569949047,7.971307594625,0.));
#853 = CARTESIAN_POINT('',(93.158364939855,7.9824725756,0.));
#854 = CARTESIAN_POINT('',(93.145159000213,7.993639929937,0.));
#855 = CARTESIAN_POINT('',(93.131952128735,8.004809655008,0.));
#856 = CARTESIAN_POINT('',(93.11874432404,8.01598174822,0.));
#857 = CARTESIAN_POINT('',(93.105535584726,8.027156206915,0.));
#858 = CARTESIAN_POINT('',(93.092325909489,8.038333028557,0.));
#859 = CARTESIAN_POINT('',(93.079115296949,8.049512210525,0.));
#860 = CARTESIAN_POINT('',(93.065903745681,8.060693750149,0.));
#861 = CARTESIAN_POINT('',(93.052691254375,8.071877644902,0.));
#862 = CARTESIAN_POINT('',(93.039477821635,8.083063892136,0.));
#863 = CARTESIAN_POINT('',(93.026263446084,8.094252489241,0.));
#864 = CARTESIAN_POINT('',(93.013048126365,8.105443433629,0.));
#865 = CARTESIAN_POINT('',(92.9998318611,8.116636722686,0.));
#866 = CARTESIAN_POINT('',(92.986614648909,8.127832353782,0.));
#867 = CARTESIAN_POINT('',(92.973396488463,8.13903032436,0.));
#868 = CARTESIAN_POINT('',(92.960177378364,8.150230631773,0.));
#869 = CARTESIAN_POINT('',(92.946957317247,8.161433273418,0.));
#870 = CARTESIAN_POINT('',(92.933736303767,8.172638246726,0.));
#871 = CARTESIAN_POINT('',(92.920514336509,8.183845549029,0.));
#872 = CARTESIAN_POINT('',(92.907291414143,8.195055177765,0.));
#873 = CARTESIAN_POINT('',(92.894067535315,8.206267130335,0.));
#874 = CARTESIAN_POINT('',(92.880842698623,8.217481404103,0.));
#875 = CARTESIAN_POINT('',(92.867616902696,8.228697996463,0.));
#876 = CARTESIAN_POINT('',(92.854390146197,8.239916904829,0.));
#877 = CARTESIAN_POINT('',(92.841162427771,8.251138126604,0.));
#878 = CARTESIAN_POINT('',(92.827933746018,8.262361659147,0.));
#879 = CARTESIAN_POINT('',(92.814704099588,8.273587499872,0.));
#880 = CARTESIAN_POINT('',(92.801473487134,8.284815646193,0.));
#881 = CARTESIAN_POINT('',(92.788241907256,8.296046095467,0.));
#882 = CARTESIAN_POINT('',(92.775009358598,8.307278845103,0.));
#883 = CARTESIAN_POINT('',(92.761775839815,8.318513892503,0.));
#884 = CARTESIAN_POINT('',(92.748541349549,8.329751235072,0.));
#885 = CARTESIAN_POINT('',(92.735305886408,8.340990870171,0.));
#886 = CARTESIAN_POINT('',(92.722069449051,8.352232795223,0.));
#887 = CARTESIAN_POINT('',(92.708832036113,8.363477007621,0.));
#888 = CARTESIAN_POINT('',(92.695593646214,8.374723504745,0.));
#889 = CARTESIAN_POINT('',(92.682354277999,8.385972283989,0.));
#890 = CARTESIAN_POINT('',(92.669113930138,8.397223342786,0.));
#891 = CARTESIAN_POINT('',(92.655872601231,8.408476678485,0.));
#892 = CARTESIAN_POINT('',(92.642630289921,8.419732288493,0.));
#893 = CARTESIAN_POINT('',(92.629386994874,8.43099017023,0.));
#894 = CARTESIAN_POINT('',(92.616142714711,8.442250321072,0.));
#895 = CARTESIAN_POINT('',(92.602897448056,8.453512738401,0.));
#896 = CARTESIAN_POINT('',(92.589651193576,8.464777419639,0.));
#897 = CARTESIAN_POINT('',(92.576403949911,8.476044362181,0.));
#898 = CARTESIAN_POINT('',(92.563155715678,8.487313563394,0.));
#899 = CARTESIAN_POINT('',(92.549906489538,8.498585020699,0.));
#900 = CARTESIAN_POINT('',(92.536656270143,8.509858731503,0.));
#901 = CARTESIAN_POINT('',(92.523405056098,8.521134693166,0.));
#902 = CARTESIAN_POINT('',(92.510152846059,8.532412903099,0.));
#903 = CARTESIAN_POINT('',(92.496899638697,8.543693358719,0.));
#904 = CARTESIAN_POINT('',(92.483645432636,8.5549760574,0.));
#905 = CARTESIAN_POINT('',(92.470390226516,8.566260996555,0.));
#906 = CARTESIAN_POINT('',(92.457134018956,8.577548173541,0.));
#907 = CARTESIAN_POINT('',(92.443876808645,8.588837585805,0.));
#908 = CARTESIAN_POINT('',(92.430618594215,8.600129230732,0.));
#909 = CARTESIAN_POINT('',(92.417359374278,8.611423105679,0.));
#910 = CARTESIAN_POINT('',(92.404099147518,8.622719208094,0.));
#911 = CARTESIAN_POINT('',(92.390837912566,8.634017535351,0.));
#912 = CARTESIAN_POINT('',(92.377575668057,8.645318084842,0.));
#913 = CARTESIAN_POINT('',(92.364312412642,8.656620853968,0.));
#914 = CARTESIAN_POINT('',(92.35104814498,8.66792584013,0.));
#915 = CARTESIAN_POINT('',(92.337782863725,8.679233040747,0.));
#916 = CARTESIAN_POINT('',(92.324516567467,8.690542453155,0.));
#917 = CARTESIAN_POINT('',(92.311249254898,8.701854074796,0.));
#918 = CARTESIAN_POINT('',(92.29798092469,8.713167903086,0.));
#919 = CARTESIAN_POINT('',(92.28471157545,8.724483935384,0.));
#920 = CARTESIAN_POINT('',(92.271441205818,8.735802169082,0.));
#921 = CARTESIAN_POINT('',(92.25816981448,8.747122601621,0.));
#922 = CARTESIAN_POINT('',(92.24489740006,8.75844523037,0.));
#923 = CARTESIAN_POINT('',(92.231623961187,8.769770052707,0.));
#924 = CARTESIAN_POINT('',(92.218349496554,8.781097066077,0.));
#925 = CARTESIAN_POINT('',(92.205074004787,8.792426267841,0.));
#926 = CARTESIAN_POINT('',(92.191797484551,8.803757655426,0.));
#927 = CARTESIAN_POINT('',(92.178519934467,8.815091226188,0.));
#928 = CARTESIAN_POINT('',(92.165241353218,8.826426977568,0.));
#929 = CARTESIAN_POINT('',(92.151961739451,8.837764906961,0.));
#930 = CARTESIAN_POINT('',(92.138681091767,8.849105011708,0.));
#931 = CARTESIAN_POINT('',(92.125399408887,8.860447289288,0.));
#932 = CARTESIAN_POINT('',(92.11211668943,8.871791737052,0.));
#933 = CARTESIAN_POINT('',(92.098832932042,8.883138352399,0.));
#934 = CARTESIAN_POINT('',(92.085548135389,8.894487132746,0.));
#935 = CARTESIAN_POINT('',(92.072262298115,8.905838075476,0.));
#936 = CARTESIAN_POINT('',(92.058975418881,8.917191177997,0.));
#937 = CARTESIAN_POINT('',(92.045687496335,8.928546437702,0.));
#938 = CARTESIAN_POINT('',(92.032398529137,8.939903851993,0.));
#939 = CARTESIAN_POINT('',(92.01910851594,8.951263418274,0.));
#940 = CARTESIAN_POINT('',(92.005817455386,8.96262513393,0.));
#941 = CARTESIAN_POINT('',(91.99252534613,8.973988996358,0.));
#942 = CARTESIAN_POINT('',(91.979232186859,8.985355002992,0.));
#943 = CARTESIAN_POINT('',(91.96593797619,8.996723151185,0.));
#944 = CARTESIAN_POINT('',(91.952642712797,9.00809343836,0.));
#945 = CARTESIAN_POINT('',(91.939346395342,9.019465861923,0.));
#946 = CARTESIAN_POINT('',(91.926049022465,9.030840419254,0.));
#947 = CARTESIAN_POINT('',(91.912750592828,9.042217107759,0.));
#948 = CARTESIAN_POINT('',(91.899451105102,9.053595924849,0.));
#949 = CARTESIAN_POINT('',(91.886150557933,9.064976867912,0.));
#950 = CARTESIAN_POINT('',(91.872848949974,9.076359934344,0.));
#951 = CARTESIAN_POINT('',(91.859546279897,9.087745121559,0.));
#952 = CARTESIAN_POINT('',(91.846242546351,9.099132426941,0.));
#953 = CARTESIAN_POINT('',(91.832937748001,9.110521847911,0.));
#954 = CARTESIAN_POINT('',(91.819631883479,9.121913381827,0.));
#955 = CARTESIAN_POINT('',(91.80632495149,9.133307026143,0.));
#956 = CARTESIAN_POINT('',(91.793016950668,9.14470277822,0.));
#957 = CARTESIAN_POINT('',(91.779707879682,9.156100635481,0.));
#958 = CARTESIAN_POINT('',(91.766397737173,9.1675005953,0.));
#959 = CARTESIAN_POINT('',(91.753086521821,9.178902655095,0.));
#960 = CARTESIAN_POINT('',(91.739774232304,9.190306812288,0.));
#961 = CARTESIAN_POINT('',(91.726460867237,9.201713064219,0.));
#962 = CARTESIAN_POINT('',(91.713146425328,9.21312140835,0.));
#963 = CARTESIAN_POINT('',(91.699830905221,9.22453184205,0.));
#964 = CARTESIAN_POINT('',(91.686514305574,9.235944362724,0.));
#965 = CARTESIAN_POINT('',(91.673196625047,9.247358967775,0.));
#966 = CARTESIAN_POINT('',(91.659877862301,9.258775654587,0.));
#967 = CARTESIAN_POINT('',(91.646558016035,9.270194420603,0.));
#968 = CARTESIAN_POINT('',(91.633237084872,9.281615263176,0.));
#969 = CARTESIAN_POINT('',(91.619915067497,9.293038179737,0.));
#970 = CARTESIAN_POINT('',(91.606591962565,9.304463167672,0.));
#971 = CARTESIAN_POINT('',(91.593267768747,9.315890224388,0.));
#972 = CARTESIAN_POINT('',(91.57994248471,9.327319347281,0.));
#973 = CARTESIAN_POINT('',(91.566616109132,9.338750533765,0.));
#974 = CARTESIAN_POINT('',(91.553288640668,9.350183781238,0.));
#975 = CARTESIAN_POINT('',(91.539960077956,9.36161908707,0.));
#976 = CARTESIAN_POINT('',(91.5266304197,9.3730564487,0.));
#977 = CARTESIAN_POINT('',(91.513299664573,9.38449586353,0.));
#978 = CARTESIAN_POINT('',(91.499967811213,9.395937328928,0.));
#979 = CARTESIAN_POINT('',(91.486634858305,9.407380842314,0.));
#980 = CARTESIAN_POINT('',(91.473300804542,9.418826401124,0.));
#981 = CARTESIAN_POINT('',(91.459965648526,9.430274002684,0.));
#982 = CARTESIAN_POINT('',(91.446629388969,9.441723644444,0.));
#983 = CARTESIAN_POINT('',(91.43329202457,9.453175323827,0.));
#984 = CARTESIAN_POINT('',(91.419953553949,9.464629038181,0.));
#985 = CARTESIAN_POINT('',(91.406613975798,9.476084784943,0.));
#986 = CARTESIAN_POINT('',(91.393273288781,9.487542561502,0.));
#987 = CARTESIAN_POINT('',(91.379931491575,9.499002365265,0.));
#988 = CARTESIAN_POINT('',(91.366588582848,9.510464193627,0.));
#989 = CARTESIAN_POINT('',(91.353244561281,9.521928044,0.));
#990 = CARTESIAN_POINT('',(91.339899425545,9.533393913791,0.));
#991 = CARTESIAN_POINT('',(91.32655317428,9.544861800364,0.));
#992 = CARTESIAN_POINT('',(91.3132058062,9.556331701174,0.));
#993 = CARTESIAN_POINT('',(91.299857319955,9.56780361358,0.));
#994 = CARTESIAN_POINT('',(91.28650771424,9.579277535007,0.));
#995 = CARTESIAN_POINT('',(91.273156987742,9.590753462879,0.));
#996 = CARTESIAN_POINT('',(91.259805139074,9.602231394535,0.));
#997 = CARTESIAN_POINT('',(91.246452166953,9.613711327423,0.));
#998 = CARTESIAN_POINT('',(91.233098070066,9.625193258954,0.));
#999 = CARTESIAN_POINT('',(91.219742847062,9.636677186502,0.));
#1000 = CARTESIAN_POINT('',(91.206386496615,9.648163107473,0.));
#1001 = CARTESIAN_POINT('',(91.193029017421,9.65965101928,0.));
#1002 = CARTESIAN_POINT('',(91.179670408167,9.671140919343,0.));
#1003 = CARTESIAN_POINT('',(91.166310667493,9.682632805025,0.));
#1004 = CARTESIAN_POINT('',(91.152949794088,9.694126673741,0.));
#1005 = CARTESIAN_POINT('',(91.139587786663,9.705622522926,0.));
#1006 = CARTESIAN_POINT('',(91.126224643864,9.717120349951,0.));
#1007 = CARTESIAN_POINT('',(91.112860364357,9.728620152202,0.));
#1008 = CARTESIAN_POINT('',(91.09949494687,9.740121927142,0.));
#1009 = CARTESIAN_POINT('',(91.086128390041,9.751625672123,0.));
#1010 = CARTESIAN_POINT('',(91.072760692545,9.763131384546,0.));
#1011 = CARTESIAN_POINT('',(91.059391853106,9.77463906186,0.));
#1012 = CARTESIAN_POINT('',(91.046021870373,9.786148701427,0.));
#1013 = CARTESIAN_POINT('',(91.032650743031,9.797660300667,0.));
#1014 = CARTESIAN_POINT('',(91.019278469752,9.809173856968,0.));
#1015 = CARTESIAN_POINT('',(91.00590504924,9.820689367755,0.));
#1016 = CARTESIAN_POINT('',(90.992530480174,9.832206830428,0.));
#1017 = CARTESIAN_POINT('',(90.979154761213,9.843726242368,0.));
#1018 = CARTESIAN_POINT('',(90.965777891059,9.855247600997,0.));
#1019 = CARTESIAN_POINT('',(90.952399868409,9.866770903736,0.));
#1020 = CARTESIAN_POINT('',(90.939020691905,9.878296147935,0.));
#1021 = CARTESIAN_POINT('',(90.92564036028,9.889823331057,0.));
#1022 = CARTESIAN_POINT('',(90.912258872199,9.901352450487,0.));
#1023 = CARTESIAN_POINT('',(90.89887622631,9.912883503587,0.));
#1024 = CARTESIAN_POINT('',(90.885492421353,9.924416487819,0.));
#1025 = CARTESIAN_POINT('',(90.872107456004,9.935951400573,0.));
#1026 = CARTESIAN_POINT('',(90.858721328919,9.947488239227,0.));
#1027 = CARTESIAN_POINT('',(90.845334038793,9.959027001197,0.));
#1028 = CARTESIAN_POINT('',(90.831945584337,9.9705676839,0.));
#1029 = CARTESIAN_POINT('',(90.818555964239,9.982110284745,0.));
#1030 = CARTESIAN_POINT('',(90.805165177155,9.993654801105,0.));
#1031 = CARTESIAN_POINT('',(90.791773221785,10.005201230401,0.));
#1032 = CARTESIAN_POINT('',(90.778380096837,10.016749570054,0.));
#1033 = CARTESIAN_POINT('',(90.764985800975,10.028299817436,0.));
#1034 = CARTESIAN_POINT('',(90.751590332909,10.039851969983,0.));
#1035 = CARTESIAN_POINT('',(90.738193691309,10.051406025072,0.));
#1036 = CARTESIAN_POINT('',(90.724795874879,10.062961980121,0.));
#1037 = CARTESIAN_POINT('',(90.711396882323,10.07451983255,0.));
#1038 = CARTESIAN_POINT('',(90.6979967123,10.086079579735,0.));
#1039 = CARTESIAN_POINT('',(90.684595363504,10.097641219085,0.));
#1040 = CARTESIAN_POINT('',(90.671192834646,10.10920474802,0.));
#1041 = CARTESIAN_POINT('',(90.65778912442,10.120770163945,0.));
#1042 = CARTESIAN_POINT('',(90.644384231496,10.132337464236,0.));
#1043 = CARTESIAN_POINT('',(90.630978154605,10.143906646346,0.));
#1044 = CARTESIAN_POINT('',(90.617570892403,10.155477707642,0.));
#1045 = CARTESIAN_POINT('',(90.604162443576,10.167050645519,0.));
#1046 = CARTESIAN_POINT('',(90.590752806863,10.178625457425,0.));
#1047 = CARTESIAN_POINT('',(90.577341980946,10.19020214075,0.));
#1048 = CARTESIAN_POINT('',(90.563929964488,10.20178069287,0.));
#1049 = CARTESIAN_POINT('',(90.550516756205,10.213361111218,0.));
#1050 = CARTESIAN_POINT('',(90.537102354803,10.224943393196,0.));
#1051 = CARTESIAN_POINT('',(90.523686758974,10.236527536218,0.));
#1052 = CARTESIAN_POINT('',(90.510269967383,10.248113537648,0.));
#1053 = CARTESIAN_POINT('',(90.496851978772,10.259701394935,0.));
#1054 = CARTESIAN_POINT('',(90.483432791844,10.271291105498,0.));
#1055 = CARTESIAN_POINT('',(90.470012405228,10.282882666666,0.));
#1056 = CARTESIAN_POINT('',(90.456590817686,10.294476075914,0.));
#1057 = CARTESIAN_POINT('',(90.443168027918,10.306071330643,0.));
#1058 = CARTESIAN_POINT('',(90.429744034585,10.317668428221,0.));
#1059 = CARTESIAN_POINT('',(90.416318836404,10.329267366078,0.));
#1060 = CARTESIAN_POINT('',(90.402892432079,10.340868141623,0.));
#1061 = CARTESIAN_POINT('',(90.389464820299,10.352470752241,0.));
#1062 = CARTESIAN_POINT('',(90.376035999787,10.364075195364,0.));
#1063 = CARTESIAN_POINT('',(90.362605969236,10.375681468383,0.));
#1064 = CARTESIAN_POINT('',(90.349174727343,10.387289568715,0.));
#1065 = CARTESIAN_POINT('',(90.335742272782,10.398899493735,0.));
#1066 = CARTESIAN_POINT('',(90.322308604288,10.410511240872,0.));
#1067 = CARTESIAN_POINT('',(90.308873720587,10.422124807552,0.));
#1068 = CARTESIAN_POINT('',(90.295437620356,10.433740191162,0.));
#1069 = CARTESIAN_POINT('',(90.282000302264,10.445357389074,0.));
#1070 = CARTESIAN_POINT('',(90.26856176506,10.456976398738,0.));
#1071 = CARTESIAN_POINT('',(90.255122007468,10.468597217577,0.));
#1072 = CARTESIAN_POINT('',(90.241681028133,10.480219842936,0.));
#1073 = CARTESIAN_POINT('',(90.228238825786,10.491844272258,0.));
#1074 = CARTESIAN_POINT('',(90.214795399146,10.503470502944,0.));
#1075 = CARTESIAN_POINT('',(90.201350746931,10.515098532424,0.));
#1076 = CARTESIAN_POINT('',(90.187904867802,10.526728358053,0.));
#1077 = CARTESIAN_POINT('',(90.174457760497,10.538359977268,0.));
#1078 = CARTESIAN_POINT('',(90.161009423744,10.54999338751,0.));
#1079 = CARTESIAN_POINT('',(90.147559856177,10.561628586093,0.));
#1080 = CARTESIAN_POINT('',(90.134109056576,10.573265570502,0.));
#1081 = CARTESIAN_POINT('',(90.120657023658,10.584904338151,0.));
#1082 = CARTESIAN_POINT('',(90.107203756067,10.596544886375,0.));
#1083 = CARTESIAN_POINT('',(90.093749252553,10.608187212637,0.));
#1084 = CARTESIAN_POINT('',(90.080293511828,10.619831314334,0.));
#1085 = CARTESIAN_POINT('',(90.066836532587,10.631477188857,0.));
#1086 = CARTESIAN_POINT('',(90.053378313557,10.643124833637,0.));
#1087 = CARTESIAN_POINT('',(90.039918853422,10.65477424604,0.));
#1088 = CARTESIAN_POINT('',(90.026458150944,10.666425423531,0.));
#1089 = CARTESIAN_POINT('',(90.012996204801,10.678078363477,0.));
#1090 = CARTESIAN_POINT('',(89.999533013695,10.689733063277,0.));
#1091 = CARTESIAN_POINT('',(89.986068576375,10.701389520385,0.));
#1092 = CARTESIAN_POINT('',(89.972602891507,10.713047732137,0.));
#1093 = CARTESIAN_POINT('',(89.959135957869,10.724707696026,0.));
#1094 = CARTESIAN_POINT('',(89.945667774115,10.736369409382,0.));
#1095 = CARTESIAN_POINT('',(89.932198338985,10.748032869647,0.));
#1096 = CARTESIAN_POINT('',(89.918727651214,10.759698074244,0.));
#1097 = CARTESIAN_POINT('',(89.905255709486,10.771365020546,0.));
#1098 = CARTESIAN_POINT('',(89.891782512531,10.783033705977,0.));
#1099 = CARTESIAN_POINT('',(89.87830805907,10.794704127949,0.));
#1100 = CARTESIAN_POINT('',(89.864832347816,10.806376283862,0.));
#1101 = CARTESIAN_POINT('',(89.851355377477,10.818050171121,0.));
#1102 = CARTESIAN_POINT('',(89.837877146778,10.82972578714,0.));
#1103 = CARTESIAN_POINT('',(89.824397654434,10.841403129313,0.));
#1104 = CARTESIAN_POINT('',(89.81091689919,10.853082195077,0.));
#1105 = CARTESIAN_POINT('',(89.797434879742,10.864762981811,0.));
#1106 = CARTESIAN_POINT('',(89.783951594815,10.876445486937,0.));
#1107 = CARTESIAN_POINT('',(89.770467043119,10.888129707854,0.));
#1108 = CARTESIAN_POINT('',(89.756981223379,10.899815641964,0.));
#1109 = CARTESIAN_POINT('',(89.743494134343,10.9115032867,0.));
#1110 = CARTESIAN_POINT('',(89.730005774719,10.923192639466,0.));
#1111 = CARTESIAN_POINT('',(89.716516143188,10.93488369763,0.));
#1112 = CARTESIAN_POINT('',(89.703025238502,10.946576458622,0.));
#1113 = CARTESIAN_POINT('',(89.689533059431,10.958270919896,0.));
#1114 = CARTESIAN_POINT('',(89.676039604637,10.969967078793,0.));
#1115 = CARTESIAN_POINT('',(89.662544872853,10.981664932741,0.));
#1116 = CARTESIAN_POINT('',(89.649048862831,10.993364479179,0.));
#1117 = CARTESIAN_POINT('',(89.635551573259,11.005065715469,0.));
#1118 = CARTESIAN_POINT('',(89.622053002881,11.016768639037,0.));
#1119 = CARTESIAN_POINT('',(89.608553150452,11.028473247317,0.));
#1120 = CARTESIAN_POINT('',(89.595052014671,11.040179537694,0.));
#1121 = CARTESIAN_POINT('',(89.58154959424,11.051887507558,0.));
#1122 = CARTESIAN_POINT('',(89.568045887909,11.063597154341,0.));
#1123 = CARTESIAN_POINT('',(89.554540894417,11.075308475455,0.));
#1124 = CARTESIAN_POINT('',(89.541034612478,11.087021468286,0.));
#1125 = CARTESIAN_POINT('',(89.527527040846,11.09873613028,0.));
#1126 = CARTESIAN_POINT('',(89.514018178213,11.110452458799,0.));
#1127 = CARTESIAN_POINT('',(89.500508023333,11.122170451287,0.));
#1128 = CARTESIAN_POINT('',(89.486996574923,11.133890105135,0.));
#1129 = CARTESIAN_POINT('',(89.473483831713,11.145611417749,0.));
#1130 = CARTESIAN_POINT('',(89.45996979245,11.157334386555,0.));
#1131 = CARTESIAN_POINT('',(89.446454455855,11.16905900895,0.));
#1132 = CARTESIAN_POINT('',(89.43293782065,11.180785282334,0.));
#1133 = CARTESIAN_POINT('',(89.419419885582,11.192513204133,0.));
#1134 = CARTESIAN_POINT('',(89.405900649379,11.204242771746,0.));
#1135 = CARTESIAN_POINT('',(89.392380110772,11.215973982573,0.));
#1136 = CARTESIAN_POINT('',(89.378858268523,11.227706834063,0.));
#1137 = CARTESIAN_POINT('',(89.365335121314,11.239441323568,0.));
#1138 = CARTESIAN_POINT('',(89.351810667899,11.251177448514,0.));
#1139 = CARTESIAN_POINT('',(89.338284907057,11.262915206358,0.));
#1140 = CARTESIAN_POINT('',(89.324757837467,11.274654594445,0.));
#1141 = CARTESIAN_POINT('',(89.311229457877,11.286395610208,0.));
#1142 = CARTESIAN_POINT('',(89.297699767033,11.298138251058,0.));
#1143 = CARTESIAN_POINT('',(89.284168763684,11.309882514411,0.));
#1144 = CARTESIAN_POINT('',(89.270636446558,11.321628397675,0.));
#1145 = CARTESIAN_POINT('',(89.257102814364,11.333375898225,0.));
#1146 = CARTESIAN_POINT('',(89.243567865884,11.345125013518,0.));
#1147 = CARTESIAN_POINT('',(89.230031599845,11.356875740941,0.));
#1148 = CARTESIAN_POINT('',(89.216494014979,11.368628077906,0.));
#1149 = CARTESIAN_POINT('',(89.202955110013,11.380382021804,0.));
#1150 = CARTESIAN_POINT('',(89.18941488372,11.392137570082,0.));
#1151 = CARTESIAN_POINT('',(89.175873334816,11.403894720118,0.));
#1152 = CARTESIAN_POINT('',(89.162330462046,11.415653469331,0.));
#1153 = CARTESIAN_POINT('',(89.148786264152,11.427413815126,0.));
#1154 = CARTESIAN_POINT('',(89.135240739895,11.439175754932,0.));
#1155 = CARTESIAN_POINT('',(89.121693887993,11.450939286134,0.));
#1156 = CARTESIAN_POINT('',(89.108145707194,11.462704406142,0.));
#1157 = CARTESIAN_POINT('',(89.094596196263,11.474471112394,0.));
#1158 = CARTESIAN_POINT('',(89.081045353919,11.48623940227,0.));
#1159 = CARTESIAN_POINT('',(89.067493178902,11.498009273183,0.));
#1160 = CARTESIAN_POINT('',(89.05393966997,11.509780722549,0.));
#1161 = CARTESIAN_POINT('',(89.04038482588,11.521553747786,0.));
#1162 = CARTESIAN_POINT('',(89.026828645367,11.533328346284,0.));
#1163 = CARTESIAN_POINT('',(89.013271127197,11.545104515481,0.));
#1164 = CARTESIAN_POINT('',(88.999712270089,11.556882252763,0.));
#1165 = CARTESIAN_POINT('',(88.986152072782,11.56866155554,0.));
#1166 = CARTESIAN_POINT('',(88.972590534027,11.580442421213,0.));
#1167 = CARTESIAN_POINT('',(88.95902765261,11.592224847219,0.));
#1168 = CARTESIAN_POINT('',(88.94546342729,11.604008830986,0.));
#1169 = CARTESIAN_POINT('',(88.931897856743,11.615794369853,0.));
#1170 = CARTESIAN_POINT('',(88.918330939751,11.62758146126,0.));
#1171 = CARTESIAN_POINT('',(88.904762675122,11.639370102679,0.));
#1172 = CARTESIAN_POINT('',(88.891193061529,11.651160291431,0.));
#1173 = CARTESIAN_POINT('',(88.877622097739,11.662952024946,0.));
#1174 = CARTESIAN_POINT('',(88.864049782566,11.67474530071,0.));
#1175 = CARTESIAN_POINT('',(88.850476114665,11.686540116015,0.));
#1176 = CARTESIAN_POINT('',(88.836901092842,11.698336468334,0.));
#1177 = CARTESIAN_POINT('',(88.8233247159,11.710134355132,0.));
#1178 = CARTESIAN_POINT('',(88.809746982477,11.721933773681,0.));
#1179 = CARTESIAN_POINT('',(88.796167891426,11.733734721511,0.));
#1180 = CARTESIAN_POINT('',(88.782587441488,11.745537196013,0.));
#1181 = CARTESIAN_POINT('',(88.769005631346,11.757341194519,0.));
#1182 = CARTESIAN_POINT('',(88.755422459836,11.769146714532,0.));
#1183 = CARTESIAN_POINT('',(88.741837925689,11.780953753423,0.));
#1184 = CARTESIAN_POINT('',(88.728252027653,11.792762308603,0.));
#1185 = CARTESIAN_POINT('',(88.714664764477,11.804572377461,0.));
#1186 = CARTESIAN_POINT('',(88.701076134972,11.816383957476,0.));
#1187 = CARTESIAN_POINT('',(88.687486137829,11.828197045977,0.));
#1188 = CARTESIAN_POINT('',(88.673894771835,11.840011640408,0.));
#1189 = CARTESIAN_POINT('',(88.660302035783,11.851827738221,0.));
#1190 = CARTESIAN_POINT('',(88.646707928363,11.863645336745,0.));
#1191 = CARTESIAN_POINT('',(88.633112448376,11.875464433444,0.));
#1192 = CARTESIAN_POINT('',(88.619515594593,11.887285025721,0.));
#1193 = CARTESIAN_POINT('',(88.605917365775,11.899107110996,0.));
#1194 = CARTESIAN_POINT('',(88.59231776065,11.910930686641,0.));
#1195 = CARTESIAN_POINT('',(88.578716778012,11.922755750102,0.));
#1196 = CARTESIAN_POINT('',(88.565114416627,11.934582298791,0.));
#1197 = CARTESIAN_POINT('',(88.551510675237,11.946410330103,0.));
#1198 = CARTESIAN_POINT('',(88.53790555259,11.958239841431,0.));
#1199 = CARTESIAN_POINT('',(88.52429904749,11.970070830218,0.));
#1200 = CARTESIAN_POINT('',(88.510691158716,11.981903293891,0.));
#1201 = CARTESIAN_POINT('',(88.497081884976,11.993737229801,0.));
#1202 = CARTESIAN_POINT('',(88.483471225067,12.005572635398,0.));
#1203 = CARTESIAN_POINT('',(88.469859177767,12.017409508102,0.));
#1204 = CARTESIAN_POINT('',(88.456245741816,12.029247845292,0.));
#1205 = CARTESIAN_POINT('',(88.442630915997,12.041087644393,0.));
#1206 = CARTESIAN_POINT('',(88.429014699101,12.052928902849,0.));
#1207 = CARTESIAN_POINT('',(88.415397089835,12.064771617996,0.));
#1208 = CARTESIAN_POINT('',(88.401778087024,12.076615787311,0.));
#1209 = CARTESIAN_POINT('',(88.388157689433,12.0884614082,0.));
#1210 = CARTESIAN_POINT('',(88.374535895788,12.100308478016,0.));
#1211 = CARTESIAN_POINT('',(88.360912704922,12.112156994252,0.));
#1212 = CARTESIAN_POINT('',(88.347288115558,12.124006954252,0.));
#1213 = CARTESIAN_POINT('',(88.333662126488,12.135858355464,0.));
#1214 = CARTESIAN_POINT('',(88.32003473648,12.147711195289,0.));
#1215 = CARTESIAN_POINT('',(88.306405944294,12.159565471124,0.));
#1216 = CARTESIAN_POINT('',(88.292775748728,12.171421180412,0.));
#1217 = CARTESIAN_POINT('',(88.279144148532,12.183278320525,0.));
#1218 = CARTESIAN_POINT('',(88.265511142512,12.195136888918,0.));
#1219 = CARTESIAN_POINT('',(88.251876729411,12.206996882962,0.));
#1220 = CARTESIAN_POINT('',(88.23824090802,12.218858300089,0.));
#1221 = CARTESIAN_POINT('',(88.224603677122,12.230721137724,0.));
#1222 = CARTESIAN_POINT('',(88.210965035454,12.242585393224,0.));
#1223 = CARTESIAN_POINT('',(88.197324981849,12.254451064066,0.));
#1224 = CARTESIAN_POINT('',(88.183683515067,12.266318147643,0.));
#1225 = CARTESIAN_POINT('',(88.170040633845,12.27818664133,0.));
#1226 = CARTESIAN_POINT('',(88.156396336984,12.290056542555,0.));
#1227 = CARTESIAN_POINT('',(88.14275062331,12.301927848776,0.));
#1228 = CARTESIAN_POINT('',(88.129103491553,12.31380055735,0.));
#1229 = CARTESIAN_POINT('',(88.115454940491,12.3256746657,0.));
#1230 = CARTESIAN_POINT('',(88.101804968917,12.337550171237,0.));
#1231 = CARTESIAN_POINT('',(88.08815357564,12.349427071404,0.));
#1232 = CARTESIAN_POINT('',(88.074500759407,12.361305363577,0.));
#1233 = CARTESIAN_POINT('',(88.060846518994,12.373185045168,0.));
#1234 = CARTESIAN_POINT('',(88.047190853201,12.385066113609,0.));
#1235 = CARTESIAN_POINT('',(88.033533760799,12.396948566289,0.));
#1236 = CARTESIAN_POINT('',(88.019875240595,12.408832400645,0.));
#1237 = CARTESIAN_POINT('',(88.006215291359,12.420717614069,0.));
#1238 = CARTESIAN_POINT('',(87.992553911885,12.432604203993,0.));
#1239 = CARTESIAN_POINT('',(87.978891100928,12.444492167798,0.));
#1240 = CARTESIAN_POINT('',(87.965226857288,12.456381502905,0.));
#1241 = CARTESIAN_POINT('',(87.951561179785,12.46827220676,0.));
#1242 = CARTESIAN_POINT('',(87.937894067173,12.48016427674,0.));
#1243 = CARTESIAN_POINT('',(87.924225518227,12.492057710243,0.));
#1244 = CARTESIAN_POINT('',(87.910555531779,12.503952504728,0.));
#1245 = CARTESIAN_POINT('',(87.8968841066,12.515848657594,0.));
#1246 = CARTESIAN_POINT('',(87.883211241431,12.527746166193,0.));
#1247 = CARTESIAN_POINT('',(87.869536935136,12.539645028023,0.));
#1248 = CARTESIAN_POINT('',(87.855861186479,12.551545240461,0.));
#1249 = CARTESIAN_POINT('',(87.842183994216,12.563446800888,0.));
#1250 = CARTESIAN_POINT('',(87.828505357176,12.575349706763,0.));
#1251 = CARTESIAN_POINT('',(87.814825274141,12.587253955469,0.));
#1252 = CARTESIAN_POINT('',(87.801143743913,12.599159544438,0.));
#1253 = CARTESIAN_POINT('',(87.787460765272,12.61106647107,0.));
#1254 = CARTESIAN_POINT('',(87.773776337004,12.622974732772,0.));
#1255 = CARTESIAN_POINT('',(87.760090457908,12.634884326956,0.));
#1256 = CARTESIAN_POINT('',(87.746403126804,12.646795251066,0.));
#1257 = CARTESIAN_POINT('',(87.732714342444,12.658707502461,0.));
#1258 = CARTESIAN_POINT('',(87.71902410366,12.670621078595,0.));
#1259 = CARTESIAN_POINT('',(87.705332409244,12.682535976874,0.));
#1260 = CARTESIAN_POINT('',(87.691639257971,12.694452194689,0.));
#1261 = CARTESIAN_POINT('',(87.677944648654,12.706369729472,0.));
#1262 = CARTESIAN_POINT('',(87.664248580084,12.718288578625,0.));
#1263 = CARTESIAN_POINT('',(87.650551051072,12.730208739576,0.));
#1264 = CARTESIAN_POINT('',(87.636852060393,12.742130209707,0.));
#1265 = CARTESIAN_POINT('',(87.623151606874,12.754052986464,0.));
#1266 = CARTESIAN_POINT('',(87.609449689302,12.765977067239,0.));
#1267 = CARTESIAN_POINT('',(87.595746306479,12.777902449455,0.));
#1268 = CARTESIAN_POINT('',(87.582041457196,12.78982913051,0.));
#1269 = CARTESIAN_POINT('',(87.568335140263,12.801757107823,0.));
#1270 = CARTESIAN_POINT('',(87.554627354503,12.813686378834,0.));
#1271 = CARTESIAN_POINT('',(87.540918098672,12.825616940895,0.));
#1272 = CARTESIAN_POINT('',(87.527207371617,12.837548791482,0.));
#1273 = CARTESIAN_POINT('',(87.51349517211,12.849481927962,0.));
#1274 = CARTESIAN_POINT('',(87.49978149897,12.861416347764,0.));
#1275 = CARTESIAN_POINT('',(87.486066351017,12.87335204831,0.));
#1276 = CARTESIAN_POINT('',(87.472349727056,12.885289027019,0.));
#1277 = CARTESIAN_POINT('',(87.458631625846,12.897227281261,0.));
#1278 = CARTESIAN_POINT('',(87.444912046219,12.90916680847,0.));
#1279 = CARTESIAN_POINT('',(87.431190987023,12.921107606101,0.));
#1280 = CARTESIAN_POINT('',(87.41746844701,12.933049671501,0.));
#1281 = CARTESIAN_POINT('',(87.403744425014,12.944993002112,0.));
#1282 = CARTESIAN_POINT('',(87.390018919862,12.956937595368,0.));
#1283 = CARTESIAN_POINT('',(87.376291930333,12.968883448656,0.));
#1284 = CARTESIAN_POINT('',(87.36256345521,12.980830559358,0.));
#1285 = CARTESIAN_POINT('',(87.348833493372,12.992778924954,0.));
#1286 = CARTESIAN_POINT('',(87.335102043611,13.004728542835,0.));
#1287 = CARTESIAN_POINT('',(87.321369104694,13.016679410369,0.));
#1288 = CARTESIAN_POINT('',(87.307634675475,13.028631525022,0.));
#1289 = CARTESIAN_POINT('',(87.29389875476,13.040584884184,0.));
#1290 = CARTESIAN_POINT('',(87.280161341364,13.052539485275,0.));
#1291 = CARTESIAN_POINT('',(87.266422434092,13.064495325707,0.));
#1292 = CARTESIAN_POINT('',(87.252682031746,13.076452402874,0.));
#1293 = CARTESIAN_POINT('',(87.238940133165,13.088410714217,0.));
#1294 = CARTESIAN_POINT('',(87.225196737159,13.100370257137,0.));
#1295 = CARTESIAN_POINT('',(87.211451842537,13.112331029032,0.));
#1296 = CARTESIAN_POINT('',(87.197705448152,13.124293027364,0.));
#1297 = CARTESIAN_POINT('',(87.183957552766,13.136256249488,0.));
#1298 = CARTESIAN_POINT('',(87.170208155202,13.148220692823,0.));
#1299 = CARTESIAN_POINT('',(87.156457254332,13.160186354847,0.));
#1300 = CARTESIAN_POINT('',(87.142704848898,13.172153232869,0.));
#1301 = CARTESIAN_POINT('',(87.128950937796,13.184121324395,0.));
#1302 = CARTESIAN_POINT('',(87.115195519824,13.196090626812,0.));
#1303 = CARTESIAN_POINT('',(87.101438593759,13.208061137486,0.));
#1304 = CARTESIAN_POINT('',(87.087680158472,13.220032853896,0.));
#1305 = CARTESIAN_POINT('',(87.073920212754,13.232005773407,0.));
#1306 = CARTESIAN_POINT('',(87.060158755451,13.243979893461,0.));
#1307 = CARTESIAN_POINT('',(87.046395785378,13.255955211462,0.));
#1308 = CARTESIAN_POINT('',(87.032631301353,13.267931724825,0.));
#1309 = CARTESIAN_POINT('',(87.018865302184,13.279909430937,0.));
#1310 = CARTESIAN_POINT('',(87.005097786742,13.291888327259,0.));
#1311 = CARTESIAN_POINT('',(86.991328753837,13.303868411193,0.));
#1312 = CARTESIAN_POINT('',(86.977558202241,13.315849680094,0.));
#1313 = CARTESIAN_POINT('',(86.963786130846,13.327832131447,0.));
#1314 = CARTESIAN_POINT('',(86.950012538472,13.339815762653,0.));
#1315 = CARTESIAN_POINT('',(86.936237423905,13.351800571086,0.));
#1316 = CARTESIAN_POINT('',(86.922460785994,13.363786554184,0.));
#1317 = CARTESIAN_POINT('',(86.908682623587,13.375773709367,0.));
#1318 = CARTESIAN_POINT('',(86.894902935517,13.387762034055,0.));
#1319 = CARTESIAN_POINT('',(86.881121720582,13.399751525633,0.));
#1320 = CARTESIAN_POINT('',(86.867338977625,13.411742181537,0.));
#1321 = CARTESIAN_POINT('',(86.853554705463,13.423733999155,0.));
#1322 = CARTESIAN_POINT('',(86.839768902961,13.435726975937,0.));
#1323 = CARTESIAN_POINT('',(86.825981568934,13.447721109274,0.));
#1324 = CARTESIAN_POINT('',(86.81219270221,13.459716396572,0.));
#1325 = CARTESIAN_POINT('',(86.798402301642,13.471712835274,0.));
#1326 = CARTESIAN_POINT('',(86.784610366038,13.483710422762,0.));
#1327 = CARTESIAN_POINT('',(86.770816894239,13.495709156458,0.));
#1328 = CARTESIAN_POINT('',(86.757021885097,13.507709033795,0.));
#1329 = CARTESIAN_POINT('',(86.743225337424,13.519710052159,0.));
#1330 = CARTESIAN_POINT('',(86.729427250064,13.531712208967,0.));
#1331 = CARTESIAN_POINT('',(86.715627621885,13.543715501674,0.));
#1332 = CARTESIAN_POINT('',(86.701826451672,13.55571992763,0.));
#1333 = CARTESIAN_POINT('',(86.688023738287,13.567725484274,0.));
#1334 = CARTESIAN_POINT('',(86.67421948061,13.579732169065,0.));
#1335 = CARTESIAN_POINT('',(86.660413677415,13.591739979349,0.));
#1336 = CARTESIAN_POINT('',(86.646606327555,13.603748912557,0.));
#1337 = CARTESIAN_POINT('',(86.632797429899,13.615758966128,0.));
#1338 = CARTESIAN_POINT('',(86.618986983283,13.627770137466,0.));
#1339 = CARTESIAN_POINT('',(86.60517498653,13.639782423969,0.));
#1340 = CARTESIAN_POINT('',(86.591361438487,13.651795823061,0.));
#1341 = CARTESIAN_POINT('',(86.577546338003,13.663810332157,0.));
#1342 = CARTESIAN_POINT('',(86.563729683924,13.675825948671,0.));
#1343 = CARTESIAN_POINT('',(86.549911475089,13.687842670017,0.));
#1344 = CARTESIAN_POINT('',(86.536091710333,13.699860493588,0.));
#1345 = CARTESIAN_POINT('',(86.52227038854,13.711879416848,0.));
#1346 = CARTESIAN_POINT('',(86.508447508515,13.723899437166,0.));
#1347 = CARTESIAN_POINT('',(86.494623069098,13.735920551952,0.));
#1348 = CARTESIAN_POINT('',(86.480797069169,13.747942758649,0.));
#1349 = CARTESIAN_POINT('',(86.466969507577,13.759966054672,0.));
#1350 = CARTESIAN_POINT('',(86.453140383142,13.771990437407,0.));
#1351 = CARTESIAN_POINT('',(86.439309694718,13.784015904274,0.));
#1352 = CARTESIAN_POINT('',(86.42547744118,13.796042452722,0.));
#1353 = CARTESIAN_POINT('',(86.411643621332,13.808070080099,0.));
#1354 = CARTESIAN_POINT('',(86.397808234084,13.820098783891,0.));
#1355 = CARTESIAN_POINT('',(86.383971278253,13.832128561467,0.));
#1356 = CARTESIAN_POINT('',(86.370132752697,13.844159410257,0.));
#1357 = CARTESIAN_POINT('',(86.356292656259,13.856191327669,0.));
#1358 = CARTESIAN_POINT('',(86.342450987788,13.868224311098,0.));
#1359 = CARTESIAN_POINT('',(86.328607746182,13.880258358017,0.));
#1360 = CARTESIAN_POINT('',(86.314762930246,13.892293465783,0.));
#1361 = CARTESIAN_POINT('',(86.300916538828,13.904329631804,0.));
#1362 = CARTESIAN_POINT('',(86.287068570844,13.916366853557,0.));
#1363 = CARTESIAN_POINT('',(86.273219025107,13.928405128409,0.));
#1364 = CARTESIAN_POINT('',(86.259367900457,13.940444453756,0.));
#1365 = CARTESIAN_POINT('',(86.245515195799,13.952484827067,0.));
#1366 = CARTESIAN_POINT('',(86.231660909965,13.964526245721,0.));
#1367 = CARTESIAN_POINT('',(86.217805041806,13.976568707132,0.));
#1368 = CARTESIAN_POINT('',(86.203947590194,13.988612208727,0.));
#1369 = CARTESIAN_POINT('',(86.190088553979,14.000656747903,0.));
#1370 = CARTESIAN_POINT('',(86.176227932043,14.012702322107,0.));
#1371 = CARTESIAN_POINT('',(86.16236572321,14.024748928703,0.));
#1372 = CARTESIAN_POINT('',(86.148501926377,14.03679656515,0.));
#1373 = CARTESIAN_POINT('',(86.134636540399,14.048845228848,0.));
#1374 = CARTESIAN_POINT('',(86.120769564126,14.060894917205,0.));
#1375 = CARTESIAN_POINT('',(86.106900996416,14.07294562762,0.));
#1376 = CARTESIAN_POINT('',(86.093030836174,14.084997357557,0.));
#1377 = CARTESIAN_POINT('',(86.079159082233,14.097050104397,0.));
#1378 = CARTESIAN_POINT('',(86.065285733423,14.109103865518,0.));
#1379 = CARTESIAN_POINT('',(86.051410788681,14.121158638409,0.));
#1380 = CARTESIAN_POINT('',(86.037534246844,14.133214420444,0.));
#1381 = CARTESIAN_POINT('',(86.023656106765,14.145271209028,0.));
#1382 = CARTESIAN_POINT('',(86.009776367329,14.157329001601,0.));
#1383 = CARTESIAN_POINT('',(85.99589502739,14.16938779555,0.));
#1384 = CARTESIAN_POINT('',(85.982012085841,14.181447588321,0.));
#1385 = CARTESIAN_POINT('',(85.968127541529,14.193508377302,0.));
#1386 = CARTESIAN_POINT('',(85.954241393331,14.20557015992,0.));
#1387 = CARTESIAN_POINT('',(85.940353640109,14.217632933575,0.));
#1388 = CARTESIAN_POINT('',(85.926464280755,14.229696695707,0.));
#1389 = CARTESIAN_POINT('',(85.912573314128,14.241761443708,0.));
#1390 = CARTESIAN_POINT('',(85.898680739102,14.253827174998,0.));
#1391 = CARTESIAN_POINT('',(85.88478655456,14.265893887003,0.));
#1392 = CARTESIAN_POINT('',(85.870890759361,14.277961577119,0.));
#1393 = CARTESIAN_POINT('',(85.856993352389,14.290030242773,0.));
#1394 = CARTESIAN_POINT('',(85.843094332514,14.302099881373,0.));
#1395 = CARTESIAN_POINT('',(85.82919369862,14.314170490348,0.));
#1396 = CARTESIAN_POINT('',(85.815291449553,14.326242067068,0.));
#1397 = CARTESIAN_POINT('',(85.801387584252,14.33831460902,0.));
#1398 = CARTESIAN_POINT('',(85.787482101545,14.35038811356,0.));
#1399 = CARTESIAN_POINT('',(85.773575000319,14.36246257812,0.));
#1400 = CARTESIAN_POINT('',(85.759666279459,14.374538000113,0.));
#1401 = CARTESIAN_POINT('',(85.745755937853,14.38661437697,0.));
#1402 = CARTESIAN_POINT('',(85.73184397436,14.398691706081,0.));
#1403 = CARTESIAN_POINT('',(85.717930387863,14.410769984857,0.));
#1404 = CARTESIAN_POINT('',(85.704015177284,14.422849210762,0.));
#1405 = CARTESIAN_POINT('',(85.690098341454,14.434929381144,0.));
#1406 = CARTESIAN_POINT('',(85.67617987929,14.447010493469,0.));
#1407 = CARTESIAN_POINT('',(85.662259789649,14.459092545119,0.));
#1408 = CARTESIAN_POINT('',(85.648338071428,14.471175533525,0.));
#1409 = CARTESIAN_POINT('',(85.63441472351,14.48325945609,0.));
#1410 = CARTESIAN_POINT('',(85.620489744797,14.495344310251,0.));
#1411 = CARTESIAN_POINT('',(85.606563134159,14.507430093408,0.));
#1412 = CARTESIAN_POINT('',(85.592634890461,14.519516802949,0.));
#1413 = CARTESIAN_POINT('',(85.578705012642,14.531604436351,0.));
#1414 = CARTESIAN_POINT('',(85.564773499548,14.543692990969,0.));
#1415 = CARTESIAN_POINT('',(85.550840350088,14.555782464254,0.));
#1416 = CARTESIAN_POINT('',(85.536905563139,14.567872853606,0.));
#1417 = CARTESIAN_POINT('',(85.522969137582,14.579964156424,0.));
#1418 = CARTESIAN_POINT('',(85.509031072348,14.592056370169,0.));
#1419 = CARTESIAN_POINT('',(85.495091366294,14.604149492217,0.));
#1420 = CARTESIAN_POINT('',(85.481150018306,14.61624351998,0.));
#1421 = CARTESIAN_POINT('',(85.467207027303,14.6283384509,0.));
#1422 = CARTESIAN_POINT('',(85.453262392174,14.640434282388,0.));
#1423 = CARTESIAN_POINT('',(85.439316111772,14.65253101181,0.));
#1424 = CARTESIAN_POINT('',(85.425368185064,14.664628636668,0.));
#1425 = CARTESIAN_POINT('',(85.411418610879,14.676727154296,0.));
#1426 = CARTESIAN_POINT('',(85.397467388138,14.688826562146,0.));
#1427 = CARTESIAN_POINT('',(85.383514515746,14.70092685764,0.));
#1428 = CARTESIAN_POINT('',(85.369559992577,14.713028038158,0.));
#1429 = CARTESIAN_POINT('',(85.355603817562,14.725130101162,0.));
#1430 = CARTESIAN_POINT('',(85.341645989574,14.737233044029,0.));
#1431 = CARTESIAN_POINT('',(85.327686507521,14.749336864195,0.));
#1432 = CARTESIAN_POINT('',(85.313725370289,14.761441559057,0.));
#1433 = CARTESIAN_POINT('',(85.299762576791,14.773547126049,0.));
#1434 = CARTESIAN_POINT('',(85.285798125915,14.785653562557,0.));
#1435 = CARTESIAN_POINT('',(85.271832016604,14.797760866043,0.));
#1436 = CARTESIAN_POINT('',(85.257864247731,14.809869033902,0.));
#1437 = CARTESIAN_POINT('',(85.243894818153,14.821978063498,0.));
#1438 = CARTESIAN_POINT('',(85.229923726837,14.834087952312,0.));
#1439 = CARTESIAN_POINT('',(85.215950972694,14.846198697759,0.));
#1440 = CARTESIAN_POINT('',(85.201976554578,14.858310297209,0.));
#1441 = CARTESIAN_POINT('',(85.188000471401,14.870422748076,0.));
#1442 = CARTESIAN_POINT('',(85.17402272214,14.882536047858,0.));
#1443 = CARTESIAN_POINT('',(85.160043305617,14.894650193872,0.));
#1444 = CARTESIAN_POINT('',(85.146062220755,14.906765183562,0.));
#1445 = CARTESIAN_POINT('',(85.132079466499,14.918881014383,0.));
#1446 = CARTESIAN_POINT('',(85.118095041716,14.930997683686,0.));
#1447 = CARTESIAN_POINT('',(85.104108945365,14.943115188957,0.));
#1448 = CARTESIAN_POINT('',(85.090121176301,14.955233527535,0.));
#1449 = CARTESIAN_POINT('',(85.076131733489,14.96735269691,0.));
#1450 = CARTESIAN_POINT('',(85.062140615798,14.979472694451,0.));
#1451 = CARTESIAN_POINT('',(85.048147822124,14.991593517546,0.));
#1452 = CARTESIAN_POINT('',(85.034153351455,15.003715163697,0.));
#1453 = CARTESIAN_POINT('',(85.020157202655,15.015837630258,0.));
#1454 = CARTESIAN_POINT('',(85.006159374619,15.02796091464,0.));
#1455 = CARTESIAN_POINT('',(84.992159866278,15.040085014264,0.));
#1456 = CARTESIAN_POINT('',(84.978158676593,15.052209926598,0.));
#1457 = CARTESIAN_POINT('',(84.964155804411,15.064335648976,0.));
#1458 = CARTESIAN_POINT('',(84.950151248675,15.076462178851,0.));
#1459 = CARTESIAN_POINT('',(84.936145008332,15.08858951367,0.));
#1460 = CARTESIAN_POINT('',(84.922137082242,15.100717650779,0.));
#1461 = CARTESIAN_POINT('',(84.90812746937,15.11284658765,0.));
#1462 = CARTESIAN_POINT('',(84.894116168623,15.124976321681,0.));
#1463 = CARTESIAN_POINT('',(84.880103178908,15.137106850272,0.));
#1464 = CARTESIAN_POINT('',(84.866088499162,15.149238170865,0.));
#1465 = CARTESIAN_POINT('',(84.852072128288,15.161370280839,0.));
#1466 = CARTESIAN_POINT('',(84.838054065251,15.173503177667,0.));
#1467 = CARTESIAN_POINT('',(84.824034308924,15.1856368587,0.));
#1468 = CARTESIAN_POINT('',(84.810012858256,15.1977713214,0.));
#1469 = CARTESIAN_POINT('',(84.795989712148,15.209906563148,0.));
#1470 = CARTESIAN_POINT('',(84.781964869547,15.222042581385,0.));
#1471 = CARTESIAN_POINT('',(84.767938329376,15.234179373518,0.));
#1472 = CARTESIAN_POINT('',(84.753910090552,15.246316936955,0.));
#1473 = CARTESIAN_POINT('',(84.739880152017,15.258455269129,0.));
#1474 = CARTESIAN_POINT('',(84.725848512678,15.270594367434,0.));
#1475 = CARTESIAN_POINT('',(84.711815171475,15.282734229299,0.));
#1476 = CARTESIAN_POINT('',(84.697780127331,15.294874852132,0.));
#1477 = CARTESIAN_POINT('',(84.683743379184,15.307016233356,0.));
#1478 = CARTESIAN_POINT('',(84.669704925963,15.319158370391,0.));
#1479 = CARTESIAN_POINT('',(84.655664766576,15.331301260621,0.));
#1480 = CARTESIAN_POINT('',(84.641622899988,15.343444901496,0.));
#1481 = CARTESIAN_POINT('',(84.62757932514,15.355589290454,0.));
#1482 = CARTESIAN_POINT('',(84.61353404088,15.367734424803,0.));
#1483 = CARTESIAN_POINT('',(84.599487046248,15.379880302094,0.));
#1484 = CARTESIAN_POINT('',(84.585438340117,15.392026919659,0.));
#1485 = CARTESIAN_POINT('',(84.571387921422,15.404174274917,0.));
#1486 = CARTESIAN_POINT('',(84.557335789138,15.416322365329,0.));
#1487 = CARTESIAN_POINT('',(84.543281942169,15.428471188268,0.));
#1488 = CARTESIAN_POINT('',(84.529226379465,15.440620741179,0.));
#1489 = CARTESIAN_POINT('',(84.515169099926,15.452771021428,0.));
#1490 = CARTESIAN_POINT('',(84.501110102548,15.464922026488,0.));
#1491 = CARTESIAN_POINT('',(84.487049386267,15.477073753782,0.));
#1492 = CARTESIAN_POINT('',(84.472986949939,15.489226200628,0.));
#1493 = CARTESIAN_POINT('',(84.458922792593,15.501379364539,0.));
#1494 = CARTESIAN_POINT('',(84.44485691318,15.513533242938,0.));
#1495 = CARTESIAN_POINT('',(84.430789310556,15.525687833156,0.));
#1496 = CARTESIAN_POINT('',(84.416719983696,15.537843132643,0.));
#1497 = CARTESIAN_POINT('',(84.402648931604,15.549999138874,0.));
#1498 = CARTESIAN_POINT('',(84.388576153163,15.562155849198,0.));
#1499 = CARTESIAN_POINT('',(84.374501647312,15.574313261037,0.));
#1500 = CARTESIAN_POINT('',(84.360425413016,15.586471371827,0.));
#1501 = CARTESIAN_POINT('',(84.346347449223,15.598630178979,0.));
#1502 = CARTESIAN_POINT('',(84.33226775487,15.610789679893,0.));
#1503 = CARTESIAN_POINT('',(84.31818632893,15.62294987202,0.));
#1504 = CARTESIAN_POINT('',(84.30410317032,15.635110752739,0.));
#1505 = CARTESIAN_POINT('',(84.29001827799,15.647272319472,0.));
#1506 = CARTESIAN_POINT('',(84.275931650914,15.659434569666,0.));
#1507 = CARTESIAN_POINT('',(84.261843288,15.671597500675,0.));
#1508 = CARTESIAN_POINT('',(84.24775318826,15.683761109996,0.));
#1509 = CARTESIAN_POINT('',(84.233661350591,15.695925394979,0.));
#1510 = CARTESIAN_POINT('',(84.219567773949,15.708090353046,0.));
#1511 = CARTESIAN_POINT('',(84.205472457333,15.720255981664,0.));
#1512 = CARTESIAN_POINT('',(84.191375399647,15.732422278199,0.));
#1513 = CARTESIAN_POINT('',(84.177276599835,15.744589240054,0.));
#1514 = CARTESIAN_POINT('',(84.163176056907,15.756756864701,0.));
#1515 = CARTESIAN_POINT('',(84.149073769801,15.768925149533,0.));
#1516 = CARTESIAN_POINT('',(84.13496973744,15.781094091929,0.));
#1517 = CARTESIAN_POINT('',(84.120863958829,15.793263689373,0.));
#1518 = CARTESIAN_POINT('',(84.10675643287,15.805433939205,0.));
#1519 = CARTESIAN_POINT('',(84.092647158569,15.817604838906,0.));
#1520 = CARTESIAN_POINT('',(84.078536134856,15.829776385852,0.));
#1521 = CARTESIAN_POINT('',(84.064423360694,15.841948577457,0.));
#1522 = CARTESIAN_POINT('',(84.050308835086,15.85412141119,0.));
#1523 = CARTESIAN_POINT('',(84.036192556935,15.866294884406,0.));
#1524 = CARTESIAN_POINT('',(84.022074525202,15.878468994523,0.));
#1525 = CARTESIAN_POINT('',(84.007954738891,15.890643738993,0.));
#1526 = CARTESIAN_POINT('',(83.993833196973,15.902819115243,0.));
#1527 = CARTESIAN_POINT('',(83.979709898347,15.914995120616,0.));
#1528 = CARTESIAN_POINT('',(83.965584842029,15.927171752594,0.));
#1529 = CARTESIAN_POINT('',(83.95145802698,15.939349008583,0.));
#1530 = CARTESIAN_POINT('',(83.937329452136,15.951526885962,0.));
#1531 = CARTESIAN_POINT('',(83.923199116496,15.96370538219,0.));
#1532 = CARTESIAN_POINT('',(83.909067019019,15.97588449466,0.));
#1533 = CARTESIAN_POINT('',(83.89493315868,15.988064220809,0.));
#1534 = CARTESIAN_POINT('',(83.880797534413,16.000244558015,0.));
#1535 = CARTESIAN_POINT('',(83.866660145214,16.01242550372,0.));
#1536 = CARTESIAN_POINT('',(83.852520990066,16.024607055351,0.));
#1537 = CARTESIAN_POINT('',(83.838380067919,16.036789210302,0.));
#1538 = CARTESIAN_POINT('',(83.824237377742,16.048971965987,0.));
#1539 = CARTESIAN_POINT('',(83.810092918526,16.061155319842,0.));
#1540 = CARTESIAN_POINT('',(83.795946689242,16.073339269286,0.));
#1541 = CARTESIAN_POINT('',(83.781798688821,16.085523811683,0.));
#1542 = CARTESIAN_POINT('',(83.767648916296,16.097708944517,0.));
#1543 = CARTESIAN_POINT('',(83.753497370624,16.109894665178,0.));
#1544 = CARTESIAN_POINT('',(83.739344050753,16.12208097106,0.));
#1545 = CARTESIAN_POINT('',(83.72518895568,16.134267859597,0.));
#1546 = CARTESIAN_POINT('',(83.711032084401,16.146455328224,0.));
#1547 = CARTESIAN_POINT('',(83.696873435869,16.15864337433,0.));
#1548 = CARTESIAN_POINT('',(83.682713009059,16.170831995322,0.));
#1549 = CARTESIAN_POINT('',(83.668550802996,16.183021188677,0.));
#1550 = CARTESIAN_POINT('',(83.654386816594,16.195210951736,0.));
#1551 = CARTESIAN_POINT('',(83.640221048845,16.207401281931,0.));
#1552 = CARTESIAN_POINT('',(83.626053498785,16.219592176727,0.));
#1553 = CARTESIAN_POINT('',(83.611884165366,16.231783633506,0.));
#1554 = CARTESIAN_POINT('',(83.597713047548,16.243975649665,0.));
#1555 = CARTESIAN_POINT('',(83.583540144344,16.256168222658,0.));
#1556 = CARTESIAN_POINT('',(83.56936545472,16.268361349881,0.));
#1557 = CARTESIAN_POINT('',(83.555188977649,16.280555028731,0.));
#1558 = CARTESIAN_POINT('',(83.541010712162,16.292749256678,0.));
#1559 = CARTESIAN_POINT('',(83.526830657205,16.30494403108,0.));
#1560 = CARTESIAN_POINT('',(83.512648811795,16.317139349392,0.));
#1561 = CARTESIAN_POINT('',(83.498465174924,16.329335209043,0.));
#1562 = CARTESIAN_POINT('',(83.484279745514,16.341531607375,0.));
#1563 = CARTESIAN_POINT('',(83.470092522614,16.353728541868,0.));
#1564 = CARTESIAN_POINT('',(83.455903505235,16.365926009957,0.));
#1565 = CARTESIAN_POINT('',(83.4417126923,16.378124008985,0.));
#1566 = CARTESIAN_POINT('',(83.427520082838,16.390322536408,0.));
#1567 = CARTESIAN_POINT('',(83.413325675878,16.402521589686,0.));
#1568 = CARTESIAN_POINT('',(83.399129470339,16.414721166148,0.));
#1569 = CARTESIAN_POINT('',(83.384931465255,16.426921263265,0.));
#1570 = CARTESIAN_POINT('',(83.370731659625,16.439121878454,0.));
#1571 = CARTESIAN_POINT('',(83.35653005242,16.451323009101,0.));
#1572 = CARTESIAN_POINT('',(83.342326642661,16.463524652657,0.));
#1573 = CARTESIAN_POINT('',(83.328121429326,16.475726806506,0.));
#1574 = CARTESIAN_POINT('',(83.313914411436,16.487929468093,0.));
#1575 = CARTESIAN_POINT('',(83.299705587983,16.500132634834,0.));
#1576 = CARTESIAN_POINT('',(83.285494957928,16.512336304103,0.));
#1577 = CARTESIAN_POINT('',(83.27128252031,16.524540473368,0.));
#1578 = CARTESIAN_POINT('',(83.257068274106,16.536745140006,0.));
#1579 = CARTESIAN_POINT('',(83.242852218345,16.548950301469,0.));
#1580 = CARTESIAN_POINT('',(83.22863435201,16.561155955146,0.));
#1581 = CARTESIAN_POINT('',(83.214414674108,16.573362098465,0.));
#1582 = CARTESIAN_POINT('',(83.200193183648,16.585568728852,0.));
#1583 = CARTESIAN_POINT('',(83.185969879602,16.597775843681,0.));
#1584 = CARTESIAN_POINT('',(83.17174476103,16.60998344043,0.));
#1585 = CARTESIAN_POINT('',(83.157517826912,16.622191516485,0.));
#1586 = CARTESIAN_POINT('',(83.143289076231,16.634400069247,0.));
#1587 = CARTESIAN_POINT('',(83.129058508009,16.64660909615,0.));
#1588 = CARTESIAN_POINT('',(83.114826121261,16.658818594611,0.));
#1589 = CARTESIAN_POINT('',(83.100591914994,16.671028562038,0.));
#1590 = CARTESIAN_POINT('',(83.086355888239,16.683238995883,0.));
#1591 = CARTESIAN_POINT('',(83.072118039946,16.695449893493,0.));
#1592 = CARTESIAN_POINT('',(83.057878369171,16.707661252333,0.));
#1593 = CARTESIAN_POINT('',(83.043636874948,16.719873069851,0.));
#1594 = CARTESIAN_POINT('',(83.029393556209,16.732085343368,0.));
#1595 = CARTESIAN_POINT('',(83.015148412029,16.74429807038,0.));
#1596 = CARTESIAN_POINT('',(83.000901441422,16.756511248296,0.));
#1597 = CARTESIAN_POINT('',(82.986652643359,16.768724874477,0.));
#1598 = CARTESIAN_POINT('',(82.972402016915,16.78093894641,0.));
#1599 = CARTESIAN_POINT('',(82.95814956109,16.793153461499,0.));
#1600 = CARTESIAN_POINT('',(82.943895274834,16.805368417091,0.));
#1601 = CARTESIAN_POINT('',(82.929639157233,16.817583810675,0.));
#1602 = CARTESIAN_POINT('',(82.915381207311,16.829799639669,0.));
#1603 = CARTESIAN_POINT('',(82.901121424042,16.842015901445,0.));
#1604 = CARTESIAN_POINT('',(82.886859806456,16.854232593431,0.));
#1605 = CARTESIAN_POINT('',(82.872596353607,16.866449713077,0.));
#1606 = CARTESIAN_POINT('',(82.8583310645,16.878667257782,0.));
#1607 = CARTESIAN_POINT('',(82.844063938126,16.89088522493,0.));
#1608 = CARTESIAN_POINT('',(82.829794973549,16.903103611996,0.));
#1609 = CARTESIAN_POINT('',(82.815524169752,16.915322416337,0.));
#1610 = CARTESIAN_POINT('',(82.801251525798,16.927541635416,0.));
#1611 = CARTESIAN_POINT('',(82.786977040705,16.939761266642,0.));
#1612 = CARTESIAN_POINT('',(82.772700713473,16.951981307399,0.));
#1613 = CARTESIAN_POINT('',(82.758422543163,16.964201755155,0.));
#1614 = CARTESIAN_POINT('',(82.744142528763,16.976422607281,0.));
#1615 = CARTESIAN_POINT('',(82.72986066931,16.988643861201,0.));
#1616 = CARTESIAN_POINT('',(82.715576963864,17.000865514364,0.));
#1617 = CARTESIAN_POINT('',(82.701291411437,17.013087564163,0.));
#1618 = CARTESIAN_POINT('',(82.687004011049,17.02531000801,0.));
#1619 = CARTESIAN_POINT('',(82.672714761744,17.037532843341,0.));
#1620 = CARTESIAN_POINT('',(82.658423662529,17.049756067538,0.));
#1621 = CARTESIAN_POINT('',(82.644130712476,17.061979678069,0.));
#1622 = CARTESIAN_POINT('',(82.629835910586,17.07420367231,0.));
#1623 = CARTESIAN_POINT('',(82.615539255894,17.086428047679,0.));
#1624 = CARTESIAN_POINT('',(82.601240747467,17.098652801635,0.));
#1625 = CARTESIAN_POINT('',(82.58694038429,17.110877931529,0.));
#1626 = CARTESIAN_POINT('',(82.57263816545,17.123103434847,0.));
#1627 = CARTESIAN_POINT('',(82.558334089939,17.135329308944,0.));
#1628 = CARTESIAN_POINT('',(82.54402815683,17.147555551283,0.));
#1629 = CARTESIAN_POINT('',(82.529720365151,17.159782159269,0.));
#1630 = CARTESIAN_POINT('',(82.515410713912,17.172009130281,0.));
#1631 = CARTESIAN_POINT('',(82.501099202217,17.184236461818,0.));
#1632 = CARTESIAN_POINT('',(82.486785829035,17.196464151206,0.));
#1633 = CARTESIAN_POINT('',(82.472470593451,17.208692195918,0.));
#1634 = CARTESIAN_POINT('',(82.458153494508,17.22092059337,0.));
#1635 = CARTESIAN_POINT('',(82.443834531214,17.233149340942,0.));
#1636 = CARTESIAN_POINT('',(82.42951370264,17.245378436083,0.));
#1637 = CARTESIAN_POINT('',(82.415191007835,17.257607876215,0.));
#1638 = CARTESIAN_POINT('',(82.400866445815,17.26983765871,0.));
#1639 = CARTESIAN_POINT('',(82.386540015678,17.282067781055,0.));
#1640 = CARTESIAN_POINT('',(82.37221171643,17.294298240619,0.));
#1641 = CARTESIAN_POINT('',(82.357881547099,17.306529034802,0.));
#1642 = CARTESIAN_POINT('',(82.343549506787,17.318760161081,0.));
#1643 = CARTESIAN_POINT('',(82.329215594505,17.330991616815,0.));
#1644 = CARTESIAN_POINT('',(82.31487980934,17.343223399473,0.));
#1645 = CARTESIAN_POINT('',(82.300542150308,17.355455506439,0.));
#1646 = CARTESIAN_POINT('',(82.286202616447,17.367687935111,0.));
#1647 = CARTESIAN_POINT('',(82.271861206856,17.37992068296,0.));
#1648 = CARTESIAN_POINT('',(82.257517920569,17.392153747377,0.));
#1649 = CARTESIAN_POINT('',(82.243172756615,17.40438712576,0.));
#1650 = CARTESIAN_POINT('',(82.228825714069,17.41662081555,0.));
#1651 = CARTESIAN_POINT('',(82.214476791987,17.428854814155,0.));
#1652 = CARTESIAN_POINT('',(82.200125989436,17.441089119007,0.));
#1653 = CARTESIAN_POINT('',(82.185773305455,17.453323727505,0.));
#1654 = CARTESIAN_POINT('',(82.171418739102,17.465558637071,0.));
#1655 = CARTESIAN_POINT('',(82.157062289438,17.477793845125,0.));
#1656 = CARTESIAN_POINT('',(82.142703955523,17.490029349085,0.));
#1657 = CARTESIAN_POINT('',(82.128343736416,17.502265146362,0.));
#1658 = CARTESIAN_POINT('',(82.113981631187,17.514501234387,0.));
#1659 = CARTESIAN_POINT('',(82.099617638887,17.526737610561,0.));
#1660 = CARTESIAN_POINT('',(82.085251758586,17.538974272321,0.));
#1661 = CARTESIAN_POINT('',(82.070883989323,17.55121121705,0.));
#1662 = CARTESIAN_POINT('',(82.056514330198,17.563448442208,0.));
#1663 = CARTESIAN_POINT('',(82.042142780258,17.575685945192,0.));
#1664 = CARTESIAN_POINT('',(82.027769338551,17.587923723398,0.));
#1665 = CARTESIAN_POINT('',(82.013394004183,17.600161774298,0.));
#1666 = CARTESIAN_POINT('',(81.999016776175,17.612400095248,0.));
#1667 = CARTESIAN_POINT('',(81.984637653623,17.624638683702,0.));
#1668 = CARTESIAN_POINT('',(81.970256635598,17.636877537078,0.));
#1669 = CARTESIAN_POINT('',(81.955873721158,17.649116652775,0.));
#1670 = CARTESIAN_POINT('',(81.941488909385,17.661356028243,0.));
#1671 = CARTESIAN_POINT('',(81.9271021993,17.673595660827,0.));
#1672 = CARTESIAN_POINT('',(81.912713590057,17.685835548047,0.));
#1673 = CARTESIAN_POINT('',(81.89832308067,17.698075687246,0.));
#1674 = CARTESIAN_POINT('',(81.883930670215,17.710316075848,0.));
#1675 = CARTESIAN_POINT('',(81.869536357811,17.722556711324,0.));
#1676 = CARTESIAN_POINT('',(81.855140142478,17.734797591023,0.));
#1677 = CARTESIAN_POINT('',(81.84074202332,17.74703871241,0.));
#1678 = CARTESIAN_POINT('',(81.826341999398,17.759280072875,0.));
#1679 = CARTESIAN_POINT('',(81.811940069797,17.771521669841,0.));
#1680 = CARTESIAN_POINT('',(81.797536233623,17.783763500764,0.));
#1681 = CARTESIAN_POINT('',(81.783130489897,17.796005562996,0.));
#1682 = CARTESIAN_POINT('',(81.768722837728,17.808247853985,0.));
#1683 = CARTESIAN_POINT('',(81.754313276232,17.820490371198,0.));
#1684 = CARTESIAN_POINT('',(81.739901804403,17.832733111941,0.));
#1685 = CARTESIAN_POINT('',(81.725488421408,17.844976073747,0.));
#1686 = CARTESIAN_POINT('',(81.71107312628,17.857219253957,0.));
#1687 = CARTESIAN_POINT('',(81.696655918127,17.869462650025,0.));
#1688 = CARTESIAN_POINT('',(81.68223679603,17.881706259362,0.));
#1689 = CARTESIAN_POINT('',(81.667815759069,17.89395007939,0.));
#1690 = CARTESIAN_POINT('',(81.653392806307,17.9061941075,0.));
#1691 = CARTESIAN_POINT('',(81.638967936849,17.918438341128,0.));
#1692 = CARTESIAN_POINT('',(81.62454114981,17.930682777717,0.));
#1693 = CARTESIAN_POINT('',(81.610112444248,17.942927414656,0.));
#1694 = CARTESIAN_POINT('',(81.595681819235,17.955172249342,0.));
#1695 = CARTESIAN_POINT('',(81.58124927391,17.967417279251,0.));
#1696 = CARTESIAN_POINT('',(81.566814807332,17.97966250177,0.));
#1697 = CARTESIAN_POINT('',(81.552378418555,17.991907914266,0.));
#1698 = CARTESIAN_POINT('',(81.537940106766,18.004153514272,0.));
#1699 = CARTESIAN_POINT('',(81.523499870983,18.016399299109,0.));
#1700 = CARTESIAN_POINT('',(81.509057710309,18.028645266219,0.));
#1701 = CARTESIAN_POINT('',(81.494613623868,18.040891413055,0.));
#1702 = CARTESIAN_POINT('',(81.48016761071,18.053137736969,0.));
#1703 = CARTESIAN_POINT('',(81.465719669995,18.065384235464,0.));
#1704 = CARTESIAN_POINT('',(81.451269800756,18.077630905886,0.));
#1705 = CARTESIAN_POINT('',(81.436818002094,18.089877745654,0.));
#1706 = CARTESIAN_POINT('',(81.422364273175,18.102124752253,0.));
#1707 = CARTESIAN_POINT('',(81.407908613062,18.114371923065,0.));
#1708 = CARTESIAN_POINT('',(81.393451020805,18.126619255461,0.));
#1709 = CARTESIAN_POINT('',(81.378991495559,18.138866746921,0.));
#1710 = CARTESIAN_POINT('',(81.36453003642,18.151114394848,0.));
#1711 = CARTESIAN_POINT('',(81.350066642476,18.163362196644,0.));
#1712 = CARTESIAN_POINT('',(81.335601312841,18.175610149747,0.));
#1713 = CARTESIAN_POINT('',(81.321134046604,18.187858251551,0.));
#1714 = CARTESIAN_POINT('',(81.306664842895,18.200106499508,0.));
#1715 = CARTESIAN_POINT('',(81.292193700797,18.212354890998,0.));
#1716 = CARTESIAN_POINT('',(81.277720619445,18.224603423487,0.));
#1717 = CARTESIAN_POINT('',(81.2632455979,18.236852094333,0.));
#1718 = CARTESIAN_POINT('',(81.248768635308,18.24910090101,0.));
#1719 = CARTESIAN_POINT('',(81.23428973075,18.261349840893,0.));
#1720 = CARTESIAN_POINT('',(81.219808883355,18.27359891141,0.));
#1721 = CARTESIAN_POINT('',(81.205326092286,18.285848110057,0.));
#1722 = CARTESIAN_POINT('',(81.190841356532,18.298097434108,0.));
#1723 = CARTESIAN_POINT('',(81.176354675278,18.310346881076,0.));
#1724 = CARTESIAN_POINT('',(81.161866047657,18.322596448393,0.));
#1725 = CARTESIAN_POINT('',(81.147375472721,18.334846133392,0.));
#1726 = CARTESIAN_POINT('',(81.132882949667,18.347095933607,0.));
#1727 = CARTESIAN_POINT('',(81.118388477529,18.359345846354,0.));
#1728 = CARTESIAN_POINT('',(81.103892055447,18.37159586909,0.));
#1729 = CARTESIAN_POINT('',(81.089393682563,18.383845999252,0.));
#1730 = CARTESIAN_POINT('',(81.074893357975,18.396096234228,0.));
#1731 = CARTESIAN_POINT('',(81.060391080824,18.408346571476,0.));
#1732 = CARTESIAN_POINT('',(81.045886850183,18.420597008358,0.));
#1733 = CARTESIAN_POINT('',(81.031380665203,18.432847542335,0.));
#1734 = CARTESIAN_POINT('',(81.016872525003,18.445098170809,0.));
#1735 = CARTESIAN_POINT('',(81.002362428718,18.457348891213,0.));
#1736 = CARTESIAN_POINT('',(80.987850375464,18.469599700963,0.));
#1737 = CARTESIAN_POINT('',(80.973336364337,18.481850597457,0.));
#1738 = CARTESIAN_POINT('',(80.958820394469,18.494101578112,0.));
#1739 = CARTESIAN_POINT('',(80.94430246503,18.5063526404,0.));
#1740 = CARTESIAN_POINT('',(80.929782575096,18.51860378168,0.));
#1741 = CARTESIAN_POINT('',(80.915260723798,18.530854999384,0.));
#1742 = CARTESIAN_POINT('',(80.900736910287,18.543106290954,0.));
#1743 = CARTESIAN_POINT('',(80.886211133675,18.555357653777,0.));
#1744 = CARTESIAN_POINT('',(80.871683393124,18.567609085328,0.));
#1745 = CARTESIAN_POINT('',(80.857153687692,18.579860582934,0.));
#1746 = CARTESIAN_POINT('',(80.842622016569,18.592112144086,0.));
#1747 = CARTESIAN_POINT('',(80.828088378898,18.60436376621,0.));
#1748 = CARTESIAN_POINT('',(80.813552773754,18.616615446661,0.));
#1749 = CARTESIAN_POINT('',(80.799015200307,18.628867182906,0.));
#1750 = CARTESIAN_POINT('',(80.784475657694,18.641118972361,0.));
#1751 = CARTESIAN_POINT('',(80.769934145032,18.653370812426,0.));
#1752 = CARTESIAN_POINT('',(80.755390661467,18.66562270053,0.));
#1753 = CARTESIAN_POINT('',(80.740845206147,18.677874634111,0.));
#1754 = CARTESIAN_POINT('',(80.726297778169,18.690126610534,0.));
#1755 = CARTESIAN_POINT('',(80.711748376723,18.702378627282,0.));
#1756 = CARTESIAN_POINT('',(80.697197000926,18.714630681743,0.));
#1757 = CARTESIAN_POINT('',(80.682643649903,18.726882771329,0.));
#1758 = CARTESIAN_POINT('',(80.6680883228,18.73913489346,0.));
#1759 = CARTESIAN_POINT('',(80.653531018785,18.751387045587,0.));
#1760 = CARTESIAN_POINT('',(80.638971736966,18.76363922509,0.));
#1761 = CARTESIAN_POINT('',(80.624410476487,18.775891429382,0.));
#1762 = CARTESIAN_POINT('',(80.60984723655,18.788143655959,0.));
#1763 = CARTESIAN_POINT('',(80.595282016215,18.800395902128,0.));
#1764 = CARTESIAN_POINT('',(80.580714814692,18.812648165397,0.));
#1765 = CARTESIAN_POINT('',(80.566145631106,18.824900443155,0.));
#1766 = CARTESIAN_POINT('',(80.551574464576,18.837152732794,0.));
#1767 = CARTESIAN_POINT('',(80.537001314286,18.849405031776,0.));
#1768 = CARTESIAN_POINT('',(80.522426179372,18.861657337487,0.));
#1769 = CARTESIAN_POINT('',(80.507849059015,18.873909647394,0.));
#1770 = CARTESIAN_POINT('',(80.493269952314,18.886161958858,0.));
#1771 = CARTESIAN_POINT('',(80.47868885844,18.898414269325,0.));
#1772 = CARTESIAN_POINT('',(80.464105776556,18.910666576222,0.));
#1773 = CARTESIAN_POINT('',(80.449520705806,18.922918876956,0.));
#1774 = CARTESIAN_POINT('',(80.434933645348,18.93517116895,0.));
#1775 = CARTESIAN_POINT('',(80.420344594341,18.94742344963,0.));
#1776 = CARTESIAN_POINT('',(80.405753551926,18.959675716403,0.));
#1777 = CARTESIAN_POINT('',(80.391160517266,18.971927966691,0.));
#1778 = CARTESIAN_POINT('',(80.37656548953,18.984180197935,0.));
#1779 = CARTESIAN_POINT('',(80.361968467843,18.996432407506,0.));
#1780 = CARTESIAN_POINT('',(80.347369451405,19.008684592875,0.));
#1781 = CARTESIAN_POINT('',(80.332768439369,19.020936751446,0.));
#1782 = CARTESIAN_POINT('',(80.318165430875,19.033188880627,0.));
#1783 = CARTESIAN_POINT('',(80.303560425082,19.045440977831,0.));
#1784 = CARTESIAN_POINT('',(80.288953421179,19.057693040506,0.));
#1785 = CARTESIAN_POINT('',(80.274344418315,19.069945066056,0.));
#1786 = CARTESIAN_POINT('',(80.259733415643,19.08219705189,0.));
#1787 = CARTESIAN_POINT('',(80.245120412344,19.094448995443,0.));
#1788 = CARTESIAN_POINT('',(80.230505407587,19.106700894144,0.));
#1789 = CARTESIAN_POINT('',(80.215888400504,19.118952745372,0.));
#1790 = CARTESIAN_POINT('',(80.201269390297,19.131204546582,0.));
#1791 = CARTESIAN_POINT('',(80.186648376145,19.143456295205,0.));
#1792 = CARTESIAN_POINT('',(80.172025357184,19.155707988626,0.));
#1793 = CARTESIAN_POINT('',(80.157400332582,19.167959624265,0.));
#1794 = CARTESIAN_POINT('',(80.142773301549,19.180211199583,0.));
#1795 = CARTESIAN_POINT('',(80.12814426323,19.192462711973,0.));
#1796 = CARTESIAN_POINT('',(80.113513216773,19.204714158829,0.));
#1797 = CARTESIAN_POINT('',(80.098880161385,19.216965537606,0.));
#1798 = CARTESIAN_POINT('',(80.084245096256,19.229216845732,0.));
#1799 = CARTESIAN_POINT('',(80.069608020541,19.241468080609,0.));
#1800 = CARTESIAN_POINT('',(80.054968933398,19.253719239653,0.));
#1801 = CARTESIAN_POINT('',(80.040327833995,19.265970320268,0.));
#1802 = CARTESIAN_POINT('',(80.025684721551,19.278221319914,0.));
#1803 = CARTESIAN_POINT('',(80.011039595243,19.290472236002,0.));
#1804 = CARTESIAN_POINT('',(79.996392454221,19.302723065928,0.));
#1805 = CARTESIAN_POINT('',(79.981743297682,19.314973807138,0.));
#1806 = CARTESIAN_POINT('',(79.967092124786,19.327224457022,0.));
#1807 = CARTESIAN_POINT('',(79.952438934742,19.339475013029,0.));
#1808 = CARTESIAN_POINT('',(79.937783726733,19.351725472582,0.));
#1809 = CARTESIAN_POINT('',(79.923126499914,19.363975833068,0.));
#1810 = CARTESIAN_POINT('',(79.908467253487,19.376226091934,0.));
#1811 = CARTESIAN_POINT('',(79.89380598664,19.388476246589,0.));
#1812 = CARTESIAN_POINT('',(79.879142698574,19.400726294481,0.));
#1813 = CARTESIAN_POINT('',(79.864477388436,19.412976232983,0.));
#1814 = CARTESIAN_POINT('',(79.849810055433,19.425226059545,0.));
#1815 = CARTESIAN_POINT('',(79.835140698753,19.437475771576,0.));
#1816 = CARTESIAN_POINT('',(79.820469317602,19.449725366511,0.));
#1817 = CARTESIAN_POINT('',(79.805795911173,19.461974841782,0.));
#1818 = CARTESIAN_POINT('',(79.791120478601,19.474224194746,0.));
#1819 = CARTESIAN_POINT('',(79.77644301914,19.486473422898,0.));
#1820 = CARTESIAN_POINT('',(79.761763531954,19.498722523616,0.));
#1821 = CARTESIAN_POINT('',(79.74708201624,19.510971494325,0.));
#1822 = CARTESIAN_POINT('',(79.732398471218,19.523220332483,0.));
#1823 = CARTESIAN_POINT('',(79.717712896025,19.535469035438,0.));
#1824 = CARTESIAN_POINT('',(79.703025289906,19.547717600663,0.));
#1825 = CARTESIAN_POINT('',(79.688335652082,19.559966025606,0.));
#1826 = CARTESIAN_POINT('',(79.67364398168,19.572214307617,0.));
#1827 = CARTESIAN_POINT('',(79.65895027791,19.584462444126,0.));
#1828 = CARTESIAN_POINT('',(79.644254540036,19.596710432628,0.));
#1829 = CARTESIAN_POINT('',(79.629556767197,19.608958270459,0.));
#1830 = CARTESIAN_POINT('',(79.614856958623,19.621205955081,0.));
#1831 = CARTESIAN_POINT('',(79.600155113525,19.633453483925,0.));
#1832 = CARTESIAN_POINT('',(79.585451231071,19.645700854378,0.));
#1833 = CARTESIAN_POINT('',(79.570745310468,19.657948063862,0.));
#1834 = CARTESIAN_POINT('',(79.556037350965,19.670195109847,0.));
#1835 = CARTESIAN_POINT('',(79.541327351723,19.682441989692,0.));
#1836 = CARTESIAN_POINT('',(79.526615311976,19.694688700865,0.));
#1837 = CARTESIAN_POINT('',(79.511901230912,19.706935240755,0.));
#1838 = CARTESIAN_POINT('',(79.497185107753,19.719181606798,0.));
#1839 = CARTESIAN_POINT('',(79.482466941719,19.731427796437,0.));
#1840 = CARTESIAN_POINT('',(79.467746731966,19.743673807028,0.));
#1841 = CARTESIAN_POINT('',(79.453024477752,19.755919636042,0.));
#1842 = CARTESIAN_POINT('',(79.438300178309,19.768165280923,0.));
#1843 = CARTESIAN_POINT('',(79.4235738328,19.780410739032,0.));
#1844 = CARTESIAN_POINT('',(79.408845440459,19.792656007826,0.));
#1845 = CARTESIAN_POINT('',(79.394115000492,19.804901084703,0.));
#1846 = CARTESIAN_POINT('',(79.379382512156,19.817145967138,0.));
#1847 = CARTESIAN_POINT('',(79.364647974612,19.829390652489,0.));
#1848 = CARTESIAN_POINT('',(79.349911387083,19.841635138189,0.));
#1849 = CARTESIAN_POINT('',(79.335172748825,19.853879421696,0.));
#1850 = CARTESIAN_POINT('',(79.320432059038,19.866123500405,0.));
#1851 = CARTESIAN_POINT('',(79.305689316931,19.878367371731,0.));
#1852 = CARTESIAN_POINT('',(79.290944521744,19.890611033123,0.));
#1853 = CARTESIAN_POINT('',(79.276197672663,19.90285448196,0.));
#1854 = CARTESIAN_POINT('',(79.261448768939,19.915097715692,0.));
#1855 = CARTESIAN_POINT('',(79.246697809815,19.927340731768,0.));
#1856 = CARTESIAN_POINT('',(79.231944794454,19.939583527529,0.));
#1857 = CARTESIAN_POINT('',(79.217189722145,19.951826100479,0.));
#1858 = CARTESIAN_POINT('',(79.202432592094,19.964068448015,0.));
#1859 = CARTESIAN_POINT('',(79.187673403489,19.976310567518,0.));
#1860 = CARTESIAN_POINT('',(79.172912155592,19.988552456448,0.));
#1861 = CARTESIAN_POINT('',(79.15814884765,20.000794112243,0.));
#1862 = CARTESIAN_POINT('',(79.143383478856,20.013035532287,0.));
#1863 = CARTESIAN_POINT('',(79.128616048441,20.025276713997,0.));
#1864 = CARTESIAN_POINT('',(79.113846555686,20.037517654858,0.));
#1865 = CARTESIAN_POINT('',(79.099074999767,20.049758352227,0.));
#1866 = CARTESIAN_POINT('',(79.084301379913,20.061998803522,0.));
#1867 = CARTESIAN_POINT('',(79.069525695412,20.07423900623,0.));
#1868 = CARTESIAN_POINT('',(79.054747945457,20.086478957715,0.));
#1869 = CARTESIAN_POINT('',(79.039968129286,20.098718655411,0.));
#1870 = CARTESIAN_POINT('',(79.02518624615,20.110958096754,0.));
#1871 = CARTESIAN_POINT('',(79.010402295284,20.123197279158,0.));
#1872 = CARTESIAN_POINT('',(78.995616275928,20.135436200062,0.));
#1873 = CARTESIAN_POINT('',(78.980828187272,20.147674856819,0.));
#1874 = CARTESIAN_POINT('',(78.966038028636,20.159913246947,0.));
#1875 = CARTESIAN_POINT('',(78.951245799239,20.172151367837,0.));
#1876 = CARTESIAN_POINT('',(78.936451498268,20.184389216858,0.));
#1877 = CARTESIAN_POINT('',(78.921655125008,20.196626791482,0.));
#1878 = CARTESIAN_POINT('',(78.906856678723,20.208864089148,0.));
#1879 = CARTESIAN_POINT('',(78.892056158614,20.221101107223,0.));
#1880 = CARTESIAN_POINT('',(78.877253563962,20.233337843185,0.));
#1881 = CARTESIAN_POINT('',(78.862448893973,20.245574294399,0.));
#1882 = CARTESIAN_POINT('',(78.847642147941,20.257810458351,0.));
#1883 = CARTESIAN_POINT('',(78.832833325072,20.27004633241,0.));
#1884 = CARTESIAN_POINT('',(78.818022424627,20.282281914006,0.));
#1885 = CARTESIAN_POINT('',(78.803209445904,20.294517200625,0.));
#1886 = CARTESIAN_POINT('',(78.788394388077,20.306752189597,0.));
#1887 = CARTESIAN_POINT('',(78.773577250431,20.318986878392,0.));
#1888 = CARTESIAN_POINT('',(78.75875803223,20.331221264445,0.));
#1889 = CARTESIAN_POINT('',(78.743936732697,20.343455345131,0.));
#1890 = CARTESIAN_POINT('',(78.729113351135,20.355689117944,0.));
#1891 = CARTESIAN_POINT('',(78.714287886743,20.367922580232,0.));
#1892 = CARTESIAN_POINT('',(78.699460338807,20.380155729464,0.));
#1893 = CARTESIAN_POINT('',(78.684630706574,20.39238856304,0.));
#1894 = CARTESIAN_POINT('',(78.669798989324,20.404621078405,0.));
#1895 = CARTESIAN_POINT('',(78.654965186309,20.416853272987,0.));
#1896 = CARTESIAN_POINT('',(78.64012929674,20.429085144148,0.));
#1897 = CARTESIAN_POINT('',(78.625291319933,20.441316689379,0.));
#1898 = CARTESIAN_POINT('',(78.610451255142,20.453547906084,0.));
#1899 = CARTESIAN_POINT('',(78.595609101616,20.465778791671,0.));
#1900 = CARTESIAN_POINT('',(78.580764858627,20.47800934359,0.));
#1901 = CARTESIAN_POINT('',(78.565918525405,20.490239559217,0.));
#1902 = CARTESIAN_POINT('',(78.55107010125,20.50246943601,0.));
#1903 = CARTESIAN_POINT('',(78.536219585451,20.514698971417,0.));
#1904 = CARTESIAN_POINT('',(78.521366977228,20.526928162807,0.));
#1905 = CARTESIAN_POINT('',(78.506512275866,20.539157007642,0.));
#1906 = CARTESIAN_POINT('',(78.491655480607,20.551385503305,0.));
#1907 = CARTESIAN_POINT('',(78.476796590756,20.563613647255,0.));
#1908 = CARTESIAN_POINT('',(78.461935605592,20.575841436914,0.));
#1909 = CARTESIAN_POINT('',(78.447072524387,20.588068869722,0.));
#1910 = CARTESIAN_POINT('',(78.432207346347,20.600295943033,0.));
#1911 = CARTESIAN_POINT('',(78.417340070785,20.612522654308,0.));
#1912 = CARTESIAN_POINT('',(78.402470697029,20.624749001032,0.));
#1913 = CARTESIAN_POINT('',(78.387599224275,20.636974980536,0.));
#1914 = CARTESIAN_POINT('',(78.372725651813,20.649200590269,0.));
#1915 = CARTESIAN_POINT('',(78.357849978963,20.661425827702,0.));
#1916 = CARTESIAN_POINT('',(78.342972204957,20.673650690194,0.));
#1917 = CARTESIAN_POINT('',(78.328092329106,20.685875175217,0.));
#1918 = CARTESIAN_POINT('',(78.313210350671,20.698099280172,0.));
#1919 = CARTESIAN_POINT('',(78.298326268928,20.710323002481,0.));
#1920 = CARTESIAN_POINT('',(78.283440083163,20.722546339568,0.));
#1921 = CARTESIAN_POINT('',(78.268551792682,20.734769288892,0.));
#1922 = CARTESIAN_POINT('',(78.253661396711,20.746991847801,0.));
#1923 = CARTESIAN_POINT('',(78.2387688946,20.759214013799,0.));
#1924 = CARTESIAN_POINT('',(78.223874285613,20.771435784288,0.));
#1925 = CARTESIAN_POINT('',(78.208977568988,20.783657156636,0.));
#1926 = CARTESIAN_POINT('',(78.194078744071,20.79587812835,0.));
#1927 = CARTESIAN_POINT('',(78.179177810108,20.808098696785,0.));
#1928 = CARTESIAN_POINT('',(78.164274766425,20.820318859417,0.));
#1929 = CARTESIAN_POINT('',(78.149369612298,20.832538613653,0.));
#1930 = CARTESIAN_POINT('',(78.134462346992,20.844757956891,0.));
#1931 = CARTESIAN_POINT('',(78.119552969828,20.856976886591,0.));
#1932 = CARTESIAN_POINT('',(78.104641480085,20.869195400151,0.));
#1933 = CARTESIAN_POINT('',(78.089727877087,20.881413495046,0.));
#1934 = CARTESIAN_POINT('',(78.074812160059,20.893631168618,0.));
#1935 = CARTESIAN_POINT('',(78.059894328335,20.905848418335,0.));
#1936 = CARTESIAN_POINT('',(78.044974381249,20.918065241665,0.));
#1937 = CARTESIAN_POINT('',(78.030052318032,20.930281635947,0.));
#1938 = CARTESIAN_POINT('',(78.015128138026,20.942497598672,0.));
#1939 = CARTESIAN_POINT('',(78.000201840512,20.954713127238,0.));
#1940 = CARTESIAN_POINT('',(77.985273424781,20.966928219066,0.));
#1941 = CARTESIAN_POINT('',(77.970342890135,20.979142871579,0.));
#1942 = CARTESIAN_POINT('',(77.955410235899,20.991357082227,0.));
#1943 = CARTESIAN_POINT('',(77.940475461355,21.003570848412,0.));
#1944 = CARTESIAN_POINT('',(77.925538565807,21.015784167559,0.));
#1945 = CARTESIAN_POINT('',(77.910599548563,21.027997037103,0.));
#1946 = CARTESIAN_POINT('',(77.895658408928,21.040209454468,0.));
#1947 = CARTESIAN_POINT('',(77.880715146197,21.052421417064,0.));
#1948 = CARTESIAN_POINT('',(77.865769759689,21.064632922332,0.));
#1949 = CARTESIAN_POINT('',(77.850822248714,21.076843967692,0.));
#1950 = CARTESIAN_POINT('',(77.835872612586,21.089054550585,0.));
#1951 = CARTESIAN_POINT('',(77.820920850583,21.101264668398,0.));
#1952 = CARTESIAN_POINT('',(77.805966962036,21.113474318587,0.));
#1953 = CARTESIAN_POINT('',(77.791010946254,21.125683498564,0.));
#1954 = CARTESIAN_POINT('',(77.776052802558,21.13789220576,0.));
#1955 = CARTESIAN_POINT('',(77.761092530274,21.150100437623,0.));
#1956 = CARTESIAN_POINT('',(77.746130128666,21.162308191519,0.));
#1957 = CARTESIAN_POINT('',(77.731165597094,21.174515464933,0.));
#1958 = CARTESIAN_POINT('',(77.716198934854,21.186722255263,0.));
#1959 = CARTESIAN_POINT('',(77.701230141251,21.19892855992,0.));
#1960 = CARTESIAN_POINT('',(77.686259215632,21.211134376364,0.));
#1961 = CARTESIAN_POINT('',(77.671286157306,21.223339702002,0.));
#1962 = CARTESIAN_POINT('',(77.656310965597,21.235544534275,0.));
#1963 = CARTESIAN_POINT('',(77.64133363979,21.247748870553,0.));
#1964 = CARTESIAN_POINT('',(77.626354179282,21.25995270837,0.));
#1965 = CARTESIAN_POINT('',(77.611372583306,21.272156045045,0.));
#1966 = CARTESIAN_POINT('',(77.596388851189,21.284358878001,0.));
#1967 = CARTESIAN_POINT('',(77.581402982369,21.296561204796,0.));
#1968 = CARTESIAN_POINT('',(77.566414976068,21.308763022722,0.));
#1969 = CARTESIAN_POINT('',(77.551424831633,21.320964329255,0.));
#1970 = CARTESIAN_POINT('',(77.536432548388,21.333165121805,0.));
#1971 = CARTESIAN_POINT('',(77.521438125691,21.345365397835,0.));
#1972 = CARTESIAN_POINT('',(77.50644156284,21.357565154733,0.));
#1973 = CARTESIAN_POINT('',(77.491442859168,21.36976438993,0.));
#1974 = CARTESIAN_POINT('',(77.476442014025,21.381963100882,0.));
#1975 = CARTESIAN_POINT('',(77.461439026705,21.394161284974,0.));
#1976 = CARTESIAN_POINT('',(77.446433896545,21.406358939619,0.));
#1977 = CARTESIAN_POINT('',(77.431426622968,21.418556062361,0.));
#1978 = CARTESIAN_POINT('',(77.416417205188,21.430752650473,0.));
#1979 = CARTESIAN_POINT('',(77.401405642596,21.442948701461,0.));
#1980 = CARTESIAN_POINT('',(77.386391934553,21.455144212788,0.));
#1981 = CARTESIAN_POINT('',(77.371376080295,21.467339181732,0.));
#1982 = CARTESIAN_POINT('',(77.356358079318,21.479533605931,0.));
#1983 = CARTESIAN_POINT('',(77.34133793084,21.491727482647,0.));
#1984 = CARTESIAN_POINT('',(77.326315634226,21.503920809363,0.));
#1985 = CARTESIAN_POINT('',(77.311291188823,21.516113583503,0.));
#1986 = CARTESIAN_POINT('',(77.296264593983,21.528305802497,0.));
#1987 = CARTESIAN_POINT('',(77.281235849053,21.540497463784,0.));
#1988 = CARTESIAN_POINT('',(77.266204953344,21.552688564751,0.));
#1989 = CARTESIAN_POINT('',(77.251171906232,21.564879102867,0.));
#1990 = CARTESIAN_POINT('',(77.236136707045,21.577069075526,0.));
#1991 = CARTESIAN_POINT('',(77.221099355158,21.589258480196,0.));
#1992 = CARTESIAN_POINT('',(77.206059849882,21.601447314257,0.));
#1993 = CARTESIAN_POINT('',(77.191018190591,21.613635575171,0.));
#1994 = CARTESIAN_POINT('',(77.175974376626,21.625823260355,0.));
#1995 = CARTESIAN_POINT('',(77.160928407322,21.638010367219,0.));
#1996 = CARTESIAN_POINT('',(77.145880282053,21.65019689322,0.));
#1997 = CARTESIAN_POINT('',(77.130830000149,21.662382835753,0.));
#1998 = CARTESIAN_POINT('',(77.115777560993,21.67456819228,0.));
#1999 = CARTESIAN_POINT('',(77.100722963919,21.686752960199,0.));
#2000 = CARTESIAN_POINT('',(77.085666208305,21.698937136973,0.));
#2001 = CARTESIAN_POINT('',(77.070607293472,21.71112072,0.));
#2002 = CARTESIAN_POINT('',(77.05554621875,21.723303706662,0.));
#2003 = CARTESIAN_POINT('',(77.040482983596,21.735486094509,0.));
#2004 = CARTESIAN_POINT('',(77.025417587298,21.74766788087,0.));
#2005 = CARTESIAN_POINT('',(77.010350029222,21.759849063198,0.));
#2006 = CARTESIAN_POINT('',(76.995280308736,21.77202963893,0.));
#2007 = CARTESIAN_POINT('',(76.980208425194,21.784209605474,0.));
#2008 = CARTESIAN_POINT('',(76.965134377989,21.796388960295,0.));
#2009 = CARTESIAN_POINT('',(76.950058166459,21.808567700797,0.));
#2010 = CARTESIAN_POINT('',(76.934979789946,21.820745824379,0.));
#2011 = CARTESIAN_POINT('',(76.919899247863,21.832923328523,0.));
#2012 = CARTESIAN_POINT('',(76.904816539572,21.845100210657,0.));
#2013 = CARTESIAN_POINT('',(76.889731664376,21.857276468127,0.));
#2014 = CARTESIAN_POINT('',(76.874644621721,21.869452098464,0.));
#2015 = CARTESIAN_POINT('',(76.859555410945,21.881627099046,0.));
#2016 = CARTESIAN_POINT('',(76.844464031405,21.893801467288,0.));
#2017 = CARTESIAN_POINT('',(76.829370482509,21.905975200669,0.));
#2018 = CARTESIAN_POINT('',(76.814274763589,21.918148296565,0.));
#2019 = CARTESIAN_POINT('',(76.799176874034,21.930320752428,0.));
#2020 = CARTESIAN_POINT('',(76.784076813226,21.942492565701,0.));
#2021 = CARTESIAN_POINT('',(76.768974580507,21.954663733763,0.));
#2022 = CARTESIAN_POINT('',(76.7538701753,21.9668342541,0.));
#2023 = CARTESIAN_POINT('',(76.738763596974,21.979004124131,0.));
#2024 = CARTESIAN_POINT('',(76.723654844869,21.991173341245,0.));
#2025 = CARTESIAN_POINT('',(76.708543918386,22.003341902892,0.));
#2026 = CARTESIAN_POINT('',(76.693430816941,22.015509806553,0.));
#2027 = CARTESIAN_POINT('',(76.678315539832,22.027677049544,0.));
#2028 = CARTESIAN_POINT('',(76.663198086523,22.039843629411,0.));
#2029 = CARTESIAN_POINT('',(76.648078456349,22.052009543513,0.));
#2030 = CARTESIAN_POINT('',(76.632956648696,22.064174789286,0.));
#2031 = CARTESIAN_POINT('',(76.61783266298,22.076339364198,0.));
#2032 = CARTESIAN_POINT('',(76.602706498556,22.088503265633,0.));
#2033 = CARTESIAN_POINT('',(76.587578154825,22.100666491045,0.));
#2034 = CARTESIAN_POINT('',(76.572447631179,22.112829037875,0.));
#2035 = CARTESIAN_POINT('',(76.557314926965,22.1249909035,0.));
#2036 = CARTESIAN_POINT('',(76.542180041615,22.1371520854,0.));
#2037 = CARTESIAN_POINT('',(76.527042974526,22.149312581001,0.));
#2038 = CARTESIAN_POINT('',(76.511903725068,22.161472387714,0.));
#2039 = CARTESIAN_POINT('',(76.49676229264,22.173631502995,0.));
#2040 = CARTESIAN_POINT('',(76.481618676577,22.185789924183,0.));
#2041 = CARTESIAN_POINT('',(76.466472876402,22.19794764888,0.));
#2042 = CARTESIAN_POINT('',(76.451324891381,22.210104674341,0.));
#2043 = CARTESIAN_POINT('',(76.436174720973,22.222260998079,0.));
#2044 = CARTESIAN_POINT('',(76.421022364612,22.234416617573,0.));
#2045 = CARTESIAN_POINT('',(76.405867821598,22.246571530126,0.));
#2046 = CARTESIAN_POINT('',(76.390711091404,22.258725733272,0.));
#2047 = CARTESIAN_POINT('',(76.375552173403,22.270879224411,0.));
#2048 = CARTESIAN_POINT('',(76.360390901084,22.283032133933,0.));
#2049 = CARTESIAN_POINT('',(76.345226277922,22.295185257354,0.));
#2050 = CARTESIAN_POINT('',(76.330053058151,22.307335789967,0.));
#2051 = CARTESIAN_POINT('',(76.314866002219,22.319480926476,0.));
#2052 = CARTESIAN_POINT('',(76.299664116057,22.331621459825,0.));
#2053 = CARTESIAN_POINT('',(76.284447233418,22.343757517617,0.));
#2054 = CARTESIAN_POINT('',(76.269215354527,22.355889094581,0.));
#2055 = CARTESIAN_POINT('',(76.253968479521,22.368016185425,0.));
#2056 = CARTESIAN_POINT('',(76.238706608657,22.380138784974,0.));
#2057 = CARTESIAN_POINT('',(76.22342974207,22.392256887881,0.));
#2058 = CARTESIAN_POINT('',(76.208137879984,22.404370488915,0.));
#2059 = CARTESIAN_POINT('',(76.192831022586,22.416479582774,0.));
#2060 = CARTESIAN_POINT('',(76.177509170087,22.428584164191,0.));
#2061 = CARTESIAN_POINT('',(76.162172322652,22.440684227825,0.));
#2062 = CARTESIAN_POINT('',(76.146820480521,22.452779768424,0.));
#2063 = CARTESIAN_POINT('',(76.131453643856,22.464870780613,0.));
#2064 = CARTESIAN_POINT('',(76.116071812915,22.476957259142,0.));
#2065 = CARTESIAN_POINT('',(76.100674987872,22.489039198642,0.));
#2066 = CARTESIAN_POINT('',(76.085263168919,22.501116593754,0.));
#2067 = CARTESIAN_POINT('',(76.069836356333,22.513189439214,0.));
#2068 = CARTESIAN_POINT('',(76.054394550277,22.525257729603,0.));
#2069 = CARTESIAN_POINT('',(76.038937750978,22.537321459586,0.));
#2070 = CARTESIAN_POINT('',(76.023465958669,22.549380623811,0.));
#2071 = CARTESIAN_POINT('',(76.007979173566,22.561435216907,0.));
#2072 = CARTESIAN_POINT('',(75.992477395851,22.573485233441,0.));
#2073 = CARTESIAN_POINT('',(75.976960625815,22.585530668103,0.));
#2074 = CARTESIAN_POINT('',(75.961428863669,22.597571515474,0.));
#2075 = CARTESIAN_POINT('',(75.945882109614,22.609607770117,0.));
#2076 = CARTESIAN_POINT('',(75.93032036392,22.621639426682,0.));
#2077 = CARTESIAN_POINT('',(75.914743626781,22.633666479688,0.));
#2078 = CARTESIAN_POINT('',(75.899151898476,22.645688923771,0.));
#2079 = CARTESIAN_POINT('',(75.88354517922,22.657706753471,0.));
#2080 = CARTESIAN_POINT('',(75.867923469244,22.669719963331,0.));
#2081 = CARTESIAN_POINT('',(75.852286768826,22.681728547947,0.));
#2082 = CARTESIAN_POINT('',(75.8366350782,22.693732501855,0.));
#2083 = CARTESIAN_POINT('',(75.820968397577,22.70573181955,0.));
#2084 = CARTESIAN_POINT('',(75.805286727243,22.717726495594,0.));
#2085 = CARTESIAN_POINT('',(75.789590067498,22.729716524574,0.));
#2086 = CARTESIAN_POINT('',(75.773878418507,22.741701900891,0.));
#2087 = CARTESIAN_POINT('',(75.758151780571,22.753682619108,0.));
#2088 = CARTESIAN_POINT('',(75.742410153991,22.765658673789,0.));
#2089 = CARTESIAN_POINT('',(75.726653538931,22.77763005929,0.));
#2090 = CARTESIAN_POINT('',(75.710881935738,22.789596770214,0.));
#2091 = CARTESIAN_POINT('',(75.695095344659,22.801558801003,0.));
#2092 = CARTESIAN_POINT('',(75.679293765942,22.813516146107,0.));
#2093 = CARTESIAN_POINT('',(75.66347719987,22.825468800004,0.));
#2094 = CARTESIAN_POINT('',(75.647645646742,22.837416757168,0.));
#2095 = CARTESIAN_POINT('',(75.631799106825,22.849360012048,0.));
#2096 = CARTESIAN_POINT('',(75.615937580352,22.861298559024,0.));
#2097 = CARTESIAN_POINT('',(75.600061067664,22.873232392608,0.));
#2098 = CARTESIAN_POINT('',(75.584169569024,22.885161507189,0.));
#2099 = CARTESIAN_POINT('',(75.568263084711,22.897085897169,0.));
#2100 = CARTESIAN_POINT('',(75.552341615056,22.909005557026,0.));
#2101 = CARTESIAN_POINT('',(75.536405160283,22.92092048108,0.));
#2102 = CARTESIAN_POINT('',(75.520453720693,22.932830663731,0.));
#2103 = CARTESIAN_POINT('',(75.50448729666,22.944736099469,0.));
#2104 = CARTESIAN_POINT('',(75.48850588839,22.956636782532,0.));
#2105 = CARTESIAN_POINT('',(75.472509496264,22.968532707422,0.));
#2106 = CARTESIAN_POINT('',(75.45649812052,22.980423868413,0.));
#2107 = CARTESIAN_POINT('',(75.440471761473,22.992310259863,0.));
#2108 = CARTESIAN_POINT('',(75.424430419509,23.004191876231,0.));
#2109 = CARTESIAN_POINT('',(75.408374094834,23.016068711711,0.));
#2110 = CARTESIAN_POINT('',(75.392302787817,23.027940760731,0.));
#2111 = CARTESIAN_POINT('',(75.376216498761,23.03980801759,0.));
#2112 = CARTESIAN_POINT('',(75.360115227978,23.051670476579,0.));
#2113 = CARTESIAN_POINT('',(75.343998975848,23.063528132095,0.));
#2114 = CARTESIAN_POINT('',(75.327867742633,23.075380978365,0.));
#2115 = CARTESIAN_POINT('',(75.311721528642,23.087229009669,0.));
#2116 = CARTESIAN_POINT('',(75.295560334259,23.099072220362,0.));
#2117 = CARTESIAN_POINT('',(75.279384159796,23.110910604697,0.));
#2118 = CARTESIAN_POINT('',(75.26319300556,23.122744156903,0.));
#2119 = CARTESIAN_POINT('',(75.246986871946,23.13457287133,0.));
#2120 = CARTESIAN_POINT('',(75.230765759245,23.146396742164,0.));
#2121 = CARTESIAN_POINT('',(75.214529667809,23.158215763681,0.));
#2122 = CARTESIAN_POINT('',(75.198278597976,23.170029930106,0.));
#2123 = CARTESIAN_POINT('',(75.182012550123,23.181839235713,0.));
#2124 = CARTESIAN_POINT('',(75.165731524562,23.19364367467,0.));
#2125 = CARTESIAN_POINT('',(75.149435521684,23.205443241249,0.));
#2126 = CARTESIAN_POINT('',(75.133124541832,23.217237929646,0.));
#2127 = CARTESIAN_POINT('',(75.116798585336,23.22902773402,0.));
#2128 = CARTESIAN_POINT('',(75.100457652607,23.240812648648,0.));
#2129 = CARTESIAN_POINT('',(75.084101743951,23.252592667644,0.));
#2130 = CARTESIAN_POINT('',(75.067730859731,23.26436778518,0.));
#2131 = CARTESIAN_POINT('',(75.051345000378,23.276137995498,0.));
#2132 = CARTESIAN_POINT('',(75.034944166245,23.28790329273,0.));
#2133 = CARTESIAN_POINT('',(75.018528357684,23.299663671014,0.));
#2134 = CARTESIAN_POINT('',(75.002097575074,23.311419124511,0.));
#2135 = CARTESIAN_POINT('',(74.98565181879,23.323169647353,0.));
#2136 = CARTESIAN_POINT('',(74.969191089222,23.334915233683,0.));
#2137 = CARTESIAN_POINT('',(74.952715386747,23.346655877597,0.));
#2138 = CARTESIAN_POINT('',(74.936224711801,23.358391573297,0.));
#2139 = CARTESIAN_POINT('',(74.919719064688,23.370122314767,0.));
#2140 = CARTESIAN_POINT('',(74.903198445852,23.381848096182,0.));
#2141 = CARTESIAN_POINT('',(74.886662855711,23.393568911651,0.));
#2142 = CARTESIAN_POINT('',(74.870112294631,23.405284755226,0.));
#2143 = CARTESIAN_POINT('',(74.853546762993,23.416995620959,0.));
#2144 = CARTESIAN_POINT('',(74.836966261243,23.428701502981,0.));
#2145 = CARTESIAN_POINT('',(74.820370789763,23.440402395297,0.));
#2146 = CARTESIAN_POINT('',(74.80376034899,23.452098292013,0.));
#2147 = CARTESIAN_POINT('',(74.787134939308,23.463789187152,0.));
#2148 = CARTESIAN_POINT('',(74.770494561088,23.475475074672,0.));
#2149 = CARTESIAN_POINT('',(74.753839214856,23.487155948757,0.));
#2150 = CARTESIAN_POINT('',(74.737168900972,23.49883180333,0.));
#2151 = CARTESIAN_POINT('',(74.720483619843,23.510502632386,0.));
#2152 = CARTESIAN_POINT('',(74.703783371958,23.522168430021,0.));
#2153 = CARTESIAN_POINT('',(74.687068157702,23.533829190175,0.));
#2154 = CARTESIAN_POINT('',(74.670337977468,23.545484906804,0.));
#2155 = CARTESIAN_POINT('',(74.653592831728,23.557135573926,0.));
#2156 = CARTESIAN_POINT('',(74.636832720956,23.568781185542,0.));
#2157 = CARTESIAN_POINT('',(74.620057645587,23.580421735624,0.));
#2158 = CARTESIAN_POINT('',(74.603267605994,23.592057218026,0.));
#2159 = CARTESIAN_POINT('',(74.586462602707,23.603687626841,0.));
#2160 = CARTESIAN_POINT('',(74.569642636109,23.615312955897,0.));
#2161 = CARTESIAN_POINT('',(74.552807706676,23.626933199164,0.));
#2162 = CARTESIAN_POINT('',(74.535957814904,23.63854835062,0.));
#2163 = CARTESIAN_POINT('',(74.519092961203,23.650158404106,0.));
#2164 = CARTESIAN_POINT('',(74.502213146057,23.661763353588,0.));
#2165 = CARTESIAN_POINT('',(74.485318369901,23.673363192919,0.));
#2166 = CARTESIAN_POINT('',(74.468408633227,23.684957916021,0.));
#2167 = CARTESIAN_POINT('',(74.451483936524,23.69654751681,0.));
#2168 = CARTESIAN_POINT('',(74.434544280215,23.708131989092,0.));
#2169 = CARTESIAN_POINT('',(74.417589664807,23.719711326776,0.));
#2170 = CARTESIAN_POINT('',(74.400620090811,23.731285523775,0.));
#2171 = CARTESIAN_POINT('',(74.383635558635,23.742854573827,0.));
#2172 = CARTESIAN_POINT('',(74.366636068821,23.754418470886,0.));
#2173 = CARTESIAN_POINT('',(74.349621621817,23.765977208711,0.));
#2174 = CARTESIAN_POINT('',(74.332592218147,23.777530781172,0.));
#2175 = CARTESIAN_POINT('',(74.31554785832,23.789079182116,0.));
#2176 = CARTESIAN_POINT('',(74.298488542785,23.800622405285,0.));
#2177 = CARTESIAN_POINT('',(74.281414272073,23.812160444534,0.));
#2178 = CARTESIAN_POINT('',(74.264325046696,23.823693293681,0.));
#2179 = CARTESIAN_POINT('',(74.247220867099,23.835220946408,0.));
#2180 = CARTESIAN_POINT('',(74.230101733877,23.84674339664,0.));
#2181 = CARTESIAN_POINT('',(74.212967647485,23.858260638048,0.));
#2182 = CARTESIAN_POINT('',(74.195818608447,23.869772664408,0.));
#2183 = CARTESIAN_POINT('',(74.178654617327,23.881279469549,0.));
#2184 = CARTESIAN_POINT('',(74.161475674585,23.892781047115,0.));
#2185 = CARTESIAN_POINT('',(74.144281780793,23.904277390933,0.));
#2186 = CARTESIAN_POINT('',(74.127072936451,23.915768494686,0.));
#2187 = CARTESIAN_POINT('',(74.109849142084,23.927254352097,0.));
#2188 = CARTESIAN_POINT('',(74.092610398245,23.938734956899,0.));
#2189 = CARTESIAN_POINT('',(74.075356705483,23.950210302812,0.));
#2190 = CARTESIAN_POINT('',(74.058088064315,23.961680383496,0.));
#2191 = CARTESIAN_POINT('',(74.040804475309,23.973145192691,0.));
#2192 = CARTESIAN_POINT('',(74.023505938976,23.984604724027,0.));
#2193 = CARTESIAN_POINT('',(74.006192455884,23.996058971208,0.));
#2194 = CARTESIAN_POINT('',(73.988864026589,24.007507927881,0.));
#2195 = CARTESIAN_POINT('',(73.971520651686,24.018951587766,0.));
#2196 = CARTESIAN_POINT('',(73.954162331682,24.030389944446,0.));
#2197 = CARTESIAN_POINT('',(73.936789067124,24.041822991536,0.));
#2198 = CARTESIAN_POINT('',(73.919400858657,24.053250722786,0.));
#2199 = CARTESIAN_POINT('',(73.901997706786,24.064673131719,0.));
#2200 = CARTESIAN_POINT('',(73.884579612086,24.076090211955,0.));
#2201 = CARTESIAN_POINT('',(73.86714657519,24.08750195719,0.));
#2202 = CARTESIAN_POINT('',(73.849698596622,24.098908360938,0.));
#2203 = CARTESIAN_POINT('',(73.832235676965,24.110309416806,0.));
#2204 = CARTESIAN_POINT('',(73.814757816824,24.121705118395,0.));
#2205 = CARTESIAN_POINT('',(73.797265016801,24.133095459298,0.));
#2206 = CARTESIAN_POINT('',(73.779757277458,24.144480433024,0.));
#2207 = CARTESIAN_POINT('',(73.762234599434,24.15586003321,0.));
#2208 = CARTESIAN_POINT('',(73.744696983294,24.16723425336,0.));
#2209 = CARTESIAN_POINT('',(73.727144429609,24.178603086954,0.));
#2210 = CARTESIAN_POINT('',(73.709576939091,24.18996652771,0.));
#2211 = CARTESIAN_POINT('',(73.691994512223,24.201324568937,0.));
#2212 = CARTESIAN_POINT('',(73.674397149688,24.212677204271,0.));
#2213 = CARTESIAN_POINT('',(73.656784852133,24.224024427271,0.));
#2214 = CARTESIAN_POINT('',(73.639157620079,24.23536623128,0.));
#2215 = CARTESIAN_POINT('',(73.621515454222,24.24670260991,0.));
#2216 = CARTESIAN_POINT('',(73.603858355198,24.258033556644,0.));
#2217 = CARTESIAN_POINT('',(73.586186323596,24.269359064901,0.));
#2218 = CARTESIAN_POINT('',(73.568499360063,24.280679128182,0.));
#2219 = CARTESIAN_POINT('',(73.550797465235,24.291993739938,0.));
#2220 = CARTESIAN_POINT('',(73.533080639753,24.303302893615,0.));
#2221 = CARTESIAN_POINT('',(73.51534888428,24.314606582681,0.));
#2222 = CARTESIAN_POINT('',(73.497602199444,24.325904800547,0.));
#2223 = CARTESIAN_POINT('',(73.479840585886,24.337197540636,0.));
#2224 = CARTESIAN_POINT('',(73.462064044261,24.348484796367,0.));
#2225 = CARTESIAN_POINT('',(73.444272575232,24.359766561135,0.));
#2226 = CARTESIAN_POINT('',(73.426466179501,24.371042828423,0.));
#2227 = CARTESIAN_POINT('',(73.408644857648,24.382313591489,0.));
#2228 = CARTESIAN_POINT('',(73.390808610389,24.393578843792,0.));
#2229 = CARTESIAN_POINT('',(73.372957438431,24.40483857875,0.));
#2230 = CARTESIAN_POINT('',(73.35509134239,24.416092789648,0.));
#2231 = CARTESIAN_POINT('',(73.337210322949,24.427341469854,0.));
#2232 = CARTESIAN_POINT('',(73.319314380833,24.438584612781,0.));
#2233 = CARTESIAN_POINT('',(73.301403516697,24.449822211714,0.));
#2234 = CARTESIAN_POINT('',(73.28347773123,24.461054260002,0.));
#2235 = CARTESIAN_POINT('',(73.26553702512,24.472280750951,0.));
#2236 = CARTESIAN_POINT('',(73.247581399093,24.483501677934,0.));
#2237 = CARTESIAN_POINT('',(73.229610853801,24.494717034179,0.));
#2238 = CARTESIAN_POINT('',(73.211625389976,24.505926813026,0.));
#2239 = CARTESIAN_POINT('',(73.19362500835,24.517131007804,0.));
#2240 = CARTESIAN_POINT('',(73.175609709589,24.528329611717,0.));
#2241 = CARTESIAN_POINT('',(73.157579494434,24.539522618096,0.));
#2242 = CARTESIAN_POINT('',(73.139534363593,24.55071002019,0.));
#2243 = CARTESIAN_POINT('',(73.121474317774,24.561891811229,0.));
#2244 = CARTESIAN_POINT('',(73.10339935773,24.573067984512,0.));
#2245 = CARTESIAN_POINT('',(73.085309484165,24.584238533231,0.));
#2246 = CARTESIAN_POINT('',(73.067204697825,24.595403450638,0.));
#2247 = CARTESIAN_POINT('',(73.049084999456,24.606562729961,0.));
#2248 = CARTESIAN_POINT('',(73.030950389802,24.61771636444,0.));
#2249 = CARTESIAN_POINT('',(73.012800869542,24.628864347181,0.));
#2250 = CARTESIAN_POINT('',(72.994636439486,24.640006671482,0.));
#2251 = CARTESIAN_POINT('',(72.976457100377,24.651143330498,0.));
#2252 = CARTESIAN_POINT('',(72.958262852962,24.662274317399,0.));
#2253 = CARTESIAN_POINT('',(72.940053698007,24.673399625367,0.));
#2254 = CARTESIAN_POINT('',(72.921829636283,24.684519247592,0.));
#2255 = CARTESIAN_POINT('',(72.903590668505,24.695633177134,0.));
#2256 = CARTESIAN_POINT('',(72.885336795511,24.70674140727,0.));
#2257 = CARTESIAN_POINT('',(72.867068018018,24.717843931025,0.));
#2258 = CARTESIAN_POINT('',(72.848784336828,24.728940741573,0.));
#2259 = CARTESIAN_POINT('',(72.830485752743,24.740031832074,0.));
#2260 = CARTESIAN_POINT('',(72.812172266491,24.751117195528,0.));
#2261 = CARTESIAN_POINT('',(72.793843878935,24.762196825173,0.));
#2262 = CARTESIAN_POINT('',(72.775500590816,24.77327071402,0.));
#2263 = CARTESIAN_POINT('',(72.75714240291,24.784338855127,0.));
#2264 = CARTESIAN_POINT('',(72.738769316074,24.795401241662,0.));
#2265 = CARTESIAN_POINT('',(72.720381331083,24.806457866613,0.));
#2266 = CARTESIAN_POINT('',(72.701978448778,24.817508723108,0.));
#2267 = CARTESIAN_POINT('',(72.683560669937,24.828553804164,0.));
#2268 = CARTESIAN_POINT('',(72.665127995338,24.839593102766,0.));
#2269 = CARTESIAN_POINT('',(72.646680425855,24.850626612034,0.));
#2270 = CARTESIAN_POINT('',(72.628217962306,24.861654324948,0.));
#2271 = CARTESIAN_POINT('',(72.609740605536,24.872676234573,0.));
#2272 = CARTESIAN_POINT('',(72.59124835633,24.883692333849,0.));
#2273 = CARTESIAN_POINT('',(72.572741215533,24.894702615789,0.));
#2274 = CARTESIAN_POINT('',(72.55421918402,24.905707073431,0.));
#2275 = CARTESIAN_POINT('',(72.535682262617,24.916705699741,0.));
#2276 = CARTESIAN_POINT('',(72.517130452119,24.927698487599,0.));
#2277 = CARTESIAN_POINT('',(72.498563753465,24.938685430125,0.));
#2278 = CARTESIAN_POINT('',(72.479982167455,24.949666520153,0.));
#2279 = CARTESIAN_POINT('',(72.461385694967,24.960641750686,0.));
#2280 = CARTESIAN_POINT('',(72.442774336857,24.971611114671,0.));
#2281 = CARTESIAN_POINT('',(72.424148093936,24.982574604912,0.));
#2282 = CARTESIAN_POINT('',(72.4055069672,24.993532214561,0.));
#2283 = CARTESIAN_POINT('',(72.386850957414,25.004483936306,0.));
#2284 = CARTESIAN_POINT('',(72.368180065515,25.015429763168,0.));
#2285 = CARTESIAN_POINT('',(72.349494292399,25.026369688069,0.));
#2286 = CARTESIAN_POINT('',(72.330793638873,25.03730370377,0.));
#2287 = CARTESIAN_POINT('',(72.312078105871,25.048231803218,0.));
#2288 = CARTESIAN_POINT('',(72.29334769433,25.059153979335,0.));
#2289 = CARTESIAN_POINT('',(72.274602405098,25.070070224887,0.));
#2290 = CARTESIAN_POINT('',(72.255842239099,25.080980532768,0.));
#2291 = CARTESIAN_POINT('',(72.237067197257,25.091884895854,0.));
#2292 = CARTESIAN_POINT('',(72.218277280426,25.102783306893,0.));
#2293 = CARTESIAN_POINT('',(72.199472489549,25.113675758747,0.));
#2294 = CARTESIAN_POINT('',(72.180652825581,25.124562244277,0.));
#2295 = CARTESIAN_POINT('',(72.161818289419,25.135442756246,0.));
#2296 = CARTESIAN_POINT('',(72.142968881975,25.146317287424,0.));
#2297 = CARTESIAN_POINT('',(72.124104604221,25.157185830676,0.));
#2298 = CARTESIAN_POINT('',(72.105225457062,25.168048378737,0.));
#2299 = CARTESIAN_POINT('',(72.086331441408,25.178904924306,0.));
#2300 = CARTESIAN_POINT('',(72.067422558302,25.189755460325,0.));
#2301 = CARTESIAN_POINT('',(72.048498808608,25.200599979378,0.));
#2302 = CARTESIAN_POINT('',(72.02956019331,25.211438474299,0.));
#2303 = CARTESIAN_POINT('',(72.010606713346,25.222270937786,0.));
#2304 = CARTESIAN_POINT('',(71.991638369683,25.23309736255,0.));
#2305 = CARTESIAN_POINT('',(71.97265516334,25.243917741418,0.));
#2306 = CARTESIAN_POINT('',(71.953657095201,25.254732066933,0.));
#2307 = CARTESIAN_POINT('',(71.934644166302,25.265540331934,0.));
#2308 = CARTESIAN_POINT('',(71.915616377593,25.276342529042,0.));
#2309 = CARTESIAN_POINT('',(71.896573730058,25.287138650939,0.));
#2310 = CARTESIAN_POINT('',(71.877516224716,25.297928690357,0.));
#2311 = CARTESIAN_POINT('',(71.85844386252,25.308712639901,0.));
#2312 = CARTESIAN_POINT('',(71.839356644466,25.319490492221,0.));
#2313 = CARTESIAN_POINT('',(71.820254571592,25.330262240034,0.));
#2314 = CARTESIAN_POINT('',(71.80113764487,25.341027875916,0.));
#2315 = CARTESIAN_POINT('',(71.782005865305,25.351787392486,0.));
#2316 = CARTESIAN_POINT('',(71.762859233959,25.362540782455,0.));
#2317 = CARTESIAN_POINT('',(71.743697751788,25.373288038322,0.));
#2318 = CARTESIAN_POINT('',(71.724521419839,25.384029152763,0.));
#2319 = CARTESIAN_POINT('',(71.705330239127,25.394764118312,0.));
#2320 = CARTESIAN_POINT('',(71.686124210726,25.405492927642,0.));
#2321 = CARTESIAN_POINT('',(71.666903335631,25.416215573269,0.));
#2322 = CARTESIAN_POINT('',(71.647667614856,25.426932047702,0.));
#2323 = CARTESIAN_POINT('',(71.628417049525,25.437642343656,0.));
#2324 = CARTESIAN_POINT('',(71.609151640615,25.448346453532,0.));
#2325 = CARTESIAN_POINT('',(71.589871389198,25.459044369927,0.));
#2326 = CARTESIAN_POINT('',(71.570576296351,25.469736085406,0.));
#2327 = CARTESIAN_POINT('',(71.551266363096,25.480421592392,0.));
#2328 = CARTESIAN_POINT('',(71.531941590567,25.491100883539,0.));
#2329 = CARTESIAN_POINT('',(71.512601979776,25.501773951228,0.));
#2330 = CARTESIAN_POINT('',(71.493247531818,25.512440788019,0.));
#2331 = CARTESIAN_POINT('',(71.473878247758,25.523101386369,0.));
#2332 = CARTESIAN_POINT('',(71.454494128682,25.533755738748,0.));
#2333 = CARTESIAN_POINT('',(71.435095175708,25.544403837669,0.));
#2334 = CARTESIAN_POINT('',(71.415681389913,25.555045675563,0.));
#2335 = CARTESIAN_POINT('',(71.396252772382,25.565681244862,0.));
#2336 = CARTESIAN_POINT('',(71.376809324233,25.576310538048,0.));
#2337 = CARTESIAN_POINT('',(71.357351046551,25.586933547511,0.));
#2338 = CARTESIAN_POINT('',(71.337877940457,25.59755026567,0.));
#2339 = CARTESIAN_POINT('',(71.318390007113,25.608160685036,0.));
#2340 = CARTESIAN_POINT('',(71.298887247568,25.618764797866,0.));
#2341 = CARTESIAN_POINT('',(71.279369662997,25.62936259668,0.));
#2342 = CARTESIAN_POINT('',(71.2598372545,25.639954073779,0.));
#2343 = CARTESIAN_POINT('',(71.240290023238,25.650539221612,0.));
#2344 = CARTESIAN_POINT('',(71.220727970318,25.661118032486,0.));
#2345 = CARTESIAN_POINT('',(71.201151096893,25.671690498784,0.));
#2346 = CARTESIAN_POINT('',(71.181559404123,25.682256612859,0.));
#2347 = CARTESIAN_POINT('',(71.161952893177,25.692816367071,0.));
#2348 = CARTESIAN_POINT('',(71.142331565202,25.70336975374,0.));
#2349 = CARTESIAN_POINT('',(71.12269542134,25.71391676516,0.));
#2350 = CARTESIAN_POINT('',(71.103044462776,25.724457393706,0.));
#2351 = CARTESIAN_POINT('',(71.083378690641,25.734991631582,0.));
#2352 = CARTESIAN_POINT('',(71.063698106169,25.745519471185,0.));
#2353 = CARTESIAN_POINT('',(71.044002710543,25.756040904792,0.));
#2354 = CARTESIAN_POINT('',(71.024292504905,25.766555924622,0.));
#2355 = CARTESIAN_POINT('',(71.004567490456,25.77706452296,0.));
#2356 = CARTESIAN_POINT('',(70.984827668427,25.787566692128,0.));
#2357 = CARTESIAN_POINT('',(70.965073039978,25.798062424295,0.));
#2358 = CARTESIAN_POINT('',(70.945303606334,25.808551711735,0.));
#2359 = CARTESIAN_POINT('',(70.925519368725,25.81903454674,0.));
#2360 = CARTESIAN_POINT('',(70.905720328297,25.829510921388,0.));
#2361 = CARTESIAN_POINT('',(70.885906486335,25.83998082803,0.));
#2362 = CARTESIAN_POINT('',(70.866077844055,25.850444258847,0.));
#2363 = CARTESIAN_POINT('',(70.846234402634,25.860901205916,0.));
#2364 = CARTESIAN_POINT('',(70.826376163402,25.871351661623,0.));
#2365 = CARTESIAN_POINT('',(70.806503127527,25.881795618004,0.));
#2366 = CARTESIAN_POINT('',(70.786615296237,25.892233067215,0.));
#2367 = CARTESIAN_POINT('',(70.766712670836,25.902664001523,0.));
#2368 = CARTESIAN_POINT('',(70.74679525254,25.913088412977,0.));
#2369 = CARTESIAN_POINT('',(70.726863042629,25.92350629377,0.));
#2370 = CARTESIAN_POINT('',(70.70691604237,25.933917636037,0.));
#2371 = CARTESIAN_POINT('',(70.68695425301,25.944322431865,0.));
#2372 = CARTESIAN_POINT('',(70.666977675831,25.954720673391,0.));
#2373 = CARTESIAN_POINT('',(70.646986312114,25.965112352715,0.));
#2374 = CARTESIAN_POINT('',(70.626980163143,25.975497461924,0.));
#2375 = CARTESIAN_POINT('',(70.606959230215,25.985875993135,0.));
#2376 = CARTESIAN_POINT('',(70.586923514598,25.996247938365,0.));
#2377 = CARTESIAN_POINT('',(70.56687301762,26.006613289736,0.));
#2378 = CARTESIAN_POINT('',(70.546807740578,26.016972039311,0.));
#2379 = CARTESIAN_POINT('',(70.526727684736,26.027324179056,0.));
#2380 = CARTESIAN_POINT('',(70.506632851451,26.037669701083,0.));
#2381 = CARTESIAN_POINT('',(70.486523242056,26.04800859744,0.));
#2382 = CARTESIAN_POINT('',(70.466398857841,26.058340860089,0.));
#2383 = CARTESIAN_POINT('',(70.446259700141,26.068666481055,0.));
#2384 = CARTESIAN_POINT('',(70.426105770311,26.078985452388,0.));
#2385 = CARTESIAN_POINT('',(70.405937069658,26.089297766034,0.));
#2386 = CARTESIAN_POINT('',(70.385753599507,26.099603413928,0.));
#2387 = CARTESIAN_POINT('',(70.36555536128,26.109902388183,0.));
#2388 = CARTESIAN_POINT('',(70.345342356284,26.120194680649,0.));
#2389 = CARTESIAN_POINT('',(70.325114585891,26.130480283325,0.));
#2390 = CARTESIAN_POINT('',(70.304872051465,26.140759188178,0.));
#2391 = CARTESIAN_POINT('',(70.284614754338,26.151031387059,0.));
#2392 = CARTESIAN_POINT('',(70.264342695938,26.161296871994,0.));
#2393 = CARTESIAN_POINT('',(70.244055877636,26.171555634904,0.));
#2394 = CARTESIAN_POINT('',(70.223754300749,26.181807667552,0.));
#2395 = CARTESIAN_POINT('',(70.203437966759,26.192052962022,0.));
#2396 = CARTESIAN_POINT('',(70.183106877035,26.202291510132,0.));
#2397 = CARTESIAN_POINT('',(70.162761032948,26.212523303717,0.));
#2398 = CARTESIAN_POINT('',(70.142400435932,26.222748334738,0.));
#2399 = CARTESIAN_POINT('',(70.122025087364,26.232966594955,0.));
#2400 = CARTESIAN_POINT('',(70.101634988704,26.243178076323,0.));
#2401 = CARTESIAN_POINT('',(70.081230141353,26.253382770622,0.));
#2402 = CARTESIAN_POINT('',(70.060810546742,26.263580669731,0.));
#2403 = CARTESIAN_POINT('',(70.040376206272,26.273771765401,0.));
#2404 = CARTESIAN_POINT('',(70.019927121427,26.283956049532,0.));
#2405 = CARTESIAN_POINT('',(69.99946329364,26.294133513916,0.));
#2406 = CARTESIAN_POINT('',(69.978984724324,26.304304150284,0.));
#2407 = CARTESIAN_POINT('',(69.958491414964,26.314467950504,0.));
#2408 = CARTESIAN_POINT('',(69.937983367003,26.324624906302,0.));
#2409 = CARTESIAN_POINT('',(69.917460581923,26.33477500947,0.));
#2410 = CARTESIAN_POINT('',(69.896923061206,26.344918251799,0.));
#2411 = CARTESIAN_POINT('',(69.876370806289,26.355054625009,0.));
#2412 = CARTESIAN_POINT('',(69.855803818615,26.365184120736,0.));
#2413 = CARTESIAN_POINT('',(69.83522209978,26.375306730929,0.));
#2414 = CARTESIAN_POINT('',(69.814625651219,26.385422447181,0.));
#2415 = CARTESIAN_POINT('',(69.794014474394,26.395531261169,0.));
#2416 = CARTESIAN_POINT('',(69.773388570848,26.40563316469,0.));
#2417 = CARTESIAN_POINT('',(69.752747942072,26.41572814937,0.));
#2418 = CARTESIAN_POINT('',(69.732092589598,26.425816206931,0.));
#2419 = CARTESIAN_POINT('',(69.711422514949,26.435897329076,0.));
#2420 = CARTESIAN_POINT('',(69.690737719598,26.445971507383,0.));
#2421 = CARTESIAN_POINT('',(69.670038205097,26.456038733562,0.));
#2422 = CARTESIAN_POINT('',(69.649323972999,26.466098999257,0.));
#2423 = CARTESIAN_POINT('',(69.628595024858,26.476152296158,0.));
#2424 = CARTESIAN_POINT('',(69.607851362161,26.486198615756,0.));
#2425 = CARTESIAN_POINT('',(69.587092986525,26.496237949823,0.));
#2426 = CARTESIAN_POINT('',(69.566319899472,26.506270289898,0.));
#2427 = CARTESIAN_POINT('',(69.545532102537,26.516295627518,0.));
#2428 = CARTESIAN_POINT('',(69.524729597353,26.526313954419,0.));
#2429 = CARTESIAN_POINT('',(69.503912385447,26.53632526206,0.));
#2430 = CARTESIAN_POINT('',(69.483080468407,26.54632954205,0.));
#2431 = CARTESIAN_POINT('',(69.462233847837,26.556326786008,0.));
#2432 = CARTESIAN_POINT('',(69.441372525271,26.566316985358,0.));
#2433 = CARTESIAN_POINT('',(69.420496502359,26.576300131747,0.));
#2434 = CARTESIAN_POINT('',(69.39960578072,26.58627621673,0.));
#2435 = CARTESIAN_POINT('',(69.378700361907,26.596245231735,0.));
#2436 = CARTESIAN_POINT('',(69.357780247548,26.606207168336,0.));
#2437 = CARTESIAN_POINT('',(69.336845439266,26.61616201802,0.));
#2438 = CARTESIAN_POINT('',(69.315895938696,26.626109772299,0.));
#2439 = CARTESIAN_POINT('',(69.294931747466,26.636050422665,0.));
#2440 = CARTESIAN_POINT('',(69.273952867191,26.645983960546,0.));
#2441 = CARTESIAN_POINT('',(69.25295929954,26.655910377485,0.));
#2442 = CARTESIAN_POINT('',(69.231951046129,26.665829664867,0.));
#2443 = CARTESIAN_POINT('',(69.210928108621,26.675741814169,0.));
#2444 = CARTESIAN_POINT('',(69.189890488689,26.685646816853,0.));
#2445 = CARTESIAN_POINT('',(69.168838187985,26.695544664306,0.));
#2446 = CARTESIAN_POINT('',(69.147771208193,26.705435347988,0.));
#2447 = CARTESIAN_POINT('',(69.126689550981,26.715318859294,0.));
#2448 = CARTESIAN_POINT('',(69.105593218015,26.725195189596,0.));
#2449 = CARTESIAN_POINT('',(69.084482211003,26.735064330345,0.));
#2450 = CARTESIAN_POINT('',(69.063356531609,26.744926272832,0.));
#2451 = CARTESIAN_POINT('',(69.04221618158,26.754781008541,0.));
#2452 = CARTESIAN_POINT('',(69.021061162593,26.764628528755,0.));
#2453 = CARTESIAN_POINT('',(68.999891476356,26.77446882486,0.));
#2454 = CARTESIAN_POINT('',(68.978707124575,26.784301888163,0.));
#2455 = CARTESIAN_POINT('',(68.957508108997,26.79412771004,0.));
#2456 = CARTESIAN_POINT('',(68.936294431349,26.80394628181,0.));
#2457 = CARTESIAN_POINT('',(68.915066093352,26.813757594764,0.));
#2458 = CARTESIAN_POINT('',(68.893823096748,26.823561640213,0.));
#2459 = CARTESIAN_POINT('',(68.872565443294,26.833358409481,0.));
#2460 = CARTESIAN_POINT('',(68.851293134726,26.843147893802,0.));
#2461 = CARTESIAN_POINT('',(68.830006172818,26.852930084517,0.));
#2462 = CARTESIAN_POINT('',(68.808704559309,26.862704972818,0.));
#2463 = CARTESIAN_POINT('',(68.787388295993,26.872472550007,0.));
#2464 = CARTESIAN_POINT('',(68.766057384666,26.882232807377,0.));
#2465 = CARTESIAN_POINT('',(68.744711827058,26.891985736049,0.));
#2466 = CARTESIAN_POINT('',(68.723351624998,26.901731327359,0.));
#2467 = CARTESIAN_POINT('',(68.701976780264,26.911469572469,0.));
#2468 = CARTESIAN_POINT('',(68.680587294658,26.921200462609,0.));
#2469 = CARTESIAN_POINT('',(68.659183169978,26.930923988972,0.));
#2470 = CARTESIAN_POINT('',(68.637764408029,26.940640142714,0.));
#2471 = CARTESIAN_POINT('',(68.61633101067,26.950348915088,0.));
#2472 = CARTESIAN_POINT('',(68.594882979709,26.960050297238,0.));
#2473 = CARTESIAN_POINT('',(68.573420316946,26.969744280254,0.));
#2474 = CARTESIAN_POINT('',(68.551943024263,26.979430855414,0.));
#2475 = CARTESIAN_POINT('',(68.53045110346,26.989110013752,0.));
#2476 = CARTESIAN_POINT('',(68.508944556388,26.998781746416,0.));
#2477 = CARTESIAN_POINT('',(68.487423384941,27.008446044585,0.));
#2478 = CARTESIAN_POINT('',(68.465887590969,27.018102899341,0.));
#2479 = CARTESIAN_POINT('',(68.444337176321,27.027752301778,0.));
#2480 = CARTESIAN_POINT('',(68.422772142863,27.037394242971,0.));
#2481 = CARTESIAN_POINT('',(68.401192492499,27.047028714031,0.));
#2482 = CARTESIAN_POINT('',(68.379598227135,27.056655706081,0.));
#2483 = CARTESIAN_POINT('',(68.357989348609,27.066275210069,0.));
#2484 = CARTESIAN_POINT('',(68.336365858849,27.07588721715,0.));
#2485 = CARTESIAN_POINT('',(68.314727759742,27.085491718301,0.));
#2486 = CARTESIAN_POINT('',(68.293075053223,27.095088704592,0.));
#2487 = CARTESIAN_POINT('',(68.271407741222,27.104678167086,0.));
#2488 = CARTESIAN_POINT('',(68.24972582562,27.114260096718,0.));
#2489 = CARTESIAN_POINT('',(68.22802930836,27.123834484519,0.));
#2490 = CARTESIAN_POINT('',(68.206318191409,27.13340132155,0.));
#2491 = CARTESIAN_POINT('',(68.184592476677,27.142960598701,0.));
#2492 = CARTESIAN_POINT('',(68.162852166136,27.152512307021,0.));
#2493 = CARTESIAN_POINT('',(68.141097261733,27.162056437478,0.));
#2494 = CARTESIAN_POINT('',(68.119327765386,27.17159298092,0.));
#2495 = CARTESIAN_POINT('',(68.097543679127,27.181121928454,0.));
#2496 = CARTESIAN_POINT('',(68.075745004894,27.190643270894,0.));
#2497 = CARTESIAN_POINT('',(68.053931744692,27.20015699924,0.));
#2498 = CARTESIAN_POINT('',(68.032103900504,27.209663104397,0.));
#2499 = CARTESIAN_POINT('',(68.010261474304,27.21916157724,0.));
#2500 = CARTESIAN_POINT('',(67.988404468103,27.228652408709,0.));
#2501 = CARTESIAN_POINT('',(67.966532883898,27.238135589652,0.));
#2502 = CARTESIAN_POINT('',(67.944646723724,27.247611110988,0.));
#2503 = CARTESIAN_POINT('',(67.922745989598,27.257078963578,0.));
#2504 = CARTESIAN_POINT('',(67.900830683538,27.266539138297,0.));
#2505 = CARTESIAN_POINT('',(67.87890080754,27.275991625895,0.));
#2506 = CARTESIAN_POINT('',(67.856956363711,27.285436417363,0.));
#2507 = CARTESIAN_POINT('',(67.834997354069,27.294873503467,0.));
#2508 = CARTESIAN_POINT('',(67.813023780632,27.304302874953,0.));
#2509 = CARTESIAN_POINT('',(67.791035645514,27.313724522757,0.));
#2510 = CARTESIAN_POINT('',(67.769032950763,27.323138437643,0.));
#2511 = CARTESIAN_POINT('',(67.747015698408,27.332544610309,0.));
#2512 = CARTESIAN_POINT('',(67.724983890581,27.341943031678,0.));
#2513 = CARTESIAN_POINT('',(67.70293752934,27.351333692423,0.));
#2514 = CARTESIAN_POINT('',(67.68087661679,27.360716583331,0.));
#2515 = CARTESIAN_POINT('',(67.658801155054,27.370091695231,0.));
#2516 = CARTESIAN_POINT('',(67.636711146172,27.379459018739,0.));
#2517 = CARTESIAN_POINT('',(67.614606592273,27.388818544613,0.));
#2518 = CARTESIAN_POINT('',(67.592487495534,27.398170263696,0.));
#2519 = CARTESIAN_POINT('',(67.570353858029,27.407514166579,0.));
#2520 = CARTESIAN_POINT('',(67.54820568188,27.416850243984,0.));
#2521 = CARTESIAN_POINT('',(67.526042969247,27.426178486625,0.));
#2522 = CARTESIAN_POINT('',(67.503865722296,27.435498885208,0.));
#2523 = CARTESIAN_POINT('',(67.481673943162,27.444811430402,0.));
#2524 = CARTESIAN_POINT('',(67.459467633969,27.45411611279,0.));
#2525 = CARTESIAN_POINT('',(67.437246796926,27.463412923141,0.));
#2526 = CARTESIAN_POINT('',(67.415011434183,27.472701852029,0.));
#2527 = CARTESIAN_POINT('',(67.39276154792,27.481982890087,0.));
#2528 = CARTESIAN_POINT('',(67.37049714035,27.491256028002,0.));
#2529 = CARTESIAN_POINT('',(67.348218213645,27.500521256333,0.));
#2530 = CARTESIAN_POINT('',(67.325924769998,27.5097785657,0.));
#2531 = CARTESIAN_POINT('',(67.303616811612,27.51902794669,0.));
#2532 = CARTESIAN_POINT('',(67.281294340711,27.528269389888,0.));
#2533 = CARTESIAN_POINT('',(67.258957359532,27.537502885923,0.));
#2534 = CARTESIAN_POINT('',(67.236605870266,27.546728425276,0.));
#2535 = CARTESIAN_POINT('',(67.21423987516,27.555945998552,0.));
#2536 = CARTESIAN_POINT('',(67.19185937646,27.565155596302,0.));
#2537 = CARTESIAN_POINT('',(67.169464376402,27.574357209009,0.));
#2538 = CARTESIAN_POINT('',(67.147054877281,27.583550827302,0.));
#2539 = CARTESIAN_POINT('',(67.124630881323,27.59273644161,0.));
#2540 = CARTESIAN_POINT('',(67.102192390794,27.601914042448,0.));
#2541 = CARTESIAN_POINT('',(67.079739407986,27.611083620373,0.));
#2542 = CARTESIAN_POINT('',(67.057271935153,27.620245165769,0.));
#2543 = CARTESIAN_POINT('',(67.034789974625,27.629398669225,0.));
#2544 = CARTESIAN_POINT('',(67.012293528676,27.638544121156,0.));
#2545 = CARTESIAN_POINT('',(66.989782599587,27.647681511967,0.));
#2546 = CARTESIAN_POINT('',(66.967257189711,27.656810832216,0.));
#2547 = CARTESIAN_POINT('',(66.944717301341,27.66593207225,0.));
#2548 = CARTESIAN_POINT('',(66.922162936813,27.67504522255,0.));
#2549 = CARTESIAN_POINT('',(66.899594098451,27.684150273492,0.));
#2550 = CARTESIAN_POINT('',(66.877010788608,27.693247215534,0.));
#2551 = CARTESIAN_POINT('',(66.854413009607,27.702336039041,0.));
#2552 = CARTESIAN_POINT('',(66.831800763789,27.71141673436,0.));
#2553 = CARTESIAN_POINT('',(66.809174053555,27.720489291939,0.));
#2554 = CARTESIAN_POINT('',(66.786532881282,27.729553702176,0.));
#2555 = CARTESIAN_POINT('',(66.763877249286,27.73860995531,0.));
#2556 = CARTESIAN_POINT('',(66.741207159968,27.747658041752,0.));
#2557 = CARTESIAN_POINT('',(66.718522615744,27.756697951875,0.));
#2558 = CARTESIAN_POINT('',(66.695823618995,27.76572967596,0.));
#2559 = CARTESIAN_POINT('',(66.673110172127,27.77475320434,0.));
#2560 = CARTESIAN_POINT('',(66.650382277559,27.783768527341,0.));
#2561 = CARTESIAN_POINT('',(66.627639937691,27.79277563525,0.));
#2562 = CARTESIAN_POINT('',(66.604883154926,27.801774518306,0.));
#2563 = CARTESIAN_POINT('',(66.582111931732,27.810765166846,0.));
#2564 = CARTESIAN_POINT('',(66.559326270562,27.819747571171,0.));
#2565 = CARTESIAN_POINT('',(66.536526173823,27.82872172144,0.));
#2566 = CARTESIAN_POINT('',(66.513711643996,27.837687607974,0.));
#2567 = CARTESIAN_POINT('',(66.490882683545,27.846645221034,0.));
#2568 = CARTESIAN_POINT('',(66.468039294898,27.855594550738,0.));
#2569 = CARTESIAN_POINT('',(66.44518148057,27.864535587417,0.));
#2570 = CARTESIAN_POINT('',(66.422309243038,27.873468321239,0.));
#2571 = CARTESIAN_POINT('',(66.399422584789,27.882392742381,0.));
#2572 = CARTESIAN_POINT('',(66.376521508335,27.891308841102,0.));
#2573 = CARTESIAN_POINT('',(66.353606016149,27.900216607488,0.));
#2574 = CARTESIAN_POINT('',(66.330676110762,27.909116031755,0.));
#2575 = CARTESIAN_POINT('',(66.307731794717,27.918007104089,0.));
#2576 = CARTESIAN_POINT('',(66.284773070524,27.926889814623,0.));
#2577 = CARTESIAN_POINT('',(66.261799940689,27.935764153443,0.));
#2578 = CARTESIAN_POINT('',(66.238812407779,27.944630110716,0.));
#2579 = CARTESIAN_POINT('',(66.215810474373,27.953487676615,0.));
#2580 = CARTESIAN_POINT('',(66.192794142997,27.96233684118,0.));
#2581 = CARTESIAN_POINT('',(66.169763416208,27.971177594504,0.));
#2582 = CARTESIAN_POINT('',(66.146718296604,27.980009926734,0.));
#2583 = CARTESIAN_POINT('',(66.123658786756,27.988833827912,0.));
#2584 = CARTESIAN_POINT('',(66.100584889247,27.997649288103,0.));
#2585 = CARTESIAN_POINT('',(66.077496606675,28.006456297403,0.));
#2586 = CARTESIAN_POINT('',(66.054393941625,28.015254845785,0.));
#2587 = CARTESIAN_POINT('',(66.031276896745,28.024044923363,0.));
#2588 = CARTESIAN_POINT('',(66.00814547466,28.032826520197,0.));
#2589 = CARTESIAN_POINT('',(65.98499967794,28.04159962617,0.));
#2590 = CARTESIAN_POINT('',(65.961839509254,28.050364231422,0.));
#2591 = CARTESIAN_POINT('',(65.938664971236,28.059120325857,0.));
#2592 = CARTESIAN_POINT('',(65.91547606657,28.067867899577,0.));
#2593 = CARTESIAN_POINT('',(65.892272797873,28.076606942474,0.));
#2594 = CARTESIAN_POINT('',(65.869055167791,28.085337444506,0.));
#2595 = CARTESIAN_POINT('',(65.845823179016,28.094059395674,0.));
#2596 = CARTESIAN_POINT('',(65.822576834241,28.102772785907,0.));
#2597 = CARTESIAN_POINT('',(65.79931613617,28.111477605207,0.));
#2598 = CARTESIAN_POINT('',(65.776041087459,28.120173843396,0.));
#2599 = CARTESIAN_POINT('',(65.752751690832,28.128861490473,0.));
#2600 = CARTESIAN_POINT('',(65.729447948999,28.137540536328,0.));
#2601 = CARTESIAN_POINT('',(65.706129864671,28.146210970822,0.));
#2602 = CARTESIAN_POINT('',(65.682797440595,28.154872783938,0.));
#2603 = CARTESIAN_POINT('',(65.659450679463,28.163525965439,0.));
#2604 = CARTESIAN_POINT('',(65.636089584032,28.172170505224,0.));
#2605 = CARTESIAN_POINT('',(65.612714157098,28.180806393254,0.));
#2606 = CARTESIAN_POINT('',(65.589324401369,28.189433619263,0.));
#2607 = CARTESIAN_POINT('',(65.565920319604,28.19805217308,0.));
#2608 = CARTESIAN_POINT('',(65.542501914626,28.206662044647,0.));
#2609 = CARTESIAN_POINT('',(65.519069189191,28.215263223704,0.));
#2610 = CARTESIAN_POINT('',(65.495622146071,28.223855700033,0.));
#2611 = CARTESIAN_POINT('',(65.472160788088,28.23243946353,0.));
#2612 = CARTESIAN_POINT('',(65.448685118014,28.241014503843,0.));
#2613 = CARTESIAN_POINT('',(65.425195138711,28.249580810904,0.));
#2614 = CARTESIAN_POINT('',(65.40169085297,28.258138374386,0.));
#2615 = CARTESIAN_POINT('',(65.378172263612,28.266687184048,0.));
#2616 = CARTESIAN_POINT('',(65.354639373492,28.275227229679,0.));
#2617 = CARTESIAN_POINT('',(65.331092185459,28.283758500989,0.));
#2618 = CARTESIAN_POINT('',(65.307530702374,28.292280987748,0.));
#2619 = CARTESIAN_POINT('',(65.283954927072,28.3007946796,0.));
#2620 = CARTESIAN_POINT('',(65.260364862434,28.309299566347,0.));
#2621 = CARTESIAN_POINT('',(65.236760511301,28.31779563754,0.));
#2622 = CARTESIAN_POINT('',(65.213141876621,28.326282883025,0.));
#2623 = CARTESIAN_POINT('',(65.189508961277,28.334761292428,0.));
#2624 = CARTESIAN_POINT('',(65.165861768143,28.343230855373,0.));
#2625 = CARTESIAN_POINT('',(65.142200300134,28.351691561546,0.));
#2626 = CARTESIAN_POINT('',(65.118524560181,28.360143400615,0.));
#2627 = CARTESIAN_POINT('',(65.094834551204,28.368586362167,0.));
#2628 = CARTESIAN_POINT('',(65.071130276153,28.377020435928,0.));
#2629 = CARTESIAN_POINT('',(65.047411737922,28.385445611355,0.));
#2630 = CARTESIAN_POINT('',(65.023678939508,28.393861878189,0.));
#2631 = CARTESIAN_POINT('',(64.999931883878,28.402269226016,0.));
#2632 = CARTESIAN_POINT('',(64.976170573966,28.41066764434,0.));
#2633 = CARTESIAN_POINT('',(64.952395012771,28.419057122832,0.));
#2634 = CARTESIAN_POINT('',(64.928605203258,28.427437650992,0.));
#2635 = CARTESIAN_POINT('',(64.904801148424,28.435809218396,0.));
#2636 = CARTESIAN_POINT('',(64.880982851282,28.444171814599,0.));
#2637 = CARTESIAN_POINT('',(64.857150314841,28.452525429155,0.));
#2638 = CARTESIAN_POINT('',(64.833303542092,28.460870051547,0.));
#2639 = CARTESIAN_POINT('',(64.809442536066,28.469205671267,0.));
#2640 = CARTESIAN_POINT('',(64.785567299843,28.477532277947,0.));
#2641 = CARTESIAN_POINT('',(64.761677836429,28.485849860963,0.));
#2642 = CARTESIAN_POINT('',(64.737774148867,28.494158409837,0.));
#2643 = CARTESIAN_POINT('',(64.713856240218,28.502457914043,0.));
#2644 = CARTESIAN_POINT('',(64.689924113561,28.510748363027,0.));
#2645 = CARTESIAN_POINT('',(64.665977771991,28.519029746345,0.));
#2646 = CARTESIAN_POINT('',(64.64201721854,28.527302053263,0.));
#2647 = CARTESIAN_POINT('',(64.618042456347,28.535565273373,0.));
#2648 = CARTESIAN_POINT('',(64.594053488506,28.543819396047,0.));
#2649 = CARTESIAN_POINT('',(64.570050318104,28.552064410676,0.));
#2650 = CARTESIAN_POINT('',(64.546032948265,28.560300306671,0.));
#2651 = CARTESIAN_POINT('',(64.522001382136,28.568527073449,0.));
#2652 = CARTESIAN_POINT('',(64.497955622854,28.576744700427,0.));
#2653 = CARTESIAN_POINT('',(64.473895673523,28.584953176861,0.));
#2654 = CARTESIAN_POINT('',(64.449821537331,28.593152492236,0.));
#2655 = CARTESIAN_POINT('',(64.425733217436,28.601342635852,0.));
#2656 = CARTESIAN_POINT('',(64.401630717004,28.609523597062,0.));
#2657 = CARTESIAN_POINT('',(64.37751403921,28.6176953652,0.));
#2658 = CARTESIAN_POINT('',(64.353383187235,28.625857929578,0.));
#2659 = CARTESIAN_POINT('',(64.329238164282,28.634011279511,0.));
#2660 = CARTESIAN_POINT('',(64.305078973568,28.642155404339,0.));
#2661 = CARTESIAN_POINT('',(64.280905618285,28.650290293306,0.));
#2662 = CARTESIAN_POINT('',(64.256718101654,28.658415935707,0.));
#2663 = CARTESIAN_POINT('',(64.232516426917,28.666532320823,0.));
#2664 = CARTESIAN_POINT('',(64.208300597315,28.67463943794,0.));
#2665 = CARTESIAN_POINT('',(64.184070616081,28.68273727623,0.));
#2666 = CARTESIAN_POINT('',(64.159826486501,28.690825825067,0.));
#2667 = CARTESIAN_POINT('',(64.135568211801,28.698905073547,0.));
#2668 = CARTESIAN_POINT('',(64.11129579527,28.706975010947,0.));
#2669 = CARTESIAN_POINT('',(64.087009240211,28.715035626534,0.));
#2670 = CARTESIAN_POINT('',(64.062708549883,28.723086909408,0.));
#2671 = CARTESIAN_POINT('',(64.038393727604,28.73112884881,0.));
#2672 = CARTESIAN_POINT('',(64.0140647767,28.739161433962,0.));
#2673 = CARTESIAN_POINT('',(63.989721700461,28.747184653973,0.));
#2674 = CARTESIAN_POINT('',(63.965364502211,28.755198497987,0.));
#2675 = CARTESIAN_POINT('',(63.94099318532,28.763202955252,0.));
#2676 = CARTESIAN_POINT('',(63.916607753106,28.771198014824,0.));
#2677 = CARTESIAN_POINT('',(63.89220820892,28.779183665821,0.));
#2678 = CARTESIAN_POINT('',(63.867794556158,28.787159897477,0.));
#2679 = CARTESIAN_POINT('',(63.843366798147,28.795126698772,0.));
#2680 = CARTESIAN_POINT('',(63.818924938275,28.803084058831,0.));
#2681 = CARTESIAN_POINT('',(63.794468979966,28.811031966834,0.));
#2682 = CARTESIAN_POINT('',(63.769998926588,28.81897041177,0.));
#2683 = CARTESIAN_POINT('',(63.745514781546,28.82689938269,0.));
#2684 = CARTESIAN_POINT('',(63.721016548292,28.834818868782,0.));
#2685 = CARTESIAN_POINT('',(63.69650423021,28.842728858961,0.));
#2686 = CARTESIAN_POINT('',(63.671977830743,28.85062934227,0.));
#2687 = CARTESIAN_POINT('',(63.647437353383,28.858520307894,0.));
#2688 = CARTESIAN_POINT('',(63.622882801521,28.866401744676,0.));
#2689 = CARTESIAN_POINT('',(63.598314178612,28.874273641644,0.));
#2690 = CARTESIAN_POINT('',(63.573731488176,28.882135987894,0.));
#2691 = CARTESIAN_POINT('',(63.549134733689,28.889988772347,0.));
#2692 = CARTESIAN_POINT('',(63.52452391863,28.897831984022,0.));
#2693 = CARTESIAN_POINT('',(63.49989904647,28.905665611797,0.));
#2694 = CARTESIAN_POINT('',(63.475260120746,28.913489644713,0.));
#2695 = CARTESIAN_POINT('',(63.450607144975,28.921304071736,0.));
#2696 = CARTESIAN_POINT('',(63.425940122647,28.929108881658,0.));
#2697 = CARTESIAN_POINT('',(63.401259057349,28.93690406359,0.));
#2698 = CARTESIAN_POINT('',(63.376563952609,28.94468960634,0.));
#2699 = CARTESIAN_POINT('',(63.351854811975,28.952465498834,0.));
#2700 = CARTESIAN_POINT('',(63.327131639012,28.960231730001,0.));
#2701 = CARTESIAN_POINT('',(63.302394437271,28.967988288639,0.));
#2702 = CARTESIAN_POINT('',(63.277643210359,28.975735163738,0.));
#2703 = CARTESIAN_POINT('',(63.252877961855,28.983472344043,0.));
#2704 = CARTESIAN_POINT('',(63.228098695392,28.99119981855,0.));
#2705 = CARTESIAN_POINT('',(63.203305414541,28.998917576006,0.));
#2706 = CARTESIAN_POINT('',(63.1784981229,29.006625605207,0.));
#2707 = CARTESIAN_POINT('',(63.153676824143,29.014323895071,0.));
#2708 = CARTESIAN_POINT('',(63.12884152192,29.022012434415,0.));
#2709 = CARTESIAN_POINT('',(63.103992219852,29.029691211964,0.));
#2710 = CARTESIAN_POINT('',(63.079128921601,29.037360216587,0.));
#2711 = CARTESIAN_POINT('',(63.054251630814,29.045019437027,0.));
#2712 = CARTESIAN_POINT('',(63.029360351158,29.052668862002,0.));
#2713 = CARTESIAN_POINT('',(63.004455086362,29.060308480417,0.));
#2714 = CARTESIAN_POINT('',(62.979535840097,29.067938280892,0.));
#2715 = CARTESIAN_POINT('',(62.954602616082,29.07555825226,0.));
#2716 = CARTESIAN_POINT('',(62.929655418019,29.08316838321,0.));
#2717 = CARTESIAN_POINT('',(62.904694249625,29.090768662453,0.));
#2718 = CARTESIAN_POINT('',(62.879719114643,29.098359078741,0.));
#2719 = CARTESIAN_POINT('',(62.854730016804,29.105939620746,0.));
#2720 = CARTESIAN_POINT('',(62.829726959855,29.113510277152,0.));
#2721 = CARTESIAN_POINT('',(62.804709947573,29.121071036646,0.));
#2722 = CARTESIAN_POINT('',(62.77967898375,29.128621887959,0.));
#2723 = CARTESIAN_POINT('',(62.754634072138,29.136162819691,0.));
#2724 = CARTESIAN_POINT('',(62.72957521651,29.143693820457,0.));
#2725 = CARTESIAN_POINT('',(62.704502420694,29.151214878984,0.));
#2726 = CARTESIAN_POINT('',(62.679415688499,29.158725983851,0.));
#2727 = CARTESIAN_POINT('',(62.654315023741,29.166227123701,0.));
#2728 = CARTESIAN_POINT('',(62.62920043024,29.173718287116,0.));
#2729 = CARTESIAN_POINT('',(62.604071911843,29.181199462723,0.));
#2730 = CARTESIAN_POINT('',(62.578929472399,29.188670639093,0.));
#2731 = CARTESIAN_POINT('',(62.553773115763,29.196131804839,0.));
#2732 = CARTESIAN_POINT('',(62.528602845789,29.203582948444,0.));
#2733 = CARTESIAN_POINT('',(62.503418666388,29.211024058583,0.));
#2734 = CARTESIAN_POINT('',(62.478220581439,29.218455123735,0.));
#2735 = CARTESIAN_POINT('',(62.453008594834,29.225876132452,0.));
#2736 = CARTESIAN_POINT('',(62.427782710467,29.233287073284,0.));
#2737 = CARTESIAN_POINT('',(62.402542932244,29.240687934648,0.));
#2738 = CARTESIAN_POINT('',(62.377289264143,29.248078705199,0.));
#2739 = CARTESIAN_POINT('',(62.352021710084,29.255459373398,0.));
#2740 = CARTESIAN_POINT('',(62.326740273972,29.26282992761,0.));
#2741 = CARTESIAN_POINT('',(62.301444959804,29.270190356441,0.));
#2742 = CARTESIAN_POINT('',(62.276135771554,29.277540648366,0.));
#2743 = CARTESIAN_POINT('',(62.250812713164,29.28488079172,0.));
#2744 = CARTESIAN_POINT('',(62.225475788643,29.292210775074,0.));
#2745 = CARTESIAN_POINT('',(62.200125001984,29.299530586782,0.));
#2746 = CARTESIAN_POINT('',(62.174760357205,29.306840215337,0.));
#2747 = CARTESIAN_POINT('',(62.149381858306,29.314139649101,0.));
#2748 = CARTESIAN_POINT('',(62.123989509314,29.321428876489,0.));
#2749 = CARTESIAN_POINT('',(62.098583314276,29.328707885925,0.));
#2750 = CARTESIAN_POINT('',(62.073163277231,29.335976665757,0.));
#2751 = CARTESIAN_POINT('',(62.047729402244,29.34323520439,0.));
#2752 = CARTESIAN_POINT('',(62.022281693386,29.350483490161,0.));
#2753 = CARTESIAN_POINT('',(61.996820154738,29.357721511489,0.));
#2754 = CARTESIAN_POINT('',(61.971344790357,29.364949256615,0.));
#2755 = CARTESIAN_POINT('',(61.945855604354,29.372166713922,0.));
#2756 = CARTESIAN_POINT('',(61.920352600854,29.379373871791,0.));
#2757 = CARTESIAN_POINT('',(61.894835783952,29.386570718419,0.));
#2758 = CARTESIAN_POINT('',(61.869305157804,29.393757242194,0.));
#2759 = CARTESIAN_POINT('',(61.843760726554,29.400933431461,0.));
#2760 = CARTESIAN_POINT('',(61.818202494298,29.408099274324,0.));
#2761 = CARTESIAN_POINT('',(61.792630465228,29.415254759206,0.));
#2762 = CARTESIAN_POINT('',(61.767044643527,29.422399874328,0.));
#2763 = CARTESIAN_POINT('',(61.741445033365,29.429534607954,0.));
#2764 = CARTESIAN_POINT('',(61.715831638916,29.436658948278,0.));
#2765 = CARTESIAN_POINT('',(61.690204464393,29.443772883582,0.));
#2766 = CARTESIAN_POINT('',(61.664563514007,29.450876402071,0.));
#2767 = CARTESIAN_POINT('',(61.638908791975,29.457969491952,0.));
#2768 = CARTESIAN_POINT('',(61.613240302529,29.46505214142,0.));
#2769 = CARTESIAN_POINT('',(61.587558049918,29.472124338696,0.));
#2770 = CARTESIAN_POINT('',(61.561862038388,29.479186071923,0.));
#2771 = CARTESIAN_POINT('',(61.536152272204,29.486237329293,0.));
#2772 = CARTESIAN_POINT('',(61.510428755632,29.493278098996,0.));
#2773 = CARTESIAN_POINT('',(61.484691492943,29.500308369031,0.));
#2774 = CARTESIAN_POINT('',(61.458940488496,29.507328127808,0.));
#2775 = CARTESIAN_POINT('',(61.433175746541,29.51433736325,0.));
#2776 = CARTESIAN_POINT('',(61.407397271371,29.521336063466,0.));
#2777 = CARTESIAN_POINT('',(61.381605067353,29.528324216701,0.));
#2778 = CARTESIAN_POINT('',(61.35579913881,29.535301810947,0.));
#2779 = CARTESIAN_POINT('',(61.329979490087,29.542268834331,0.));
#2780 = CARTESIAN_POINT('',(61.304146125545,29.54922527493,0.));
#2781 = CARTESIAN_POINT('',(61.278299049554,29.556171120812,0.));
#2782 = CARTESIAN_POINT('',(61.252438266488,29.563106360027,0.));
#2783 = CARTESIAN_POINT('',(61.226563780743,29.570030980627,0.));
#2784 = CARTESIAN_POINT('',(61.200675596716,29.576944970684,0.));
#2785 = CARTESIAN_POINT('',(61.174773718796,29.583848318135,0.));
#2786 = CARTESIAN_POINT('',(61.14885815143,29.590741011075,0.));
#2787 = CARTESIAN_POINT('',(61.122928899058,29.597623037526,0.));
#2788 = CARTESIAN_POINT('',(61.0969859661,29.604494385416,0.));
#2789 = CARTESIAN_POINT('',(61.07102935701,29.61135504276,0.));
#2790 = CARTESIAN_POINT('',(61.045059076261,29.618204997569,0.));
#2791 = CARTESIAN_POINT('',(61.019075128312,29.625044237734,0.));
#2792 = CARTESIAN_POINT('',(60.993077517667,29.631872751288,0.));
#2793 = CARTESIAN_POINT('',(60.967066248825,29.638690526128,0.));
#2794 = CARTESIAN_POINT('',(60.941041326299,29.645497550231,0.));
#2795 = CARTESIAN_POINT('',(60.915002754589,29.652293811515,0.));
#2796 = CARTESIAN_POINT('',(60.888950538203,29.659079297793,0.));
#2797 = CARTESIAN_POINT('',(60.862884681718,29.665853997142,0.));
#2798 = CARTESIAN_POINT('',(60.836805189673,29.672617897311,0.));
#2799 = CARTESIAN_POINT('',(60.810712066635,29.679370986285,0.));
#2800 = CARTESIAN_POINT('',(60.784605317161,29.686113251884,0.));
#2801 = CARTESIAN_POINT('',(60.758484945836,29.692844681936,0.));
#2802 = CARTESIAN_POINT('',(60.732350957284,29.699565264426,0.));
#2803 = CARTESIAN_POINT('',(60.706203356082,29.706274987066,0.));
#2804 = CARTESIAN_POINT('',(60.680042146846,29.712973837732,0.));
#2805 = CARTESIAN_POINT('',(60.653867334214,29.719661804296,0.));
#2806 = CARTESIAN_POINT('',(60.627678922807,29.72633887447,0.));
#2807 = CARTESIAN_POINT('',(60.601476917299,29.73300503614,0.));
#2808 = CARTESIAN_POINT('',(60.575261322358,29.739660277108,0.));
#2809 = CARTESIAN_POINT('',(60.549032142626,29.74630458511,0.));
#2810 = CARTESIAN_POINT('',(60.522789382775,29.752937947876,0.));
#2811 = CARTESIAN_POINT('',(60.496533047538,29.759560353279,0.));
#2812 = CARTESIAN_POINT('',(60.470263141608,29.766171789022,0.));
#2813 = CARTESIAN_POINT('',(60.443979669683,29.772772242795,0.));
#2814 = CARTESIAN_POINT('',(60.417682636508,29.779361702404,0.));
#2815 = CARTESIAN_POINT('',(60.391372046818,29.785940155554,0.));
#2816 = CARTESIAN_POINT('',(60.365047905352,29.792507589898,0.));
#2817 = CARTESIAN_POINT('',(60.338710216895,29.799063993219,0.));
#2818 = CARTESIAN_POINT('',(60.312358986214,29.805609353202,0.));
#2819 = CARTESIAN_POINT('',(60.285994218059,29.812143657428,0.));
#2820 = CARTESIAN_POINT('',(60.259615917245,29.818666893681,0.));
#2821 = CARTESIAN_POINT('',(60.23322408858,29.825179049535,0.));
#2822 = CARTESIAN_POINT('',(60.206818736899,29.831680112739,0.));
#2823 = CARTESIAN_POINT('',(60.180399867005,29.838170070853,0.));
#2824 = CARTESIAN_POINT('',(60.153967483736,29.844648911497,0.));
#2825 = CARTESIAN_POINT('',(60.127521591969,29.851116622361,0.));
#2826 = CARTESIAN_POINT('',(60.101062196557,29.857573191043,0.));
#2827 = CARTESIAN_POINT('',(60.074589302347,29.864018605045,0.));
#2828 = CARTESIAN_POINT('',(60.048102914252,29.870452852072,0.));
#2829 = CARTESIAN_POINT('',(60.021603037171,29.87687591966,0.));
#2830 = CARTESIAN_POINT('',(59.995089676001,29.883287795369,0.));
#2831 = CARTESIAN_POINT('',(59.96856283566,29.88968846676,0.));
#2832 = CARTESIAN_POINT('',(59.942022521087,29.896077921385,0.));
#2833 = CARTESIAN_POINT('',(59.915468737227,29.902456146816,0.));
#2834 = CARTESIAN_POINT('',(59.888901489023,29.908823130486,0.));
#2835 = CARTESIAN_POINT('',(59.862320781466,29.915178860054,0.));
#2836 = CARTESIAN_POINT('',(59.835726619504,29.921523322921,0.));
#2837 = CARTESIAN_POINT('',(59.809119008119,29.927856506564,0.));
#2838 = CARTESIAN_POINT('',(59.782497952344,29.934178398588,0.));
#2839 = CARTESIAN_POINT('',(59.755863457176,29.940488986371,0.));
#2840 = CARTESIAN_POINT('',(59.729215527636,29.946788257419,0.));
#2841 = CARTESIAN_POINT('',(59.702554168761,29.953076199173,0.));
#2842 = CARTESIAN_POINT('',(59.675879385604,29.959352799104,0.));
#2843 = CARTESIAN_POINT('',(59.649191183222,29.965618044621,0.));
#2844 = CARTESIAN_POINT('',(59.622489566689,29.971871923183,0.));
#2845 = CARTESIAN_POINT('',(59.595774541076,29.978114422185,0.));
#2846 = CARTESIAN_POINT('',(59.569046111474,29.984345529002,0.));
#2847 = CARTESIAN_POINT('',(59.542304283005,29.990565231109,0.));
#2848 = CARTESIAN_POINT('',(59.515549060777,29.996773515817,0.));
#2849 = CARTESIAN_POINT('',(59.488780449921,30.002970370548,0.));
#2850 = CARTESIAN_POINT('',(59.46199845558,30.009155782642,0.));
#2851 = CARTESIAN_POINT('',(59.435203082913,30.015329739474,0.));
#2852 = CARTESIAN_POINT('',(59.408394337079,30.0214922284,0.));
#2853 = CARTESIAN_POINT('',(59.381572223243,30.027643236694,0.));
#2854 = CARTESIAN_POINT('',(59.354736746606,30.033782751757,0.));
#2855 = CARTESIAN_POINT('',(59.327887912367,30.039910760856,0.));
#2856 = CARTESIAN_POINT('',(59.301025725742,30.046027251313,0.));
#2857 = CARTESIAN_POINT('',(59.274150191953,30.052132210445,0.));
#2858 = CARTESIAN_POINT('',(59.247261316219,30.058225625479,0.));
#2859 = CARTESIAN_POINT('',(59.220359103796,30.064307483728,0.));
#2860 = CARTESIAN_POINT('',(59.193443559966,30.070377772439,0.));
#2861 = CARTESIAN_POINT('',(59.166514690016,30.076436478953,0.));
#2862 = CARTESIAN_POINT('',(59.13957249919,30.08248359041,0.));
#2863 = CARTESIAN_POINT('',(59.112616992774,30.088519094021,0.));
#2864 = CARTESIAN_POINT('',(59.085648176109,30.094542977134,0.));
#2865 = CARTESIAN_POINT('',(59.058666054506,30.100555226867,0.));
#2866 = CARTESIAN_POINT('',(59.031670633289,30.106555830444,0.));
#2867 = CARTESIAN_POINT('',(59.004661917806,30.112544775097,0.));
#2868 = CARTESIAN_POINT('',(58.977639913416,30.118522047906,0.));
#2869 = CARTESIAN_POINT('',(58.950604625518,30.124487636229,0.));
#2870 = CARTESIAN_POINT('',(58.923556059463,30.130441527066,0.));
#2871 = CARTESIAN_POINT('',(58.896494220635,30.136383707618,0.));
#2872 = CARTESIAN_POINT('',(58.869419114456,30.142314165041,0.));
#2873 = CARTESIAN_POINT('',(58.84233074634,30.148232886493,0.));
#2874 = CARTESIAN_POINT('',(58.815229121697,30.154139859024,0.));
#2875 = CARTESIAN_POINT('',(58.788114245987,30.160035069766,0.));
#2876 = CARTESIAN_POINT('',(58.760986124697,30.165918505929,0.));
#2877 = CARTESIAN_POINT('',(58.733844763262,30.171790154503,0.));
#2878 = CARTESIAN_POINT('',(58.706690167145,30.177650002535,0.));
#2879 = CARTESIAN_POINT('',(58.679522341868,30.18349803722,0.));
#2880 = CARTESIAN_POINT('',(58.652341292924,30.189334245543,0.));
#2881 = CARTESIAN_POINT('',(58.625147025816,30.195158614549,0.));
#2882 = CARTESIAN_POINT('',(58.597939546086,30.200971131302,0.));
#2883 = CARTESIAN_POINT('',(58.570718859285,30.206771782868,0.));
#2884 = CARTESIAN_POINT('',(58.543484970954,30.212560556219,0.));
#2885 = CARTESIAN_POINT('',(58.516237886654,30.218337438383,0.));
#2886 = CARTESIAN_POINT('',(58.488977611977,30.224102416353,0.));
#2887 = CARTESIAN_POINT('',(58.461704152522,30.229855477197,0.));
#2888 = CARTESIAN_POINT('',(58.434417513865,30.235596607771,0.));
#2889 = CARTESIAN_POINT('',(58.40711770163,30.241325795127,0.));
#2890 = CARTESIAN_POINT('',(58.379804721451,30.247043026241,0.));
#2891 = CARTESIAN_POINT('',(58.35247857897,30.252748287968,0.));
#2892 = CARTESIAN_POINT('',(58.325139279862,30.258441567422,0.));
#2893 = CARTESIAN_POINT('',(58.297786829766,30.264122851371,0.));
#2894 = CARTESIAN_POINT('',(58.270421234352,30.269792126812,0.));
#2895 = CARTESIAN_POINT('',(58.243042499319,30.275449380626,0.));
#2896 = CARTESIAN_POINT('',(58.215650630393,30.281094599747,0.));
#2897 = CARTESIAN_POINT('',(58.18824563329,30.28672777109,0.));
#2898 = CARTESIAN_POINT('',(58.160827513724,30.292348881464,0.));
#2899 = CARTESIAN_POINT('',(58.133396277432,30.297957917811,0.));
#2900 = CARTESIAN_POINT('',(58.105951930163,30.303554866924,0.));
#2901 = CARTESIAN_POINT('',(58.078494477707,30.309139715688,0.));
#2902 = CARTESIAN_POINT('',(58.051023925861,30.314712451023,0.));
#2903 = CARTESIAN_POINT('',(58.023540280389,30.320273059637,0.));
#2904 = CARTESIAN_POINT('',(57.996043547098,30.325821528409,0.));
#2905 = CARTESIAN_POINT('',(57.968533731822,30.331357844166,0.));
#2906 = CARTESIAN_POINT('',(57.941010840383,30.3368819937,0.));
#2907 = CARTESIAN_POINT('',(57.913474878611,30.342393963761,0.));
#2908 = CARTESIAN_POINT('',(57.885925852377,30.347893741176,0.));
#2909 = CARTESIAN_POINT('',(57.858363767569,30.353381312709,0.));
#2910 = CARTESIAN_POINT('',(57.83078863007,30.358856665163,0.));
#2911 = CARTESIAN_POINT('',(57.803200445755,30.364319785209,0.));
#2912 = CARTESIAN_POINT('',(57.775599220535,30.369770659635,0.));
#2913 = CARTESIAN_POINT('',(57.74798496034,30.375209275181,0.));
#2914 = CARTESIAN_POINT('',(57.720357671108,30.38063561853,0.));
#2915 = CARTESIAN_POINT('',(57.692717358792,30.386049676478,0.));
#2916 = CARTESIAN_POINT('',(57.665064029339,30.391451435613,0.));
#2917 = CARTESIAN_POINT('',(57.637397688733,30.396840882716,0.));
#2918 = CARTESIAN_POINT('',(57.60971834296,30.402218004455,0.));
#2919 = CARTESIAN_POINT('',(57.582025998017,30.407582787434,0.));
#2920 = CARTESIAN_POINT('',(57.554320659935,30.412935218437,0.));
#2921 = CARTESIAN_POINT('',(57.526602334727,30.418275284031,0.));
#2922 = CARTESIAN_POINT('',(57.498871028422,30.42360297085,0.));
#2923 = CARTESIAN_POINT('',(57.471126747094,30.428918265573,0.));
#2924 = CARTESIAN_POINT('',(57.443369496813,30.434221154843,0.));
#2925 = CARTESIAN_POINT('',(57.415599283638,30.43951162519,0.));
#2926 = CARTESIAN_POINT('',(57.387816113672,30.444789663271,0.));
#2927 = CARTESIAN_POINT('',(57.360019993032,30.450055255704,0.));
#2928 = CARTESIAN_POINT('',(57.33221092782,30.455308389029,0.));
#2929 = CARTESIAN_POINT('',(57.304388924166,30.460549049794,0.));
#2930 = CARTESIAN_POINT('',(57.276553988239,30.465777224648,0.));
#2931 = CARTESIAN_POINT('',(57.248706126195,30.47099290009,0.));
#2932 = CARTESIAN_POINT('',(57.220845344197,30.476196062669,0.));
#2933 = CARTESIAN_POINT('',(57.192971648426,30.481386698926,0.));
#2934 = CARTESIAN_POINT('',(57.165085045087,30.48656479536,0.));
#2935 = CARTESIAN_POINT('',(57.137185540404,30.491730338531,0.));
#2936 = CARTESIAN_POINT('',(57.109273140602,30.496883314931,0.));
#2937 = CARTESIAN_POINT('',(57.08134785191,30.502023711014,0.));
#2938 = CARTESIAN_POINT('',(57.053409680587,30.507151513323,0.));
#2939 = CARTESIAN_POINT('',(57.025458632897,30.512266708284,0.));
#2940 = CARTESIAN_POINT('',(56.997494715115,30.517369282392,0.));
#2941 = CARTESIAN_POINT('',(56.969517933537,30.522459222071,0.));
#2942 = CARTESIAN_POINT('',(56.94152829449,30.527536513793,0.));
#2943 = CARTESIAN_POINT('',(56.913525804296,30.532601144044,0.));
#2944 = CARTESIAN_POINT('',(56.885510469265,30.537653099132,0.));
#2945 = CARTESIAN_POINT('',(56.857482295753,30.542692365546,0.));
#2946 = CARTESIAN_POINT('',(56.829441290137,30.547718929705,0.));
#2947 = CARTESIAN_POINT('',(56.80138745878,30.552732777982,0.));
#2948 = CARTESIAN_POINT('',(56.773320808062,30.557733896714,0.));
#2949 = CARTESIAN_POINT('',(56.745241344403,30.562722272383,0.));
#2950 = CARTESIAN_POINT('',(56.717149074212,30.567697891264,0.));
#2951 = CARTESIAN_POINT('',(56.689044003924,30.572660739747,0.));
#2952 = CARTESIAN_POINT('',(56.660926139983,30.577610804223,0.));
#2953 = CARTESIAN_POINT('',(56.632795488833,30.582548070918,0.));
#2954 = CARTESIAN_POINT('',(56.604652056967,30.587472526264,0.));
#2955 = CARTESIAN_POINT('',(56.576495850873,30.592384156576,0.));
#2956 = CARTESIAN_POINT('',(56.548326877037,30.597282948059,0.));
#2957 = CARTESIAN_POINT('',(56.520145141977,30.602168887168,0.));
#2958 = CARTESIAN_POINT('',(56.491950652202,30.607041960019,0.));
#2959 = CARTESIAN_POINT('',(56.463743414265,30.611902153,0.));
#2960 = CARTESIAN_POINT('',(56.435523434737,30.616749452366,0.));
#2961 = CARTESIAN_POINT('',(56.407290720177,30.621583844376,0.));
#2962 = CARTESIAN_POINT('',(56.379045277162,30.62640531523,0.));
#2963 = CARTESIAN_POINT('',(56.350787112297,30.631213851237,0.));
#2964 = CARTESIAN_POINT('',(56.322516232186,30.636009438602,0.));
#2965 = CARTESIAN_POINT('',(56.294232643447,30.640792063479,0.));
#2966 = CARTESIAN_POINT('',(56.265936352738,30.645561712195,0.));
#2967 = CARTESIAN_POINT('',(56.237627366705,30.650318370884,0.));
#2968 = CARTESIAN_POINT('',(56.209305692013,30.6550620257,0.));
#2969 = CARTESIAN_POINT('',(56.180971335355,30.659792662943,0.));
#2970 = CARTESIAN_POINT('',(56.152624303405,30.664510268677,0.));
#2971 = CARTESIAN_POINT('',(56.124264602869,30.669214829034,0.));
#2972 = CARTESIAN_POINT('',(56.09589224049,30.673906330338,0.));
#2973 = CARTESIAN_POINT('',(56.067507222998,30.678584758508,0.));
#2974 = CARTESIAN_POINT('',(56.039109557154,30.683250099876,0.));
#2975 = CARTESIAN_POINT('',(56.010699249716,30.687902340449,0.));
#2976 = CARTESIAN_POINT('',(55.982276307452,30.692541466348,0.));
#2977 = CARTESIAN_POINT('',(55.953840737165,30.697167463708,0.));
#2978 = CARTESIAN_POINT('',(55.925392545672,30.701780318608,0.));
#2979 = CARTESIAN_POINT('',(55.8969317398,30.706380017136,0.));
#2980 = CARTESIAN_POINT('',(55.868458326388,30.710966545379,0.));
#2981 = CARTESIAN_POINT('',(55.839972312266,30.715539889411,0.));
#2982 = CARTESIAN_POINT('',(55.811473704294,30.72010003515,0.));
#2983 = CARTESIAN_POINT('',(55.782962509391,30.724646968868,0.));
#2984 = CARTESIAN_POINT('',(55.754438734441,30.729180676466,0.));
#2985 = CARTESIAN_POINT('',(55.725902386328,30.733701143951,0.));
#2986 = CARTESIAN_POINT('',(55.697353471991,30.738208357391,0.));
#2987 = CARTESIAN_POINT('',(55.668791998381,30.742702302806,0.));
#2988 = CARTESIAN_POINT('',(55.640217972438,30.747182966136,0.));
#2989 = CARTESIAN_POINT('',(55.611631401118,30.751650333435,0.));
#2990 = CARTESIAN_POINT('',(55.583032291401,30.756104390563,0.));
#2991 = CARTESIAN_POINT('',(55.554420650306,30.76054512364,0.));
#2992 = CARTESIAN_POINT('',(55.525796484844,30.764972518533,0.));
#2993 = CARTESIAN_POINT('',(55.49715980203,30.769386561213,0.));
#2994 = CARTESIAN_POINT('',(55.468510608902,30.773787237611,0.));
#2995 = CARTESIAN_POINT('',(55.439848912517,30.778174533663,0.));
#2996 = CARTESIAN_POINT('',(55.411174719947,30.782548435291,0.));
#2997 = CARTESIAN_POINT('',(55.382488038274,30.786908928401,0.));
#2998 = CARTESIAN_POINT('',(55.353788874596,30.791255998894,0.));
#2999 = CARTESIAN_POINT('',(55.325077236017,30.795589632672,0.));
#3000 = CARTESIAN_POINT('',(55.296353129665,30.799909815565,0.));
#3001 = CARTESIAN_POINT('',(55.26761656271,30.804216533494,0.));
#3002 = CARTESIAN_POINT('',(55.238867542308,30.808509772414,0.));
#3003 = CARTESIAN_POINT('',(55.210106075596,30.812789517944,0.));
#3004 = CARTESIAN_POINT('',(55.181332169775,30.817055756122,0.));
#3005 = CARTESIAN_POINT('',(55.152545832053,30.821308472736,0.));
#3006 = CARTESIAN_POINT('',(55.123747069643,30.825547653521,0.));
#3007 = CARTESIAN_POINT('',(55.09493588979,30.82977328445,0.));
#3008 = CARTESIAN_POINT('',(55.066112299726,30.833985351217,0.));
#3009 = CARTESIAN_POINT('',(55.037276306702,30.838183839595,0.));
#3010 = CARTESIAN_POINT('',(55.008427918015,30.842368735469,0.));
#3011 = CARTESIAN_POINT('',(54.979567140961,30.846540024552,0.));
#3012 = CARTESIAN_POINT('',(54.950693982827,30.850697692646,0.));
#3013 = CARTESIAN_POINT('',(54.921808450922,30.854841725431,0.));
#3014 = CARTESIAN_POINT('',(54.892910552611,30.858972108712,0.));
#3015 = CARTESIAN_POINT('',(54.864000295261,30.863088828309,0.));
#3016 = CARTESIAN_POINT('',(54.83507768621,30.867191869812,0.));
#3017 = CARTESIAN_POINT('',(54.806142732831,30.871281218979,0.));
#3018 = CARTESIAN_POINT('',(54.777195442533,30.875356861582,0.));
#3019 = CARTESIAN_POINT('',(54.748235822724,30.879418783233,0.));
#3020 = CARTESIAN_POINT('',(54.719263880839,30.883466969681,0.));
#3021 = CARTESIAN_POINT('',(54.690279624324,30.887501406626,0.));
#3022 = CARTESIAN_POINT('',(54.661283060617,30.891522079681,0.));
#3023 = CARTESIAN_POINT('',(54.632274197194,30.895528974511,0.));
#3024 = CARTESIAN_POINT('',(54.60325304156,30.899522076833,0.));
#3025 = CARTESIAN_POINT('',(54.574219601209,30.903501372262,0.));
#3026 = CARTESIAN_POINT('',(54.545173883643,30.907466846375,0.));
#3027 = CARTESIAN_POINT('',(54.516115896404,30.911418484863,0.));
#3028 = CARTESIAN_POINT('',(54.487045647056,30.915356273333,0.));
#3029 = CARTESIAN_POINT('',(54.457963143162,30.919280197373,0.));
#3030 = CARTESIAN_POINT('',(54.428868392292,30.923190242627,0.));
#3031 = CARTESIAN_POINT('',(54.399761402035,30.927086394581,0.));
#3032 = CARTESIAN_POINT('',(54.370642180008,30.930968638925,0.));
#3033 = CARTESIAN_POINT('',(54.341510733828,30.934836961172,0.));
#3034 = CARTESIAN_POINT('',(54.312367071133,30.938691346832,0.));
#3035 = CARTESIAN_POINT('',(54.283211199596,30.942531781575,0.));
#3036 = CARTESIAN_POINT('',(54.254043126885,30.94635825086,0.));
#3037 = CARTESIAN_POINT('',(54.224862860688,30.950170740205,0.));
#3038 = CARTESIAN_POINT('',(54.195670408716,30.95396923523,0.));
#3039 = CARTESIAN_POINT('',(54.166465778674,30.957753721339,0.));
#3040 = CARTESIAN_POINT('',(54.137248978285,30.961524184082,0.));
#3041 = CARTESIAN_POINT('',(54.108020015308,30.965280608928,0.));
#3042 = CARTESIAN_POINT('',(54.078778897518,30.969022981407,0.));
#3043 = CARTESIAN_POINT('',(54.049525632689,30.972751286972,0.));
#3044 = CARTESIAN_POINT('',(54.020260228614,30.976465511051,0.));
#3045 = CARTESIAN_POINT('',(53.990982693108,30.980165639174,0.));
#3046 = CARTESIAN_POINT('',(53.961693033997,30.983851656727,0.));
#3047 = CARTESIAN_POINT('',(53.932391259126,30.987523549158,0.));
#3048 = CARTESIAN_POINT('',(53.903077376362,30.991181301944,0.));
#3049 = CARTESIAN_POINT('',(53.873751393569,30.99482490046,0.));
#3050 = CARTESIAN_POINT('',(53.844413318636,30.998454330086,0.));
#3051 = CARTESIAN_POINT('',(53.815063159485,31.002069576304,0.));
#3052 = CARTESIAN_POINT('',(53.785700924026,31.005670624483,0.));
#3053 = CARTESIAN_POINT('',(53.756326620186,31.009257459908,0.));
#3054 = CARTESIAN_POINT('',(53.726940255934,31.012830068093,0.));
#3055 = CARTESIAN_POINT('',(53.697541839256,31.016388434313,0.));
#3056 = CARTESIAN_POINT('',(53.668131378121,31.019932543999,0.));
#3057 = CARTESIAN_POINT('',(53.638708880513,31.023462382394,0.));
#3058 = CARTESIAN_POINT('',(53.609274354463,31.026977934863,0.));
#3059 = CARTESIAN_POINT('',(53.579827808012,31.030479186854,0.));
#3060 = CARTESIAN_POINT('',(53.550369249204,31.033966123474,0.));
#3061 = CARTESIAN_POINT('',(53.520898686116,31.037438730222,0.));
#3062 = CARTESIAN_POINT('',(53.491416126827,31.040896992336,0.));
#3063 = CARTESIAN_POINT('',(53.461921579415,31.044340895034,0.));
#3064 = CARTESIAN_POINT('',(53.43241505199,31.04777042369,0.));
#3065 = CARTESIAN_POINT('',(53.402896552702,31.0511855635,0.));
#3066 = CARTESIAN_POINT('',(53.373366089714,31.054586299808,0.));
#3067 = CARTESIAN_POINT('',(53.343823671179,31.057972617874,0.));
#3068 = CARTESIAN_POINT('',(53.314269305245,31.061344502824,0.));
#3069 = CARTESIAN_POINT('',(53.284703000106,31.064701939983,0.));
#3070 = CARTESIAN_POINT('',(53.255124763998,31.068044914546,0.));
#3071 = CARTESIAN_POINT('',(53.225534605154,31.071373411784,0.));
#3072 = CARTESIAN_POINT('',(53.195932531811,31.074687416861,0.));
#3073 = CARTESIAN_POINT('',(53.166318552217,31.077986914966,0.));
#3074 = CARTESIAN_POINT('',(53.136692674648,31.081271891318,0.));
#3075 = CARTESIAN_POINT('',(53.107054907397,31.08454233107,0.));
#3076 = CARTESIAN_POINT('',(53.077405258774,31.087798219414,0.));
#3077 = CARTESIAN_POINT('',(53.047743737106,31.091039541509,0.));
#3078 = CARTESIAN_POINT('',(53.01807035074,31.094266282502,0.));
#3079 = CARTESIAN_POINT('',(52.988385108031,31.097478427561,0.));
#3080 = CARTESIAN_POINT('',(52.958688017349,31.100675961802,0.));
#3081 = CARTESIAN_POINT('',(52.92897908708,31.103858870327,0.));
#3082 = CARTESIAN_POINT('',(52.899258325632,31.10702713832,0.));
#3083 = CARTESIAN_POINT('',(52.869525741436,31.110180750793,0.));
#3084 = CARTESIAN_POINT('',(52.839781342925,31.11331969298,0.));
#3085 = CARTESIAN_POINT('',(52.810025138558,31.11644394981,0.));
#3086 = CARTESIAN_POINT('',(52.780257136817,31.119553506498,0.));
#3087 = CARTESIAN_POINT('',(52.750477346178,31.122648348112,0.));
#3088 = CARTESIAN_POINT('',(52.720685775144,31.125728459531,0.));
#3089 = CARTESIAN_POINT('',(52.690882432253,31.128793826092,0.));
#3090 = CARTESIAN_POINT('',(52.66106732604,31.131844432644,0.));
#3091 = CARTESIAN_POINT('',(52.631240465048,31.134880264244,0.));
#3092 = CARTESIAN_POINT('',(52.601401857861,31.137901306004,0.));
#3093 = CARTESIAN_POINT('',(52.571551513069,31.140907542872,0.));
#3094 = CARTESIAN_POINT('',(52.541689439276,31.143898959861,0.));
#3095 = CARTESIAN_POINT('',(52.511815645114,31.146875542023,0.));
#3096 = CARTESIAN_POINT('',(52.481930139206,31.149837274328,0.));
#3097 = CARTESIAN_POINT('',(52.452032930203,31.152784141664,0.));
#3098 = CARTESIAN_POINT('',(52.422124026796,31.155716129161,0.));
#3099 = CARTESIAN_POINT('',(52.392203437672,31.158633221713,0.));
#3100 = CARTESIAN_POINT('',(52.362271171548,31.161535404191,0.));
#3101 = CARTESIAN_POINT('',(52.332327237142,31.164422661792,0.));
#3102 = CARTESIAN_POINT('',(52.302371643183,31.167294979137,0.));
#3103 = CARTESIAN_POINT('',(52.272404398423,31.170152341361,0.));
#3104 = CARTESIAN_POINT('',(52.242425511653,31.172994733357,0.));
#3105 = CARTESIAN_POINT('',(52.212434991659,31.175822139961,0.));
#3106 = CARTESIAN_POINT('',(52.18243284726,31.178634546158,0.));
#3107 = CARTESIAN_POINT('',(52.152419087272,31.181431936856,0.));
#3108 = CARTESIAN_POINT('',(52.122393720523,31.184214296807,0.));
#3109 = CARTESIAN_POINT('',(52.092356755889,31.186981611017,0.));
#3110 = CARTESIAN_POINT('',(52.062308202259,31.18973386435,0.));
#3111 = CARTESIAN_POINT('',(52.032248068518,31.192471041588,0.));
#3112 = CARTESIAN_POINT('',(52.00217636357,31.195193127653,0.));
#3113 = CARTESIAN_POINT('',(51.972093096343,31.197900107355,0.));
#3114 = CARTESIAN_POINT('',(51.941998275784,31.200591965495,0.));
#3115 = CARTESIAN_POINT('',(51.911891910857,31.203268686985,0.));
#3116 = CARTESIAN_POINT('',(51.881774010541,31.20593025655,0.));
#3117 = CARTESIAN_POINT('',(51.851644583835,31.20857665903,0.));
#3118 = CARTESIAN_POINT('',(51.82150363975,31.211207879282,0.));
#3119 = CARTESIAN_POINT('',(51.791351187318,31.213823901956,0.));
#3120 = CARTESIAN_POINT('',(51.761187235587,31.216424711992,0.));
#3121 = CARTESIAN_POINT('',(51.73101179365,31.21901029403,0.));
#3122 = CARTESIAN_POINT('',(51.700824870575,31.221580632986,0.));
#3123 = CARTESIAN_POINT('',(51.67062647544,31.224135713464,0.));
#3124 = CARTESIAN_POINT('',(51.640416617361,31.226675520202,0.));
#3125 = CARTESIAN_POINT('',(51.610195305496,31.229200038098,0.));
#3126 = CARTESIAN_POINT('',(51.579962549004,31.23170925173,0.));
#3127 = CARTESIAN_POINT('',(51.549718357038,31.234203145895,0.));
#3128 = CARTESIAN_POINT('',(51.519462738804,31.236681705248,0.));
#3129 = CARTESIAN_POINT('',(51.489195703501,31.239144914601,0.));
#3130 = CARTESIAN_POINT('',(51.458917260355,31.241592758488,0.));
#3131 = CARTESIAN_POINT('',(51.428627418593,31.24402522175,0.));
#3132 = CARTESIAN_POINT('',(51.398326187469,31.246442288955,0.));
#3133 = CARTESIAN_POINT('',(51.368013576269,31.248843944756,0.));
#3134 = CARTESIAN_POINT('',(51.337689594302,31.251230173967,0.));
#3135 = CARTESIAN_POINT('',(51.307354250878,31.253600961086,0.));
#3136 = CARTESIAN_POINT('',(51.277007555309,31.255956290819,0.));
#3137 = CARTESIAN_POINT('',(51.246649516946,31.258296147791,0.));
#3138 = CARTESIAN_POINT('',(51.216280145158,31.260620516611,0.));
#3139 = CARTESIAN_POINT('',(51.185899449318,31.262929381947,0.));
#3140 = CARTESIAN_POINT('',(51.155507438817,31.265222728322,0.));
#3141 = CARTESIAN_POINT('',(51.125104123099,31.267500540363,0.));
#3142 = CARTESIAN_POINT('',(51.094689511602,31.269762802798,0.));
#3143 = CARTESIAN_POINT('',(51.06426361376,31.27200950001,0.));
#3144 = CARTESIAN_POINT('',(51.033826439045,31.274240616632,0.));
#3145 = CARTESIAN_POINT('',(51.003377996963,31.27645613736,0.));
#3146 = CARTESIAN_POINT('',(50.972918297011,31.278656046582,0.));
#3147 = CARTESIAN_POINT('',(50.942447348703,31.280840328907,0.));
#3148 = CARTESIAN_POINT('',(50.9119651616,31.283008968915,0.));
#3149 = CARTESIAN_POINT('',(50.881471745249,31.285161951122,0.));
#3150 = CARTESIAN_POINT('',(50.850967109223,31.287299259961,0.));
#3151 = CARTESIAN_POINT('',(50.820451263132,31.289420880077,0.));
#3152 = CARTESIAN_POINT('',(50.789924216599,31.291526795932,0.));
#3153 = CARTESIAN_POINT('',(50.759385979243,31.293616991987,0.));
#3154 = CARTESIAN_POINT('',(50.72883656072,31.295691452769,0.));
#3155 = CARTESIAN_POINT('',(50.6982759707,31.297750162779,0.));
#3156 = CARTESIAN_POINT('',(50.667704218872,31.299793106422,0.));
#3157 = CARTESIAN_POINT('',(50.637121314937,31.301820268244,0.));
#3158 = CARTESIAN_POINT('',(50.606527268616,31.303831632653,0.));
#3159 = CARTESIAN_POINT('',(50.57592208966,31.305827184066,0.));
#3160 = CARTESIAN_POINT('',(50.545305787826,31.307806907051,0.));
#3161 = CARTESIAN_POINT('',(50.51467837289,31.309770785886,0.));
#3162 = CARTESIAN_POINT('',(50.484039854637,31.311718805078,0.));
#3163 = CARTESIAN_POINT('',(50.453390242884,31.313650949041,0.));
#3164 = CARTESIAN_POINT('',(50.422729547477,31.315567202109,0.));
#3165 = CARTESIAN_POINT('',(50.392057778281,31.317467548814,0.));
#3166 = CARTESIAN_POINT('',(50.361374945168,31.319351973474,0.));
#3167 = CARTESIAN_POINT('',(50.330681058,31.321220460455,0.));
#3168 = CARTESIAN_POINT('',(50.299976126667,31.323072994146,0.));
#3169 = CARTESIAN_POINT('',(50.269260161119,31.32490955885,0.));
#3170 = CARTESIAN_POINT('',(50.238533171308,31.326730139094,0.));
#3171 = CARTESIAN_POINT('',(50.207795167195,31.328534719065,0.));
#3172 = CARTESIAN_POINT('',(50.177046158738,31.330323283169,0.));
#3173 = CARTESIAN_POINT('',(50.146286155959,31.332095815709,0.));
#3174 = CARTESIAN_POINT('',(50.115515168875,31.333852301096,0.));
#3175 = CARTESIAN_POINT('',(50.084733207512,31.335592723547,0.));
#3176 = CARTESIAN_POINT('',(50.053940281929,31.337317067366,0.));
#3177 = CARTESIAN_POINT('',(50.02313640219,31.339025317011,0.));
#3178 = CARTESIAN_POINT('',(49.992321578402,31.340717456513,0.));
#3179 = CARTESIAN_POINT('',(49.961495820677,31.342393470395,0.));
#3180 = CARTESIAN_POINT('',(49.930659139135,31.344053342887,0.));
#3181 = CARTESIAN_POINT('',(49.899811543907,31.345697058071,0.));
#3182 = CARTESIAN_POINT('',(49.868953045165,31.347324600418,0.));
#3183 = CARTESIAN_POINT('',(49.838083653128,31.348935954113,0.));
#3184 = CARTESIAN_POINT('',(49.807203377996,31.350531103392,0.));
#3185 = CARTESIAN_POINT('',(49.776312229983,31.352110032516,0.));
#3186 = CARTESIAN_POINT('',(49.745410219311,31.353672725698,0.));
#3187 = CARTESIAN_POINT('',(49.71449735625,31.355219167071,0.));
#3188 = CARTESIAN_POINT('',(49.683573651094,31.35674934101,0.));
#3189 = CARTESIAN_POINT('',(49.652639114133,31.358263231649,0.));
#3190 = CARTESIAN_POINT('',(49.62169375568,31.359760823072,0.));
#3191 = CARTESIAN_POINT('',(49.590737586074,31.361242099664,0.));
#3192 = CARTESIAN_POINT('',(49.559770615673,31.36270704548,0.));
#3193 = CARTESIAN_POINT('',(49.528792854838,31.36415564468,0.));
#3194 = CARTESIAN_POINT('',(49.497804313993,31.365587881474,0.));
#3195 = CARTESIAN_POINT('',(49.466805003545,31.367003740108,0.));
#3196 = CARTESIAN_POINT('',(49.435794933902,31.368403204552,0.));
#3197 = CARTESIAN_POINT('',(49.404774115523,31.369786258974,0.));
#3198 = CARTESIAN_POINT('',(49.373742558885,31.371152887715,0.));
#3199 = CARTESIAN_POINT('',(49.342700274482,31.372503074613,0.));
#3200 = CARTESIAN_POINT('',(49.311647272803,31.373836803967,0.));
#3201 = CARTESIAN_POINT('',(49.280583564398,31.375154059848,0.));
#3202 = CARTESIAN_POINT('',(49.249509159804,31.376454826336,0.));
#3203 = CARTESIAN_POINT('',(49.218424069573,31.37773908753,0.));
#3204 = CARTESIAN_POINT('',(49.187328304287,31.379006827512,0.));
#3205 = CARTESIAN_POINT('',(49.156221874574,31.380258030326,0.));
#3206 = CARTESIAN_POINT('',(49.125104791062,31.381492680173,0.));
#3207 = CARTESIAN_POINT('',(49.093977064391,31.382710760982,0.));
#3208 = CARTESIAN_POINT('',(49.062838705209,31.383912256838,0.));
#3209 = CARTESIAN_POINT('',(49.031689724193,31.385097151838,0.));
#3210 = CARTESIAN_POINT('',(49.000530132052,31.386265429924,0.));
#3211 = CARTESIAN_POINT('',(48.969359939503,31.387417075221,0.));
#3212 = CARTESIAN_POINT('',(48.938179157306,31.3885520717,0.));
#3213 = CARTESIAN_POINT('',(48.9069877962,31.389670403438,0.));
#3214 = CARTESIAN_POINT('',(48.875785866968,31.390772054329,0.));
#3215 = CARTESIAN_POINT('',(48.844573380416,31.391857008478,0.));
#3216 = CARTESIAN_POINT('',(48.813350347366,31.392925249876,0.));
#3217 = CARTESIAN_POINT('',(48.782116778629,31.393976762441,0.));
#3218 = CARTESIAN_POINT('',(48.750872685066,31.395011530128,0.));
#3219 = CARTESIAN_POINT('',(48.71961807757,31.396029537027,0.));
#3220 = CARTESIAN_POINT('',(48.688352967058,31.397030767014,0.));
#3221 = CARTESIAN_POINT('',(48.657077364426,31.398015204092,0.));
#3222 = CARTESIAN_POINT('',(48.625791280587,31.398982832176,0.));
#3223 = CARTESIAN_POINT('',(48.594494726509,31.39993363512,0.));
#3224 = CARTESIAN_POINT('',(48.56318771317,31.400867597048,0.));
#3225 = CARTESIAN_POINT('',(48.531870251581,31.401784701729,0.));
#3226 = CARTESIAN_POINT('',(48.500542352752,31.402684933117,0.));
#3227 = CARTESIAN_POINT('',(48.469204027697,31.403568275231,0.));
#3228 = CARTESIAN_POINT('',(48.437855287485,31.404434711724,0.));
#3229 = CARTESIAN_POINT('',(48.406496143184,31.405284226744,0.));
#3230 = CARTESIAN_POINT('',(48.375126605914,31.406116804068,0.));
#3231 = CARTESIAN_POINT('',(48.34374668677,31.406932427564,0.));
#3232 = CARTESIAN_POINT('',(48.312356396879,31.407731081143,0.));
#3233 = CARTESIAN_POINT('',(48.280955747395,31.40851274862,0.));
#3234 = CARTESIAN_POINT('',(48.249544749478,31.409277413899,0.));
#3235 = CARTESIAN_POINT('',(48.218123414339,31.410025060749,0.));
#3236 = CARTESIAN_POINT('',(48.186691753206,31.410755673122,0.));
#3237 = CARTESIAN_POINT('',(48.155249777313,31.411469234833,0.));
#3238 = CARTESIAN_POINT('',(48.123797497894,31.412165729636,0.));
#3239 = CARTESIAN_POINT('',(48.092334926228,31.412845141371,0.));
#3240 = CARTESIAN_POINT('',(48.060862073609,31.413507453941,0.));
#3241 = CARTESIAN_POINT('',(48.029378951355,31.414152651017,0.));
#3242 = CARTESIAN_POINT('',(47.997885570804,31.414780716467,0.));
#3243 = CARTESIAN_POINT('',(47.966381943313,31.415391634134,0.));
#3244 = CARTESIAN_POINT('',(47.934868080246,31.415985387698,0.));
#3245 = CARTESIAN_POINT('',(47.903343992987,31.416561960961,0.));
#3246 = CARTESIAN_POINT('',(47.871809692982,31.417121337705,0.));
#3247 = CARTESIAN_POINT('',(47.840265191654,31.417663501785,0.));
#3248 = CARTESIAN_POINT('',(47.808710500464,31.418188436754,0.));
#3249 = CARTESIAN_POINT('',(47.777145630871,31.41869612653,0.));
#3250 = CARTESIAN_POINT('',(47.745570594373,31.419186554802,0.));
#3251 = CARTESIAN_POINT('',(47.713985402501,31.419659705197,0.));
#3252 = CARTESIAN_POINT('',(47.6823900668,31.420115561636,0.));
#3253 = CARTESIAN_POINT('',(47.65078459882,31.420554107751,0.));
#3254 = CARTESIAN_POINT('',(47.619169010123,31.420975327133,0.));
#3255 = CARTESIAN_POINT('',(47.587543312317,31.421379203646,0.));
#3256 = CARTESIAN_POINT('',(47.555907517029,31.421765720961,0.));
#3257 = CARTESIAN_POINT('',(47.524261635896,31.422134862665,0.));
#3258 = CARTESIAN_POINT('',(47.49260568058,31.422486612547,0.));
#3259 = CARTESIAN_POINT('',(47.460939662758,31.422820954289,0.));
#3260 = CARTESIAN_POINT('',(47.42926359413,31.42313787142,0.));
#3261 = CARTESIAN_POINT('',(47.397577486418,31.423437347752,0.));
#3262 = CARTESIAN_POINT('',(47.365881351371,31.4237193669,0.));
#3263 = CARTESIAN_POINT('',(47.334175200761,31.423983912426,0.));
#3264 = CARTESIAN_POINT('',(47.302459046374,31.424230968111,0.));
#3265 = CARTESIAN_POINT('',(47.270732900001,31.424460517535,0.));
#3266 = CARTESIAN_POINT('',(47.23899677346,31.424672544194,0.));
#3267 = CARTESIAN_POINT('',(47.207250678594,31.424867031882,0.));
#3268 = CARTESIAN_POINT('',(47.175494627275,31.425043964152,0.));
#3269 = CARTESIAN_POINT('',(47.143728631413,31.425203324489,0.));
#3270 = CARTESIAN_POINT('',(47.11195270291,31.425345096753,0.));
#3271 = CARTESIAN_POINT('',(47.080166853714,31.425469264322,0.));
#3272 = CARTESIAN_POINT('',(47.048371095742,31.425575810837,0.));
#3273 = CARTESIAN_POINT('',(47.016565440972,31.42566471989,0.));
#3274 = CARTESIAN_POINT('',(46.984749901393,31.425735975034,0.));
#3275 = CARTESIAN_POINT('',(46.952924489029,31.42578955981,0.));
#3276 = CARTESIAN_POINT('',(46.921089215923,31.425825457836,0.));
#3277 = CARTESIAN_POINT('',(46.889244094126,31.425843652649,0.));
#3278 = CARTESIAN_POINT('',(46.857389135701,31.425844127726,0.));
#3279 = CARTESIAN_POINT('',(46.825524352739,31.425826866659,0.));
#3280 = CARTESIAN_POINT('',(46.793649757393,31.425791852935,0.));
#3281 = CARTESIAN_POINT('',(46.761765361784,31.425739070197,0.));
#3282 = CARTESIAN_POINT('',(46.729871178081,31.425668501787,0.));
#3283 = CARTESIAN_POINT('',(46.697967218463,31.425580131311,0.));
#3284 = CARTESIAN_POINT('',(46.666053495127,31.425473942332,0.));
#3285 = CARTESIAN_POINT('',(46.634130020303,31.425349918166,0.));
#3286 = CARTESIAN_POINT('',(46.602196806217,31.425208042462,0.));
#3287 = CARTESIAN_POINT('',(46.570253865176,31.425048298606,0.));
#3288 = CARTESIAN_POINT('',(46.538301209443,31.42487067019,0.));
#3289 = CARTESIAN_POINT('',(46.506338851336,31.424675140528,0.));
#3290 = CARTESIAN_POINT('',(46.47436680318,31.424461693179,0.));
#3291 = CARTESIAN_POINT('',(46.442385077333,31.424230311624,0.));
#3292 = CARTESIAN_POINT('',(46.410393686171,31.4239809792,0.));
#3293 = CARTESIAN_POINT('',(46.378392642075,31.423713679462,0.));
#3294 = CARTESIAN_POINT('',(46.346381957488,31.423428395764,0.));
#3295 = CARTESIAN_POINT('',(46.314361644828,31.423125111625,0.));
#3296 = CARTESIAN_POINT('',(46.28233171657,31.42280381035,0.));
#3297 = CARTESIAN_POINT('',(46.250292185181,31.422464475469,0.));
#3298 = CARTESIAN_POINT('',(46.218243063175,31.422107090315,0.));
#3299 = CARTESIAN_POINT('',(46.186184363069,31.421731638318,0.));
#3300 = CARTESIAN_POINT('',(46.154116097414,31.421338102876,0.));
#3301 = CARTESIAN_POINT('',(46.122038278773,31.420926467383,0.));
#3302 = CARTESIAN_POINT('',(46.089950919739,31.420496715187,0.));
#3303 = CARTESIAN_POINT('',(46.057854032911,31.420048829726,0.));
#3304 = CARTESIAN_POINT('',(46.02574763094,31.419582794286,0.));
#3305 = CARTESIAN_POINT('',(45.993631726486,31.419098592323,0.));
#3306 = CARTESIAN_POINT('',(45.961506332218,31.41859620719,0.));
#3307 = CARTESIAN_POINT('',(45.929371460829,31.418075622133,0.));
#3308 = CARTESIAN_POINT('',(45.897227125026,31.417536820598,0.));
#3309 = CARTESIAN_POINT('',(45.865073337571,31.41697978589,0.));
#3310 = CARTESIAN_POINT('',(45.832910111233,31.41640450133,0.));
#3311 = CARTESIAN_POINT('',(45.800737458773,31.415810950311,0.));
#3312 = CARTESIAN_POINT('',(45.768555393008,31.415199116016,0.));
#3313 = CARTESIAN_POINT('',(45.736363926763,31.414568981868,0.));
#3314 = CARTESIAN_POINT('',(45.704163072904,31.413920531177,0.));
#3315 = CARTESIAN_POINT('',(45.6719528443,31.41325374719,0.));
#3316 = CARTESIAN_POINT('',(45.639733253859,31.412568613211,0.));
#3317 = CARTESIAN_POINT('',(45.607504314487,31.411865112627,0.));
#3318 = CARTESIAN_POINT('',(45.57526603911,31.411143228581,0.));
#3319 = CARTESIAN_POINT('',(45.54301844069,31.41040294435,0.));
#3320 = CARTESIAN_POINT('',(45.51076153221,31.409644243354,0.));
#3321 = CARTESIAN_POINT('',(45.478495326694,31.408867108694,0.));
#3322 = CARTESIAN_POINT('',(45.446219837154,31.40807152371,0.));
#3323 = CARTESIAN_POINT('',(45.413935076658,31.407257471649,0.));
#3324 = CARTESIAN_POINT('',(45.381641058271,31.406424935773,0.));
#3325 = CARTESIAN_POINT('',(45.349337795095,31.405573899247,0.));
#3326 = CARTESIAN_POINT('',(45.317025300214,31.404704345425,0.));
#3327 = CARTESIAN_POINT('',(45.284703586782,31.403816257368,0.));
#3328 = CARTESIAN_POINT('',(45.252372667962,31.40290961841,0.));
#3329 = CARTESIAN_POINT('',(45.220032556957,31.401984411801,0.));
#3330 = CARTESIAN_POINT('',(45.187683266961,31.401040620671,0.));
#3331 = CARTESIAN_POINT('',(45.155324811189,31.400078228232,0.));
#3332 = CARTESIAN_POINT('',(45.122957202904,31.3990972177,0.));
#3333 = CARTESIAN_POINT('',(45.090580455387,31.398097572289,0.));
#3334 = CARTESIAN_POINT('',(45.058194581922,31.397079275166,0.));
#3335 = CARTESIAN_POINT('',(45.025799595807,31.396042309473,0.));
#3336 = CARTESIAN_POINT('',(44.993395510401,31.394986658378,0.));
#3337 = CARTESIAN_POINT('',(44.960982339078,31.393912305151,0.));
#3338 = CARTESIAN_POINT('',(44.928560095241,31.39281923287,0.));
#3339 = CARTESIAN_POINT('',(44.896128792259,31.39170742475,0.));
#3340 = CARTESIAN_POINT('',(44.863688443564,31.390576863824,0.));
#3341 = CARTESIAN_POINT('',(44.831239062617,31.389427533325,0.));
#3342 = CARTESIAN_POINT('',(44.798780662915,31.388259416421,0.));
#3343 = CARTESIAN_POINT('',(44.766313257943,31.387072496208,0.));
#3344 = CARTESIAN_POINT('',(44.733836861206,31.385866755765,0.));
#3345 = CARTESIAN_POINT('',(44.701351486255,31.384642178256,0.));
#3346 = CARTESIAN_POINT('',(44.668857146668,31.383398746823,0.));
#3347 = CARTESIAN_POINT('',(44.636353856036,31.382136444544,0.));
#3348 = CARTESIAN_POINT('',(44.603841627981,31.38085525451,0.));
#3349 = CARTESIAN_POINT('',(44.571320476124,31.379555159907,0.));
#3350 = CARTESIAN_POINT('',(44.53879041412,31.378236143715,0.));
#3351 = CARTESIAN_POINT('',(44.506251455653,31.376898189029,0.));
#3352 = CARTESIAN_POINT('',(44.473703614414,31.375541279054,0.));
#3353 = CARTESIAN_POINT('',(44.441146904151,31.374165396697,0.));
#3354 = CARTESIAN_POINT('',(44.408581338588,31.372770525142,0.));
#3355 = CARTESIAN_POINT('',(44.376006931523,31.371356647414,0.));
#3356 = CARTESIAN_POINT('',(44.343423696759,31.36992374659,0.));
#3357 = CARTESIAN_POINT('',(44.310831648109,31.368471805748,0.));
#3358 = CARTESIAN_POINT('',(44.278230799408,31.367000807888,0.));
#3359 = CARTESIAN_POINT('',(44.24562116452,31.365510736046,0.));
#3360 = CARTESIAN_POINT('',(44.213002757313,31.364001573334,0.));
#3361 = CARTESIAN_POINT('',(44.180375591711,31.362473302656,0.));
#3362 = CARTESIAN_POINT('',(44.147739681681,31.360925907106,0.));
#3363 = CARTESIAN_POINT('',(44.115095041159,31.359359369875,0.));
#3364 = CARTESIAN_POINT('',(44.082441684127,31.357773673681,0.));
#3365 = CARTESIAN_POINT('',(44.049779624559,31.356168801658,0.));
#3366 = CARTESIAN_POINT('',(44.017108876513,31.354544736889,0.));
#3367 = CARTESIAN_POINT('',(43.984429454062,31.352901462286,0.));
#3368 = CARTESIAN_POINT('',(43.951741371243,31.351238960905,0.));
#3369 = CARTESIAN_POINT('',(43.91904464216,31.349557215641,0.));
#3370 = CARTESIAN_POINT('',(43.886339280941,31.347856209544,0.));
#3371 = CARTESIAN_POINT('',(43.853625301735,31.346135925633,0.));
#3372 = CARTESIAN_POINT('',(43.820902718692,31.344396346808,0.));
#3373 = CARTESIAN_POINT('',(43.788171546015,31.342637455998,0.));
#3374 = CARTESIAN_POINT('',(43.755431797922,31.340859236308,0.));
#3375 = CARTESIAN_POINT('',(43.722683488638,31.339061670636,0.));
#3376 = CARTESIAN_POINT('',(43.689926632442,31.337244741783,0.));
#3377 = CARTESIAN_POINT('',(43.657161243601,31.335408432959,0.));
#3378 = CARTESIAN_POINT('',(43.624387336445,31.333552726958,0.));
#3379 = CARTESIAN_POINT('',(43.591604925287,31.331677606669,0.));
#3380 = CARTESIAN_POINT('',(43.558814024475,31.329783055142,0.));
#3381 = CARTESIAN_POINT('',(43.526014648431,31.32786905522,0.));
#3382 = CARTESIAN_POINT('',(43.493206811531,31.325935589924,0.));
#3383 = CARTESIAN_POINT('',(43.460390528204,31.323982642064,0.));
#3384 = CARTESIAN_POINT('',(43.427565812894,31.32201019457,0.));
#3385 = CARTESIAN_POINT('',(43.394732680071,31.320018230415,0.));
#3386 = CARTESIAN_POINT('',(43.361891144237,31.318006732428,0.));
#3387 = CARTESIAN_POINT('',(43.329041219919,31.315975683498,0.));
#3388 = CARTESIAN_POINT('',(43.296182921663,31.31392506662,0.));
#3389 = CARTESIAN_POINT('',(43.263316264055,31.31185486459,0.));
#3390 = CARTESIAN_POINT('',(43.230441261676,31.309765060319,0.));
#3391 = CARTESIAN_POINT('',(43.197557929143,31.3076556367,0.));
#3392 = CARTESIAN_POINT('',(43.164666281091,31.305526576579,0.));
#3393 = CARTESIAN_POINT('',(43.131766332193,31.303377862807,0.));
#3394 = CARTESIAN_POINT('',(43.098858097138,31.301209478309,0.));
#3395 = CARTESIAN_POINT('',(43.065941590646,31.2990214059,0.));
#3396 = CARTESIAN_POINT('',(43.033016827424,31.296813628451,0.));
#3397 = CARTESIAN_POINT('',(43.000083822258,31.294586128719,0.));
#3398 = CARTESIAN_POINT('',(42.967142589932,31.292338889707,0.));
#3399 = CARTESIAN_POINT('',(42.934193145271,31.290071894185,0.));
#3400 = CARTESIAN_POINT('',(42.9012355031,31.28778512493,0.));
#3401 = CARTESIAN_POINT('',(42.86826967824,31.285478564885,0.));
#3402 = CARTESIAN_POINT('',(42.835295685628,31.283152196692,0.));
#3403 = CARTESIAN_POINT('',(42.802313540133,31.280806003424,0.));
#3404 = CARTESIAN_POINT('',(42.769323256715,31.278439967704,0.));
#3405 = CARTESIAN_POINT('',(42.7363248503,31.276054072384,0.));
#3406 = CARTESIAN_POINT('',(42.703318335883,31.27364830031,0.));
#3407 = CARTESIAN_POINT('',(42.670303728481,31.271222634271,0.));
#3408 = CARTESIAN_POINT('',(42.637281043102,31.268777057076,0.));
#3409 = CARTESIAN_POINT('',(42.604250294797,31.266311551457,0.));
#3410 = CARTESIAN_POINT('',(42.571211498651,31.263826100243,0.));
#3411 = CARTESIAN_POINT('',(42.538164669765,31.261320686276,0.));
#3412 = CARTESIAN_POINT('',(42.505109823284,31.258795292226,0.));
#3413 = CARTESIAN_POINT('',(42.472046974318,31.256249900984,0.));
#3414 = CARTESIAN_POINT('',(42.438976138073,31.253684495186,0.));
#3415 = CARTESIAN_POINT('',(42.405897329737,31.251099057717,0.));
#3416 = CARTESIAN_POINT('',(42.37281056453,31.248493571327,0.));
#3417 = CARTESIAN_POINT('',(42.339715857711,31.245868018656,0.));
#3418 = CARTESIAN_POINT('',(42.306613224534,31.243222382606,0.));
#3419 = CARTESIAN_POINT('',(42.273502680316,31.240556645855,0.));
#3420 = CARTESIAN_POINT('',(42.240384240382,31.237870791125,0.));
#3421 = CARTESIAN_POINT('',(42.207257920066,31.235164801242,0.));
#3422 = CARTESIAN_POINT('',(42.174123734751,31.232438658862,0.));
#3423 = CARTESIAN_POINT('',(42.140981699835,31.229692346728,0.));
#3424 = CARTESIAN_POINT('',(42.107831830726,31.226925847647,0.));
#3425 = CARTESIAN_POINT('',(42.074674142888,31.224139144222,0.));
#3426 = CARTESIAN_POINT('',(42.041508651764,31.221332219265,0.));
#3427 = CARTESIAN_POINT('',(42.008335372869,31.218505055433,0.));
#3428 = CARTESIAN_POINT('',(41.975154321713,31.215657635473,0.));
#3429 = CARTESIAN_POINT('',(41.941965513856,31.212789942072,0.));
#3430 = CARTESIAN_POINT('',(41.908768964873,31.209901957963,0.));
#3431 = CARTESIAN_POINT('',(41.875564690354,31.206993665845,0.));
#3432 = CARTESIAN_POINT('',(41.84235270591,31.204065048374,0.));
#3433 = CARTESIAN_POINT('',(41.809133027177,31.201116088253,0.));
#3434 = CARTESIAN_POINT('',(41.775905669849,31.198146768168,0.));
#3435 = CARTESIAN_POINT('',(41.742670649627,31.195157070856,0.));
#3436 = CARTESIAN_POINT('',(41.709427982223,31.192146978965,0.));
#3437 = CARTESIAN_POINT('',(41.676177683364,31.189116475129,0.));
#3438 = CARTESIAN_POINT('',(41.642919768832,31.186065542021,0.));
#3439 = CARTESIAN_POINT('',(41.60965425442,31.182994162397,0.));
#3440 = CARTESIAN_POINT('',(41.576381155961,31.179902318833,0.));
#3441 = CARTESIAN_POINT('',(41.543100489309,31.176789993992,0.));
#3442 = CARTESIAN_POINT('',(41.509812270309,31.173657170654,0.));
#3443 = CARTESIAN_POINT('',(41.476516514883,31.170503831278,0.));
#3444 = CARTESIAN_POINT('',(41.443213238936,31.167329958633,0.));
#3445 = CARTESIAN_POINT('',(41.409902458436,31.164135535382,0.));
#3446 = CARTESIAN_POINT('',(41.376584189333,31.160920544133,0.));
#3447 = CARTESIAN_POINT('',(41.343258447641,31.157684967429,0.));
#3448 = CARTESIAN_POINT('',(41.309925249365,31.154428788081,0.));
#3449 = CARTESIAN_POINT('',(41.27658461058,31.151151988609,0.));
#3450 = CARTESIAN_POINT('',(41.243236547353,31.14785455163,0.));
#3451 = CARTESIAN_POINT('',(41.209881075776,31.14453645985,0.));
#3452 = CARTESIAN_POINT('',(41.176518211974,31.141197695826,0.));
#3453 = CARTESIAN_POINT('',(41.143147972096,31.137838242136,0.));
#3454 = CARTESIAN_POINT('',(41.109770372321,31.134458081479,0.));
#3455 = CARTESIAN_POINT('',(41.076385428876,31.131057196431,0.));
#3456 = CARTESIAN_POINT('',(41.042993157968,31.127635569616,0.));
#3457 = CARTESIAN_POINT('',(41.009593575858,31.124193183584,0.));
#3458 = CARTESIAN_POINT('',(40.976186698825,31.120730020981,0.));
#3459 = CARTESIAN_POINT('',(40.942772543158,31.117246064424,0.));
#3460 = CARTESIAN_POINT('',(40.909351125195,31.113741296393,0.));
#3461 = CARTESIAN_POINT('',(40.875922461282,31.11021569957,0.));
#3462 = CARTESIAN_POINT('',(40.842486567811,31.106669256546,0.));
#3463 = CARTESIAN_POINT('',(40.809043461219,31.103101949824,0.));
#3464 = CARTESIAN_POINT('',(40.775593157919,31.09951376212,0.));
#3465 = CARTESIAN_POINT('',(40.742135674363,31.095904675926,0.));
#3466 = CARTESIAN_POINT('',(40.708671027054,31.092274673715,0.));
#3467 = CARTESIAN_POINT('',(40.675199232478,31.088623738265,0.));
#3468 = CARTESIAN_POINT('',(40.641720307191,31.084951852017,0.));
#3469 = CARTESIAN_POINT('',(40.60823426776,31.081258997469,0.));
#3470 = CARTESIAN_POINT('',(40.574741130743,31.077545157359,0.));
#3471 = CARTESIAN_POINT('',(40.541240912788,31.073810314094,0.));
#3472 = CARTESIAN_POINT('',(40.507733630524,31.070054450253,0.));
#3473 = CARTESIAN_POINT('',(40.474219300628,31.06627754846,0.));
#3474 = CARTESIAN_POINT('',(40.440697939787,31.06247959123,0.));
#3475 = CARTESIAN_POINT('',(40.40716956472,31.05866056103,0.));
#3476 = CARTESIAN_POINT('',(40.373634192178,31.054820440482,0.));
#3477 = CARTESIAN_POINT('',(40.340091838942,31.050959212156,0.));
#3478 = CARTESIAN_POINT('',(40.306542521803,31.047076858515,0.));
#3479 = CARTESIAN_POINT('',(40.272986257564,31.043173362087,0.));
#3480 = CARTESIAN_POINT('',(40.239423063087,31.039248705416,0.));
#3481 = CARTESIAN_POINT('',(40.205852955264,31.035302871063,0.));
#3482 = CARTESIAN_POINT('',(40.172275950993,31.031335841541,0.));
#3483 = CARTESIAN_POINT('',(40.138692067184,31.027347599339,0.));
#3484 = CARTESIAN_POINT('',(40.105101320814,31.023338126939,0.));
#3485 = CARTESIAN_POINT('',(40.07150372886,31.019307406988,0.));
#3486 = CARTESIAN_POINT('',(40.037899308336,31.015255421917,0.));
#3487 = CARTESIAN_POINT('',(40.004288076291,31.011182154163,0.));
#3488 = CARTESIAN_POINT('',(39.970670049753,31.007087586421,0.));
#3489 = CARTESIAN_POINT('',(39.937045245847,31.00297170102,0.));
#3490 = CARTESIAN_POINT('',(39.903413681645,30.998834480533,0.));
#3491 = CARTESIAN_POINT('',(39.869775374308,30.994675907431,0.));
#3492 = CARTESIAN_POINT('',(39.836130341011,30.990495964242,0.));
#3493 = CARTESIAN_POINT('',(39.802478598945,30.986294633466,0.));
#3494 = CARTESIAN_POINT('',(39.768820165333,30.982071897554,0.));
#3495 = CARTESIAN_POINT('',(39.735155057429,30.977827739012,0.));
#3496 = CARTESIAN_POINT('',(39.701483292486,30.973562140384,0.));
#3497 = CARTESIAN_POINT('',(39.66780488782,30.969275084031,0.));
#3498 = CARTESIAN_POINT('',(39.634119860761,30.964966552502,0.));
#3499 = CARTESIAN_POINT('',(39.600428228667,30.960636528354,0.));
#3500 = CARTESIAN_POINT('',(39.566730008911,30.956284993955,0.));
#3501 = CARTESIAN_POINT('',(39.533025218888,30.951911931754,0.));
#3502 = CARTESIAN_POINT('',(39.499313876043,30.947517324306,0.));
#3503 = CARTESIAN_POINT('',(39.465595997845,30.943101154088,0.));
#3504 = CARTESIAN_POINT('',(39.431871601803,30.938663403476,0.));
#3505 = CARTESIAN_POINT('',(39.398140705408,30.934204055048,0.));
#3506 = CARTESIAN_POINT('',(39.364403326183,30.929723091228,0.));
#3507 = CARTESIAN_POINT('',(39.330659481745,30.92522049431,0.));
#3508 = CARTESIAN_POINT('',(39.296909189639,30.920696247068,0.));
#3509 = CARTESIAN_POINT('',(39.26315246754,30.91615033173,0.));
#3510 = CARTESIAN_POINT('',(39.229389333072,30.911582730756,0.));
#3511 = CARTESIAN_POINT('',(39.195619803903,30.906993426726,0.));
#3512 = CARTESIAN_POINT('',(39.161843897759,30.902382401982,0.));
#3513 = CARTESIAN_POINT('',(39.12806163236,30.897749638976,0.));
#3514 = CARTESIAN_POINT('',(39.094273025467,30.893095120209,0.));
#3515 = CARTESIAN_POINT('',(39.060478094861,30.888418828106,0.));
#3516 = CARTESIAN_POINT('',(39.026676858375,30.883720745032,0.));
#3517 = CARTESIAN_POINT('',(38.992869333819,30.879000853567,0.));
#3518 = CARTESIAN_POINT('',(38.959055539107,30.874259136018,0.));
#3519 = CARTESIAN_POINT('',(38.925235492091,30.869495574922,0.));
#3520 = CARTESIAN_POINT('',(38.891409210714,30.864710152628,0.));
#3521 = CARTESIAN_POINT('',(38.857576712926,30.859902851599,0.));
#3522 = CARTESIAN_POINT('',(38.823738016683,30.855073654323,0.));
#3523 = CARTESIAN_POINT('',(38.789893140031,30.850222543089,0.));
#3524 = CARTESIAN_POINT('',(38.756042100966,30.845349500487,0.));
#3525 = CARTESIAN_POINT('',(38.722184917577,30.840454508846,0.));
#3526 = CARTESIAN_POINT('',(38.688321607929,30.835537550594,0.));
#3527 = CARTESIAN_POINT('',(38.654452190126,30.830598608168,0.));
#3528 = CARTESIAN_POINT('',(38.620576682332,30.825637663949,0.));
#3529 = CARTESIAN_POINT('',(38.586695102702,30.82065470043,0.));
#3530 = CARTESIAN_POINT('',(38.552807469457,30.81564969996,0.));
#3531 = CARTESIAN_POINT('',(38.51891380081,30.810622644993,0.));
#3532 = CARTESIAN_POINT('',(38.485014115011,30.805573517942,0.));
#3533 = CARTESIAN_POINT('',(38.45110843033,30.800502301189,0.));
#3534 = CARTESIAN_POINT('',(38.417196765094,30.795408977112,0.));
#3535 = CARTESIAN_POINT('',(38.383279137624,30.790293528243,0.));
#3536 = CARTESIAN_POINT('',(38.349355566311,30.785155936878,0.));
#3537 = CARTESIAN_POINT('',(38.315426069514,30.779996185465,0.));
#3538 = CARTESIAN_POINT('',(38.281490665662,30.774814256384,0.));
#3539 = CARTESIAN_POINT('',(38.247549373191,30.769610132058,0.));
#3540 = CARTESIAN_POINT('',(38.213602210594,30.764383794859,0.));
#3541 = CARTESIAN_POINT('',(38.179649196376,30.759135227231,0.));
#3542 = CARTESIAN_POINT('',(38.145690349056,30.753864411589,0.));
#3543 = CARTESIAN_POINT('',(38.111725687198,30.748571330231,0.));
#3544 = CARTESIAN_POINT('',(38.077755229367,30.743255965635,0.));
#3545 = CARTESIAN_POINT('',(38.043778994219,30.737918300162,0.));
#3546 = CARTESIAN_POINT('',(38.009797000373,30.732558316273,0.));
#3547 = CARTESIAN_POINT('',(37.975809266496,30.727175996285,0.));
#3548 = CARTESIAN_POINT('',(37.941815811289,30.721771322554,0.));
#3549 = CARTESIAN_POINT('',(37.907816653473,30.716344277584,0.));
#3550 = CARTESIAN_POINT('',(37.873811811817,30.71089484371,0.));
#3551 = CARTESIAN_POINT('',(37.839801305102,30.705423003282,0.));
#3552 = CARTESIAN_POINT('',(37.805785152131,30.699928738745,0.));
#3553 = CARTESIAN_POINT('',(37.77176337174,30.694412032484,0.));
#3554 = CARTESIAN_POINT('',(37.737735982806,30.68887286681,0.));
#3555 = CARTESIAN_POINT('',(37.703703004219,30.683311224181,0.));
#3556 = CARTESIAN_POINT('',(37.669664454919,30.677727086986,0.));
#3557 = CARTESIAN_POINT('',(37.635620353837,30.672120437584,0.));
#3558 = CARTESIAN_POINT('',(37.601570719952,30.666491258303,0.));
#3559 = CARTESIAN_POINT('',(37.567515572276,30.660839531579,0.));
#3560 = CARTESIAN_POINT('',(37.533454929856,30.655165239822,0.));
#3561 = CARTESIAN_POINT('',(37.499388811773,30.649468365355,0.));
#3562 = CARTESIAN_POINT('',(37.465317237092,30.643748890602,0.));
#3563 = CARTESIAN_POINT('',(37.431240224944,30.638006797894,0.));
#3564 = CARTESIAN_POINT('',(37.397157794472,30.632242069618,0.));
#3565 = CARTESIAN_POINT('',(37.363069964861,30.626454688167,0.));
#3566 = CARTESIAN_POINT('',(37.328976755354,30.6206446359,0.));
#3567 = CARTESIAN_POINT('',(37.294878185145,30.614811895294,0.));
#3568 = CARTESIAN_POINT('',(37.260774273529,30.608956448545,0.));
#3569 = CARTESIAN_POINT('',(37.226665039754,30.603078278134,0.));
#3570 = CARTESIAN_POINT('',(37.192550503169,30.597177366414,0.));
#3571 = CARTESIAN_POINT('',(37.158430683151,30.591253695742,0.));
#3572 = CARTESIAN_POINT('',(37.124305599049,30.585307248582,0.));
#3573 = CARTESIAN_POINT('',(37.090175270286,30.579338007184,0.));
#3574 = CARTESIAN_POINT('',(37.056039716278,30.573345953944,0.));
#3575 = CARTESIAN_POINT('',(37.021898956508,30.56733107128,0.));
#3576 = CARTESIAN_POINT('',(36.987753010483,30.561293341563,0.));
#3577 = CARTESIAN_POINT('',(36.953601897719,30.555232747142,0.));
#3578 = CARTESIAN_POINT('',(36.919445637758,30.549149270373,0.));
#3579 = CARTESIAN_POINT('',(36.885284250172,30.543042893645,0.));
#3580 = CARTESIAN_POINT('',(36.851117754592,30.536913599298,0.));
#3581 = CARTESIAN_POINT('',(36.816946170668,30.530761369755,0.));
#3582 = CARTESIAN_POINT('',(36.782769518058,30.524586187405,0.));
#3583 = CARTESIAN_POINT('',(36.748587816451,30.518388034534,0.));
#3584 = CARTESIAN_POINT('',(36.71440108556,30.512166893522,0.));
#3585 = CARTESIAN_POINT('',(36.680209345165,30.505922746771,0.));
#3586 = CARTESIAN_POINT('',(36.646012615059,30.499655576692,0.));
#3587 = CARTESIAN_POINT('',(36.611810915044,30.493365365615,0.));
#3588 = CARTESIAN_POINT('',(36.577604264942,30.487052095868,0.));
#3589 = CARTESIAN_POINT('',(36.543392684648,30.480715749815,0.));
#3590 = CARTESIAN_POINT('',(36.509176194052,30.474356309949,0.));
#3591 = CARTESIAN_POINT('',(36.474954813114,30.467973758532,0.));
#3592 = CARTESIAN_POINT('',(36.440728561773,30.461568077949,0.));
#3593 = CARTESIAN_POINT('',(36.406497459996,30.455139250619,0.));
#3594 = CARTESIAN_POINT('',(36.372261527822,30.448687258817,0.));
#3595 = CARTESIAN_POINT('',(36.338020785307,30.442212084968,0.));
#3596 = CARTESIAN_POINT('',(36.303775252526,30.435713711522,0.));
#3597 = CARTESIAN_POINT('',(36.269524949587,30.429192120759,0.));
#3598 = CARTESIAN_POINT('',(36.235269896617,30.422647295015,0.));
#3599 = CARTESIAN_POINT('',(36.201010113743,30.416079216764,0.));
#3600 = CARTESIAN_POINT('',(36.166745621218,30.40948786825,0.));
#3601 = CARTESIAN_POINT('',(36.132476439247,30.40287323198,0.));
#3602 = CARTESIAN_POINT('',(36.09820258812,30.396235290294,0.));
#3603 = CARTESIAN_POINT('',(36.063924088073,30.389574025582,0.));
#3604 = CARTESIAN_POINT('',(36.029640959416,30.382889420097,0.));
#3605 = CARTESIAN_POINT('',(35.995353222497,30.376181456275,0.));
#3606 = CARTESIAN_POINT('',(35.961060897713,30.36945011658,0.));
#3607 = CARTESIAN_POINT('',(35.926764005451,30.362695383358,0.));
#3608 = CARTESIAN_POINT('',(35.892462566132,30.355917238865,0.));
#3609 = CARTESIAN_POINT('',(35.858156600216,30.349115665546,0.));
#3610 = CARTESIAN_POINT('',(35.823846128208,30.34229064587,0.));
#3611 = CARTESIAN_POINT('',(35.789531170647,30.335442162126,0.));
#3612 = CARTESIAN_POINT('',(35.755211748047,30.32857019671,0.));
#3613 = CARTESIAN_POINT('',(35.720887880993,30.321674731972,0.));
#3614 = CARTESIAN_POINT('',(35.686559590097,30.314755750329,0.));
#3615 = CARTESIAN_POINT('',(35.652226896015,30.307813234163,0.));
#3616 = CARTESIAN_POINT('',(35.617889819406,30.300847165878,0.));
#3617 = CARTESIAN_POINT('',(35.583548380985,30.293857527802,0.));
#3618 = CARTESIAN_POINT('',(35.549202601466,30.286844302374,0.));
#3619 = CARTESIAN_POINT('',(35.514852501586,30.279807471979,0.));
#3620 = CARTESIAN_POINT('',(35.480498102176,30.272747018883,0.));
#3621 = CARTESIAN_POINT('',(35.446139424025,30.265662925654,0.));
#3622 = CARTESIAN_POINT('',(35.411776488019,30.258555174612,0.));
#3623 = CARTESIAN_POINT('',(35.377409315014,30.251423748115,0.));
#3624 = CARTESIAN_POINT('',(35.343037925892,30.244268628575,0.));
#3625 = CARTESIAN_POINT('',(35.308662341629,30.237089798333,0.));
#3626 = CARTESIAN_POINT('',(35.27428258318,30.229887239894,0.));
#3627 = CARTESIAN_POINT('',(35.239898671583,30.222660935587,0.));
#3628 = CARTESIAN_POINT('',(35.205510627816,30.215410867852,0.));
#3629 = CARTESIAN_POINT('',(35.171118472962,30.208137018977,0.));
#3630 = CARTESIAN_POINT('',(35.136722228107,30.200839371443,0.));
#3631 = CARTESIAN_POINT('',(35.102321914366,30.19351790771,0.));
#3632 = CARTESIAN_POINT('',(35.067917552935,30.186172610038,0.));
#3633 = CARTESIAN_POINT('',(35.033509164928,30.178803460979,0.));
#3634 = CARTESIAN_POINT('',(34.999096771605,30.1714104428,0.));
#3635 = CARTESIAN_POINT('',(34.96468039417,30.163993537995,0.));
#3636 = CARTESIAN_POINT('',(34.930260053938,30.156552728921,0.));
#3637 = CARTESIAN_POINT('',(34.89583577218,30.149087998078,0.));
#3638 = CARTESIAN_POINT('',(34.861407570287,30.141599327753,0.));
#3639 = CARTESIAN_POINT('',(34.826975469546,30.134086700518,0.));
#3640 = CARTESIAN_POINT('',(34.792539491399,30.126550098605,0.));
#3641 = CARTESIAN_POINT('',(34.758099657248,30.118989504507,0.));
#3642 = CARTESIAN_POINT('',(34.723655988546,30.111404900718,0.));
#3643 = CARTESIAN_POINT('',(34.689208506815,30.103796269533,0.));
#3644 = CARTESIAN_POINT('',(34.65475723353,30.096163593461,0.));
#3645 = CARTESIAN_POINT('',(34.620302190266,30.08850685488,0.));
#3646 = CARTESIAN_POINT('',(34.585843398596,30.080826036244,0.));
#3647 = CARTESIAN_POINT('',(34.551380880142,30.073121119976,0.));
#3648 = CARTESIAN_POINT('',(34.51691465653,30.06539208852,0.));
#3649 = CARTESIAN_POINT('',(34.482444749419,30.057638924274,0.));
#3650 = CARTESIAN_POINT('',(34.447971180526,30.049861609637,0.));
#3651 = CARTESIAN_POINT('',(34.413493971562,30.042060127147,0.));
#3652 = CARTESIAN_POINT('',(34.379013144329,30.034234459159,0.));
#3653 = CARTESIAN_POINT('',(34.344528720617,30.026384588149,0.));
#3654 = CARTESIAN_POINT('',(34.310040722208,30.018510496616,0.));
#3655 = CARTESIAN_POINT('',(34.275549170989,30.010612166838,0.));
#3656 = CARTESIAN_POINT('',(34.241054088828,30.002689581359,0.));
#3657 = CARTESIAN_POINT('',(34.206555497655,29.9947427227,0.));
#3658 = CARTESIAN_POINT('',(34.172053419461,29.986771573208,0.));
#3659 = CARTESIAN_POINT('',(34.137547876155,29.978776115426,0.));
#3660 = CARTESIAN_POINT('',(34.103038889779,29.970756331681,0.));
#3661 = CARTESIAN_POINT('',(34.068526482376,29.962712204493,0.));
#3662 = CARTESIAN_POINT('',(34.034010676001,29.954643716424,0.));
#3663 = CARTESIAN_POINT('',(33.999491492816,29.946550849773,0.));
#3664 = CARTESIAN_POINT('',(33.964968954907,29.93843358713,0.));
#3665 = CARTESIAN_POINT('',(33.930443084426,29.930291910948,0.));
#3666 = CARTESIAN_POINT('',(33.895913903611,29.922125803543,0.));
#3667 = CARTESIAN_POINT('',(33.861381434641,29.913935247588,0.));
#3668 = CARTESIAN_POINT('',(33.826845699853,29.905720225463,0.));
#3669 = CARTESIAN_POINT('',(33.792306721471,29.897480719728,0.));
#3670 = CARTESIAN_POINT('',(33.757764521857,29.889216712712,0.));
#3671 = CARTESIAN_POINT('',(33.723219123338,29.880928187015,0.));
#3672 = CARTESIAN_POINT('',(33.688670548312,29.872615125135,0.));
#3673 = CARTESIAN_POINT('',(33.654118819192,29.8642775095,0.));
#3674 = CARTESIAN_POINT('',(33.619563958449,29.855915322576,0.));
#3675 = CARTESIAN_POINT('',(33.585005988519,29.847528547013,0.));
#3676 = CARTESIAN_POINT('',(33.550444931953,29.839117165148,0.));
#3677 = CARTESIAN_POINT('',(33.515880811281,29.830681159503,0.));
#3678 = CARTESIAN_POINT('',(33.481313649051,29.822220512702,0.));
#3679 = CARTESIAN_POINT('',(33.446743467929,29.813735207108,0.));
#3680 = CARTESIAN_POINT('',(33.412170290496,29.805225225344,0.));
#3681 = CARTESIAN_POINT('',(33.377594139469,29.796690549844,0.));
#3682 = CARTESIAN_POINT('',(33.343015037505,29.788131163202,0.));
#3683 = CARTESIAN_POINT('',(33.308433007351,29.779547047855,0.));
#3684 = CARTESIAN_POINT('',(33.273848071777,29.770938186331,0.));
#3685 = CARTESIAN_POINT('',(33.239260253545,29.762304561257,0.));
#3686 = CARTESIAN_POINT('',(33.204669575552,29.753646155019,0.));
#3687 = CARTESIAN_POINT('',(33.170076060605,29.744962950299,0.));
#3688 = CARTESIAN_POINT('',(33.135479731627,29.736254929555,0.));
#3689 = CARTESIAN_POINT('',(33.100880611505,29.727522075331,0.));
#3690 = CARTESIAN_POINT('',(33.066278723222,29.718764370123,0.));
#3691 = CARTESIAN_POINT('',(33.031674089738,29.709981796591,0.));
#3692 = CARTESIAN_POINT('',(32.997066734105,29.701174337207,0.));
#3693 = CARTESIAN_POINT('',(32.962456679356,29.692341974529,0.));
#3694 = CARTESIAN_POINT('',(32.927843948562,29.683484691153,0.));
#3695 = CARTESIAN_POINT('',(32.893228564872,29.67460246958,0.));
#3696 = CARTESIAN_POINT('',(32.858610551375,29.665695292473,0.));
#3697 = CARTESIAN_POINT('',(32.823989931318,29.656763142246,0.));
#3698 = CARTESIAN_POINT('',(32.789366727857,29.647806001638,0.));
#3699 = CARTESIAN_POINT('',(32.754740964277,29.638823853147,0.));
#3700 = CARTESIAN_POINT('',(32.720112663829,29.629816679351,0.));
#3701 = CARTESIAN_POINT('',(32.685481849807,29.620784462839,0.));
#3702 = CARTESIAN_POINT('',(32.650848545574,29.611727186171,0.));
#3703 = CARTESIAN_POINT('',(32.616212774477,29.602644832013,0.));
#3704 = CARTESIAN_POINT('',(32.581574559963,29.593537382884,0.));
#3705 = CARTESIAN_POINT('',(32.546933925438,29.584404821457,0.));
#3706 = CARTESIAN_POINT('',(32.51229089437,29.575247130306,0.));
#3707 = CARTESIAN_POINT('',(32.477645490256,29.566064291983,0.));
#3708 = CARTESIAN_POINT('',(32.44299773661,29.55685628915,0.));
#3709 = CARTESIAN_POINT('',(32.408347657047,29.5476231044,0.));
#3710 = CARTESIAN_POINT('',(32.373695275136,29.53836472045,0.));
#3711 = CARTESIAN_POINT('',(32.339040614529,29.529081119821,0.));
#3712 = CARTESIAN_POINT('',(32.304383698829,29.519772285168,0.));
#3713 = CARTESIAN_POINT('',(32.26972455179,29.510438199048,0.));
#3714 = CARTESIAN_POINT('',(32.235063197104,29.501078844271,0.));
#3715 = CARTESIAN_POINT('',(32.200399658574,29.491694203383,0.));
#3716 = CARTESIAN_POINT('',(32.165733959958,29.482284259014,0.));
#3717 = CARTESIAN_POINT('',(32.13106612506,29.472848993827,0.));
#3718 = CARTESIAN_POINT('',(32.096396177762,29.46338839045,0.));
#3719 = CARTESIAN_POINT('',(32.061724141955,29.4539024316,0.));
#3720 = CARTESIAN_POINT('',(32.027050041598,29.444391099933,0.));
#3721 = CARTESIAN_POINT('',(31.992373900582,29.434854378181,0.));
#3722 = CARTESIAN_POINT('',(31.957695742945,29.425292248816,0.));
#3723 = CARTESIAN_POINT('',(31.923015592648,29.415704694685,0.));
#3724 = CARTESIAN_POINT('',(31.888333473808,29.406091698439,0.));
#3725 = CARTESIAN_POINT('',(31.853649410487,29.396453242785,0.));
#3726 = CARTESIAN_POINT('',(31.818963426772,29.386789310373,0.));
#3727 = CARTESIAN_POINT('',(31.784275546869,29.377099883822,0.));
#3728 = CARTESIAN_POINT('',(31.749585794914,29.367384946041,0.));
#3729 = CARTESIAN_POINT('',(31.714894195161,29.357644479624,0.));
#3730 = CARTESIAN_POINT('',(31.680200771864,29.347878467206,0.));
#3731 = CARTESIAN_POINT('',(31.64550554926,29.338086891654,0.));
#3732 = CARTESIAN_POINT('',(31.61080855169,29.328269735609,0.));
#3733 = CARTESIAN_POINT('',(31.576109803525,29.318426981741,0.));
#3734 = CARTESIAN_POINT('',(31.541409329108,29.30855861293,0.));
#3735 = CARTESIAN_POINT('',(31.506707152897,29.298664611829,0.));
#3736 = CARTESIAN_POINT('',(31.472003299309,29.288744961175,0.));
#3737 = CARTESIAN_POINT('',(31.437297792824,29.278799643719,0.));
#3738 = CARTESIAN_POINT('',(31.402590657969,29.268828642226,0.));
#3739 = CARTESIAN_POINT('',(31.367881919279,29.258831939482,0.));
#3740 = CARTESIAN_POINT('',(31.333171601363,29.248809518192,0.));
#3741 = CARTESIAN_POINT('',(31.298459728799,29.238761361196,0.));
#3742 = CARTESIAN_POINT('',(31.263746326249,29.228687451216,0.));
#3743 = CARTESIAN_POINT('',(31.229031418403,29.21858777102,0.));
#3744 = CARTESIAN_POINT('',(31.194315029939,29.208462303481,0.));
#3745 = CARTESIAN_POINT('',(31.159597185665,29.19831103128,0.));
#3746 = CARTESIAN_POINT('',(31.124877910317,29.188133937321,0.));
#3747 = CARTESIAN_POINT('',(31.090157228703,29.177931004374,0.));
#3748 = CARTESIAN_POINT('',(31.055435165696,29.16770221514,0.));
#3749 = CARTESIAN_POINT('',(31.02071174613,29.157447552582,0.));
#3750 = CARTESIAN_POINT('',(30.98598699499,29.147166999441,0.));
#3751 = CARTESIAN_POINT('',(30.951260937167,29.136860538625,0.));
#3752 = CARTESIAN_POINT('',(30.916533597667,29.126528152854,0.));
#3753 = CARTESIAN_POINT('',(30.881805001477,29.116169825011,0.));
#3754 = CARTESIAN_POINT('',(30.847075173665,29.105785537958,0.));
#3755 = CARTESIAN_POINT('',(30.812344139318,29.095375274554,0.));
#3756 = CARTESIAN_POINT('',(30.77761192356,29.084939017639,0.));
#3757 = CARTESIAN_POINT('',(30.742878551503,29.074476750102,0.));
#3758 = CARTESIAN_POINT('',(30.708144048342,29.063988454729,0.));
#3759 = CARTESIAN_POINT('',(30.673408439277,29.053474114437,0.));
#3760 = CARTESIAN_POINT('',(30.638671749596,29.042933712127,0.));
#3761 = CARTESIAN_POINT('',(30.603934004555,29.032367230744,0.));
#3762 = CARTESIAN_POINT('',(30.569195229494,29.021774653063,0.));
#3763 = CARTESIAN_POINT('',(30.534455449736,29.011155962032,0.));
#3764 = CARTESIAN_POINT('',(30.499714690669,29.000511140586,0.));
#3765 = CARTESIAN_POINT('',(30.464972977708,28.989840171607,0.));
#3766 = CARTESIAN_POINT('',(30.430230336322,28.979143037973,0.));
#3767 = CARTESIAN_POINT('',(30.395486791977,28.968419722702,0.));
#3768 = CARTESIAN_POINT('',(30.36074237021,28.957670208686,0.));
#3769 = CARTESIAN_POINT('',(30.325997096563,28.946894478834,0.));
#3770 = CARTESIAN_POINT('',(30.291250996608,28.936092516109,0.));
#3771 = CARTESIAN_POINT('',(30.256504095993,28.925264303455,0.));
#3772 = CARTESIAN_POINT('',(30.221756420376,28.91440982387,0.));
#3773 = CARTESIAN_POINT('',(30.187007995398,28.903529060339,0.));
#3774 = CARTESIAN_POINT('',(30.152258846857,28.89262199566,0.));
#3775 = CARTESIAN_POINT('',(30.117509000437,28.881688613033,0.));
#3776 = CARTESIAN_POINT('',(30.082758481973,28.870728895368,0.));
#3777 = CARTESIAN_POINT('',(30.048007317278,28.859742825577,0.));
#3778 = CARTESIAN_POINT('',(30.013255532185,28.848730386723,0.));
#3779 = CARTESIAN_POINT('',(29.978503152637,28.837691561809,0.));
#3780 = CARTESIAN_POINT('',(29.943750204527,28.826626333919,0.));
#3781 = CARTESIAN_POINT('',(29.908996713855,28.815534685953,0.));
#3782 = CARTESIAN_POINT('',(29.874242706549,28.804416601014,0.));
#3783 = CARTESIAN_POINT('',(29.83948820868,28.793272062064,0.));
#3784 = CARTESIAN_POINT('',(29.804733246311,28.782101052197,0.));
#3785 = CARTESIAN_POINT('',(29.769977845533,28.770903554516,0.));
#3786 = CARTESIAN_POINT('',(29.735222032524,28.759679551978,0.));
#3787 = CARTESIAN_POINT('',(29.700465833378,28.748429027748,0.));
#3788 = CARTESIAN_POINT('',(29.665709274337,28.73715196478,0.));
#3789 = CARTESIAN_POINT('',(29.630952381628,28.725848346198,0.));
#3790 = CARTESIAN_POINT('',(29.596195181517,28.714518155155,0.));
#3791 = CARTESIAN_POINT('',(29.561437700316,28.703161374681,0.));
#3792 = CARTESIAN_POINT('',(29.526679964379,28.691777987843,0.));
#3793 = CARTESIAN_POINT('',(29.491922000066,28.680367977851,0.));
#3794 = CARTESIAN_POINT('',(29.457163833774,28.668931327805,0.));
#3795 = CARTESIAN_POINT('',(29.422405491963,28.657468020704,0.));
#3796 = CARTESIAN_POINT('',(29.387647001095,28.645978039771,0.));
#3797 = CARTESIAN_POINT('',(29.352888387685,28.634461368207,0.));
#3798 = CARTESIAN_POINT('',(29.318129678294,28.622917989067,0.));
#3799 = CARTESIAN_POINT('',(29.283370899493,28.611347885497,0.));
#3800 = CARTESIAN_POINT('',(29.248612077881,28.599751040735,0.));
#3801 = CARTESIAN_POINT('',(29.213853240149,28.588127437903,0.));
#3802 = CARTESIAN_POINT('',(29.179094412958,28.576477060211,0.));
#3803 = CARTESIAN_POINT('',(29.144335623016,28.564799890834,0.));
#3804 = CARTESIAN_POINT('',(29.109576897103,28.553095912909,0.));
#3805 = CARTESIAN_POINT('',(29.074818261977,28.54136510973,0.));
#3806 = CARTESIAN_POINT('',(29.040059744493,28.529607464468,0.));
#3807 = CARTESIAN_POINT('',(29.005301371501,28.517822960337,0.));
#3808 = CARTESIAN_POINT('',(28.970543169902,28.506011580581,0.));
#3809 = CARTESIAN_POINT('',(28.935785166605,28.494173308462,0.));
#3810 = CARTESIAN_POINT('',(28.901027388603,28.482308127149,0.));
#3811 = CARTESIAN_POINT('',(28.866269862862,28.470416019966,0.));
#3812 = CARTESIAN_POINT('',(28.831512616437,28.458496970144,0.));
#3813 = CARTESIAN_POINT('',(28.796755676381,28.446550960957,0.));
#3814 = CARTESIAN_POINT('',(28.761999069807,28.434577975666,0.));
#3815 = CARTESIAN_POINT('',(28.727242823864,28.422577997584,0.));
#3816 = CARTESIAN_POINT('',(28.692486965718,28.410551010039,0.));
#3817 = CARTESIAN_POINT('',(28.657731522581,28.398496996291,0.));
#3818 = CARTESIAN_POINT('',(28.622976521703,28.386415939627,0.));
#3819 = CARTESIAN_POINT('',(28.588221990311,28.374307823454,0.));
#3820 = CARTESIAN_POINT('',(28.553467955791,28.36217263097,0.));
#3821 = CARTESIAN_POINT('',(28.518714445445,28.350010345649,0.));
#3822 = CARTESIAN_POINT('',(28.483961486701,28.337820950804,0.));
#3823 = CARTESIAN_POINT('',(28.449209106937,28.325604429792,0.));
#3824 = CARTESIAN_POINT('',(28.414457333637,28.313360765899,0.));
#3825 = CARTESIAN_POINT('',(28.379706194239,28.301089942608,0.));
#3826 = CARTESIAN_POINT('',(28.344955716331,28.288791943226,0.));
#3827 = CARTESIAN_POINT('',(28.310205927482,28.276466751203,0.));
#3828 = CARTESIAN_POINT('',(28.275456855215,28.264114350026,0.));
#3829 = CARTESIAN_POINT('',(28.24070852725,28.251734722862,0.));
#3830 = CARTESIAN_POINT('',(28.205960971173,28.239327853317,0.));
#3831 = CARTESIAN_POINT('',(28.171214214735,28.226893724825,0.));
#3832 = CARTESIAN_POINT('',(28.136468285671,28.214432320768,0.));
#3833 = CARTESIAN_POINT('',(28.101723211744,28.201943624589,0.));
#3834 = CARTESIAN_POINT('',(28.066979020763,28.189427619782,0.));
#3835 = CARTESIAN_POINT('',(28.032235740565,28.176884289827,0.));
#3836 = CARTESIAN_POINT('',(27.997493399056,28.164313618136,0.));
#3837 = CARTESIAN_POINT('',(27.962752024134,28.151715588271,0.));
#3838 = CARTESIAN_POINT('',(27.928011643766,28.139090183725,0.));
#3839 = CARTESIAN_POINT('',(27.893272285915,28.126437387981,0.));
#3840 = CARTESIAN_POINT('',(27.858533978595,28.113757184507,0.));
#3841 = CARTESIAN_POINT('',(27.823796749883,28.101049556849,0.));
#3842 = CARTESIAN_POINT('',(27.789060627868,28.088314488632,0.));
#3843 = CARTESIAN_POINT('',(27.754325640714,28.075551963349,0.));
#3844 = CARTESIAN_POINT('',(27.719591816558,28.062761964563,0.));
#3845 = CARTESIAN_POINT('',(27.684859183599,28.049944475818,0.));
#3846 = CARTESIAN_POINT('',(27.650127770059,28.037099480704,0.));
#3847 = CARTESIAN_POINT('',(27.615397604234,28.02422696278,0.));
#3848 = CARTESIAN_POINT('',(27.580668714438,28.011326905692,0.));
#3849 = CARTESIAN_POINT('',(27.545941128983,27.998399293077,0.));
#3850 = CARTESIAN_POINT('',(27.51121487629,27.985444108424,0.));
#3851 = CARTESIAN_POINT('',(27.476489984742,27.97246133545,0.));
#3852 = CARTESIAN_POINT('',(27.4417664828,27.959450957828,0.));
#3853 = CARTESIAN_POINT('',(27.407044398982,27.946412959129,0.));
#3854 = CARTESIAN_POINT('',(27.37232376176,27.933347323065,0.));
#3855 = CARTESIAN_POINT('',(27.337604599736,27.920254033246,0.));
#3856 = CARTESIAN_POINT('',(27.302886941485,27.907133073414,0.));
#3857 = CARTESIAN_POINT('',(27.268170815639,27.893984427255,0.));
#3858 = CARTESIAN_POINT('',(27.233456250904,27.880808078403,0.));
#3859 = CARTESIAN_POINT('',(27.198743275911,27.867604010684,0.));
#3860 = CARTESIAN_POINT('',(27.164031919462,27.85437220769,0.));
#3861 = CARTESIAN_POINT('',(27.129322210312,27.841112653213,0.));
#3862 = CARTESIAN_POINT('',(27.094614177272,27.82782533106,0.));
#3863 = CARTESIAN_POINT('',(27.059907849214,27.814510224912,0.));
#3864 = CARTESIAN_POINT('',(27.02520325498,27.801167318544,0.));
#3865 = CARTESIAN_POINT('',(26.990500423528,27.787796595699,0.));
#3866 = CARTESIAN_POINT('',(26.955799383788,27.774398040253,0.));
#3867 = CARTESIAN_POINT('',(26.921100164777,27.760971635958,0.));
#3868 = CARTESIAN_POINT('',(26.886402795544,27.747517366592,0.));
#3869 = CARTESIAN_POINT('',(26.851707305102,27.734035216073,0.));
#3870 = CARTESIAN_POINT('',(26.817013722593,27.720525168125,0.));
#3871 = CARTESIAN_POINT('',(26.782322077123,27.706987206612,0.));
#3872 = CARTESIAN_POINT('',(26.747632397882,27.693421315409,0.));
#3873 = CARTESIAN_POINT('',(26.712944714103,27.679827478397,0.));
#3874 = CARTESIAN_POINT('',(26.678259055032,27.666205679475,0.));
#3875 = CARTESIAN_POINT('',(26.64357544994,27.652555902504,0.));
#3876 = CARTESIAN_POINT('',(26.608893928147,27.638878131342,0.));
#3877 = CARTESIAN_POINT('',(26.574214519013,27.625172349932,0.));
#3878 = CARTESIAN_POINT('',(26.539537251931,27.611438542245,0.));
#3879 = CARTESIAN_POINT('',(26.504862156352,27.597676692164,0.));
#3880 = CARTESIAN_POINT('',(26.470189261699,27.583886783651,0.));
#3881 = CARTESIAN_POINT('',(26.435518597515,27.570068800609,0.));
#3882 = CARTESIAN_POINT('',(26.400850193313,27.556222727098,0.));
#3883 = CARTESIAN_POINT('',(26.366184078711,27.542348547076,0.));
#3884 = CARTESIAN_POINT('',(26.331520283325,27.528446244537,0.));
#3885 = CARTESIAN_POINT('',(26.296858836757,27.51451580352,0.));
#3886 = CARTESIAN_POINT('',(26.262199768716,27.50055720793,0.));
#3887 = CARTESIAN_POINT('',(26.227543108915,27.486570441839,0.));
#3888 = CARTESIAN_POINT('',(26.192888887139,27.472555489359,0.));
#3889 = CARTESIAN_POINT('',(26.158237133187,27.458512334553,0.));
#3890 = CARTESIAN_POINT('',(26.123587876882,27.444440961416,0.));
#3891 = CARTESIAN_POINT('',(26.088941148101,27.430341354002,0.));
#3892 = CARTESIAN_POINT('',(26.054296976712,27.416213496504,0.));
#3893 = CARTESIAN_POINT('',(26.01965539274,27.402057372931,0.));
#3894 = CARTESIAN_POINT('',(25.985016426091,27.387872967505,0.));
#3895 = CARTESIAN_POINT('',(25.950380106862,27.373660264243,0.));
#3896 = CARTESIAN_POINT('',(25.915746465015,27.359419247397,0.));
#3897 = CARTESIAN_POINT('',(25.881115530718,27.345149900985,0.));
#3898 = CARTESIAN_POINT('',(25.846487334049,27.330852209271,0.));
#3899 = CARTESIAN_POINT('',(25.811861905222,27.316526156422,0.));
#3900 = CARTESIAN_POINT('',(25.777239274429,27.302171726647,0.));
#3901 = CARTESIAN_POINT('',(25.74261947187,27.287788904139,0.));
#3902 = CARTESIAN_POINT('',(25.708002527907,27.273377672995,0.));
#3903 = CARTESIAN_POINT('',(25.673388472728,27.258938017686,0.));
#3904 = CARTESIAN_POINT('',(25.638777336852,27.244469922228,0.));
#3905 = CARTESIAN_POINT('',(25.604169150507,27.22997337107,0.));
#3906 = CARTESIAN_POINT('',(25.569563944239,27.215448348296,0.));
#3907 = CARTESIAN_POINT('',(25.534961748422,27.200894838315,0.));
#3908 = CARTESIAN_POINT('',(25.500362593625,27.186312825367,0.));
#3909 = CARTESIAN_POINT('',(25.465766510356,27.171702293809,0.));
#3910 = CARTESIAN_POINT('',(25.431173529184,27.157063227937,0.));
#3911 = CARTESIAN_POINT('',(25.39658368075,27.142395612034,0.));
#3912 = CARTESIAN_POINT('',(25.36199699567,27.12769943054,0.));
#3913 = CARTESIAN_POINT('',(25.327413504657,27.112974667787,0.));
#3914 = CARTESIAN_POINT('',(25.292833238446,27.098221308117,0.));
#3915 = CARTESIAN_POINT('',(25.258256227762,27.083439335977,0.));
#3916 = CARTESIAN_POINT('',(25.223682503427,27.068628735715,0.));
#3917 = CARTESIAN_POINT('',(25.189112096269,27.053789491752,0.));
#3918 = CARTESIAN_POINT('',(25.15454503716,27.038921588542,0.));
#3919 = CARTESIAN_POINT('',(25.119981357021,27.024025010531,0.));
#3920 = CARTESIAN_POINT('',(25.085421086831,27.009099742163,0.));
#3921 = CARTESIAN_POINT('',(25.050864257532,26.994145767975,0.));
#3922 = CARTESIAN_POINT('',(25.016310900168,26.979163072362,0.));
#3923 = CARTESIAN_POINT('',(24.981761045787,26.964151639816,0.));
#3924 = CARTESIAN_POINT('',(24.947214725496,26.949111454908,0.));
#3925 = CARTESIAN_POINT('',(24.912671970433,26.934042502185,0.));
#3926 = CARTESIAN_POINT('',(24.878132811766,26.918944766132,0.));
#3927 = CARTESIAN_POINT('',(24.843597280735,26.903818231274,0.));
#3928 = CARTESIAN_POINT('',(24.809065408538,26.888662882304,0.));
#3929 = CARTESIAN_POINT('',(24.774537226513,26.873478703713,0.));
#3930 = CARTESIAN_POINT('',(24.740012765994,26.858265680096,0.));
#3931 = CARTESIAN_POINT('',(24.705492058291,26.843023796175,0.));
#3932 = CARTESIAN_POINT('',(24.670975134836,26.827753036463,0.));
#3933 = CARTESIAN_POINT('',(24.636462027079,26.812453385567,0.));
#3934 = CARTESIAN_POINT('',(24.601952766429,26.797124828291,0.));
#3935 = CARTESIAN_POINT('',(24.567447384519,26.781767349179,0.));
#3936 = CARTESIAN_POINT('',(24.532945912795,26.766380933039,0.));
#3937 = CARTESIAN_POINT('',(24.498448382873,26.750965564458,0.));
#3938 = CARTESIAN_POINT('',(24.46395482643,26.7355212281,0.));
#3939 = CARTESIAN_POINT('',(24.429465275039,26.720047908922,0.));
#3940 = CARTESIAN_POINT('',(24.394979760529,26.704545591492,0.));
#3941 = CARTESIAN_POINT('',(24.36049831454,26.689014260643,0.));
#3942 = CARTESIAN_POINT('',(24.326020968885,26.673453901089,0.));
#3943 = CARTESIAN_POINT('',(24.291547755389,26.657864497638,0.));
#3944 = CARTESIAN_POINT('',(24.257078705863,26.642246035167,0.));
#3945 = CARTESIAN_POINT('',(24.222613852279,26.626598498373,0.));
#3946 = CARTESIAN_POINT('',(24.188153226485,26.610921872207,0.));
#3947 = CARTESIAN_POINT('',(24.153696860512,26.59521614145,0.));
#3948 = CARTESIAN_POINT('',(24.11924478634,26.579481290996,0.));
#3949 = CARTESIAN_POINT('',(24.084797036015,26.563717305731,0.));
#3950 = CARTESIAN_POINT('',(24.050353641646,26.547924170529,0.));
#3951 = CARTESIAN_POINT('',(24.015914635315,26.532101870354,0.));
#3952 = CARTESIAN_POINT('',(23.98148004922,26.516250390064,0.));
#3953 = CARTESIAN_POINT('',(23.947049915515,26.500369714648,0.));
#3954 = CARTESIAN_POINT('',(23.91262426649,26.484459829032,0.));
#3955 = CARTESIAN_POINT('',(23.878203134382,26.468520718262,0.));
#3956 = CARTESIAN_POINT('',(23.8437865515,26.45255236728,0.));
#3957 = CARTESIAN_POINT('',(23.809374550223,26.436554761018,0.));
#3958 = CARTESIAN_POINT('',(23.774967162908,26.420527884611,0.));
#3959 = CARTESIAN_POINT('',(23.740564422005,26.4044717231,0.));
#3960 = CARTESIAN_POINT('',(23.706166359999,26.388386261473,0.));
#3961 = CARTESIAN_POINT('',(23.671773009366,26.372271484843,0.));
#3962 = CARTESIAN_POINT('',(23.637384402654,26.356127378301,0.));
#3963 = CARTESIAN_POINT('',(23.603000572435,26.339953926922,0.));
#3964 = CARTESIAN_POINT('',(23.568621551335,26.3237511158,0.));
#3965 = CARTESIAN_POINT('',(23.534247372023,26.307518930119,0.));
#3966 = CARTESIAN_POINT('',(23.499878067176,26.291257355075,0.));
#3967 = CARTESIAN_POINT('',(23.465513669559,26.274966375741,0.));
#3968 = CARTESIAN_POINT('',(23.431154211891,26.258645977333,0.));
#3969 = CARTESIAN_POINT('',(23.396799727036,26.24229614503,0.));
#3970 = CARTESIAN_POINT('',(23.362450247839,26.225916864135,0.));
#3971 = CARTESIAN_POINT('',(23.328105807173,26.209508119879,0.));
#3972 = CARTESIAN_POINT('',(23.293766437973,26.193069897406,0.));
#3973 = CARTESIAN_POINT('',(23.259432173199,26.176602182003,0.));
#3974 = CARTESIAN_POINT('',(23.225103045843,26.160104959052,0.));
#3975 = CARTESIAN_POINT('',(23.190779088955,26.143578213807,0.));
#3976 = CARTESIAN_POINT('',(23.156460335668,26.127021931503,0.));
#3977 = CARTESIAN_POINT('',(23.122146819025,26.110436097634,0.));
#3978 = CARTESIAN_POINT('',(23.087838572231,26.093820697471,0.));
#3979 = CARTESIAN_POINT('',(23.053535628483,26.077175716323,0.));
#3980 = CARTESIAN_POINT('',(23.019238020975,26.06050113966,0.));
#3981 = CARTESIAN_POINT('',(22.984945783058,26.043796952858,0.));
#3982 = CARTESIAN_POINT('',(22.950658947976,26.027063141411,0.));
#3983 = CARTESIAN_POINT('',(22.916377549117,26.010299690637,0.));
#3984 = CARTESIAN_POINT('',(22.882101619863,25.993506586001,0.));
#3985 = CARTESIAN_POINT('',(22.847831193623,25.976683813077,0.));
#3986 = CARTESIAN_POINT('',(22.813566303917,25.959831357299,0.));
#3987 = CARTESIAN_POINT('',(22.779306984222,25.942949204181,0.));
#3988 = CARTESIAN_POINT('',(22.745053268085,25.926037339243,0.));
#3989 = CARTESIAN_POINT('',(22.710805189086,25.90909574803,0.));
#3990 = CARTESIAN_POINT('',(22.676562780884,25.892124416091,0.));
#3991 = CARTESIAN_POINT('',(22.642326077081,25.875123329081,0.));
#3992 = CARTESIAN_POINT('',(22.608095111465,25.858092472478,0.));
#3993 = CARTESIAN_POINT('',(22.573869917688,25.841031832005,0.));
#3994 = CARTESIAN_POINT('',(22.539650529591,25.823941393221,0.));
#3995 = CARTESIAN_POINT('',(22.505436980965,25.806821141808,0.));
#3996 = CARTESIAN_POINT('',(22.47122930571,25.78967106344,0.));
#3997 = CARTESIAN_POINT('',(22.437027537648,25.772491143864,0.));
#3998 = CARTESIAN_POINT('',(22.402831710805,25.755281368626,0.));
#3999 = CARTESIAN_POINT('',(22.368641859085,25.738041723576,0.));
#4000 = CARTESIAN_POINT('',(22.334458016519,25.720772194472,0.));
#4001 = CARTESIAN_POINT('',(22.300280217225,25.703472766976,0.));
#4002 = CARTESIAN_POINT('',(22.266108495194,25.686143426985,0.));
#4003 = CARTESIAN_POINT('',(22.231942884614,25.668784160191,0.));
#4004 = CARTESIAN_POINT('',(22.197783419689,25.651394952408,0.));
#4005 = CARTESIAN_POINT('',(22.163630134531,25.633975789636,0.));
#4006 = CARTESIAN_POINT('',(22.129483063497,25.61652665754,0.));
#4007 = CARTESIAN_POINT('',(22.095342240832,25.599047542044,0.));
#4008 = CARTESIAN_POINT('',(22.061207700853,25.581538429137,0.));
#4009 = CARTESIAN_POINT('',(22.027079477943,25.563999304658,0.));
#4010 = CARTESIAN_POINT('',(21.992957606493,25.546430154467,0.));
#4011 = CARTESIAN_POINT('',(21.958842120964,25.528830964556,0.));
#4012 = CARTESIAN_POINT('',(21.924733055822,25.511201720995,0.));
#4013 = CARTESIAN_POINT('',(21.890630445647,25.493542409679,0.));
#4014 = CARTESIAN_POINT('',(21.856534324951,25.475853016629,0.));
#4015 = CARTESIAN_POINT('',(21.822444728339,25.458133527857,0.));
#4016 = CARTESIAN_POINT('',(21.788361690481,25.440383929399,0.));
#4017 = CARTESIAN_POINT('',(21.75428524604,25.42260420738,0.));
#4018 = CARTESIAN_POINT('',(21.720215429747,25.404794347857,0.));
#4019 = CARTESIAN_POINT('',(21.686152276378,25.386954336888,0.));
#4020 = CARTESIAN_POINT('',(21.652095820684,25.369084160653,0.));
#4021 = CARTESIAN_POINT('',(21.618046097537,25.351183805242,0.));
#4022 = CARTESIAN_POINT('',(21.584003141853,25.333253256821,0.));
#4023 = CARTESIAN_POINT('',(21.549966988465,25.315292501695,0.));
#4024 = CARTESIAN_POINT('',(21.515937672438,25.297301525891,0.));
#4025 = CARTESIAN_POINT('',(21.481915228697,25.27928031572,0.));
#4026 = CARTESIAN_POINT('',(21.447899692278,25.261228857451,0.));
#4027 = CARTESIAN_POINT('',(21.413891098322,25.243147137257,0.));
#4028 = CARTESIAN_POINT('',(21.379889481883,25.225035141508,0.));
#4029 = CARTESIAN_POINT('',(21.345894878127,25.206892856475,0.));
#4030 = CARTESIAN_POINT('',(21.311907322292,25.188720268408,0.));
#4031 = CARTESIAN_POINT('',(21.277926849535,25.170517363763,0.));
#4032 = CARTESIAN_POINT('',(21.243953495242,25.152284128817,0.));
#4033 = CARTESIAN_POINT('',(21.209987294636,25.134020550067,0.));
#4034 = CARTESIAN_POINT('',(21.176028283136,25.115726613772,0.));
#4035 = CARTESIAN_POINT('',(21.142076496041,25.097402306552,0.));
#4036 = CARTESIAN_POINT('',(21.108131969064,25.079047614117,0.));
#4037 = CARTESIAN_POINT('',(21.074194736605,25.060662525836,0.));
#4038 = CARTESIAN_POINT('',(21.040264838315,25.042247017331,0.));
#4039 = CARTESIAN_POINT('',(21.006342294376,25.023801115717,0.));
#4040 = CARTESIAN_POINT('',(20.972427197513,25.005324656091,0.));
#4041 = CARTESIAN_POINT('',(20.938519370292,24.986818189782,0.));
#4042 = CARTESIAN_POINT('',(20.904619643621,24.968279595149,0.));
#4043 = CARTESIAN_POINT('',(20.870725084571,24.949716729354,0.));
#4044 = CARTESIAN_POINT('',(20.836846811532,24.931100196496,0.));
#4045 = CARTESIAN_POINT('',(20.802943486262,24.912539674418,0.));
#4046 = CARTESIAN_POINT('',(20.769169602964,24.893625648481,0.));
#4047 = CARTESIAN_POINT('',(20.734948570973,24.87588686225,0.));
#4048 = CARTESIAN_POINT('',(20.706874969225,24.856658484158,0.));
#4049 = CARTESIAN_POINT('',(20.68697251938,24.851923093431,-0.));
#4050 = CARTESIAN_POINT('',(20.679071150226,24.851526439686,0.));
#4051 = CARTESIAN_POINT('',(103.59008706622,0.,0.));
#4052 = CARTESIAN_POINT('',(20.679071150226,24.851526439686,0.));
#4053 = ( GEOMETRIC_REPRESENTATION_CONTEXT(3) 
GLOBAL_UNCERTAINTY_ASSIGNED_CONTEXT((#4057)) 
GLOBAL_UNIT_ASSIGNED_CONTEXT((#4054,#4055,#4056)) REPRESENTATION_CONTEXT
('Context #1','3D Context with UNIT and UNCERTAINTY') );
#4054 = ( LENGTH_UNIT() NAMED_UNIT(*) SI_UNIT(.MILLI.,.METRE.) );
#4055 = ( NAMED_UNIT(*) PLANE_ANGLE_UNIT() SI_UNIT($,.RADIAN.) );
#4056 = ( NAMED_UNIT(*) SI_UNIT($,.STERADIAN.) SOLID_ANGLE_UNIT() );
#4057 = UNCERTAINTY_MEASURE_WITH_UNIT(LENGTH_MEASURE(1.E-07),#4054,
  'distance_accuracy_value','confusion accuracy');
#4058 = CONTEXT_DEPENDENT_SHAPE_REPRESENTATION(#4059,#4061);
#4059 = ( REPRESENTATION_RELATIONSHIP('','',#44,#10) 
REPRESENTATION_RELATIONSHIP_WITH_TRANSFORMATION(#4060) 
SHAPE_REPRESENTATION_RELATIONSHIP() );
#4060 = ITEM_DEFINED_TRANSFORMATION('','',#11,#15);
#4061 = PRODUCT_DEFINITION_SHAPE('Placement','Placement of an item',
  #4062);
#4062 = NEXT_ASSEMBLY_USAGE_OCCURRENCE('1','','',#5,#39,$);
#4063 = PRODUCT_RELATED_PRODUCT_CATEGORY('part',$,(#41));
#4064 = SHAPE_DEFINITION_REPRESENTATION(#4065,#4071);
#4065 = PRODUCT_DEFINITION_SHAPE('','',#4066);
#4066 = PRODUCT_DEFINITION('design','',#4067,#4070);
#4067 = PRODUCT_DEFINITION_FORMATION('','',#4068);
#4068 = PRODUCT('Open CASCADE STEP translator 7.9 1.2',
  'Open CASCADE STEP translator 7.9 1.2','',(#4069));
#4069 = PRODUCT_CONTEXT('',#2,'mechanical');
#4070 = PRODUCT_DEFINITION_CONTEXT('part definition',#2,'design');
#4071 = GEOMETRICALLY_BOUNDED_WIREFRAME_SHAPE_REPRESENTATION('',(#11,
    #4072),#8080);
#4072 = GEOMETRIC_CURVE_SET('',(#4073));
#4073 = TRIMMED_CURVE('',#4074,(#8078,PARAMETER_VALUE(0.)),(#8079,
    PARAMETER_VALUE(93.928538128297)),.T.,.PARAMETER.);
#4074 = B_SPLINE_CURVE_WITH_KNOTS('',3,(#4075,#4076,#4077,#4078,#4079,
    #4080,#4081,#4082,#4083,#4084,#4085,#4086,#4087,#4088,#4089,#4090,
    #4091,#4092,#4093,#4094,#4095,#4096,#4097,#4098,#4099,#4100,#4101,
    #4102,#4103,#4104,#4105,#4106,#4107,#4108,#4109,#4110,#4111,#4112,
    #4113,#4114,#4115,#4116,#4117,#4118,#4119,#4120,#4121,#4122,#4123,
    #4124,#4125,#4126,#4127,#4128,#4129,#4130,#4131,#4132,#4133,#4134,
    #4135,#4136,#4137,#4138,#4139,#4140,#4141,#4142,#4143,#4144,#4145,
    #4146,#4147,#4148,#4149,#4150,#4151,#4152,#4153,#4154,#4155,#4156,
    #4157,#4158,#4159,#4160,#4161,#4162,#4163,#4164,#4165,#4166,#4167,
    #4168,#4169,#4170,#4171,#4172,#4173,#4174,#4175,#4176,#4177,#4178,
    #4179,#4180,#4181,#4182,#4183,#4184,#4185,#4186,#4187,#4188,#4189,
    #4190,#4191,#4192,#4193,#4194,#4195,#4196,#4197,#4198,#4199,#4200,
    #4201,#4202,#4203,#4204,#4205,#4206,#4207,#4208,#4209,#4210,#4211,
    #4212,#4213,#4214,#4215,#4216,#4217,#4218,#4219,#4220,#4221,#4222,
    #4223,#4224,#4225,#4226,#4227,#4228,#4229,#4230,#4231,#4232,#4233,
    #4234,#4235,#4236,#4237,#4238,#4239,#4240,#4241,#4242,#4243,#4244,
    #4245,#4246,#4247,#4248,#4249,#4250,#4251,#4252,#4253,#4254,#4255,
    #4256,#4257,#4258,#4259,#4260,#4261,#4262,#4263,#4264,#4265,#4266,
    #4267,#4268,#4269,#4270,#4271,#4272,#4273,#4274,#4275,#4276,#4277,
    #4278,#4279,#4280,#4281,#4282,#4283,#4284,#4285,#4286,#4287,#4288,
    #4289,#4290,#4291,#4292,#4293,#4294,#4295,#4296,#4297,#4298,#4299,
    #4300,#4301,#4302,#4303,#4304,#4305,#4306,#4307,#4308,#4309,#4310,
    #4311,#4312,#4313,#4314,#4315,#4316,#4317,#4318,#4319,#4320,#4321,
    #4322,#4323,#4324,#4325,#4326,#4327,#4328,#4329,#4330,#4331,#4332,
    #4333,#4334,#4335,#4336,#4337,#4338,#4339,#4340,#4341,#4342,#4343,
    #4344,#4345,#4346,#4347,#4348,#4349,#4350,#4351,#4352,#4353,#4354,
    #4355,#4356,#4357,#4358,#4359,#4360,#4361,#4362,#4363,#4364,#4365,
    #4366,#4367,#4368,#4369,#4370,#4371,#4372,#4373,#4374,#4375,#4376,
    #4377,#4378,#4379,#4380,#4381,#4382,#4383,#4384,#4385,#4386,#4387,
    #4388,#4389,#4390,#4391,#4392,#4393,#4394,#4395,#4396,#4397,#4398,
    #4399,#4400,#4401,#4402,#4403,#4404,#4405,#4406,#4407,#4408,#4409,
    #4410,#4411,#4412,#4413,#4414,#4415,#4416,#4417,#4418,#4419,#4420,
    #4421,#4422,#4423,#4424,#4425,#4426,#4427,#4428,#4429,#4430,#4431,
    #4432,#4433,#4434,#4435,#4436,#4437,#4438,#4439,#4440,#4441,#4442,
    #4443,#4444,#4445,#4446,#4447,#4448,#4449,#4450,#4451,#4452,#4453,
    #4454,#4455,#4456,#4457,#4458,#4459,#4460,#4461,#4462,#4463,#4464,
    #4465,#4466,#4467,#4468,#4469,#4470,#4471,#4472,#4473,#4474,#4475,
    #4476,#4477,#4478,#4479,#4480,#4481,#4482,#4483,#4484,#4485,#4486,
    #4487,#4488,#4489,#4490,#4491,#4492,#4493,#4494,#4495,#4496,#4497,
    #4498,#4499,#4500,#4501,#4502,#4503,#4504,#4505,#4506,#4507,#4508,
    #4509,#4510,#4511,#4512,#4513,#4514,#4515,#4516,#4517,#4518,#4519,
    #4520,#4521,#4522,#4523,#4524,#4525,#4526,#4527,#4528,#4529,#4530,
    #4531,#4532,#4533,#4534,#4535,#4536,#4537,#4538,#4539,#4540,#4541,
    #4542,#4543,#4544,#4545,#4546,#4547,#4548,#4549,#4550,#4551,#4552,
    #4553,#4554,#4555,#4556,#4557,#4558,#4559,#4560,#4561,#4562,#4563,
    #4564,#4565,#4566,#4567,#4568,#4569,#4570,#4571,#4572,#4573,#4574,
    #4575,#4576,#4577,#4578,#4579,#4580,#4581,#4582,#4583,#4584,#4585,
    #4586,#4587,#4588,#4589,#4590,#4591,#4592,#4593,#4594,#4595,#4596,
    #4597,#4598,#4599,#4600,#4601,#4602,#4603,#4604,#4605,#4606,#4607,
    #4608,#4609,#4610,#4611,#4612,#4613,#4614,#4615,#4616,#4617,#4618,
    #4619,#4620,#4621,#4622,#4623,#4624,#4625,#4626,#4627,#4628,#4629,
    #4630,#4631,#4632,#4633,#4634,#4635,#4636,#4637,#4638,#4639,#4640,
    #4641,#4642,#4643,#4644,#4645,#4646,#4647,#4648,#4649,#4650,#4651,
    #4652,#4653,#4654,#4655,#4656,#4657,#4658,#4659,#4660,#4661,#4662,
    #4663,#4664,#4665,#4666,#4667,#4668,#4669,#4670,#4671,#4672,#4673,
    #4674,#4675,#4676,#4677,#4678,#4679,#4680,#4681,#4682,#4683,#4684,
    #4685,#4686,#4687,#4688,#4689,#4690,#4691,#4692,#4693,#4694,#4695,
    #4696,#4697,#4698,#4699,#4700,#4701,#4702,#4703,#4704,#4705,#4706,
    #4707,#4708,#4709,#4710,#4711,#4712,#4713,#4714,#4715,#4716,#4717,
    #4718,#4719,#4720,#4721,#4722,#4723,#4724,#4725,#4726,#4727,#4728,
    #4729,#4730,#4731,#4732,#4733,#4734,#4735,#4736,#4737,#4738,#4739,
    #4740,#4741,#4742,#4743,#4744,#4745,#4746,#4747,#4748,#4749,#4750,
    #4751,#4752,#4753,#4754,#4755,#4756,#4757,#4758,#4759,#4760,#4761,
    #4762,#4763,#4764,#4765,#4766,#4767,#4768,#4769,#4770,#4771,#4772,
    #4773,#4774,#4775,#4776,#4777,#4778,#4779,#4780,#4781,#4782,#4783,
    #4784,#4785,#4786,#4787,#4788,#4789,#4790,#4791,#4792,#4793,#4794,
    #4795,#4796,#4797,#4798,#4799,#4800,#4801,#4802,#4803,#4804,#4805,
    #4806,#4807,#4808,#4809,#4810,#4811,#4812,#4813,#4814,#4815,#4816,
    #4817,#4818,#4819,#4820,#4821,#4822,#4823,#4824,#4825,#4826,#4827,
    #4828,#4829,#4830,#4831,#4832,#4833,#4834,#4835,#4836,#4837,#4838,
    #4839,#4840,#4841,#4842,#4843,#4844,#4845,#4846,#4847,#4848,#4849,
    #4850,#4851,#4852,#4853,#4854,#4855,#4856,#4857,#4858,#4859,#4860,
    #4861,#4862,#4863,#4864,#4865,#4866,#4867,#4868,#4869,#4870,#4871,
    #4872,#4873,#4874,#4875,#4876,#4877,#4878,#4879,#4880,#4881,#4882,
    #4883,#4884,#4885,#4886,#4887,#4888,#4889,#4890,#4891,#4892,#4893,
    #4894,#4895,#4896,#4897,#4898,#4899,#4900,#4901,#4902,#4903,#4904,
    #4905,#4906,#4907,#4908,#4909,#4910,#4911,#4912,#4913,#4914,#4915,
    #4916,#4917,#4918,#4919,#4920,#4921,#4922,#4923,#4924,#4925,#4926,
    #4927,#4928,#4929,#4930,#4931,#4932,#4933,#4934,#4935,#4936,#4937,
    #4938,#4939,#4940,#4941,#4942,#4943,#4944,#4945,#4946,#4947,#4948,
    #4949,#4950,#4951,#4952,#4953,#4954,#4955,#4956,#4957,#4958,#4959,
    #4960,#4961,#4962,#4963,#4964,#4965,#4966,#4967,#4968,#4969,#4970,
    #4971,#4972,#4973,#4974,#4975,#4976,#4977,#4978,#4979,#4980,#4981,
    #4982,#4983,#4984,#4985,#4986,#4987,#4988,#4989,#4990,#4991,#4992,
    #4993,#4994,#4995,#4996,#4997,#4998,#4999,#5000,#5001,#5002,#5003,
    #5004,#5005,#5006,#5007,#5008,#5009,#5010,#5011,#5012,#5013,#5014,
    #5015,#5016,#5017,#5018,#5019,#5020,#5021,#5022,#5023,#5024,#5025,
    #5026,#5027,#5028,#5029,#5030,#5031,#5032,#5033,#5034,#5035,#5036,
    #5037,#5038,#5039,#5040,#5041,#5042,#5043,#5044,#5045,#5046,#5047,
    #5048,#5049,#5050,#5051,#5052,#5053,#5054,#5055,#5056,#5057,#5058,
    #5059,#5060,#5061,#5062,#5063,#5064,#5065,#5066,#5067,#5068,#5069,
    #5070,#5071,#5072,#5073,#5074,#5075,#5076,#5077,#5078,#5079,#5080,
    #5081,#5082,#5083,#5084,#5085,#5086,#5087,#5088,#5089,#5090,#5091,
    #5092,#5093,#5094,#5095,#5096,#5097,#5098,#5099,#5100,#5101,#5102,
    #5103,#5104,#5105,#5106,#5107,#5108,#5109,#5110,#5111,#5112,#5113,
    #5114,#5115,#5116,#5117,#5118,#5119,#5120,#5121,#5122,#5123,#5124,
    #5125,#5126,#5127,#5128,#5129,#5130,#5131,#5132,#5133,#5134,#5135,
    #5136,#5137,#5138,#5139,#5140,#5141,#5142,#5143,#5144,#5145,#5146,
    #5147,#5148,#5149,#5150,#5151,#5152,#5153,#5154,#5155,#5156,#5157,
    #5158,#5159,#5160,#5161,#5162,#5163,#5164,#5165,#5166,#5167,#5168,
    #5169,#5170,#5171,#5172,#5173,#5174,#5175,#5176,#5177,#5178,#5179,
    #5180,#5181,#5182,#5183,#5184,#5185,#5186,#5187,#5188,#5189,#5190,
    #5191,#5192,#5193,#5194,#5195,#5196,#5197,#5198,#5199,#5200,#5201,
    #5202,#5203,#5204,#5205,#5206,#5207,#5208,#5209,#5210,#5211,#5212,
    #5213,#5214,#5215,#5216,#5217,#5218,#5219,#5220,#5221,#5222,#5223,
    #5224,#5225,#5226,#5227,#5228,#5229,#5230,#5231,#5232,#5233,#5234,
    #5235,#5236,#5237,#5238,#5239,#5240,#5241,#5242,#5243,#5244,#5245,
    #5246,#5247,#5248,#5249,#5250,#5251,#5252,#5253,#5254,#5255,#5256,
    #5257,#5258,#5259,#5260,#5261,#5262,#5263,#5264,#5265,#5266,#5267,
    #5268,#5269,#5270,#5271,#5272,#5273,#5274,#5275,#5276,#5277,#5278,
    #5279,#5280,#5281,#5282,#5283,#5284,#5285,#5286,#5287,#5288,#5289,
    #5290,#5291,#5292,#5293,#5294,#5295,#5296,#5297,#5298,#5299,#5300,
    #5301,#5302,#5303,#5304,#5305,#5306,#5307,#5308,#5309,#5310,#5311,
    #5312,#5313,#5314,#5315,#5316,#5317,#5318,#5319,#5320,#5321,#5322,
    #5323,#5324,#5325,#5326,#5327,#5328,#5329,#5330,#5331,#5332,#5333,
    #5334,#5335,#5336,#5337,#5338,#5339,#5340,#5341,#5342,#5343,#5344,
    #5345,#5346,#5347,#5348,#5349,#5350,#5351,#5352,#5353,#5354,#5355,
    #5356,#5357,#5358,#5359,#5360,#5361,#5362,#5363,#5364,#5365,#5366,
    #5367,#5368,#5369,#5370,#5371,#5372,#5373,#5374,#5375,#5376,#5377,
    #5378,#5379,#5380,#5381,#5382,#5383,#5384,#5385,#5386,#5387,#5388,
    #5389,#5390,#5391,#5392,#5393,#5394,#5395,#5396,#5397,#5398,#5399,
    #5400,#5401,#5402,#5403,#5404,#5405,#5406,#5407,#5408,#5409,#5410,
    #5411,#5412,#5413,#5414,#5415,#5416,#5417,#5418,#5419,#5420,#5421,
    #5422,#5423,#5424,#5425,#5426,#5427,#5428,#5429,#5430,#5431,#5432,
    #5433,#5434,#5435,#5436,#5437,#5438,#5439,#5440,#5441,#5442,#5443,
    #5444,#5445,#5446,#5447,#5448,#5449,#5450,#5451,#5452,#5453,#5454,
    #5455,#5456,#5457,#5458,#5459,#5460,#5461,#5462,#5463,#5464,#5465,
    #5466,#5467,#5468,#5469,#5470,#5471,#5472,#5473,#5474,#5475,#5476,
    #5477,#5478,#5479,#5480,#5481,#5482,#5483,#5484,#5485,#5486,#5487,
    #5488,#5489,#5490,#5491,#5492,#5493,#5494,#5495,#5496,#5497,#5498,
    #5499,#5500,#5501,#5502,#5503,#5504,#5505,#5506,#5507,#5508,#5509,
    #5510,#5511,#5512,#5513,#5514,#5515,#5516,#5517,#5518,#5519,#5520,
    #5521,#5522,#5523,#5524,#5525,#5526,#5527,#5528,#5529,#5530,#5531,
    #5532,#5533,#5534,#5535,#5536,#5537,#5538,#5539,#5540,#5541,#5542,
    #5543,#5544,#5545,#5546,#5547,#5548,#5549,#5550,#5551,#5552,#5553,
    #5554,#5555,#5556,#5557,#5558,#5559,#5560,#5561,#5562,#5563,#5564,
    #5565,#5566,#5567,#5568,#5569,#5570,#5571,#5572,#5573,#5574,#5575,
    #5576,#5577,#5578,#5579,#5580,#5581,#5582,#5583,#5584,#5585,#5586,
    #5587,#5588,#5589,#5590,#5591,#5592,#5593,#5594,#5595,#5596,#5597,
    #5598,#5599,#5600,#5601,#5602,#5603,#5604,#5605,#5606,#5607,#5608,
    #5609,#5610,#5611,#5612,#5613,#5614,#5615,#5616,#5617,#5618,#5619,
    #5620,#5621,#5622,#5623,#5624,#5625,#5626,#5627,#5628,#5629,#5630,
    #5631,#5632,#5633,#5634,#5635,#5636,#5637,#5638,#5639,#5640,#5641,
    #5642,#5643,#5644,#5645,#5646,#5647,#5648,#5649,#5650,#5651,#5652,
    #5653,#5654,#5655,#5656,#5657,#5658,#5659,#5660,#5661,#5662,#5663,
    #5664,#5665,#5666,#5667,#5668,#5669,#5670,#5671,#5672,#5673,#5674,
    #5675,#5676,#5677,#5678,#5679,#5680,#5681,#5682,#5683,#5684,#5685,
    #5686,#5687,#5688,#5689,#5690,#5691,#5692,#5693,#5694,#5695,#5696,
    #5697,#5698,#5699,#5700,#5701,#5702,#5703,#5704,#5705,#5706,#5707,
    #5708,#5709,#5710,#5711,#5712,#5713,#5714,#5715,#5716,#5717,#5718,
    #5719,#5720,#5721,#5722,#5723,#5724,#5725,#5726,#5727,#5728,#5729,
    #5730,#5731,#5732,#5733,#5734,#5735,#5736,#5737,#5738,#5739,#5740,
    #5741,#5742,#5743,#5744,#5745,#5746,#5747,#5748,#5749,#5750,#5751,
    #5752,#5753,#5754,#5755,#5756,#5757,#5758,#5759,#5760,#5761,#5762,
    #5763,#5764,#5765,#5766,#5767,#5768,#5769,#5770,#5771,#5772,#5773,
    #5774,#5775,#5776,#5777,#5778,#5779,#5780,#5781,#5782,#5783,#5784,
    #5785,#5786,#5787,#5788,#5789,#5790,#5791,#5792,#5793,#5794,#5795,
    #5796,#5797,#5798,#5799,#5800,#5801,#5802,#5803,#5804,#5805,#5806,
    #5807,#5808,#5809,#5810,#5811,#5812,#5813,#5814,#5815,#5816,#5817,
    #5818,#5819,#5820,#5821,#5822,#5823,#5824,#5825,#5826,#5827,#5828,
    #5829,#5830,#5831,#5832,#5833,#5834,#5835,#5836,#5837,#5838,#5839,
    #5840,#5841,#5842,#5843,#5844,#5845,#5846,#5847,#5848,#5849,#5850,
    #5851,#5852,#5853,#5854,#5855,#5856,#5857,#5858,#5859,#5860,#5861,
    #5862,#5863,#5864,#5865,#5866,#5867,#5868,#5869,#5870,#5871,#5872,
    #5873,#5874,#5875,#5876,#5877,#5878,#5879,#5880,#5881,#5882,#5883,
    #5884,#5885,#5886,#5887,#5888,#5889,#5890,#5891,#5892,#5893,#5894,
    #5895,#5896,#5897,#5898,#5899,#5900,#5901,#5902,#5903,#5904,#5905,
    #5906,#5907,#5908,#5909,#5910,#5911,#5912,#5913,#5914,#5915,#5916,
    #5917,#5918,#5919,#5920,#5921,#5922,#5923,#5924,#5925,#5926,#5927,
    #5928,#5929,#5930,#5931,#5932,#5933,#5934,#5935,#5936,#5937,#5938,
    #5939,#5940,#5941,#5942,#5943,#5944,#5945,#5946,#5947,#5948,#5949,
    #5950,#5951,#5952,#5953,#5954,#5955,#5956,#5957,#5958,#5959,#5960,
    #5961,#5962,#5963,#5964,#5965,#5966,#5967,#5968,#5969,#5970,#5971,
    #5972,#5973,#5974,#5975,#5976,#5977,#5978,#5979,#5980,#5981,#5982,
    #5983,#5984,#5985,#5986,#5987,#5988,#5989,#5990,#5991,#5992,#5993,
    #5994,#5995,#5996,#5997,#5998,#5999,#6000,#6001,#6002,#6003,#6004,
    #6005,#6006,#6007,#6008,#6009,#6010,#6011,#6012,#6013,#6014,#6015,
    #6016,#6017,#6018,#6019,#6020,#6021,#6022,#6023,#6024,#6025,#6026,
    #6027,#6028,#6029,#6030,#6031,#6032,#6033,#6034,#6035,#6036,#6037,
    #6038,#6039,#6040,#6041,#6042,#6043,#6044,#6045,#6046,#6047,#6048,
    #6049,#6050,#6051,#6052,#6053,#6054,#6055,#6056,#6057,#6058,#6059,
    #6060,#6061,#6062,#6063,#6064,#6065,#6066,#6067,#6068,#6069,#6070,
    #6071,#6072,#6073,#6074,#6075,#6076,#6077,#6078,#6079,#6080,#6081,
    #6082,#6083,#6084,#6085,#6086,#6087,#6088,#6089,#6090,#6091,#6092,
    #6093,#6094,#6095,#6096,#6097,#6098,#6099,#6100,#6101,#6102,#6103,
    #6104,#6105,#6106,#6107,#6108,#6109,#6110,#6111,#6112,#6113,#6114,
    #6115,#6116,#6117,#6118,#6119,#6120,#6121,#6122,#6123,#6124,#6125,
    #6126,#6127,#6128,#6129,#6130,#6131,#6132,#6133,#6134,#6135,#6136,
    #6137,#6138,#6139,#6140,#6141,#6142,#6143,#6144,#6145,#6146,#6147,
    #6148,#6149,#6150,#6151,#6152,#6153,#6154,#6155,#6156,#6157,#6158,
    #6159,#6160,#6161,#6162,#6163,#6164,#6165,#6166,#6167,#6168,#6169,
    #6170,#6171,#6172,#6173,#6174,#6175,#6176,#6177,#6178,#6179,#6180,
    #6181,#6182,#6183,#6184,#6185,#6186,#6187,#6188,#6189,#6190,#6191,
    #6192,#6193,#6194,#6195,#6196,#6197,#6198,#6199,#6200,#6201,#6202,
    #6203,#6204,#6205,#6206,#6207,#6208,#6209,#6210,#6211,#6212,#6213,
    #6214,#6215,#6216,#6217,#6218,#6219,#6220,#6221,#6222,#6223,#6224,
    #6225,#6226,#6227,#6228,#6229,#6230,#6231,#6232,#6233,#6234,#6235,
    #6236,#6237,#6238,#6239,#6240,#6241,#6242,#6243,#6244,#6245,#6246,
    #6247,#6248,#6249,#6250,#6251,#6252,#6253,#6254,#6255,#6256,#6257,
    #6258,#6259,#6260,#6261,#6262,#6263,#6264,#6265,#6266,#6267,#6268,
    #6269,#6270,#6271,#6272,#6273,#6274,#6275,#6276,#6277,#6278,#6279,
    #6280,#6281,#6282,#6283,#6284,#6285,#6286,#6287,#6288,#6289,#6290,
    #6291,#6292,#6293,#6294,#6295,#6296,#6297,#6298,#6299,#6300,#6301,
    #6302,#6303,#6304,#6305,#6306,#6307,#6308,#6309,#6310,#6311,#6312,
    #6313,#6314,#6315,#6316,#6317,#6318,#6319,#6320,#6321,#6322,#6323,
    #6324,#6325,#6326,#6327,#6328,#6329,#6330,#6331,#6332,#6333,#6334,
    #6335,#6336,#6337,#6338,#6339,#6340,#6341,#6342,#6343,#6344,#6345,
    #6346,#6347,#6348,#6349,#6350,#6351,#6352,#6353,#6354,#6355,#6356,
    #6357,#6358,#6359,#6360,#6361,#6362,#6363,#6364,#6365,#6366,#6367,
    #6368,#6369,#6370,#6371,#6372,#6373,#6374,#6375,#6376,#6377,#6378,
    #6379,#6380,#6381,#6382,#6383,#6384,#6385,#6386,#6387,#6388,#6389,
    #6390,#6391,#6392,#6393,#6394,#6395,#6396,#6397,#6398,#6399,#6400,
    #6401,#6402,#6403,#6404,#6405,#6406,#6407,#6408,#6409,#6410,#6411,
    #6412,#6413,#6414,#6415,#6416,#6417,#6418,#6419,#6420,#6421,#6422,
    #6423,#6424,#6425,#6426,#6427,#6428,#6429,#6430,#6431,#6432,#6433,
    #6434,#6435,#6436,#6437,#6438,#6439,#6440,#6441,#6442,#6443,#6444,
    #6445,#6446,#6447,#6448,#6449,#6450,#6451,#6452,#6453,#6454,#6455,
    #6456,#6457,#6458,#6459,#6460,#6461,#6462,#6463,#6464,#6465,#6466,
    #6467,#6468,#6469,#6470,#6471,#6472,#6473,#6474,#6475,#6476,#6477,
    #6478,#6479,#6480,#6481,#6482,#6483,#6484,#6485,#6486,#6487,#6488,
    #6489,#6490,#6491,#6492,#6493,#6494,#6495,#6496,#6497,#6498,#6499,
    #6500,#6501,#6502,#6503,#6504,#6505,#6506,#6507,#6508,#6509,#6510,
    #6511,#6512,#6513,#6514,#6515,#6516,#6517,#6518,#6519,#6520,#6521,
    #6522,#6523,#6524,#6525,#6526,#6527,#6528,#6529,#6530,#6531,#6532,
    #6533,#6534,#6535,#6536,#6537,#6538,#6539,#6540,#6541,#6542,#6543,
    #6544,#6545,#6546,#6547,#6548,#6549,#6550,#6551,#6552,#6553,#6554,
    #6555,#6556,#6557,#6558,#6559,#6560,#6561,#6562,#6563,#6564,#6565,
    #6566,#6567,#6568,#6569,#6570,#6571,#6572,#6573,#6574,#6575,#6576,
    #6577,#6578,#6579,#6580,#6581,#6582,#6583,#6584,#6585,#6586,#6587,
    #6588,#6589,#6590,#6591,#6592,#6593,#6594,#6595,#6596,#6597,#6598,
    #6599,#6600,#6601,#6602,#6603,#6604,#6605,#6606,#6607,#6608,#6609,
    #6610,#6611,#6612,#6613,#6614,#6615,#6616,#6617,#6618,#6619,#6620,
    #6621,#6622,#6623,#6624,#6625,#6626,#6627,#6628,#6629,#6630,#6631,
    #6632,#6633,#6634,#6635,#6636,#6637,#6638,#6639,#6640,#6641,#6642,
    #6643,#6644,#6645,#6646,#6647,#6648,#6649,#6650,#6651,#6652,#6653,
    #6654,#6655,#6656,#6657,#6658,#6659,#6660,#6661,#6662,#6663,#6664,
    #6665,#6666,#6667,#6668,#6669,#6670,#6671,#6672,#6673,#6674,#6675,
    #6676,#6677,#6678,#6679,#6680,#6681,#6682,#6683,#6684,#6685,#6686,
    #6687,#6688,#6689,#6690,#6691,#6692,#6693,#6694,#6695,#6696,#6697,
    #6698,#6699,#6700,#6701,#6702,#6703,#6704,#6705,#6706,#6707,#6708,
    #6709,#6710,#6711,#6712,#6713,#6714,#6715,#6716,#6717,#6718,#6719,
    #6720,#6721,#6722,#6723,#6724,#6725,#6726,#6727,#6728,#6729,#6730,
    #6731,#6732,#6733,#6734,#6735,#6736,#6737,#6738,#6739,#6740,#6741,
    #6742,#6743,#6744,#6745,#6746,#6747,#6748,#6749,#6750,#6751,#6752,
    #6753,#6754,#6755,#6756,#6757,#6758,#6759,#6760,#6761,#6762,#6763,
    #6764,#6765,#6766,#6767,#6768,#6769,#6770,#6771,#6772,#6773,#6774,
    #6775,#6776,#6777,#6778,#6779,#6780,#6781,#6782,#6783,#6784,#6785,
    #6786,#6787,#6788,#6789,#6790,#6791,#6792,#6793,#6794,#6795,#6796,
    #6797,#6798,#6799,#6800,#6801,#6802,#6803,#6804,#6805,#6806,#6807,
    #6808,#6809,#6810,#6811,#6812,#6813,#6814,#6815,#6816,#6817,#6818,
    #6819,#6820,#6821,#6822,#6823,#6824,#6825,#6826,#6827,#6828,#6829,
    #6830,#6831,#6832,#6833,#6834,#6835,#6836,#6837,#6838,#6839,#6840,
    #6841,#6842,#6843,#6844,#6845,#6846,#6847,#6848,#6849,#6850,#6851,
    #6852,#6853,#6854,#6855,#6856,#6857,#6858,#6859,#6860,#6861,#6862,
    #6863,#6864,#6865,#6866,#6867,#6868,#6869,#6870,#6871,#6872,#6873,
    #6874,#6875,#6876,#6877,#6878,#6879,#6880,#6881,#6882,#6883,#6884,
    #6885,#6886,#6887,#6888,#6889,#6890,#6891,#6892,#6893,#6894,#6895,
    #6896,#6897,#6898,#6899,#6900,#6901,#6902,#6903,#6904,#6905,#6906,
    #6907,#6908,#6909,#6910,#6911,#6912,#6913,#6914,#6915,#6916,#6917,
    #6918,#6919,#6920,#6921,#6922,#6923,#6924,#6925,#6926,#6927,#6928,
    #6929,#6930,#6931,#6932,#6933,#6934,#6935,#6936,#6937,#6938,#6939,
    #6940,#6941,#6942,#6943,#6944,#6945,#6946,#6947,#6948,#6949,#6950,
    #6951,#6952,#6953,#6954,#6955,#6956,#6957,#6958,#6959,#6960,#6961,
    #6962,#6963,#6964,#6965,#6966,#6967,#6968,#6969,#6970,#6971,#6972,
    #6973,#6974,#6975,#6976,#6977,#6978,#6979,#6980,#6981,#6982,#6983,
    #6984,#6985,#6986,#6987,#6988,#6989,#6990,#6991,#6992,#6993,#6994,
    #6995,#6996,#6997,#6998,#6999,#7000,#7001,#7002,#7003,#7004,#7005,
    #7006,#7007,#7008,#7009,#7010,#7011,#7012,#7013,#7014,#7015,#7016,
    #7017,#7018,#7019,#7020,#7021,#7022,#7023,#7024,#7025,#7026,#7027,
    #7028,#7029,#7030,#7031,#7032,#7033,#7034,#7035,#7036,#7037,#7038,
    #7039,#7040,#7041,#7042,#7043,#7044,#7045,#7046,#7047,#7048,#7049,
    #7050,#7051,#7052,#7053,#7054,#7055,#7056,#7057,#7058,#7059,#7060,
    #7061,#7062,#7063,#7064,#7065,#7066,#7067,#7068,#7069,#7070,#7071,
    #7072,#7073,#7074,#7075,#7076,#7077,#7078,#7079,#7080,#7081,#7082,
    #7083,#7084,#7085,#7086,#7087,#7088,#7089,#7090,#7091,#7092,#7093,
    #7094,#7095,#7096,#7097,#7098,#7099,#7100,#7101,#7102,#7103,#7104,
    #7105,#7106,#7107,#7108,#7109,#7110,#7111,#7112,#7113,#7114,#7115,
    #7116,#7117,#7118,#7119,#7120,#7121,#7122,#7123,#7124,#7125,#7126,
    #7127,#7128,#7129,#7130,#7131,#7132,#7133,#7134,#7135,#7136,#7137,
    #7138,#7139,#7140,#7141,#7142,#7143,#7144,#7145,#7146,#7147,#7148,
    #7149,#7150,#7151,#7152,#7153,#7154,#7155,#7156,#7157,#7158,#7159,
    #7160,#7161,#7162,#7163,#7164,#7165,#7166,#7167,#7168,#7169,#7170,
    #7171,#7172,#7173,#7174,#7175,#7176,#7177,#7178,#7179,#7180,#7181,
    #7182,#7183,#7184,#7185,#7186,#7187,#7188,#7189,#7190,#7191,#7192,
    #7193,#7194,#7195,#7196,#7197,#7198,#7199,#7200,#7201,#7202,#7203,
    #7204,#7205,#7206,#7207,#7208,#7209,#7210,#7211,#7212,#7213,#7214,
    #7215,#7216,#7217,#7218,#7219,#7220,#7221,#7222,#7223,#7224,#7225,
    #7226,#7227,#7228,#7229,#7230,#7231,#7232,#7233,#7234,#7235,#7236,
    #7237,#7238,#7239,#7240,#7241,#7242,#7243,#7244,#7245,#7246,#7247,
    #7248,#7249,#7250,#7251,#7252,#7253,#7254,#7255,#7256,#7257,#7258,
    #7259,#7260,#7261,#7262,#7263,#7264,#7265,#7266,#7267,#7268,#7269,
    #7270,#7271,#7272,#7273,#7274,#7275,#7276,#7277,#7278,#7279,#7280,
    #7281,#7282,#7283,#7284,#7285,#7286,#7287,#7288,#7289,#7290,#7291,
    #7292,#7293,#7294,#7295,#7296,#7297,#7298,#7299,#7300,#7301,#7302,
    #7303,#7304,#7305,#7306,#7307,#7308,#7309,#7310,#7311,#7312,#7313,
    #7314,#7315,#7316,#7317,#7318,#7319,#7320,#7321,#7322,#7323,#7324,
    #7325,#7326,#7327,#7328,#7329,#7330,#7331,#7332,#7333,#7334,#7335,
    #7336,#7337,#7338,#7339,#7340,#7341,#7342,#7343,#7344,#7345,#7346,
    #7347,#7348,#7349,#7350,#7351,#7352,#7353,#7354,#7355,#7356,#7357,
    #7358,#7359,#7360,#7361,#7362,#7363,#7364,#7365,#7366,#7367,#7368,
    #7369,#7370,#7371,#7372,#7373,#7374,#7375,#7376,#7377,#7378,#7379,
    #7380,#7381,#7382,#7383,#7384,#7385,#7386,#7387,#7388,#7389,#7390,
    #7391,#7392,#7393,#7394,#7395,#7396,#7397,#7398,#7399,#7400,#7401,
    #7402,#7403,#7404,#7405,#7406,#7407,#7408,#7409,#7410,#7411,#7412,
    #7413,#7414,#7415,#7416,#7417,#7418,#7419,#7420,#7421,#7422,#7423,
    #7424,#7425,#7426,#7427,#7428,#7429,#7430,#7431,#7432,#7433,#7434,
    #7435,#7436,#7437,#7438,#7439,#7440,#7441,#7442,#7443,#7444,#7445,
    #7446,#7447,#7448,#7449,#7450,#7451,#7452,#7453,#7454,#7455,#7456,
    #7457,#7458,#7459,#7460,#7461,#7462,#7463,#7464,#7465,#7466,#7467,
    #7468,#7469,#7470,#7471,#7472,#7473,#7474,#7475,#7476,#7477,#7478,
    #7479,#7480,#7481,#7482,#7483,#7484,#7485,#7486,#7487,#7488,#7489,
    #7490,#7491,#7492,#7493,#7494,#7495,#7496,#7497,#7498,#7499,#7500,
    #7501,#7502,#7503,#7504,#7505,#7506,#7507,#7508,#7509,#7510,#7511,
    #7512,#7513,#7514,#7515,#7516,#7517,#7518,#7519,#7520,#7521,#7522,
    #7523,#7524,#7525,#7526,#7527,#7528,#7529,#7530,#7531,#7532,#7533,
    #7534,#7535,#7536,#7537,#7538,#7539,#7540,#7541,#7542,#7543,#7544,
    #7545,#7546,#7547,#7548,#7549,#7550,#7551,#7552,#7553,#7554,#7555,
    #7556,#7557,#7558,#7559,#7560,#7561,#7562,#7563,#7564,#7565,#7566,
    #7567,#7568,#7569,#7570,#7571,#7572,#7573,#7574,#7575,#7576,#7577,
    #7578,#7579,#7580,#7581,#7582,#7583,#7584,#7585,#7586,#7587,#7588,
    #7589,#7590,#7591,#7592,#7593,#7594,#7595,#7596,#7597,#7598,#7599,
    #7600,#7601,#7602,#7603,#7604,#7605,#7606,#7607,#7608,#7609,#7610,
    #7611,#7612,#7613,#7614,#7615,#7616,#7617,#7618,#7619,#7620,#7621,
    #7622,#7623,#7624,#7625,#7626,#7627,#7628,#7629,#7630,#7631,#7632,
    #7633,#7634,#7635,#7636,#7637,#7638,#7639,#7640,#7641,#7642,#7643,
    #7644,#7645,#7646,#7647,#7648,#7649,#7650,#7651,#7652,#7653,#7654,
    #7655,#7656,#7657,#7658,#7659,#7660,#7661,#7662,#7663,#7664,#7665,
    #7666,#7667,#7668,#7669,#7670,#7671,#7672,#7673,#7674,#7675,#7676,
    #7677,#7678,#7679,#7680,#7681,#7682,#7683,#7684,#7685,#7686,#7687,
    #7688,#7689,#7690,#7691,#7692,#7693,#7694,#7695,#7696,#7697,#7698,
    #7699,#7700,#7701,#7702,#7703,#7704,#7705,#7706,#7707,#7708,#7709,
    #7710,#7711,#7712,#7713,#7714,#7715,#7716,#7717,#7718,#7719,#7720,
    #7721,#7722,#7723,#7724,#7725,#7726,#7727,#7728,#7729,#7730,#7731,
    #7732,#7733,#7734,#7735,#7736,#7737,#7738,#7739,#7740,#7741,#7742,
    #7743,#7744,#7745,#7746,#7747,#7748,#7749,#7750,#7751,#7752,#7753,
    #7754,#7755,#7756,#7757,#7758,#7759,#7760,#7761,#7762,#7763,#7764,
    #7765,#7766,#7767,#7768,#7769,#7770,#7771,#7772,#7773,#7774,#7775,
    #7776,#7777,#7778,#7779,#7780,#7781,#7782,#7783,#7784,#7785,#7786,
    #7787,#7788,#7789,#7790,#7791,#7792,#7793,#7794,#7795,#7796,#7797,
    #7798,#7799,#7800,#7801,#7802,#7803,#7804,#7805,#7806,#7807,#7808,
    #7809,#7810,#7811,#7812,#7813,#7814,#7815,#7816,#7817,#7818,#7819,
    #7820,#7821,#7822,#7823,#7824,#7825,#7826,#7827,#7828,#7829,#7830,
    #7831,#7832,#7833,#7834,#7835,#7836,#7837,#7838,#7839,#7840,#7841,
    #7842,#7843,#7844,#7845,#7846,#7847,#7848,#7849,#7850,#7851,#7852,
    #7853,#7854,#7855,#7856,#7857,#7858,#7859,#7860,#7861,#7862,#7863,
    #7864,#7865,#7866,#7867,#7868,#7869,#7870,#7871,#7872,#7873,#7874,
    #7875,#7876,#7877,#7878,#7879,#7880,#7881,#7882,#7883,#7884,#7885,
    #7886,#7887,#7888,#7889,#7890,#7891,#7892,#7893,#7894,#7895,#7896,
    #7897,#7898,#7899,#7900,#7901,#7902,#7903,#7904,#7905,#7906,#7907,
    #7908,#7909,#7910,#7911,#7912,#7913,#7914,#7915,#7916,#7917,#7918,
    #7919,#7920,#7921,#7922,#7923,#7924,#7925,#7926,#7927,#7928,#7929,
    #7930,#7931,#7932,#7933,#7934,#7935,#7936,#7937,#7938,#7939,#7940,
    #7941,#7942,#7943,#7944,#7945,#7946,#7947,#7948,#7949,#7950,#7951,
    #7952,#7953,#7954,#7955,#7956,#7957,#7958,#7959,#7960,#7961,#7962,
    #7963,#7964,#7965,#7966,#7967,#7968,#7969,#7970,#7971,#7972,#7973,
    #7974,#7975,#7976,#7977,#7978,#7979,#7980,#7981,#7982,#7983,#7984,
    #7985,#7986,#7987,#7988,#7989,#7990,#7991,#7992,#7993,#7994,#7995,
    #7996,#7997,#7998,#7999,#8000,#8001,#8002,#8003,#8004,#8005,#8006,
    #8007,#8008,#8009,#8010,#8011,#8012,#8013,#8014,#8015,#8016,#8017,
    #8018,#8019,#8020,#8021,#8022,#8023,#8024,#8025,#8026,#8027,#8028,
    #8029,#8030,#8031,#8032,#8033,#8034,#8035,#8036,#8037,#8038,#8039,
    #8040,#8041,#8042,#8043,#8044,#8045,#8046,#8047,#8048,#8049,#8050,
    #8051,#8052,#8053,#8054,#8055,#8056,#8057,#8058,#8059,#8060,#8061,
    #8062,#8063,#8064,#8065,#8066,#8067,#8068,#8069,#8070,#8071,#8072,
    #8073,#8074,#8075,#8076,#8077),.UNSPECIFIED.,.F.,.F.,(4,1,1,1,1,1,1,
    1,1,1,1,1,1,1,1,1,1,1,1,1,1,1,1,1,1,1,1,1,1,1,1,1,1,1,1,1,1,1,1,1,1,
    1,1,1,1,1,1,1,1,1,1,1,1,1,1,1,1,1,1,1,1,1,1,1,1,1,1,1,1,1,1,1,1,1,1,
    1,1,1,1,1,1,1,1,1,1,1,1,1,1,1,1,1,1,1,1,1,1,1,1,1,1,1,1,1,1,1,1,1,1,
    1,1,1,1,1,1,1,1,1,1,1,1,1,1,1,1,1,1,1,1,1,1,1,1,1,1,1,1,1,1,1,1,1,1,
    1,1,1,1,1,1,1,1,1,1,1,1,1,1,1,1,1,1,1,1,1,1,1,1,1,1,1,1,1,1,1,1,1,1,
    1,1,1,1,1,1,1,1,1,1,1,1,1,1,1,1,1,1,1,1,1,1,1,1,1,1,1,1,1,1,1,1,1,1,
    1,1,1,1,1,1,1,1,1,1,1,1,1,1,1,1,1,1,1,1,1,1,1,1,1,1,1,1,1,1,1,1,1,1,
    1,1,1,1,1,1,1,1,1,1,1,1,1,1,1,1,1,1,1,1,1,1,1,1,1,1,1,1,1,1,1,1,1,1,
    1,1,1,1,1,1,1,1,1,1,1,1,1,1,1,1,1,1,1,1,1,1,1,1,1,1,1,1,1,1,1,1,1,1,
    1,1,1,1,1,1,1,1,1,1,1,1,1,1,1,1,1,1,1,1,1,1,1,1,1,1,1,1,1,1,1,1,1,1,
    1,1,1,1,1,1,1,1,1,1,1,1,1,1,1,1,1,1,1,1,1,1,1,1,1,1,1,1,1,1,1,1,1,1,
    1,1,1,1,1,1,1,1,1,1,1,1,1,1,1,1,1,1,1,1,1,1,1,1,1,1,1,1,1,1,1,1,1,1,
    1,1,1,1,1,1,1,1,1,1,1,1,1,1,1,1,1,1,1,1,1,1,1,1,1,1,1,1,1,1,1,1,1,1,
    1,1,1,1,1,1,1,1,1,1,1,1,1,1,1,1,1,1,1,1,1,1,1,1,1,1,1,1,1,1,1,1,1,1,
    1,1,1,1,1,1,1,1,1,1,1,1,1,1,1,1,1,1,1,1,1,1,1,1,1,1,1,1,1,1,1,1,1,1,
    1,1,1,1,1,1,1,1,1,1,1,1,1,1,1,1,1,1,1,1,1,1,1,1,1,1,1,1,1,1,1,1,1,1,
    1,1,1,1,1,1,1,1,1,1,1,1,1,1,1,1,1,1,1,1,1,1,1,1,1,1,1,1,1,1,1,1,1,1,
    1,1,1,1,1,1,1,1,1,1,1,1,1,1,1,1,1,1,1,1,1,1,1,1,1,1,1,1,1,1,1,1,1,1,
    1,1,1,1,1,1,1,1,1,1,1,1,1,1,1,1,1,1,1,1,1,1,1,1,1,1,1,1,1,1,1,1,1,1,
    1,1,1,1,1,1,1,1,1,1,1,1,1,1,1,1,1,1,1,1,1,1,1,1,1,1,1,1,1,1,1,1,1,1,
    1,1,1,1,1,1,1,1,1,1,1,1,1,1,1,1,1,1,1,1,1,1,1,1,1,1,1,1,1,1,1,1,1,1,
    1,1,1,1,1,1,1,1,1,1,1,1,1,1,1,1,1,1,1,1,1,1,1,1,1,1,1,1,1,1,1,1,1,1,
    1,1,1,1,1,1,1,1,1,1,1,1,1,1,1,1,1,1,1,1,1,1,1,1,1,1,1,1,1,1,1,1,1,1,
    1,1,1,1,1,1,1,1,1,1,1,1,1,1,1,1,1,1,1,1,1,1,1,1,1,1,1,1,1,1,1,1,1,1,
    1,1,1,1,1,1,1,1,1,1,1,1,1,1,1,1,1,1,1,1,1,1,1,1,1,1,1,1,1,1,1,1,1,1,
    1,1,1,1,1,1,1,1,1,1,1,1,1,1,1,1,1,1,1,1,1,1,1,1,1,1,1,1,1,1,1,1,1,1,
    1,1,1,1,1,1,1,1,1,1,1,1,1,1,1,1,1,1,1,1,1,1,1,1,1,1,1,1,1,1,1,1,1,1,
    1,1,1,1,1,1,1,1,1,1,1,1,1,1,1,1,1,1,1,1,1,1,1,1,1,1,1,1,1,1,1,1,1,1,
    1,1,1,1,1,1,1,1,1,1,1,1,1,1,1,1,1,1,1,1,1,1,1,1,1,1,1,1,1,1,1,1,1,1,
    1,1,1,1,1,1,1,1,1,1,1,1,1,1,1,1,1,1,1,1,1,1,1,1,1,1,1,1,1,1,1,1,1,1,
    1,1,1,1,1,1,1,1,1,1,1,1,1,1,1,1,1,1,1,1,1,1,1,1,1,1,1,1,1,1,1,1,1,1,
    1,1,1,1,1,1,1,1,1,1,1,1,1,1,1,1,1,1,1,1,1,1,1,1,1,1,1,1,1,1,1,1,1,1,
    1,1,1,1,1,1,1,1,1,1,1,1,1,1,1,1,1,1,1,1,1,1,1,1,1,1,1,1,1,1,1,1,1,1,
    1,1,1,1,1,1,1,1,1,1,1,1,1,1,1,1,1,1,1,1,1,1,1,1,1,1,1,1,1,1,1,1,1,1,
    1,1,1,1,1,1,1,1,1,1,1,1,1,1,1,1,1,1,1,1,1,1,1,1,1,1,1,1,1,1,1,1,1,1,
    1,1,1,1,1,1,1,1,1,1,1,1,1,1,1,1,1,1,1,1,1,1,1,1,1,1,1,1,1,1,1,1,1,1,
    1,1,1,1,1,1,1,1,1,1,1,1,1,1,1,1,1,1,1,1,1,1,1,1,1,1,1,1,1,1,1,1,1,1,
    1,1,1,1,1,1,1,1,1,1,1,1,1,1,1,1,1,1,1,1,1,1,1,1,1,1,1,1,1,1,1,1,1,1,
    1,1,1,1,1,1,1,1,1,1,1,1,1,1,1,1,1,1,1,1,1,1,1,1,1,1,1,1,1,1,1,1,1,1,
    1,1,1,1,1,1,1,1,1,1,1,1,1,1,1,1,1,1,1,1,1,1,1,1,1,1,1,1,1,1,1,1,1,1,
    1,1,1,1,1,1,1,1,1,1,1,1,1,1,1,1,1,1,1,1,1,1,1,1,1,1,1,1,1,1,1,1,1,1,
    1,1,1,1,1,1,1,1,1,1,1,1,1,1,1,1,1,1,1,1,1,1,1,1,1,1,1,1,1,1,1,1,1,1,
    1,1,1,1,1,1,1,1,1,1,1,1,1,1,1,1,1,1,1,1,1,1,1,1,1,1,1,1,1,1,1,1,1,1,
    1,1,1,1,1,1,1,1,1,1,1,1,1,1,1,1,1,1,1,1,1,1,1,1,1,1,1,1,1,1,1,1,1,1,
    1,1,1,1,1,1,1,1,1,1,1,1,1,1,1,1,1,1,1,1,1,1,1,1,1,1,1,1,1,1,1,1,1,1,
    1,1,1,1,1,1,1,1,1,1,1,1,1,1,1,1,1,1,1,1,1,1,1,1,1,1,1,1,1,1,1,1,1,1,
    1,1,1,1,1,1,1,1,1,1,1,1,1,1,1,1,1,1,1,1,1,1,1,1,1,1,1,1,1,1,1,1,1,1,
    1,1,1,1,1,1,1,1,1,1,1,1,1,1,1,1,1,1,1,1,1,1,1,1,1,1,1,1,1,1,1,1,1,1,
    1,1,1,1,1,1,1,1,1,1,1,1,1,1,1,1,1,1,1,1,1,1,1,1,1,1,1,1,1,1,1,1,1,1,
    1,1,1,1,1,1,1,1,1,1,1,1,1,1,1,1,1,1,1,1,1,1,1,1,1,1,1,1,1,1,1,1,1,1,
    1,1,1,1,1,1,1,1,1,1,1,1,1,1,1,1,1,1,1,1,1,1,1,1,1,1,1,1,1,1,1,1,1,1,
    1,1,1,1,1,1,1,1,1,1,1,1,1,1,1,1,1,1,1,1,1,1,1,1,1,1,1,1,1,1,1,1,1,1,
    1,1,1,1,1,1,1,1,1,1,1,1,1,1,1,1,1,1,1,1,1,1,1,1,1,1,1,1,1,1,1,1,1,1,
    1,1,1,1,1,1,1,1,1,1,1,1,1,1,1,1,1,1,1,1,1,1,1,1,1,1,1,1,1,1,1,1,1,1,
    1,1,1,1,1,1,1,1,1,1,1,1,1,1,1,1,1,1,1,1,1,1,1,1,1,1,1,1,1,1,1,1,1,1,
    1,1,1,1,1,1,1,1,1,1,1,1,1,1,1,1,1,1,1,1,1,1,1,1,1,1,1,1,1,1,1,1,1,1,
    1,1,1,1,1,1,1,1,1,1,1,1,1,1,1,1,1,1,1,1,1,1,1,1,1,1,1,1,1,1,1,1,1,1,
    1,1,1,1,1,1,1,1,1,1,1,1,1,1,1,1,1,1,1,1,1,1,1,1,1,1,1,1,1,1,1,1,1,1,
    1,1,1,1,1,1,1,1,1,1,1,1,1,1,1,1,1,1,1,1,1,1,1,1,1,1,1,1,1,1,1,1,1,1,
    1,1,1,1,1,1,1,1,1,1,1,1,1,1,1,1,1,1,1,1,1,1,1,1,1,1,1,1,1,1,1,1,1,1,
    1,1,1,1,1,1,1,1,1,1,1,1,1,1,1,1,1,1,1,1,1,1,1,1,1,1,1,1,1,1,1,1,1,1,
    1,1,1,1,1,1,1,1,1,1,1,1,1,1,1,1,1,1,1,1,1,1,1,1,1,1,1,1,1,1,1,1,1,1,
    1,1,1,1,1,1,1,1,1,1,1,1,1,1,1,1,1,1,1,1,1,1,1,1,1,1,1,1,1,1,1,1,1,1,
    1,1,1,1,1,1,1,1,1,1,1,1,1,1,1,1,1,1,1,1,1,1,1,1,1,1,1,1,1,1,1,1,1,1,
    1,1,1,1,1,1,1,1,1,1,1,1,1,1,1,1,1,1,1,1,1,1,1,1,1,1,1,1,1,1,1,1,1,1,
    1,1,1,1,1,1,1,1,1,1,1,1,1,1,1,1,1,1,1,1,1,1,1,1,1,1,1,1,1,1,1,1,1,1,
    1,1,1,1,1,1,1,1,1,1,1,1,1,1,1,1,1,1,1,1,1,1,1,1,1,1,1,1,1,1,1,1,1,1,
    1,1,1,1,1,1,1,1,1,1,1,1,1,1,1,1,1,1,1,1,1,1,1,1,1,1,1,1,1,1,1,1,1,1,
    1,1,1,1,1,1,1,1,1,1,1,1,1,1,1,1,1,1,1,1,1,1,1,1,1,1,1,1,1,1,1,1,1,1,
    1,1,1,1,1,1,1,1,1,1,1,1,1,1,1,1,1,1,1,1,1,1,1,1,1,1,1,1,1,1,1,1,1,1,
    1,1,1,1,1,1,1,1,1,1,1,1,1,1,1,1,1,1,1,1,1,1,1,1,1,1,1,1,1,1,1,1,1,1,
    1,1,1,1,1,1,1,1,1,1,1,1,1,1,1,1,1,1,1,1,1,1,1,1,1,1,1,1,1,1,1,1,1,1,
    1,1,1,1,1,1,1,1,1,1,1,1,1,1,1,1,1,1,1,1,1,1,1,1,1,1,1,1,1,1,1,1,1,1,
    1,1,1,1,1,1,1,1,1,1,1,1,1,1,1,1,1,1,1,1,1,1,1,1,1,1,1,1,1,1,1,1,1,1,
    1,1,1,1,1,1,1,1,1,1,1,1,1,1,1,1,1,1,1,1,1,1,1,1,1,1,1,1,1,1,1,1,1,1,
    1,1,1,1,1,1,1,1,1,1,1,1,1,1,1,1,1,1,1,1,1,1,1,1,1,1,1,1,1,1,1,1,1,1,
    1,1,1,1,1,1,1,1,1,1,1,1,1,1,1,1,1,1,1,1,1,1,1,1,1,1,1,1,1,1,1,1,1,1,
    1,1,1,1,1,1,1,1,1,1,1,1,1,1,1,1,1,1,1,1,1,1,1,1,1,1,1,1,1,1,1,1,1,1,
    1,1,1,1,1,1,1,1,1,1,1,1,1,1,1,1,1,1,1,1,1,1,1,1,1,1,1,1,1,1,1,1,1,1,
    1,1,1,1,1,1,1,1,1,1,1,1,1,1,1,1,1,1,1,1,1,1,1,1,1,1,1,1,1,1,1,1,1,1,
    1,1,1,1,1,1,1,1,1,1,1,1,1,1,1,1,1,1,1,1,1,1,1,1,1,1,1,1,1,1,1,1,1,1,
    1,1,1,1,1,1,1,1,1,1,1,1,1,1,1,1,1,1,1,1,1,1,1,1,1,1,1,1,1,1,1,1,1,1,
    1,1,1,1,1,1,1,1,1,1,1,1,1,1,1,1,1,1,1,1,1,1,1,1,1,1,1,1,1,1,1,1,1,1,
    1,1,1,1,1,1,1,1,1,1,1,1,1,1,1,1,1,1,1,1,1,1,1,1,1,1,1,1,1,1,1,1,1,1,
    1,1,1,1,1,1,1,1,1,1,1,1,1,1,1,1,1,1,1,1,1,1,1,1,1,1,1,1,1,1,1,1,1,1,
    1,1,1,1,1,1,1,1,1,1,1,1,1,1,1,1,1,1,1,1,1,1,1,1,1,1,1,1,1,1,1,1,1,1,
    1,1,1,1,1,1,1,1,1,1,1,1,1,1,1,1,1,1,1,1,1,1,1,1,1,1,1,1,1,1,1,1,1,1,
    1,1,1,1,1,1,1,1,1,1,1,1,1,1,1,1,1,1,1,1,1,1,1,1,1,1,1,1,1,1,1,1,1,1,
    1,1,1,1,1,1,1,1,1,1,1,1,1,1,1,1,1,1,1,1,1,1,1,1,1,1,1,1,1,1,1,1,1,1,
    1,1,1,1,1,1,1,1,1,1,1,1,1,1,1,1,1,1,1,1,1,1,1,1,1,1,1,1,1,1,1,1,1,1,
    1,1,1,1,1,1,1,1,1,1,1,1,1,1,1,1,1,1,1,1,1,1,1,1,1,1,1,1,1,1,1,1,1,1,
    1,1,1,1,1,1,1,1,1,1,1,1,1,1,1,1,1,1,1,1,1,1,1,1,1,1,1,1,1,1,1,1,1,1,
    1,1,1,1,1,1,1,1,1,1,1,1,1,1,1,1,1,1,1,1,1,1,1,1,1,1,1,1,1,1,1,1,1,1,
    1,1,1,1,1,1,1,1,1,1,1,1,1,1,1,1,1,1,1,1,1,1,1,1,1,1,1,1,1,1,1,1,1,1,
    1,1,1,1,1,1,1,1,1,1,1,1,1,1,1,1,1,1,1,1,1,1,1,1,1,1,1,1,1,1,1,1,1,1,
    1,1,1,1,1,1,1,1,1,1,1,1,1,1,1,1,1,1,1,1,1,1,1,1,1,1,1,1,1,1,1,1,1,1,
    1,1,1,1,1,1,1,1,1,1,1,1,1,1,1,1,1,1,1,1,1,1,1,1,1,1,1,1,1,1,1,1,1,1,
    1,1,1,1,1,1,1,1,1,1,1,1,1,1,1,1,1,1,1,1,1,1,1,1,1,1,1,1,1,1,1,1,1,1,
    1,1,1,1,1,1,1,1,1,1,1,1,1,1,1,1,1,1,1,1,1,1,1,1,1,1,1,1,1,1,1,1,1,1,
    1,1,1,1,1,1,1,1,1,1,1,1,1,1,1,1,1,1,1,1,1,1,1,1,1,1,1,1,1,1,1,1,1,1,
    1,1,1,1,1,1,1,1,1,1,1,1,1,1,1,1,1,1,1,1,1,1,1,1,1,1,1,1,1,1,1,1,1,1,
    1,1,1,1,1,1,1,1,1,1,1,1,1,1,1,1,1,1,1,1,1,1,1,1,1,1,1,1,1,1,1,1,1,1,
    1,1,1,1,1,1,1,1,1,1,1,1,1,1,1,1,1,1,1,1,1,1,1,1,1,1,1,1,1,1,1,1,1,1,
    1,1,1,1,1,1,1,1,1,1,1,1,1,1,1,1,1,1,1,1,1,1,1,1,1,1,1,1,1,1,1,1,1,1,
    1,1,1,1,1,1,1,1,1,1,1,1,1,1,1,1,1,1,1,1,1,1,1,1,1,1,1,1,1,1,1,1,1,1,
    1,1,1,1,1,1,1,1,1,1,1,1,1,1,1,1,1,1,1,1,1,1,1,1,1,1,1,1,1,1,1,1,1,1,
    1,1,1,1,1,1,1,1,1,1,1,1,1,1,1,1,1,1,1,1,1,1,1,1,1,1,1,1,1,1,1,1,1,1,
    1,1,1,1,1,1,1,1,1,1,1,1,1,1,1,1,1,1,1,1,1,1,1,1,1,1,1,1,1,1,1,1,1,1,
    1,1,1,1,1,1,1,1,1,1,1,1,1,1,1,1,1,1,1,1,1,1,1,1,1,1,1,1,1,1,1,1,1,1,
    1,1,1,1,1,1,1,1,1,1,1,1,1,1,1,1,1,1,1,1,1,1,1,1,1,1,1,1,1,1,1,1,1,1,
    1,1,1,1,1,1,1,1,1,1,1,1,1,1,1,1,1,1,1,1,1,1,1,1,1,1,1,1,1,1,1,1,1,1,
    1,1,1,1,1,1,1,1,1,1,1,1,1,1,1,1,1,1,1,1,1,1,1,1,1,1,1,1,1,1,1,1,1,1,
    1,1,1,1,1,1,1,1,1,1,1,1,1,1,1,1,1,1,1,1,1,1,1,1,1,1,1,1,1,1,1,1,1,1,
    1,1,1,1,1,1,1,1,1,1,1,1,1,1,1,1,1,1,1,1,1,1,1,1,1,1,1,1,1,1,1,1,1,1,
    1,1,1,1,1,1,1,1,1,1,1,1,1,1,1,1,1,1,1,1,1,1,1,1,1,1,1,1,1,1,1,1,1,1,
    1,1,1,1,1,1,1,1,1,1,1,1,1,1,1,1,1,1,1,1,1,1,1,1,1,1,1,1,1,1,1,1,1,1,
    1,1,1,1,1,1,1,1,1,1,1,1,1,1,1,1,1,1,1,1,1,1,1,1,1,1,1,1,1,1,1,1,1,1,
    1,1,1,1,1,1,1,1,1,1,1,1,1,1,1,4),(0.,1.060043584152E-02,
    2.601002958049E-02,4.142192282905E-02,5.683611619992E-02,
    7.225261026614E-02,8.767140567328E-02,0.103092503,0.118515902843,
    0.13394160578,0.149369612429,0.164799923397,0.180232539215,
    0.195667460549,0.211104687936,0.226544221943,0.241986063175,
    0.257430212216,0.272876669619,0.28832543595,0.30377651185,
    0.319229897805,0.334685594412,0.350143602253,0.365603921852,
    0.381066553794,0.396531498628,0.41199875693,0.427468329237,
    0.442940216094,0.45841441805,0.473890935662,0.489369769469,
    0.504850919997,0.520334387829,0.53582017347,0.55130827745,
    0.566798700318,0.5822914426,0.59778650482,0.61328388751,
    0.628783591208,0.644285616402,0.659789963644,0.675296633448,
    0.690805626313,0.70631694276,0.721830583271,0.737346548427,
    0.752864838698,0.768385454574,0.783908396553,0.799433665162,
    0.814961260892,0.830491184214,0.84602343568,0.861558015719,
    0.877094924856,0.892634163554,0.908175732324,0.92371963165,
    0.93926586197,0.954814423831,0.970365317659,0.985918543932,
    1.001474103161,1.017031995763,1.032592222248,1.048154783068,
    1.063719678681,1.079286909553,1.094856476136,1.110428378921,
    1.12600261832,1.141579194815,1.157158108844,1.172739360861,
    1.188322951327,1.203908880637,1.219497149286,1.235087757724,
    1.25068070635,1.266275995599,1.281873625937,1.297473597787,
    1.313075911545,1.328680567687,1.344287566642,1.359896908792,
    1.375508594581,1.391122624442,1.406738998756,1.422357717956,
    1.437978782498,1.453602192743,1.469227949105,1.484856052014,
    1.500486501858,1.516119299052,1.531754443983,1.54739193707,
    1.563031778702,1.578673969276,1.594318509167,1.609965398784,
    1.625614638528,1.641266228751,1.656920169892,1.672576462287,
    1.688235106322,1.7038961024,1.719559450881,1.735225152129,
    1.750893206536,1.766563614495,1.78223637633,1.797911492427,
    1.813588963161,1.82926878887,1.844950969948,1.860635506731,
    1.876322399577,1.892011648846,1.907703254887,1.923397218071,
    1.939093538732,1.954792217206,1.970493253849,1.98619664902,
    2.00190240303,2.017610516238,2.033320988972,2.04903382157,
    2.064749014377,2.0804665677,2.096186481903,2.111908757289,
    2.127633394167,2.143360392898,2.159089753785,2.174821477161,
    2.190555563318,2.206292012574,2.222030825277,2.237772001717,
    2.253515542209,2.269261447041,2.285009716534,2.300760350991,
    2.316513350717,2.332268716026,2.3480264472,2.363786544517,
    2.379549008295,2.395313838835,2.411081036409,2.426850601312,
    2.442622533832,2.458396834253,2.474173502862,2.489952539921,
    2.505733945737,2.521517720577,2.53730386471,2.553092378425,
    2.568883261962,2.584676515625,2.600472139664,2.616270134349,
    2.632070499949,2.647873236714,2.66367834492,2.679485824806,
    2.695295676662,2.7111079007,2.726922497187,2.742739466402,
    2.758558808563,2.774380523922,2.790204612743,2.806031075251,
    2.821859911673,2.837691122299,2.853524707326,2.869360666991,
    2.885199001546,2.901039711202,2.916882796223,2.932728256816,
    2.94857609319,2.964426305606,2.980278894265,2.996133859397,
    3.011991201212,3.027850919948,3.043713015814,3.059577488987,
    3.07544433972,3.091313568217,3.107185174704,3.123059159353,
    3.138935522361,3.15481426399,3.170695384385,3.186578883754,
    3.202464762326,3.218353020277,3.234243657787,3.250136675071,
    3.266032072315,3.281929849686,3.29783000741,3.313732545647,
    3.329637464584,3.345544764404,3.361454445282,3.377366507405,
    3.393280950941,3.409197776067,3.425116982963,3.441038571801,
    3.456962542732,3.47288889593,3.488817631584,3.504748749827,
    3.520682250844,3.536618134786,3.552556401803,3.568497052054,
    3.584440085711,3.600385502922,3.616333303818,3.632283488585,
    3.648236057342,3.664191010237,3.680148347424,3.69610806905,
    3.712070175254,3.728034666157,3.744001541928,3.759970802685,
    3.775942448557,3.791916479684,3.807892896201,3.823871698238,
    3.839852885907,3.855836459349,3.871822418696,3.887810764043,
    3.903801495524,3.919794613266,3.935790117383,3.951788007979,
    3.967788285181,3.983790949101,3.999795999836,4.015803437499,
    4.031813262215,4.047825474086,4.063840073183,4.079857059645,
    4.095876433553,4.111898195007,4.127922344128,4.143948880965,
    4.159977805648,4.176009118269,4.192042818889,4.208078907628,
    4.224117384559,4.240158249774,4.256201503351,4.272247145363,
    4.288295175911,4.304345595058,4.320398402882,4.336453599476,
    4.352511184885,4.368571159196,4.384633522504,4.40069827484,
    4.416765416265,4.432834946878,4.448906866733,4.46498117589,
    4.481057874402,4.497136962334,4.513218439749,4.529302306697,
    4.545388563226,4.561477209396,4.577568245264,4.593661670853,
    4.609757486237,4.625855691463,4.641956286572,4.658059271597,
    4.674164646577,4.690272411565,4.706382566587,4.722495111692,
    4.738610046898,4.754727372261,4.770847087791,4.78696919352,
    4.803093689509,4.819220575734,4.835349852247,4.851481519084,
    4.867615576242,4.883752023758,4.899890861641,4.916032089907,
    4.932175708599,4.9483217177,4.964470117227,4.980620907202,
    4.996774087617,5.012929658504,5.029087619862,5.045247971686,
    5.061410713972,5.077575846752,5.093743370013,5.109913283735,
    5.126085587933,5.142260282591,5.158437367714,5.174616843307,
    5.19079870933,5.20698296578,5.223169612674,5.23935864996,
    5.255550077645,5.271743895707,5.287940104111,5.304138702883,
    5.320339691956,5.336543071316,5.352748840964,5.368957000845,
    5.385167550931,5.401380491205,5.417595821658,5.433813542211,
    5.45003365287,5.466256153586,5.482481044302,5.498708325021,
    5.514937995673,5.531170056231,5.547404506627,5.563641346852,
    5.57988057686,5.596122196571,5.612366205954,5.628612604958,
    5.644861393561,5.661112571657,5.677366139206,5.693622096189,
    5.709880442517,5.726141178132,5.742404302967,5.758669816991,
    5.774937720112,5.791208012271,5.807480693419,5.823755763463,
    5.840033222341,5.856313069982,5.87259530634,5.888879931317,
    5.905166944822,5.921456346807,5.937748137187,5.954042315875,
    5.970338882792,5.986637837861,6.002939181013,6.019242912131,
    6.035549031131,6.051857537959,6.068168432501,6.084481714655,
    6.100797384343,6.117115441481,6.133435885958,6.149758717676,
    6.166083936553,6.182411542494,6.198741535362,6.215073915072,
    6.23140868154,6.247745834642,6.264085374277,6.280427300325,
    6.296771612704,6.313118311279,6.329467395931,6.345818866572,
    6.362172723076,6.378528965328,6.394887593184,6.411248606568,
    6.427612005349,6.443977789373,6.460345958551,6.476716512748,
    6.493089451839,6.509464775679,6.525842484159,6.542222577157,
    6.558605054513,6.574989916108,6.591377161806,6.607766791488,
    6.624158804986,6.640553202169,6.656949982922,6.673349147087,
    6.689750694511,6.706154625057,6.722560938595,6.738969634962,
    6.755380714,6.771794175567,6.788210019535,6.804628245731,
    6.821048854002,6.837471844205,6.853897216172,6.870324969732,
    6.886755104741,6.903187621047,6.919622518485,6.936059796884,
    6.952499456075,6.968941495906,6.985385916216,7.001832716808,
    7.018281897527,7.03473345821,7.051187398677,7.067643718758,
    7.084102418269,7.100563497045,7.117026954907,7.133492791668,
    7.149961007153,7.166431601175,7.182904573559,7.199379924121,
    7.215857652668,7.232337759017,7.248820242974,7.265305104372,
    7.281792342987,7.298281958639,7.314773951154,7.33126832031,
    7.347765065927,7.364264187803,7.38076568574,7.397269559544,
    7.413775809008,7.430284433919,7.446795434078,7.463308809315,
    7.479824559371,7.496342684056,7.512863183191,7.529386056529,
    7.545911303874,7.562438925004,7.578968919709,7.595501287783,
    7.612036028998,7.628573143144,7.645112630009,7.661654489356,
    7.678198720956,7.694745324617,7.71129430009,7.727845647158,
    7.744399365594,7.760955455181,7.777513915683,7.794074746831,
    7.810637948451,7.827203520293,7.843771462114,7.860341773682,
    7.876914454754,7.893489505109,7.910066924473,7.926646712649,
    7.94322886938,7.959813394406,7.976400287508,7.992989548426,
    8.009581176913,8.026175172723,8.042771535624,8.059370265342,
    8.075971361629,8.092574824246,8.10918065292,8.125788847426,
    8.142399407476,8.15901233282,8.175627623224,8.192245278387,
    8.208865298091,8.225487682048,8.242112429986,8.258739541657,
    8.275369016797,8.292000855132,8.308635056387,8.325271620307,
    8.341910546613,8.358551835051,8.375195485317,8.391841497144,
    8.408489870281,8.425140604421,8.441793699309,8.45844915465,
    8.475106970173,8.491767145594,8.508429680631,8.525094574998,
    8.541761828403,8.558431440583,8.575103411229,8.59177774006,
    8.608454426795,8.62513347113,8.641814872763,8.658498631424,
    8.675184746819,8.691873218632,8.708564046583,8.725257230374,
    8.741952769697,8.758650664264,8.775350913745,8.792053517877,
    8.808758476335,8.825465788802,8.842175455011,8.858887474626,
    8.875601847335,8.892318572835,8.909037650832,8.925759080998,
    8.942482863018,8.95920899659,8.975937481373,8.992668317092,
    9.009401503408,9.026137040003,9.042874926567,9.059615162745,
    9.076357748249,9.093102682742,9.109849965922,9.12659959743,
    9.143351576967,9.160105904213,9.176862578787,9.193621600417,
    9.210382968747,9.227146683446,9.243912744181,9.260681150617,
    9.277451902437,9.294224999265,9.31100044081,9.327778226711,
    9.344558356625,9.361340830218,9.378125647138,9.394912807071,
    9.411702309624,9.428494154494,9.445288341327,9.462084869767,
    9.478883739474,9.495684950081,9.512488501249,9.529294392637,
    9.546102623892,9.562913194628,9.579726104518,9.596541353215,
    9.613358940341,9.630178865551,9.647001128473,9.663825728752,
    9.680652666035,9.697481939964,9.714313550146,9.731147496236,
    9.747983777892,9.764822394697,9.781663346323,9.798506632392,
    9.815352252513,9.832200206351,9.849050493514,9.865903113627,
    9.882758066321,9.899615351214,9.916474967941,9.933336916111,
    9.950201195365,9.967067805327,9.983936745581,10.000808015772,
    10.017681615518,10.034557544435,10.051435802124,10.068316388216,
    10.085199302323,10.10208454404,10.118972113005,10.135862008816,
    10.15275423107,10.169648779388,10.186545653393,10.203444852657,
    10.220346376803,10.23725022545,10.254156398162,10.271064894572,
    10.287975714291,10.3048888569,10.321804321992,10.338722109171,
    10.355642218038,10.3725646482,10.389489399233,10.406416470733,
    10.423345862304,10.440277573527,10.457211604013,10.474147953329,
    10.491086621061,10.508027606817,10.524970910184,10.541916530743,
    10.558864468068,10.575814721743,10.592767291359,10.609722176517,
    10.626679376774,10.643638891703,10.660600720904,10.677564863955,
    10.694531320408,10.711500089866,10.728471171905,10.745444566069,
    10.762420271963,10.77939828914,10.796378617182,10.813361255661,
    10.83034620413,10.847333462181,10.864323029365,10.881314905248,
    10.898309089399,10.915305581391,10.93230438078,10.949305487122,
    10.966308899987,10.98331461894,11.000322643536,11.017332973321,
    11.034345607865,11.051360546725,11.06837778947,11.085397335626,
    11.102419184766,11.119443336441,11.136469790188,11.153498545592,
    11.170529602165,11.18756295948,11.204598617078,11.221636574503,
    11.238676831308,11.255719387045,11.272764241236,11.289811393428,
    11.306860843207,11.323912590068,11.340966633563,11.358022973223,
    11.375081608601,11.392142539243,11.409205764668,11.426271284413,
    11.443339098027,11.460409205048,11.477481604984,11.494556297382,
    11.511633281773,11.528712557686,11.545794124658,11.562877982212,
    11.579964129875,11.597052567173,11.614143293639,11.631236308787,
    11.648331612147,11.665429203255,11.682529081605,11.699631246738,
    11.716735698183,11.73384243544,11.750951458033,11.7680627655,
    11.785176357326,11.802292233027,11.819410392152,11.836530834193,
    11.853653558674,11.870778565093,11.887905852967,11.905035421824,
    11.92216727114,11.939301400452,11.956437809268,11.973576497073,
    11.990717463382,12.007860707714,12.02500622956,12.042154028434,
    12.059304103834,12.07645645525,12.093611082207,12.110767984194,
    12.12792716069,12.145088611223,12.162252335288,12.179418332359,
    12.196586601954,12.213757143562,12.230929956671,12.248105040787,
    12.265282395395,12.28246201997,12.299643914018,12.316828077053,
    12.334014508522,12.351203207925,12.368394174776,12.385587408528,
    12.402782908671,12.419980674716,12.437180706117,12.454383002368,
    12.471587562966,12.488794387371,12.506003475073,12.523214825538,
    12.540428438256,12.557644312724,12.574862448381,12.592082844726,
    12.609305501244,12.626530417397,12.64375759265,12.660987026477,
    12.678218718359,12.695452667775,12.712688874182,12.729927337049,
    12.747168055862,12.764411030066,12.781656259138,12.798903742541,
    12.816153479752,12.833405470226,12.850659713424,12.867916208815,
    12.885174955859,12.90243595403,12.919699202764,12.936964701539,
    12.954232449807,12.971502447021,12.988774692657,13.006049186155,
    13.02332592697,13.040604914559,13.057886148392,13.07516962789,
    13.092455352541,13.109743321781,13.127033535055,13.144325991821,
    13.161620691514,13.17891763359,13.196216817509,13.213518242738,
    13.230821908671,13.248127814762,13.265435960496,13.282746345274,
    13.300058968555,13.317373829788,13.334690928406,13.352010263854,
    13.369331835583,13.386655643002,13.403981685569,13.421309962721,
    13.438640473878,13.455973218513,13.47330819603,13.490645405856,
    13.50798484745,13.52532652025,13.542670423666,13.56001655712,
    13.57736492007,13.594715511934,13.612068332127,13.629423380105,
    13.646780655289,13.66414015709,13.681501884933,13.698865838262,
    13.716232016487,13.733600419031,13.750971045332,13.768343894807,
    13.785718966852,13.803096260918,13.820475776421,13.837857512761,
    13.855241469369,13.872627645675,13.890016041075,13.907406654987,
    13.924799486844,13.942194536043,13.959591801994,13.976991284134,
    13.994392981867,14.011796894583,14.029203021705,14.046611362647,
    14.064021916838,14.08143468365,14.0988496625,14.11626685282,
    14.133686253989,14.151107865419,14.168531686526,14.185957716709,
    14.20338595536,14.220816401879,14.238249055709,14.255683916217,
    14.273120982785,14.290560254844,14.308001731799,14.325445413018,
    14.34289129792,14.360339385914,14.377789676367,14.395242168687,
    14.412696862263,14.430153756508,14.44761285079,14.465074144507,
    14.482537637086,14.500003327869,14.517471216268,14.53494130168,
    14.552413583482,14.56988806107,14.587364733826,14.604843601141,
    14.622324662396,14.639807916978,14.657293364282,14.67478100369,
    14.692270834564,14.709762856313,14.727257068308,14.744753469924,
    14.762252060556,14.779752839579,14.797255806363,14.814760960294,
    14.832268300753,14.84977782711,14.867289538745,14.884803435033,
    14.902319515366,14.919837779088,14.937358225589,14.954880854238,
    14.972405664421,14.989932655496,15.007461826823,15.024993177804,
    15.042526707779,15.060062416126,15.07760030222,15.095140365431,
    15.112682605125,15.130227020648,15.147773611389,15.165322376704,
    15.182873315961,15.200426428522,15.217981713748,15.235539170991,
    15.253098799623,15.270660599026,15.288224568533,15.305790707498,
    15.323359015305,15.340929491297,15.358502134816,15.376076945267,
    15.393653921976,15.411233064277,15.42881437156,15.446397843166,
    15.463983478452,15.481571276768,15.499161237469,15.516753359898,
    15.534347643411,15.551944087379,15.569542691124,15.587143454011,
    15.604746375373,15.62235145455,15.639958690932,15.657568083838,
    15.675179632602,15.69279333659,15.71040919515,15.72802720761,
    15.745647373306,15.763269691609,15.780894161852,15.798520783352,
    15.816149555474,15.833780477567,15.851413548937,15.869048768951,
    15.886686136952,15.904325652246,15.92196731419,15.939611122123,
    15.957257075385,15.974905173294,15.992555415189,16.01020780042,
    16.027862328306,16.045518998173,16.063177809378,16.080838761222,
    16.098501853048,16.116167084213,16.133834454008,16.151503961767,
    16.169175606843,16.186849388556,16.204525306216,16.222203359149,
    16.239883546704,16.257565868199,16.275250322944,16.292936910279,
    16.310625629516,16.32831647999,16.346009461014,16.363704571901,
    16.381401811992,16.39910118061,16.416802677058,16.434506300656,
    16.452212050736,16.469919926591,16.487629927566,16.505342052983,
    16.523056302125,16.540772674317,16.558491168898,16.576211785169,
    16.593934522434,16.611659380011,16.629386357236,16.647115453387,
    16.664846667774,16.682579999755,16.700315448598,16.718053013609,
    16.735792694126,16.753534489445,16.771278398872,16.789024421721,
    16.806772557285,16.824522804875,16.842275163801,16.860029633387,
    16.877786212917,16.895544901675,16.913305698986,16.931068604178,
    16.948833616519,16.966600735299,16.984369959862,17.002141289491,
    17.019914723474,17.037690261104,17.055467901713,17.073247644577,
    17.091029488981,17.108813434271,17.126599479696,17.144387624545,
    17.16217786816,17.17997020981,17.197764648785,17.21556118439,
    17.233359815912,17.251160542656,17.268963363884,17.28676827891,
    17.304575287032,17.322384387519,17.340195579688,17.358008862793,
    17.375824236156,17.393641699054,17.411461250759,17.42928289058,
    17.447106617796,17.464932431688,17.482760331547,17.500590316662,
    17.518422386316,17.536256539793,17.55409277636,17.571931095314,
    17.589771495937,17.607613977517,17.625458539331,17.643305180641,
    17.661153900738,17.679004698932,17.696857574478,17.714712526625,
    17.732569554691,17.750428657951,17.76828983566,17.786153087122,
    17.804018411599,17.821885808345,17.839755276655,17.857626815822,
    17.875500425102,17.893376103761,17.911253851081,17.929133666319,
    17.94701554877,17.96489949769,17.982785512356,18.000673592042,
    18.018563736004,18.036455943519,18.054350213862,18.072246546292,
    18.09014494008,18.108045394493,18.12594790878,18.143852482241,
    18.16175911413,18.179667803682,18.197578550197,18.215491352936,
    18.233406211152,18.251323124101,18.269242091053,18.287163111288,
    18.305086184039,18.323011308574,18.34093848416,18.358867710064,
    18.376798985524,18.394732309816,18.412667682197,18.430605101922,
    18.448544568237,18.466486080417,18.484429637715,18.50237523937,
    18.520322884656,18.538272572833,18.556224303144,18.574178074837,
    18.592133887172,18.610091739389,18.628051630759,18.646013560542,
    18.663977527987,18.681943532317,18.699911572777,18.717881648668,
    18.735853759218,18.753827903636,18.771804081223,18.789782291217,
    18.807762532827,18.825744805361,18.843729108032,18.861715440054,
    18.879703800748,18.897694189296,18.91568660495,18.933681047002,
    18.951677514647,18.969676007138,18.987676523731,19.005679063669,
    19.023683626162,19.041690210494,19.059698815887,19.077709441561,
    19.095722086801,19.113736750823,19.131753432854,19.149772132135,
    19.167792847929,19.185815579451,19.203840325934,19.221867086633,
    19.239895860794,19.257926647624,19.275959446351,19.293994256247,
    19.312031076529,19.33006990642,19.348110745172,19.366153592008,
    19.384198446147,19.40224530686,19.420294173342,19.438345044828,
    19.456397920577,19.474452799781,19.492509681696,19.510568565543,
    19.528629450553,19.546692335961,19.564757220981,19.582824104853,
    19.600892986787,19.618963866027,19.637036741792,19.655111613302,
    19.673188479809,19.6912673405,19.709348194609,19.727431041392,
    19.745515880055,19.763602709789,19.78169152985,19.799782339464,
    19.817875137842,19.835969924188,19.854066697744,19.872165457738,
    19.890266203378,19.908368933889,19.926473648478,19.944580346369,
    19.962689026779,19.980799688944,19.998912332072,20.017026955358,
    20.03514355804,20.053262139344,20.071382698454,20.0895052346,
    20.107629747027,20.125756234901,20.143884697452,20.162015133918,
    20.180147543487,20.198281925378,20.216418278797,20.234556602965,
    20.252696897098,20.270839160404,20.288983392077,20.307129591354,
    20.325277757424,20.343427889496,20.361579986794,20.379734048519,
    20.39789007388,20.416048062079,20.434208012338,20.452369923846,
    20.470533795817,20.488699627457,20.50686741798,20.525037166583,
    20.543208872459,20.561382534842,20.579558152909,20.597735725883,
    20.61591525296,20.634096733328,20.652280166194,20.670465550792,
    20.688652886304,20.706842171905,20.725033406832,20.743226590272,
    20.761421721408,20.779618799464,20.797817823654,20.816018793134,
    20.834221707113,20.852426564819,20.870633365424,20.888842108128,
    20.907052792126,20.925265416622,20.94347998082,20.9616964839,
    20.979914925061,20.9981353035,21.016357618391,21.034581868963,
    21.052808054407,21.071036173882,21.089266226629,21.107498211793,
    21.125732128578,21.143967976206,21.162205753839,21.180445460682,
    21.198687095915,21.21693065873,21.235176148324,21.253423563895,
    21.271672904602,21.289924169645,21.308177358245,21.326432469551,
    21.344689502751,21.362948457063,21.38120933166,21.399472125713,
    21.417736838407,21.436003468949,21.454272016517,21.472542480305,
    21.490814859475,21.509089153222,21.527365360734,21.545643481182,
    21.563923513766,21.582205457664,21.600489312047,21.618775076115,
    21.637062749041,21.655352329989,21.673643818174,21.691937212759,
    21.7102325129,21.728529717815,21.746828826682,21.765129838655,
    21.783432752918,21.801737568664,21.820044285065,21.838352901295,
    21.856663416531,21.874975829954,21.893290140744,21.911606348053,
    21.929924451084,21.948244449019,21.966566341008,21.984890126226,
    22.003215803866,22.0215433731,22.039872833085,22.058204183021,
    22.076537422048,22.094872549355,22.113209564115,22.131548465504,
    22.149889252697,22.168231924836,22.186576481125,22.204922920738,
    22.223271242806,22.241621446527,22.259973531083,22.27832749561,
    22.296683339295,22.31504106131,22.333400660818,22.351762136989,
    22.370125488981,22.388490715982,22.406857817137,22.425226791616,
    22.443597638596,22.461970357244,22.480344946699,22.498721406148,
    22.517099734778,22.535479931709,22.553861996121,22.572245927189,
    22.590631724066,22.609019385923,22.627408911909,22.645800301198,
    22.664193552952,22.682588666335,22.700985640497,22.719384474607,
    22.737785167826,22.756187719307,22.77459212822,22.792998393721,
    22.811406514968,22.829816491122,22.848228321354,22.86664200479,
    22.885057540613,22.903474927982,22.921894166046,22.940315253959,
    22.958738190892,22.977162975998,22.995589608411,23.014018087315,
    23.032448411849,23.05088058118,23.06931459446,23.087750450842,
    23.106188149468,23.124627689507,23.143069070122,23.161512290437,
    23.179957349628,23.198404246838,23.216852981227,23.235303551951,
    23.253755958138,23.27221019896,23.290666273573,23.309124181109,
    23.327583920725,23.346045491592,23.364508892819,23.382974123594,
    23.401441183052,23.419910070336,23.438380784609,23.456853325,
    23.47532769067,23.493803880765,23.512281894438,23.530761730831,
    23.549243389096,23.567726868355,23.586212167772,23.604699286524,
    23.623188223715,23.641678978484,23.660171550014,23.67866593744,
    23.697162139865,23.715660156484,23.734159986434,23.752661628836,
    23.771165082854,23.789670347608,23.808177422268,23.826686305946,
    23.845196997811,23.863709497014,23.88222380265,23.900739913888,
    23.919257829888,23.937777549773,23.95629907266,23.974822397729,
    23.993347524105,24.01187445091,24.030403177317,24.048933702438,
    24.067466025419,24.086000145405,24.104536061528,24.123073772932,
    24.141613278732,24.160154578093,24.17869767014,24.197242554019,
    24.215789228858,24.23433769379,24.252887947959,24.271439990491,
    24.289993820532,24.308549437213,24.327106839669,24.345666027031,
    24.364226998434,24.382789753026,24.401354289918,24.419920608241,
    24.438488707176,24.457058585797,24.475630243267,24.494203678723,
    24.512778891272,24.531355880061,24.54993464422,24.568515182901,
    24.587097495196,24.605681580242,24.62426743722,24.642855065204,
    24.661444463316,24.680035630743,24.698628566593,24.717223269955,
    24.735819739995,24.754417975849,24.773017976629,24.791619741465,
    24.810223269487,24.828828559809,24.847435611577,24.866044423915,
    24.884654995939,24.903267326795,24.921881415576,24.94049726144,
    24.959114863511,24.977734220884,24.996355332716,25.014978198139,
    25.033602816242,25.05222918616,25.070857307037,25.089487177971,
    25.108118798114,25.126752166566,25.145387282465,25.16402414493,
    25.182662753061,25.201303106013,25.219945202913,25.238589042851,
    25.257234624948,25.275881948364,25.294531012189,25.313181815546,
    25.331834357575,25.350488637377,25.369144654073,25.387802406784,
    25.406461894647,25.425123116769,25.443786072258,25.462450760246,
    25.481117179856,25.499785330191,25.518455210374,25.537126819547,
    25.555800156793,25.57447522124,25.593152012022,25.611830528244,
    25.630510769011,25.649192733455,25.667876420694,25.686561829816,
    25.705248959979,25.723937810292,25.742628379834,25.761320667739,
    25.780014673138,25.798710395128,25.817407832833,25.836106985374,
    25.854807851841,25.873510431368,25.892214723052,25.910920726005,
    25.92962843938,25.948337862253,25.967048993724,25.985761832947,
    26.004476379011,26.023192631006,26.041910588087,26.060630249345,
    26.079351613885,26.098074680832,26.116799449285,26.135525918364,
    26.154254087163,26.172983954799,26.191715520403,26.210448783063,
    26.229183741899,26.247920396006,26.266658744503,26.285398786497,
    26.304140521093,26.322883947417,26.341629064546,26.3603758716,
    26.379124367704,26.397874551956,26.416626423457,26.435379981315,
    26.454135224625,26.472892152529,26.491650764105,26.510411058447,
    26.529173034708,26.547936691958,26.5667020293,26.585469045867,
    26.604237740726,26.623008112993,26.641780161813,26.660553886249,
    26.6793292854,26.698106358398,26.716885104341,26.735665522311,
    26.754447611422,26.773231370794,26.792016799509,26.810803896689,
    26.829592661417,26.848383092797,26.867175189947,26.885968951949,
    26.904764377926,26.923561466978,26.942360218183,26.961160630654,
    26.979962703497,26.998766435808,27.017571826699,27.036378875247,
    27.055187580573,27.073997941774,27.092809957933,27.111623628174,
    27.130438951573,27.149255927251,27.168074554287,27.186894831788,
    27.205716758864,27.224540334582,27.243365558078,27.262192428426,
    27.281020944723,27.299851106087,27.318682911599,27.337516360354,
    27.356351451465,27.375188183998,27.394026557075,27.412866569802,
    27.431708221247,27.450551510522,27.469396436707,27.488242998915,
    27.50709119625,27.52594102778,27.544792492608,27.563645589848,
    27.58250031858,27.601356677898,27.62021466689,27.63907428466,
    27.657935530302,27.676798402909,27.695662901572,27.714529025386,
    27.733396773439,27.752266144828,27.771137138643,27.790009753991,
    27.808883989941,27.827759845598,27.846637320061,27.865516412402,
    27.884397121736,27.903279447142,27.922163387706,27.941048942525,
    27.959936110688,27.978824891309,27.997715283436,28.016607286188,
    28.035500898656,28.054396119905,28.073292949053,28.092191385177,
    28.111091427375,28.129993074728,28.148896326312,28.167801181249,
    28.186707638609,28.205615697463,28.224525356945,28.243436616101,
    28.26234947404,28.281263929841,28.300179982589,28.319097631379,
    28.338016875311,28.356937713459,28.375860144894,28.394784168723,
    28.413709784041,28.432636989905,28.451565785423,28.470496169698,
    28.489428141766,28.508361700751,28.527296845737,28.546233575794,
    28.565171890027,28.584111787491,28.603053267305,28.621996328554,
    28.640940970279,28.659887191589,28.678834991597,28.697784369357,
    28.716735323954,28.735687854481,28.754641960018,28.773597639653,
    28.792554892459,28.811513717529,28.830474113932,28.849436080775,
    28.868399617124,28.887364722074,28.906331394694,28.92529963404,
    28.944269439264,28.963240809406,28.982213743537,29.00118824077,
    29.020164300145,29.039141920785,29.058121101762,29.077101842141,
    29.096084141012,29.115067997446,29.134053410548,29.153040379385,
    29.172028903033,29.191018980566,29.21001061107,29.229003793641,
    29.247998527352,29.266994811257,29.285992644464,29.304992026052,
    29.323992955087,29.342995430651,29.361999451812,29.381005017687,
    29.40001212732,29.419020779781,29.438030974184,29.457042709588,
    29.476055985065,29.495070799704,29.514087152578,29.533105042759,
    29.552124469345,29.571145431386,29.590167927968,29.609191958181,
    29.628217521096,29.647244615774,29.666273241315,29.685303396791,
    29.704335081247,29.723368293805,29.742403033509,29.761439299443,
    29.780477090701,29.799516406339,29.818557245435,29.837599607051,
    29.85664349029,29.875688894218,29.8947358179,29.913784260418,
    29.932834220845,29.951885698252,29.970938691723,29.989993200326,
    30.009049223131,30.02810675923,30.047165807673,30.066226367537,
    30.085288437908,30.104352017862,30.123417106456,30.14248370277,
    30.161551805886,30.180621414865,30.19969252878,30.218765146722,
    30.237839267745,30.256914890912,30.275992015319,30.295070640037,
    30.314150764113,30.333232386637,30.352315506696,30.37140012334,
    30.39048623563,30.40957384265,30.428662943484,30.447753537206,
    30.466845622863,30.485939199527,30.505034266284,30.524130822198,
    30.54322886635,30.562328397794,30.5814294156,30.600531918856,
    30.619635906621,30.638741377963,30.657848331943,30.676956767653,
    30.696066684154,30.715178080514,30.734290955791,30.753405309057,
    30.772521139408,30.791638445883,30.810757227563,30.829877483515,
    30.848999212796,30.868122414506,30.887247087686,30.906373231388,
    30.925500844725,30.944629926757,30.963760476515,30.9828924931,
    31.002025975566,31.021160922974,31.040297334413,31.059435208948,
    31.078574545621,31.097715343523,31.116857601708,31.136001319253,
    31.155146495216,31.174293128659,31.193441218679,31.212590764316,
    31.231741764622,31.250894218694,31.270048125589,31.289203484373,
    31.30836029409,31.327518553837,31.346678262678,31.365839419655,
    31.385002023844,31.404166074316,31.423331570129,31.442498510364,
    31.461666894071,31.480836720305,31.500007988163,31.519180696676,
    31.538354844917,31.557530431975,31.576707456895,31.595885918728,
    31.615065816561,31.634247149457,31.653429916451,31.672614116639,
    31.691799749089,31.710986812832,31.730175306954,31.74936523052,
    31.768556582583,31.787749362206,31.806943568456,31.826139200421,
    31.845336257117,31.864534737621,31.883734641027,31.902935966374,
    31.922138712712,31.941342879126,31.960548464664,31.979755468404,
    31.998963889387,32.018173726697,32.037384979387,32.056597646495,
    32.075811727123,32.095027220317,32.11424412513,32.13346244064,
    32.152682165883,32.171903299949,32.191125841888,32.21034979076,
    32.229575145615,32.248801905521,32.268030069563,32.287259636774,
    32.306490606215,32.325722976954,32.344956748049,32.36419191858,
    32.383428487585,32.402666454113,32.421905817247,32.441146576043,
    32.460388729573,32.479632276878,32.498877217007,32.518123549026,
    32.537371272031,32.556620385059,32.575870887136,32.595122777367,
    32.614376054806,32.633630718485,32.652886767488,32.672144200859,
    32.691403017664,32.710663216967,32.729924797821,32.749187759275,
    32.768452100415,32.787717820266,32.806984917897,32.826253392393,
    32.845523242782,32.86479446814,32.884067067507,32.903341039949,
    32.922616384536,32.941893100314,32.96117118634,32.980450641662,
    32.999731465373,33.019013656509,33.038297214106,33.057582137257,
    33.076868424996,33.09615607639,33.115445090501,33.134735466385,
    33.154027203085,33.173320299668,33.192614755195,33.211910568715,
    33.231207739289,33.250506265978,33.269806147832,33.289107383904,
    33.30840997325,33.327713914943,33.34701920803,33.366325851566,
    33.385633844601,33.404943186188,33.424253875406,33.443565911291,
    33.462879292907,33.482194019318,33.501510089563,33.5208275027,
    33.540146257787,33.559466353894,33.578787790039,33.598110565327,
    33.61743467881,33.63676012948,33.656086916446,33.675415038759,
    33.69474449547,33.714075285619,33.733407408278,33.752740862501,
    33.772075647331,33.791411761846,33.810749205094,33.830087976084,
    33.849428073933,33.868769497668,33.888112246333,33.907456319029,
    33.926801714733,33.946148432557,33.96549647155,33.984845830759,
    34.004196509231,34.02354850602,34.042901820196,34.062256450799,
    34.081612396888,34.100969657505,34.120328231722,34.139688118578,
    34.159049317134,34.178411826449,34.197775645566,34.217140773549,
    34.236507209438,34.255874952292,34.275244001154,34.294614355101,
    34.313986013196,34.333358974439,34.352733237918,34.37210880269,
    34.391485667801,34.410863832305,34.430243295241,34.449624055675,
    34.469006112673,34.488389465259,34.507774112491,34.527160053455,
    34.546547287162,34.565935812681,34.585325629071,34.604716735365,
    34.624109130637,34.64350281393,34.662897784293,34.682294040796,
    34.701691582464,34.721090408353,34.740490517538,34.759891909056,
    34.779294581942,34.798698535289,34.818103768109,34.837510279476,
    34.856918068441,34.876327134039,34.895737475337,34.91514909138,
    34.934561981216,34.95397614392,34.97339157852,34.992808284062,
    35.012226259608,35.031645504212,35.051066016948,35.070487796806,
    35.089910842899,35.109335154249,35.128760729885,35.148187568909,
    35.167615670339,35.18704503323,35.206475656648,35.225908177822,
    35.245345787126,35.264791677728,35.284246492722,35.303710237154,
    35.323182916123,35.342664534702,35.36215509791,35.381654610812,
    35.401163078427,35.420680505775,35.440206897862,35.459742259705,
    35.479286596278,35.498839912579,35.518402213554,35.537973504182,
    35.557553789422,35.577143074182,35.59674136342,35.616348662054,
    35.635964974984,35.65559030712,35.675224663374,35.694868048592,
    35.714520467655,35.734181925443,35.753852426789,35.773531976556,
    35.793220579557,35.812918240626,35.832624964584,35.852340756216,
    35.872065620322,35.891799561711,35.911542585134,35.93129469533,
    35.951055897107,35.970826195186,35.99060559428,36.010394099169,
    36.030191714528,36.04999844507,36.069814295508,36.089639270524,
    36.109473374778,36.129316612948,36.149168989719,36.169030509706,
    36.188901177559,36.208780997913,36.228669975364,36.248568114566,
    36.268475420111,36.28839189655,36.308317548513,36.328252380534,
    36.348196397211,36.368149603091,36.388112002676,36.408083600559,
    36.428064401238,36.448054409234,36.468053629055,36.488062065165,
    36.508079722088,36.528106604315,36.548142716279,36.56818806245,
    36.588242647296,36.608306475223,36.628379550686,36.648461878109,
    36.6685534619,36.688654306449,36.70876441617,36.728883795423,
    36.749012448591,36.769150380056,36.789297594144,36.809454095236,
    36.829619887674,36.849794975744,36.869979363774,36.890173056091,
    36.910376056993,36.930588370773,36.950810001711,36.971040954078,
    36.991281232111,37.011530840117,37.031789782312,37.052058062911,
    37.072335686166,37.092622656305,37.112918977511,37.133224653996,
    37.153539689933,37.173864089524,37.194197856966,37.214540996351,
    37.234893511872,37.255255407685,37.275626687882,37.296007356619,
    37.31639741804,37.336796876228,37.357205735254,37.377623999215,
    37.398051672237,37.418488758338,37.438935261621,37.459391186127,
    37.479856535872,37.500331314921,37.52081552729,37.541309177012,
    37.561812268079,37.58232480448,37.602846790237,37.62337822931,
    37.643919125651,37.664469483272,37.685029306093,37.705598598083,
    37.726177363157,37.746765605233,37.767363328264,37.787970536135,
    37.808587232746,37.829213422028,37.849849107808,37.870494293997,
    37.891148984457,37.911813183015,37.932486893557,37.953170119894,
    37.973862865873,37.994565135322,38.015276932038,38.03599825982,
    38.056729122476,38.077469523779,38.098219467529,38.118978957486,
    38.139747997404,38.160526591008,38.181314742082,38.202112454366,
    38.222919731532,38.243736577341,38.264562995502,38.285398989669,
    38.306244563574,38.3270997209,38.347964465303,38.368838800442,
    38.389722729991,38.410616257567,38.431519386835,38.452432121443,
    38.473354464941,38.494286421028,38.51522799326,38.536179185207,
    38.557140000529,38.578110442753,38.599090515436,38.620080222171,
    38.641079566502,38.662088551972,38.683107182113,38.704135460441,
    38.725173390485,38.746220975763,38.767278219776,38.78834512601,
    38.80942169792,38.830507939044,38.851603852814,38.87270944266,
    38.893824712078,38.914949664507,38.936084303346,38.957228632043,
    38.978382654017,38.999546372675,39.020719791398,39.041902913612,
    39.063095742678,39.084298281952,39.105510534832,39.126732504659,
    39.147964194786,39.169205608566,39.190456749311,39.211717620362,
    39.232988225029,39.254268566606,39.275558648394,39.29685847373,
    39.318168045852,39.339487368038,39.360816443562,39.382155275674,
    39.40350386762,39.424862222676,39.446230344026,39.467608234937,
    39.488995898606,39.510393338228,39.531800557043,39.553217558189,
    39.574644344888,39.596080920331,39.617527287642,39.638983450002,
    39.660449410538,39.681925172417,39.703410738804,39.724906112784,
    39.746411297476,39.76792629598,39.789451111433,39.810985746924,
    39.832530205506,39.854084490274,39.875648604336,39.897222550687,
    39.918806332422,39.94039995257,39.962003414178,39.983616720315,
    40.005239873907,40.026872878052,40.048515735713,40.070168449871,
    40.091831023583,40.113503459796,40.135185761447,40.156877931547,
    40.178579973032,40.20029188884,40.222013681958,40.2437453553,
    40.265486911757,40.287238354274,40.308999685773,40.330770909118,
    40.352552027235,40.374343043031,40.396143959305,40.417954778993,
    40.439775504936,40.461606140003,40.483446687034,40.505297148826,
    40.527157528279,40.549027828165,40.570908051323,40.592798200559,
    40.614698278645,40.636608288404,40.658528232623,40.68045811404,
    40.702397935456,40.724347699631,40.746307409277,40.768277067188,
    40.790256676084,40.812246238701,40.834245757722,40.856255235897,
    40.878274675953,40.900304080518,40.922343452344,40.944392794096,
    40.966452108434,40.988521398058,41.010600665572,41.032689913672,
    41.05478914499,41.076898362172,41.099017567846,41.121146764608,
    41.143285955085,41.165435141894,41.187594327617,41.209763514867,
    41.231942706217,41.254131904201,41.27633111145,41.298540330483,
    41.320759563873,41.342988814145,41.365228083861,41.387477375546,
    41.40973669171,41.432006034854,41.454285407498,41.476574812152,
    41.498874251295,41.521183727449,41.543503243038,41.565832800529,
    41.588172402427,41.610522051173,41.632881749182,41.655251498932,
    41.677631302834,41.700021163296,41.722421082796,41.744831063682,
    41.767251108367,41.789681219292,41.812121398754,41.834571649199,
    41.857031973015,41.87950237251,41.901982850082,41.924473408059,
    41.946974048779,41.969484774598,41.992005587834,42.014536490806,
    42.037077485825,42.059628575189,42.08218976122,42.10476104618,
    42.127342432355,42.149933922066,42.172535517541,42.195147221023,
    42.217769034803,42.240400961121,42.263043002189,42.285695160275,
    42.308357437619,42.33102983637,42.353712358782,42.376405007049,
    42.399107783361,42.421820689946,42.44454372893,42.467276902496,
    42.490020212879,42.512773662146,42.535537252477,42.558310986045,
    42.581094864957,42.603888891379,42.626693067392,42.649507395131,
    42.6723318767,42.69516651423,42.718011309772,42.740866265421,
    42.763731383292,42.786606665425,42.809492113904,42.83238773077,
    42.855293518058,42.878209477852,42.901135612227,42.924071923101,
    42.947018412553,42.969975082635,42.992941935311,43.015918972603,
    43.038906196485,43.061903608937,43.084911211991,43.107929007598,
    43.130956997704,43.153995184257,43.177043569269,43.200102154616,
    43.22317094227,43.246249934193,43.26933913224,43.292438538379,
    43.315548154507,43.338667982506,43.361798024332,43.38493828182,
    43.408088756833,43.431249451301,43.454420367075,43.477601506013,
    43.500792869958,43.52399446076,43.547206280279,43.570428330319,
    43.593660612739,43.616903129347,43.640155881941,43.663418872341,
    43.686692102331,43.709975573711,43.733269288278,43.756573247793,
    43.779887454055,43.803211908782,43.826546613758,43.849891570735,
    43.873246781469,43.896612247673,43.919987971077,43.943373953419,
    43.966770196413,43.990176701755,44.013593471168,44.037020506328,
    44.060457808952,44.083905380698,44.10736322322,44.130831338242,
    44.154309727383,44.177798392313,44.201297334679,44.224806556129,
    44.248326058309,44.271855842804,44.295395911253,44.318946265305,
    44.34250690651,44.366077836523,44.389659056933,44.413250569288,
    44.43685237518,44.460464476203,44.484086873935,44.507719569906,
    44.531362565653,44.555015862781,44.578679462795,44.602353367251,
    44.626037577653,44.649732095504,44.673436922368,44.697152059737,
    44.720877509075,44.74461327192,44.768359349728,44.792115743987,
    44.815882456221,44.839659487827,44.863446840308,44.887244515093,
    44.911052513633,44.93487083739,44.958699487786,44.98253846626,
    45.006387774212,45.030247413056,45.054117384211,45.077997689122,
    45.101888329102,45.125789305574,45.149700619963,45.173622273576,
    45.197554267802,45.221496604056,45.245449283627,45.269412307901,
    45.293385678209,45.31736939585,45.341363462234,45.365367878662,
    45.389382646383,45.41340776677,45.437443241135,45.461489070752,
    45.485545256891,45.509611800852,45.533688703956,45.557775967418,
    45.581873592534,45.605981580564,45.630099932725,45.654228650291,
    45.678367734505,45.702517186604,45.726677007805,45.750847199304,
    45.775027762362,45.799218698165,45.823420007911,45.847631692812,
    45.871853754007,45.896086192721,45.920329010132,45.944582207384,
    45.968845785681,45.993119746126,46.017404089899,46.041698818171,
    46.066003932025,46.090319432626,46.114645321086,46.138981598534,
    46.16332826606,46.187685324796,46.212052775863,46.236430620303,
    46.26081885919,46.285217493679,46.309626524815,46.334045953636,
    46.358475781227,46.38291600864,46.407366636912,46.431827667104,
    46.456299100282,46.480780937434,46.505273179567,46.529775827756,
    46.554288882973,46.578812346217,46.603346218546,46.627890500898,
    46.652445194273,46.677010299662,46.701585818013,46.726171750341,
    46.750768097586,46.775374860676,46.799992040583,46.824619638287,
    46.849257654697,46.873906090707,46.898564947287,46.923234225366,
    46.947913925822,46.972604049578,46.99730459754,47.022015570594,
    47.046736969661,47.071468795575,47.096211049202,47.120963731487,
    47.145726843241,47.170500385343,47.195284358597,47.220078763897,
    47.244883602103,47.269698874023,47.294524580476,47.319360722261,
    47.344207300247,47.369064315211,47.393931767961,47.418809659307,
    47.443697990004,47.468596760901,47.493505972756,47.51842562628,
    47.543355722311,47.568296261618,47.593247244888,47.618208672912,
    47.643180546451,47.668162866204,47.693155632957,47.718158847365,
    47.74317251019,47.768196622158,47.793231183949,47.818276196267,
    47.843331659797,47.86839757526,47.893473943316,47.918560764702,
    47.943658040005,47.968765769908,47.99388395511,48.01901259625,
    48.044151693964,48.069301248906,48.094461261682,48.119631732999,
    48.144812663412,48.170004053535,48.195205904029,48.220418215459,
    48.245640988457,48.270874223612,48.296117921499,48.321372082695,
    48.346636707814,48.371911797429,48.397197352033,48.422493372248,
    48.447799858627,48.473116811717,48.498444232051,48.523782120131,
    48.549130476573,48.574489301828,48.599858596428,48.625238360916,
    48.650628595795,48.67602930154,48.701440478642,48.726862127651,
    48.752294248994,48.777736843163,48.803189910635,48.828653451879,
    48.854127467364,48.879611957539,48.905106922833,48.930612363722,
    48.956128280642,48.981654674011,49.007191544252,49.032738891817,
    49.058296717064,49.08386502047,49.109443802414,49.13503306326,
    49.160632803458,49.186243023368,49.211863723342,49.237494903799,
    49.263136565117,49.288788707602,49.314451331662,49.340124437653,
    49.365808025864,49.391502096709,49.417206650513,49.442921687548,
    49.468647208194,49.494383212776,49.520129701539,49.545886674868,
    49.571654133055,49.597432076309,49.623220505025,49.649019419489,
    49.674828819911,49.700648706585,49.726479079782,49.752319939809,
    49.778171286875,49.804033121228,49.829905443183,49.855788252889,
    49.881681550621,49.907585336611,49.933499611072,49.95942437426,
    49.985359626341,50.011305367561,50.037261598057,50.063228318083,
    50.089205527862,50.115193227511,50.141191417199,50.167200097149,
    50.193219267497,50.219248928436,50.245289080146,50.271339722703,
    50.29740085631,50.323472481072,50.349554597144,50.375647204667,
    50.401750303742,50.427863894507,50.453987977084,50.480122551566,
    50.506267618017,50.532423176581,50.558589227374,50.584765770431,
    50.610952805849,50.637150333702,50.663358354073,50.689576867014,
    50.715805872586,50.742045370839,50.768295361857,50.794555845623,
    50.8208268222,50.847108291621,50.873400253917,50.899702709153,
    50.926015657253,50.952339098252,50.978673032235,51.005017459122,
    51.0313723789,51.057737791626,51.084113697228,51.110500095709,
    51.136896987015,51.163304371144,51.189722248054,51.216150617684,
    51.242589480005,51.269038834949,51.295498682461,51.321969022451,
    51.348449854911,51.374941179736,51.401442996813,51.427955306117,
    51.454478107504,51.481011400855,51.507555186173,51.534109463275,
    51.560674232046,51.587249492378,51.613835244177,51.640431487285,
    51.667038221574,51.693655446913,51.720283163157,51.746921370143,
    51.773570067734,51.800229255757,51.826898934051,51.853579102501,
    51.88026976079,51.906970908849,51.93368254652,51.960404673524,
    51.987137289715,52.013880394883,52.040633988815,52.0673980713,
    52.094172642127,52.120957701065,52.147753247879,52.174559282385,
    52.201375804298,52.228202813359,52.255040309368,52.281888292057,
    52.30874676115,52.33561571642,52.362495157562,52.389385084314,
    52.416285496376,52.443196393484,52.470117775399,52.497049641738,
    52.523991992259,52.550944826621,52.577908144545,52.604881945728,
    52.631866229778,52.658860996442,52.685866245373,52.712881976209,
    52.739908188663,52.76694488234,52.793992056875,52.821049711958,
    52.848117847252,52.875196462316,52.902285556808,52.929385130389,
    52.956495182633,52.983615713163,53.01074672162,53.037888207556,
    53.065040170578,53.09220261034,53.11937552638,53.146558918303,
    53.173752785642,53.200957128019,53.228171945014,53.255397236134,
    53.282633000955,53.30987923909,53.337135950022,53.364403133305,
    53.391680788495,53.418968915125,53.446267512714,53.473576580776,
    53.50089611887,53.52822612644,53.555566603056,53.582917548238,
    53.610278961413,53.637650842124,53.665033189852,53.692426004081,
    53.719829284281,53.747243029935,53.774667240498,53.802101915453,
    53.829547054273,53.85700265637,53.884468721229,53.911945248277,
    53.939432236964,53.966929686709,53.994437596947,54.021955967132,
    54.049484796649,54.077024084931,54.10457383138,54.132134035395,
    54.159704696411,54.18728581381,54.214877386966,54.242479415221,
    54.270091898031,54.297714834792,54.325348224796,54.352992067457,
    54.380646362136,54.408311108178,54.435986304969,54.463671951761,
    54.491368047985,54.519074592974,54.546791586036,54.574519026491,
    54.602256913716,54.630005247005,54.657764025599,54.68553324888,
    54.713312916181,54.741103026723,54.768903579841,54.796714574845,
    54.824536010997,54.852367887557,54.880210203831,54.908062959092,
    54.935926152594,54.963799783565,54.991683851336,55.019578355118,
    55.04748329415,55.075398667714,55.103324474962,55.131260715213,
    55.159207387678,55.187164491583,55.215132026118,55.24310999049,
    55.271098383952,55.299097205683,55.327106454919,55.355126130824,
    55.383156232542,55.411196759337,55.439247710369,55.467309084791,
    55.49538088179,55.523463100565,55.551555740251,55.579658799992,
    55.607772278929,55.635896176261,55.664030491113,55.692175222616,
    55.720330369919,55.748495932114,55.776671908389,55.804858297819,
    55.833055099529,55.861262312664,55.889479936265,55.917707969484,
    55.945946411436,55.974195261173,56.002454517775,56.030724180382,
    56.059004248042,56.087294719807,56.115595594786,56.143906872059,
    56.172228550631,56.200560629586,56.228903107983,56.257255984872,
    56.285619259304,56.313992930288,56.342376996866,56.370771458096,
    56.399176312973,56.427591560539,56.456017199806,56.484453229797,
    56.512899649491,56.541356457869,56.569823654004,56.59830123685,
    56.626789205374,56.655287558588,56.683796295499,56.712315415023,
    56.740844916178,56.769384797914,56.797935059174,56.826495698978,
    56.855066716215,56.883648109835,56.912239878839,56.940842022092,
    56.969454538623,56.998077427307,57.026710687058,57.055354316814,
    57.08400831552,57.112672682046,57.141347415323,57.170032514291,
    57.19872797778,57.227433804725,57.256149994037,57.284876544534,
    57.313613455172,57.342360724842,57.371118352323,57.399886336597,
    57.42866467643,57.457453370739,57.486252418393,57.515061818218,
    57.543881569067,57.572711669778,57.601552119178,57.630402916124,
    57.659264059511,57.688135548027,57.717017380567,57.745909555984,
    57.774812073048,57.803724930555,57.832648127344,57.861581662197,
    57.890525533966,57.919479741353,57.948444283188,57.977419158256,
    58.00640436534,58.035399903208,58.064405770631,58.093421966377,
    58.122448489209,58.151485337886,58.180532511193,58.209590007827,
    58.238657826492,58.267735966073,58.2968244252,58.32592320262,
    58.355032297114,58.384151707313,58.413281432004,58.442421469927,
    58.471571819724,58.500732480128,58.529903449846,58.559084727624,
    58.588276312104,58.617478201924,58.646690395866,58.675912892597,
    58.705145690752,58.734388789058,58.763642186147,58.792905880668,
    58.822179871335,58.8514641568,58.880758735666,58.910063606606,
    58.939378768311,58.968704219377,58.998039958437,59.027385984129,
    59.056742295071,59.086108889942,59.115485767296,59.144872925788,
    59.174270364059,59.203678080639,59.23309607418,59.262524343291,
    59.291962886508,59.321411702487,59.350870789807,59.380340147051,
    59.40981977277,59.439309665557,59.468809824007,59.498320246646,
    59.527840932071,59.557371878838,59.586913085466,59.616464550544,
    59.646026272638,59.67559825023,59.705180481884,59.734772966199,
    59.764375701621,59.793988686706,59.823611919956,59.853245399958,
    59.8828891252,59.912543094125,59.94220730536,59.971881757299,
    60.001566448469,60.031261377428,60.060966542619,60.090681942557,
    60.120407575666,60.150143440432,60.179889535419,60.209645859052,
    60.239412409795,60.269189186079,60.298976186396,60.328773409216,
    60.358580852975,60.388398516136,60.418226397132,60.448064494407,
    60.477912806396,60.50777133152,60.537640068228,60.567519014955,
    60.597408170092,60.627307532097,60.657217099325,60.687136870268,
    60.71706684325,60.747007016691,60.776957389093,60.806917958683,
    60.83688872396,60.866869683321,60.896860835083,60.92686217767,
    60.95687370946,60.986895428783,61.01692733404,61.04696942365,
    61.07702169587,61.107084149106,61.137156781748,61.167239592011,
    61.197332578427,61.227435739232,61.257549072757,61.287672577396,
    61.31780625142,61.347950093155,61.378104101015,61.408268273232,
    61.438442608114,61.468627104029,61.498821759247,61.52902657209,
    61.559241540879,61.589466663857,61.619701939374,61.649947365697,
    61.680202941083,61.710468663892,61.740744532321,61.771030544691,
    61.801326699201,61.831632994226,61.861949428036,61.892275998779,
    61.922612704795,61.952959544315,61.983316515599,62.013683616842,
    62.044060846374,62.074448202352,62.104845683083,62.135253286801,
    62.165671011629,62.196098855883,62.226536817766,62.256984895492,
    62.287443087281,62.317911391321,62.34838980588,62.378878329124,
    62.409376959165,62.439885694342,62.470404532809,62.500933472661,
    62.531472512197,62.562021649575,62.592580882926,62.623150210453,
    62.653729630386,62.684319140805,62.714918739894,62.745528425853,
    62.776148196809,62.806778050905,62.837417986335,62.868068001197,
    62.898728093669,62.929398261903,62.960078503961,62.990768818071,
    63.021469202321,63.052179654838,63.082900173781,63.113630757178,
    63.144371403188,63.175122109954,63.205882875591,63.23665369822,
    63.267434575837,63.298225506639,63.329026488708,63.359837520129,
    63.390658598941,63.421489723304,63.452330891294,63.483182100902,
    63.514043350358,63.544914637582,63.575795960674,63.60668731784,
    63.637588707,63.668500126229,63.699421573599,63.730353047145,
    63.761294544948,63.792246065098,63.823207605522,63.854179164312,
    63.885160739582,63.916152329233,63.947153931369,63.978165544048,
    64.00918716523,64.040218792878,64.071260425154,64.102312060037,
    64.133373695399,64.164445329428,64.19552696003,64.226618585204,
    64.257720202974,64.288831811336,64.31995340829,64.351084991824,
    64.382226559836,64.413378110396,64.444539641474,64.475711151011,
    64.506892637037,64.538084097466,64.569285530275,64.600496933409,
    64.631718304897,64.662949642619,64.694190944521,64.725442208624,
    64.756703432882,64.787974615149,64.819255753406,64.850546845572,
    64.881847889623,64.913158883531,64.944479825096,64.975810712338,
    65.007151543153,65.038502315403,65.069863027158,65.10123367617,
    65.132614260396,65.164004777769,65.195405226171,65.226815603527,
    65.25823590772,65.289666136685,65.321106288229,65.352556360251,
    65.384016350705,65.415486257452,65.446966078309,65.478455811244,
    65.509955454082,65.541465004649,65.572984460893,65.604513820676,
    65.636053081816,65.667602242125,65.699161299591,65.730730251961,
    65.762309097117,65.793897832973,65.825496457228,65.857104967788,
    65.888723362592,65.920351639351,65.951989795908,65.983637830175,
    66.015295739895,66.046963522892,66.078641177086,66.11032870019,
    66.14202609004,66.173733344507,66.205450461295,66.237177438259,
    66.268914273303,66.300660964098,66.332417508489,66.364183904339,
    66.395960149262,66.427746241181,66.459542177875,66.491347957104,
    66.523163576669,66.554989034358,66.586824327895,66.618669455068,
    66.650524413701,66.682389201533,66.714263816328,66.74614825578,
    66.778042517769,66.809946599981,66.841860500133,66.873784216098,
    66.905717745534,66.937661086214,66.969614235828,67.001577192217,
    67.033549953055,67.065532516056,67.097524879027,67.129527039638,
    67.161538995644,67.193560744732,67.22559228469,67.25763361317,
    67.289684727933,67.321745626685,67.353816307126,67.385896766971,
    67.417987003946,67.450087015724,67.482196800054,67.514316354563,
    67.546445676957,67.578584765013,67.610733616354,67.642892228681,
    67.675060599683,67.707238727013,67.739426608447,67.771624241585,
    67.803831624089,67.836048753683,67.868275628019,67.900512244697,
    67.9327586015,67.965014696088,67.997280526012,68.029556089037,
    68.061841382778,68.09413640487,68.126441152967,68.158755624759,
    68.191079817831,68.223413729938,68.255757358639,68.288110701532,
    68.320473756323,68.352846520654,68.385228992129,68.417621168356,
    68.450023046985,68.482434625686,68.51485590207,68.547286873678,
    68.579727538174,68.612177893164,68.644637936342,68.677107665253,
    68.709587077463,68.742076170621,68.774574942381,68.807083390305,
    68.839601511963,68.872129304985,68.904666766965,68.937213895438,
    68.969770688088,69.002337142492,69.034913256151,69.067499026763,
    69.100094451848,69.132699528993,69.165314255762,69.197938629715,
    69.230572648469,69.263216309597,69.295869610624,69.328532549214,
    69.361205122852,69.393887328985,69.426579165404,69.459280629597,
    69.49199171903,69.524712431314,69.557442763983,69.590182714651,
    69.622932280813,69.655691459972,69.68846024975,69.72123864771,
    69.754026651271,69.786824258033,69.81963146564,69.852448271427,
    69.885274673027,69.918110668024,69.95095625386,69.983811428093,
    70.01667618819,70.049550531754,70.082434456298,70.115327959282,
    70.148231038283,70.181143690818,70.214065914317,70.246997706349,
    70.279939064414,70.312889985998,70.345850468635,70.378820509836,
    70.411800107049,70.4447892578,70.4777879596,70.510796209994,
    70.543814006349,70.576841346206,70.609878227098,70.642924646457,
    70.675980601868,70.709046090645,70.742121110398,70.775205658601,
    70.808299732687,70.841403330131,70.874516448416,70.907639085066,
    70.94077123751,70.973912903173,71.007064079596,71.040224764185,
    71.073394954485,71.106574647872,71.139763841819,71.172962533874,
    71.206170721387,71.239388401856,71.272615572757,71.305852231476,
    71.339098375525,71.372354002343,71.405619109321,71.438893693989,
    71.472177753739,71.50547128604,71.53877428832,71.572086758021,
    71.605408692555,71.63874008936,71.672080945909,71.705431259632,
    71.738791027948,71.772160248236,71.805538917955,71.838927034584,
    71.872324595532,71.905731598152,71.939148039939,71.972573918299,
    72.006009230569,72.039453974309,72.072908146854,72.106371745578,
    72.139844767946,72.173327211436,72.206819073321,72.240320351086,
    72.273831042157,72.307351143867,72.340880653678,72.374419569027,
    72.407967887242,72.441525605733,72.475092721901,72.508669233182,
    72.542255136931,72.575850430533,72.609455111473,72.643069177071,
    72.676692624707,72.710325451822,72.743967655698,72.7776192338,
    72.811280183589,72.844950502281,72.878630187357,72.912319236257,
    72.946017646219,72.979725414735,73.013442539174,73.047169016834,
    73.080904845128,73.1146500215,73.14840454325,73.182168407712,
    73.215941612328,73.249724154485,73.28351603153,73.317317240792,
    73.351127779648,73.38494764551,73.418776835755,73.452615347634,
    73.486463178582,73.520320326013,73.554186787145,73.58806255946,
    73.621947640289,73.655842026994,73.689745716902,73.723658707364,
    73.757580995771,73.791512579451,73.82545345572,73.859403622032,
    73.893363075672,73.927331813915,73.961309834213,73.995297133945,
    74.029293710371,74.06329956083,74.097314682736,74.131339073339,
    74.165372730038,74.199415650285,74.233467831175,74.267529270215,
    74.301599964763,74.335679912039,74.369769109466,74.403867554389,
    74.437975244083,74.47209217591,74.506218347256,74.540353755352,
    74.574498397614,74.608652271312,74.64281537384,74.676987702498,
    74.711169254578,74.745360027509,74.779560018496,74.813769224927,
    74.847987644142,74.882215273459,74.916452110222,74.950698151699,
    74.984953395261,75.019217838202,75.053491477841,75.087774311543,
    75.122066336638,75.156367550347,75.190677950073,75.22499753312,
    75.259326296816,75.293664238471,75.328011355422,75.362367644939,
    75.396733104334,75.43110773101,75.465491522224,75.499884475293,
    75.534286587485,75.568697856189,75.603118278748,75.637547852371,
    75.671986574415,75.706434442235,75.740891453086,75.775357604285,
    75.809832893209,75.844317317105,75.878810873262,75.913313559031,
    75.947825371773,75.98234630874,76.01687636721,76.051415544538,
    76.085963838005,76.120521244958,76.155087762699,76.189663388524,
    76.224248119729,76.258841953555,76.293444887458,76.328056918673,
    76.362678044506,76.397308262269,76.431947569197,76.466595962706,
    76.501253440091,76.535919998602,76.570595635539,76.605280348237,
    76.639974134016,76.67467699017,76.709388914025,76.744109902828,
    76.77883995387,76.813579064541,76.848327232147,76.883084453945,
    76.917850727197,76.95262604925,76.987410417466,77.022203829136,
    77.057006281454,77.091817771817,77.126638297524,77.161467855842,
    77.196306444162,77.231154059732,77.266010699774,77.300876361691,
    77.335751042821,77.370634740393,77.405527451803,77.440429174247,
    77.475339905031,77.510259641479,77.545188381012,77.580126120881,
    77.615072858281,77.650028590562,77.684993315159,77.71996702931,
    77.754949730224,77.789941415288,77.824942081818,77.859951727141,
    77.894970348537,77.929997943302,77.965034508734,78.000080042191,
    78.035134540931,78.070198002282,78.105270423651,78.14035180219,
    78.175442135256,78.210541420206,78.245649654349,78.280766835026,
    78.315892959453,78.351028024985,78.386172028923,78.421324968679,
    78.456486841486,78.491657644608,78.526837375474,78.562026031297,
    78.597223609493,78.632430107328,78.667645522135,78.702869851174,
    78.738103091847,78.773345241362,78.808596297195,78.843856256604,
    78.879125116835,78.914402875315,78.94968952931,78.984985076167,
    79.020289513193,79.055602837708,79.090925047028,79.126256138523,
    79.161596109545,79.196944957331,79.232302679276,79.267669272673,
    79.303044734813,79.338429063187,79.373822255036,79.409224307611,
    79.444635218332,79.48005498448,79.515483603505,79.550921072679,
    79.586367389246,79.621822550687,79.657286554234,79.692759397251,
    79.728241077217,79.763731591302,79.799230936893,79.834739111303,
    79.870256112006,79.905781936246,79.941316581343,79.976860044726,
    80.012412323751,80.047973415632,80.083543317871,80.119122027805,
    80.154709542677,80.190305859959,80.225910976931,80.261524890995,
    80.297147599457,80.332779099758,80.368419389245,80.404068465198,
    80.439726325094,80.475392966175,80.511068385861,80.546752581546,
    80.582445550625,80.618147290364,80.653857798204,80.68957707152,
    80.725305107653,80.761041904018,80.796787457925,80.832541766875,
    80.868304828106,80.904076639053,80.939857197116,80.975646499679,
    81.011444544142,81.047251327829,81.083066848188,81.118891102545,
    81.154724088319,81.190565802966,81.226416243838,81.262275408327,
    81.298143293746,81.334019897587,81.369905217261,81.405799250213,
    81.441701993685,81.477613445161,81.513533602087,81.549462461861,
    81.585400021912,81.6213462796,81.657301232319,81.693264877457,
    81.729237212617,81.765218235072,81.801207942238,81.837206331533,
    81.873213400445,81.909229146461,81.9452535668,81.981286659005,
    82.017328420594,82.053378848849,82.089437941286,82.125505695402,
    82.161582108487,82.197667178056,82.23376090158,82.269863276495,
    82.305974300229,82.342093970214,82.378222283949,82.414359238829,
    82.45050483236,82.486659062007,82.522821925155,82.558993419359,
    82.595173541984,82.631362290534,82.667559662584,82.703765655465,
    82.739980266699,82.776203493703,82.812435334058,82.848675785212,
    82.884924844612,82.921182509734,82.957448778075,82.993723647108,
    83.030007114406,83.066299177428,83.10259983362,83.138909080435,
    83.17522691549,83.211553336249,83.247888340171,83.284231924807,
    83.320584087701,83.35694482627,83.393314138062,83.429692020636,
    83.466078471493,83.502473488155,83.538877068093,83.575289208839,
    83.611709908086,83.648139163145,83.684576971609,83.721023331121,
    83.757478239159,83.793941693242,83.830413690857,83.866894229665,
    83.903383307163,83.939880920965,83.97638706857,84.012901747483,
    84.049424955355,84.085956689667,84.122496948101,84.15904572818,
    84.195603027396,84.232168843401,84.268743173809,84.305326016082,
    84.34191736783,84.378517226781,84.415125590422,84.451742456268,
    84.488367822025,84.525001685304,84.561644043623,84.598294894632,
    84.63495423591,84.671622065087,84.708298379834,84.744983177674,
    84.781676456262,84.818378213238,84.855088446198,84.891807152756,
    84.928534330616,84.96526997735,85.002014090615,85.038766668061,
    85.07552770735,85.112297206097,85.149075161916,85.18586157252,
    85.222656435586,85.259459748703,85.296271509658,85.333091715991,
    85.369920365387,85.406757455548,85.443602984227,85.480456949003,
    85.517319347634,85.554190177734,85.591069436927,85.627957123166,
    85.664853233965,85.701757766993,85.73867072004,85.775592090826,
    85.812521877015,85.849460076321,85.886406686532,85.923361705296,
    85.960325130331,85.997296959409,86.034277190329,86.071265820798,
    86.108262848458,86.145268271107,86.182282086504,86.219304292419,
    86.256334886605,86.293373866848,86.330421230852,86.367476976361,
    86.404541101292,86.441613603323,86.478694480189,86.515783729758,
    86.552881349776,86.58998733809,86.627101692426,86.664224410598,
    86.701355490471,86.738494929743,86.775642726362,86.812798878089,
    86.849963382659,86.887136237982,86.924317441895,86.961506992256,
    86.998704886802,87.03591112343,87.073125700019,87.110348614314,
    87.147579864285,87.184819447785,87.222067362642,87.259323606702,
    87.296588177813,87.333861073886,87.371142292858,87.40843183257,
    87.445729690857,87.483035865668,87.5203503549,87.557673156509,
    87.595004268302,87.632343688213,87.669691414156,87.707047444022,
    87.744411775869,87.781784407587,87.819165337009,87.856554562065,
    87.893952080799,87.93135789118,87.968771991051,88.00619437846,
    88.043625051273,88.081064007557,88.118511245186,88.155966762273,
    88.193430556706,88.230902626465,88.26838296952,88.305871583909,
    88.343368467741,88.380873618775,88.41838703524,88.455908714978,
    88.493438656188,88.530976856779,88.568523314821,88.606078028303,
    88.643640995299,88.681212213917,88.718791682098,88.756379397932,
    88.793975359523,88.831579564868,88.869192012103,88.906812699305,
    88.944441624521,88.982078785841,89.019724181365,89.057377809116,
    89.095039667308,89.132709754067,89.170388067423,89.208074605472,
    89.245769366418,89.28347234842,89.321183549466,89.358902967809,
    89.3966306016,89.434366448855,89.472110507876,89.509862776867,
    89.547623253824,89.585391937052,89.623168824601,89.660953914796,
    89.698747205882,89.736548695787,89.774358382904,89.812176265384,
    89.850002341502,89.887836609449,89.925679067372,89.96352971364,
    90.001388546365,90.039255563858,90.077130764344,90.115014146069,
    90.152905707315,90.190805446294,90.228713361353,90.26662945073,
    90.304553712734,90.342486145569,90.380426747596,90.418375517214,
    90.456332452585,90.494297552013,90.532270813912,90.570252236552,
    90.608241818253,90.646239557399,90.684245452365,90.722259501434,
    90.760281702908,90.79831205527,90.836350556864,90.874397206081,
    90.912452001195,90.950514940595,90.988586022827,91.026665246264,
    91.064752609177,91.102848110054,91.140951747421,91.179063519498,
    91.217183424822,91.255311461916,91.293447629128,91.331591924928,
    91.369744347693,91.407904896047,91.446073568453,91.484250363258,
    91.522435279018,91.560628314228,91.598829467391,91.637038737021,
    91.675256121634,91.713481619667,91.751715229789,91.78995695041,
    91.82820678015,91.86646471754,91.904730761105,91.943004909345,
    91.981287161033,92.019577514585,92.057875968559,92.096182521673,
    92.134497172374,92.172819919408,92.211150761385,92.249489696707,
    92.287836724248,92.326191842586,92.364555050213,92.402926345876,
    92.441305728335,92.479693196183,92.518088747954,92.556492382444,
    92.594904098326,92.633323894304,92.671751769088,92.7101877213,
    92.748631749693,92.787083853047,92.825544030011,92.8640122794,
    92.90248859994,92.940972990224,92.979465449242,93.017965975647,
    93.056474568167,93.094991225709,93.133515946939,93.172048730697,
    93.210589575883,93.249138481167,93.287695445464,93.326260467481,
    93.364833546164,93.403414680385,93.442003868923,93.480601110656,
    93.519206404455,93.55781974908,93.596441143627,93.635070586928,
    93.673708077814,93.712353615182,93.751007197937,93.789668825164,
    93.828338495646,93.867016208328,93.905701962186,93.928538128297),
  .UNSPECIFIED.);
#4075 = CARTESIAN_POINT('',(103.59008706622,2.009634734864E-15,0.));
#4076 = CARTESIAN_POINT('',(103.58847220501,3.382279344655E-03,0.));
#4077 = CARTESIAN_POINT('',(103.58303050883,1.008393172634E-02,0.));
#4078 = CARTESIAN_POINT('',(103.57049823316,1.658276772263E-02,0.));
#4079 = CARTESIAN_POINT('',(103.55788871297,2.532983658633E-02,0.));
#4080 = CARTESIAN_POINT('',(103.54491672939,3.369190821427E-02,0.));
#4081 = CARTESIAN_POINT('',(103.53204850662,4.217258159928E-02,0.));
#4082 = CARTESIAN_POINT('',(103.51915910307,5.063687995842E-02,0.));
#4083 = CARTESIAN_POINT('',(103.50628201505,5.912097074215E-02,0.));
#4084 = CARTESIAN_POINT('',(103.49340827604,6.76151531322E-02,0.));
#4085 = CARTESIAN_POINT('',(103.48054029995,7.612201945347E-02,0.));
#4086 = CARTESIAN_POINT('',(103.46767745059,8.464086732076E-02,0.));
#4087 = CARTESIAN_POINT('',(103.4548199092,9.317187733001E-02,0.));
#4088 = CARTESIAN_POINT('',(103.44196763801,0.101714993536,0.));
#4089 = CARTESIAN_POINT('',(103.42912065784,0.110270223225,0.));
#4090 = CARTESIAN_POINT('',(103.41627897387,0.118837556848,0.));
#4091 = CARTESIAN_POINT('',(103.40344259545,0.127416989341,0.));
#4092 = CARTESIAN_POINT('',(103.39061153079,0.136008514395,0.));
#4093 = CARTESIAN_POINT('',(103.37778578839,0.144612126047,0.));
#4094 = CARTESIAN_POINT('',(103.36496537668,0.153227818244,0.));
#4095 = CARTESIAN_POINT('',(103.3521503041,0.161855584984,0.));
#4096 = CARTESIAN_POINT('',(103.33934057902,0.170495420122,0.));
#4097 = CARTESIAN_POINT('',(103.32653620993,0.179147317713,0.));
#4098 = CARTESIAN_POINT('',(103.31373720519,0.187811271643,0.));
#4099 = CARTESIAN_POINT('',(103.30094357322,0.196487275843,0.));
#4100 = CARTESIAN_POINT('',(103.28815532241,0.205175324287,0.));
#4101 = CARTESIAN_POINT('',(103.27537246115,0.213875410864,0.));
#4102 = CARTESIAN_POINT('',(103.26259499782,0.22258752953,0.));
#4103 = CARTESIAN_POINT('',(103.24982294077,0.231311674175,0.));
#4104 = CARTESIAN_POINT('',(103.23705629838,0.240047838736,0.));
#4105 = CARTESIAN_POINT('',(103.22429507902,0.248796017116,0.));
#4106 = CARTESIAN_POINT('',(103.21153929102,0.257556203227,0.));
#4107 = CARTESIAN_POINT('',(103.19878894274,0.266328390962,0.));
#4108 = CARTESIAN_POINT('',(103.1860440425,0.275112574216,0.));
#4109 = CARTESIAN_POINT('',(103.17330459865,0.283908746913,0.));
#4110 = CARTESIAN_POINT('',(103.16057061947,0.292716902888,0.));
#4111 = CARTESIAN_POINT('',(103.14784211331,0.301537036064,0.));
#4112 = CARTESIAN_POINT('',(103.13511908847,0.310369140317,0.));
#4113 = CARTESIAN_POINT('',(103.12240155325,0.319213209507,0.));
#4114 = CARTESIAN_POINT('',(103.10968951593,0.328069237514,0.));
#4115 = CARTESIAN_POINT('',(103.09698298481,0.336937218203,0.));
#4116 = CARTESIAN_POINT('',(103.08428196816,0.345817145441,0.));
#4117 = CARTESIAN_POINT('',(103.07158647424,0.354709013059,0.));
#4118 = CARTESIAN_POINT('',(103.05889651134,0.363612814954,0.));
#4119 = CARTESIAN_POINT('',(103.04621208768,0.372528544938,0.));
#4120 = CARTESIAN_POINT('',(103.03353321153,0.381456196859,0.));
#4121 = CARTESIAN_POINT('',(103.02085989113,0.390395764578,0.));
#4122 = CARTESIAN_POINT('',(103.00819213472,0.399347241894,0.));
#4123 = CARTESIAN_POINT('',(102.99552995054,0.408310622701,0.));
#4124 = CARTESIAN_POINT('',(102.98287334675,0.417285900742,0.));
#4125 = CARTESIAN_POINT('',(102.9702223316,0.426273069892,0.));
#4126 = CARTESIAN_POINT('',(102.9575769133,0.435272123957,0.));
#4127 = CARTESIAN_POINT('',(102.94493710006,0.444283056761,0.));
#4128 = CARTESIAN_POINT('',(102.93230290004,0.453305862091,0.));
#4129 = CARTESIAN_POINT('',(102.91967432143,0.462340533752,0.));
#4130 = CARTESIAN_POINT('',(102.90705137243,0.471387065589,0.));
#4131 = CARTESIAN_POINT('',(102.89443406116,0.480445451312,0.));
#4132 = CARTESIAN_POINT('',(102.88182239583,0.489515684807,0.));
#4133 = CARTESIAN_POINT('',(102.86921638456,0.498597759786,0.));
#4134 = CARTESIAN_POINT('',(102.85661603553,0.507691670086,0.));
#4135 = CARTESIAN_POINT('',(102.84402135686,0.516797409452,0.));
#4136 = CARTESIAN_POINT('',(102.83143235666,0.525914971649,0.));
#4137 = CARTESIAN_POINT('',(102.81884904311,0.535044350511,0.));
#4138 = CARTESIAN_POINT('',(102.80627142426,0.54418553971,0.));
#4139 = CARTESIAN_POINT('',(102.79369950827,0.553338533078,0.));
#4140 = CARTESIAN_POINT('',(102.78113330324,0.562503324362,0.));
#4141 = CARTESIAN_POINT('',(102.76857281723,0.571679907266,0.));
#4142 = CARTESIAN_POINT('',(102.75601805837,0.580868275614,0.));
#4143 = CARTESIAN_POINT('',(102.74346903471,0.590068423085,0.));
#4144 = CARTESIAN_POINT('',(102.73092575433,0.599280343451,0.));
#4145 = CARTESIAN_POINT('',(102.71838822531,0.608504030445,0.));
#4146 = CARTESIAN_POINT('',(102.70585645571,0.617739477785,0.));
#4147 = CARTESIAN_POINT('',(102.69333045357,0.626986679231,0.));
#4148 = CARTESIAN_POINT('',(102.68081022693,0.636245628447,0.));
#4149 = CARTESIAN_POINT('',(102.66829578384,0.645516319221,0.));
#4150 = CARTESIAN_POINT('',(102.65578713232,0.654798745215,0.));
#4151 = CARTESIAN_POINT('',(102.64328428041,0.664092900166,0.));
#4152 = CARTESIAN_POINT('',(102.63078723611,0.67339877778,0.));
#4153 = CARTESIAN_POINT('',(102.61829600742,0.682716371724,0.));
#4154 = CARTESIAN_POINT('',(102.60581060238,0.692045675763,0.));
#4155 = CARTESIAN_POINT('',(102.59333102895,0.701386683536,0.));
#4156 = CARTESIAN_POINT('',(102.58085729509,0.710739388732,0.));
#4157 = CARTESIAN_POINT('',(102.56838940883,0.720103785067,0.));
#4158 = CARTESIAN_POINT('',(102.55592737814,0.729479866218,0.));
#4159 = CARTESIAN_POINT('',(102.54347121096,0.73886762584,0.));
#4160 = CARTESIAN_POINT('',(102.53102091524,0.748267057607,0.));
#4161 = CARTESIAN_POINT('',(102.51857649898,0.757678155231,0.));
#4162 = CARTESIAN_POINT('',(102.50613797007,0.767100912326,0.));
#4163 = CARTESIAN_POINT('',(102.49370533644,0.77653532256,0.));
#4164 = CARTESIAN_POINT('',(102.48127860606,0.785981379622,0.));
#4165 = CARTESIAN_POINT('',(102.46885778683,0.795439077142,0.));
#4166 = CARTESIAN_POINT('',(102.45644288666,0.804908408751,0.));
#4167 = CARTESIAN_POINT('',(102.44403391348,0.814389368133,0.));
#4168 = CARTESIAN_POINT('',(102.43163087518,0.823881948917,0.));
#4169 = CARTESIAN_POINT('',(102.4192337796,0.833386144697,0.));
#4170 = CARTESIAN_POINT('',(102.40684263469,0.84290194916,0.));
#4171 = CARTESIAN_POINT('',(102.39445744831,0.852429355917,0.));
#4172 = CARTESIAN_POINT('',(102.38207822831,0.861968358574,0.));
#4173 = CARTESIAN_POINT('',(102.36970498257,0.871518950777,0.));
#4174 = CARTESIAN_POINT('',(102.35733771894,0.881081126118,0.));
#4175 = CARTESIAN_POINT('',(102.34497644528,0.890654878236,0.));
#4176 = CARTESIAN_POINT('',(102.33262116941,0.90024020071,0.));
#4177 = CARTESIAN_POINT('',(102.32027189916,0.909837087167,0.));
#4178 = CARTESIAN_POINT('',(102.30792864238,0.919445531187,0.));
#4179 = CARTESIAN_POINT('',(102.29559140688,0.92906552639,0.));
#4180 = CARTESIAN_POINT('',(102.28326020047,0.938697066355,0.));
#4181 = CARTESIAN_POINT('',(102.27093503095,0.94834014465,0.));
#4182 = CARTESIAN_POINT('',(102.25861590612,0.957994754916,0.));
#4183 = CARTESIAN_POINT('',(102.24630283375,0.967660890657,0.));
#4184 = CARTESIAN_POINT('',(102.23399582166,0.97733854551,0.));
#4185 = CARTESIAN_POINT('',(102.2216948776,0.98702771303,0.));
#4186 = CARTESIAN_POINT('',(102.20940000934,0.996728386768,0.));
#4187 = CARTESIAN_POINT('',(102.19711122465,1.006440560304,0.));
#4188 = CARTESIAN_POINT('',(102.18482853129,1.016164227204,0.));
#4189 = CARTESIAN_POINT('',(102.17255193698,1.025899381021,0.));
#4190 = CARTESIAN_POINT('',(102.16028144946,1.035646015278,0.));
#4191 = CARTESIAN_POINT('',(102.14801707648,1.045404123574,0.));
#4192 = CARTESIAN_POINT('',(102.13575882576,1.055173699424,0.));
#4193 = CARTESIAN_POINT('',(102.123506705,1.06495473636,0.));
#4194 = CARTESIAN_POINT('',(102.11126072194,1.074747227957,0.));
#4195 = CARTESIAN_POINT('',(102.09902088424,1.084551167701,0.));
#4196 = CARTESIAN_POINT('',(102.08678719963,1.094366549155,0.));
#4197 = CARTESIAN_POINT('',(102.07455967579,1.104193365835,0.));
#4198 = CARTESIAN_POINT('',(102.0623383204,1.114031611257,0.));
#4199 = CARTESIAN_POINT('',(102.05012314113,1.123881278954,0.));
#4200 = CARTESIAN_POINT('',(102.03791414563,1.133742362415,0.));
#4201 = CARTESIAN_POINT('',(102.02571134156,1.143614855169,0.));
#4202 = CARTESIAN_POINT('',(102.01351473661,1.153498750722,0.));
#4203 = CARTESIAN_POINT('',(102.00132433838,1.163394042576,0.));
#4204 = CARTESIAN_POINT('',(101.98914015452,1.173300724208,0.));
#4205 = CARTESIAN_POINT('',(101.97696219267,1.183218789152,0.));
#4206 = CARTESIAN_POINT('',(101.96479046044,1.193148230864,0.));
#4207 = CARTESIAN_POINT('',(101.95262496545,1.20308904285,0.));
#4208 = CARTESIAN_POINT('',(101.94046571531,1.213041218594,0.));
#4209 = CARTESIAN_POINT('',(101.9283127176,1.223004751553,0.));
#4210 = CARTESIAN_POINT('',(101.91616597994,1.232979635247,0.));
#4211 = CARTESIAN_POINT('',(101.90402550989,1.242965863097,0.));
#4212 = CARTESIAN_POINT('',(101.89189131504,1.2529634286,0.));
#4213 = CARTESIAN_POINT('',(101.87976340298,1.262972325236,0.));
#4214 = CARTESIAN_POINT('',(101.86764178123,1.272992546424,0.));
#4215 = CARTESIAN_POINT('',(101.85552645738,1.28302408566,0.));
#4216 = CARTESIAN_POINT('',(101.84341743896,1.293066936366,0.));
#4217 = CARTESIAN_POINT('',(101.83131473353,1.303121092016,0.));
#4218 = CARTESIAN_POINT('',(101.81921834863,1.313186546059,0.));
#4219 = CARTESIAN_POINT('',(101.80712829174,1.323263291905,0.));
#4220 = CARTESIAN_POINT('',(101.79504457042,1.333351323027,0.));
#4221 = CARTESIAN_POINT('',(101.78296719216,1.343450632834,0.));
#4222 = CARTESIAN_POINT('',(101.77089616449,1.353561214784,0.));
#4223 = CARTESIAN_POINT('',(101.7588314949,1.363683062283,0.));
#4224 = CARTESIAN_POINT('',(101.74677319088,1.373816168763,0.));
#4225 = CARTESIAN_POINT('',(101.7347212599,1.38396052765,0.));
#4226 = CARTESIAN_POINT('',(101.72267570943,1.394116132345,0.));
#4227 = CARTESIAN_POINT('',(101.71063654695,1.404282976268,0.));
#4228 = CARTESIAN_POINT('',(101.69860377995,1.414461052846,0.));
#4229 = CARTESIAN_POINT('',(101.68657741585,1.424650355463,0.));
#4230 = CARTESIAN_POINT('',(101.67455746209,1.43485087752,0.));
#4231 = CARTESIAN_POINT('',(101.66254392613,1.445062612432,0.));
#4232 = CARTESIAN_POINT('',(101.65053681539,1.455285553583,0.));
#4233 = CARTESIAN_POINT('',(101.6385361373,1.465519694365,0.));
#4234 = CARTESIAN_POINT('',(101.62654189928,1.475765028172,0.));
#4235 = CARTESIAN_POINT('',(101.61455410873,1.486021548371,0.));
#4236 = CARTESIAN_POINT('',(101.60257277308,1.496289248375,0.));
#4237 = CARTESIAN_POINT('',(101.59059789969,1.506568121526,0.));
#4238 = CARTESIAN_POINT('',(101.57862949596,1.516858161213,0.));
#4239 = CARTESIAN_POINT('',(101.56666756927,1.527159360816,0.));
#4240 = CARTESIAN_POINT('',(101.55471212699,1.53747171367,0.));
#4241 = CARTESIAN_POINT('',(101.54276317652,1.547795213186,0.));
#4242 = CARTESIAN_POINT('',(101.53082072517,1.558129852671,0.));
#4243 = CARTESIAN_POINT('',(101.51888478033,1.568475625517,0.));
#4244 = CARTESIAN_POINT('',(101.50695534932,1.578832525064,0.));
#4245 = CARTESIAN_POINT('',(101.49503243948,1.589200544653,0.));
#4246 = CARTESIAN_POINT('',(101.48311605815,1.599579677651,0.));
#4247 = CARTESIAN_POINT('',(101.47120621265,1.609969917367,0.));
#4248 = CARTESIAN_POINT('',(101.45930291029,1.620371257182,0.));
#4249 = CARTESIAN_POINT('',(101.44740615837,1.630783690376,0.));
#4250 = CARTESIAN_POINT('',(101.43551596421,1.641207210332,0.));
#4251 = CARTESIAN_POINT('',(101.42363233511,1.651641810359,0.));
#4252 = CARTESIAN_POINT('',(101.41175527832,1.66208748376,0.));
#4253 = CARTESIAN_POINT('',(101.39988480114,1.672544223885,0.));
#4254 = CARTESIAN_POINT('',(101.38802091085,1.683012024046,0.));
#4255 = CARTESIAN_POINT('',(101.37616361469,1.693490877538,0.));
#4256 = CARTESIAN_POINT('',(101.36431291994,1.703980777684,0.));
#4257 = CARTESIAN_POINT('',(101.35246883385,1.714481717817,0.));
#4258 = CARTESIAN_POINT('',(101.34063136363,1.72499369118,0.));
#4259 = CARTESIAN_POINT('',(101.32880051655,1.735516691125,0.));
#4260 = CARTESIAN_POINT('',(101.31697629983,1.746050710938,0.));
#4261 = CARTESIAN_POINT('',(101.30515872068,1.756595743888,0.));
#4262 = CARTESIAN_POINT('',(101.29334778633,1.767151783306,0.));
#4263 = CARTESIAN_POINT('',(101.28154350395,1.777718822435,0.));
#4264 = CARTESIAN_POINT('',(101.26974588077,1.78829685458,0.));
#4265 = CARTESIAN_POINT('',(101.25795492399,1.798885873038,0.));
#4266 = CARTESIAN_POINT('',(101.24617064077,1.809485871044,0.));
#4267 = CARTESIAN_POINT('',(101.23439303829,1.820096841908,0.));
#4268 = CARTESIAN_POINT('',(101.22262212372,1.830718778874,0.));
#4269 = CARTESIAN_POINT('',(101.21085790424,1.841351675233,0.));
#4270 = CARTESIAN_POINT('',(101.19910038697,1.851995524225,0.));
#4271 = CARTESIAN_POINT('',(101.18734957908,1.862650319107,0.));
#4272 = CARTESIAN_POINT('',(101.17560548773,1.873316053176,0.));
#4273 = CARTESIAN_POINT('',(101.16386812002,1.883992719633,0.));
#4274 = CARTESIAN_POINT('',(101.15213748309,1.894680311766,0.));
#4275 = CARTESIAN_POINT('',(101.14041358403,1.905378822787,0.));
#4276 = CARTESIAN_POINT('',(101.12869642998,1.916088245964,0.));
#4277 = CARTESIAN_POINT('',(101.11698602807,1.926808574558,0.));
#4278 = CARTESIAN_POINT('',(101.10528238533,1.937539801733,0.));
#4279 = CARTESIAN_POINT('',(101.0935855089,1.948281920794,0.));
#4280 = CARTESIAN_POINT('',(101.08189540585,1.959034924948,0.));
#4281 = CARTESIAN_POINT('',(101.07021208324,1.969798807402,0.));
#4282 = CARTESIAN_POINT('',(101.05853554815,1.980573561397,0.));
#4283 = CARTESIAN_POINT('',(101.04686580764,1.991359180164,0.));
#4284 = CARTESIAN_POINT('',(101.03520286876,2.002155656896,0.));
#4285 = CARTESIAN_POINT('',(101.02354673855,2.012962984811,0.));
#4286 = CARTESIAN_POINT('',(101.01189742408,2.023781157149,0.));
#4287 = CARTESIAN_POINT('',(101.00025493232,2.034610167068,0.));
#4288 = CARTESIAN_POINT('',(100.98861927034,2.045450007812,0.));
#4289 = CARTESIAN_POINT('',(100.97699044514,2.056300672564,0.));
#4290 = CARTESIAN_POINT('',(100.96536846373,2.067162154523,0.));
#4291 = CARTESIAN_POINT('',(100.95375333313,2.078034446891,0.));
#4292 = CARTESIAN_POINT('',(100.9421450603,2.088917542845,0.));
#4293 = CARTESIAN_POINT('',(100.93054365226,2.099811435586,0.));
#4294 = CARTESIAN_POINT('',(100.91894911598,2.110716118294,0.));
#4295 = CARTESIAN_POINT('',(100.90736145841,2.121631584151,0.));
#4296 = CARTESIAN_POINT('',(100.89578068654,2.132557826326,0.));
#4297 = CARTESIAN_POINT('',(100.88420680732,2.143494838012,0.));
#4298 = CARTESIAN_POINT('',(100.87263982772,2.154442612378,0.));
#4299 = CARTESIAN_POINT('',(100.86107975464,2.165401142567,0.));
#4300 = CARTESIAN_POINT('',(100.84952659505,2.176370421785,0.));
#4301 = CARTESIAN_POINT('',(100.83798035587,2.187350443162,0.));
#4302 = CARTESIAN_POINT('',(100.82644104401,2.198341199872,0.));
#4303 = CARTESIAN_POINT('',(100.81490866641,2.20934268507,0.));
#4304 = CARTESIAN_POINT('',(100.80338322997,2.220354891915,0.));
#4305 = CARTESIAN_POINT('',(100.79186474157,2.231377813543,0.));
#4306 = CARTESIAN_POINT('',(100.78035320811,2.242411443102,0.));
#4307 = CARTESIAN_POINT('',(100.7688486365,2.253455773767,0.));
#4308 = CARTESIAN_POINT('',(100.75735103357,2.264510798626,0.));
#4309 = CARTESIAN_POINT('',(100.74586040623,2.275576510862,0.));
#4310 = CARTESIAN_POINT('',(100.73437676134,2.286652903591,0.));
#4311 = CARTESIAN_POINT('',(100.72290010575,2.297739969948,0.));
#4312 = CARTESIAN_POINT('',(100.71143044629,2.308837703058,0.));
#4313 = CARTESIAN_POINT('',(100.69996778982,2.319946096042,0.));
#4314 = CARTESIAN_POINT('',(100.68851214319,2.33106514205,0.));
#4315 = CARTESIAN_POINT('',(100.67706351318,2.342194834162,0.));
#4316 = CARTESIAN_POINT('',(100.66562190665,2.353335165519,0.));
#4317 = CARTESIAN_POINT('',(100.65418733041,2.364486129234,0.));
#4318 = CARTESIAN_POINT('',(100.64275979125,2.37564771841,0.));
#4319 = CARTESIAN_POINT('',(100.63133929598,2.386819926158,0.));
#4320 = CARTESIAN_POINT('',(100.61992585137,2.398002745574,0.));
#4321 = CARTESIAN_POINT('',(100.60851946423,2.409196169779,0.));
#4322 = CARTESIAN_POINT('',(100.59712014132,2.420400191856,0.));
#4323 = CARTESIAN_POINT('',(100.5857278894,2.431614804892,0.));
#4324 = CARTESIAN_POINT('',(100.57434271525,2.442840002007,0.));
#4325 = CARTESIAN_POINT('',(100.56296462563,2.45407577627,0.));
#4326 = CARTESIAN_POINT('',(100.55159362727,2.46532212077,0.));
#4327 = CARTESIAN_POINT('',(100.5402297269,2.47657902859,0.));
#4328 = CARTESIAN_POINT('',(100.52887293128,2.487846492822,0.));
#4329 = CARTESIAN_POINT('',(100.51752324712,2.499124506531,0.));
#4330 = CARTESIAN_POINT('',(100.50618068114,2.510413062793,0.));
#4331 = CARTESIAN_POINT('',(100.49484524005,2.521712154686,0.));
#4332 = CARTESIAN_POINT('',(100.48351693056,2.533021775282,0.));
#4333 = CARTESIAN_POINT('',(100.47219575935,2.544341917635,0.));
#4334 = CARTESIAN_POINT('',(100.4608817331,2.555672574802,0.));
#4335 = CARTESIAN_POINT('',(100.44957485855,2.567013739882,0.));
#4336 = CARTESIAN_POINT('',(100.4382751423,2.578365405882,0.));
#4337 = CARTESIAN_POINT('',(100.42698259107,2.589727565889,0.));
#4338 = CARTESIAN_POINT('',(100.4156972115,2.601100212955,0.));
#4339 = CARTESIAN_POINT('',(100.40441901023,2.612483340091,0.));
#4340 = CARTESIAN_POINT('',(100.39314799394,2.623876940403,0.));
#4341 = CARTESIAN_POINT('',(100.38188416923,2.635281006887,0.));
#4342 = CARTESIAN_POINT('',(100.37062754275,2.646695532587,0.));
#4343 = CARTESIAN_POINT('',(100.35937812113,2.658120510574,0.));
#4344 = CARTESIAN_POINT('',(100.34813591097,2.669555933841,0.));
#4345 = CARTESIAN_POINT('',(100.33690091889,2.681001795448,0.));
#4346 = CARTESIAN_POINT('',(100.32567315148,2.692458088409,0.));
#4347 = CARTESIAN_POINT('',(100.31445261534,2.703924805752,0.));
#4348 = CARTESIAN_POINT('',(100.30323931707,2.715401940514,0.));
#4349 = CARTESIAN_POINT('',(100.29203326323,2.726889485689,0.));
#4350 = CARTESIAN_POINT('',(100.28083446041,2.738387434317,0.));
#4351 = CARTESIAN_POINT('',(100.26964291516,2.749895779411,0.));
#4352 = CARTESIAN_POINT('',(100.25845863404,2.761414513959,0.));
#4353 = CARTESIAN_POINT('',(100.24728162362,2.772943631004,0.));
#4354 = CARTESIAN_POINT('',(100.23611189043,2.78448312354,0.));
#4355 = CARTESIAN_POINT('',(100.22494944098,2.796032984546,0.));
#4356 = CARTESIAN_POINT('',(100.21379428184,2.807593207054,0.));
#4357 = CARTESIAN_POINT('',(100.20264641954,2.819163784063,0.));
#4358 = CARTESIAN_POINT('',(100.19150586056,2.830744708542,0.));
#4359 = CARTESIAN_POINT('',(100.18037261141,2.842335973503,0.));
#4360 = CARTESIAN_POINT('',(100.1692466786,2.853937571929,0.));
#4361 = CARTESIAN_POINT('',(100.15812806862,2.865549496813,0.));
#4362 = CARTESIAN_POINT('',(100.14701678797,2.877171741136,0.));
#4363 = CARTESIAN_POINT('',(100.13591284311,2.888804297876,0.));
#4364 = CARTESIAN_POINT('',(100.12481624051,2.900447160014,0.));
#4365 = CARTESIAN_POINT('',(100.11372698665,2.912100320531,0.));
#4366 = CARTESIAN_POINT('',(100.10264508798,2.9237637724,0.));
#4367 = CARTESIAN_POINT('',(100.09157055093,2.935437508573,0.));
#4368 = CARTESIAN_POINT('',(100.08050338199,2.947121522054,0.));
#4369 = CARTESIAN_POINT('',(100.06944358756,2.958815805777,0.));
#4370 = CARTESIAN_POINT('',(100.05839117406,2.970520352718,0.));
#4371 = CARTESIAN_POINT('',(100.04734614791,2.982235155834,0.));
#4372 = CARTESIAN_POINT('',(100.03630851555,2.993960208084,0.));
#4373 = CARTESIAN_POINT('',(100.02527828338,3.005695502429,0.));
#4374 = CARTESIAN_POINT('',(100.01425545778,3.017441031804,0.));
#4375 = CARTESIAN_POINT('',(100.00324004516,3.02919678918,0.));
#4376 = CARTESIAN_POINT('',(99.992232051895,3.04096276748,0.));
#4377 = CARTESIAN_POINT('',(99.981231484372,3.052738959679,0.));
#4378 = CARTESIAN_POINT('',(99.970238348936,3.064525358683,0.));
#4379 = CARTESIAN_POINT('',(99.959252651977,3.076321957457,0.));
#4380 = CARTESIAN_POINT('',(99.948274399848,3.088128748943,0.));
#4381 = CARTESIAN_POINT('',(99.937303598859,3.099945726029,0.));
#4382 = CARTESIAN_POINT('',(99.926340255411,3.111772881709,0.));
#4383 = CARTESIAN_POINT('',(99.915384375805,3.123610208875,0.));
#4384 = CARTESIAN_POINT('',(99.904435966353,3.135457700445,0.));
#4385 = CARTESIAN_POINT('',(99.893495033406,3.147315349375,0.));
#4386 = CARTESIAN_POINT('',(99.882561583254,3.159183148556,0.));
#4387 = CARTESIAN_POINT('',(99.871635622215,3.171061090921,0.));
#4388 = CARTESIAN_POINT('',(99.860717156587,3.182949169394,0.));
#4389 = CARTESIAN_POINT('',(99.84980619263,3.194847376859,0.));
#4390 = CARTESIAN_POINT('',(99.838902736662,3.206755706257,0.));
#4391 = CARTESIAN_POINT('',(99.828006794956,3.218674150487,0.));
#4392 = CARTESIAN_POINT('',(99.817118373765,3.23060270244,0.));
#4393 = CARTESIAN_POINT('',(99.806237479374,3.242541355048,0.));
#4394 = CARTESIAN_POINT('',(99.795364118005,3.254490101183,0.));
#4395 = CARTESIAN_POINT('',(99.78449829592,3.266448933758,0.));
#4396 = CARTESIAN_POINT('',(99.773640019363,3.278417845662,0.));
#4397 = CARTESIAN_POINT('',(99.762789294581,3.290396829808,0.));
#4398 = CARTESIAN_POINT('',(99.75194612776,3.302385879055,0.));
#4399 = CARTESIAN_POINT('',(99.741110525136,3.314384986306,0.));
#4400 = CARTESIAN_POINT('',(99.730282492942,3.326394144462,0.));
#4401 = CARTESIAN_POINT('',(99.719462037357,3.338413346377,0.));
#4402 = CARTESIAN_POINT('',(99.708649164596,3.350442584957,0.));
#4403 = CARTESIAN_POINT('',(99.697843880831,3.36248185307,0.));
#4404 = CARTESIAN_POINT('',(99.687046192232,3.374531143579,0.));
#4405 = CARTESIAN_POINT('',(99.67625610501,3.386590449382,0.));
#4406 = CARTESIAN_POINT('',(99.665473625323,3.398659763347,0.));
#4407 = CARTESIAN_POINT('',(99.654698759295,3.410739078309,0.));
#4408 = CARTESIAN_POINT('',(99.643931513129,3.422828387183,0.));
#4409 = CARTESIAN_POINT('',(99.633171892942,3.434927682799,0.));
#4410 = CARTESIAN_POINT('',(99.622419904877,3.447036958021,0.));
#4411 = CARTESIAN_POINT('',(99.61167555509,3.45915620574,0.));
#4412 = CARTESIAN_POINT('',(99.600938849648,3.471285418756,0.));
#4413 = CARTESIAN_POINT('',(99.590209794723,3.483424589974,0.));
#4414 = CARTESIAN_POINT('',(99.579488396414,3.495573712232,0.));
#4415 = CARTESIAN_POINT('',(99.568774660794,3.507732778355,0.));
#4416 = CARTESIAN_POINT('',(99.558068593997,3.519901781221,0.));
#4417 = CARTESIAN_POINT('',(99.547370202103,3.532080713661,0.));
#4418 = CARTESIAN_POINT('',(99.53667949119,3.544269568528,0.));
#4419 = CARTESIAN_POINT('',(99.525996467296,3.556468338625,0.));
#4420 = CARTESIAN_POINT('',(99.515321136552,3.568677016852,0.));
#4421 = CARTESIAN_POINT('',(99.504653504965,3.580895595988,0.));
#4422 = CARTESIAN_POINT('',(99.493993578607,3.593124068886,0.));
#4423 = CARTESIAN_POINT('',(99.483341363549,3.605362428401,0.));
#4424 = CARTESIAN_POINT('',(99.472696865773,3.617610667309,0.));
#4425 = CARTESIAN_POINT('',(99.462060091359,3.629868778489,0.));
#4426 = CARTESIAN_POINT('',(99.4514310463,3.64213675472,0.));
#4427 = CARTESIAN_POINT('',(99.440809736652,3.654414588868,0.));
#4428 = CARTESIAN_POINT('',(99.430196168379,3.666702273716,0.));
#4429 = CARTESIAN_POINT('',(99.419590347485,3.678999802083,0.));
#4430 = CARTESIAN_POINT('',(99.408992280005,3.691307166811,0.));
#4431 = CARTESIAN_POINT('',(99.398401971901,3.703624360685,0.));
#4432 = CARTESIAN_POINT('',(99.387819429162,3.715951376539,0.));
#4433 = CARTESIAN_POINT('',(99.377244657721,3.728288207138,0.));
#4434 = CARTESIAN_POINT('',(99.36667766361,3.740634845338,0.));
#4435 = CARTESIAN_POINT('',(99.356118452769,3.752991283926,0.));
#4436 = CARTESIAN_POINT('',(99.345567031106,3.765357515674,0.));
#4437 = CARTESIAN_POINT('',(99.335023404608,3.777733533419,0.));
#4438 = CARTESIAN_POINT('',(99.324487579203,3.790119329933,0.));
#4439 = CARTESIAN_POINT('',(99.313959560838,3.802514898036,0.));
#4440 = CARTESIAN_POINT('',(99.303439355391,3.81492023048,0.));
#4441 = CARTESIAN_POINT('',(99.292926968819,3.827335320092,0.));
#4442 = CARTESIAN_POINT('',(99.282422407021,3.83976015965,0.));
#4443 = CARTESIAN_POINT('',(99.271925675877,3.852194741918,0.));
#4444 = CARTESIAN_POINT('',(99.261436781315,3.86463905971,0.));
#4445 = CARTESIAN_POINT('',(99.25095572921,3.877093105786,0.));
#4446 = CARTESIAN_POINT('',(99.240482525447,3.889556872943,0.));
#4447 = CARTESIAN_POINT('',(99.230017175862,3.902030353931,0.));
#4448 = CARTESIAN_POINT('',(99.219559686355,3.914513541542,0.));
#4449 = CARTESIAN_POINT('',(99.209110062801,3.927006428561,0.));
#4450 = CARTESIAN_POINT('',(99.198668311019,3.93950900773,0.));
#4451 = CARTESIAN_POINT('',(99.188234436861,3.952021271831,0.));
#4452 = CARTESIAN_POINT('',(99.177808446174,3.964543213632,0.));
#4453 = CARTESIAN_POINT('',(99.167390344784,3.977074825894,0.));
#4454 = CARTESIAN_POINT('',(99.156980138509,3.989616101384,0.));
#4455 = CARTESIAN_POINT('',(99.146577833148,4.002167032841,0.));
#4456 = CARTESIAN_POINT('',(99.136183434545,4.014727613046,0.));
#4457 = CARTESIAN_POINT('',(99.125796948501,4.027297834757,0.));
#4458 = CARTESIAN_POINT('',(99.115418380767,4.039877690696,0.));
#4459 = CARTESIAN_POINT('',(99.105047737162,4.052467173639,0.));
#4460 = CARTESIAN_POINT('',(99.094685023477,4.065066276337,0.));
#4461 = CARTESIAN_POINT('',(99.084330245469,4.077674991526,0.));
#4462 = CARTESIAN_POINT('',(99.073983408891,4.090293311947,0.));
#4463 = CARTESIAN_POINT('',(99.063644519522,4.102921230356,0.));
#4464 = CARTESIAN_POINT('',(99.053313583111,4.115558739489,0.));
#4465 = CARTESIAN_POINT('',(99.042990605389,4.128205832085,0.));
#4466 = CARTESIAN_POINT('',(99.03267559208,4.140862500862,0.));
#4467 = CARTESIAN_POINT('',(99.022368548966,4.153528738589,0.));
#4468 = CARTESIAN_POINT('',(99.012069481742,4.166204537979,0.));
#4469 = CARTESIAN_POINT('',(99.001778396102,4.178889891751,0.));
#4470 = CARTESIAN_POINT('',(98.991495297779,4.191584792657,0.));
#4471 = CARTESIAN_POINT('',(98.981220192464,4.204289233402,0.));
#4472 = CARTESIAN_POINT('',(98.970953085871,4.217003206738,0.));
#4473 = CARTESIAN_POINT('',(98.960693983647,4.22972670535,0.));
#4474 = CARTESIAN_POINT('',(98.950442891506,4.242459721984,0.));
#4475 = CARTESIAN_POINT('',(98.94019981513,4.255202249364,0.));
#4476 = CARTESIAN_POINT('',(98.929964760147,4.267954280178,0.));
#4477 = CARTESIAN_POINT('',(98.91973773224,4.280715807168,0.));
#4478 = CARTESIAN_POINT('',(98.909518737046,4.293486823019,0.));
#4479 = CARTESIAN_POINT('',(98.899307780251,4.306267320483,0.));
#4480 = CARTESIAN_POINT('',(98.889104867433,4.319057292225,0.));
#4481 = CARTESIAN_POINT('',(98.878910004237,4.331856730961,0.));
#4482 = CARTESIAN_POINT('',(98.868723196329,4.344665629429,0.));
#4483 = CARTESIAN_POINT('',(98.858544449274,4.357483980285,0.));
#4484 = CARTESIAN_POINT('',(98.848373768702,4.370311776261,0.));
#4485 = CARTESIAN_POINT('',(98.838211160207,4.383149010035,0.));
#4486 = CARTESIAN_POINT('',(98.828056629407,4.395995674325,0.));
#4487 = CARTESIAN_POINT('',(98.817910181865,4.408851761813,0.));
#4488 = CARTESIAN_POINT('',(98.80777182315,4.42171726518,0.));
#4489 = CARTESIAN_POINT('',(98.797641558873,4.434592177147,0.));
#4490 = CARTESIAN_POINT('',(98.787519394575,4.447476490374,0.));
#4491 = CARTESIAN_POINT('',(98.777405335827,4.460370197573,0.));
#4492 = CARTESIAN_POINT('',(98.767299388151,4.473273291398,0.));
#4493 = CARTESIAN_POINT('',(98.757201557134,4.486185764562,0.));
#4494 = CARTESIAN_POINT('',(98.747111848304,4.499107609742,0.));
#4495 = CARTESIAN_POINT('',(98.737030267158,4.512038819595,0.));
#4496 = CARTESIAN_POINT('',(98.726956819244,4.52497938682,0.));
#4497 = CARTESIAN_POINT('',(98.716891510088,4.53792930409,0.));
#4498 = CARTESIAN_POINT('',(98.70683434519,4.550888564079,0.));
#4499 = CARTESIAN_POINT('',(98.696785330035,4.563857159447,0.));
#4500 = CARTESIAN_POINT('',(98.686744470136,4.576835082875,0.));
#4501 = CARTESIAN_POINT('',(98.676711770992,4.589822327032,0.));
#4502 = CARTESIAN_POINT('',(98.666687238079,4.602818884589,0.));
#4503 = CARTESIAN_POINT('',(98.656670876836,4.615824748188,0.));
#4504 = CARTESIAN_POINT('',(98.64666269276,4.628839910518,0.));
#4505 = CARTESIAN_POINT('',(98.63666269131,4.641864364234,0.));
#4506 = CARTESIAN_POINT('',(98.626670877918,4.654898101982,0.));
#4507 = CARTESIAN_POINT('',(98.61668725805,4.66794111643,0.));
#4508 = CARTESIAN_POINT('',(98.606711837156,4.680993400238,0.));
#4509 = CARTESIAN_POINT('',(98.596744620651,4.694054946051,0.));
#4510 = CARTESIAN_POINT('',(98.586785613949,4.707125746522,0.));
#4511 = CARTESIAN_POINT('',(98.57683482247,4.720205794303,0.));
#4512 = CARTESIAN_POINT('',(98.566892251634,4.733295082044,0.));
#4513 = CARTESIAN_POINT('',(98.556957906846,4.746393602395,0.));
#4514 = CARTESIAN_POINT('',(98.547031793492,4.759501347997,0.));
#4515 = CARTESIAN_POINT('',(98.537113916946,4.772618311481,0.));
#4516 = CARTESIAN_POINT('',(98.527204282629,4.785744485514,0.));
#4517 = CARTESIAN_POINT('',(98.517302895896,4.798879862719,0.));
#4518 = CARTESIAN_POINT('',(98.507409762105,4.812024435732,0.));
#4519 = CARTESIAN_POINT('',(98.497524886625,4.8251781972,0.));
#4520 = CARTESIAN_POINT('',(98.487648274803,4.838341139746,0.));
#4521 = CARTESIAN_POINT('',(98.477779931999,4.851513256017,0.));
#4522 = CARTESIAN_POINT('',(98.467919863537,4.864694538631,0.));
#4523 = CARTESIAN_POINT('',(98.45806807475,4.877884980221,0.));
#4524 = CARTESIAN_POINT('',(98.448224570975,4.891084573421,0.));
#4525 = CARTESIAN_POINT('',(98.43838935752,4.904293310847,0.));
#4526 = CARTESIAN_POINT('',(98.428562439705,4.917511185133,0.));
#4527 = CARTESIAN_POINT('',(98.418743822822,4.930738188895,0.));
#4528 = CARTESIAN_POINT('',(98.408933512168,4.943974314754,0.));
#4529 = CARTESIAN_POINT('',(98.399131513045,4.957219555336,0.));
#4530 = CARTESIAN_POINT('',(98.389337830724,4.970473903247,0.));
#4531 = CARTESIAN_POINT('',(98.379552470497,4.983737351124,0.));
#4532 = CARTESIAN_POINT('',(98.369775437593,4.997009891544,0.));
#4533 = CARTESIAN_POINT('',(98.360006737325,5.010291517161,0.));
#4534 = CARTESIAN_POINT('',(98.350246374928,5.023582220568,0.));
#4535 = CARTESIAN_POINT('',(98.340494355621,5.036881994358,0.));
#4536 = CARTESIAN_POINT('',(98.330750684689,5.050190831173,0.));
#4537 = CARTESIAN_POINT('',(98.321015367333,5.063508723589,0.));
#4538 = CARTESIAN_POINT('',(98.311288408795,5.076835664228,0.));
#4539 = CARTESIAN_POINT('',(98.301569814287,5.090171645687,0.));
#4540 = CARTESIAN_POINT('',(98.291859589017,5.103516660566,0.));
#4541 = CARTESIAN_POINT('',(98.282157738196,5.116870701465,0.));
#4542 = CARTESIAN_POINT('',(98.272464267033,5.130233760984,0.));
#4543 = CARTESIAN_POINT('',(98.26277918072,5.143605831732,0.));
#4544 = CARTESIAN_POINT('',(98.253102484387,5.156986906261,0.));
#4545 = CARTESIAN_POINT('',(98.243434183287,5.170376977218,0.));
#4546 = CARTESIAN_POINT('',(98.233774282563,5.183776037175,0.));
#4547 = CARTESIAN_POINT('',(98.224122787335,5.197184078693,0.));
#4548 = CARTESIAN_POINT('',(98.214479702819,5.21060109441,0.));
#4549 = CARTESIAN_POINT('',(98.204845034129,5.224027076874,0.));
#4550 = CARTESIAN_POINT('',(98.195218786427,5.23746201869,0.));
#4551 = CARTESIAN_POINT('',(98.185600964843,5.250905912439,0.));
#4552 = CARTESIAN_POINT('',(98.175991574489,5.264358750695,0.));
#4553 = CARTESIAN_POINT('',(98.166390620503,5.277820526052,0.));
#4554 = CARTESIAN_POINT('',(98.156798107988,5.291291231083,0.));
#4555 = CARTESIAN_POINT('',(98.147214042042,5.30477085836,0.));
#4556 = CARTESIAN_POINT('',(98.137638427784,5.318259400465,0.));
#4557 = CARTESIAN_POINT('',(98.12807127032,5.331756849986,0.));
#4558 = CARTESIAN_POINT('',(98.118512574691,5.345263199464,0.));
#4559 = CARTESIAN_POINT('',(98.108962346012,5.358778441503,0.));
#4560 = CARTESIAN_POINT('',(98.099420589341,5.372302568656,0.));
#4561 = CARTESIAN_POINT('',(98.089887309744,5.385835573501,0.));
#4562 = CARTESIAN_POINT('',(98.080362512266,5.399377448598,0.));
#4563 = CARTESIAN_POINT('',(98.070846201961,5.412928186501,0.));
#4564 = CARTESIAN_POINT('',(98.061338383931,5.426487779821,0.));
#4565 = CARTESIAN_POINT('',(98.051839063129,5.440056221062,0.));
#4566 = CARTESIAN_POINT('',(98.042348244613,5.45363350282,0.));
#4567 = CARTESIAN_POINT('',(98.032865933418,5.467219617654,0.));
#4568 = CARTESIAN_POINT('',(98.023392134546,5.480814558108,0.));
#4569 = CARTESIAN_POINT('',(98.013926853026,5.494418316759,0.));
#4570 = CARTESIAN_POINT('',(98.004470093825,5.50803088613,0.));
#4571 = CARTESIAN_POINT('',(97.995021861996,5.521652258824,0.));
#4572 = CARTESIAN_POINT('',(97.985582162459,5.535282427347,0.));
#4573 = CARTESIAN_POINT('',(97.976151000221,5.548921384271,0.));
#4574 = CARTESIAN_POINT('',(97.966728380278,5.56256912216,0.));
#4575 = CARTESIAN_POINT('',(97.95731430756,5.576225633533,0.));
#4576 = CARTESIAN_POINT('',(97.947908787049,5.589890910958,0.));
#4577 = CARTESIAN_POINT('',(97.938511823696,5.603564946975,0.));
#4578 = CARTESIAN_POINT('',(97.929123422449,5.617247734135,0.));
#4579 = CARTESIAN_POINT('',(97.919743588218,5.630939264962,0.));
#4580 = CARTESIAN_POINT('',(97.91037232597,5.64463953202,0.));
#4581 = CARTESIAN_POINT('',(97.901009640626,5.658348527843,0.));
#4582 = CARTESIAN_POINT('',(97.891655537079,5.672066244953,0.));
#4583 = CARTESIAN_POINT('',(97.882310020278,5.685792675924,0.));
#4584 = CARTESIAN_POINT('',(97.872973095072,5.699527813245,0.));
#4585 = CARTESIAN_POINT('',(97.86364476641,5.713271649492,0.));
#4586 = CARTESIAN_POINT('',(97.854325039172,5.727024177189,0.));
#4587 = CARTESIAN_POINT('',(97.845013918197,5.740785388837,0.));
#4588 = CARTESIAN_POINT('',(97.835711408433,5.754555277026,0.));
#4589 = CARTESIAN_POINT('',(97.826417514674,5.768333834225,0.));
#4590 = CARTESIAN_POINT('',(97.81713224183,5.782121052999,0.));
#4591 = CARTESIAN_POINT('',(97.807855594759,5.79591692587,0.));
#4592 = CARTESIAN_POINT('',(97.798587578289,5.809721445354,0.));
#4593 = CARTESIAN_POINT('',(97.78932819726,5.82353460398,0.));
#4594 = CARTESIAN_POINT('',(97.780077456512,5.83735639427,0.));
#4595 = CARTESIAN_POINT('',(97.770835360886,5.851186808756,0.));
#4596 = CARTESIAN_POINT('',(97.761601915176,5.865025839939,0.));
#4597 = CARTESIAN_POINT('',(97.752377124217,5.878873480366,0.));
#4598 = CARTESIAN_POINT('',(97.743160992778,5.892729722518,0.));
#4599 = CARTESIAN_POINT('',(97.733953525711,5.906594558947,0.));
#4600 = CARTESIAN_POINT('',(97.724754727792,5.920467982158,0.));
#4601 = CARTESIAN_POINT('',(97.715564603773,5.934349984642,0.));
#4602 = CARTESIAN_POINT('',(97.706383158484,5.948240558953,0.));
#4603 = CARTESIAN_POINT('',(97.697210396649,5.962139697563,0.));
#4604 = CARTESIAN_POINT('',(97.68804632307,5.976047393014,0.));
#4605 = CARTESIAN_POINT('',(97.678890942481,5.989963637795,0.));
#4606 = CARTESIAN_POINT('',(97.669744259642,6.003888424423,0.));
#4607 = CARTESIAN_POINT('',(97.660606279296,6.017821745404,0.));
#4608 = CARTESIAN_POINT('',(97.651477006177,6.031763593236,0.));
#4609 = CARTESIAN_POINT('',(97.642356445035,6.045713960444,0.));
#4610 = CARTESIAN_POINT('',(97.633244600551,6.0596728395,0.));
#4611 = CARTESIAN_POINT('',(97.624141477479,6.073640222936,0.));
#4612 = CARTESIAN_POINT('',(97.615047080514,6.087616103239,0.));
#4613 = CARTESIAN_POINT('',(97.605961414346,6.101600472905,0.));
#4614 = CARTESIAN_POINT('',(97.59688448369,6.115593324437,0.));
#4615 = CARTESIAN_POINT('',(97.587816293247,6.129594650341,0.));
#4616 = CARTESIAN_POINT('',(97.57875684767,6.1436044431,0.));
#4617 = CARTESIAN_POINT('',(97.569706151627,6.157622695206,0.));
#4618 = CARTESIAN_POINT('',(97.560664209821,6.171649399175,0.));
#4619 = CARTESIAN_POINT('',(97.551631026884,6.185684547478,0.));
#4620 = CARTESIAN_POINT('',(97.542606607474,6.199728132612,0.));
#4621 = CARTESIAN_POINT('',(97.533590956253,6.21378014708,0.));
#4622 = CARTESIAN_POINT('',(97.524584077833,6.227840583341,0.));
#4623 = CARTESIAN_POINT('',(97.515585976902,6.241909433929,0.));
#4624 = CARTESIAN_POINT('',(97.50659665802,6.255986691283,0.));
#4625 = CARTESIAN_POINT('',(97.49761612584,6.270072347914,0.));
#4626 = CARTESIAN_POINT('',(97.488644384997,6.284166396321,0.));
#4627 = CARTESIAN_POINT('',(97.479681440031,6.298268828947,0.));
#4628 = CARTESIAN_POINT('',(97.470727295594,6.312379638311,0.));
#4629 = CARTESIAN_POINT('',(97.461781956271,6.326498816878,0.));
#4630 = CARTESIAN_POINT('',(97.452845426648,6.340626357138,0.));
#4631 = CARTESIAN_POINT('',(97.443917711274,6.354762251553,0.));
#4632 = CARTESIAN_POINT('',(97.434998814744,6.368906492617,0.));
#4633 = CARTESIAN_POINT('',(97.426088741632,6.383059072809,0.));
#4634 = CARTESIAN_POINT('',(97.417187496465,6.397219984581,0.));
#4635 = CARTESIAN_POINT('',(97.408295083844,6.41138922045,0.));
#4636 = CARTESIAN_POINT('',(97.399411508245,6.425566772844,0.));
#4637 = CARTESIAN_POINT('',(97.390536774244,6.439752634269,0.));
#4638 = CARTESIAN_POINT('',(97.381670886366,6.453946797189,0.));
#4639 = CARTESIAN_POINT('',(97.372813849116,6.468149254054,0.));
#4640 = CARTESIAN_POINT('',(97.363965667068,6.482359997374,0.));
#4641 = CARTESIAN_POINT('',(97.35512634467,6.496579019574,0.));
#4642 = CARTESIAN_POINT('',(97.34629588646,6.510806313159,0.));
#4643 = CARTESIAN_POINT('',(97.33747429689,6.52504187056,0.));
#4644 = CARTESIAN_POINT('',(97.328661580506,6.539285684282,0.));
#4645 = CARTESIAN_POINT('',(97.319857741747,6.553537746766,0.));
#4646 = CARTESIAN_POINT('',(97.311062785072,6.567798050458,0.));
#4647 = CARTESIAN_POINT('',(97.302276715036,6.582066587879,0.));
#4648 = CARTESIAN_POINT('',(97.293499536003,6.596343351424,0.));
#4649 = CARTESIAN_POINT('',(97.284731252477,6.610628333596,0.));
#4650 = CARTESIAN_POINT('',(97.275971868897,6.62492152684,0.));
#4651 = CARTESIAN_POINT('',(97.267221389703,6.639222923615,0.));
#4652 = CARTESIAN_POINT('',(97.258479819339,6.653532516392,0.));
#4653 = CARTESIAN_POINT('',(97.249747162189,6.667850297592,0.));
#4654 = CARTESIAN_POINT('',(97.241023422752,6.682176259729,0.));
#4655 = CARTESIAN_POINT('',(97.232308605354,6.696510395199,0.));
#4656 = CARTESIAN_POINT('',(97.223602714448,6.710852696493,0.));
#4657 = CARTESIAN_POINT('',(97.214905754432,6.725203156054,0.));
#4658 = CARTESIAN_POINT('',(97.206217729688,6.739561766325,0.));
#4659 = CARTESIAN_POINT('',(97.197538644626,6.753928519783,0.));
#4660 = CARTESIAN_POINT('',(97.188868503566,6.76830340883,0.));
#4661 = CARTESIAN_POINT('',(97.180207310972,6.782686425979,0.));
#4662 = CARTESIAN_POINT('',(97.171555071129,6.797077563625,0.));
#4663 = CARTESIAN_POINT('',(97.162911788421,6.811476814239,0.));
#4664 = CARTESIAN_POINT('',(97.154277467209,6.825884170273,0.));
#4665 = CARTESIAN_POINT('',(97.14565211182,6.840299624152,0.));
#4666 = CARTESIAN_POINT('',(97.137035726623,6.854723168343,0.));
#4667 = CARTESIAN_POINT('',(97.12842831593,6.869154795278,0.));
#4668 = CARTESIAN_POINT('',(97.119829884055,6.883594497403,0.));
#4669 = CARTESIAN_POINT('',(97.111240435309,6.898042267147,0.));
#4670 = CARTESIAN_POINT('',(97.102659974055,6.912498096982,0.));
#4671 = CARTESIAN_POINT('',(97.094088504553,6.926961979324,0.));
#4672 = CARTESIAN_POINT('',(97.085526031088,6.94143390661,0.));
#4673 = CARTESIAN_POINT('',(97.076972557986,6.955913871302,0.));
#4674 = CARTESIAN_POINT('',(97.068428089503,6.970401865813,0.));
#4675 = CARTESIAN_POINT('',(97.059892629941,6.984897882596,0.));
#4676 = CARTESIAN_POINT('',(97.051366183557,6.999401914081,0.));
#4677 = CARTESIAN_POINT('',(97.042848754609,7.013913952707,0.));
#4678 = CARTESIAN_POINT('',(97.034340347342,7.028433990894,0.));
#4679 = CARTESIAN_POINT('',(97.025840966048,7.042962021101,0.));
#4680 = CARTESIAN_POINT('',(97.017350614947,7.057498035751,0.));
#4681 = CARTESIAN_POINT('',(97.00886929823,7.072042027248,0.));
#4682 = CARTESIAN_POINT('',(97.000397020216,7.08659398808,0.));
#4683 = CARTESIAN_POINT('',(96.991933785053,7.101153910626,0.));
#4684 = CARTESIAN_POINT('',(96.983479596976,7.115721787332,0.));
#4685 = CARTESIAN_POINT('',(96.975034460232,7.130297610651,0.));
#4686 = CARTESIAN_POINT('',(96.966598378957,7.144881372969,0.));
#4687 = CARTESIAN_POINT('',(96.95817135739,7.159473066746,0.));
#4688 = CARTESIAN_POINT('',(96.949753399713,7.174072684398,0.));
#4689 = CARTESIAN_POINT('',(96.9413445101,7.188680218343,0.));
#4690 = CARTESIAN_POINT('',(96.932944692743,7.203295661022,0.));
#4691 = CARTESIAN_POINT('',(96.924553951785,7.21791900484,0.));
#4692 = CARTESIAN_POINT('',(96.916172291414,7.232550242242,0.));
#4693 = CARTESIAN_POINT('',(96.907799715757,7.247189365639,0.));
#4694 = CARTESIAN_POINT('',(96.899436228952,7.261836367441,0.));
#4695 = CARTESIAN_POINT('',(96.891081835199,7.276491240103,0.));
#4696 = CARTESIAN_POINT('',(96.882736538584,7.291153976012,0.));
#4697 = CARTESIAN_POINT('',(96.874400343245,7.305824567605,0.));
#4698 = CARTESIAN_POINT('',(96.866073253296,7.320503007293,0.));
#4699 = CARTESIAN_POINT('',(96.857755272875,7.335189287507,0.));
#4700 = CARTESIAN_POINT('',(96.849446406065,7.349883400651,0.));
#4701 = CARTESIAN_POINT('',(96.841146656967,7.364585339142,0.));
#4702 = CARTESIAN_POINT('',(96.832856029705,7.379295095417,0.));
#4703 = CARTESIAN_POINT('',(96.82457452832,7.394012661863,0.));
#4704 = CARTESIAN_POINT('',(96.816302156917,7.408738030912,0.));
#4705 = CARTESIAN_POINT('',(96.808038919582,7.423471194978,0.));
#4706 = CARTESIAN_POINT('',(96.79978482037,7.438212146476,0.));
#4707 = CARTESIAN_POINT('',(96.791539863308,7.452960877797,0.));
#4708 = CARTESIAN_POINT('',(96.78330405251,7.467717381389,0.));
#4709 = CARTESIAN_POINT('',(96.775077391991,7.482481649642,0.));
#4710 = CARTESIAN_POINT('',(96.766859885767,7.497253674953,0.));
#4711 = CARTESIAN_POINT('',(96.758651537935,7.512033449771,0.));
#4712 = CARTESIAN_POINT('',(96.750452352469,7.526820966477,0.));
#4713 = CARTESIAN_POINT('',(96.74226233338,7.541616217483,0.));
#4714 = CARTESIAN_POINT('',(96.734081484709,7.556419195206,0.));
#4715 = CARTESIAN_POINT('',(96.725909810467,7.57122989205,0.));
#4716 = CARTESIAN_POINT('',(96.717747314644,7.586048300418,0.));
#4717 = CARTESIAN_POINT('',(96.709594001235,7.600874412726,0.));
#4718 = CARTESIAN_POINT('',(96.7014498742,7.615708221365,0.));
#4719 = CARTESIAN_POINT('',(96.693314937555,7.630549718756,0.));
#4720 = CARTESIAN_POINT('',(96.685189195264,7.645398897297,0.));
#4721 = CARTESIAN_POINT('',(96.677072651275,7.660255749385,0.));
#4722 = CARTESIAN_POINT('',(96.668965309574,7.675120267443,0.));
#4723 = CARTESIAN_POINT('',(96.660867174072,7.689992443847,0.));
#4724 = CARTESIAN_POINT('',(96.652778248756,7.70487227102,0.));
#4725 = CARTESIAN_POINT('',(96.644698537567,7.719759741362,0.));
#4726 = CARTESIAN_POINT('',(96.636628044406,7.734654847264,0.));
#4727 = CARTESIAN_POINT('',(96.628566773204,7.749557581134,0.));
#4728 = CARTESIAN_POINT('',(96.620514727885,7.764467935369,0.));
#4729 = CARTESIAN_POINT('',(96.612471912376,7.779385902371,0.));
#4730 = CARTESIAN_POINT('',(96.60443833058,7.794311474537,0.));
#4731 = CARTESIAN_POINT('',(96.596413986392,7.809244644271,0.));
#4732 = CARTESIAN_POINT('',(96.58839888367,7.824185403956,0.));
#4733 = CARTESIAN_POINT('',(96.580393026338,7.839133746004,0.));
#4734 = CARTESIAN_POINT('',(96.572396418285,7.854089662813,0.));
#4735 = CARTESIAN_POINT('',(96.564409063352,7.869053146768,0.));
#4736 = CARTESIAN_POINT('',(96.556430965403,7.884024190262,0.));
#4737 = CARTESIAN_POINT('',(96.548462128337,7.899002785714,0.));
#4738 = CARTESIAN_POINT('',(96.540502555965,7.913988925496,0.));
#4739 = CARTESIAN_POINT('',(96.532552252126,7.928982601999,0.));
#4740 = CARTESIAN_POINT('',(96.524611220717,7.943983807648,0.));
#4741 = CARTESIAN_POINT('',(96.516679465507,7.958992534795,0.));
#4742 = CARTESIAN_POINT('',(96.508756990361,7.974008775864,0.));
#4743 = CARTESIAN_POINT('',(96.50084379908,7.989032523234,0.));
#4744 = CARTESIAN_POINT('',(96.492939895467,8.004063769291,0.));
#4745 = CARTESIAN_POINT('',(96.485045283363,8.019102506448,0.));
#4746 = CARTESIAN_POINT('',(96.47715996652,8.034148727069,0.));
#4747 = CARTESIAN_POINT('',(96.469283948762,8.049202423563,0.));
#4748 = CARTESIAN_POINT('',(96.461417233873,8.064263588314,0.));
#4749 = CARTESIAN_POINT('',(96.453559825626,8.079332213713,0.));
#4750 = CARTESIAN_POINT('',(96.44571172778,8.094408292143,0.));
#4751 = CARTESIAN_POINT('',(96.437872944115,8.109491815999,0.));
#4752 = CARTESIAN_POINT('',(96.430043478395,8.124582777669,0.));
#4753 = CARTESIAN_POINT('',(96.422223334364,8.139681169538,0.));
#4754 = CARTESIAN_POINT('',(96.41441251576,8.154786983993,0.));
#4755 = CARTESIAN_POINT('',(96.406611026326,8.16990021342,0.));
#4756 = CARTESIAN_POINT('',(96.398818869817,8.185020850212,0.));
#4757 = CARTESIAN_POINT('',(96.391036049935,8.200148886744,0.));
#4758 = CARTESIAN_POINT('',(96.383262570408,8.215284315416,0.));
#4759 = CARTESIAN_POINT('',(96.375498434919,8.230427128592,0.));
#4760 = CARTESIAN_POINT('',(96.367743647227,8.245577318685,0.));
#4761 = CARTESIAN_POINT('',(96.359998210993,8.260734878055,0.));
#4762 = CARTESIAN_POINT('',(96.352262129915,8.275899799091,0.));
#4763 = CARTESIAN_POINT('',(96.344535407711,8.291072074198,0.));
#4764 = CARTESIAN_POINT('',(96.336818047991,8.306251695717,0.));
#4765 = CARTESIAN_POINT('',(96.329110054507,8.321438656078,0.));
#4766 = CARTESIAN_POINT('',(96.32141143087,8.336632947628,0.));
#4767 = CARTESIAN_POINT('',(96.313722180762,8.351834562766,0.));
#4768 = CARTESIAN_POINT('',(96.306042307836,8.367043493871,0.));
#4769 = CARTESIAN_POINT('',(96.298371815732,8.382259733326,0.));
#4770 = CARTESIAN_POINT('',(96.290710708077,8.397483273501,0.));
#4771 = CARTESIAN_POINT('',(96.283058988535,8.412714106789,0.));
#4772 = CARTESIAN_POINT('',(96.275416660739,8.427952225582,0.));
#4773 = CARTESIAN_POINT('',(96.267783728226,8.443197622217,0.));
#4774 = CARTESIAN_POINT('',(96.260160194702,8.458450289126,0.));
#4775 = CARTESIAN_POINT('',(96.252546063733,8.47371021865,0.));
#4776 = CARTESIAN_POINT('',(96.244941338947,8.488977403188,0.));
#4777 = CARTESIAN_POINT('',(96.237346023913,8.504251835112,0.));
#4778 = CARTESIAN_POINT('',(96.229760122204,8.519533506794,0.));
#4779 = CARTESIAN_POINT('',(96.222183637433,8.534822410626,0.));
#4780 = CARTESIAN_POINT('',(96.214616573164,8.550118538979,0.));
#4781 = CARTESIAN_POINT('',(96.207058932954,8.565421884234,0.));
#4782 = CARTESIAN_POINT('',(96.199510720347,8.580732438754,0.));
#4783 = CARTESIAN_POINT('',(96.191971938946,8.596050194941,0.));
#4784 = CARTESIAN_POINT('',(96.184442592267,8.611375145149,0.));
#4785 = CARTESIAN_POINT('',(96.176922683856,8.626707281764,0.));
#4786 = CARTESIAN_POINT('',(96.169412217251,8.642046597164,0.));
#4787 = CARTESIAN_POINT('',(96.161911195965,8.657393083719,0.));
#4788 = CARTESIAN_POINT('',(96.154419623533,8.672746733811,0.));
#4789 = CARTESIAN_POINT('',(96.146937503468,8.688107539812,0.));
#4790 = CARTESIAN_POINT('',(96.139464839279,8.703475494099,0.));
#4791 = CARTESIAN_POINT('',(96.132001634458,8.718850589041,0.));
#4792 = CARTESIAN_POINT('',(96.124547892516,8.73423281702,0.));
#4793 = CARTESIAN_POINT('',(96.117103616936,8.749622170412,0.));
#4794 = CARTESIAN_POINT('',(96.109668811175,8.765018641574,0.));
#4795 = CARTESIAN_POINT('',(96.102243478756,8.780422222906,0.));
#4796 = CARTESIAN_POINT('',(96.094827623116,8.795832906765,0.));
#4797 = CARTESIAN_POINT('',(96.087421247707,8.811250685522,0.));
#4798 = CARTESIAN_POINT('',(96.080024356012,8.826675551563,0.));
#4799 = CARTESIAN_POINT('',(96.072636951475,8.84210749726,0.));
#4800 = CARTESIAN_POINT('',(96.065259037504,8.857546514966,0.));
#4801 = CARTESIAN_POINT('',(96.057890617587,8.872992597075,0.));
#4802 = CARTESIAN_POINT('',(96.050531695154,8.88844573596,0.));
#4803 = CARTESIAN_POINT('',(96.04318227357,8.903905923971,0.));
#4804 = CARTESIAN_POINT('',(96.035842356299,8.91937315351,0.));
#4805 = CARTESIAN_POINT('',(96.028511946722,8.934847416925,0.));
#4806 = CARTESIAN_POINT('',(96.021191048272,8.950328706603,0.));
#4807 = CARTESIAN_POINT('',(96.013879664339,8.965817014915,0.));
#4808 = CARTESIAN_POINT('',(96.006577798276,8.98131233421,0.));
#4809 = CARTESIAN_POINT('',(95.999285453535,8.996814656898,0.));
#4810 = CARTESIAN_POINT('',(95.992002633436,9.012323975319,0.));
#4811 = CARTESIAN_POINT('',(95.984729341358,9.02784028185,0.));
#4812 = CARTESIAN_POINT('',(95.977465580699,9.043363568873,0.));
#4813 = CARTESIAN_POINT('',(95.970211354801,9.058893828752,0.));
#4814 = CARTESIAN_POINT('',(95.962966666992,9.07443105385,0.));
#4815 = CARTESIAN_POINT('',(95.955731520648,9.089975236554,0.));
#4816 = CARTESIAN_POINT('',(95.948505919083,9.105526369222,0.));
#4817 = CARTESIAN_POINT('',(95.941289865639,9.121084444225,0.));
#4818 = CARTESIAN_POINT('',(95.934083363661,9.136649453945,0.));
#4819 = CARTESIAN_POINT('',(95.926886416428,9.152221390736,0.));
#4820 = CARTESIAN_POINT('',(95.919699027271,9.167800246972,0.));
#4821 = CARTESIAN_POINT('',(95.91252119953,9.183386015038,0.));
#4822 = CARTESIAN_POINT('',(95.905352936454,9.198978687283,0.));
#4823 = CARTESIAN_POINT('',(95.898194241342,9.214578256082,0.));
#4824 = CARTESIAN_POINT('',(95.891045117522,9.23018471382,0.));
#4825 = CARTESIAN_POINT('',(95.883905568229,9.245798052846,0.));
#4826 = CARTESIAN_POINT('',(95.876775596753,9.26141826554,0.));
#4827 = CARTESIAN_POINT('',(95.869655206369,9.277045344275,0.));
#4828 = CARTESIAN_POINT('',(95.862544400319,9.292679281412,0.));
#4829 = CARTESIAN_POINT('',(95.855443181865,9.308320069318,0.));
#4830 = CARTESIAN_POINT('',(95.848351554283,9.323967700374,0.));
#4831 = CARTESIAN_POINT('',(95.841269520792,9.339622166947,0.));
#4832 = CARTESIAN_POINT('',(95.834197084583,9.355283461385,0.));
#4833 = CARTESIAN_POINT('',(95.827134248959,9.370951576089,0.));
#4834 = CARTESIAN_POINT('',(95.820081017119,9.386626503415,0.));
#4835 = CARTESIAN_POINT('',(95.813037392232,9.402308235716,0.));
#4836 = CARTESIAN_POINT('',(95.806003377565,9.417996765384,0.));
#4837 = CARTESIAN_POINT('',(95.798978976316,9.433692084785,0.));
#4838 = CARTESIAN_POINT('',(95.791964191629,9.449394186266,0.));
#4839 = CARTESIAN_POINT('',(95.784959026753,9.465103062224,0.));
#4840 = CARTESIAN_POINT('',(95.777963484847,9.480818705017,0.));
#4841 = CARTESIAN_POINT('',(95.770977569066,9.496541107005,0.));
#4842 = CARTESIAN_POINT('',(95.764001282616,9.512270260575,0.));
#4843 = CARTESIAN_POINT('',(95.757034628642,9.528006158077,0.));
#4844 = CARTESIAN_POINT('',(95.750077610322,9.543748791892,0.));
#4845 = CARTESIAN_POINT('',(95.743130230799,9.559498154391,0.));
#4846 = CARTESIAN_POINT('',(95.736192493172,9.575254237922,0.));
#4847 = CARTESIAN_POINT('',(95.729264400656,9.591017034887,0.));
#4848 = CARTESIAN_POINT('',(95.722345956335,9.606786537633,0.));
#4849 = CARTESIAN_POINT('',(95.715437163327,9.622562738532,0.));
#4850 = CARTESIAN_POINT('',(95.708538024767,9.638345629958,0.));
#4851 = CARTESIAN_POINT('',(95.701648543782,9.654135204277,0.));
#4852 = CARTESIAN_POINT('',(95.694768723474,9.669931453858,0.));
#4853 = CARTESIAN_POINT('',(95.687898566932,9.685734371071,0.));
#4854 = CARTESIAN_POINT('',(95.681038077236,9.701543948282,0.));
#4855 = CARTESIAN_POINT('',(95.674187257495,9.717360177867,0.));
#4856 = CARTESIAN_POINT('',(95.667346110792,9.733183052199,0.));
#4857 = CARTESIAN_POINT('',(95.660514640167,9.749012563629,0.));
#4858 = CARTESIAN_POINT('',(95.653692848735,9.764848704548,0.));
#4859 = CARTESIAN_POINT('',(95.64688073953,9.78069146731,0.));
#4860 = CARTESIAN_POINT('',(95.640078315622,9.796540844296,0.));
#4861 = CARTESIAN_POINT('',(95.633285580034,9.812396827865,0.));
#4862 = CARTESIAN_POINT('',(95.626502535831,9.828259410397,0.));
#4863 = CARTESIAN_POINT('',(95.619729186048,9.844128584258,0.));
#4864 = CARTESIAN_POINT('',(95.612965533703,9.860004341816,0.));
#4865 = CARTESIAN_POINT('',(95.606211581831,9.87588667545,0.));
#4866 = CARTESIAN_POINT('',(95.59946733342,9.891775577515,0.));
#4867 = CARTESIAN_POINT('',(95.592732791528,9.907671040402,0.));
#4868 = CARTESIAN_POINT('',(95.58600795912,9.923573056463,0.));
#4869 = CARTESIAN_POINT('',(95.57929283921,9.939481618075,0.));
#4870 = CARTESIAN_POINT('',(95.572587434801,9.955396717618,0.));
#4871 = CARTESIAN_POINT('',(95.565891748841,9.971318347446,0.));
#4872 = CARTESIAN_POINT('',(95.559205784342,9.987246499946,0.));
#4873 = CARTESIAN_POINT('',(95.552529544268,10.003181167479,0.));
#4874 = CARTESIAN_POINT('',(95.545863031593,10.019122342427,0.));
#4875 = CARTESIAN_POINT('',(95.539206249236,10.035070017139,0.));
#4876 = CARTESIAN_POINT('',(95.532559200223,10.051024184024,0.));
#4877 = CARTESIAN_POINT('',(95.525921887423,10.066984835419,0.));
#4878 = CARTESIAN_POINT('',(95.519294313814,10.082951963715,0.));
#4879 = CARTESIAN_POINT('',(95.512676482339,10.098925561284,0.));
#4880 = CARTESIAN_POINT('',(95.506068395903,10.114905620483,0.));
#4881 = CARTESIAN_POINT('',(95.499470057462,10.130892133702,0.));
#4882 = CARTESIAN_POINT('',(95.492881469907,10.146885093305,0.));
#4883 = CARTESIAN_POINT('',(95.486302636146,10.162884491678,0.));
#4884 = CARTESIAN_POINT('',(95.479733559032,10.178890321169,0.));
#4885 = CARTESIAN_POINT('',(95.473174241553,10.194902574178,0.));
#4886 = CARTESIAN_POINT('',(95.466624686585,10.210921243075,0.));
#4887 = CARTESIAN_POINT('',(95.460084896933,10.226946320202,0.));
#4888 = CARTESIAN_POINT('',(95.453554875563,10.242977797977,0.));
#4889 = CARTESIAN_POINT('',(95.447034625308,10.259015668748,0.));
#4890 = CARTESIAN_POINT('',(95.440524149021,10.275059924893,0.));
#4891 = CARTESIAN_POINT('',(95.434023449581,10.291110558796,0.));
#4892 = CARTESIAN_POINT('',(95.42753252983,10.30716756283,0.));
#4893 = CARTESIAN_POINT('',(95.421051392589,10.323230929355,0.));
#4894 = CARTESIAN_POINT('',(95.41458004076,10.339300650772,0.));
#4895 = CARTESIAN_POINT('',(95.408118477128,10.355376719435,0.));
#4896 = CARTESIAN_POINT('',(95.401666704525,10.371459127722,0.));
#4897 = CARTESIAN_POINT('',(95.395224725809,10.387547868032,0.));
#4898 = CARTESIAN_POINT('',(95.38879254372,10.403642932709,0.));
#4899 = CARTESIAN_POINT('',(95.382370161125,10.41974431415,0.));
#4900 = CARTESIAN_POINT('',(95.375957580834,10.435852004734,0.));
#4901 = CARTESIAN_POINT('',(95.369554805602,10.451965996829,0.));
#4902 = CARTESIAN_POINT('',(95.363161838211,10.468086282814,0.));
#4903 = CARTESIAN_POINT('',(95.356778681478,10.48421285507,0.));
#4904 = CARTESIAN_POINT('',(95.350405338194,10.50034570598,0.));
#4905 = CARTESIAN_POINT('',(95.344041811083,10.516484827907,0.));
#4906 = CARTESIAN_POINT('',(95.337688102929,10.532630213239,0.));
#4907 = CARTESIAN_POINT('',(95.331344216516,10.548781854365,0.));
#4908 = CARTESIAN_POINT('',(95.325010154545,10.564939743649,0.));
#4909 = CARTESIAN_POINT('',(95.318685919777,10.581103873477,0.));
#4910 = CARTESIAN_POINT('',(95.312371514969,10.59727423623,0.));
#4911 = CARTESIAN_POINT('',(95.306066942864,10.613450824292,0.));
#4912 = CARTESIAN_POINT('',(95.299772206147,10.629633630028,0.));
#4913 = CARTESIAN_POINT('',(95.29348730757,10.645822645835,0.));
#4914 = CARTESIAN_POINT('',(95.287212249844,10.662017864093,0.));
#4915 = CARTESIAN_POINT('',(95.280947035655,10.678219277177,0.));
#4916 = CARTESIAN_POINT('',(95.274691667708,10.694426877467,0.));
#4917 = CARTESIAN_POINT('',(95.268446148745,10.710640657363,0.));
#4918 = CARTESIAN_POINT('',(95.262210481398,10.726860609226,0.));
#4919 = CARTESIAN_POINT('',(95.25598466836,10.743086725445,0.));
#4920 = CARTESIAN_POINT('',(95.249768712342,10.759318998414,0.));
#4921 = CARTESIAN_POINT('',(95.243562615988,10.77555742051,0.));
#4922 = CARTESIAN_POINT('',(95.237366381942,10.791801984109,0.));
#4923 = CARTESIAN_POINT('',(95.231180012898,10.808052681609,0.));
#4924 = CARTESIAN_POINT('',(95.225003511506,10.824309505393,0.));
#4925 = CARTESIAN_POINT('',(95.218836880377,10.840572447834,0.));
#4926 = CARTESIAN_POINT('',(95.21268012218,10.856841501328,0.));
#4927 = CARTESIAN_POINT('',(95.206533239561,10.873116658267,0.));
#4928 = CARTESIAN_POINT('',(95.200396235099,10.889397911023,0.));
#4929 = CARTESIAN_POINT('',(95.194269111432,10.905685251989,0.));
#4930 = CARTESIAN_POINT('',(95.18815187121,10.921978673559,0.));
#4931 = CARTESIAN_POINT('',(95.182044517013,10.938278168107,0.));
#4932 = CARTESIAN_POINT('',(95.175947051451,10.954583728038,0.));
#4933 = CARTESIAN_POINT('',(95.169859477076,10.970895345719,0.));
#4934 = CARTESIAN_POINT('',(95.163781796542,10.987213013562,0.));
#4935 = CARTESIAN_POINT('',(95.157714012419,11.003536723948,0.));
#4936 = CARTESIAN_POINT('',(95.151656127233,11.019866469251,0.));
#4937 = CARTESIAN_POINT('',(95.145608143617,11.036202241886,0.));
#4938 = CARTESIAN_POINT('',(95.13957006411,11.052544034231,0.));
#4939 = CARTESIAN_POINT('',(95.133541891261,11.068891838678,0.));
#4940 = CARTESIAN_POINT('',(95.127523627628,11.085245647617,0.));
#4941 = CARTESIAN_POINT('',(95.121515275771,11.10160545344,0.));
#4942 = CARTESIAN_POINT('',(95.115516838246,11.117971248555,0.));
#4943 = CARTESIAN_POINT('',(95.109528317511,11.134343025327,0.));
#4944 = CARTESIAN_POINT('',(95.103549716151,11.150720776168,0.));
#4945 = CARTESIAN_POINT('',(95.097581036721,11.167104493475,0.));
#4946 = CARTESIAN_POINT('',(95.09162228168,11.183494169628,0.));
#4947 = CARTESIAN_POINT('',(95.085673453529,11.199889797024,0.));
#4948 = CARTESIAN_POINT('',(95.079734554825,11.216291368074,0.));
#4949 = CARTESIAN_POINT('',(95.07380558803,11.232698875163,0.));
#4950 = CARTESIAN_POINT('',(95.067886555606,11.249112310679,0.));
#4951 = CARTESIAN_POINT('',(95.0619774601,11.26553166704,0.));
#4952 = CARTESIAN_POINT('',(95.056078303953,11.28195693662,0.));
#4953 = CARTESIAN_POINT('',(95.050189089663,11.298388111837,0.));
#4954 = CARTESIAN_POINT('',(95.04430981965,11.314825185067,0.));
#4955 = CARTESIAN_POINT('',(95.038440496425,11.331268148727,0.));
#4956 = CARTESIAN_POINT('',(95.032581122436,11.347716995221,0.));
#4957 = CARTESIAN_POINT('',(95.026731700059,11.364171716919,0.));
#4958 = CARTESIAN_POINT('',(95.020892231835,11.380632306259,0.));
#4959 = CARTESIAN_POINT('',(95.015062720148,11.397098755617,0.));
#4960 = CARTESIAN_POINT('',(95.009243167423,11.413571057399,0.));
#4961 = CARTESIAN_POINT('',(95.003433576104,11.430049204015,0.));
#4962 = CARTESIAN_POINT('',(94.997633948592,11.446533187858,0.));
#4963 = CARTESIAN_POINT('',(94.991844287311,11.463023001337,0.));
#4964 = CARTESIAN_POINT('',(94.986064594656,11.479518636852,0.));
#4965 = CARTESIAN_POINT('',(94.980294873033,11.496020086808,0.));
#4966 = CARTESIAN_POINT('',(94.974535124838,11.512527343614,0.));
#4967 = CARTESIAN_POINT('',(94.968785352438,11.52904039967,0.));
#4968 = CARTESIAN_POINT('',(94.963045558213,11.54555924738,0.));
#4969 = CARTESIAN_POINT('',(94.957315744583,11.562083879164,0.));
#4970 = CARTESIAN_POINT('',(94.951595913859,11.57861428741,0.));
#4971 = CARTESIAN_POINT('',(94.945886068431,11.595150464536,0.));
#4972 = CARTESIAN_POINT('',(94.940186210664,11.611692402953,0.));
#4973 = CARTESIAN_POINT('',(94.934496342883,11.628240095063,0.));
#4974 = CARTESIAN_POINT('',(94.92881646744,11.644793533277,0.));
#4975 = CARTESIAN_POINT('',(94.92314658669,11.661352710008,0.));
#4976 = CARTESIAN_POINT('',(94.91748670295,11.677917617663,0.));
#4977 = CARTESIAN_POINT('',(94.911836818539,11.694488248653,0.));
#4978 = CARTESIAN_POINT('',(94.906196935795,11.711064595394,0.));
#4979 = CARTESIAN_POINT('',(94.900567057015,11.727646650292,0.));
#4980 = CARTESIAN_POINT('',(94.894947184524,11.744234405772,0.));
#4981 = CARTESIAN_POINT('',(94.889337320577,11.760827854229,0.));
#4982 = CARTESIAN_POINT('',(94.883737467537,11.777426988098,0.));
#4983 = CARTESIAN_POINT('',(94.87814762765,11.794031799775,0.));
#4984 = CARTESIAN_POINT('',(94.872567803219,11.810642281691,0.));
#4985 = CARTESIAN_POINT('',(94.866997996489,11.82725842625,0.));
#4986 = CARTESIAN_POINT('',(94.861438209759,11.843880225873,0.));
#4987 = CARTESIAN_POINT('',(94.855888445317,11.860507672988,0.));
#4988 = CARTESIAN_POINT('',(94.850348705352,11.877140759988,0.));
#4989 = CARTESIAN_POINT('',(94.844818992188,11.893779479318,0.));
#4990 = CARTESIAN_POINT('',(94.83929930804,11.910423823382,0.));
#4991 = CARTESIAN_POINT('',(94.833789655146,11.927073784605,0.));
#4992 = CARTESIAN_POINT('',(94.82829003574,11.943729355412,0.));
#4993 = CARTESIAN_POINT('',(94.82280045204,11.960390528212,0.));
#4994 = CARTESIAN_POINT('',(94.81732090632,11.977057295446,0.));
#4995 = CARTESIAN_POINT('',(94.811851400738,11.993729649515,0.));
#4996 = CARTESIAN_POINT('',(94.806391937535,12.010407582859,0.));
#4997 = CARTESIAN_POINT('',(94.800942518902,12.027091087896,0.));
#4998 = CARTESIAN_POINT('',(94.795503147045,12.043780157051,0.));
#4999 = CARTESIAN_POINT('',(94.790073824154,12.060474782746,0.));
#5000 = CARTESIAN_POINT('',(94.784654552434,12.077174957412,0.));
#5001 = CARTESIAN_POINT('',(94.779245334052,12.093880673479,0.));
#5002 = CARTESIAN_POINT('',(94.773846171144,12.110591923363,0.));
#5003 = CARTESIAN_POINT('',(94.768457065929,12.127308699505,0.));
#5004 = CARTESIAN_POINT('',(94.763078020574,12.144030994333,0.));
#5005 = CARTESIAN_POINT('',(94.757709037192,12.160758800263,0.));
#5006 = CARTESIAN_POINT('',(94.75235011796,12.177492109734,0.));
#5007 = CARTESIAN_POINT('',(94.747001265058,12.194230915192,0.));
#5008 = CARTESIAN_POINT('',(94.74166248053,12.210975209042,0.));
#5009 = CARTESIAN_POINT('',(94.736333766571,12.227724983733,0.));
#5010 = CARTESIAN_POINT('',(94.731015125341,12.244480231705,0.));
#5011 = CARTESIAN_POINT('',(94.725706558893,12.261240945369,0.));
#5012 = CARTESIAN_POINT('',(94.720408069375,12.278007117181,0.));
#5013 = CARTESIAN_POINT('',(94.715119658886,12.294778739568,0.));
#5014 = CARTESIAN_POINT('',(94.709841329535,12.31155580497,0.));
#5015 = CARTESIAN_POINT('',(94.704573083411,12.328338305818,0.));
#5016 = CARTESIAN_POINT('',(94.69931492262,12.345126234554,0.));
#5017 = CARTESIAN_POINT('',(94.694066849245,12.361919583624,0.));
#5018 = CARTESIAN_POINT('',(94.68882886532,12.37871834545,0.));
#5019 = CARTESIAN_POINT('',(94.683600972979,12.395522512496,0.));
#5020 = CARTESIAN_POINT('',(94.678383174246,12.41233207718,0.));
#5021 = CARTESIAN_POINT('',(94.673175471212,12.429147031951,0.));
#5022 = CARTESIAN_POINT('',(94.667977865955,12.445967369265,0.));
#5023 = CARTESIAN_POINT('',(94.662790360437,12.462793081541,0.));
#5024 = CARTESIAN_POINT('',(94.657612956761,12.479624161243,0.));
#5025 = CARTESIAN_POINT('',(94.652445656979,12.496460600814,0.));
#5026 = CARTESIAN_POINT('',(94.647288463085,12.513302392693,0.));
#5027 = CARTESIAN_POINT('',(94.642141377103,12.530149529329,0.));
#5028 = CARTESIAN_POINT('',(94.637004401074,12.547002003169,0.));
#5029 = CARTESIAN_POINT('',(94.631877537031,12.563859806669,0.));
#5030 = CARTESIAN_POINT('',(94.626760786926,12.580722932266,0.));
#5031 = CARTESIAN_POINT('',(94.621654152779,12.597591372412,0.));
#5032 = CARTESIAN_POINT('',(94.616557636629,12.61446511957,0.));
#5033 = CARTESIAN_POINT('',(94.611471240424,12.631344166181,0.));
#5034 = CARTESIAN_POINT('',(94.606394966123,12.648228504689,0.));
#5035 = CARTESIAN_POINT('',(94.601328815782,12.665118127572,0.));
#5036 = CARTESIAN_POINT('',(94.596272791306,12.682013027265,0.));
#5037 = CARTESIAN_POINT('',(94.59122689466,12.698913196222,0.));
#5038 = CARTESIAN_POINT('',(94.586191127862,12.715818626914,0.));
#5039 = CARTESIAN_POINT('',(94.581165492819,12.732729311782,0.));
#5040 = CARTESIAN_POINT('',(94.576149991491,12.749645243293,0.));
#5041 = CARTESIAN_POINT('',(94.571144625804,12.7665664139,0.));
#5042 = CARTESIAN_POINT('',(94.566149397725,12.783492816067,0.));
#5043 = CARTESIAN_POINT('',(94.56116430918,12.800424442253,0.));
#5044 = CARTESIAN_POINT('',(94.556189362062,12.817361284914,0.));
#5045 = CARTESIAN_POINT('',(94.551224558315,12.834303336516,0.));
#5046 = CARTESIAN_POINT('',(94.546269899872,12.851250589531,0.));
#5047 = CARTESIAN_POINT('',(94.541325388578,12.868203036398,0.));
#5048 = CARTESIAN_POINT('',(94.536391026404,12.885160669606,0.));
#5049 = CARTESIAN_POINT('',(94.531466815221,12.902123481615,0.));
#5050 = CARTESIAN_POINT('',(94.526552756865,12.919091464877,0.));
#5051 = CARTESIAN_POINT('',(94.521648853296,12.936064611878,0.));
#5052 = CARTESIAN_POINT('',(94.516755106374,12.95304291508,0.));
#5053 = CARTESIAN_POINT('',(94.511871517934,12.970026366948,0.));
#5054 = CARTESIAN_POINT('',(94.506998089855,12.987014959955,0.));
#5055 = CARTESIAN_POINT('',(94.502134824023,13.004008686571,0.));
#5056 = CARTESIAN_POINT('',(94.497281722297,13.021007539272,0.));
#5057 = CARTESIAN_POINT('',(94.49243878648,13.038011510522,0.));
#5058 = CARTESIAN_POINT('',(94.487606018434,13.055020592801,0.));
#5059 = CARTESIAN_POINT('',(94.482783420022,13.072034778589,0.));
#5060 = CARTESIAN_POINT('',(94.477970993036,13.089054060347,0.));
#5061 = CARTESIAN_POINT('',(94.473168739334,13.106078430568,0.));
#5062 = CARTESIAN_POINT('',(94.468376660705,13.123107881716,0.));
#5063 = CARTESIAN_POINT('',(94.463594758981,13.140142406273,0.));
#5064 = CARTESIAN_POINT('',(94.458823035989,13.157181996725,0.));
#5065 = CARTESIAN_POINT('',(94.454061493487,13.174226645546,0.));
#5066 = CARTESIAN_POINT('',(94.449310133278,13.19127634522,0.));
#5067 = CARTESIAN_POINT('',(94.444568957174,13.20833108823,0.));
#5068 = CARTESIAN_POINT('',(94.439837966961,13.22539086706,0.));
#5069 = CARTESIAN_POINT('',(94.435117164384,13.242455674182,0.));
#5070 = CARTESIAN_POINT('',(94.430406551273,13.259525502101,0.));
#5071 = CARTESIAN_POINT('',(94.425706129341,13.276600343291,0.));
#5072 = CARTESIAN_POINT('',(94.42101590034,13.293680190237,0.));
#5073 = CARTESIAN_POINT('',(94.416335866083,13.310765035438,0.));
#5074 = CARTESIAN_POINT('',(94.411666028303,13.327854871376,0.));
#5075 = CARTESIAN_POINT('',(94.407006388699,13.344949690538,0.));
#5076 = CARTESIAN_POINT('',(94.402356949042,13.362049485422,0.));
#5077 = CARTESIAN_POINT('',(94.39771771107,13.379154248518,0.));
#5078 = CARTESIAN_POINT('',(94.393088676511,13.396263972324,0.));
#5079 = CARTESIAN_POINT('',(94.388469847035,13.41337864932,0.));
#5080 = CARTESIAN_POINT('',(94.383861224418,13.430498272012,0.));
#5081 = CARTESIAN_POINT('',(94.379262810382,13.447622832905,0.));
#5082 = CARTESIAN_POINT('',(94.37467460653,13.464752324469,0.));
#5083 = CARTESIAN_POINT('',(94.370096614651,13.481886739229,0.));
#5084 = CARTESIAN_POINT('',(94.365528836432,13.499026069676,0.));
#5085 = CARTESIAN_POINT('',(94.360971273509,13.516170308301,0.));
#5086 = CARTESIAN_POINT('',(94.356423927589,13.533319447618,0.));
#5087 = CARTESIAN_POINT('',(94.351886800352,13.550473480129,0.));
#5088 = CARTESIAN_POINT('',(94.347359893443,13.567632398326,0.));
#5089 = CARTESIAN_POINT('',(94.34284320856,13.584796194724,0.));
#5090 = CARTESIAN_POINT('',(94.338336747343,13.601964861821,0.));
#5091 = CARTESIAN_POINT('',(94.333840511446,13.619138392135,0.));
#5092 = CARTESIAN_POINT('',(94.329354502475,13.636316778163,0.));
#5093 = CARTESIAN_POINT('',(94.324878722107,13.653500012418,0.));
#5094 = CARTESIAN_POINT('',(94.320413172006,13.670688087409,0.));
#5095 = CARTESIAN_POINT('',(94.31595785377,13.68788099565,0.));
#5096 = CARTESIAN_POINT('',(94.311512768971,13.705078729644,0.));
#5097 = CARTESIAN_POINT('',(94.307077919289,13.722281281912,0.));
#5098 = CARTESIAN_POINT('',(94.302653306359,13.739488644974,0.));
#5099 = CARTESIAN_POINT('',(94.298238931702,13.756700811328,0.));
#5100 = CARTESIAN_POINT('',(94.29383479696,13.773917773507,0.));
#5101 = CARTESIAN_POINT('',(94.289440903733,13.791139524016,0.));
#5102 = CARTESIAN_POINT('',(94.285057253634,13.808366055387,0.));
#5103 = CARTESIAN_POINT('',(94.280683848177,13.825597360121,0.));
#5104 = CARTESIAN_POINT('',(94.276320688981,13.84283343075,0.));
#5105 = CARTESIAN_POINT('',(94.271967777653,13.860074259811,0.));
#5106 = CARTESIAN_POINT('',(94.267625115646,13.877319839793,0.));
#5107 = CARTESIAN_POINT('',(94.263292704621,13.894570163245,0.));
#5108 = CARTESIAN_POINT('',(94.258970546144,13.911825222692,0.));
#5109 = CARTESIAN_POINT('',(94.254658641667,13.92908501064,0.));
#5110 = CARTESIAN_POINT('',(94.250356992798,13.94634951964,0.));
#5111 = CARTESIAN_POINT('',(94.24606560107,13.963618742212,0.));
#5112 = CARTESIAN_POINT('',(94.24178446799,13.980892670879,0.));
#5113 = CARTESIAN_POINT('',(94.237513595112,13.998171298187,0.));
#5114 = CARTESIAN_POINT('',(94.233252983909,14.015454616647,0.));
#5115 = CARTESIAN_POINT('',(94.229002635969,14.032742618813,0.));
#5116 = CARTESIAN_POINT('',(94.224762552749,14.050035297205,0.));
#5117 = CARTESIAN_POINT('',(94.220532735738,14.067332644359,0.));
#5118 = CARTESIAN_POINT('',(94.216313186489,14.08463465283,0.));
#5119 = CARTESIAN_POINT('',(94.212103906413,14.101941315124,0.));
#5120 = CARTESIAN_POINT('',(94.207904897096,14.119252623815,0.));
#5121 = CARTESIAN_POINT('',(94.203716159926,14.136568571414,0.));
#5122 = CARTESIAN_POINT('',(94.199537696416,14.153889150476,0.));
#5123 = CARTESIAN_POINT('',(94.19536950806,14.171214353547,0.));
#5124 = CARTESIAN_POINT('',(94.191211596275,14.188544173159,0.));
#5125 = CARTESIAN_POINT('',(94.187063962538,14.205878601864,0.));
#5126 = CARTESIAN_POINT('',(94.182926608308,14.223217632209,0.));
#5127 = CARTESIAN_POINT('',(94.178799535021,14.240561256739,0.));
#5128 = CARTESIAN_POINT('',(94.17468274411,14.257909468003,0.));
#5129 = CARTESIAN_POINT('',(94.170576237018,14.275262258555,0.));
#5130 = CARTESIAN_POINT('',(94.166480015162,14.292619620935,0.));
#5131 = CARTESIAN_POINT('',(94.162394080006,14.309981547706,0.));
#5132 = CARTESIAN_POINT('',(94.15831843293,14.327348031409,0.));
#5133 = CARTESIAN_POINT('',(94.154253075358,14.34471906461,0.));
#5134 = CARTESIAN_POINT('',(94.150198008685,14.362094639862,0.));
#5135 = CARTESIAN_POINT('',(94.14615323431,14.379474749716,0.));
#5136 = CARTESIAN_POINT('',(94.142118753665,14.396859386734,0.));
#5137 = CARTESIAN_POINT('',(94.138094568127,14.41424854348,0.));
#5138 = CARTESIAN_POINT('',(94.134080679021,14.431642212507,0.));
#5139 = CARTESIAN_POINT('',(94.130077087765,14.449040386378,0.));
#5140 = CARTESIAN_POINT('',(94.126083795794,14.466443057666,0.));
#5141 = CARTESIAN_POINT('',(94.122100804388,14.483850218916,0.));
#5142 = CARTESIAN_POINT('',(94.118128114926,14.501261862706,0.));
#5143 = CARTESIAN_POINT('',(94.114165728805,14.518677981611,0.));
#5144 = CARTESIAN_POINT('',(94.110213647318,14.536098568184,0.));
#5145 = CARTESIAN_POINT('',(94.106271871835,14.553523614996,0.));
#5146 = CARTESIAN_POINT('',(94.102340403736,14.570953114623,0.));
#5147 = CARTESIAN_POINT('',(94.098419244316,14.588387059634,0.));
#5148 = CARTESIAN_POINT('',(94.094508394873,14.605825442602,0.));
#5149 = CARTESIAN_POINT('',(94.090607856763,14.623268256106,0.));
#5150 = CARTESIAN_POINT('',(94.086717631314,14.64071549272,0.));
#5151 = CARTESIAN_POINT('',(94.082837719811,14.65816714501,0.));
#5152 = CARTESIAN_POINT('',(94.078968123602,14.675623205569,0.));
#5153 = CARTESIAN_POINT('',(94.075108843932,14.693083666961,0.));
#5154 = CARTESIAN_POINT('',(94.071259882135,14.710548521783,0.));
#5155 = CARTESIAN_POINT('',(94.06742123948,14.728017762608,0.));
#5156 = CARTESIAN_POINT('',(94.063592917246,14.745491382019,0.));
#5157 = CARTESIAN_POINT('',(94.059774916737,14.762969372605,0.));
#5158 = CARTESIAN_POINT('',(94.055967239209,14.780451726949,0.));
#5159 = CARTESIAN_POINT('',(94.052169885916,14.797938437637,0.));
#5160 = CARTESIAN_POINT('',(94.048382858141,14.815429497262,0.));
#5161 = CARTESIAN_POINT('',(94.044606157129,14.832924898409,0.));
#5162 = CARTESIAN_POINT('',(94.040839784123,14.850424633664,0.));
#5163 = CARTESIAN_POINT('',(94.037083740417,14.867928695636,0.));
#5164 = CARTESIAN_POINT('',(94.033338027172,14.885437076903,0.));
#5165 = CARTESIAN_POINT('',(94.029602645647,14.902949770062,0.));
#5166 = CARTESIAN_POINT('',(94.025877597135,14.920466767723,0.));
#5167 = CARTESIAN_POINT('',(94.022162882773,14.937988062465,0.));
#5168 = CARTESIAN_POINT('',(94.018458503805,14.955513646902,0.));
#5169 = CARTESIAN_POINT('',(94.014764461449,14.973043513627,0.));
#5170 = CARTESIAN_POINT('',(94.011080756923,14.990577655242,0.));
#5171 = CARTESIAN_POINT('',(94.007407391423,15.008116064355,0.));
#5172 = CARTESIAN_POINT('',(94.003744366098,15.02565873356,0.));
#5173 = CARTESIAN_POINT('',(94.000091682202,15.043205655475,0.));
#5174 = CARTESIAN_POINT('',(93.996449340894,15.060756822698,0.));
#5175 = CARTESIAN_POINT('',(93.99281734335,15.078312227843,0.));
#5176 = CARTESIAN_POINT('',(93.98919569072,15.095871863514,0.));
#5177 = CARTESIAN_POINT('',(93.985584384222,15.113435722331,0.));
#5178 = CARTESIAN_POINT('',(93.981983424978,15.131003796899,0.));
#5179 = CARTESIAN_POINT('',(93.978392814152,15.148576079836,0.));
#5180 = CARTESIAN_POINT('',(93.974812552895,15.166152563753,0.));
#5181 = CARTESIAN_POINT('',(93.971242642378,15.183733241274,0.));
#5182 = CARTESIAN_POINT('',(93.967683083705,15.201318105009,0.));
#5183 = CARTESIAN_POINT('',(93.964133878017,15.218907147579,0.));
#5184 = CARTESIAN_POINT('',(93.960595026476,15.236500361611,0.));
#5185 = CARTESIAN_POINT('',(93.957066530168,15.254097739722,0.));
#5186 = CARTESIAN_POINT('',(93.953548390208,15.27169927454,0.));
#5187 = CARTESIAN_POINT('',(93.950040607724,15.289304958687,0.));
#5188 = CARTESIAN_POINT('',(93.946543183837,15.306914784791,0.));
#5189 = CARTESIAN_POINT('',(93.943056119627,15.324528745469,0.));
#5190 = CARTESIAN_POINT('',(93.939579416224,15.342146833363,0.));
#5191 = CARTESIAN_POINT('',(93.936113074681,15.3597690411,0.));
#5192 = CARTESIAN_POINT('',(93.932657096077,15.377395361319,0.));
#5193 = CARTESIAN_POINT('',(93.929211481489,15.395025786646,0.));
#5194 = CARTESIAN_POINT('',(93.925776232037,15.412660309712,0.));
#5195 = CARTESIAN_POINT('',(93.922351348811,15.430298923163,0.));
#5196 = CARTESIAN_POINT('',(93.918936832769,15.447941619626,0.));
#5197 = CARTESIAN_POINT('',(93.915532685017,15.465588391745,0.));
#5198 = CARTESIAN_POINT('',(93.912138906688,15.483239232173,0.));
#5199 = CARTESIAN_POINT('',(93.908755498715,15.500894133531,0.));
#5200 = CARTESIAN_POINT('',(93.905382462163,15.518553088468,0.));
#5201 = CARTESIAN_POINT('',(93.902019798164,15.536216089652,0.));
#5202 = CARTESIAN_POINT('',(93.8986675076,15.553883129697,0.));
#5203 = CARTESIAN_POINT('',(93.895325591578,15.571554201265,0.));
#5204 = CARTESIAN_POINT('',(93.891994051189,15.589229297021,0.));
#5205 = CARTESIAN_POINT('',(93.888672887273,15.606908409578,0.));
#5206 = CARTESIAN_POINT('',(93.885362100989,15.624591531621,0.));
#5207 = CARTESIAN_POINT('',(93.882061693319,15.642278655798,0.));
#5208 = CARTESIAN_POINT('',(93.878771665157,15.659969774747,0.));
#5209 = CARTESIAN_POINT('',(93.875492017614,15.677664881149,0.));
#5210 = CARTESIAN_POINT('',(93.872222751636,15.695363967646,0.));
#5211 = CARTESIAN_POINT('',(93.868963868197,15.713067026904,0.));
#5212 = CARTESIAN_POINT('',(93.865715368254,15.730774051574,0.));
#5213 = CARTESIAN_POINT('',(93.862477252864,15.748485034338,0.));
#5214 = CARTESIAN_POINT('',(93.859249522889,15.76619996784,0.));
#5215 = CARTESIAN_POINT('',(93.856032179332,15.783918844753,0.));
#5216 = CARTESIAN_POINT('',(93.852825223202,15.801641657755,0.));
#5217 = CARTESIAN_POINT('',(93.849628655342,15.819368399498,0.));
#5218 = CARTESIAN_POINT('',(93.846442476762,15.837099062664,0.));
#5219 = CARTESIAN_POINT('',(93.843266688406,15.854833639917,0.));
#5220 = CARTESIAN_POINT('',(93.840101291211,15.872572123935,0.));
#5221 = CARTESIAN_POINT('',(93.836946286057,15.890314507385,0.));
#5222 = CARTESIAN_POINT('',(93.833801673912,15.90806078295,0.));
#5223 = CARTESIAN_POINT('',(93.830667455699,15.925810943307,0.));
#5224 = CARTESIAN_POINT('',(93.827543632303,15.943564981138,0.));
#5225 = CARTESIAN_POINT('',(93.824430204606,15.961322889118,0.));
#5226 = CARTESIAN_POINT('',(93.821327173565,15.979084659932,0.));
#5227 = CARTESIAN_POINT('',(93.818234540092,15.996850286266,0.));
#5228 = CARTESIAN_POINT('',(93.815152305001,16.014619760795,0.));
#5229 = CARTESIAN_POINT('',(93.812080469223,16.032393076217,0.));
#5230 = CARTESIAN_POINT('',(93.809019033654,16.050170225221,0.));
#5231 = CARTESIAN_POINT('',(93.805967999128,16.067951200488,0.));
#5232 = CARTESIAN_POINT('',(93.802927366537,16.085735994711,0.));
#5233 = CARTESIAN_POINT('',(93.799897136783,16.103524600596,0.));
#5234 = CARTESIAN_POINT('',(93.79687731063,16.121317010817,0.));
#5235 = CARTESIAN_POINT('',(93.793867889017,16.139113218087,0.));
#5236 = CARTESIAN_POINT('',(93.790868872786,16.1569132151,0.));
#5237 = CARTESIAN_POINT('',(93.787880262709,16.174716994542,0.));
#5238 = CARTESIAN_POINT('',(93.784902059724,16.192524549135,0.));
#5239 = CARTESIAN_POINT('',(93.781934264584,16.210335871563,0.));
#5240 = CARTESIAN_POINT('',(93.778976878156,16.228150954542,0.));
#5241 = CARTESIAN_POINT('',(93.776029901251,16.245969790776,0.));
#5242 = CARTESIAN_POINT('',(93.773093334668,16.263792372967,0.));
#5243 = CARTESIAN_POINT('',(93.770167179257,16.281618693832,0.));
#5244 = CARTESIAN_POINT('',(93.767251435782,16.299448746068,0.));
#5245 = CARTESIAN_POINT('',(93.764346105095,16.317282522401,0.));
#5246 = CARTESIAN_POINT('',(93.761451187942,16.335120015531,0.));
#5247 = CARTESIAN_POINT('',(93.758566685138,16.352961218182,0.));
#5248 = CARTESIAN_POINT('',(93.755692597483,16.370806123074,0.));
#5249 = CARTESIAN_POINT('',(93.75282892569,16.388654722912,0.));
#5250 = CARTESIAN_POINT('',(93.749975670621,16.406507010427,0.));
#5251 = CARTESIAN_POINT('',(93.747132833018,16.424362978339,0.));
#5252 = CARTESIAN_POINT('',(93.744300413592,16.44222261937,0.));
#5253 = CARTESIAN_POINT('',(93.741478413128,16.460085926243,0.));
#5254 = CARTESIAN_POINT('',(93.738666832446,16.477952891689,0.));
#5255 = CARTESIAN_POINT('',(93.735865672222,16.495823508426,0.));
#5256 = CARTESIAN_POINT('',(93.733074933203,16.513697769195,0.));
#5257 = CARTESIAN_POINT('',(93.730294616138,16.531575666718,0.));
#5258 = CARTESIAN_POINT('',(93.727524721799,16.549457193733,0.));
#5259 = CARTESIAN_POINT('',(93.724765250865,16.567342342971,0.));
#5260 = CARTESIAN_POINT('',(93.722016204052,16.585231107172,0.));
#5261 = CARTESIAN_POINT('',(93.719277582105,16.603123479078,0.));
#5262 = CARTESIAN_POINT('',(93.71654938571,16.62101945142,0.));
#5263 = CARTESIAN_POINT('',(93.713831615608,16.638919016942,0.));
#5264 = CARTESIAN_POINT('',(93.711124272477,16.656822168381,0.));
#5265 = CARTESIAN_POINT('',(93.708427357031,16.674728898491,0.));
#5266 = CARTESIAN_POINT('',(93.705740869919,16.692639200015,0.));
#5267 = CARTESIAN_POINT('',(93.703064811844,16.710553065698,0.));
#5268 = CARTESIAN_POINT('',(93.700399183532,16.728470488293,0.));
#5269 = CARTESIAN_POINT('',(93.697743985611,16.746391460548,0.));
#5270 = CARTESIAN_POINT('',(93.695099218732,16.764315975211,0.));
#5271 = CARTESIAN_POINT('',(93.692464883624,16.782244025044,0.));
#5272 = CARTESIAN_POINT('',(93.689840980924,16.800175602805,0.));
#5273 = CARTESIAN_POINT('',(93.687227511212,16.818110701238,0.));
#5274 = CARTESIAN_POINT('',(93.684624475247,16.836049313118,0.));
#5275 = CARTESIAN_POINT('',(93.682031873633,16.853991431199,0.));
#5276 = CARTESIAN_POINT('',(93.67944970696,16.87193704824,0.));
#5277 = CARTESIAN_POINT('',(93.676877975921,16.889886157016,0.));
#5278 = CARTESIAN_POINT('',(93.674316681118,16.907838750282,0.));
#5279 = CARTESIAN_POINT('',(93.671765823195,16.92579482081,0.));
#5280 = CARTESIAN_POINT('',(93.669225402751,16.94375436137,0.));
#5281 = CARTESIAN_POINT('',(93.66669542039,16.961717364736,0.));
#5282 = CARTESIAN_POINT('',(93.664175876724,16.979683823676,0.));
#5283 = CARTESIAN_POINT('',(93.661666772394,16.997653730972,0.));
#5284 = CARTESIAN_POINT('',(93.659168107931,17.015627079387,0.));
#5285 = CARTESIAN_POINT('',(93.656679883982,17.03360386171,0.));
#5286 = CARTESIAN_POINT('',(93.654202101126,17.051584070717,0.));
#5287 = CARTESIAN_POINT('',(93.651734759916,17.069567699187,0.));
#5288 = CARTESIAN_POINT('',(93.649277860951,17.087554739909,0.));
#5289 = CARTESIAN_POINT('',(93.646831404792,17.105545185664,0.));
#5290 = CARTESIAN_POINT('',(93.644395392024,17.123539029242,0.));
#5291 = CARTESIAN_POINT('',(93.641969823171,17.141536263425,0.));
#5292 = CARTESIAN_POINT('',(93.639554698832,17.159536881009,0.));
#5293 = CARTESIAN_POINT('',(93.637150019535,17.177540874781,0.));
#5294 = CARTESIAN_POINT('',(93.634755785833,17.195548237539,0.));
#5295 = CARTESIAN_POINT('',(93.63237199825,17.213558962077,0.));
#5296 = CARTESIAN_POINT('',(93.629998657332,17.231573041189,0.));
#5297 = CARTESIAN_POINT('',(93.627635763642,17.249590467681,0.));
#5298 = CARTESIAN_POINT('',(93.625283317631,17.267611234341,0.));
#5299 = CARTESIAN_POINT('',(93.622941319896,17.285635333989,0.));
#5300 = CARTESIAN_POINT('',(93.620609770895,17.303662759417,0.));
#5301 = CARTESIAN_POINT('',(93.618288671161,17.321693503431,0.));
#5302 = CARTESIAN_POINT('',(93.615978021216,17.339727558837,0.));
#5303 = CARTESIAN_POINT('',(93.613677821565,17.357764918451,0.));
#5304 = CARTESIAN_POINT('',(93.611388072636,17.375805575081,0.));
#5305 = CARTESIAN_POINT('',(93.609108774955,17.393849521541,0.));
#5306 = CARTESIAN_POINT('',(93.606839929062,17.411896750649,0.));
#5307 = CARTESIAN_POINT('',(93.604581535354,17.429947255209,0.));
#5308 = CARTESIAN_POINT('',(93.602333594342,17.448001028047,0.));
#5309 = CARTESIAN_POINT('',(93.600096106523,17.466058061984,0.));
#5310 = CARTESIAN_POINT('',(93.597869072322,17.484118349844,0.));
#5311 = CARTESIAN_POINT('',(93.595652492156,17.502181884445,0.));
#5312 = CARTESIAN_POINT('',(93.593446366576,17.520248658618,0.));
#5313 = CARTESIAN_POINT('',(93.591250696003,17.538318665185,0.));
#5314 = CARTESIAN_POINT('',(93.589065480815,17.556391896973,0.));
#5315 = CARTESIAN_POINT('',(93.586890721519,17.574468346824,0.));
#5316 = CARTESIAN_POINT('',(93.584726418528,17.592548007558,0.));
#5317 = CARTESIAN_POINT('',(93.582572572277,17.610630872014,0.));
#5318 = CARTESIAN_POINT('',(93.580429183181,17.628716933032,0.));
#5319 = CARTESIAN_POINT('',(93.578296251638,17.646806183448,0.));
#5320 = CARTESIAN_POINT('',(93.576173778098,17.664898616102,0.));
#5321 = CARTESIAN_POINT('',(93.574061762956,17.682994223834,0.));
#5322 = CARTESIAN_POINT('',(93.5719602066,17.70109299948,0.));
#5323 = CARTESIAN_POINT('',(93.569869109489,17.719194935897,0.));
#5324 = CARTESIAN_POINT('',(93.567788471937,17.737300025926,0.));
#5325 = CARTESIAN_POINT('',(93.565718294338,17.755408262418,0.));
#5326 = CARTESIAN_POINT('',(93.563658577161,17.773519638236,0.));
#5327 = CARTESIAN_POINT('',(93.561609320655,17.791634146207,0.));
#5328 = CARTESIAN_POINT('',(93.559570525312,17.809751779203,0.));
#5329 = CARTESIAN_POINT('',(93.557542191468,17.827872530075,0.));
#5330 = CARTESIAN_POINT('',(93.555524319421,17.845996391678,0.));
#5331 = CARTESIAN_POINT('',(93.55351690961,17.864123356885,0.));
#5332 = CARTESIAN_POINT('',(93.551519962334,17.882253418544,0.));
#5333 = CARTESIAN_POINT('',(93.549533477977,17.900386569524,0.));
#5334 = CARTESIAN_POINT('',(93.54755745687,17.918522802689,0.));
#5335 = CARTESIAN_POINT('',(93.545591899348,17.936662110912,0.));
#5336 = CARTESIAN_POINT('',(93.543636805715,17.954804487054,0.));
#5337 = CARTESIAN_POINT('',(93.541692176365,17.972949923989,0.));
#5338 = CARTESIAN_POINT('',(93.539758011602,17.991098414594,0.));
#5339 = CARTESIAN_POINT('',(93.537834311666,18.009249951737,0.));
#5340 = CARTESIAN_POINT('',(93.535921076966,18.027404528302,0.));
#5341 = CARTESIAN_POINT('',(93.534018307797,18.045562137163,0.));
#5342 = CARTESIAN_POINT('',(93.532126004404,18.063722771202,0.));
#5343 = CARTESIAN_POINT('',(93.530244167117,18.081886423304,0.));
#5344 = CARTESIAN_POINT('',(93.528372796251,18.100053086346,0.));
#5345 = CARTESIAN_POINT('',(93.526511892097,18.118222753216,0.));
#5346 = CARTESIAN_POINT('',(93.524661454898,18.136395416802,0.));
#5347 = CARTESIAN_POINT('',(93.522821484958,18.154571070004,0.));
#5348 = CARTESIAN_POINT('',(93.52099198252,18.172749705703,0.));
#5349 = CARTESIAN_POINT('',(93.519172947902,18.190931316799,0.));
#5350 = CARTESIAN_POINT('',(93.517364381341,18.209115896181,0.));
#5351 = CARTESIAN_POINT('',(93.515566283086,18.227303436746,0.));
#5352 = CARTESIAN_POINT('',(93.513778653425,18.245493931401,0.));
#5353 = CARTESIAN_POINT('',(93.512001492566,18.263687373041,0.));
#5354 = CARTESIAN_POINT('',(93.510234800764,18.281883754573,0.));
#5355 = CARTESIAN_POINT('',(93.508478578281,18.300083068904,0.));
#5356 = CARTESIAN_POINT('',(93.506732825317,18.318285308938,0.));
#5357 = CARTESIAN_POINT('',(93.504997542108,18.33649046758,0.));
#5358 = CARTESIAN_POINT('',(93.503272728928,18.35469853775,0.));
#5359 = CARTESIAN_POINT('',(93.501558385914,18.372909512353,0.));
#5360 = CARTESIAN_POINT('',(93.499854513317,18.391123384304,0.));
#5361 = CARTESIAN_POINT('',(93.498161111405,18.409340146524,0.));
#5362 = CARTESIAN_POINT('',(93.49647818029,18.427559791928,0.));
#5363 = CARTESIAN_POINT('',(93.494805720192,18.445782313442,0.));
#5364 = CARTESIAN_POINT('',(93.493143731343,18.464007703984,0.));
#5365 = CARTESIAN_POINT('',(93.491492213923,18.482235956477,0.));
#5366 = CARTESIAN_POINT('',(93.48985116809,18.50046706385,0.));
#5367 = CARTESIAN_POINT('',(93.488220594038,18.518701019032,0.));
#5368 = CARTESIAN_POINT('',(93.486600491944,18.536937814953,0.));
#5369 = CARTESIAN_POINT('',(93.484990861982,18.555177444544,0.));
#5370 = CARTESIAN_POINT('',(93.483391704312,18.573419900742,0.));
#5371 = CARTESIAN_POINT('',(93.481803019074,18.591665176475,0.));
#5372 = CARTESIAN_POINT('',(93.480224806484,18.609913264689,0.));
#5373 = CARTESIAN_POINT('',(93.478657066635,18.628164158322,0.));
#5374 = CARTESIAN_POINT('',(93.477099799662,18.646417850319,0.));
#5375 = CARTESIAN_POINT('',(93.475553005751,18.66467433362,0.));
#5376 = CARTESIAN_POINT('',(93.47401668504,18.68293360117,0.));
#5377 = CARTESIAN_POINT('',(93.47249083762,18.70119564592,0.));
#5378 = CARTESIAN_POINT('',(93.470975463623,18.719460460819,0.));
#5379 = CARTESIAN_POINT('',(93.469470563216,18.737728038826,0.));
#5380 = CARTESIAN_POINT('',(93.467976136435,18.755998372881,0.));
#5381 = CARTESIAN_POINT('',(93.466492183484,18.774271455949,0.));
#5382 = CARTESIAN_POINT('',(93.465018704414,18.79254728098,0.));
#5383 = CARTESIAN_POINT('',(93.463555699341,18.810825840942,0.));
#5384 = CARTESIAN_POINT('',(93.462103168353,18.829107128797,0.));
#5385 = CARTESIAN_POINT('',(93.460661111525,18.847391137503,0.));
#5386 = CARTESIAN_POINT('',(93.459229529017,18.86567786003,0.));
#5387 = CARTESIAN_POINT('',(93.457808420837,18.883967289346,0.));
#5388 = CARTESIAN_POINT('',(93.456397787053,18.902259418418,0.));
#5389 = CARTESIAN_POINT('',(93.454997627824,18.920554240222,0.));
#5390 = CARTESIAN_POINT('',(93.453607943157,18.938851747728,0.));
#5391 = CARTESIAN_POINT('',(93.452228733087,18.957151933911,0.));
#5392 = CARTESIAN_POINT('',(93.450859997747,18.975454791755,0.));
#5393 = CARTESIAN_POINT('',(93.449501737147,18.993760314232,0.));
#5394 = CARTESIAN_POINT('',(93.44815395133,19.012068494329,0.));
#5395 = CARTESIAN_POINT('',(93.446816640357,19.030379325032,0.));
#5396 = CARTESIAN_POINT('',(93.445489804251,19.048692799321,0.));
#5397 = CARTESIAN_POINT('',(93.444173443081,19.067008910192,0.));
#5398 = CARTESIAN_POINT('',(93.442867556817,19.085327650626,0.));
#5399 = CARTESIAN_POINT('',(93.44157214554,19.103649013621,0.));
#5400 = CARTESIAN_POINT('',(93.440287209255,19.121972992167,0.));
#5401 = CARTESIAN_POINT('',(93.439012747963,19.140299579264,0.));
#5402 = CARTESIAN_POINT('',(93.43774876166,19.158628767906,0.));
#5403 = CARTESIAN_POINT('',(93.436495250415,19.176960551095,0.));
#5404 = CARTESIAN_POINT('',(93.435252214185,19.195294921836,0.));
#5405 = CARTESIAN_POINT('',(93.434019652912,19.213631873131,0.));
#5406 = CARTESIAN_POINT('',(93.432797566693,19.23197139799,0.));
#5407 = CARTESIAN_POINT('',(93.431585955462,19.250313489413,0.));
#5408 = CARTESIAN_POINT('',(93.430384819189,19.268658140415,0.));
#5409 = CARTESIAN_POINT('',(93.429194157876,19.287005344013,0.));
#5410 = CARTESIAN_POINT('',(93.428013971468,19.305355093214,0.));
#5411 = CARTESIAN_POINT('',(93.426844259972,19.32370738104,0.));
#5412 = CARTESIAN_POINT('',(93.425685023316,19.342062200505,0.));
#5413 = CARTESIAN_POINT('',(93.42453626147,19.360419544638,0.));
#5414 = CARTESIAN_POINT('',(93.423397974372,19.378779406455,0.));
#5415 = CARTESIAN_POINT('',(93.422270162003,19.397141778985,0.));
#5416 = CARTESIAN_POINT('',(93.42115282428,19.41550665525,0.));
#5417 = CARTESIAN_POINT('',(93.420045961149,19.433874028281,0.));
#5418 = CARTESIAN_POINT('',(93.418949572558,19.45224389111,0.));
#5419 = CARTESIAN_POINT('',(93.417863658412,19.470616236769,0.));
#5420 = CARTESIAN_POINT('',(93.416788218652,19.488991058296,0.));
#5421 = CARTESIAN_POINT('',(93.41572325319,19.507368348726,0.));
#5422 = CARTESIAN_POINT('',(93.414668761957,19.525748101105,0.));
#5423 = CARTESIAN_POINT('',(93.413624744809,19.544130308464,0.));
#5424 = CARTESIAN_POINT('',(93.412591201749,19.562514963854,0.));
#5425 = CARTESIAN_POINT('',(93.4115681326,19.580902060314,0.));
#5426 = CARTESIAN_POINT('',(93.410555537279,19.5992915909,0.));
#5427 = CARTESIAN_POINT('',(93.409553415678,19.617683548657,0.));
#5428 = CARTESIAN_POINT('',(93.408561767704,19.63607792664,0.));
#5429 = CARTESIAN_POINT('',(93.407580593204,19.654474717904,0.));
#5430 = CARTESIAN_POINT('',(93.406609892058,19.6728739155,0.));
#5431 = CARTESIAN_POINT('',(93.405649664199,19.691275512492,0.));
#5432 = CARTESIAN_POINT('',(93.404699909414,19.709679501932,0.));
#5433 = CARTESIAN_POINT('',(93.403760627628,19.728085876894,0.));
#5434 = CARTESIAN_POINT('',(93.402831818655,19.746494630438,0.));
#5435 = CARTESIAN_POINT('',(93.401913482372,19.764905755634,0.));
#5436 = CARTESIAN_POINT('',(93.401005618619,19.783319245544,0.));
#5437 = CARTESIAN_POINT('',(93.400108227268,19.801735093242,0.));
#5438 = CARTESIAN_POINT('',(93.399221308136,19.820153291804,0.));
#5439 = CARTESIAN_POINT('',(93.398344861027,19.838573834303,0.));
#5440 = CARTESIAN_POINT('',(93.397478885851,19.856996713819,0.));
#5441 = CARTESIAN_POINT('',(93.396623382362,19.875421923426,0.));
#5442 = CARTESIAN_POINT('',(93.395778350423,19.893849456212,0.));
#5443 = CARTESIAN_POINT('',(93.394943789831,19.912279305262,0.));
#5444 = CARTESIAN_POINT('',(93.39411970038,19.930711463657,0.));
#5445 = CARTESIAN_POINT('',(93.393306081939,19.949145924488,0.));
#5446 = CARTESIAN_POINT('',(93.392502934261,19.967582680843,0.));
#5447 = CARTESIAN_POINT('',(93.391710257137,19.986021725818,0.));
#5448 = CARTESIAN_POINT('',(93.3909280504,20.004463052506,0.));
#5449 = CARTESIAN_POINT('',(93.390156313831,20.022906654006,0.));
#5450 = CARTESIAN_POINT('',(93.389395047153,20.04135252341,0.));
#5451 = CARTESIAN_POINT('',(93.388644250259,20.059800653831,0.));
#5452 = CARTESIAN_POINT('',(93.387903922818,20.078251038361,0.));
#5453 = CARTESIAN_POINT('',(93.387174064647,20.096703670114,0.));
#5454 = CARTESIAN_POINT('',(93.386454675523,20.115158542197,0.));
#5455 = CARTESIAN_POINT('',(93.385745755166,20.133615647713,0.));
#5456 = CARTESIAN_POINT('',(93.385047303389,20.15207497978,0.));
#5457 = CARTESIAN_POINT('',(93.3843593199,20.170536531507,0.));
#5458 = CARTESIAN_POINT('',(93.383681804468,20.189000296017,0.));
#5459 = CARTESIAN_POINT('',(93.383014756813,20.207466266427,0.));
#5460 = CARTESIAN_POINT('',(93.382358176697,20.225934435861,0.));
#5461 = CARTESIAN_POINT('',(93.381712063823,20.244404797432,0.));
#5462 = CARTESIAN_POINT('',(93.381076417983,20.262877344267,0.));
#5463 = CARTESIAN_POINT('',(93.380451238867,20.2813520695,0.));
#5464 = CARTESIAN_POINT('',(93.379836526126,20.299828966262,0.));
#5465 = CARTESIAN_POINT('',(93.379232279567,20.31830802768,0.));
#5466 = CARTESIAN_POINT('',(93.378638498908,20.336789246886,0.));
#5467 = CARTESIAN_POINT('',(93.378055183784,20.355272617021,0.));
#5468 = CARTESIAN_POINT('',(93.377482333902,20.373758131219,0.));
#5469 = CARTESIAN_POINT('',(93.376919949068,20.392245782623,0.));
#5470 = CARTESIAN_POINT('',(93.376368028845,20.410735564373,0.));
#5471 = CARTESIAN_POINT('',(93.375826572954,20.429227469623,0.));
#5472 = CARTESIAN_POINT('',(93.37529558113,20.447721491518,0.));
#5473 = CARTESIAN_POINT('',(93.37477505298,20.466217623196,0.));
#5474 = CARTESIAN_POINT('',(93.37426498826,20.484715857821,0.));
#5475 = CARTESIAN_POINT('',(93.37376538655,20.503216188534,0.));
#5476 = CARTESIAN_POINT('',(93.373276247605,20.521718608502,0.));
#5477 = CARTESIAN_POINT('',(93.372797571025,20.540223110885,0.));
#5478 = CARTESIAN_POINT('',(93.372329356433,20.558729688837,0.));
#5479 = CARTESIAN_POINT('',(93.371871603597,20.577238335521,0.));
#5480 = CARTESIAN_POINT('',(93.371424312085,20.595749044101,0.));
#5481 = CARTESIAN_POINT('',(93.370987481523,20.614261807752,0.));
#5482 = CARTESIAN_POINT('',(93.370561111566,20.632776619638,0.));
#5483 = CARTESIAN_POINT('',(93.370145201916,20.65129347293,0.));
#5484 = CARTESIAN_POINT('',(93.369739752096,20.669812360802,0.));
#5485 = CARTESIAN_POINT('',(93.369344761777,20.688333276433,0.));
#5486 = CARTESIAN_POINT('',(93.36896023062,20.706856213002,0.));
#5487 = CARTESIAN_POINT('',(93.368586158152,20.725381163686,0.));
#5488 = CARTESIAN_POINT('',(93.368222544058,20.743908121671,0.));
#5489 = CARTESIAN_POINT('',(93.36786938792,20.762437080141,0.));
#5490 = CARTESIAN_POINT('',(93.367526689323,20.780968032283,0.));
#5491 = CARTESIAN_POINT('',(93.367194447894,20.799500971291,0.));
#5492 = CARTESIAN_POINT('',(93.366872663186,20.818035890348,0.));
#5493 = CARTESIAN_POINT('',(93.366561334862,20.836572782653,0.));
#5494 = CARTESIAN_POINT('',(93.366260462421,20.855111641398,0.));
#5495 = CARTESIAN_POINT('',(93.365970045497,20.873652459794,0.));
#5496 = CARTESIAN_POINT('',(93.365690083623,20.892195231034,0.));
#5497 = CARTESIAN_POINT('',(93.365420576403,20.910739948324,0.));
#5498 = CARTESIAN_POINT('',(93.365161523398,20.929286604866,0.));
#5499 = CARTESIAN_POINT('',(93.364912924154,20.947835193867,0.));
#5500 = CARTESIAN_POINT('',(93.364674778254,20.966385708541,0.));
#5501 = CARTESIAN_POINT('',(93.364447085222,20.984938142099,0.));
#5502 = CARTESIAN_POINT('',(93.364229844622,21.003492487757,0.));
#5503 = CARTESIAN_POINT('',(93.364023055991,21.02204873873,0.));
#5504 = CARTESIAN_POINT('',(93.363826718876,21.040606888237,0.));
#5505 = CARTESIAN_POINT('',(93.363640832817,21.059166929503,0.));
#5506 = CARTESIAN_POINT('',(93.363465397305,21.077728855748,0.));
#5507 = CARTESIAN_POINT('',(93.363300411915,21.096292660196,0.));
#5508 = CARTESIAN_POINT('',(93.363145876191,21.114858336084,0.));
#5509 = CARTESIAN_POINT('',(93.363001789512,21.133425876635,0.));
#5510 = CARTESIAN_POINT('',(93.362868151565,21.151995275091,0.));
#5511 = CARTESIAN_POINT('',(93.362744961753,21.170566524678,0.));
#5512 = CARTESIAN_POINT('',(93.362632219584,21.189139618638,0.));
#5513 = CARTESIAN_POINT('',(93.362529924617,21.207714550209,0.));
#5514 = CARTESIAN_POINT('',(93.362438076293,21.226291312629,0.));
#5515 = CARTESIAN_POINT('',(93.362356674134,21.244869899155,0.));
#5516 = CARTESIAN_POINT('',(93.362285717565,21.263450303026,0.));
#5517 = CARTESIAN_POINT('',(93.362225206148,21.282032517488,0.));
#5518 = CARTESIAN_POINT('',(93.362175139363,21.300616535798,0.));
#5519 = CARTESIAN_POINT('',(93.362135516556,21.319202351211,0.));
#5520 = CARTESIAN_POINT('',(93.362106337327,21.337789956977,0.));
#5521 = CARTESIAN_POINT('',(93.362087601151,21.356379346355,0.));
#5522 = CARTESIAN_POINT('',(93.362079307369,21.374970512612,0.));
#5523 = CARTESIAN_POINT('',(93.362081455483,21.393563449011,0.));
#5524 = CARTESIAN_POINT('',(93.362094045029,21.41215814881,0.));
#5525 = CARTESIAN_POINT('',(93.362117075364,21.430754605278,0.));
#5526 = CARTESIAN_POINT('',(93.362150545929,21.449352811694,0.));
#5527 = CARTESIAN_POINT('',(93.362194456192,21.467952761329,0.));
#5528 = CARTESIAN_POINT('',(93.362248805585,21.486554447453,0.));
#5529 = CARTESIAN_POINT('',(93.362313593518,21.50515786334,0.));
#5530 = CARTESIAN_POINT('',(93.362388819458,21.523763002273,0.));
#5531 = CARTESIAN_POINT('',(93.362474482779,21.542369857533,0.));
#5532 = CARTESIAN_POINT('',(93.362570582903,21.560978422407,0.));
#5533 = CARTESIAN_POINT('',(93.36267711928,21.579588690183,0.));
#5534 = CARTESIAN_POINT('',(93.362794091244,21.598200654143,0.));
#5535 = CARTESIAN_POINT('',(93.362921498298,21.616814307582,0.));
#5536 = CARTESIAN_POINT('',(93.363059339757,21.635429643794,0.));
#5537 = CARTESIAN_POINT('',(93.363207615022,21.654046656076,0.));
#5538 = CARTESIAN_POINT('',(93.363366323552,21.672665337723,0.));
#5539 = CARTESIAN_POINT('',(93.363535464662,21.691285682042,0.));
#5540 = CARTESIAN_POINT('',(93.363715037716,21.709907682335,0.));
#5541 = CARTESIAN_POINT('',(93.363905042171,21.728531331902,0.));
#5542 = CARTESIAN_POINT('',(93.36410547737,21.747156624049,0.));
#5543 = CARTESIAN_POINT('',(93.364316342632,21.765783552088,0.));
#5544 = CARTESIAN_POINT('',(93.364537637404,21.784412109339,0.));
#5545 = CARTESIAN_POINT('',(93.364769360951,21.803042289109,0.));
#5546 = CARTESIAN_POINT('',(93.365011512709,21.821674084723,0.));
#5547 = CARTESIAN_POINT('',(93.365264091979,21.840307489495,0.));
#5548 = CARTESIAN_POINT('',(93.365527098111,21.858942496745,0.));
#5549 = CARTESIAN_POINT('',(93.365800530511,21.877579099798,0.));
#5550 = CARTESIAN_POINT('',(93.366084388437,21.896217291986,0.));
#5551 = CARTESIAN_POINT('',(93.366378671221,21.914857066642,0.));
#5552 = CARTESIAN_POINT('',(93.366683378248,21.933498417085,0.));
#5553 = CARTESIAN_POINT('',(93.366998508857,21.952141336653,0.));
#5554 = CARTESIAN_POINT('',(93.36732406227,21.970785818686,0.));
#5555 = CARTESIAN_POINT('',(93.367660037888,21.989431856523,0.));
#5556 = CARTESIAN_POINT('',(93.368006435012,22.008079443504,0.));
#5557 = CARTESIAN_POINT('',(93.368363252903,22.026728572972,0.));
#5558 = CARTESIAN_POINT('',(93.368730490917,22.045379238274,0.));
#5559 = CARTESIAN_POINT('',(93.369108148332,22.064031432752,0.));
#5560 = CARTESIAN_POINT('',(93.369496224463,22.082685149764,0.));
#5561 = CARTESIAN_POINT('',(93.369894718549,22.101340382665,0.));
#5562 = CARTESIAN_POINT('',(93.370303629914,22.119997124809,0.));
#5563 = CARTESIAN_POINT('',(93.370722957857,22.138655369549,0.));
#5564 = CARTESIAN_POINT('',(93.371152701625,22.157315110248,0.));
#5565 = CARTESIAN_POINT('',(93.371592860489,22.175976340271,0.));
#5566 = CARTESIAN_POINT('',(93.372043433746,22.19463905298,0.));
#5567 = CARTESIAN_POINT('',(93.372504420661,22.213303241746,0.));
#5568 = CARTESIAN_POINT('',(93.372975820428,22.23196889994,0.));
#5569 = CARTESIAN_POINT('',(93.373457632395,22.250636020932,0.));
#5570 = CARTESIAN_POINT('',(93.37394985578,22.269304598095,0.));
#5571 = CARTESIAN_POINT('',(93.3744524898,22.287974624813,0.));
#5572 = CARTESIAN_POINT('',(93.374965533723,22.306646094462,0.));
#5573 = CARTESIAN_POINT('',(93.375488986816,22.325319000422,0.));
#5574 = CARTESIAN_POINT('',(93.376022848279,22.343993336079,0.));
#5575 = CARTESIAN_POINT('',(93.376567117332,22.362669094818,0.));
#5576 = CARTESIAN_POINT('',(93.377121793279,22.381346270031,0.));
#5577 = CARTESIAN_POINT('',(93.377686875243,22.400024855115,0.));
#5578 = CARTESIAN_POINT('',(93.378262362462,22.418704843465,0.));
#5579 = CARTESIAN_POINT('',(93.378848254223,22.437386228468,0.));
#5580 = CARTESIAN_POINT('',(93.379444549689,22.456069003522,0.));
#5581 = CARTESIAN_POINT('',(93.380051248039,22.474753162038,0.));
#5582 = CARTESIAN_POINT('',(93.380668348521,22.49343869742,0.));
#5583 = CARTESIAN_POINT('',(93.381295850306,22.512125603076,0.));
#5584 = CARTESIAN_POINT('',(93.381933752566,22.530813872413,0.));
#5585 = CARTESIAN_POINT('',(93.382582054558,22.549503498841,0.));
#5586 = CARTESIAN_POINT('',(93.383240755397,22.56819447577,0.));
#5587 = CARTESIAN_POINT('',(93.383909854314,22.586886796617,0.));
#5588 = CARTESIAN_POINT('',(93.384589350499,22.605580454806,0.));
#5589 = CARTESIAN_POINT('',(93.385279243021,22.624275443764,0.));
#5590 = CARTESIAN_POINT('',(93.385979531139,22.642971756908,0.));
#5591 = CARTESIAN_POINT('',(93.386690214043,22.661669387662,0.));
#5592 = CARTESIAN_POINT('',(93.387411290794,22.68036832946,0.));
#5593 = CARTESIAN_POINT('',(93.388142760601,22.69906857573,0.));
#5594 = CARTESIAN_POINT('',(93.388884622675,22.717770119902,0.));
#5595 = CARTESIAN_POINT('',(93.389636876047,22.73647295542,0.));
#5596 = CARTESIAN_POINT('',(93.39039951993,22.755177075723,0.));
#5597 = CARTESIAN_POINT('',(93.391172553465,22.773882474249,0.));
#5598 = CARTESIAN_POINT('',(93.391955975749,22.792589144442,0.));
#5599 = CARTESIAN_POINT('',(93.392749785955,22.811297079751,0.));
#5600 = CARTESIAN_POINT('',(93.393553983173,22.83000627362,0.));
#5601 = CARTESIAN_POINT('',(93.394368566563,22.848716719498,0.));
#5602 = CARTESIAN_POINT('',(93.39519353524,22.867428410843,0.));
#5603 = CARTESIAN_POINT('',(93.39602888826,22.886141341116,0.));
#5604 = CARTESIAN_POINT('',(93.3968746248,22.904855503777,0.));
#5605 = CARTESIAN_POINT('',(93.397730743919,22.923570892279,0.));
#5606 = CARTESIAN_POINT('',(93.398597244766,22.942287500088,0.));
#5607 = CARTESIAN_POINT('',(93.399474126405,22.961005320668,0.));
#5608 = CARTESIAN_POINT('',(93.40036138794,22.97972434749,0.));
#5609 = CARTESIAN_POINT('',(93.401259028474,22.998444574028,0.));
#5610 = CARTESIAN_POINT('',(93.402167047039,23.017165993754,0.));
#5611 = CARTESIAN_POINT('',(93.403085442797,23.035888600138,0.));
#5612 = CARTESIAN_POINT('',(93.404014214787,23.054612386661,0.));
#5613 = CARTESIAN_POINT('',(93.404953362057,23.073337346813,0.));
#5614 = CARTESIAN_POINT('',(93.405902883697,23.092063474076,0.));
#5615 = CARTESIAN_POINT('',(93.406862778779,23.110790761932,0.));
#5616 = CARTESIAN_POINT('',(93.407833046353,23.129519203864,0.));
#5617 = CARTESIAN_POINT('',(93.408813685522,23.14824879337,0.));
#5618 = CARTESIAN_POINT('',(93.409804695244,23.166979523946,0.));
#5619 = CARTESIAN_POINT('',(93.410806074634,23.185711389085,0.));
#5620 = CARTESIAN_POINT('',(93.411817822776,23.204444382284,0.));
#5621 = CARTESIAN_POINT('',(93.412839938586,23.223178497053,0.));
#5622 = CARTESIAN_POINT('',(93.4138724212,23.241913726892,0.));
#5623 = CARTESIAN_POINT('',(93.414915269647,23.260650065304,0.));
#5624 = CARTESIAN_POINT('',(93.415968482883,23.279387505799,0.));
#5625 = CARTESIAN_POINT('',(93.417032060026,23.298126041883,0.));
#5626 = CARTESIAN_POINT('',(93.418106000075,23.316865667076,0.));
#5627 = CARTESIAN_POINT('',(93.419190301951,23.335606374903,0.));
#5628 = CARTESIAN_POINT('',(93.420284964767,23.354348158875,0.));
#5629 = CARTESIAN_POINT('',(93.421389987533,23.373091012509,0.));
#5630 = CARTESIAN_POINT('',(93.422505369192,23.391834929336,0.));
#5631 = CARTESIAN_POINT('',(93.42363110876,23.410579902884,0.));
#5632 = CARTESIAN_POINT('',(93.424767205279,23.429325926674,0.));
#5633 = CARTESIAN_POINT('',(93.425913657716,23.44807299424,0.));
#5634 = CARTESIAN_POINT('',(93.427070465016,23.466821099123,0.));
#5635 = CARTESIAN_POINT('',(93.428237626234,23.48557023486,0.));
#5636 = CARTESIAN_POINT('',(93.429415140278,23.504320394987,0.));
#5637 = CARTESIAN_POINT('',(93.430603006183,23.523071573043,0.));
#5638 = CARTESIAN_POINT('',(93.431801222912,23.541823762573,0.));
#5639 = CARTESIAN_POINT('',(93.433009789391,23.560576957127,0.));
#5640 = CARTESIAN_POINT('',(93.434228704644,23.579331150256,0.));
#5641 = CARTESIAN_POINT('',(93.435457967574,23.598086335515,0.));
#5642 = CARTESIAN_POINT('',(93.436697577145,23.616842506459,0.));
#5643 = CARTESIAN_POINT('',(93.437947532356,23.635599656636,0.));
#5644 = CARTESIAN_POINT('',(93.439207832122,23.654357779608,0.));
#5645 = CARTESIAN_POINT('',(93.44047847538,23.673116868942,0.));
#5646 = CARTESIAN_POINT('',(93.441759461093,23.691876918205,0.));
#5647 = CARTESIAN_POINT('',(93.443050788151,23.710637920962,0.));
#5648 = CARTESIAN_POINT('',(93.444352455554,23.729399870782,0.));
#5649 = CARTESIAN_POINT('',(93.445664462176,23.748162761241,0.));
#5650 = CARTESIAN_POINT('',(93.446986806942,23.766926585912,0.));
#5651 = CARTESIAN_POINT('',(93.448319488829,23.785691338374,0.));
#5652 = CARTESIAN_POINT('',(93.449662506664,23.804457012208,0.));
#5653 = CARTESIAN_POINT('',(93.45101585945,23.823223600997,0.));
#5654 = CARTESIAN_POINT('',(93.452379546016,23.841991098327,0.));
#5655 = CARTESIAN_POINT('',(93.453753565323,23.860759497784,0.));
#5656 = CARTESIAN_POINT('',(93.455137916259,23.879528792962,0.));
#5657 = CARTESIAN_POINT('',(93.456532597668,23.898298977454,0.));
#5658 = CARTESIAN_POINT('',(93.45793760855,23.917070044853,0.));
#5659 = CARTESIAN_POINT('',(93.459352947674,23.935841988762,0.));
#5660 = CARTESIAN_POINT('',(93.460778613999,23.954614802781,0.));
#5661 = CARTESIAN_POINT('',(93.462214606401,23.973388480512,0.));
#5662 = CARTESIAN_POINT('',(93.463660923709,23.992163015568,0.));
#5663 = CARTESIAN_POINT('',(93.465117564836,24.010938401556,0.));
#5664 = CARTESIAN_POINT('',(93.466584528657,24.029714632084,0.));
#5665 = CARTESIAN_POINT('',(93.468061813983,24.048491700768,0.));
#5666 = CARTESIAN_POINT('',(93.469549419763,24.067269601219,0.));
#5667 = CARTESIAN_POINT('',(93.471047344789,24.086048327065,0.));
#5668 = CARTESIAN_POINT('',(93.47255558789,24.104827871932,0.));
#5669 = CARTESIAN_POINT('',(93.474074147995,24.123608229438,0.));
#5670 = CARTESIAN_POINT('',(93.475603023879,24.142389393205,0.));
#5671 = CARTESIAN_POINT('',(93.477142214447,24.161171356866,0.));
#5672 = CARTESIAN_POINT('',(93.478691718488,24.179954114059,0.));
#5673 = CARTESIAN_POINT('',(93.480251534813,24.198737658423,0.));
#5674 = CARTESIAN_POINT('',(93.481821662323,24.217521983585,0.));
#5675 = CARTESIAN_POINT('',(93.48340209981,24.236307083188,0.));
#5676 = CARTESIAN_POINT('',(93.484992846067,24.255092950884,0.));
#5677 = CARTESIAN_POINT('',(93.486593899941,24.273879580315,0.));
#5678 = CARTESIAN_POINT('',(93.48820526024,24.292666965124,0.));
#5679 = CARTESIAN_POINT('',(93.489826925793,24.311455098961,0.));
#5680 = CARTESIAN_POINT('',(93.49145889538,24.330243975484,0.));
#5681 = CARTESIAN_POINT('',(93.493101167807,24.349033588351,0.));
#5682 = CARTESIAN_POINT('',(93.494753741877,24.367823931221,0.));
#5683 = CARTESIAN_POINT('',(93.496416616384,24.386614997754,0.));
#5684 = CARTESIAN_POINT('',(93.498089790115,24.405406781613,0.));
#5685 = CARTESIAN_POINT('',(93.499773261872,24.424199276463,0.));
#5686 = CARTESIAN_POINT('',(93.501467030418,24.442992475976,0.));
#5687 = CARTESIAN_POINT('',(93.503171094555,24.461786373825,0.));
#5688 = CARTESIAN_POINT('',(93.504885453012,24.480580963686,0.));
#5689 = CARTESIAN_POINT('',(93.50661010462,24.499376239232,0.));
#5690 = CARTESIAN_POINT('',(93.508345048119,24.518172194145,0.));
#5691 = CARTESIAN_POINT('',(93.510090282243,24.53696882211,0.));
#5692 = CARTESIAN_POINT('',(93.51184580582,24.555766116809,0.));
#5693 = CARTESIAN_POINT('',(93.513611617531,24.574564071935,0.));
#5694 = CARTESIAN_POINT('',(93.515387716173,24.593362681176,0.));
#5695 = CARTESIAN_POINT('',(93.517174100496,24.612161938221,0.));
#5696 = CARTESIAN_POINT('',(93.518970769223,24.630961836767,0.));
#5697 = CARTESIAN_POINT('',(93.520777721129,24.64976237052,0.));
#5698 = CARTESIAN_POINT('',(93.522594954863,24.668563533181,0.));
#5699 = CARTESIAN_POINT('',(93.524422469287,24.687365318445,0.));
#5700 = CARTESIAN_POINT('',(93.526260263038,24.706167720024,0.));
#5701 = CARTESIAN_POINT('',(93.528108334847,24.724970731628,0.));
#5702 = CARTESIAN_POINT('',(93.529966683505,24.743774346963,0.));
#5703 = CARTESIAN_POINT('',(93.531835307643,24.762578559749,0.));
#5704 = CARTESIAN_POINT('',(93.533714206029,24.781383363706,0.));
#5705 = CARTESIAN_POINT('',(93.535603377343,24.800188752553,0.));
#5706 = CARTESIAN_POINT('',(93.537502820301,24.818994720007,0.));
#5707 = CARTESIAN_POINT('',(93.53941253365,24.837801259792,0.));
#5708 = CARTESIAN_POINT('',(93.541332516005,24.856608365647,0.));
#5709 = CARTESIAN_POINT('',(93.543262766101,24.875416031295,0.));
#5710 = CARTESIAN_POINT('',(93.54520328269,24.894224250468,0.));
#5711 = CARTESIAN_POINT('',(93.54715406432,24.913033016911,0.));
#5712 = CARTESIAN_POINT('',(93.549115109816,24.931842324356,0.));
#5713 = CARTESIAN_POINT('',(93.551086417768,24.950652166543,0.));
#5714 = CARTESIAN_POINT('',(93.553067986894,24.969462537216,0.));
#5715 = CARTESIAN_POINT('',(93.555059815861,24.988273430119,0.));
#5716 = CARTESIAN_POINT('',(93.557061903336,25.00708483901,0.));
#5717 = CARTESIAN_POINT('',(93.559074247951,25.025896757645,0.));
#5718 = CARTESIAN_POINT('',(93.561096848392,25.044709179771,0.));
#5719 = CARTESIAN_POINT('',(93.563129703351,25.06352209914,0.));
#5720 = CARTESIAN_POINT('',(93.565172811443,25.082335509518,0.));
#5721 = CARTESIAN_POINT('',(93.56722617129,25.101149404672,0.));
#5722 = CARTESIAN_POINT('',(93.569289781614,25.119963778359,0.));
#5723 = CARTESIAN_POINT('',(93.571363641013,25.138778624356,0.));
#5724 = CARTESIAN_POINT('',(93.573447748064,25.157593936435,0.));
#5725 = CARTESIAN_POINT('',(93.57554210155,25.176409708358,0.));
#5726 = CARTESIAN_POINT('',(93.57764669998,25.195225933907,0.));
#5727 = CARTESIAN_POINT('',(93.579761542005,25.214042606868,0.));
#5728 = CARTESIAN_POINT('',(93.581886626296,25.232859721017,0.));
#5729 = CARTESIAN_POINT('',(93.584021951392,25.251677270139,0.));
#5730 = CARTESIAN_POINT('',(93.586167516016,25.270495248018,0.));
#5731 = CARTESIAN_POINT('',(93.588323318685,25.289313648455,0.));
#5732 = CARTESIAN_POINT('',(93.590489358009,25.308132465239,0.));
#5733 = CARTESIAN_POINT('',(93.592665632688,25.326951692149,0.));
#5734 = CARTESIAN_POINT('',(93.594852141273,25.345771322992,0.));
#5735 = CARTESIAN_POINT('',(93.597048882294,25.364591351584,0.));
#5736 = CARTESIAN_POINT('',(93.599255854428,25.383411771719,0.));
#5737 = CARTESIAN_POINT('',(93.601473056247,25.402232577197,0.));
#5738 = CARTESIAN_POINT('',(93.603700486318,25.421053761834,0.));
#5739 = CARTESIAN_POINT('',(93.605938143247,25.43987531944,0.));
#5740 = CARTESIAN_POINT('',(93.608186025582,25.458697243831,0.));
#5741 = CARTESIAN_POINT('',(93.610444131943,25.47751952882,0.));
#5742 = CARTESIAN_POINT('',(93.612712460856,25.496342168228,0.));
#5743 = CARTESIAN_POINT('',(93.614991010946,25.515165155876,0.));
#5744 = CARTESIAN_POINT('',(93.617279780701,25.533988485596,0.));
#5745 = CARTESIAN_POINT('',(93.619578768749,25.552812151217,0.));
#5746 = CARTESIAN_POINT('',(93.621887973596,25.571636146568,0.));
#5747 = CARTESIAN_POINT('',(93.624207393815,25.590460465472,0.));
#5748 = CARTESIAN_POINT('',(93.626537028048,25.609285101762,0.));
#5749 = CARTESIAN_POINT('',(93.628876874655,25.628110049304,0.));
#5750 = CARTESIAN_POINT('',(93.631226932296,25.646935301928,0.));
#5751 = CARTESIAN_POINT('',(93.633587199534,25.665760853469,0.));
#5752 = CARTESIAN_POINT('',(93.635957674797,25.684586697781,0.));
#5753 = CARTESIAN_POINT('',(93.63833835676,25.703412828707,0.));
#5754 = CARTESIAN_POINT('',(93.64072924382,25.722239240113,0.));
#5755 = CARTESIAN_POINT('',(93.643130334547,25.741065925853,0.));
#5756 = CARTESIAN_POINT('',(93.64554162749,25.759892879777,0.));
#5757 = CARTESIAN_POINT('',(93.64796312113,25.778720095745,0.));
#5758 = CARTESIAN_POINT('',(93.650394814027,25.797547567623,0.));
#5759 = CARTESIAN_POINT('',(93.652836704617,25.816375289287,0.));
#5760 = CARTESIAN_POINT('',(93.655288791459,25.835203254602,0.));
#5761 = CARTESIAN_POINT('',(93.65775107304,25.854031457434,0.));
#5762 = CARTESIAN_POINT('',(93.660223547878,25.872859891654,0.));
#5763 = CARTESIAN_POINT('',(93.662706214463,25.891688551144,0.));
#5764 = CARTESIAN_POINT('',(93.665199071254,25.910517429796,0.));
#5765 = CARTESIAN_POINT('',(93.667702116743,25.929346521486,0.));
#5766 = CARTESIAN_POINT('',(93.670215349483,25.948175820089,0.));
#5767 = CARTESIAN_POINT('',(93.672738767878,25.967005319506,0.));
#5768 = CARTESIAN_POINT('',(93.675272370417,25.985835013632,0.));
#5769 = CARTESIAN_POINT('',(93.677816155608,26.004664896351,0.));
#5770 = CARTESIAN_POINT('',(93.680370121886,26.02349496156,0.));
#5771 = CARTESIAN_POINT('',(93.68293426778,26.042325203159,0.));
#5772 = CARTESIAN_POINT('',(93.685508591639,26.061155615064,0.));
#5773 = CARTESIAN_POINT('',(93.688093092014,26.079986191167,0.));
#5774 = CARTESIAN_POINT('',(93.690687767375,26.098816925371,0.));
#5775 = CARTESIAN_POINT('',(93.693292616086,26.117647811601,0.));
#5776 = CARTESIAN_POINT('',(93.69590763666,26.136478843766,0.));
#5777 = CARTESIAN_POINT('',(93.698532827537,26.155310015778,0.));
#5778 = CARTESIAN_POINT('',(93.701168187137,26.174141321561,0.));
#5779 = CARTESIAN_POINT('',(93.703813713908,26.192972755034,0.));
#5780 = CARTESIAN_POINT('',(93.70646940631,26.211804310122,0.));
#5781 = CARTESIAN_POINT('',(93.709135262705,26.230635980757,0.));
#5782 = CARTESIAN_POINT('',(93.711811281602,26.249467760861,0.));
#5783 = CARTESIAN_POINT('',(93.714497461388,26.268299644369,0.));
#5784 = CARTESIAN_POINT('',(93.717193800467,26.287131625225,0.));
#5785 = CARTESIAN_POINT('',(93.719900297262,26.305963697363,0.));
#5786 = CARTESIAN_POINT('',(93.722616950227,26.324795854721,0.));
#5787 = CARTESIAN_POINT('',(93.725343757717,26.34362809125,0.));
#5788 = CARTESIAN_POINT('',(93.728080718137,26.362460400895,0.));
#5789 = CARTESIAN_POINT('',(93.730827829984,26.381292777595,0.));
#5790 = CARTESIAN_POINT('',(93.733585091517,26.400125215317,0.));
#5791 = CARTESIAN_POINT('',(93.73635250124,26.418957708008,0.));
#5792 = CARTESIAN_POINT('',(93.73913005751,26.437790249629,0.));
#5793 = CARTESIAN_POINT('',(93.741917758675,26.45662283415,0.));
#5794 = CARTESIAN_POINT('',(93.744715603178,26.475455455526,0.));
#5795 = CARTESIAN_POINT('',(93.747523589363,26.494288107721,0.));
#5796 = CARTESIAN_POINT('',(93.750341715666,26.513120784699,0.));
#5797 = CARTESIAN_POINT('',(93.753169980383,26.531953480447,0.));
#5798 = CARTESIAN_POINT('',(93.75600838192,26.550786188937,0.));
#5799 = CARTESIAN_POINT('',(93.758856918657,26.569618904143,0.));
#5800 = CARTESIAN_POINT('',(93.761715588941,26.588451620046,0.));
#5801 = CARTESIAN_POINT('',(93.764584391137,26.607284330628,0.));
#5802 = CARTESIAN_POINT('',(93.767463323612,26.626117029876,0.));
#5803 = CARTESIAN_POINT('',(93.770352384699,26.644949711784,0.));
#5804 = CARTESIAN_POINT('',(93.773251572755,26.663782370341,0.));
#5805 = CARTESIAN_POINT('',(93.776160886151,26.682614999541,0.));
#5806 = CARTESIAN_POINT('',(93.779080323171,26.701447593387,0.));
#5807 = CARTESIAN_POINT('',(93.782009882219,26.720280145869,0.));
#5808 = CARTESIAN_POINT('',(93.784949561616,26.73911265099,0.));
#5809 = CARTESIAN_POINT('',(93.787899359672,26.757945102766,0.));
#5810 = CARTESIAN_POINT('',(93.790859274711,26.776777495205,0.));
#5811 = CARTESIAN_POINT('',(93.793829305097,26.795609822312,0.));
#5812 = CARTESIAN_POINT('',(93.796809449129,26.814442078104,0.));
#5813 = CARTESIAN_POINT('',(93.799799705114,26.833274256602,0.));
#5814 = CARTESIAN_POINT('',(93.802800071387,26.852106351821,0.));
#5815 = CARTESIAN_POINT('',(93.80581054627,26.870938357787,0.));
#5816 = CARTESIAN_POINT('',(93.80883112802,26.889770268532,0.));
#5817 = CARTESIAN_POINT('',(93.811861814988,26.908602078075,0.));
#5818 = CARTESIAN_POINT('',(93.814902605491,26.927433780444,0.));
#5819 = CARTESIAN_POINT('',(93.817953497782,26.946265369684,0.));
#5820 = CARTESIAN_POINT('',(93.821014490154,26.965096839833,0.));
#5821 = CARTESIAN_POINT('',(93.824085580954,26.983928184918,0.));
#5822 = CARTESIAN_POINT('',(93.827166768432,27.002759398992,0.));
#5823 = CARTESIAN_POINT('',(93.830258050839,27.021590476109,0.));
#5824 = CARTESIAN_POINT('',(93.833359426504,27.040421410306,0.));
#5825 = CARTESIAN_POINT('',(93.836470893718,27.059252195623,0.));
#5826 = CARTESIAN_POINT('',(93.83959245073,27.078082826125,0.));
#5827 = CARTESIAN_POINT('',(93.842724095799,27.096913295881,0.));
#5828 = CARTESIAN_POINT('',(93.845865827174,27.11574359895,0.));
#5829 = CARTESIAN_POINT('',(93.849017643174,27.134573729379,0.));
#5830 = CARTESIAN_POINT('',(93.852179542052,27.153403681233,0.));
#5831 = CARTESIAN_POINT('',(93.855351522029,27.17223344859,0.));
#5832 = CARTESIAN_POINT('',(93.858533581389,27.191063025522,0.));
#5833 = CARTESIAN_POINT('',(93.861725718348,27.209892406105,0.));
#5834 = CARTESIAN_POINT('',(93.86492793119,27.228721584408,0.));
#5835 = CARTESIAN_POINT('',(93.868140218162,27.247550554511,0.));
#5836 = CARTESIAN_POINT('',(93.871362577461,27.266379310505,0.));
#5837 = CARTESIAN_POINT('',(93.874595007355,27.285207846473,0.));
#5838 = CARTESIAN_POINT('',(93.877837506071,27.304036156498,0.));
#5839 = CARTESIAN_POINT('',(93.881090071869,27.322864234669,0.));
#5840 = CARTESIAN_POINT('',(93.884352702917,27.341692075093,0.));
#5841 = CARTESIAN_POINT('',(93.887625397472,27.360519671865,0.));
#5842 = CARTESIAN_POINT('',(93.890908153745,27.379347019079,0.));
#5843 = CARTESIAN_POINT('',(93.894200969972,27.398174110831,0.));
#5844 = CARTESIAN_POINT('',(93.89750384438,27.417000941231,0.));
#5845 = CARTESIAN_POINT('',(93.900816775094,27.435827504402,0.));
#5846 = CARTESIAN_POINT('',(93.904139760418,27.454653794442,0.));
#5847 = CARTESIAN_POINT('',(93.907472798503,27.473479805468,0.));
#5848 = CARTESIAN_POINT('',(93.910815887555,27.492305531595,0.));
#5849 = CARTESIAN_POINT('',(93.914169025816,27.511130966942,0.));
#5850 = CARTESIAN_POINT('',(93.917532211386,27.529956105645,0.));
#5851 = CARTESIAN_POINT('',(93.920905442526,27.548780941814,0.));
#5852 = CARTESIAN_POINT('',(93.924288717458,27.56760546957,0.));
#5853 = CARTESIAN_POINT('',(93.927682034267,27.586429683072,0.));
#5854 = CARTESIAN_POINT('',(93.931085391151,27.605253576449,0.));
#5855 = CARTESIAN_POINT('',(93.934498786379,27.624077143817,0.));
#5856 = CARTESIAN_POINT('',(93.937922218021,27.642900379332,0.));
#5857 = CARTESIAN_POINT('',(93.941355684299,27.661723277129,0.));
#5858 = CARTESIAN_POINT('',(93.944799183391,27.680545831354,0.));
#5859 = CARTESIAN_POINT('',(93.948252713415,27.699368036169,0.));
#5860 = CARTESIAN_POINT('',(93.951716272532,27.718189885721,0.));
#5861 = CARTESIAN_POINT('',(93.955189858964,27.737011374154,0.));
#5862 = CARTESIAN_POINT('',(93.95867347079,27.755832495633,0.));
#5863 = CARTESIAN_POINT('',(93.962167106214,27.774653244317,0.));
#5864 = CARTESIAN_POINT('',(93.965670763343,27.79347361437,0.));
#5865 = CARTESIAN_POINT('',(93.969184440345,27.812293599954,0.));
#5866 = CARTESIAN_POINT('',(93.972708135381,27.831113195241,0.));
#5867 = CARTESIAN_POINT('',(93.976241846508,27.849932394417,0.));
#5868 = CARTESIAN_POINT('',(93.979785571924,27.868751191641,0.));
#5869 = CARTESIAN_POINT('',(93.983339309791,27.887569581081,0.));
#5870 = CARTESIAN_POINT('',(93.986903058158,27.906387556936,0.));
#5871 = CARTESIAN_POINT('',(93.990476815192,27.925205113388,0.));
#5872 = CARTESIAN_POINT('',(93.994060578988,27.944022244617,0.));
#5873 = CARTESIAN_POINT('',(93.997654347731,27.962838944805,0.));
#5874 = CARTESIAN_POINT('',(94.001258119455,27.98165520816,0.));
#5875 = CARTESIAN_POINT('',(94.004871892282,28.000471028878,0.));
#5876 = CARTESIAN_POINT('',(94.008495664371,28.019286401142,0.));
#5877 = CARTESIAN_POINT('',(94.012129433795,28.038101319156,0.));
#5878 = CARTESIAN_POINT('',(94.015773198644,28.05691577713,0.));
#5879 = CARTESIAN_POINT('',(94.019426957049,28.075729769269,0.));
#5880 = CARTESIAN_POINT('',(94.023090707052,28.09454328979,0.));
#5881 = CARTESIAN_POINT('',(94.026764446782,28.113356332896,0.));
#5882 = CARTESIAN_POINT('',(94.030448174362,28.132168892798,0.));
#5883 = CARTESIAN_POINT('',(94.034141887775,28.150980963729,0.));
#5884 = CARTESIAN_POINT('',(94.037845585209,28.169792539894,0.));
#5885 = CARTESIAN_POINT('',(94.041559264711,28.188603615522,0.));
#5886 = CARTESIAN_POINT('',(94.0452829243,28.207414184856,0.));
#5887 = CARTESIAN_POINT('',(94.0490165621,28.226224242113,0.));
#5888 = CARTESIAN_POINT('',(94.052760176203,28.245033781518,0.));
#5889 = CARTESIAN_POINT('',(94.056513764626,28.263842797319,0.));
#5890 = CARTESIAN_POINT('',(94.060277325424,28.282651283755,0.));
#5891 = CARTESIAN_POINT('',(94.06405085674,28.30145923505,0.));
#5892 = CARTESIAN_POINT('',(94.067834356543,28.32026664547,0.));
#5893 = CARTESIAN_POINT('',(94.071627822883,28.339073509264,0.));
#5894 = CARTESIAN_POINT('',(94.075431253892,28.357879820664,0.));
#5895 = CARTESIAN_POINT('',(94.079244647547,28.376685573934,0.));
#5896 = CARTESIAN_POINT('',(94.083068001901,28.395490763333,0.));
#5897 = CARTESIAN_POINT('',(94.086901315016,28.414295383112,0.));
#5898 = CARTESIAN_POINT('',(94.090744584919,28.433099427535,0.));
#5899 = CARTESIAN_POINT('',(94.094597809661,28.451902890871,0.));
#5900 = CARTESIAN_POINT('',(94.098460987188,28.470705767401,0.));
#5901 = CARTESIAN_POINT('',(94.10233411565,28.489508051367,0.));
#5902 = CARTESIAN_POINT('',(94.106217193034,28.50830973705,0.));
#5903 = CARTESIAN_POINT('',(94.110110217289,28.52711081875,0.));
#5904 = CARTESIAN_POINT('',(94.114013186495,28.545911290731,0.));
#5905 = CARTESIAN_POINT('',(94.117926098694,28.564711147266,0.));
#5906 = CARTESIAN_POINT('',(94.121848951825,28.583510382653,0.));
#5907 = CARTESIAN_POINT('',(94.125781743966,28.602308991177,0.));
#5908 = CARTESIAN_POINT('',(94.129724473052,28.621106967135,0.));
#5909 = CARTESIAN_POINT('',(94.133677137162,28.639904304811,0.));
#5910 = CARTESIAN_POINT('',(94.137639734231,28.658700998515,0.));
#5911 = CARTESIAN_POINT('',(94.141612262265,28.677497042539,0.));
#5912 = CARTESIAN_POINT('',(94.145594719337,28.696292431173,0.));
#5913 = CARTESIAN_POINT('',(94.149587103318,28.715087158748,0.));
#5914 = CARTESIAN_POINT('',(94.153589412253,28.733881219567,0.));
#5915 = CARTESIAN_POINT('',(94.157601644142,28.752674607935,0.));
#5916 = CARTESIAN_POINT('',(94.161623796909,28.771467318173,0.));
#5917 = CARTESIAN_POINT('',(94.165655868617,28.790259344588,0.));
#5918 = CARTESIAN_POINT('',(94.169697857148,28.809050681518,0.));
#5919 = CARTESIAN_POINT('',(94.173749760527,28.827841323279,0.));
#5920 = CARTESIAN_POINT('',(94.177811576698,28.846631264197,0.));
#5921 = CARTESIAN_POINT('',(94.181883303658,28.865420498593,0.));
#5922 = CARTESIAN_POINT('',(94.185964939365,28.884209020806,0.));
#5923 = CARTESIAN_POINT('',(94.190056481707,28.902996825188,0.));
#5924 = CARTESIAN_POINT('',(94.194157928721,28.92178390606,0.));
#5925 = CARTESIAN_POINT('',(94.19826927834,28.94057025776,0.));
#5926 = CARTESIAN_POINT('',(94.202390528497,28.959355874639,0.));
#5927 = CARTESIAN_POINT('',(94.206521677163,28.978140751046,0.));
#5928 = CARTESIAN_POINT('',(94.210662722224,28.996924881342,0.));
#5929 = CARTESIAN_POINT('',(94.21481366167,29.015708259866,0.));
#5930 = CARTESIAN_POINT('',(94.218974493467,29.034490880963,0.));
#5931 = CARTESIAN_POINT('',(94.223145215481,29.053272739011,0.));
#5932 = CARTESIAN_POINT('',(94.227325825685,29.072053828372,0.));
#5933 = CARTESIAN_POINT('',(94.231516321959,29.090834143419,0.));
#5934 = CARTESIAN_POINT('',(94.235716702276,29.109613678504,0.));
#5935 = CARTESIAN_POINT('',(94.23992696456,29.128392427988,0.));
#5936 = CARTESIAN_POINT('',(94.244147106744,29.147170386254,0.));
#5937 = CARTESIAN_POINT('',(94.248377126654,29.165947547705,0.));
#5938 = CARTESIAN_POINT('',(94.25261702225,29.184723906705,0.));
#5939 = CARTESIAN_POINT('',(94.256866791525,29.203499457613,0.));
#5940 = CARTESIAN_POINT('',(94.261126432264,29.222274194845,0.));
#5941 = CARTESIAN_POINT('',(94.265395942401,29.241048112789,0.));
#5942 = CARTESIAN_POINT('',(94.269675319898,29.259821205819,0.));
#5943 = CARTESIAN_POINT('',(94.273964562573,29.278593468342,0.));
#5944 = CARTESIAN_POINT('',(94.27826366838,29.297364894748,0.));
#5945 = CARTESIAN_POINT('',(94.28257263518,29.316135479444,0.));
#5946 = CARTESIAN_POINT('',(94.286891460857,29.334905216837,0.));
#5947 = CARTESIAN_POINT('',(94.2912201433,29.353674101329,0.));
#5948 = CARTESIAN_POINT('',(94.295558680432,29.372442127325,0.));
#5949 = CARTESIAN_POINT('',(94.29990707004,29.391209289253,0.));
#5950 = CARTESIAN_POINT('',(94.3042653101,29.409975581507,0.));
#5951 = CARTESIAN_POINT('',(94.308633398456,29.428740998513,0.));
#5952 = CARTESIAN_POINT('',(94.313011332907,29.447505534713,0.));
#5953 = CARTESIAN_POINT('',(94.317399111421,29.466269184512,0.));
#5954 = CARTESIAN_POINT('',(94.321796731781,29.485031942346,0.));
#5955 = CARTESIAN_POINT('',(94.326204191911,29.503793802634,0.));
#5956 = CARTESIAN_POINT('',(94.33062148965,29.522554759815,0.));
#5957 = CARTESIAN_POINT('',(94.335048622815,29.541314808336,0.));
#5958 = CARTESIAN_POINT('',(94.339485589305,29.560073942626,0.));
#5959 = CARTESIAN_POINT('',(94.343932386939,29.578832157127,0.));
#5960 = CARTESIAN_POINT('',(94.348389013622,29.597589446279,0.));
#5961 = CARTESIAN_POINT('',(94.352855467093,29.616345804556,0.));
#5962 = CARTESIAN_POINT('',(94.35733174525,29.635101226394,0.));
#5963 = CARTESIAN_POINT('',(94.361817845983,29.653855706231,0.));
#5964 = CARTESIAN_POINT('',(94.366313767023,29.672609238548,0.));
#5965 = CARTESIAN_POINT('',(94.370819506278,29.691361817792,0.));
#5966 = CARTESIAN_POINT('',(94.375335061547,29.710113438433,0.));
#5967 = CARTESIAN_POINT('',(94.379860430646,29.728864094943,0.));
#5968 = CARTESIAN_POINT('',(94.384395611399,29.747613781787,0.));
#5969 = CARTESIAN_POINT('',(94.388940601655,29.766362493429,0.));
#5970 = CARTESIAN_POINT('',(94.393495399204,29.785110224352,0.));
#5971 = CARTESIAN_POINT('',(94.398060001859,29.803856969035,0.));
#5972 = CARTESIAN_POINT('',(94.40263440744,29.822602721957,0.));
#5973 = CARTESIAN_POINT('',(94.407218613756,29.841347477604,0.));
#5974 = CARTESIAN_POINT('',(94.411812618591,29.860091230468,0.));
#5975 = CARTESIAN_POINT('',(94.416416419769,29.878833975033,0.));
#5976 = CARTESIAN_POINT('',(94.421030015083,29.897575705789,0.));
#5977 = CARTESIAN_POINT('',(94.425653402345,29.916316417234,0.));
#5978 = CARTESIAN_POINT('',(94.430286579301,29.93505610388,0.));
#5979 = CARTESIAN_POINT('',(94.434929543778,29.953794760224,0.));
#5980 = CARTESIAN_POINT('',(94.439582293549,29.972532380767,0.));
#5981 = CARTESIAN_POINT('',(94.444244826408,29.991268960013,0.));
#5982 = CARTESIAN_POINT('',(94.44891714016,30.010004492472,0.));
#5983 = CARTESIAN_POINT('',(94.45359923251,30.028738972676,0.));
#5984 = CARTESIAN_POINT('',(94.458291101305,30.047472395129,0.));
#5985 = CARTESIAN_POINT('',(94.462992744286,30.066204754358,0.));
#5986 = CARTESIAN_POINT('',(94.467704159202,30.084936044892,0.));
#5987 = CARTESIAN_POINT('',(94.472425343864,30.103666261243,0.));
#5988 = CARTESIAN_POINT('',(94.477156296014,30.122395397942,0.));
#5989 = CARTESIAN_POINT('',(94.481897013431,30.141123449525,0.));
#5990 = CARTESIAN_POINT('',(94.486647493805,30.159850410536,0.));
#5991 = CARTESIAN_POINT('',(94.491407735021,30.178576275491,0.));
#5992 = CARTESIAN_POINT('',(94.496177734697,30.197301038967,0.));
#5993 = CARTESIAN_POINT('',(94.500957490581,30.216024695505,0.));
#5994 = CARTESIAN_POINT('',(94.505747000589,30.234747239604,0.));
#5995 = CARTESIAN_POINT('',(94.510546262295,30.253468665852,0.));
#5996 = CARTESIAN_POINT('',(94.515355273499,30.272188968806,0.));
#5997 = CARTESIAN_POINT('',(94.520174031919,30.290908143017,0.));
#5998 = CARTESIAN_POINT('',(94.525002535337,30.309626183034,0.));
#5999 = CARTESIAN_POINT('',(94.529840781437,30.32834308343,0.));
#6000 = CARTESIAN_POINT('',(94.534688767956,30.347058838773,0.));
#6001 = CARTESIAN_POINT('',(94.539546492652,30.365773443625,0.));
#6002 = CARTESIAN_POINT('',(94.544413953198,30.384486892573,0.));
#6003 = CARTESIAN_POINT('',(94.549291147303,30.403199180186,0.));
#6004 = CARTESIAN_POINT('',(94.554178072827,30.421910301006,0.));
#6005 = CARTESIAN_POINT('',(94.559074727298,30.440620249661,0.));
#6006 = CARTESIAN_POINT('',(94.563981108522,30.459329020719,0.));
#6007 = CARTESIAN_POINT('',(94.568897214252,30.478036608756,0.));
#6008 = CARTESIAN_POINT('',(94.573823042017,30.496743008396,0.));
#6009 = CARTESIAN_POINT('',(94.578758589777,30.515448214174,0.));
#6010 = CARTESIAN_POINT('',(94.583703855035,30.534152220728,0.));
#6011 = CARTESIAN_POINT('',(94.588658835547,30.552855022659,0.));
#6012 = CARTESIAN_POINT('',(94.593623529012,30.571556614561,0.));
#6013 = CARTESIAN_POINT('',(94.598597933125,30.590256991032,0.));
#6014 = CARTESIAN_POINT('',(94.603582045591,30.608956146681,0.));
#6015 = CARTESIAN_POINT('',(94.608575864045,30.627654076133,0.));
#6016 = CARTESIAN_POINT('',(94.613579386223,30.64635077399,0.));
#6017 = CARTESIAN_POINT('',(94.618592609768,30.665046234873,0.));
#6018 = CARTESIAN_POINT('',(94.623615532406,30.683740453393,0.));
#6019 = CARTESIAN_POINT('',(94.628648151755,30.702433424187,0.));
#6020 = CARTESIAN_POINT('',(94.63369046553,30.721125141872,0.));
#6021 = CARTESIAN_POINT('',(94.638742471387,30.739815601081,0.));
#6022 = CARTESIAN_POINT('',(94.643804166971,30.758504796454,0.));
#6023 = CARTESIAN_POINT('',(94.648875549984,30.777192722617,0.));
#6024 = CARTESIAN_POINT('',(94.653956618046,30.795879374217,0.));
#6025 = CARTESIAN_POINT('',(94.65904736886,30.814564745882,0.));
#6026 = CARTESIAN_POINT('',(94.664147800048,30.833248832261,0.));
#6027 = CARTESIAN_POINT('',(94.669257909302,30.851931627996,0.));
#6028 = CARTESIAN_POINT('',(94.674377694234,30.870613127759,0.));
#6029 = CARTESIAN_POINT('',(94.679507152437,30.88929332621,0.));
#6030 = CARTESIAN_POINT('',(94.684646281706,30.907972217962,0.));
#6031 = CARTESIAN_POINT('',(94.689795079567,30.926649797702,0.));
#6032 = CARTESIAN_POINT('',(94.694953543681,30.945326060097,0.));
#6033 = CARTESIAN_POINT('',(94.700121671698,30.964000999809,0.));
#6034 = CARTESIAN_POINT('',(94.70529946123,30.982674611506,0.));
#6035 = CARTESIAN_POINT('',(94.710486909952,31.001346889848,0.));
#6036 = CARTESIAN_POINT('',(94.715684015463,31.020017829524,0.));
#6037 = CARTESIAN_POINT('',(94.72089077535,31.038687425219,0.));
#6038 = CARTESIAN_POINT('',(94.726107187304,31.057355671594,0.));
#6039 = CARTESIAN_POINT('',(94.731333248943,31.076022563337,0.));
#6040 = CARTESIAN_POINT('',(94.736568957784,31.094688095162,0.));
#6041 = CARTESIAN_POINT('',(94.741814311566,31.113352261726,0.));
#6042 = CARTESIAN_POINT('',(94.747069307841,31.132015057735,0.));
#6043 = CARTESIAN_POINT('',(94.7523339442,31.150676477889,0.));
#6044 = CARTESIAN_POINT('',(94.757608218312,31.169336516875,0.));
#6045 = CARTESIAN_POINT('',(94.762892127714,31.187995169412,0.));
#6046 = CARTESIAN_POINT('',(94.768185670036,31.206652430199,0.));
#6047 = CARTESIAN_POINT('',(94.773488842891,31.225308293943,0.));
#6048 = CARTESIAN_POINT('',(94.778801643817,31.243962755367,0.));
#6049 = CARTESIAN_POINT('',(94.784124070477,31.262615809165,0.));
#6050 = CARTESIAN_POINT('',(94.789456120448,31.281267450058,0.));
#6051 = CARTESIAN_POINT('',(94.794797791265,31.299917672786,0.));
#6052 = CARTESIAN_POINT('',(94.800149080542,31.318566472061,0.));
#6053 = CARTESIAN_POINT('',(94.805509985923,31.337213842595,0.));
#6054 = CARTESIAN_POINT('',(94.810880504849,31.355859779153,0.));
#6055 = CARTESIAN_POINT('',(94.816260635037,31.374504276435,0.));
#6056 = CARTESIAN_POINT('',(94.821650373975,31.393147329196,0.));
#6057 = CARTESIAN_POINT('',(94.827049719245,31.411788932174,0.));
#6058 = CARTESIAN_POINT('',(94.83245866846,31.430429080098,0.));
#6059 = CARTESIAN_POINT('',(94.837877219134,31.449067767724,0.));
#6060 = CARTESIAN_POINT('',(94.843305368857,31.467704989796,0.));
#6061 = CARTESIAN_POINT('',(94.848743115201,31.486340741065,0.));
#6062 = CARTESIAN_POINT('',(94.85419045566,31.504975016305,0.));
#6063 = CARTESIAN_POINT('',(94.859647387852,31.523607810252,0.));
#6064 = CARTESIAN_POINT('',(94.865113909328,31.542239117661,0.));
#6065 = CARTESIAN_POINT('',(94.870590017611,31.560868933305,0.));
#6066 = CARTESIAN_POINT('',(94.876075710276,31.579497251958,0.));
#6067 = CARTESIAN_POINT('',(94.88157098476,31.598124068407,0.));
#6068 = CARTESIAN_POINT('',(94.887075838813,31.616749377371,0.));
#6069 = CARTESIAN_POINT('',(94.892590269765,31.63537317368,0.));
#6070 = CARTESIAN_POINT('',(94.898114275249,31.653995452086,0.));
#6071 = CARTESIAN_POINT('',(94.90364785286,31.672616207355,0.));
#6072 = CARTESIAN_POINT('',(94.909190999975,31.691235434313,0.));
#6073 = CARTESIAN_POINT('',(94.914743714247,31.70985312773,0.));
#6074 = CARTESIAN_POINT('',(94.920305993152,31.728469282366,0.));
#6075 = CARTESIAN_POINT('',(94.925877895232,31.74708409696,0.));
#6076 = CARTESIAN_POINT('',(94.93145978488,31.765698788402,0.));
#6077 = CARTESIAN_POINT('',(94.937047100511,31.784317164747,0.));
#6078 = CARTESIAN_POINT('',(94.942635287021,31.802943038444,0.));
#6079 = CARTESIAN_POINT('',(94.948224719803,31.821577633516,0.));
#6080 = CARTESIAN_POINT('',(94.953815467556,31.840221156617,0.));
#6081 = CARTESIAN_POINT('',(94.959407538053,31.858873610617,0.));
#6082 = CARTESIAN_POINT('',(94.965000939002,31.877534998401,0.));
#6083 = CARTESIAN_POINT('',(94.970595678266,31.896205322798,0.));
#6084 = CARTESIAN_POINT('',(94.976191763509,31.914884586679,0.));
#6085 = CARTESIAN_POINT('',(94.981789202537,31.933572792876,0.));
#6086 = CARTESIAN_POINT('',(94.987388003079,31.952269944221,0.));
#6087 = CARTESIAN_POINT('',(94.992988172908,31.970976043538,0.));
#6088 = CARTESIAN_POINT('',(94.998589719713,31.989691093659,0.));
#6089 = CARTESIAN_POINT('',(95.004192651298,32.008415097381,0.));
#6090 = CARTESIAN_POINT('',(95.009796975325,32.027148057519,0.));
#6091 = CARTESIAN_POINT('',(95.015402699608,32.045889976848,0.));
#6092 = CARTESIAN_POINT('',(95.021009831828,32.064640858169,0.));
#6093 = CARTESIAN_POINT('',(95.026618379677,32.083400704268,0.));
#6094 = CARTESIAN_POINT('',(95.032228350975,32.102169517887,0.));
#6095 = CARTESIAN_POINT('',(95.037839753357,32.120947301811,0.));
#6096 = CARTESIAN_POINT('',(95.043452594559,32.139734058792,0.));
#6097 = CARTESIAN_POINT('',(95.049066882308,32.158529791571,0.));
#6098 = CARTESIAN_POINT('',(95.054682624312,32.177334502894,0.));
#6099 = CARTESIAN_POINT('',(95.060299828209,32.196148195508,0.));
#6100 = CARTESIAN_POINT('',(95.065918501792,32.214970872107,0.));
#6101 = CARTESIAN_POINT('',(95.071538652728,32.233802535413,0.));
#6102 = CARTESIAN_POINT('',(95.077160288667,32.252643188149,0.));
#6103 = CARTESIAN_POINT('',(95.082783417365,32.271492833001,0.));
#6104 = CARTESIAN_POINT('',(95.088408046433,32.290351472677,0.));
#6105 = CARTESIAN_POINT('',(95.094034183623,32.309219109846,0.));
#6106 = CARTESIAN_POINT('',(95.099661836576,32.328095747193,0.));
#6107 = CARTESIAN_POINT('',(95.105291012947,32.346981387395,0.));
#6108 = CARTESIAN_POINT('',(95.110921720456,32.365876033095,0.));
#6109 = CARTESIAN_POINT('',(95.116553966756,32.384779686954,0.));
#6110 = CARTESIAN_POINT('',(95.122187759455,32.403692351639,0.));
#6111 = CARTESIAN_POINT('',(95.127823106255,32.422614029765,0.));
#6112 = CARTESIAN_POINT('',(95.133460014883,32.441544723941,0.));
#6113 = CARTESIAN_POINT('',(95.139098492853,32.460484436833,0.));
#6114 = CARTESIAN_POINT('',(95.144738547878,32.479433171037,0.));
#6115 = CARTESIAN_POINT('',(95.150380187674,32.498390929141,0.));
#6116 = CARTESIAN_POINT('',(95.156023419716,32.517357713789,0.));
#6117 = CARTESIAN_POINT('',(95.16166825178,32.536333527538,0.));
#6118 = CARTESIAN_POINT('',(95.167314691456,32.555318372977,0.));
#6119 = CARTESIAN_POINT('',(95.172962746345,32.574312252695,0.));
#6120 = CARTESIAN_POINT('',(95.178612424086,32.593315169254,0.));
#6121 = CARTESIAN_POINT('',(95.184263732327,32.612327125201,0.));
#6122 = CARTESIAN_POINT('',(95.189916678681,32.631348123096,0.));
#6123 = CARTESIAN_POINT('',(95.195571270686,32.650378165506,0.));
#6124 = CARTESIAN_POINT('',(95.201227516044,32.669417254941,0.));
#6125 = CARTESIAN_POINT('',(95.206885422321,32.688465393937,0.));
#6126 = CARTESIAN_POINT('',(95.212544997096,32.707522585019,0.));
#6127 = CARTESIAN_POINT('',(95.218206248044,32.726588830683,0.));
#6128 = CARTESIAN_POINT('',(95.223869182657,32.745664133473,0.));
#6129 = CARTESIAN_POINT('',(95.22953380853,32.76474849588,0.));
#6130 = CARTESIAN_POINT('',(95.23520013337,32.783841920359,0.));
#6131 = CARTESIAN_POINT('',(95.240868164591,32.802944409431,0.));
#6132 = CARTESIAN_POINT('',(95.246537909918,32.822055965543,0.));
#6133 = CARTESIAN_POINT('',(95.252209376816,32.841176591191,0.));
#6134 = CARTESIAN_POINT('',(95.257882572856,32.86030628883,0.));
#6135 = CARTESIAN_POINT('',(95.263557505731,32.879445060877,0.));
#6136 = CARTESIAN_POINT('',(95.269234182825,32.898592909824,0.));
#6137 = CARTESIAN_POINT('',(95.274912611801,32.917749838091,0.));
#6138 = CARTESIAN_POINT('',(95.280592800181,32.936915848109,0.));
#6139 = CARTESIAN_POINT('',(95.286274755482,32.956090942298,0.));
#6140 = CARTESIAN_POINT('',(95.291958485347,32.975275123047,0.));
#6141 = CARTESIAN_POINT('',(95.297643997223,32.994468392794,0.));
#6142 = CARTESIAN_POINT('',(95.303331298623,33.013670753949,0.));
#6143 = CARTESIAN_POINT('',(95.30902039716,33.032882208877,0.));
#6144 = CARTESIAN_POINT('',(95.314711300325,33.052102759968,0.));
#6145 = CARTESIAN_POINT('',(95.320404015592,33.07133240961,0.));
#6146 = CARTESIAN_POINT('',(95.326098550576,33.090571160147,0.));
#6147 = CARTESIAN_POINT('',(95.331794912709,33.109819013961,0.));
#6148 = CARTESIAN_POINT('',(95.337493109526,33.129075973404,0.));
#6149 = CARTESIAN_POINT('',(95.343193148514,33.148342040823,0.));
#6150 = CARTESIAN_POINT('',(95.348895037222,33.167617218542,0.));
#6151 = CARTESIAN_POINT('',(95.354598783077,33.186901508907,0.));
#6152 = CARTESIAN_POINT('',(95.360304393634,33.206194914223,0.));
#6153 = CARTESIAN_POINT('',(95.366011876362,33.225497436812,0.));
#6154 = CARTESIAN_POINT('',(95.371721238694,33.244809078993,0.));
#6155 = CARTESIAN_POINT('',(95.377432488201,33.264129843046,0.));
#6156 = CARTESIAN_POINT('',(95.383145632269,33.283459731294,0.));
#6157 = CARTESIAN_POINT('',(95.388860678361,33.302798746022,0.));
#6158 = CARTESIAN_POINT('',(95.394577634026,33.322146889471,0.));
#6159 = CARTESIAN_POINT('',(95.40029650669,33.341504163918,0.));
#6160 = CARTESIAN_POINT('',(95.406017303785,33.36087057164,0.));
#6161 = CARTESIAN_POINT('',(95.411740032775,33.380246114893,0.));
#6162 = CARTESIAN_POINT('',(95.417464701096,33.399630795927,0.));
#6163 = CARTESIAN_POINT('',(95.423191316206,33.419024616977,0.));
#6164 = CARTESIAN_POINT('',(95.428919885512,33.438427580274,0.));
#6165 = CARTESIAN_POINT('',(95.434650416542,33.457839688023,0.));
#6166 = CARTESIAN_POINT('',(95.440382916579,33.477260942483,0.));
#6167 = CARTESIAN_POINT('',(95.446117393136,33.496691345839,0.));
#6168 = CARTESIAN_POINT('',(95.451853853652,33.516130900278,0.));
#6169 = CARTESIAN_POINT('',(95.4575923055,33.535579608013,0.));
#6170 = CARTESIAN_POINT('',(95.463332756062,33.555037471243,0.));
#6171 = CARTESIAN_POINT('',(95.469075212814,33.574504492127,0.));
#6172 = CARTESIAN_POINT('',(95.474819683095,33.593980672845,0.));
#6173 = CARTESIAN_POINT('',(95.480566174359,33.613466015549,0.));
#6174 = CARTESIAN_POINT('',(95.486314693968,33.632960522418,0.));
#6175 = CARTESIAN_POINT('',(95.492065249219,33.652464195618,0.));
#6176 = CARTESIAN_POINT('',(95.497817847676,33.671977037236,0.));
#6177 = CARTESIAN_POINT('',(95.503572496601,33.691499049436,0.));
#6178 = CARTESIAN_POINT('',(95.509329203343,33.711030234352,0.));
#6179 = CARTESIAN_POINT('',(95.515087975378,33.730570594075,0.));
#6180 = CARTESIAN_POINT('',(95.520848819997,33.750120130741,0.));
#6181 = CARTESIAN_POINT('',(95.526611744514,33.769678846481,0.));
#6182 = CARTESIAN_POINT('',(95.532376756331,33.789246743368,0.));
#6183 = CARTESIAN_POINT('',(95.538143862829,33.808823823468,0.));
#6184 = CARTESIAN_POINT('',(95.543913071359,33.82841008887,0.));
#6185 = CARTESIAN_POINT('',(95.549684389138,33.848005541685,0.));
#6186 = CARTESIAN_POINT('',(95.555457823663,33.867610183944,0.));
#6187 = CARTESIAN_POINT('',(95.561233382132,33.887224017737,0.));
#6188 = CARTESIAN_POINT('',(95.567011071911,33.906847045105,0.));
#6189 = CARTESIAN_POINT('',(95.572790900383,33.92647926807,0.));
#6190 = CARTESIAN_POINT('',(95.578572874774,33.946120688695,0.));
#6191 = CARTESIAN_POINT('',(95.584357002452,33.965771309005,0.));
#6192 = CARTESIAN_POINT('',(95.590143290668,33.985431131034,0.));
#6193 = CARTESIAN_POINT('',(95.595931746755,34.005100156787,0.));
#6194 = CARTESIAN_POINT('',(95.601722378043,34.024778388261,0.));
#6195 = CARTESIAN_POINT('',(95.607515191738,34.044465827484,0.));
#6196 = CARTESIAN_POINT('',(95.61331019517,34.064162476433,0.));
#6197 = CARTESIAN_POINT('',(95.619107395679,34.083868337079,0.));
#6198 = CARTESIAN_POINT('',(95.624906800407,34.103583411437,0.));
#6199 = CARTESIAN_POINT('',(95.630708416743,34.123307701457,0.));
#6200 = CARTESIAN_POINT('',(95.636512251865,34.143041209117,0.));
#6201 = CARTESIAN_POINT('',(95.642318313083,34.162783936359,0.));
#6202 = CARTESIAN_POINT('',(95.648126607678,34.182535885123,0.));
#6203 = CARTESIAN_POINT('',(95.653937142819,34.202297057378,0.));
#6204 = CARTESIAN_POINT('',(95.659749925806,34.222067455042,0.));
#6205 = CARTESIAN_POINT('',(95.665564963901,34.241847080044,0.));
#6206 = CARTESIAN_POINT('',(95.671382264218,34.261635934331,0.));
#6207 = CARTESIAN_POINT('',(95.677201834148,34.281434019777,0.));
#6208 = CARTESIAN_POINT('',(95.683023680803,34.301241338311,0.));
#6209 = CARTESIAN_POINT('',(95.688847811414,34.32105789183,0.));
#6210 = CARTESIAN_POINT('',(95.694674233276,34.340883682203,0.));
#6211 = CARTESIAN_POINT('',(95.70050295348,34.360718711342,0.));
#6212 = CARTESIAN_POINT('',(95.706333979327,34.380562981104,0.));
#6213 = CARTESIAN_POINT('',(95.712167317959,34.400416493373,0.));
#6214 = CARTESIAN_POINT('',(95.718002976565,34.420279250015,0.));
#6215 = CARTESIAN_POINT('',(95.723840962357,34.440151252873,0.));
#6216 = CARTESIAN_POINT('',(95.72968128253,34.460032503789,0.));
#6217 = CARTESIAN_POINT('',(95.735523944218,34.479923004613,0.));
#6218 = CARTESIAN_POINT('',(95.741368954645,34.499822757172,0.));
#6219 = CARTESIAN_POINT('',(95.747216320917,34.519731763309,0.));
#6220 = CARTESIAN_POINT('',(95.753066050228,34.539650024836,0.));
#6221 = CARTESIAN_POINT('',(95.758918149715,34.559577543556,0.));
#6222 = CARTESIAN_POINT('',(95.7647726266,34.579514321254,0.));
#6223 = CARTESIAN_POINT('',(95.770629487946,34.599460359761,0.));
#6224 = CARTESIAN_POINT('',(95.776488740865,34.619415660872,0.));
#6225 = CARTESIAN_POINT('',(95.782350392624,34.63938022633,0.));
#6226 = CARTESIAN_POINT('',(95.788214450233,34.659354057942,0.));
#6227 = CARTESIAN_POINT('',(95.794080920822,34.679337157477,0.));
#6228 = CARTESIAN_POINT('',(95.799949811607,34.699329526665,0.));
#6229 = CARTESIAN_POINT('',(95.805821129602,34.719331167289,0.));
#6230 = CARTESIAN_POINT('',(95.811694881927,34.7393420811,0.));
#6231 = CARTESIAN_POINT('',(95.817571075707,34.759362269825,0.));
#6232 = CARTESIAN_POINT('',(95.823449718057,34.779391735189,0.));
#6233 = CARTESIAN_POINT('',(95.829330816003,34.799430478931,0.));
#6234 = CARTESIAN_POINT('',(95.835214376716,34.819478502748,0.));
#6235 = CARTESIAN_POINT('',(95.841100407223,34.839535808373,0.));
#6236 = CARTESIAN_POINT('',(95.846988914526,34.859602397521,0.));
#6237 = CARTESIAN_POINT('',(95.852879905902,34.87967827184,0.));
#6238 = CARTESIAN_POINT('',(95.858773388169,34.89976343308,0.));
#6239 = CARTESIAN_POINT('',(95.864669368516,34.919857882889,0.));
#6240 = CARTESIAN_POINT('',(95.870567854054,34.939961622927,0.));
#6241 = CARTESIAN_POINT('',(95.876468851648,34.960074654912,0.));
#6242 = CARTESIAN_POINT('',(95.882372368474,34.980196980471,0.));
#6243 = CARTESIAN_POINT('',(95.888278411567,35.000328601246,0.));
#6244 = CARTESIAN_POINT('',(95.894186987892,35.020469518907,0.));
#6245 = CARTESIAN_POINT('',(95.900098104506,35.040619735093,0.));
#6246 = CARTESIAN_POINT('',(95.906011768421,35.060779251433,0.));
#6247 = CARTESIAN_POINT('',(95.911927986645,35.080948069549,0.));
#6248 = CARTESIAN_POINT('',(95.917846766211,35.101126191052,0.));
#6249 = CARTESIAN_POINT('',(95.923768114095,35.121313617562,0.));
#6250 = CARTESIAN_POINT('',(95.929692037285,35.141510350694,0.));
#6251 = CARTESIAN_POINT('',(95.935618542774,35.161716392045,0.));
#6252 = CARTESIAN_POINT('',(95.941547637533,35.181931743195,0.));
#6253 = CARTESIAN_POINT('',(95.947479328629,35.202156405712,0.));
#6254 = CARTESIAN_POINT('',(95.953413622883,35.222390381217,0.));
#6255 = CARTESIAN_POINT('',(95.959350527346,35.242633671251,0.));
#6256 = CARTESIAN_POINT('',(95.96529004903,35.262886277358,0.));
#6257 = CARTESIAN_POINT('',(95.971232194793,35.283148201125,0.));
#6258 = CARTESIAN_POINT('',(95.977176971596,35.3034194441,0.));
#6259 = CARTESIAN_POINT('',(95.983124386452,35.3237000078,0.));
#6260 = CARTESIAN_POINT('',(95.989074446236,35.343989893773,0.));
#6261 = CARTESIAN_POINT('',(95.995027157895,35.364289103551,0.));
#6262 = CARTESIAN_POINT('',(96.000982528334,35.384597638655,0.));
#6263 = CARTESIAN_POINT('',(96.006940564536,35.404915500585,0.));
#6264 = CARTESIAN_POINT('',(96.012901273323,35.425242690872,0.));
#6265 = CARTESIAN_POINT('',(96.018864661649,35.445579211,0.));
#6266 = CARTESIAN_POINT('',(96.024830736461,35.465925062445,0.));
#6267 = CARTESIAN_POINT('',(96.030799504566,35.486280246718,0.));
#6268 = CARTESIAN_POINT('',(96.036770972915,35.506644765287,0.));
#6269 = CARTESIAN_POINT('',(96.042745148374,35.527018619628,0.));
#6270 = CARTESIAN_POINT('',(96.04872203779,35.547401811212,0.));
#6271 = CARTESIAN_POINT('',(96.054701648091,35.567794341486,0.));
#6272 = CARTESIAN_POINT('',(96.060683986091,35.58819621191,0.));
#6273 = CARTESIAN_POINT('',(96.066669058672,35.608607423922,0.));
#6274 = CARTESIAN_POINT('',(96.072656872695,35.629027978951,0.));
#6275 = CARTESIAN_POINT('',(96.078647435033,35.649457878432,0.));
#6276 = CARTESIAN_POINT('',(96.084640752414,35.669897123822,0.));
#6277 = CARTESIAN_POINT('',(96.090636831786,35.690345716506,0.));
#6278 = CARTESIAN_POINT('',(96.096635679945,35.710803657892,0.));
#6279 = CARTESIAN_POINT('',(96.102637303701,35.731270949389,0.));
#6280 = CARTESIAN_POINT('',(96.108641709883,35.751747592387,0.));
#6281 = CARTESIAN_POINT('',(96.11464890533,35.772233588276,0.));
#6282 = CARTESIAN_POINT('',(96.120658896743,35.792728938462,0.));
#6283 = CARTESIAN_POINT('',(96.126671691063,35.813233644289,0.));
#6284 = CARTESIAN_POINT('',(96.132687294959,35.833747707151,0.));
#6285 = CARTESIAN_POINT('',(96.138705715268,35.8542711284,0.));
#6286 = CARTESIAN_POINT('',(96.144726958813,35.87480390938,0.));
#6287 = CARTESIAN_POINT('',(96.150751032246,35.895346051466,0.));
#6288 = CARTESIAN_POINT('',(96.156777942482,35.915897555963,0.));
#6289 = CARTESIAN_POINT('',(96.162807696189,35.936458424234,0.));
#6290 = CARTESIAN_POINT('',(96.168840300091,35.957028657619,0.));
#6291 = CARTESIAN_POINT('',(96.174875761036,35.977608257409,0.));
#6292 = CARTESIAN_POINT('',(96.180914085684,35.998197224926,0.));
#6293 = CARTESIAN_POINT('',(96.186955280842,36.018795561463,0.));
#6294 = CARTESIAN_POINT('',(96.192999353201,36.039403268345,0.));
#6295 = CARTESIAN_POINT('',(96.199046309416,36.060020346889,0.));
#6296 = CARTESIAN_POINT('',(96.205096156303,36.080646798351,0.));
#6297 = CARTESIAN_POINT('',(96.211148900525,36.101282624006,0.));
#6298 = CARTESIAN_POINT('',(96.21720454884,36.121927825122,0.));
#6299 = CARTESIAN_POINT('',(96.223263107865,36.142582402996,0.));
#6300 = CARTESIAN_POINT('',(96.22932458431,36.163246358882,0.));
#6301 = CARTESIAN_POINT('',(96.235388984913,36.183919694012,0.));
#6302 = CARTESIAN_POINT('',(96.241456316332,36.204602409645,0.));
#6303 = CARTESIAN_POINT('',(96.247526585139,36.225294507049,0.));
#6304 = CARTESIAN_POINT('',(96.253599798168,36.245995987411,0.));
#6305 = CARTESIAN_POINT('',(96.259675961948,36.266706851983,0.));
#6306 = CARTESIAN_POINT('',(96.265755083191,36.287427101978,0.));
#6307 = CARTESIAN_POINT('',(96.271837168548,36.308156738622,0.));
#6308 = CARTESIAN_POINT('',(96.277922224524,36.328895763144,0.));
#6309 = CARTESIAN_POINT('',(96.284010258006,36.34964417668,0.));
#6310 = CARTESIAN_POINT('',(96.290101275377,36.370401980477,0.));
#6311 = CARTESIAN_POINT('',(96.296195283385,36.391169175693,0.));
#6312 = CARTESIAN_POINT('',(96.302292288671,36.411945763505,0.));
#6313 = CARTESIAN_POINT('',(96.308392297702,36.432731745133,0.));
#6314 = CARTESIAN_POINT('',(96.314495317157,36.45352712172,0.));
#6315 = CARTESIAN_POINT('',(96.320601353691,36.4743318944,0.));
#6316 = CARTESIAN_POINT('',(96.326710413786,36.495146064354,0.));
#6317 = CARTESIAN_POINT('',(96.332822504071,36.51596963272,0.));
#6318 = CARTESIAN_POINT('',(96.338937631156,36.536802600633,0.));
#6319 = CARTESIAN_POINT('',(96.34505580151,36.557644969261,0.));
#6320 = CARTESIAN_POINT('',(96.351177021736,36.578496739715,0.));
#6321 = CARTESIAN_POINT('',(96.357301298442,36.599357913094,0.));
#6322 = CARTESIAN_POINT('',(96.363428638122,36.620228490527,0.));
#6323 = CARTESIAN_POINT('',(96.369559047289,36.641108473133,0.));
#6324 = CARTESIAN_POINT('',(96.375692532556,36.661997861992,0.));
#6325 = CARTESIAN_POINT('',(96.381829100399,36.68289665822,0.));
#6326 = CARTESIAN_POINT('',(96.38796875726,36.703804862919,0.));
#6327 = CARTESIAN_POINT('',(96.394111509849,36.724722477117,0.));
#6328 = CARTESIAN_POINT('',(96.400257364487,36.745649501931,0.));
#6329 = CARTESIAN_POINT('',(96.406406327767,36.766585938425,0.));
#6330 = CARTESIAN_POINT('',(96.41255840614,36.787531787668,0.));
#6331 = CARTESIAN_POINT('',(96.418713606076,36.808487050709,0.));
#6332 = CARTESIAN_POINT('',(96.424871934172,36.829451728571,0.));
#6333 = CARTESIAN_POINT('',(96.431033396719,36.850425822343,0.));
#6334 = CARTESIAN_POINT('',(96.437198000329,36.871409333033,0.));
#6335 = CARTESIAN_POINT('',(96.443365751385,36.892402261683,0.));
#6336 = CARTESIAN_POINT('',(96.44953665634,36.913404609317,0.));
#6337 = CARTESIAN_POINT('',(96.455710721698,36.934416376934,0.));
#6338 = CARTESIAN_POINT('',(96.461887953832,36.955437565567,0.));
#6339 = CARTESIAN_POINT('',(96.468068359165,36.976468176223,0.));
#6340 = CARTESIAN_POINT('',(96.474251944196,36.997508209876,0.));
#6341 = CARTESIAN_POINT('',(96.480438715275,37.018557667536,0.));
#6342 = CARTESIAN_POINT('',(96.4866286788,37.03961655019,0.));
#6343 = CARTESIAN_POINT('',(96.492821841273,37.060684858791,0.));
#6344 = CARTESIAN_POINT('',(96.499018208964,37.081762594345,0.));
#6345 = CARTESIAN_POINT('',(96.50521778834,37.102849757808,0.));
#6346 = CARTESIAN_POINT('',(96.511420585722,37.123946350142,0.));
#6347 = CARTESIAN_POINT('',(96.517626607578,37.145052372275,0.));
#6348 = CARTESIAN_POINT('',(96.523835860211,37.166167825179,0.));
#6349 = CARTESIAN_POINT('',(96.530048349917,37.18729270981,0.));
#6350 = CARTESIAN_POINT('',(96.536264083219,37.208427027057,0.));
#6351 = CARTESIAN_POINT('',(96.542483066306,37.229570777885,0.));
#6352 = CARTESIAN_POINT('',(96.548705305574,37.25072396321,0.));
#6353 = CARTESIAN_POINT('',(96.554930807394,37.271886583934,0.));
#6354 = CARTESIAN_POINT('',(96.561159577985,37.293058640986,0.));
#6355 = CARTESIAN_POINT('',(96.567391623815,37.314240135232,0.));
#6356 = CARTESIAN_POINT('',(96.573626951063,37.335431067599,0.));
#6357 = CARTESIAN_POINT('',(96.579865566101,37.356631438971,0.));
#6358 = CARTESIAN_POINT('',(96.586107475192,37.377841250241,0.));
#6359 = CARTESIAN_POINT('',(96.592352684618,37.399060502284,0.));
#6360 = CARTESIAN_POINT('',(96.598601200711,37.420289195951,0.));
#6361 = CARTESIAN_POINT('',(96.604853029714,37.441527332117,0.));
#6362 = CARTESIAN_POINT('',(96.611108177875,37.462774911649,0.));
#6363 = CARTESIAN_POINT('',(96.617366651495,37.484031935396,0.));
#6364 = CARTESIAN_POINT('',(96.623628456784,37.505298404214,0.));
#6365 = CARTESIAN_POINT('',(96.629893599983,37.526574318934,0.));
#6366 = CARTESIAN_POINT('',(96.636162087435,37.547859680365,0.));
#6367 = CARTESIAN_POINT('',(96.642433925212,37.569154489375,0.));
#6368 = CARTESIAN_POINT('',(96.648709119667,37.590458746762,0.));
#6369 = CARTESIAN_POINT('',(96.654987676929,37.611772453353,0.));
#6370 = CARTESIAN_POINT('',(96.661269603279,37.633095609945,0.));
#6371 = CARTESIAN_POINT('',(96.667554904854,37.654428217361,0.));
#6372 = CARTESIAN_POINT('',(96.67384358787,37.675770276393,0.));
#6373 = CARTESIAN_POINT('',(96.680135658521,37.697121787821,0.));
#6374 = CARTESIAN_POINT('',(96.686431123006,37.718482752418,0.));
#6375 = CARTESIAN_POINT('',(96.692729987482,37.739853170971,0.));
#6376 = CARTESIAN_POINT('',(96.699032258082,37.761233044265,0.));
#6377 = CARTESIAN_POINT('',(96.705337941026,37.782622373061,0.));
#6378 = CARTESIAN_POINT('',(96.711647042355,37.804021158139,0.));
#6379 = CARTESIAN_POINT('',(96.717959568322,37.825429400217,0.));
#6380 = CARTESIAN_POINT('',(96.724275525053,37.846847100041,0.));
#6381 = CARTESIAN_POINT('',(96.730594918607,37.868274258381,0.));
#6382 = CARTESIAN_POINT('',(96.736917755124,37.889710875968,0.));
#6383 = CARTESIAN_POINT('',(96.743244040782,37.911156953509,0.));
#6384 = CARTESIAN_POINT('',(96.749573781599,37.932612491749,0.));
#6385 = CARTESIAN_POINT('',(96.755906983708,37.954077491395,0.));
#6386 = CARTESIAN_POINT('',(96.76224365326,37.97555195315,0.));
#6387 = CARTESIAN_POINT('',(96.768583796183,37.997035877757,0.));
#6388 = CARTESIAN_POINT('',(96.774927418696,38.018529265878,0.));
#6389 = CARTESIAN_POINT('',(96.781274526843,38.040032118211,0.));
#6390 = CARTESIAN_POINT('',(96.787625126556,38.061544435471,0.));
#6391 = CARTESIAN_POINT('',(96.793979224102,38.083066218283,0.));
#6392 = CARTESIAN_POINT('',(96.800336825371,38.104597467366,0.));
#6393 = CARTESIAN_POINT('',(96.806697936384,38.126138183401,0.));
#6394 = CARTESIAN_POINT('',(96.813062563288,38.147688367018,0.));
#6395 = CARTESIAN_POINT('',(96.819430711996,38.169248018892,0.));
#6396 = CARTESIAN_POINT('',(96.825802388579,38.190817139664,0.));
#6397 = CARTESIAN_POINT('',(96.832177599046,38.212395729975,0.));
#6398 = CARTESIAN_POINT('',(96.838556349356,38.23398379048,0.));
#6399 = CARTESIAN_POINT('',(96.844938645524,38.255581321806,0.));
#6400 = CARTESIAN_POINT('',(96.85132449353,38.27718832458,0.));
#6401 = CARTESIAN_POINT('',(96.857713899342,38.298804799421,0.));
#6402 = CARTESIAN_POINT('',(96.864106868958,38.320430746939,0.));
#6403 = CARTESIAN_POINT('',(96.870503408276,38.34206616776,0.));
#6404 = CARTESIAN_POINT('',(96.876903523305,38.363711062468,0.));
#6405 = CARTESIAN_POINT('',(96.883307219996,38.385365431667,0.));
#6406 = CARTESIAN_POINT('',(96.889714504193,38.407029275978,0.));
#6407 = CARTESIAN_POINT('',(96.896125381904,38.428702595959,0.));
#6408 = CARTESIAN_POINT('',(96.90253985907,38.450385392176,0.));
#6409 = CARTESIAN_POINT('',(96.90895794154,38.472077665226,0.));
#6410 = CARTESIAN_POINT('',(96.915379635232,38.493779415675,0.));
#6411 = CARTESIAN_POINT('',(96.921804946094,38.515490644072,0.));
#6412 = CARTESIAN_POINT('',(96.928233879963,38.537211350996,0.));
#6413 = CARTESIAN_POINT('',(96.934666442668,38.558941537008,0.));
#6414 = CARTESIAN_POINT('',(96.941102640231,38.580681202607,0.));
#6415 = CARTESIAN_POINT('',(96.947542478397,38.602430348355,0.));
#6416 = CARTESIAN_POINT('',(96.953985963068,38.624188974783,0.));
#6417 = CARTESIAN_POINT('',(96.960433100111,38.645957082421,0.));
#6418 = CARTESIAN_POINT('',(96.966883895276,38.667734671813,0.));
#6419 = CARTESIAN_POINT('',(96.973338354504,38.689521743439,0.));
#6420 = CARTESIAN_POINT('',(96.979796483619,38.711318297818,0.));
#6421 = CARTESIAN_POINT('',(96.986258288284,38.733124335496,0.));
#6422 = CARTESIAN_POINT('',(96.992723774504,38.754939856915,0.));
#6423 = CARTESIAN_POINT('',(96.999192948004,38.776764862578,0.));
#6424 = CARTESIAN_POINT('',(97.005665814528,38.798599352996,0.));
#6425 = CARTESIAN_POINT('',(97.012142379951,38.820443328636,0.));
#6426 = CARTESIAN_POINT('',(97.018622649945,38.842296789991,0.));
#6427 = CARTESIAN_POINT('',(97.025106630385,38.864159737504,0.));
#6428 = CARTESIAN_POINT('',(97.031594326967,38.886032171651,0.));
#6429 = CARTESIAN_POINT('',(97.038085745486,38.907914092891,0.));
#6430 = CARTESIAN_POINT('',(97.04458089161,38.929805501696,0.));
#6431 = CARTESIAN_POINT('',(97.051079771164,38.951706398483,0.));
#6432 = CARTESIAN_POINT('',(97.057582389863,38.973616783698,0.));
#6433 = CARTESIAN_POINT('',(97.064088753354,38.995536657802,0.));
#6434 = CARTESIAN_POINT('',(97.070598867434,39.017466021207,0.));
#6435 = CARTESIAN_POINT('',(97.077112737752,39.039404874345,0.));
#6436 = CARTESIAN_POINT('',(97.08363037003,39.06135321762,0.));
#6437 = CARTESIAN_POINT('',(97.090151769987,39.083311051438,0.));
#6438 = CARTESIAN_POINT('',(97.096676943267,39.105278376239,0.));
#6439 = CARTESIAN_POINT('',(97.103205895432,39.127255192446,0.));
#6440 = CARTESIAN_POINT('',(97.109738632376,39.149241500381,0.));
#6441 = CARTESIAN_POINT('',(97.116275159617,39.171237300468,0.));
#6442 = CARTESIAN_POINT('',(97.122815482761,39.193242593122,0.));
#6443 = CARTESIAN_POINT('',(97.129359607545,39.215257378697,0.));
#6444 = CARTESIAN_POINT('',(97.135907539529,39.237281657572,0.));
#6445 = CARTESIAN_POINT('',(97.142459284373,39.259315430103,0.));
#6446 = CARTESIAN_POINT('',(97.149014847721,39.281358696652,0.));
#6447 = CARTESIAN_POINT('',(97.155574235081,39.303411457612,0.));
#6448 = CARTESIAN_POINT('',(97.162137452106,39.325473713323,0.));
#6449 = CARTESIAN_POINT('',(97.168704504385,39.347545464112,0.));
#6450 = CARTESIAN_POINT('',(97.175275397553,39.369626710315,0.));
#6451 = CARTESIAN_POINT('',(97.181850137034,39.391717452303,0.));
#6452 = CARTESIAN_POINT('',(97.188428728555,39.413817690366,0.));
#6453 = CARTESIAN_POINT('',(97.195011177595,39.43592742485,0.));
#6454 = CARTESIAN_POINT('',(97.201597489633,39.458046656093,0.));
#6455 = CARTESIAN_POINT('',(97.208187670364,39.480175384367,0.));
#6456 = CARTESIAN_POINT('',(97.214781725187,39.502313610008,0.));
#6457 = CARTESIAN_POINT('',(97.221379659661,39.524461333312,0.));
#6458 = CARTESIAN_POINT('',(97.227981479361,39.54661855457,0.));
#6459 = CARTESIAN_POINT('',(97.234587189653,39.568785274107,0.));
#6460 = CARTESIAN_POINT('',(97.241196796143,39.590961492174,0.));
#6461 = CARTESIAN_POINT('',(97.247810304345,39.613147209038,0.));
#6462 = CARTESIAN_POINT('',(97.254427719632,39.635342425011,0.));
#6463 = CARTESIAN_POINT('',(97.261049047535,39.657547140358,0.));
#6464 = CARTESIAN_POINT('',(97.267674293499,39.679761355339,0.));
#6465 = CARTESIAN_POINT('',(97.274303462997,39.701985070203,0.));
#6466 = CARTESIAN_POINT('',(97.280936561474,39.724218285209,0.));
#6467 = CARTESIAN_POINT('',(97.287573594319,39.746461000616,0.));
#6468 = CARTESIAN_POINT('',(97.294214567038,39.768713216653,0.));
#6469 = CARTESIAN_POINT('',(97.300859484971,39.790974933579,0.));
#6470 = CARTESIAN_POINT('',(97.30750835356,39.813246151619,0.));
#6471 = CARTESIAN_POINT('',(97.31416117823,39.83552687099,0.));
#6472 = CARTESIAN_POINT('',(97.320817964334,39.857817091922,0.));
#6473 = CARTESIAN_POINT('',(97.327478717295,39.880116814621,0.));
#6474 = CARTESIAN_POINT('',(97.334143442475,39.902426039307,0.));
#6475 = CARTESIAN_POINT('',(97.340812145208,39.924744766196,0.));
#6476 = CARTESIAN_POINT('',(97.347484830917,39.947072995478,0.));
#6477 = CARTESIAN_POINT('',(97.354161504857,39.969410727364,0.));
#6478 = CARTESIAN_POINT('',(97.360842172486,39.991757962014,0.));
#6479 = CARTESIAN_POINT('',(97.367526839054,40.01411469963,0.));
#6480 = CARTESIAN_POINT('',(97.374215509919,40.036480940398,0.));
#6481 = CARTESIAN_POINT('',(97.380908190355,40.0588566845,0.));
#6482 = CARTESIAN_POINT('',(97.387604885715,40.081241932087,0.));
#6483 = CARTESIAN_POINT('',(97.394305601291,40.103636683323,0.));
#6484 = CARTESIAN_POINT('',(97.401010342346,40.12604093838,0.));
#6485 = CARTESIAN_POINT('',(97.407719114167,40.148454697408,0.));
#6486 = CARTESIAN_POINT('',(97.414431922053,40.17087796055,0.));
#6487 = CARTESIAN_POINT('',(97.421148771214,40.19331072796,0.));
#6488 = CARTESIAN_POINT('',(97.427869666968,40.215752999769,0.));
#6489 = CARTESIAN_POINT('',(97.434594614484,40.238204776125,0.));
#6490 = CARTESIAN_POINT('',(97.441323619044,40.260666057137,0.));
#6491 = CARTESIAN_POINT('',(97.448056685922,40.283136842918,0.));
#6492 = CARTESIAN_POINT('',(97.454793820215,40.305617133619,0.));
#6493 = CARTESIAN_POINT('',(97.461535027243,40.328106929329,0.));
#6494 = CARTESIAN_POINT('',(97.468280312148,40.350606230162,0.));
#6495 = CARTESIAN_POINT('',(97.475029680141,40.373115036223,0.));
#6496 = CARTESIAN_POINT('',(97.481783136399,40.395633347617,0.));
#6497 = CARTESIAN_POINT('',(97.48854068606,40.418161164438,0.));
#6498 = CARTESIAN_POINT('',(97.495302334365,40.440698486744,0.));
#6499 = CARTESIAN_POINT('',(97.502068086442,40.463245314631,0.));
#6500 = CARTESIAN_POINT('',(97.508837947364,40.485801648197,0.));
#6501 = CARTESIAN_POINT('',(97.515611922398,40.508367487483,0.));
#6502 = CARTESIAN_POINT('',(97.522390016561,40.53094283259,0.));
#6503 = CARTESIAN_POINT('',(97.529172234988,40.553527683575,0.));
#6504 = CARTESIAN_POINT('',(97.535958582852,40.576122040468,0.));
#6505 = CARTESIAN_POINT('',(97.542749065223,40.598725903327,0.));
#6506 = CARTESIAN_POINT('',(97.54954368718,40.621339272216,0.));
#6507 = CARTESIAN_POINT('',(97.556342453789,40.643962147184,0.));
#6508 = CARTESIAN_POINT('',(97.563145370154,40.666594528245,0.));
#6509 = CARTESIAN_POINT('',(97.56995244139,40.689236415421,0.));
#6510 = CARTESIAN_POINT('',(97.576763672432,40.711887808778,0.));
#6511 = CARTESIAN_POINT('',(97.583579068429,40.734548708321,0.));
#6512 = CARTESIAN_POINT('',(97.590398634352,40.757219114075,0.));
#6513 = CARTESIAN_POINT('',(97.597222375265,40.779899026037,0.));
#6514 = CARTESIAN_POINT('',(97.604050296227,40.802588444204,0.));
#6515 = CARTESIAN_POINT('',(97.610882402161,40.825287368611,0.));
#6516 = CARTESIAN_POINT('',(97.617718698097,40.847995799248,0.));
#6517 = CARTESIAN_POINT('',(97.624559189095,40.870713736084,0.));
#6518 = CARTESIAN_POINT('',(97.631403880036,40.893441179129,0.));
#6519 = CARTESIAN_POINT('',(97.638252775969,40.916178128349,0.));
#6520 = CARTESIAN_POINT('',(97.645105881859,40.938924583734,0.));
#6521 = CARTESIAN_POINT('',(97.651963202544,40.961680545285,0.));
#6522 = CARTESIAN_POINT('',(97.658824743139,40.984446012929,0.));
#6523 = CARTESIAN_POINT('',(97.665690508452,41.007220986649,0.));
#6524 = CARTESIAN_POINT('',(97.672560503485,41.030005466389,0.));
#6525 = CARTESIAN_POINT('',(97.67943473314,41.052799452107,0.));
#6526 = CARTESIAN_POINT('',(97.686313202292,41.075602943767,0.));
#6527 = CARTESIAN_POINT('',(97.693195915881,41.098415941307,0.));
#6528 = CARTESIAN_POINT('',(97.700082878756,41.121238444672,0.));
#6529 = CARTESIAN_POINT('',(97.706974095841,41.144070453782,0.));
#6530 = CARTESIAN_POINT('',(97.713869571995,41.166911968564,0.));
#6531 = CARTESIAN_POINT('',(97.720769312097,41.189762988958,0.));
#6532 = CARTESIAN_POINT('',(97.727673320893,41.212623514907,0.));
#6533 = CARTESIAN_POINT('',(97.734581603388,41.235493546278,0.));
#6534 = CARTESIAN_POINT('',(97.741494164344,41.258373083001,0.));
#6535 = CARTESIAN_POINT('',(97.74841100851,41.281262125009,0.));
#6536 = CARTESIAN_POINT('',(97.755332140831,41.304160672162,0.));
#6537 = CARTESIAN_POINT('',(97.762257566074,41.327068724372,0.));
#6538 = CARTESIAN_POINT('',(97.769187288936,41.349986281562,0.));
#6539 = CARTESIAN_POINT('',(97.776121314352,41.372913343583,0.));
#6540 = CARTESIAN_POINT('',(97.783059646997,41.395849910334,0.));
#6541 = CARTESIAN_POINT('',(97.790002291665,41.418795981683,0.));
#6542 = CARTESIAN_POINT('',(97.796949253195,41.441751557488,0.));
#6543 = CARTESIAN_POINT('',(97.8039005362,41.464716637669,0.));
#6544 = CARTESIAN_POINT('',(97.810856145449,41.487691222075,0.));
#6545 = CARTESIAN_POINT('',(97.817816085797,41.510675310521,0.));
#6546 = CARTESIAN_POINT('',(97.824780361836,41.5336689029,0.));
#6547 = CARTESIAN_POINT('',(97.831748978296,41.556671999076,0.));
#6548 = CARTESIAN_POINT('',(97.838721939901,41.579684598873,0.));
#6549 = CARTESIAN_POINT('',(97.845699251367,41.602706702117,0.));
#6550 = CARTESIAN_POINT('',(97.852680917368,41.625738308659,0.));
#6551 = CARTESIAN_POINT('',(97.859666942495,41.648779418359,0.));
#6552 = CARTESIAN_POINT('',(97.866657331528,41.671830031013,0.));
#6553 = CARTESIAN_POINT('',(97.873652089047,41.69489014646,0.));
#6554 = CARTESIAN_POINT('',(97.880651219698,41.717959764515,0.));
#6555 = CARTESIAN_POINT('',(97.887654728176,41.741038884974,0.));
#6556 = CARTESIAN_POINT('',(97.89466261905,41.76412750766,0.));
#6557 = CARTESIAN_POINT('',(97.901674896949,41.787225632389,0.));
#6558 = CARTESIAN_POINT('',(97.908691566469,41.810333258961,0.));
#6559 = CARTESIAN_POINT('',(97.915712632206,41.833450387163,0.));
#6560 = CARTESIAN_POINT('',(97.922738098803,41.856577016776,0.));
#6561 = CARTESIAN_POINT('',(97.929767970745,41.879713147613,0.));
#6562 = CARTESIAN_POINT('',(97.936802252652,41.902858779449,0.));
#6563 = CARTESIAN_POINT('',(97.943840949084,41.92601391206,0.));
#6564 = CARTESIAN_POINT('',(97.950884064535,41.949178545223,0.));
#6565 = CARTESIAN_POINT('',(97.957931603648,41.97235267868,0.));
#6566 = CARTESIAN_POINT('',(97.964983570861,41.995536312222,0.));
#6567 = CARTESIAN_POINT('',(97.972039970701,42.018729445614,0.));
#6568 = CARTESIAN_POINT('',(97.979100807734,42.041932078601,0.));
#6569 = CARTESIAN_POINT('',(97.986166086357,42.065144210954,0.));
#6570 = CARTESIAN_POINT('',(97.993235811172,42.08836584239,0.));
#6571 = CARTESIAN_POINT('',(98.000309986604,42.111596972671,0.));
#6572 = CARTESIAN_POINT('',(98.007388617069,42.134837601553,0.));
#6573 = CARTESIAN_POINT('',(98.014471707138,42.158087728738,0.));
#6574 = CARTESIAN_POINT('',(98.02155926117,42.181347353975,0.));
#6575 = CARTESIAN_POINT('',(98.028651283657,42.204616476981,0.));
#6576 = CARTESIAN_POINT('',(98.035747778989,42.227895097483,0.));
#6577 = CARTESIAN_POINT('',(98.042848751634,42.251183215188,0.));
#6578 = CARTESIAN_POINT('',(98.049954205968,42.274480829829,0.));
#6579 = CARTESIAN_POINT('',(98.05706414635,42.297787941125,0.));
#6580 = CARTESIAN_POINT('',(98.064178577243,42.321104548743,0.));
#6581 = CARTESIAN_POINT('',(98.071297503056,42.344430652379,0.));
#6582 = CARTESIAN_POINT('',(98.078420928037,42.367766251777,0.));
#6583 = CARTESIAN_POINT('',(98.08554885661,42.391111346613,0.));
#6584 = CARTESIAN_POINT('',(98.092681293162,42.414465936553,0.));
#6585 = CARTESIAN_POINT('',(98.099818241984,42.437830021289,0.));
#6586 = CARTESIAN_POINT('',(98.106959707421,42.4612036005,0.));
#6587 = CARTESIAN_POINT('',(98.114105693812,42.484586673854,0.));
#6588 = CARTESIAN_POINT('',(98.121256205454,42.507979241039,0.));
#6589 = CARTESIAN_POINT('',(98.128411246596,42.531381301738,0.));
#6590 = CARTESIAN_POINT('',(98.135570821588,42.554792855585,0.));
#6591 = CARTESIAN_POINT('',(98.142734934746,42.578213902225,0.));
#6592 = CARTESIAN_POINT('',(98.149903590234,42.601644441346,0.));
#6593 = CARTESIAN_POINT('',(98.157076792389,42.625084472576,0.));
#6594 = CARTESIAN_POINT('',(98.16425454548,42.648533995559,0.));
#6595 = CARTESIAN_POINT('',(98.171436853637,42.671993009971,0.));
#6596 = CARTESIAN_POINT('',(98.178623721201,42.695461515419,0.));
#6597 = CARTESIAN_POINT('',(98.185815152352,42.71893951154,0.));
#6598 = CARTESIAN_POINT('',(98.193011151276,42.742426997966,0.));
#6599 = CARTESIAN_POINT('',(98.200211722244,42.765923974312,0.));
#6600 = CARTESIAN_POINT('',(98.20741686935,42.789430440228,0.));
#6601 = CARTESIAN_POINT('',(98.21462659682,42.812946395316,0.));
#6602 = CARTESIAN_POINT('',(98.221840908854,42.836471839168,0.));
#6603 = CARTESIAN_POINT('',(98.229059809589,42.860006771412,0.));
#6604 = CARTESIAN_POINT('',(98.236283303122,42.883551191677,0.));
#6605 = CARTESIAN_POINT('',(98.243511393629,42.907105099544,0.));
#6606 = CARTESIAN_POINT('',(98.250744085295,42.930668494584,0.));
#6607 = CARTESIAN_POINT('',(98.257981382166,42.954241376418,0.));
#6608 = CARTESIAN_POINT('',(98.265223288342,42.977823744645,0.));
#6609 = CARTESIAN_POINT('',(98.272469807979,43.001415598829,0.));
#6610 = CARTESIAN_POINT('',(98.27972094513,43.025016938555,0.));
#6611 = CARTESIAN_POINT('',(98.286976703864,43.048627763409,0.));
#6612 = CARTESIAN_POINT('',(98.294237088285,43.072248072963,0.));
#6613 = CARTESIAN_POINT('',(98.301502102372,43.0958778668,0.));
#6614 = CARTESIAN_POINT('',(98.30877175025,43.119517144453,0.));
#6615 = CARTESIAN_POINT('',(98.316046035984,43.14316590548,0.));
#6616 = CARTESIAN_POINT('',(98.323324963459,43.166824149485,0.));
#6617 = CARTESIAN_POINT('',(98.330608536825,43.190491875996,0.));
#6618 = CARTESIAN_POINT('',(98.337896759991,43.214169084564,0.));
#6619 = CARTESIAN_POINT('',(98.345189637064,43.237855774707,0.));
#6620 = CARTESIAN_POINT('',(98.35248717194,43.261551946002,0.));
#6621 = CARTESIAN_POINT('',(98.35978936858,43.285257598006,0.));
#6622 = CARTESIAN_POINT('',(98.367096230992,43.308972730235,0.));
#6623 = CARTESIAN_POINT('',(98.374407763107,43.332697342206,0.));
#6624 = CARTESIAN_POINT('',(98.381723968932,43.356431433434,0.));
#6625 = CARTESIAN_POINT('',(98.389044852291,43.380175003475,0.));
#6626 = CARTESIAN_POINT('',(98.396370417186,43.403928051831,0.));
#6627 = CARTESIAN_POINT('',(98.403700667508,43.427690578019,0.));
#6628 = CARTESIAN_POINT('',(98.411035607122,43.451462581556,0.));
#6629 = CARTESIAN_POINT('',(98.41837524001,43.475244061935,0.));
#6630 = CARTESIAN_POINT('',(98.425719569937,43.499035018697,0.));
#6631 = CARTESIAN_POINT('',(98.4330686008,43.522835451327,0.));
#6632 = CARTESIAN_POINT('',(98.440422336565,43.546645359284,0.));
#6633 = CARTESIAN_POINT('',(98.447780780962,43.570464742104,0.));
#6634 = CARTESIAN_POINT('',(98.455143937819,43.594293599282,0.));
#6635 = CARTESIAN_POINT('',(98.462511811079,43.618131930262,0.));
#6636 = CARTESIAN_POINT('',(98.469884404478,43.641979734547,0.));
#6637 = CARTESIAN_POINT('',(98.477261721796,43.665837011631,0.));
#6638 = CARTESIAN_POINT('',(98.484643766926,43.68970376097,0.));
#6639 = CARTESIAN_POINT('',(98.492030543513,43.71357998206,0.));
#6640 = CARTESIAN_POINT('',(98.499422055486,43.737465674329,0.));
#6641 = CARTESIAN_POINT('',(98.506818306512,43.761360837266,0.));
#6642 = CARTESIAN_POINT('',(98.514219300346,43.78526547034,0.));
#6643 = CARTESIAN_POINT('',(98.52162504077,43.80917957299,0.));
#6644 = CARTESIAN_POINT('',(98.52903553149,43.833103144667,0.));
#6645 = CARTESIAN_POINT('',(98.536450776269,43.857036184813,0.));
#6646 = CARTESIAN_POINT('',(98.543870778744,43.880978692896,0.));
#6647 = CARTESIAN_POINT('',(98.551295542707,43.904930668353,0.));
#6648 = CARTESIAN_POINT('',(98.558725071701,43.928892110652,0.));
#6649 = CARTESIAN_POINT('',(98.566159369565,43.952863019173,0.));
#6650 = CARTESIAN_POINT('',(98.573598439916,43.976843393356,0.));
#6651 = CARTESIAN_POINT('',(98.581042286365,44.000833232655,0.));
#6652 = CARTESIAN_POINT('',(98.588490912589,44.02483253649,0.));
#6653 = CARTESIAN_POINT('',(98.595944322244,44.048841304272,0.));
#6654 = CARTESIAN_POINT('',(98.603402518904,44.072859535422,0.));
#6655 = CARTESIAN_POINT('',(98.610865506284,44.096887229343,0.));
#6656 = CARTESIAN_POINT('',(98.618333287827,44.120924385487,0.));
#6657 = CARTESIAN_POINT('',(98.625805867258,44.144971003221,0.));
#6658 = CARTESIAN_POINT('',(98.633283248153,44.169027081943,0.));
#6659 = CARTESIAN_POINT('',(98.640765433995,44.193092621079,0.));
#6660 = CARTESIAN_POINT('',(98.648252428443,44.217167620008,0.));
#6661 = CARTESIAN_POINT('',(98.655744234977,44.241252078141,0.));
#6662 = CARTESIAN_POINT('',(98.663240857157,44.265345994863,0.));
#6663 = CARTESIAN_POINT('',(98.67074229852,44.289449369549,0.));
#6664 = CARTESIAN_POINT('',(98.678248562601,44.313562201583,0.));
#6665 = CARTESIAN_POINT('',(98.685759652863,44.337684490368,0.));
#6666 = CARTESIAN_POINT('',(98.693275572775,44.361816235276,0.));
#6667 = CARTESIAN_POINT('',(98.700796325953,44.385957435636,0.));
#6668 = CARTESIAN_POINT('',(98.708321915747,44.410108090853,0.));
#6669 = CARTESIAN_POINT('',(98.715852345657,44.4342682003,0.));
#6670 = CARTESIAN_POINT('',(98.723387619134,44.458437763339,0.));
#6671 = CARTESIAN_POINT('',(98.730927739598,44.482616779318,0.));
#6672 = CARTESIAN_POINT('',(98.738472710582,44.506805247577,0.));
#6673 = CARTESIAN_POINT('',(98.746022535324,44.531003167517,0.));
#6674 = CARTESIAN_POINT('',(98.753577217391,44.555210538445,0.));
#6675 = CARTESIAN_POINT('',(98.761136760127,44.579427359715,0.));
#6676 = CARTESIAN_POINT('',(98.768701166893,44.603653630691,0.));
#6677 = CARTESIAN_POINT('',(98.776270441072,44.627889350709,0.));
#6678 = CARTESIAN_POINT('',(98.783844586051,44.652134519086,0.));
#6679 = CARTESIAN_POINT('',(98.791423605215,44.676389135154,0.));
#6680 = CARTESIAN_POINT('',(98.799007501789,44.700653198282,0.));
#6681 = CARTESIAN_POINT('',(98.806596279224,44.724926707763,0.));
#6682 = CARTESIAN_POINT('',(98.814189940787,44.749209662924,0.));
#6683 = CARTESIAN_POINT('',(98.821788489796,44.773502063089,0.));
#6684 = CARTESIAN_POINT('',(98.82939192955,44.797803907581,0.));
#6685 = CARTESIAN_POINT('',(98.837000263325,44.822115195717,0.));
#6686 = CARTESIAN_POINT('',(98.844613494397,44.846435926803,0.));
#6687 = CARTESIAN_POINT('',(98.852231626069,44.870766100136,0.));
#6688 = CARTESIAN_POINT('',(98.859854661545,44.895105715039,0.));
#6689 = CARTESIAN_POINT('',(98.86748260408,44.919454770816,0.));
#6690 = CARTESIAN_POINT('',(98.875115456914,44.943813266755,0.));
#6691 = CARTESIAN_POINT('',(98.882753223291,44.968181202148,0.));
#6692 = CARTESIAN_POINT('',(98.890395906339,44.992558576303,0.));
#6693 = CARTESIAN_POINT('',(98.898043509389,45.016945388482,0.));
#6694 = CARTESIAN_POINT('',(98.905696035492,45.041341638008,0.));
#6695 = CARTESIAN_POINT('',(98.913353487876,45.065747324151,0.));
#6696 = CARTESIAN_POINT('',(98.921015869765,45.090162446172,0.));
#6697 = CARTESIAN_POINT('',(98.928683184208,45.114587003379,0.));
#6698 = CARTESIAN_POINT('',(98.936355434397,45.139020995031,0.));
#6699 = CARTESIAN_POINT('',(98.944032623506,45.163464420382,0.));
#6700 = CARTESIAN_POINT('',(98.951714754589,45.187917278728,0.));
#6701 = CARTESIAN_POINT('',(98.95940183074,45.212379569337,0.));
#6702 = CARTESIAN_POINT('',(98.967093855154,45.236851291439,0.));
#6703 = CARTESIAN_POINT('',(98.97479083083,45.26133244432,0.));
#6704 = CARTESIAN_POINT('',(98.982492760833,45.285823027237,0.));
#6705 = CARTESIAN_POINT('',(98.990199648338,45.310323039414,0.));
#6706 = CARTESIAN_POINT('',(98.99791149627,45.334832480143,0.));
#6707 = CARTESIAN_POINT('',(99.005628307691,45.359351348665,0.));
#6708 = CARTESIAN_POINT('',(99.013350085724,45.383879644192,0.));
#6709 = CARTESIAN_POINT('',(99.021076833296,45.408417365995,0.));
#6710 = CARTESIAN_POINT('',(99.028808553395,45.432964513315,0.));
#6711 = CARTESIAN_POINT('',(99.036545249147,45.457521085354,0.));
#6712 = CARTESIAN_POINT('',(99.0442869234,45.482087081387,0.));
#6713 = CARTESIAN_POINT('',(99.052033579131,45.506662500635,0.));
#6714 = CARTESIAN_POINT('',(99.059785219461,45.531247342278,0.));
#6715 = CARTESIAN_POINT('',(99.067541847162,45.555841605603,0.));
#6716 = CARTESIAN_POINT('',(99.075303465194,45.580445289837,0.));
#6717 = CARTESIAN_POINT('',(99.08307007658,45.605058394152,0.));
#6718 = CARTESIAN_POINT('',(99.090841684172,45.629680917767,0.));
#6719 = CARTESIAN_POINT('',(99.098618290914,45.654312859908,0.));
#6720 = CARTESIAN_POINT('',(99.106399899612,45.678954219811,0.));
#6721 = CARTESIAN_POINT('',(99.114186513227,45.703604996655,0.));
#6722 = CARTESIAN_POINT('',(99.121978134651,45.728265189647,0.));
#6723 = CARTESIAN_POINT('',(99.129774766599,45.752934798023,0.));
#6724 = CARTESIAN_POINT('',(99.1375764121,45.777613820933,0.));
#6725 = CARTESIAN_POINT('',(99.145383073883,45.802302257589,0.));
#6726 = CARTESIAN_POINT('',(99.153194754789,45.827000107191,0.));
#6727 = CARTESIAN_POINT('',(99.161011457668,45.85170736893,0.));
#6728 = CARTESIAN_POINT('',(99.168833185231,45.876424042015,0.));
#6729 = CARTESIAN_POINT('',(99.176659940382,45.901150125608,0.));
#6730 = CARTESIAN_POINT('',(99.184491725779,45.925885618904,0.));
#6731 = CARTESIAN_POINT('',(99.192328544329,45.950630521051,0.));
#6732 = CARTESIAN_POINT('',(99.20017039869,45.975384831266,0.));
#6733 = CARTESIAN_POINT('',(99.208017291565,46.000148548746,0.));
#6734 = CARTESIAN_POINT('',(99.215869225781,46.024921672617,0.));
#6735 = CARTESIAN_POINT('',(99.223726204059,46.049704202039,0.));
#6736 = CARTESIAN_POINT('',(99.231588229031,46.074496136205,0.));
#6737 = CARTESIAN_POINT('',(99.239455303468,46.099297474275,0.));
#6738 = CARTESIAN_POINT('',(99.247327430013,46.12410821543,0.));
#6739 = CARTESIAN_POINT('',(99.255204611287,46.14892835884,0.));
#6740 = CARTESIAN_POINT('',(99.263086850092,46.173757903618,0.));
#6741 = CARTESIAN_POINT('',(99.270974148946,46.198596848942,0.));
#6742 = CARTESIAN_POINT('',(99.278866510577,46.22344519395,0.));
#6743 = CARTESIAN_POINT('',(99.286763937571,46.248302937802,0.));
#6744 = CARTESIAN_POINT('',(99.29466643253,46.273170079653,0.));
#6745 = CARTESIAN_POINT('',(99.302573998097,46.298046618637,0.));
#6746 = CARTESIAN_POINT('',(99.310486636836,46.322932553908,0.));
#6747 = CARTESIAN_POINT('',(99.318404351319,46.34782788461,0.));
#6748 = CARTESIAN_POINT('',(99.32632714412,46.372732609865,0.));
#6749 = CARTESIAN_POINT('',(99.334255017854,46.397646728786,0.));
#6750 = CARTESIAN_POINT('',(99.342187975007,46.422570240537,0.));
#6751 = CARTESIAN_POINT('',(99.350126018078,46.447503144263,0.));
#6752 = CARTESIAN_POINT('',(99.358069149671,46.472445439064,0.));
#6753 = CARTESIAN_POINT('',(99.366017372247,46.497397124067,0.));
#6754 = CARTESIAN_POINT('',(99.373970688326,46.522358198398,0.));
#6755 = CARTESIAN_POINT('',(99.381929100367,46.547328661185,0.));
#6756 = CARTESIAN_POINT('',(99.389892610872,46.572308511539,0.));
#6757 = CARTESIAN_POINT('',(99.397861222284,46.597297748575,0.));
#6758 = CARTESIAN_POINT('',(99.405834937087,46.62229637141,0.));
#6759 = CARTESIAN_POINT('',(99.413813757637,46.64730437917,0.));
#6760 = CARTESIAN_POINT('',(99.421797686473,46.672321770929,0.));
#6761 = CARTESIAN_POINT('',(99.429786725944,46.697348545803,0.));
#6762 = CARTESIAN_POINT('',(99.437780878467,46.722384702901,0.));
#6763 = CARTESIAN_POINT('',(99.445780146453,46.747430241338,0.));
#6764 = CARTESIAN_POINT('',(99.453784532184,46.772485160227,0.));
#6765 = CARTESIAN_POINT('',(99.461794038173,46.797549458611,0.));
#6766 = CARTESIAN_POINT('',(99.469808666738,46.822623135602,0.));
#6767 = CARTESIAN_POINT('',(99.477828420104,46.847706190339,0.));
#6768 = CARTESIAN_POINT('',(99.485853300731,46.872798621869,0.));
#6769 = CARTESIAN_POINT('',(99.493883310946,46.89790042927,0.));
#6770 = CARTESIAN_POINT('',(99.501918452936,46.92301161167,0.));
#6771 = CARTESIAN_POINT('',(99.509958729124,46.948132168125,0.));
#6772 = CARTESIAN_POINT('',(99.518004141709,46.973262097722,0.));
#6773 = CARTESIAN_POINT('',(99.526054693033,46.998401399529,0.));
#6774 = CARTESIAN_POINT('',(99.534110385301,47.023550072641,0.));
#6775 = CARTESIAN_POINT('',(99.542171220772,47.048708116131,0.));
#6776 = CARTESIAN_POINT('',(99.550237201712,47.073875529062,0.));
#6777 = CARTESIAN_POINT('',(99.558308330306,47.099052310514,0.));
#6778 = CARTESIAN_POINT('',(99.566384608797,47.124238459546,0.));
#6779 = CARTESIAN_POINT('',(99.574466039359,47.149433975223,0.));
#6780 = CARTESIAN_POINT('',(99.582552624245,47.174638856602,0.));
#6781 = CARTESIAN_POINT('',(99.590644365527,47.199853102781,0.));
#6782 = CARTESIAN_POINT('',(99.598741265419,47.225076712802,0.));
#6783 = CARTESIAN_POINT('',(99.606843326131,47.250309685706,0.));
#6784 = CARTESIAN_POINT('',(99.614950549686,47.275552020577,0.));
#6785 = CARTESIAN_POINT('',(99.623062938296,47.300803716436,0.));
#6786 = CARTESIAN_POINT('',(99.63118049413,47.326064772328,0.));
#6787 = CARTESIAN_POINT('',(99.639303219113,47.351335187363,0.));
#6788 = CARTESIAN_POINT('',(99.647431115486,47.376614960549,0.));
#6789 = CARTESIAN_POINT('',(99.655564185289,47.401904090921,0.));
#6790 = CARTESIAN_POINT('',(99.6637024306,47.42720257753,0.));
#6791 = CARTESIAN_POINT('',(99.671845853427,47.452510419437,0.));
#6792 = CARTESIAN_POINT('',(99.679994455863,47.477827615667,0.));
#6793 = CARTESIAN_POINT('',(99.688148239923,47.503154165257,0.));
#6794 = CARTESIAN_POINT('',(99.696307207621,47.528490067248,0.));
#6795 = CARTESIAN_POINT('',(99.704471360959,47.553835320673,0.));
#6796 = CARTESIAN_POINT('',(99.71264070196,47.579189924556,0.));
#6797 = CARTESIAN_POINT('',(99.72081523257,47.604553877934,0.));
#6798 = CARTESIAN_POINT('',(99.728994954779,47.629927179832,0.));
#6799 = CARTESIAN_POINT('',(99.737179870577,47.655309829281,0.));
#6800 = CARTESIAN_POINT('',(99.745369981758,47.680701825326,0.));
#6801 = CARTESIAN_POINT('',(99.753565290523,47.706103166912,0.));
#6802 = CARTESIAN_POINT('',(99.76176579859,47.731513853123,0.));
#6803 = CARTESIAN_POINT('',(99.769971507857,47.756933883001,0.));
#6804 = CARTESIAN_POINT('',(99.778182420356,47.782363255514,0.));
#6805 = CARTESIAN_POINT('',(99.786398537865,47.807801969695,0.));
#6806 = CARTESIAN_POINT('',(99.794619862293,47.833250024558,0.));
#6807 = CARTESIAN_POINT('',(99.8028463955,47.85870741911,0.));
#6808 = CARTESIAN_POINT('',(99.811078139333,47.88417415236,0.));
#6809 = CARTESIAN_POINT('',(99.819315095619,47.909650223318,0.));
#6810 = CARTESIAN_POINT('',(99.827557266184,47.935135630985,0.));
#6811 = CARTESIAN_POINT('',(99.835804652874,47.960630374365,0.));
#6812 = CARTESIAN_POINT('',(99.844057257398,47.986134452487,0.));
#6813 = CARTESIAN_POINT('',(99.852315081618,48.011647864322,0.));
#6814 = CARTESIAN_POINT('',(99.860578127323,48.03717060886,0.));
#6815 = CARTESIAN_POINT('',(99.868846396205,48.062702685125,0.));
#6816 = CARTESIAN_POINT('',(99.877119890043,48.088244092109,0.));
#6817 = CARTESIAN_POINT('',(99.885398610606,48.113794828796,0.));
#6818 = CARTESIAN_POINT('',(99.893682559544,48.139354894197,0.));
#6819 = CARTESIAN_POINT('',(99.901971738645,48.164924287282,0.));
#6820 = CARTESIAN_POINT('',(99.910266149559,48.190503007038,0.));
#6821 = CARTESIAN_POINT('',(99.918565794015,48.216091052445,0.));
#6822 = CARTESIAN_POINT('',(99.92687067368,48.241688422507,0.));
#6823 = CARTESIAN_POINT('',(99.935180790117,48.267295116234,0.));
#6824 = CARTESIAN_POINT('',(99.943496145141,48.292911132561,0.));
#6825 = CARTESIAN_POINT('',(99.951816740248,48.318536470491,0.));
#6826 = CARTESIAN_POINT('',(99.960142577161,48.344171128989,0.));
#6827 = CARTESIAN_POINT('',(99.968473657439,48.369815107052,0.));
#6828 = CARTESIAN_POINT('',(99.976809982645,48.395468403658,0.));
#6829 = CARTESIAN_POINT('',(99.985151554496,48.421131017743,0.));
#6830 = CARTESIAN_POINT('',(99.993498374436,48.446802948317,0.));
#6831 = CARTESIAN_POINT('',(100.00185044406,48.472484194347,0.));
#6832 = CARTESIAN_POINT('',(100.01020776499,48.49817475479,0.));
#6833 = CARTESIAN_POINT('',(100.01857033864,48.523874628639,0.));
#6834 = CARTESIAN_POINT('',(100.02693816663,48.549583814831,0.));
#6835 = CARTESIAN_POINT('',(100.03531125047,48.575302312323,0.));
#6836 = CARTESIAN_POINT('',(100.04368959162,48.60103012011,0.));
#6837 = CARTESIAN_POINT('',(100.05207319153,48.626767237168,0.));
#6838 = CARTESIAN_POINT('',(100.06046205177,48.652513662414,0.));
#6839 = CARTESIAN_POINT('',(100.06885617376,48.67826939482,0.));
#6840 = CARTESIAN_POINT('',(100.07725555891,48.704034433366,0.));
#6841 = CARTESIAN_POINT('',(100.08566020871,48.729808776987,0.));
#6842 = CARTESIAN_POINT('',(100.09407012457,48.755592424642,0.));
#6843 = CARTESIAN_POINT('',(100.10248530786,48.781385375299,0.));
#6844 = CARTESIAN_POINT('',(100.11090576004,48.80718762788,0.));
#6845 = CARTESIAN_POINT('',(100.1193314825,48.832999181343,0.));
#6846 = CARTESIAN_POINT('',(100.12776247651,48.858820034677,0.));
#6847 = CARTESIAN_POINT('',(100.13619874356,48.884650186803,0.));
#6848 = CARTESIAN_POINT('',(100.14464028489,48.91048963667,0.));
#6849 = CARTESIAN_POINT('',(100.15308710194,48.936338383201,0.));
#6850 = CARTESIAN_POINT('',(100.16153919595,48.96219642537,0.));
#6851 = CARTESIAN_POINT('',(100.16999656823,48.988063762124,0.));
#6852 = CARTESIAN_POINT('',(100.17845922015,49.013940392372,0.));
#6853 = CARTESIAN_POINT('',(100.18692715296,49.039826315066,0.));
#6854 = CARTESIAN_POINT('',(100.19540036786,49.065721529179,0.));
#6855 = CARTESIAN_POINT('',(100.20387886621,49.091626033613,0.));
#6856 = CARTESIAN_POINT('',(100.21236264921,49.117539827305,0.));
#6857 = CARTESIAN_POINT('',(100.2208517181,49.143462909204,0.));
#6858 = CARTESIAN_POINT('',(100.2293460741,49.169395278243,0.));
#6859 = CARTESIAN_POINT('',(100.2378457184,49.195336933349,0.));
#6860 = CARTESIAN_POINT('',(100.24635065226,49.221287873449,0.));
#6861 = CARTESIAN_POINT('',(100.25486087674,49.24724809749,0.));
#6862 = CARTESIAN_POINT('',(100.26337639317,49.273217604368,0.));
#6863 = CARTESIAN_POINT('',(100.27189720258,49.299196393047,0.));
#6864 = CARTESIAN_POINT('',(100.28042330612,49.325184462463,0.));
#6865 = CARTESIAN_POINT('',(100.28895470501,49.351181811501,0.));
#6866 = CARTESIAN_POINT('',(100.29749140029,49.377188439107,0.));
#6867 = CARTESIAN_POINT('',(100.3060333931,49.403204344206,0.));
#6868 = CARTESIAN_POINT('',(100.3145806845,49.429229525719,0.));
#6869 = CARTESIAN_POINT('',(100.32313327562,49.455263982561,0.));
#6870 = CARTESIAN_POINT('',(100.33169116748,49.481307713655,0.));
#6871 = CARTESIAN_POINT('',(100.34025436117,49.507360717914,0.));
#6872 = CARTESIAN_POINT('',(100.34882285771,49.533422994269,0.));
#6873 = CARTESIAN_POINT('',(100.3573966581,49.559494541644,0.));
#6874 = CARTESIAN_POINT('',(100.36597576343,49.58557535893,0.));
#6875 = CARTESIAN_POINT('',(100.37456017463,49.61166544506,0.));
#6876 = CARTESIAN_POINT('',(100.38314989273,49.637764798941,0.));
#6877 = CARTESIAN_POINT('',(100.39174491869,49.663873419486,0.));
#6878 = CARTESIAN_POINT('',(100.40034525348,49.6899913056,0.));
#6879 = CARTESIAN_POINT('',(100.40895089807,49.716118456198,0.));
#6880 = CARTESIAN_POINT('',(100.41756185334,49.742254870208,0.));
#6881 = CARTESIAN_POINT('',(100.42617812028,49.768400546518,0.));
#6882 = CARTESIAN_POINT('',(100.43479969975,49.794555484043,0.));
#6883 = CARTESIAN_POINT('',(100.44342659269,49.820719681685,0.));
#6884 = CARTESIAN_POINT('',(100.45205879998,49.84689313835,0.));
#6885 = CARTESIAN_POINT('',(100.46069632245,49.873075852966,0.));
#6886 = CARTESIAN_POINT('',(100.46933916099,49.899267824426,0.));
#6887 = CARTESIAN_POINT('',(100.47798731643,49.925469051612,0.));
#6888 = CARTESIAN_POINT('',(100.48664078969,49.951679533406,0.));
#6889 = CARTESIAN_POINT('',(100.49529958149,49.977899268757,0.));
#6890 = CARTESIAN_POINT('',(100.50396369262,50.00412825658,0.));
#6891 = CARTESIAN_POINT('',(100.51263312398,50.03036649573,0.));
#6892 = CARTESIAN_POINT('',(100.52130787627,50.056613985125,0.));
#6893 = CARTESIAN_POINT('',(100.52998795028,50.082870723668,0.));
#6894 = CARTESIAN_POINT('',(100.53867334679,50.109136710252,0.));
#6895 = CARTESIAN_POINT('',(100.54736406645,50.13541194378,0.));
#6896 = CARTESIAN_POINT('',(100.55606011016,50.1616964231,0.));
#6897 = CARTESIAN_POINT('',(100.56476147848,50.187990147153,0.));
#6898 = CARTESIAN_POINT('',(100.57346817217,50.214293114838,0.));
#6899 = CARTESIAN_POINT('',(100.58218019192,50.240605325032,0.));
#6900 = CARTESIAN_POINT('',(100.59089753843,50.266926776626,0.));
#6901 = CARTESIAN_POINT('',(100.59962021229,50.293257468543,0.));
#6902 = CARTESIAN_POINT('',(100.60834821418,50.319597399651,0.));
#6903 = CARTESIAN_POINT('',(100.61708154484,50.345946568801,0.));
#6904 = CARTESIAN_POINT('',(100.62582020478,50.372304974923,0.));
#6905 = CARTESIAN_POINT('',(100.63456419458,50.398672616925,0.));
#6906 = CARTESIAN_POINT('',(100.64331351496,50.425049493654,0.));
#6907 = CARTESIAN_POINT('',(100.65206816644,50.451435604016,0.));
#6908 = CARTESIAN_POINT('',(100.66082814956,50.477830946913,0.));
#6909 = CARTESIAN_POINT('',(100.66959346491,50.504235521216,0.));
#6910 = CARTESIAN_POINT('',(100.67836411307,50.530649325796,0.));
#6911 = CARTESIAN_POINT('',(100.68714009452,50.557072359558,0.));
#6912 = CARTESIAN_POINT('',(100.69592140979,50.583504621388,0.));
#6913 = CARTESIAN_POINT('',(100.70470805938,50.609946110158,0.));
#6914 = CARTESIAN_POINT('',(100.71350004385,50.636396824737,0.));
#6915 = CARTESIAN_POINT('',(100.72229736355,50.662856764046,0.));
#6916 = CARTESIAN_POINT('',(100.73110001904,50.689325926953,0.));
#6917 = CARTESIAN_POINT('',(100.73990801078,50.71580431233,0.));
#6918 = CARTESIAN_POINT('',(100.7487213391,50.74229191907,0.));
#6919 = CARTESIAN_POINT('',(100.75754000461,50.768788746013,0.));
#6920 = CARTESIAN_POINT('',(100.76636400754,50.795294792086,0.));
#6921 = CARTESIAN_POINT('',(100.77519334839,50.821810056166,0.));
#6922 = CARTESIAN_POINT('',(100.78402802749,50.848334537129,0.));
#6923 = CARTESIAN_POINT('',(100.79286804525,50.87486823383,0.));
#6924 = CARTESIAN_POINT('',(100.80171340206,50.901411145144,0.));
#6925 = CARTESIAN_POINT('',(100.81056409819,50.927963269973,0.));
#6926 = CARTESIAN_POINT('',(100.81942013403,50.95452460719,0.));
#6927 = CARTESIAN_POINT('',(100.82828150984,50.981095155686,0.));
#6928 = CARTESIAN_POINT('',(100.83714822595,51.007674914314,0.));
#6929 = CARTESIAN_POINT('',(100.84602028274,51.034263881922,0.));
#6930 = CARTESIAN_POINT('',(100.85489768036,51.06086205743,0.));
#6931 = CARTESIAN_POINT('',(100.86378041913,51.087469439704,0.));
#6932 = CARTESIAN_POINT('',(100.87266849931,51.114086027604,0.));
#6933 = CARTESIAN_POINT('',(100.88156192114,51.140711820014,0.));
#6934 = CARTESIAN_POINT('',(100.8904606848,51.167346815828,0.));
#6935 = CARTESIAN_POINT('',(100.89936479054,51.193991013902,0.));
#6936 = CARTESIAN_POINT('',(100.90827423855,51.220644413091,0.));
#6937 = CARTESIAN_POINT('',(100.91718902906,51.247307012264,0.));
#6938 = CARTESIAN_POINT('',(100.92610916216,51.273978810325,0.));
#6939 = CARTESIAN_POINT('',(100.93503463805,51.300659806138,0.));
#6940 = CARTESIAN_POINT('',(100.94396545688,51.327349998568,0.));
#6941 = CARTESIAN_POINT('',(100.95290161874,51.354049386488,0.));
#6942 = CARTESIAN_POINT('',(100.96184312384,51.380757968753,0.));
#6943 = CARTESIAN_POINT('',(100.97078997216,51.407475744266,0.));
#6944 = CARTESIAN_POINT('',(100.97974216388,51.434202711875,0.));
#6945 = CARTESIAN_POINT('',(100.98869969907,51.460938870454,0.));
#6946 = CARTESIAN_POINT('',(100.99766257771,51.487684218886,0.));
#6947 = CARTESIAN_POINT('',(101.00663079998,51.514438756008,0.));
#6948 = CARTESIAN_POINT('',(101.01560436583,51.541202480717,0.));
#6949 = CARTESIAN_POINT('',(101.02458327527,51.567975391893,0.));
#6950 = CARTESIAN_POINT('',(101.03356752836,51.594757488378,0.));
#6951 = CARTESIAN_POINT('',(101.0425571251,51.621548769038,0.));
#6952 = CARTESIAN_POINT('',(101.05155206541,51.648349232772,0.));
#6953 = CARTESIAN_POINT('',(101.0605523493,51.675158878431,0.));
#6954 = CARTESIAN_POINT('',(101.06955797675,51.701977704872,0.));
#6955 = CARTESIAN_POINT('',(101.07856894766,51.728805710985,0.));
#6956 = CARTESIAN_POINT('',(101.08758526193,51.755642895647,0.));
#6957 = CARTESIAN_POINT('',(101.09660691956,51.78248925769,0.));
#6958 = CARTESIAN_POINT('',(101.10563392039,51.809344795994,0.));
#6959 = CARTESIAN_POINT('',(101.11466626433,51.836209509437,0.));
#6960 = CARTESIAN_POINT('',(101.12370395124,51.863083396889,0.));
#6961 = CARTESIAN_POINT('',(101.13274698096,51.88996645722,0.));
#6962 = CARTESIAN_POINT('',(101.14179535338,51.916858689278,0.));
#6963 = CARTESIAN_POINT('',(101.15084906832,51.943760091936,0.));
#6964 = CARTESIAN_POINT('',(101.15990812556,51.970670664076,0.));
#6965 = CARTESIAN_POINT('',(101.16897252497,51.997590404554,0.));
#6966 = CARTESIAN_POINT('',(101.17804226628,52.024519312248,0.));
#6967 = CARTESIAN_POINT('',(101.1871173493,52.051457386026,0.));
#6968 = CARTESIAN_POINT('',(101.19619777377,52.078404624758,0.));
#6969 = CARTESIAN_POINT('',(101.20528353946,52.10536102729,0.));
#6970 = CARTESIAN_POINT('',(101.21437464615,52.132326592481,0.));
#6971 = CARTESIAN_POINT('',(101.22347109346,52.159301319241,0.));
#6972 = CARTESIAN_POINT('',(101.23257288117,52.186285206419,0.));
#6973 = CARTESIAN_POINT('',(101.24168000897,52.213278252866,0.));
#6974 = CARTESIAN_POINT('',(101.25079247654,52.240280457468,0.));
#6975 = CARTESIAN_POINT('',(101.25991028349,52.267291819107,0.));
#6976 = CARTESIAN_POINT('',(101.26903342958,52.294312336622,0.));
#6977 = CARTESIAN_POINT('',(101.27816191435,52.321342008899,0.));
#6978 = CARTESIAN_POINT('',(101.28729573747,52.3483808348,0.));
#6979 = CARTESIAN_POINT('',(101.2964348986,52.375428813186,0.));
#6980 = CARTESIAN_POINT('',(101.30557939721,52.402485942957,0.));
#6981 = CARTESIAN_POINT('',(101.31472923301,52.429552222945,0.));
#6982 = CARTESIAN_POINT('',(101.32388440555,52.456627652017,0.));
#6983 = CARTESIAN_POINT('',(101.3330449143,52.483712229071,0.));
#6984 = CARTESIAN_POINT('',(101.34221075895,52.510805952948,0.));
#6985 = CARTESIAN_POINT('',(101.35138193886,52.537908822561,0.));
#6986 = CARTESIAN_POINT('',(101.36055845366,52.565020836753,0.));
#6987 = CARTESIAN_POINT('',(101.36974030283,52.59214199438,0.));
#6988 = CARTESIAN_POINT('',(101.37892748586,52.619272294321,0.));
#6989 = CARTESIAN_POINT('',(101.38812000218,52.646411735463,0.));
#6990 = CARTESIAN_POINT('',(101.39731785132,52.673560316653,0.));
#6991 = CARTESIAN_POINT('',(101.40652103269,52.700718036777,0.));
#6992 = CARTESIAN_POINT('',(101.41572954567,52.727884894721,0.));
#6993 = CARTESIAN_POINT('',(101.42494338979,52.75506088932,0.));
#6994 = CARTESIAN_POINT('',(101.43416256439,52.782246019464,0.));
#6995 = CARTESIAN_POINT('',(101.44338706883,52.809440284033,0.));
#6996 = CARTESIAN_POINT('',(101.45261690259,52.836643681867,0.));
#6997 = CARTESIAN_POINT('',(101.46185206493,52.863856211879,0.));
#6998 = CARTESIAN_POINT('',(101.47109255519,52.89107787295,0.));
#6999 = CARTESIAN_POINT('',(101.48033837285,52.918308663905,0.));
#7000 = CARTESIAN_POINT('',(101.48958951703,52.945548583664,0.));
#7001 = CARTESIAN_POINT('',(101.49884598721,52.972797631058,0.));
#7002 = CARTESIAN_POINT('',(101.5081077826,53.00005580499,0.));
#7003 = CARTESIAN_POINT('',(101.51737490246,53.027323104345,0.));
#7004 = CARTESIAN_POINT('',(101.52664734611,53.054599527984,0.));
#7005 = CARTESIAN_POINT('',(101.53592511277,53.081885074781,0.));
#7006 = CARTESIAN_POINT('',(101.54520820168,53.109179743604,0.));
#7007 = CARTESIAN_POINT('',(101.55449661208,53.136483533327,0.));
#7008 = CARTESIAN_POINT('',(101.5637903432,53.163796442849,0.));
#7009 = CARTESIAN_POINT('',(101.57308939409,53.191118471074,0.));
#7010 = CARTESIAN_POINT('',(101.58239376416,53.218449616807,0.));
#7011 = CARTESIAN_POINT('',(101.59170345243,53.245789878959,0.));
#7012 = CARTESIAN_POINT('',(101.60101845805,53.273139256437,0.));
#7013 = CARTESIAN_POINT('',(101.6103387802,53.300497748096,0.));
#7014 = CARTESIAN_POINT('',(101.61966441802,53.327865352804,0.));
#7015 = CARTESIAN_POINT('',(101.62899537057,53.355242069461,0.));
#7016 = CARTESIAN_POINT('',(101.63833163702,53.382627896951,0.));
#7017 = CARTESIAN_POINT('',(101.64767321632,53.410022834175,0.));
#7018 = CARTESIAN_POINT('',(101.6570201077,53.437426879969,0.));
#7019 = CARTESIAN_POINT('',(101.66637231011,53.46484003323,0.));
#7020 = CARTESIAN_POINT('',(101.67572982263,53.49226229285,0.));
#7021 = CARTESIAN_POINT('',(101.68509264426,53.519693657715,0.));
#7022 = CARTESIAN_POINT('',(101.69446077404,53.547134126706,0.));
#7023 = CARTESIAN_POINT('',(101.70383421095,53.574583698707,0.));
#7024 = CARTESIAN_POINT('',(101.71321295398,53.602042372605,0.));
#7025 = CARTESIAN_POINT('',(101.7225970021,53.629510147288,0.));
#7026 = CARTESIAN_POINT('',(101.73198635428,53.656987021651,0.));
#7027 = CARTESIAN_POINT('',(101.7413810094,53.684472994591,0.));
#7028 = CARTESIAN_POINT('',(101.75078096643,53.711968064962,0.));
#7029 = CARTESIAN_POINT('',(101.76018622439,53.739472231637,0.));
#7030 = CARTESIAN_POINT('',(101.76959678195,53.766985493582,0.));
#7031 = CARTESIAN_POINT('',(101.77901263817,53.794507849642,0.));
#7032 = CARTESIAN_POINT('',(101.78843379189,53.822039298709,0.));
#7033 = CARTESIAN_POINT('',(101.79786024187,53.849579839696,0.));
#7034 = CARTESIAN_POINT('',(101.80729198711,53.877129471454,0.));
#7035 = CARTESIAN_POINT('',(101.81672902633,53.904688192911,0.));
#7036 = CARTESIAN_POINT('',(101.82617135832,53.932256002975,0.));
#7037 = CARTESIAN_POINT('',(101.83561898197,53.959832900505,0.));
#7038 = CARTESIAN_POINT('',(101.84507189601,53.987418884402,0.));
#7039 = CARTESIAN_POINT('',(101.85453009925,54.015013953578,0.));
#7040 = CARTESIAN_POINT('',(101.86399359037,54.042618106955,0.));
#7041 = CARTESIAN_POINT('',(101.87346236815,54.070231343393,0.));
#7042 = CARTESIAN_POINT('',(101.88293643141,54.097853661762,0.));
#7043 = CARTESIAN_POINT('',(101.89241577873,54.125485061016,0.));
#7044 = CARTESIAN_POINT('',(101.90190040885,54.153125540057,0.));
#7045 = CARTESIAN_POINT('',(101.91139032051,54.180775097762,0.));
#7046 = CARTESIAN_POINT('',(101.92088551229,54.208433733056,0.));
#7047 = CARTESIAN_POINT('',(101.9303859829,54.236101444822,0.));
#7048 = CARTESIAN_POINT('',(101.93989173101,54.263778231958,0.));
#7049 = CARTESIAN_POINT('',(101.94940275519,54.291464093399,0.));
#7050 = CARTESIAN_POINT('',(101.95891905405,54.31915902805,0.));
#7051 = CARTESIAN_POINT('',(101.96844062625,54.346863034785,0.));
#7052 = CARTESIAN_POINT('',(101.97796747036,54.374576112529,0.));
#7053 = CARTESIAN_POINT('',(101.98749958488,54.40229826022,0.));
#7054 = CARTESIAN_POINT('',(101.99703696843,54.430029476742,0.));
#7055 = CARTESIAN_POINT('',(102.00657961955,54.457769760998,0.));
#7056 = CARTESIAN_POINT('',(102.01612753674,54.485519111901,0.));
#7057 = CARTESIAN_POINT('',(102.02568071857,54.513277528366,0.));
#7058 = CARTESIAN_POINT('',(102.03523916343,54.541045009332,0.));
#7059 = CARTESIAN_POINT('',(102.04480286992,54.568821553686,0.));
#7060 = CARTESIAN_POINT('',(102.05437183645,54.596607160363,0.));
#7061 = CARTESIAN_POINT('',(102.06394606144,54.624401828294,0.));
#7062 = CARTESIAN_POINT('',(102.07352554343,54.652205556356,0.));
#7063 = CARTESIAN_POINT('',(102.08311028077,54.680018343489,0.));
#7064 = CARTESIAN_POINT('',(102.09270027187,54.707840188615,0.));
#7065 = CARTESIAN_POINT('',(102.10229551521,54.735671090629,0.));
#7066 = CARTESIAN_POINT('',(102.11189600908,54.763511048488,0.));
#7067 = CARTESIAN_POINT('',(102.12150175188,54.791360061117,0.));
#7068 = CARTESIAN_POINT('',(102.13111274195,54.819218127437,0.));
#7069 = CARTESIAN_POINT('',(102.14072897768,54.847085246355,0.));
#7070 = CARTESIAN_POINT('',(102.15035045735,54.874961416809,0.));
#7071 = CARTESIAN_POINT('',(102.15997717925,54.902846637739,0.));
#7072 = CARTESIAN_POINT('',(102.16960914175,54.930740908056,0.));
#7073 = CARTESIAN_POINT('',(102.17924634307,54.958644226706,0.));
#7074 = CARTESIAN_POINT('',(102.18888878147,54.986556592616,0.));
#7075 = CARTESIAN_POINT('',(102.19853645527,55.014478004701,0.));
#7076 = CARTESIAN_POINT('',(102.20818936266,55.042408461917,0.));
#7077 = CARTESIAN_POINT('',(102.21784750183,55.070347963206,0.));
#7078 = CARTESIAN_POINT('',(102.22751087107,55.098296507474,0.));
#7079 = CARTESIAN_POINT('',(102.23717946855,55.126254093674,0.));
#7080 = CARTESIAN_POINT('',(102.24685329235,55.154220720778,0.));
#7081 = CARTESIAN_POINT('',(102.25653234079,55.182196387681,0.));
#7082 = CARTESIAN_POINT('',(102.26621661191,55.210181093329,0.));
#7083 = CARTESIAN_POINT('',(102.27590610393,55.238174836664,0.));
#7084 = CARTESIAN_POINT('',(102.28560081489,55.266177616669,0.));
#7085 = CARTESIAN_POINT('',(102.2953007429,55.294189432272,0.));
#7086 = CARTESIAN_POINT('',(102.30500588617,55.322210282386,0.));
#7087 = CARTESIAN_POINT('',(102.31471624259,55.350240166009,0.));
#7088 = CARTESIAN_POINT('',(102.3244318104,55.378279082041,0.));
#7089 = CARTESIAN_POINT('',(102.33415258758,55.406327029446,0.));
#7090 = CARTESIAN_POINT('',(102.3438785721,55.434384007212,0.));
#7091 = CARTESIAN_POINT('',(102.35360976208,55.462450014277,0.));
#7092 = CARTESIAN_POINT('',(102.36334615543,55.490525049592,0.));
#7093 = CARTESIAN_POINT('',(102.37308775023,55.518609112079,0.));
#7094 = CARTESIAN_POINT('',(102.38283454446,55.546702200703,0.));
#7095 = CARTESIAN_POINT('',(102.39258653597,55.57480431448,0.));
#7096 = CARTESIAN_POINT('',(102.40234372278,55.60291545235,0.));
#7097 = CARTESIAN_POINT('',(102.41210610281,55.631035613259,0.));
#7098 = CARTESIAN_POINT('',(102.421873674,55.65916479615,0.));
#7099 = CARTESIAN_POINT('',(102.43164643424,55.687303000005,0.));
#7100 = CARTESIAN_POINT('',(102.44142438138,55.715450223804,0.));
#7101 = CARTESIAN_POINT('',(102.45120751334,55.743606466507,0.));
#7102 = CARTESIAN_POINT('',(102.46099582795,55.77177172709,0.));
#7103 = CARTESIAN_POINT('',(102.47078932306,55.799946004517,0.));
#7104 = CARTESIAN_POINT('',(102.4805879965,55.828129297758,0.));
#7105 = CARTESIAN_POINT('',(102.49039184608,55.856321605784,0.));
#7106 = CARTESIAN_POINT('',(102.50020086961,55.884522927566,0.));
#7107 = CARTESIAN_POINT('',(102.51001506487,55.912733262091,0.));
#7108 = CARTESIAN_POINT('',(102.5198344296,55.940952608345,0.));
#7109 = CARTESIAN_POINT('',(102.52965896162,55.969180965292,0.));
#7110 = CARTESIAN_POINT('',(102.53948865857,55.99741833193,0.));
#7111 = CARTESIAN_POINT('',(102.54932351831,56.025664707216,0.));
#7112 = CARTESIAN_POINT('',(102.55916353839,56.05392009017,0.));
#7113 = CARTESIAN_POINT('',(102.56900871663,56.082184479739,0.));
#7114 = CARTESIAN_POINT('',(102.57885905072,56.110457874924,0.));
#7115 = CARTESIAN_POINT('',(102.58871453815,56.138740274761,0.));
#7116 = CARTESIAN_POINT('',(102.59857517682,56.16703167816,0.));
#7117 = CARTESIAN_POINT('',(102.60844096419,56.195332084164,0.));
#7118 = CARTESIAN_POINT('',(102.61831189791,56.223641491776,0.));
#7119 = CARTESIAN_POINT('',(102.62818797565,56.25195989996,0.));
#7120 = CARTESIAN_POINT('',(102.63806919494,56.280287307732,0.));
#7121 = CARTESIAN_POINT('',(102.64795555337,56.30862371409,0.));
#7122 = CARTESIAN_POINT('',(102.65784704853,56.336969118015,0.));
#7123 = CARTESIAN_POINT('',(102.66774367797,56.365323518533,0.));
#7124 = CARTESIAN_POINT('',(102.67764543911,56.393686914673,0.));
#7125 = CARTESIAN_POINT('',(102.68755232963,56.422059305391,0.));
#7126 = CARTESIAN_POINT('',(102.69746434696,56.450440689712,0.));
#7127 = CARTESIAN_POINT('',(102.7073814885,56.478831066657,0.));
#7128 = CARTESIAN_POINT('',(102.71730375197,56.507230435185,0.));
#7129 = CARTESIAN_POINT('',(102.72723113451,56.535638794395,0.));
#7130 = CARTESIAN_POINT('',(102.73716363378,56.564056143259,0.));
#7131 = CARTESIAN_POINT('',(102.74710124716,56.592482480784,0.));
#7132 = CARTESIAN_POINT('',(102.757043972,56.620917806013,0.));
#7133 = CARTESIAN_POINT('',(102.76699180578,56.649362117937,0.));
#7134 = CARTESIAN_POINT('',(102.77694474589,56.677815415584,0.));
#7135 = CARTESIAN_POINT('',(102.78690278957,56.706277698024,0.));
#7136 = CARTESIAN_POINT('',(102.7968659343,56.734748964237,0.));
#7137 = CARTESIAN_POINT('',(102.80683417741,56.763229213239,0.));
#7138 = CARTESIAN_POINT('',(102.81680751615,56.791718444087,0.));
#7139 = CARTESIAN_POINT('',(102.82678594789,56.820216655803,0.));
#7140 = CARTESIAN_POINT('',(102.83676946991,56.848723847427,0.));
#7141 = CARTESIAN_POINT('',(102.84675807945,56.877240018001,0.));
#7142 = CARTESIAN_POINT('',(102.85675177385,56.905765166539,0.));
#7143 = CARTESIAN_POINT('',(102.86675055027,56.934299292104,0.));
#7144 = CARTESIAN_POINT('',(102.87675440599,56.962842393726,0.));
#7145 = CARTESIAN_POINT('',(102.88676333828,56.991394470437,0.));
#7146 = CARTESIAN_POINT('',(102.8967773442,57.019955521315,0.));
#7147 = CARTESIAN_POINT('',(102.90679642109,57.04852554537,0.));
#7148 = CARTESIAN_POINT('',(102.91682056601,57.077104541656,0.));
#7149 = CARTESIAN_POINT('',(102.92684977625,57.1056925092,0.));
#7150 = CARTESIAN_POINT('',(102.93688404882,57.134289447117,0.));
#7151 = CARTESIAN_POINT('',(102.94692338084,57.162895354465,0.));
#7152 = CARTESIAN_POINT('',(102.95696776957,57.191510230239,0.));
#7153 = CARTESIAN_POINT('',(102.96701721197,57.220134073529,0.));
#7154 = CARTESIAN_POINT('',(102.97707170519,57.248766883394,0.));
#7155 = CARTESIAN_POINT('',(102.98713124625,57.277408658894,0.));
#7156 = CARTESIAN_POINT('',(102.9971958323,57.306059399073,0.));
#7157 = CARTESIAN_POINT('',(103.00726546022,57.334719103036,0.));
#7158 = CARTESIAN_POINT('',(103.0173401272,57.363387769824,0.));
#7159 = CARTESIAN_POINT('',(103.02741983013,57.392065398541,0.));
#7160 = CARTESIAN_POINT('',(103.037504566,57.420751988256,0.));
#7161 = CARTESIAN_POINT('',(103.04759433191,57.449447537988,0.));
#7162 = CARTESIAN_POINT('',(103.05768912469,57.478152046854,0.));
#7163 = CARTESIAN_POINT('',(103.06778894135,57.506865513935,0.));
#7164 = CARTESIAN_POINT('',(103.07789377881,57.535587938311,0.));
#7165 = CARTESIAN_POINT('',(103.08800363397,57.564319319064,0.));
#7166 = CARTESIAN_POINT('',(103.09811850378,57.593059655277,0.));
#7167 = CARTESIAN_POINT('',(103.10823838505,57.621808946066,0.));
#7168 = CARTESIAN_POINT('',(103.11836327467,57.650567190493,0.));
#7169 = CARTESIAN_POINT('',(103.12849316962,57.679334387608,0.));
#7170 = CARTESIAN_POINT('',(103.13862806656,57.708110536579,0.));
#7171 = CARTESIAN_POINT('',(103.14876796237,57.736895636485,0.));
#7172 = CARTESIAN_POINT('',(103.15891285398,57.765689686376,0.));
#7173 = CARTESIAN_POINT('',(103.16906273802,57.794492685407,0.));
#7174 = CARTESIAN_POINT('',(103.17921761134,57.823304632674,0.));
#7175 = CARTESIAN_POINT('',(103.18937747073,57.852125527257,0.));
#7176 = CARTESIAN_POINT('',(103.19954231293,57.88095536828,0.));
#7177 = CARTESIAN_POINT('',(103.20971213459,57.909794154883,0.));
#7178 = CARTESIAN_POINT('',(103.21988693254,57.938641886131,0.));
#7179 = CARTESIAN_POINT('',(103.23006670346,57.967498561144,0.));
#7180 = CARTESIAN_POINT('',(103.24025144398,57.996364179061,0.));
#7181 = CARTESIAN_POINT('',(103.25044115082,58.025238738988,0.));
#7182 = CARTESIAN_POINT('',(103.26063582066,58.054122240038,0.));
#7183 = CARTESIAN_POINT('',(103.27083545007,58.083014681354,0.));
#7184 = CARTESIAN_POINT('',(103.28104003575,58.111916062043,0.));
#7185 = CARTESIAN_POINT('',(103.29124957428,58.14082638125,0.));
#7186 = CARTESIAN_POINT('',(103.30146406222,58.169745638106,0.));
#7187 = CARTESIAN_POINT('',(103.31168349626,58.19867383171,0.));
#7188 = CARTESIAN_POINT('',(103.32190787284,58.227610961244,0.));
#7189 = CARTESIAN_POINT('',(103.33213718858,58.256557025832,0.));
#7190 = CARTESIAN_POINT('',(103.34237144002,58.285512024616,0.));
#7191 = CARTESIAN_POINT('',(103.3526106236,58.314475956742,0.));
#7192 = CARTESIAN_POINT('',(103.36285473595,58.343448821309,0.));
#7193 = CARTESIAN_POINT('',(103.3731037735,58.37243061748,0.));
#7194 = CARTESIAN_POINT('',(103.38335773271,58.401421344436,0.));
#7195 = CARTESIAN_POINT('',(103.39361661005,58.430421001342,0.));
#7196 = CARTESIAN_POINT('',(103.40388040191,58.459429587343,0.));
#7197 = CARTESIAN_POINT('',(103.41414910486,58.488447101544,0.));
#7198 = CARTESIAN_POINT('',(103.42442271518,58.51747354315,0.));
#7199 = CARTESIAN_POINT('',(103.43470122931,58.546508911327,0.));
#7200 = CARTESIAN_POINT('',(103.44498464362,58.575553205226,0.));
#7201 = CARTESIAN_POINT('',(103.45527295454,58.604606423989,0.));
#7202 = CARTESIAN_POINT('',(103.46556615834,58.633668566827,0.));
#7203 = CARTESIAN_POINT('',(103.47586425135,58.662739632906,0.));
#7204 = CARTESIAN_POINT('',(103.48616723004,58.691819621366,0.));
#7205 = CARTESIAN_POINT('',(103.49647509047,58.720908531445,0.));
#7206 = CARTESIAN_POINT('',(103.50678782914,58.750006362252,0.));
#7207 = CARTESIAN_POINT('',(103.51710544229,58.779113112993,0.));
#7208 = CARTESIAN_POINT('',(103.52742792601,58.808228782922,0.));
#7209 = CARTESIAN_POINT('',(103.53775527675,58.83735337116,0.));
#7210 = CARTESIAN_POINT('',(103.54808749064,58.866486876886,0.));
#7211 = CARTESIAN_POINT('',(103.55842456391,58.895629299297,0.));
#7212 = CARTESIAN_POINT('',(103.56876649278,58.924780637592,0.));
#7213 = CARTESIAN_POINT('',(103.57911327341,58.953940890991,0.));
#7214 = CARTESIAN_POINT('',(103.58946490189,58.983110058711,0.));
#7215 = CARTESIAN_POINT('',(103.59982137452,59.012288139894,0.));
#7216 = CARTESIAN_POINT('',(103.61018268737,59.041475133774,0.));
#7217 = CARTESIAN_POINT('',(103.62054883646,59.070671039597,0.));
#7218 = CARTESIAN_POINT('',(103.63091981807,59.099875856513,0.));
#7219 = CARTESIAN_POINT('',(103.64129562818,59.129089583771,0.));
#7220 = CARTESIAN_POINT('',(103.65167626285,59.158312220604,0.));
#7221 = CARTESIAN_POINT('',(103.66206171817,59.187543766188,0.));
#7222 = CARTESIAN_POINT('',(103.67245199027,59.216784219721,0.));
#7223 = CARTESIAN_POINT('',(103.68284707502,59.246033580506,0.));
#7224 = CARTESIAN_POINT('',(103.69324696845,59.275291847753,0.));
#7225 = CARTESIAN_POINT('',(103.70365166676,59.304559020623,0.));
#7226 = CARTESIAN_POINT('',(103.71406116564,59.333835098429,0.));
#7227 = CARTESIAN_POINT('',(103.72447546125,59.363120080369,0.));
#7228 = CARTESIAN_POINT('',(103.73489454948,59.392413965673,0.));
#7229 = CARTESIAN_POINT('',(103.74531842626,59.421716753596,0.));
#7230 = CARTESIAN_POINT('',(103.7557470875,59.451028443393,0.));
#7231 = CARTESIAN_POINT('',(103.76618052912,59.480349034315,0.));
#7232 = CARTESIAN_POINT('',(103.77661874696,59.509678525597,0.));
#7233 = CARTESIAN_POINT('',(103.78706173701,59.539016916449,0.));
#7234 = CARTESIAN_POINT('',(103.797509495,59.568364206167,0.));
#7235 = CARTESIAN_POINT('',(103.80796201681,59.597720394015,0.));
#7236 = CARTESIAN_POINT('',(103.8184192983,59.627085479241,0.));
#7237 = CARTESIAN_POINT('',(103.8288813352,59.656459461132,0.));
#7238 = CARTESIAN_POINT('',(103.83934812339,59.685842338925,0.));
#7239 = CARTESIAN_POINT('',(103.84981965858,59.71523411189,0.));
#7240 = CARTESIAN_POINT('',(103.86029593661,59.744634779297,0.));
#7241 = CARTESIAN_POINT('',(103.87077695311,59.774044340452,0.));
#7242 = CARTESIAN_POINT('',(103.88126270391,59.803462794594,0.));
#7243 = CARTESIAN_POINT('',(103.89175318471,59.832890140999,0.));
#7244 = CARTESIAN_POINT('',(103.90224839117,59.862326378997,0.));
#7245 = CARTESIAN_POINT('',(103.91274831895,59.891771507878,0.));
#7246 = CARTESIAN_POINT('',(103.92325296382,59.921225526877,0.));
#7247 = CARTESIAN_POINT('',(103.93376232134,59.950688435294,0.));
#7248 = CARTESIAN_POINT('',(103.94427638721,59.980160232429,0.));
#7249 = CARTESIAN_POINT('',(103.95479515702,60.00964091761,0.));
#7250 = CARTESIAN_POINT('',(103.96531862629,60.039130490152,0.));
#7251 = CARTESIAN_POINT('',(103.97584679079,60.068628949299,0.));
#7252 = CARTESIAN_POINT('',(103.98637964595,60.09813629439,0.));
#7253 = CARTESIAN_POINT('',(103.99691718736,60.127652524726,0.));
#7254 = CARTESIAN_POINT('',(104.00745941067,60.157177639606,0.));
#7255 = CARTESIAN_POINT('',(104.01800631117,60.18671163841,0.));
#7256 = CARTESIAN_POINT('',(104.02855788461,60.216254520384,0.));
#7257 = CARTESIAN_POINT('',(104.03911412637,60.245806284859,0.));
#7258 = CARTESIAN_POINT('',(104.04967503194,60.27536693118,0.));
#7259 = CARTESIAN_POINT('',(104.0602405968,60.304936458672,0.));
#7260 = CARTESIAN_POINT('',(104.07081081637,60.334514866679,0.));
#7261 = CARTESIAN_POINT('',(104.08138568613,60.364102154535,0.));
#7262 = CARTESIAN_POINT('',(104.0919652014,60.393698321586,0.));
#7263 = CARTESIAN_POINT('',(104.10254935769,60.423303367124,0.));
#7264 = CARTESIAN_POINT('',(104.11313815037,60.452917290497,0.));
#7265 = CARTESIAN_POINT('',(104.12373157474,60.482540091095,0.));
#7266 = CARTESIAN_POINT('',(104.13432962617,60.512171768256,0.));
#7267 = CARTESIAN_POINT('',(104.14493230008,60.541812321304,0.));
#7268 = CARTESIAN_POINT('',(104.15553959167,60.571461749635,0.));
#7269 = CARTESIAN_POINT('',(104.16615149632,60.601120052583,0.));
#7270 = CARTESIAN_POINT('',(104.17676800935,60.630787229487,0.));
#7271 = CARTESIAN_POINT('',(104.18738912595,60.660463279759,0.));
#7272 = CARTESIAN_POINT('',(104.1980148414,60.690148202769,0.));
#7273 = CARTESIAN_POINT('',(104.20864515096,60.719841997856,0.));
#7274 = CARTESIAN_POINT('',(104.21928004993,60.749544664374,0.));
#7275 = CARTESIAN_POINT('',(104.22991953335,60.779256201763,0.));
#7276 = CARTESIAN_POINT('',(104.24056359656,60.808976609365,0.));
#7277 = CARTESIAN_POINT('',(104.2512122347,60.83870588658,0.));
#7278 = CARTESIAN_POINT('',(104.26186544284,60.868444032816,0.));
#7279 = CARTESIAN_POINT('',(104.27252321629,60.898191047393,0.));
#7280 = CARTESIAN_POINT('',(104.28318555012,60.927946929741,0.));
#7281 = CARTESIAN_POINT('',(104.29385243933,60.95771167931,0.));
#7282 = CARTESIAN_POINT('',(104.30452387917,60.987485295443,0.));
#7283 = CARTESIAN_POINT('',(104.31519986469,61.017267777541,0.));
#7284 = CARTESIAN_POINT('',(104.32588039087,61.04705912505,0.));
#7285 = CARTESIAN_POINT('',(104.33656545286,61.076859337344,0.));
#7286 = CARTESIAN_POINT('',(104.3472550457,61.106668413837,0.));
#7287 = CARTESIAN_POINT('',(104.35794916429,61.136486353993,0.));
#7288 = CARTESIAN_POINT('',(104.36864780376,61.166313157185,0.));
#7289 = CARTESIAN_POINT('',(104.37935095908,61.196148822841,0.));
#7290 = CARTESIAN_POINT('',(104.39005862512,61.225993350409,0.));
#7291 = CARTESIAN_POINT('',(104.40077079698,61.255846739272,0.));
#7292 = CARTESIAN_POINT('',(104.41148746955,61.285708988893,0.));
#7293 = CARTESIAN_POINT('',(104.42220863764,61.31558009876,0.));
#7294 = CARTESIAN_POINT('',(104.43293429632,61.345460068258,0.));
#7295 = CARTESIAN_POINT('',(104.44366444042,61.375348896846,0.));
#7296 = CARTESIAN_POINT('',(104.45439906471,61.405246583992,0.));
#7297 = CARTESIAN_POINT('',(104.46513816429,61.435153129063,0.));
#7298 = CARTESIAN_POINT('',(104.4758817338,61.465068531569,0.));
#7299 = CARTESIAN_POINT('',(104.48662976814,61.494992790979,0.));
#7300 = CARTESIAN_POINT('',(104.49738226212,61.524925906743,0.));
#7301 = CARTESIAN_POINT('',(104.50813921053,61.554867878334,0.));
#7302 = CARTESIAN_POINT('',(104.51890060813,61.584818705219,0.));
#7303 = CARTESIAN_POINT('',(104.52966644973,61.614778386839,0.));
#7304 = CARTESIAN_POINT('',(104.54043673007,61.644746922678,0.));
#7305 = CARTESIAN_POINT('',(104.55121144383,61.674724312247,0.));
#7306 = CARTESIAN_POINT('',(104.56199058577,61.704710555017,0.));
#7307 = CARTESIAN_POINT('',(104.57277415055,61.734705650455,0.));
#7308 = CARTESIAN_POINT('',(104.58356213298,61.764709598024,0.));
#7309 = CARTESIAN_POINT('',(104.59435452755,61.79472239727,0.));
#7310 = CARTESIAN_POINT('',(104.605151329,61.824744047658,0.));
#7311 = CARTESIAN_POINT('',(104.61595253204,61.854774548671,0.));
#7312 = CARTESIAN_POINT('',(104.62675813111,61.884813899868,0.));
#7313 = CARTESIAN_POINT('',(104.63756812097,61.914862100721,0.));
#7314 = CARTESIAN_POINT('',(104.64838249611,61.944919150732,0.));
#7315 = CARTESIAN_POINT('',(104.65920125121,61.974985049399,0.));
#7316 = CARTESIAN_POINT('',(104.67002438069,62.005059796285,0.));
#7317 = CARTESIAN_POINT('',(104.68085187918,62.035143390881,0.));
#7318 = CARTESIAN_POINT('',(104.69168374122,62.065235832698,0.));
#7319 = CARTESIAN_POINT('',(104.70251996121,62.095337121299,0.));
#7320 = CARTESIAN_POINT('',(104.71336053375,62.12544725619,0.));
#7321 = CARTESIAN_POINT('',(104.72420545325,62.15556623691,0.));
#7322 = CARTESIAN_POINT('',(104.73505471423,62.185694062983,0.));
#7323 = CARTESIAN_POINT('',(104.74590831104,62.215830733978,0.));
#7324 = CARTESIAN_POINT('',(104.75676623821,62.245976249414,0.));
#7325 = CARTESIAN_POINT('',(104.76762849007,62.276130608856,0.));
#7326 = CARTESIAN_POINT('',(104.77849506105,62.306293811855,0.));
#7327 = CARTESIAN_POINT('',(104.78936594553,62.336465857961,0.));
#7328 = CARTESIAN_POINT('',(104.80024113786,62.366646746736,0.));
#7329 = CARTESIAN_POINT('',(104.81112063237,62.396836477753,0.));
#7330 = CARTESIAN_POINT('',(104.82200442345,62.427035050571,0.));
#7331 = CARTESIAN_POINT('',(104.83289250531,62.45724246477,0.));
#7332 = CARTESIAN_POINT('',(104.84378487235,62.48745871989,0.));
#7333 = CARTESIAN_POINT('',(104.85468151883,62.517683815515,0.));
#7334 = CARTESIAN_POINT('',(104.86558243894,62.547917751271,0.));
#7335 = CARTESIAN_POINT('',(104.87648762701,62.578160526718,0.));
#7336 = CARTESIAN_POINT('',(104.88739707724,62.608412141439,0.));
#7337 = CARTESIAN_POINT('',(104.89831078384,62.638672595026,0.));
#7338 = CARTESIAN_POINT('',(104.90922874107,62.668941887074,0.));
#7339 = CARTESIAN_POINT('',(104.92015094298,62.699220017224,0.));
#7340 = CARTESIAN_POINT('',(104.93107738385,62.729506985044,0.));
#7341 = CARTESIAN_POINT('',(104.94200805783,62.759802790127,0.));
#7342 = CARTESIAN_POINT('',(104.95294295899,62.790107432109,0.));
#7343 = CARTESIAN_POINT('',(104.96388208147,62.820420910589,0.));
#7344 = CARTESIAN_POINT('',(104.97482541947,62.850743225162,0.));
#7345 = CARTESIAN_POINT('',(104.98577296693,62.881074375513,0.));
#7346 = CARTESIAN_POINT('',(104.99672471793,62.911414361268,0.));
#7347 = CARTESIAN_POINT('',(105.00768066668,62.941763182005,0.));
#7348 = CARTESIAN_POINT('',(105.01864080703,62.972120837397,0.));
#7349 = CARTESIAN_POINT('',(105.02960513311,63.002487327071,0.));
#7350 = CARTESIAN_POINT('',(105.04057363889,63.03286265065,0.));
#7351 = CARTESIAN_POINT('',(105.05154631839,63.063246807784,0.));
#7352 = CARTESIAN_POINT('',(105.06252316551,63.09363979814,0.));
#7353 = CARTESIAN_POINT('',(105.07350417432,63.124041621359,0.));
#7354 = CARTESIAN_POINT('',(105.08448933861,63.154452277145,0.));
#7355 = CARTESIAN_POINT('',(105.09547865241,63.184871765116,0.));
#7356 = CARTESIAN_POINT('',(105.10647210963,63.215300084907,0.));
#7357 = CARTESIAN_POINT('',(105.11746970411,63.245737236226,0.));
#7358 = CARTESIAN_POINT('',(105.12847142974,63.276183218757,0.));
#7359 = CARTESIAN_POINT('',(105.13947728037,63.306638032157,0.));
#7360 = CARTESIAN_POINT('',(105.15048724988,63.33710167609,0.));
#7361 = CARTESIAN_POINT('',(105.16150133207,63.367574150261,0.));
#7362 = CARTESIAN_POINT('',(105.17251952073,63.398055454388,0.));
#7363 = CARTESIAN_POINT('',(105.18354180963,63.428545588151,0.));
#7364 = CARTESIAN_POINT('',(105.19456819264,63.459044551198,0.));
#7365 = CARTESIAN_POINT('',(105.20559866343,63.489552343243,0.));
#7366 = CARTESIAN_POINT('',(105.21663321582,63.520068964006,0.));
#7367 = CARTESIAN_POINT('',(105.22767184343,63.550594413237,0.));
#7368 = CARTESIAN_POINT('',(105.23871454004,63.581128690609,0.));
#7369 = CARTESIAN_POINT('',(105.24976129937,63.611671795807,0.));
#7370 = CARTESIAN_POINT('',(105.26081211507,63.642223728579,0.));
#7371 = CARTESIAN_POINT('',(105.27186698075,63.672784488681,0.));
#7372 = CARTESIAN_POINT('',(105.2829258901,63.703354075822,0.));
#7373 = CARTESIAN_POINT('',(105.29398883677,63.733932489711,0.));
#7374 = CARTESIAN_POINT('',(105.30505581434,63.764519730097,0.));
#7375 = CARTESIAN_POINT('',(105.31612681638,63.795115796716,0.));
#7376 = CARTESIAN_POINT('',(105.32720183657,63.825720689292,0.));
#7377 = CARTESIAN_POINT('',(105.33828086836,63.856334407619,0.));
#7378 = CARTESIAN_POINT('',(105.34936390531,63.886956951447,0.));
#7379 = CARTESIAN_POINT('',(105.36045094105,63.917588320494,0.));
#7380 = CARTESIAN_POINT('',(105.37154196895,63.948228514568,0.));
#7381 = CARTESIAN_POINT('',(105.38263698261,63.978877533413,0.));
#7382 = CARTESIAN_POINT('',(105.39373597546,64.00953537679,0.));
#7383 = CARTESIAN_POINT('',(105.40483894098,64.040202044459,0.));
#7384 = CARTESIAN_POINT('',(105.41594587265,64.070877536193,0.));
#7385 = CARTESIAN_POINT('',(105.42705676384,64.1015618518,0.));
#7386 = CARTESIAN_POINT('',(105.43817160798,64.132254991066,0.));
#7387 = CARTESIAN_POINT('',(105.44929039853,64.162956953772,0.));
#7388 = CARTESIAN_POINT('',(105.46041312875,64.193667739748,0.));
#7389 = CARTESIAN_POINT('',(105.47153979205,64.224387348737,0.));
#7390 = CARTESIAN_POINT('',(105.48267038195,64.255115780494,0.));
#7391 = CARTESIAN_POINT('',(105.4938048915,64.28585303494,0.));
#7392 = CARTESIAN_POINT('',(105.50494331414,64.316599111864,0.));
#7393 = CARTESIAN_POINT('',(105.51608564324,64.347354011023,0.));
#7394 = CARTESIAN_POINT('',(105.52723187198,64.378117732248,0.));
#7395 = CARTESIAN_POINT('',(105.5383819937,64.408890275373,0.));
#7396 = CARTESIAN_POINT('',(105.54953600156,64.439671640253,0.));
#7397 = CARTESIAN_POINT('',(105.56069388884,64.470461826688,0.));
#7398 = CARTESIAN_POINT('',(105.57185564881,64.501260834494,0.));
#7399 = CARTESIAN_POINT('',(105.58302127459,64.532068663552,0.));
#7400 = CARTESIAN_POINT('',(105.59419075933,64.562885313714,0.));
#7401 = CARTESIAN_POINT('',(105.60536409633,64.593710784766,0.));
#7402 = CARTESIAN_POINT('',(105.61654127868,64.624545076596,0.));
#7403 = CARTESIAN_POINT('',(105.62772229936,64.655388189105,0.));
#7404 = CARTESIAN_POINT('',(105.63890715175,64.686240122065,0.));
#7405 = CARTESIAN_POINT('',(105.6500958288,64.717100875381,0.));
#7406 = CARTESIAN_POINT('',(105.66128832355,64.747970448958,0.));
#7407 = CARTESIAN_POINT('',(105.67248462918,64.77884884263,0.));
#7408 = CARTESIAN_POINT('',(105.68368473864,64.80973605627,0.));
#7409 = CARTESIAN_POINT('',(105.69488864508,64.840632089744,0.));
#7410 = CARTESIAN_POINT('',(105.7060963414,64.871536942979,0.));
#7411 = CARTESIAN_POINT('',(105.71730782063,64.902450615866,0.));
#7412 = CARTESIAN_POINT('',(105.72852307581,64.933373108276,0.));
#7413 = CARTESIAN_POINT('',(105.73974209984,64.964304420134,0.));
#7414 = CARTESIAN_POINT('',(105.75096488565,64.995244551342,0.));
#7415 = CARTESIAN_POINT('',(105.76219142628,65.026193501767,0.));
#7416 = CARTESIAN_POINT('',(105.77342171455,65.057151271341,0.));
#7417 = CARTESIAN_POINT('',(105.78465574339,65.088117859983,0.));
#7418 = CARTESIAN_POINT('',(105.79589350569,65.119093267606,0.));
#7419 = CARTESIAN_POINT('',(105.80713499432,65.150077494152,0.));
#7420 = CARTESIAN_POINT('',(105.81838020208,65.181070539551,0.));
#7421 = CARTESIAN_POINT('',(105.82962912188,65.212072403711,0.));
#7422 = CARTESIAN_POINT('',(105.84088174648,65.243083086583,0.));
#7423 = CARTESIAN_POINT('',(105.85213806872,65.27410258813,0.));
#7424 = CARTESIAN_POINT('',(105.86339808128,65.305130908313,0.));
#7425 = CARTESIAN_POINT('',(105.87466177707,65.33616804702,0.));
#7426 = CARTESIAN_POINT('',(105.88592914878,65.367214004222,0.));
#7427 = CARTESIAN_POINT('',(105.89720018908,65.39826877991,0.));
#7428 = CARTESIAN_POINT('',(105.90847489082,65.429332374037,0.));
#7429 = CARTESIAN_POINT('',(105.91975324649,65.460404786597,0.));
#7430 = CARTESIAN_POINT('',(105.93103524903,65.491486017493,0.));
#7431 = CARTESIAN_POINT('',(105.94232089092,65.522576066757,0.));
#7432 = CARTESIAN_POINT('',(105.95361016485,65.553674934379,0.));
#7433 = CARTESIAN_POINT('',(105.96490306349,65.584782620317,0.));
#7434 = CARTESIAN_POINT('',(105.97619957942,65.615899124555,0.));
#7435 = CARTESIAN_POINT('',(105.98749970527,65.647024447102,0.));
#7436 = CARTESIAN_POINT('',(105.99880343356,65.678158587986,0.));
#7437 = CARTESIAN_POINT('',(106.0101107569,65.709301547187,0.));
#7438 = CARTESIAN_POINT('',(106.02142166787,65.740453324689,0.));
#7439 = CARTESIAN_POINT('',(106.03273615891,65.771613920534,0.));
#7440 = CARTESIAN_POINT('',(106.04405422265,65.802783334731,0.));
#7441 = CARTESIAN_POINT('',(106.05537585145,65.833961567327,0.));
#7442 = CARTESIAN_POINT('',(106.06670103791,65.865148618312,0.));
#7443 = CARTESIAN_POINT('',(106.07802977448,65.896344487726,0.));
#7444 = CARTESIAN_POINT('',(106.08936205348,65.927549175643,0.));
#7445 = CARTESIAN_POINT('',(106.10069786751,65.958762682062,0.));
#7446 = CARTESIAN_POINT('',(106.11203720889,65.989985007038,0.));
#7447 = CARTESIAN_POINT('',(106.12338007,66.021216150629,0.));
#7448 = CARTESIAN_POINT('',(106.1347264433,66.052456112866,0.));
#7449 = CARTESIAN_POINT('',(106.14607632109,66.08370489383,0.));
#7450 = CARTESIAN_POINT('',(106.1574296957,66.11496249358,0.));
#7451 = CARTESIAN_POINT('',(106.16878655955,66.146228912162,0.));
#7452 = CARTESIAN_POINT('',(106.18014690484,66.177504149682,0.));
#7453 = CARTESIAN_POINT('',(106.19151072395,66.208788206206,0.));
#7454 = CARTESIAN_POINT('',(106.2028780091,66.240081081822,0.));
#7455 = CARTESIAN_POINT('',(106.21424875258,66.271382776611,0.));
#7456 = CARTESIAN_POINT('',(106.22562294663,66.302693290659,0.));
#7457 = CARTESIAN_POINT('',(106.23700058348,66.334012624046,0.));
#7458 = CARTESIAN_POINT('',(106.24838165536,66.365340776876,0.));
#7459 = CARTESIAN_POINT('',(106.25976615442,66.396677749281,0.));
#7460 = CARTESIAN_POINT('',(106.27115407286,66.428023541371,0.));
#7461 = CARTESIAN_POINT('',(106.28254540282,66.459378153242,0.));
#7462 = CARTESIAN_POINT('',(106.29394013649,66.490741584983,0.));
#7463 = CARTESIAN_POINT('',(106.30533826598,66.522113836741,0.));
#7464 = CARTESIAN_POINT('',(106.31673978335,66.553494908676,0.));
#7465 = CARTESIAN_POINT('',(106.32814468072,66.584884800911,0.));
#7466 = CARTESIAN_POINT('',(106.33955295021,66.616283513549,0.));
#7467 = CARTESIAN_POINT('',(106.35096458382,66.647691046759,0.));
#7468 = CARTESIAN_POINT('',(106.36237957358,66.679107400678,0.));
#7469 = CARTESIAN_POINT('',(106.37379791164,66.710532575431,0.));
#7470 = CARTESIAN_POINT('',(106.38521958982,66.741966571231,0.));
#7471 = CARTESIAN_POINT('',(106.39664460022,66.773409388207,0.));
#7472 = CARTESIAN_POINT('',(106.40807293483,66.804861026496,0.));
#7473 = CARTESIAN_POINT('',(106.41950458559,66.836321486302,0.));
#7474 = CARTESIAN_POINT('',(106.43093954433,66.867790767829,0.));
#7475 = CARTESIAN_POINT('',(106.44237780315,66.899268871194,0.));
#7476 = CARTESIAN_POINT('',(106.45381935384,66.93075579661,0.));
#7477 = CARTESIAN_POINT('',(106.46526418829,66.962251544274,0.));
#7478 = CARTESIAN_POINT('',(106.47671229845,66.993756114352,0.));
#7479 = CARTESIAN_POINT('',(106.4881636761,67.02526950707,0.));
#7480 = CARTESIAN_POINT('',(106.49961831307,67.05679172265,0.));
#7481 = CARTESIAN_POINT('',(106.51107620124,67.088322761261,0.));
#7482 = CARTESIAN_POINT('',(106.52253733237,67.119862623108,0.));
#7483 = CARTESIAN_POINT('',(106.53400169828,67.151411308417,0.));
#7484 = CARTESIAN_POINT('',(106.54546929068,67.182968817428,0.));
#7485 = CARTESIAN_POINT('',(106.55694010138,67.214535150349,0.));
#7486 = CARTESIAN_POINT('',(106.56841412213,67.246110307415,0.));
#7487 = CARTESIAN_POINT('',(106.57989134454,67.277694288905,0.));
#7488 = CARTESIAN_POINT('',(106.59137176041,67.30928709503,0.));
#7489 = CARTESIAN_POINT('',(106.60285536141,67.340888726024,0.));
#7490 = CARTESIAN_POINT('',(106.61434213914,67.372499182147,0.));
#7491 = CARTESIAN_POINT('',(106.62583208537,67.404118463613,0.));
#7492 = CARTESIAN_POINT('',(106.63732519166,67.435746570725,0.));
#7493 = CARTESIAN_POINT('',(106.64882144954,67.467383503779,0.));
#7494 = CARTESIAN_POINT('',(106.66032085079,67.499029262975,0.));
#7495 = CARTESIAN_POINT('',(106.67182338689,67.530683848625,0.));
#7496 = CARTESIAN_POINT('',(106.68332904933,67.562347261038,0.));
#7497 = CARTESIAN_POINT('',(106.69483782983,67.594019500443,0.));
#7498 = CARTESIAN_POINT('',(106.70634971978,67.625700567171,0.));
#7499 = CARTESIAN_POINT('',(106.71786471072,67.657390461513,0.));
#7500 = CARTESIAN_POINT('',(106.7293827942,67.689089183729,0.));
#7501 = CARTESIAN_POINT('',(106.74090396167,67.720796734142,0.));
#7502 = CARTESIAN_POINT('',(106.75242820454,67.752513113097,0.));
#7503 = CARTESIAN_POINT('',(106.76395551431,67.784238320868,0.));
#7504 = CARTESIAN_POINT('',(106.77548588243,67.815972357749,0.));
#7505 = CARTESIAN_POINT('',(106.78701930025,67.847715224106,0.));
#7506 = CARTESIAN_POINT('',(106.79855575918,67.879466920286,0.));
#7507 = CARTESIAN_POINT('',(106.81009525058,67.911227446607,0.));
#7508 = CARTESIAN_POINT('',(106.82163776586,67.942996803378,0.));
#7509 = CARTESIAN_POINT('',(106.83318329633,67.974774990953,0.));
#7510 = CARTESIAN_POINT('',(106.8447318333,68.006562009711,0.));
#7511 = CARTESIAN_POINT('',(106.85628336804,68.038357860002,0.));
#7512 = CARTESIAN_POINT('',(106.86783789196,68.070162542132,0.));
#7513 = CARTESIAN_POINT('',(106.87939539626,68.101976056494,0.));
#7514 = CARTESIAN_POINT('',(106.89095587211,68.133798403477,0.));
#7515 = CARTESIAN_POINT('',(106.90251931093,68.165629583399,0.));
#7516 = CARTESIAN_POINT('',(106.91408570379,68.197469596685,0.));
#7517 = CARTESIAN_POINT('',(106.92565504195,68.229318443723,0.));
#7518 = CARTESIAN_POINT('',(106.93722731658,68.261176124896,0.));
#7519 = CARTESIAN_POINT('',(106.94880251886,68.293042640576,0.));
#7520 = CARTESIAN_POINT('',(106.96038063996,68.324917991161,0.));
#7521 = CARTESIAN_POINT('',(106.97196167097,68.35680217707,0.));
#7522 = CARTESIAN_POINT('',(106.98354560303,68.388695198697,0.));
#7523 = CARTESIAN_POINT('',(106.99513242728,68.420597056449,0.));
#7524 = CARTESIAN_POINT('',(107.00672213471,68.452507750785,0.));
#7525 = CARTESIAN_POINT('',(107.01831471642,68.484427282095,0.));
#7526 = CARTESIAN_POINT('',(107.02991016355,68.516355650768,0.));
#7527 = CARTESIAN_POINT('',(107.04150846702,68.548292857293,0.));
#7528 = CARTESIAN_POINT('',(107.05310961783,68.580238902132,0.));
#7529 = CARTESIAN_POINT('',(107.06471360705,68.61219378568,0.));
#7530 = CARTESIAN_POINT('',(107.07632042567,68.644157508375,0.));
#7531 = CARTESIAN_POINT('',(107.08793006454,68.676130070693,0.));
#7532 = CARTESIAN_POINT('',(107.09954251473,68.708111473063,0.));
#7533 = CARTESIAN_POINT('',(107.11115776714,68.740101715982,0.));
#7534 = CARTESIAN_POINT('',(107.12277581251,68.772100799952,0.));
#7535 = CARTESIAN_POINT('',(107.13439664203,68.804108725346,0.));
#7536 = CARTESIAN_POINT('',(107.14602024635,68.836125492704,0.));
#7537 = CARTESIAN_POINT('',(107.15764661636,68.868151102526,0.));
#7538 = CARTESIAN_POINT('',(107.16927574299,68.900185555252,0.));
#7539 = CARTESIAN_POINT('',(107.18090761699,68.932228851406,0.));
#7540 = CARTESIAN_POINT('',(107.19254222915,68.964280991493,0.));
#7541 = CARTESIAN_POINT('',(107.20417957031,68.99634197599,0.));
#7542 = CARTESIAN_POINT('',(107.21581963124,69.028411805419,0.));
#7543 = CARTESIAN_POINT('',(107.2274624026,69.060490480311,0.));
#7544 = CARTESIAN_POINT('',(107.23910787527,69.092578001146,0.));
#7545 = CARTESIAN_POINT('',(107.25075603984,69.12467436847,0.));
#7546 = CARTESIAN_POINT('',(107.26240688711,69.1567795828,0.));
#7547 = CARTESIAN_POINT('',(107.27406040768,69.188893644691,0.));
#7548 = CARTESIAN_POINT('',(107.28571659225,69.221016554671,0.));
#7549 = CARTESIAN_POINT('',(107.29737543153,69.253148313273,0.));
#7550 = CARTESIAN_POINT('',(107.309036916,69.285288921075,0.));
#7551 = CARTESIAN_POINT('',(107.32070103644,69.317438378588,0.));
#7552 = CARTESIAN_POINT('',(107.33236778336,69.349596686389,0.));
#7553 = CARTESIAN_POINT('',(107.34403714733,69.381763845059,0.));
#7554 = CARTESIAN_POINT('',(107.35570911895,69.413939855172,0.));
#7555 = CARTESIAN_POINT('',(107.36738368871,69.4461247173,0.));
#7556 = CARTESIAN_POINT('',(107.37906084721,69.478318432001,0.));
#7557 = CARTESIAN_POINT('',(107.39074058489,69.510520999872,0.));
#7558 = CARTESIAN_POINT('',(107.40242289229,69.542732421492,0.));
#7559 = CARTESIAN_POINT('',(107.41410775987,69.574952697462,0.));
#7560 = CARTESIAN_POINT('',(107.42579517808,69.607181828405,0.));
#7561 = CARTESIAN_POINT('',(107.43748513732,69.639419814924,0.));
#7562 = CARTESIAN_POINT('',(107.44917762812,69.671666657584,0.));
#7563 = CARTESIAN_POINT('',(107.46087264077,69.703922357031,0.));
#7564 = CARTESIAN_POINT('',(107.47257016572,69.736186913894,0.));
#7565 = CARTESIAN_POINT('',(107.48427019332,69.768460328802,0.));
#7566 = CARTESIAN_POINT('',(107.49597271392,69.800742602386,0.));
#7567 = CARTESIAN_POINT('',(107.50767771784,69.833033735282,0.));
#7568 = CARTESIAN_POINT('',(107.51938519543,69.865333728107,0.));
#7569 = CARTESIAN_POINT('',(107.53109513701,69.897642581513,0.));
#7570 = CARTESIAN_POINT('',(107.54280753276,69.929960296194,0.));
#7571 = CARTESIAN_POINT('',(107.55452237304,69.962286872786,0.));
#7572 = CARTESIAN_POINT('',(107.56623964803,69.994622311935,0.));
#7573 = CARTESIAN_POINT('',(107.57795934805,70.026966614294,0.));
#7574 = CARTESIAN_POINT('',(107.58968146324,70.059319780579,0.));
#7575 = CARTESIAN_POINT('',(107.60140598375,70.091681811479,0.));
#7576 = CARTESIAN_POINT('',(107.61313289987,70.124052707632,0.));
#7577 = CARTESIAN_POINT('',(107.6248622017,70.156432469739,0.));
#7578 = CARTESIAN_POINT('',(107.63659387935,70.188821098516,0.));
#7579 = CARTESIAN_POINT('',(107.64832792299,70.221218594639,0.));
#7580 = CARTESIAN_POINT('',(107.66006432274,70.253624958819,0.));
#7581 = CARTESIAN_POINT('',(107.67180306862,70.286040191792,0.));
#7582 = CARTESIAN_POINT('',(107.68354415075,70.318464294242,0.));
#7583 = CARTESIAN_POINT('',(107.69528755919,70.350897266876,0.));
#7584 = CARTESIAN_POINT('',(107.70703328397,70.383339110446,0.));
#7585 = CARTESIAN_POINT('',(107.71878131505,70.415789825714,0.));
#7586 = CARTESIAN_POINT('',(107.73053164249,70.448249413385,0.));
#7587 = CARTESIAN_POINT('',(107.74228425629,70.480717874178,0.));
#7588 = CARTESIAN_POINT('',(107.75403914635,70.513195208855,0.));
#7589 = CARTESIAN_POINT('',(107.76579630268,70.54568141817,0.));
#7590 = CARTESIAN_POINT('',(107.77755571516,70.578176502899,0.));
#7591 = CARTESIAN_POINT('',(107.78931737372,70.610680463805,0.));
#7592 = CARTESIAN_POINT('',(107.80108126827,70.643193301643,0.));
#7593 = CARTESIAN_POINT('',(107.81284738864,70.675715017167,0.));
#7594 = CARTESIAN_POINT('',(107.82461572481,70.70824561114,0.));
#7595 = CARTESIAN_POINT('',(107.83638626645,70.740785084412,0.));
#7596 = CARTESIAN_POINT('',(107.84815900349,70.773333437757,0.));
#7597 = CARTESIAN_POINT('',(107.85993392571,70.805890671957,0.));
#7598 = CARTESIAN_POINT('',(107.87171102288,70.8384567878,0.));
#7599 = CARTESIAN_POINT('',(107.88349028486,70.87103178607,0.));
#7600 = CARTESIAN_POINT('',(107.89527170129,70.903615667631,0.));
#7601 = CARTESIAN_POINT('',(107.90705526193,70.936208433301,0.));
#7602 = CARTESIAN_POINT('',(107.91884095654,70.968810083866,0.));
#7603 = CARTESIAN_POINT('',(107.93062877481,71.001420620143,0.));
#7604 = CARTESIAN_POINT('',(107.9424187064,71.034040042982,0.));
#7605 = CARTESIAN_POINT('',(107.95421074098,71.066668353236,0.));
#7606 = CARTESIAN_POINT('',(107.9660048682,71.099305551748,0.));
#7607 = CARTESIAN_POINT('',(107.97780107767,71.131951639364,0.));
#7608 = CARTESIAN_POINT('',(107.98959935903,71.164606616902,0.));
#7609 = CARTESIAN_POINT('',(108.00139970191,71.197270485219,0.));
#7610 = CARTESIAN_POINT('',(108.01320209579,71.22994324523,0.));
#7611 = CARTESIAN_POINT('',(108.02500653027,71.262624897811,0.));
#7612 = CARTESIAN_POINT('',(108.0368129949,71.295315443801,0.));
#7613 = CARTESIAN_POINT('',(108.04862147923,71.328014884051,0.));
#7614 = CARTESIAN_POINT('',(108.06043197273,71.360723219477,0.));
#7615 = CARTESIAN_POINT('',(108.07224446487,71.39344045101,0.));
#7616 = CARTESIAN_POINT('',(108.08405894511,71.426166579529,0.));
#7617 = CARTESIAN_POINT('',(108.09587540299,71.458901605883,0.));
#7618 = CARTESIAN_POINT('',(108.10769382786,71.491645531011,0.));
#7619 = CARTESIAN_POINT('',(108.11951420914,71.524398355834,0.));
#7620 = CARTESIAN_POINT('',(108.1313365363,71.557160081265,0.));
#7621 = CARTESIAN_POINT('',(108.1431607986,71.589930708258,0.));
#7622 = CARTESIAN_POINT('',(108.15498698547,71.622710237708,0.));
#7623 = CARTESIAN_POINT('',(108.16681508632,71.65549867051,0.));
#7624 = CARTESIAN_POINT('',(108.17864509038,71.688296007648,0.));
#7625 = CARTESIAN_POINT('',(108.19047698695,71.721102250097,0.));
#7626 = CARTESIAN_POINT('',(108.20231076543,71.753917398784,0.));
#7627 = CARTESIAN_POINT('',(108.21414641493,71.786741454682,0.));
#7628 = CARTESIAN_POINT('',(108.22598392485,71.819574418701,0.));
#7629 = CARTESIAN_POINT('',(108.23782328438,71.852416291793,0.));
#7630 = CARTESIAN_POINT('',(108.24966448276,71.885267074963,0.));
#7631 = CARTESIAN_POINT('',(108.26150750911,71.918126769253,0.));
#7632 = CARTESIAN_POINT('',(108.27335235265,71.95099537561,0.));
#7633 = CARTESIAN_POINT('',(108.28519900262,71.983872894956,0.));
#7634 = CARTESIAN_POINT('',(108.29704744814,72.016759328313,0.));
#7635 = CARTESIAN_POINT('',(108.30889767824,72.049654676752,0.));
#7636 = CARTESIAN_POINT('',(108.32074968209,72.082558941243,0.));
#7637 = CARTESIAN_POINT('',(108.33260344887,72.115472122738,0.));
#7638 = CARTESIAN_POINT('',(108.34445896755,72.148394222283,0.));
#7639 = CARTESIAN_POINT('',(108.35631622723,72.181325240922,0.));
#7640 = CARTESIAN_POINT('',(108.36817521693,72.214265179693,0.));
#7641 = CARTESIAN_POINT('',(108.38003592569,72.247214039609,0.));
#7642 = CARTESIAN_POINT('',(108.3918983425,72.280171821692,0.));
#7643 = CARTESIAN_POINT('',(108.40376245639,72.313138526986,0.));
#7644 = CARTESIAN_POINT('',(108.41562825626,72.346114156554,0.));
#7645 = CARTESIAN_POINT('',(108.42749573111,72.379098711436,0.));
#7646 = CARTESIAN_POINT('',(108.4393648699,72.412092192709,0.));
#7647 = CARTESIAN_POINT('',(108.4512356614,72.445094601468,0.));
#7648 = CARTESIAN_POINT('',(108.46310809469,72.478105938715,0.));
#7649 = CARTESIAN_POINT('',(108.47498215857,72.511126205531,0.));
#7650 = CARTESIAN_POINT('',(108.48685784188,72.544155403035,0.));
#7651 = CARTESIAN_POINT('',(108.4987351335,72.577193532325,0.));
#7652 = CARTESIAN_POINT('',(108.51061402219,72.610240594492,0.));
#7653 = CARTESIAN_POINT('',(108.52249449685,72.643296590587,0.));
#7654 = CARTESIAN_POINT('',(108.5343765462,72.676361521718,0.));
#7655 = CARTESIAN_POINT('',(108.54626015909,72.709435389013,0.));
#7656 = CARTESIAN_POINT('',(108.55814532414,72.742518193626,0.));
#7657 = CARTESIAN_POINT('',(108.57003203018,72.775609936639,0.));
#7658 = CARTESIAN_POINT('',(108.58192026596,72.808710619149,0.));
#7659 = CARTESIAN_POINT('',(108.59381002006,72.841820242326,0.));
#7660 = CARTESIAN_POINT('',(108.6057012813,72.874938807285,0.));
#7661 = CARTESIAN_POINT('',(108.61759403821,72.908066315201,0.));
#7662 = CARTESIAN_POINT('',(108.62948827953,72.941202767207,0.));
#7663 = CARTESIAN_POINT('',(108.64138399381,72.974348164447,0.));
#7664 = CARTESIAN_POINT('',(108.65328116977,73.007502508059,0.));
#7665 = CARTESIAN_POINT('',(108.66517979585,73.040665799226,0.));
#7666 = CARTESIAN_POINT('',(108.67707986081,73.073838039097,0.));
#7667 = CARTESIAN_POINT('',(108.68898135302,73.107019228906,0.));
#7668 = CARTESIAN_POINT('',(108.70088426109,73.14020936981,0.));
#7669 = CARTESIAN_POINT('',(108.7127885736,73.17340846296,0.));
#7670 = CARTESIAN_POINT('',(108.72469427894,73.206616509582,0.));
#7671 = CARTESIAN_POINT('',(108.73660136568,73.239833510864,0.));
#7672 = CARTESIAN_POINT('',(108.74850982223,73.273059468009,0.));
#7673 = CARTESIAN_POINT('',(108.76041963706,73.306294382216,0.));
#7674 = CARTESIAN_POINT('',(108.77233079859,73.33953825469,0.));
#7675 = CARTESIAN_POINT('',(108.78424329526,73.372791086654,0.));
#7676 = CARTESIAN_POINT('',(108.79615711542,73.40605287936,0.));
#7677 = CARTESIAN_POINT('',(108.80807224742,73.439323634044,0.));
#7678 = CARTESIAN_POINT('',(108.81998867971,73.472603351907,0.));
#7679 = CARTESIAN_POINT('',(108.83190640053,73.5058920342,0.));
#7680 = CARTESIAN_POINT('',(108.84382539824,73.539189682155,0.));
#7681 = CARTESIAN_POINT('',(108.85574566121,73.572496297029,0.));
#7682 = CARTESIAN_POINT('',(108.86766717756,73.605811880145,0.));
#7683 = CARTESIAN_POINT('',(108.87958993565,73.63913643273,0.));
#7684 = CARTESIAN_POINT('',(108.89151392379,73.672469956002,0.));
#7685 = CARTESIAN_POINT('',(108.90343913008,73.705812451258,0.));
#7686 = CARTESIAN_POINT('',(108.91536554286,73.73916391979,0.));
#7687 = CARTESIAN_POINT('',(108.92729315019,73.772524362925,0.));
#7688 = CARTESIAN_POINT('',(108.93922194029,73.805893781923,0.));
#7689 = CARTESIAN_POINT('',(108.95115190142,73.83927217804,0.));
#7690 = CARTESIAN_POINT('',(108.96308302154,73.872659552619,0.));
#7691 = CARTESIAN_POINT('',(108.97501528891,73.906055906941,0.));
#7692 = CARTESIAN_POINT('',(108.98694869161,73.939461242343,0.));
#7693 = CARTESIAN_POINT('',(108.99888321759,73.972875560192,0.));
#7694 = CARTESIAN_POINT('',(109.01081885509,74.006298861748,0.));
#7695 = CARTESIAN_POINT('',(109.02275559205,74.039731148328,0.));
#7696 = CARTESIAN_POINT('',(109.03469341659,74.073172421281,0.));
#7697 = CARTESIAN_POINT('',(109.04663231657,74.106622682,0.));
#7698 = CARTESIAN_POINT('',(109.05857228011,74.140081931791,0.));
#7699 = CARTESIAN_POINT('',(109.07051329517,74.17355017199,0.));
#7700 = CARTESIAN_POINT('',(109.08245534966,74.207027403993,0.));
#7701 = CARTESIAN_POINT('',(109.09439843148,74.240513629159,0.));
#7702 = CARTESIAN_POINT('',(109.1063425287,74.274008848811,0.));
#7703 = CARTESIAN_POINT('',(109.11828762907,74.307513064378,0.));
#7704 = CARTESIAN_POINT('',(109.13023372049,74.341026277242,0.));
#7705 = CARTESIAN_POINT('',(109.14218079094,74.374548488743,0.));
#7706 = CARTESIAN_POINT('',(109.15412882811,74.408079700305,0.));
#7707 = CARTESIAN_POINT('',(109.16607781995,74.441619913309,0.));
#7708 = CARTESIAN_POINT('',(109.17802775418,74.475169129164,0.));
#7709 = CARTESIAN_POINT('',(109.18997861867,74.508727349271,0.));
#7710 = CARTESIAN_POINT('',(109.20193040113,74.542294575078,0.));
#7711 = CARTESIAN_POINT('',(109.2138830893,74.575870807999,0.));
#7712 = CARTESIAN_POINT('',(109.22583667102,74.60945604943,0.));
#7713 = CARTESIAN_POINT('',(109.23779113385,74.643050300826,0.));
#7714 = CARTESIAN_POINT('',(109.24974646564,74.676653563584,0.));
#7715 = CARTESIAN_POINT('',(109.26170265399,74.710265839161,0.));
#7716 = CARTESIAN_POINT('',(109.27365968659,74.743887129037,0.));
#7717 = CARTESIAN_POINT('',(109.28561755102,74.777517434665,0.));
#7718 = CARTESIAN_POINT('',(109.29757623501,74.811156757464,0.));
#7719 = CARTESIAN_POINT('',(109.30953572609,74.844805098916,0.));
#7720 = CARTESIAN_POINT('',(109.32149601186,74.878462460502,0.));
#7721 = CARTESIAN_POINT('',(109.33345707993,74.912128843688,0.));
#7722 = CARTESIAN_POINT('',(109.34541891777,74.945804249958,0.));
#7723 = CARTESIAN_POINT('',(109.35738151304,74.979488680793,0.));
#7724 = CARTESIAN_POINT('',(109.36934485309,75.013182137715,0.));
#7725 = CARTESIAN_POINT('',(109.38130892558,75.046884622176,0.));
#7726 = CARTESIAN_POINT('',(109.39327371789,75.080596135687,0.));
#7727 = CARTESIAN_POINT('',(109.4052392175,75.114316679777,0.));
#7728 = CARTESIAN_POINT('',(109.41720541187,75.148046255972,0.));
#7729 = CARTESIAN_POINT('',(109.42917228837,75.181784865786,0.));
#7730 = CARTESIAN_POINT('',(109.44113983449,75.215532510725,0.));
#7731 = CARTESIAN_POINT('',(109.45310803752,75.249289192328,0.));
#7732 = CARTESIAN_POINT('',(109.46507688491,75.283054912114,0.));
#7733 = CARTESIAN_POINT('',(109.47704636398,75.316829671645,0.));
#7734 = CARTESIAN_POINT('',(109.48901646203,75.350613472503,0.));
#7735 = CARTESIAN_POINT('',(109.5009871664,75.384406316229,0.));
#7736 = CARTESIAN_POINT('',(109.51295846435,75.418208204356,0.));
#7737 = CARTESIAN_POINT('',(109.52493034326,75.452019138417,0.));
#7738 = CARTESIAN_POINT('',(109.53690279027,75.485839120024,0.));
#7739 = CARTESIAN_POINT('',(109.54887579268,75.519668150787,0.));
#7740 = CARTESIAN_POINT('',(109.56084933761,75.553506232284,0.));
#7741 = CARTESIAN_POINT('',(109.57282341243,75.587353366032,0.));
#7742 = CARTESIAN_POINT('',(109.58479800421,75.621209553646,0.));
#7743 = CARTESIAN_POINT('',(109.59677310013,75.65507479676,0.));
#7744 = CARTESIAN_POINT('',(109.60874868735,75.688949096989,0.));
#7745 = CARTESIAN_POINT('',(109.62072475296,75.722832455941,0.));
#7746 = CARTESIAN_POINT('',(109.63270128412,75.756724875197,0.));
#7747 = CARTESIAN_POINT('',(109.64467826788,75.790626356352,0.));
#7748 = CARTESIAN_POINT('',(109.65665569142,75.824536901054,0.));
#7749 = CARTESIAN_POINT('',(109.66863354158,75.858456511006,0.));
#7750 = CARTESIAN_POINT('',(109.68061180557,75.8923851878,0.));
#7751 = CARTESIAN_POINT('',(109.69259047034,75.926322933047,0.));
#7752 = CARTESIAN_POINT('',(109.70456952293,75.960269748406,0.));
#7753 = CARTESIAN_POINT('',(109.71654895029,75.994225635581,0.));
#7754 = CARTESIAN_POINT('',(109.72852873929,76.028190596237,0.));
#7755 = CARTESIAN_POINT('',(109.74050887706,76.062164631957,0.));
#7756 = CARTESIAN_POINT('',(109.75248935041,76.096147744453,0.));
#7757 = CARTESIAN_POINT('',(109.76447014619,76.13013993544,0.));
#7758 = CARTESIAN_POINT('',(109.77645125142,76.164141206557,0.));
#7759 = CARTESIAN_POINT('',(109.7884326529,76.198151559516,0.));
#7760 = CARTESIAN_POINT('',(109.8004143374,76.232170996031,0.));
#7761 = CARTESIAN_POINT('',(109.81239629191,76.266199517745,0.));
#7762 = CARTESIAN_POINT('',(109.82437850314,76.30023712638,0.));
#7763 = CARTESIAN_POINT('',(109.83636095789,76.334283823677,0.));
#7764 = CARTESIAN_POINT('',(109.84834364294,76.368339611352,0.));
#7765 = CARTESIAN_POINT('',(109.86032654506,76.402404491109,0.));
#7766 = CARTESIAN_POINT('',(109.87230965099,76.436478464674,0.));
#7767 = CARTESIAN_POINT('',(109.8842929474,76.47056153379,0.));
#7768 = CARTESIAN_POINT('',(109.89627642107,76.504653700185,0.));
#7769 = CARTESIAN_POINT('',(109.90826005862,76.538754965624,0.));
#7770 = CARTESIAN_POINT('',(109.92024384669,76.572865331856,0.));
#7771 = CARTESIAN_POINT('',(109.93222777202,76.606984800616,0.));
#7772 = CARTESIAN_POINT('',(109.94421182112,76.641113373682,0.));
#7773 = CARTESIAN_POINT('',(109.95619598069,76.675251052794,0.));
#7774 = CARTESIAN_POINT('',(109.9681802373,76.70939783975,0.));
#7775 = CARTESIAN_POINT('',(109.98016457742,76.743553736368,0.));
#7776 = CARTESIAN_POINT('',(109.99214898774,76.777718744385,0.));
#7777 = CARTESIAN_POINT('',(110.00413345469,76.811892865579,0.));
#7778 = CARTESIAN_POINT('',(110.01611796488,76.846076101744,0.));
#7779 = CARTESIAN_POINT('',(110.02810250469,76.880268454724,0.));
#7780 = CARTESIAN_POINT('',(110.04008706066,76.914469926322,0.));
#7781 = CARTESIAN_POINT('',(110.05207161923,76.948680518325,0.));
#7782 = CARTESIAN_POINT('',(110.06405616686,76.982900232538,0.));
#7783 = CARTESIAN_POINT('',(110.07604068994,77.017129070788,0.));
#7784 = CARTESIAN_POINT('',(110.08802517492,77.051367034917,0.));
#7785 = CARTESIAN_POINT('',(110.10000960809,77.085614126797,0.));
#7786 = CARTESIAN_POINT('',(110.11199397587,77.119870348256,0.));
#7787 = CARTESIAN_POINT('',(110.1239782646,77.154135701096,0.));
#7788 = CARTESIAN_POINT('',(110.13596246065,77.188410187157,0.));
#7789 = CARTESIAN_POINT('',(110.14794655024,77.222693808345,0.));
#7790 = CARTESIAN_POINT('',(110.15993051969,77.256986566518,0.));
#7791 = CARTESIAN_POINT('',(110.1719143553,77.291288463521,0.));
#7792 = CARTESIAN_POINT('',(110.1838980433,77.32559950125,0.));
#7793 = CARTESIAN_POINT('',(110.19588156987,77.359919681593,0.));
#7794 = CARTESIAN_POINT('',(110.20786492131,77.394249006397,0.));
#7795 = CARTESIAN_POINT('',(110.21984808377,77.42858747756,0.));
#7796 = CARTESIAN_POINT('',(110.23183104341,77.462935097007,0.));
#7797 = CARTESIAN_POINT('',(110.24381378641,77.49729186664,0.));
#7798 = CARTESIAN_POINT('',(110.25579629888,77.531657788349,0.));
#7799 = CARTESIAN_POINT('',(110.26777856696,77.56603286402,0.));
#7800 = CARTESIAN_POINT('',(110.27976057681,77.600417095598,0.));
#7801 = CARTESIAN_POINT('',(110.29174231432,77.634810485053,0.));
#7802 = CARTESIAN_POINT('',(110.30372376577,77.669213034239,0.));
#7803 = CARTESIAN_POINT('',(110.31570491712,77.703624745101,0.));
#7804 = CARTESIAN_POINT('',(110.32768575432,77.738045619638,0.));
#7805 = CARTESIAN_POINT('',(110.33966626346,77.77247565978,0.));
#7806 = CARTESIAN_POINT('',(110.35164643049,77.806914867441,0.));
#7807 = CARTESIAN_POINT('',(110.36362624145,77.841363244564,0.));
#7808 = CARTESIAN_POINT('',(110.37560568216,77.875820793153,0.));
#7809 = CARTESIAN_POINT('',(110.38758473866,77.910287515187,0.));
#7810 = CARTESIAN_POINT('',(110.39956339678,77.94476341265,0.));
#7811 = CARTESIAN_POINT('',(110.41154164245,77.979248487493,0.));
#7812 = CARTESIAN_POINT('',(110.42351946158,78.013742741675,0.));
#7813 = CARTESIAN_POINT('',(110.43549683993,78.04824617721,0.));
#7814 = CARTESIAN_POINT('',(110.44747376346,78.082758796094,0.));
#7815 = CARTESIAN_POINT('',(110.45945021785,78.117280600367,0.));
#7816 = CARTESIAN_POINT('',(110.47142618896,78.151811592016,0.));
#7817 = CARTESIAN_POINT('',(110.4834016626,78.186351773018,0.));
#7818 = CARTESIAN_POINT('',(110.4953766245,78.220901145425,0.));
#7819 = CARTESIAN_POINT('',(110.50735106034,78.25545971127,0.));
#7820 = CARTESIAN_POINT('',(110.51932495594,78.290027472534,0.));
#7821 = CARTESIAN_POINT('',(110.531298297,78.32460443127,0.));
#7822 = CARTESIAN_POINT('',(110.54327106908,78.359190589583,0.));
#7823 = CARTESIAN_POINT('',(110.55524325793,78.393785949476,0.));
#7824 = CARTESIAN_POINT('',(110.56721484925,78.428390512961,0.));
#7825 = CARTESIAN_POINT('',(110.57918582857,78.463004282142,0.));
#7826 = CARTESIAN_POINT('',(110.5911561815,78.497627259095,0.));
#7827 = CARTESIAN_POINT('',(110.60312589371,78.532259445857,0.));
#7828 = CARTESIAN_POINT('',(110.61509495068,78.566900844501,0.));
#7829 = CARTESIAN_POINT('',(110.62706333802,78.601551457107,0.));
#7830 = CARTESIAN_POINT('',(110.63903104125,78.636211285779,0.));
#7831 = CARTESIAN_POINT('',(110.65099804581,78.670880332623,0.));
#7832 = CARTESIAN_POINT('',(110.66296433731,78.705558599703,0.));
#7833 = CARTESIAN_POINT('',(110.67492990114,78.740246089126,0.));
#7834 = CARTESIAN_POINT('',(110.68689472278,78.774942803007,0.));
#7835 = CARTESIAN_POINT('',(110.69885878765,78.809648743447,0.));
#7836 = CARTESIAN_POINT('',(110.71082208122,78.844363912563,0.));
#7837 = CARTESIAN_POINT('',(110.7227845888,78.879088312503,0.));
#7838 = CARTESIAN_POINT('',(110.73474629585,78.91382194538,0.));
#7839 = CARTESIAN_POINT('',(110.74670718768,78.94856481333,0.));
#7840 = CARTESIAN_POINT('',(110.75866724965,78.983316918506,0.));
#7841 = CARTESIAN_POINT('',(110.77062646706,79.018078263057,0.));
#7842 = CARTESIAN_POINT('',(110.78258482522,79.052848849111,0.));
#7843 = CARTESIAN_POINT('',(110.79454230945,79.087628678811,0.));
#7844 = CARTESIAN_POINT('',(110.80649890498,79.122417754346,0.));
#7845 = CARTESIAN_POINT('',(110.81845459701,79.157216077896,0.));
#7846 = CARTESIAN_POINT('',(110.83040937088,79.192023651624,0.));
#7847 = CARTESIAN_POINT('',(110.84236321164,79.226840477733,0.));
#7848 = CARTESIAN_POINT('',(110.85431610462,79.261666558364,0.));
#7849 = CARTESIAN_POINT('',(110.86626803493,79.296501895696,0.));
#7850 = CARTESIAN_POINT('',(110.87821898773,79.331346491957,0.));
#7851 = CARTESIAN_POINT('',(110.89016894808,79.366200349375,0.));
#7852 = CARTESIAN_POINT('',(110.90211790121,79.401063470134,0.));
#7853 = CARTESIAN_POINT('',(110.9140658321,79.435935856442,0.));
#7854 = CARTESIAN_POINT('',(110.92601272587,79.470817510481,0.));
#7855 = CARTESIAN_POINT('',(110.93795856768,79.505708434475,0.));
#7856 = CARTESIAN_POINT('',(110.94990334231,79.540608630738,0.));
#7857 = CARTESIAN_POINT('',(110.96184703498,79.575518101454,0.));
#7858 = CARTESIAN_POINT('',(110.97378963065,79.610436848822,0.));
#7859 = CARTESIAN_POINT('',(110.98573111426,79.645364875124,0.));
#7860 = CARTESIAN_POINT('',(110.99767147075,79.680302182627,0.));
#7861 = CARTESIAN_POINT('',(111.0096106851,79.715248773563,0.));
#7862 = CARTESIAN_POINT('',(111.02154874223,79.750204650193,0.));
#7863 = CARTESIAN_POINT('',(111.03348562698,79.785169814804,0.));
#7864 = CARTESIAN_POINT('',(111.04542132429,79.820144269638,0.));
#7865 = CARTESIAN_POINT('',(111.05735581902,79.855128016962,0.));
#7866 = CARTESIAN_POINT('',(111.06928909599,79.890121059094,0.));
#7867 = CARTESIAN_POINT('',(111.08122114,79.925123398358,0.));
#7868 = CARTESIAN_POINT('',(111.09315193585,79.960135037025,0.));
#7869 = CARTESIAN_POINT('',(111.10508146839,79.99515597734,0.));
#7870 = CARTESIAN_POINT('',(111.11700972233,80.030186221615,0.));
#7871 = CARTESIAN_POINT('',(111.12893668243,80.065225772182,0.));
#7872 = CARTESIAN_POINT('',(111.14086233341,80.100274631367,0.));
#7873 = CARTESIAN_POINT('',(111.15278665998,80.135332801499,0.));
#7874 = CARTESIAN_POINT('',(111.16470964679,80.170400284902,0.));
#7875 = CARTESIAN_POINT('',(111.17663127856,80.205477083873,0.));
#7876 = CARTESIAN_POINT('',(111.18855153997,80.240563200756,0.));
#7877 = CARTESIAN_POINT('',(111.20047041552,80.275658637944,0.));
#7878 = CARTESIAN_POINT('',(111.21238788991,80.310763397753,0.));
#7879 = CARTESIAN_POINT('',(111.22430394775,80.345877482508,0.));
#7880 = CARTESIAN_POINT('',(111.23621857354,80.381000894593,0.));
#7881 = CARTESIAN_POINT('',(111.2481317519,80.41613363638,0.));
#7882 = CARTESIAN_POINT('',(111.26004346729,80.451275710244,0.));
#7883 = CARTESIAN_POINT('',(111.27195370428,80.486427118536,0.));
#7884 = CARTESIAN_POINT('',(111.28386244736,80.521587863641,0.));
#7885 = CARTESIAN_POINT('',(111.29576968094,80.556757947956,0.));
#7886 = CARTESIAN_POINT('',(111.30767538959,80.591937373857,0.));
#7887 = CARTESIAN_POINT('',(111.31957955762,80.627126143776,0.));
#7888 = CARTESIAN_POINT('',(111.33148216949,80.662324260094,0.));
#7889 = CARTESIAN_POINT('',(111.34338320966,80.69753172518,0.));
#7890 = CARTESIAN_POINT('',(111.35528266242,80.732748541475,0.));
#7891 = CARTESIAN_POINT('',(111.36718051218,80.767974711425,0.));
#7892 = CARTESIAN_POINT('',(111.37907674321,80.803210237447,0.));
#7893 = CARTESIAN_POINT('',(111.39097133992,80.838455121933,0.));
#7894 = CARTESIAN_POINT('',(111.40286428656,80.87370936733,0.));
#7895 = CARTESIAN_POINT('',(111.41475556738,80.908972976084,0.));
#7896 = CARTESIAN_POINT('',(111.42664516673,80.944245950617,0.));
#7897 = CARTESIAN_POINT('',(111.43853306876,80.97952829342,0.));
#7898 = CARTESIAN_POINT('',(111.45041925771,81.014820006959,0.));
#7899 = CARTESIAN_POINT('',(111.46230371781,81.050121093673,0.));
#7900 = CARTESIAN_POINT('',(111.47418643322,81.085431556,0.));
#7901 = CARTESIAN_POINT('',(111.48606738812,81.120751396401,0.));
#7902 = CARTESIAN_POINT('',(111.49794656666,81.156080617381,0.));
#7903 = CARTESIAN_POINT('',(111.50982395291,81.19141922145,0.));
#7904 = CARTESIAN_POINT('',(111.52169953101,81.226767211073,0.));
#7905 = CARTESIAN_POINT('',(111.53357328507,81.262124588715,0.));
#7906 = CARTESIAN_POINT('',(111.54544519911,81.297491356891,0.));
#7907 = CARTESIAN_POINT('',(111.55731525721,81.332867518129,0.));
#7908 = CARTESIAN_POINT('',(111.56918344334,81.368253074944,0.));
#7909 = CARTESIAN_POINT('',(111.58104974157,81.403648029811,0.));
#7910 = CARTESIAN_POINT('',(111.59291413586,81.439052385237,0.));
#7911 = CARTESIAN_POINT('',(111.60477661018,81.474466143744,0.));
#7912 = CARTESIAN_POINT('',(111.61663714851,81.509889307877,0.));
#7913 = CARTESIAN_POINT('',(111.62849573469,81.545321880227,0.));
#7914 = CARTESIAN_POINT('',(111.64035235268,81.580763863318,0.));
#7915 = CARTESIAN_POINT('',(111.65220698638,81.61621525963,0.));
#7916 = CARTESIAN_POINT('',(111.66405961969,81.651676071709,0.));
#7917 = CARTESIAN_POINT('',(111.67591023639,81.687146302164,0.));
#7918 = CARTESIAN_POINT('',(111.6877588203,81.722625953569,0.));
#7919 = CARTESIAN_POINT('',(111.69960535534,81.758115028455,0.));
#7920 = CARTESIAN_POINT('',(111.71144982516,81.793613529396,0.));
#7921 = CARTESIAN_POINT('',(111.72329221366,81.829121458956,0.));
#7922 = CARTESIAN_POINT('',(111.73513250447,81.864638819731,0.));
#7923 = CARTESIAN_POINT('',(111.74697068146,81.900165614306,0.));
#7924 = CARTESIAN_POINT('',(111.75880672819,81.935701845307,0.));
#7925 = CARTESIAN_POINT('',(111.77064062846,81.971247515306,0.));
#7926 = CARTESIAN_POINT('',(111.7824723659,82.006802626879,0.));
#7927 = CARTESIAN_POINT('',(111.79430192419,82.04236718263,0.));
#7928 = CARTESIAN_POINT('',(111.80612928697,82.077941185212,0.));
#7929 = CARTESIAN_POINT('',(111.81795443772,82.113524637259,0.));
#7930 = CARTESIAN_POINT('',(111.82977736028,82.149117541333,0.));
#7931 = CARTESIAN_POINT('',(111.84159803797,82.184719900085,0.));
#7932 = CARTESIAN_POINT('',(111.85341645458,82.220331716144,0.));
#7933 = CARTESIAN_POINT('',(111.86523259342,82.255952992181,0.));
#7934 = CARTESIAN_POINT('',(111.87704643817,82.291583730826,0.));
#7935 = CARTESIAN_POINT('',(111.88885797224,82.327223934713,0.));
#7936 = CARTESIAN_POINT('',(111.90066717915,82.362873606486,0.));
#7937 = CARTESIAN_POINT('',(111.91247404235,82.398532748828,0.));
#7938 = CARTESIAN_POINT('',(111.92427854522,82.434201364417,0.));
#7939 = CARTESIAN_POINT('',(111.93608067126,82.469879455889,0.));
#7940 = CARTESIAN_POINT('',(111.94788040383,82.505567025918,0.));
#7941 = CARTESIAN_POINT('',(111.95967772627,82.5412640772,0.));
#7942 = CARTESIAN_POINT('',(111.97147262201,82.57697061241,0.));
#7943 = CARTESIAN_POINT('',(111.98326507433,82.612686634255,0.));
#7944 = CARTESIAN_POINT('',(111.99505506656,82.648412145438,0.));
#7945 = CARTESIAN_POINT('',(112.00684258201,82.684147148642,0.));
#7946 = CARTESIAN_POINT('',(112.01862760395,82.719891646567,0.));
#7947 = CARTESIAN_POINT('',(112.03041011562,82.755645641908,0.));
#7948 = CARTESIAN_POINT('',(112.04219010033,82.791409137372,0.));
#7949 = CARTESIAN_POINT('',(112.05396754122,82.827182135726,0.));
#7950 = CARTESIAN_POINT('',(112.06574242149,82.862964639711,0.));
#7951 = CARTESIAN_POINT('',(112.07751472436,82.898756652011,0.));
#7952 = CARTESIAN_POINT('',(112.08928443299,82.934558175352,0.));
#7953 = CARTESIAN_POINT('',(112.1010515305,82.970369212515,0.));
#7954 = CARTESIAN_POINT('',(112.11281599996,83.006189766247,0.));
#7955 = CARTESIAN_POINT('',(112.12457782459,83.042019839257,0.));
#7956 = CARTESIAN_POINT('',(112.13633698736,83.077859434323,0.));
#7957 = CARTESIAN_POINT('',(112.14809347134,83.113708554203,0.));
#7958 = CARTESIAN_POINT('',(112.15984725968,83.149567201631,0.));
#7959 = CARTESIAN_POINT('',(112.17159833528,83.18543537943,0.));
#7960 = CARTESIAN_POINT('',(112.18334668112,83.221313090392,0.));
#7961 = CARTESIAN_POINT('',(112.19509228033,83.257200337248,0.));
#7962 = CARTESIAN_POINT('',(112.2068351157,83.293097122782,0.));
#7963 = CARTESIAN_POINT('',(112.21857517032,83.329003449782,0.));
#7964 = CARTESIAN_POINT('',(112.23031242702,83.364919321101,0.));
#7965 = CARTESIAN_POINT('',(112.24204686863,83.400844739536,0.));
#7966 = CARTESIAN_POINT('',(112.25377847825,83.436779707812,0.));
#7967 = CARTESIAN_POINT('',(112.26550723853,83.472724228763,0.));
#7968 = CARTESIAN_POINT('',(112.27723313243,83.508678305233,0.));
#7969 = CARTESIAN_POINT('',(112.2889561427,83.544641940058,0.));
#7970 = CARTESIAN_POINT('',(112.30067625216,83.580615136046,0.));
#7971 = CARTESIAN_POINT('',(112.31239344366,83.616597896012,0.));
#7972 = CARTESIAN_POINT('',(112.32410769983,83.652590222816,0.));
#7973 = CARTESIAN_POINT('',(112.33581900354,83.688592119284,0.));
#7974 = CARTESIAN_POINT('',(112.34752733742,83.724603588262,0.));
#7975 = CARTESIAN_POINT('',(112.35923268421,83.760624632603,0.));
#7976 = CARTESIAN_POINT('',(112.37093502659,83.796655255156,0.));
#7977 = CARTESIAN_POINT('',(112.38263434719,83.832695458781,0.));
#7978 = CARTESIAN_POINT('',(112.39433062872,83.868745246336,0.));
#7979 = CARTESIAN_POINT('',(112.40602385371,83.904804620711,0.));
#7980 = CARTESIAN_POINT('',(112.41771400484,83.940873584782,0.));
#7981 = CARTESIAN_POINT('',(112.42940106461,83.976952141413,0.));
#7982 = CARTESIAN_POINT('',(112.44108501567,84.013040293466,0.));
#7983 = CARTESIAN_POINT('',(112.45276584053,84.049138043869,0.));
#7984 = CARTESIAN_POINT('',(112.46444352163,84.085245395545,0.));
#7985 = CARTESIAN_POINT('',(112.47611804157,84.12136235134,0.));
#7986 = CARTESIAN_POINT('',(112.48778938282,84.15748891414,0.));
#7987 = CARTESIAN_POINT('',(112.49945752778,84.193625086885,0.));
#7988 = CARTESIAN_POINT('',(112.51112245894,84.229770872482,0.));
#7989 = CARTESIAN_POINT('',(112.52278415871,84.26592627384,0.));
#7990 = CARTESIAN_POINT('',(112.53444260949,84.30209129391,0.));
#7991 = CARTESIAN_POINT('',(112.54609779363,84.338265935632,0.));
#7992 = CARTESIAN_POINT('',(112.55774969351,84.374450201896,0.));
#7993 = CARTESIAN_POINT('',(112.56939829152,84.410644095625,0.));
#7994 = CARTESIAN_POINT('',(112.58104356989,84.446847619804,0.));
#7995 = CARTESIAN_POINT('',(112.59268551098,84.483060777398,0.));
#7996 = CARTESIAN_POINT('',(112.60432409701,84.519283571336,0.));
#7997 = CARTESIAN_POINT('',(112.6159593103,84.555516004521,0.));
#7998 = CARTESIAN_POINT('',(112.62759113312,84.591758079926,0.));
#7999 = CARTESIAN_POINT('',(112.63921954758,84.628009800589,0.));
#8000 = CARTESIAN_POINT('',(112.6508445359,84.664271169468,0.));
#8001 = CARTESIAN_POINT('',(112.66246608035,84.700542189483,0.));
#8002 = CARTESIAN_POINT('',(112.67408416303,84.736822863642,0.));
#8003 = CARTESIAN_POINT('',(112.685698766,84.77311319495,0.));
#8004 = CARTESIAN_POINT('',(112.69730987153,84.809413186344,0.));
#8005 = CARTESIAN_POINT('',(112.70891746163,84.84572284084,0.));
#8006 = CARTESIAN_POINT('',(112.72052151834,84.882042161482,0.));
#8007 = CARTESIAN_POINT('',(112.73212202379,84.918371151245,0.));
#8008 = CARTESIAN_POINT('',(112.74371895996,84.954709813104,0.));
#8009 = CARTESIAN_POINT('',(112.75531230897,84.991058150071,0.));
#8010 = CARTESIAN_POINT('',(112.76690205268,85.027416165222,0.));
#8011 = CARTESIAN_POINT('',(112.7784881731,85.063783861581,0.));
#8012 = CARTESIAN_POINT('',(112.79007065227,85.100161242122,0.));
#8013 = CARTESIAN_POINT('',(112.80164947203,85.136548309878,0.));
#8014 = CARTESIAN_POINT('',(112.81322461435,85.172945067903,0.));
#8015 = CARTESIAN_POINT('',(112.82479606109,85.209351519245,0.));
#8016 = CARTESIAN_POINT('',(112.83636379414,85.245767666952,0.));
#8017 = CARTESIAN_POINT('',(112.84792779533,85.282193514059,0.));
#8018 = CARTESIAN_POINT('',(112.85948804658,85.318629063611,0.));
#8019 = CARTESIAN_POINT('',(112.87104452956,85.355074318691,0.));
#8020 = CARTESIAN_POINT('',(112.8825972262,85.391529282352,0.));
#8021 = CARTESIAN_POINT('',(112.89414611818,85.42799395767,0.));
#8022 = CARTESIAN_POINT('',(112.90569118729,85.464468347719,0.));
#8023 = CARTESIAN_POINT('',(112.91723241524,85.500952455543,0.));
#8024 = CARTESIAN_POINT('',(112.92876978384,85.537446284237,0.));
#8025 = CARTESIAN_POINT('',(112.94030327459,85.573949836935,0.));
#8026 = CARTESIAN_POINT('',(112.95183286931,85.610463116692,0.));
#8027 = CARTESIAN_POINT('',(112.96335854965,85.646986126584,0.));
#8028 = CARTESIAN_POINT('',(112.97488029713,85.683518869732,0.));
#8029 = CARTESIAN_POINT('',(112.9863980935,85.720061349233,0.));
#8030 = CARTESIAN_POINT('',(112.99791192024,85.756613568229,0.));
#8031 = CARTESIAN_POINT('',(113.0094217589,85.793175529815,0.));
#8032 = CARTESIAN_POINT('',(113.02092759121,85.829747237062,0.));
#8033 = CARTESIAN_POINT('',(113.03242939848,85.86632869315,0.));
#8034 = CARTESIAN_POINT('',(113.0439271623,85.902919901203,0.));
#8035 = CARTESIAN_POINT('',(113.05542086422,85.939520864291,0.));
#8036 = CARTESIAN_POINT('',(113.06691048565,85.97613158559,0.));
#8037 = CARTESIAN_POINT('',(113.078396008,86.012752068299,0.));
#8038 = CARTESIAN_POINT('',(113.08987741272,86.049382315524,0.));
#8039 = CARTESIAN_POINT('',(113.10135468129,86.086022330357,0.));
#8040 = CARTESIAN_POINT('',(113.11282779499,86.122672115974,0.));
#8041 = CARTESIAN_POINT('',(113.12429673524,86.159331675563,0.));
#8042 = CARTESIAN_POINT('',(113.13576148337,86.196001012294,0.));
#8043 = CARTESIAN_POINT('',(113.14722202068,86.23268012932,0.));
#8044 = CARTESIAN_POINT('',(113.15867832852,86.269369029783,0.));
#8045 = CARTESIAN_POINT('',(113.17013038816,86.306067716873,0.));
#8046 = CARTESIAN_POINT('',(113.18157818081,86.342776193789,0.));
#8047 = CARTESIAN_POINT('',(113.19302168779,86.379494463712,0.));
#8048 = CARTESIAN_POINT('',(113.20446089025,86.416222529845,0.));
#8049 = CARTESIAN_POINT('',(113.21589576939,86.452960395351,0.));
#8050 = CARTESIAN_POINT('',(113.22732630652,86.489708063403,0.));
#8051 = CARTESIAN_POINT('',(113.2387524826,86.526465537249,0.));
#8052 = CARTESIAN_POINT('',(113.25017427888,86.563232820086,0.));
#8053 = CARTESIAN_POINT('',(113.26159167652,86.600009915104,0.));
#8054 = CARTESIAN_POINT('',(113.27300465649,86.636796825537,0.));
#8055 = CARTESIAN_POINT('',(113.28441319997,86.673593554585,0.));
#8056 = CARTESIAN_POINT('',(113.295817288,86.710400105486,0.));
#8057 = CARTESIAN_POINT('',(113.30721690154,86.747216481489,0.));
#8058 = CARTESIAN_POINT('',(113.31861202172,86.784042685801,0.));
#8059 = CARTESIAN_POINT('',(113.33000262941,86.820878721641,0.));
#8060 = CARTESIAN_POINT('',(113.34138870573,86.857724592232,0.));
#8061 = CARTESIAN_POINT('',(113.35277023147,86.894580300877,0.));
#8062 = CARTESIAN_POINT('',(113.36414718779,86.931445850751,0.));
#8063 = CARTESIAN_POINT('',(113.37551955487,86.96832124544,0.));
#8064 = CARTESIAN_POINT('',(113.38688731641,87.00520648686,0.));
#8065 = CARTESIAN_POINT('',(113.39825044274,87.04210158321,0.));
#8066 = CARTESIAN_POINT('',(113.40960895399,87.079006519239,0.));
#8067 = CARTESIAN_POINT('',(113.42096268468,87.115921367386,0.));
#8068 = CARTESIAN_POINT('',(113.43231216127,87.152845872943,0.));
#8069 = CARTESIAN_POINT('',(113.44365532783,87.189781002253,0.));
#8070 = CARTESIAN_POINT('',(113.45499976862,87.226723163049,0.));
#8071 = CARTESIAN_POINT('',(113.46631707892,87.263685781513,0.));
#8072 = CARTESIAN_POINT('',(113.47771320855,87.300618750519,0.));
#8073 = CARTESIAN_POINT('',(113.48879253242,87.337709146476,0.));
#8074 = CARTESIAN_POINT('',(113.50103191321,87.374258588313,0.));
#8075 = CARTESIAN_POINT('',(113.50784031381,87.407597992702,0.));
#8076 = CARTESIAN_POINT('',(113.51885873881,87.424834073592,-0.));
#8077 = CARTESIAN_POINT('',(113.524264292,87.430609678835,0.));
#8078 = CARTESIAN_POINT('',(103.59008706622,2.009634734864E-15,0.));
#8079 = CARTESIAN_POINT('',(113.524264292,87.430609678835,0.));
#8080 = ( GEOMETRIC_REPRESENTATION_CONTEXT(3) 
GLOBAL_UNCERTAINTY_ASSIGNED_CONTEXT((#8084)) 
GLOBAL_UNIT_ASSIGNED_CONTEXT((#8081,#8082,#8083)) REPRESENTATION_CONTEXT
('Context #1','3D Context with UNIT and UNCERTAINTY') );
#8081 = ( LENGTH_UNIT() NAMED_UNIT(*) SI_UNIT(.MILLI.,.METRE.) );
#8082 = ( NAMED_UNIT(*) PLANE_ANGLE_UNIT() SI_UNIT($,.RADIAN.) );
#8083 = ( NAMED_UNIT(*) SI_UNIT($,.STERADIAN.) SOLID_ANGLE_UNIT() );
#8084 = UNCERTAINTY_MEASURE_WITH_UNIT(LENGTH_MEASURE(1.E-07),#8081,
  'distance_accuracy_value','confusion accuracy');
#8085 = CONTEXT_DEPENDENT_SHAPE_REPRESENTATION(#8086,#8088);
#8086 = ( REPRESENTATION_RELATIONSHIP('','',#4071,#10) 
REPRESENTATION_RELATIONSHIP_WITH_TRANSFORMATION(#8087) 
SHAPE_REPRESENTATION_RELATIONSHIP() );
#8087 = ITEM_DEFINED_TRANSFORMATION('','',#11,#19);
#8088 = PRODUCT_DEFINITION_SHAPE('Placement','Placement of an item',
  #8089);
#8089 = NEXT_ASSEMBLY_USAGE_OCCURRENCE('2','','',#5,#4066,$);
#8090 = PRODUCT_RELATED_PRODUCT_CATEGORY('part',$,(#4068));
#8091 = SHAPE_DEFINITION_REPRESENTATION(#8092,#8098);
#8092 = PRODUCT_DEFINITION_SHAPE('','',#8093);
#8093 = PRODUCT_DEFINITION('design','',#8094,#8097);
#8094 = PRODUCT_DEFINITION_FORMATION('','',#8095);
#8095 = PRODUCT('Open CASCADE STEP translator 7.9 1.3',
  'Open CASCADE STEP translator 7.9 1.3','',(#8096));
#8096 = PRODUCT_CONTEXT('',#2,'mechanical');
#8097 = PRODUCT_DEFINITION_CONTEXT('part definition',#2,'design');
#8098 = GEOMETRICALLY_BOUNDED_WIREFRAME_SHAPE_REPRESENTATION('',(#11,
    #8099),#8108);
#8099 = GEOMETRIC_CURVE_SET('',(#8100));
#8100 = TRIMMED_CURVE('',#8101,(#8106,PARAMETER_VALUE(0.)),(#8107,
    PARAMETER_VALUE(6.28318530718)),.T.,.PARAMETER.);
#8101 = CIRCLE('',#8102,2.);
#8102 = AXIS2_PLACEMENT_3D('',#8103,#8104,#8105);
#8103 = CARTESIAN_POINT('',(0.,0.,0.));
#8104 = DIRECTION('',(0.,0.,1.));
#8105 = DIRECTION('',(1.,0.,-0.));
#8106 = CARTESIAN_POINT('',(2.,0.,0.));
#8107 = CARTESIAN_POINT('',(2.,0.,0.));
#8108 = ( GEOMETRIC_REPRESENTATION_CONTEXT(3) 
GLOBAL_UNCERTAINTY_ASSIGNED_CONTEXT((#8112)) 
GLOBAL_UNIT_ASSIGNED_CONTEXT((#8109,#8110,#8111)) REPRESENTATION_CONTEXT
('Context #1','3D Context with UNIT and UNCERTAINTY') );
#8109 = ( LENGTH_UNIT() NAMED_UNIT(*) SI_UNIT(.MILLI.,.METRE.) );
#8110 = ( NAMED_UNIT(*) PLANE_ANGLE_UNIT() SI_UNIT($,.RADIAN.) );
#8111 = ( NAMED_UNIT(*) SI_UNIT($,.STERADIAN.) SOLID_ANGLE_UNIT() );
#8112 = UNCERTAINTY_MEASURE_WITH_UNIT(LENGTH_MEASURE(1.E-07),#8109,
  'distance_accuracy_value','confusion accuracy');
#8113 = CONTEXT_DEPENDENT_SHAPE_REPRESENTATION(#8114,#8116);
#8114 = ( REPRESENTATION_RELATIONSHIP('','',#8098,#10) 
REPRESENTATION_RELATIONSHIP_WITH_TRANSFORMATION(#8115) 
SHAPE_REPRESENTATION_RELATIONSHIP() );
#8115 = ITEM_DEFINED_TRANSFORMATION('','',#11,#23);
#8116 = PRODUCT_DEFINITION_SHAPE('Placement','Placement of an item',
  #8117);
#8117 = NEXT_ASSEMBLY_USAGE_OCCURRENCE('3','','',#5,#8093,$);
#8118 = PRODUCT_RELATED_PRODUCT_CATEGORY('part',$,(#8095));
#8119 = SHAPE_DEFINITION_REPRESENTATION(#8120,#8126);
#8120 = PRODUCT_DEFINITION_SHAPE('','',#8121);
#8121 = PRODUCT_DEFINITION('design','',#8122,#8125);
#8122 = PRODUCT_DEFINITION_FORMATION('','',#8123);
#8123 = PRODUCT('Open CASCADE STEP translator 7.9 1.4',
  'Open CASCADE STEP translator 7.9 1.4','',(#8124));
#8124 = PRODUCT_CONTEXT('',#2,'mechanical');
#8125 = PRODUCT_DEFINITION_CONTEXT('part definition',#2,'design');
#8126 = GEOMETRICALLY_BOUNDED_WIREFRAME_SHAPE_REPRESENTATION('',(#11,
    #8127),#8136);
#8127 = GEOMETRIC_CURVE_SET('',(#8128));
#8128 = TRIMMED_CURVE('',#8129,(#8134,PARAMETER_VALUE(0.)),(#8135,
    PARAMETER_VALUE(6.28318530718)),.T.,.PARAMETER.);
#8129 = CIRCLE('',#8130,2.);
#8130 = AXIS2_PLACEMENT_3D('',#8131,#8132,#8133);
#8131 = CARTESIAN_POINT('',(120.,0.,0.));
#8132 = DIRECTION('',(0.,0.,1.));
#8133 = DIRECTION('',(1.,0.,-0.));
#8134 = CARTESIAN_POINT('',(122.,0.,0.));
#8135 = CARTESIAN_POINT('',(122.,0.,0.));
#8136 = ( GEOMETRIC_REPRESENTATION_CONTEXT(3) 
GLOBAL_UNCERTAINTY_ASSIGNED_CONTEXT((#8140)) 
GLOBAL_UNIT_ASSIGNED_CONTEXT((#8137,#8138,#8139)) REPRESENTATION_CONTEXT
('Context #1','3D Context with UNIT and UNCERTAINTY') );
#8137 = ( LENGTH_UNIT() NAMED_UNIT(*) SI_UNIT(.MILLI.,.METRE.) );
#8138 = ( NAMED_UNIT(*) PLANE_ANGLE_UNIT() SI_UNIT($,.RADIAN.) );
#8139 = ( NAMED_UNIT(*) SI_UNIT($,.STERADIAN.) SOLID_ANGLE_UNIT() );
#8140 = UNCERTAINTY_MEASURE_WITH_UNIT(LENGTH_MEASURE(1.E-07),#8137,
  'distance_accuracy_value','confusion accuracy');
#8141 = CONTEXT_DEPENDENT_SHAPE_REPRESENTATION(#8142,#8144);
#8142 = ( REPRESENTATION_RELATIONSHIP('','',#8126,#10) 
REPRESENTATION_RELATIONSHIP_WITH_TRANSFORMATION(#8143) 
SHAPE_REPRESENTATION_RELATIONSHIP() );
#8143 = ITEM_DEFINED_TRANSFORMATION('','',#11,#27);
#8144 = PRODUCT_DEFINITION_SHAPE('Placement','Placement of an item',
  #8145);
#8145 = NEXT_ASSEMBLY_USAGE_OCCURRENCE('4','','',#5,#8121,$);
#8146 = PRODUCT_RELATED_PRODUCT_CATEGORY('part',$,(#8123));
ENDSEC;
END-ISO-10303-21;
