ISO-10303-21;
HEADER;
FILE_DESCRIPTION(('Open CASCADE Model'),'2;1');
FILE_NAME('Open CASCADE Shape Model','2026-08-10T18:28:23',('Author'),(
    'Open CASCADE'),'Open CASCADE STEP processor 7.9','Open CASCADE 7.9'
  ,'Unknown');
FILE_SCHEMA(('AUTOMOTIVE_DESIGN { 1 0 10303 214 1 1 1 1 }'));
ENDSEC;
DATA;
#1 = APPLICATION_PROTOCOL_DEFINITION('international standard',
  'automotive_design',2000,#2);
#2 = APPLICATION_CONTEXT(
  'core data for automotive mechanical design processes');
#3 = SHAPE_DEFINITION_REPRESENTATION(#4,#10);
#4 = PRODUCT_DEFINITION_SHAPE('','',#5);
#5 = PRODUCT_DEFINITION('design','',#6,#9);
#6 = PRODUCT_DEFINITION_FORMATION('','',#7);
#7 = PRODUCT('Open CASCADE STEP translator 7.9 4',
  'Open CASCADE STEP translator 7.9 4','',(#8));
#8 = PRODUCT_CONTEXT('',#2,'mechanical');
#9 = PRODUCT_DEFINITION_CONTEXT('part definition',#2,'design');
#10 = SHAPE_REPRESENTATION('',(#11,#15,#19,#23,#27),#31);
#11 = AXIS2_PLACEMENT_3D('',#12,#13,#14);
#12 = CARTESIAN_POINT('',(0.,0.,0.));
#13 = DIRECTION('',(0.,0.,1.));
#14 = DIRECTION('',(1.,0.,-0.));
#15 = AXIS2_PLACEMENT_3D('',#16,#17,#18);
#16 = CARTESIAN_POINT('',(0.,0.,0.));
#17 = DIRECTION('',(0.,0.,1.));
#18 = DIRECTION('',(1.,0.,-0.));
#19 = AXIS2_PLACEMENT_3D('',#20,#21,#22);
#20 = CARTESIAN_POINT('',(0.,0.,0.));
#21 = DIRECTION('',(0.,0.,1.));
#22 = DIRECTION('',(1.,0.,-0.));
#23 = AXIS2_PLACEMENT_3D('',#24,#25,#26);
#24 = CARTESIAN_POINT('',(0.,0.,0.));
#25 = DIRECTION('',(0.,0.,1.));
#26 = DIRECTION('',(1.,0.,-0.));
#27 = AXIS2_PLACEMENT_3D('',#28,#29,#30);
#28 = CARTESIAN_POINT('',(0.,0.,0.));
#29 = DIRECTION('',(0.,0.,1.));
#30 = DIRECTION('',(1.,0.,-0.));
#31 = ( GEOMETRIC_REPRESENTATION_CONTEXT(3) 
GLOBAL_UNCERTAINTY_ASSIGNED_CONTEXT((#35)) GLOBAL_UNIT_ASSIGNED_CONTEXT(
(#32,#33,#34)) REPRESENTATION_CONTEXT('Context #1',
  '3D Context with UNIT and UNCERTAINTY') );
#32 = ( LENGTH_UNIT() NAMED_UNIT(*) SI_UNIT(.MILLI.,.METRE.) );
#33 = ( NAMED_UNIT(*) PLANE_ANGLE_UNIT() SI_UNIT($,.RADIAN.) );
#34 = ( NAMED_UNIT(*) SI_UNIT($,.STERADIAN.) SOLID_ANGLE_UNIT() );
#35 = UNCERTAINTY_MEASURE_WITH_UNIT(LENGTH_MEASURE(1.E-07),#32,
  'distance_accuracy_value','confusion accuracy');
#36 = PRODUCT_RELATED_PRODUCT_CATEGORY('part',$,(#7));
#37 = SHAPE_DEFINITION_REPRESENTATION(#38,#44);
#38 = PRODUCT_DEFINITION_SHAPE('','',#39);
#39 = PRODUCT_DEFINITION('design','',#40,#43);
#40 = PRODUCT_DEFINITION_FORMATION('','',#41);
#41 = PRODUCT('Open CASCADE STEP translator 7.9 4.1',
  'Open CASCADE STEP translator 7.9 4.1','',(#42));
#42 = PRODUCT_CONTEXT('',#2,'mechanical');
#43 = PRODUCT_DEFINITION_CONTEXT('part definition',#2,'design');
#44 = GEOMETRICALLY_BOUNDED_WIREFRAME_SHAPE_REPRESENTATION('',(#11,#45),
  #4565);
#45 = GEOMETRIC_CURVE_SET('',(#46));
#46 = TRIMMED_CURVE('',#47,(#4563,PARAMETER_VALUE(0.)),(#4564,
    PARAMETER_VALUE(162.19699054652)),.T.,.PARAMETER.);
#47 = B_SPLINE_CURVE_WITH_KNOTS('',3,(#48,#49,#50,#51,#52,#53,#54,#55,
    #56,#57,#58,#59,#60,#61,#62,#63,#64,#65,#66,#67,#68,#69,#70,#71,#72,
    #73,#74,#75,#76,#77,#78,#79,#80,#81,#82,#83,#84,#85,#86,#87,#88,#89,
    #90,#91,#92,#93,#94,#95,#96,#97,#98,#99,#100,#101,#102,#103,#104,
    #105,#106,#107,#108,#109,#110,#111,#112,#113,#114,#115,#116,#117,
    #118,#119,#120,#121,#122,#123,#124,#125,#126,#127,#128,#129,#130,
    #131,#132,#133,#134,#135,#136,#137,#138,#139,#140,#141,#142,#143,
    #144,#145,#146,#147,#148,#149,#150,#151,#152,#153,#154,#155,#156,
    #157,#158,#159,#160,#161,#162,#163,#164,#165,#166,#167,#168,#169,
    #170,#171,#172,#173,#174,#175,#176,#177,#178,#179,#180,#181,#182,
    #183,#184,#185,#186,#187,#188,#189,#190,#191,#192,#193,#194,#195,
    #196,#197,#198,#199,#200,#201,#202,#203,#204,#205,#206,#207,#208,
    #209,#210,#211,#212,#213,#214,#215,#216,#217,#218,#219,#220,#221,
    #222,#223,#224,#225,#226,#227,#228,#229,#230,#231,#232,#233,#234,
    #235,#236,#237,#238,#239,#240,#241,#242,#243,#244,#245,#246,#247,
    #248,#249,#250,#251,#252,#253,#254,#255,#256,#257,#258,#259,#260,
    #261,#262,#263,#264,#265,#266,#267,#268,#269,#270,#271,#272,#273,
    #274,#275,#276,#277,#278,#279,#280,#281,#282,#283,#284,#285,#286,
    #287,#288,#289,#290,#291,#292,#293,#294,#295,#296,#297,#298,#299,
    #300,#301,#302,#303,#304,#305,#306,#307,#308,#309,#310,#311,#312,
    #313,#314,#315,#316,#317,#318,#319,#320,#321,#322,#323,#324,#325,
    #326,#327,#328,#329,#330,#331,#332,#333,#334,#335,#336,#337,#338,
    #339,#340,#341,#342,#343,#344,#345,#346,#347,#348,#349,#350,#351,
    #352,#353,#354,#355,#356,#357,#358,#359,#360,#361,#362,#363,#364,
    #365,#366,#367,#368,#369,#370,#371,#372,#373,#374,#375,#376,#377,
    #378,#379,#380,#381,#382,#383,#384,#385,#386,#387,#388,#389,#390,
    #391,#392,#393,#394,#395,#396,#397,#398,#399,#400,#401,#402,#403,
    #404,#405,#406,#407,#408,#409,#410,#411,#412,#413,#414,#415,#416,
    #417,#418,#419,#420,#421,#422,#423,#424,#425,#426,#427,#428,#429,
    #430,#431,#432,#433,#434,#435,#436,#437,#438,#439,#440,#441,#442,
    #443,#444,#445,#446,#447,#448,#449,#450,#451,#452,#453,#454,#455,
    #456,#457,#458,#459,#460,#461,#462,#463,#464,#465,#466,#467,#468,
    #469,#470,#471,#472,#473,#474,#475,#476,#477,#478,#479,#480,#481,
    #482,#483,#484,#485,#486,#487,#488,#489,#490,#491,#492,#493,#494,
    #495,#496,#497,#498,#499,#500,#501,#502,#503,#504,#505,#506,#507,
    #508,#509,#510,#511,#512,#513,#514,#515,#516,#517,#518,#519,#520,
    #521,#522,#523,#524,#525,#526,#527,#528,#529,#530,#531,#532,#533,
    #534,#535,#536,#537,#538,#539,#540,#541,#542,#543,#544,#545,#546,
    #547,#548,#549,#550,#551,#552,#553,#554,#555,#556,#557,#558,#559,
    #560,#561,#562,#563,#564,#565,#566,#567,#568,#569,#570,#571,#572,
    #573,#574,#575,#576,#577,#578,#579,#580,#581,#582,#583,#584,#585,
    #586,#587,#588,#589,#590,#591,#592,#593,#594,#595,#596,#597,#598,
    #599,#600,#601,#602,#603,#604,#605,#606,#607,#608,#609,#610,#611,
    #612,#613,#614,#615,#616,#617,#618,#619,#620,#621,#622,#623,#624,
    #625,#626,#627,#628,#629,#630,#631,#632,#633,#634,#635,#636,#637,
    #638,#639,#640,#641,#642,#643,#644,#645,#646,#647,#648,#649,#650,
    #651,#652,#653,#654,#655,#656,#657,#658,#659,#660,#661,#662,#663,
    #664,#665,#666,#667,#668,#669,#670,#671,#672,#673,#674,#675,#676,
    #677,#678,#679,#680,#681,#682,#683,#684,#685,#686,#687,#688,#689,
    #690,#691,#692,#693,#694,#695,#696,#697,#698,#699,#700,#701,#702,
    #703,#704,#705,#706,#707,#708,#709,#710,#711,#712,#713,#714,#715,
    #716,#717,#718,#719,#720,#721,#722,#723,#724,#725,#726,#727,#728,
    #729,#730,#731,#732,#733,#734,#735,#736,#737,#738,#739,#740,#741,
    #742,#743,#744,#745,#746,#747,#748,#749,#750,#751,#752,#753,#754,
    #755,#756,#757,#758,#759,#760,#761,#762,#763,#764,#765,#766,#767,
    #768,#769,#770,#771,#772,#773,#774,#775,#776,#777,#778,#779,#780,
    #781,#782,#783,#784,#785,#786,#787,#788,#789,#790,#791,#792,#793,
    #794,#795,#796,#797,#798,#799,#800,#801,#802,#803,#804,#805,#806,
    #807,#808,#809,#810,#811,#812,#813,#814,#815,#816,#817,#818,#819,
    #820,#821,#822,#823,#824,#825,#826,#827,#828,#829,#830,#831,#832,
    #833,#834,#835,#836,#837,#838,#839,#840,#841,#842,#843,#844,#845,
    #846,#847,#848,#849,#850,#851,#852,#853,#854,#855,#856,#857,#858,
    #859,#860,#861,#862,#863,#864,#865,#866,#867,#868,#869,#870,#871,
    #872,#873,#874,#875,#876,#877,#878,#879,#880,#881,#882,#883,#884,
    #885,#886,#887,#888,#889,#890,#891,#892,#893,#894,#895,#896,#897,
    #898,#899,#900,#901,#902,#903,#904,#905,#906,#907,#908,#909,#910,
    #911,#912,#913,#914,#915,#916,#917,#918,#919,#920,#921,#922,#923,
    #924,#925,#926,#927,#928,#929,#930,#931,#932,#933,#934,#935,#936,
    #937,#938,#939,#940,#941,#942,#943,#944,#945,#946,#947,#948,#949,
    #950,#951,#952,#953,#954,#955,#956,#957,#958,#959,#960,#961,#962,
    #963,#964,#965,#966,#967,#968,#969,#970,#971,#972,#973,#974,#975,
    #976,#977,#978,#979,#980,#981,#982,#983,#984,#985,#986,#987,#988,
    #989,#990,#991,#992,#993,#994,#995,#996,#997,#998,#999,#1000,#1001,
    #1002,#1003,#1004,#1005,#1006,#1007,#1008,#1009,#1010,#1011,#1012,
    #1013,#1014,#1015,#1016,#1017,#1018,#1019,#1020,#1021,#1022,#1023,
    #1024,#1025,#1026,#1027,#1028,#1029,#1030,#1031,#1032,#1033,#1034,
    #1035,#1036,#1037,#1038,#1039,#1040,#1041,#1042,#1043,#1044,#1045,
    #1046,#1047,#1048,#1049,#1050,#1051,#1052,#1053,#1054,#1055,#1056,
    #1057,#1058,#1059,#1060,#1061,#1062,#1063,#1064,#1065,#1066,#1067,
    #1068,#1069,#1070,#1071,#1072,#1073,#1074,#1075,#1076,#1077,#1078,
    #1079,#1080,#1081,#1082,#1083,#1084,#1085,#1086,#1087,#1088,#1089,
    #1090,#1091,#1092,#1093,#1094,#1095,#1096,#1097,#1098,#1099,#1100,
    #1101,#1102,#1103,#1104,#1105,#1106,#1107,#1108,#1109,#1110,#1111,
    #1112,#1113,#1114,#1115,#1116,#1117,#1118,#1119,#1120,#1121,#1122,
    #1123,#1124,#1125,#1126,#1127,#1128,#1129,#1130,#1131,#1132,#1133,
    #1134,#1135,#1136,#1137,#1138,#1139,#1140,#1141,#1142,#1143,#1144,
    #1145,#1146,#1147,#1148,#1149,#1150,#1151,#1152,#1153,#1154,#1155,
    #1156,#1157,#1158,#1159,#1160,#1161,#1162,#1163,#1164,#1165,#1166,
    #1167,#1168,#1169,#1170,#1171,#1172,#1173,#1174,#1175,#1176,#1177,
    #1178,#1179,#1180,#1181,#1182,#1183,#1184,#1185,#1186,#1187,#1188,
    #1189,#1190,#1191,#1192,#1193,#1194,#1195,#1196,#1197,#1198,#1199,
    #1200,#1201,#1202,#1203,#1204,#1205,#1206,#1207,#1208,#1209,#1210,
    #1211,#1212,#1213,#1214,#1215,#1216,#1217,#1218,#1219,#1220,#1221,
    #1222,#1223,#1224,#1225,#1226,#1227,#1228,#1229,#1230,#1231,#1232,
    #1233,#1234,#1235,#1236,#1237,#1238,#1239,#1240,#1241,#1242,#1243,
    #1244,#1245,#1246,#1247,#1248,#1249,#1250,#1251,#1252,#1253,#1254,
    #1255,#1256,#1257,#1258,#1259,#1260,#1261,#1262,#1263,#1264,#1265,
    #1266,#1267,#1268,#1269,#1270,#1271,#1272,#1273,#1274,#1275,#1276,
    #1277,#1278,#1279,#1280,#1281,#1282,#1283,#1284,#1285,#1286,#1287,
    #1288,#1289,#1290,#1291,#1292,#1293,#1294,#1295,#1296,#1297,#1298,
    #1299,#1300,#1301,#1302,#1303,#1304,#1305,#1306,#1307,#1308,#1309,
    #1310,#1311,#1312,#1313,#1314,#1315,#1316,#1317,#1318,#1319,#1320,
    #1321,#1322,#1323,#1324,#1325,#1326,#1327,#1328,#1329,#1330,#1331,
    #1332,#1333,#1334,#1335,#1336,#1337,#1338,#1339,#1340,#1341,#1342,
    #1343,#1344,#1345,#1346,#1347,#1348,#1349,#1350,#1351,#1352,#1353,
    #1354,#1355,#1356,#1357,#1358,#1359,#1360,#1361,#1362,#1363,#1364,
    #1365,#1366,#1367,#1368,#1369,#1370,#1371,#1372,#1373,#1374,#1375,
    #1376,#1377,#1378,#1379,#1380,#1381,#1382,#1383,#1384,#1385,#1386,
    #1387,#1388,#1389,#1390,#1391,#1392,#1393,#1394,#1395,#1396,#1397,
    #1398,#1399,#1400,#1401,#1402,#1403,#1404,#1405,#1406,#1407,#1408,
    #1409,#1410,#1411,#1412,#1413,#1414,#1415,#1416,#1417,#1418,#1419,
    #1420,#1421,#1422,#1423,#1424,#1425,#1426,#1427,#1428,#1429,#1430,
    #1431,#1432,#1433,#1434,#1435,#1436,#1437,#1438,#1439,#1440,#1441,
    #1442,#1443,#1444,#1445,#1446,#1447,#1448,#1449,#1450,#1451,#1452,
    #1453,#1454,#1455,#1456,#1457,#1458,#1459,#1460,#1461,#1462,#1463,
    #1464,#1465,#1466,#1467,#1468,#1469,#1470,#1471,#1472,#1473,#1474,
    #1475,#1476,#1477,#1478,#1479,#1480,#1481,#1482,#1483,#1484,#1485,
    #1486,#1487,#1488,#1489,#1490,#1491,#1492,#1493,#1494,#1495,#1496,
    #1497,#1498,#1499,#1500,#1501,#1502,#1503,#1504,#1505,#1506,#1507,
    #1508,#1509,#1510,#1511,#1512,#1513,#1514,#1515,#1516,#1517,#1518,
    #1519,#1520,#1521,#1522,#1523,#1524,#1525,#1526,#1527,#1528,#1529,
    #1530,#1531,#1532,#1533,#1534,#1535,#1536,#1537,#1538,#1539,#1540,
    #1541,#1542,#1543,#1544,#1545,#1546,#1547,#1548,#1549,#1550,#1551,
    #1552,#1553,#1554,#1555,#1556,#1557,#1558,#1559,#1560,#1561,#1562,
    #1563,#1564,#1565,#1566,#1567,#1568,#1569,#1570,#1571,#1572,#1573,
    #1574,#1575,#1576,#1577,#1578,#1579,#1580,#1581,#1582,#1583,#1584,
    #1585,#1586,#1587,#1588,#1589,#1590,#1591,#1592,#1593,#1594,#1595,
    #1596,#1597,#1598,#1599,#1600,#1601,#1602,#1603,#1604,#1605,#1606,
    #1607,#1608,#1609,#1610,#1611,#1612,#1613,#1614,#1615,#1616,#1617,
    #1618,#1619,#1620,#1621,#1622,#1623,#1624,#1625,#1626,#1627,#1628,
    #1629,#1630,#1631,#1632,#1633,#1634,#1635,#1636,#1637,#1638,#1639,
    #1640,#1641,#1642,#1643,#1644,#1645,#1646,#1647,#1648,#1649,#1650,
    #1651,#1652,#1653,#1654,#1655,#1656,#1657,#1658,#1659,#1660,#1661,
    #1662,#1663,#1664,#1665,#1666,#1667,#1668,#1669,#1670,#1671,#1672,
    #1673,#1674,#1675,#1676,#1677,#1678,#1679,#1680,#1681,#1682,#1683,
    #1684,#1685,#1686,#1687,#1688,#1689,#1690,#1691,#1692,#1693,#1694,
    #1695,#1696,#1697,#1698,#1699,#1700,#1701,#1702,#1703,#1704,#1705,
    #1706,#1707,#1708,#1709,#1710,#1711,#1712,#1713,#1714,#1715,#1716,
    #1717,#1718,#1719,#1720,#1721,#1722,#1723,#1724,#1725,#1726,#1727,
    #1728,#1729,#1730,#1731,#1732,#1733,#1734,#1735,#1736,#1737,#1738,
    #1739,#1740,#1741,#1742,#1743,#1744,#1745,#1746,#1747,#1748,#1749,
    #1750,#1751,#1752,#1753,#1754,#1755,#1756,#1757,#1758,#1759,#1760,
    #1761,#1762,#1763,#1764,#1765,#1766,#1767,#1768,#1769,#1770,#1771,
    #1772,#1773,#1774,#1775,#1776,#1777,#1778,#1779,#1780,#1781,#1782,
    #1783,#1784,#1785,#1786,#1787,#1788,#1789,#1790,#1791,#1792,#1793,
    #1794,#1795,#1796,#1797,#1798,#1799,#1800,#1801,#1802,#1803,#1804,
    #1805,#1806,#1807,#1808,#1809,#1810,#1811,#1812,#1813,#1814,#1815,
    #1816,#1817,#1818,#1819,#1820,#1821,#1822,#1823,#1824,#1825,#1826,
    #1827,#1828,#1829,#1830,#1831,#1832,#1833,#1834,#1835,#1836,#1837,
    #1838,#1839,#1840,#1841,#1842,#1843,#1844,#1845,#1846,#1847,#1848,
    #1849,#1850,#1851,#1852,#1853,#1854,#1855,#1856,#1857,#1858,#1859,
    #1860,#1861,#1862,#1863,#1864,#1865,#1866,#1867,#1868,#1869,#1870,
    #1871,#1872,#1873,#1874,#1875,#1876,#1877,#1878,#1879,#1880,#1881,
    #1882,#1883,#1884,#1885,#1886,#1887,#1888,#1889,#1890,#1891,#1892,
    #1893,#1894,#1895,#1896,#1897,#1898,#1899,#1900,#1901,#1902,#1903,
    #1904,#1905,#1906,#1907,#1908,#1909,#1910,#1911,#1912,#1913,#1914,
    #1915,#1916,#1917,#1918,#1919,#1920,#1921,#1922,#1923,#1924,#1925,
    #1926,#1927,#1928,#1929,#1930,#1931,#1932,#1933,#1934,#1935,#1936,
    #1937,#1938,#1939,#1940,#1941,#1942,#1943,#1944,#1945,#1946,#1947,
    #1948,#1949,#1950,#1951,#1952,#1953,#1954,#1955,#1956,#1957,#1958,
    #1959,#1960,#1961,#1962,#1963,#1964,#1965,#1966,#1967,#1968,#1969,
    #1970,#1971,#1972,#1973,#1974,#1975,#1976,#1977,#1978,#1979,#1980,
    #1981,#1982,#1983,#1984,#1985,#1986,#1987,#1988,#1989,#1990,#1991,
    #1992,#1993,#1994,#1995,#1996,#1997,#1998,#1999,#2000,#2001,#2002,
    #2003,#2004,#2005,#2006,#2007,#2008,#2009,#2010,#2011,#2012,#2013,
    #2014,#2015,#2016,#2017,#2018,#2019,#2020,#2021,#2022,#2023,#2024,
    #2025,#2026,#2027,#2028,#2029,#2030,#2031,#2032,#2033,#2034,#2035,
    #2036,#2037,#2038,#2039,#2040,#2041,#2042,#2043,#2044,#2045,#2046,
    #2047,#2048,#2049,#2050,#2051,#2052,#2053,#2054,#2055,#2056,#2057,
    #2058,#2059,#2060,#2061,#2062,#2063,#2064,#2065,#2066,#2067,#2068,
    #2069,#2070,#2071,#2072,#2073,#2074,#2075,#2076,#2077,#2078,#2079,
    #2080,#2081,#2082,#2083,#2084,#2085,#2086,#2087,#2088,#2089,#2090,
    #2091,#2092,#2093,#2094,#2095,#2096,#2097,#2098,#2099,#2100,#2101,
    #2102,#2103,#2104,#2105,#2106,#2107,#2108,#2109,#2110,#2111,#2112,
    #2113,#2114,#2115,#2116,#2117,#2118,#2119,#2120,#2121,#2122,#2123,
    #2124,#2125,#2126,#2127,#2128,#2129,#2130,#2131,#2132,#2133,#2134,
    #2135,#2136,#2137,#2138,#2139,#2140,#2141,#2142,#2143,#2144,#2145,
    #2146,#2147,#2148,#2149,#2150,#2151,#2152,#2153,#2154,#2155,#2156,
    #2157,#2158,#2159,#2160,#2161,#2162,#2163,#2164,#2165,#2166,#2167,
    #2168,#2169,#2170,#2171,#2172,#2173,#2174,#2175,#2176,#2177,#2178,
    #2179,#2180,#2181,#2182,#2183,#2184,#2185,#2186,#2187,#2188,#2189,
    #2190,#2191,#2192,#2193,#2194,#2195,#2196,#2197,#2198,#2199,#2200,
    #2201,#2202,#2203,#2204,#2205,#2206,#2207,#2208,#2209,#2210,#2211,
    #2212,#2213,#2214,#2215,#2216,#2217,#2218,#2219,#2220,#2221,#2222,
    #2223,#2224,#2225,#2226,#2227,#2228,#2229,#2230,#2231,#2232,#2233,
    #2234,#2235,#2236,#2237,#2238,#2239,#2240,#2241,#2242,#2243,#2244,
    #2245,#2246,#2247,#2248,#2249,#2250,#2251,#2252,#2253,#2254,#2255,
    #2256,#2257,#2258,#2259,#2260,#2261,#2262,#2263,#2264,#2265,#2266,
    #2267,#2268,#2269,#2270,#2271,#2272,#2273,#2274,#2275,#2276,#2277,
    #2278,#2279,#2280,#2281,#2282,#2283,#2284,#2285,#2286,#2287,#2288,
    #2289,#2290,#2291,#2292,#2293,#2294,#2295,#2296,#2297,#2298,#2299,
    #2300,#2301,#2302,#2303,#2304,#2305,#2306,#2307,#2308,#2309,#2310,
    #2311,#2312,#2313,#2314,#2315,#2316,#2317,#2318,#2319,#2320,#2321,
    #2322,#2323,#2324,#2325,#2326,#2327,#2328,#2329,#2330,#2331,#2332,
    #2333,#2334,#2335,#2336,#2337,#2338,#2339,#2340,#2341,#2342,#2343,
    #2344,#2345,#2346,#2347,#2348,#2349,#2350,#2351,#2352,#2353,#2354,
    #2355,#2356,#2357,#2358,#2359,#2360,#2361,#2362,#2363,#2364,#2365,
    #2366,#2367,#2368,#2369,#2370,#2371,#2372,#2373,#2374,#2375,#2376,
    #2377,#2378,#2379,#2380,#2381,#2382,#2383,#2384,#2385,#2386,#2387,
    #2388,#2389,#2390,#2391,#2392,#2393,#2394,#2395,#2396,#2397,#2398,
    #2399,#2400,#2401,#2402,#2403,#2404,#2405,#2406,#2407,#2408,#2409,
    #2410,#2411,#2412,#2413,#2414,#2415,#2416,#2417,#2418,#2419,#2420,
    #2421,#2422,#2423,#2424,#2425,#2426,#2427,#2428,#2429,#2430,#2431,
    #2432,#2433,#2434,#2435,#2436,#2437,#2438,#2439,#2440,#2441,#2442,
    #2443,#2444,#2445,#2446,#2447,#2448,#2449,#2450,#2451,#2452,#2453,
    #2454,#2455,#2456,#2457,#2458,#2459,#2460,#2461,#2462,#2463,#2464,
    #2465,#2466,#2467,#2468,#2469,#2470,#2471,#2472,#2473,#2474,#2475,
    #2476,#2477,#2478,#2479,#2480,#2481,#2482,#2483,#2484,#2485,#2486,
    #2487,#2488,#2489,#2490,#2491,#2492,#2493,#2494,#2495,#2496,#2497,
    #2498,#2499,#2500,#2501,#2502,#2503,#2504,#2505,#2506,#2507,#2508,
    #2509,#2510,#2511,#2512,#2513,#2514,#2515,#2516,#2517,#2518,#2519,
    #2520,#2521,#2522,#2523,#2524,#2525,#2526,#2527,#2528,#2529,#2530,
    #2531,#2532,#2533,#2534,#2535,#2536,#2537,#2538,#2539,#2540,#2541,
    #2542,#2543,#2544,#2545,#2546,#2547,#2548,#2549,#2550,#2551,#2552,
    #2553,#2554,#2555,#2556,#2557,#2558,#2559,#2560,#2561,#2562,#2563,
    #2564,#2565,#2566,#2567,#2568,#2569,#2570,#2571,#2572,#2573,#2574,
    #2575,#2576,#2577,#2578,#2579,#2580,#2581,#2582,#2583,#2584,#2585,
    #2586,#2587,#2588,#2589,#2590,#2591,#2592,#2593,#2594,#2595,#2596,
    #2597,#2598,#2599,#2600,#2601,#2602,#2603,#2604,#2605,#2606,#2607,
    #2608,#2609,#2610,#2611,#2612,#2613,#2614,#2615,#2616,#2617,#2618,
    #2619,#2620,#2621,#2622,#2623,#2624,#2625,#2626,#2627,#2628,#2629,
    #2630,#2631,#2632,#2633,#2634,#2635,#2636,#2637,#2638,#2639,#2640,
    #2641,#2642,#2643,#2644,#2645,#2646,#2647,#2648,#2649,#2650,#2651,
    #2652,#2653,#2654,#2655,#2656,#2657,#2658,#2659,#2660,#2661,#2662,
    #2663,#2664,#2665,#2666,#2667,#2668,#2669,#2670,#2671,#2672,#2673,
    #2674,#2675,#2676,#2677,#2678,#2679,#2680,#2681,#2682,#2683,#2684,
    #2685,#2686,#2687,#2688,#2689,#2690,#2691,#2692,#2693,#2694,#2695,
    #2696,#2697,#2698,#2699,#2700,#2701,#2702,#2703,#2704,#2705,#2706,
    #2707,#2708,#2709,#2710,#2711,#2712,#2713,#2714,#2715,#2716,#2717,
    #2718,#2719,#2720,#2721,#2722,#2723,#2724,#2725,#2726,#2727,#2728,
    #2729,#2730,#2731,#2732,#2733,#2734,#2735,#2736,#2737,#2738,#2739,
    #2740,#2741,#2742,#2743,#2744,#2745,#2746,#2747,#2748,#2749,#2750,
    #2751,#2752,#2753,#2754,#2755,#2756,#2757,#2758,#2759,#2760,#2761,
    #2762,#2763,#2764,#2765,#2766,#2767,#2768,#2769,#2770,#2771,#2772,
    #2773,#2774,#2775,#2776,#2777,#2778,#2779,#2780,#2781,#2782,#2783,
    #2784,#2785,#2786,#2787,#2788,#2789,#2790,#2791,#2792,#2793,#2794,
    #2795,#2796,#2797,#2798,#2799,#2800,#2801,#2802,#2803,#2804,#2805,
    #2806,#2807,#2808,#2809,#2810,#2811,#2812,#2813,#2814,#2815,#2816,
    #2817,#2818,#2819,#2820,#2821,#2822,#2823,#2824,#2825,#2826,#2827,
    #2828,#2829,#2830,#2831,#2832,#2833,#2834,#2835,#2836,#2837,#2838,
    #2839,#2840,#2841,#2842,#2843,#2844,#2845,#2846,#2847,#2848,#2849,
    #2850,#2851,#2852,#2853,#2854,#2855,#2856,#2857,#2858,#2859,#2860,
    #2861,#2862,#2863,#2864,#2865,#2866,#2867,#2868,#2869,#2870,#2871,
    #2872,#2873,#2874,#2875,#2876,#2877,#2878,#2879,#2880,#2881,#2882,
    #2883,#2884,#2885,#2886,#2887,#2888,#2889,#2890,#2891,#2892,#2893,
    #2894,#2895,#2896,#2897,#2898,#2899,#2900,#2901,#2902,#2903,#2904,
    #2905,#2906,#2907,#2908,#2909,#2910,#2911,#2912,#2913,#2914,#2915,
    #2916,#2917,#2918,#2919,#2920,#2921,#2922,#2923,#2924,#2925,#2926,
    #2927,#2928,#2929,#2930,#2931,#2932,#2933,#2934,#2935,#2936,#2937,
    #2938,#2939,#2940,#2941,#2942,#2943,#2944,#2945,#2946,#2947,#2948,
    #2949,#2950,#2951,#2952,#2953,#2954,#2955,#2956,#2957,#2958,#2959,
    #2960,#2961,#2962,#2963,#2964,#2965,#2966,#2967,#2968,#2969,#2970,
    #2971,#2972,#2973,#2974,#2975,#2976,#2977,#2978,#2979,#2980,#2981,
    #2982,#2983,#2984,#2985,#2986,#2987,#2988,#2989,#2990,#2991,#2992,
    #2993,#2994,#2995,#2996,#2997,#2998,#2999,#3000,#3001,#3002,#3003,
    #3004,#3005,#3006,#3007,#3008,#3009,#3010,#3011,#3012,#3013,#3014,
    #3015,#3016,#3017,#3018,#3019,#3020,#3021,#3022,#3023,#3024,#3025,
    #3026,#3027,#3028,#3029,#3030,#3031,#3032,#3033,#3034,#3035,#3036,
    #3037,#3038,#3039,#3040,#3041,#3042,#3043,#3044,#3045,#3046,#3047,
    #3048,#3049,#3050,#3051,#3052,#3053,#3054,#3055,#3056,#3057,#3058,
    #3059,#3060,#3061,#3062,#3063,#3064,#3065,#3066,#3067,#3068,#3069,
    #3070,#3071,#3072,#3073,#3074,#3075,#3076,#3077,#3078,#3079,#3080,
    #3081,#3082,#3083,#3084,#3085,#3086,#3087,#3088,#3089,#3090,#3091,
    #3092,#3093,#3094,#3095,#3096,#3097,#3098,#3099,#3100,#3101,#3102,
    #3103,#3104,#3105,#3106,#3107,#3108,#3109,#3110,#3111,#3112,#3113,
    #3114,#3115,#3116,#3117,#3118,#3119,#3120,#3121,#3122,#3123,#3124,
    #3125,#3126,#3127,#3128,#3129,#3130,#3131,#3132,#3133,#3134,#3135,
    #3136,#3137,#3138,#3139,#3140,#3141,#3142,#3143,#3144,#3145,#3146,
    #3147,#3148,#3149,#3150,#3151,#3152,#3153,#3154,#3155,#3156,#3157,
    #3158,#3159,#3160,#3161,#3162,#3163,#3164,#3165,#3166,#3167,#3168,
    #3169,#3170,#3171,#3172,#3173,#3174,#3175,#3176,#3177,#3178,#3179,
    #3180,#3181,#3182,#3183,#3184,#3185,#3186,#3187,#3188,#3189,#3190,
    #3191,#3192,#3193,#3194,#3195,#3196,#3197,#3198,#3199,#3200,#3201,
    #3202,#3203,#3204,#3205,#3206,#3207,#3208,#3209,#3210,#3211,#3212,
    #3213,#3214,#3215,#3216,#3217,#3218,#3219,#3220,#3221,#3222,#3223,
    #3224,#3225,#3226,#3227,#3228,#3229,#3230,#3231,#3232,#3233,#3234,
    #3235,#3236,#3237,#3238,#3239,#3240,#3241,#3242,#3243,#3244,#3245,
    #3246,#3247,#3248,#3249,#3250,#3251,#3252,#3253,#3254,#3255,#3256,
    #3257,#3258,#3259,#3260,#3261,#3262,#3263,#3264,#3265,#3266,#3267,
    #3268,#3269,#3270,#3271,#3272,#3273,#3274,#3275,#3276,#3277,#3278,
    #3279,#3280,#3281,#3282,#3283,#3284,#3285,#3286,#3287,#3288,#3289,
    #3290,#3291,#3292,#3293,#3294,#3295,#3296,#3297,#3298,#3299,#3300,
    #3301,#3302,#3303,#3304,#3305,#3306,#3307,#3308,#3309,#3310,#3311,
    #3312,#3313,#3314,#3315,#3316,#3317,#3318,#3319,#3320,#3321,#3322,
    #3323,#3324,#3325,#3326,#3327,#3328,#3329,#3330,#3331,#3332,#3333,
    #3334,#3335,#3336,#3337,#3338,#3339,#3340,#3341,#3342,#3343,#3344,
    #3345,#3346,#3347,#3348,#3349,#3350,#3351,#3352,#3353,#3354,#3355,
    #3356,#3357,#3358,#3359,#3360,#3361,#3362,#3363,#3364,#3365,#3366,
    #3367,#3368,#3369,#3370,#3371,#3372,#3373,#3374,#3375,#3376,#3377,
    #3378,#3379,#3380,#3381,#3382,#3383,#3384,#3385,#3386,#3387,#3388,
    #3389,#3390,#3391,#3392,#3393,#3394,#3395,#3396,#3397,#3398,#3399,
    #3400,#3401,#3402,#3403,#3404,#3405,#3406,#3407,#3408,#3409,#3410,
    #3411,#3412,#3413,#3414,#3415,#3416,#3417,#3418,#3419,#3420,#3421,
    #3422,#3423,#3424,#3425,#3426,#3427,#3428,#3429,#3430,#3431,#3432,
    #3433,#3434,#3435,#3436,#3437,#3438,#3439,#3440,#3441,#3442,#3443,
    #3444,#3445,#3446,#3447,#3448,#3449,#3450,#3451,#3452,#3453,#3454,
    #3455,#3456,#3457,#3458,#3459,#3460,#3461,#3462,#3463,#3464,#3465,
    #3466,#3467,#3468,#3469,#3470,#3471,#3472,#3473,#3474,#3475,#3476,
    #3477,#3478,#3479,#3480,#3481,#3482,#3483,#3484,#3485,#3486,#3487,
    #3488,#3489,#3490,#3491,#3492,#3493,#3494,#3495,#3496,#3497,#3498,
    #3499,#3500,#3501,#3502,#3503,#3504,#3505,#3506,#3507,#3508,#3509,
    #3510,#3511,#3512,#3513,#3514,#3515,#3516,#3517,#3518,#3519,#3520,
    #3521,#3522,#3523,#3524,#3525,#3526,#3527,#3528,#3529,#3530,#3531,
    #3532,#3533,#3534,#3535,#3536,#3537,#3538,#3539,#3540,#3541,#3542,
    #3543,#3544,#3545,#3546,#3547,#3548,#3549,#3550,#3551,#3552,#3553,
    #3554,#3555,#3556,#3557,#3558,#3559,#3560,#3561,#3562,#3563,#3564,
    #3565,#3566,#3567,#3568,#3569,#3570,#3571,#3572,#3573,#3574,#3575,
    #3576,#3577,#3578,#3579,#3580,#3581,#3582,#3583,#3584,#3585,#3586,
    #3587,#3588,#3589,#3590,#3591,#3592,#3593,#3594,#3595,#3596,#3597,
    #3598,#3599,#3600,#3601,#3602,#3603,#3604,#3605,#3606,#3607,#3608,
    #3609,#3610,#3611,#3612,#3613,#3614,#3615,#3616,#3617,#3618,#3619,
    #3620,#3621,#3622,#3623,#3624,#3625,#3626,#3627,#3628,#3629,#3630,
    #3631,#3632,#3633,#3634,#3635,#3636,#3637,#3638,#3639,#3640,#3641,
    #3642,#3643,#3644,#3645,#3646,#3647,#3648,#3649,#3650,#3651,#3652,
    #3653,#3654,#3655,#3656,#3657,#3658,#3659,#3660,#3661,#3662,#3663,
    #3664,#3665,#3666,#3667,#3668,#3669,#3670,#3671,#3672,#3673,#3674,
    #3675,#3676,#3677,#3678,#3679,#3680,#3681,#3682,#3683,#3684,#3685,
    #3686,#3687,#3688,#3689,#3690,#3691,#3692,#3693,#3694,#3695,#3696,
    #3697,#3698,#3699,#3700,#3701,#3702,#3703,#3704,#3705,#3706,#3707,
    #3708,#3709,#3710,#3711,#3712,#3713,#3714,#3715,#3716,#3717,#3718,
    #3719,#3720,#3721,#3722,#3723,#3724,#3725,#3726,#3727,#3728,#3729,
    #3730,#3731,#3732,#3733,#3734,#3735,#3736,#3737,#3738,#3739,#3740,
    #3741,#3742,#3743,#3744,#3745,#3746,#3747,#3748,#3749,#3750,#3751,
    #3752,#3753,#3754,#3755,#3756,#3757,#3758,#3759,#3760,#3761,#3762,
    #3763,#3764,#3765,#3766,#3767,#3768,#3769,#3770,#3771,#3772,#3773,
    #3774,#3775,#3776,#3777,#3778,#3779,#3780,#3781,#3782,#3783,#3784,
    #3785,#3786,#3787,#3788,#3789,#3790,#3791,#3792,#3793,#3794,#3795,
    #3796,#3797,#3798,#3799,#3800,#3801,#3802,#3803,#3804,#3805,#3806,
    #3807,#3808,#3809,#3810,#3811,#3812,#3813,#3814,#3815,#3816,#3817,
    #3818,#3819,#3820,#3821,#3822,#3823,#3824,#3825,#3826,#3827,#3828,
    #3829,#3830,#3831,#3832,#3833,#3834,#3835,#3836,#3837,#3838,#3839,
    #3840,#3841,#3842,#3843,#3844,#3845,#3846,#3847,#3848,#3849,#3850,
    #3851,#3852,#3853,#3854,#3855,#3856,#3857,#3858,#3859,#3860,#3861,
    #3862,#3863,#3864,#3865,#3866,#3867,#3868,#3869,#3870,#3871,#3872,
    #3873,#3874,#3875,#3876,#3877,#3878,#3879,#3880,#3881,#3882,#3883,
    #3884,#3885,#3886,#3887,#3888,#3889,#3890,#3891,#3892,#3893,#3894,
    #3895,#3896,#3897,#3898,#3899,#3900,#3901,#3902,#3903,#3904,#3905,
    #3906,#3907,#3908,#3909,#3910,#3911,#3912,#3913,#3914,#3915,#3916,
    #3917,#3918,#3919,#3920,#3921,#3922,#3923,#3924,#3925,#3926,#3927,
    #3928,#3929,#3930,#3931,#3932,#3933,#3934,#3935,#3936,#3937,#3938,
    #3939,#3940,#3941,#3942,#3943,#3944,#3945,#3946,#3947,#3948,#3949,
    #3950,#3951,#3952,#3953,#3954,#3955,#3956,#3957,#3958,#3959,#3960,
    #3961,#3962,#3963,#3964,#3965,#3966,#3967,#3968,#3969,#3970,#3971,
    #3972,#3973,#3974,#3975,#3976,#3977,#3978,#3979,#3980,#3981,#3982,
    #3983,#3984,#3985,#3986,#3987,#3988,#3989,#3990,#3991,#3992,#3993,
    #3994,#3995,#3996,#3997,#3998,#3999,#4000,#4001,#4002,#4003,#4004,
    #4005,#4006,#4007,#4008,#4009,#4010,#4011,#4012,#4013,#4014,#4015,
    #4016,#4017,#4018,#4019,#4020,#4021,#4022,#4023,#4024,#4025,#4026,
    #4027,#4028,#4029,#4030,#4031,#4032,#4033,#4034,#4035,#4036,#4037,
    #4038,#4039,#4040,#4041,#4042,#4043,#4044,#4045,#4046,#4047,#4048,
    #4049,#4050,#4051,#4052,#4053,#4054,#4055,#4056,#4057,#4058,#4059,
    #4060,#4061,#4062,#4063,#4064,#4065,#4066,#4067,#4068,#4069,#4070,
    #4071,#4072,#4073,#4074,#4075,#4076,#4077,#4078,#4079,#4080,#4081,
    #4082,#4083,#4084,#4085,#4086,#4087,#4088,#4089,#4090,#4091,#4092,
    #4093,#4094,#4095,#4096,#4097,#4098,#4099,#4100,#4101,#4102,#4103,
    #4104,#4105,#4106,#4107,#4108,#4109,#4110,#4111,#4112,#4113,#4114,
    #4115,#4116,#4117,#4118,#4119,#4120,#4121,#4122,#4123,#4124,#4125,
    #4126,#4127,#4128,#4129,#4130,#4131,#4132,#4133,#4134,#4135,#4136,
    #4137,#4138,#4139,#4140,#4141,#4142,#4143,#4144,#4145,#4146,#4147,
    #4148,#4149,#4150,#4151,#4152,#4153,#4154,#4155,#4156,#4157,#4158,
    #4159,#4160,#4161,#4162,#4163,#4164,#4165,#4166,#4167,#4168,#4169,
    #4170,#4171,#4172,#4173,#4174,#4175,#4176,#4177,#4178,#4179,#4180,
    #4181,#4182,#4183,#4184,#4185,#4186,#4187,#4188,#4189,#4190,#4191,
    #4192,#4193,#4194,#4195,#4196,#4197,#4198,#4199,#4200,#4201,#4202,
    #4203,#4204,#4205,#4206,#4207,#4208,#4209,#4210,#4211,#4212,#4213,
    #4214,#4215,#4216,#4217,#4218,#4219,#4220,#4221,#4222,#4223,#4224,
    #4225,#4226,#4227,#4228,#4229,#4230,#4231,#4232,#4233,#4234,#4235,
    #4236,#4237,#4238,#4239,#4240,#4241,#4242,#4243,#4244,#4245,#4246,
    #4247,#4248,#4249,#4250,#4251,#4252,#4253,#4254,#4255,#4256,#4257,
    #4258,#4259,#4260,#4261,#4262,#4263,#4264,#4265,#4266,#4267,#4268,
    #4269,#4270,#4271,#4272,#4273,#4274,#4275,#4276,#4277,#4278,#4279,
    #4280,#4281,#4282,#4283,#4284,#4285,#4286,#4287,#4288,#4289,#4290,
    #4291,#4292,#4293,#4294,#4295,#4296,#4297,#4298,#4299,#4300,#4301,
    #4302,#4303,#4304,#4305,#4306,#4307,#4308,#4309,#4310,#4311,#4312,
    #4313,#4314,#4315,#4316,#4317,#4318,#4319,#4320,#4321,#4322,#4323,
    #4324,#4325,#4326,#4327,#4328,#4329,#4330,#4331,#4332,#4333,#4334,
    #4335,#4336,#4337,#4338,#4339,#4340,#4341,#4342,#4343,#4344,#4345,
    #4346,#4347,#4348,#4349,#4350,#4351,#4352,#4353,#4354,#4355,#4356,
    #4357,#4358,#4359,#4360,#4361,#4362,#4363,#4364,#4365,#4366,#4367,
    #4368,#4369,#4370,#4371,#4372,#4373,#4374,#4375,#4376,#4377,#4378,
    #4379,#4380,#4381,#4382,#4383,#4384,#4385,#4386,#4387,#4388,#4389,
    #4390,#4391,#4392,#4393,#4394,#4395,#4396,#4397,#4398,#4399,#4400,
    #4401,#4402,#4403,#4404,#4405,#4406,#4407,#4408,#4409,#4410,#4411,
    #4412,#4413,#4414,#4415,#4416,#4417,#4418,#4419,#4420,#4421,#4422,
    #4423,#4424,#4425,#4426,#4427,#4428,#4429,#4430,#4431,#4432,#4433,
    #4434,#4435,#4436,#4437,#4438,#4439,#4440,#4441,#4442,#4443,#4444,
    #4445,#4446,#4447,#4448,#4449,#4450,#4451,#4452,#4453,#4454,#4455,
    #4456,#4457,#4458,#4459,#4460,#4461,#4462,#4463,#4464,#4465,#4466,
    #4467,#4468,#4469,#4470,#4471,#4472,#4473,#4474,#4475,#4476,#4477,
    #4478,#4479,#4480,#4481,#4482,#4483,#4484,#4485,#4486,#4487,#4488,
    #4489,#4490,#4491,#4492,#4493,#4494,#4495,#4496,#4497,#4498,#4499,
    #4500,#4501,#4502,#4503,#4504,#4505,#4506,#4507,#4508,#4509,#4510,
    #4511,#4512,#4513,#4514,#4515,#4516,#4517,#4518,#4519,#4520,#4521,
    #4522,#4523,#4524,#4525,#4526,#4527,#4528,#4529,#4530,#4531,#4532,
    #4533,#4534,#4535,#4536,#4537,#4538,#4539,#4540,#4541,#4542,#4543,
    #4544,#4545,#4546,#4547,#4548,#4549,#4550,#4551,#4552,#4553,#4554,
    #4555,#4556,#4557,#4558,#4559,#4560,#4561,#4562),.UNSPECIFIED.,.F.,
  .F.,(4,1,1,1,1,1,1,1,1,1,1,1,1,1,1,1,1,1,1,1,1,1,1,1,1,1,1,1,1,1,1,1,1
    ,1,1,1,1,1,1,1,1,1,1,1,1,1,1,1,1,1,1,1,1,1,1,1,1,1,1,1,1,1,1,1,1,1,1
    ,1,1,1,1,1,1,1,1,1,1,1,1,1,1,1,1,1,1,1,1,1,1,1,1,1,1,1,1,1,1,1,1,1,1
    ,1,1,1,1,1,1,1,1,1,1,1,1,1,1,1,1,1,1,1,1,1,1,1,1,1,1,1,1,1,1,1,1,1,1
    ,1,1,1,1,1,1,1,1,1,1,1,1,1,1,1,1,1,1,1,1,1,1,1,1,1,1,1,1,1,1,1,1,1,1
    ,1,1,1,1,1,1,1,1,1,1,1,1,1,1,1,1,1,1,1,1,1,1,1,1,1,1,1,1,1,1,1,1,1,1
    ,1,1,1,1,1,1,1,1,1,1,1,1,1,1,1,1,1,1,1,1,1,1,1,1,1,1,1,1,1,1,1,1,1,1
    ,1,1,1,1,1,1,1,1,1,1,1,1,1,1,1,1,1,1,1,1,1,1,1,1,1,1,1,1,1,1,1,1,1,1
    ,1,1,1,1,1,1,1,1,1,1,1,1,1,1,1,1,1,1,1,1,1,1,1,1,1,1,1,1,1,1,1,1,1,1
    ,1,1,1,1,1,1,1,1,1,1,1,1,1,1,1,1,1,1,1,1,1,1,1,1,1,1,1,1,1,1,1,1,1,1
    ,1,1,1,1,1,1,1,1,1,1,1,1,1,1,1,1,1,1,1,1,1,1,1,1,1,1,1,1,1,1,1,1,1,1
    ,1,1,1,1,1,1,1,1,1,1,1,1,1,1,1,1,1,1,1,1,1,1,1,1,1,1,1,1,1,1,1,1,1,1
    ,1,1,1,1,1,1,1,1,1,1,1,1,1,1,1,1,1,1,1,1,1,1,1,1,1,1,1,1,1,1,1,1,1,1
    ,1,1,1,1,1,1,1,1,1,1,1,1,1,1,1,1,1,1,1,1,1,1,1,1,1,1,1,1,1,1,1,1,1,1
    ,1,1,1,1,1,1,1,1,1,1,1,1,1,1,1,1,1,1,1,1,1,1,1,1,1,1,1,1,1,1,1,1,1,1
    ,1,1,1,1,1,1,1,1,1,1,1,1,1,1,1,1,1,1,1,1,1,1,1,1,1,1,1,1,1,1,1,1,1,1
    ,1,1,1,1,1,1,1,1,1,1,1,1,1,1,1,1,1,1,1,1,1,1,1,1,1,1,1,1,1,1,1,1,1,1
    ,1,1,1,1,1,1,1,1,1,1,1,1,1,1,1,1,1,1,1,1,1,1,1,1,1,1,1,1,1,1,1,1,1,1
    ,1,1,1,1,1,1,1,1,1,1,1,1,1,1,1,1,1,1,1,1,1,1,1,1,1,1,1,1,1,1,1,1,1,1
    ,1,1,1,1,1,1,1,1,1,1,1,1,1,1,1,1,1,1,1,1,1,1,1,1,1,1,1,1,1,1,1,1,1,1
    ,1,1,1,1,1,1,1,1,1,1,1,1,1,1,1,1,1,1,1,1,1,1,1,1,1,1,1,1,1,1,1,1,1,1
    ,1,1,1,1,1,1,1,1,1,1,1,1,1,1,1,1,1,1,1,1,1,1,1,1,1,1,1,1,1,1,1,1,1,1
    ,1,1,1,1,1,1,1,1,1,1,1,1,1,1,1,1,1,1,1,1,1,1,1,1,1,1,1,1,1,1,1,1,1,1
    ,1,1,1,1,1,1,1,1,1,1,1,1,1,1,1,1,1,1,1,1,1,1,1,1,1,1,1,1,1,1,1,1,1,1
    ,1,1,1,1,1,1,1,1,1,1,1,1,1,1,1,1,1,1,1,1,1,1,1,1,1,1,1,1,1,1,1,1,1,1
    ,1,1,1,1,1,1,1,1,1,1,1,1,1,1,1,1,1,1,1,1,1,1,1,1,1,1,1,1,1,1,1,1,1,1
    ,1,1,1,1,1,1,1,1,1,1,1,1,1,1,1,1,1,1,1,1,1,1,1,1,1,1,1,1,1,1,1,1,1,1
    ,1,1,1,1,1,1,1,1,1,1,1,1,1,1,1,1,1,1,1,1,1,1,1,1,1,1,1,1,1,1,1,1,1,1
    ,1,1,1,1,1,1,1,1,1,1,1,1,1,1,1,1,1,1,1,1,1,1,1,1,1,1,1,1,1,1,1,1,1,1
    ,1,1,1,1,1,1,1,1,1,1,1,1,1,1,1,1,1,1,1,1,1,1,1,1,1,1,1,1,1,1,1,1,1,1
    ,1,1,1,1,1,1,1,1,1,1,1,1,1,1,1,1,1,1,1,1,1,1,1,1,1,1,1,1,1,1,1,1,1,1
    ,1,1,1,1,1,1,1,1,1,1,1,1,1,1,1,1,1,1,1,1,1,1,1,1,1,1,1,1,1,1,1,1,1,1
    ,1,1,1,1,1,1,1,1,1,1,1,1,1,1,1,1,1,1,1,1,1,1,1,1,1,1,1,1,1,1,1,1,1,1
    ,1,1,1,1,1,1,1,1,1,1,1,1,1,1,1,1,1,1,1,1,1,1,1,1,1,1,1,1,1,1,1,1,1,1
    ,1,1,1,1,1,1,1,1,1,1,1,1,1,1,1,1,1,1,1,1,1,1,1,1,1,1,1,1,1,1,1,1,1,1
    ,1,1,1,1,1,1,1,1,1,1,1,1,1,1,1,1,1,1,1,1,1,1,1,1,1,1,1,1,1,1,1,1,1,1
    ,1,1,1,1,1,1,1,1,1,1,1,1,1,1,1,1,1,1,1,1,1,1,1,1,1,1,1,1,1,1,1,1,1,1
    ,1,1,1,1,1,1,1,1,1,1,1,1,1,1,1,1,1,1,1,1,1,1,1,1,1,1,1,1,1,1,1,1,1,1
    ,1,1,1,1,1,1,1,1,1,1,1,1,1,1,1,1,1,1,1,1,1,1,1,1,1,1,1,1,1,1,1,1,1,1
    ,1,1,1,1,1,1,1,1,1,1,1,1,1,1,1,1,1,1,1,1,1,1,1,1,1,1,1,1,1,1,1,1,1,1
    ,1,1,1,1,1,1,1,1,1,1,1,1,1,1,1,1,1,1,1,1,1,1,1,1,1,1,1,1,1,1,1,1,1,1
    ,1,1,1,1,1,1,1,1,1,1,1,1,1,1,1,1,1,1,1,1,1,1,1,1,1,1,1,1,1,1,1,1,1,1
    ,1,1,1,1,1,1,1,1,1,1,1,1,1,1,1,1,1,1,1,1,1,1,1,1,1,1,1,1,1,1,1,1,1,1
    ,1,1,1,1,1,1,1,1,1,1,1,1,1,1,1,1,1,1,1,1,1,1,1,1,1,1,1,1,1,1,1,1,1,1
    ,1,1,1,1,1,1,1,1,1,1,1,1,1,1,1,1,1,1,1,1,1,1,1,1,1,1,1,1,1,1,1,1,1,1
    ,1,1,1,1,1,1,1,1,1,1,1,1,1,1,1,1,1,1,1,1,1,1,1,1,1,1,1,1,1,1,1,1,1,1
    ,1,1,1,1,1,1,1,1,1,1,1,1,1,1,1,1,1,1,1,1,1,1,1,1,1,1,1,1,1,1,1,1,1,1
    ,1,1,1,1,1,1,1,1,1,1,1,1,1,1,1,1,1,1,1,1,1,1,1,1,1,1,1,1,1,1,1,1,1,1
    ,1,1,1,1,1,1,1,1,1,1,1,1,1,1,1,1,1,1,1,1,1,1,1,1,1,1,1,1,1,1,1,1,1,1
    ,1,1,1,1,1,1,1,1,1,1,1,1,1,1,1,1,1,1,1,1,1,1,1,1,1,1,1,1,1,1,1,1,1,1
    ,1,1,1,1,1,1,1,1,1,1,1,1,1,1,1,1,1,1,1,1,1,1,1,1,1,1,1,1,1,1,1,1,1,1
    ,1,1,1,1,1,1,1,1,1,1,1,1,1,1,1,1,1,1,1,1,1,1,1,1,1,1,1,1,1,1,1,1,1,1
    ,1,1,1,1,1,1,1,1,1,1,1,1,1,1,1,1,1,1,1,1,1,1,1,1,1,1,1,1,1,1,1,1,1,1
    ,1,1,1,1,1,1,1,1,1,1,1,1,1,1,1,1,1,1,1,1,1,1,1,1,1,1,1,1,1,1,1,1,1,1
    ,1,1,1,1,1,1,1,1,1,1,1,1,1,1,1,1,1,1,1,1,1,1,1,1,1,1,1,1,1,1,1,1,1,1
    ,1,1,1,1,1,1,1,1,1,1,1,1,1,1,1,1,1,1,1,1,1,1,1,1,1,1,1,1,1,1,1,1,1,1
    ,1,1,1,1,1,1,1,1,1,1,1,1,1,1,1,1,1,1,1,1,1,1,1,1,1,1,1,1,1,1,1,1,1,1
    ,1,1,1,1,1,1,1,1,1,1,1,1,1,1,1,1,1,1,1,1,1,1,1,1,1,1,1,1,1,1,1,1,1,1
    ,1,1,1,1,1,1,1,1,1,1,1,1,1,1,1,1,1,1,1,1,1,1,1,1,1,1,1,1,1,1,1,1,1,1
    ,1,1,1,1,1,1,1,1,1,1,1,1,1,1,1,1,1,1,1,1,1,1,1,1,1,1,1,1,1,1,1,1,1,1
    ,1,1,1,1,1,1,1,1,1,1,1,1,1,1,1,1,1,1,1,1,1,1,1,1,1,1,1,1,1,1,1,1,1,1
    ,1,1,1,1,1,1,1,1,1,1,1,1,1,1,1,1,1,1,1,1,1,1,1,1,1,1,1,1,1,1,1,1,1,1
    ,1,1,1,1,1,1,1,1,1,1,1,1,1,1,1,1,1,1,1,1,1,1,1,1,1,1,1,1,1,1,1,1,1,1
    ,1,1,1,1,1,1,1,1,1,1,1,1,1,1,1,1,1,1,1,1,1,1,1,1,1,1,1,1,1,1,1,1,1,1
    ,1,1,1,1,1,1,1,1,1,1,1,1,1,1,1,1,1,1,1,1,1,1,1,1,1,1,1,1,1,1,1,1,1,1
    ,1,1,1,1,1,1,1,1,1,1,1,1,1,1,1,1,1,1,1,1,1,1,1,1,1,1,1,1,1,1,1,1,1,1
    ,1,1,1,1,1,1,1,1,1,1,1,1,1,1,1,1,1,1,1,1,1,1,1,1,1,1,1,1,1,1,1,1,1,1
    ,1,1,1,1,1,1,1,1,1,1,1,1,1,1,1,1,1,1,1,1,1,1,1,1,1,1,1,1,1,1,1,1,1,1
    ,1,1,1,1,1,1,1,1,1,1,1,1,1,1,1,1,1,1,1,1,1,1,1,1,1,1,1,1,1,1,1,1,1,1
    ,1,1,1,1,1,1,1,1,1,1,1,1,1,1,1,1,1,1,1,1,1,1,1,1,1,1,1,1,1,1,1,1,1,1
    ,1,1,1,1,1,1,1,1,1,1,1,1,1,1,1,1,1,1,1,1,1,1,1,1,1,1,1,1,1,1,1,1,1,1
    ,1,1,1,1,1,1,1,1,1,1,1,1,1,1,1,1,1,1,1,1,1,1,1,1,1,1,1,1,1,1,1,1,1,1
    ,1,1,1,1,1,1,1,1,1,1,1,1,1,1,1,1,1,1,1,1,1,1,1,1,1,1,1,1,1,1,1,1,1,1
    ,1,1,1,1,1,1,1,1,1,1,1,1,1,1,1,1,1,1,1,1,1,1,1,1,1,1,1,1,1,1,1,1,1,1
    ,1,1,1,1,1,1,1,1,1,1,1,1,1,1,1,1,1,1,1,1,1,1,1,1,1,1,1,1,1,1,1,1,1,1
    ,1,1,1,1,1,1,1,1,1,1,1,1,1,1,1,1,1,1,1,1,1,1,1,1,1,1,1,1,1,1,1,1,1,1
    ,1,1,1,1,1,1,1,1,1,1,1,1,1,1,1,1,1,1,1,1,1,1,1,1,1,1,1,1,1,1,1,1,1,1
    ,1,1,1,1,1,1,1,1,1,1,1,1,1,1,1,1,1,1,1,1,1,1,1,1,1,1,1,1,1,1,1,1,1,1
    ,1,1,1,1,1,1,1,1,1,1,1,1,1,1,1,1,1,1,1,1,1,1,1,1,1,1,1,1,1,1,1,1,1,1
    ,1,1,1,1,1,1,1,1,1,1,1,1,1,1,1,1,1,1,1,1,1,1,1,1,1,1,1,1,1,1,1,1,1,1
    ,1,1,1,1,1,1,1,1,1,1,1,1,1,1,1,1,1,1,1,1,1,1,1,1,1,1,1,1,1,1,1,1,1,1
    ,1,1,1,1,1,1,1,1,1,1,1,1,1,1,1,1,1,1,1,1,1,1,1,1,1,1,1,1,1,1,1,1,1,1
    ,1,1,1,1,1,1,1,1,1,1,1,1,1,1,1,1,1,1,1,1,1,1,1,1,1,1,1,1,1,1,1,1,1,1
    ,1,1,1,1,1,1,1,1,1,1,1,1,1,1,1,1,1,1,1,1,1,1,1,1,1,1,1,1,1,1,1,1,1,1
    ,1,1,1,1,1,1,1,1,1,1,1,1,1,1,1,1,1,1,1,1,1,1,1,1,1,1,1,1,1,1,1,1,1,1
    ,1,1,1,1,1,1,1,1,1,1,1,1,1,1,1,1,1,1,1,1,1,1,1,1,1,1,1,1,1,1,1,1,1,1
    ,1,1,1,1,1,1,1,1,1,1,1,1,1,1,1,1,1,1,1,1,1,1,1,1,1,1,1,1,1,1,1,1,1,1
    ,1,1,1,1,1,1,1,1,1,1,1,1,1,1,1,1,1,1,1,1,1,1,1,1,1,1,1,1,1,1,1,1,1,1
    ,1,1,1,1,1,1,1,1,1,1,1,1,1,1,1,1,1,1,1,1,1,1,1,1,1,1,1,1,1,1,1,1,1,1
    ,1,1,1,1,1,1,1,1,1,1,1,1,1,1,1,1,1,1,1,1,1,1,1,1,1,1,1,1,1,1,1,1,1,1
    ,1,1,1,1,1,1,1,1,1,1,1,1,1,1,1,1,1,1,1,1,1,1,1,1,1,1,1,1,1,1,1,1,1,1
    ,1,1,1,1,1,1,1,1,1,1,1,1,1,1,1,1,1,1,1,1,1,1,1,1,1,1,1,1,1,1,1,1,1,1
    ,1,1,1,1,1,1,1,1,1,1,1,1,1,1,1,1,1,1,1,1,1,1,1,1,1,1,1,1,1,1,1,1,1,1
    ,1,1,1,1,1,1,1,1,1,1,1,1,1,1,1,1,1,1,1,1,1,1,1,1,1,1,1,1,1,1,1,1,1,1
    ,1,1,1,1,1,1,1,1,1,1,1,1,1,1,1,1,1,1,1,1,1,1,1,1,1,1,1,1,1,1,1,1,1,1
    ,1,1,1,1,1,1,1,1,1,1,1,1,1,1,1,1,1,1,1,1,1,1,1,1,1,1,1,1,1,1,1,1,1,1
    ,1,1,1,1,1,1,1,1,1,1,1,1,1,1,1,1,1,1,1,1,1,1,1,1,1,1,1,1,1,1,1,1,1,1
    ,1,1,1,1,1,1,1,1,1,1,1,1,1,1,1,1,1,1,1,1,1,1,1,1,1,1,1,1,1,1,1,1,1,1
    ,1,1,1,1,1,1,1,1,1,1,1,1,1,1,1,1,1,1,1,1,1,1,1,1,1,1,1,1,1,1,1,1,1,1
    ,1,1,1,1,1,1,1,1,1,1,1,1,1,1,1,1,1,1,1,1,1,1,1,1,1,1,1,1,1,1,1,1,1,1
    ,1,1,1,1,1,1,1,1,1,1,1,1,1,1,1,1,1,1,1,1,1,1,1,1,1,1,1,1,1,1,1,1,1,1
    ,1,1,1,1,1,1,1,1,1,1,1,1,1,1,1,1,1,1,1,1,1,1,1,1,1,1,1,1,1,1,1,1,1,1
    ,1,1,1,1,1,1,1,1,1,1,1,1,1,1,1,1,1,1,1,1,1,1,1,1,1,1,1,1,1,1,1,1,1,1
    ,1,1,1,1,1,1,1,1,1,1,1,1,1,1,1,1,1,1,1,1,1,1,1,1,1,1,1,1,1,1,1,1,1,1
    ,1,1,1,1,1,1,1,1,1,1,1,1,1,1,1,1,1,1,1,1,1,1,1,1,1,1,1,1,1,1,1,1,1,1
    ,1,1,1,1,1,1,1,1,1,1,1,1,1,1,1,1,1,1,1,1,1,1,1,1,1,1,1,1,1,1,1,1,1,1
    ,1,1,1,1,1,1,1,1,1,1,1,1,1,1,1,1,1,1,1,1,1,1,1,1,1,1,1,1,1,1,1,1,1,1
    ,1,1,1,1,1,1,1,1,1,1,1,1,1,1,1,1,1,1,1,1,1,1,1,1,1,1,1,1,1,1,1,1,1,1
    ,1,1,1,1,1,1,1,1,1,1,1,1,1,1,1,1,1,1,1,1,1,1,1,1,1,1,1,1,1,1,1,1,1,1
    ,1,1,1,1,1,1,1,1,1,1,1,1,1,1,1,1,1,1,1,1,1,1,1,1,1,1,1,1,1,1,1,1,1,1
    ,1,1,1,1,1,1,1,1,1,1,1,1,1,1,1,1,1,1,1,1,1,1,1,1,1,1,1,1,1,1,1,1,1,1
    ,1,1,1,1,1,1,1,1,1,1,1,1,1,1,1,1,1,1,1,1,1,1,1,1,1,1,1,1,1,1,1,1,1,1
    ,1,1,1,1,1,1,1,1,1,1,1,1,1,1,1,1,1,1,1,1,1,1,1,1,1,1,1,1,1,1,1,1,1,1
    ,1,1,1,1,1,1,1,1,1,1,1,1,1,1,1,1,1,1,1,1,1,1,1,1,1,1,1,1,1,1,1,1,1,1
    ,1,1,1,1,1,1,1,1,1,1,1,1,1,1,1,1,1,1,1,1,1,1,1,1,1,1,1,1,1,1,1,1,1,1
    ,1,1,1,1,1,1,1,1,1,1,1,1,1,1,1,1,1,1,1,1,1,1,1,1,1,1,1,1,1,1,1,1,1,1
    ,1,1,1,1,1,1,1,1,1,1,1,1,1,1,1,1,1,1,1,1,1,1,1,1,1,1,1,1,1,1,1,1,1,1
    ,1,1,1,1,1,1,1,1,1,1,1,1,1,1,1,1,1,1,1,1,1,1,1,1,1,1,1,1,1,1,1,1,1,1
    ,1,1,1,1,1,1,1,1,1,1,1,1,1,1,1,1,1,1,1,1,1,1,1,1,1,1,1,1,1,1,1,1,1,1
    ,1,1,1,1,1,1,1,1,1,1,1,1,1,1,1,1,1,1,1,1,1,1,1,1,1,1,1,1,1,1,1,1,1,1
    ,1,1,1,1,1,1,1,1,1,1,1,1,1,1,1,1,1,1,1,1,1,1,1,1,1,1,1,1,1,1,1,1,1,1
    ,1,1,1,1,1,1,1,1,1,1,1,1,1,1,1,1,1,1,1,1,1,1,1,1,1,1,1,1,1,1,1,1,1,1
    ,1,1,1,1,1,1,1,1,1,1,1,1,1,1,1,1,1,1,1,1,1,1,1,1,1,1,1,1,1,1,1,1,1,1
    ,1,1,1,1,1,1,1,1,1,1,1,1,1,1,1,1,1,1,1,1,1,1,1,1,1,1,1,1,1,1,1,1,1,1
    ,1,1,1,1,1,1,1,1,1,1,1,1,1,1,1,1,1,1,1,1,1,1,1,1,1,1,1,1,1,1,1,1,1,1
    ,1,1,1,1,1,1,1,1,1,1,1,1,1,1,1,1,1,1,1,1,1,1,1,1,1,1,1,1,1,1,1,1,1,1
    ,1,1,1,1,1,1,1,1,1,1,1,1,1,1,1,1,1,1,1,1,1,1,1,1,1,1,1,1,1,1,1,1,1,1
    ,1,1,1,1,1,1,1,1,1,1,1,1,1,1,1,1,1,1,1,1,1,1,1,1,1,1,1,1,1,1,1,1,1,1
    ,1,1,1,1,1,1,1,1,1,1,1,1,1,1,1,1,1,1,1,1,1,1,1,1,1,1,1,1,1,1,1,1,1,1
    ,1,1,1,1,1,1,1,1,1,1,1,1,1,1,1,1,1,1,1,1,1,1,1,1,1,1,1,1,1,1,1,1,1,1
    ,1,1,1,1,1,1,1,1,1,1,1,1,1,1,1,1,1,1,1,1,1,1,1,1,1,1,1,1,1,1,1,1,1,1
    ,1,1,1,1,1,1,1,1,1,1,1,1,1,1,1,1,1,1,1,1,1,1,1,1,1,1,1,1,1,1,1,1,1,1
    ,1,1,1,1,1,1,1,1,1,1,1,1,1,1,1,1,1,1,1,1,1,1,1,1,1,4),(0.,
    9.247755285702E-02,0.184955652238,0.277434844657,0.369915676612,
    0.462398694575,0.554884444984,0.647373474233,0.739866328664,
    0.83236355456,0.924865698135,1.017373305524,1.109886922777,
    1.202407095851,1.294934370597,1.387469292756,1.480012407948,
    1.572564261665,1.66512539926,1.757696365942,1.850277706766,
    1.942869966621,2.035473690228,2.128089422126,2.220717706669,
    2.31335908801,2.4060141101,2.498683316675,2.591367251251,
    2.684066457112,2.776781477305,2.869512854629,2.962261131628,
    3.055026850584,3.147810553506,3.240612782124,3.333434077879,
    3.426274981918,3.51913603508,3.612017777895,3.704920750572,
    3.797845492989,3.89079254469,3.983762444873,4.076755732384,
    4.169772945708,4.262814622962,4.355881301887,4.448973519838,
    4.542091813779,4.635236720276,4.728408775484,4.821608515145,
    4.914836474578,5.008093188671,5.101379191872,5.194695018187,
    5.288041201165,5.381418273897,5.474826769003,5.568267218629,
    5.661740154439,5.755246107603,5.848785608796,5.942359188189,
    6.035967375437,6.129610699679,6.223289689526,6.317004873056,
    6.410756777805,6.504545930763,6.598372858364,6.692238086482,
    6.786142140422,6.880085544912,6.9740688241,7.068092501546,
    7.162157100212,7.256263142459,7.350411150041,7.444601644095,
    7.538835145136,7.633112173052,7.727433247097,7.821798885883,
    7.916209607375,8.010665928884,8.105168367064,8.1997174379,
    8.294313656708,8.388957538124,8.483649596101,8.578390343904,
    8.673180294099,8.768019958553,8.862909848425,8.95785047416,
    9.052842345488,9.14788597141,9.2429818602,9.338130519396,
    9.433332455795,9.52858817545,9.623898183659,9.719262984965,
    9.814683083149,9.910158981226,10.005691181436,10.101280185243,
    10.196926493328,10.292630605587,10.388393021122,10.484214238236,
    10.580094754433,10.676035066409,10.77203567005,10.868097060425,
    10.964219731782,11.060404177546,11.15665089031,11.252960361835,
    11.349333083044,11.445769544016,11.542270233985,11.638835641334,
    11.735466253589,11.83216255742,11.928925038632,12.025754182165,
    12.122650472086,12.219614391588,12.316646422987,12.413747047715,
    12.510916746321,12.608155998461,12.705465282902,12.802845077511,
    12.900295859258,12.997818104209,13.095412287522,13.193078883449,
    13.290818365324,13.388631205571,13.486517875689,13.584478846258,
    13.682514586933,13.78062556644,13.878812252573,13.977075112196,
    14.075414611232,14.173831214667,14.272325386546,14.370897589968,
    14.469548287086,14.568277939102,14.667087006267,14.76597594788,
    14.864945222279,14.963995286848,15.063126598005,15.162339611208,
    15.26163478095,15.361012560755,15.460473403177,15.560017759801,
    15.659646081238,15.759358817122,15.859156416113,15.959039325891,
    16.059007993155,16.159062863623,16.25920438203,16.359432992125,
    16.459749136671,16.560153257442,16.660645795223,16.76122718981,
    16.861897880006,16.962658303619,17.063508897464,17.164450097362,
    17.265482338134,17.366606053607,17.467821676606,17.569129638958,
    17.67053037149,17.772024304025,17.873611865387,17.975293483395,
    18.077069584865,18.178940595608,18.28090694043,18.382969043133,
    18.48512732651,18.587382212351,18.689734121434,18.792183473535,
    18.894730687418,18.99737618084,19.100120370551,19.20296367229,
    19.305906500788,19.408949269768,19.512092391942,19.615336279014,
    19.718681341678,19.822127989619,19.925676631514,20.029327675028,
    20.13308152682,20.236938592538,20.340899276822,20.444963983305,
    20.549133114609,20.653407072351,20.757786257139,20.862271068574,
    20.966861905251,21.071559164759,21.176363243681,21.281274537594,
    21.386293441071,21.491420347683,21.596655649994,21.701999739569,
    21.807453006968,21.913015841753,22.018688632483,22.124471766718,
    22.230365631019,22.336370610952,22.442487091082,22.54871545498,
    22.655056085221,22.761509363388,22.868075670069,22.97475538486,
    23.081548886367,23.188456552206,23.295478759004,23.402615882402,
    23.509868297052,23.617236376624,23.724720493801,23.832321020287,
    23.940038326803,24.04787278309,24.155824757911,24.263894619052,
    24.372082733322,24.480389466559,24.588815183626,24.697360248414,
    24.806025023846,24.914809871877,25.023715153493,25.132741228718,
    25.145371604601,25.163734704362,25.182100544372,25.20046912536,
    25.218840448011,25.237214513093,25.255591321295,25.273970873329,
    25.292353169884,25.310738211695,25.329125999485,25.34751653389,
    25.365909815699,25.384305845557,25.402704624135,25.421106152157,
    25.439510430317,25.457917459276,25.476327239706,25.494739772373,
    25.513155057855,25.531573096865,25.549993890094,25.568417438169,
    25.586843741786,25.605272801598,25.623704618293,25.64213919251,
    25.6605765249,25.679016616115,25.697459466821,25.715905077659,
    25.734353449256,25.752804582306,25.771258477412,25.789715135206,
    25.808174556341,25.826636741444,25.84510169114,25.863569406062,
    25.882039886852,25.900513134091,25.918989148437,25.937467930504,
    25.955949480883,25.974433800198,25.992920889022,26.011410748049,
    26.029903377838,26.048398778972,26.066896952045,26.085397897686,
    26.103901616479,26.122408108985,26.140917375864,26.159429417624,
    26.177944234894,26.196461828223,26.214982198221,26.233505345464,
    26.252031270476,26.270559973907,26.289091456265,26.307625718121,
    26.326162760082,26.344702582645,26.363245186419,26.381790571943,
    26.40033873976,26.418889690429,26.437443424485,26.455999942517,
    26.474559245012,26.493121332547,26.511686205643,26.530253864842,
    26.548824310692,26.567397543665,26.585973564348,26.604552373282,
    26.623133970938,26.641718357837,26.660305534534,26.678895501532,
    26.697488259303,26.716083808416,26.73468214938,26.753283282653,
    26.771887208761,26.790493928222,26.809103441488,26.827715749077,
    26.846330851532,26.864948749283,26.883569442824,26.902192932665,
    26.920819219271,26.939448303136,26.95808018472,26.976714864523,
    26.995352343009,27.013992620651,27.032635697895,27.051281575229,
    27.069930253132,27.088581732022,27.107236012422,27.125893094733,
    27.144552979414,27.163215666947,27.181881157761,27.200549452287,
    27.219220550995,27.237894454353,27.256571162744,27.275250676633,
    27.293932996464,27.312618122639,27.331306055628,27.349996795833,
    27.36869034368,27.387386699598,27.406085864001,27.424787837334,
    27.443492619992,27.462200212377,27.480910614915,27.499623828031,
    27.518339852097,27.53705868754,27.555780334751,27.574504794134,
    27.5932320661,27.611962151013,27.630695049308,27.649430761345,
    27.668169287495,27.686910628185,27.705654783777,27.724401754669,
    27.743151541209,27.761904143775,27.780659562781,27.799417798574,
    27.818178851528,27.836942721988,27.855709410335,27.874478916931,
    27.893251242139,27.912026386333,27.93080434985,27.94958513302,
    27.968368736222,27.987155159816,28.005944404125,28.024736469502,
    28.043531356288,28.062329064823,28.081129595448,28.099932948476,
    28.118739124273,28.137548123157,28.156359945448,28.17517459149,
    28.19399206157,28.212812356051,28.23163547523,28.250461419428,
    28.269290188966,28.288121784142,28.306956205286,28.325793452681,
    28.344633526673,28.363476427516,28.382322155528,28.401170711039,
    28.420022094312,28.438876305645,28.457733345354,28.476593213706,
    28.495455910972,28.514321437498,28.533189793518,28.552060979315,
    28.570934995188,28.589811841392,28.608691518237,28.627574025973,
    28.646459364848,28.665347535171,28.684238537185,28.703132371163,
    28.722029037354,28.740928536043,28.759830867477,28.778736031869,
    28.79764402952,28.816554860674,28.835468525598,28.854385024499,
    28.873304357611,28.892226525245,28.911151527576,28.930079364851,
    28.949010037342,28.96794354526,28.986879888819,29.005819068276,
    29.024761083851,29.043705935744,29.062653624224,29.081604149481,
    29.100557511741,29.119513711218,29.138472748122,29.157434622678,
    29.176399335083,29.19536688555,29.214337274292,29.233310501515,
    29.252286567399,29.271265472151,29.290247215995,29.309231799092,
    29.328219221661,29.347209483882,29.366202585934,29.385198528007,
    29.404197310305,29.423198933004,29.442203396261,29.461210700298,
    29.480220845256,29.499233831312,29.518249658648,29.537268327442,
    29.556289837858,29.575314190039,29.594341384187,29.613371420445,
    29.632404298963,29.651440019911,29.670478583448,29.68951998973,
    29.70856423889,29.727611331097,29.746661266506,29.765714045231,
    29.784769667433,29.803828133262,29.822889442855,29.841953596336,
    29.861020593855,29.880090435546,29.899163121525,29.918238651925,
    29.937317026899,29.956398246564,29.975482311007,29.994569220393,
    30.013658974818,30.032751574403,30.051847019291,30.07094530954,
    30.090046445306,30.109150426697,30.128257253787,30.147366926719,
    30.166479445579,30.185594810478,30.204713021508,30.223834078756,
    30.242957982343,30.262084732343,30.28121432885,30.300346771975,
    30.31948206177,30.338620198341,30.357761181799,30.376905012182,
    30.396051689563,30.415201214059,30.434353585736,30.453508804663,
    30.472666870905,30.49182778454,30.510991545641,30.530158154269,
    30.549327610482,30.568499914348,30.58767506594,30.606853065281,
    30.626033912461,30.645217607537,30.664404150555,30.683593541557,
    30.702785780589,30.721980867713,30.741178802962,30.760379586391,
    30.779583218025,30.798789697929,30.817999026115,30.837211202622,
    30.856426227522,30.875644100786,30.894864822475,30.914088392636,
    30.933314811262,30.952544078397,30.971776194052,30.991011158248,
    31.010248971033,31.029489632391,31.048733142339,31.067979500902,
    31.087228708075,31.106480763893,31.125735668356,31.144993421457,
    31.164254023191,31.183517473598,31.202783772661,31.222052920356,
    31.241324916702,31.260599761679,31.279877455294,31.299157997552,
    31.318441388405,31.33772762785,31.357016715908,31.376308652517,
    31.395603437683,31.414901071382,31.434201553573,31.453504884284,
    31.472811063438,31.492120091018,31.511431967023,31.530746691388,
    31.550064264082,31.569384685082,31.58870795438,31.60803407188,
    31.627363037589,31.646694851449,31.666029513393,31.685367023423,
    31.704707381457,31.724050587462,31.743396641357,31.762745543131,
    31.78209729273,31.801451890059,31.820809335078,31.840169627732,
    31.859532767989,31.878898755725,31.898267590893,31.91763927347,
    31.937013803349,31.956391180461,31.975771404728,31.995154476111,
    32.014540394501,32.033929159829,32.053320772035,32.072715231008,
    32.092112536674,32.11151268895,32.130915687781,32.150321533049,
    32.169730224646,32.189141762514,32.208556146554,32.22797337666,
    32.247393452738,32.266816374699,32.286242142458,32.305670755876,
    32.325102214853,32.344536519325,32.363973669157,32.383413664225,
    32.402856504439,32.422302189697,32.441750719866,32.461202094832,
    32.480656314495,32.500113378743,32.519573287411,32.539036040399,
    32.558501637608,32.577970078889,32.59744136412,32.616915493161,
    32.636392465914,32.655872282216,32.675354941925,32.69484044494,
    32.714328791106,32.733819980289,32.753314012317,32.772810887099,
    32.792310604479,32.811813164272,32.831318566376,32.850826810625,
    32.870337896874,32.889851824949,32.909368594719,32.928888206039,
    32.94841065872,32.967935952619,32.987464087573,33.006995063442,
    33.026528880025,33.046065537165,33.065605034727,33.08514737252,
    33.104692550364,33.124240568095,33.143791425557,33.163345122558,
    33.182901658908,33.202461034438,33.222023248997,33.241588302377,
    33.261156194395,33.280726924883,33.300300493639,33.319876900461,
    33.339456145175,33.359038227601,33.378623147543,33.398210904796,
    33.417801499161,33.437394930454,33.456991198485,33.476590303019,
    33.496192243869,33.515797020843,33.535404633728,33.555015082318,
    33.574628366396,33.594244485764,33.61386344021,33.63348522951,
    33.653109853456,33.672737311825,33.692367604409,33.712000730989,
    33.731636691333,33.751275485225,33.770917112432,33.790561572758,
    33.810208865933,33.829858991743,33.849511949983,33.869167740385,
    33.888826362737,33.908487816797,33.92815210233,33.947819219104,
    33.967489166874,33.987161945383,34.006837554397,34.026515993712,
    34.046197263019,34.065881362092,34.085568290719,34.105258048603,
    34.124950635512,34.144646051183,34.164344295363,34.184045367807,
    34.203749268244,34.223455996425,34.243165552094,34.262877934972,
    34.282593144784,34.302311181302,34.32203204423,34.341755733307,
    34.361482248265,34.381211588845,34.400943754765,34.420678745705,
    34.440416561456,34.460157201723,34.479900666213,34.499646954653,
    34.519396066751,34.539148002244,34.558902760807,34.578660342204,
    34.598420746128,34.618183972271,34.63795002037,34.657718890118,
    34.677490581218,34.697265093377,34.71704242632,34.736822579721,
    34.756605553282,34.77639134672,34.796179959707,34.81597139198,
    34.835765643191,34.855562713044,34.875362601261,34.895165307481,
    34.914970831447,34.934779172813,34.954590331257,34.974404306483,
    34.994221098175,35.01404070601,35.033863129655,35.053688368811,
    35.073516423142,35.093347292348,35.113180976064,35.133017473976,
    35.15285678578,35.172698911113,35.192543849671,35.212391601101,
    35.232242165082,35.252095541275,35.271951729343,35.291810728947,
    35.311672539736,35.331537161399,35.351404593567,35.371274835906,
    35.39114788808,35.411023749727,35.430902420488,35.45078390004,
    35.470668188034,35.490555284092,35.510445187881,35.530337899045,
    35.550233417219,35.570131742059,35.590032873171,35.609936810241,
    35.629843552884,35.64975310072,35.669665453432,35.689580610619,
    35.709498571911,35.729419336944,35.74934290537,35.769269276797,
    35.789198450849,35.809130427168,35.829065205347,35.849002785057,
    35.868943165896,35.888886347483,35.908832329449,35.928781111373,
    35.94873269291,35.968687073659,35.988644253259,36.008604231284,
    36.028567007377,36.048532581155,36.068500952166,36.088472120086,
    36.108446084489,36.128422844982,36.148402401168,36.168384752647,
    36.188369899043,36.208357839905,36.228348574889,36.248342103564,
    36.268338425521,36.288337540361,36.308339447667,36.328344147062,
    36.348351638079,36.368361920358,36.388374993476,36.408390857008,
    36.428409510551,36.448430953666,36.468455185948,36.488482206994,
    36.50851201638,36.528544613648,36.548579998407,36.568618170246,
    36.588659128711,36.608702873393,36.628749403849,36.648798719655,
    36.668850820391,36.688905705628,36.708963374902,36.729023827799,
    36.749087063912,36.769153082743,36.789221883903,36.809293466942,
    36.829367831391,36.849444976854,36.869524902861,36.889607608967,
    36.909693094733,36.929781359702,36.949872403439,36.969966225481,
    36.990062825396,37.010162202739,37.030264357012,37.050369287794,
    37.070476994628,37.090587477058,37.110700734608,37.130816766838,
    37.150935573285,37.171057153468,37.191181506955,37.211308633266,
    37.231438531921,37.251571202469,37.271706644462,37.291844857387,
    37.311985840797,37.332129594236,37.352276117187,37.372425409211,
    37.392577469846,37.412732298589,37.432889894959,37.453050258483,
    37.473213388683,37.493379285095,37.51354794721,37.533719374549,
    37.553893566639,37.57407052298,37.59425024311,37.614432726512,
    37.634617972692,37.654805981185,37.674996751498,37.69519028313,
    37.715386575576,37.735585628338,37.75578744093,37.775992012877,
    37.796199343649,37.816409432739,37.836622279669,37.856837883936,
    37.877056245008,37.897277362411,37.91750123564,37.937727864151,
    37.957957247472,37.978189385074,37.998424276455,38.018661921107,
    38.038902318497,38.059145468138,38.079391369498,38.099640022055,
    38.119891425299,38.140145578721,38.160402481789,38.180662133977,
    38.200924534771,38.221189683653,38.241457580093,38.26172822355,
    38.282001613511,38.302277749449,38.322556630849,38.342838257148,
    38.363122627836,38.383409742377,38.403699600222,38.423992200873,
    38.444287543751,38.464585628347,38.484886454113,38.505190020506,
    38.525496326994,38.545805373041,38.56611715808,38.586431681569,
    38.606748943017,38.62706894182,38.647391677446,38.667717149335,
    38.688045356954,38.708376299763,38.728709977188,38.749046388678,
    38.769385533693,38.789727411687,38.81007202207,38.830419364304,
    38.850769437829,38.871122242084,38.891477776519,38.911836040563,
    38.932197033653,38.952560755226,38.972927204723,38.993296381567,
    39.013668285196,39.034042915057,39.05442027055,39.074800351124,
    39.09518315622,39.115568685243,39.135956937624,39.156347912813,
    39.176741610196,39.197138029197,39.217537169278,39.237939029834,
    39.258343610298,39.27875091007,39.299160928576,39.319573665254,
    39.339989119478,39.360407290699,39.380828178327,39.40125178175,
    39.421678100391,39.442107133676,39.462538880998,39.482973341779,
    39.503410515418,39.523850401311,39.54429299889,39.564738307546,
    39.585186326659,39.605637055665,39.626090493964,39.646546640928,
    39.667005495983,39.68746705852,39.707931327929,39.728398303621,
    39.748867984983,39.769340371388,39.789815462249,39.810293256986,
    39.83077375494,39.851256955514,39.871742858132,39.892231462139,
    39.912722766929,39.933216771919,39.953713476458,39.974212879943,
    39.994714981774,40.015219781309,40.035727277939,40.056237471029,
    40.076750359969,40.097265944162,40.117784222939,40.138305195701,
    40.158828861836,40.179355220703,40.199884271664,40.220416014092,
    40.240950447368,40.261487570873,40.282027383958,40.302569885992,
    40.323115076361,40.343662954405,40.364213519499,40.384766771004,
    40.405322708297,40.425881330728,40.446442637655,40.467006628445,
    40.487573302456,40.508142659058,40.528714697582,40.549289417405,
    40.569866817874,40.590446898336,40.611029658166,40.6316150967,
    40.652203213286,40.672794007278,40.693387478044,40.713983624893,
    40.734582447216,40.755183944343,40.775788115607,40.796394960368,
    40.81700447795,40.837616667705,40.858231528988,40.878849061166,
    40.899469263517,40.920092135388,40.940717676168,40.961345885142,
    40.981976761664,41.00261030508,41.023246514712,41.043885389901,
    41.06452692999,41.085171134276,41.105818002114,41.126467532832,
    41.14711972574,41.167774580208,41.188432095528,41.209092271015,
    41.229755106026,41.250420599892,41.271088751906,41.291759561383,
    41.312433027677,41.333109150092,41.353787927933,41.37446936055,
    41.395153447255,41.415840187345,41.436529580134,41.457221624962,
    41.477916321123,41.498613667931,41.519313664717,41.540016310783,
    41.560721605413,41.581429547951,41.602140137702,41.622853373949,
    41.643569256016,41.664287783223,41.685008954851,41.705732770204,
    41.726459228608,41.747188329346,41.767920071712,41.788654455037,
    41.80939147861,41.830131141705,41.850873443633,41.871618383697,
    41.892365961214,41.91311617544,41.933869025677,41.954624511249,
    41.975382631415,41.996143385476,42.016906772735,42.037672792477,
    42.058441443976,42.079212726518,42.099986639437,42.120763181983,
    42.141542353415,42.162324153058,42.183108580202,42.203895634094,
    42.224685314041,42.245477619339,42.266272549235,42.287070103021,
    42.307870279971,42.328673079384,42.349478500508,42.370286542626,
    42.391097205053,42.411910487007,42.432726387787,42.453544906674,
    42.474366042926,42.495189795822,42.516016164627,42.536845148614,
    42.557676747047,42.578510959193,42.599347784334,42.620187221731,
    42.641029270626,42.661873930313,42.682721200044,42.703571079072,
    42.724423566678,42.745278662116,42.766136364635,42.786996673505,
    42.807859587988,42.828725107332,42.849593230799,42.870463957644,
    42.891337287142,42.912213218513,42.933091751027,42.953972883935,
    42.974856616505,42.99574294797,43.016631877568,43.037523404589,
    43.058417528242,43.07931424779,43.100213562486,43.121115471579,
    43.142019974315,43.162927069912,43.183836757645,43.204749036746,
    43.22566390646,43.246581366028,43.267501414688,43.288424051669,
    43.309349276221,43.330277087609,43.351207485036,43.372140467735,
    43.393076034971,43.414014185959,43.434954919919,43.455898236138,
    43.476844133814,43.497792612154,43.51874367043,43.539697307859,
    43.560653523672,43.581612317097,43.602573687363,43.623537633688,
    43.644504155305,43.665473251463,43.686444921356,43.707419164227,
    43.72839597928,43.749375365729,43.770357322848,43.791341849824,
    43.812328945863,43.833318610212,43.854310842093,43.875305640703,
    43.896303005252,43.917302934992,43.938305429127,43.959310486843,
    43.980318107384,44.001328289974,44.022341033784,44.043356338063,
    44.064374202025,44.085394624845,44.106417605757,44.127443143972,
    44.148471238703,44.169501889139,44.190535094491,44.211570853985,
    44.23260916681,44.253650032161,44.274693449274,44.295739417315,
    44.316787935501,44.337839003065,44.358892619164,44.379948783003,
    44.401007493811,44.422068750779,44.443132553083,44.46419889992,
    44.485267790517,44.506339224057,44.527413199719,44.548489716719,
    44.569568774235,44.590650371476,44.611734507621,44.632821181852,
    44.653910393386,44.675002141413,44.696096425104,44.71719324365,
    44.738292596252,44.759394482071,44.780498900323,44.801605850202,
    44.822715330853,44.843827341472,44.864941881272,44.886058949418,
    44.907178545082,44.928300667451,44.949425315733,44.97055248907,
    44.991682186637,45.01281440767,45.033949151297,45.055086416691,
    45.076226203063,45.097368509574,45.118513335396,45.139660679714,
    45.160810541683,45.181962920482,45.20311781529,45.224275225302,
    45.245435149663,45.26659758752,45.28776253807,45.308930000512,
    45.330099973973,45.351272457607,45.372447450631,45.393624952192,
    45.414804961443,45.435987477539,45.457172499685,45.478360027018,
    45.499550058685,45.520742593909,45.541937631794,45.563135171491,
    45.584335212219,45.605537753104,45.626742793302,45.647950331984,
    45.669160368299,45.690372901421,45.71158793047,45.732805454628,
    45.754025473058,45.77524798489,45.79647298931,45.817700485428,
    45.838930472437,45.860162949475,45.881397915674,45.902635370212,
    45.923875312228,45.945117740867,45.966362655283,45.987610054629,
    46.008859938051,46.030112304694,46.051367153687,46.07262448419,
    46.093884295349,46.115146586314,46.136411356226,46.157678604203,
    46.178948329401,46.200220530998,46.221495208107,46.24277235983,
    46.264051985359,46.285334083825,46.306618654344,46.327905696084,
    46.349195208167,46.370487189705,46.391781639856,46.413078557778,
    46.434377942584,46.455679793401,46.476984109372,46.498290889612,
    46.519600133279,46.540911839489,46.562226007381,46.583542636087,
    46.604861724722,46.626183272424,46.64750727833,46.668833741555,
    46.690162661233,46.711494036488,46.732827866426,46.754164150214,
    46.775502886961,46.796844075755,46.818187715765,46.839533806108,
    46.860882345895,46.882233334238,46.903586770267,46.924942653126,
    46.946300981899,46.967661755714,46.989024973699,47.010390634979,
    47.031758738648,47.05312928384,47.074502269672,47.095877695255,
    47.117255559692,47.138635862117,47.16001860164,47.181403777356,
    47.202791388399,47.224181433887,47.245573912918,47.266968824595,
    47.288366168037,47.309765942339,47.331168146631,47.352572780032,
    47.373979841647,47.395389330549,47.416801245839,47.438215586686,
    47.459632352167,47.48105154134,47.502473153373,47.523897187359,
    47.545323642351,47.56675251753,47.588183811954,47.609617524689,
    47.631053654923,47.652492201684,47.673933164079,47.695376541266,
    47.716822332284,47.738270536243,47.759721152257,47.781174179423,
    47.802629616801,47.824087463536,47.845547718704,47.867010381372,
    47.888475450689,47.909942925722,47.931412805548,47.952885089265,
    47.974359775991,47.995836864795,48.017316354759,48.038798244997,
    48.060282534612,48.081769222656,48.103258308212,48.12474979041,
    48.146243668317,48.167739941009,48.189238607594,48.210739667144,
    48.232243118731,48.253748961485,48.275257194448,48.296767816707,
    48.318280827378,48.3397962255,48.361314010186,48.382834180508,
    48.404356735548,48.425881674396,48.447408996115,48.468938699799,
    48.490470784507,48.512005249338,48.53354209336,48.555081315647,
    48.576622915303,48.598166891362,48.619713242912,48.641261969064,
    48.662813068873,48.684366541375,48.705922385683,48.727480600875,
    48.749041186011,48.770604140141,48.792169462364,48.813737151759,
    48.83530720738,48.856879628307,48.878454413593,48.900031562315,
    48.921611073537,48.943192946352,48.964777179813,48.986363772962,
    49.007952724892,49.02954403468,49.051137701353,49.072733723993,
    49.094332101702,49.115932833485,49.137535918425,49.159141355613,
    49.180749144083,49.202359282902,49.223971771126,49.245586607824,
    49.267203792066,49.288823322904,49.31044519938,49.332069420584,
    49.353695985549,49.375324893333,49.396956143012,49.418589733632,
    49.440225664252,49.461863933921,49.48350454171,49.505147486655,
    49.526792767818,49.548440384253,49.570090335024,49.591742619172,
    49.613397235739,49.635054183809,49.656713462402,49.678375070593,
    49.700039007423,49.721705271925,49.743373863154,49.765044780196,
    49.786718022077,49.808393587815,49.830071476499,49.85175168716,
    49.873434218826,49.895119070571,49.916806241461,49.938495730486,
    49.960187536706,49.981881659201,50.003578096985,50.025276849101,
    50.046977914594,50.068681292513,50.09038698191,50.112094981808,
    50.133805291252,50.155517909286,50.177232834926,50.198950067252,
    50.220669605299,50.242391448068,50.264115594651,50.285842044032,
    50.307570795261,50.329301847411,50.351035199483,50.372770850531,
    50.394508799576,50.416249045657,50.437991587816,50.459736425098,
    50.481483556499,50.503232981068,50.524984697876,50.546738705907,
    50.568495004196,50.590253591809,50.612014467762,50.633777631067,
    50.655543080753,50.677310815873,50.69908083545,50.720853138521,
    50.74262772409,50.764404591196,50.786183738872,50.80796516613,
    50.829748872017,50.851534855552,50.87332311575,50.895113651654,
    50.916906462281,50.938701546634,50.960498903778,50.982298532715,
    51.004100432439,51.02590460202,51.047711040475,51.069519746799,
    51.091330720019,51.113143959171,51.134959463271,51.156777231335,
    51.17859726238,51.20041955543,51.22224410951,51.24407092361,
    51.265899996776,51.287731328036,51.309564916378,51.331400760817,
    51.353238860394,51.375079214118,51.396921820988,51.418766680049,
    51.440613790277,51.462463150705,51.484314760347,51.506168618224,
    51.528024723349,51.549883074702,51.571743671332,51.593606512258,
    51.615471596442,51.637338922929,51.659208490744,51.681080298859,
    51.702954346303,51.72483063209,51.746709155223,51.768589914713,
    51.790472909555,51.812358138783,51.834245601378,51.856135296351,
    51.87802722272,51.899921379494,51.921817765646,51.943716380208,
    51.96561722221,51.987520290604,52.009425584413,52.031333102653,
    52.053242844316,52.075154808413,52.097068993929,52.118985399883,
    52.140904025273,52.162824869105,52.184747930365,52.206673208064,
    52.228600701199,52.250530408763,52.272462329768,52.294396463206,
    52.316332808075,52.338271363374,52.360212128117,52.382155101261,
    52.404100281833,52.426047668829,52.447997261238,52.469949058049,
    52.491903058276,52.513859260909,52.535817664916,52.557778269325,
    52.579741073109,52.601706075278,52.623673274817,52.645642670719,
    52.667614261964,52.689588047557,52.711564026504,52.73354219776,
    52.755522560344,52.777505113233,52.799489855427,52.82147678592,
    52.843465903673,52.865457207699,52.887450696992,52.909446370519,
    52.931444227275,52.95344426627,52.975446486446,52.997450886831,
    53.019457466398,53.041466224124,53.063477159012,53.085490270023,
    53.107505556159,53.1295230164,53.151542649739,53.173564455153,
    53.19558843163,53.217614578124,53.239642893641,53.261673377198,
    53.283706027729,53.305740844207,53.327777825657,53.34981697105,
    53.371858279318,53.393901749499,53.415947380567,53.437995171473,
    53.460045121221,53.482097228764,53.504151493109,53.526207913203,
    53.548266488051,53.570327216645,53.592390097904,53.614455130839,
    53.636522314448,53.658591647687,53.680663129502,53.702736758919,
    53.724812534893,53.746890456377,53.768970522387,53.791052731865,
    53.813137083792,53.835223577151,53.857312210906,53.879402984037,
    53.90149589549,53.923590944269,53.945688129332,53.967787449663,
    53.98988890422,54.011992491972,54.034098211897,54.056206062955,
    54.078316044127,54.100428154379,54.12254239268,54.144658757992,
    54.166777249288,54.18889786555,54.211020605718,54.23314546876,
    54.255272453697,54.277401559426,54.299532784951,54.321666129242,
    54.343801591234,54.365939169913,54.388078864243,54.410220673209,
    54.432364595733,54.454510630784,54.476658777387,54.49880903444,
    54.520961400896,54.543115875784,54.565272458043,54.587431146587,
    54.609591940422,54.631754838519,54.65391983982,54.676086943286,
    54.698256147883,54.720427452554,54.742600856281,54.764776358021,
    54.786953956719,54.809133651359,54.83131544086,54.853499324218,
    54.875685300388,54.897873368294,54.92006352693,54.942255775262,
    54.964450112203,54.986646536725,55.008845047806,55.031045644371,
    55.053248325411,55.075453089851,55.097659936666,55.119868864805,
    55.142079873195,55.164292960832,55.186508126672,55.208725369633,
    55.230944688666,55.253166082771,55.275389550864,55.297615091899,
    55.319842704851,55.342072388648,55.364304142245,55.386537964592,
    55.408773854664,55.431011811392,55.453251833716,55.475493920602,
    55.497738071004,55.519984283852,55.542232558104,55.564482892734,
    55.586735286652,55.608989738817,55.631246248198,55.653504813729,
    55.675765434341,55.698028109003,55.720292836661,55.742559616231,
    55.764828446707,55.787099327027,55.809372256096,55.831647232882,
    55.853924256347,55.876203325416,55.898484439046,55.920767596188,
    55.943052795759,55.965340036726,55.987629318013,56.009920638563,
    56.032213997365,56.054509393319,56.076806825353,56.099106292457,
    56.121407793547,56.143711327537,56.166016893422,56.188324490117,
    56.210634116557,56.232945771698,56.255259454468,56.277575163815,
    56.299892898664,56.322212657959,56.344534440665,56.366858245698,
    56.389184072006,56.411511918513,56.433841784167,56.456173667904,
    56.478507568659,56.50084348539,56.523181416996,56.545521362431,
    56.567863320649,56.590207290577,56.612553271144,56.634901261285,
    56.657251259923,56.679603266036,56.701957278525,56.724313296309,
    56.74667131838,56.76903134363,56.79139337099,56.813757399425,
    56.836123427825,56.858491455136,56.88086148034,56.903233502319,
    56.92560752,56.947983532348,56.97036153829,56.992741536729,
    57.015123526612,57.03750750689,57.059893476467,57.082281434299,
    57.104671379291,57.127063310377,57.149457226505,57.171853126583,
    57.194251009564,57.216650874374,57.239052719918,57.261456545137,
    57.283862348966,57.306270130328,57.328679888163,57.351091621374,
    57.373505328911,57.395921009699,57.418338662645,57.440758286706,
    57.463179880781,57.485603443819,57.508028974727,57.530456472439,
    57.552885935894,57.575317363981,57.597750755669,57.620186109857,
    57.642623425467,57.665062701447,57.687503936705,57.70994713016,
    57.732392280756,57.75483938738,57.777288448985,57.799739464507,
    57.822192432833,57.844647352908,57.867104223632,57.889563043951,
    57.912023812798,57.934486529058,57.956951191666,57.979417799564,
    58.001886351658,58.024356846866,58.046829284101,58.069303662297,
    58.091779980375,58.114258237251,58.136738431845,58.159220563076,
    58.181704629859,58.204190631117,58.226678565767,58.249168432742,
    58.271660230936,58.294153959279,58.3166496167,58.339147202092,
    58.361646714401,58.384148152529,58.406651515386,58.429156801897,
    58.451664010977,58.474173141569,58.496684192538,58.519197162835,
    58.541712051378,58.564228857051,58.586747578803,58.609268215536,
    58.631790766172,58.654315229619,58.676841604774,58.699369890591,
    58.721900085962,58.74443218978,58.766966201014,58.789502118524,
    58.812039941252,58.834579668098,58.857121297973,58.879664829796,
    58.902210262498,58.924757594975,58.947306826118,58.969857954863,
    58.992410980133,59.014965900803,59.037522715811,59.060081424088,
    59.082642024484,59.105204515956,59.127768897414,59.150335167746,
    59.172903325889,59.195473370715,59.218045301175,59.240619116177,
    59.263194814582,59.285772395323,59.308351857347,59.330933199526,
    59.353516420768,59.376101519994,59.398688496105,59.421277348018,
    59.443868074625,59.466460674847,59.489055147574,59.511651491742,
    59.534249706237,59.556849789983,59.579451741868,59.602055560768,
    59.624661245672,59.647268795438,59.669878208957,59.692489485172,
    59.715102622939,59.737717621214,59.760334478891,59.782953194855,
    59.80557376802,59.828196197283,59.850820481575,59.873446619783,
    59.896074610808,59.918704453547,59.941336146909,59.963969689817,
    59.986605081167,60.009242319831,60.031881404747,60.054522334817,
    60.077165108927,60.099809725986,60.122456184879,60.145104484557,
    60.167754623879,60.190406601739,60.21306041708,60.235716068779,
    60.258373555732,60.281032876854,60.303694031038,60.32635701718,
    60.349021834204,60.371688480978,60.394356956414,60.417027259427,
    60.439699388909,60.462373343743,60.485049122855,60.507726725139,
    60.530406149458,60.553087394764,60.575770459919,60.598455343833,
    60.621142045422,60.643830563565,60.666520897163,60.689213045097,
    60.711907006297,60.734602779651,60.757300364047,60.779999758389,
    60.802700961571,60.825403972488,60.848108790047,60.87081541314,
    60.893523840656,60.916234071514,60.938946104581,60.961659938759,
    60.984375572957,61.007093006075,61.029812236989,61.052533264603,
    61.075256087821,61.097980705527,61.120707116614,61.143435320001,
    61.166165314558,61.188897099172,61.211630672762,61.234366034222,
    61.257103182418,61.279842116263,61.302582834672,61.325325336511,
    61.348069620661,61.37081568603,61.393563531528,61.416313156052,
    61.439064558464,61.461817737659,61.484572692548,61.507329422016,
    61.530087924967,61.552848200275,61.575610246831,61.598374063547,
    61.621139649304,61.643907002989,61.666676123485,61.689447009709,
    61.712219660543,61.734994074875,61.757770251582,61.780548189559,
    61.80332788773,61.826109344948,61.848892560119,61.871677532131,
    61.894464259859,61.917252742232,61.940042978106,61.962834966354,
    61.985628705915,62.008424195671,62.031221434467,62.054020421232,
    62.076821154838,62.099623634167,62.122427858133,62.145233825621,
    62.16804153549,62.190850986657,62.213662177995,62.236475108403,
    62.259289776759,62.282106181945,62.304924322886,62.327744198436,
    62.350565807468,62.373389148903,62.39621422162,62.419041024502,
    62.441869556415,62.464699816279,62.48753180298,62.510365515377,
    62.533200952368,62.556038112846,62.578876995688,62.6017175998,
    62.624559924049,62.64740396731,62.670249728506,62.693097206482,
    62.715946400133,62.738797308376,62.76164993007,62.784504264085,
    62.807360309334,62.830218064699,62.853077529031,62.875938701253,
    62.898801580253,62.921666164877,62.944532454036,62.967400446616,
    62.990270141487,63.013141537534,63.036014633646,63.058889428734,
    63.081765921626,63.104644111223,63.127523996445,63.150405576146,
    63.173288849194,63.1961738145,63.219060470928,63.241948817381,
    63.264838852715,63.287730575837,63.310623985622,63.33351908092,
    63.356415860664,63.379314323715,63.402214468946,63.425116295256,
    63.448019801499,63.470924986589,63.493831849393,63.516740388794,
    63.539650603657,63.562562492872,63.58547605535,63.608391289936,
    63.631308195513,63.654226770971,63.677147015187,63.700068927063,
    63.722992505454,63.745917749226,63.768844657287,63.791773228512,
    63.814703461795,63.837635355993,63.860568909973,63.883504122621,
    63.906440992862,63.929379519545,63.952319701513,63.975261537697,
    63.99820502697,64.02115016818,64.044096960234,64.067045401992,
    64.089995492343,64.11294723017,64.135900614346,64.158855643737,
    64.181812317254,64.204770633734,64.227730592069,64.250692191167,
    64.273655429871,64.29662030708,64.31958682165,64.342554972466,
    64.365524758424,64.388496178382,64.41146923122,64.434443915802,
    64.457420231047,64.480398175808,64.503377748934,64.526358949345,
    64.549341775891,64.572326227457,64.595312302929,64.618300001179,
    64.64128932107,64.664280261487,64.687272821312,64.710266999413,
    64.733262794668,64.756260205961,64.779259232159,64.802259872133,
    64.825262124759,64.848265988931,64.871271463514,64.894278547383,
    64.917287239404,64.940297538449,64.963309443422,64.986322953172,
    65.009338066585,65.032354782546,65.055373099908,65.078393017549,
    65.101414534348,65.124437649196,65.147462360922,65.170488668461,
    65.193516570681,65.216546066383,65.239577154503,65.262609833912,
    65.28564410348,65.30867996206,65.331717408548,65.354756441815,
    65.377797060723,65.400839264173,65.423883051029,65.44692842011,
    65.469975370366,65.493023900636,65.516074009779,65.539125696727,
    65.56217896026,65.585233799317,65.608290212769,65.631348199477,
    65.654407758308,65.677468888132,65.700531587843,65.723595856295,
    65.746661692369,65.769729094922,65.792798062846,65.815868595001,
    65.838940690263,65.862014347513,65.885089565612,65.908166343441,
    65.931244679859,65.954324573743,65.977406023953,66.000489029389,
    66.023573588935,66.046659701399,66.069747365695,66.092836580697,
    66.115927345269,66.139019658286,66.162113518599,66.185208925098,
    66.20830587667,66.23140437215,66.254504410416,66.27760599038,
    66.300709110863,66.323813770754,66.346919968933,66.370027704248,
    66.393136975594,66.416247781833,66.43936012183,66.462473994477,
    66.485589398611,66.508706333109,66.531824796869,66.554944788742,
    66.578066307578,66.601189352297,66.624313921721,66.647440014746,
    66.670567630242,66.693696767059,66.716827424086,66.739959600182,
    66.763093294217,66.786228505085,66.809365231629,66.832503472712,
    66.855643227216,66.878784494015,66.901927272005,66.92507155998,
    66.948217356886,66.971364661557,66.994513472834,67.017663789651,
    67.040815610832,67.063968935256,67.087123761807,67.110280849528,
    67.133443999317,67.156617017331,67.179800670246,67.202994964076,
    67.226199904896,67.249415498753,67.272641751625,67.295878669551,
    67.31912625851,67.342384524485,67.365653473442,67.388933111358,
    67.412223444162,67.435524477809,67.458836218193,67.482158671246,
    67.505491842881,67.528835738945,67.552190365344,67.575555727941,
    67.598931832576,67.622318685097,67.645716291361,67.669124657141,
    67.692543788253,67.715973690512,67.739414369679,67.762865831549,
    67.786328081856,67.809801126361,67.833284970811,67.856779620905,
    67.880285082365,67.903801360922,67.927328462236,67.950866391955,
    67.974415155809,67.997974759423,68.021545208414,68.045126508479,
    68.068718665187,68.092321684155,68.115935571001,68.139560331302,
    68.163195970614,68.186842494508,68.210499908569,68.234168218297,
    68.257847429233,68.281537546899,68.305238576774,68.328950524401,
    68.352673395257,68.37640719476,68.40015192843,68.42390760167,
    68.447674219959,68.471451788716,68.495240313305,68.5190397992,
    68.542850251761,68.566671676374,68.590504078414,68.614347463198,
    68.638201836119,68.662067202528,68.685943567706,68.709830936983,
    68.733729315682,68.757638709051,68.781559122403,68.805490561006,
    68.829433030117,68.853386534964,68.877351080808,68.901326672846,
    68.925313316299,68.949311016391,68.973319778275,68.997339607173,
    69.021370508259,69.04541248664,69.069465547474,69.093529695918,
    69.117604937093,69.141691276115,69.165788718083,69.189897268089,
    69.214016931181,69.238147712491,69.262289617043,69.286442649861,
    69.310606816011,69.334782120533,69.358968568409,69.383166164661,
    69.407374914259,69.431594822213,69.455825893523,69.480068133066,
    69.504321545838,69.528586136792,69.552861910804,69.577148872827,
    69.601447027799,69.625756380586,69.650076936039,69.67440869904,
    69.698751674505,69.723105867224,69.747471282086,69.771847923905,
    69.796235797468,69.820634907619,69.845045259143,69.869466856847,
    69.893899705489,69.918343809819,69.942799174633,69.96726580465,
    69.991743704578,70.016232879199,70.040733333184,70.065245071261,
    70.089768098099,70.114302418364,70.138848036767,70.16340495794,
    70.187973186528,70.212552727216,70.237143584565,70.261745763235,
    70.286359267829,70.310984102906,70.335620273099,70.360267782948,
    70.384926637037,70.409596839929,70.434278396148,70.458971310221,
    70.483675586686,70.50839123004,70.53311824481,70.557856635477,
    70.582606406515,70.607367562364,70.63214010753,70.656924046473,
    70.681719383567,70.706526123295,70.731344270076,70.756173828265,
    70.781014802309,70.805867196597,70.830731015486,70.855606263335,
    70.880492944524,70.905391063361,70.930300624217,70.955221631436,
    70.980154089249,71.005098002065,71.030053374122,71.055020209672,
    71.079998513078,71.104988288543,71.129989540305,71.155002272647,
    71.180026489791,71.205062195959,71.230109395362,71.255168092187,
    71.280238290642,71.305319994918,71.330413209187,71.355517937602,
    71.380634184282,71.405761953443,71.430901249174,71.456052075564,
    71.481214436776,71.506388336911,71.531573780019,71.556770770207,
    71.581979311552,71.607199408112,71.632431063917,71.657674283048,
    71.682929069513,71.708195427309,71.733473360487,71.758762873026,
    71.784063968924,71.809376652176,71.834700926728,71.860036796563,
    71.885384265622,71.910743337834,71.936114017131,71.961496307491,
    71.986890212771,72.012295736876,72.037712883712,72.063141657147,
    72.088582061053,72.114034099332,72.139497775778,72.164973094284,
    72.190460058662,72.215958672717,72.241468940312,72.266990865185,
    72.292524451174,72.318069702085,72.34362662164,72.369195213628,
    72.394775481777,72.420367429858,72.445971061647,72.471586380818,
    72.497213391088,72.52285209615,72.548502499745,72.574164605552,
    72.599838417209,72.625523938405,72.651221172845,72.676930124095,
    72.702650795845,72.728383191704,72.754127315305,72.779883170302,
    72.805650760184,72.831430088642,72.857221159207,72.883023975432,
    72.90883854096,72.934664859301,72.960502933957,72.986352768513,
    73.012214366473,73.038087731333,73.063972866656,73.089869775912,
    73.115778462548,73.141698930072,73.167631181967,73.193575221646,
    73.219531052595,73.245498678279,73.271478102033,73.297469327356,
    73.323472357634,73.349487196284,73.375513846692,73.401552312191,
    73.427602596236,73.453664702133,73.47973863326,73.505824392966,
    73.531921984551,73.558031411381,73.584152676775,73.610285783998,
    73.636430736386,73.66258753723,73.688756189761,73.714936697308,
    73.741129063112,73.767333290435,73.793549382473,73.819777342502,
    73.846017173774,73.872268879421,73.89853246272,73.924807926849,
    73.951095274975,73.977394510319,74.00370563598,74.030028655176,
    74.056363571039,74.082710386724,74.109069105363,74.135439730048,
    74.161822263911,74.18821671007,74.214623071604,74.241041351623,
    74.267471553194,74.29391367934,74.320367733192,74.346833717754,
    74.373311636093,74.399801491216,74.426303286177,74.452817023986,
    74.479342707632,74.505880340097,74.532429924382,74.558991463481,
    74.585564960345,74.612150417981,74.638747839278,74.665357227176,
    74.691978584658,74.718611914636,74.745257219986,74.77191450366,
    74.798583768534,74.825265017474,74.851958253436,74.878663479217,
    74.90538069769,74.932109911768,74.958851124187,74.98560433786,
    75.012369555634,75.039146780261,75.065936014594,75.092737261412,
    75.119550523499,75.146375803663,75.173213104665,75.20006242927,
    75.226923780232,75.253797160288,75.280682572207,75.307580018683,
    75.334489502441,75.361411026246,75.388344592754,75.415290204638,
    75.442247864627,75.46921757539,75.496199339565,75.523193159853,
    75.550199038924,75.577216979339,75.604246983784,75.631289054873,
    75.658343195217,75.685409407469,75.712487694164,75.739578057903,
    75.766680501348,75.793795026966,75.82092163735,75.848060335094,
    75.875211122706,75.902374002767,75.929548977759,75.956736050224,
    75.98393522267,76.011146497638,76.03836987757,76.065605364963,
    76.092852962338,76.120112672126,76.147384496809,76.174668438821,
    76.201964500587,76.229272684589,76.2565929933,76.283925429006,
    76.311269994185,76.338626691283,76.365995522638,76.39337649066,
    76.420769597704,76.448174846127,76.475592238351,76.503021776701,
    76.530463463496,76.557917301058,76.585383291784,76.61286143791,
    76.640351741785,76.667854205748,76.695368832009,76.722895622913,
    76.750434580721,76.777985707676,76.805549006109,76.833124478206,
    76.860712126187,76.888311952353,76.915923958909,76.943548148069,
    76.971184522029,76.998833082994,77.026493833181,77.054166774739,
    77.081851909884,77.10954924077,77.137258769539,77.164980498362,
    77.192714429362,77.220460564686,77.248218906476,77.275989456827,
    77.303772217888,77.331567191701,77.359374380396,77.38719378606,
    77.415025410784,77.44286925661,77.470725325599,77.498593619824,
    77.526474141326,77.554366892127,77.582271874279,77.610189089779,
    77.638118540676,77.666060228943,77.694014156552,77.721980325557,
    77.749958737887,77.777949395533,77.805952300457,77.833967454624,
    77.861994859994,77.890034518456,77.918086431965,77.946150602483,
    77.974227031861,78.002315722067,78.030416674997,78.058529892495,
    78.086655376459,78.114793128788,78.14294315136,78.171105446003,
    78.199280014545,78.2274668589,78.255665980862,78.283877382283,
    78.312101064958,78.340337030676,78.368585281302,78.396845818612,
    78.425118644354,78.453403760359,78.48170116836,78.510010870134,
    78.538332867495,78.566667162108,78.595013755764,78.623372650165,
    78.651743847042,78.680127348136,78.708523155141,78.736931269774,
    78.765351693703,78.79378442861,78.822229476189,78.85068683816,
    78.879156516089,78.907638511672,78.936132826606,78.964639462449,
    78.993158420856,79.021689703514,79.050233311957,79.07878924784,
    79.107357512746,79.135938108225,79.164531035955,79.19313629749,
    79.221753894314,79.250383828066,79.27902610031,79.307680712562,
    79.336347666336,79.365026963183,79.393718604674,79.42242259226,
    79.451138927484,79.479867611847,79.508608646801,79.537362033861,
    79.566127774511,79.594905870225,79.623696322451,79.652499132618,
    79.681314302225,79.710141832687,79.738981725432,79.767833981903,
    79.796698603458,79.825575591558,79.854464947604,79.883366672962,
    79.912280769065,79.941207237229,79.970146078858,79.999097295349,
    80.028060887993,80.057036858177,80.086025207227,80.115025936487,
    80.144039047258,80.173064540888,80.202102418712,80.231152681973,
    80.26021533195,80.28929037002,80.318377797428,80.34747761541,
    80.376589825262,80.405714428234,80.434851425564,80.464000818515,
    80.493162608359,80.522336796271,80.551523383454,80.580722371186,
    80.609933760627,80.639157552968,80.668393749468,80.697642351246,
    80.726903359494,80.756176775392,80.785462600069,80.814760834736,
    80.844071480514,80.873394538507,80.902730009873,80.932077895782,
    80.961438197315,80.990810915538,81.020196051609,81.049593606632,
    81.079003581655,81.108425977777,81.137860796078,81.167308037615,
    81.196767703484,81.226239794679,81.255724312233,81.285221257271,
    81.31473063076,81.344252433748,81.373786667191,81.403333332156,
    81.432892429668,81.46246396069,81.492047926197,81.521644327142,
    81.55125316456,81.580874439376,81.610508152555,81.640154305062,
    81.669812897795,81.699483931766,81.72916740788,81.758863326983,
    81.788571690073,81.818292498068,81.848025751786,81.877771452168,
    81.907529600124,81.937300196485,81.967083242188,81.996878738013,
    82.026686684869,82.05650708362,82.086339935078,82.116185240081,
    82.146042999445,82.175913214029,82.20579588462,82.235691012096,
    82.265598597158,82.295518640617,82.325451143308,82.355396105993,
    82.385353529428,82.415323414394,82.445305761613,82.475300571925,
    82.505307845995,82.535327584552,82.565359788386,82.595404458169,
    82.625461594653,82.655531198541,82.685613270519,82.715707811273,
    82.745814821537,82.775934301991,82.806066253225,82.836210675978,
    82.866367570911,82.896536938673,82.926718779903,82.956913095196,
    82.987119885289,83.017339150716,83.047570892113,83.077815110128,
    83.108071805359,83.138340978372,83.168622629751,83.198916760154,
    83.229223370088,83.259542460141,83.28987403088,83.320218082864,
    83.350574616652,83.380943632778,83.411325131757,83.441719114152,
    83.472125580484,83.502544531252,83.532975966959,83.563419888145,
    83.593876295234,83.624345188798,83.654826569286,83.685320437132,
    83.715826792872,83.746345636937,83.776876969744,83.807420791796,
    83.837977103538,83.868545905339,83.899127197684,83.929720980997,
    83.960327255621,83.990946022052,84.021577280677,84.052221031818,
    84.082877275929,84.113546013397,84.144227244515,84.17492096974,
    84.205627189422,84.236345903809,84.267077113372,84.297820818451,
    84.328577019297,84.35934571626,84.390126909663,84.420920599874,
    84.451726787138,84.482545471753,84.513376654095,84.544220334339,
    84.575076512815,84.605945189798,84.636826365543,84.667720040354,
    84.698626214431,84.729544888064,84.760476061419,84.791419734796,
    84.822375908464,84.853344582559,84.884325757285,84.915319432906,
    84.946325609585,84.977344287553,85.008375467022,85.039419148085,
    85.070475330982,85.101544015839,85.132625202841,85.163718892155,
    85.194825083903,85.225943778247,85.257074975336,85.288218675277,
    85.319374878149,85.350543584122,85.381724793334,85.412918505828,
    85.44412472172,85.475343441096,85.506574664057,85.537818390664,
    85.569074620989,85.600343355094,85.631624593077,85.662918334918,
    85.694224580691,85.725543330438,85.756874584195,85.788218342038,
    85.819574603877,85.850943369756,85.882324639774,85.913718413836,
    85.945124691925,85.976543474113,86.007974760311,86.039418550523,
    86.070874844685,86.102343642794,86.133824944801,86.165318750634,
    86.196825060256,86.228343873588,86.259875190563,86.291419011074,
    86.322975335114,86.354544162554,86.386125493261,86.417719327207,
    86.449325664218,86.480944504153,86.512575847015,86.544219692588,
    86.575876040732,86.60754489132,86.639226244239,86.670920099303,
    86.702626456357,86.734345315246,86.766076675796,86.797820537814,
    86.829576901138,86.861345765559,86.893127130886,86.924920996984,
    86.956727363472,86.988546230271,87.02037759719,87.052221463899,
    87.084077830221,87.115946695908,87.147828060706,87.179721924363,
    87.211628286628,87.243547147225,87.275478505874,87.307422362357,
    87.339378716333,87.371347567494,87.403328915602,87.435322760337,
    87.46732910137,87.499347938431,87.531379271157,87.563423099234,
    87.595479422305,87.627548240057,87.659629552203,87.691723358289,
    87.723829658026,87.755948451005,87.788079736897,87.82022351534,
    87.852379785866,87.884548548172,87.916729801849,87.948923546461,
    87.981129781669,88.013348507001,88.045579722021,88.077823426363,
    88.110079619621,88.142348301274,88.174629470911,88.206923128129,
    88.23922927242,88.271547903337,88.30387902045,88.336222623225,
    88.368578711194,88.400947283947,88.433328340929,88.465721881673,
    88.49812790562,88.530546412323,88.562977401277,88.595420871898,
    88.62787682368,88.660345256161,88.692826168724,88.72531956084,
    88.757825431978,88.790343781582,88.822874609079,88.85541791389,
    88.887973695491,88.920541953215,88.953122686553,88.985715894933,
    89.018321577672,89.050939734223,89.08357036397,89.116213466298,
    89.148869040575,89.181537086185,89.214217602478,89.246910588838,
    89.279616044637,89.312333969176,89.345064361838,89.377807221944,
    89.410562548835,89.443330341821,89.476110600227,89.508903323405,
    89.541708510619,89.574526161195,89.607356274421,89.640198849578,
    89.673053885997,89.705921382938,89.738801339656,89.771693755367,
    89.804598629424,89.837515961105,89.870445749567,89.903387994113,
    89.936342693981,89.969309848388,90.002289456606,90.035281517742,
    90.068286031118,90.101302995938,90.134332411378,90.16737427663,
    90.200428590949,90.233495353493,90.266574563361,90.299666219814,
    90.332770322057,90.365886869161,90.399015860337,90.43215729476,
    90.465311171551,90.498477489828,90.531656248765,90.564847447495,
    90.598051085128,90.631267160746,90.66449567355,90.6977366226,
    90.73099000699,90.764255825865,90.797534078213,90.830824763223,
    90.864127879955,90.897443427486,90.930771404852,90.964111811107,
    90.99746464536,91.030829906634,91.064207594019,91.097597706517,
    91.131000243109,91.164415202919,91.197842584944,91.231282388175,
    91.264734611645,91.298199254397,91.331676315402,91.365165793639,
    91.398667688085,91.432181997785,91.465708721696,91.499247858783,
    91.532799408032,91.566363368361,91.599939738801,91.633528518251,
    91.667129705669,91.700743300035,91.734369300206,91.768007705172,
    91.801658513879,91.835321725195,91.868997338026,91.902685351347,
    91.936385764021,91.970098574922,92.003823782986,92.037561387117,
    92.071311386129,92.105073778931,92.138848564402,92.172635741408,
    92.206435308821,92.240247265457,92.274071610178,92.307908341858,
    92.3417574593,92.375618961365,92.409492846872,92.443379114659,
    92.47727776351,92.511188792209,92.545112199651,92.579047984591,
    92.612996145796,92.646956682092,92.680929592292,92.714914875107,
    92.748912529366,92.782922553817,92.816944947199,92.850979708348,
    92.885026835938,92.919086328717,92.953158185495,92.987242404921,
    93.021338985836,93.0554479269,93.089569226819,93.123702884327,
    93.157848898168,93.192007266994,93.226177989531,93.260361064517,
    93.294556490558,93.328764266383,93.362984390697,93.397216862088,
    93.431461679314,93.465718841054,93.499988345852,93.534270192495,
    93.568564379512,93.602870905613,93.637189769451,93.671520969626,
    93.70586450477,93.7402203735,93.774588574419,93.808969106162,
    93.843361967415,93.877767156614,93.91218467244,93.946614513529,
    93.981056678413,94.015511165659,94.049977973883,94.084457101633,
    94.118948547541,94.153452310061,94.187968387797,94.222496779304,
    94.257037483129,94.291590497806,94.326155821868,94.36073345385,
    94.395323392274,94.429925635665,94.464540182573,94.499167031445,
    94.533806180738,94.568457629123,94.603121374966,94.637797416775,
    94.672485753097,94.707186382302,94.741899302943,94.776624513518,
    94.81136201241,94.846111798109,94.880873869073,94.915648223809,
    94.950434860699,94.985233778118,95.020044974615,95.054868448604,
    95.089704198457,95.124552222654,95.159412519569,95.194285087592,
    95.229169925186,95.26406703075,95.298976402615,95.333898039203,
    95.368831938952,95.40377810019,95.438736521286,95.473707200621,
    95.508690136544,95.543685327481,95.578692771713,95.613712467633,
    95.648744413623,95.683788607931,95.718845048952,95.753913735026,
    95.78899466441,95.824087835503,95.859193246609,95.894310896042,
    95.929440782074,95.96458290303,95.999737257233,96.034903842928,
    96.070082658444,96.105273702058,96.140476972007,96.175692466609,
    96.210920184154,96.246160122834,96.28141228094,96.316676656799,
    96.35195324856,96.387242054503,96.422543072843,96.457856301896,
    96.49318173986,96.528519384879,96.563869235317,96.599231289261,
    96.634605544956,96.669992000682,96.705390654585,96.740801504894,
    96.776224549732,96.811659787295,96.847107215871,96.882566833584,
    96.918038638602,96.953522629058,96.989018803152,97.024527159062,
    97.060047694924,97.095580408907,97.131125299145,97.166682363779,
    97.20225160095,97.237833008772,97.273426585398,97.309032328964,
    97.344650237552,97.380280309325,97.41592254232,97.451576934743,
    97.487243484596,97.522922189996,97.558613049158,97.594316059968,
    97.630031220639,97.665758529259,97.701497983825,97.737249582456,
    97.773013323222,97.808789204131,97.844577223278,97.880377378779,
    97.916189668556,97.952014090711,97.987850643325,98.02369932427,
    98.059560131797,98.095433063805,98.131318118304,98.167215293381,
    98.203124586974,98.239045997089,98.274979521837,98.310925159111,
    98.346882906894,98.38285276324,98.418834726089,98.454828793442,
    98.490834963296,98.52685323356,98.562883602265,98.598926067347,
    98.63498062673,98.671047278459,98.707126020384,98.743216850506,
    98.779319766677,98.815434766962,98.851561849299,98.887701011482,
    98.923852251531,98.96001556734,98.996190956833,99.032378417861,
    99.068577948433,99.104789546354,99.141013209605,99.177248936082,
    99.213496723548,99.249756569998,99.286028473287,99.32231243129,
    99.358608441884,99.394916502912,99.431236612307,99.467568767885,
    99.503912967397,99.540269208862,99.576637490081,99.613017808783,
    99.649410162942,99.685814550362,99.722230968818,99.758659416166,
    99.795099890298,99.831552388926,99.868016909885,99.90449345103,
    99.940982010131,99.977482584973,100.0139951734,100.05051977316,
    100.08705638206,100.12360499792,100.16016561842,100.19673824144,
    100.23332286472,100.26991948601,100.30652810313,100.34314871372,
    100.37978131559,100.41642590653,100.45308248429,100.48975104663,
    100.52643159117,100.56312411575,100.59982861809,100.63654509591,
    100.67327354687,100.71001396878,100.74676635935,100.78353071617,
    100.82030703715,100.8570953198,100.89389556186,100.93070776119,
    100.96753191531,101.00436802194,101.04121607876,101.07807608345,
    101.1149480337,101.15183192726,101.18872776163,101.22563553457,
    101.2625552438,101.29948688685,101.33643046143,101.37338596525,
    101.41035339586,101.44733275085,101.48432402802,101.52132722496,
    101.55834233914,101.5953693684,101.63240831024,101.66945916228,
    101.70652192216,101.7435965875,101.78068315591,101.81778162499,
    101.85489199224,101.89201425537,101.92914841194,101.96629445951,
    102.00345239573,102.04062221811,102.07780392425,102.11499751169,
    102.15220297808,102.18942032091,102.22664953771,102.26389062614,
    102.30114358375,102.33840840799,102.37568509645,102.41297364665,
    102.45027405618,102.48758632262,102.52491044336,102.56224641602,
    102.59959423811,102.63695390708,102.67432542063,102.71170877607,
    102.74910397097,102.78651100288,102.82392986926,102.86136056764,
    102.89880309551,102.93625745039,102.97372362968,103.01120163088,
    103.04869145154,103.08619308911,103.123706541,103.16123180478,
    103.19876887786,103.23631775766,103.27387844171,103.31145092749,
    103.34903521238,103.38663129378,103.42423916929,103.46185883623,
    103.49949029208,103.53713353434,103.57478856027,103.61245536739,
    103.65013395323,103.68782431507,103.72552645033,103.76324035653,
    103.80096603098,103.83870347108,103.87645267436,103.91421363809,
    103.95198635969,103.98977083663,104.02756706616,104.06537504574,
    104.10319477286,104.14102624476,104.17886945885,104.2167244126,
    104.25459110317,104.29246952807,104.33035968465,104.36826157026,
    104.40617518227,104.44410051805,104.48203757488,104.51998635012,
    104.55794684118,104.59591904538,104.63390296004,104.67189858241,
    104.70990590997,104.74792493997,104.78595566968,104.82399809656,
    104.86205221783,104.90011803084,104.93819553282,104.97628472121,
    105.01438559323,105.05249814617,105.0906223774,105.12875828415,
    105.16690586375,105.20506511344,105.24323603058,105.28141861238,
    105.31961285616,105.3578187592,105.39603631874,105.43426553208,
    105.4725063965,105.51075890923,105.54902306758,105.58729886872,
    105.62558630993,105.66388538855,105.70219610176,105.7405184468,
    105.77885242093,105.81719802136,105.85555524542,105.89392409026,
    105.9323045531,105.97069663122,106.00910032183,106.04751562205,
    106.08594252926,106.12438104067,106.16283115335,106.20129286464,
    106.2397661717,106.27825107171,106.31674756188,106.35525563945,
    106.39377530154,106.43230654549,106.47084936838,106.50940376734,
    106.54796973965,106.5865472825,106.62513639302,106.66373706837,
    106.70234930576,106.74097310239,106.77960845543,106.81825536195,
    106.85691381916,106.8955838242,106.93426537434,106.97295846664,
    107.0116630982,107.05037926623,107.08910696792,107.12784620038,
    107.1665969607,107.20535924607,107.24413305361,107.28291838039,
    107.32171522364,107.36052358048,107.39934344794,107.43817482326,
    107.4770177035,107.51587208578,107.55473796719,107.59361534483,
    107.63250421586,107.67140457738,107.71031642644,107.74923976027,
    107.78817457587,107.82712087019,107.8660786406,107.9050478841,
    107.94402859769,107.9830207785,108.02202442361,108.06103953016,
    108.10006609518,108.13910411568,108.17815358884,108.21721451175,
    108.25628688134,108.29537069474,108.33446594914,108.37357264138,
    108.41269076862,108.451820328,108.49096131646,108.53011373109,
    108.56927756888,108.60845282697,108.64763950239,108.68683759211,
    108.72604709326,108.76526800287,108.80450031787,108.84374403538,
    108.88299915241,108.92226566597,108.96154357312,109.00083287088,
    109.04013355623,109.07944562621,109.11876907786,109.15810390824,
    109.19745011423,109.2368076929,109.27617664129,109.31555695636,
    109.35494863523,109.39435167469,109.43376607189,109.47319182383,
    109.51262892745,109.55207737974,109.59153717769,109.63100831836,
    109.67049079869,109.7099846156,109.74948976617,109.7890062473,
    109.82853405608,109.86807318936,109.90762364414,109.9471854175,
    109.98675850628,110.02634290751,110.06593861816,110.10554563512,
    110.14516395544,110.18479357606,110.22443449387,110.26408670593,
    110.30375020912,110.34342500044,110.38311107682,110.42280843521,
    110.46251707252,110.5022369857,110.54196817175,110.58171062759,
    110.62146435016,110.66122933633,110.70100558307,110.74079308737,
    110.78059184616,110.82040185627,110.86022311472,110.90005561842,
    110.9398993642,110.97975434915,111.01962057008,111.05949802388,
    111.09938670753,111.13928661801,111.17919775207,111.21912010673,
    111.25905367891,111.29899846543,111.33895446328,111.37892166938,
    111.41890008058,111.45888969376,111.49889050585,111.53890251377,
    111.57892571439,111.61896010458,111.65900568135,111.69906244151,
    111.73913038192,111.77920949955,111.81929979115,111.85940125371,
    111.89951388419,111.93963767927,111.97977263597,112.01991875122,
    112.06007602174,112.10024444454,112.14042401647,112.18061473433,
    112.22081659502,112.26102959551,112.30125373258,112.34148900304,
    112.38173540385,112.4219929319,112.46226158402,112.50254135703,
    112.54283224781,112.58313425327,112.62344737029,112.66377159559,
    112.70410692611,112.74445335877,112.78481089026,112.82517951758,
    112.86555923754,112.90595004701,112.94635194279,112.98676492172,
    113.02718898072,113.06762411657,113.1080703261,113.14852760626,
    113.18899595382,113.22947536553,113.26996583835,113.31046736917,
    113.35097995471,113.39150359181,113.43203827739,113.47258400816,
    113.51314078102,113.55370859295,113.59428744048,113.63487732064,
    113.67547823027,113.71609016608,113.75671312498,113.79734710381,
    113.83799209933,113.87864810839,113.91931512787,113.95999315449,
    114.00068218514,114.0413822166,114.08209324574,114.12281526935,
    114.16354828421,114.20429228725,114.24504727514,114.28581324476,
    114.32659019296,114.36737811652,114.40817701229,114.44898687701,
    114.48980770755,114.53063950068,114.57148225321,114.612335962,
    114.65320062386,114.69407623549,114.73496279378,114.77586029554,
    114.81676873757,114.85768811666,114.89861842965,114.93955967328,
    114.98051184435,115.02147493976,115.06244895625,115.10343389061,
    115.14442973959,115.18543650008,115.22645416892,115.26748274277,
    115.30852221849,115.34957259293,115.39063386281,115.43170602494,
    115.4727890762,115.51388301329,115.55498783299,115.59610353215,
    115.63723010762,115.67836755612,115.71951587441,115.76067505934,
    115.80184510767,115.84302601624,115.88421778183,115.92542040122,
    115.96663387118,116.00785818844,116.04909334995,116.09033935243,
    116.13159619266,116.17286386744,116.21414237347,116.25543170768,
    116.29673186684,116.33804284767,116.37936464697,116.42069726154,
    116.4620406882,116.50339492373,116.54475996493,116.58613580853,
    116.62752245129,116.66891989012,116.71032812179,116.75174714303,
    116.7931769506,116.83461754131,116.87606891204,116.91753105955,
    116.9590039805,117.00048767179,117.04198213019,117.08348735246,
    117.12500333548,117.16653007596,117.20806757062,117.24961581634,
    117.29117480995,117.33274454816,117.37432502785,117.4159162457,
    117.45751819848,117.49913088301,117.54075429622,117.58238843483,
    117.62403329549,117.66568887506,117.70735517047,117.74903217843,
    117.79071989561,117.83241831891,117.87412744512,117.91584727106,
    117.95757779348,117.99931900917,118.0410709149,118.08283350753,
    118.12460678379,118.16639074049,118.20818537455,118.24999068256,
    118.29180666139,118.33363330788,118.37547061882,118.41731859105,
    118.45917722125,118.50104650626,118.54292644288,118.58481702801,
    118.62671825836,118.66863013066,118.71055264187,118.75248578864,
    118.79442956791,118.83638397642,118.87834901098,118.92032466833,
    118.96231094539,119.00430783881,119.04631534559,119.08833346247,
    119.13036218616,119.1724015136,119.21445144152,119.25651196678,
    119.29858308615,119.34066479644,119.38275709446,119.42485997707,
    119.46697344111,119.5090974833,119.55123210053,119.59337728957,
    119.6355330472,119.67769937042,119.71987625595,119.76206370051,
    119.80426170103,119.84647025427,119.88868935718,119.93091900652,
    119.973159199,120.01540993162,120.05767120109,120.09994300425,
    120.14222533812,120.18451819931,120.22682158471,120.26913549112,
    120.31145991552,120.35379485465,120.39614030529,120.43849626439,
    120.48086272879,120.52323969519,120.56562716059,120.60802512182,
    120.65043357561,120.69285251894,120.73528194856,120.77772186139,
    120.8201722542,120.86263312396,120.90510446749,120.94758628157,
    120.99007856317,121.03258130902,121.07509451604,121.11761818113,
    121.16015230117,121.20269687292,121.24525189332,121.28781735925,
    121.33039326753,121.37297961509,121.41557639872,121.45818361545,
    121.50080126197,121.54342933524,121.58606783215,121.62871674959,
    121.67137608447,121.71404583358,121.7567259939,121.79941656222,
    121.84211753549,121.88482891066,121.92755068459,121.97028285416,
    122.01302541616,122.05577836763,122.09854170545,122.1413154266,
    122.18409952779,122.22689400601,122.26969885823,122.31251408134,
    122.35533967228,122.39817562791,122.44102194511,122.48387862078,
    122.52674565206,122.56962303569,122.61251076861,122.65540884773,
    122.69831727006,122.74123603261,122.78416513205,122.82710456547,
    122.8700543299,122.91301442212,122.95598483914,122.998965578,
    123.04195663547,123.08495800858,123.12796969431,123.17099168963,
    123.21402399145,123.25706659671,123.30011950245,123.34318270555,
    123.38625620305,123.42933999191,123.47243406903,123.51553843149,
    123.55865307615,123.60177800004,123.64491320026,123.68805867364,
    123.73121441723,123.77438042794,123.81755670289,123.86074323904,
    123.90394003336,123.94714708282,123.99036438446,124.03359193525,
    124.07682973231,124.1200777726,124.16333605309,124.20660457074,
    124.2498833227,124.29317230596,124.33647151749,124.37978095437,
    124.42310061368,124.46643049233,124.5097705874,124.55312089599,
    124.59648141512,124.63985214183,124.6832330731,124.72662420601,
    124.7700255378,124.81343706526,124.85685878553,124.9002906958,
    124.94373279306,124.98718507436,125.0306475367,125.0741201773,
    125.11760299316,125.16109598146,125.2045991392,125.24811246342,
    125.29163595131,125.33516959988,125.37871340635,125.42226736779,
    125.4658314812,125.50940574378,125.55299015269,125.59658470491,
    125.64018939759,125.68380422801,125.72742919319,125.77106429016,
    125.81470951619,125.85836486844,125.90203034394,125.9457059399,
    125.98939165342,126.0330874817,126.07679342194,126.1205094712,
    126.16423562669,126.20797188558,126.25171824503,126.29547470217,
    126.33924125429,126.38301789848,126.42680463195,126.47060145191,
    126.51440835555,126.55822534006,126.60205240257,126.64588954037,
    126.68973675068,126.73359403064,126.77746137761,126.82133878865,
    126.865226261,126.90912379194,126.95303137877,126.99694901862,
    127.04087670881,127.0848144465,127.12876222886,127.17272005345,
    127.21668791731,127.26066581766,127.30465375186,127.3486517172,
    127.39265971089,127.43667773022,127.48070577254,127.52474383505,
    127.56879191503,127.61285000983,127.65691811683,127.70099623328,
    127.74508435639,127.78918248353,127.83329061202,127.87740873922,
    127.92153686244,127.96567497904,128.00982308629,128.05398118149,
    128.09814926218,128.14232732558,128.18651536898,128.23071338986,
    128.27492138552,128.3191393534,128.3633672908,128.40760519509,
    128.45185306374,128.49611089401,128.54037868345,128.5846564294,
    128.62894412915,128.67324178021,128.71754938001,128.76186692599,
    128.80619441546,128.85053184591,128.89487921481,128.93923651947,
    128.98360375749,129.02798092629,129.07236802329,129.11676504592,
    129.16117199163,129.20558885791,129.25001564231,129.29445234226,
    129.33889895518,129.38335547862,129.42782191008,129.47229824713,
    129.51678448714,129.56128062765,129.60578666619,129.65030260024,
    129.69482842748,129.7393641454,129.78390975141,129.82846524306,
    129.873030618,129.91760587382,129.96219100796,130.00678601807,
    130.05139090162,130.09600565631,130.1406302796,130.18526476924,
    130.22990912272,130.27456333763,130.31922741155,130.36390134215,
    130.40858512716,130.45327876392,130.49798225032,130.54269558378,
    130.58741876217,130.63215178298,130.67689464392,130.7216473426,
    130.76640987671,130.811182244,130.85596444202,130.9007564685,
    130.94555832116,130.99036999764,131.03519149569,131.08002281305,
    131.12486394736,131.16971489637,131.21457565781,131.25944622931,
    131.30432660875,131.34921679391,131.39411678242,131.43902657203,
    131.48394616059,131.5288755459,131.57381472558,131.61876369753,
    131.66372245956,131.7086910093,131.75366934473,131.7986574637,
    131.84365536383,131.8886630431,131.93368049919,131.9787077301,
    132.02374473373,132.06879150762,132.11384804986,132.15891435824,
    132.2039904307,132.24907626509,132.2941718592,132.33927721108,
    132.3843923185,132.42951717943,132.47465179176,132.5197961534,
    132.5649502623,132.61011411633,132.65528771352,132.70047105177,
    132.74566412907,132.79086694328,132.83607949244,132.88130177465,
    132.92653378771,132.9717755296,133.01702699844,133.06228819216,
    133.10755910876,133.15283974632,133.19813010289,133.24343017644,
    133.28873996493,133.33405946657,133.37938867937,133.42472760142,
    133.47007623067,133.51543456519,133.56080260325,133.60618034291,
    133.65156778212,133.69696491906,133.74237175199,133.78778827878,
    133.83321449768,133.87865040695,133.92409600461,133.96955128883,
    134.01501625769,134.06049090953,134.10597524254,134.15146925475,
    134.19697294442,134.24248630977,134.28800934901,134.33354206037,
    134.37908444209,134.42463649231,134.47019820942,134.51576959155,
    134.56135063704,134.60694134415,134.65254171112,134.69815173615,
    134.7437714178,134.78940075416,134.83503974353,134.88068838437,
    134.92634667484,134.97201461343,135.0176921985,135.06337942814,
    135.109076301,135.1547828154,135.20049896953,135.24622476191,
    135.29196019105,135.33770525527,135.38345995284,135.42922428231,
    135.47499824211,135.52078183069,135.56657504651,135.61237788794,
    135.65819035347,135.70401244167,135.74984415092,135.79568547981,
    135.84153642682,135.88739699028,135.93326716897,135.9791469613,
    136.02503636575,136.07093538102,136.11684400552,136.16276223786,
    136.20869007673,136.25462752056,136.30057456804,136.34653121763,
    136.39249746809,136.43847331806,136.48445876609,136.53045381085,
    136.57645845098,136.62247268501,136.66849651187,136.71452993015,
    136.76057293848,136.80662553553,136.85268772,136.89875949079,
    136.94484084647,136.99093178576,137.03703230746,137.0642493178,
    137.22584217304,137.38683934688,137.54724164433,137.70704987151,
    137.86626483563,138.02488734507,138.18291820941,138.34035823943,
    138.49720824721,138.65346904612,138.80914145086,138.96422627754,
    139.11872434368,139.27263646825,139.42596347176,139.57870617624,
    139.73086540532,139.88244198427,140.03343674004,140.1838505013,
    140.33368409851,140.48293836392,140.63161413166,140.7797122378,
    140.92723352034,141.07417881931,141.22054897681,141.36634483705,
    141.51156724643,141.65621705356,141.80029510932,141.94380226697,
    142.08673938212,142.22910731285,142.37090691975,142.51213906598,
    142.65280461734,142.79290444231,142.93243941212,143.07141040086,
    143.20981828546,143.34766394583,143.48494826489,143.62167212866,
    143.7578364263,143.89344205024,144.02848989617,144.16298086318,
    144.29691585381,144.43029577414,144.56312153383,144.69539404625,
    144.82711422854,144.95828300168,145.08890129058,145.21897002417,
    145.3484901355,145.47746256181,145.6058882446,145.73376812976,
    145.86110316767,145.98789431324,146.11414252605,146.23984877045,
    146.36501401563,146.48963923574,146.61372541,146.7372735228,
    146.86028456379,146.98275952803,147.10469941606,147.22610523402,
    147.34697799378,147.46731871307,147.58712841555,147.70640813099,
    147.82515889536,147.94338175093,148.06107774649,148.17824793736,
    148.29489338563,148.41101516023,148.52661433709,148.64169199926,
    148.75624923711,148.8702871484,148.98380683847,149.09680942041,
    149.20929601515,149.32126775168,149.43272576717,149.54367120716,
    149.65410522569,149.7640289855,149.87344365818,149.98235042436,
    150.09075047386,150.1986450059,150.30603522929,150.41292236256,
    150.5193076342,150.62519228287,150.73057755752,150.83546471766,
    150.93985503354,151.04374978636,151.14715026846,151.25005778358,
    151.35247364701,151.45439918589,151.55583573938,151.6567846589,
    151.75724730838,151.85722506449,151.95671931687,152.05573146838,
    152.15426293538,152.25231514794,152.3498895501,152.44698760018,
    152.543610771,152.63976055017,152.73543844036,152.83064595959,
    152.92538464151,153.01965603566,153.11346170783,153.2068032403,
    153.29968223215,153.39210029961,153.48405907632,153.57556021368,
    153.66660538117,153.75719626665,153.84733457674,153.93702203711,
    154.02626039285,154.1150514088,154.20339686991,154.2912985816,
    154.37875837012,154.4657780829,154.55235958896,154.63850477922,
    154.72421556696,154.80949388814,154.89434170183,154.97876099057,
    155.06275376082,155.14632204331,155.22946789348,155.31219339188,
    155.3945006446,155.47639178368,155.55786896753,155.63893438137,
    155.71959023768,155.79983877658,155.87968226634,155.95912300376,
    156.03816331467,156.11680555436,156.195052108,156.27290539114,
    156.35036785015,156.42744196267,156.50413023809,156.58043521799,
    156.65635947661,156.73190562132,156.80707629308,156.88187416691,
    156.95630195232,157.03036239382,157.10405827137,157.17739240079,
    157.25036763429,157.32298686087,157.39525300679,157.46716903603,
    157.5387379507,157.6099627915,157.68084663816,157.75139260984,
    157.82160386555,157.89148360459,157.96103506691,158.03026153354,
    158.09916632695,158.16775281141,158.2360243934,158.30398452188,
    158.3716366887,158.43898442887,158.50603132088,158.57278098698,
    158.63923709348,158.70540335095,158.77128351449,158.83688138394,
    158.90220080406,158.96724566471,159.03201990098,159.09652749334,
    159.1607724677,159.22475889551,159.28849089378,159.35197262511,
    159.41520829768,159.47820216517,159.54095852673,159.60348172682,
    159.6657761551,159.72784624623,159.7896964797,159.85133137951,
    159.91275551394,159.97397349519,160.03498997904,160.09580966443,
    160.15643729303,160.21687764876,160.27713555721,160.33721588517,
    160.39712353994,160.45686346872,160.51644065788,160.57586013229,
    160.63512695447,160.69424622382,160.75322307571,160.81206268062,
    160.87077024319,160.92935100119,160.98781022452,161.04615321415,
    161.104385301,161.16251184478,161.22053823282,161.27846987885,
    161.33631222174,161.39407072421,161.45175087151,161.50935817006,
    161.56689814607,161.62437634412,161.68179832576,161.739169668,
    161.79649596185,161.85378281082,161.91103582939,161.96826064148,
    162.0254628789,162.08264817977,162.13982218696,162.19699054652),
  .UNSPECIFIED.);
#48 = CARTESIAN_POINT('',(129.83148826492,-23.54742992044,0.));
#49 = CARTESIAN_POINT('',(129.83698938073,-23.51709888375,0.));
#50 = CARTESIAN_POINT('',(129.84788525811,-23.45641733588,0.));
#51 = CARTESIAN_POINT('',(129.86390980214,-23.36533780131,0.));
#52 = CARTESIAN_POINT('',(129.87961498345,-23.27420154578,0.));
#53 = CARTESIAN_POINT('',(129.89500069917,-23.1830091514,0.));
#54 = CARTESIAN_POINT('',(129.91006684638,-23.09176120031,0.));
#55 = CARTESIAN_POINT('',(129.92481332315,-23.00045827479,0.));
#56 = CARTESIAN_POINT('',(129.9392400283,-22.90910095728,0.));
#57 = CARTESIAN_POINT('',(129.95334686143,-22.81768983032,0.));
#58 = CARTESIAN_POINT('',(129.96713372293,-22.72622547664,0.));
#59 = CARTESIAN_POINT('',(129.98060051399,-22.63470847905,0.));
#60 = CARTESIAN_POINT('',(129.99374713655,-22.54313942053,0.));
#61 = CARTESIAN_POINT('',(130.00657349337,-22.45151888419,0.));
#62 = CARTESIAN_POINT('',(130.01907948798,-22.35984745324,0.));
#63 = CARTESIAN_POINT('',(130.0312650247,-22.26812571107,0.));
#64 = CARTESIAN_POINT('',(130.04313000863,-22.17635424116,0.));
#65 = CARTESIAN_POINT('',(130.05467434567,-22.08453362713,0.));
#66 = CARTESIAN_POINT('',(130.06589794249,-21.99266445276,0.));
#67 = CARTESIAN_POINT('',(130.07680070656,-21.90074730191,0.));
#68 = CARTESIAN_POINT('',(130.08738254613,-21.80878275859,0.));
#69 = CARTESIAN_POINT('',(130.09764337023,-21.71677140695,0.));
#70 = CARTESIAN_POINT('',(130.1075830887,-21.62471383123,0.));
#71 = CARTESIAN_POINT('',(130.11720161214,-21.53261061582,0.));
#72 = CARTESIAN_POINT('',(130.12649885196,-21.44046234524,0.));
#73 = CARTESIAN_POINT('',(130.13547472034,-21.3482696041,0.));
#74 = CARTESIAN_POINT('',(130.14412913025,-21.25603297716,0.));
#75 = CARTESIAN_POINT('',(130.15246199546,-21.16375304929,0.));
#76 = CARTESIAN_POINT('',(130.16047323053,-21.07143040549,0.));
#77 = CARTESIAN_POINT('',(130.16816275077,-20.97906563085,0.));
#78 = CARTESIAN_POINT('',(130.17553047234,-20.88665931061,0.));
#79 = CARTESIAN_POINT('',(130.18257631213,-20.79421203012,0.));
#80 = CARTESIAN_POINT('',(130.18930018785,-20.70172437482,0.));
#81 = CARTESIAN_POINT('',(130.195702018,-20.6091969303,0.));
#82 = CARTESIAN_POINT('',(130.20178172185,-20.51663028225,0.));
#83 = CARTESIAN_POINT('',(130.20753921948,-20.42402501647,0.));
#84 = CARTESIAN_POINT('',(130.21297443174,-20.33138171887,0.));
#85 = CARTESIAN_POINT('',(130.21808728028,-20.23870097548,0.));
#86 = CARTESIAN_POINT('',(130.22287768754,-20.14598337244,0.));
#87 = CARTESIAN_POINT('',(130.22734557675,-20.05322949599,0.));
#88 = CARTESIAN_POINT('',(130.23149087191,-19.96043993249,0.));
#89 = CARTESIAN_POINT('',(130.23531349784,-19.8676152684,0.));
#90 = CARTESIAN_POINT('',(130.23881338012,-19.77475609028,0.));
#91 = CARTESIAN_POINT('',(130.24199044516,-19.68186298483,0.));
#92 = CARTESIAN_POINT('',(130.24484462011,-19.58893653881,0.));
#93 = CARTESIAN_POINT('',(130.24737583295,-19.49597733912,0.));
#94 = CARTESIAN_POINT('',(130.24958401243,-19.40298597274,0.));
#95 = CARTESIAN_POINT('',(130.25146908809,-19.30996302675,0.));
#96 = CARTESIAN_POINT('',(130.25303099028,-19.21690908836,0.));
#97 = CARTESIAN_POINT('',(130.25426965012,-19.12382474486,0.));
#98 = CARTESIAN_POINT('',(130.25518499953,-19.03071058363,0.));
#99 = CARTESIAN_POINT('',(130.25577697121,-18.93756719217,0.));
#100 = CARTESIAN_POINT('',(130.25604549867,-18.84439515807,0.));
#101 = CARTESIAN_POINT('',(130.25599051619,-18.75119506901,0.));
#102 = CARTESIAN_POINT('',(130.25561195886,-18.65796751278,0.));
#103 = CARTESIAN_POINT('',(130.25490976256,-18.56471307725,0.));
#104 = CARTESIAN_POINT('',(130.25388386393,-18.47143235038,0.));
#105 = CARTESIAN_POINT('',(130.25253420045,-18.37812592026,0.));
#106 = CARTESIAN_POINT('',(130.25086071036,-18.28479437502,0.));
#107 = CARTESIAN_POINT('',(130.2488633327,-18.19143830293,0.));
#108 = CARTESIAN_POINT('',(130.2465420073,-18.09805829231,0.));
#109 = CARTESIAN_POINT('',(130.24389667478,-18.0046549316,0.));
#110 = CARTESIAN_POINT('',(130.24092727656,-17.91122880931,0.));
#111 = CARTESIAN_POINT('',(130.23763375484,-17.81778051404,0.));
#112 = CARTESIAN_POINT('',(130.23401605263,-17.72431063449,0.));
#113 = CARTESIAN_POINT('',(130.23007411372,-17.63081975944,0.));
#114 = CARTESIAN_POINT('',(130.2258078827,-17.53730847775,0.));
#115 = CARTESIAN_POINT('',(130.22121730493,-17.44377737835,0.));
#116 = CARTESIAN_POINT('',(130.2163023266,-17.3502270503,0.));
#117 = CARTESIAN_POINT('',(130.21106289466,-17.25665808268,0.));
#118 = CARTESIAN_POINT('',(130.20549895687,-17.1630710647,0.));
#119 = CARTESIAN_POINT('',(130.19961046177,-17.06946658564,0.));
#120 = CARTESIAN_POINT('',(130.19339735872,-16.97584523484,0.));
#121 = CARTESIAN_POINT('',(130.18685959785,-16.88220760173,0.));
#122 = CARTESIAN_POINT('',(130.17999713007,-16.78855427584,0.));
#123 = CARTESIAN_POINT('',(130.17280990713,-16.69488584673,0.));
#124 = CARTESIAN_POINT('',(130.16529788152,-16.60120290409,0.));
#125 = CARTESIAN_POINT('',(130.15746100657,-16.50750603763,0.));
#126 = CARTESIAN_POINT('',(130.14929923636,-16.41379583718,0.));
#127 = CARTESIAN_POINT('',(130.14081252581,-16.32007289262,0.));
#128 = CARTESIAN_POINT('',(130.1320008306,-16.22633779391,0.));
#129 = CARTESIAN_POINT('',(130.12286410721,-16.13259113107,0.));
#130 = CARTESIAN_POINT('',(130.11340231292,-16.03883349421,0.));
#131 = CARTESIAN_POINT('',(130.10361540581,-15.94506547349,0.));
#132 = CARTESIAN_POINT('',(130.09350334473,-15.85128765915,0.));
#133 = CARTESIAN_POINT('',(130.08306608936,-15.7575006415,0.));
#134 = CARTESIAN_POINT('',(130.07230360014,-15.6637050109,0.));
#135 = CARTESIAN_POINT('',(130.06121583833,-15.56990135779,0.));
#136 = CARTESIAN_POINT('',(130.04980276597,-15.47609027269,0.));
#137 = CARTESIAN_POINT('',(130.0380643459,-15.38227234614,0.));
#138 = CARTESIAN_POINT('',(130.02600054175,-15.28844816879,0.));
#139 = CARTESIAN_POINT('',(130.01361131795,-15.19461833133,0.));
#140 = CARTESIAN_POINT('',(130.00089663973,-15.1007834245,0.));
#141 = CARTESIAN_POINT('',(129.9878564731,-15.00694403913,0.));
#142 = CARTESIAN_POINT('',(129.97449078487,-14.91310076608,0.));
#143 = CARTESIAN_POINT('',(129.96079954266,-14.81925419629,0.));
#144 = CARTESIAN_POINT('',(129.94678271486,-14.72540492074,0.));
#145 = CARTESIAN_POINT('',(129.93244027068,-14.63155353049,0.));
#146 = CARTESIAN_POINT('',(129.9177721801,-14.53770061663,0.));
#147 = CARTESIAN_POINT('',(129.90277841393,-14.44384677033,0.));
#148 = CARTESIAN_POINT('',(129.88745894373,-14.34999258279,0.));
#149 = CARTESIAN_POINT('',(129.8718137419,-14.25613864528,0.));
#150 = CARTESIAN_POINT('',(129.85584278161,-14.16228554911,0.));
#151 = CARTESIAN_POINT('',(129.83954603683,-14.06843388565,0.));
#152 = CARTESIAN_POINT('',(129.82292348233,-13.97458424632,0.));
#153 = CARTESIAN_POINT('',(129.80597509366,-13.88073722259,0.));
#154 = CARTESIAN_POINT('',(129.7887008472,-13.78689340597,0.));
#155 = CARTESIAN_POINT('',(129.77110072008,-13.69305338803,0.));
#156 = CARTESIAN_POINT('',(129.75317469028,-13.59921776038,0.));
#157 = CARTESIAN_POINT('',(129.73492273652,-13.50538711466,0.));
#158 = CARTESIAN_POINT('',(129.71634483836,-13.4115620426,0.));
#159 = CARTESIAN_POINT('',(129.69744097613,-13.31774313592,0.));
#160 = CARTESIAN_POINT('',(129.67821113097,-13.22393098642,0.));
#161 = CARTESIAN_POINT('',(129.65865528481,-13.13012618592,0.));
#162 = CARTESIAN_POINT('',(129.63877342038,-13.03632932631,0.));
#163 = CARTESIAN_POINT('',(129.6185655212,-12.94254099948,0.));
#164 = CARTESIAN_POINT('',(129.59803157159,-12.8487617974,0.));
#165 = CARTESIAN_POINT('',(129.57717155668,-12.75499231205,0.));
#166 = CARTESIAN_POINT('',(129.55598546236,-12.66123313545,0.));
#167 = CARTESIAN_POINT('',(129.53447327537,-12.56748485968,0.));
#168 = CARTESIAN_POINT('',(129.51263498319,-12.47374807683,0.));
#169 = CARTESIAN_POINT('',(129.49047057414,-12.38002337903,0.));
#170 = CARTESIAN_POINT('',(129.46798003731,-12.28631135846,0.));
#171 = CARTESIAN_POINT('',(129.44516336261,-12.19261260731,0.));
#172 = CARTESIAN_POINT('',(129.42202054072,-12.09892771782,0.));
#173 = CARTESIAN_POINT('',(129.39855156315,-12.00525728226,0.));
#174 = CARTESIAN_POINT('',(129.37475642217,-11.91160189291,0.));
#175 = CARTESIAN_POINT('',(129.35063511087,-11.8179621421,0.));
#176 = CARTESIAN_POINT('',(129.32618762314,-11.72433862218,0.));
#177 = CARTESIAN_POINT('',(129.30141395365,-11.63073192554,0.));
#178 = CARTESIAN_POINT('',(129.27631409788,-11.53714264458,0.));
#179 = CARTESIAN_POINT('',(129.2508880521,-11.44357137173,0.));
#180 = CARTESIAN_POINT('',(129.22513581339,-11.35001869945,0.));
#181 = CARTESIAN_POINT('',(129.19905737961,-11.25648522022,0.));
#182 = CARTESIAN_POINT('',(129.17265274943,-11.16297152654,0.));
#183 = CARTESIAN_POINT('',(129.1459219223,-11.06947821095,0.));
#184 = CARTESIAN_POINT('',(129.1188648985,-10.97600586597,0.));
#185 = CARTESIAN_POINT('',(129.09148167908,-10.88255508419,0.));
#186 = CARTESIAN_POINT('',(129.06377226588,-10.78912645819,0.));
#187 = CARTESIAN_POINT('',(129.03573666158,-10.69572058057,0.));
#188 = CARTESIAN_POINT('',(129.0073748696,-10.60233804396,0.));
#189 = CARTESIAN_POINT('',(128.97868689421,-10.50897944099,0.));
#190 = CARTESIAN_POINT('',(128.94967274045,-10.41564536432,0.));
#191 = CARTESIAN_POINT('',(128.92033241415,-10.32233640662,0.));
#192 = CARTESIAN_POINT('',(128.89066592197,-10.22905316056,0.));
#193 = CARTESIAN_POINT('',(128.86067327133,-10.13579621885,0.));
#194 = CARTESIAN_POINT('',(128.83035447048,-10.04256617419,0.));
#195 = CARTESIAN_POINT('',(128.79970952844,-9.949363619305,0.));
#196 = CARTESIAN_POINT('',(128.76873845505,-9.856189146913,0.));
#197 = CARTESIAN_POINT('',(128.73744126093,-9.763043349757,0.));
#198 = CARTESIAN_POINT('',(128.70581795752,-9.669926820582,0.));
#199 = CARTESIAN_POINT('',(128.67386855703,-9.576840152143,0.));
#200 = CARTESIAN_POINT('',(128.64159307249,-9.483783937197,0.));
#201 = CARTESIAN_POINT('',(128.60899151772,-9.390758768511,0.));
#202 = CARTESIAN_POINT('',(128.57606390734,-9.297765238855,0.));
#203 = CARTESIAN_POINT('',(128.54281025676,-9.204803941001,0.));
#204 = CARTESIAN_POINT('',(128.50923058219,-9.111875467726,0.));
#205 = CARTESIAN_POINT('',(128.47532490065,-9.018980411808,0.));
#206 = CARTESIAN_POINT('',(128.44109322995,-8.926119366026,0.));
#207 = CARTESIAN_POINT('',(128.40653558869,-8.83329292316,0.));
#208 = CARTESIAN_POINT('',(128.37165199628,-8.740501675986,0.));
#209 = CARTESIAN_POINT('',(128.33644247292,-8.647746217282,0.));
#210 = CARTESIAN_POINT('',(128.30090703961,-8.555027139822,0.));
#211 = CARTESIAN_POINT('',(128.26504571816,-8.462345036374,0.));
#212 = CARTESIAN_POINT('',(128.22885853116,-8.369700499705,0.));
#213 = CARTESIAN_POINT('',(128.192345502,-8.277094122575,0.));
#214 = CARTESIAN_POINT('',(128.15550665488,-8.184526497736,0.));
#215 = CARTESIAN_POINT('',(128.11834201479,-8.091998217936,0.));
#216 = CARTESIAN_POINT('',(128.08085160752,-7.999509875913,0.));
#217 = CARTESIAN_POINT('',(128.04303545966,-7.907062064395,0.));
#218 = CARTESIAN_POINT('',(128.00489359859,-7.814655376101,0.));
#219 = CARTESIAN_POINT('',(127.96642605249,-7.722290403739,0.));
#220 = CARTESIAN_POINT('',(127.92763285036,-7.629967740005,0.));
#221 = CARTESIAN_POINT('',(127.88851402196,-7.537687977583,0.));
#222 = CARTESIAN_POINT('',(127.84906959787,-7.445451709141,0.));
#223 = CARTESIAN_POINT('',(127.80929960948,-7.353259527335,0.));
#224 = CARTESIAN_POINT('',(127.76920408894,-7.261112024804,0.));
#225 = CARTESIAN_POINT('',(127.72878306925,-7.169009794171,0.));
#226 = CARTESIAN_POINT('',(127.68803658416,-7.076953428041,0.));
#227 = CARTESIAN_POINT('',(127.64696466824,-6.984943519001,0.));
#228 = CARTESIAN_POINT('',(127.60556735687,-6.89298065962,0.));
#229 = CARTESIAN_POINT('',(127.56384468619,-6.801065442445,0.));
#230 = CARTESIAN_POINT('',(127.52179669319,-6.709198460003,0.));
#231 = CARTESIAN_POINT('',(127.4794234156,-6.617380304799,0.));
#232 = CARTESIAN_POINT('',(127.43672489201,-6.525611569314,0.));
#233 = CARTESIAN_POINT('',(127.39370116175,-6.433892846008,0.));
#234 = CARTESIAN_POINT('',(127.35035226498,-6.342224727313,0.));
#235 = CARTESIAN_POINT('',(127.30667824267,-6.250607805636,0.));
#236 = CARTESIAN_POINT('',(127.26267913654,-6.159042673361,0.));
#237 = CARTESIAN_POINT('',(127.21835498916,-6.067529922839,0.));
#238 = CARTESIAN_POINT('',(127.17370584387,-5.976070146397,0.));
#239 = CARTESIAN_POINT('',(127.12873174482,-5.884663936331,0.));
#240 = CARTESIAN_POINT('',(127.08343273694,-5.793311884907,0.));
#241 = CARTESIAN_POINT('',(127.03780886597,-5.702014584359,0.));
#242 = CARTESIAN_POINT('',(126.99186017846,-5.610772626891,0.));
#243 = CARTESIAN_POINT('',(126.94558672173,-5.519586604671,0.));
#244 = CARTESIAN_POINT('',(126.89898854392,-5.428457109837,0.));
#245 = CARTESIAN_POINT('',(126.85206569397,-5.337384734488,0.));
#246 = CARTESIAN_POINT('',(126.80481822159,-5.246370070692,0.));
#247 = CARTESIAN_POINT('',(126.75724617733,-5.155413710476,0.));
#248 = CARTESIAN_POINT('',(126.70934961249,-5.064516245832,0.));
#249 = CARTESIAN_POINT('',(126.66112857921,-4.973678268712,0.));
#250 = CARTESIAN_POINT('',(126.61258313039,-4.88290037103,0.));
#251 = CARTESIAN_POINT('',(126.56371331977,-4.79218314466,0.));
#252 = CARTESIAN_POINT('',(126.51451920185,-4.701527181433,0.));
#253 = CARTESIAN_POINT('',(126.46500083195,-4.610933073139,0.));
#254 = CARTESIAN_POINT('',(126.41515826618,-4.520401411526,0.));
#255 = CARTESIAN_POINT('',(126.36499156144,-4.429932788295,0.));
#256 = CARTESIAN_POINT('',(126.31450077544,-4.339527795105,0.));
#257 = CARTESIAN_POINT('',(126.26368596669,-4.249187023568,0.));
#258 = CARTESIAN_POINT('',(126.21254719448,-4.15891106525,0.));
#259 = CARTESIAN_POINT('',(126.1610845189,-4.068700511669,0.));
#260 = CARTESIAN_POINT('',(126.10929800087,-3.978555954294,0.));
#261 = CARTESIAN_POINT('',(126.05718770206,-3.888477984545,0.));
#262 = CARTESIAN_POINT('',(126.00475368497,-3.798467193792,0.));
#263 = CARTESIAN_POINT('',(125.95199601288,-3.708524173353,0.));
#264 = CARTESIAN_POINT('',(125.89891474988,-3.618649514494,0.));
#265 = CARTESIAN_POINT('',(125.84550996085,-3.528843808428,0.));
#266 = CARTESIAN_POINT('',(125.79178171146,-3.439107646315,0.));
#267 = CARTESIAN_POINT('',(125.7377300682,-3.349441619258,0.));
#268 = CARTESIAN_POINT('',(125.68335509834,-3.259846318306,0.));
#269 = CARTESIAN_POINT('',(125.62865686994,-3.17032233445,0.));
#270 = CARTESIAN_POINT('',(125.57363545187,-3.080870258624,0.));
#271 = CARTESIAN_POINT('',(125.5182909138,-2.991490681703,0.));
#272 = CARTESIAN_POINT('',(125.46262332618,-2.902184194503,0.));
#273 = CARTESIAN_POINT('',(125.40663276027,-2.812951387779,0.));
#274 = CARTESIAN_POINT('',(125.35031928814,-2.723792852224,0.));
#275 = CARTESIAN_POINT('',(125.29368298262,-2.634709178472,0.));
#276 = CARTESIAN_POINT('',(125.23672391736,-2.545700957089,0.));
#277 = CARTESIAN_POINT('',(125.17944216681,-2.456768778581,0.));
#278 = CARTESIAN_POINT('',(125.12183780622,-2.367913233387,0.));
#279 = CARTESIAN_POINT('',(125.06391091161,-2.279134911879,0.));
#280 = CARTESIAN_POINT('',(125.00566155982,-2.190434404366,0.));
#281 = CARTESIAN_POINT('',(124.94708982848,-2.101812301086,0.));
#282 = CARTESIAN_POINT('',(124.88819579601,-2.013269192208,0.));
#283 = CARTESIAN_POINT('',(124.82897954165,-1.924805667834,0.));
#284 = CARTESIAN_POINT('',(124.7694411454,-1.836422317993,0.));
#285 = CARTESIAN_POINT('',(124.70958068809,-1.748119732645,0.));
#286 = CARTESIAN_POINT('',(124.64939825133,-1.659898501675,0.));
#287 = CARTESIAN_POINT('',(124.58889391751,-1.571759214898,0.));
#288 = CARTESIAN_POINT('',(124.52806776986,-1.48370246205,0.));
#289 = CARTESIAN_POINT('',(124.46691989235,-1.395728832801,0.));
#290 = CARTESIAN_POINT('',(124.40545036981,-1.307838916721,0.));
#291 = CARTESIAN_POINT('',(124.34365928776,-1.220033303383,0.));
#292 = CARTESIAN_POINT('',(124.28154673281,-1.132312581993,0.));
#293 = CARTESIAN_POINT('',(124.21911279135,-1.04467734275,0.));
#294 = CARTESIAN_POINT('',(124.15635755428,-0.957128171777,0.));
#295 = CARTESIAN_POINT('',(124.09328109947,-0.869665670048,0.));
#296 = CARTESIAN_POINT('',(124.02988355724,-0.782290382641,0.));
#297 = CARTESIAN_POINT('',(123.96616486564,-0.695003063194,0.));
#298 = CARTESIAN_POINT('',(123.90212568521,-0.607803685327,0.));
#299 = CARTESIAN_POINT('',(123.83776397943,-0.520695138105,0.));
#300 = CARTESIAN_POINT('',(123.77308779776,-0.433669411697,0.));
#301 = CARTESIAN_POINT('',(123.70806748982,-0.346759238207,0.));
#302 = CARTESIAN_POINT('',(123.64281433942,-0.259845046995,0.));
#303 = CARTESIAN_POINT('',(123.57691278929,-0.173376610075,0.));
#304 = CARTESIAN_POINT('',(123.51191674671,-8.567535708187E-02,0.));
#305 = CARTESIAN_POINT('',(123.46264408783,-2.740987471828E-02,0.));
#306 = CARTESIAN_POINT('',(123.43674796201,1.234488288953E-02,0.));
#307 = CARTESIAN_POINT('',(123.42140479159,1.964177867668E-02,0.));
#308 = CARTESIAN_POINT('',(123.4064836297,3.017266941565E-02,0.));
#309 = CARTESIAN_POINT('',(123.39097229816,4.007066251575E-02,0.));
#310 = CARTESIAN_POINT('',(123.37561943134,5.014509235874E-02,0.));
#311 = CARTESIAN_POINT('',(123.36022438628,6.01790456703E-02,0.));
#312 = CARTESIAN_POINT('',(123.34484093508,7.023065305265E-02,0.));
#313 = CARTESIAN_POINT('',(123.3294546643,8.028433077969E-02,0.));
#314 = CARTESIAN_POINT('',(123.31406943483,9.034425128106E-02,0.));
#315 = CARTESIAN_POINT('',(123.29868420984,0.100409292121,0.));
#316 = CARTESIAN_POINT('',(123.28329926515,0.110479749907,0.));
#317 = CARTESIAN_POINT('',(123.26791452483,0.120555541062,0.));
#318 = CARTESIAN_POINT('',(123.25253000711,0.130636683717,0.));
#319 = CARTESIAN_POINT('',(123.23714570508,0.140723168882,0.));
#320 = CARTESIAN_POINT('',(123.22176161857,0.150814994811,0.));
#321 = CARTESIAN_POINT('',(123.20637774554,0.160912157776,0.));
#322 = CARTESIAN_POINT('',(123.19099408448,0.171014654599,0.));
#323 = CARTESIAN_POINT('',(123.17561063376,0.181122481967,0.));
#324 = CARTESIAN_POINT('',(123.16022739176,0.191235636642,0.));
#325 = CARTESIAN_POINT('',(123.1448443568,0.201354115219,0.));
#326 = CARTESIAN_POINT('',(123.12946152734,0.211477914537,0.));
#327 = CARTESIAN_POINT('',(123.11407890171,0.221607031244,0.));
#328 = CARTESIAN_POINT('',(123.09869647829,0.231741462039,0.));
#329 = CARTESIAN_POINT('',(123.08331425549,0.241881203687,0.));
#330 = CARTESIAN_POINT('',(123.06793223165,0.252026252852,0.));
#331 = CARTESIAN_POINT('',(123.05255040516,0.262176606285,0.));
#332 = CARTESIAN_POINT('',(123.03716877438,0.272332260664,0.));
#333 = CARTESIAN_POINT('',(123.0217873377,0.282493212729,0.));
#334 = CARTESIAN_POINT('',(123.00640609349,0.292659459187,0.));
#335 = CARTESIAN_POINT('',(122.99102504013,0.302830996759,0.));
#336 = CARTESIAN_POINT('',(122.97564417598,0.313007822149,0.));
#337 = CARTESIAN_POINT('',(122.96026349943,0.323189932071,0.));
#338 = CARTESIAN_POINT('',(122.94488300886,0.333377323277,0.));
#339 = CARTESIAN_POINT('',(122.9295027026,0.343569992421,0.));
#340 = CARTESIAN_POINT('',(122.91412257905,0.353767936269,0.));
#341 = CARTESIAN_POINT('',(122.89874263659,0.363971151531,0.));
#342 = CARTESIAN_POINT('',(122.88336287358,0.374179634908,0.));
#343 = CARTESIAN_POINT('',(122.8679832884,0.384393383129,0.));
#344 = CARTESIAN_POINT('',(122.85260387941,0.394612392913,0.));
#345 = CARTESIAN_POINT('',(122.83722464499,0.404836660984,0.));
#346 = CARTESIAN_POINT('',(122.82184558349,0.41506618403,0.));
#347 = CARTESIAN_POINT('',(122.8064666933,0.425300958826,0.));
#348 = CARTESIAN_POINT('',(122.79108797279,0.435540982044,0.));
#349 = CARTESIAN_POINT('',(122.7757094203,0.445786250414,0.));
#350 = CARTESIAN_POINT('',(122.76033103423,0.45603676068,0.));
#351 = CARTESIAN_POINT('',(122.74495281295,0.466292509523,0.));
#352 = CARTESIAN_POINT('',(122.72957475484,0.476553493738,0.));
#353 = CARTESIAN_POINT('',(122.7141968582,0.486819709945,0.));
#354 = CARTESIAN_POINT('',(122.69881912143,0.497091154934,0.));
#355 = CARTESIAN_POINT('',(122.68344154292,0.507367825412,0.));
#356 = CARTESIAN_POINT('',(122.66806412104,0.517649718116,0.));
#357 = CARTESIAN_POINT('',(122.65268685412,0.527936829742,0.));
#358 = CARTESIAN_POINT('',(122.63730974055,0.538229157016,0.));
#359 = CARTESIAN_POINT('',(122.6219327787,0.548526696715,0.));
#360 = CARTESIAN_POINT('',(122.60655596689,0.55882944546,0.));
#361 = CARTESIAN_POINT('',(122.59117930354,0.569137400091,0.));
#362 = CARTESIAN_POINT('',(122.57580278699,0.579450557243,0.));
#363 = CARTESIAN_POINT('',(122.56042641562,0.589768913705,0.));
#364 = CARTESIAN_POINT('',(122.54505018776,0.600092466165,0.));
#365 = CARTESIAN_POINT('',(122.52967410179,0.610421211337,0.));
#366 = CARTESIAN_POINT('',(122.5142981561,0.620755146026,0.));
#367 = CARTESIAN_POINT('',(122.49892234899,0.631094266844,0.));
#368 = CARTESIAN_POINT('',(122.48354667888,0.641438570608,0.));
#369 = CARTESIAN_POINT('',(122.46817114411,0.651788054029,0.));
#370 = CARTESIAN_POINT('',(122.45279574303,0.662142713779,0.));
#371 = CARTESIAN_POINT('',(122.43742047402,0.672502546677,0.));
#372 = CARTESIAN_POINT('',(122.42204533543,0.682867549373,0.));
#373 = CARTESIAN_POINT('',(122.40667032562,0.693237718635,0.));
#374 = CARTESIAN_POINT('',(122.39129544295,0.70361305119,0.));
#375 = CARTESIAN_POINT('',(122.37592068579,0.713993543753,0.));
#376 = CARTESIAN_POINT('',(122.3605460525,0.724379193089,0.));
#377 = CARTESIAN_POINT('',(122.3451715414,0.734769995862,0.));
#378 = CARTESIAN_POINT('',(122.3297971509,0.745165948885,0.));
#379 = CARTESIAN_POINT('',(122.31442287933,0.755567048825,0.));
#380 = CARTESIAN_POINT('',(122.29904872505,0.765973292446,0.));
#381 = CARTESIAN_POINT('',(122.28367468643,0.776384676481,0.));
#382 = CARTESIAN_POINT('',(122.2683007618,0.786801197619,0.));
#383 = CARTESIAN_POINT('',(122.25292694957,0.797222852675,0.));
#384 = CARTESIAN_POINT('',(122.23755324805,0.807649638315,0.));
#385 = CARTESIAN_POINT('',(122.22217965558,0.818081551271,0.));
#386 = CARTESIAN_POINT('',(122.20680617055,0.828518588316,0.));
#387 = CARTESIAN_POINT('',(122.19143279133,0.838960746178,0.));
#388 = CARTESIAN_POINT('',(122.17605951624,0.849408021563,0.));
#389 = CARTESIAN_POINT('',(122.16068634365,0.85986041121,0.));
#390 = CARTESIAN_POINT('',(122.14531327194,0.870317911906,0.));
#391 = CARTESIAN_POINT('',(122.12994029941,0.880780520324,0.));
#392 = CARTESIAN_POINT('',(122.11456742442,0.891248233207,0.));
#393 = CARTESIAN_POINT('',(122.09919464537,0.901721047334,0.));
#394 = CARTESIAN_POINT('',(122.08382196058,0.912198959414,0.));
#395 = CARTESIAN_POINT('',(122.0684493684,0.922681966162,0.));
#396 = CARTESIAN_POINT('',(122.05307686722,0.933170064363,0.));
#397 = CARTESIAN_POINT('',(122.03770445537,0.943663250743,0.));
#398 = CARTESIAN_POINT('',(122.02233213116,0.954161521986,0.));
#399 = CARTESIAN_POINT('',(122.00695989299,0.9646648749,0.));
#400 = CARTESIAN_POINT('',(121.99158773921,0.975173306201,0.));
#401 = CARTESIAN_POINT('',(121.97621566815,0.985686812607,0.));
#402 = CARTESIAN_POINT('',(121.96084367817,0.99620539089,0.));
#403 = CARTESIAN_POINT('',(121.94547176762,1.006729037757,0.));
#404 = CARTESIAN_POINT('',(121.93009993487,1.017257749986,0.));
#405 = CARTESIAN_POINT('',(121.91472817823,1.02779152428,0.));
#406 = CARTESIAN_POINT('',(121.89935649607,1.038330357407,0.));
#407 = CARTESIAN_POINT('',(121.88398488673,1.048874246085,0.));
#408 = CARTESIAN_POINT('',(121.86861334859,1.059423187086,0.));
#409 = CARTESIAN_POINT('',(121.85324187997,1.069977177134,0.));
#410 = CARTESIAN_POINT('',(121.83787047921,1.080536212947,0.));
#411 = CARTESIAN_POINT('',(121.82249914469,1.091100291339,0.));
#412 = CARTESIAN_POINT('',(121.80712787471,1.101669408957,0.));
#413 = CARTESIAN_POINT('',(121.79175666766,1.112243562621,0.));
#414 = CARTESIAN_POINT('',(121.77638552189,1.122822749054,0.));
#415 = CARTESIAN_POINT('',(121.7610144357,1.133406964978,0.));
#416 = CARTESIAN_POINT('',(121.74564340748,1.143996207156,0.));
#417 = CARTESIAN_POINT('',(121.73027243558,1.154590472342,0.));
#418 = CARTESIAN_POINT('',(121.71490151831,1.165189757274,0.));
#419 = CARTESIAN_POINT('',(121.69953065402,1.175794058659,0.));
#420 = CARTESIAN_POINT('',(121.68415984107,1.186403373311,0.));
#421 = CARTESIAN_POINT('',(121.66878907781,1.197017697934,0.));
#422 = CARTESIAN_POINT('',(121.65341836257,1.207637029267,0.));
#423 = CARTESIAN_POINT('',(121.63804769372,1.218261364101,0.));
#424 = CARTESIAN_POINT('',(121.62267706956,1.228890699127,0.));
#425 = CARTESIAN_POINT('',(121.60730648846,1.239525031132,0.));
#426 = CARTESIAN_POINT('',(121.59193594877,1.250164356854,0.));
#427 = CARTESIAN_POINT('',(121.57656544883,1.260808673033,0.));
#428 = CARTESIAN_POINT('',(121.56119498698,1.271457976437,0.));
#429 = CARTESIAN_POINT('',(121.54582456154,1.282112263784,0.));
#430 = CARTESIAN_POINT('',(121.53045417087,1.292771531844,0.));
#431 = CARTESIAN_POINT('',(121.51508381332,1.303435777372,0.));
#432 = CARTESIAN_POINT('',(121.49971348723,1.314104997113,0.));
#433 = CARTESIAN_POINT('',(121.48434319091,1.32477918779,0.));
#434 = CARTESIAN_POINT('',(121.46897292275,1.335458346204,0.));
#435 = CARTESIAN_POINT('',(121.45360268107,1.346142469062,0.));
#436 = CARTESIAN_POINT('',(121.4382324642,1.356831553138,0.));
#437 = CARTESIAN_POINT('',(121.42286227049,1.367525595184,0.));
#438 = CARTESIAN_POINT('',(121.40749209827,1.378224591926,0.));
#439 = CARTESIAN_POINT('',(121.3921219459,1.388928540167,0.));
#440 = CARTESIAN_POINT('',(121.37675181169,1.399637436599,0.));
#441 = CARTESIAN_POINT('',(121.361381694,1.410351278009,0.));
#442 = CARTESIAN_POINT('',(121.34601159118,1.421070061171,0.));
#443 = CARTESIAN_POINT('',(121.33064150154,1.431793782785,0.));
#444 = CARTESIAN_POINT('',(121.31527142342,1.442522439652,0.));
#445 = CARTESIAN_POINT('',(121.29990135517,1.453256028488,0.));
#446 = CARTESIAN_POINT('',(121.28453129514,1.463994546079,0.));
#447 = CARTESIAN_POINT('',(121.26916124166,1.474737989183,0.));
#448 = CARTESIAN_POINT('',(121.25379119304,1.485486354514,0.));
#449 = CARTESIAN_POINT('',(121.23842114764,1.49623963887,0.));
#450 = CARTESIAN_POINT('',(121.22305110378,1.506997838975,0.));
#451 = CARTESIAN_POINT('',(121.20768105983,1.517760951621,0.));
#452 = CARTESIAN_POINT('',(121.19231101411,1.528528973534,0.));
#453 = CARTESIAN_POINT('',(121.17694096495,1.539301901484,0.));
#454 = CARTESIAN_POINT('',(121.16157091069,1.550079732233,0.));
#455 = CARTESIAN_POINT('',(121.14620084964,1.560862462517,0.));
#456 = CARTESIAN_POINT('',(121.13083078015,1.571650089107,0.));
#457 = CARTESIAN_POINT('',(121.1154607006,1.582442608781,0.));
#458 = CARTESIAN_POINT('',(121.10009060927,1.593240018273,0.));
#459 = CARTESIAN_POINT('',(121.0847205045,1.604042314335,0.));
#460 = CARTESIAN_POINT('',(121.06935038464,1.614849493752,0.));
#461 = CARTESIAN_POINT('',(121.05398024802,1.625661553267,0.));
#462 = CARTESIAN_POINT('',(121.03861009297,1.636478489644,0.));
#463 = CARTESIAN_POINT('',(121.02323991783,1.647300299646,0.));
#464 = CARTESIAN_POINT('',(121.00786972092,1.658126980017,0.));
#465 = CARTESIAN_POINT('',(120.99249950059,1.668958527555,0.));
#466 = CARTESIAN_POINT('',(120.97712925516,1.679794938979,0.));
#467 = CARTESIAN_POINT('',(120.96175898295,1.69063621107,0.));
#468 = CARTESIAN_POINT('',(120.94638868232,1.701482340601,0.));
#469 = CARTESIAN_POINT('',(120.93101835157,1.712333324297,0.));
#470 = CARTESIAN_POINT('',(120.91564798907,1.72318915898,0.));
#471 = CARTESIAN_POINT('',(120.90027759312,1.734049841349,0.));
#472 = CARTESIAN_POINT('',(120.88490716206,1.74491536821,0.));
#473 = CARTESIAN_POINT('',(120.86953669423,1.755785736312,0.));
#474 = CARTESIAN_POINT('',(120.85416618794,1.76666094241,0.));
#475 = CARTESIAN_POINT('',(120.83879564154,1.777540983294,0.));
#476 = CARTESIAN_POINT('',(120.82342505335,1.78842585569,0.));
#477 = CARTESIAN_POINT('',(120.80805442171,1.799315556414,0.));
#478 = CARTESIAN_POINT('',(120.79268374492,1.810210082164,0.));
#479 = CARTESIAN_POINT('',(120.77731302135,1.821109429771,0.));
#480 = CARTESIAN_POINT('',(120.76194224932,1.832013595976,0.));
#481 = CARTESIAN_POINT('',(120.74657142712,1.842922577517,0.));
#482 = CARTESIAN_POINT('',(120.73120055312,1.8538363712,0.));
#483 = CARTESIAN_POINT('',(120.71582962564,1.864754973784,0.));
#484 = CARTESIAN_POINT('',(120.70045864299,1.875678382011,0.));
#485 = CARTESIAN_POINT('',(120.68508760352,1.886606592665,0.));
#486 = CARTESIAN_POINT('',(120.66971650556,1.897539602548,0.));
#487 = CARTESIAN_POINT('',(120.6543453474,1.908477408349,0.));
#488 = CARTESIAN_POINT('',(120.63897412739,1.919420006903,0.));
#489 = CARTESIAN_POINT('',(120.62360284388,1.930367394964,0.));
#490 = CARTESIAN_POINT('',(120.60823149517,1.941319569274,0.));
#491 = CARTESIAN_POINT('',(120.5928600796,1.952276526649,0.));
#492 = CARTESIAN_POINT('',(120.57748859547,1.963238263805,0.));
#493 = CARTESIAN_POINT('',(120.56211704113,1.97420477754,0.));
#494 = CARTESIAN_POINT('',(120.54674541492,1.985176064648,0.));
#495 = CARTESIAN_POINT('',(120.53137371512,1.996152121843,0.));
#496 = CARTESIAN_POINT('',(120.5160019401,2.007132945947,0.));
#497 = CARTESIAN_POINT('',(120.50063008815,2.018118533695,0.));
#498 = CARTESIAN_POINT('',(120.48525815762,2.029108881891,0.));
#499 = CARTESIAN_POINT('',(120.46988614682,2.040103987277,0.));
#500 = CARTESIAN_POINT('',(120.45451405407,2.051103846622,0.));
#501 = CARTESIAN_POINT('',(120.43914187773,2.062108456751,0.));
#502 = CARTESIAN_POINT('',(120.4237696161,2.073117814373,0.));
#503 = CARTESIAN_POINT('',(120.40839726748,2.084131916302,0.));
#504 = CARTESIAN_POINT('',(120.39302483021,2.095150759272,0.));
#505 = CARTESIAN_POINT('',(120.37765230262,2.106174340091,0.));
#506 = CARTESIAN_POINT('',(120.36227968306,2.117202655556,0.));
#507 = CARTESIAN_POINT('',(120.34690696979,2.12823570235,0.));
#508 = CARTESIAN_POINT('',(120.33153416118,2.13927347734,0.));
#509 = CARTESIAN_POINT('',(120.31616125556,2.150315977272,0.));
#510 = CARTESIAN_POINT('',(120.3007882512,2.161363198893,0.));
#511 = CARTESIAN_POINT('',(120.28541514646,2.172415139002,0.));
#512 = CARTESIAN_POINT('',(120.27004193968,2.183471794391,0.));
#513 = CARTESIAN_POINT('',(120.25466862914,2.194533161804,0.));
#514 = CARTESIAN_POINT('',(120.23929521317,2.205599238022,0.));
#515 = CARTESIAN_POINT('',(120.22392169013,2.216670019861,0.));
#516 = CARTESIAN_POINT('',(120.20854805828,2.227745504034,0.));
#517 = CARTESIAN_POINT('',(120.19317431598,2.23882568737,0.));
#518 = CARTESIAN_POINT('',(120.17780046154,2.249910566623,0.));
#519 = CARTESIAN_POINT('',(120.16242649329,2.261000138574,0.));
#520 = CARTESIAN_POINT('',(120.14705240954,2.27209440001,0.));
#521 = CARTESIAN_POINT('',(120.13167820862,2.283193347692,0.));
#522 = CARTESIAN_POINT('',(120.11630388884,2.294296978416,0.));
#523 = CARTESIAN_POINT('',(120.10092944852,2.305405288954,0.));
#524 = CARTESIAN_POINT('',(120.08555488598,2.316518276085,0.));
#525 = CARTESIAN_POINT('',(120.07018019954,2.327635936578,0.));
#526 = CARTESIAN_POINT('',(120.05480538753,2.338758267235,0.));
#527 = CARTESIAN_POINT('',(120.03943044826,2.349885264834,0.));
#528 = CARTESIAN_POINT('',(120.02405538003,2.361016926119,0.));
#529 = CARTESIAN_POINT('',(120.00868018119,2.372153247925,0.));
#530 = CARTESIAN_POINT('',(119.99330485004,2.38329422699,0.));
#531 = CARTESIAN_POINT('',(119.9779293849,2.394439860112,0.));
#532 = CARTESIAN_POINT('',(119.9625537841,2.405590144077,0.));
#533 = CARTESIAN_POINT('',(119.94717804595,2.416745075669,0.));
#534 = CARTESIAN_POINT('',(119.93180216876,2.427904651654,0.));
#535 = CARTESIAN_POINT('',(119.91642615085,2.439068868814,0.));
#536 = CARTESIAN_POINT('',(119.90104999055,2.450237723973,0.));
#537 = CARTESIAN_POINT('',(119.88567368615,2.461411213847,0.));
#538 = CARTESIAN_POINT('',(119.870297236,2.472589335276,0.));
#539 = CARTESIAN_POINT('',(119.8549206384,2.483772085021,0.));
#540 = CARTESIAN_POINT('',(119.83954389167,2.494959459869,0.));
#541 = CARTESIAN_POINT('',(119.82416699412,2.506151456599,0.));
#542 = CARTESIAN_POINT('',(119.80878994406,2.517348071992,0.));
#543 = CARTESIAN_POINT('',(119.79341273983,2.528549302867,0.));
#544 = CARTESIAN_POINT('',(119.77803537972,2.539755145958,0.));
#545 = CARTESIAN_POINT('',(119.76265786206,2.550965598082,0.));
#546 = CARTESIAN_POINT('',(119.74728018517,2.562180656026,0.));
#547 = CARTESIAN_POINT('',(119.73190234736,2.573400316565,0.));
#548 = CARTESIAN_POINT('',(119.71652434693,2.584624576489,0.));
#549 = CARTESIAN_POINT('',(119.70114618221,2.595853432576,0.));
#550 = CARTESIAN_POINT('',(119.68576785152,2.607086881637,0.));
#551 = CARTESIAN_POINT('',(119.67038935317,2.618324920439,0.));
#552 = CARTESIAN_POINT('',(119.65501068545,2.629567545758,0.));
#553 = CARTESIAN_POINT('',(119.63963184671,2.640814754419,0.));
#554 = CARTESIAN_POINT('',(119.62425283526,2.652066543185,0.));
#555 = CARTESIAN_POINT('',(119.60887364939,2.663322908845,0.));
#556 = CARTESIAN_POINT('',(119.59349428743,2.674583848186,0.));
#557 = CARTESIAN_POINT('',(119.5781147477,2.685849358015,0.));
#558 = CARTESIAN_POINT('',(119.56273502849,2.697119435102,0.));
#559 = CARTESIAN_POINT('',(119.54735512813,2.708394076238,0.));
#560 = CARTESIAN_POINT('',(119.53197504494,2.719673278224,0.));
#561 = CARTESIAN_POINT('',(119.51659477723,2.730957037852,0.));
#562 = CARTESIAN_POINT('',(119.50121432329,2.742245351895,0.));
#563 = CARTESIAN_POINT('',(119.48583368143,2.753538217138,0.));
#564 = CARTESIAN_POINT('',(119.47045285002,2.764835630423,0.));
#565 = CARTESIAN_POINT('',(119.45507182731,2.776137588475,0.));
#566 = CARTESIAN_POINT('',(119.43969061165,2.787444088127,0.));
#567 = CARTESIAN_POINT('',(119.42430920133,2.798755126173,0.));
#568 = CARTESIAN_POINT('',(119.40892759466,2.810070699355,0.));
#569 = CARTESIAN_POINT('',(119.39354578998,2.821390804545,0.));
#570 = CARTESIAN_POINT('',(119.37816378558,2.832715438473,0.));
#571 = CARTESIAN_POINT('',(119.36278157976,2.844044597938,0.));
#572 = CARTESIAN_POINT('',(119.34739917087,2.855378279779,0.));
#573 = CARTESIAN_POINT('',(119.33201655718,2.866716480732,0.));
#574 = CARTESIAN_POINT('',(119.31663373702,2.87805919763,0.));
#575 = CARTESIAN_POINT('',(119.30125070869,2.889406427246,0.));
#576 = CARTESIAN_POINT('',(119.28586747051,2.90075816638,0.));
#577 = CARTESIAN_POINT('',(119.2704840208,2.912114411844,0.));
#578 = CARTESIAN_POINT('',(119.25510035786,2.923475160399,0.));
#579 = CARTESIAN_POINT('',(119.23971647999,2.934840408867,0.));
#580 = CARTESIAN_POINT('',(119.22433238553,2.946210154044,0.));
#581 = CARTESIAN_POINT('',(119.20894807274,2.957584392693,0.));
#582 = CARTESIAN_POINT('',(119.19356353999,2.968963121655,0.));
#583 = CARTESIAN_POINT('',(119.17817878555,2.98034633771,0.));
#584 = CARTESIAN_POINT('',(119.16279380772,2.991734037621,0.));
#585 = CARTESIAN_POINT('',(119.14740860484,3.003126218228,0.));
#586 = CARTESIAN_POINT('',(119.13202317523,3.014522876333,0.));
#587 = CARTESIAN_POINT('',(119.11663751716,3.025924008692,0.));
#588 = CARTESIAN_POINT('',(119.10125162895,3.037329612131,0.));
#589 = CARTESIAN_POINT('',(119.08586550892,3.048739683438,0.));
#590 = CARTESIAN_POINT('',(119.07047915537,3.060154219421,0.));
#591 = CARTESIAN_POINT('',(119.05509256662,3.071573216872,0.));
#592 = CARTESIAN_POINT('',(119.03970574097,3.082996672587,0.));
#593 = CARTESIAN_POINT('',(119.02431867672,3.094424583367,0.));
#594 = CARTESIAN_POINT('',(119.00893137219,3.105856946017,0.));
#595 = CARTESIAN_POINT('',(118.9935438257,3.117293757337,0.));
#596 = CARTESIAN_POINT('',(118.97815603552,3.128735014101,0.));
#597 = CARTESIAN_POINT('',(118.96276800001,3.140180713159,0.));
#598 = CARTESIAN_POINT('',(118.94737971744,3.151630851268,0.));
#599 = CARTESIAN_POINT('',(118.93199118612,3.163085425243,0.));
#600 = CARTESIAN_POINT('',(118.91660240436,3.174544431883,0.));
#601 = CARTESIAN_POINT('',(118.90121337047,3.186007867993,0.));
#602 = CARTESIAN_POINT('',(118.88582408277,3.197475730382,0.));
#603 = CARTESIAN_POINT('',(118.87043453954,3.208948015829,0.));
#604 = CARTESIAN_POINT('',(118.85504473912,3.220424721165,0.));
#605 = CARTESIAN_POINT('',(118.83965467979,3.231905843158,0.));
#606 = CARTESIAN_POINT('',(118.82426435988,3.243391378654,0.));
#607 = CARTESIAN_POINT('',(118.80887377767,3.254881324406,0.));
#608 = CARTESIAN_POINT('',(118.79348293149,3.266375677256,0.));
#609 = CARTESIAN_POINT('',(118.77809181964,3.277874434009,0.));
#610 = CARTESIAN_POINT('',(118.76270044039,3.289377591411,0.));
#611 = CARTESIAN_POINT('',(118.74730879211,3.300885146349,0.));
#612 = CARTESIAN_POINT('',(118.73191687308,3.312397095578,0.));
#613 = CARTESIAN_POINT('',(118.71652468158,3.323913435892,0.));
#614 = CARTESIAN_POINT('',(118.70113221595,3.335434164137,0.));
#615 = CARTESIAN_POINT('',(118.68573947448,3.346959277081,0.));
#616 = CARTESIAN_POINT('',(118.67034645548,3.358488771549,0.));
#617 = CARTESIAN_POINT('',(118.65495315726,3.370022644355,0.));
#618 = CARTESIAN_POINT('',(118.6395595781,3.381560892263,0.));
#619 = CARTESIAN_POINT('',(118.62416571633,3.393103512125,0.));
#620 = CARTESIAN_POINT('',(118.60877157026,3.404650500732,0.));
#621 = CARTESIAN_POINT('',(118.59337713818,3.416201854873,0.));
#622 = CARTESIAN_POINT('',(118.57798241842,3.427757571392,0.));
#623 = CARTESIAN_POINT('',(118.56258740924,3.439317647056,0.));
#624 = CARTESIAN_POINT('',(118.54719210897,3.450882078693,0.));
#625 = CARTESIAN_POINT('',(118.53179651592,3.462450863104,0.));
#626 = CARTESIAN_POINT('',(118.51640062841,3.474023997123,0.));
#627 = CARTESIAN_POINT('',(118.5010044447,3.485601477511,0.));
#628 = CARTESIAN_POINT('',(118.48560796312,3.4971833011,0.));
#629 = CARTESIAN_POINT('',(118.47021118198,3.50876946472,0.));
#630 = CARTESIAN_POINT('',(118.45481409958,3.520359965139,0.));
#631 = CARTESIAN_POINT('',(118.43941671423,3.531954799203,0.));
#632 = CARTESIAN_POINT('',(118.42401902422,3.543553963703,0.));
#633 = CARTESIAN_POINT('',(118.40862102784,3.55515745543,0.));
#634 = CARTESIAN_POINT('',(118.39322272344,3.566765271234,0.));
#635 = CARTESIAN_POINT('',(118.3778241093,3.578377407916,0.));
#636 = CARTESIAN_POINT('',(118.36242518369,3.589993862241,0.));
#637 = CARTESIAN_POINT('',(118.34702594497,3.601614631088,0.));
#638 = CARTESIAN_POINT('',(118.33162639142,3.61323971122,0.));
#639 = CARTESIAN_POINT('',(118.31622652133,3.624869099454,0.));
#640 = CARTESIAN_POINT('',(118.30082633304,3.636502792646,0.));
#641 = CARTESIAN_POINT('',(118.28542582479,3.648140787523,0.));
#642 = CARTESIAN_POINT('',(118.27002499494,3.659783080975,0.));
#643 = CARTESIAN_POINT('',(118.25462384179,3.671429669792,0.));
#644 = CARTESIAN_POINT('',(118.23922236361,3.683080550753,0.));
#645 = CARTESIAN_POINT('',(118.22382055873,3.694735720714,0.));
#646 = CARTESIAN_POINT('',(118.20841842545,3.706395176472,0.));
#647 = CARTESIAN_POINT('',(118.19301596208,3.71805891485,0.));
#648 = CARTESIAN_POINT('',(118.17761316687,3.729726932612,0.));
#649 = CARTESIAN_POINT('',(118.1622100382,3.741399226658,0.));
#650 = CARTESIAN_POINT('',(118.14680657432,3.753075793725,0.));
#651 = CARTESIAN_POINT('',(118.13140277355,3.764756630653,0.));
#652 = CARTESIAN_POINT('',(118.11599863421,3.776441734295,0.));
#653 = CARTESIAN_POINT('',(118.10059415455,3.788131101388,0.));
#654 = CARTESIAN_POINT('',(118.08518933293,3.799824728822,0.));
#655 = CARTESIAN_POINT('',(118.06978416761,3.811522613351,0.));
#656 = CARTESIAN_POINT('',(118.05437865694,3.823224751855,0.));
#657 = CARTESIAN_POINT('',(118.03897279918,3.834931141095,0.));
#658 = CARTESIAN_POINT('',(118.02356659262,3.84664177789,0.));
#659 = CARTESIAN_POINT('',(118.00816003561,3.858356659099,0.));
#660 = CARTESIAN_POINT('',(117.99275312643,3.870075781499,0.));
#661 = CARTESIAN_POINT('',(117.97734586339,3.881799141939,0.));
#662 = CARTESIAN_POINT('',(117.96193824474,3.893526737173,0.));
#663 = CARTESIAN_POINT('',(117.94653026886,3.905258564097,0.));
#664 = CARTESIAN_POINT('',(117.93112193403,3.916994619503,0.));
#665 = CARTESIAN_POINT('',(117.9157132385,3.928734900163,0.));
#666 = CARTESIAN_POINT('',(117.90030418063,3.940479402951,0.));
#667 = CARTESIAN_POINT('',(117.88489475869,3.952228124657,0.));
#668 = CARTESIAN_POINT('',(117.86948497102,3.96398106213,0.));
#669 = CARTESIAN_POINT('',(117.85407481586,3.975738212132,0.));
#670 = CARTESIAN_POINT('',(117.83866429157,3.987499571536,0.));
#671 = CARTESIAN_POINT('',(117.82325339642,3.999265137146,0.));
#672 = CARTESIAN_POINT('',(117.8078421287,4.011034905754,0.));
#673 = CARTESIAN_POINT('',(117.79243048675,4.02280887422,0.));
#674 = CARTESIAN_POINT('',(117.77701846885,4.034587039339,0.));
#675 = CARTESIAN_POINT('',(117.76160607331,4.046369397955,0.));
#676 = CARTESIAN_POINT('',(117.74619329839,4.058155946843,0.));
#677 = CARTESIAN_POINT('',(117.73078014244,4.069946682858,0.));
#678 = CARTESIAN_POINT('',(117.71536660376,4.081741602836,0.));
#679 = CARTESIAN_POINT('',(117.69995268062,4.093540703559,0.));
#680 = CARTESIAN_POINT('',(117.68453837134,4.105343981866,0.));
#681 = CARTESIAN_POINT('',(117.66912367422,4.117151434583,0.));
#682 = CARTESIAN_POINT('',(117.65370858756,4.128963058529,0.));
#683 = CARTESIAN_POINT('',(117.63829310966,4.140778850529,0.));
#684 = CARTESIAN_POINT('',(117.6228772388,4.152598807379,0.));
#685 = CARTESIAN_POINT('',(117.60746097332,4.164422925938,0.));
#686 = CARTESIAN_POINT('',(117.59204431151,4.176251203031,0.));
#687 = CARTESIAN_POINT('',(117.57662725164,4.188083635434,0.));
#688 = CARTESIAN_POINT('',(117.56120979203,4.199920220008,0.));
#689 = CARTESIAN_POINT('',(117.545791931,4.21176095358,0.));
#690 = CARTESIAN_POINT('',(117.53037366684,4.223605832959,0.));
#691 = CARTESIAN_POINT('',(117.51495499783,4.235454854961,0.));
#692 = CARTESIAN_POINT('',(117.49953592229,4.247308016429,0.));
#693 = CARTESIAN_POINT('',(117.48411643852,4.259165314185,0.));
#694 = CARTESIAN_POINT('',(117.4686965448,4.271026745047,0.));
#695 = CARTESIAN_POINT('',(117.45327623943,4.282892305816,0.));
#696 = CARTESIAN_POINT('',(117.43785552076,4.294761993373,0.));
#697 = CARTESIAN_POINT('',(117.42243438705,4.306635804511,0.));
#698 = CARTESIAN_POINT('',(117.4070128366,4.318513736038,0.));
#699 = CARTESIAN_POINT('',(117.39159086772,4.330395784813,0.));
#700 = CARTESIAN_POINT('',(117.3761684787,4.342281947636,0.));
#701 = CARTESIAN_POINT('',(117.36074566786,4.354172221368,0.));
#702 = CARTESIAN_POINT('',(117.34532243346,4.366066602784,0.));
#703 = CARTESIAN_POINT('',(117.32989877384,4.377965088749,0.));
#704 = CARTESIAN_POINT('',(117.31447468731,4.389867676098,0.));
#705 = CARTESIAN_POINT('',(117.29905017213,4.401774361617,0.));
#706 = CARTESIAN_POINT('',(117.28362522661,4.41368514217,0.));
#707 = CARTESIAN_POINT('',(117.26819984906,4.425600014552,0.));
#708 = CARTESIAN_POINT('',(117.25277403781,4.437518975647,0.));
#709 = CARTESIAN_POINT('',(117.23734779109,4.449442022219,0.));
#710 = CARTESIAN_POINT('',(117.22192110724,4.461369151112,0.));
#711 = CARTESIAN_POINT('',(117.20649398458,4.473300359204,0.));
#712 = CARTESIAN_POINT('',(117.19106642137,4.485235643256,0.));
#713 = CARTESIAN_POINT('',(117.17563841593,4.497175000139,0.));
#714 = CARTESIAN_POINT('',(117.16020996655,4.509118426658,0.));
#715 = CARTESIAN_POINT('',(117.14478107155,4.521065919673,0.));
#716 = CARTESIAN_POINT('',(117.12935172922,4.53301747599,0.));
#717 = CARTESIAN_POINT('',(117.11392193784,4.544973092425,0.));
#718 = CARTESIAN_POINT('',(117.09849169574,4.556932765852,0.));
#719 = CARTESIAN_POINT('',(117.0830610012,4.568896493062,0.));
#720 = CARTESIAN_POINT('',(117.06762985254,4.580864270916,0.));
#721 = CARTESIAN_POINT('',(117.05219824803,4.592836096201,0.));
#722 = CARTESIAN_POINT('',(117.036766186,4.604811965797,0.));
#723 = CARTESIAN_POINT('',(117.02133366474,4.616791876523,0.));
#724 = CARTESIAN_POINT('',(117.00590068253,4.628775825179,0.));
#725 = CARTESIAN_POINT('',(116.99046723769,4.640763808626,0.));
#726 = CARTESIAN_POINT('',(116.97503332852,4.652755823695,0.));
#727 = CARTESIAN_POINT('',(116.95959895332,4.664751867217,0.));
#728 = CARTESIAN_POINT('',(116.94416411037,4.676751936005,0.));
#729 = CARTESIAN_POINT('',(116.92872879799,4.688756026909,0.));
#730 = CARTESIAN_POINT('',(116.91329301449,4.700764136766,0.));
#731 = CARTESIAN_POINT('',(116.89785675817,4.712776262413,0.));
#732 = CARTESIAN_POINT('',(116.88242002728,4.724792400648,0.));
#733 = CARTESIAN_POINT('',(116.86698282016,4.73681254834,0.));
#734 = CARTESIAN_POINT('',(116.85154513511,4.748836702319,0.));
#735 = CARTESIAN_POINT('',(116.83610697042,4.760864859397,0.));
#736 = CARTESIAN_POINT('',(116.82066832439,4.772897016424,0.));
#737 = CARTESIAN_POINT('',(116.80522919534,4.784933170245,0.));
#738 = CARTESIAN_POINT('',(116.78978958156,4.796973317679,0.));
#739 = CARTESIAN_POINT('',(116.77434948134,4.80901745556,0.));
#740 = CARTESIAN_POINT('',(116.75890889297,4.821065580724,0.));
#741 = CARTESIAN_POINT('',(116.74346781477,4.833117690012,0.));
#742 = CARTESIAN_POINT('',(116.72802624504,4.845173780263,0.));
#743 = CARTESIAN_POINT('',(116.71258418206,4.857233848306,0.));
#744 = CARTESIAN_POINT('',(116.69714162414,4.869297890957,0.));
#745 = CARTESIAN_POINT('',(116.6816985696,4.881365905096,0.));
#746 = CARTESIAN_POINT('',(116.66625501673,4.893437887531,0.));
#747 = CARTESIAN_POINT('',(116.65081096381,4.905513835095,0.));
#748 = CARTESIAN_POINT('',(116.63536640916,4.91759374464,0.));
#749 = CARTESIAN_POINT('',(116.61992135107,4.929677612988,0.));
#750 = CARTESIAN_POINT('',(116.60447578785,4.941765436994,0.));
#751 = CARTESIAN_POINT('',(116.58902971779,4.95385721348,0.));
#752 = CARTESIAN_POINT('',(116.57358313919,4.965952939284,0.));
#753 = CARTESIAN_POINT('',(116.55813605036,4.978052611255,0.));
#754 = CARTESIAN_POINT('',(116.54268844959,4.99015622622,0.));
#755 = CARTESIAN_POINT('',(116.52724033519,5.002263781028,0.));
#756 = CARTESIAN_POINT('',(116.51179170545,5.014375272507,0.));
#757 = CARTESIAN_POINT('',(116.49634255867,5.026490697495,0.));
#758 = CARTESIAN_POINT('',(116.48089289317,5.038610052844,0.));
#759 = CARTESIAN_POINT('',(116.46544270722,5.050733335375,0.));
#760 = CARTESIAN_POINT('',(116.44999199915,5.062860541957,0.));
#761 = CARTESIAN_POINT('',(116.43454076723,5.074991669375,0.));
#762 = CARTESIAN_POINT('',(116.41908900979,5.08712671453,0.));
#763 = CARTESIAN_POINT('',(116.40363672512,5.099265674239,0.));
#764 = CARTESIAN_POINT('',(116.3881839115,5.111408545309,0.));
#765 = CARTESIAN_POINT('',(116.37273056727,5.123555324638,0.));
#766 = CARTESIAN_POINT('',(116.3572766907,5.135706009021,0.));
#767 = CARTESIAN_POINT('',(116.3418222801,5.147860595322,0.));
#768 = CARTESIAN_POINT('',(116.32636733376,5.160019080376,0.));
#769 = CARTESIAN_POINT('',(116.31091184999,5.172181461019,0.));
#770 = CARTESIAN_POINT('',(116.2954558271,5.184347734093,0.));
#771 = CARTESIAN_POINT('',(116.27999926338,5.19651789645,0.));
#772 = CARTESIAN_POINT('',(116.26454215715,5.208691944944,0.));
#773 = CARTESIAN_POINT('',(116.24908450665,5.220869876349,0.));
#774 = CARTESIAN_POINT('',(116.23362631025,5.233051687595,0.));
#775 = CARTESIAN_POINT('',(116.21816756624,5.245237375492,0.));
#776 = CARTESIAN_POINT('',(116.20270827287,5.257426936837,0.));
#777 = CARTESIAN_POINT('',(116.18724842849,5.269620368546,0.));
#778 = CARTESIAN_POINT('',(116.17178803139,5.281817667409,0.));
#779 = CARTESIAN_POINT('',(116.15632707988,5.294018830297,0.));
#780 = CARTESIAN_POINT('',(116.14086557225,5.306223854047,0.));
#781 = CARTESIAN_POINT('',(116.12540350679,5.318432735489,0.));
#782 = CARTESIAN_POINT('',(116.10994088182,5.330645471487,0.));
#783 = CARTESIAN_POINT('',(116.09447769563,5.342862058875,0.));
#784 = CARTESIAN_POINT('',(116.07901394651,5.355082494488,0.));
#785 = CARTESIAN_POINT('',(116.06354963278,5.367306775181,0.));
#786 = CARTESIAN_POINT('',(116.04808475276,5.379534897821,0.));
#787 = CARTESIAN_POINT('',(116.03261930471,5.391766859198,0.));
#788 = CARTESIAN_POINT('',(116.01715328696,5.404002656207,0.));
#789 = CARTESIAN_POINT('',(116.0016866978,5.41624228567,0.));
#790 = CARTESIAN_POINT('',(115.98621953553,5.428485744442,0.));
#791 = CARTESIAN_POINT('',(115.97075179845,5.440733029357,0.));
#792 = CARTESIAN_POINT('',(115.95528348485,5.452984137247,0.));
#793 = CARTESIAN_POINT('',(115.9398145931,5.465239065032,0.));
#794 = CARTESIAN_POINT('',(115.92434512142,5.477497809462,0.));
#795 = CARTESIAN_POINT('',(115.90887506814,5.489760367432,0.));
#796 = CARTESIAN_POINT('',(115.89340443156,5.502026735791,0.));
#797 = CARTESIAN_POINT('',(115.87793320999,5.514296911367,0.));
#798 = CARTESIAN_POINT('',(115.86246140174,5.526570891035,0.));
#799 = CARTESIAN_POINT('',(115.84698900508,5.538848671593,0.));
#800 = CARTESIAN_POINT('',(115.83151601837,5.551130249963,0.));
#801 = CARTESIAN_POINT('',(115.81604243985,5.563415622917,0.));
#802 = CARTESIAN_POINT('',(115.80056826784,5.575704787335,0.));
#803 = CARTESIAN_POINT('',(115.78509350067,5.587997740087,0.));
#804 = CARTESIAN_POINT('',(115.76961813661,5.600294477978,0.));
#805 = CARTESIAN_POINT('',(115.75414217397,5.612594997885,0.));
#806 = CARTESIAN_POINT('',(115.73866561107,5.624899296648,0.));
#807 = CARTESIAN_POINT('',(115.72318844621,5.637207371128,0.));
#808 = CARTESIAN_POINT('',(115.70771067765,5.649519218138,0.));
#809 = CARTESIAN_POINT('',(115.69223230374,5.661834834567,0.));
#810 = CARTESIAN_POINT('',(115.67675332278,5.674154217257,0.));
#811 = CARTESIAN_POINT('',(115.66127373305,5.686477363025,0.));
#812 = CARTESIAN_POINT('',(115.64579353289,5.69880426878,0.));
#813 = CARTESIAN_POINT('',(115.63031272054,5.711134931297,0.));
#814 = CARTESIAN_POINT('',(115.61483129437,5.72346934749,0.));
#815 = CARTESIAN_POINT('',(115.59934925265,5.735807514195,0.));
#816 = CARTESIAN_POINT('',(115.58386659367,5.748149428213,0.));
#817 = CARTESIAN_POINT('',(115.56838331578,5.760495086486,0.));
#818 = CARTESIAN_POINT('',(115.55289941723,5.77284448577,0.));
#819 = CARTESIAN_POINT('',(115.53741489635,5.785197622973,0.));
#820 = CARTESIAN_POINT('',(115.52192975146,5.797554494943,0.));
#821 = CARTESIAN_POINT('',(115.50644398084,5.809915098512,0.));
#822 = CARTESIAN_POINT('',(115.4909575828,5.822279430539,0.));
#823 = CARTESIAN_POINT('',(115.47547055564,5.834647487873,0.));
#824 = CARTESIAN_POINT('',(115.45998289768,5.847019267385,0.));
#825 = CARTESIAN_POINT('',(115.44449460721,5.859394765895,0.));
#826 = CARTESIAN_POINT('',(115.42900568253,5.871773980293,0.));
#827 = CARTESIAN_POINT('',(115.41351612193,5.884156907378,0.));
#828 = CARTESIAN_POINT('',(115.39802592376,5.896543544061,0.));
#829 = CARTESIAN_POINT('',(115.38253508631,5.908933887176,0.));
#830 = CARTESIAN_POINT('',(115.36704360785,5.921327933539,0.));
#831 = CARTESIAN_POINT('',(115.35155148673,5.933725680067,0.));
#832 = CARTESIAN_POINT('',(115.33605872122,5.946127123553,0.));
#833 = CARTESIAN_POINT('',(115.32056530965,5.958532260897,0.));
#834 = CARTESIAN_POINT('',(115.3050712503,5.970941088923,0.));
#835 = CARTESIAN_POINT('',(115.2895765415,5.983353604499,0.));
#836 = CARTESIAN_POINT('',(115.27408118154,5.995769804476,0.));
#837 = CARTESIAN_POINT('',(115.25858516873,6.008189685701,0.));
#838 = CARTESIAN_POINT('',(115.24308850139,6.020613245056,0.));
#839 = CARTESIAN_POINT('',(115.22759117779,6.033040479348,0.));
#840 = CARTESIAN_POINT('',(115.21209319627,6.045471385478,0.));
#841 = CARTESIAN_POINT('',(115.19659455511,6.05790596028,0.));
#842 = CARTESIAN_POINT('',(115.18109525262,6.070344200601,0.));
#843 = CARTESIAN_POINT('',(115.16559528712,6.08278610331,0.));
#844 = CARTESIAN_POINT('',(115.15009465693,6.095231665274,0.));
#845 = CARTESIAN_POINT('',(115.13459336033,6.107680883326,0.));
#846 = CARTESIAN_POINT('',(115.11909139561,6.120133754316,0.));
#847 = CARTESIAN_POINT('',(115.10358876112,6.132590275137,0.));
#848 = CARTESIAN_POINT('',(115.08808545514,6.145050442612,0.));
#849 = CARTESIAN_POINT('',(115.07258147597,6.157514253604,0.));
#850 = CARTESIAN_POINT('',(115.05707682193,6.169981704988,0.));
#851 = CARTESIAN_POINT('',(115.04157149131,6.182452793579,0.));
#852 = CARTESIAN_POINT('',(115.02606548247,6.194927516305,0.));
#853 = CARTESIAN_POINT('',(115.01055879365,6.207405869944,0.));
#854 = CARTESIAN_POINT('',(114.99505142319,6.219887851394,0.));
#855 = CARTESIAN_POINT('',(114.97954336942,6.232373457539,0.));
#856 = CARTESIAN_POINT('',(114.96403463058,6.244862685165,0.));
#857 = CARTESIAN_POINT('',(114.94852520502,6.257355531191,0.));
#858 = CARTESIAN_POINT('',(114.93301509106,6.269851992453,0.));
#859 = CARTESIAN_POINT('',(114.91750428701,6.282352065822,0.));
#860 = CARTESIAN_POINT('',(114.90199279113,6.294855748126,0.));
#861 = CARTESIAN_POINT('',(114.88648060176,6.30736303625,0.));
#862 = CARTESIAN_POINT('',(114.87096771723,6.319873927058,0.));
#863 = CARTESIAN_POINT('',(114.8554541358,6.332388417372,0.));
#864 = CARTESIAN_POINT('',(114.83993985584,6.344906504116,0.));
#865 = CARTESIAN_POINT('',(114.82442487558,6.357428184073,0.));
#866 = CARTESIAN_POINT('',(114.80890919338,6.369953454153,0.));
#867 = CARTESIAN_POINT('',(114.79339280754,6.382482311208,0.));
#868 = CARTESIAN_POINT('',(114.77787571635,6.395014752064,0.));
#869 = CARTESIAN_POINT('',(114.76235791817,6.40755077365,0.));
#870 = CARTESIAN_POINT('',(114.74683941126,6.420090372754,0.));
#871 = CARTESIAN_POINT('',(114.73132019396,6.432633546293,0.));
#872 = CARTESIAN_POINT('',(114.71580026454,6.445180291067,0.));
#873 = CARTESIAN_POINT('',(114.70027962135,6.457730604007,0.));
#874 = CARTESIAN_POINT('',(114.68475826268,6.470284481928,0.));
#875 = CARTESIAN_POINT('',(114.66923618681,6.482841921666,0.));
#876 = CARTESIAN_POINT('',(114.65371339213,6.495402920182,0.));
#877 = CARTESIAN_POINT('',(114.63818987687,6.507967474223,0.));
#878 = CARTESIAN_POINT('',(114.62266563938,6.520535580719,0.));
#879 = CARTESIAN_POINT('',(114.60714067797,6.533107236512,0.));
#880 = CARTESIAN_POINT('',(114.59161499094,6.545682438462,0.));
#881 = CARTESIAN_POINT('',(114.57608857661,6.558261183451,0.));
#882 = CARTESIAN_POINT('',(114.56056143326,6.570843468285,0.));
#883 = CARTESIAN_POINT('',(114.54503355927,6.583429289922,0.));
#884 = CARTESIAN_POINT('',(114.52950495287,6.596018645123,0.));
#885 = CARTESIAN_POINT('',(114.51397561241,6.608611530812,0.));
#886 = CARTESIAN_POINT('',(114.4984455362,6.62120794384,0.));
#887 = CARTESIAN_POINT('',(114.48291472254,6.633807881055,0.));
#888 = CARTESIAN_POINT('',(114.46738316978,6.646411339358,0.));
#889 = CARTESIAN_POINT('',(114.45185087616,6.659018315536,0.));
#890 = CARTESIAN_POINT('',(114.43631784008,6.671628806561,0.));
#891 = CARTESIAN_POINT('',(114.42078405978,6.684242809203,0.));
#892 = CARTESIAN_POINT('',(114.4052495336,6.696860320365,0.));
#893 = CARTESIAN_POINT('',(114.38971425985,6.709481336917,0.));
#894 = CARTESIAN_POINT('',(114.37417823684,6.722105855697,0.));
#895 = CARTESIAN_POINT('',(114.3586414629,6.734733873603,0.));
#896 = CARTESIAN_POINT('',(114.34310393633,6.74736538748,0.));
#897 = CARTESIAN_POINT('',(114.32756565543,6.760000394193,0.));
#898 = CARTESIAN_POINT('',(114.31202661851,6.772638890588,0.));
#899 = CARTESIAN_POINT('',(114.29648682393,6.785280873586,0.));
#900 = CARTESIAN_POINT('',(114.28094626996,6.797926340006,0.));
#901 = CARTESIAN_POINT('',(114.26540495491,6.810575286706,0.));
#902 = CARTESIAN_POINT('',(114.24986287711,6.823227710593,0.));
#903 = CARTESIAN_POINT('',(114.23432003487,6.835883608493,0.));
#904 = CARTESIAN_POINT('',(114.21877642652,6.848542977299,0.));
#905 = CARTESIAN_POINT('',(114.20323205035,6.861205813867,0.));
#906 = CARTESIAN_POINT('',(114.18768690468,6.873872115063,0.));
#907 = CARTESIAN_POINT('',(114.17214098782,6.886541877734,0.));
#908 = CARTESIAN_POINT('',(114.15659429811,6.899215098791,0.));
#909 = CARTESIAN_POINT('',(114.14104683386,6.91189177508,0.));
#910 = CARTESIAN_POINT('',(114.12549859333,6.924571903418,0.));
#911 = CARTESIAN_POINT('',(114.10994957492,6.937255480774,0.));
#912 = CARTESIAN_POINT('',(114.09439977687,6.949942503925,0.));
#913 = CARTESIAN_POINT('',(114.07884919754,6.962632969765,0.));
#914 = CARTESIAN_POINT('',(114.06329783525,6.975326875204,0.));
#915 = CARTESIAN_POINT('',(114.04774568827,6.988024217036,0.));
#916 = CARTESIAN_POINT('',(114.03219275496,7.000724992183,0.));
#917 = CARTESIAN_POINT('',(114.01663903361,7.013429197497,0.));
#918 = CARTESIAN_POINT('',(114.00108452256,7.026136829836,0.));
#919 = CARTESIAN_POINT('',(113.98552922012,7.038847886092,0.));
#920 = CARTESIAN_POINT('',(113.96997312459,7.051562363102,0.));
#921 = CARTESIAN_POINT('',(113.95441623431,7.06428025777,0.));
#922 = CARTESIAN_POINT('',(113.93885854757,7.077001566939,0.));
#923 = CARTESIAN_POINT('',(113.92330006268,7.089726287461,0.));
#924 = CARTESIAN_POINT('',(113.90774077801,7.102454416266,0.));
#925 = CARTESIAN_POINT('',(113.89218069184,7.115185950168,0.));
#926 = CARTESIAN_POINT('',(113.87661980248,7.127920886057,0.));
#927 = CARTESIAN_POINT('',(113.86105810827,7.140659220791,0.));
#928 = CARTESIAN_POINT('',(113.84549560752,7.153400951264,0.));
#929 = CARTESIAN_POINT('',(113.82993229855,7.166146074322,0.));
#930 = CARTESIAN_POINT('',(113.81436817967,7.178894586833,0.));
#931 = CARTESIAN_POINT('',(113.79880324922,7.191646485704,0.));
#932 = CARTESIAN_POINT('',(113.78323750548,7.204401767753,0.));
#933 = CARTESIAN_POINT('',(113.76767094679,7.21716042988,0.));
#934 = CARTESIAN_POINT('',(113.75210357149,7.229922468961,0.));
#935 = CARTESIAN_POINT('',(113.73653537788,7.242687881863,0.));
#936 = CARTESIAN_POINT('',(113.72096636425,7.255456665418,0.));
#937 = CARTESIAN_POINT('',(113.70539652898,7.268228816563,0.));
#938 = CARTESIAN_POINT('',(113.68982587036,7.281004332133,0.));
#939 = CARTESIAN_POINT('',(113.67425438668,7.293783208971,0.));
#940 = CARTESIAN_POINT('',(113.65868207633,7.30656544402,0.));
#941 = CARTESIAN_POINT('',(113.64310893758,7.319351034097,0.));
#942 = CARTESIAN_POINT('',(113.62753496873,7.332139976073,0.));
#943 = CARTESIAN_POINT('',(113.61196016814,7.344932266844,0.));
#944 = CARTESIAN_POINT('',(113.59638453413,7.357727903278,0.));
#945 = CARTESIAN_POINT('',(113.58080806502,7.370526882238,0.));
#946 = CARTESIAN_POINT('',(113.56523075913,7.383329200609,0.));
#947 = CARTESIAN_POINT('',(113.54965261475,7.396134855235,0.));
#948 = CARTESIAN_POINT('',(113.53407363024,7.408943843022,0.));
#949 = CARTESIAN_POINT('',(113.51849380392,7.421756160832,0.));
#950 = CARTESIAN_POINT('',(113.50291313409,7.434571805522,0.));
#951 = CARTESIAN_POINT('',(113.48733161909,7.447390774,0.));
#952 = CARTESIAN_POINT('',(113.47174925722,7.460213063089,0.));
#953 = CARTESIAN_POINT('',(113.45616604684,7.473038669703,0.));
#954 = CARTESIAN_POINT('',(113.44058198626,7.485867590716,0.));
#955 = CARTESIAN_POINT('',(113.42499707378,7.498699822977,0.));
#956 = CARTESIAN_POINT('',(113.40941130774,7.511535363369,0.));
#957 = CARTESIAN_POINT('',(113.39382468645,7.524374208766,0.));
#958 = CARTESIAN_POINT('',(113.37823720826,7.53721635605,0.));
#959 = CARTESIAN_POINT('',(113.36264887149,7.550061802092,0.));
#960 = CARTESIAN_POINT('',(113.34705967446,7.562910543773,0.));
#961 = CARTESIAN_POINT('',(113.33146961545,7.575762577933,0.));
#962 = CARTESIAN_POINT('',(113.31587869284,7.588617901482,0.));
#963 = CARTESIAN_POINT('',(113.30028690496,7.6014765113,0.));
#964 = CARTESIAN_POINT('',(113.2846942501,7.614338404236,0.));
#965 = CARTESIAN_POINT('',(113.26910072658,7.627203577161,0.));
#966 = CARTESIAN_POINT('',(113.25350633277,7.640072026995,0.));
#967 = CARTESIAN_POINT('',(113.23791106696,7.652943750569,0.));
#968 = CARTESIAN_POINT('',(113.22231492747,7.665818744753,0.));
#969 = CARTESIAN_POINT('',(113.20671791267,7.678697006482,0.));
#970 = CARTESIAN_POINT('',(113.19112002084,7.69157853256,0.));
#971 = CARTESIAN_POINT('',(113.17552125033,7.704463319912,0.));
#972 = CARTESIAN_POINT('',(113.15992159946,7.717351365395,0.));
#973 = CARTESIAN_POINT('',(113.14432106655,7.730242665874,0.));
#974 = CARTESIAN_POINT('',(113.12871964995,7.743137218265,0.));
#975 = CARTESIAN_POINT('',(113.11311734796,7.756035019392,0.));
#976 = CARTESIAN_POINT('',(113.09751415892,7.768936066169,0.));
#977 = CARTESIAN_POINT('',(113.08191008117,7.781840355463,0.));
#978 = CARTESIAN_POINT('',(113.06630511302,7.794747884153,0.));
#979 = CARTESIAN_POINT('',(113.0506992528,7.807658649102,0.));
#980 = CARTESIAN_POINT('',(113.03509249884,7.8205726472,0.));
#981 = CARTESIAN_POINT('',(113.01948484948,7.833489875329,0.));
#982 = CARTESIAN_POINT('',(113.00387630303,7.846410330357,0.));
#983 = CARTESIAN_POINT('',(112.98826685783,7.85933400916,0.));
#984 = CARTESIAN_POINT('',(112.97265651221,7.872260908614,0.));
#985 = CARTESIAN_POINT('',(112.95704526451,7.885191025617,0.));
#986 = CARTESIAN_POINT('',(112.94143311305,7.898124357024,0.));
#987 = CARTESIAN_POINT('',(112.92582005615,7.911060899732,0.));
#988 = CARTESIAN_POINT('',(112.91020609214,7.924000650582,0.));
#989 = CARTESIAN_POINT('',(112.89459121937,7.936943606509,0.));
#990 = CARTESIAN_POINT('',(112.87897543616,7.949889764347,0.));
#991 = CARTESIAN_POINT('',(112.86335874083,7.962839120982,0.));
#992 = CARTESIAN_POINT('',(112.84774113175,7.975791673331,0.));
#993 = CARTESIAN_POINT('',(112.83212260719,7.988747418197,0.));
#994 = CARTESIAN_POINT('',(112.81650316554,8.001706352544,0.));
#995 = CARTESIAN_POINT('',(112.8008828051,8.014668473188,0.));
#996 = CARTESIAN_POINT('',(112.7852615242,8.027633777038,0.));
#997 = CARTESIAN_POINT('',(112.7696393212,8.04060226097,0.));
#998 = CARTESIAN_POINT('',(112.75401619441,8.053573921862,0.));
#999 = CARTESIAN_POINT('',(112.73839214215,8.066548756576,0.));
#1000 = CARTESIAN_POINT('',(112.72276716279,8.079526762019,0.));
#1001 = CARTESIAN_POINT('',(112.70714125466,8.092507935089,0.));
#1002 = CARTESIAN_POINT('',(112.69151441603,8.105492272578,0.));
#1003 = CARTESIAN_POINT('',(112.6758866453,8.118479771467,0.));
#1004 = CARTESIAN_POINT('',(112.66025794079,8.131470428576,0.));
#1005 = CARTESIAN_POINT('',(112.64462830085,8.144464240821,0.));
#1006 = CARTESIAN_POINT('',(112.62899772379,8.157461205062,0.));
#1007 = CARTESIAN_POINT('',(112.61336620793,8.170461318167,0.));
#1008 = CARTESIAN_POINT('',(112.59773375163,8.183464577048,0.));
#1009 = CARTESIAN_POINT('',(112.58210035324,8.196470978573,0.));
#1010 = CARTESIAN_POINT('',(112.56646601106,8.209480519622,0.));
#1011 = CARTESIAN_POINT('',(112.55083072342,8.222493197054,0.));
#1012 = CARTESIAN_POINT('',(112.53519448871,8.235509007798,0.));
#1013 = CARTESIAN_POINT('',(112.51955730522,8.2485279487,0.));
#1014 = CARTESIAN_POINT('',(112.50391917131,8.261550016651,0.));
#1015 = CARTESIAN_POINT('',(112.48828008531,8.274575208538,0.));
#1016 = CARTESIAN_POINT('',(112.47264004555,8.28760352123,0.));
#1017 = CARTESIAN_POINT('',(112.45699905037,8.300634951621,0.));
#1018 = CARTESIAN_POINT('',(112.44135709811,8.313669496589,0.));
#1019 = CARTESIAN_POINT('',(112.42571418711,8.32670715302,0.));
#1020 = CARTESIAN_POINT('',(112.4100703157,8.339747917784,0.));
#1021 = CARTESIAN_POINT('',(112.39442548223,8.35279178778,0.));
#1022 = CARTESIAN_POINT('',(112.37877968504,8.365838759889,0.));
#1023 = CARTESIAN_POINT('',(112.36313292244,8.378888830964,0.));
#1024 = CARTESIAN_POINT('',(112.34748519281,8.391941997938,0.));
#1025 = CARTESIAN_POINT('',(112.33183649448,8.404998257662,0.));
#1026 = CARTESIAN_POINT('',(112.31618682575,8.418057607009,0.));
#1027 = CARTESIAN_POINT('',(112.30053618501,8.431120042892,0.));
#1028 = CARTESIAN_POINT('',(112.28488457059,8.444185562189,0.));
#1029 = CARTESIAN_POINT('',(112.26923198079,8.457254161745,0.));
#1030 = CARTESIAN_POINT('',(112.253578414,8.470325838493,0.));
#1031 = CARTESIAN_POINT('',(112.23792386857,8.483400589317,0.));
#1032 = CARTESIAN_POINT('',(112.22226834278,8.496478411047,0.));
#1033 = CARTESIAN_POINT('',(112.20661183502,8.509559300624,0.));
#1034 = CARTESIAN_POINT('',(112.1909543436,8.522643254892,0.));
#1035 = CARTESIAN_POINT('',(112.1752958669,8.535730270764,0.));
#1036 = CARTESIAN_POINT('',(112.15963640324,8.548820345123,0.));
#1037 = CARTESIAN_POINT('',(112.14397595095,8.56191347481,0.));
#1038 = CARTESIAN_POINT('',(112.12831450841,8.575009656783,0.));
#1039 = CARTESIAN_POINT('',(112.11265207392,8.588108887866,0.));
#1040 = CARTESIAN_POINT('',(112.09698864584,8.601211164956,0.));
#1041 = CARTESIAN_POINT('',(112.08132422254,8.614316484964,0.));
#1042 = CARTESIAN_POINT('',(112.06565880235,8.62742484476,0.));
#1043 = CARTESIAN_POINT('',(112.04999238359,8.64053624121,0.));
#1044 = CARTESIAN_POINT('',(112.03432496463,8.653650671233,0.));
#1045 = CARTESIAN_POINT('',(112.0186565438,8.666768131687,0.));
#1046 = CARTESIAN_POINT('',(112.00298711944,8.679888619465,0.));
#1047 = CARTESIAN_POINT('',(111.98731668994,8.693012131477,0.));
#1048 = CARTESIAN_POINT('',(111.97164525358,8.706138664567,0.));
#1049 = CARTESIAN_POINT('',(111.95597280874,8.719268215637,0.));
#1050 = CARTESIAN_POINT('',(111.9402993538,8.732400781607,0.));
#1051 = CARTESIAN_POINT('',(111.92462488705,8.745536359315,0.));
#1052 = CARTESIAN_POINT('',(111.90894940684,8.758674945654,0.));
#1053 = CARTESIAN_POINT('',(111.89327291157,8.77181653755,0.));
#1054 = CARTESIAN_POINT('',(111.87759539953,8.784961131844,0.));
#1055 = CARTESIAN_POINT('',(111.8619168691,8.798108725442,0.));
#1056 = CARTESIAN_POINT('',(111.84623731862,8.811259315239,0.));
#1057 = CARTESIAN_POINT('',(111.83055674642,8.824412898103,0.));
#1058 = CARTESIAN_POINT('',(111.81487515087,8.837569470923,0.));
#1059 = CARTESIAN_POINT('',(111.79919253034,8.850729030613,0.));
#1060 = CARTESIAN_POINT('',(111.78350888315,8.863891574045,0.));
#1061 = CARTESIAN_POINT('',(111.76782420762,8.877057098064,0.));
#1062 = CARTESIAN_POINT('',(111.75213850216,8.890225599626,0.));
#1063 = CARTESIAN_POINT('',(111.7364517651,8.903397075597,0.));
#1064 = CARTESIAN_POINT('',(111.72076399476,8.91657152282,0.));
#1065 = CARTESIAN_POINT('',(111.70507518953,8.92974893824,0.));
#1066 = CARTESIAN_POINT('',(111.68938534776,8.942929318738,0.));
#1067 = CARTESIAN_POINT('',(111.67369446775,8.956112661151,0.));
#1068 = CARTESIAN_POINT('',(111.65800254792,8.96929896243,0.));
#1069 = CARTESIAN_POINT('',(111.64230958658,8.982488219436,0.));
#1070 = CARTESIAN_POINT('',(111.62661558208,8.995680429038,0.));
#1071 = CARTESIAN_POINT('',(111.61092053279,9.008875588162,0.));
#1072 = CARTESIAN_POINT('',(111.59522443705,9.022073693665,0.));
#1073 = CARTESIAN_POINT('',(111.57952729324,9.035274742463,0.));
#1074 = CARTESIAN_POINT('',(111.5638290997,9.048478731439,0.));
#1075 = CARTESIAN_POINT('',(111.54812985475,9.061685657436,0.));
#1076 = CARTESIAN_POINT('',(111.5324295568,9.07489551742,0.));
#1077 = CARTESIAN_POINT('',(111.51672820416,9.088108308231,0.));
#1078 = CARTESIAN_POINT('',(111.50102579519,9.101324026756,0.));
#1079 = CARTESIAN_POINT('',(111.48532232825,9.114542669898,0.));
#1080 = CARTESIAN_POINT('',(111.46961780172,9.127764234552,0.));
#1081 = CARTESIAN_POINT('',(111.45391221394,9.140988717604,0.));
#1082 = CARTESIAN_POINT('',(111.43820556326,9.15421611594,0.));
#1083 = CARTESIAN_POINT('',(111.42249784803,9.167446426439,0.));
#1084 = CARTESIAN_POINT('',(111.40678906661,9.180679646007,0.));
#1085 = CARTESIAN_POINT('',(111.39107921737,9.19391577154,0.));
#1086 = CARTESIAN_POINT('',(111.37536829864,9.207154799892,0.));
#1087 = CARTESIAN_POINT('',(111.35965630882,9.220396727999,0.));
#1088 = CARTESIAN_POINT('',(111.34394324623,9.233641552721,0.));
#1089 = CARTESIAN_POINT('',(111.32822910925,9.246889270968,0.));
#1090 = CARTESIAN_POINT('',(111.31251389622,9.260139879605,0.));
#1091 = CARTESIAN_POINT('',(111.29679760552,9.273393375544,0.));
#1092 = CARTESIAN_POINT('',(111.28108023549,9.286649755674,0.));
#1093 = CARTESIAN_POINT('',(111.2653617845,9.299909016875,0.));
#1094 = CARTESIAN_POINT('',(111.24964225091,9.313171156055,0.));
#1095 = CARTESIAN_POINT('',(111.23392163305,9.32643617007,0.));
#1096 = CARTESIAN_POINT('',(111.21819992933,9.339704055863,0.));
#1097 = CARTESIAN_POINT('',(111.20247713808,9.35297481028,0.));
#1098 = CARTESIAN_POINT('',(111.18675325767,9.366248430231,0.));
#1099 = CARTESIAN_POINT('',(111.17102828647,9.379524912622,0.));
#1100 = CARTESIAN_POINT('',(111.15530222281,9.392804254308,0.));
#1101 = CARTESIAN_POINT('',(111.13957506508,9.406086452211,0.));
#1102 = CARTESIAN_POINT('',(111.12384681163,9.419371503212,0.));
#1103 = CARTESIAN_POINT('',(111.10811746085,9.432659404216,0.));
#1104 = CARTESIAN_POINT('',(111.09238701105,9.44595015207,0.));
#1105 = CARTESIAN_POINT('',(111.07665546066,9.459243743745,0.));
#1106 = CARTESIAN_POINT('',(111.06092280797,9.472540176052,0.));
#1107 = CARTESIAN_POINT('',(111.04518905139,9.485839445925,0.));
#1108 = CARTESIAN_POINT('',(111.02945418928,9.499141550261,0.));
#1109 = CARTESIAN_POINT('',(111.01371821999,9.512446485924,0.));
#1110 = CARTESIAN_POINT('',(110.99798114192,9.525754249841,0.));
#1111 = CARTESIAN_POINT('',(110.9822429534,9.539064838885,0.));
#1112 = CARTESIAN_POINT('',(110.96650365281,9.552378249962,0.));
#1113 = CARTESIAN_POINT('',(110.95076323846,9.565694479907,0.));
#1114 = CARTESIAN_POINT('',(110.9350217088,9.579013525697,0.));
#1115 = CARTESIAN_POINT('',(110.91927906219,9.592335384209,0.));
#1116 = CARTESIAN_POINT('',(110.90353529693,9.605660052261,0.));
#1117 = CARTESIAN_POINT('',(110.88779041146,9.618987526841,0.));
#1118 = CARTESIAN_POINT('',(110.87204440411,9.632317804795,0.));
#1119 = CARTESIAN_POINT('',(110.85629727325,9.645650883012,0.));
#1120 = CARTESIAN_POINT('',(110.84054901725,9.658986758408,0.));
#1121 = CARTESIAN_POINT('',(110.82479963447,9.672325427868,0.));
#1122 = CARTESIAN_POINT('',(110.80904912328,9.685666888257,0.));
#1123 = CARTESIAN_POINT('',(110.79329748208,9.699011136529,0.));
#1124 = CARTESIAN_POINT('',(110.77754470921,9.712358169529,0.));
#1125 = CARTESIAN_POINT('',(110.76179080305,9.725707984156,0.));
#1126 = CARTESIAN_POINT('',(110.74603576199,9.739060577349,0.));
#1127 = CARTESIAN_POINT('',(110.73027958433,9.752415945926,0.));
#1128 = CARTESIAN_POINT('',(110.71452226852,9.765774086837,0.));
#1129 = CARTESIAN_POINT('',(110.69876381291,9.779134996982,0.));
#1130 = CARTESIAN_POINT('',(110.68300421585,9.792498673223,0.));
#1131 = CARTESIAN_POINT('',(110.66724347571,9.805865112452,0.));
#1132 = CARTESIAN_POINT('',(110.65148159088,9.819234311587,0.));
#1133 = CARTESIAN_POINT('',(110.63571855976,9.832606267536,0.));
#1134 = CARTESIAN_POINT('',(110.61995438067,9.845980977151,0.));
#1135 = CARTESIAN_POINT('',(110.604189052,9.859358437347,0.));
#1136 = CARTESIAN_POINT('',(110.58842257216,9.872738645046,0.));
#1137 = CARTESIAN_POINT('',(110.57265493948,9.886121597098,0.));
#1138 = CARTESIAN_POINT('',(110.55688615232,9.899507290414,0.));
#1139 = CARTESIAN_POINT('',(110.54111620911,9.9128957219,0.));
#1140 = CARTESIAN_POINT('',(110.52534510821,9.92628688846,0.));
#1141 = CARTESIAN_POINT('',(110.50957284797,9.939680786953,0.));
#1142 = CARTESIAN_POINT('',(110.49379942678,9.953077414307,0.));
#1143 = CARTESIAN_POINT('',(110.47802484303,9.966476767415,0.));
#1144 = CARTESIAN_POINT('',(110.46224909507,9.979878843155,0.));
#1145 = CARTESIAN_POINT('',(110.44647218128,9.99328363842,0.));
#1146 = CARTESIAN_POINT('',(110.43069410008,10.006691150153,0.));
#1147 = CARTESIAN_POINT('',(110.4149148498,10.020101375195,0.));
#1148 = CARTESIAN_POINT('',(110.39913442882,10.033514310454,0.));
#1149 = CARTESIAN_POINT('',(110.38335283555,10.046929952857,0.));
#1150 = CARTESIAN_POINT('',(110.36757006836,10.060348299278,0.));
#1151 = CARTESIAN_POINT('',(110.3517861256,10.073769346595,0.));
#1152 = CARTESIAN_POINT('',(110.33600100567,10.087193091737,0.));
#1153 = CARTESIAN_POINT('',(110.32021470697,10.100619531599,0.));
#1154 = CARTESIAN_POINT('',(110.30442722784,10.114048663045,0.));
#1155 = CARTESIAN_POINT('',(110.2886385667,10.127480483,0.));
#1156 = CARTESIAN_POINT('',(110.27284872192,10.140914988374,0.));
#1157 = CARTESIAN_POINT('',(110.25705769185,10.154352176023,0.));
#1158 = CARTESIAN_POINT('',(110.24126547488,10.167792042859,0.));
#1159 = CARTESIAN_POINT('',(110.22547206944,10.181234585807,0.));
#1160 = CARTESIAN_POINT('',(110.20967747389,10.194679801735,0.));
#1161 = CARTESIAN_POINT('',(110.19388168659,10.208127687561,0.));
#1162 = CARTESIAN_POINT('',(110.17808470592,10.221578240136,0.));
#1163 = CARTESIAN_POINT('',(110.1622865303,10.235031456418,0.));
#1164 = CARTESIAN_POINT('',(110.1464871581,10.248487333288,0.));
#1165 = CARTESIAN_POINT('',(110.13068658768,10.261945867601,0.));
#1166 = CARTESIAN_POINT('',(110.11488481745,10.275407056312,0.));
#1167 = CARTESIAN_POINT('',(110.0990818458,10.288870896293,0.));
#1168 = CARTESIAN_POINT('',(110.0832776711,10.302337384437,0.));
#1169 = CARTESIAN_POINT('',(110.06747229173,10.315806517645,0.));
#1170 = CARTESIAN_POINT('',(110.0516657061,10.329278292821,0.));
#1171 = CARTESIAN_POINT('',(110.0358579126,10.34275270689,0.));
#1172 = CARTESIAN_POINT('',(110.02004890956,10.356229756676,0.));
#1173 = CARTESIAN_POINT('',(110.00423869542,10.369709439132,0.));
#1174 = CARTESIAN_POINT('',(109.98842726858,10.383191751178,0.));
#1175 = CARTESIAN_POINT('',(109.97261462741,10.396676689665,0.));
#1176 = CARTESIAN_POINT('',(109.95680077026,10.41016425149,0.));
#1177 = CARTESIAN_POINT('',(109.94098569558,10.423654433598,0.));
#1178 = CARTESIAN_POINT('',(109.92516940173,10.437147232858,0.));
#1179 = CARTESIAN_POINT('',(109.90935188708,10.450642646143,0.));
#1180 = CARTESIAN_POINT('',(109.89353315006,10.464140670409,0.));
#1181 = CARTESIAN_POINT('',(109.87771318903,10.47764130251,0.));
#1182 = CARTESIAN_POINT('',(109.86189200242,10.491144539382,0.));
#1183 = CARTESIAN_POINT('',(109.84606958857,10.504650377874,0.));
#1184 = CARTESIAN_POINT('',(109.83024594591,10.518158814935,0.));
#1185 = CARTESIAN_POINT('',(109.81442107284,10.531669847462,0.));
#1186 = CARTESIAN_POINT('',(109.79859496768,10.545183472285,0.));
#1187 = CARTESIAN_POINT('',(109.78276762892,10.558699686401,0.));
#1188 = CARTESIAN_POINT('',(109.7669390549,10.572218486653,0.));
#1189 = CARTESIAN_POINT('',(109.75110924401,10.585739869942,0.));
#1190 = CARTESIAN_POINT('',(109.73527819467,10.599263833189,0.));
#1191 = CARTESIAN_POINT('',(109.71944590525,10.612790373275,0.));
#1192 = CARTESIAN_POINT('',(109.70361237416,10.626319487114,0.));
#1193 = CARTESIAN_POINT('',(109.6877775998,10.639851171595,0.));
#1194 = CARTESIAN_POINT('',(109.67194158055,10.653385423625,0.));
#1195 = CARTESIAN_POINT('',(109.65610431482,10.666922240109,0.));
#1196 = CARTESIAN_POINT('',(109.640265801,10.680461617934,0.));
#1197 = CARTESIAN_POINT('',(109.62442603747,10.694003553993,0.));
#1198 = CARTESIAN_POINT('',(109.60858502267,10.707548045232,0.));
#1199 = CARTESIAN_POINT('',(109.59274275496,10.721095088495,0.));
#1200 = CARTESIAN_POINT('',(109.57689923274,10.734644680712,0.));
#1201 = CARTESIAN_POINT('',(109.56105445444,10.748196818791,0.));
#1202 = CARTESIAN_POINT('',(109.54520841843,10.761751499611,0.));
#1203 = CARTESIAN_POINT('',(109.52936112312,10.775308720079,0.));
#1204 = CARTESIAN_POINT('',(109.51351256691,10.788868477112,0.));
#1205 = CARTESIAN_POINT('',(109.4976627482,10.802430767595,0.));
#1206 = CARTESIAN_POINT('',(109.48181166538,10.815995588426,0.));
#1207 = CARTESIAN_POINT('',(109.46595931687,10.829562936524,0.));
#1208 = CARTESIAN_POINT('',(109.45010570106,10.843132808771,0.));
#1209 = CARTESIAN_POINT('',(109.43425081636,10.856705202094,0.));
#1210 = CARTESIAN_POINT('',(109.41839466114,10.870280113344,0.));
#1211 = CARTESIAN_POINT('',(109.40253723385,10.883857539487,0.));
#1212 = CARTESIAN_POINT('',(109.38667853287,10.897437477378,0.));
#1213 = CARTESIAN_POINT('',(109.37081855662,10.911019923948,0.));
#1214 = CARTESIAN_POINT('',(109.35495730346,10.924604876066,0.));
#1215 = CARTESIAN_POINT('',(109.33909477183,10.938192330655,0.));
#1216 = CARTESIAN_POINT('',(109.32323096016,10.951782284643,0.));
#1217 = CARTESIAN_POINT('',(109.30736586679,10.965374734861,0.));
#1218 = CARTESIAN_POINT('',(109.29149949018,10.978969678284,0.));
#1219 = CARTESIAN_POINT('',(109.27563182872,10.992567111776,0.));
#1220 = CARTESIAN_POINT('',(109.2597628808,11.006167032246,0.));
#1221 = CARTESIAN_POINT('',(109.24389264484,11.019769436598,0.));
#1222 = CARTESIAN_POINT('',(109.22802111924,11.033374321716,0.));
#1223 = CARTESIAN_POINT('',(109.21214830244,11.046981684552,0.));
#1224 = CARTESIAN_POINT('',(109.1962741928,11.060591521952,0.));
#1225 = CARTESIAN_POINT('',(109.18039878876,11.074203830853,0.));
#1226 = CARTESIAN_POINT('',(109.16452208872,11.087818608142,0.));
#1227 = CARTESIAN_POINT('',(109.14864409109,11.101435850729,0.));
#1228 = CARTESIAN_POINT('',(109.13276479427,11.11505555551,0.));
#1229 = CARTESIAN_POINT('',(109.11688419671,11.128677719403,0.));
#1230 = CARTESIAN_POINT('',(109.10100229679,11.142302339309,0.));
#1231 = CARTESIAN_POINT('',(109.08511909289,11.155929412092,0.));
#1232 = CARTESIAN_POINT('',(109.06923458347,11.1695589347,0.));
#1233 = CARTESIAN_POINT('',(109.05334876695,11.18319090404,0.));
#1234 = CARTESIAN_POINT('',(109.03746164169,11.196825316972,0.));
#1235 = CARTESIAN_POINT('',(109.02157320614,11.210462170424,0.));
#1236 = CARTESIAN_POINT('',(109.00568345874,11.224101461339,0.));
#1237 = CARTESIAN_POINT('',(108.98979239782,11.237743186532,0.));
#1238 = CARTESIAN_POINT('',(108.97390002185,11.251387342962,0.));
#1239 = CARTESIAN_POINT('',(108.95800632927,11.265033927561,0.));
#1240 = CARTESIAN_POINT('',(108.94211131845,11.278682937166,0.));
#1241 = CARTESIAN_POINT('',(108.92621498782,11.292334368724,0.));
#1242 = CARTESIAN_POINT('',(108.91031733579,11.305988219123,0.));
#1243 = CARTESIAN_POINT('',(108.89441836079,11.319644485274,0.));
#1244 = CARTESIAN_POINT('',(108.87851806122,11.333303164072,0.));
#1245 = CARTESIAN_POINT('',(108.86261643552,11.346964252433,0.));
#1246 = CARTESIAN_POINT('',(108.8467134821,11.360627747267,0.));
#1247 = CARTESIAN_POINT('',(108.83080919935,11.374293645434,0.));
#1248 = CARTESIAN_POINT('',(108.81490358572,11.387961943899,0.));
#1249 = CARTESIAN_POINT('',(108.79899663961,11.401632639516,0.));
#1250 = CARTESIAN_POINT('',(108.78308835947,11.415305729216,0.));
#1251 = CARTESIAN_POINT('',(108.76717874372,11.428981209931,0.));
#1252 = CARTESIAN_POINT('',(108.75126779073,11.442659078487,0.));
#1253 = CARTESIAN_POINT('',(108.73535549895,11.456339331846,0.));
#1254 = CARTESIAN_POINT('',(108.71944186682,11.47002196692,0.));
#1255 = CARTESIAN_POINT('',(108.70352689274,11.483706980582,0.));
#1256 = CARTESIAN_POINT('',(108.68761057513,11.497394369738,0.));
#1257 = CARTESIAN_POINT('',(108.67169291242,11.511084131309,0.));
#1258 = CARTESIAN_POINT('',(108.65577390306,11.524776262217,0.));
#1259 = CARTESIAN_POINT('',(108.63985354542,11.538470759321,0.));
#1260 = CARTESIAN_POINT('',(108.62393183795,11.552167619541,0.));
#1261 = CARTESIAN_POINT('',(108.6080087791,11.56586683982,0.));
#1262 = CARTESIAN_POINT('',(108.59208436727,11.579568417025,0.));
#1263 = CARTESIAN_POINT('',(108.57615860085,11.59327234804,0.));
#1264 = CARTESIAN_POINT('',(108.56023147835,11.606978629845,0.));
#1265 = CARTESIAN_POINT('',(108.54430299813,11.62068725928,0.));
#1266 = CARTESIAN_POINT('',(108.52837315861,11.634398233251,0.));
#1267 = CARTESIAN_POINT('',(108.51244195828,11.648111548716,0.));
#1268 = CARTESIAN_POINT('',(108.49650939552,11.661827202533,0.));
#1269 = CARTESIAN_POINT('',(108.48057546877,11.675545191628,0.));
#1270 = CARTESIAN_POINT('',(108.46464017645,11.689265512887,0.));
#1271 = CARTESIAN_POINT('',(108.44870351701,11.702988163241,0.));
#1272 = CARTESIAN_POINT('',(108.43276548887,11.716713139593,0.));
#1273 = CARTESIAN_POINT('',(108.41682609044,11.730440438822,0.));
#1274 = CARTESIAN_POINT('',(108.40088532017,11.744170057854,0.));
#1275 = CARTESIAN_POINT('',(108.38494317652,11.757901993619,0.));
#1276 = CARTESIAN_POINT('',(108.36899965785,11.771636242956,0.));
#1277 = CARTESIAN_POINT('',(108.35305476266,11.785372802843,0.));
#1278 = CARTESIAN_POINT('',(108.33710848937,11.799111670163,0.));
#1279 = CARTESIAN_POINT('',(108.32116083635,11.812852841774,0.));
#1280 = CARTESIAN_POINT('',(108.30521180211,11.826596314651,0.));
#1281 = CARTESIAN_POINT('',(108.28926138507,11.840342085682,0.));
#1282 = CARTESIAN_POINT('',(108.27330958362,11.854090151746,0.));
#1283 = CARTESIAN_POINT('',(108.25735639622,11.86784050976,0.));
#1284 = CARTESIAN_POINT('',(108.24140182133,11.881593156648,0.));
#1285 = CARTESIAN_POINT('',(108.22544585738,11.895348089321,0.));
#1286 = CARTESIAN_POINT('',(108.20948850277,11.909105304651,0.));
#1287 = CARTESIAN_POINT('',(108.19352975596,11.922864799561,0.));
#1288 = CARTESIAN_POINT('',(108.17756961539,11.936626570981,0.));
#1289 = CARTESIAN_POINT('',(108.16160807949,11.950390615778,0.));
#1290 = CARTESIAN_POINT('',(108.14564514671,11.964156930896,0.));
#1291 = CARTESIAN_POINT('',(108.12968081547,11.977925513211,0.));
#1292 = CARTESIAN_POINT('',(108.11371508423,11.991696359644,0.));
#1293 = CARTESIAN_POINT('',(108.09774795143,12.005469467122,0.));
#1294 = CARTESIAN_POINT('',(108.08177941549,12.019244832517,0.));
#1295 = CARTESIAN_POINT('',(108.06580947484,12.033022452743,0.));
#1296 = CARTESIAN_POINT('',(108.04983812795,12.046802324724,0.));
#1297 = CARTESIAN_POINT('',(108.03386537326,12.060584445368,0.));
#1298 = CARTESIAN_POINT('',(108.0178912092,12.074368811547,0.));
#1299 = CARTESIAN_POINT('',(108.00191563423,12.088155420229,0.));
#1300 = CARTESIAN_POINT('',(107.98593864678,12.101944268273,0.));
#1301 = CARTESIAN_POINT('',(107.96996024526,12.115735352577,0.));
#1302 = CARTESIAN_POINT('',(107.95398042817,12.129528670098,0.));
#1303 = CARTESIAN_POINT('',(107.93799919396,12.143324217727,0.));
#1304 = CARTESIAN_POINT('',(107.92201654101,12.157121992337,0.));
#1305 = CARTESIAN_POINT('',(107.90603246781,12.170921990868,0.));
#1306 = CARTESIAN_POINT('',(107.8900469728,12.184724210225,0.));
#1307 = CARTESIAN_POINT('',(107.87406005444,12.198528647327,0.));
#1308 = CARTESIAN_POINT('',(107.85807171113,12.21233529903,0.));
#1309 = CARTESIAN_POINT('',(107.84208194137,12.226144162297,0.));
#1310 = CARTESIAN_POINT('',(107.82609074361,12.239955234052,0.));
#1311 = CARTESIAN_POINT('',(107.81009811623,12.25376851111,0.));
#1312 = CARTESIAN_POINT('',(107.79410405774,12.267583990465,0.));
#1313 = CARTESIAN_POINT('',(107.7781085666,12.281401669017,0.));
#1314 = CARTESIAN_POINT('',(107.76211164121,12.29522154363,0.));
#1315 = CARTESIAN_POINT('',(107.74611328004,12.309043611243,0.));
#1316 = CARTESIAN_POINT('',(107.73011348156,12.322867868767,0.));
#1317 = CARTESIAN_POINT('',(107.71411224419,12.336694313087,0.));
#1318 = CARTESIAN_POINT('',(107.69810956641,12.350522941142,0.));
#1319 = CARTESIAN_POINT('',(107.68210544667,12.364353749823,0.));
#1320 = CARTESIAN_POINT('',(107.66609988341,12.378186736052,0.));
#1321 = CARTESIAN_POINT('',(107.65009287506,12.392021896701,0.));
#1322 = CARTESIAN_POINT('',(107.63408442011,12.405859228706,0.));
#1323 = CARTESIAN_POINT('',(107.61807451703,12.419698728999,0.));
#1324 = CARTESIAN_POINT('',(107.60206316425,12.433540394468,0.));
#1325 = CARTESIAN_POINT('',(107.58605036019,12.44738422198,0.));
#1326 = CARTESIAN_POINT('',(107.57003610336,12.461230208496,0.));
#1327 = CARTESIAN_POINT('',(107.55402039223,12.475078350946,0.));
#1328 = CARTESIAN_POINT('',(107.53800322519,12.488928646165,0.));
#1329 = CARTESIAN_POINT('',(107.52198460072,12.502781091107,0.));
#1330 = CARTESIAN_POINT('',(107.50596451731,12.516635682675,0.));
#1331 = CARTESIAN_POINT('',(107.48994297342,12.530492417806,0.));
#1332 = CARTESIAN_POINT('',(107.47391996746,12.544351293346,0.));
#1333 = CARTESIAN_POINT('',(107.45789549792,12.558212306245,0.));
#1334 = CARTESIAN_POINT('',(107.44186956329,12.572075453449,0.));
#1335 = CARTESIAN_POINT('',(107.42584216194,12.585940731761,0.));
#1336 = CARTESIAN_POINT('',(107.40981329241,12.599808138182,0.));
#1337 = CARTESIAN_POINT('',(107.39378295319,12.61367766963,0.));
#1338 = CARTESIAN_POINT('',(107.37775114264,12.62754932293,0.));
#1339 = CARTESIAN_POINT('',(107.36171785929,12.641423095059,0.));
#1340 = CARTESIAN_POINT('',(107.34568310159,12.655298982915,0.));
#1341 = CARTESIAN_POINT('',(107.329646868,12.669176983388,0.));
#1342 = CARTESIAN_POINT('',(107.31360915698,12.683057093418,0.));
#1343 = CARTESIAN_POINT('',(107.29756996699,12.696939309865,0.));
#1344 = CARTESIAN_POINT('',(107.28152929654,12.710823629708,0.));
#1345 = CARTESIAN_POINT('',(107.26548714405,12.72471004981,0.));
#1346 = CARTESIAN_POINT('',(107.24944350798,12.738598567071,0.));
#1347 = CARTESIAN_POINT('',(107.23339838684,12.752489178459,0.));
#1348 = CARTESIAN_POINT('',(107.21735177904,12.766381880796,0.));
#1349 = CARTESIAN_POINT('',(107.20130368312,12.780276671097,0.));
#1350 = CARTESIAN_POINT('',(107.18525409748,12.794173546181,0.));
#1351 = CARTESIAN_POINT('',(107.16920302062,12.808072502996,0.));
#1352 = CARTESIAN_POINT('',(107.15315045103,12.821973538475,0.));
#1353 = CARTESIAN_POINT('',(107.13709638713,12.835876649484,0.));
#1354 = CARTESIAN_POINT('',(107.12104082743,12.849781832956,0.));
#1355 = CARTESIAN_POINT('',(107.10498377039,12.863689085805,0.));
#1356 = CARTESIAN_POINT('',(107.08892521448,12.877598404936,0.));
#1357 = CARTESIAN_POINT('',(107.07286515816,12.891509787253,0.));
#1358 = CARTESIAN_POINT('',(107.05680359991,12.905423229675,0.));
#1359 = CARTESIAN_POINT('',(107.0407405382,12.919338729098,0.));
#1360 = CARTESIAN_POINT('',(107.02467597153,12.933256282467,0.));
#1361 = CARTESIAN_POINT('',(107.00860989836,12.947175886658,0.));
#1362 = CARTESIAN_POINT('',(106.99254231715,12.9610975386,0.));
#1363 = CARTESIAN_POINT('',(106.97647322638,12.975021235192,0.));
#1364 = CARTESIAN_POINT('',(106.96040262452,12.988946973341,0.));
#1365 = CARTESIAN_POINT('',(106.94433051009,13.002874749985,0.));
#1366 = CARTESIAN_POINT('',(106.92825688154,13.016804562031,0.));
#1367 = CARTESIAN_POINT('',(106.91218173729,13.030736406342,0.));
#1368 = CARTESIAN_POINT('',(106.89610507588,13.044670279857,0.));
#1369 = CARTESIAN_POINT('',(106.88002689582,13.058606179543,0.));
#1370 = CARTESIAN_POINT('',(106.86394719552,13.072544102229,0.));
#1371 = CARTESIAN_POINT('',(106.84786597348,13.08648404485,0.));
#1372 = CARTESIAN_POINT('',(106.8317832282,13.100426004355,0.));
#1373 = CARTESIAN_POINT('',(106.81569895813,13.114369977601,0.));
#1374 = CARTESIAN_POINT('',(106.79961316176,13.128315961519,0.));
#1375 = CARTESIAN_POINT('',(106.78352583762,13.142263953053,0.));
#1376 = CARTESIAN_POINT('',(106.76743698415,13.156213949085,0.));
#1377 = CARTESIAN_POINT('',(106.7513465998,13.170165946506,0.));
#1378 = CARTESIAN_POINT('',(106.73525468309,13.184119942256,0.));
#1379 = CARTESIAN_POINT('',(106.71916123251,13.198075933251,0.));
#1380 = CARTESIAN_POINT('',(106.70306624653,13.212033916375,0.));
#1381 = CARTESIAN_POINT('',(106.68696972367,13.225993888584,0.));
#1382 = CARTESIAN_POINT('',(106.67087166237,13.239955846735,0.));
#1383 = CARTESIAN_POINT('',(106.65477206113,13.253919787783,0.));
#1384 = CARTESIAN_POINT('',(106.63867091845,13.267885708619,0.));
#1385 = CARTESIAN_POINT('',(106.62256823279,13.281853606151,0.));
#1386 = CARTESIAN_POINT('',(106.60646400266,13.295823477311,0.));
#1387 = CARTESIAN_POINT('',(106.59035822656,13.309795318999,0.));
#1388 = CARTESIAN_POINT('',(106.57425090294,13.323769128115,0.));
#1389 = CARTESIAN_POINT('',(106.55814203031,13.337744901592,0.));
#1390 = CARTESIAN_POINT('',(106.54203160717,13.351722636331,0.));
#1391 = CARTESIAN_POINT('',(106.525919632,13.365702329232,0.));
#1392 = CARTESIAN_POINT('',(106.50980610332,13.379683977258,0.));
#1393 = CARTESIAN_POINT('',(106.49369101956,13.393667577252,0.));
#1394 = CARTESIAN_POINT('',(106.47757437924,13.407653126146,0.));
#1395 = CARTESIAN_POINT('',(106.46145618091,13.42164062091,0.));
#1396 = CARTESIAN_POINT('',(106.44533642298,13.43563005838,0.));
#1397 = CARTESIAN_POINT('',(106.42921510397,13.449621435498,0.));
#1398 = CARTESIAN_POINT('',(106.41309222238,13.463614749178,0.));
#1399 = CARTESIAN_POINT('',(106.39696777672,13.477609996339,0.));
#1400 = CARTESIAN_POINT('',(106.38084176548,13.491607173896,0.));
#1401 = CARTESIAN_POINT('',(106.36471418711,13.505606278718,0.));
#1402 = CARTESIAN_POINT('',(106.34858504017,13.519607307775,0.));
#1403 = CARTESIAN_POINT('',(106.33245432314,13.533610257954,0.));
#1404 = CARTESIAN_POINT('',(106.31632203451,13.547615126171,0.));
#1405 = CARTESIAN_POINT('',(106.30018817276,13.561621909317,0.));
#1406 = CARTESIAN_POINT('',(106.28405273643,13.575630604348,0.));
#1407 = CARTESIAN_POINT('',(106.26791572398,13.589641208141,0.));
#1408 = CARTESIAN_POINT('',(106.25177713393,13.60365371762,0.));
#1409 = CARTESIAN_POINT('',(106.23563696478,13.617668129692,0.));
#1410 = CARTESIAN_POINT('',(106.21949521504,13.631684441295,0.));
#1411 = CARTESIAN_POINT('',(106.20335188319,13.645702649309,0.));
#1412 = CARTESIAN_POINT('',(106.18720696773,13.659722750653,0.));
#1413 = CARTESIAN_POINT('',(106.17106046721,13.673744742269,0.));
#1414 = CARTESIAN_POINT('',(106.15491238008,13.687768621039,0.));
#1415 = CARTESIAN_POINT('',(106.13876270485,13.701794383876,0.));
#1416 = CARTESIAN_POINT('',(106.12261144004,13.715822027704,0.));
#1417 = CARTESIAN_POINT('',(106.10645858417,13.729851549445,0.));
#1418 = CARTESIAN_POINT('',(106.09030413572,13.743882945989,0.));
#1419 = CARTESIAN_POINT('',(106.07414809324,13.757916214282,0.));
#1420 = CARTESIAN_POINT('',(106.05799045518,13.771951351209,0.));
#1421 = CARTESIAN_POINT('',(106.04183122006,13.785988353685,0.));
#1422 = CARTESIAN_POINT('',(106.02567038638,13.800027218613,0.));
#1423 = CARTESIAN_POINT('',(106.00950795269,13.814067942935,0.));
#1424 = CARTESIAN_POINT('',(105.99334391752,13.828110523592,0.));
#1425 = CARTESIAN_POINT('',(105.97717827928,13.842154957408,0.));
#1426 = CARTESIAN_POINT('',(105.96101103653,13.856201241335,0.));
#1427 = CARTESIAN_POINT('',(105.94484218785,13.870249372359,0.));
#1428 = CARTESIAN_POINT('',(105.92867173165,13.884299347289,0.));
#1429 = CARTESIAN_POINT('',(105.91249966647,13.89835116306,0.));
#1430 = CARTESIAN_POINT('',(105.89632599089,13.912404816679,0.));
#1431 = CARTESIAN_POINT('',(105.8801507033,13.926460304918,0.));
#1432 = CARTESIAN_POINT('',(105.8639738023,13.940517624764,0.));
#1433 = CARTESIAN_POINT('',(105.84779528644,13.954576773199,0.));
#1434 = CARTESIAN_POINT('',(105.83161515411,13.96863774697,0.));
#1435 = CARTESIAN_POINT('',(105.81543340394,13.982700543134,0.));
#1436 = CARTESIAN_POINT('',(105.79925003443,13.996765158582,0.));
#1437 = CARTESIAN_POINT('',(105.78306504402,14.010831590136,0.));
#1438 = CARTESIAN_POINT('',(105.7668784313,14.024899834818,0.));
#1439 = CARTESIAN_POINT('',(105.75069019478,14.038969889496,0.));
#1440 = CARTESIAN_POINT('',(105.73450033295,14.053041751085,0.));
#1441 = CARTESIAN_POINT('',(105.71830884433,14.067115416474,0.));
#1442 = CARTESIAN_POINT('',(105.7021157275,14.081190882659,0.));
#1443 = CARTESIAN_POINT('',(105.68592098091,14.095268146456,0.));
#1444 = CARTESIAN_POINT('',(105.6697246031,14.10934720482,0.));
#1445 = CARTESIAN_POINT('',(105.65352659264,14.123428054714,0.));
#1446 = CARTESIAN_POINT('',(105.63732694796,14.137510692955,0.));
#1447 = CARTESIAN_POINT('',(105.62112566764,14.15159511652,0.));
#1448 = CARTESIAN_POINT('',(105.60492275022,14.165681322318,0.));
#1449 = CARTESIAN_POINT('',(105.58871819421,14.17976930727,0.));
#1450 = CARTESIAN_POINT('',(105.5725119981,14.193859068248,0.));
#1451 = CARTESIAN_POINT('',(105.55630416046,14.207950602205,0.));
#1452 = CARTESIAN_POINT('',(105.54009467981,14.222043906059,0.));
#1453 = CARTESIAN_POINT('',(105.52388355465,14.236138976706,0.));
#1454 = CARTESIAN_POINT('',(105.5076707835,14.250235811038,0.));
#1455 = CARTESIAN_POINT('',(105.49145636492,14.26433440601,0.));
#1456 = CARTESIAN_POINT('',(105.47524029746,14.278434758553,0.));
#1457 = CARTESIAN_POINT('',(105.45902257959,14.292536865513,0.));
#1458 = CARTESIAN_POINT('',(105.44280320987,14.30664072385,0.));
#1459 = CARTESIAN_POINT('',(105.42658218683,14.320746330489,0.));
#1460 = CARTESIAN_POINT('',(105.41035950899,14.334853682306,0.));
#1461 = CARTESIAN_POINT('',(105.39413517489,14.348962776235,0.));
#1462 = CARTESIAN_POINT('',(105.37790918309,14.363073609228,0.));
#1463 = CARTESIAN_POINT('',(105.36168153205,14.377186178112,0.));
#1464 = CARTESIAN_POINT('',(105.34545222037,14.391300479879,0.));
#1465 = CARTESIAN_POINT('',(105.32922124657,14.405416511438,0.));
#1466 = CARTESIAN_POINT('',(105.31298860914,14.419534269635,0.));
#1467 = CARTESIAN_POINT('',(105.29675430669,14.433653751483,0.));
#1468 = CARTESIAN_POINT('',(105.2805183377,14.447774953817,0.));
#1469 = CARTESIAN_POINT('',(105.26428070073,14.461897873594,0.));
#1470 = CARTESIAN_POINT('',(105.2480413943,14.476022507719,0.));
#1471 = CARTESIAN_POINT('',(105.23180041695,14.49014885309,0.));
#1472 = CARTESIAN_POINT('',(105.21555776723,14.504276906658,0.));
#1473 = CARTESIAN_POINT('',(105.19931344366,14.518406665292,0.));
#1474 = CARTESIAN_POINT('',(105.18306744482,14.532538125961,0.));
#1475 = CARTESIAN_POINT('',(105.16681976921,14.54667128553,0.));
#1476 = CARTESIAN_POINT('',(105.15057041539,14.56080614094,0.));
#1477 = CARTESIAN_POINT('',(105.1343193819,14.574942689122,0.));
#1478 = CARTESIAN_POINT('',(105.11806666724,14.589080926926,0.));
#1479 = CARTESIAN_POINT('',(105.10181227003,14.603220851346,0.));
#1480 = CARTESIAN_POINT('',(105.08555618878,14.617362459275,0.));
#1481 = CARTESIAN_POINT('',(105.06929842199,14.631505747584,0.));
#1482 = CARTESIAN_POINT('',(105.05303896823,14.645650713211,0.));
#1483 = CARTESIAN_POINT('',(105.03677782611,14.659797353125,0.));
#1484 = CARTESIAN_POINT('',(105.0205149941,14.673945664175,0.));
#1485 = CARTESIAN_POINT('',(105.00425047075,14.688095643292,0.));
#1486 = CARTESIAN_POINT('',(104.98798425462,14.702247287391,0.));
#1487 = CARTESIAN_POINT('',(104.9717163443,14.716400593423,0.));
#1488 = CARTESIAN_POINT('',(104.95544673829,14.730555558262,0.));
#1489 = CARTESIAN_POINT('',(104.93917543513,14.744712178825,0.));
#1490 = CARTESIAN_POINT('',(104.92290243339,14.758870452051,0.));
#1491 = CARTESIAN_POINT('',(104.90662773161,14.773030374828,0.));
#1492 = CARTESIAN_POINT('',(104.89035132837,14.787191944102,0.));
#1493 = CARTESIAN_POINT('',(104.8740732222,14.801355156766,0.));
#1494 = CARTESIAN_POINT('',(104.85779341166,14.815520009758,0.));
#1495 = CARTESIAN_POINT('',(104.84151189527,14.829686499959,0.));
#1496 = CARTESIAN_POINT('',(104.8252286716,14.843854624295,0.));
#1497 = CARTESIAN_POINT('',(104.80894373924,14.858024379722,0.));
#1498 = CARTESIAN_POINT('',(104.79265709671,14.872195763115,0.));
#1499 = CARTESIAN_POINT('',(104.77636874255,14.886368771373,0.));
#1500 = CARTESIAN_POINT('',(104.76007867536,14.900543401468,0.));
#1501 = CARTESIAN_POINT('',(104.74378689369,14.914719650299,0.));
#1502 = CARTESIAN_POINT('',(104.72749339603,14.928897514713,0.));
#1503 = CARTESIAN_POINT('',(104.71119818103,14.943076991727,0.));
#1504 = CARTESIAN_POINT('',(104.69490124722,14.957258078216,0.));
#1505 = CARTESIAN_POINT('',(104.6786025931,14.971440771059,0.));
#1506 = CARTESIAN_POINT('',(104.6623022173,14.985625067225,0.));
#1507 = CARTESIAN_POINT('',(104.64600011835,14.999810963601,0.));
#1508 = CARTESIAN_POINT('',(104.62969629483,15.013998457122,0.));
#1509 = CARTESIAN_POINT('',(104.61339074528,15.028187544691,0.));
#1510 = CARTESIAN_POINT('',(104.59708346826,15.04237822322,0.));
#1511 = CARTESIAN_POINT('',(104.58077446234,15.056570489623,0.));
#1512 = CARTESIAN_POINT('',(104.5644637261,15.070764340854,0.));
#1513 = CARTESIAN_POINT('',(104.54815125807,15.084959773766,0.));
#1514 = CARTESIAN_POINT('',(104.53183705686,15.099156785325,0.));
#1515 = CARTESIAN_POINT('',(104.51552112101,15.113355372441,0.));
#1516 = CARTESIAN_POINT('',(104.49920344908,15.127555532004,0.));
#1517 = CARTESIAN_POINT('',(104.48288403964,15.141757260955,0.));
#1518 = CARTESIAN_POINT('',(104.46656289126,15.155960556194,0.));
#1519 = CARTESIAN_POINT('',(104.45024000252,15.170165414661,0.));
#1520 = CARTESIAN_POINT('',(104.43391537196,15.184371833234,0.));
#1521 = CARTESIAN_POINT('',(104.41758899819,15.198579808869,0.));
#1522 = CARTESIAN_POINT('',(104.40126087975,15.21278933846,0.));
#1523 = CARTESIAN_POINT('',(104.38493101522,15.227000418934,0.));
#1524 = CARTESIAN_POINT('',(104.36859940315,15.241213047191,0.));
#1525 = CARTESIAN_POINT('',(104.35226604214,15.255427220156,0.));
#1526 = CARTESIAN_POINT('',(104.33593093078,15.269642934777,0.));
#1527 = CARTESIAN_POINT('',(104.31959406758,15.283860187899,0.));
#1528 = CARTESIAN_POINT('',(104.30325545117,15.298078976516,0.));
#1529 = CARTESIAN_POINT('',(104.28691508009,15.312299297489,0.));
#1530 = CARTESIAN_POINT('',(104.27057295293,15.326521147753,0.));
#1531 = CARTESIAN_POINT('',(104.25422906829,15.340744524236,0.));
#1532 = CARTESIAN_POINT('',(104.23788342474,15.354969423865,0.));
#1533 = CARTESIAN_POINT('',(104.22153602079,15.369195843503,0.));
#1534 = CARTESIAN_POINT('',(104.20518685507,15.383423780094,0.));
#1535 = CARTESIAN_POINT('',(104.1888359262,15.397653230604,0.));
#1536 = CARTESIAN_POINT('',(104.17248323268,15.411884191872,0.));
#1537 = CARTESIAN_POINT('',(104.15612877314,15.42611666085,0.));
#1538 = CARTESIAN_POINT('',(104.13977254616,15.44035063448,0.));
#1539 = CARTESIAN_POINT('',(104.12341455031,15.454586109649,0.));
#1540 = CARTESIAN_POINT('',(104.10705478412,15.468823083235,0.));
#1541 = CARTESIAN_POINT('',(104.09069324626,15.483061552237,0.));
#1542 = CARTESIAN_POINT('',(104.0743299353,15.497301513545,0.));
#1543 = CARTESIAN_POINT('',(104.05796484976,15.511542964023,0.));
#1544 = CARTESIAN_POINT('',(104.04159798827,15.525785900651,0.));
#1545 = CARTESIAN_POINT('',(104.02522934942,15.540030320319,0.));
#1546 = CARTESIAN_POINT('',(104.00885893179,15.554276219953,0.));
#1547 = CARTESIAN_POINT('',(103.99248673396,15.568523596467,0.));
#1548 = CARTESIAN_POINT('',(103.97611275449,15.582772446758,0.));
#1549 = CARTESIAN_POINT('',(103.95973699202,15.597022767776,0.));
#1550 = CARTESIAN_POINT('',(103.94335944511,15.611274556422,0.));
#1551 = CARTESIAN_POINT('',(103.92698011235,15.625527809597,0.));
#1552 = CARTESIAN_POINT('',(103.91059899238,15.639782524275,0.));
#1553 = CARTESIAN_POINT('',(103.89421608371,15.654038697307,0.));
#1554 = CARTESIAN_POINT('',(103.87783138494,15.668296325614,0.));
#1555 = CARTESIAN_POINT('',(103.86144489474,15.682555406193,0.));
#1556 = CARTESIAN_POINT('',(103.8450566116,15.696815935836,0.));
#1557 = CARTESIAN_POINT('',(103.8286665342,15.711077911571,0.));
#1558 = CARTESIAN_POINT('',(103.81227466112,15.725341330284,0.));
#1559 = CARTESIAN_POINT('',(103.79588099089,15.739606188837,0.));
#1560 = CARTESIAN_POINT('',(103.77948552217,15.753872484226,0.));
#1561 = CARTESIAN_POINT('',(103.76308825353,15.76814021331,0.));
#1562 = CARTESIAN_POINT('',(103.74668918357,15.782409373041,0.));
#1563 = CARTESIAN_POINT('',(103.7302883109,15.796679960326,0.));
#1564 = CARTESIAN_POINT('',(103.71388563411,15.810951972083,0.));
#1565 = CARTESIAN_POINT('',(103.69748115176,15.8252254052,0.));
#1566 = CARTESIAN_POINT('',(103.68107486253,15.83950025665,0.));
#1567 = CARTESIAN_POINT('',(103.66466676498,15.853776523338,0.));
#1568 = CARTESIAN_POINT('',(103.64825685767,15.868054202112,0.));
#1569 = CARTESIAN_POINT('',(103.63184513925,15.882333289974,0.));
#1570 = CARTESIAN_POINT('',(103.61543160834,15.896613783828,0.));
#1571 = CARTESIAN_POINT('',(103.59901626348,15.910895680544,0.));
#1572 = CARTESIAN_POINT('',(103.5825991033,15.925178977069,0.));
#1573 = CARTESIAN_POINT('',(103.56618012644,15.93946367033,0.));
#1574 = CARTESIAN_POINT('',(103.54975933149,15.953749757249,0.));
#1575 = CARTESIAN_POINT('',(103.53333671702,15.968037234712,0.));
#1576 = CARTESIAN_POINT('',(103.51691228167,15.982326099665,0.));
#1577 = CARTESIAN_POINT('',(103.50048602401,15.996616348993,0.));
#1578 = CARTESIAN_POINT('',(103.48405794269,16.010907979658,0.));
#1579 = CARTESIAN_POINT('',(103.46762803631,16.025200988551,0.));
#1580 = CARTESIAN_POINT('',(103.45119630346,16.039495372582,0.));
#1581 = CARTESIAN_POINT('',(103.43476274279,16.053791128702,0.));
#1582 = CARTESIAN_POINT('',(103.41832735286,16.068088253791,0.));
#1583 = CARTESIAN_POINT('',(103.4018901323,16.08238674478,0.));
#1584 = CARTESIAN_POINT('',(103.38545107974,16.096686598606,0.));
#1585 = CARTESIAN_POINT('',(103.36901019376,16.110987812157,0.));
#1586 = CARTESIAN_POINT('',(103.35256747299,16.125290382353,0.));
#1587 = CARTESIAN_POINT('',(103.33612291608,16.139594306162,0.));
#1588 = CARTESIAN_POINT('',(103.31967652157,16.153899580426,0.));
#1589 = CARTESIAN_POINT('',(103.30322828812,16.168206202094,0.));
#1590 = CARTESIAN_POINT('',(103.28677821439,16.182514168136,0.));
#1591 = CARTESIAN_POINT('',(103.27032629892,16.19682347539,0.));
#1592 = CARTESIAN_POINT('',(103.25387254033,16.211134120798,0.));
#1593 = CARTESIAN_POINT('',(103.23741693729,16.225446101303,0.));
#1594 = CARTESIAN_POINT('',(103.22095948841,16.239759413814,0.));
#1595 = CARTESIAN_POINT('',(103.20450019228,16.25407405523,0.));
#1596 = CARTESIAN_POINT('',(103.18803904753,16.268390022481,0.));
#1597 = CARTESIAN_POINT('',(103.17157605278,16.282707312487,0.));
#1598 = CARTESIAN_POINT('',(103.15511120667,16.297025922166,0.));
#1599 = CARTESIAN_POINT('',(103.13864450781,16.311345848437,0.));
#1600 = CARTESIAN_POINT('',(103.12217595481,16.325667088193,0.));
#1601 = CARTESIAN_POINT('',(103.10570554634,16.33998963841,0.));
#1602 = CARTESIAN_POINT('',(103.08923328098,16.354313495956,0.));
#1603 = CARTESIAN_POINT('',(103.07275915734,16.368638657743,0.));
#1604 = CARTESIAN_POINT('',(103.05628317409,16.382965120724,0.));
#1605 = CARTESIAN_POINT('',(103.03980532986,16.397292881817,0.));
#1606 = CARTESIAN_POINT('',(103.02332562324,16.41162193791,0.));
#1607 = CARTESIAN_POINT('',(103.00684405287,16.425952285926,0.));
#1608 = CARTESIAN_POINT('',(102.9903606174,16.440283922827,0.));
#1609 = CARTESIAN_POINT('',(102.97387531542,16.454616845451,0.));
#1610 = CARTESIAN_POINT('',(102.95738814561,16.468951050804,0.));
#1611 = CARTESIAN_POINT('',(102.94089910658,16.483286535749,0.));
#1612 = CARTESIAN_POINT('',(102.92440819696,16.497623297223,0.));
#1613 = CARTESIAN_POINT('',(102.90791541537,16.511961332138,0.));
#1614 = CARTESIAN_POINT('',(102.89142076044,16.526300637392,0.));
#1615 = CARTESIAN_POINT('',(102.87492423086,16.54064120997,0.));
#1616 = CARTESIAN_POINT('',(102.85842582521,16.554983046725,0.));
#1617 = CARTESIAN_POINT('',(102.8419255421,16.569326144566,0.));
#1618 = CARTESIAN_POINT('',(102.82542338025,16.583670500489,0.));
#1619 = CARTESIAN_POINT('',(102.80891933825,16.598016111354,0.));
#1620 = CARTESIAN_POINT('',(102.79241341471,16.612362974059,0.));
#1621 = CARTESIAN_POINT('',(102.77590560832,16.626711085589,0.));
#1622 = CARTESIAN_POINT('',(102.7593959177,16.641060442818,0.));
#1623 = CARTESIAN_POINT('',(102.74288434148,16.655411042665,0.));
#1624 = CARTESIAN_POINT('',(102.72637087831,16.669762882066,0.));
#1625 = CARTESIAN_POINT('',(102.70985552682,16.684115957918,0.));
#1626 = CARTESIAN_POINT('',(102.69333828568,16.698470267177,0.));
#1627 = CARTESIAN_POINT('',(102.67681915349,16.712825806705,0.));
#1628 = CARTESIAN_POINT('',(102.66029812893,16.72718257347,0.));
#1629 = CARTESIAN_POINT('',(102.64377521064,16.741540564377,0.));
#1630 = CARTESIAN_POINT('',(102.62725039725,16.755899776336,0.));
#1631 = CARTESIAN_POINT('',(102.61072368739,16.770260206248,0.));
#1632 = CARTESIAN_POINT('',(102.59419507977,16.784621851088,0.));
#1633 = CARTESIAN_POINT('',(102.57766457299,16.79898470774,0.));
#1634 = CARTESIAN_POINT('',(102.56113216566,16.813348773075,0.));
#1635 = CARTESIAN_POINT('',(102.54459785651,16.827714044104,0.));
#1636 = CARTESIAN_POINT('',(102.52806164415,16.842080517695,0.));
#1637 = CARTESIAN_POINT('',(102.51152352722,16.856448190759,0.));
#1638 = CARTESIAN_POINT('',(102.4949835044,16.870817060241,0.));
#1639 = CARTESIAN_POINT('',(102.4784415743,16.88518712303,0.));
#1640 = CARTESIAN_POINT('',(102.46189773562,16.899558376083,0.));
#1641 = CARTESIAN_POINT('',(102.44535198698,16.913930816285,0.));
#1642 = CARTESIAN_POINT('',(102.42880432705,16.928304440571,0.));
#1643 = CARTESIAN_POINT('',(102.41225475446,16.942679245844,0.));
#1644 = CARTESIAN_POINT('',(102.3957032679,16.95705522905,0.));
#1645 = CARTESIAN_POINT('',(102.379149866,16.971432387085,0.));
#1646 = CARTESIAN_POINT('',(102.36259454743,16.985810716873,0.));
#1647 = CARTESIAN_POINT('',(102.34603731085,17.000190215346,0.));
#1648 = CARTESIAN_POINT('',(102.3294781549,17.0145708794,0.));
#1649 = CARTESIAN_POINT('',(102.31291707826,17.028952705971,0.));
#1650 = CARTESIAN_POINT('',(102.29635407958,17.04333569197,0.));
#1651 = CARTESIAN_POINT('',(102.27978915752,17.057719834332,0.));
#1652 = CARTESIAN_POINT('',(102.26322231071,17.072105129923,0.));
#1653 = CARTESIAN_POINT('',(102.2466535379,17.086491575749,0.));
#1654 = CARTESIAN_POINT('',(102.23008283767,17.100879168658,0.));
#1655 = CARTESIAN_POINT('',(102.21351020871,17.115267905592,0.));
#1656 = CARTESIAN_POINT('',(102.19693564968,17.129657783469,0.));
#1657 = CARTESIAN_POINT('',(102.18035915927,17.144048799223,0.));
#1658 = CARTESIAN_POINT('',(102.16378073611,17.158440949747,0.));
#1659 = CARTESIAN_POINT('',(102.14720037887,17.172834231955,0.));
#1660 = CARTESIAN_POINT('',(102.13061808626,17.187228642825,0.));
#1661 = CARTESIAN_POINT('',(102.11403385689,17.201624179196,0.));
#1662 = CARTESIAN_POINT('',(102.09744768948,17.216020838051,0.));
#1663 = CARTESIAN_POINT('',(102.08085958266,17.230418616267,0.));
#1664 = CARTESIAN_POINT('',(102.06426953511,17.244817510783,0.));
#1665 = CARTESIAN_POINT('',(102.04767754551,17.259217518508,0.));
#1666 = CARTESIAN_POINT('',(102.03108361255,17.273618636383,0.));
#1667 = CARTESIAN_POINT('',(102.01448773487,17.288020861311,0.));
#1668 = CARTESIAN_POINT('',(101.99788991113,17.302424190181,0.));
#1669 = CARTESIAN_POINT('',(101.98129014006,17.316828619985,0.));
#1670 = CARTESIAN_POINT('',(101.96468842029,17.331234147571,0.));
#1671 = CARTESIAN_POINT('',(101.94808475052,17.345640769902,0.));
#1672 = CARTESIAN_POINT('',(101.9314791294,17.360048483881,0.));
#1673 = CARTESIAN_POINT('',(101.91487155561,17.374457286405,0.));
#1674 = CARTESIAN_POINT('',(101.89826202788,17.388867174451,0.));
#1675 = CARTESIAN_POINT('',(101.88165054483,17.403278144892,0.));
#1676 = CARTESIAN_POINT('',(101.86503710514,17.417690194643,0.));
#1677 = CARTESIAN_POINT('',(101.84842170753,17.432103320656,0.));
#1678 = CARTESIAN_POINT('',(101.83180435067,17.446517519846,0.));
#1679 = CARTESIAN_POINT('',(101.81518503319,17.460932789073,0.));
#1680 = CARTESIAN_POINT('',(101.79856375386,17.475349125363,0.));
#1681 = CARTESIAN_POINT('',(101.78194051129,17.489766525536,0.));
#1682 = CARTESIAN_POINT('',(101.76531530419,17.504184986557,0.));
#1683 = CARTESIAN_POINT('',(101.74868813126,17.518604505354,0.));
#1684 = CARTESIAN_POINT('',(101.73205899115,17.533025078805,0.));
#1685 = CARTESIAN_POINT('',(101.71542788259,17.547446703885,0.));
#1686 = CARTESIAN_POINT('',(101.69879480424,17.561869377468,0.));
#1687 = CARTESIAN_POINT('',(101.68215975479,17.576293096498,0.));
#1688 = CARTESIAN_POINT('',(101.66552273292,17.590717857876,0.));
#1689 = CARTESIAN_POINT('',(101.64888373734,17.605143658541,0.));
#1690 = CARTESIAN_POINT('',(101.63224276671,17.61957049538,0.));
#1691 = CARTESIAN_POINT('',(101.61559981978,17.633998365368,0.));
#1692 = CARTESIAN_POINT('',(101.59895489521,17.6484272654,0.));
#1693 = CARTESIAN_POINT('',(101.58230799163,17.662857192335,0.));
#1694 = CARTESIAN_POINT('',(101.56565910781,17.677288143171,0.));
#1695 = CARTESIAN_POINT('',(101.54900824246,17.69172011483,0.));
#1696 = CARTESIAN_POINT('',(101.5323553942,17.706153104174,0.));
#1697 = CARTESIAN_POINT('',(101.51570056175,17.720587108124,0.));
#1698 = CARTESIAN_POINT('',(101.49904374388,17.735022123697,0.));
#1699 = CARTESIAN_POINT('',(101.48238493919,17.749458147697,0.));
#1700 = CARTESIAN_POINT('',(101.46572414639,17.763895177078,0.));
#1701 = CARTESIAN_POINT('',(101.44906136424,17.778333208806,0.));
#1702 = CARTESIAN_POINT('',(101.43239659137,17.792772239726,0.));
#1703 = CARTESIAN_POINT('',(101.41572982655,17.80721226684,0.));
#1704 = CARTESIAN_POINT('',(101.39906106842,17.82165328698,0.));
#1705 = CARTESIAN_POINT('',(101.38239031574,17.836095297151,0.));
#1706 = CARTESIAN_POINT('',(101.36571756716,17.850538294221,0.));
#1707 = CARTESIAN_POINT('',(101.34904282136,17.864982275076,0.));
#1708 = CARTESIAN_POINT('',(101.33236607715,17.879427236739,0.));
#1709 = CARTESIAN_POINT('',(101.31568733316,17.893873176058,0.));
#1710 = CARTESIAN_POINT('',(101.29900658808,17.908320089946,0.));
#1711 = CARTESIAN_POINT('',(101.28232384064,17.922767975331,0.));
#1712 = CARTESIAN_POINT('',(101.2656390896,17.937216829196,0.));
#1713 = CARTESIAN_POINT('',(101.24895233358,17.951666648363,0.));
#1714 = CARTESIAN_POINT('',(101.23226357133,17.966117429798,0.));
#1715 = CARTESIAN_POINT('',(101.21557280159,17.980569170457,0.));
#1716 = CARTESIAN_POINT('',(101.198880023,17.995021867178,0.));
#1717 = CARTESIAN_POINT('',(101.18218523433,18.00947551695,0.));
#1718 = CARTESIAN_POINT('',(101.16548843427,18.02393011667,0.));
#1719 = CARTESIAN_POINT('',(101.14878962153,18.038385663241,0.));
#1720 = CARTESIAN_POINT('',(101.13208879483,18.052842153614,0.));
#1721 = CARTESIAN_POINT('',(101.11538595287,18.067299584666,0.));
#1722 = CARTESIAN_POINT('',(101.09868109442,18.081757953386,0.));
#1723 = CARTESIAN_POINT('',(101.08197421813,18.096217256618,0.));
#1724 = CARTESIAN_POINT('',(101.06526532275,18.110677491335,0.));
#1725 = CARTESIAN_POINT('',(101.04855440697,18.125138654419,0.));
#1726 = CARTESIAN_POINT('',(101.03184146954,18.139600742817,0.));
#1727 = CARTESIAN_POINT('',(101.01512650917,18.154063753443,0.));
#1728 = CARTESIAN_POINT('',(100.99840952457,18.168527683204,0.));
#1729 = CARTESIAN_POINT('',(100.98169051448,18.182992529045,0.));
#1730 = CARTESIAN_POINT('',(100.9649694776,18.197458287858,0.));
#1731 = CARTESIAN_POINT('',(100.94824641267,18.211924956581,0.));
#1732 = CARTESIAN_POINT('',(100.9315213184,18.226392532125,0.));
#1733 = CARTESIAN_POINT('',(100.91479419352,18.240861011416,0.));
#1734 = CARTESIAN_POINT('',(100.89806503677,18.255330391383,0.));
#1735 = CARTESIAN_POINT('',(100.88133384683,18.269800668906,0.));
#1736 = CARTESIAN_POINT('',(100.86460062248,18.28427184095,0.));
#1737 = CARTESIAN_POINT('',(100.84786536245,18.298743904457,0.));
#1738 = CARTESIAN_POINT('',(100.83112806538,18.313216856224,0.));
#1739 = CARTESIAN_POINT('',(100.81438873011,18.327690693329,0.));
#1740 = CARTESIAN_POINT('',(100.7976473553,18.342165412593,0.));
#1741 = CARTESIAN_POINT('',(100.78090393969,18.356641010943,0.));
#1742 = CARTESIAN_POINT('',(100.76415848205,18.371117485351,0.));
#1743 = CARTESIAN_POINT('',(100.74741098108,18.385594832686,0.));
#1744 = CARTESIAN_POINT('',(100.73066143552,18.400073049905,0.));
#1745 = CARTESIAN_POINT('',(100.71390984407,18.414552133868,0.));
#1746 = CARTESIAN_POINT('',(100.69715620553,18.429032081565,0.));
#1747 = CARTESIAN_POINT('',(100.68040051863,18.443512889923,0.));
#1748 = CARTESIAN_POINT('',(100.66364278201,18.457994555748,0.));
#1749 = CARTESIAN_POINT('',(100.6468829945,18.472477076075,0.));
#1750 = CARTESIAN_POINT('',(100.63012115487,18.486960447834,0.));
#1751 = CARTESIAN_POINT('',(100.61335726174,18.501444667844,0.));
#1752 = CARTESIAN_POINT('',(100.5965913139,18.515929733066,0.));
#1753 = CARTESIAN_POINT('',(100.57982331016,18.530415640492,0.));
#1754 = CARTESIAN_POINT('',(100.56305324918,18.544902386961,0.));
#1755 = CARTESIAN_POINT('',(100.54628112971,18.559389969402,0.));
#1756 = CARTESIAN_POINT('',(100.52950695051,18.57387838476,0.));
#1757 = CARTESIAN_POINT('',(100.51273071032,18.58836762995,0.));
#1758 = CARTESIAN_POINT('',(100.49595240788,18.602857701873,0.));
#1759 = CARTESIAN_POINT('',(100.47917204197,18.61734859749,0.));
#1760 = CARTESIAN_POINT('',(100.46238961129,18.631840313681,0.));
#1761 = CARTESIAN_POINT('',(100.4456051146,18.646332847371,0.));
#1762 = CARTESIAN_POINT('',(100.42881855067,18.660826195519,0.));
#1763 = CARTESIAN_POINT('',(100.4120299182,18.675320354972,0.));
#1764 = CARTESIAN_POINT('',(100.395239216,18.689815322745,0.));
#1765 = CARTESIAN_POINT('',(100.37844644278,18.704311095683,0.));
#1766 = CARTESIAN_POINT('',(100.36165159728,18.718807670713,0.));
#1767 = CARTESIAN_POINT('',(100.34485467832,18.733305044816,0.));
#1768 = CARTESIAN_POINT('',(100.32805568458,18.747803214854,0.));
#1769 = CARTESIAN_POINT('',(100.3112546148,18.762302177731,0.));
#1770 = CARTESIAN_POINT('',(100.29445146781,18.776801930435,0.));
#1771 = CARTESIAN_POINT('',(100.27764624234,18.79130246986,0.));
#1772 = CARTESIAN_POINT('',(100.26083893711,18.805803792882,0.));
#1773 = CARTESIAN_POINT('',(100.24402955093,18.820305896503,0.));
#1774 = CARTESIAN_POINT('',(100.2272180825,18.834808777552,0.));
#1775 = CARTESIAN_POINT('',(100.21040453062,18.849312433029,0.));
#1776 = CARTESIAN_POINT('',(100.19358889403,18.863816859806,0.));
#1777 = CARTESIAN_POINT('',(100.17677117149,18.878322054803,0.));
#1778 = CARTESIAN_POINT('',(100.15995136181,18.892828015001,0.));
#1779 = CARTESIAN_POINT('',(100.14312946368,18.90733473725,0.));
#1780 = CARTESIAN_POINT('',(100.12630547586,18.921842218474,0.));
#1781 = CARTESIAN_POINT('',(100.10947939717,18.936350455633,0.));
#1782 = CARTESIAN_POINT('',(100.09265122639,18.950859445665,0.));
#1783 = CARTESIAN_POINT('',(100.07582096219,18.9653691854,0.));
#1784 = CARTESIAN_POINT('',(100.05898860341,18.979879671841,0.));
#1785 = CARTESIAN_POINT('',(100.04215414881,18.994390901894,0.));
#1786 = CARTESIAN_POINT('',(100.02531759712,19.008902872439,0.));
#1787 = CARTESIAN_POINT('',(100.00847894715,19.023415580443,0.));
#1788 = CARTESIAN_POINT('',(99.991638197664,19.037929022803,0.));
#1789 = CARTESIAN_POINT('',(99.974795347427,19.052443196464,0.));
#1790 = CARTESIAN_POINT('',(99.957950395176,19.066958098301,0.));
#1791 = CARTESIAN_POINT('',(99.941103339713,19.081473725266,0.));
#1792 = CARTESIAN_POINT('',(99.924254179829,19.095990074293,0.));
#1793 = CARTESIAN_POINT('',(99.90740291427,19.110507142277,0.));
#1794 = CARTESIAN_POINT('',(99.890549541809,19.125024926135,0.));
#1795 = CARTESIAN_POINT('',(99.873694061244,19.139543422812,0.));
#1796 = CARTESIAN_POINT('',(99.856836471347,19.154062629233,0.));
#1797 = CARTESIAN_POINT('',(99.839976770845,19.168582542256,0.));
#1798 = CARTESIAN_POINT('',(99.823114958586,19.183103158883,0.));
#1799 = CARTESIAN_POINT('',(99.806251033326,19.197624476004,0.));
#1800 = CARTESIAN_POINT('',(99.789384993814,19.212146490514,0.));
#1801 = CARTESIAN_POINT('',(99.772516838852,19.226669199354,0.));
#1802 = CARTESIAN_POINT('',(99.755646567244,19.241192599467,0.));
#1803 = CARTESIAN_POINT('',(99.738774177744,19.255716687744,0.));
#1804 = CARTESIAN_POINT('',(99.721899669128,19.270241461092,0.));
#1805 = CARTESIAN_POINT('',(99.705023040237,19.284766916507,0.));
#1806 = CARTESIAN_POINT('',(99.688144289774,19.299293050819,0.));
#1807 = CARTESIAN_POINT('',(99.67126341654,19.313819860968,0.));
#1808 = CARTESIAN_POINT('',(99.654380419385,19.328347343933,0.));
#1809 = CARTESIAN_POINT('',(99.637495297061,19.342875496595,0.));
#1810 = CARTESIAN_POINT('',(99.620608048328,19.357404315851,0.));
#1811 = CARTESIAN_POINT('',(99.60371867201,19.371933798668,0.));
#1812 = CARTESIAN_POINT('',(99.586827166874,19.386463941941,0.));
#1813 = CARTESIAN_POINT('',(99.569933531699,19.400994742571,0.));
#1814 = CARTESIAN_POINT('',(99.553037765327,19.415526197541,0.));
#1815 = CARTESIAN_POINT('',(99.536139866502,19.430058303704,0.));
#1816 = CARTESIAN_POINT('',(99.519239834056,19.444591058025,0.));
#1817 = CARTESIAN_POINT('',(99.502337666785,19.459124457443,0.));
#1818 = CARTESIAN_POINT('',(99.485433363404,19.473658498788,0.));
#1819 = CARTESIAN_POINT('',(99.468526922782,19.488193179059,0.));
#1820 = CARTESIAN_POINT('',(99.451618343738,19.502728495199,0.));
#1821 = CARTESIAN_POINT('',(99.434707624991,19.517264444041,0.));
#1822 = CARTESIAN_POINT('',(99.417794765381,19.531801022553,0.));
#1823 = CARTESIAN_POINT('',(99.400879763755,19.546338227709,0.));
#1824 = CARTESIAN_POINT('',(99.383962618821,19.560876056326,0.));
#1825 = CARTESIAN_POINT('',(99.367043329429,19.575414505391,0.));
#1826 = CARTESIAN_POINT('',(99.350121894386,19.589953571825,0.));
#1827 = CARTESIAN_POINT('',(99.333198312467,19.604493252512,0.));
#1828 = CARTESIAN_POINT('',(99.316272582505,19.619033544416,0.));
#1829 = CARTESIAN_POINT('',(99.29934470328,19.63357444442,0.));
#1830 = CARTESIAN_POINT('',(99.282414673627,19.648115949477,0.));
#1831 = CARTESIAN_POINT('',(99.265482492347,19.662658056511,0.));
#1832 = CARTESIAN_POINT('',(99.248548158197,19.677200762389,0.));
#1833 = CARTESIAN_POINT('',(99.231611670036,19.691744064097,0.));
#1834 = CARTESIAN_POINT('',(99.214673026643,19.706287958507,0.));
#1835 = CARTESIAN_POINT('',(99.197732226862,19.720832442583,0.));
#1836 = CARTESIAN_POINT('',(99.180789269479,19.735377513216,0.));
#1837 = CARTESIAN_POINT('',(99.163844153312,19.749923167337,0.));
#1838 = CARTESIAN_POINT('',(99.14689687718,19.764469401882,0.));
#1839 = CARTESIAN_POINT('',(99.129947439859,19.77901621372,0.));
#1840 = CARTESIAN_POINT('',(99.112995840227,19.793563599846,0.));
#1841 = CARTESIAN_POINT('',(99.09604207707,19.808111557145,0.));
#1842 = CARTESIAN_POINT('',(99.079086149176,19.82266008252,0.));
#1843 = CARTESIAN_POINT('',(99.062128055377,19.837209172912,0.));
#1844 = CARTESIAN_POINT('',(99.045167794503,19.851758825245,0.));
#1845 = CARTESIAN_POINT('',(99.028205365368,19.866309036428,0.));
#1846 = CARTESIAN_POINT('',(99.011240766818,19.880859803427,0.));
#1847 = CARTESIAN_POINT('',(98.994273997603,19.895411123079,0.));
#1848 = CARTESIAN_POINT('',(98.977305056595,19.909962992364,0.));
#1849 = CARTESIAN_POINT('',(98.960333942646,19.924515408239,0.));
#1850 = CARTESIAN_POINT('',(98.943360654482,19.939068367514,0.));
#1851 = CARTESIAN_POINT('',(98.926385191001,19.953621867203,0.));
#1852 = CARTESIAN_POINT('',(98.909407551028,19.96817590422,0.));
#1853 = CARTESIAN_POINT('',(98.892427733336,19.982730475418,0.));
#1854 = CARTESIAN_POINT('',(98.875445736824,19.997285577806,0.));
#1855 = CARTESIAN_POINT('',(98.858461560299,20.011841208287,0.));
#1856 = CARTESIAN_POINT('',(98.841475202511,20.0263973637,0.));
#1857 = CARTESIAN_POINT('',(98.82448666237,20.040954041055,0.));
#1858 = CARTESIAN_POINT('',(98.807495938712,20.055511237272,0.));
#1859 = CARTESIAN_POINT('',(98.790503030316,20.070068949221,0.));
#1860 = CARTESIAN_POINT('',(98.773507936027,20.084627173839,0.));
#1861 = CARTESIAN_POINT('',(98.756510654715,20.099185908083,0.));
#1862 = CARTESIAN_POINT('',(98.739511185196,20.113745148857,0.));
#1863 = CARTESIAN_POINT('',(98.722509526266,20.128304893042,0.));
#1864 = CARTESIAN_POINT('',(98.705505676812,20.142865137628,0.));
#1865 = CARTESIAN_POINT('',(98.688499635622,20.157425879469,0.));
#1866 = CARTESIAN_POINT('',(98.671491401576,20.171987115537,0.));
#1867 = CARTESIAN_POINT('',(98.654480973507,20.186548842748,0.));
#1868 = CARTESIAN_POINT('',(98.637468350222,20.201111057984,0.));
#1869 = CARTESIAN_POINT('',(98.620453530602,20.215673758226,0.));
#1870 = CARTESIAN_POINT('',(98.603436513443,20.230236940343,0.));
#1871 = CARTESIAN_POINT('',(98.586417297594,20.244800601265,0.));
#1872 = CARTESIAN_POINT('',(98.569395881938,20.259364737951,0.));
#1873 = CARTESIAN_POINT('',(98.552372265296,20.273929347294,0.));
#1874 = CARTESIAN_POINT('',(98.5353464465,20.288494426211,0.));
#1875 = CARTESIAN_POINT('',(98.518318424412,20.303059971649,0.));
#1876 = CARTESIAN_POINT('',(98.501288197847,20.317625980483,0.));
#1877 = CARTESIAN_POINT('',(98.484255765701,20.332192449699,0.));
#1878 = CARTESIAN_POINT('',(98.467221126782,20.346759376169,0.));
#1879 = CARTESIAN_POINT('',(98.45018427994,20.361326756817,0.));
#1880 = CARTESIAN_POINT('',(98.433145224065,20.375894588615,0.));
#1881 = CARTESIAN_POINT('',(98.416103957946,20.390462868405,0.));
#1882 = CARTESIAN_POINT('',(98.399060480495,20.405031593192,0.));
#1883 = CARTESIAN_POINT('',(98.382014790511,20.419600759825,0.));
#1884 = CARTESIAN_POINT('',(98.364966886889,20.434170365278,0.));
#1885 = CARTESIAN_POINT('',(98.347916768471,20.448740406463,0.));
#1886 = CARTESIAN_POINT('',(98.330864434078,20.463310880251,0.));
#1887 = CARTESIAN_POINT('',(98.313809882642,20.477881783666,0.));
#1888 = CARTESIAN_POINT('',(98.296753112934,20.49245311352,0.));
#1889 = CARTESIAN_POINT('',(98.279694123863,20.507024866802,0.));
#1890 = CARTESIAN_POINT('',(98.262632914288,20.521597040433,0.));
#1891 = CARTESIAN_POINT('',(98.24556948303,20.53616963129,0.));
#1892 = CARTESIAN_POINT('',(98.228503828979,20.550742636333,0.));
#1893 = CARTESIAN_POINT('',(98.211435951004,20.56531605249,0.));
#1894 = CARTESIAN_POINT('',(98.194365847929,20.57988987663,0.));
#1895 = CARTESIAN_POINT('',(98.177293518683,20.594464105758,0.));
#1896 = CARTESIAN_POINT('',(98.160218962078,20.609038736738,0.));
#1897 = CARTESIAN_POINT('',(98.14314217696,20.623613766472,0.));
#1898 = CARTESIAN_POINT('',(98.126063162254,20.638189191955,0.));
#1899 = CARTESIAN_POINT('',(98.108981916785,20.652765010038,0.));
#1900 = CARTESIAN_POINT('',(98.091898439464,20.667341217706,0.));
#1901 = CARTESIAN_POINT('',(98.074812729117,20.68191781184,0.));
#1902 = CARTESIAN_POINT('',(98.057724784599,20.696494789341,0.));
#1903 = CARTESIAN_POINT('',(98.040634604836,20.711072147194,0.));
#1904 = CARTESIAN_POINT('',(98.023542188678,20.725649882291,0.));
#1905 = CARTESIAN_POINT('',(98.006447534966,20.74022799153,0.));
#1906 = CARTESIAN_POINT('',(97.989350642599,20.754806471864,0.));
#1907 = CARTESIAN_POINT('',(97.972251510451,20.769385320201,0.));
#1908 = CARTESIAN_POINT('',(97.955150137411,20.783964533483,0.));
#1909 = CARTESIAN_POINT('',(97.938046522334,20.79854410861,0.));
#1910 = CARTESIAN_POINT('',(97.920940664096,20.81312404251,0.));
#1911 = CARTESIAN_POINT('',(97.90383256158,20.827704332108,0.));
#1912 = CARTESIAN_POINT('',(97.886722213665,20.842284974326,0.));
#1913 = CARTESIAN_POINT('',(97.869609619229,20.856865966081,0.));
#1914 = CARTESIAN_POINT('',(97.852494777165,20.871447304311,0.));
#1915 = CARTESIAN_POINT('',(97.83537768634,20.886028985919,0.));
#1916 = CARTESIAN_POINT('',(97.818258345649,20.90061100785,0.));
#1917 = CARTESIAN_POINT('',(97.801136753944,20.915193366984,0.));
#1918 = CARTESIAN_POINT('',(97.784012910153,20.929776060298,0.));
#1919 = CARTESIAN_POINT('',(97.766886813141,20.944359084688,0.));
#1920 = CARTESIAN_POINT('',(97.749758461774,20.95894243705,0.));
#1921 = CARTESIAN_POINT('',(97.732627854985,20.973526114371,0.));
#1922 = CARTESIAN_POINT('',(97.715494991609,20.988110113504,0.));
#1923 = CARTESIAN_POINT('',(97.698359870567,21.002694431412,0.));
#1924 = CARTESIAN_POINT('',(97.681222490754,21.017279065017,0.));
#1925 = CARTESIAN_POINT('',(97.664082851046,21.031864011223,0.));
#1926 = CARTESIAN_POINT('',(97.64694095035,21.046449266989,0.));
#1927 = CARTESIAN_POINT('',(97.629796787499,21.061034829152,0.));
#1928 = CARTESIAN_POINT('',(97.612650361484,21.075620694756,0.));
#1929 = CARTESIAN_POINT('',(97.595501671132,21.090206860635,0.));
#1930 = CARTESIAN_POINT('',(97.57835071534,21.104793323719,0.));
#1931 = CARTESIAN_POINT('',(97.561197493058,21.119380080994,0.));
#1932 = CARTESIAN_POINT('',(97.544042003119,21.133967129303,0.));
#1933 = CARTESIAN_POINT('',(97.526884244457,21.148554465622,0.));
#1934 = CARTESIAN_POINT('',(97.509724215949,21.163142086842,0.));
#1935 = CARTESIAN_POINT('',(97.492561916508,21.177729989894,0.));
#1936 = CARTESIAN_POINT('',(97.475397345067,21.192318171744,0.));
#1937 = CARTESIAN_POINT('',(97.458230500461,21.206906629237,0.));
#1938 = CARTESIAN_POINT('',(97.441061381626,21.221495359333,0.));
#1939 = CARTESIAN_POINT('',(97.42388998751,21.236084359011,0.));
#1940 = CARTESIAN_POINT('',(97.406716316913,21.250673625063,0.));
#1941 = CARTESIAN_POINT('',(97.389540368844,21.265263154548,0.));
#1942 = CARTESIAN_POINT('',(97.37236214215,21.279852944299,0.));
#1943 = CARTESIAN_POINT('',(97.355181635768,21.29444299128,0.));
#1944 = CARTESIAN_POINT('',(97.337998848602,21.309033292407,0.));
#1945 = CARTESIAN_POINT('',(97.320813779558,21.323623844606,0.));
#1946 = CARTESIAN_POINT('',(97.303626427516,21.338214644771,0.));
#1947 = CARTESIAN_POINT('',(97.286436791412,21.352805689844,0.));
#1948 = CARTESIAN_POINT('',(97.26924487019,21.36739697678,0.));
#1949 = CARTESIAN_POINT('',(97.252050662729,21.381988502465,0.));
#1950 = CARTESIAN_POINT('',(97.234854167922,21.396580263799,0.));
#1951 = CARTESIAN_POINT('',(97.217655384743,21.411172257774,0.));
#1952 = CARTESIAN_POINT('',(97.20045431207,21.425764481276,0.));
#1953 = CARTESIAN_POINT('',(97.183250948778,21.440356931167,0.));
#1954 = CARTESIAN_POINT('',(97.166045293897,21.454949604508,0.));
#1955 = CARTESIAN_POINT('',(97.148837346255,21.469542498105,0.));
#1956 = CARTESIAN_POINT('',(97.131627104785,21.484135608911,0.));
#1957 = CARTESIAN_POINT('',(97.114414568442,21.49872893389,0.));
#1958 = CARTESIAN_POINT('',(97.097199736097,21.513322469888,0.));
#1959 = CARTESIAN_POINT('',(97.079982606744,21.527916213928,0.));
#1960 = CARTESIAN_POINT('',(97.062763179235,21.542510162848,0.));
#1961 = CARTESIAN_POINT('',(97.045541452496,21.557104313571,0.));
#1962 = CARTESIAN_POINT('',(97.028317425533,21.571698663101,0.));
#1963 = CARTESIAN_POINT('',(97.011091097232,21.586293208319,0.));
#1964 = CARTESIAN_POINT('',(96.99386246646,21.600887946091,0.));
#1965 = CARTESIAN_POINT('',(96.976631532208,21.615482873414,0.));
#1966 = CARTESIAN_POINT('',(96.959398293401,21.630077987194,0.));
#1967 = CARTESIAN_POINT('',(96.94216274895,21.644673284334,0.));
#1968 = CARTESIAN_POINT('',(96.924924897803,21.659268761782,0.));
#1969 = CARTESIAN_POINT('',(96.90768473887,21.673864416432,0.));
#1970 = CARTESIAN_POINT('',(96.890442271117,21.688460245247,0.));
#1971 = CARTESIAN_POINT('',(96.873197493449,21.703056245106,0.));
#1972 = CARTESIAN_POINT('',(96.855950404839,21.717652412989,0.));
#1973 = CARTESIAN_POINT('',(96.838701004164,21.732248745747,0.));
#1974 = CARTESIAN_POINT('',(96.821449290409,21.74684524037,0.));
#1975 = CARTESIAN_POINT('',(96.804195262477,21.76144189373,0.));
#1976 = CARTESIAN_POINT('',(96.786938919331,21.776038702764,0.));
#1977 = CARTESIAN_POINT('',(96.769680259974,21.790635664484,0.));
#1978 = CARTESIAN_POINT('',(96.752419283201,21.805232775645,0.));
#1979 = CARTESIAN_POINT('',(96.73515598804,21.819830033282,0.));
#1980 = CARTESIAN_POINT('',(96.717890373458,21.834427434335,0.));
#1981 = CARTESIAN_POINT('',(96.700622438326,21.849024975625,0.));
#1982 = CARTESIAN_POINT('',(96.683352181687,21.863622654215,0.));
#1983 = CARTESIAN_POINT('',(96.666079602389,21.878220466905,0.));
#1984 = CARTESIAN_POINT('',(96.648804699408,21.892818410666,0.));
#1985 = CARTESIAN_POINT('',(96.631527471721,21.907416482442,0.));
#1986 = CARTESIAN_POINT('',(96.614247918253,21.922014679122,0.));
#1987 = CARTESIAN_POINT('',(96.596966037982,21.936612997675,0.));
#1988 = CARTESIAN_POINT('',(96.579681829801,21.95121143496,0.));
#1989 = CARTESIAN_POINT('',(96.5623952927,21.965809987949,0.));
#1990 = CARTESIAN_POINT('',(96.545106425629,21.980408653548,0.));
#1991 = CARTESIAN_POINT('',(96.527815227556,21.995007428695,0.));
#1992 = CARTESIAN_POINT('',(96.510521697428,22.009606310315,0.));
#1993 = CARTESIAN_POINT('',(96.493225834168,22.024205295303,0.));
#1994 = CARTESIAN_POINT('',(96.475927636742,22.038804380583,0.));
#1995 = CARTESIAN_POINT('',(96.458627104161,22.053403563143,0.));
#1996 = CARTESIAN_POINT('',(96.441324235323,22.068002839836,0.));
#1997 = CARTESIAN_POINT('',(96.424019029192,22.082602207599,0.));
#1998 = CARTESIAN_POINT('',(96.406711484759,22.097201663387,0.));
#1999 = CARTESIAN_POINT('',(96.389401600963,22.111801204085,0.));
#2000 = CARTESIAN_POINT('',(96.372089376807,22.126400826682,0.));
#2001 = CARTESIAN_POINT('',(96.354774811166,22.141000527997,0.));
#2002 = CARTESIAN_POINT('',(96.337457903078,22.155600305035,0.));
#2003 = CARTESIAN_POINT('',(96.320138651521,22.170200154734,0.));
#2004 = CARTESIAN_POINT('',(96.302817055391,22.184800073937,0.));
#2005 = CARTESIAN_POINT('',(96.2854931137,22.19940005963,0.));
#2006 = CARTESIAN_POINT('',(96.268166825418,22.21400010873,0.));
#2007 = CARTESIAN_POINT('',(96.250838189497,22.228600218142,0.));
#2008 = CARTESIAN_POINT('',(96.233507204915,22.243200384798,0.));
#2009 = CARTESIAN_POINT('',(96.216173870658,22.257800605649,0.));
#2010 = CARTESIAN_POINT('',(96.198838185651,22.272400877554,0.));
#2011 = CARTESIAN_POINT('',(96.181500148928,22.287001197511,0.));
#2012 = CARTESIAN_POINT('',(96.164159759436,22.301601562411,0.));
#2013 = CARTESIAN_POINT('',(96.146817016134,22.316201969167,0.));
#2014 = CARTESIAN_POINT('',(96.129471918003,22.330802414706,0.));
#2015 = CARTESIAN_POINT('',(96.112124464053,22.345402895991,0.));
#2016 = CARTESIAN_POINT('',(96.094774653218,22.360003409899,0.));
#2017 = CARTESIAN_POINT('',(96.07742248448,22.374603953347,0.));
#2018 = CARTESIAN_POINT('',(96.060067956889,22.389204523351,0.));
#2019 = CARTESIAN_POINT('',(96.042711069323,22.403805116703,0.));
#2020 = CARTESIAN_POINT('',(96.025351820842,22.418405730431,0.));
#2021 = CARTESIAN_POINT('',(96.007990210401,22.433006361426,0.));
#2022 = CARTESIAN_POINT('',(95.990626236953,22.447607006579,0.));
#2023 = CARTESIAN_POINT('',(95.973259899525,22.462207662866,0.));
#2024 = CARTESIAN_POINT('',(95.955891197085,22.476808327172,0.));
#2025 = CARTESIAN_POINT('',(95.938520128659,22.491408996478,0.));
#2026 = CARTESIAN_POINT('',(95.921146693174,22.506009667639,0.));
#2027 = CARTESIAN_POINT('',(95.90377088964,22.520610337612,0.));
#2028 = CARTESIAN_POINT('',(95.886392717062,22.535211003331,0.));
#2029 = CARTESIAN_POINT('',(95.869012174419,22.549811661706,0.));
#2030 = CARTESIAN_POINT('',(95.851629260707,22.564412309665,0.));
#2031 = CARTESIAN_POINT('',(95.834243974923,22.579012944143,0.));
#2032 = CARTESIAN_POINT('',(95.816856316045,22.593613562047,0.));
#2033 = CARTESIAN_POINT('',(95.799466283075,22.608214160306,0.));
#2034 = CARTESIAN_POINT('',(95.782073875024,22.622814735872,0.));
#2035 = CARTESIAN_POINT('',(95.764679090846,22.637415285612,0.));
#2036 = CARTESIAN_POINT('',(95.747281929591,22.652015806509,0.));
#2037 = CARTESIAN_POINT('',(95.729882390248,22.666616295474,0.));
#2038 = CARTESIAN_POINT('',(95.712480471793,22.681216749414,0.));
#2039 = CARTESIAN_POINT('',(95.695076173223,22.695817165249,0.));
#2040 = CARTESIAN_POINT('',(95.677669493571,22.710417539937,0.));
#2041 = CARTESIAN_POINT('',(95.660260431825,22.725017870384,0.));
#2042 = CARTESIAN_POINT('',(95.642848986975,22.739618153503,0.));
#2043 = CARTESIAN_POINT('',(95.625435158043,22.754218386236,0.));
#2044 = CARTESIAN_POINT('',(95.608018944041,22.768818565522,0.));
#2045 = CARTESIAN_POINT('',(95.590600343934,22.783418688235,0.));
#2046 = CARTESIAN_POINT('',(95.573179356771,22.798018751344,0.));
#2047 = CARTESIAN_POINT('',(95.555755981573,22.812618751786,0.));
#2048 = CARTESIAN_POINT('',(95.53833021731,22.827218686446,0.));
#2049 = CARTESIAN_POINT('',(95.520902062993,22.841818552249,0.));
#2050 = CARTESIAN_POINT('',(95.503471517679,22.85641834617,0.));
#2051 = CARTESIAN_POINT('',(95.48603858035,22.871018065101,0.));
#2052 = CARTESIAN_POINT('',(95.468603249987,22.885617705938,0.));
#2053 = CARTESIAN_POINT('',(95.45116552565,22.900217265648,0.));
#2054 = CARTESIAN_POINT('',(95.433725406372,22.914816741164,0.));
#2055 = CARTESIAN_POINT('',(95.416282891144,22.929416129393,0.));
#2056 = CARTESIAN_POINT('',(95.398837978966,22.944015427254,0.));
#2057 = CARTESIAN_POINT('',(95.381390668844,22.958614631653,0.));
#2058 = CARTESIAN_POINT('',(95.363940959849,22.973213739564,0.));
#2059 = CARTESIAN_POINT('',(95.346488850998,22.987812747903,0.));
#2060 = CARTESIAN_POINT('',(95.32903434128,23.002411653564,0.));
#2061 = CARTESIAN_POINT('',(95.311577429738,23.017010453506,0.));
#2062 = CARTESIAN_POINT('',(95.29411811537,23.031609144618,0.));
#2063 = CARTESIAN_POINT('',(95.276656397234,23.046207723859,0.));
#2064 = CARTESIAN_POINT('',(95.259192274357,23.06080618816,0.));
#2065 = CARTESIAN_POINT('',(95.241725745731,23.075404534406,0.));
#2066 = CARTESIAN_POINT('',(95.224256810406,23.090002759555,0.));
#2067 = CARTESIAN_POINT('',(95.206785467412,23.104600860519,0.));
#2068 = CARTESIAN_POINT('',(95.1893117158,23.119198834256,0.));
#2069 = CARTESIAN_POINT('',(95.171835554552,23.133796677638,0.));
#2070 = CARTESIAN_POINT('',(95.154356982724,23.148394387625,0.));
#2071 = CARTESIAN_POINT('',(95.136875999347,23.162991961129,0.));
#2072 = CARTESIAN_POINT('',(95.119392603476,23.177589395092,0.));
#2073 = CARTESIAN_POINT('',(95.101906794147,23.192186686457,0.));
#2074 = CARTESIAN_POINT('',(95.084418570333,23.206783832072,0.));
#2075 = CARTESIAN_POINT('',(95.066927931142,23.221380828953,0.));
#2076 = CARTESIAN_POINT('',(95.049434875578,23.235977673976,0.));
#2077 = CARTESIAN_POINT('',(95.031939402686,23.25057436407,0.));
#2078 = CARTESIAN_POINT('',(95.014441511535,23.265170896209,0.));
#2079 = CARTESIAN_POINT('',(94.996941201097,23.27976726723,0.));
#2080 = CARTESIAN_POINT('',(94.979438470472,23.294363474123,0.));
#2081 = CARTESIAN_POINT('',(94.961933318731,23.308959513848,0.));
#2082 = CARTESIAN_POINT('',(94.944425744835,23.323555383243,0.));
#2083 = CARTESIAN_POINT('',(94.926915747842,23.33815107925,0.));
#2084 = CARTESIAN_POINT('',(94.909403326876,23.352746598882,0.));
#2085 = CARTESIAN_POINT('',(94.89188848091,23.367341938963,0.));
#2086 = CARTESIAN_POINT('',(94.874371209026,23.381937096471,0.));
#2087 = CARTESIAN_POINT('',(94.856851510284,23.396532068344,0.));
#2088 = CARTESIAN_POINT('',(94.839329383692,23.411126851468,0.));
#2089 = CARTESIAN_POINT('',(94.821804828308,23.425721442769,0.));
#2090 = CARTESIAN_POINT('',(94.804277843233,23.440315839234,0.));
#2091 = CARTESIAN_POINT('',(94.786748427469,23.454910037717,0.));
#2092 = CARTESIAN_POINT('',(94.769216580105,23.469504035198,0.));
#2093 = CARTESIAN_POINT('',(94.75168230017,23.484097828566,0.));
#2094 = CARTESIAN_POINT('',(94.734145586739,23.498691414767,0.));
#2095 = CARTESIAN_POINT('',(94.716606438882,23.513284790754,0.));
#2096 = CARTESIAN_POINT('',(94.699064855593,23.527877953375,0.));
#2097 = CARTESIAN_POINT('',(94.681520835987,23.542470899617,0.));
#2098 = CARTESIAN_POINT('',(94.663974379152,23.557063626433,0.));
#2099 = CARTESIAN_POINT('',(94.646425484087,23.57165613068,0.));
#2100 = CARTESIAN_POINT('',(94.62887414988,23.586248409326,0.));
#2101 = CARTESIAN_POINT('',(94.611320375586,23.600840459271,0.));
#2102 = CARTESIAN_POINT('',(94.593764160319,23.615432277506,0.));
#2103 = CARTESIAN_POINT('',(94.576205503079,23.630023860882,0.));
#2104 = CARTESIAN_POINT('',(94.558644402941,23.644615206341,0.));
#2105 = CARTESIAN_POINT('',(94.541080859017,23.659206310854,0.));
#2106 = CARTESIAN_POINT('',(94.523514870353,23.673797171315,0.));
#2107 = CARTESIAN_POINT('',(94.50594643601,23.688387784646,0.));
#2108 = CARTESIAN_POINT('',(94.488375555078,23.702978147805,0.));
#2109 = CARTESIAN_POINT('',(94.47080222659,23.71756825767,0.));
#2110 = CARTESIAN_POINT('',(94.453226449653,23.7321581112,0.));
#2111 = CARTESIAN_POINT('',(94.435648223363,23.746747705357,0.));
#2112 = CARTESIAN_POINT('',(94.418067546724,23.761337036972,0.));
#2113 = CARTESIAN_POINT('',(94.400484418889,23.775926103071,0.));
#2114 = CARTESIAN_POINT('',(94.382898838913,23.790514900551,0.));
#2115 = CARTESIAN_POINT('',(94.365310805825,23.805103426293,0.));
#2116 = CARTESIAN_POINT('',(94.347720318747,23.819691677267,0.));
#2117 = CARTESIAN_POINT('',(94.330127376782,23.834279650423,0.));
#2118 = CARTESIAN_POINT('',(94.31253197897,23.848867342642,0.));
#2119 = CARTESIAN_POINT('',(94.294934124392,23.863454750846,0.));
#2120 = CARTESIAN_POINT('',(94.277333812193,23.878041872039,0.));
#2121 = CARTESIAN_POINT('',(94.259731041389,23.89262870307,0.));
#2122 = CARTESIAN_POINT('',(94.242125811063,23.907215240864,0.));
#2123 = CARTESIAN_POINT('',(94.224518120366,23.921801482424,0.));
#2124 = CARTESIAN_POINT('',(94.206907968336,23.936387424611,0.));
#2125 = CARTESIAN_POINT('',(94.189295354065,23.950973064365,0.));
#2126 = CARTESIAN_POINT('',(94.171680276662,23.965558398632,0.));
#2127 = CARTESIAN_POINT('',(94.154062735214,23.98014342433,0.));
#2128 = CARTESIAN_POINT('',(94.136442728814,23.994728138407,0.));
#2129 = CARTESIAN_POINT('',(94.118820256499,24.00931253771,0.));
#2130 = CARTESIAN_POINT('',(94.101195317458,24.023896619278,0.));
#2131 = CARTESIAN_POINT('',(94.08356791076,24.038480380006,0.));
#2132 = CARTESIAN_POINT('',(94.065938035436,24.053063816756,0.));
#2133 = CARTESIAN_POINT('',(94.048305690635,24.067646926516,0.));
#2134 = CARTESIAN_POINT('',(94.030670875479,24.082229706235,0.));
#2135 = CARTESIAN_POINT('',(94.013033589016,24.096812152774,0.));
#2136 = CARTESIAN_POINT('',(93.995393830388,24.111394263129,0.));
#2137 = CARTESIAN_POINT('',(93.977751598652,24.125976034159,0.));
#2138 = CARTESIAN_POINT('',(93.960106892963,24.140557462868,0.));
#2139 = CARTESIAN_POINT('',(93.942459712378,24.155138546122,0.));
#2140 = CARTESIAN_POINT('',(93.924810056014,24.169719280857,0.));
#2141 = CARTESIAN_POINT('',(93.907157923036,24.184299664078,0.));
#2142 = CARTESIAN_POINT('',(93.889503312459,24.198879692603,0.));
#2143 = CARTESIAN_POINT('',(93.87184622343,24.213459363418,0.));
#2144 = CARTESIAN_POINT('',(93.854186655074,24.228038673464,0.));
#2145 = CARTESIAN_POINT('',(93.836524606463,24.242617619615,0.));
#2146 = CARTESIAN_POINT('',(93.818860076769,24.257196198883,0.));
#2147 = CARTESIAN_POINT('',(93.801193065035,24.27177440811,0.));
#2148 = CARTESIAN_POINT('',(93.783523570411,24.286352244278,0.));
#2149 = CARTESIAN_POINT('',(93.765851592,24.300929704289,0.));
#2150 = CARTESIAN_POINT('',(93.748177128944,24.3155067851,0.));
#2151 = CARTESIAN_POINT('',(93.730500180352,24.330083483642,0.));
#2152 = CARTESIAN_POINT('',(93.712820745282,24.344659796777,0.));
#2153 = CARTESIAN_POINT('',(93.69513882292,24.35923572151,0.));
#2154 = CARTESIAN_POINT('',(93.677454412377,24.37381125475,0.));
#2155 = CARTESIAN_POINT('',(93.659767512759,24.388386393409,0.));
#2156 = CARTESIAN_POINT('',(93.642078123197,24.402961134445,0.));
#2157 = CARTESIAN_POINT('',(93.624386242774,24.417535474733,0.));
#2158 = CARTESIAN_POINT('',(93.606691870656,24.432109411246,0.));
#2159 = CARTESIAN_POINT('',(93.588995005996,24.446682940939,0.));
#2160 = CARTESIAN_POINT('',(93.571295647864,24.461256060679,0.));
#2161 = CARTESIAN_POINT('',(93.553593795407,24.47582876744,0.));
#2162 = CARTESIAN_POINT('',(93.535889447724,24.490401058106,0.));
#2163 = CARTESIAN_POINT('',(93.518182603984,24.504972929645,0.));
#2164 = CARTESIAN_POINT('',(93.500473263331,24.519544378989,0.));
#2165 = CARTESIAN_POINT('',(93.482761424894,24.534115403086,0.));
#2166 = CARTESIAN_POINT('',(93.465047087731,24.548685998782,0.));
#2167 = CARTESIAN_POINT('',(93.447330251018,24.563256163051,0.));
#2168 = CARTESIAN_POINT('',(93.429610913959,24.577825892897,0.));
#2169 = CARTESIAN_POINT('',(93.411889075594,24.592395185139,0.));
#2170 = CARTESIAN_POINT('',(93.394164735077,24.606964036737,0.));
#2171 = CARTESIAN_POINT('',(93.376437891598,24.621532444678,0.));
#2172 = CARTESIAN_POINT('',(93.35870854424,24.636100405814,0.));
#2173 = CARTESIAN_POINT('',(93.340976692184,24.650667917133,0.));
#2174 = CARTESIAN_POINT('',(93.323242334549,24.665234975538,0.));
#2175 = CARTESIAN_POINT('',(93.305505470472,24.679801577956,0.));
#2176 = CARTESIAN_POINT('',(93.287766099102,24.694367721318,0.));
#2177 = CARTESIAN_POINT('',(93.270024219612,24.708933402596,0.));
#2178 = CARTESIAN_POINT('',(93.252279831081,24.72349861863,0.));
#2179 = CARTESIAN_POINT('',(93.234532932732,24.738063366444,0.));
#2180 = CARTESIAN_POINT('',(93.216783523689,24.752627642943,0.));
#2181 = CARTESIAN_POINT('',(93.199031603044,24.767191444992,0.));
#2182 = CARTESIAN_POINT('',(93.181277170018,24.781754769618,0.));
#2183 = CARTESIAN_POINT('',(93.163520223712,24.796317613669,0.));
#2184 = CARTESIAN_POINT('',(93.145760763323,24.810879974138,0.));
#2185 = CARTESIAN_POINT('',(93.127998787989,24.825441847936,0.));
#2186 = CARTESIAN_POINT('',(93.110234296833,24.840003231961,0.));
#2187 = CARTESIAN_POINT('',(93.092467289045,24.854564123188,0.));
#2188 = CARTESIAN_POINT('',(93.074697763768,24.869124518514,0.));
#2189 = CARTESIAN_POINT('',(93.056925720195,24.88368441493,0.));
#2190 = CARTESIAN_POINT('',(93.039151157403,24.898243809269,0.));
#2191 = CARTESIAN_POINT('',(93.021374074599,24.912802698516,0.));
#2192 = CARTESIAN_POINT('',(93.003594470988,24.92736107965,0.));
#2193 = CARTESIAN_POINT('',(92.985812345654,24.941918949504,0.));
#2194 = CARTESIAN_POINT('',(92.968027697814,24.956476305084,0.));
#2195 = CARTESIAN_POINT('',(92.95024052661,24.971033143292,0.));
#2196 = CARTESIAN_POINT('',(92.932450831197,24.985589461053,0.));
#2197 = CARTESIAN_POINT('',(92.914658610744,25.000145255299,0.));
#2198 = CARTESIAN_POINT('',(92.896863864446,25.014700522987,0.));
#2199 = CARTESIAN_POINT('',(92.879066591449,25.029255261024,0.));
#2200 = CARTESIAN_POINT('',(92.86126679092,25.043809466342,0.));
#2201 = CARTESIAN_POINT('',(92.843464462038,25.058363135881,0.));
#2202 = CARTESIAN_POINT('',(92.825659603973,25.072916266574,0.));
#2203 = CARTESIAN_POINT('',(92.807852215884,25.087468855334,0.));
#2204 = CARTESIAN_POINT('',(92.790042296963,25.102020899112,0.));
#2205 = CARTESIAN_POINT('',(92.772229846384,25.116572394833,0.));
#2206 = CARTESIAN_POINT('',(92.754414863332,25.131123339447,0.));
#2207 = CARTESIAN_POINT('',(92.736597346945,25.145673729841,0.));
#2208 = CARTESIAN_POINT('',(92.718777296426,25.160223562982,0.));
#2209 = CARTESIAN_POINT('',(92.700954710953,25.174772835788,0.));
#2210 = CARTESIAN_POINT('',(92.683129589715,25.189321545197,0.));
#2211 = CARTESIAN_POINT('',(92.66530193191,25.203869688168,0.));
#2212 = CARTESIAN_POINT('',(92.647471736661,25.21841726156,0.));
#2213 = CARTESIAN_POINT('',(92.629639003204,25.232964262378,0.));
#2214 = CARTESIAN_POINT('',(92.611803730702,25.247510687522,0.));
#2215 = CARTESIAN_POINT('',(92.593965918324,25.262056533905,0.));
#2216 = CARTESIAN_POINT('',(92.576125565294,25.276601798501,0.));
#2217 = CARTESIAN_POINT('',(92.558282670789,25.291146478219,0.));
#2218 = CARTESIAN_POINT('',(92.540437234003,25.305690570011,0.));
#2219 = CARTESIAN_POINT('',(92.522589254083,25.320234070743,0.));
#2220 = CARTESIAN_POINT('',(92.504738730311,25.334776977474,0.));
#2221 = CARTESIAN_POINT('',(92.486885661773,25.349319287012,0.));
#2222 = CARTESIAN_POINT('',(92.469030047667,25.363860996284,0.));
#2223 = CARTESIAN_POINT('',(92.451171887324,25.378402102382,0.));
#2224 = CARTESIAN_POINT('',(92.433311179814,25.392942602076,0.));
#2225 = CARTESIAN_POINT('',(92.415447924363,25.407482492363,0.));
#2226 = CARTESIAN_POINT('',(92.397582120162,25.422021770151,0.));
#2227 = CARTESIAN_POINT('',(92.379713766448,25.43656043242,0.));
#2228 = CARTESIAN_POINT('',(92.361842862384,25.451098476056,0.));
#2229 = CARTESIAN_POINT('',(92.343969407176,25.465635898,0.));
#2230 = CARTESIAN_POINT('',(92.326093400046,25.480172695217,0.));
#2231 = CARTESIAN_POINT('',(92.308214840157,25.494708864594,0.));
#2232 = CARTESIAN_POINT('',(92.290333726716,25.509244403047,0.));
#2233 = CARTESIAN_POINT('',(92.272450059037,25.523779307647,0.));
#2234 = CARTESIAN_POINT('',(92.254563836183,25.538313575147,0.));
#2235 = CARTESIAN_POINT('',(92.236675057427,25.552847202574,0.));
#2236 = CARTESIAN_POINT('',(92.218783722009,25.567380186905,0.));
#2237 = CARTESIAN_POINT('',(92.200889829019,25.581912524898,0.));
#2238 = CARTESIAN_POINT('',(92.182993377854,25.596444213734,0.));
#2239 = CARTESIAN_POINT('',(92.165094367585,25.610975250155,0.));
#2240 = CARTESIAN_POINT('',(92.147192797453,25.625505631157,0.));
#2241 = CARTESIAN_POINT('',(92.129288666681,25.640035353674,0.));
#2242 = CARTESIAN_POINT('',(92.111381974496,25.654564414642,0.));
#2243 = CARTESIAN_POINT('',(92.093472720121,25.669092811009,0.));
#2244 = CARTESIAN_POINT('',(92.075560902735,25.683620539661,0.));
#2245 = CARTESIAN_POINT('',(92.057646521593,25.698147597583,0.));
#2246 = CARTESIAN_POINT('',(92.039729575896,25.712673981669,0.));
#2247 = CARTESIAN_POINT('',(92.021810064897,25.727199688901,0.));
#2248 = CARTESIAN_POINT('',(92.003887987776,25.741724716156,0.));
#2249 = CARTESIAN_POINT('',(91.985963343788,25.756249060412,0.));
#2250 = CARTESIAN_POINT('',(91.968036132146,25.77077271859,0.));
#2251 = CARTESIAN_POINT('',(91.950106352059,25.785295687602,0.));
#2252 = CARTESIAN_POINT('',(91.93217400278,25.799817964421,0.));
#2253 = CARTESIAN_POINT('',(91.914239083511,25.814339545938,0.));
#2254 = CARTESIAN_POINT('',(91.896301593516,25.828860429134,0.));
#2255 = CARTESIAN_POINT('',(91.878361532003,25.843380610904,0.));
#2256 = CARTESIAN_POINT('',(91.86041889823,25.857900088226,0.));
#2257 = CARTESIAN_POINT('',(91.842473691387,25.872418858,0.));
#2258 = CARTESIAN_POINT('',(91.824525910677,25.886936917106,0.));
#2259 = CARTESIAN_POINT('',(91.806575555452,25.901454262623,0.));
#2260 = CARTESIAN_POINT('',(91.788622624864,25.915970891371,0.));
#2261 = CARTESIAN_POINT('',(91.770667118156,25.930486800311,0.));
#2262 = CARTESIAN_POINT('',(91.752709034577,25.945001986392,0.));
#2263 = CARTESIAN_POINT('',(91.734748373356,25.959516446523,0.));
#2264 = CARTESIAN_POINT('',(91.71678513377,25.974030177685,0.));
#2265 = CARTESIAN_POINT('',(91.69881931503,25.988543176783,0.));
#2266 = CARTESIAN_POINT('',(91.680850916352,26.003055440719,0.));
#2267 = CARTESIAN_POINT('',(91.662879937037,26.01756696649,0.));
#2268 = CARTESIAN_POINT('',(91.644906376324,26.032077751033,0.));
#2269 = CARTESIAN_POINT('',(91.626930233381,26.046587791184,0.));
#2270 = CARTESIAN_POINT('',(91.608951507551,26.061097084003,0.));
#2271 = CARTESIAN_POINT('',(91.590970198043,26.075605626363,0.));
#2272 = CARTESIAN_POINT('',(91.572986304091,26.090113415185,0.));
#2273 = CARTESIAN_POINT('',(91.55499982499,26.104620447464,0.));
#2274 = CARTESIAN_POINT('',(91.537010759943,26.119126720073,0.));
#2275 = CARTESIAN_POINT('',(91.519019108223,26.133632229977,0.));
#2276 = CARTESIAN_POINT('',(91.501024869094,26.148136974126,0.));
#2277 = CARTESIAN_POINT('',(91.48302804177,26.162640949401,0.));
#2278 = CARTESIAN_POINT('',(91.465028625566,26.177144152803,0.));
#2279 = CARTESIAN_POINT('',(91.447026619727,26.191646581256,0.));
#2280 = CARTESIAN_POINT('',(91.429022023469,26.20614823165,0.));
#2281 = CARTESIAN_POINT('',(91.411014836076,26.220649100946,0.));
#2282 = CARTESIAN_POINT('',(91.393005056855,26.235149186142,0.));
#2283 = CARTESIAN_POINT('',(91.374992684966,26.24964848404,0.));
#2284 = CARTESIAN_POINT('',(91.356977719773,26.264146991715,0.));
#2285 = CARTESIAN_POINT('',(91.338960160482,26.27864470602,0.));
#2286 = CARTESIAN_POINT('',(91.320940006363,26.2931416239,0.));
#2287 = CARTESIAN_POINT('',(91.302917256718,26.307637742335,0.));
#2288 = CARTESIAN_POINT('',(91.284891910779,26.322133058213,0.));
#2289 = CARTESIAN_POINT('',(91.266863967833,26.336627568495,0.));
#2290 = CARTESIAN_POINT('',(91.248833427155,26.351121270135,0.));
#2291 = CARTESIAN_POINT('',(91.230800287966,26.365614160004,0.));
#2292 = CARTESIAN_POINT('',(91.212764549591,26.380106235101,0.));
#2293 = CARTESIAN_POINT('',(91.19472621131,26.39459749236,0.));
#2294 = CARTESIAN_POINT('',(91.176685272373,26.409087928693,0.));
#2295 = CARTESIAN_POINT('',(91.158641732063,26.423577541069,0.));
#2296 = CARTESIAN_POINT('',(91.140595589588,26.438066326318,0.));
#2297 = CARTESIAN_POINT('',(91.122546844379,26.452554281582,0.));
#2298 = CARTESIAN_POINT('',(91.104495495563,26.46704140359,0.));
#2299 = CARTESIAN_POINT('',(91.086441542493,26.481527689378,0.));
#2300 = CARTESIAN_POINT('',(91.068384984496,26.496013135941,0.));
#2301 = CARTESIAN_POINT('',(91.050325820738,26.510497740067,0.));
#2302 = CARTESIAN_POINT('',(91.03226405059,26.524981498816,0.));
#2303 = CARTESIAN_POINT('',(91.014199673306,26.53946440909,0.));
#2304 = CARTESIAN_POINT('',(90.996132490459,26.55394662627,0.));
#2305 = CARTESIAN_POINT('',(90.978061314524,26.568429098347,0.));
#2306 = CARTESIAN_POINT('',(90.959979894296,26.582908483044,0.));
#2307 = CARTESIAN_POINT('',(90.941881985977,26.597381437384,0.));
#2308 = CARTESIAN_POINT('',(90.923766404968,26.611848906292,0.));
#2309 = CARTESIAN_POINT('',(90.905632953157,26.626311041828,0.));
#2310 = CARTESIAN_POINT('',(90.887481630811,26.640767837709,0.));
#2311 = CARTESIAN_POINT('',(90.869312438095,26.655219287632,0.));
#2312 = CARTESIAN_POINT('',(90.851125375316,26.669665385428,0.));
#2313 = CARTESIAN_POINT('',(90.832920442633,26.684106124725,0.));
#2314 = CARTESIAN_POINT('',(90.814697640314,26.69854149929,0.));
#2315 = CARTESIAN_POINT('',(90.796456968581,26.712971502806,0.));
#2316 = CARTESIAN_POINT('',(90.778198427687,26.727396128995,0.));
#2317 = CARTESIAN_POINT('',(90.759922017827,26.741815371491,0.));
#2318 = CARTESIAN_POINT('',(90.741627739287,26.756229224038,0.));
#2319 = CARTESIAN_POINT('',(90.723315592262,26.770637680231,0.));
#2320 = CARTESIAN_POINT('',(90.704985577057,26.785040733811,0.));
#2321 = CARTESIAN_POINT('',(90.68663769388,26.799438378382,0.));
#2322 = CARTESIAN_POINT('',(90.668271942962,26.813830607556,0.));
#2323 = CARTESIAN_POINT('',(90.64988832463,26.828217415063,0.));
#2324 = CARTESIAN_POINT('',(90.63148683908,26.842598794444,0.));
#2325 = CARTESIAN_POINT('',(90.613067486582,26.85697473934,0.));
#2326 = CARTESIAN_POINT('',(90.594630267414,26.871345243374,0.));
#2327 = CARTESIAN_POINT('',(90.576175181832,26.885710300148,0.));
#2328 = CARTESIAN_POINT('',(90.557702230056,26.900069903184,0.));
#2329 = CARTESIAN_POINT('',(90.539211412429,26.914424046156,0.));
#2330 = CARTESIAN_POINT('',(90.520702729205,26.928772722606,0.));
#2331 = CARTESIAN_POINT('',(90.502176180623,26.943115926056,0.));
#2332 = CARTESIAN_POINT('',(90.483631767005,26.957453650129,0.));
#2333 = CARTESIAN_POINT('',(90.465069488581,26.971785888295,0.));
#2334 = CARTESIAN_POINT('',(90.446489345683,26.986112634161,0.));
#2335 = CARTESIAN_POINT('',(90.42789133857,27.000433881219,0.));
#2336 = CARTESIAN_POINT('',(90.409275467516,27.014749622969,0.));
#2337 = CARTESIAN_POINT('',(90.390641732851,27.02905985297,0.));
#2338 = CARTESIAN_POINT('',(90.371990134855,27.04336456471,0.));
#2339 = CARTESIAN_POINT('',(90.35332067378,27.05766375163,0.));
#2340 = CARTESIAN_POINT('',(90.334633349965,27.07195740725,0.));
#2341 = CARTESIAN_POINT('',(90.315928163768,27.086245525117,0.));
#2342 = CARTESIAN_POINT('',(90.297205115388,27.100528098561,0.));
#2343 = CARTESIAN_POINT('',(90.27846420518,27.114805121104,0.));
#2344 = CARTESIAN_POINT('',(90.259705433506,27.129076586266,0.));
#2345 = CARTESIAN_POINT('',(90.240928800559,27.14334248732,0.));
#2346 = CARTESIAN_POINT('',(90.222134306754,27.157602817838,0.));
#2347 = CARTESIAN_POINT('',(90.203321952385,27.171857571195,0.));
#2348 = CARTESIAN_POINT('',(90.184491737747,27.186106740778,0.));
#2349 = CARTESIAN_POINT('',(90.165643663179,27.200350320004,0.));
#2350 = CARTESIAN_POINT('',(90.146777729034,27.214588302292,0.));
#2351 = CARTESIAN_POINT('',(90.127893935634,27.228820681024,0.));
#2352 = CARTESIAN_POINT('',(90.108992283253,27.243047449504,0.));
#2353 = CARTESIAN_POINT('',(90.090072772299,27.257268601191,0.));
#2354 = CARTESIAN_POINT('',(90.071135403087,27.271484129401,0.));
#2355 = CARTESIAN_POINT('',(90.052180175948,27.285694027459,0.));
#2356 = CARTESIAN_POINT('',(90.033207091275,27.299898288789,0.));
#2357 = CARTESIAN_POINT('',(90.014216149337,27.31409690662,0.));
#2358 = CARTESIAN_POINT('',(89.995207350492,27.328289874279,0.));
#2359 = CARTESIAN_POINT('',(89.976180695186,27.342477185201,0.));
#2360 = CARTESIAN_POINT('',(89.957136183665,27.356658832518,0.));
#2361 = CARTESIAN_POINT('',(89.938073816381,27.370834809678,0.));
#2362 = CARTESIAN_POINT('',(89.91899359362,27.385005109859,0.));
#2363 = CARTESIAN_POINT('',(89.899895515755,27.399169726337,0.));
#2364 = CARTESIAN_POINT('',(89.880779583248,27.413328652509,0.));
#2365 = CARTESIAN_POINT('',(89.861645796344,27.427481881456,0.));
#2366 = CARTESIAN_POINT('',(89.842494155481,27.441629406538,0.));
#2367 = CARTESIAN_POINT('',(89.823324661024,27.455771220961,0.));
#2368 = CARTESIAN_POINT('',(89.804137313341,27.469907317924,0.));
#2369 = CARTESIAN_POINT('',(89.784932112886,27.484037690747,0.));
#2370 = CARTESIAN_POINT('',(89.765709059971,27.498162332551,0.));
#2371 = CARTESIAN_POINT('',(89.746468154965,27.512281236522,0.));
#2372 = CARTESIAN_POINT('',(89.727209398325,27.526394395932,0.));
#2373 = CARTESIAN_POINT('',(89.707932790424,27.54050180393,0.));
#2374 = CARTESIAN_POINT('',(89.688638331626,27.554603453643,0.));
#2375 = CARTESIAN_POINT('',(89.669326022402,27.568699338334,0.));
#2376 = CARTESIAN_POINT('',(89.649995863101,27.582789451079,0.));
#2377 = CARTESIAN_POINT('',(89.630647854139,27.596873785053,0.));
#2378 = CARTESIAN_POINT('',(89.611281995921,27.610952333376,0.));
#2379 = CARTESIAN_POINT('',(89.591898288896,27.625025089225,0.));
#2380 = CARTESIAN_POINT('',(89.572496733436,27.639092045649,0.));
#2381 = CARTESIAN_POINT('',(89.553077330006,27.653153195822,0.));
#2382 = CARTESIAN_POINT('',(89.533640079017,27.667208532828,0.));
#2383 = CARTESIAN_POINT('',(89.514184980859,27.681258049708,0.));
#2384 = CARTESIAN_POINT('',(89.494712036024,27.695301739639,0.));
#2385 = CARTESIAN_POINT('',(89.475221244875,27.709339595609,0.));
#2386 = CARTESIAN_POINT('',(89.455712607847,27.723371610673,0.));
#2387 = CARTESIAN_POINT('',(89.43618612545,27.737397777969,0.));
#2388 = CARTESIAN_POINT('',(89.416641798108,27.751418090503,0.));
#2389 = CARTESIAN_POINT('',(89.39707962624,27.765432541292,0.));
#2390 = CARTESIAN_POINT('',(89.377499610297,27.779441123376,0.));
#2391 = CARTESIAN_POINT('',(89.357901750725,27.793443829762,0.));
#2392 = CARTESIAN_POINT('',(89.33828604799,27.807440653472,0.));
#2393 = CARTESIAN_POINT('',(89.31865250254,27.82143158747,0.));
#2394 = CARTESIAN_POINT('',(89.299001114896,27.835416624846,0.));
#2395 = CARTESIAN_POINT('',(89.27933188542,27.849395758431,0.));
#2396 = CARTESIAN_POINT('',(89.259644814641,27.863368981284,0.));
#2397 = CARTESIAN_POINT('',(89.239939903055,27.877336286384,0.));
#2398 = CARTESIAN_POINT('',(89.220217151102,27.891297666644,0.));
#2399 = CARTESIAN_POINT('',(89.200476559233,27.905253114976,0.));
#2400 = CARTESIAN_POINT('',(89.180718127982,27.919202624386,0.));
#2401 = CARTESIAN_POINT('',(89.160941857801,27.933146187729,0.));
#2402 = CARTESIAN_POINT('',(89.141147749213,27.947083797983,0.));
#2403 = CARTESIAN_POINT('',(89.121335802676,27.961015448022,0.));
#2404 = CARTESIAN_POINT('',(89.10150601863,27.974941130651,0.));
#2405 = CARTESIAN_POINT('',(89.081658397703,27.988860838935,0.));
#2406 = CARTESIAN_POINT('',(89.061792940325,28.002774565635,0.));
#2407 = CARTESIAN_POINT('',(89.041909646979,28.016682303593,0.));
#2408 = CARTESIAN_POINT('',(89.02200851825,28.030584045776,0.));
#2409 = CARTESIAN_POINT('',(89.002089554595,28.044479784959,0.));
#2410 = CARTESIAN_POINT('',(88.982152756483,28.058369513941,0.));
#2411 = CARTESIAN_POINT('',(88.962198124476,28.072253225596,0.));
#2412 = CARTESIAN_POINT('',(88.942225659139,28.08613091277,0.));
#2413 = CARTESIAN_POINT('',(88.922235360992,28.100002568285,0.));
#2414 = CARTESIAN_POINT('',(88.902227230476,28.113868184814,0.));
#2415 = CARTESIAN_POINT('',(88.882201268226,28.127727755319,0.));
#2416 = CARTESIAN_POINT('',(88.862157474697,28.141581272444,0.));
#2417 = CARTESIAN_POINT('',(88.842095850456,28.155428729004,0.));
#2418 = CARTESIAN_POINT('',(88.822016396094,28.169270117822,0.));
#2419 = CARTESIAN_POINT('',(88.8019191121,28.18310543156,0.));
#2420 = CARTESIAN_POINT('',(88.781803999051,28.196934663026,0.));
#2421 = CARTESIAN_POINT('',(88.761671057465,28.210757804895,0.));
#2422 = CARTESIAN_POINT('',(88.741520287929,28.224574849925,0.));
#2423 = CARTESIAN_POINT('',(88.721351691024,28.238385790865,0.));
#2424 = CARTESIAN_POINT('',(88.701165267256,28.252190620335,0.));
#2425 = CARTESIAN_POINT('',(88.680961017228,28.265989331075,0.));
#2426 = CARTESIAN_POINT('',(88.66073894155,28.279781915832,0.));
#2427 = CARTESIAN_POINT('',(88.640499040706,28.293568367144,0.));
#2428 = CARTESIAN_POINT('',(88.620241315345,28.307348677806,0.));
#2429 = CARTESIAN_POINT('',(88.599965765999,28.32112284038,0.));
#2430 = CARTESIAN_POINT('',(88.579672393292,28.334890847563,0.));
#2431 = CARTESIAN_POINT('',(88.559361197831,28.348652692022,0.));
#2432 = CARTESIAN_POINT('',(88.539032180152,28.362408366298,0.));
#2433 = CARTESIAN_POINT('',(88.518685340887,28.37615786307,0.));
#2434 = CARTESIAN_POINT('',(88.498320680647,28.389901174969,0.));
#2435 = CARTESIAN_POINT('',(88.477938199959,28.40363829447,0.));
#2436 = CARTESIAN_POINT('',(88.457537899536,28.417369214329,0.));
#2437 = CARTESIAN_POINT('',(88.43711977992,28.431093927007,0.));
#2438 = CARTESIAN_POINT('',(88.416683841733,28.444812425086,0.));
#2439 = CARTESIAN_POINT('',(88.396230085648,28.458524701213,0.));
#2440 = CARTESIAN_POINT('',(88.375758512214,28.472230747812,0.));
#2441 = CARTESIAN_POINT('',(88.355269122112,28.485930557528,0.));
#2442 = CARTESIAN_POINT('',(88.334761915937,28.499624122834,0.));
#2443 = CARTESIAN_POINT('',(88.314236894316,28.513311436249,0.));
#2444 = CARTESIAN_POINT('',(88.293694057909,28.526992490305,0.));
#2445 = CARTESIAN_POINT('',(88.273133407367,28.540667277517,0.));
#2446 = CARTESIAN_POINT('',(88.252554943309,28.554335790333,0.));
#2447 = CARTESIAN_POINT('',(88.23195866641,28.56799802129,0.));
#2448 = CARTESIAN_POINT('',(88.21134457728,28.581653962799,0.));
#2449 = CARTESIAN_POINT('',(88.190712676596,28.595303607357,0.));
#2450 = CARTESIAN_POINT('',(88.170062965019,28.608946947391,0.));
#2451 = CARTESIAN_POINT('',(88.14939544326,28.622583975421,0.));
#2452 = CARTESIAN_POINT('',(88.128710111921,28.636214683798,0.));
#2453 = CARTESIAN_POINT('',(88.108006971656,28.649839064913,0.));
#2454 = CARTESIAN_POINT('',(88.087286023233,28.66345711132,0.));
#2455 = CARTESIAN_POINT('',(88.066547267254,28.677068815299,0.));
#2456 = CARTESIAN_POINT('',(88.045790704402,28.690674169247,0.));
#2457 = CARTESIAN_POINT('',(88.025016335435,28.704273165652,0.));
#2458 = CARTESIAN_POINT('',(88.004224160975,28.717865796784,0.));
#2459 = CARTESIAN_POINT('',(87.983414181717,28.731452055027,0.));
#2460 = CARTESIAN_POINT('',(87.962586398382,28.745031932754,0.));
#2461 = CARTESIAN_POINT('',(87.941740811688,28.75860542233,0.));
#2462 = CARTESIAN_POINT('',(87.920877422304,28.77217251602,0.));
#2463 = CARTESIAN_POINT('',(87.899996230992,28.785733206241,0.));
#2464 = CARTESIAN_POINT('',(87.879097238425,28.799287485254,0.));
#2465 = CARTESIAN_POINT('',(87.858180445284,28.812835345287,0.));
#2466 = CARTESIAN_POINT('',(87.837245852417,28.826376778855,0.));
#2467 = CARTESIAN_POINT('',(87.816293460399,28.839911777983,0.));
#2468 = CARTESIAN_POINT('',(87.795323270044,28.85344033509,0.));
#2469 = CARTESIAN_POINT('',(87.774335282126,28.866962442498,0.));
#2470 = CARTESIAN_POINT('',(87.753329497261,28.880478092275,0.));
#2471 = CARTESIAN_POINT('',(87.732305916281,28.89398727681,0.));
#2472 = CARTESIAN_POINT('',(87.711264539944,28.907489988334,0.));
#2473 = CARTESIAN_POINT('',(87.690205368952,28.920986219008,0.));
#2474 = CARTESIAN_POINT('',(87.669128404075,28.934475961083,0.));
#2475 = CARTESIAN_POINT('',(87.648033646071,28.94795920676,0.));
#2476 = CARTESIAN_POINT('',(87.626921095706,28.961435948225,0.));
#2477 = CARTESIAN_POINT('',(87.605790753767,28.974906177695,0.));
#2478 = CARTESIAN_POINT('',(87.584642621004,28.988369887319,0.));
#2479 = CARTESIAN_POINT('',(87.563476698181,29.001827069258,0.));
#2480 = CARTESIAN_POINT('',(87.542292986078,29.01527771567,0.));
#2481 = CARTESIAN_POINT('',(87.521091485484,29.028721818686,0.));
#2482 = CARTESIAN_POINT('',(87.499872197238,29.042159370537,0.));
#2483 = CARTESIAN_POINT('',(87.47863512203,29.055590363191,0.));
#2484 = CARTESIAN_POINT('',(87.457380260714,29.069014788852,0.));
#2485 = CARTESIAN_POINT('',(87.43610761413,29.082432639677,0.));
#2486 = CARTESIAN_POINT('',(87.414817183015,29.095843907664,0.));
#2487 = CARTESIAN_POINT('',(87.393508968181,29.10924858491,0.));
#2488 = CARTESIAN_POINT('',(87.372182970493,29.122646663564,0.));
#2489 = CARTESIAN_POINT('',(87.350839190731,29.136038135625,0.));
#2490 = CARTESIAN_POINT('',(87.329477629716,29.149422993168,0.));
#2491 = CARTESIAN_POINT('',(87.308098288268,29.162801228216,0.));
#2492 = CARTESIAN_POINT('',(87.286701167253,29.176172832871,0.));
#2493 = CARTESIAN_POINT('',(87.265286267447,29.189537799064,0.));
#2494 = CARTESIAN_POINT('',(87.243853589721,29.202896118856,0.));
#2495 = CARTESIAN_POINT('',(87.22240313495,29.216247784299,0.));
#2496 = CARTESIAN_POINT('',(87.200934903927,29.229592787296,0.));
#2497 = CARTESIAN_POINT('',(87.179448897534,29.242931119898,0.));
#2498 = CARTESIAN_POINT('',(87.157945116615,29.25626277406,0.));
#2499 = CARTESIAN_POINT('',(87.136423562014,29.269587741715,0.));
#2500 = CARTESIAN_POINT('',(87.114884234628,29.282906014876,0.));
#2501 = CARTESIAN_POINT('',(87.093327135296,29.296217585433,0.));
#2502 = CARTESIAN_POINT('',(87.071752264908,29.309522445344,0.));
#2503 = CARTESIAN_POINT('',(87.050159624352,29.322820586537,0.));
#2504 = CARTESIAN_POINT('',(87.028549214514,29.336112000958,0.));
#2505 = CARTESIAN_POINT('',(87.006921036205,29.349396680391,0.));
#2506 = CARTESIAN_POINT('',(86.985275090388,29.362674616849,0.));
#2507 = CARTESIAN_POINT('',(86.963611377949,29.375945802177,0.));
#2508 = CARTESIAN_POINT('',(86.941929899779,29.389210228233,0.));
#2509 = CARTESIAN_POINT('',(86.920230656792,29.402467886895,0.));
#2510 = CARTESIAN_POINT('',(86.898513649904,29.415718770047,0.));
#2511 = CARTESIAN_POINT('',(86.876778879968,29.428962869418,0.));
#2512 = CARTESIAN_POINT('',(86.855026347984,29.442200176997,0.));
#2513 = CARTESIAN_POINT('',(86.833256054805,29.455430684471,0.));
#2514 = CARTESIAN_POINT('',(86.811468001387,29.468654383708,0.));
#2515 = CARTESIAN_POINT('',(86.789662188685,29.481871266555,0.));
#2516 = CARTESIAN_POINT('',(86.767838617569,29.495081324671,0.));
#2517 = CARTESIAN_POINT('',(86.745997289064,29.508284549998,0.));
#2518 = CARTESIAN_POINT('',(86.724138204055,29.521480934207,0.));
#2519 = CARTESIAN_POINT('',(86.702261363467,29.534670469026,0.));
#2520 = CARTESIAN_POINT('',(86.680366768321,29.547853146313,0.));
#2521 = CARTESIAN_POINT('',(86.658454419541,29.561028957714,0.));
#2522 = CARTESIAN_POINT('',(86.636524318127,29.574197895036,0.));
#2523 = CARTESIAN_POINT('',(86.614576465009,29.587359949962,0.));
#2524 = CARTESIAN_POINT('',(86.592610861111,29.600515114129,0.));
#2525 = CARTESIAN_POINT('',(86.570627507477,29.613663379341,0.));
#2526 = CARTESIAN_POINT('',(86.548626405081,29.62680473723,0.));
#2527 = CARTESIAN_POINT('',(86.526607554931,29.639939179533,0.));
#2528 = CARTESIAN_POINT('',(86.50457095796,29.653066697837,0.));
#2529 = CARTESIAN_POINT('',(86.482516615177,29.666187283816,0.));
#2530 = CARTESIAN_POINT('',(86.460444527624,29.679300929172,0.));
#2531 = CARTESIAN_POINT('',(86.438354696285,29.692407625525,0.));
#2532 = CARTESIAN_POINT('',(86.416247122108,29.705507364389,0.));
#2533 = CARTESIAN_POINT('',(86.394121806213,29.718600137566,0.));
#2534 = CARTESIAN_POINT('',(86.37197874955,29.731685936516,0.));
#2535 = CARTESIAN_POINT('',(86.349817953169,29.744764752901,0.));
#2536 = CARTESIAN_POINT('',(86.327639418088,29.757836578316,0.));
#2537 = CARTESIAN_POINT('',(86.305443145274,29.770901404187,0.));
#2538 = CARTESIAN_POINT('',(86.283229135914,29.783959222351,0.));
#2539 = CARTESIAN_POINT('',(86.260997390919,29.797010024098,0.));
#2540 = CARTESIAN_POINT('',(86.238747911406,29.810053801109,0.));
#2541 = CARTESIAN_POINT('',(86.216480698442,29.823090544949,0.));
#2542 = CARTESIAN_POINT('',(86.194195752991,29.836120246993,0.));
#2543 = CARTESIAN_POINT('',(86.171893076163,29.849142898835,0.));
#2544 = CARTESIAN_POINT('',(86.149572669077,29.862158492041,0.));
#2545 = CARTESIAN_POINT('',(86.127234532742,29.87516701799,0.));
#2546 = CARTESIAN_POINT('',(86.10487866826,29.888168468215,0.));
#2547 = CARTESIAN_POINT('',(86.082505076731,29.901162834227,0.));
#2548 = CARTESIAN_POINT('',(86.060113759175,29.914150107381,0.));
#2549 = CARTESIAN_POINT('',(86.037704716712,29.927130279173,0.));
#2550 = CARTESIAN_POINT('',(86.015277950484,29.940103341097,0.));
#2551 = CARTESIAN_POINT('',(85.992833461558,29.953069284526,0.));
#2552 = CARTESIAN_POINT('',(85.97037125102,29.966028100847,0.));
#2553 = CARTESIAN_POINT('',(85.94789132003,29.978979781556,0.));
#2554 = CARTESIAN_POINT('',(85.925393669666,29.991924317995,0.));
#2555 = CARTESIAN_POINT('',(85.902878301011,30.004861701465,0.));
#2556 = CARTESIAN_POINT('',(85.88034521531,30.017791923554,0.));
#2557 = CARTESIAN_POINT('',(85.857794413591,30.030714975425,0.));
#2558 = CARTESIAN_POINT('',(85.835225897027,30.04363084854,0.));
#2559 = CARTESIAN_POINT('',(85.812639666737,30.056539534195,0.));
#2560 = CARTESIAN_POINT('',(85.790035723872,30.069441023705,0.));
#2561 = CARTESIAN_POINT('',(85.767414069647,30.082335308523,0.));
#2562 = CARTESIAN_POINT('',(85.744774705114,30.095222379762,0.));
#2563 = CARTESIAN_POINT('',(85.72211763151,30.108102228888,0.));
#2564 = CARTESIAN_POINT('',(85.699442849965,30.120974847108,0.));
#2565 = CARTESIAN_POINT('',(85.676750361652,30.133840225702,0.));
#2566 = CARTESIAN_POINT('',(85.654040167786,30.146698356009,0.));
#2567 = CARTESIAN_POINT('',(85.631312269503,30.159549229215,0.));
#2568 = CARTESIAN_POINT('',(85.608566667988,30.172392836564,0.));
#2569 = CARTESIAN_POINT('',(85.585803364481,30.185229169374,0.));
#2570 = CARTESIAN_POINT('',(85.563022360136,30.1980582188,0.));
#2571 = CARTESIAN_POINT('',(85.540223656155,30.210879976045,0.));
#2572 = CARTESIAN_POINT('',(85.517407253801,30.223694432426,0.));
#2573 = CARTESIAN_POINT('',(85.494573154213,30.236501579001,0.));
#2574 = CARTESIAN_POINT('',(85.471721358642,30.249301407042,0.));
#2575 = CARTESIAN_POINT('',(85.448851868292,30.262093907655,0.));
#2576 = CARTESIAN_POINT('',(85.425964684448,30.274879072107,0.));
#2577 = CARTESIAN_POINT('',(85.403059808294,30.287656891479,0.));
#2578 = CARTESIAN_POINT('',(85.380137241037,30.300427356845,0.));
#2579 = CARTESIAN_POINT('',(85.357196984017,30.313190459523,0.));
#2580 = CARTESIAN_POINT('',(85.334239038399,30.325946190459,0.));
#2581 = CARTESIAN_POINT('',(85.311263405461,30.33869454083,0.));
#2582 = CARTESIAN_POINT('',(85.288270086486,30.351435501776,0.));
#2583 = CARTESIAN_POINT('',(85.26525908269,30.364169064268,0.));
#2584 = CARTESIAN_POINT('',(85.242230395426,30.37689521955,0.));
#2585 = CARTESIAN_POINT('',(85.2191840259,30.389613958546,0.));
#2586 = CARTESIAN_POINT('',(85.196119975416,30.402325272389,0.));
#2587 = CARTESIAN_POINT('',(85.173038245245,30.41502915209,0.));
#2588 = CARTESIAN_POINT('',(85.149938836679,30.427725588675,0.));
#2589 = CARTESIAN_POINT('',(85.126821751052,30.440414573223,0.));
#2590 = CARTESIAN_POINT('',(85.103686989646,30.453096096713,0.));
#2591 = CARTESIAN_POINT('',(85.080534553756,30.465770150128,0.));
#2592 = CARTESIAN_POINT('',(85.057364444711,30.478436724507,0.));
#2593 = CARTESIAN_POINT('',(85.034176663807,30.491095810784,0.));
#2594 = CARTESIAN_POINT('',(85.010971212378,30.503747399924,0.));
#2595 = CARTESIAN_POINT('',(84.98774809181,30.516391483001,0.));
#2596 = CARTESIAN_POINT('',(84.964507303352,30.529028050791,0.));
#2597 = CARTESIAN_POINT('',(84.941248848405,30.541657094377,0.));
#2598 = CARTESIAN_POINT('',(84.917972728279,30.554278604587,0.));
#2599 = CARTESIAN_POINT('',(84.894678944359,30.566892572421,0.));
#2600 = CARTESIAN_POINT('',(84.871367497963,30.579498988713,0.));
#2601 = CARTESIAN_POINT('',(84.848038390464,30.592097844384,0.));
#2602 = CARTESIAN_POINT('',(84.824691623247,30.604689130324,0.));
#2603 = CARTESIAN_POINT('',(84.801327197703,30.617272837427,0.));
#2604 = CARTESIAN_POINT('',(84.777945115199,30.62984895654,0.));
#2605 = CARTESIAN_POINT('',(84.754545377096,30.642417478482,0.));
#2606 = CARTESIAN_POINT('',(84.731127984808,30.654978394166,0.));
#2607 = CARTESIAN_POINT('',(84.70769293968,30.667531694302,0.));
#2608 = CARTESIAN_POINT('',(84.684240243185,30.680077369828,0.));
#2609 = CARTESIAN_POINT('',(84.66076989673,30.692615411544,0.));
#2610 = CARTESIAN_POINT('',(84.637281901678,30.705145810174,0.));
#2611 = CARTESIAN_POINT('',(84.61377625946,30.717668556528,0.));
#2612 = CARTESIAN_POINT('',(84.590252971542,30.730183641453,0.));
#2613 = CARTESIAN_POINT('',(84.566712039307,30.742691055618,0.));
#2614 = CARTESIAN_POINT('',(84.543153464215,30.755190789818,0.));
#2615 = CARTESIAN_POINT('',(84.519577247731,30.767682834865,0.));
#2616 = CARTESIAN_POINT('',(84.49598339122,30.780167181321,0.));
#2617 = CARTESIAN_POINT('',(84.472371896217,30.792643820069,0.));
#2618 = CARTESIAN_POINT('',(84.448742764166,30.805112741792,0.));
#2619 = CARTESIAN_POINT('',(84.425095996472,30.81757393705,0.));
#2620 = CARTESIAN_POINT('',(84.401431594721,30.830027396768,0.));
#2621 = CARTESIAN_POINT('',(84.377749560303,30.842473111455,0.));
#2622 = CARTESIAN_POINT('',(84.354049894682,30.854911071765,0.));
#2623 = CARTESIAN_POINT('',(84.330332599413,30.867341268482,0.));
#2624 = CARTESIAN_POINT('',(84.306597675943,30.87976369213,0.));
#2625 = CARTESIAN_POINT('',(84.282845125799,30.892178333409,0.));
#2626 = CARTESIAN_POINT('',(84.25907495049,30.904585182944,0.));
#2627 = CARTESIAN_POINT('',(84.235287151503,30.916984231306,0.));
#2628 = CARTESIAN_POINT('',(84.211481730366,30.929375469124,0.));
#2629 = CARTESIAN_POINT('',(84.187658688603,30.941758886985,0.));
#2630 = CARTESIAN_POINT('',(84.163818027745,30.954134475459,0.));
#2631 = CARTESIAN_POINT('',(84.13995974934,30.966502225153,0.));
#2632 = CARTESIAN_POINT('',(84.116083854896,30.978862126552,0.));
#2633 = CARTESIAN_POINT('',(84.092190345997,30.991214170268,0.));
#2634 = CARTESIAN_POINT('',(84.068279224189,31.003558346845,0.));
#2635 = CARTESIAN_POINT('',(84.044350490978,31.015894646708,0.));
#2636 = CARTESIAN_POINT('',(84.020404147979,31.028223060458,0.));
#2637 = CARTESIAN_POINT('',(83.996440196783,31.040543578616,0.));
#2638 = CARTESIAN_POINT('',(83.972458638927,31.052856191606,0.));
#2639 = CARTESIAN_POINT('',(83.948459476001,31.065160889924,0.));
#2640 = CARTESIAN_POINT('',(83.924442709621,31.077457664095,0.));
#2641 = CARTESIAN_POINT('',(83.900408341343,31.089746504524,0.));
#2642 = CARTESIAN_POINT('',(83.876356372746,31.102027401598,0.));
#2643 = CARTESIAN_POINT('',(83.852286805525,31.114300345918,0.));
#2644 = CARTESIAN_POINT('',(83.828199641239,31.126565327773,0.));
#2645 = CARTESIAN_POINT('',(83.80409488152,31.138822337629,0.));
#2646 = CARTESIAN_POINT('',(83.779972527995,31.151071365912,0.));
#2647 = CARTESIAN_POINT('',(83.755832582253,31.163312402912,0.));
#2648 = CARTESIAN_POINT('',(83.731675045992,31.175545439126,0.));
#2649 = CARTESIAN_POINT('',(83.70749992085,31.187770464927,0.));
#2650 = CARTESIAN_POINT('',(83.683307208393,31.199987470499,0.));
#2651 = CARTESIAN_POINT('',(83.659096910388,31.21219644641,0.));
#2652 = CARTESIAN_POINT('',(83.634869028467,31.224397382907,0.));
#2653 = CARTESIAN_POINT('',(83.610623564263,31.236590270263,0.));
#2654 = CARTESIAN_POINT('',(83.586360519486,31.248775098896,0.));
#2655 = CARTESIAN_POINT('',(83.562079895775,31.260951858988,0.));
#2656 = CARTESIAN_POINT('',(83.537781694873,31.273120540952,0.));
#2657 = CARTESIAN_POINT('',(83.513465918445,31.285281134991,0.));
#2658 = CARTESIAN_POINT('',(83.4891325682,31.29743363143,0.));
#2659 = CARTESIAN_POINT('',(83.464781645808,31.309578020437,0.));
#2660 = CARTESIAN_POINT('',(83.440413153033,31.321714292359,0.));
#2661 = CARTESIAN_POINT('',(83.416027091588,31.333842437416,0.));
#2662 = CARTESIAN_POINT('',(83.391623463153,31.345962445755,0.));
#2663 = CARTESIAN_POINT('',(83.367202269499,31.358074307684,0.));
#2664 = CARTESIAN_POINT('',(83.342763512345,31.370178013343,0.));
#2665 = CARTESIAN_POINT('',(83.318307193458,31.382273552952,0.));
#2666 = CARTESIAN_POINT('',(83.293833314604,31.394360916727,0.));
#2667 = CARTESIAN_POINT('',(83.269341877495,31.406440094802,0.));
#2668 = CARTESIAN_POINT('',(83.244832883849,31.418511077211,0.));
#2669 = CARTESIAN_POINT('',(83.220306335571,31.430573854357,0.));
#2670 = CARTESIAN_POINT('',(83.19576223437,31.442628416224,0.));
#2671 = CARTESIAN_POINT('',(83.171200581987,31.454674752893,0.));
#2672 = CARTESIAN_POINT('',(83.146621380261,31.466712854589,0.));
#2673 = CARTESIAN_POINT('',(83.122024630969,31.478742711333,0.));
#2674 = CARTESIAN_POINT('',(83.097410335937,31.490764313259,0.));
#2675 = CARTESIAN_POINT('',(83.072778496981,31.502777650483,0.));
#2676 = CARTESIAN_POINT('',(83.048129115855,31.514782712965,0.));
#2677 = CARTESIAN_POINT('',(83.023462194408,31.526779490828,0.));
#2678 = CARTESIAN_POINT('',(82.998777734491,31.538767974115,0.));
#2679 = CARTESIAN_POINT('',(82.974075737956,31.550748152922,0.));
#2680 = CARTESIAN_POINT('',(82.949356206575,31.562720017109,0.));
#2681 = CARTESIAN_POINT('',(82.924619142275,31.574683556873,0.));
#2682 = CARTESIAN_POINT('',(82.899864546871,31.586638762129,0.));
#2683 = CARTESIAN_POINT('',(82.87509242219,31.598585622792,0.));
#2684 = CARTESIAN_POINT('',(82.850302770179,31.610524129016,0.));
#2685 = CARTESIAN_POINT('',(82.825495592657,31.622454270622,0.));
#2686 = CARTESIAN_POINT('',(82.800670891518,31.634376037609,0.));
#2687 = CARTESIAN_POINT('',(82.775828668673,31.646289419993,0.));
#2688 = CARTESIAN_POINT('',(82.750968925948,31.658194407552,0.));
#2689 = CARTESIAN_POINT('',(82.726091665311,31.670090990331,0.));
#2690 = CARTESIAN_POINT('',(82.701196888691,31.68197915827,0.));
#2691 = CARTESIAN_POINT('',(82.676284597939,31.693858901151,0.));
#2692 = CARTESIAN_POINT('',(82.651354794995,31.705730208933,0.));
#2693 = CARTESIAN_POINT('',(82.626407481792,31.717593071473,0.));
#2694 = CARTESIAN_POINT('',(82.601442660279,31.729447478657,0.));
#2695 = CARTESIAN_POINT('',(82.576460332397,31.741293420342,0.));
#2696 = CARTESIAN_POINT('',(82.551460500069,31.753130886317,0.));
#2697 = CARTESIAN_POINT('',(82.526443165285,31.764959866504,0.));
#2698 = CARTESIAN_POINT('',(82.50140832997,31.776780350634,0.));
#2699 = CARTESIAN_POINT('',(82.476355996106,31.788592328552,0.));
#2700 = CARTESIAN_POINT('',(82.451286165688,31.800395790083,0.));
#2701 = CARTESIAN_POINT('',(82.426198840682,31.812190724965,0.));
#2702 = CARTESIAN_POINT('',(82.401094023096,31.823977123019,0.));
#2703 = CARTESIAN_POINT('',(82.375971714919,31.835754973992,0.));
#2704 = CARTESIAN_POINT('',(82.350831918135,31.847524267602,0.));
#2705 = CARTESIAN_POINT('',(82.325674634779,31.859284993661,0.));
#2706 = CARTESIAN_POINT('',(82.300499866834,31.871037141792,0.));
#2707 = CARTESIAN_POINT('',(82.275307616383,31.882780701845,0.));
#2708 = CARTESIAN_POINT('',(82.250097885423,31.894515663433,0.));
#2709 = CARTESIAN_POINT('',(82.224870675991,31.906242016292,0.));
#2710 = CARTESIAN_POINT('',(82.199625990119,31.917959750061,0.));
#2711 = CARTESIAN_POINT('',(82.174363829888,31.929668854465,0.));
#2712 = CARTESIAN_POINT('',(82.149084197358,31.941369319157,0.));
#2713 = CARTESIAN_POINT('',(82.123787094578,31.95306113376,0.));
#2714 = CARTESIAN_POINT('',(82.098472523624,31.964744287921,0.));
#2715 = CARTESIAN_POINT('',(82.073140486592,31.976418771298,0.));
#2716 = CARTESIAN_POINT('',(82.047790985548,31.988084573448,0.));
#2717 = CARTESIAN_POINT('',(82.022424022608,31.999741684049,0.));
#2718 = CARTESIAN_POINT('',(81.997039599843,32.011390092609,0.));
#2719 = CARTESIAN_POINT('',(81.971637719392,32.023029788759,0.));
#2720 = CARTESIAN_POINT('',(81.946218383393,32.034660762124,0.));
#2721 = CARTESIAN_POINT('',(81.920781593911,32.046283002125,0.));
#2722 = CARTESIAN_POINT('',(81.895327353122,32.057896498436,0.));
#2723 = CARTESIAN_POINT('',(81.869855663148,32.069501240526,0.));
#2724 = CARTESIAN_POINT('',(81.844366526134,32.081097217942,0.));
#2725 = CARTESIAN_POINT('',(81.818859944223,32.092684420191,0.));
#2726 = CARTESIAN_POINT('',(81.793335919568,32.104262836734,0.));
#2727 = CARTESIAN_POINT('',(81.767794454382,32.115832457146,0.));
#2728 = CARTESIAN_POINT('',(81.74223555082,32.127393270875,0.));
#2729 = CARTESIAN_POINT('',(81.716659211027,32.138945267303,0.));
#2730 = CARTESIAN_POINT('',(81.691065437247,32.150488436035,0.));
#2731 = CARTESIAN_POINT('',(81.665454231623,32.162022766388,0.));
#2732 = CARTESIAN_POINT('',(81.639825596363,32.173548247812,0.));
#2733 = CARTESIAN_POINT('',(81.614179533721,32.185064869797,0.));
#2734 = CARTESIAN_POINT('',(81.588516045905,32.196572621714,0.));
#2735 = CARTESIAN_POINT('',(81.562835135116,32.208071492952,0.));
#2736 = CARTESIAN_POINT('',(81.537136803578,32.219561472873,0.));
#2737 = CARTESIAN_POINT('',(81.511421053562,32.231042550887,0.));
#2738 = CARTESIAN_POINT('',(81.485687887336,32.242514716413,0.));
#2739 = CARTESIAN_POINT('',(81.459937307093,32.253977958666,0.));
#2740 = CARTESIAN_POINT('',(81.434169315128,32.265432267103,0.));
#2741 = CARTESIAN_POINT('',(81.408383913693,32.276877630975,0.));
#2742 = CARTESIAN_POINT('',(81.382581105091,32.288314039639,0.));
#2743 = CARTESIAN_POINT('',(81.356760891623,32.299741482445,0.));
#2744 = CARTESIAN_POINT('',(81.330923275531,32.311159948589,0.));
#2745 = CARTESIAN_POINT('',(81.305068259129,32.322569427385,0.));
#2746 = CARTESIAN_POINT('',(81.279195844763,32.33396990818,0.));
#2747 = CARTESIAN_POINT('',(81.253306034706,32.345361380119,0.));
#2748 = CARTESIAN_POINT('',(81.227398831312,32.356743832533,0.));
#2749 = CARTESIAN_POINT('',(81.201474236898,32.368117254661,0.));
#2750 = CARTESIAN_POINT('',(81.175532253752,32.379481635596,0.));
#2751 = CARTESIAN_POINT('',(81.149572884293,32.390836964741,0.));
#2752 = CARTESIAN_POINT('',(81.123596130832,32.402183231148,0.));
#2753 = CARTESIAN_POINT('',(81.097601995759,32.413520424095,0.));
#2754 = CARTESIAN_POINT('',(81.071590481434,32.42484853274,0.));
#2755 = CARTESIAN_POINT('',(81.045561590213,32.436167546211,0.));
#2756 = CARTESIAN_POINT('',(81.01951532449,32.447477453711,0.));
#2757 = CARTESIAN_POINT('',(80.993451686645,32.458778244335,0.));
#2758 = CARTESIAN_POINT('',(80.967370679104,32.470069907261,0.));
#2759 = CARTESIAN_POINT('',(80.941272304271,32.481352431597,0.));
#2760 = CARTESIAN_POINT('',(80.915156564549,32.492625806471,0.));
#2761 = CARTESIAN_POINT('',(80.889023462318,32.503890020858,0.));
#2762 = CARTESIAN_POINT('',(80.862873000089,32.515145064025,0.));
#2763 = CARTESIAN_POINT('',(80.836705180265,32.526390924965,0.));
#2764 = CARTESIAN_POINT('',(80.810520005253,32.537627592652,0.));
#2765 = CARTESIAN_POINT('',(80.784317477571,32.548855056285,0.));
#2766 = CARTESIAN_POINT('',(80.758097599659,32.560073304858,0.));
#2767 = CARTESIAN_POINT('',(80.731860373937,32.571282327285,0.));
#2768 = CARTESIAN_POINT('',(80.705605802943,32.582482112749,0.));
#2769 = CARTESIAN_POINT('',(80.67933388913,32.593672650138,0.));
#2770 = CARTESIAN_POINT('',(80.653044635009,32.604853928469,0.));
#2771 = CARTESIAN_POINT('',(80.626738043106,32.616025936818,0.));
#2772 = CARTESIAN_POINT('',(80.600414115854,32.627188663997,0.));
#2773 = CARTESIAN_POINT('',(80.574072855791,32.638342098998,0.));
#2774 = CARTESIAN_POINT('',(80.547714265511,32.649486230905,0.));
#2775 = CARTESIAN_POINT('',(80.521338347485,32.660621048506,0.));
#2776 = CARTESIAN_POINT('',(80.49494510424,32.671746540747,0.));
#2777 = CARTESIAN_POINT('',(80.468534538353,32.682862696562,0.));
#2778 = CARTESIAN_POINT('',(80.442106652403,32.693969504873,0.));
#2779 = CARTESIAN_POINT('',(80.415661448935,32.705066954562,0.));
#2780 = CARTESIAN_POINT('',(80.38919893048,32.716155034408,0.));
#2781 = CARTESIAN_POINT('',(80.36271909967,32.72723373341,0.));
#2782 = CARTESIAN_POINT('',(80.336221959068,32.738303040334,0.));
#2783 = CARTESIAN_POINT('',(80.309707511271,32.749362944021,0.));
#2784 = CARTESIAN_POINT('',(80.283175758917,32.760413433369,0.));
#2785 = CARTESIAN_POINT('',(80.256626704594,32.77145449713,0.));
#2786 = CARTESIAN_POINT('',(80.230060350914,32.782486124126,0.));
#2787 = CARTESIAN_POINT('',(80.203476700504,32.793508303139,0.));
#2788 = CARTESIAN_POINT('',(80.176875756014,32.80452102295,0.));
#2789 = CARTESIAN_POINT('',(80.150257520109,32.815524272392,0.));
#2790 = CARTESIAN_POINT('',(80.1236219954,32.82651804012,0.));
#2791 = CARTESIAN_POINT('',(80.096969184566,32.837502314941,0.));
#2792 = CARTESIAN_POINT('',(80.070299090281,32.848477085594,0.));
#2793 = CARTESIAN_POINT('',(80.043611715213,32.859442340736,0.));
#2794 = CARTESIAN_POINT('',(80.016907062093,32.870398069201,0.));
#2795 = CARTESIAN_POINT('',(79.990185133577,32.881344259585,0.));
#2796 = CARTESIAN_POINT('',(79.963445932363,32.892280900584,0.));
#2797 = CARTESIAN_POINT('',(79.936689461183,32.903207980945,0.));
#2798 = CARTESIAN_POINT('',(79.909915722724,32.914125489208,0.));
#2799 = CARTESIAN_POINT('',(79.883124719762,32.92503341416,0.));
#2800 = CARTESIAN_POINT('',(79.856316455006,32.935931744378,0.));
#2801 = CARTESIAN_POINT('',(79.829490931175,32.946820468428,0.));
#2802 = CARTESIAN_POINT('',(79.802648151073,32.957699575058,0.));
#2803 = CARTESIAN_POINT('',(79.775788117432,32.968569052764,0.));
#2804 = CARTESIAN_POINT('',(79.748910833036,32.979428890205,0.));
#2805 = CARTESIAN_POINT('',(79.722016300654,32.990279075911,0.));
#2806 = CARTESIAN_POINT('',(79.695104523091,33.001119598512,0.));
#2807 = CARTESIAN_POINT('',(79.668175503115,33.011950446523,0.));
#2808 = CARTESIAN_POINT('',(79.641229243515,33.022771608446,0.));
#2809 = CARTESIAN_POINT('',(79.614265747153,33.033583072895,0.));
#2810 = CARTESIAN_POINT('',(79.587285016861,33.044384828426,0.));
#2811 = CARTESIAN_POINT('',(79.560287055399,33.055176863411,0.));
#2812 = CARTESIAN_POINT('',(79.533271865628,33.065959166421,0.));
#2813 = CARTESIAN_POINT('',(79.506239450428,33.076731725985,0.));
#2814 = CARTESIAN_POINT('',(79.479189812635,33.087494530519,0.));
#2815 = CARTESIAN_POINT('',(79.452122955118,33.098247568505,0.));
#2816 = CARTESIAN_POINT('',(79.425038880758,33.108990828414,0.));
#2817 = CARTESIAN_POINT('',(79.397937592415,33.119724298673,0.));
#2818 = CARTESIAN_POINT('',(79.370819092954,33.130447967648,0.));
#2819 = CARTESIAN_POINT('',(79.343683385314,33.141161823824,0.));
#2820 = CARTESIAN_POINT('',(79.31653047242,33.151865855646,0.));
#2821 = CARTESIAN_POINT('',(79.289360357139,33.162560051382,0.));
#2822 = CARTESIAN_POINT('',(79.262173042428,33.173244399503,0.));
#2823 = CARTESIAN_POINT('',(79.234968531225,33.183918888399,0.));
#2824 = CARTESIAN_POINT('',(79.20774682642,33.194583506296,0.));
#2825 = CARTESIAN_POINT('',(79.180507931012,33.205238241673,0.));
#2826 = CARTESIAN_POINT('',(79.153251847954,33.21588308281,0.));
#2827 = CARTESIAN_POINT('',(79.125978580206,33.226518018004,0.));
#2828 = CARTESIAN_POINT('',(79.098688130766,33.237143035646,0.));
#2829 = CARTESIAN_POINT('',(79.071380502578,33.247758123923,0.));
#2830 = CARTESIAN_POINT('',(79.044055698658,33.258363271174,0.));
#2831 = CARTESIAN_POINT('',(79.016713722038,33.268958465706,0.));
#2832 = CARTESIAN_POINT('',(78.989354575708,33.279543695759,0.));
#2833 = CARTESIAN_POINT('',(78.961978262654,33.290118949519,0.));
#2834 = CARTESIAN_POINT('',(78.934584785936,33.300684215269,0.));
#2835 = CARTESIAN_POINT('',(78.907174148628,33.311239481299,0.));
#2836 = CARTESIAN_POINT('',(78.879746353739,33.321784735739,0.));
#2837 = CARTESIAN_POINT('',(78.852301404315,33.332319966784,0.));
#2838 = CARTESIAN_POINT('',(78.824839303453,33.342845162691,0.));
#2839 = CARTESIAN_POINT('',(78.797360054218,33.353360311596,0.));
#2840 = CARTESIAN_POINT('',(78.769863659686,33.363865401657,0.));
#2841 = CARTESIAN_POINT('',(78.742350122954,33.374360421071,0.));
#2842 = CARTESIAN_POINT('',(78.714819447103,33.384845357893,0.));
#2843 = CARTESIAN_POINT('',(78.687271635288,33.395320200341,0.));
#2844 = CARTESIAN_POINT('',(78.659706690637,33.405784936568,0.));
#2845 = CARTESIAN_POINT('',(78.632124616212,33.416239554519,0.));
#2846 = CARTESIAN_POINT('',(78.604525415194,33.426684042445,0.));
#2847 = CARTESIAN_POINT('',(78.576909090723,33.437118388313,0.));
#2848 = CARTESIAN_POINT('',(78.549275645996,33.44754258033,0.));
#2849 = CARTESIAN_POINT('',(78.521625084132,33.457956606448,0.));
#2850 = CARTESIAN_POINT('',(78.493957408284,33.468360454703,0.));
#2851 = CARTESIAN_POINT('',(78.46627262166,33.478754113178,0.));
#2852 = CARTESIAN_POINT('',(78.43857072747,33.489137569872,0.));
#2853 = CARTESIAN_POINT('',(78.410851728935,33.499510812871,0.));
#2854 = CARTESIAN_POINT('',(78.383115629222,33.509873830047,0.));
#2855 = CARTESIAN_POINT('',(78.355362431575,33.52022660948,0.));
#2856 = CARTESIAN_POINT('',(78.327592139224,33.530569139124,0.));
#2857 = CARTESIAN_POINT('',(78.2998047554,33.540901406897,0.));
#2858 = CARTESIAN_POINT('',(78.272000283376,33.551223400859,0.));
#2859 = CARTESIAN_POINT('',(78.244178726359,33.561535108815,0.));
#2860 = CARTESIAN_POINT('',(78.216340087638,33.571836518725,0.));
#2861 = CARTESIAN_POINT('',(78.188484370541,33.582127618627,0.));
#2862 = CARTESIAN_POINT('',(78.160611578298,33.592408396289,0.));
#2863 = CARTESIAN_POINT('',(78.132721714195,33.602678839587,0.));
#2864 = CARTESIAN_POINT('',(78.104814781596,33.612938936538,0.));
#2865 = CARTESIAN_POINT('',(78.076890783786,33.623188674914,0.));
#2866 = CARTESIAN_POINT('',(78.048949724068,33.63342804254,0.));
#2867 = CARTESIAN_POINT('',(78.020991605804,33.643657027373,0.));
#2868 = CARTESIAN_POINT('',(77.9930164323,33.653875617079,0.));
#2869 = CARTESIAN_POINT('',(77.965024206964,33.664083799661,0.));
#2870 = CARTESIAN_POINT('',(77.937014933123,33.67428156281,0.));
#2871 = CARTESIAN_POINT('',(77.908988614137,33.684468894324,0.));
#2872 = CARTESIAN_POINT('',(77.880945253411,33.694645782034,0.));
#2873 = CARTESIAN_POINT('',(77.852884854339,33.704812213678,0.));
#2874 = CARTESIAN_POINT('',(77.824807420329,33.714968177066,0.));
#2875 = CARTESIAN_POINT('',(77.796712954761,33.725113659857,0.));
#2876 = CARTESIAN_POINT('',(77.768601461067,33.735248649896,0.));
#2877 = CARTESIAN_POINT('',(77.740472942634,33.745373134735,0.));
#2878 = CARTESIAN_POINT('',(77.712327402973,33.755487102271,0.));
#2879 = CARTESIAN_POINT('',(77.684164845522,33.765590540143,0.));
#2880 = CARTESIAN_POINT('',(77.655985273703,33.775683435986,0.));
#2881 = CARTESIAN_POINT('',(77.627788690993,33.785765777509,0.));
#2882 = CARTESIAN_POINT('',(77.599575100882,33.795837552399,0.));
#2883 = CARTESIAN_POINT('',(77.571344506851,33.805898748248,0.));
#2884 = CARTESIAN_POINT('',(77.543096912416,33.815949352814,0.));
#2885 = CARTESIAN_POINT('',(77.514832321024,33.825989353532,0.));
#2886 = CARTESIAN_POINT('',(77.486550736248,33.836018738175,0.));
#2887 = CARTESIAN_POINT('',(77.458252161621,33.846037494336,0.));
#2888 = CARTESIAN_POINT('',(77.429936600643,33.856045609505,0.));
#2889 = CARTESIAN_POINT('',(77.401604056885,33.866043071375,0.));
#2890 = CARTESIAN_POINT('',(77.373254533883,33.876029867432,0.));
#2891 = CARTESIAN_POINT('',(77.344888035206,33.886005985255,0.));
#2892 = CARTESIAN_POINT('',(77.316504564444,33.895971412397,0.));
#2893 = CARTESIAN_POINT('',(77.288104125186,33.90592613641,0.));
#2894 = CARTESIAN_POINT('',(77.259686720993,33.915870144761,0.));
#2895 = CARTESIAN_POINT('',(77.231252355478,33.925803424926,0.));
#2896 = CARTESIAN_POINT('',(77.202801032313,33.935725964553,0.));
#2897 = CARTESIAN_POINT('',(77.174332755078,33.945637750981,0.));
#2898 = CARTESIAN_POINT('',(77.145847527399,33.955538771723,0.));
#2899 = CARTESIAN_POINT('',(77.117345352927,33.965429014235,0.));
#2900 = CARTESIAN_POINT('',(77.088826235327,33.975308465941,0.));
#2901 = CARTESIAN_POINT('',(77.060290178289,33.985177114395,0.));
#2902 = CARTESIAN_POINT('',(77.031737185427,33.995034946805,0.));
#2903 = CARTESIAN_POINT('',(77.00316726048,34.004881950769,0.));
#2904 = CARTESIAN_POINT('',(76.974580407136,34.014718113622,0.));
#2905 = CARTESIAN_POINT('',(76.945976629075,34.024543422722,0.));
#2906 = CARTESIAN_POINT('',(76.917355930016,34.034357865449,0.));
#2907 = CARTESIAN_POINT('',(76.888718313712,34.044161429193,0.));
#2908 = CARTESIAN_POINT('',(76.860063783901,34.053954101342,0.));
#2909 = CARTESIAN_POINT('',(76.831392344282,34.063735869093,0.));
#2910 = CARTESIAN_POINT('',(76.802703998653,34.073506719915,0.));
#2911 = CARTESIAN_POINT('',(76.773998750778,34.083266641057,0.));
#2912 = CARTESIAN_POINT('',(76.74527660443,34.093015619832,0.));
#2913 = CARTESIAN_POINT('',(76.716537563392,34.10275364353,0.));
#2914 = CARTESIAN_POINT('',(76.687781631455,34.112480699414,0.));
#2915 = CARTESIAN_POINT('',(76.659008812436,34.122196774751,0.));
#2916 = CARTESIAN_POINT('',(76.630219110168,34.131901856838,0.));
#2917 = CARTESIAN_POINT('',(76.601412528456,34.141595932857,0.));
#2918 = CARTESIAN_POINT('',(76.572589071138,34.15127899005,0.));
#2919 = CARTESIAN_POINT('',(76.543748742076,34.160951015648,0.));
#2920 = CARTESIAN_POINT('',(76.514891545134,34.170611996878,0.));
#2921 = CARTESIAN_POINT('',(76.486017484163,34.180261920841,0.));
#2922 = CARTESIAN_POINT('',(76.457126563081,34.189900774872,0.));
#2923 = CARTESIAN_POINT('',(76.42821878573,34.199528545977,0.));
#2924 = CARTESIAN_POINT('',(76.39929415603,34.209145221378,0.));
#2925 = CARTESIAN_POINT('',(76.370352677918,34.218750788286,0.));
#2926 = CARTESIAN_POINT('',(76.341394355278,34.228345233711,0.));
#2927 = CARTESIAN_POINT('',(76.312419192061,34.237928544831,0.));
#2928 = CARTESIAN_POINT('',(76.283427192234,34.247500708805,0.));
#2929 = CARTESIAN_POINT('',(76.254418359716,34.257061712651,0.));
#2930 = CARTESIAN_POINT('',(76.225392698468,34.266611543434,0.));
#2931 = CARTESIAN_POINT('',(76.196350212506,34.276150188342,0.));
#2932 = CARTESIAN_POINT('',(76.167290905784,34.285677634332,0.));
#2933 = CARTESIAN_POINT('',(76.138214782297,34.295193868437,0.));
#2934 = CARTESIAN_POINT('',(76.109121846088,34.304698877826,0.));
#2935 = CARTESIAN_POINT('',(76.080012101125,34.31419264937,0.));
#2936 = CARTESIAN_POINT('',(76.050885551444,34.323675170106,0.));
#2937 = CARTESIAN_POINT('',(76.021742201126,34.333146427144,0.));
#2938 = CARTESIAN_POINT('',(75.992582054184,34.342606407359,0.));
#2939 = CARTESIAN_POINT('',(75.963405114675,34.352055097706,0.));
#2940 = CARTESIAN_POINT('',(75.934211386715,34.361492485299,0.));
#2941 = CARTESIAN_POINT('',(75.905000874334,34.370918556929,0.));
#2942 = CARTESIAN_POINT('',(75.875773581636,34.380333299538,0.));
#2943 = CARTESIAN_POINT('',(75.846529512782,34.38973670024,0.));
#2944 = CARTESIAN_POINT('',(75.817268671812,34.399128745739,0.));
#2945 = CARTESIAN_POINT('',(75.787991062846,34.408509422959,0.));
#2946 = CARTESIAN_POINT('',(75.758696690076,34.417878718907,0.));
#2947 = CARTESIAN_POINT('',(75.729385557646,34.42723662038,0.));
#2948 = CARTESIAN_POINT('',(75.700057669701,34.436583114292,0.));
#2949 = CARTESIAN_POINT('',(75.670713030377,34.445918187392,0.));
#2950 = CARTESIAN_POINT('',(75.641351643889,34.455241826616,0.));
#2951 = CARTESIAN_POINT('',(75.611973514429,34.464554018818,0.));
#2952 = CARTESIAN_POINT('',(75.582578646154,34.473854750642,0.));
#2953 = CARTESIAN_POINT('',(75.553167043341,34.483144009111,0.));
#2954 = CARTESIAN_POINT('',(75.523738710192,34.492421780889,0.));
#2955 = CARTESIAN_POINT('',(75.494293650937,34.501688052777,0.));
#2956 = CARTESIAN_POINT('',(75.464831869823,34.510942811584,0.));
#2957 = CARTESIAN_POINT('',(75.435353371082,34.520186043962,0.));
#2958 = CARTESIAN_POINT('',(75.405858159011,34.529417736788,0.));
#2959 = CARTESIAN_POINT('',(75.376346237877,34.538637876652,0.));
#2960 = CARTESIAN_POINT('',(75.346817612009,34.547846450439,0.));
#2961 = CARTESIAN_POINT('',(75.317272285661,34.557043444741,0.));
#2962 = CARTESIAN_POINT('',(75.287710263122,34.566228846206,0.));
#2963 = CARTESIAN_POINT('',(75.258131548771,34.575402641626,0.));
#2964 = CARTESIAN_POINT('',(75.228536146955,34.584564817677,0.));
#2965 = CARTESIAN_POINT('',(75.19892406199,34.593715360924,0.));
#2966 = CARTESIAN_POINT('',(75.169295298241,34.6028542581,0.));
#2967 = CARTESIAN_POINT('',(75.139649860053,34.61198149579,0.));
#2968 = CARTESIAN_POINT('',(75.109987751797,34.621097060553,0.));
#2969 = CARTESIAN_POINT('',(75.080308977915,34.630200939164,0.));
#2970 = CARTESIAN_POINT('',(75.050613542782,34.639293118063,0.));
#2971 = CARTESIAN_POINT('',(75.020901450831,34.648373583943,0.));
#2972 = CARTESIAN_POINT('',(74.991172706472,34.657442323325,0.));
#2973 = CARTESIAN_POINT('',(74.961427314136,34.666499322757,0.));
#2974 = CARTESIAN_POINT('',(74.931665278283,34.675544568833,0.));
#2975 = CARTESIAN_POINT('',(74.901886603358,34.684578048055,0.));
#2976 = CARTESIAN_POINT('',(74.872091293827,34.69359974694,0.));
#2977 = CARTESIAN_POINT('',(74.842279354191,34.702609652003,0.));
#2978 = CARTESIAN_POINT('',(74.812450788969,34.711607749817,0.));
#2979 = CARTESIAN_POINT('',(74.782605602631,34.720594026798,0.));
#2980 = CARTESIAN_POINT('',(74.752743799674,34.729568469378,0.));
#2981 = CARTESIAN_POINT('',(74.722865384661,34.738531064122,0.));
#2982 = CARTESIAN_POINT('',(74.692970362128,34.747481797422,0.));
#2983 = CARTESIAN_POINT('',(74.663058736624,34.756420655744,0.));
#2984 = CARTESIAN_POINT('',(74.633130512702,34.765347625479,0.));
#2985 = CARTESIAN_POINT('',(74.603185694947,34.774262693079,0.));
#2986 = CARTESIAN_POINT('',(74.573224287942,34.78316584492,0.));
#2987 = CARTESIAN_POINT('',(74.543246296285,34.792057067433,0.));
#2988 = CARTESIAN_POINT('',(74.513251724565,34.800936346896,0.));
#2989 = CARTESIAN_POINT('',(74.483240577446,34.809803669811,0.));
#2990 = CARTESIAN_POINT('',(74.453212859549,34.818659022451,0.));
#2991 = CARTESIAN_POINT('',(74.42316857551,34.827502391172,0.));
#2992 = CARTESIAN_POINT('',(74.393107729974,34.83633376233,0.));
#2993 = CARTESIAN_POINT('',(74.363030327591,34.845153122123,0.));
#2994 = CARTESIAN_POINT('',(74.332936373103,34.853960457029,0.));
#2995 = CARTESIAN_POINT('',(74.302825871184,34.862755753299,0.));
#2996 = CARTESIAN_POINT('',(74.272698826483,34.871538997069,0.));
#2997 = CARTESIAN_POINT('',(74.242555243766,34.880310174759,0.));
#2998 = CARTESIAN_POINT('',(74.212395127769,34.889069272637,0.));
#2999 = CARTESIAN_POINT('',(74.182218483187,34.897816276799,0.));
#3000 = CARTESIAN_POINT('',(74.1520253148,34.90655117363,0.));
#3001 = CARTESIAN_POINT('',(74.121815627364,34.915273949248,0.));
#3002 = CARTESIAN_POINT('',(74.091589425669,34.923984589944,0.));
#3003 = CARTESIAN_POINT('',(74.061346714481,34.932683081845,0.));
#3004 = CARTESIAN_POINT('',(74.031087498599,34.941369411149,0.));
#3005 = CARTESIAN_POINT('',(74.000811782845,34.950043564061,0.));
#3006 = CARTESIAN_POINT('',(73.970519572034,34.958705526694,0.));
#3007 = CARTESIAN_POINT('',(73.940210871008,34.967355285231,0.));
#3008 = CARTESIAN_POINT('',(73.909885684618,34.975992825775,0.));
#3009 = CARTESIAN_POINT('',(73.87954401773,34.984618134525,0.));
#3010 = CARTESIAN_POINT('',(73.849185875175,34.993231197466,0.));
#3011 = CARTESIAN_POINT('',(73.818811261855,35.001832000757,0.));
#3012 = CARTESIAN_POINT('',(73.788420182685,35.01042053055,0.));
#3013 = CARTESIAN_POINT('',(73.758012642543,35.018996772783,0.));
#3014 = CARTESIAN_POINT('',(73.727588646383,35.027560713614,0.));
#3015 = CARTESIAN_POINT('',(73.697148199143,35.036112339158,0.));
#3016 = CARTESIAN_POINT('',(73.666691305705,35.044651635236,0.));
#3017 = CARTESIAN_POINT('',(73.636217971063,35.053178588053,0.));
#3018 = CARTESIAN_POINT('',(73.605728200203,35.061693183574,0.));
#3019 = CARTESIAN_POINT('',(73.575221998094,35.070195407812,0.));
#3020 = CARTESIAN_POINT('',(73.544699369708,35.078685246698,0.));
#3021 = CARTESIAN_POINT('',(73.514160320068,35.087162686268,0.));
#3022 = CARTESIAN_POINT('',(73.483604854192,35.095627712468,0.));
#3023 = CARTESIAN_POINT('',(73.453032977104,35.104080311242,0.));
#3024 = CARTESIAN_POINT('',(73.422444693847,35.112520468526,0.));
#3025 = CARTESIAN_POINT('',(73.391840009486,35.12094817028,0.));
#3026 = CARTESIAN_POINT('',(73.361218929079,35.129363402375,0.));
#3027 = CARTESIAN_POINT('',(73.330581457709,35.13776615074,0.));
#3028 = CARTESIAN_POINT('',(73.299927600461,35.146156401304,0.));
#3029 = CARTESIAN_POINT('',(73.269257362424,35.154534139762,0.));
#3030 = CARTESIAN_POINT('',(73.238570748791,35.162899352305,0.));
#3031 = CARTESIAN_POINT('',(73.207867764628,35.17125202454,0.));
#3032 = CARTESIAN_POINT('',(73.17714841505,35.179592142297,0.));
#3033 = CARTESIAN_POINT('',(73.146412705262,35.187919691569,0.));
#3034 = CARTESIAN_POINT('',(73.115660640415,35.196234658046,0.));
#3035 = CARTESIAN_POINT('',(73.084892225687,35.204537027578,0.));
#3036 = CARTESIAN_POINT('',(73.054107466275,35.212826785958,0.));
#3037 = CARTESIAN_POINT('',(73.023306367385,35.221103918968,0.));
#3038 = CARTESIAN_POINT('',(72.992488934232,35.229368412366,0.));
#3039 = CARTESIAN_POINT('',(72.961655172052,35.237620251914,0.));
#3040 = CARTESIAN_POINT('',(72.930805086087,35.245859423399,0.));
#3041 = CARTESIAN_POINT('',(72.899938681565,35.254085912444,0.));
#3042 = CARTESIAN_POINT('',(72.869055963787,35.262299704865,0.));
#3043 = CARTESIAN_POINT('',(72.838156938044,35.270500786385,0.));
#3044 = CARTESIAN_POINT('',(72.807241609602,35.27868914262,0.));
#3045 = CARTESIAN_POINT('',(72.77630998377,35.286864759289,0.));
#3046 = CARTESIAN_POINT('',(72.745362065877,35.295027622104,0.));
#3047 = CARTESIAN_POINT('',(72.714397861239,35.303177716634,0.));
#3048 = CARTESIAN_POINT('',(72.68341737522,35.311315028618,0.));
#3049 = CARTESIAN_POINT('',(72.652420613183,35.319439543636,0.));
#3050 = CARTESIAN_POINT('',(72.621407580506,35.327551247359,0.));
#3051 = CARTESIAN_POINT('',(72.590378282551,35.335650125389,0.));
#3052 = CARTESIAN_POINT('',(72.559332724691,35.343736163204,0.));
#3053 = CARTESIAN_POINT('',(72.528270912381,35.351809346594,0.));
#3054 = CARTESIAN_POINT('',(72.497192851027,35.359869660962,0.));
#3055 = CARTESIAN_POINT('',(72.466098546073,35.36791709199,0.));
#3056 = CARTESIAN_POINT('',(72.434988002951,35.375951625162,0.));
#3057 = CARTESIAN_POINT('',(72.403861227122,35.383973245973,0.));
#3058 = CARTESIAN_POINT('',(72.372718224097,35.391981940108,0.));
#3059 = CARTESIAN_POINT('',(72.34155899933,35.399977692921,0.));
#3060 = CARTESIAN_POINT('',(72.310383558325,35.407960489963,0.));
#3061 = CARTESIAN_POINT('',(72.279191906606,35.415930316786,0.));
#3062 = CARTESIAN_POINT('',(72.247984049679,35.423887158743,0.));
#3063 = CARTESIAN_POINT('',(72.216759993114,35.431831001401,0.));
#3064 = CARTESIAN_POINT('',(72.185519742476,35.43976183022,0.));
#3065 = CARTESIAN_POINT('',(72.154263303295,35.44767963059,0.));
#3066 = CARTESIAN_POINT('',(72.122990681141,35.455584387885,0.));
#3067 = CARTESIAN_POINT('',(72.09170188165,35.463476087658,0.));
#3068 = CARTESIAN_POINT('',(72.060396910417,35.471354715251,0.));
#3069 = CARTESIAN_POINT('',(72.029075773039,35.479220255998,0.));
#3070 = CARTESIAN_POINT('',(71.997738475172,35.487072695365,0.));
#3071 = CARTESIAN_POINT('',(71.966385022458,35.494912018702,0.));
#3072 = CARTESIAN_POINT('',(71.935015420544,35.502738211295,0.));
#3073 = CARTESIAN_POINT('',(71.903629675134,35.510551258586,0.));
#3074 = CARTESIAN_POINT('',(71.872227791905,35.518351145899,0.));
#3075 = CARTESIAN_POINT('',(71.840809776521,35.526137858435,0.));
#3076 = CARTESIAN_POINT('',(71.809375634716,35.533911381636,0.));
#3077 = CARTESIAN_POINT('',(71.777925372225,35.541671700696,0.));
#3078 = CARTESIAN_POINT('',(71.746458994805,35.549418801014,0.));
#3079 = CARTESIAN_POINT('',(71.714976508181,35.557152667766,0.));
#3080 = CARTESIAN_POINT('',(71.683477918118,35.5648732862,0.));
#3081 = CARTESIAN_POINT('',(71.651963230429,35.572580641647,0.));
#3082 = CARTESIAN_POINT('',(71.620432450897,35.580274719326,0.));
#3083 = CARTESIAN_POINT('',(71.588885585297,35.587955504346,0.));
#3084 = CARTESIAN_POINT('',(71.557322639484,35.595622982052,0.));
#3085 = CARTESIAN_POINT('',(71.525743619295,35.603277137594,0.));
#3086 = CARTESIAN_POINT('',(71.494148530568,35.610917956148,0.));
#3087 = CARTESIAN_POINT('',(71.462537379162,35.61854542289,0.));
#3088 = CARTESIAN_POINT('',(71.430910170963,35.626159522984,0.));
#3089 = CARTESIAN_POINT('',(71.399266911862,35.633760241622,0.));
#3090 = CARTESIAN_POINT('',(71.367607607752,35.641347563829,0.));
#3091 = CARTESIAN_POINT('',(71.33593226458,35.648921474897,0.));
#3092 = CARTESIAN_POINT('',(71.304240888242,35.656481959814,0.));
#3093 = CARTESIAN_POINT('',(71.272533484675,35.664029003655,0.));
#3094 = CARTESIAN_POINT('',(71.240810059876,35.671562591651,0.));
#3095 = CARTESIAN_POINT('',(71.209070619802,35.679082708758,0.));
#3096 = CARTESIAN_POINT('',(71.177315170433,35.68658934009,0.));
#3097 = CARTESIAN_POINT('',(71.145543717774,35.694082470682,0.));
#3098 = CARTESIAN_POINT('',(71.113756267845,35.701562085599,0.));
#3099 = CARTESIAN_POINT('',(71.081952826673,35.70902816984,0.));
#3100 = CARTESIAN_POINT('',(71.050133400304,35.716480708459,0.));
#3101 = CARTESIAN_POINT('',(71.018297994782,35.723919686437,0.));
#3102 = CARTESIAN_POINT('',(70.986446616174,35.731345088728,0.));
#3103 = CARTESIAN_POINT('',(70.954579270581,35.738756900405,0.));
#3104 = CARTESIAN_POINT('',(70.922695964093,35.746155106348,0.));
#3105 = CARTESIAN_POINT('',(70.890796702823,35.75353969157,0.));
#3106 = CARTESIAN_POINT('',(70.8588814929,35.760910640981,0.));
#3107 = CARTESIAN_POINT('',(70.826950340471,35.76826793954,0.));
#3108 = CARTESIAN_POINT('',(70.795003251686,35.775611572176,0.));
#3109 = CARTESIAN_POINT('',(70.763040232698,35.782941523727,0.));
#3110 = CARTESIAN_POINT('',(70.731061289705,35.790257779178,0.));
#3111 = CARTESIAN_POINT('',(70.699066428904,35.797560323353,0.));
#3112 = CARTESIAN_POINT('',(70.667055656509,35.804849141148,0.));
#3113 = CARTESIAN_POINT('',(70.635028978744,35.812124217447,0.));
#3114 = CARTESIAN_POINT('',(70.602986401828,35.81938553703,0.));
#3115 = CARTESIAN_POINT('',(70.570927932024,35.826633084776,0.));
#3116 = CARTESIAN_POINT('',(70.538853575626,35.83386684549,0.));
#3117 = CARTESIAN_POINT('',(70.506763338936,35.841086804086,0.));
#3118 = CARTESIAN_POINT('',(70.474657228201,35.848292945239,0.));
#3119 = CARTESIAN_POINT('',(70.442535249722,35.855485253708,0.));
#3120 = CARTESIAN_POINT('',(70.410397409864,35.862663714418,0.));
#3121 = CARTESIAN_POINT('',(70.378243714953,35.869828312017,0.));
#3122 = CARTESIAN_POINT('',(70.346074171336,35.87697903128,0.));
#3123 = CARTESIAN_POINT('',(70.313888785386,35.88411585699,0.));
#3124 = CARTESIAN_POINT('',(70.281687563487,35.891238773754,0.));
#3125 = CARTESIAN_POINT('',(70.249470512076,35.898347766506,0.));
#3126 = CARTESIAN_POINT('',(70.217237637527,35.905442819754,0.));
#3127 = CARTESIAN_POINT('',(70.184988946257,35.912523918245,0.));
#3128 = CARTESIAN_POINT('',(70.152724444726,35.919591046674,0.));
#3129 = CARTESIAN_POINT('',(70.120444139389,35.926644189737,0.));
#3130 = CARTESIAN_POINT('',(70.088148036689,35.933683332004,0.));
#3131 = CARTESIAN_POINT('',(70.055836143135,35.940708458138,0.));
#3132 = CARTESIAN_POINT('',(70.023508465264,35.947719552899,0.));
#3133 = CARTESIAN_POINT('',(69.991165009553,35.954716600783,0.));
#3134 = CARTESIAN_POINT('',(69.958805782514,35.961699586354,0.));
#3135 = CARTESIAN_POINT('',(69.926430790726,35.968668494354,0.));
#3136 = CARTESIAN_POINT('',(69.894040040735,35.975623309272,0.));
#3137 = CARTESIAN_POINT('',(69.861633539098,35.982564015671,0.));
#3138 = CARTESIAN_POINT('',(69.829211292419,35.989490598135,0.));
#3139 = CARTESIAN_POINT('',(69.796773307315,35.996403041251,0.));
#3140 = CARTESIAN_POINT('',(69.764319590387,36.003301329494,0.));
#3141 = CARTESIAN_POINT('',(69.731850148262,36.010185447406,0.));
#3142 = CARTESIAN_POINT('',(69.699364987607,36.017055379487,0.));
#3143 = CARTESIAN_POINT('',(69.666864115089,36.023911110326,0.));
#3144 = CARTESIAN_POINT('',(69.634347537355,36.03075262426,0.));
#3145 = CARTESIAN_POINT('',(69.601815261109,36.03757990586,0.));
#3146 = CARTESIAN_POINT('',(69.569267293063,36.044392939604,0.));
#3147 = CARTESIAN_POINT('',(69.53670363994,36.051191709828,0.));
#3148 = CARTESIAN_POINT('',(69.504124308503,36.057976201178,0.));
#3149 = CARTESIAN_POINT('',(69.471529305471,36.064746397884,0.));
#3150 = CARTESIAN_POINT('',(69.438918637602,36.071502284451,0.));
#3151 = CARTESIAN_POINT('',(69.406292311689,36.078243845245,0.));
#3152 = CARTESIAN_POINT('',(69.373650334551,36.084971064699,0.));
#3153 = CARTESIAN_POINT('',(69.340992713004,36.091683927216,0.));
#3154 = CARTESIAN_POINT('',(69.308319453854,36.098382417078,0.));
#3155 = CARTESIAN_POINT('',(69.27563056394,36.105066518725,0.));
#3156 = CARTESIAN_POINT('',(69.242926050111,36.111736216417,0.));
#3157 = CARTESIAN_POINT('',(69.210205919268,36.118391494528,0.));
#3158 = CARTESIAN_POINT('',(69.177470178317,36.125032337469,0.));
#3159 = CARTESIAN_POINT('',(69.14471883413,36.131658729401,0.));
#3160 = CARTESIAN_POINT('',(69.111951893625,36.138270654687,0.));
#3161 = CARTESIAN_POINT('',(69.079169363755,36.144868097631,0.));
#3162 = CARTESIAN_POINT('',(69.046371251457,36.151451042492,0.));
#3163 = CARTESIAN_POINT('',(69.013557563678,36.158019473482,0.));
#3164 = CARTESIAN_POINT('',(68.980728307416,36.164573374901,0.));
#3165 = CARTESIAN_POINT('',(68.947883489686,36.171112730978,0.));
#3166 = CARTESIAN_POINT('',(68.9150231175,36.177637525985,0.));
#3167 = CARTESIAN_POINT('',(68.882147197858,36.184147744041,0.));
#3168 = CARTESIAN_POINT('',(68.849255737804,36.190643369399,0.));
#3169 = CARTESIAN_POINT('',(68.816348744405,36.197124386258,0.));
#3170 = CARTESIAN_POINT('',(68.783426224737,36.203590778748,0.));
#3171 = CARTESIAN_POINT('',(68.750488185894,36.210042531136,0.));
#3172 = CARTESIAN_POINT('',(68.717534634962,36.216479627439,0.));
#3173 = CARTESIAN_POINT('',(68.684565579073,36.222902051903,0.));
#3174 = CARTESIAN_POINT('',(68.65158102536,36.229309788642,0.));
#3175 = CARTESIAN_POINT('',(68.61858098097,36.235702821693,0.));
#3176 = CARTESIAN_POINT('',(68.585565453089,36.242081135304,0.));
#3177 = CARTESIAN_POINT('',(68.552534448882,36.24844471347,0.));
#3178 = CARTESIAN_POINT('',(68.519487975536,36.254793540263,0.));
#3179 = CARTESIAN_POINT('',(68.486426040287,36.261127599808,0.));
#3180 = CARTESIAN_POINT('',(68.453348650369,36.267446876188,0.));
#3181 = CARTESIAN_POINT('',(68.420255813002,36.273751353351,0.));
#3182 = CARTESIAN_POINT('',(68.387147535459,36.280041015398,0.));
#3183 = CARTESIAN_POINT('',(68.35402382503,36.286315846381,0.));
#3184 = CARTESIAN_POINT('',(68.320884688985,36.29257583026,0.));
#3185 = CARTESIAN_POINT('',(68.287730134631,36.298820951004,0.));
#3186 = CARTESIAN_POINT('',(68.254560169318,36.305051192705,0.));
#3187 = CARTESIAN_POINT('',(68.221374800382,36.311266539274,0.));
#3188 = CARTESIAN_POINT('',(68.188174035168,36.31746697468,0.));
#3189 = CARTESIAN_POINT('',(68.154957881041,36.323652482887,0.));
#3190 = CARTESIAN_POINT('',(68.121726345395,36.329823047804,0.));
#3191 = CARTESIAN_POINT('',(68.088479435648,36.335978653416,0.));
#3192 = CARTESIAN_POINT('',(68.055217159217,36.342119283626,0.));
#3193 = CARTESIAN_POINT('',(68.021939523526,36.348244922292,0.));
#3194 = CARTESIAN_POINT('',(67.988646536033,36.354355553377,0.));
#3195 = CARTESIAN_POINT('',(67.955338204202,36.360451160705,0.));
#3196 = CARTESIAN_POINT('',(67.922014535512,36.366531728184,0.));
#3197 = CARTESIAN_POINT('',(67.888675537466,36.372597239635,0.));
#3198 = CARTESIAN_POINT('',(67.855321217601,36.378647678937,0.));
#3199 = CARTESIAN_POINT('',(67.821951583453,36.384683029985,0.));
#3200 = CARTESIAN_POINT('',(67.78856664254,36.390703276466,0.));
#3201 = CARTESIAN_POINT('',(67.755166402439,36.396708402275,0.));
#3202 = CARTESIAN_POINT('',(67.721750870747,36.402698391231,0.));
#3203 = CARTESIAN_POINT('',(67.688320055046,36.408673227096,0.));
#3204 = CARTESIAN_POINT('',(67.654873962941,36.414632893585,0.));
#3205 = CARTESIAN_POINT('',(67.62141260208,36.42057737459,0.));
#3206 = CARTESIAN_POINT('',(67.587935980103,36.426506653756,0.));
#3207 = CARTESIAN_POINT('',(67.554444104677,36.432420714865,0.));
#3208 = CARTESIAN_POINT('',(67.52093698348,36.4383195417,0.));
#3209 = CARTESIAN_POINT('',(67.487414624193,36.444203117844,0.));
#3210 = CARTESIAN_POINT('',(67.453877034552,36.450071427131,0.));
#3211 = CARTESIAN_POINT('',(67.42032422229,36.455924453253,0.));
#3212 = CARTESIAN_POINT('',(67.386756195136,36.46176217977,0.));
#3213 = CARTESIAN_POINT('',(67.353172960855,36.467584590542,0.));
#3214 = CARTESIAN_POINT('',(67.319574527207,36.473391669022,0.));
#3215 = CARTESIAN_POINT('',(67.285960901999,36.479183398992,0.));
#3216 = CARTESIAN_POINT('',(67.252332093062,36.48495976407,0.));
#3217 = CARTESIAN_POINT('',(67.218688108212,36.490720747881,0.));
#3218 = CARTESIAN_POINT('',(67.185028955284,36.496466333982,0.));
#3219 = CARTESIAN_POINT('',(67.151354642154,36.502196506057,0.));
#3220 = CARTESIAN_POINT('',(67.117665176688,36.507911247667,0.));
#3221 = CARTESIAN_POINT('',(67.083960566775,36.513610542313,0.));
#3222 = CARTESIAN_POINT('',(67.050240820346,36.519294373699,0.));
#3223 = CARTESIAN_POINT('',(67.016505945323,36.524962725304,0.));
#3224 = CARTESIAN_POINT('',(66.982755949648,36.530615580625,0.));
#3225 = CARTESIAN_POINT('',(66.948990841298,36.53625292334,0.));
#3226 = CARTESIAN_POINT('',(66.915210628224,36.54187473684,0.));
#3227 = CARTESIAN_POINT('',(66.881415318419,36.547481004599,0.));
#3228 = CARTESIAN_POINT('',(66.847604919918,36.55307171032,0.));
#3229 = CARTESIAN_POINT('',(66.813779440739,36.558646837222,0.));
#3230 = CARTESIAN_POINT('',(66.779938888942,36.564206369019,0.));
#3231 = CARTESIAN_POINT('',(66.746083272579,36.569750289035,0.));
#3232 = CARTESIAN_POINT('',(66.712212599714,36.575278580732,0.));
#3233 = CARTESIAN_POINT('',(66.678326878456,36.580791227586,0.));
#3234 = CARTESIAN_POINT('',(66.644426116926,36.586288213008,0.));
#3235 = CARTESIAN_POINT('',(66.610510323262,36.591769520421,0.));
#3236 = CARTESIAN_POINT('',(66.576579505613,36.597235133243,0.));
#3237 = CARTESIAN_POINT('',(66.542633672117,36.602685034881,0.));
#3238 = CARTESIAN_POINT('',(66.508672830951,36.608119208553,0.));
#3239 = CARTESIAN_POINT('',(66.474696990358,36.613537637901,0.));
#3240 = CARTESIAN_POINT('',(66.440706158542,36.618940306122,0.));
#3241 = CARTESIAN_POINT('',(66.406700343707,36.624327196542,0.));
#3242 = CARTESIAN_POINT('',(66.372679554123,36.629698292557,0.));
#3243 = CARTESIAN_POINT('',(66.33864379807,36.63505357751,0.));
#3244 = CARTESIAN_POINT('',(66.304593083822,36.640393034646,0.));
#3245 = CARTESIAN_POINT('',(66.270527419665,36.645716647344,0.));
#3246 = CARTESIAN_POINT('',(66.236446813919,36.651024398755,0.));
#3247 = CARTESIAN_POINT('',(66.202351274948,36.656316272337,0.));
#3248 = CARTESIAN_POINT('',(66.168240811106,36.661592251252,0.));
#3249 = CARTESIAN_POINT('',(66.134115430753,36.666852318779,0.));
#3250 = CARTESIAN_POINT('',(66.099975142274,36.672096458153,0.));
#3251 = CARTESIAN_POINT('',(66.065819954083,36.677324652615,0.));
#3252 = CARTESIAN_POINT('',(66.031649874603,36.682536885389,0.));
#3253 = CARTESIAN_POINT('',(65.997464912276,36.687733139678,0.));
#3254 = CARTESIAN_POINT('',(65.96326507556,36.692913398682,0.));
#3255 = CARTESIAN_POINT('',(65.929050372921,36.698077645601,0.));
#3256 = CARTESIAN_POINT('',(65.894820812851,36.703225863549,0.));
#3257 = CARTESIAN_POINT('',(65.860576403896,36.708358035747,0.));
#3258 = CARTESIAN_POINT('',(65.826317154583,36.71347414546,0.));
#3259 = CARTESIAN_POINT('',(65.792043073419,36.71857417555,0.));
#3260 = CARTESIAN_POINT('',(65.757754168982,36.723658109379,0.));
#3261 = CARTESIAN_POINT('',(65.723450449864,36.72872593001,0.));
#3262 = CARTESIAN_POINT('',(65.689131924658,36.733777620446,0.));
#3263 = CARTESIAN_POINT('',(65.654798602,36.738813163969,0.));
#3264 = CARTESIAN_POINT('',(65.620450490507,36.743832543533,0.));
#3265 = CARTESIAN_POINT('',(65.586087598819,36.748835742184,0.));
#3266 = CARTESIAN_POINT('',(65.551709935634,36.753822743101,0.));
#3267 = CARTESIAN_POINT('',(65.517317509646,36.758793529258,0.));
#3268 = CARTESIAN_POINT('',(65.482910329535,36.763748083737,0.));
#3269 = CARTESIAN_POINT('',(65.448488404015,36.768686389472,0.));
#3270 = CARTESIAN_POINT('',(65.414051741862,36.773608429549,0.));
#3271 = CARTESIAN_POINT('',(65.379600351853,36.778514187068,0.));
#3272 = CARTESIAN_POINT('',(65.345134242734,36.783403644859,0.));
#3273 = CARTESIAN_POINT('',(65.310653423291,36.78827678595,0.));
#3274 = CARTESIAN_POINT('',(65.276157902352,36.793133593386,0.));
#3275 = CARTESIAN_POINT('',(65.241647688746,36.79797405002,0.));
#3276 = CARTESIAN_POINT('',(65.207122791333,36.80279813887,0.));
#3277 = CARTESIAN_POINT('',(65.172583218986,36.807605842896,0.));
#3278 = CARTESIAN_POINT('',(65.138028980569,36.812397144954,0.));
#3279 = CARTESIAN_POINT('',(65.103460084989,36.817172027958,0.));
#3280 = CARTESIAN_POINT('',(65.068876541193,36.821930474893,0.));
#3281 = CARTESIAN_POINT('',(65.034278358108,36.826672468613,0.));
#3282 = CARTESIAN_POINT('',(64.999665544674,36.83139799193,0.));
#3283 = CARTESIAN_POINT('',(64.965038109882,36.836107027795,0.));
#3284 = CARTESIAN_POINT('',(64.930396062741,36.840799559055,0.));
#3285 = CARTESIAN_POINT('',(64.895739412268,36.845475568537,0.));
#3286 = CARTESIAN_POINT('',(64.861068167481,36.85013503913,0.));
#3287 = CARTESIAN_POINT('',(64.826382337426,36.854777953542,0.));
#3288 = CARTESIAN_POINT('',(64.791681931176,36.859404294719,0.));
#3289 = CARTESIAN_POINT('',(64.756966957811,36.864014045397,0.));
#3290 = CARTESIAN_POINT('',(64.722237426433,36.868607188308,0.));
#3291 = CARTESIAN_POINT('',(64.687493346185,36.873183706377,0.));
#3292 = CARTESIAN_POINT('',(64.652734726205,36.877743582274,0.));
#3293 = CARTESIAN_POINT('',(64.617961575653,36.882286798744,0.));
#3294 = CARTESIAN_POINT('',(64.583173903719,36.886813338649,0.));
#3295 = CARTESIAN_POINT('',(64.548371719586,36.891323184595,0.));
#3296 = CARTESIAN_POINT('',(64.513555032456,36.895816319364,0.));
#3297 = CARTESIAN_POINT('',(64.478723851575,36.90029272564,0.));
#3298 = CARTESIAN_POINT('',(64.443878186209,36.904752386177,0.));
#3299 = CARTESIAN_POINT('',(64.409018045621,36.909195283641,0.));
#3300 = CARTESIAN_POINT('',(64.374143439098,36.913621400669,0.));
#3301 = CARTESIAN_POINT('',(64.339254375954,36.918030720016,0.));
#3302 = CARTESIAN_POINT('',(64.304350865513,36.922423224267,0.));
#3303 = CARTESIAN_POINT('',(64.269432917125,36.92679889608,0.));
#3304 = CARTESIAN_POINT('',(64.234500540165,36.93115771815,0.));
#3305 = CARTESIAN_POINT('',(64.199553744003,36.935499673048,0.));
#3306 = CARTESIAN_POINT('',(64.164592538041,36.939824743352,0.));
#3307 = CARTESIAN_POINT('',(64.129616931719,36.944132911762,0.));
#3308 = CARTESIAN_POINT('',(64.094626934464,36.948424160843,0.));
#3309 = CARTESIAN_POINT('',(64.059622555722,36.952698473057,0.));
#3310 = CARTESIAN_POINT('',(64.024603804988,36.956955831144,0.));
#3311 = CARTESIAN_POINT('',(63.98957069178,36.961196217557,0.));
#3312 = CARTESIAN_POINT('',(63.954523225594,36.965419614932,0.));
#3313 = CARTESIAN_POINT('',(63.919461415945,36.969626005687,0.));
#3314 = CARTESIAN_POINT('',(63.884385272402,36.973815372379,0.));
#3315 = CARTESIAN_POINT('',(63.849294804548,36.977987697668,0.));
#3316 = CARTESIAN_POINT('',(63.814190021969,36.982142963806,0.));
#3317 = CARTESIAN_POINT('',(63.779070934288,36.986281153514,0.));
#3318 = CARTESIAN_POINT('',(63.743937551136,36.9904022492,0.));
#3319 = CARTESIAN_POINT('',(63.708789882136,36.994506233249,0.));
#3320 = CARTESIAN_POINT('',(63.673627936955,36.998593088231,0.));
#3321 = CARTESIAN_POINT('',(63.638451725303,37.002662796504,0.));
#3322 = CARTESIAN_POINT('',(63.603261256909,37.006715340605,0.));
#3323 = CARTESIAN_POINT('',(63.568056541488,37.010750702967,0.));
#3324 = CARTESIAN_POINT('',(63.532837588751,37.014768865865,0.));
#3325 = CARTESIAN_POINT('',(63.49760440846,37.018769811814,0.));
#3326 = CARTESIAN_POINT('',(63.46235701043,37.022753523167,0.));
#3327 = CARTESIAN_POINT('',(63.427095404475,37.026719982376,0.));
#3328 = CARTESIAN_POINT('',(63.391819600408,37.030669171759,0.));
#3329 = CARTESIAN_POINT('',(63.356529608059,37.034601073667,0.));
#3330 = CARTESIAN_POINT('',(63.321225437289,37.038515670487,0.));
#3331 = CARTESIAN_POINT('',(63.285907097981,37.042412944525,0.));
#3332 = CARTESIAN_POINT('',(63.250574600039,37.046292878135,0.));
#3333 = CARTESIAN_POINT('',(63.215227953385,37.050155453631,0.));
#3334 = CARTESIAN_POINT('',(63.179867167965,37.054000653315,0.));
#3335 = CARTESIAN_POINT('',(63.144492253737,37.05782845951,0.));
#3336 = CARTESIAN_POINT('',(63.109103220674,37.06163885448,0.));
#3337 = CARTESIAN_POINT('',(63.07370007877,37.065431820473,0.));
#3338 = CARTESIAN_POINT('',(63.038282838045,37.069207339831,0.));
#3339 = CARTESIAN_POINT('',(63.002851508545,37.072965394696,0.));
#3340 = CARTESIAN_POINT('',(62.967406100319,37.076705967468,0.));
#3341 = CARTESIAN_POINT('',(62.931946623449,37.08042904019,0.));
#3342 = CARTESIAN_POINT('',(62.89647308804,37.084134595243,0.));
#3343 = CARTESIAN_POINT('',(62.860985504195,37.087822614833,0.));
#3344 = CARTESIAN_POINT('',(62.825483882047,37.091493080941,0.));
#3345 = CARTESIAN_POINT('',(62.789968231768,37.095145976093,0.));
#3346 = CARTESIAN_POINT('',(62.754438563531,37.098781282234,0.));
#3347 = CARTESIAN_POINT('',(62.718894887516,37.102398981558,0.));
#3348 = CARTESIAN_POINT('',(62.683337213951,37.105999056321,0.));
#3349 = CARTESIAN_POINT('',(62.647765553074,37.10958148859,0.));
#3350 = CARTESIAN_POINT('',(62.612179915137,37.113146260501,0.));
#3351 = CARTESIAN_POINT('',(62.576580310428,37.116693354244,0.));
#3352 = CARTESIAN_POINT('',(62.54096674922,37.120222751907,0.));
#3353 = CARTESIAN_POINT('',(62.505339241826,37.123734435482,0.));
#3354 = CARTESIAN_POINT('',(62.469697798598,37.127228387251,0.));
#3355 = CARTESIAN_POINT('',(62.434042429893,37.130704589208,0.));
#3356 = CARTESIAN_POINT('',(62.398373146095,37.134163023327,0.));
#3357 = CARTESIAN_POINT('',(62.362689957594,37.137603671969,0.));
#3358 = CARTESIAN_POINT('',(62.326992874793,37.141026516805,0.));
#3359 = CARTESIAN_POINT('',(62.291281908121,37.144431540121,0.));
#3360 = CARTESIAN_POINT('',(62.255557068053,37.147818723918,0.));
#3361 = CARTESIAN_POINT('',(62.219818365061,37.151188050121,0.));
#3362 = CARTESIAN_POINT('',(62.184065809652,37.154539500838,0.));
#3363 = CARTESIAN_POINT('',(62.148299412332,37.157873058087,0.));
#3364 = CARTESIAN_POINT('',(62.112519183624,37.161188703695,0.));
#3365 = CARTESIAN_POINT('',(62.076725134102,37.164486419795,0.));
#3366 = CARTESIAN_POINT('',(62.040917274359,37.16776618835,0.));
#3367 = CARTESIAN_POINT('',(62.005095614984,37.171027991226,0.));
#3368 = CARTESIAN_POINT('',(61.969260166588,37.174271810453,0.));
#3369 = CARTESIAN_POINT('',(61.933410939808,37.177497627931,0.));
#3370 = CARTESIAN_POINT('',(61.897547945309,37.180705425548,0.));
#3371 = CARTESIAN_POINT('',(61.861671193771,37.183895185323,0.));
#3372 = CARTESIAN_POINT('',(61.825780695895,37.187066889056,0.));
#3373 = CARTESIAN_POINT('',(61.789876462404,37.190220518677,0.));
#3374 = CARTESIAN_POINT('',(61.753958504036,37.193356056144,0.));
#3375 = CARTESIAN_POINT('',(61.718026831554,37.196473483165,0.));
#3376 = CARTESIAN_POINT('',(61.682081455741,37.19957278179,0.));
#3377 = CARTESIAN_POINT('',(61.646122387432,37.202653933719,0.));
#3378 = CARTESIAN_POINT('',(61.610149637436,37.205716920975,0.));
#3379 = CARTESIAN_POINT('',(61.574163216566,37.208761725211,0.));
#3380 = CARTESIAN_POINT('',(61.538163135689,37.21178832824,0.));
#3381 = CARTESIAN_POINT('',(61.502149405716,37.214796712066,0.));
#3382 = CARTESIAN_POINT('',(61.466122037563,37.217786858311,0.));
#3383 = CARTESIAN_POINT('',(61.430081042137,37.220758748858,0.));
#3384 = CARTESIAN_POINT('',(61.394026430408,37.223712365421,0.));
#3385 = CARTESIAN_POINT('',(61.357958213339,37.226647689899,0.));
#3386 = CARTESIAN_POINT('',(61.321876401923,37.229564703865,0.));
#3387 = CARTESIAN_POINT('',(61.285781007157,37.232463389252,0.));
#3388 = CARTESIAN_POINT('',(61.249672040068,37.235343727671,0.));
#3389 = CARTESIAN_POINT('',(61.213549511721,37.238205700834,0.));
#3390 = CARTESIAN_POINT('',(61.17741343321,37.241049290643,0.));
#3391 = CARTESIAN_POINT('',(61.14126381563,37.243874478627,0.));
#3392 = CARTESIAN_POINT('',(61.105100670077,37.246681246559,0.));
#3393 = CARTESIAN_POINT('',(61.068924007694,37.249469576117,0.));
#3394 = CARTESIAN_POINT('',(61.032733839647,37.252239448962,0.));
#3395 = CARTESIAN_POINT('',(60.996530177103,37.25499084682,0.));
#3396 = CARTESIAN_POINT('',(60.960313031257,37.25772375125,0.));
#3397 = CARTESIAN_POINT('',(60.924082413359,37.260438143933,0.));
#3398 = CARTESIAN_POINT('',(60.887838334659,37.263134006668,0.));
#3399 = CARTESIAN_POINT('',(60.851580806397,37.265811320845,0.));
#3400 = CARTESIAN_POINT('',(60.815309839862,37.268470068153,0.));
#3401 = CARTESIAN_POINT('',(60.779025446381,37.271110230354,0.));
#3402 = CARTESIAN_POINT('',(60.742727637271,37.273731788843,0.));
#3403 = CARTESIAN_POINT('',(60.706416423871,37.276334725281,0.));
#3404 = CARTESIAN_POINT('',(60.670091817573,37.27891902129,0.));
#3405 = CARTESIAN_POINT('',(60.633753829755,37.28148465842,0.));
#3406 = CARTESIAN_POINT('',(60.597402471824,37.28403161812,0.));
#3407 = CARTESIAN_POINT('',(60.561037755233,37.286559882091,0.));
#3408 = CARTESIAN_POINT('',(60.524659691447,37.289069431819,0.));
#3409 = CARTESIAN_POINT('',(60.488268291931,37.291560248784,0.));
#3410 = CARTESIAN_POINT('',(60.451863568192,37.294032314549,0.));
#3411 = CARTESIAN_POINT('',(60.415445531751,37.296485610645,0.));
#3412 = CARTESIAN_POINT('',(60.379014194156,37.298920118486,0.));
#3413 = CARTESIAN_POINT('',(60.342569566966,37.301335819657,0.));
#3414 = CARTESIAN_POINT('',(60.306111661767,37.303732695578,0.));
#3415 = CARTESIAN_POINT('',(60.269640490178,37.306110727679,0.));
#3416 = CARTESIAN_POINT('',(60.233156063826,37.308469897569,0.));
#3417 = CARTESIAN_POINT('',(60.196658394361,37.310810186514,0.));
#3418 = CARTESIAN_POINT('',(60.160147493443,37.313131576051,0.));
#3419 = CARTESIAN_POINT('',(60.12362337277,37.315434047607,0.));
#3420 = CARTESIAN_POINT('',(60.087086044076,37.317717582513,0.));
#3421 = CARTESIAN_POINT('',(60.050535519118,37.319982162337,0.));
#3422 = CARTESIAN_POINT('',(60.013971809659,37.32222776839,0.));
#3423 = CARTESIAN_POINT('',(59.97739492745,37.324454382043,0.));
#3424 = CARTESIAN_POINT('',(59.940804884278,37.326661984691,0.));
#3425 = CARTESIAN_POINT('',(59.904201692,37.32885055763,0.));
#3426 = CARTESIAN_POINT('',(59.867585362476,37.331020082421,0.));
#3427 = CARTESIAN_POINT('',(59.830955907574,37.333170540219,0.));
#3428 = CARTESIAN_POINT('',(59.794313339163,37.335301912443,0.));
#3429 = CARTESIAN_POINT('',(59.757657669185,37.337414180387,0.));
#3430 = CARTESIAN_POINT('',(59.720988909577,37.339507325473,0.));
#3431 = CARTESIAN_POINT('',(59.684307072285,37.341581328894,0.));
#3432 = CARTESIAN_POINT('',(59.647612169299,37.343636171944,0.));
#3433 = CARTESIAN_POINT('',(59.61090421261,37.345671836105,0.));
#3434 = CARTESIAN_POINT('',(59.574183214262,37.347688302344,0.));
#3435 = CARTESIAN_POINT('',(59.537449186306,37.349685552221,0.));
#3436 = CARTESIAN_POINT('',(59.500702140803,37.35166356694,0.));
#3437 = CARTESIAN_POINT('',(59.463942089822,37.353622327534,0.));
#3438 = CARTESIAN_POINT('',(59.427169045488,37.355561815498,0.));
#3439 = CARTESIAN_POINT('',(59.390383019978,37.357482011984,0.));
#3440 = CARTESIAN_POINT('',(59.353584025446,37.359382898209,0.));
#3441 = CARTESIAN_POINT('',(59.316772074064,37.361264455415,0.));
#3442 = CARTESIAN_POINT('',(59.279947178012,37.36312666479,0.));
#3443 = CARTESIAN_POINT('',(59.243109349531,37.364969507426,0.));
#3444 = CARTESIAN_POINT('',(59.206258600887,37.366792964704,0.));
#3445 = CARTESIAN_POINT('',(59.169394944342,37.368597017715,0.));
#3446 = CARTESIAN_POINT('',(59.132518392185,37.370381647494,0.));
#3447 = CARTESIAN_POINT('',(59.095628956738,37.372146835433,0.));
#3448 = CARTESIAN_POINT('',(59.058726650344,37.373892562531,0.));
#3449 = CARTESIAN_POINT('',(59.021811485349,37.37561880991,0.));
#3450 = CARTESIAN_POINT('',(58.984883474174,37.377325558756,0.));
#3451 = CARTESIAN_POINT('',(58.947942629225,37.379012790295,0.));
#3452 = CARTESIAN_POINT('',(58.9109889629,37.380680485424,0.));
#3453 = CARTESIAN_POINT('',(58.874022487665,37.382328625278,0.));
#3454 = CARTESIAN_POINT('',(58.837043216004,37.383957191194,0.));
#3455 = CARTESIAN_POINT('',(58.800051160424,37.385566163914,0.));
#3456 = CARTESIAN_POINT('',(58.763046333424,37.387155524728,0.));
#3457 = CARTESIAN_POINT('',(58.726028747574,37.388725254653,0.));
#3458 = CARTESIAN_POINT('',(58.688998415433,37.390275334717,0.));
#3459 = CARTESIAN_POINT('',(58.651955349574,37.391805745974,0.));
#3460 = CARTESIAN_POINT('',(58.614899562608,37.393316469452,0.));
#3461 = CARTESIAN_POINT('',(58.5778310672,37.394807486138,0.));
#3462 = CARTESIAN_POINT('',(58.540749876016,37.396278777206,0.));
#3463 = CARTESIAN_POINT('',(58.503656001733,37.397730323504,0.));
#3464 = CARTESIAN_POINT('',(58.466549457041,37.399162106065,0.));
#3465 = CARTESIAN_POINT('',(58.429430254664,37.40057410594,0.));
#3466 = CARTESIAN_POINT('',(58.392298407362,37.401966303992,0.));
#3467 = CARTESIAN_POINT('',(58.355153927908,37.403338681305,0.));
#3468 = CARTESIAN_POINT('',(58.317996829122,37.404691218776,0.));
#3469 = CARTESIAN_POINT('',(58.280827123805,37.406023897431,0.));
#3470 = CARTESIAN_POINT('',(58.243644824803,37.407336698075,0.));
#3471 = CARTESIAN_POINT('',(58.206449944996,37.408629601769,0.));
#3472 = CARTESIAN_POINT('',(58.169242497278,37.409902589435,0.));
#3473 = CARTESIAN_POINT('',(58.132022494533,37.411155641908,0.));
#3474 = CARTESIAN_POINT('',(58.094789949703,37.412388740069,0.));
#3475 = CARTESIAN_POINT('',(58.057544875771,37.413601864957,0.));
#3476 = CARTESIAN_POINT('',(58.020287285744,37.414794997358,0.));
#3477 = CARTESIAN_POINT('',(57.983017192608,37.41596811821,0.));
#3478 = CARTESIAN_POINT('',(57.945734609366,37.417121208343,0.));
#3479 = CARTESIAN_POINT('',(57.90843954909,37.418254248518,0.));
#3480 = CARTESIAN_POINT('',(57.871132024861,37.419367219816,0.));
#3481 = CARTESIAN_POINT('',(57.8338120498,37.420460102894,0.));
#3482 = CARTESIAN_POINT('',(57.796479637029,37.421532878631,0.));
#3483 = CARTESIAN_POINT('',(57.759134799672,37.422585527983,0.));
#3484 = CARTESIAN_POINT('',(57.72177755092,37.423618031471,0.));
#3485 = CARTESIAN_POINT('',(57.684407903961,37.424630370203,0.));
#3486 = CARTESIAN_POINT('',(57.647025872047,37.425622524848,0.));
#3487 = CARTESIAN_POINT('',(57.609631468402,37.426594476181,0.));
#3488 = CARTESIAN_POINT('',(57.57222470628,37.427546205029,0.));
#3489 = CARTESIAN_POINT('',(57.534805598979,37.428477692105,0.));
#3490 = CARTESIAN_POINT('',(57.497374159795,37.429388918229,0.));
#3491 = CARTESIAN_POINT('',(57.459930402087,37.430279864059,0.));
#3492 = CARTESIAN_POINT('',(57.422474339237,37.43115051047,0.));
#3493 = CARTESIAN_POINT('',(57.385005984631,37.432000838176,0.));
#3494 = CARTESIAN_POINT('',(57.347525351657,37.432830827816,0.));
#3495 = CARTESIAN_POINT('',(57.310032453755,37.433640460134,0.));
#3496 = CARTESIAN_POINT('',(57.272527304384,37.434429715947,0.));
#3497 = CARTESIAN_POINT('',(57.235009917032,37.435198575796,0.));
#3498 = CARTESIAN_POINT('',(57.197480305208,37.435947020456,0.));
#3499 = CARTESIAN_POINT('',(57.159938482448,37.436675030676,0.));
#3500 = CARTESIAN_POINT('',(57.122384462293,37.437382587006,0.));
#3501 = CARTESIAN_POINT('',(57.084818258309,37.438069670146,0.));
#3502 = CARTESIAN_POINT('',(57.047239884136,37.438736260765,0.));
#3503 = CARTESIAN_POINT('',(57.009649353388,37.439382339627,0.));
#3504 = CARTESIAN_POINT('',(56.97204667972,37.440007887132,0.));
#3505 = CARTESIAN_POINT('',(56.934431876788,37.440612884115,0.));
#3506 = CARTESIAN_POINT('',(56.896804958294,37.441197311139,0.));
#3507 = CARTESIAN_POINT('',(56.85916593798,37.441761148693,0.));
#3508 = CARTESIAN_POINT('',(56.821514829603,37.442304377617,0.));
#3509 = CARTESIAN_POINT('',(56.783851646927,37.442826978404,0.));
#3510 = CARTESIAN_POINT('',(56.74617640373,37.4433289315,0.));
#3511 = CARTESIAN_POINT('',(56.708489113844,37.443810217678,0.));
#3512 = CARTESIAN_POINT('',(56.670789791126,37.444270817479,0.));
#3513 = CARTESIAN_POINT('',(56.633078449443,37.444710711343,0.));
#3514 = CARTESIAN_POINT('',(56.595355102692,37.445129879951,0.));
#3515 = CARTESIAN_POINT('',(56.557619764786,37.445528303861,0.));
#3516 = CARTESIAN_POINT('',(56.519872449672,37.445905963442,0.));
#3517 = CARTESIAN_POINT('',(56.482113171314,37.446262839405,0.));
#3518 = CARTESIAN_POINT('',(56.444341943717,37.446598912223,0.));
#3519 = CARTESIAN_POINT('',(56.406558780907,37.446914162308,0.));
#3520 = CARTESIAN_POINT('',(56.368763696929,37.447208570332,0.));
#3521 = CARTESIAN_POINT('',(56.330956705835,37.447482116729,0.));
#3522 = CARTESIAN_POINT('',(56.293137821706,37.447734781831,0.));
#3523 = CARTESIAN_POINT('',(56.255307058658,37.447966546326,0.));
#3524 = CARTESIAN_POINT('',(56.217464430836,37.448177390615,0.));
#3525 = CARTESIAN_POINT('',(56.179609952433,37.448367295016,0.));
#3526 = CARTESIAN_POINT('',(56.141743637634,37.448536240298,0.));
#3527 = CARTESIAN_POINT('',(56.103865500675,37.44868420665,0.));
#3528 = CARTESIAN_POINT('',(56.065975555759,37.448811174581,0.));
#3529 = CARTESIAN_POINT('',(56.028073817158,37.448917124536,0.));
#3530 = CARTESIAN_POINT('',(55.99016029916,37.449002036916,0.));
#3531 = CARTESIAN_POINT('',(55.952235016093,37.449065892107,0.));
#3532 = CARTESIAN_POINT('',(55.914297982308,37.449108670588,0.));
#3533 = CARTESIAN_POINT('',(55.876349212166,37.44913035274,0.));
#3534 = CARTESIAN_POINT('',(55.838388720044,37.449130918874,0.));
#3535 = CARTESIAN_POINT('',(55.800416520348,37.449110349435,0.));
#3536 = CARTESIAN_POINT('',(55.76243262756,37.449068624747,0.));
#3537 = CARTESIAN_POINT('',(55.724437056126,37.449005725318,0.));
#3538 = CARTESIAN_POINT('',(55.686429820547,37.448921631296,0.));
#3539 = CARTESIAN_POINT('',(55.648410935335,37.448816323146,0.));
#3540 = CARTESIAN_POINT('',(55.610380415027,37.448689781279,0.));
#3541 = CARTESIAN_POINT('',(55.572338274194,37.448541985814,0.));
#3542 = CARTESIAN_POINT('',(55.534284527408,37.448372917267,0.));
#3543 = CARTESIAN_POINT('',(55.496219189334,37.448182555839,0.));
#3544 = CARTESIAN_POINT('',(55.458142274586,37.447970881977,0.));
#3545 = CARTESIAN_POINT('',(55.420053797842,37.447737875796,0.));
#3546 = CARTESIAN_POINT('',(55.38195377379,37.447483517705,0.));
#3547 = CARTESIAN_POINT('',(55.343842217155,37.447207788018,0.));
#3548 = CARTESIAN_POINT('',(55.305719142687,37.44691066688,0.));
#3549 = CARTESIAN_POINT('',(55.26758456514,37.446592134692,0.));
#3550 = CARTESIAN_POINT('',(55.22943849934,37.446252171619,0.));
#3551 = CARTESIAN_POINT('',(55.191280960087,37.44589075802,0.));
#3552 = CARTESIAN_POINT('',(55.153111962246,37.445507874001,0.));
#3553 = CARTESIAN_POINT('',(55.114931520674,37.445103499934,0.));
#3554 = CARTESIAN_POINT('',(55.076739650284,37.444677615959,0.));
#3555 = CARTESIAN_POINT('',(55.038536365991,37.444230202329,0.));
#3556 = CARTESIAN_POINT('',(55.000321682751,37.443761239261,0.));
#3557 = CARTESIAN_POINT('',(54.962095615538,37.443270706964,0.));
#3558 = CARTESIAN_POINT('',(54.923858179356,37.442758585598,0.));
#3559 = CARTESIAN_POINT('',(54.885609389219,37.442224855424,0.));
#3560 = CARTESIAN_POINT('',(54.847349260204,37.441669496524,0.));
#3561 = CARTESIAN_POINT('',(54.809077807396,37.441092489184,0.));
#3562 = CARTESIAN_POINT('',(54.770795045893,37.440493813568,0.));
#3563 = CARTESIAN_POINT('',(54.732500990821,37.439873449708,0.));
#3564 = CARTESIAN_POINT('',(54.694195657323,37.43923137788,0.));
#3565 = CARTESIAN_POINT('',(54.655879060606,37.438567578185,0.));
#3566 = CARTESIAN_POINT('',(54.617551215886,37.437882030752,0.));
#3567 = CARTESIAN_POINT('',(54.579212138372,37.437174715787,0.));
#3568 = CARTESIAN_POINT('',(54.540861843334,37.436445613252,0.));
#3569 = CARTESIAN_POINT('',(54.502500346059,37.435694703393,0.));
#3570 = CARTESIAN_POINT('',(54.464127661877,37.43492196632,0.));
#3571 = CARTESIAN_POINT('',(54.425743806124,37.434127382068,0.));
#3572 = CARTESIAN_POINT('',(54.387348794182,37.433310930743,0.));
#3573 = CARTESIAN_POINT('',(54.34894264143,37.432472592548,0.));
#3574 = CARTESIAN_POINT('',(54.310525363273,37.431612347392,0.));
#3575 = CARTESIAN_POINT('',(54.272096975155,37.430730175351,0.));
#3576 = CARTESIAN_POINT('',(54.23365749255,37.429826056663,0.));
#3577 = CARTESIAN_POINT('',(54.195206930977,37.428899971194,0.));
#3578 = CARTESIAN_POINT('',(54.156745305942,37.427951899088,0.));
#3579 = CARTESIAN_POINT('',(54.118272633018,37.426981820382,0.));
#3580 = CARTESIAN_POINT('',(54.079788927773,37.425989715129,0.));
#3581 = CARTESIAN_POINT('',(54.041294205821,37.42497556327,0.));
#3582 = CARTESIAN_POINT('',(54.002788482755,37.423939344965,0.));
#3583 = CARTESIAN_POINT('',(53.964271774248,37.42288104003,0.));
#3584 = CARTESIAN_POINT('',(53.925744095989,37.421800628606,0.));
#3585 = CARTESIAN_POINT('',(53.887205463707,37.42069809073,0.));
#3586 = CARTESIAN_POINT('',(53.848655893129,37.4195734063,0.));
#3587 = CARTESIAN_POINT('',(53.8100954,37.41842655531,0.));
#3588 = CARTESIAN_POINT('',(53.771524000127,37.41725751776,0.));
#3589 = CARTESIAN_POINT('',(53.732941709337,37.416066273645,0.));
#3590 = CARTESIAN_POINT('',(53.694348543457,37.414852802906,0.));
#3591 = CARTESIAN_POINT('',(53.655744518337,37.413617085455,0.));
#3592 = CARTESIAN_POINT('',(53.617129649895,37.412359101234,0.));
#3593 = CARTESIAN_POINT('',(53.578503954068,37.411078830306,0.));
#3594 = CARTESIAN_POINT('',(53.539867446829,37.409776252504,0.));
#3595 = CARTESIAN_POINT('',(53.501220144108,37.408451347827,0.));
#3596 = CARTESIAN_POINT('',(53.462562061914,37.407104096057,0.));
#3597 = CARTESIAN_POINT('',(53.423893216285,37.405734477213,0.));
#3598 = CARTESIAN_POINT('',(53.385213623307,37.404342471235,0.));
#3599 = CARTESIAN_POINT('',(53.346523299048,37.402928057982,0.));
#3600 = CARTESIAN_POINT('',(53.307822259604,37.401491217287,0.));
#3601 = CARTESIAN_POINT('',(53.269110521121,37.400031929088,0.));
#3602 = CARTESIAN_POINT('',(53.230388099779,37.398550173297,0.));
#3603 = CARTESIAN_POINT('',(53.191655011776,37.397045929748,0.));
#3604 = CARTESIAN_POINT('',(53.152911273343,37.395519178291,0.));
#3605 = CARTESIAN_POINT('',(53.114156900714,37.393969898889,0.));
#3606 = CARTESIAN_POINT('',(53.07539191016,37.39239807126,0.));
#3607 = CARTESIAN_POINT('',(53.036616317986,37.390803675259,0.));
#3608 = CARTESIAN_POINT('',(52.99783014051,37.389186690873,0.));
#3609 = CARTESIAN_POINT('',(52.959033394113,37.387547097731,0.));
#3610 = CARTESIAN_POINT('',(52.92022609515,37.385884875794,0.));
#3611 = CARTESIAN_POINT('',(52.881408260065,37.384200004835,0.));
#3612 = CARTESIAN_POINT('',(52.842579905305,37.382492464686,0.));
#3613 = CARTESIAN_POINT('',(52.80374104733,37.380762235183,0.));
#3614 = CARTESIAN_POINT('',(52.764891702628,37.379009296067,0.));
#3615 = CARTESIAN_POINT('',(52.72603188772,37.377233627121,0.));
#3616 = CARTESIAN_POINT('',(52.687161619131,37.375435208223,0.));
#3617 = CARTESIAN_POINT('',(52.648280913456,37.373614018999,0.));
#3618 = CARTESIAN_POINT('',(52.609389787337,37.371770039301,0.));
#3619 = CARTESIAN_POINT('',(52.570488257382,37.369903249101,0.));
#3620 = CARTESIAN_POINT('',(52.531576340252,37.368013627804,0.));
#3621 = CARTESIAN_POINT('',(52.492654052599,37.36610115531,0.));
#3622 = CARTESIAN_POINT('',(52.453721411178,37.36416581146,0.));
#3623 = CARTESIAN_POINT('',(52.414778432757,37.362207575891,0.));
#3624 = CARTESIAN_POINT('',(52.375825134064,37.360226428412,0.));
#3625 = CARTESIAN_POINT('',(52.336861531907,37.358222348639,0.));
#3626 = CARTESIAN_POINT('',(52.297887643121,37.356195316373,0.));
#3627 = CARTESIAN_POINT('',(52.258903484567,37.35414531138,0.));
#3628 = CARTESIAN_POINT('',(52.219909073108,37.35207231328,0.));
#3629 = CARTESIAN_POINT('',(52.180904425668,37.349976301731,0.));
#3630 = CARTESIAN_POINT('',(52.141889559191,37.3478572566,0.));
#3631 = CARTESIAN_POINT('',(52.102864490627,37.345715157508,0.));
#3632 = CARTESIAN_POINT('',(52.063829236994,37.343549983958,0.));
#3633 = CARTESIAN_POINT('',(52.024783815291,37.341361715943,0.));
#3634 = CARTESIAN_POINT('',(51.985728242597,37.339150332958,0.));
#3635 = CARTESIAN_POINT('',(51.946662535967,37.336915814614,0.));
#3636 = CARTESIAN_POINT('',(51.9075867125,37.334658140711,0.));
#3637 = CARTESIAN_POINT('',(51.86850078938,37.332377290804,0.));
#3638 = CARTESIAN_POINT('',(51.829404783741,37.330073244659,0.));
#3639 = CARTESIAN_POINT('',(51.790298712777,37.327745981793,0.));
#3640 = CARTESIAN_POINT('',(51.751182593699,37.325395481862,0.));
#3641 = CARTESIAN_POINT('',(51.712056443752,37.323021724578,0.));
#3642 = CARTESIAN_POINT('',(51.672920280215,37.320624689477,0.));
#3643 = CARTESIAN_POINT('',(51.633774120403,37.318204356169,0.));
#3644 = CARTESIAN_POINT('',(51.594617981648,37.315760704389,0.));
#3645 = CARTESIAN_POINT('',(51.555451881332,37.313293713636,0.));
#3646 = CARTESIAN_POINT('',(51.516275836831,37.310803363546,0.));
#3647 = CARTESIAN_POINT('',(51.477089865562,37.308289633734,0.));
#3648 = CARTESIAN_POINT('',(51.437893984967,37.305752503757,0.));
#3649 = CARTESIAN_POINT('',(51.39868821253,37.303191953178,0.));
#3650 = CARTESIAN_POINT('',(51.359472565756,37.300607961652,0.));
#3651 = CARTESIAN_POINT('',(51.320247062187,37.298000508698,0.));
#3652 = CARTESIAN_POINT('',(51.281011719347,37.295369573904,0.));
#3653 = CARTESIAN_POINT('',(51.241766554857,37.292715136723,0.));
#3654 = CARTESIAN_POINT('',(51.202511586335,37.290037176901,0.));
#3655 = CARTESIAN_POINT('',(51.163246831448,37.287335673903,0.));
#3656 = CARTESIAN_POINT('',(51.123972307861,37.284610607209,0.));
#3657 = CARTESIAN_POINT('',(51.084688033236,37.281861956489,0.));
#3658 = CARTESIAN_POINT('',(51.045394025373,37.279089701058,0.));
#3659 = CARTESIAN_POINT('',(51.006090301992,37.276293820747,0.));
#3660 = CARTESIAN_POINT('',(50.966776880918,37.273474294847,0.));
#3661 = CARTESIAN_POINT('',(50.927453779941,37.270631102925,0.));
#3662 = CARTESIAN_POINT('',(50.888121016928,37.267764224536,0.));
#3663 = CARTESIAN_POINT('',(50.848778609774,37.264873639173,0.));
#3664 = CARTESIAN_POINT('',(50.809426576364,37.261959326349,0.));
#3665 = CARTESIAN_POINT('',(50.770064934633,37.259021265487,0.));
#3666 = CARTESIAN_POINT('',(50.730693702559,37.256059436122,0.));
#3667 = CARTESIAN_POINT('',(50.691312898137,37.253073817812,0.));
#3668 = CARTESIAN_POINT('',(50.651922539413,37.250064389903,0.));
#3669 = CARTESIAN_POINT('',(50.612522644395,37.247031132006,0.));
#3670 = CARTESIAN_POINT('',(50.573113231203,37.243974023429,0.));
#3671 = CARTESIAN_POINT('',(50.533694317936,37.240893043779,0.));
#3672 = CARTESIAN_POINT('',(50.494265922731,37.237788172498,0.));
#3673 = CARTESIAN_POINT('',(50.454828063772,37.234659388899,0.));
#3674 = CARTESIAN_POINT('',(50.415380759236,37.231506672606,0.));
#3675 = CARTESIAN_POINT('',(50.375924027377,37.228330002977,0.));
#3676 = CARTESIAN_POINT('',(50.336457886455,37.225129359423,0.));
#3677 = CARTESIAN_POINT('',(50.296982354746,37.22190472148,0.));
#3678 = CARTESIAN_POINT('',(50.257497450579,37.218656068477,0.));
#3679 = CARTESIAN_POINT('',(50.218003192303,37.21538337985,0.));
#3680 = CARTESIAN_POINT('',(50.178499598281,37.212086635112,0.));
#3681 = CARTESIAN_POINT('',(50.138986686941,37.208765813532,0.));
#3682 = CARTESIAN_POINT('',(50.099464476686,37.205420894624,0.));
#3683 = CARTESIAN_POINT('',(50.059932986002,37.202051857725,0.));
#3684 = CARTESIAN_POINT('',(50.020392233374,37.198658682272,0.));
#3685 = CARTESIAN_POINT('',(49.980842237345,37.195241347635,0.));
#3686 = CARTESIAN_POINT('',(49.941283016473,37.191799833239,0.));
#3687 = CARTESIAN_POINT('',(49.901714589338,37.188334118465,0.));
#3688 = CARTESIAN_POINT('',(49.862136974542,37.184844182646,0.));
#3689 = CARTESIAN_POINT('',(49.82255019072,37.181330005169,0.));
#3690 = CARTESIAN_POINT('',(49.782954256571,37.1777915654,0.));
#3691 = CARTESIAN_POINT('',(49.743349190805,37.174228842771,0.));
#3692 = CARTESIAN_POINT('',(49.703735012149,37.1706418166,0.));
#3693 = CARTESIAN_POINT('',(49.664111739342,37.167030466195,0.));
#3694 = CARTESIAN_POINT('',(49.624479391191,37.163394770909,0.));
#3695 = CARTESIAN_POINT('',(49.584837986517,37.15973471019,0.));
#3696 = CARTESIAN_POINT('',(49.545187544187,37.156050263276,0.));
#3697 = CARTESIAN_POINT('',(49.505528083093,37.152341409507,0.));
#3698 = CARTESIAN_POINT('',(49.465859622118,37.148608128362,0.));
#3699 = CARTESIAN_POINT('',(49.426182180236,37.14485039894,0.));
#3700 = CARTESIAN_POINT('',(49.386495776399,37.141068200705,0.));
#3701 = CARTESIAN_POINT('',(49.346800429636,37.137261512997,0.));
#3702 = CARTESIAN_POINT('',(49.307096158955,37.133430315092,0.));
#3703 = CARTESIAN_POINT('',(49.267382983439,37.129574586186,0.));
#3704 = CARTESIAN_POINT('',(49.22766092216,37.125694305797,0.));
#3705 = CARTESIAN_POINT('',(49.187929994274,37.121789453093,0.));
#3706 = CARTESIAN_POINT('',(49.148190218929,37.117860007359,0.));
#3707 = CARTESIAN_POINT('',(49.108441615299,37.113905947988,0.));
#3708 = CARTESIAN_POINT('',(49.068684202602,37.109927254192,0.));
#3709 = CARTESIAN_POINT('',(49.028918000081,37.105923905212,0.));
#3710 = CARTESIAN_POINT('',(48.989143027016,37.101895880429,0.));
#3711 = CARTESIAN_POINT('',(48.949359302743,37.09784315908,0.));
#3712 = CARTESIAN_POINT('',(48.909566846578,37.093765720459,0.));
#3713 = CARTESIAN_POINT('',(48.869765677898,37.089663543771,0.));
#3714 = CARTESIAN_POINT('',(48.8299558161,37.085536608336,0.));
#3715 = CARTESIAN_POINT('',(48.790137280596,37.081384893439,0.));
#3716 = CARTESIAN_POINT('',(48.750310090858,37.077208378202,0.));
#3717 = CARTESIAN_POINT('',(48.710474266361,37.073007041987,0.));
#3718 = CARTESIAN_POINT('',(48.670629826641,37.068780864051,0.));
#3719 = CARTESIAN_POINT('',(48.630776791286,37.064529823541,0.));
#3720 = CARTESIAN_POINT('',(48.590915179853,37.060253899859,0.));
#3721 = CARTESIAN_POINT('',(48.55104501195,37.055953072145,0.));
#3722 = CARTESIAN_POINT('',(48.511166307239,37.05162731951,0.));
#3723 = CARTESIAN_POINT('',(48.47127908537,37.047276621433,0.));
#3724 = CARTESIAN_POINT('',(48.43138336607,37.042900956987,0.));
#3725 = CARTESIAN_POINT('',(48.39147916908,37.038500305317,0.));
#3726 = CARTESIAN_POINT('',(48.351566514136,37.034074645853,0.));
#3727 = CARTESIAN_POINT('',(48.311645421072,37.029623957628,0.));
#3728 = CARTESIAN_POINT('',(48.271715909708,37.025148219885,0.));
#3729 = CARTESIAN_POINT('',(48.231777999915,37.020647411915,0.));
#3730 = CARTESIAN_POINT('',(48.19183171158,37.016121512882,0.));
#3731 = CARTESIAN_POINT('',(48.151877064625,37.011570501894,0.));
#3732 = CARTESIAN_POINT('',(48.111914079012,37.006994358241,0.));
#3733 = CARTESIAN_POINT('',(48.07194277474,37.002393061152,0.));
#3734 = CARTESIAN_POINT('',(48.031963171816,36.99776658973,0.));
#3735 = CARTESIAN_POINT('',(47.991975290263,36.993114923154,0.));
#3736 = CARTESIAN_POINT('',(47.951979150179,36.98843804062,0.));
#3737 = CARTESIAN_POINT('',(47.91197477169,36.98373592135,0.));
#3738 = CARTESIAN_POINT('',(47.871962174934,36.979008544503,0.));
#3739 = CARTESIAN_POINT('',(47.831941380061,36.974255889212,0.));
#3740 = CARTESIAN_POINT('',(47.791912407304,36.969477934603,0.));
#3741 = CARTESIAN_POINT('',(47.751875276892,36.964674659994,0.));
#3742 = CARTESIAN_POINT('',(47.7118300091,36.959846044451,0.));
#3743 = CARTESIAN_POINT('',(47.671776624247,36.954992067044,0.));
#3744 = CARTESIAN_POINT('',(47.631715142622,36.950112707151,0.));
#3745 = CARTESIAN_POINT('',(47.591645584635,36.945207943715,0.));
#3746 = CARTESIAN_POINT('',(47.551567970627,36.940277755969,0.));
#3747 = CARTESIAN_POINT('',(47.511482321051,36.935322123022,0.));
#3748 = CARTESIAN_POINT('',(47.471388656371,36.930341024055,0.));
#3749 = CARTESIAN_POINT('',(47.431286997076,36.925334438213,0.));
#3750 = CARTESIAN_POINT('',(47.391177363689,36.920302344585,0.));
#3751 = CARTESIAN_POINT('',(47.35105977677,36.915244722323,0.));
#3752 = CARTESIAN_POINT('',(47.310934256879,36.910161550625,0.));
#3753 = CARTESIAN_POINT('',(47.270800824652,36.90505280847,0.));
#3754 = CARTESIAN_POINT('',(47.23065950074,36.899918475064,0.));
#3755 = CARTESIAN_POINT('',(47.190510305828,36.894758529622,0.));
#3756 = CARTESIAN_POINT('',(47.150353260619,36.88957295113,0.));
#3757 = CARTESIAN_POINT('',(47.110188385842,36.884361718673,0.));
#3758 = CARTESIAN_POINT('',(47.070015702285,36.879124811464,0.));
#3759 = CARTESIAN_POINT('',(47.029835230765,36.873862208621,0.));
#3760 = CARTESIAN_POINT('',(46.989646992149,36.868573889142,0.));
#3761 = CARTESIAN_POINT('',(46.949451007278,36.863259832266,0.));
#3762 = CARTESIAN_POINT('',(46.909247297034,36.857920017047,0.));
#3763 = CARTESIAN_POINT('',(46.869035882413,36.852554422387,0.));
#3764 = CARTESIAN_POINT('',(46.82881678432,36.847163027756,0.));
#3765 = CARTESIAN_POINT('',(46.788590023818,36.841745811978,0.));
#3766 = CARTESIAN_POINT('',(46.748355621911,36.836302754151,0.));
#3767 = CARTESIAN_POINT('',(46.708113599651,36.830833833515,0.));
#3768 = CARTESIAN_POINT('',(46.667863978162,36.825339029029,0.));
#3769 = CARTESIAN_POINT('',(46.627606778562,36.819818319779,0.));
#3770 = CARTESIAN_POINT('',(46.587342022014,36.814271684916,0.));
#3771 = CARTESIAN_POINT('',(46.547069729709,36.808699103493,0.));
#3772 = CARTESIAN_POINT('',(46.506789922897,36.803100554496,0.));
#3773 = CARTESIAN_POINT('',(46.466502622801,36.797476017167,0.));
#3774 = CARTESIAN_POINT('',(46.426207850769,36.791825470421,0.));
#3775 = CARTESIAN_POINT('',(46.385905628075,36.786148893449,0.));
#3776 = CARTESIAN_POINT('',(46.345595976101,36.780446265215,0.));
#3777 = CARTESIAN_POINT('',(46.305278916237,36.774717564822,0.));
#3778 = CARTESIAN_POINT('',(46.264954469881,36.768962771402,0.));
#3779 = CARTESIAN_POINT('',(46.224622658537,36.763181863848,0.));
#3780 = CARTESIAN_POINT('',(46.184283503651,36.757374821413,0.));
#3781 = CARTESIAN_POINT('',(46.143937026779,36.751541623041,0.));
#3782 = CARTESIAN_POINT('',(46.103583249449,36.745682247792,0.));
#3783 = CARTESIAN_POINT('',(46.063222193234,36.739796674734,0.));
#3784 = CARTESIAN_POINT('',(46.022853879779,36.733884882873,0.));
#3785 = CARTESIAN_POINT('',(45.98247833072,36.727946851346,0.));
#3786 = CARTESIAN_POINT('',(45.942095567769,36.721982559119,0.));
#3787 = CARTESIAN_POINT('',(45.901705612632,36.715991985283,0.));
#3788 = CARTESIAN_POINT('',(45.861308487055,36.709975108881,0.));
#3789 = CARTESIAN_POINT('',(45.82090421281,36.703931908916,0.));
#3790 = CARTESIAN_POINT('',(45.780492811737,36.697862364392,0.));
#3791 = CARTESIAN_POINT('',(45.740074305668,36.691766454489,0.));
#3792 = CARTESIAN_POINT('',(45.69964871652,36.685644158113,0.));
#3793 = CARTESIAN_POINT('',(45.659216066171,36.679495454345,0.));
#3794 = CARTESIAN_POINT('',(45.618776376581,36.673320322191,0.));
#3795 = CARTESIAN_POINT('',(45.578329669719,36.667118740703,0.));
#3796 = CARTESIAN_POINT('',(45.537875967624,36.660890688873,0.));
#3797 = CARTESIAN_POINT('',(45.497415292348,36.654636145783,0.));
#3798 = CARTESIAN_POINT('',(45.456947665958,36.648355090477,0.));
#3799 = CARTESIAN_POINT('',(45.416473110578,36.642047501859,0.));
#3800 = CARTESIAN_POINT('',(45.37599164833,36.635713359048,0.));
#3801 = CARTESIAN_POINT('',(45.335503301444,36.629352641026,0.));
#3802 = CARTESIAN_POINT('',(45.295008092112,36.622965326892,0.));
#3803 = CARTESIAN_POINT('',(45.254506042574,36.616551395573,0.));
#3804 = CARTESIAN_POINT('',(45.213997175119,36.610110826044,0.));
#3805 = CARTESIAN_POINT('',(45.173481512055,36.603643597455,0.));
#3806 = CARTESIAN_POINT('',(45.132959075749,36.597149688755,0.));
#3807 = CARTESIAN_POINT('',(45.09242988858,36.590629078911,0.));
#3808 = CARTESIAN_POINT('',(45.051893972956,36.584081747004,0.));
#3809 = CARTESIAN_POINT('',(45.011351351324,36.577507672044,0.));
#3810 = CARTESIAN_POINT('',(44.970802046177,36.570906832948,0.));
#3811 = CARTESIAN_POINT('',(44.930246080028,36.564279208815,0.));
#3812 = CARTESIAN_POINT('',(44.889683475445,36.557624778659,0.));
#3813 = CARTESIAN_POINT('',(44.849114254989,36.550943521455,0.));
#3814 = CARTESIAN_POINT('',(44.808538441276,36.544235416145,0.));
#3815 = CARTESIAN_POINT('',(44.767956056962,36.537500441798,0.));
#3816 = CARTESIAN_POINT('',(44.727367124745,36.530738577455,0.));
#3817 = CARTESIAN_POINT('',(44.686771667362,36.523949802048,0.));
#3818 = CARTESIAN_POINT('',(44.646169707535,36.517134094634,0.));
#3819 = CARTESIAN_POINT('',(44.605561268059,36.510291434157,0.));
#3820 = CARTESIAN_POINT('',(44.564946371746,36.503421799628,0.));
#3821 = CARTESIAN_POINT('',(44.52432504146,36.496525170066,0.));
#3822 = CARTESIAN_POINT('',(44.48369730013,36.489601524448,0.));
#3823 = CARTESIAN_POINT('',(44.443063170632,36.482650841892,0.));
#3824 = CARTESIAN_POINT('',(44.402422675955,36.475673101183,0.));
#3825 = CARTESIAN_POINT('',(44.36177583904,36.468668281443,0.));
#3826 = CARTESIAN_POINT('',(44.321122682943,36.461636361644,0.));
#3827 = CARTESIAN_POINT('',(44.280463230755,36.454577320759,0.));
#3828 = CARTESIAN_POINT('',(44.239797505534,36.447491137894,0.));
#3829 = CARTESIAN_POINT('',(44.199125530424,36.440377791894,0.));
#3830 = CARTESIAN_POINT('',(44.158447328564,36.433237261783,0.));
#3831 = CARTESIAN_POINT('',(44.117762923172,36.426069526608,0.));
#3832 = CARTESIAN_POINT('',(44.077072337493,36.418874565363,0.));
#3833 = CARTESIAN_POINT('',(44.036375594781,36.411652357011,0.));
#3834 = CARTESIAN_POINT('',(43.995672718328,36.404402880528,0.));
#3835 = CARTESIAN_POINT('',(43.954963731455,36.397126114927,0.));
#3836 = CARTESIAN_POINT('',(43.914248657556,36.389822039163,0.));
#3837 = CARTESIAN_POINT('',(43.873527520045,36.382490632292,0.));
#3838 = CARTESIAN_POINT('',(43.832800342352,36.375131873324,0.));
#3839 = CARTESIAN_POINT('',(43.792067147938,36.367745741153,0.));
#3840 = CARTESIAN_POINT('',(43.751327960293,36.36033221478,0.));
#3841 = CARTESIAN_POINT('',(43.710582802988,36.352891273236,0.));
#3842 = CARTESIAN_POINT('',(43.669831699612,36.345422895558,0.));
#3843 = CARTESIAN_POINT('',(43.629074673761,36.337927060691,0.));
#3844 = CARTESIAN_POINT('',(43.588311749055,36.330403747576,0.));
#3845 = CARTESIAN_POINT('',(43.547542949205,36.322852935196,0.));
#3846 = CARTESIAN_POINT('',(43.506768297912,36.315274602689,0.));
#3847 = CARTESIAN_POINT('',(43.465987818961,36.307668728917,0.));
#3848 = CARTESIAN_POINT('',(43.425201536113,36.300035292889,0.));
#3849 = CARTESIAN_POINT('',(43.384409473162,36.292374273654,0.));
#3850 = CARTESIAN_POINT('',(43.343611653988,36.28468565009,0.));
#3851 = CARTESIAN_POINT('',(43.30280810249,36.276969401253,0.));
#3852 = CARTESIAN_POINT('',(43.261998842593,36.269225506231,0.));
#3853 = CARTESIAN_POINT('',(43.221183898258,36.261453943905,0.));
#3854 = CARTESIAN_POINT('',(43.180363293468,36.253654693226,0.));
#3855 = CARTESIAN_POINT('',(43.13953705221,36.24582773331,0.));
#3856 = CARTESIAN_POINT('',(43.098705198618,36.237973042997,0.));
#3857 = CARTESIAN_POINT('',(43.057867756769,36.230090601442,0.));
#3858 = CARTESIAN_POINT('',(43.017024750843,36.222180387601,0.));
#3859 = CARTESIAN_POINT('',(42.976176204954,36.214242380485,0.));
#3860 = CARTESIAN_POINT('',(42.935322143304,36.206276558949,0.));
#3861 = CARTESIAN_POINT('',(42.894462590143,36.198282902061,0.));
#3862 = CARTESIAN_POINT('',(42.853597569775,36.190261388925,0.));
#3863 = CARTESIAN_POINT('',(42.812727106496,36.182211998502,0.));
#3864 = CARTESIAN_POINT('',(42.771851224641,36.174134709648,0.));
#3865 = CARTESIAN_POINT('',(42.730969948591,36.166029501443,0.));
#3866 = CARTESIAN_POINT('',(42.690083302781,36.157896352995,0.));
#3867 = CARTESIAN_POINT('',(42.649191311688,36.1497352432,0.));
#3868 = CARTESIAN_POINT('',(42.608293999756,36.141546151079,0.));
#3869 = CARTESIAN_POINT('',(42.567391391517,36.133329055601,0.));
#3870 = CARTESIAN_POINT('',(42.526483511532,36.125083935809,0.));
#3871 = CARTESIAN_POINT('',(42.485570384418,36.116810770711,0.));
#3872 = CARTESIAN_POINT('',(42.444652034792,36.108509539338,0.));
#3873 = CARTESIAN_POINT('',(42.40372848734,36.10018022063,0.));
#3874 = CARTESIAN_POINT('',(42.362799766746,36.091822793663,0.));
#3875 = CARTESIAN_POINT('',(42.321865897724,36.083437237441,0.));
#3876 = CARTESIAN_POINT('',(42.280926905094,36.075023530835,0.));
#3877 = CARTESIAN_POINT('',(42.23998281363,36.066581653071,0.));
#3878 = CARTESIAN_POINT('',(42.199033648222,36.058111583079,0.));
#3879 = CARTESIAN_POINT('',(42.158079433725,36.049613299837,0.));
#3880 = CARTESIAN_POINT('',(42.117120195022,36.041086782385,0.));
#3881 = CARTESIAN_POINT('',(42.076155957108,36.03253200968,0.));
#3882 = CARTESIAN_POINT('',(42.035186744957,36.023948960874,0.));
#3883 = CARTESIAN_POINT('',(41.994212583637,36.015337614907,0.));
#3884 = CARTESIAN_POINT('',(41.953233498148,36.006697950857,0.));
#3885 = CARTESIAN_POINT('',(41.912249513613,35.998029947614,0.));
#3886 = CARTESIAN_POINT('',(41.87126065516,35.989333584303,0.));
#3887 = CARTESIAN_POINT('',(41.830266947952,35.980608840021,0.));
#3888 = CARTESIAN_POINT('',(41.789268417248,35.971855693629,0.));
#3889 = CARTESIAN_POINT('',(41.748265088206,35.963074124334,0.));
#3890 = CARTESIAN_POINT('',(41.707256986163,35.954264111003,0.));
#3891 = CARTESIAN_POINT('',(41.666244136385,35.945425632777,0.));
#3892 = CARTESIAN_POINT('',(41.625226564276,35.936558668631,0.));
#3893 = CARTESIAN_POINT('',(41.584204295181,35.927663197709,0.));
#3894 = CARTESIAN_POINT('',(41.543177354592,35.918739198906,0.));
#3895 = CARTESIAN_POINT('',(41.502145767876,35.909786651451,0.));
#3896 = CARTESIAN_POINT('',(41.461109560583,35.900805534171,0.));
#3897 = CARTESIAN_POINT('',(41.420068758221,35.891795826204,0.));
#3898 = CARTESIAN_POINT('',(41.379023386351,35.882757506688,0.));
#3899 = CARTESIAN_POINT('',(41.337973470621,35.873690554527,0.));
#3900 = CARTESIAN_POINT('',(41.296919036623,35.864594948874,0.));
#3901 = CARTESIAN_POINT('',(41.255860110067,35.855470668732,0.));
#3902 = CARTESIAN_POINT('',(41.214796716661,35.846317693191,0.));
#3903 = CARTESIAN_POINT('',(41.173728882169,35.837136001304,0.));
#3904 = CARTESIAN_POINT('',(41.132656632364,35.827925572153,0.));
#3905 = CARTESIAN_POINT('',(41.091579993057,35.81868638476,0.));
#3906 = CARTESIAN_POINT('',(41.050498990127,35.809418418151,0.));
#3907 = CARTESIAN_POINT('',(41.009413649445,35.800121651517,0.));
#3908 = CARTESIAN_POINT('',(40.968323996992,35.790796063831,0.));
#3909 = CARTESIAN_POINT('',(40.927230058735,35.781441634211,0.));
#3910 = CARTESIAN_POINT('',(40.886131860632,35.772058341801,0.));
#3911 = CARTESIAN_POINT('',(40.845029428762,35.762646165482,0.));
#3912 = CARTESIAN_POINT('',(40.803922789186,35.753205084453,0.));
#3913 = CARTESIAN_POINT('',(40.762811968039,35.743735077885,0.));
#3914 = CARTESIAN_POINT('',(40.721696991524,35.734236124739,0.));
#3915 = CARTESIAN_POINT('',(40.680577885751,35.724708204215,0.));
#3916 = CARTESIAN_POINT('',(40.639454676987,35.715151295253,0.));
#3917 = CARTESIAN_POINT('',(40.598327391498,35.705565377021,0.));
#3918 = CARTESIAN_POINT('',(40.557196055568,35.695950428739,0.));
#3919 = CARTESIAN_POINT('',(40.516060695605,35.686306429313,0.));
#3920 = CARTESIAN_POINT('',(40.47492133793,35.676633357997,0.));
#3921 = CARTESIAN_POINT('',(40.433778008941,35.66693119388,0.));
#3922 = CARTESIAN_POINT('',(40.392630735137,35.657199915889,0.));
#3923 = CARTESIAN_POINT('',(40.351479542947,35.647439503375,0.));
#3924 = CARTESIAN_POINT('',(40.310324458991,35.637649935344,0.));
#3925 = CARTESIAN_POINT('',(40.269165509753,35.627831191009,0.));
#3926 = CARTESIAN_POINT('',(40.22800272188,35.617983249315,0.));
#3927 = CARTESIAN_POINT('',(40.186836121978,35.608106089527,0.));
#3928 = CARTESIAN_POINT('',(40.145665736739,35.598199690786,0.));
#3929 = CARTESIAN_POINT('',(40.10449159287,35.588264032154,0.));
#3930 = CARTESIAN_POINT('',(40.063313717151,35.578299092737,0.));
#3931 = CARTESIAN_POINT('',(40.022132136318,35.568304851857,0.));
#3932 = CARTESIAN_POINT('',(39.980946877244,35.558281288468,0.));
#3933 = CARTESIAN_POINT('',(39.939757966776,35.548228381741,0.));
#3934 = CARTESIAN_POINT('',(39.898565431786,35.53814611097,0.));
#3935 = CARTESIAN_POINT('',(39.857369299282,35.528034455138,0.));
#3936 = CARTESIAN_POINT('',(39.816169596175,35.517893393535,0.));
#3937 = CARTESIAN_POINT('',(39.774966349534,35.507722905231,0.));
#3938 = CARTESIAN_POINT('',(39.73375958636,35.497522969483,0.));
#3939 = CARTESIAN_POINT('',(39.69254933376,35.487293565361,0.));
#3940 = CARTESIAN_POINT('',(39.651335618867,35.477034672044,0.));
#3941 = CARTESIAN_POINT('',(39.610118468808,35.466746268831,0.));
#3942 = CARTESIAN_POINT('',(39.568897910866,35.456428334731,0.));
#3943 = CARTESIAN_POINT('',(39.527673972221,35.446080849106,0.));
#3944 = CARTESIAN_POINT('',(39.486446680189,35.435703791053,0.));
#3945 = CARTESIAN_POINT('',(39.445216062043,35.425297139769,0.));
#3946 = CARTESIAN_POINT('',(39.403982145172,35.414860874397,0.));
#3947 = CARTESIAN_POINT('',(39.362744956938,35.404394974271,0.));
#3948 = CARTESIAN_POINT('',(39.321504524808,35.393899418505,0.));
#3949 = CARTESIAN_POINT('',(39.280260876233,35.383374186313,0.));
#3950 = CARTESIAN_POINT('',(39.239014038703,35.372819256957,0.));
#3951 = CARTESIAN_POINT('',(39.197764039806,35.362234609582,0.));
#3952 = CARTESIAN_POINT('',(39.156510907056,35.35162022353,0.));
#3953 = CARTESIAN_POINT('',(39.115254668154,35.340976077844,0.));
#3954 = CARTESIAN_POINT('',(39.073995350696,35.330302151952,0.));
#3955 = CARTESIAN_POINT('',(39.03273298243,35.319598425,0.));
#3956 = CARTESIAN_POINT('',(38.991467591063,35.308864876227,0.));
#3957 = CARTESIAN_POINT('',(38.950199204354,35.298101484884,0.));
#3958 = CARTESIAN_POINT('',(38.908927850143,35.287308230187,0.));
#3959 = CARTESIAN_POINT('',(38.867653556252,35.276485091482,0.));
#3960 = CARTESIAN_POINT('',(38.826376350623,35.265632047937,0.));
#3961 = CARTESIAN_POINT('',(38.785096261147,35.254749078903,0.));
#3962 = CARTESIAN_POINT('',(38.743813315791,35.243836163615,0.));
#3963 = CARTESIAN_POINT('',(38.702527542556,35.23289328128,0.));
#3964 = CARTESIAN_POINT('',(38.661238969461,35.221920411237,0.));
#3965 = CARTESIAN_POINT('',(38.619947624648,35.210917532743,0.));
#3966 = CARTESIAN_POINT('',(38.578653536204,35.199884625203,0.));
#3967 = CARTESIAN_POINT('',(38.537356732314,35.188821667787,0.));
#3968 = CARTESIAN_POINT('',(38.496057241105,35.177728639825,0.));
#3969 = CARTESIAN_POINT('',(38.454755090883,35.166605520532,0.));
#3970 = CARTESIAN_POINT('',(38.413450309883,35.155452289423,0.));
#3971 = CARTESIAN_POINT('',(38.372142926467,35.144268925699,0.));
#3972 = CARTESIAN_POINT('',(38.33083296895,35.133055408658,0.));
#3973 = CARTESIAN_POINT('',(38.289520465697,35.121811717644,0.));
#3974 = CARTESIAN_POINT('',(38.248205445166,35.110537831953,0.));
#3975 = CARTESIAN_POINT('',(38.20688793583,35.09923373099,0.));
#3976 = CARTESIAN_POINT('',(38.165567966238,35.087899394087,0.));
#3977 = CARTESIAN_POINT('',(38.12424556486,35.076534800665,0.));
#3978 = CARTESIAN_POINT('',(38.082920760342,35.065139929839,0.));
#3979 = CARTESIAN_POINT('',(38.041593581239,35.053714761166,0.));
#3980 = CARTESIAN_POINT('',(38.000264056288,35.042259273974,0.));
#3981 = CARTESIAN_POINT('',(37.958932214163,35.030773447652,0.));
#3982 = CARTESIAN_POINT('',(37.91759808357,35.019257261528,0.));
#3983 = CARTESIAN_POINT('',(37.876261693352,35.007710694888,0.));
#3984 = CARTESIAN_POINT('',(37.834923072272,34.996133727366,0.));
#3985 = CARTESIAN_POINT('',(37.793582249233,34.984526338219,0.));
#3986 = CARTESIAN_POINT('',(37.752239253138,34.972888506754,0.));
#3987 = CARTESIAN_POINT('',(37.710894112868,34.961220212554,0.));
#3988 = CARTESIAN_POINT('',(37.669546857431,34.949521434934,0.));
#3989 = CARTESIAN_POINT('',(37.628197515867,34.937792153241,0.));
#3990 = CARTESIAN_POINT('',(37.586846117187,34.926032347075,0.));
#3991 = CARTESIAN_POINT('',(37.545492690535,34.914241995763,0.));
#3992 = CARTESIAN_POINT('',(37.504137265009,34.902421078734,0.));
#3993 = CARTESIAN_POINT('',(37.462779869782,34.890569575432,0.));
#3994 = CARTESIAN_POINT('',(37.421420534079,34.87868746532,0.));
#3995 = CARTESIAN_POINT('',(37.380059287141,34.866774727882,0.));
#3996 = CARTESIAN_POINT('',(37.338696158291,34.854831342512,0.));
#3997 = CARTESIAN_POINT('',(37.297331176819,34.842857288758,0.));
#3998 = CARTESIAN_POINT('',(37.255964372113,34.830852546032,0.));
#3999 = CARTESIAN_POINT('',(37.214595773597,34.818817093799,0.));
#4000 = CARTESIAN_POINT('',(37.173225410678,34.806750911649,0.));
#4001 = CARTESIAN_POINT('',(37.131853312918,34.794653978942,0.));
#4002 = CARTESIAN_POINT('',(37.090479509795,34.782526275308,0.));
#4003 = CARTESIAN_POINT('',(37.049104030871,34.770367780212,0.));
#4004 = CARTESIAN_POINT('',(37.007726905788,34.758178473042,0.));
#4005 = CARTESIAN_POINT('',(36.966348164138,34.745958333494,0.));
#4006 = CARTESIAN_POINT('',(36.924967835697,34.733707341,0.));
#4007 = CARTESIAN_POINT('',(36.883585950124,34.721425475194,0.));
#4008 = CARTESIAN_POINT('',(36.84220253722,34.709112715484,0.));
#4009 = CARTESIAN_POINT('',(36.80081762676,34.696769041472,0.));
#4010 = CARTESIAN_POINT('',(36.759431248617,34.684394432733,0.));
#4011 = CARTESIAN_POINT('',(36.718043432687,34.671988868844,0.));
#4012 = CARTESIAN_POINT('',(36.67665420891,34.659552329353,0.));
#4013 = CARTESIAN_POINT('',(36.635263607208,34.647084793871,0.));
#4014 = CARTESIAN_POINT('',(36.593871657607,34.634586241885,0.));
#4015 = CARTESIAN_POINT('',(36.552478390138,34.622056653038,0.));
#4016 = CARTESIAN_POINT('',(36.511083834935,34.609496006952,0.));
#4017 = CARTESIAN_POINT('',(36.469688022095,34.596904283303,0.));
#4018 = CARTESIAN_POINT('',(36.428290981813,34.584281461567,0.));
#4019 = CARTESIAN_POINT('',(36.386892744268,34.571627521421,0.));
#4020 = CARTESIAN_POINT('',(36.345493339714,34.558942442532,0.));
#4021 = CARTESIAN_POINT('',(36.304092798435,34.546226204498,0.));
#4022 = CARTESIAN_POINT('',(36.262691150784,34.533478786918,0.));
#4023 = CARTESIAN_POINT('',(36.221288427106,34.520700169554,0.));
#4024 = CARTESIAN_POINT('',(36.179884657834,34.507890332018,0.));
#4025 = CARTESIAN_POINT('',(36.138479873404,34.495049253944,0.));
#4026 = CARTESIAN_POINT('',(36.097074104292,34.482176915029,0.));
#4027 = CARTESIAN_POINT('',(36.055667381058,34.469273294951,0.));
#4028 = CARTESIAN_POINT('',(36.014259734281,34.456338373445,0.));
#4029 = CARTESIAN_POINT('',(35.972851194516,34.443372130238,0.));
#4030 = CARTESIAN_POINT('',(35.931441792505,34.430374544828,0.));
#4031 = CARTESIAN_POINT('',(35.890031558854,34.417345597197,0.));
#4032 = CARTESIAN_POINT('',(35.848620524351,34.40428526698,0.));
#4033 = CARTESIAN_POINT('',(35.807208719757,34.391193533813,0.));
#4034 = CARTESIAN_POINT('',(35.765796175854,34.378070377512,0.));
#4035 = CARTESIAN_POINT('',(35.724382923559,34.364915777823,0.));
#4036 = CARTESIAN_POINT('',(35.682968993729,34.351729714587,0.));
#4037 = CARTESIAN_POINT('',(35.641554417344,34.338512167428,0.));
#4038 = CARTESIAN_POINT('',(35.600139225304,34.325263116208,0.));
#4039 = CARTESIAN_POINT('',(35.558723448676,34.311982540626,0.));
#4040 = CARTESIAN_POINT('',(35.517307118521,34.298670420535,0.));
#4041 = CARTESIAN_POINT('',(35.475890265926,34.285326735798,0.));
#4042 = CARTESIAN_POINT('',(35.434472922091,34.271951466107,0.));
#4043 = CARTESIAN_POINT('',(35.393055118108,34.2585445914,0.));
#4044 = CARTESIAN_POINT('',(35.351636885252,34.245106091362,0.));
#4045 = CARTESIAN_POINT('',(35.310218254774,34.231635945885,0.));
#4046 = CARTESIAN_POINT('',(35.268799257974,34.218134134893,0.));
#4047 = CARTESIAN_POINT('',(35.22737992621,34.204600638161,0.));
#4048 = CARTESIAN_POINT('',(35.185960290885,34.191035435513,0.));
#4049 = CARTESIAN_POINT('',(35.144540383412,34.17743850694,0.));
#4050 = CARTESIAN_POINT('',(35.103120235247,34.163809832301,0.));
#4051 = CARTESIAN_POINT('',(35.061699877923,34.150149391338,0.));
#4052 = CARTESIAN_POINT('',(35.020279342971,34.13645716406,0.));
#4053 = CARTESIAN_POINT('',(34.978858661991,34.122733130447,0.));
#4054 = CARTESIAN_POINT('',(34.937437866633,34.108977270304,0.));
#4055 = CARTESIAN_POINT('',(34.896016988562,34.09518956355,0.));
#4056 = CARTESIAN_POINT('',(34.854596059475,34.08136999021,0.));
#4057 = CARTESIAN_POINT('',(34.813175111177,34.067518530167,0.));
#4058 = CARTESIAN_POINT('',(34.771754175442,34.053635163418,0.));
#4059 = CARTESIAN_POINT('',(34.730333284094,34.03971986991,0.));
#4060 = CARTESIAN_POINT('',(34.688912469048,34.025772629549,0.));
#4061 = CARTESIAN_POINT('',(34.64749176219,34.011793422429,0.));
#4062 = CARTESIAN_POINT('',(34.60607119552,33.997782228491,0.));
#4063 = CARTESIAN_POINT('',(34.564650801039,33.983739027735,0.));
#4064 = CARTESIAN_POINT('',(34.5232306108,33.969663800193,0.));
#4065 = CARTESIAN_POINT('',(34.481810656871,33.955556525917,0.));
#4066 = CARTESIAN_POINT('',(34.440390971419,33.941417184853,0.));
#4067 = CARTESIAN_POINT('',(34.398971586577,33.927245757126,0.));
#4068 = CARTESIAN_POINT('',(34.357552534587,33.913042222755,0.));
#4069 = CARTESIAN_POINT('',(34.316133847688,33.898806561807,0.));
#4070 = CARTESIAN_POINT('',(34.274715558187,33.884538754335,0.));
#4071 = CARTESIAN_POINT('',(34.233297698438,33.870238780454,0.));
#4072 = CARTESIAN_POINT('',(34.191880300814,33.855906620296,0.));
#4073 = CARTESIAN_POINT('',(34.150463397742,33.841542253914,0.));
#4074 = CARTESIAN_POINT('',(34.109047021696,33.827145661389,0.));
#4075 = CARTESIAN_POINT('',(34.06763120512,33.812716822949,0.));
#4076 = CARTESIAN_POINT('',(34.026215980651,33.798255718573,0.));
#4077 = CARTESIAN_POINT('',(33.984801380822,33.783762328565,0.));
#4078 = CARTESIAN_POINT('',(33.943387438318,33.769236633041,0.));
#4079 = CARTESIAN_POINT('',(33.901974185766,33.754678612168,0.));
#4080 = CARTESIAN_POINT('',(33.860561655917,33.740088246029,0.));
#4081 = CARTESIAN_POINT('',(33.819149881468,33.725465514941,0.));
#4082 = CARTESIAN_POINT('',(33.777738895295,33.710810399011,0.));
#4083 = CARTESIAN_POINT('',(33.736328730249,33.696122878517,0.));
#4084 = CARTESIAN_POINT('',(33.694919419131,33.681402933781,0.));
#4085 = CARTESIAN_POINT('',(33.653510994973,33.666650544744,0.));
#4086 = CARTESIAN_POINT('',(33.612103490648,33.651865691869,0.));
#4087 = CARTESIAN_POINT('',(33.570696939225,33.637048355416,0.));
#4088 = CARTESIAN_POINT('',(33.529291373758,33.622198515582,0.));
#4089 = CARTESIAN_POINT('',(33.487886827328,33.607316152635,0.));
#4090 = CARTESIAN_POINT('',(33.446483333076,33.592401246907,0.));
#4091 = CARTESIAN_POINT('',(33.405080924173,33.577453778711,0.));
#4092 = CARTESIAN_POINT('',(33.363679633876,33.562473728279,0.));
#4093 = CARTESIAN_POINT('',(33.322279495426,33.547461076023,0.));
#4094 = CARTESIAN_POINT('',(33.280880542154,33.532415802272,0.));
#4095 = CARTESIAN_POINT('',(33.239482807382,33.517337887344,0.));
#4096 = CARTESIAN_POINT('',(33.198086324492,33.502227311538,0.));
#4097 = CARTESIAN_POINT('',(33.156691126944,33.487084055245,0.));
#4098 = CARTESIAN_POINT('',(33.115297248209,33.471908098953,0.));
#4099 = CARTESIAN_POINT('',(33.073904721851,33.456699422991,0.));
#4100 = CARTESIAN_POINT('',(33.032513581398,33.44145800777,0.));
#4101 = CARTESIAN_POINT('',(32.991123860456,33.426183833684,0.));
#4102 = CARTESIAN_POINT('',(32.949735592654,33.410876881172,0.));
#4103 = CARTESIAN_POINT('',(32.908348811713,33.395537130647,0.));
#4104 = CARTESIAN_POINT('',(32.866963551372,33.380164562616,0.));
#4105 = CARTESIAN_POINT('',(32.825579845372,33.364759157584,0.));
#4106 = CARTESIAN_POINT('',(32.784197727579,33.349320895872,0.));
#4107 = CARTESIAN_POINT('',(32.742817231817,33.333849758078,0.));
#4108 = CARTESIAN_POINT('',(32.701438392003,33.318345724745,0.));
#4109 = CARTESIAN_POINT('',(32.66006124212,33.302808776296,0.));
#4110 = CARTESIAN_POINT('',(32.618685816097,33.28723889332,0.));
#4111 = CARTESIAN_POINT('',(32.577312148019,33.271636056284,0.));
#4112 = CARTESIAN_POINT('',(32.535940271936,33.256000245819,0.));
#4113 = CARTESIAN_POINT('',(32.494570221969,33.240331442479,0.));
#4114 = CARTESIAN_POINT('',(32.453202032327,33.224629626763,0.));
#4115 = CARTESIAN_POINT('',(32.411835737127,33.208894779399,0.));
#4116 = CARTESIAN_POINT('',(32.370471370692,33.193126880831,0.));
#4117 = CARTESIAN_POINT('',(32.329108967289,33.177325911745,0.));
#4118 = CARTESIAN_POINT('',(32.287748561249,33.161491852846,0.));
#4119 = CARTESIAN_POINT('',(32.24639018698,33.145624684687,0.));
#4120 = CARTESIAN_POINT('',(32.205033878851,33.129724387932,0.));
#4121 = CARTESIAN_POINT('',(32.16367967137,33.113790943208,0.));
#4122 = CARTESIAN_POINT('',(32.122327599014,33.097824331301,0.));
#4123 = CARTESIAN_POINT('',(32.08097769636,33.08182453285,0.));
#4124 = CARTESIAN_POINT('',(32.039629998023,33.065791528522,0.));
#4125 = CARTESIAN_POINT('',(31.99828453858,33.049725299153,0.));
#4126 = CARTESIAN_POINT('',(31.956941352757,33.033625825349,0.));
#4127 = CARTESIAN_POINT('',(31.915600475238,33.017493087879,0.));
#4128 = CARTESIAN_POINT('',(31.874261940809,33.001327067529,0.));
#4129 = CARTESIAN_POINT('',(31.832925784307,32.98512774509,0.));
#4130 = CARTESIAN_POINT('',(31.79159204058,32.968895101374,0.));
#4131 = CARTESIAN_POINT('',(31.750260744512,32.95262911715,0.));
#4132 = CARTESIAN_POINT('',(31.708931931041,32.936329773182,0.));
#4133 = CARTESIAN_POINT('',(31.667605635158,32.919997050336,0.));
#4134 = CARTESIAN_POINT('',(31.626281891885,32.903630929509,0.));
#4135 = CARTESIAN_POINT('',(31.58496073632,32.887231391495,0.));
#4136 = CARTESIAN_POINT('',(31.543642203524,32.870798417184,0.));
#4137 = CARTESIAN_POINT('',(31.502326328705,32.854331987392,0.));
#4138 = CARTESIAN_POINT('',(31.461013147032,32.837832083125,0.));
#4139 = CARTESIAN_POINT('',(31.419702693797,32.821298685266,0.));
#4140 = CARTESIAN_POINT('',(31.378395004296,32.80473177474,0.));
#4141 = CARTESIAN_POINT('',(31.337090113802,32.788131332528,0.));
#4142 = CARTESIAN_POINT('',(31.29578805772,32.77149733945,0.));
#4143 = CARTESIAN_POINT('',(31.254488871457,32.754829776524,0.));
#4144 = CARTESIAN_POINT('',(31.213192590508,32.738128624819,0.));
#4145 = CARTESIAN_POINT('',(31.171899250381,32.721393865342,0.));
#4146 = CARTESIAN_POINT('',(31.130608886617,32.70462547902,0.));
#4147 = CARTESIAN_POINT('',(31.08932153482,32.687823446852,0.));
#4148 = CARTESIAN_POINT('',(31.048037230582,32.670987750001,0.));
#4149 = CARTESIAN_POINT('',(31.006756009682,32.65411836941,0.));
#4150 = CARTESIAN_POINT('',(30.965477907758,32.637215286276,0.));
#4151 = CARTESIAN_POINT('',(30.924202960677,32.620278481556,0.));
#4152 = CARTESIAN_POINT('',(30.882931204143,32.603307936481,0.));
#4153 = CARTESIAN_POINT('',(30.841662674106,32.586303632007,0.));
#4154 = CARTESIAN_POINT('',(30.800397406408,32.569265549381,0.));
#4155 = CARTESIAN_POINT('',(30.759135437056,32.552193669736,0.));
#4156 = CARTESIAN_POINT('',(30.717876802028,32.535087974255,0.));
#4157 = CARTESIAN_POINT('',(30.676621537312,32.517948444099,0.));
#4158 = CARTESIAN_POINT('',(30.63536967909,32.500775060319,0.));
#4159 = CARTESIAN_POINT('',(30.594121263334,32.483567804409,0.));
#4160 = CARTESIAN_POINT('',(30.552876326415,32.466326657322,0.));
#4161 = CARTESIAN_POINT('',(30.511634904354,32.449051600525,0.));
#4162 = CARTESIAN_POINT('',(30.470397033552,32.431742615053,0.));
#4163 = CARTESIAN_POINT('',(30.429162750203,32.414399682325,0.));
#4164 = CARTESIAN_POINT('',(30.387932090736,32.397022783562,0.));
#4165 = CARTESIAN_POINT('',(30.346705091507,32.379611900123,0.));
#4166 = CARTESIAN_POINT('',(30.305481788945,32.362167013292,0.));
#4167 = CARTESIAN_POINT('',(30.264262219561,32.344688104341,0.));
#4168 = CARTESIAN_POINT('',(30.22304641984,32.327175154727,0.));
#4169 = CARTESIAN_POINT('',(30.181834426383,32.30962814578,0.));
#4170 = CARTESIAN_POINT('',(30.140626275815,32.292047058839,0.));
#4171 = CARTESIAN_POINT('',(30.099422004749,32.274431875373,0.));
#4172 = CARTESIAN_POINT('',(30.058221649918,32.256782576727,0.));
#4173 = CARTESIAN_POINT('',(30.017025248053,32.239099144337,0.));
#4174 = CARTESIAN_POINT('',(29.975832835948,32.221381559679,0.));
#4175 = CARTESIAN_POINT('',(29.934644450451,32.203629804216,0.));
#4176 = CARTESIAN_POINT('',(29.893460128474,32.185843859411,0.));
#4177 = CARTESIAN_POINT('',(29.852279906892,32.168023706837,0.));
#4178 = CARTESIAN_POINT('',(29.8111038227,32.150169327898,0.));
#4179 = CARTESIAN_POINT('',(29.769931912896,32.132280704114,0.));
#4180 = CARTESIAN_POINT('',(29.728764214549,32.114357817099,0.));
#4181 = CARTESIAN_POINT('',(29.687600764766,32.096400648437,0.));
#4182 = CARTESIAN_POINT('',(29.646441600688,32.07840917964,0.));
#4183 = CARTESIAN_POINT('',(29.605286759543,32.060383392268,0.));
#4184 = CARTESIAN_POINT('',(29.564136278507,32.042323268079,0.));
#4185 = CARTESIAN_POINT('',(29.522990194928,32.024228788591,0.));
#4186 = CARTESIAN_POINT('',(29.481848546142,32.006099935448,0.));
#4187 = CARTESIAN_POINT('',(29.440711369463,31.987936690442,0.));
#4188 = CARTESIAN_POINT('',(29.399578702346,31.969739035119,0.));
#4189 = CARTESIAN_POINT('',(29.358450582269,31.951506951134,0.));
#4190 = CARTESIAN_POINT('',(29.317327046661,31.933240420381,0.));
#4191 = CARTESIAN_POINT('',(29.276208133219,31.914939424438,0.));
#4192 = CARTESIAN_POINT('',(29.235093879414,31.896603945205,0.));
#4193 = CARTESIAN_POINT('',(29.193984322924,31.878233964312,0.));
#4194 = CARTESIAN_POINT('',(29.152879501496,31.859829463486,0.));
#4195 = CARTESIAN_POINT('',(29.111779452754,31.841390424799,0.));
#4196 = CARTESIAN_POINT('',(29.070684214631,31.822916829862,0.));
#4197 = CARTESIAN_POINT('',(29.029593824827,31.8044086606,0.));
#4198 = CARTESIAN_POINT('',(28.988508321254,31.785865898798,0.));
#4199 = CARTESIAN_POINT('',(28.947427741839,31.767288526352,0.));
#4200 = CARTESIAN_POINT('',(28.906352124487,31.74867652524,0.));
#4201 = CARTESIAN_POINT('',(28.865281507299,31.730029877228,0.));
#4202 = CARTESIAN_POINT('',(28.824215928228,31.71134856438,0.));
#4203 = CARTESIAN_POINT('',(28.783155425444,31.692632568561,0.));
#4204 = CARTESIAN_POINT('',(28.742100037055,31.67388187177,0.));
#4205 = CARTESIAN_POINT('',(28.701049801251,31.655096455996,0.));
#4206 = CARTESIAN_POINT('',(28.660004756295,31.636276303214,0.));
#4207 = CARTESIAN_POINT('',(28.618964940417,31.617421395505,0.));
#4208 = CARTESIAN_POINT('',(28.577930391987,31.598531714827,0.));
#4209 = CARTESIAN_POINT('',(28.536901149323,31.579607243289,0.));
#4210 = CARTESIAN_POINT('',(28.4958772509,31.560647962929,0.));
#4211 = CARTESIAN_POINT('',(28.454858735139,31.541653855929,0.));
#4212 = CARTESIAN_POINT('',(28.413845640538,31.522624904342,0.));
#4213 = CARTESIAN_POINT('',(28.372838005682,31.503561090213,0.));
#4214 = CARTESIAN_POINT('',(28.331835869132,31.484462395828,0.));
#4215 = CARTESIAN_POINT('',(28.290839269556,31.465328803361,0.));
#4216 = CARTESIAN_POINT('',(28.249848245665,31.446160294922,0.));
#4217 = CARTESIAN_POINT('',(28.208862836161,31.426956852771,0.));
#4218 = CARTESIAN_POINT('',(28.167883079829,31.407718459143,0.));
#4219 = CARTESIAN_POINT('',(28.126909015485,31.388445096248,0.));
#4220 = CARTESIAN_POINT('',(28.085940682007,31.369136746329,0.));
#4221 = CARTESIAN_POINT('',(28.044978118328,31.349793391725,0.));
#4222 = CARTESIAN_POINT('',(28.004021363385,31.330415014798,0.));
#4223 = CARTESIAN_POINT('',(27.963070456225,31.311001597758,0.));
#4224 = CARTESIAN_POINT('',(27.922125435836,31.291553122989,0.));
#4225 = CARTESIAN_POINT('',(27.881186341385,31.272069572827,0.));
#4226 = CARTESIAN_POINT('',(27.840253212008,31.252550929761,0.));
#4227 = CARTESIAN_POINT('',(27.799326086882,31.23299717619,0.));
#4228 = CARTESIAN_POINT('',(27.758405005251,31.213408294409,0.));
#4229 = CARTESIAN_POINT('',(27.717490006395,31.193784266887,0.));
#4230 = CARTESIAN_POINT('',(27.676581129629,31.174125076204,0.));
#4231 = CARTESIAN_POINT('',(27.635678414338,31.154430704787,0.));
#4232 = CARTESIAN_POINT('',(27.594781900004,31.134701135041,0.));
#4233 = CARTESIAN_POINT('',(27.553891626005,31.11493634968,0.));
#4234 = CARTESIAN_POINT('',(27.513007631909,31.095136331152,0.));
#4235 = CARTESIAN_POINT('',(27.472129957275,31.075301061952,0.));
#4236 = CARTESIAN_POINT('',(27.431258641662,31.055430524762,0.));
#4237 = CARTESIAN_POINT('',(27.390393724811,31.035524702155,0.));
#4238 = CARTESIAN_POINT('',(27.349535246338,31.015583576848,0.));
#4239 = CARTESIAN_POINT('',(27.308683246031,30.995607131342,0.));
#4240 = CARTESIAN_POINT('',(27.26783776367,30.975595348318,0.));
#4241 = CARTESIAN_POINT('',(27.226998839067,30.955548210584,0.));
#4242 = CARTESIAN_POINT('',(27.186166512168,30.935465700781,0.));
#4243 = CARTESIAN_POINT('',(27.145340822864,30.915347801649,0.));
#4244 = CARTESIAN_POINT('',(27.104521811135,30.895194495931,0.));
#4245 = CARTESIAN_POINT('',(27.063709516994,30.875005766402,0.));
#4246 = CARTESIAN_POINT('',(27.022903980553,30.854781595842,0.));
#4247 = CARTESIAN_POINT('',(26.982105241855,30.834521967155,0.));
#4248 = CARTESIAN_POINT('',(26.941313341163,30.814226863036,0.));
#4249 = CARTESIAN_POINT('',(26.900528318579,30.793896266472,0.));
#4250 = CARTESIAN_POINT('',(26.859750214429,30.773530160255,0.));
#4251 = CARTESIAN_POINT('',(26.818979068984,30.753128527321,0.));
#4252 = CARTESIAN_POINT('',(26.778214922637,30.732691350599,0.));
#4253 = CARTESIAN_POINT('',(26.737457815697,30.712218613105,0.));
#4254 = CARTESIAN_POINT('',(26.696707788709,30.691710297613,0.));
#4255 = CARTESIAN_POINT('',(26.655964882077,30.671166387262,0.));
#4256 = CARTESIAN_POINT('',(26.615229136352,30.650586865079,0.));
#4257 = CARTESIAN_POINT('',(26.574500592193,30.629971713979,0.));
#4258 = CARTESIAN_POINT('',(26.533779290106,30.609320917157,0.));
#4259 = CARTESIAN_POINT('',(26.493065270832,30.588634457561,0.));
#4260 = CARTESIAN_POINT('',(26.452358575129,30.567912318286,0.));
#4261 = CARTESIAN_POINT('',(26.41165924365,30.547154482649,0.));
#4262 = CARTESIAN_POINT('',(26.370967317334,30.526360933569,0.));
#4263 = CARTESIAN_POINT('',(26.330282836991,30.505531654269,0.));
#4264 = CARTESIAN_POINT('',(26.289605843516,30.484666628055,0.));
#4265 = CARTESIAN_POINT('',(26.248936377882,30.463765838051,0.));
#4266 = CARTESIAN_POINT('',(26.208274481071,30.442829267407,0.));
#4267 = CARTESIAN_POINT('',(26.167620194149,30.42185689943,0.));
#4268 = CARTESIAN_POINT('',(26.126973558188,30.400848717519,0.));
#4269 = CARTESIAN_POINT('',(26.086334614396,30.379804704868,0.));
#4270 = CARTESIAN_POINT('',(26.0457034039,30.358724844817,0.));
#4271 = CARTESIAN_POINT('',(26.005079967937,30.337609120696,0.));
#4272 = CARTESIAN_POINT('',(25.964464347823,30.316457515867,0.));
#4273 = CARTESIAN_POINT('',(25.923856584864,30.295270013795,0.));
#4274 = CARTESIAN_POINT('',(25.883256720448,30.274046597863,0.));
#4275 = CARTESIAN_POINT('',(25.842664796017,30.252787251459,0.));
#4276 = CARTESIAN_POINT('',(25.802080852981,30.231491958112,0.));
#4277 = CARTESIAN_POINT('',(25.761504932898,30.210160701247,0.));
#4278 = CARTESIAN_POINT('',(25.720937077375,30.188793464378,0.));
#4279 = CARTESIAN_POINT('',(25.68037732792,30.167390231186,0.));
#4280 = CARTESIAN_POINT('',(25.639825726321,30.14595098502,0.));
#4281 = CARTESIAN_POINT('',(25.599282314197,30.124475709566,0.));
#4282 = CARTESIAN_POINT('',(25.558747133298,30.102964388463,0.));
#4283 = CARTESIAN_POINT('',(25.518220225501,30.081417005231,0.));
#4284 = CARTESIAN_POINT('',(25.477701632577,30.05983354363,0.));
#4285 = CARTESIAN_POINT('',(25.437191396435,30.038213987299,0.));
#4286 = CARTESIAN_POINT('',(25.396689559065,30.016558319853,0.));
#4287 = CARTESIAN_POINT('',(25.356196162363,29.994866525151,0.));
#4288 = CARTESIAN_POINT('',(25.315711248496,29.97313858684,0.));
#4289 = CARTESIAN_POINT('',(25.275234859441,29.951374488832,0.));
#4290 = CARTESIAN_POINT('',(25.234767037408,29.929574214735,0.));
#4291 = CARTESIAN_POINT('',(25.194307824435,29.907737748678,0.));
#4292 = CARTESIAN_POINT('',(25.153857263187,29.885865073351,0.));
#4293 = CARTESIAN_POINT('',(25.11341539426,29.863956177139,0.));
#4294 = CARTESIAN_POINT('',(25.072982266387,29.842011027053,0.));
#4295 = CARTESIAN_POINT('',(25.032557898079,29.820029670112,0.));
#4296 = CARTESIAN_POINT('',(24.992142420521,29.798011854901,0.));
#4297 = CARTESIAN_POINT('',(24.951735545037,29.775958443397,0.));
#4298 = CARTESIAN_POINT('',(24.911338550114,29.75386614209,0.));
#4299 = CARTESIAN_POINT('',(24.870946864321,29.73174717083,0.));
#4300 = CARTESIAN_POINT('',(24.830577755348,29.709555834706,0.));
#4301 = CARTESIAN_POINT('',(24.790166960697,29.687462647127,0.));
#4302 = CARTESIAN_POINT('',(24.749954588279,29.66483096899,0.));
#4303 = CARTESIAN_POINT('',(24.709044465494,29.644037436344,0.));
#4304 = CARTESIAN_POINT('',(24.676009302014,29.62001100077,0.));
#4305 = CARTESIAN_POINT('',(24.597740918888,29.607978058277,0.));
#4306 = CARTESIAN_POINT('',(24.485380155764,29.578861923151,0.));
#4307 = CARTESIAN_POINT('',(24.327687071368,29.545295714771,0.));
#4308 = CARTESIAN_POINT('',(24.171357846184,29.509633294832,0.));
#4309 = CARTESIAN_POINT('',(24.015500839462,29.474246088702,0.));
#4310 = CARTESIAN_POINT('',(23.860352513676,29.438507238457,0.));
#4311 = CARTESIAN_POINT('',(23.705848710348,29.402588807009,0.));
#4312 = CARTESIAN_POINT('',(23.552005351315,29.366449966069,0.));
#4313 = CARTESIAN_POINT('',(23.398816997557,29.330106602334,0.));
#4314 = CARTESIAN_POINT('',(23.246283878804,29.293559479387,0.));
#4315 = CARTESIAN_POINT('',(23.094404691503,29.256813378995,0.));
#4316 = CARTESIAN_POINT('',(22.943178517847,29.219872000854,0.));
#4317 = CARTESIAN_POINT('',(22.792604314519,29.182739321434,0.));
#4318 = CARTESIAN_POINT('',(22.642681048973,29.145419231833,0.));
#4319 = CARTESIAN_POINT('',(22.49340766318,29.10791563418,0.));
#4320 = CARTESIAN_POINT('',(22.344783083353,29.070232415857,0.));
#4321 = CARTESIAN_POINT('',(22.196806217411,29.032373456279,0.));
#4322 = CARTESIAN_POINT('',(22.04947595572,28.994342624994,0.));
#4323 = CARTESIAN_POINT('',(21.902791170953,28.956143782104,0.));
#4324 = CARTESIAN_POINT('',(21.756750718194,28.917780778061,0.));
#4325 = CARTESIAN_POINT('',(21.611353434968,28.879257453633,0.));
#4326 = CARTESIAN_POINT('',(21.466598141295,28.840577639826,0.));
#4327 = CARTESIAN_POINT('',(21.322483639744,28.801745157813,0.));
#4328 = CARTESIAN_POINT('',(21.179008715474,28.762763818866,0.));
#4329 = CARTESIAN_POINT('',(21.036172136292,28.723637424289,0.));
#4330 = CARTESIAN_POINT('',(20.893972652699,28.684369765344,0.));
#4331 = CARTESIAN_POINT('',(20.75240899794,28.644964623184,0.));
#4332 = CARTESIAN_POINT('',(20.61147988806,28.605425768787,0.));
#4333 = CARTESIAN_POINT('',(20.471184021948,28.565756962883,0.));
#4334 = CARTESIAN_POINT('',(20.331520081393,28.525961955889,0.));
#4335 = CARTESIAN_POINT('',(20.192486731136,28.486044487839,0.));
#4336 = CARTESIAN_POINT('',(20.054082618916,28.446008288317,0.));
#4337 = CARTESIAN_POINT('',(19.91630637553,28.405857076387,0.));
#4338 = CARTESIAN_POINT('',(19.779156614881,28.365594560532,0.));
#4339 = CARTESIAN_POINT('',(19.642631934028,28.325224438577,0.));
#4340 = CARTESIAN_POINT('',(19.506730913245,28.284750397631,0.));
#4341 = CARTESIAN_POINT('',(19.37145211607,28.244176114014,0.));
#4342 = CARTESIAN_POINT('',(19.236794089358,28.203505253195,0.));
#4343 = CARTESIAN_POINT('',(19.102755363337,28.16274146972,0.));
#4344 = CARTESIAN_POINT('',(18.969334451659,28.121888407152,0.));
#4345 = CARTESIAN_POINT('',(18.836529851459,28.080949698002,0.));
#4346 = CARTESIAN_POINT('',(18.7043400434,28.039928963663,0.));
#4347 = CARTESIAN_POINT('',(18.572763491738,27.998829814344,0.));
#4348 = CARTESIAN_POINT('',(18.441798644371,27.957655849008,0.));
#4349 = CARTESIAN_POINT('',(18.311443932892,27.916410655302,0.));
#4350 = CARTESIAN_POINT('',(18.181697772652,27.875097809498,0.));
#4351 = CARTESIAN_POINT('',(18.052558562806,27.833720876423,0.));
#4352 = CARTESIAN_POINT('',(17.924024686375,27.792283409398,0.));
#4353 = CARTESIAN_POINT('',(17.796094510303,27.750788950173,0.));
#4354 = CARTESIAN_POINT('',(17.668766385506,27.709241028861,0.));
#4355 = CARTESIAN_POINT('',(17.542038646935,27.66764316388,0.));
#4356 = CARTESIAN_POINT('',(17.41590961363,27.625998861884,0.));
#4357 = CARTESIAN_POINT('',(17.290377588778,27.584311617699,0.));
#4358 = CARTESIAN_POINT('',(17.165440859768,27.542584914268,0.));
#4359 = CARTESIAN_POINT('',(17.041097698251,27.500822222579,0.));
#4360 = CARTESIAN_POINT('',(16.917346360196,27.459027001608,0.));
#4361 = CARTESIAN_POINT('',(16.794185085947,27.417202698255,0.));
#4362 = CARTESIAN_POINT('',(16.671612100284,27.375352747283,0.));
#4363 = CARTESIAN_POINT('',(16.549625612477,27.333480571253,0.));
#4364 = CARTESIAN_POINT('',(16.428223816348,27.291589580469,0.));
#4365 = CARTESIAN_POINT('',(16.307404890328,27.249683172909,0.));
#4366 = CARTESIAN_POINT('',(16.187166997517,27.207764734169,0.));
#4367 = CARTESIAN_POINT('',(16.067508285743,27.165837637401,0.));
#4368 = CARTESIAN_POINT('',(15.948426887618,27.123905243251,0.));
#4369 = CARTESIAN_POINT('',(15.829920920603,27.081970899802,0.));
#4370 = CARTESIAN_POINT('',(15.711988487065,27.040037942509,0.));
#4371 = CARTESIAN_POINT('',(15.594627674336,26.998109694145,0.));
#4372 = CARTESIAN_POINT('',(15.477836554776,26.956189464735,0.));
#4373 = CARTESIAN_POINT('',(15.36161318583,26.914280551501,0.));
#4374 = CARTESIAN_POINT('',(15.245955610093,26.872386238805,0.));
#4375 = CARTESIAN_POINT('',(15.130861855366,26.830509798082,0.));
#4376 = CARTESIAN_POINT('',(15.016329934721,26.788654487789,0.));
#4377 = CARTESIAN_POINT('',(14.90235784656,26.746823553344,0.));
#4378 = CARTESIAN_POINT('',(14.78894357468,26.705020227069,0.));
#4379 = CARTESIAN_POINT('',(14.676085088328,26.663247728127,0.));
#4380 = CARTESIAN_POINT('',(14.56378034227,26.621509262472,0.));
#4381 = CARTESIAN_POINT('',(14.45202727685,26.579808022788,0.));
#4382 = CARTESIAN_POINT('',(14.340823818052,26.53814718843,0.));
#4383 = CARTESIAN_POINT('',(14.230167877563,26.49652992537,0.));
#4384 = CARTESIAN_POINT('',(14.120057352837,26.454959386139,0.));
#4385 = CARTESIAN_POINT('',(14.010490127156,26.413438709773,0.));
#4386 = CARTESIAN_POINT('',(13.901464069695,26.371971021754,0.));
#4387 = CARTESIAN_POINT('',(13.792977035584,26.330559433953,0.));
#4388 = CARTESIAN_POINT('',(13.685026865972,26.289207044579,0.));
#4389 = CARTESIAN_POINT('',(13.577611388092,26.247916938122,0.));
#4390 = CARTESIAN_POINT('',(13.470728415323,26.206692185296,0.));
#4391 = CARTESIAN_POINT('',(13.364375747257,26.165535842985,0.));
#4392 = CARTESIAN_POINT('',(13.258551169759,26.124450954189,0.));
#4393 = CARTESIAN_POINT('',(13.153252455035,26.083440547971,0.));
#4394 = CARTESIAN_POINT('',(13.048477361699,26.042507639401,0.));
#4395 = CARTESIAN_POINT('',(12.944223634831,26.001655229503,0.));
#4396 = CARTESIAN_POINT('',(12.840489006049,25.960886305199,0.));
#4397 = CARTESIAN_POINT('',(12.737271193569,25.920203839263,0.));
#4398 = CARTESIAN_POINT('',(12.634567902277,25.879610790258,0.));
#4399 = CARTESIAN_POINT('',(12.532376823788,25.839110102493,0.));
#4400 = CARTESIAN_POINT('',(12.430695636516,25.798704705962,0.));
#4401 = CARTESIAN_POINT('',(12.329522005739,25.758397516299,0.));
#4402 = CARTESIAN_POINT('',(12.228853583665,25.718191434722,0.));
#4403 = CARTESIAN_POINT('',(12.128688009501,25.678089347982,0.));
#4404 = CARTESIAN_POINT('',(12.029022909515,25.638094128313,0.));
#4405 = CARTESIAN_POINT('',(11.929855897108,25.598208633378,0.));
#4406 = CARTESIAN_POINT('',(11.831184572878,25.558435706222,0.));
#4407 = CARTESIAN_POINT('',(11.733006524688,25.518778175218,0.));
#4408 = CARTESIAN_POINT('',(11.635319327733,25.479238854021,0.));
#4409 = CARTESIAN_POINT('',(11.538120544609,25.439820541511,0.));
#4410 = CARTESIAN_POINT('',(11.44140772538,25.400526021752,0.));
#4411 = CARTESIAN_POINT('',(11.345178407645,25.361358063936,0.));
#4412 = CARTESIAN_POINT('',(11.249430116609,25.322319422334,0.));
#4413 = CARTESIAN_POINT('',(11.154160365148,25.283412836253,0.));
#4414 = CARTESIAN_POINT('',(11.05936665388,25.24464102998,0.));
#4415 = CARTESIAN_POINT('',(10.965046471232,25.20600671274,0.));
#4416 = CARTESIAN_POINT('',(10.871197293512,25.167512578641,0.));
#4417 = CARTESIAN_POINT('',(10.777816584973,25.129161306633,0.));
#4418 = CARTESIAN_POINT('',(10.684901797887,25.090955560458,0.));
#4419 = CARTESIAN_POINT('',(10.592450372612,25.0528979886,0.));
#4420 = CARTESIAN_POINT('',(10.500459737662,25.014991224242,0.));
#4421 = CARTESIAN_POINT('',(10.408927309777,24.977237885218,0.));
#4422 = CARTESIAN_POINT('',(10.317850493993,24.939640573966,0.));
#4423 = CARTESIAN_POINT('',(10.227226683711,24.902201877481,0.));
#4424 = CARTESIAN_POINT('',(10.137053260769,24.864924367271,0.));
#4425 = CARTESIAN_POINT('',(10.047327595513,24.827810599312,0.));
#4426 = CARTESIAN_POINT('',(9.958047046864,24.790863114,0.));
#4427 = CARTESIAN_POINT('',(9.869208962391,24.754084436109,0.));
#4428 = CARTESIAN_POINT('',(9.780810678384,24.717477074744,0.));
#4429 = CARTESIAN_POINT('',(9.692849519921,24.681043523296,0.));
#4430 = CARTESIAN_POINT('',(9.605322800943,24.644786259403,0.));
#4431 = CARTESIAN_POINT('',(9.518227824322,24.608707744899,0.));
#4432 = CARTESIAN_POINT('',(9.431561881936,24.572810425776,0.));
#4433 = CARTESIAN_POINT('',(9.345322254737,24.537096732138,0.));
#4434 = CARTESIAN_POINT('',(9.259506212827,24.501569078158,0.));
#4435 = CARTESIAN_POINT('',(9.174111015527,24.466229862038,0.));
#4436 = CARTESIAN_POINT('',(9.089133911449,24.431081465962,0.));
#4437 = CARTESIAN_POINT('',(9.004572138573,24.39612625606,0.));
#4438 = CARTESIAN_POINT('',(8.920422924312,24.36136658236,0.));
#4439 = CARTESIAN_POINT('',(8.836683485591,24.32680477875,0.));
#4440 = CARTESIAN_POINT('',(8.753351028917,24.292443162936,0.));
#4441 = CARTESIAN_POINT('',(8.670422750453,24.258284036403,0.));
#4442 = CARTESIAN_POINT('',(8.587895836091,24.224329684369,0.));
#4443 = CARTESIAN_POINT('',(8.505767461522,24.190582375751,0.));
#4444 = CARTESIAN_POINT('',(8.424034792317,24.157044363121,0.));
#4445 = CARTESIAN_POINT('',(8.342694983991,24.123717882669,0.));
#4446 = CARTESIAN_POINT('',(8.261745182086,24.090605154159,0.));
#4447 = CARTESIAN_POINT('',(8.181182522238,24.057708380897,0.));
#4448 = CARTESIAN_POINT('',(8.101004130255,24.025029749683,0.));
#4449 = CARTESIAN_POINT('',(8.021207122186,23.992571430782,0.));
#4450 = CARTESIAN_POINT('',(7.941788604405,23.960335577879,0.));
#4451 = CARTESIAN_POINT('',(7.862745673674,23.928324328044,0.));
#4452 = CARTESIAN_POINT('',(7.784075417226,23.896539801694,0.));
#4453 = CARTESIAN_POINT('',(7.705774912836,23.864984102554,0.));
#4454 = CARTESIAN_POINT('',(7.627841228895,23.833659317624,0.));
#4455 = CARTESIAN_POINT('',(7.55027142449,23.802567517136,0.));
#4456 = CARTESIAN_POINT('',(7.473062549473,23.771710754525,0.));
#4457 = CARTESIAN_POINT('',(7.396211644539,23.741091066386,0.));
#4458 = CARTESIAN_POINT('',(7.319715741304,23.710710472443,0.));
#4459 = CARTESIAN_POINT('',(7.243571862375,23.680570975513,0.));
#4460 = CARTESIAN_POINT('',(7.16777702143,23.650674561466,0.));
#4461 = CARTESIAN_POINT('',(7.092328223293,23.621023199198,0.));
#4462 = CARTESIAN_POINT('',(7.017222464009,23.591618840588,0.));
#4463 = CARTESIAN_POINT('',(6.942456730921,23.562463420471,0.));
#4464 = CARTESIAN_POINT('',(6.868028002746,23.533558856599,0.));
#4465 = CARTESIAN_POINT('',(6.793933249649,23.504907049611,0.));
#4466 = CARTESIAN_POINT('',(6.720169433326,23.476509882998,0.));
#4467 = CARTESIAN_POINT('',(6.646733507073,23.448369223067,0.));
#4468 = CARTESIAN_POINT('',(6.573622415868,23.420486918913,0.));
#4469 = CARTESIAN_POINT('',(6.500833096444,23.392864802387,0.));
#4470 = CARTESIAN_POINT('',(6.428362477371,23.365504688058,0.));
#4471 = CARTESIAN_POINT('',(6.356207479128,23.338408373186,0.));
#4472 = CARTESIAN_POINT('',(6.284365014185,23.311577637691,0.));
#4473 = CARTESIAN_POINT('',(6.212831987074,23.285014244118,0.));
#4474 = CARTESIAN_POINT('',(6.141605294476,23.258719937609,0.));
#4475 = CARTESIAN_POINT('',(6.070681825289,23.232696445873,0.));
#4476 = CARTESIAN_POINT('',(6.000058460711,23.206945479153,0.));
#4477 = CARTESIAN_POINT('',(5.92973207432,23.181468730198,0.));
#4478 = CARTESIAN_POINT('',(5.859699532147,23.156267874233,0.));
#4479 = CARTESIAN_POINT('',(5.789957692754,23.131344568929,0.));
#4480 = CARTESIAN_POINT('',(5.72050340732,23.106700454377,0.));
#4481 = CARTESIAN_POINT('',(5.65133351971,23.082337153054,0.));
#4482 = CARTESIAN_POINT('',(5.58244486656,23.0582562698,0.));
#4483 = CARTESIAN_POINT('',(5.513834277354,23.034459391784,0.));
#4484 = CARTESIAN_POINT('',(5.445498574499,23.010948088485,0.));
#4485 = CARTESIAN_POINT('',(5.377434573411,22.987723911653,0.));
#4486 = CARTESIAN_POINT('',(5.30963908259,22.964788395294,0.));
#4487 = CARTESIAN_POINT('',(5.242108903699,22.942143055633,0.));
#4488 = CARTESIAN_POINT('',(5.174840831643,22.919789391094,0.));
#4489 = CARTESIAN_POINT('',(5.107831654652,22.897728882269,0.));
#4490 = CARTESIAN_POINT('',(5.041078154357,22.875962991897,0.));
#4491 = CARTESIAN_POINT('',(4.97457710587,22.854493164835,0.));
#4492 = CARTESIAN_POINT('',(4.908325277867,22.833320828033,0.));
#4493 = CARTESIAN_POINT('',(4.842319432663,22.812447390509,0.));
#4494 = CARTESIAN_POINT('',(4.776556326298,22.791874243325,0.));
#4495 = CARTESIAN_POINT('',(4.711032708612,22.771602759563,0.));
#4496 = CARTESIAN_POINT('',(4.645745323328,22.751634294299,0.));
#4497 = CARTESIAN_POINT('',(4.580690908131,22.73197018458,0.));
#4498 = CARTESIAN_POINT('',(4.51586619475,22.712611749401,0.));
#4499 = CARTESIAN_POINT('',(4.45126790904,22.693560289682,0.));
#4500 = CARTESIAN_POINT('',(4.386892771059,22.674817088242,0.));
#4501 = CARTESIAN_POINT('',(4.32273749515,22.65638340978,0.));
#4502 = CARTESIAN_POINT('',(4.258798790024,22.638260500851,0.));
#4503 = CARTESIAN_POINT('',(4.195073358841,22.620449589844,0.));
#4504 = CARTESIAN_POINT('',(4.131557899288,22.602951886959,0.));
#4505 = CARTESIAN_POINT('',(4.068249103665,22.585768584185,0.));
#4506 = CARTESIAN_POINT('',(4.005143658962,22.568900855285,0.));
#4507 = CARTESIAN_POINT('',(3.942238246942,22.552349855763,0.));
#4508 = CARTESIAN_POINT('',(3.879529544226,22.536116722856,0.));
#4509 = CARTESIAN_POINT('',(3.81701422237,22.520202575504,0.));
#4510 = CARTESIAN_POINT('',(3.754688947948,22.504608514335,0.));
#4511 = CARTESIAN_POINT('',(3.692550382635,22.489335621642,0.));
#4512 = CARTESIAN_POINT('',(3.630595183289,22.474384961364,0.));
#4513 = CARTESIAN_POINT('',(3.568820002033,22.459757579069,0.));
#4514 = CARTESIAN_POINT('',(3.507221486336,22.445454501932,0.));
#4515 = CARTESIAN_POINT('',(3.445796279095,22.431476738715,0.));
#4516 = CARTESIAN_POINT('',(3.384541018719,22.417825279753,0.));
#4517 = CARTESIAN_POINT('',(3.32345233921,22.404501096929,0.));
#4518 = CARTESIAN_POINT('',(3.262526870247,22.391505143663,0.));
#4519 = CARTESIAN_POINT('',(3.201761237265,22.378838354887,0.));
#4520 = CARTESIAN_POINT('',(3.141152061542,22.366501647033,0.));
#4521 = CARTESIAN_POINT('',(3.080695960276,22.354495918013,0.));
#4522 = CARTESIAN_POINT('',(3.020389546672,22.3428220472,0.));
#4523 = CARTESIAN_POINT('',(2.960229430025,22.331480895415,0.));
#4524 = CARTESIAN_POINT('',(2.900212215798,22.320473304907,0.));
#4525 = CARTESIAN_POINT('',(2.840334505708,22.30980009934,0.));
#4526 = CARTESIAN_POINT('',(2.780592897807,22.299462083772,0.));
#4527 = CARTESIAN_POINT('',(2.720983986568,22.289460044643,0.));
#4528 = CARTESIAN_POINT('',(2.661504362962,22.279794749759,0.));
#4529 = CARTESIAN_POINT('',(2.602150614544,22.270466948273,0.));
#4530 = CARTESIAN_POINT('',(2.542919325535,22.261477370675,0.));
#4531 = CARTESIAN_POINT('',(2.483807076906,22.252826728773,0.));
#4532 = CARTESIAN_POINT('',(2.424810446458,22.244515715682,0.));
#4533 = CARTESIAN_POINT('',(2.365926008903,22.236545005805,0.));
#4534 = CARTESIAN_POINT('',(2.307150335952,22.228915254825,0.));
#4535 = CARTESIAN_POINT('',(2.248479996394,22.221627099684,0.));
#4536 = CARTESIAN_POINT('',(2.189911556175,22.214681158578,0.));
#4537 = CARTESIAN_POINT('',(2.131441578487,22.208078030934,0.));
#4538 = CARTESIAN_POINT('',(2.073066623846,22.201818297407,0.));
#4539 = CARTESIAN_POINT('',(2.014783250175,22.195902519862,0.));
#4540 = CARTESIAN_POINT('',(1.956588012884,22.190331241361,0.));
#4541 = CARTESIAN_POINT('',(1.898477464958,22.185104986153,0.));
#4542 = CARTESIAN_POINT('',(1.84044815703,22.180224259665,0.));
#4543 = CARTESIAN_POINT('',(1.782496637471,22.175689548485,0.));
#4544 = CARTESIAN_POINT('',(1.724619452469,22.171501320356,0.));
#4545 = CARTESIAN_POINT('',(1.666813146107,22.167660024162,0.));
#4546 = CARTESIAN_POINT('',(1.60907426045,22.164166089922,0.));
#4547 = CARTESIAN_POINT('',(1.551399335625,22.161019928777,0.));
#4548 = CARTESIAN_POINT('',(1.4937849099,22.158221932979,0.));
#4549 = CARTESIAN_POINT('',(1.436227519768,22.155772475888,0.));
#4550 = CARTESIAN_POINT('',(1.378723700027,22.153671911958,0.));
#4551 = CARTESIAN_POINT('',(1.321269983862,22.15192057673,0.));
#4552 = CARTESIAN_POINT('',(1.263862902927,22.150518786826,0.));
#4553 = CARTESIAN_POINT('',(1.206498987424,22.14946683994,0.));
#4554 = CARTESIAN_POINT('',(1.149174766185,22.148765014836,0.));
#4555 = CARTESIAN_POINT('',(1.091886766753,22.148413571314,0.));
#4556 = CARTESIAN_POINT('',(1.034631515466,22.148412750312,0.));
#4557 = CARTESIAN_POINT('',(0.97740553753,22.148762773507,0.));
#4558 = CARTESIAN_POINT('',(0.920205357115,22.149463844755,0.));
#4559 = CARTESIAN_POINT('',(0.863027497399,22.150516144719,0.));
#4560 = CARTESIAN_POINT('',(0.805868480766,22.151919850874,0.));
#4561 = CARTESIAN_POINT('',(0.767772085345,22.153090011455,-0.));
#4562 = CARTESIAN_POINT('',(0.748726809419,22.153733695281,0.));
#4563 = CARTESIAN_POINT('',(129.83148826492,-23.54742992044,0.));
#4564 = CARTESIAN_POINT('',(0.748726809419,22.153733695281,0.));
#4565 = ( GEOMETRIC_REPRESENTATION_CONTEXT(3) 
GLOBAL_UNCERTAINTY_ASSIGNED_CONTEXT((#4569)) 
GLOBAL_UNIT_ASSIGNED_CONTEXT((#4566,#4567,#4568)) REPRESENTATION_CONTEXT
('Context #1','3D Context with UNIT and UNCERTAINTY') );
#4566 = ( LENGTH_UNIT() NAMED_UNIT(*) SI_UNIT(.MILLI.,.METRE.) );
#4567 = ( NAMED_UNIT(*) PLANE_ANGLE_UNIT() SI_UNIT($,.RADIAN.) );
#4568 = ( NAMED_UNIT(*) SI_UNIT($,.STERADIAN.) SOLID_ANGLE_UNIT() );
#4569 = UNCERTAINTY_MEASURE_WITH_UNIT(LENGTH_MEASURE(1.E-07),#4566,
  'distance_accuracy_value','confusion accuracy');
#4570 = CONTEXT_DEPENDENT_SHAPE_REPRESENTATION(#4571,#4573);
#4571 = ( REPRESENTATION_RELATIONSHIP('','',#44,#10) 
REPRESENTATION_RELATIONSHIP_WITH_TRANSFORMATION(#4572) 
SHAPE_REPRESENTATION_RELATIONSHIP() );
#4572 = ITEM_DEFINED_TRANSFORMATION('','',#11,#15);
#4573 = PRODUCT_DEFINITION_SHAPE('Placement','Placement of an item',
  #4574);
#4574 = NEXT_ASSEMBLY_USAGE_OCCURRENCE('7','','',#5,#39,$);
#4575 = PRODUCT_RELATED_PRODUCT_CATEGORY('part',$,(#41));
#4576 = SHAPE_DEFINITION_REPRESENTATION(#4577,#4583);
#4577 = PRODUCT_DEFINITION_SHAPE('','',#4578);
#4578 = PRODUCT_DEFINITION('design','',#4579,#4582);
#4579 = PRODUCT_DEFINITION_FORMATION('','',#4580);
#4580 = PRODUCT('Open CASCADE STEP translator 7.9 4.2',
  'Open CASCADE STEP translator 7.9 4.2','',(#4581));
#4581 = PRODUCT_CONTEXT('',#2,'mechanical');
#4582 = PRODUCT_DEFINITION_CONTEXT('part definition',#2,'design');
#4583 = GEOMETRICALLY_BOUNDED_WIREFRAME_SHAPE_REPRESENTATION('',(#11,
    #4584),#9104);
#4584 = GEOMETRIC_CURVE_SET('',(#4585));
#4585 = TRIMMED_CURVE('',#4586,(#9102,PARAMETER_VALUE(0.)),(#9103,
    PARAMETER_VALUE(162.19698583056)),.T.,.PARAMETER.);
#4586 = B_SPLINE_CURVE_WITH_KNOTS('',3,(#4587,#4588,#4589,#4590,#4591,
    #4592,#4593,#4594,#4595,#4596,#4597,#4598,#4599,#4600,#4601,#4602,
    #4603,#4604,#4605,#4606,#4607,#4608,#4609,#4610,#4611,#4612,#4613,
    #4614,#4615,#4616,#4617,#4618,#4619,#4620,#4621,#4622,#4623,#4624,
    #4625,#4626,#4627,#4628,#4629,#4630,#4631,#4632,#4633,#4634,#4635,
    #4636,#4637,#4638,#4639,#4640,#4641,#4642,#4643,#4644,#4645,#4646,
    #4647,#4648,#4649,#4650,#4651,#4652,#4653,#4654,#4655,#4656,#4657,
    #4658,#4659,#4660,#4661,#4662,#4663,#4664,#4665,#4666,#4667,#4668,
    #4669,#4670,#4671,#4672,#4673,#4674,#4675,#4676,#4677,#4678,#4679,
    #4680,#4681,#4682,#4683,#4684,#4685,#4686,#4687,#4688,#4689,#4690,
    #4691,#4692,#4693,#4694,#4695,#4696,#4697,#4698,#4699,#4700,#4701,
    #4702,#4703,#4704,#4705,#4706,#4707,#4708,#4709,#4710,#4711,#4712,
    #4713,#4714,#4715,#4716,#4717,#4718,#4719,#4720,#4721,#4722,#4723,
    #4724,#4725,#4726,#4727,#4728,#4729,#4730,#4731,#4732,#4733,#4734,
    #4735,#4736,#4737,#4738,#4739,#4740,#4741,#4742,#4743,#4744,#4745,
    #4746,#4747,#4748,#4749,#4750,#4751,#4752,#4753,#4754,#4755,#4756,
    #4757,#4758,#4759,#4760,#4761,#4762,#4763,#4764,#4765,#4766,#4767,
    #4768,#4769,#4770,#4771,#4772,#4773,#4774,#4775,#4776,#4777,#4778,
    #4779,#4780,#4781,#4782,#4783,#4784,#4785,#4786,#4787,#4788,#4789,
    #4790,#4791,#4792,#4793,#4794,#4795,#4796,#4797,#4798,#4799,#4800,
    #4801,#4802,#4803,#4804,#4805,#4806,#4807,#4808,#4809,#4810,#4811,
    #4812,#4813,#4814,#4815,#4816,#4817,#4818,#4819,#4820,#4821,#4822,
    #4823,#4824,#4825,#4826,#4827,#4828,#4829,#4830,#4831,#4832,#4833,
    #4834,#4835,#4836,#4837,#4838,#4839,#4840,#4841,#4842,#4843,#4844,
    #4845,#4846,#4847,#4848,#4849,#4850,#4851,#4852,#4853,#4854,#4855,
    #4856,#4857,#4858,#4859,#4860,#4861,#4862,#4863,#4864,#4865,#4866,
    #4867,#4868,#4869,#4870,#4871,#4872,#4873,#4874,#4875,#4876,#4877,
    #4878,#4879,#4880,#4881,#4882,#4883,#4884,#4885,#4886,#4887,#4888,
    #4889,#4890,#4891,#4892,#4893,#4894,#4895,#4896,#4897,#4898,#4899,
    #4900,#4901,#4902,#4903,#4904,#4905,#4906,#4907,#4908,#4909,#4910,
    #4911,#4912,#4913,#4914,#4915,#4916,#4917,#4918,#4919,#4920,#4921,
    #4922,#4923,#4924,#4925,#4926,#4927,#4928,#4929,#4930,#4931,#4932,
    #4933,#4934,#4935,#4936,#4937,#4938,#4939,#4940,#4941,#4942,#4943,
    #4944,#4945,#4946,#4947,#4948,#4949,#4950,#4951,#4952,#4953,#4954,
    #4955,#4956,#4957,#4958,#4959,#4960,#4961,#4962,#4963,#4964,#4965,
    #4966,#4967,#4968,#4969,#4970,#4971,#4972,#4973,#4974,#4975,#4976,
    #4977,#4978,#4979,#4980,#4981,#4982,#4983,#4984,#4985,#4986,#4987,
    #4988,#4989,#4990,#4991,#4992,#4993,#4994,#4995,#4996,#4997,#4998,
    #4999,#5000,#5001,#5002,#5003,#5004,#5005,#5006,#5007,#5008,#5009,
    #5010,#5011,#5012,#5013,#5014,#5015,#5016,#5017,#5018,#5019,#5020,
    #5021,#5022,#5023,#5024,#5025,#5026,#5027,#5028,#5029,#5030,#5031,
    #5032,#5033,#5034,#5035,#5036,#5037,#5038,#5039,#5040,#5041,#5042,
    #5043,#5044,#5045,#5046,#5047,#5048,#5049,#5050,#5051,#5052,#5053,
    #5054,#5055,#5056,#5057,#5058,#5059,#5060,#5061,#5062,#5063,#5064,
    #5065,#5066,#5067,#5068,#5069,#5070,#5071,#5072,#5073,#5074,#5075,
    #5076,#5077,#5078,#5079,#5080,#5081,#5082,#5083,#5084,#5085,#5086,
    #5087,#5088,#5089,#5090,#5091,#5092,#5093,#5094,#5095,#5096,#5097,
    #5098,#5099,#5100,#5101,#5102,#5103,#5104,#5105,#5106,#5107,#5108,
    #5109,#5110,#5111,#5112,#5113,#5114,#5115,#5116,#5117,#5118,#5119,
    #5120,#5121,#5122,#5123,#5124,#5125,#5126,#5127,#5128,#5129,#5130,
    #5131,#5132,#5133,#5134,#5135,#5136,#5137,#5138,#5139,#5140,#5141,
    #5142,#5143,#5144,#5145,#5146,#5147,#5148,#5149,#5150,#5151,#5152,
    #5153,#5154,#5155,#5156,#5157,#5158,#5159,#5160,#5161,#5162,#5163,
    #5164,#5165,#5166,#5167,#5168,#5169,#5170,#5171,#5172,#5173,#5174,
    #5175,#5176,#5177,#5178,#5179,#5180,#5181,#5182,#5183,#5184,#5185,
    #5186,#5187,#5188,#5189,#5190,#5191,#5192,#5193,#5194,#5195,#5196,
    #5197,#5198,#5199,#5200,#5201,#5202,#5203,#5204,#5205,#5206,#5207,
    #5208,#5209,#5210,#5211,#5212,#5213,#5214,#5215,#5216,#5217,#5218,
    #5219,#5220,#5221,#5222,#5223,#5224,#5225,#5226,#5227,#5228,#5229,
    #5230,#5231,#5232,#5233,#5234,#5235,#5236,#5237,#5238,#5239,#5240,
    #5241,#5242,#5243,#5244,#5245,#5246,#5247,#5248,#5249,#5250,#5251,
    #5252,#5253,#5254,#5255,#5256,#5257,#5258,#5259,#5260,#5261,#5262,
    #5263,#5264,#5265,#5266,#5267,#5268,#5269,#5270,#5271,#5272,#5273,
    #5274,#5275,#5276,#5277,#5278,#5279,#5280,#5281,#5282,#5283,#5284,
    #5285,#5286,#5287,#5288,#5289,#5290,#5291,#5292,#5293,#5294,#5295,
    #5296,#5297,#5298,#5299,#5300,#5301,#5302,#5303,#5304,#5305,#5306,
    #5307,#5308,#5309,#5310,#5311,#5312,#5313,#5314,#5315,#5316,#5317,
    #5318,#5319,#5320,#5321,#5322,#5323,#5324,#5325,#5326,#5327,#5328,
    #5329,#5330,#5331,#5332,#5333,#5334,#5335,#5336,#5337,#5338,#5339,
    #5340,#5341,#5342,#5343,#5344,#5345,#5346,#5347,#5348,#5349,#5350,
    #5351,#5352,#5353,#5354,#5355,#5356,#5357,#5358,#5359,#5360,#5361,
    #5362,#5363,#5364,#5365,#5366,#5367,#5368,#5369,#5370,#5371,#5372,
    #5373,#5374,#5375,#5376,#5377,#5378,#5379,#5380,#5381,#5382,#5383,
    #5384,#5385,#5386,#5387,#5388,#5389,#5390,#5391,#5392,#5393,#5394,
    #5395,#5396,#5397,#5398,#5399,#5400,#5401,#5402,#5403,#5404,#5405,
    #5406,#5407,#5408,#5409,#5410,#5411,#5412,#5413,#5414,#5415,#5416,
    #5417,#5418,#5419,#5420,#5421,#5422,#5423,#5424,#5425,#5426,#5427,
    #5428,#5429,#5430,#5431,#5432,#5433,#5434,#5435,#5436,#5437,#5438,
    #5439,#5440,#5441,#5442,#5443,#5444,#5445,#5446,#5447,#5448,#5449,
    #5450,#5451,#5452,#5453,#5454,#5455,#5456,#5457,#5458,#5459,#5460,
    #5461,#5462,#5463,#5464,#5465,#5466,#5467,#5468,#5469,#5470,#5471,
    #5472,#5473,#5474,#5475,#5476,#5477,#5478,#5479,#5480,#5481,#5482,
    #5483,#5484,#5485,#5486,#5487,#5488,#5489,#5490,#5491,#5492,#5493,
    #5494,#5495,#5496,#5497,#5498,#5499,#5500,#5501,#5502,#5503,#5504,
    #5505,#5506,#5507,#5508,#5509,#5510,#5511,#5512,#5513,#5514,#5515,
    #5516,#5517,#5518,#5519,#5520,#5521,#5522,#5523,#5524,#5525,#5526,
    #5527,#5528,#5529,#5530,#5531,#5532,#5533,#5534,#5535,#5536,#5537,
    #5538,#5539,#5540,#5541,#5542,#5543,#5544,#5545,#5546,#5547,#5548,
    #5549,#5550,#5551,#5552,#5553,#5554,#5555,#5556,#5557,#5558,#5559,
    #5560,#5561,#5562,#5563,#5564,#5565,#5566,#5567,#5568,#5569,#5570,
    #5571,#5572,#5573,#5574,#5575,#5576,#5577,#5578,#5579,#5580,#5581,
    #5582,#5583,#5584,#5585,#5586,#5587,#5588,#5589,#5590,#5591,#5592,
    #5593,#5594,#5595,#5596,#5597,#5598,#5599,#5600,#5601,#5602,#5603,
    #5604,#5605,#5606,#5607,#5608,#5609,#5610,#5611,#5612,#5613,#5614,
    #5615,#5616,#5617,#5618,#5619,#5620,#5621,#5622,#5623,#5624,#5625,
    #5626,#5627,#5628,#5629,#5630,#5631,#5632,#5633,#5634,#5635,#5636,
    #5637,#5638,#5639,#5640,#5641,#5642,#5643,#5644,#5645,#5646,#5647,
    #5648,#5649,#5650,#5651,#5652,#5653,#5654,#5655,#5656,#5657,#5658,
    #5659,#5660,#5661,#5662,#5663,#5664,#5665,#5666,#5667,#5668,#5669,
    #5670,#5671,#5672,#5673,#5674,#5675,#5676,#5677,#5678,#5679,#5680,
    #5681,#5682,#5683,#5684,#5685,#5686,#5687,#5688,#5689,#5690,#5691,
    #5692,#5693,#5694,#5695,#5696,#5697,#5698,#5699,#5700,#5701,#5702,
    #5703,#5704,#5705,#5706,#5707,#5708,#5709,#5710,#5711,#5712,#5713,
    #5714,#5715,#5716,#5717,#5718,#5719,#5720,#5721,#5722,#5723,#5724,
    #5725,#5726,#5727,#5728,#5729,#5730,#5731,#5732,#5733,#5734,#5735,
    #5736,#5737,#5738,#5739,#5740,#5741,#5742,#5743,#5744,#5745,#5746,
    #5747,#5748,#5749,#5750,#5751,#5752,#5753,#5754,#5755,#5756,#5757,
    #5758,#5759,#5760,#5761,#5762,#5763,#5764,#5765,#5766,#5767,#5768,
    #5769,#5770,#5771,#5772,#5773,#5774,#5775,#5776,#5777,#5778,#5779,
    #5780,#5781,#5782,#5783,#5784,#5785,#5786,#5787,#5788,#5789,#5790,
    #5791,#5792,#5793,#5794,#5795,#5796,#5797,#5798,#5799,#5800,#5801,
    #5802,#5803,#5804,#5805,#5806,#5807,#5808,#5809,#5810,#5811,#5812,
    #5813,#5814,#5815,#5816,#5817,#5818,#5819,#5820,#5821,#5822,#5823,
    #5824,#5825,#5826,#5827,#5828,#5829,#5830,#5831,#5832,#5833,#5834,
    #5835,#5836,#5837,#5838,#5839,#5840,#5841,#5842,#5843,#5844,#5845,
    #5846,#5847,#5848,#5849,#5850,#5851,#5852,#5853,#5854,#5855,#5856,
    #5857,#5858,#5859,#5860,#5861,#5862,#5863,#5864,#5865,#5866,#5867,
    #5868,#5869,#5870,#5871,#5872,#5873,#5874,#5875,#5876,#5877,#5878,
    #5879,#5880,#5881,#5882,#5883,#5884,#5885,#5886,#5887,#5888,#5889,
    #5890,#5891,#5892,#5893,#5894,#5895,#5896,#5897,#5898,#5899,#5900,
    #5901,#5902,#5903,#5904,#5905,#5906,#5907,#5908,#5909,#5910,#5911,
    #5912,#5913,#5914,#5915,#5916,#5917,#5918,#5919,#5920,#5921,#5922,
    #5923,#5924,#5925,#5926,#5927,#5928,#5929,#5930,#5931,#5932,#5933,
    #5934,#5935,#5936,#5937,#5938,#5939,#5940,#5941,#5942,#5943,#5944,
    #5945,#5946,#5947,#5948,#5949,#5950,#5951,#5952,#5953,#5954,#5955,
    #5956,#5957,#5958,#5959,#5960,#5961,#5962,#5963,#5964,#5965,#5966,
    #5967,#5968,#5969,#5970,#5971,#5972,#5973,#5974,#5975,#5976,#5977,
    #5978,#5979,#5980,#5981,#5982,#5983,#5984,#5985,#5986,#5987,#5988,
    #5989,#5990,#5991,#5992,#5993,#5994,#5995,#5996,#5997,#5998,#5999,
    #6000,#6001,#6002,#6003,#6004,#6005,#6006,#6007,#6008,#6009,#6010,
    #6011,#6012,#6013,#6014,#6015,#6016,#6017,#6018,#6019,#6020,#6021,
    #6022,#6023,#6024,#6025,#6026,#6027,#6028,#6029,#6030,#6031,#6032,
    #6033,#6034,#6035,#6036,#6037,#6038,#6039,#6040,#6041,#6042,#6043,
    #6044,#6045,#6046,#6047,#6048,#6049,#6050,#6051,#6052,#6053,#6054,
    #6055,#6056,#6057,#6058,#6059,#6060,#6061,#6062,#6063,#6064,#6065,
    #6066,#6067,#6068,#6069,#6070,#6071,#6072,#6073,#6074,#6075,#6076,
    #6077,#6078,#6079,#6080,#6081,#6082,#6083,#6084,#6085,#6086,#6087,
    #6088,#6089,#6090,#6091,#6092,#6093,#6094,#6095,#6096,#6097,#6098,
    #6099,#6100,#6101,#6102,#6103,#6104,#6105,#6106,#6107,#6108,#6109,
    #6110,#6111,#6112,#6113,#6114,#6115,#6116,#6117,#6118,#6119,#6120,
    #6121,#6122,#6123,#6124,#6125,#6126,#6127,#6128,#6129,#6130,#6131,
    #6132,#6133,#6134,#6135,#6136,#6137,#6138,#6139,#6140,#6141,#6142,
    #6143,#6144,#6145,#6146,#6147,#6148,#6149,#6150,#6151,#6152,#6153,
    #6154,#6155,#6156,#6157,#6158,#6159,#6160,#6161,#6162,#6163,#6164,
    #6165,#6166,#6167,#6168,#6169,#6170,#6171,#6172,#6173,#6174,#6175,
    #6176,#6177,#6178,#6179,#6180,#6181,#6182,#6183,#6184,#6185,#6186,
    #6187,#6188,#6189,#6190,#6191,#6192,#6193,#6194,#6195,#6196,#6197,
    #6198,#6199,#6200,#6201,#6202,#6203,#6204,#6205,#6206,#6207,#6208,
    #6209,#6210,#6211,#6212,#6213,#6214,#6215,#6216,#6217,#6218,#6219,
    #6220,#6221,#6222,#6223,#6224,#6225,#6226,#6227,#6228,#6229,#6230,
    #6231,#6232,#6233,#6234,#6235,#6236,#6237,#6238,#6239,#6240,#6241,
    #6242,#6243,#6244,#6245,#6246,#6247,#6248,#6249,#6250,#6251,#6252,
    #6253,#6254,#6255,#6256,#6257,#6258,#6259,#6260,#6261,#6262,#6263,
    #6264,#6265,#6266,#6267,#6268,#6269,#6270,#6271,#6272,#6273,#6274,
    #6275,#6276,#6277,#6278,#6279,#6280,#6281,#6282,#6283,#6284,#6285,
    #6286,#6287,#6288,#6289,#6290,#6291,#6292,#6293,#6294,#6295,#6296,
    #6297,#6298,#6299,#6300,#6301,#6302,#6303,#6304,#6305,#6306,#6307,
    #6308,#6309,#6310,#6311,#6312,#6313,#6314,#6315,#6316,#6317,#6318,
    #6319,#6320,#6321,#6322,#6323,#6324,#6325,#6326,#6327,#6328,#6329,
    #6330,#6331,#6332,#6333,#6334,#6335,#6336,#6337,#6338,#6339,#6340,
    #6341,#6342,#6343,#6344,#6345,#6346,#6347,#6348,#6349,#6350,#6351,
    #6352,#6353,#6354,#6355,#6356,#6357,#6358,#6359,#6360,#6361,#6362,
    #6363,#6364,#6365,#6366,#6367,#6368,#6369,#6370,#6371,#6372,#6373,
    #6374,#6375,#6376,#6377,#6378,#6379,#6380,#6381,#6382,#6383,#6384,
    #6385,#6386,#6387,#6388,#6389,#6390,#6391,#6392,#6393,#6394,#6395,
    #6396,#6397,#6398,#6399,#6400,#6401,#6402,#6403,#6404,#6405,#6406,
    #6407,#6408,#6409,#6410,#6411,#6412,#6413,#6414,#6415,#6416,#6417,
    #6418,#6419,#6420,#6421,#6422,#6423,#6424,#6425,#6426,#6427,#6428,
    #6429,#6430,#6431,#6432,#6433,#6434,#6435,#6436,#6437,#6438,#6439,
    #6440,#6441,#6442,#6443,#6444,#6445,#6446,#6447,#6448,#6449,#6450,
    #6451,#6452,#6453,#6454,#6455,#6456,#6457,#6458,#6459,#6460,#6461,
    #6462,#6463,#6464,#6465,#6466,#6467,#6468,#6469,#6470,#6471,#6472,
    #6473,#6474,#6475,#6476,#6477,#6478,#6479,#6480,#6481,#6482,#6483,
    #6484,#6485,#6486,#6487,#6488,#6489,#6490,#6491,#6492,#6493,#6494,
    #6495,#6496,#6497,#6498,#6499,#6500,#6501,#6502,#6503,#6504,#6505,
    #6506,#6507,#6508,#6509,#6510,#6511,#6512,#6513,#6514,#6515,#6516,
    #6517,#6518,#6519,#6520,#6521,#6522,#6523,#6524,#6525,#6526,#6527,
    #6528,#6529,#6530,#6531,#6532,#6533,#6534,#6535,#6536,#6537,#6538,
    #6539,#6540,#6541,#6542,#6543,#6544,#6545,#6546,#6547,#6548,#6549,
    #6550,#6551,#6552,#6553,#6554,#6555,#6556,#6557,#6558,#6559,#6560,
    #6561,#6562,#6563,#6564,#6565,#6566,#6567,#6568,#6569,#6570,#6571,
    #6572,#6573,#6574,#6575,#6576,#6577,#6578,#6579,#6580,#6581,#6582,
    #6583,#6584,#6585,#6586,#6587,#6588,#6589,#6590,#6591,#6592,#6593,
    #6594,#6595,#6596,#6597,#6598,#6599,#6600,#6601,#6602,#6603,#6604,
    #6605,#6606,#6607,#6608,#6609,#6610,#6611,#6612,#6613,#6614,#6615,
    #6616,#6617,#6618,#6619,#6620,#6621,#6622,#6623,#6624,#6625,#6626,
    #6627,#6628,#6629,#6630,#6631,#6632,#6633,#6634,#6635,#6636,#6637,
    #6638,#6639,#6640,#6641,#6642,#6643,#6644,#6645,#6646,#6647,#6648,
    #6649,#6650,#6651,#6652,#6653,#6654,#6655,#6656,#6657,#6658,#6659,
    #6660,#6661,#6662,#6663,#6664,#6665,#6666,#6667,#6668,#6669,#6670,
    #6671,#6672,#6673,#6674,#6675,#6676,#6677,#6678,#6679,#6680,#6681,
    #6682,#6683,#6684,#6685,#6686,#6687,#6688,#6689,#6690,#6691,#6692,
    #6693,#6694,#6695,#6696,#6697,#6698,#6699,#6700,#6701,#6702,#6703,
    #6704,#6705,#6706,#6707,#6708,#6709,#6710,#6711,#6712,#6713,#6714,
    #6715,#6716,#6717,#6718,#6719,#6720,#6721,#6722,#6723,#6724,#6725,
    #6726,#6727,#6728,#6729,#6730,#6731,#6732,#6733,#6734,#6735,#6736,
    #6737,#6738,#6739,#6740,#6741,#6742,#6743,#6744,#6745,#6746,#6747,
    #6748,#6749,#6750,#6751,#6752,#6753,#6754,#6755,#6756,#6757,#6758,
    #6759,#6760,#6761,#6762,#6763,#6764,#6765,#6766,#6767,#6768,#6769,
    #6770,#6771,#6772,#6773,#6774,#6775,#6776,#6777,#6778,#6779,#6780,
    #6781,#6782,#6783,#6784,#6785,#6786,#6787,#6788,#6789,#6790,#6791,
    #6792,#6793,#6794,#6795,#6796,#6797,#6798,#6799,#6800,#6801,#6802,
    #6803,#6804,#6805,#6806,#6807,#6808,#6809,#6810,#6811,#6812,#6813,
    #6814,#6815,#6816,#6817,#6818,#6819,#6820,#6821,#6822,#6823,#6824,
    #6825,#6826,#6827,#6828,#6829,#6830,#6831,#6832,#6833,#6834,#6835,
    #6836,#6837,#6838,#6839,#6840,#6841,#6842,#6843,#6844,#6845,#6846,
    #6847,#6848,#6849,#6850,#6851,#6852,#6853,#6854,#6855,#6856,#6857,
    #6858,#6859,#6860,#6861,#6862,#6863,#6864,#6865,#6866,#6867,#6868,
    #6869,#6870,#6871,#6872,#6873,#6874,#6875,#6876,#6877,#6878,#6879,
    #6880,#6881,#6882,#6883,#6884,#6885,#6886,#6887,#6888,#6889,#6890,
    #6891,#6892,#6893,#6894,#6895,#6896,#6897,#6898,#6899,#6900,#6901,
    #6902,#6903,#6904,#6905,#6906,#6907,#6908,#6909,#6910,#6911,#6912,
    #6913,#6914,#6915,#6916,#6917,#6918,#6919,#6920,#6921,#6922,#6923,
    #6924,#6925,#6926,#6927,#6928,#6929,#6930,#6931,#6932,#6933,#6934,
    #6935,#6936,#6937,#6938,#6939,#6940,#6941,#6942,#6943,#6944,#6945,
    #6946,#6947,#6948,#6949,#6950,#6951,#6952,#6953,#6954,#6955,#6956,
    #6957,#6958,#6959,#6960,#6961,#6962,#6963,#6964,#6965,#6966,#6967,
    #6968,#6969,#6970,#6971,#6972,#6973,#6974,#6975,#6976,#6977,#6978,
    #6979,#6980,#6981,#6982,#6983,#6984,#6985,#6986,#6987,#6988,#6989,
    #6990,#6991,#6992,#6993,#6994,#6995,#6996,#6997,#6998,#6999,#7000,
    #7001,#7002,#7003,#7004,#7005,#7006,#7007,#7008,#7009,#7010,#7011,
    #7012,#7013,#7014,#7015,#7016,#7017,#7018,#7019,#7020,#7021,#7022,
    #7023,#7024,#7025,#7026,#7027,#7028,#7029,#7030,#7031,#7032,#7033,
    #7034,#7035,#7036,#7037,#7038,#7039,#7040,#7041,#7042,#7043,#7044,
    #7045,#7046,#7047,#7048,#7049,#7050,#7051,#7052,#7053,#7054,#7055,
    #7056,#7057,#7058,#7059,#7060,#7061,#7062,#7063,#7064,#7065,#7066,
    #7067,#7068,#7069,#7070,#7071,#7072,#7073,#7074,#7075,#7076,#7077,
    #7078,#7079,#7080,#7081,#7082,#7083,#7084,#7085,#7086,#7087,#7088,
    #7089,#7090,#7091,#7092,#7093,#7094,#7095,#7096,#7097,#7098,#7099,
    #7100,#7101,#7102,#7103,#7104,#7105,#7106,#7107,#7108,#7109,#7110,
    #7111,#7112,#7113,#7114,#7115,#7116,#7117,#7118,#7119,#7120,#7121,
    #7122,#7123,#7124,#7125,#7126,#7127,#7128,#7129,#7130,#7131,#7132,
    #7133,#7134,#7135,#7136,#7137,#7138,#7139,#7140,#7141,#7142,#7143,
    #7144,#7145,#7146,#7147,#7148,#7149,#7150,#7151,#7152,#7153,#7154,
    #7155,#7156,#7157,#7158,#7159,#7160,#7161,#7162,#7163,#7164,#7165,
    #7166,#7167,#7168,#7169,#7170,#7171,#7172,#7173,#7174,#7175,#7176,
    #7177,#7178,#7179,#7180,#7181,#7182,#7183,#7184,#7185,#7186,#7187,
    #7188,#7189,#7190,#7191,#7192,#7193,#7194,#7195,#7196,#7197,#7198,
    #7199,#7200,#7201,#7202,#7203,#7204,#7205,#7206,#7207,#7208,#7209,
    #7210,#7211,#7212,#7213,#7214,#7215,#7216,#7217,#7218,#7219,#7220,
    #7221,#7222,#7223,#7224,#7225,#7226,#7227,#7228,#7229,#7230,#7231,
    #7232,#7233,#7234,#7235,#7236,#7237,#7238,#7239,#7240,#7241,#7242,
    #7243,#7244,#7245,#7246,#7247,#7248,#7249,#7250,#7251,#7252,#7253,
    #7254,#7255,#7256,#7257,#7258,#7259,#7260,#7261,#7262,#7263,#7264,
    #7265,#7266,#7267,#7268,#7269,#7270,#7271,#7272,#7273,#7274,#7275,
    #7276,#7277,#7278,#7279,#7280,#7281,#7282,#7283,#7284,#7285,#7286,
    #7287,#7288,#7289,#7290,#7291,#7292,#7293,#7294,#7295,#7296,#7297,
    #7298,#7299,#7300,#7301,#7302,#7303,#7304,#7305,#7306,#7307,#7308,
    #7309,#7310,#7311,#7312,#7313,#7314,#7315,#7316,#7317,#7318,#7319,
    #7320,#7321,#7322,#7323,#7324,#7325,#7326,#7327,#7328,#7329,#7330,
    #7331,#7332,#7333,#7334,#7335,#7336,#7337,#7338,#7339,#7340,#7341,
    #7342,#7343,#7344,#7345,#7346,#7347,#7348,#7349,#7350,#7351,#7352,
    #7353,#7354,#7355,#7356,#7357,#7358,#7359,#7360,#7361,#7362,#7363,
    #7364,#7365,#7366,#7367,#7368,#7369,#7370,#7371,#7372,#7373,#7374,
    #7375,#7376,#7377,#7378,#7379,#7380,#7381,#7382,#7383,#7384,#7385,
    #7386,#7387,#7388,#7389,#7390,#7391,#7392,#7393,#7394,#7395,#7396,
    #7397,#7398,#7399,#7400,#7401,#7402,#7403,#7404,#7405,#7406,#7407,
    #7408,#7409,#7410,#7411,#7412,#7413,#7414,#7415,#7416,#7417,#7418,
    #7419,#7420,#7421,#7422,#7423,#7424,#7425,#7426,#7427,#7428,#7429,
    #7430,#7431,#7432,#7433,#7434,#7435,#7436,#7437,#7438,#7439,#7440,
    #7441,#7442,#7443,#7444,#7445,#7446,#7447,#7448,#7449,#7450,#7451,
    #7452,#7453,#7454,#7455,#7456,#7457,#7458,#7459,#7460,#7461,#7462,
    #7463,#7464,#7465,#7466,#7467,#7468,#7469,#7470,#7471,#7472,#7473,
    #7474,#7475,#7476,#7477,#7478,#7479,#7480,#7481,#7482,#7483,#7484,
    #7485,#7486,#7487,#7488,#7489,#7490,#7491,#7492,#7493,#7494,#7495,
    #7496,#7497,#7498,#7499,#7500,#7501,#7502,#7503,#7504,#7505,#7506,
    #7507,#7508,#7509,#7510,#7511,#7512,#7513,#7514,#7515,#7516,#7517,
    #7518,#7519,#7520,#7521,#7522,#7523,#7524,#7525,#7526,#7527,#7528,
    #7529,#7530,#7531,#7532,#7533,#7534,#7535,#7536,#7537,#7538,#7539,
    #7540,#7541,#7542,#7543,#7544,#7545,#7546,#7547,#7548,#7549,#7550,
    #7551,#7552,#7553,#7554,#7555,#7556,#7557,#7558,#7559,#7560,#7561,
    #7562,#7563,#7564,#7565,#7566,#7567,#7568,#7569,#7570,#7571,#7572,
    #7573,#7574,#7575,#7576,#7577,#7578,#7579,#7580,#7581,#7582,#7583,
    #7584,#7585,#7586,#7587,#7588,#7589,#7590,#7591,#7592,#7593,#7594,
    #7595,#7596,#7597,#7598,#7599,#7600,#7601,#7602,#7603,#7604,#7605,
    #7606,#7607,#7608,#7609,#7610,#7611,#7612,#7613,#7614,#7615,#7616,
    #7617,#7618,#7619,#7620,#7621,#7622,#7623,#7624,#7625,#7626,#7627,
    #7628,#7629,#7630,#7631,#7632,#7633,#7634,#7635,#7636,#7637,#7638,
    #7639,#7640,#7641,#7642,#7643,#7644,#7645,#7646,#7647,#7648,#7649,
    #7650,#7651,#7652,#7653,#7654,#7655,#7656,#7657,#7658,#7659,#7660,
    #7661,#7662,#7663,#7664,#7665,#7666,#7667,#7668,#7669,#7670,#7671,
    #7672,#7673,#7674,#7675,#7676,#7677,#7678,#7679,#7680,#7681,#7682,
    #7683,#7684,#7685,#7686,#7687,#7688,#7689,#7690,#7691,#7692,#7693,
    #7694,#7695,#7696,#7697,#7698,#7699,#7700,#7701,#7702,#7703,#7704,
    #7705,#7706,#7707,#7708,#7709,#7710,#7711,#7712,#7713,#7714,#7715,
    #7716,#7717,#7718,#7719,#7720,#7721,#7722,#7723,#7724,#7725,#7726,
    #7727,#7728,#7729,#7730,#7731,#7732,#7733,#7734,#7735,#7736,#7737,
    #7738,#7739,#7740,#7741,#7742,#7743,#7744,#7745,#7746,#7747,#7748,
    #7749,#7750,#7751,#7752,#7753,#7754,#7755,#7756,#7757,#7758,#7759,
    #7760,#7761,#7762,#7763,#7764,#7765,#7766,#7767,#7768,#7769,#7770,
    #7771,#7772,#7773,#7774,#7775,#7776,#7777,#7778,#7779,#7780,#7781,
    #7782,#7783,#7784,#7785,#7786,#7787,#7788,#7789,#7790,#7791,#7792,
    #7793,#7794,#7795,#7796,#7797,#7798,#7799,#7800,#7801,#7802,#7803,
    #7804,#7805,#7806,#7807,#7808,#7809,#7810,#7811,#7812,#7813,#7814,
    #7815,#7816,#7817,#7818,#7819,#7820,#7821,#7822,#7823,#7824,#7825,
    #7826,#7827,#7828,#7829,#7830,#7831,#7832,#7833,#7834,#7835,#7836,
    #7837,#7838,#7839,#7840,#7841,#7842,#7843,#7844,#7845,#7846,#7847,
    #7848,#7849,#7850,#7851,#7852,#7853,#7854,#7855,#7856,#7857,#7858,
    #7859,#7860,#7861,#7862,#7863,#7864,#7865,#7866,#7867,#7868,#7869,
    #7870,#7871,#7872,#7873,#7874,#7875,#7876,#7877,#7878,#7879,#7880,
    #7881,#7882,#7883,#7884,#7885,#7886,#7887,#7888,#7889,#7890,#7891,
    #7892,#7893,#7894,#7895,#7896,#7897,#7898,#7899,#7900,#7901,#7902,
    #7903,#7904,#7905,#7906,#7907,#7908,#7909,#7910,#7911,#7912,#7913,
    #7914,#7915,#7916,#7917,#7918,#7919,#7920,#7921,#7922,#7923,#7924,
    #7925,#7926,#7927,#7928,#7929,#7930,#7931,#7932,#7933,#7934,#7935,
    #7936,#7937,#7938,#7939,#7940,#7941,#7942,#7943,#7944,#7945,#7946,
    #7947,#7948,#7949,#7950,#7951,#7952,#7953,#7954,#7955,#7956,#7957,
    #7958,#7959,#7960,#7961,#7962,#7963,#7964,#7965,#7966,#7967,#7968,
    #7969,#7970,#7971,#7972,#7973,#7974,#7975,#7976,#7977,#7978,#7979,
    #7980,#7981,#7982,#7983,#7984,#7985,#7986,#7987,#7988,#7989,#7990,
    #7991,#7992,#7993,#7994,#7995,#7996,#7997,#7998,#7999,#8000,#8001,
    #8002,#8003,#8004,#8005,#8006,#8007,#8008,#8009,#8010,#8011,#8012,
    #8013,#8014,#8015,#8016,#8017,#8018,#8019,#8020,#8021,#8022,#8023,
    #8024,#8025,#8026,#8027,#8028,#8029,#8030,#8031,#8032,#8033,#8034,
    #8035,#8036,#8037,#8038,#8039,#8040,#8041,#8042,#8043,#8044,#8045,
    #8046,#8047,#8048,#8049,#8050,#8051,#8052,#8053,#8054,#8055,#8056,
    #8057,#8058,#8059,#8060,#8061,#8062,#8063,#8064,#8065,#8066,#8067,
    #8068,#8069,#8070,#8071,#8072,#8073,#8074,#8075,#8076,#8077,#8078,
    #8079,#8080,#8081,#8082,#8083,#8084,#8085,#8086,#8087,#8088,#8089,
    #8090,#8091,#8092,#8093,#8094,#8095,#8096,#8097,#8098,#8099,#8100,
    #8101,#8102,#8103,#8104,#8105,#8106,#8107,#8108,#8109,#8110,#8111,
    #8112,#8113,#8114,#8115,#8116,#8117,#8118,#8119,#8120,#8121,#8122,
    #8123,#8124,#8125,#8126,#8127,#8128,#8129,#8130,#8131,#8132,#8133,
    #8134,#8135,#8136,#8137,#8138,#8139,#8140,#8141,#8142,#8143,#8144,
    #8145,#8146,#8147,#8148,#8149,#8150,#8151,#8152,#8153,#8154,#8155,
    #8156,#8157,#8158,#8159,#8160,#8161,#8162,#8163,#8164,#8165,#8166,
    #8167,#8168,#8169,#8170,#8171,#8172,#8173,#8174,#8175,#8176,#8177,
    #8178,#8179,#8180,#8181,#8182,#8183,#8184,#8185,#8186,#8187,#8188,
    #8189,#8190,#8191,#8192,#8193,#8194,#8195,#8196,#8197,#8198,#8199,
    #8200,#8201,#8202,#8203,#8204,#8205,#8206,#8207,#8208,#8209,#8210,
    #8211,#8212,#8213,#8214,#8215,#8216,#8217,#8218,#8219,#8220,#8221,
    #8222,#8223,#8224,#8225,#8226,#8227,#8228,#8229,#8230,#8231,#8232,
    #8233,#8234,#8235,#8236,#8237,#8238,#8239,#8240,#8241,#8242,#8243,
    #8244,#8245,#8246,#8247,#8248,#8249,#8250,#8251,#8252,#8253,#8254,
    #8255,#8256,#8257,#8258,#8259,#8260,#8261,#8262,#8263,#8264,#8265,
    #8266,#8267,#8268,#8269,#8270,#8271,#8272,#8273,#8274,#8275,#8276,
    #8277,#8278,#8279,#8280,#8281,#8282,#8283,#8284,#8285,#8286,#8287,
    #8288,#8289,#8290,#8291,#8292,#8293,#8294,#8295,#8296,#8297,#8298,
    #8299,#8300,#8301,#8302,#8303,#8304,#8305,#8306,#8307,#8308,#8309,
    #8310,#8311,#8312,#8313,#8314,#8315,#8316,#8317,#8318,#8319,#8320,
    #8321,#8322,#8323,#8324,#8325,#8326,#8327,#8328,#8329,#8330,#8331,
    #8332,#8333,#8334,#8335,#8336,#8337,#8338,#8339,#8340,#8341,#8342,
    #8343,#8344,#8345,#8346,#8347,#8348,#8349,#8350,#8351,#8352,#8353,
    #8354,#8355,#8356,#8357,#8358,#8359,#8360,#8361,#8362,#8363,#8364,
    #8365,#8366,#8367,#8368,#8369,#8370,#8371,#8372,#8373,#8374,#8375,
    #8376,#8377,#8378,#8379,#8380,#8381,#8382,#8383,#8384,#8385,#8386,
    #8387,#8388,#8389,#8390,#8391,#8392,#8393,#8394,#8395,#8396,#8397,
    #8398,#8399,#8400,#8401,#8402,#8403,#8404,#8405,#8406,#8407,#8408,
    #8409,#8410,#8411,#8412,#8413,#8414,#8415,#8416,#8417,#8418,#8419,
    #8420,#8421,#8422,#8423,#8424,#8425,#8426,#8427,#8428,#8429,#8430,
    #8431,#8432,#8433,#8434,#8435,#8436,#8437,#8438,#8439,#8440,#8441,
    #8442,#8443,#8444,#8445,#8446,#8447,#8448,#8449,#8450,#8451,#8452,
    #8453,#8454,#8455,#8456,#8457,#8458,#8459,#8460,#8461,#8462,#8463,
    #8464,#8465,#8466,#8467,#8468,#8469,#8470,#8471,#8472,#8473,#8474,
    #8475,#8476,#8477,#8478,#8479,#8480,#8481,#8482,#8483,#8484,#8485,
    #8486,#8487,#8488,#8489,#8490,#8491,#8492,#8493,#8494,#8495,#8496,
    #8497,#8498,#8499,#8500,#8501,#8502,#8503,#8504,#8505,#8506,#8507,
    #8508,#8509,#8510,#8511,#8512,#8513,#8514,#8515,#8516,#8517,#8518,
    #8519,#8520,#8521,#8522,#8523,#8524,#8525,#8526,#8527,#8528,#8529,
    #8530,#8531,#8532,#8533,#8534,#8535,#8536,#8537,#8538,#8539,#8540,
    #8541,#8542,#8543,#8544,#8545,#8546,#8547,#8548,#8549,#8550,#8551,
    #8552,#8553,#8554,#8555,#8556,#8557,#8558,#8559,#8560,#8561,#8562,
    #8563,#8564,#8565,#8566,#8567,#8568,#8569,#8570,#8571,#8572,#8573,
    #8574,#8575,#8576,#8577,#8578,#8579,#8580,#8581,#8582,#8583,#8584,
    #8585,#8586,#8587,#8588,#8589,#8590,#8591,#8592,#8593,#8594,#8595,
    #8596,#8597,#8598,#8599,#8600,#8601,#8602,#8603,#8604,#8605,#8606,
    #8607,#8608,#8609,#8610,#8611,#8612,#8613,#8614,#8615,#8616,#8617,
    #8618,#8619,#8620,#8621,#8622,#8623,#8624,#8625,#8626,#8627,#8628,
    #8629,#8630,#8631,#8632,#8633,#8634,#8635,#8636,#8637,#8638,#8639,
    #8640,#8641,#8642,#8643,#8644,#8645,#8646,#8647,#8648,#8649,#8650,
    #8651,#8652,#8653,#8654,#8655,#8656,#8657,#8658,#8659,#8660,#8661,
    #8662,#8663,#8664,#8665,#8666,#8667,#8668,#8669,#8670,#8671,#8672,
    #8673,#8674,#8675,#8676,#8677,#8678,#8679,#8680,#8681,#8682,#8683,
    #8684,#8685,#8686,#8687,#8688,#8689,#8690,#8691,#8692,#8693,#8694,
    #8695,#8696,#8697,#8698,#8699,#8700,#8701,#8702,#8703,#8704,#8705,
    #8706,#8707,#8708,#8709,#8710,#8711,#8712,#8713,#8714,#8715,#8716,
    #8717,#8718,#8719,#8720,#8721,#8722,#8723,#8724,#8725,#8726,#8727,
    #8728,#8729,#8730,#8731,#8732,#8733,#8734,#8735,#8736,#8737,#8738,
    #8739,#8740,#8741,#8742,#8743,#8744,#8745,#8746,#8747,#8748,#8749,
    #8750,#8751,#8752,#8753,#8754,#8755,#8756,#8757,#8758,#8759,#8760,
    #8761,#8762,#8763,#8764,#8765,#8766,#8767,#8768,#8769,#8770,#8771,
    #8772,#8773,#8774,#8775,#8776,#8777,#8778,#8779,#8780,#8781,#8782,
    #8783,#8784,#8785,#8786,#8787,#8788,#8789,#8790,#8791,#8792,#8793,
    #8794,#8795,#8796,#8797,#8798,#8799,#8800,#8801,#8802,#8803,#8804,
    #8805,#8806,#8807,#8808,#8809,#8810,#8811,#8812,#8813,#8814,#8815,
    #8816,#8817,#8818,#8819,#8820,#8821,#8822,#8823,#8824,#8825,#8826,
    #8827,#8828,#8829,#8830,#8831,#8832,#8833,#8834,#8835,#8836,#8837,
    #8838,#8839,#8840,#8841,#8842,#8843,#8844,#8845,#8846,#8847,#8848,
    #8849,#8850,#8851,#8852,#8853,#8854,#8855,#8856,#8857,#8858,#8859,
    #8860,#8861,#8862,#8863,#8864,#8865,#8866,#8867,#8868,#8869,#8870,
    #8871,#8872,#8873,#8874,#8875,#8876,#8877,#8878,#8879,#8880,#8881,
    #8882,#8883,#8884,#8885,#8886,#8887,#8888,#8889,#8890,#8891,#8892,
    #8893,#8894,#8895,#8896,#8897,#8898,#8899,#8900,#8901,#8902,#8903,
    #8904,#8905,#8906,#8907,#8908,#8909,#8910,#8911,#8912,#8913,#8914,
    #8915,#8916,#8917,#8918,#8919,#8920,#8921,#8922,#8923,#8924,#8925,
    #8926,#8927,#8928,#8929,#8930,#8931,#8932,#8933,#8934,#8935,#8936,
    #8937,#8938,#8939,#8940,#8941,#8942,#8943,#8944,#8945,#8946,#8947,
    #8948,#8949,#8950,#8951,#8952,#8953,#8954,#8955,#8956,#8957,#8958,
    #8959,#8960,#8961,#8962,#8963,#8964,#8965,#8966,#8967,#8968,#8969,
    #8970,#8971,#8972,#8973,#8974,#8975,#8976,#8977,#8978,#8979,#8980,
    #8981,#8982,#8983,#8984,#8985,#8986,#8987,#8988,#8989,#8990,#8991,
    #8992,#8993,#8994,#8995,#8996,#8997,#8998,#8999,#9000,#9001,#9002,
    #9003,#9004,#9005,#9006,#9007,#9008,#9009,#9010,#9011,#9012,#9013,
    #9014,#9015,#9016,#9017,#9018,#9019,#9020,#9021,#9022,#9023,#9024,
    #9025,#9026,#9027,#9028,#9029,#9030,#9031,#9032,#9033,#9034,#9035,
    #9036,#9037,#9038,#9039,#9040,#9041,#9042,#9043,#9044,#9045,#9046,
    #9047,#9048,#9049,#9050,#9051,#9052,#9053,#9054,#9055,#9056,#9057,
    #9058,#9059,#9060,#9061,#9062,#9063,#9064,#9065,#9066,#9067,#9068,
    #9069,#9070,#9071,#9072,#9073,#9074,#9075,#9076,#9077,#9078,#9079,
    #9080,#9081,#9082,#9083,#9084,#9085,#9086,#9087,#9088,#9089,#9090,
    #9091,#9092,#9093,#9094,#9095,#9096,#9097,#9098,#9099,#9100,#9101),
  .UNSPECIFIED.,.F.,.F.,(4,1,1,1,1,1,1,1,1,1,1,1,1,1,1,1,1,1,1,1,1,1,1,1
    ,1,1,1,1,1,1,1,1,1,1,1,1,1,1,1,1,1,1,1,1,1,1,1,1,1,1,1,1,1,1,1,1,1,1
    ,1,1,1,1,1,1,1,1,1,1,1,1,1,1,1,1,1,1,1,1,1,1,1,1,1,1,1,1,1,1,1,1,1,1
    ,1,1,1,1,1,1,1,1,1,1,1,1,1,1,1,1,1,1,1,1,1,1,1,1,1,1,1,1,1,1,1,1,1,1
    ,1,1,1,1,1,1,1,1,1,1,1,1,1,1,1,1,1,1,1,1,1,1,1,1,1,1,1,1,1,1,1,1,1,1
    ,1,1,1,1,1,1,1,1,1,1,1,1,1,1,1,1,1,1,1,1,1,1,1,1,1,1,1,1,1,1,1,1,1,1
    ,1,1,1,1,1,1,1,1,1,1,1,1,1,1,1,1,1,1,1,1,1,1,1,1,1,1,1,1,1,1,1,1,1,1
    ,1,1,1,1,1,1,1,1,1,1,1,1,1,1,1,1,1,1,1,1,1,1,1,1,1,1,1,1,1,1,1,1,1,1
    ,1,1,1,1,1,1,1,1,1,1,1,1,1,1,1,1,1,1,1,1,1,1,1,1,1,1,1,1,1,1,1,1,1,1
    ,1,1,1,1,1,1,1,1,1,1,1,1,1,1,1,1,1,1,1,1,1,1,1,1,1,1,1,1,1,1,1,1,1,1
    ,1,1,1,1,1,1,1,1,1,1,1,1,1,1,1,1,1,1,1,1,1,1,1,1,1,1,1,1,1,1,1,1,1,1
    ,1,1,1,1,1,1,1,1,1,1,1,1,1,1,1,1,1,1,1,1,1,1,1,1,1,1,1,1,1,1,1,1,1,1
    ,1,1,1,1,1,1,1,1,1,1,1,1,1,1,1,1,1,1,1,1,1,1,1,1,1,1,1,1,1,1,1,1,1,1
    ,1,1,1,1,1,1,1,1,1,1,1,1,1,1,1,1,1,1,1,1,1,1,1,1,1,1,1,1,1,1,1,1,1,1
    ,1,1,1,1,1,1,1,1,1,1,1,1,1,1,1,1,1,1,1,1,1,1,1,1,1,1,1,1,1,1,1,1,1,1
    ,1,1,1,1,1,1,1,1,1,1,1,1,1,1,1,1,1,1,1,1,1,1,1,1,1,1,1,1,1,1,1,1,1,1
    ,1,1,1,1,1,1,1,1,1,1,1,1,1,1,1,1,1,1,1,1,1,1,1,1,1,1,1,1,1,1,1,1,1,1
    ,1,1,1,1,1,1,1,1,1,1,1,1,1,1,1,1,1,1,1,1,1,1,1,1,1,1,1,1,1,1,1,1,1,1
    ,1,1,1,1,1,1,1,1,1,1,1,1,1,1,1,1,1,1,1,1,1,1,1,1,1,1,1,1,1,1,1,1,1,1
    ,1,1,1,1,1,1,1,1,1,1,1,1,1,1,1,1,1,1,1,1,1,1,1,1,1,1,1,1,1,1,1,1,1,1
    ,1,1,1,1,1,1,1,1,1,1,1,1,1,1,1,1,1,1,1,1,1,1,1,1,1,1,1,1,1,1,1,1,1,1
    ,1,1,1,1,1,1,1,1,1,1,1,1,1,1,1,1,1,1,1,1,1,1,1,1,1,1,1,1,1,1,1,1,1,1
    ,1,1,1,1,1,1,1,1,1,1,1,1,1,1,1,1,1,1,1,1,1,1,1,1,1,1,1,1,1,1,1,1,1,1
    ,1,1,1,1,1,1,1,1,1,1,1,1,1,1,1,1,1,1,1,1,1,1,1,1,1,1,1,1,1,1,1,1,1,1
    ,1,1,1,1,1,1,1,1,1,1,1,1,1,1,1,1,1,1,1,1,1,1,1,1,1,1,1,1,1,1,1,1,1,1
    ,1,1,1,1,1,1,1,1,1,1,1,1,1,1,1,1,1,1,1,1,1,1,1,1,1,1,1,1,1,1,1,1,1,1
    ,1,1,1,1,1,1,1,1,1,1,1,1,1,1,1,1,1,1,1,1,1,1,1,1,1,1,1,1,1,1,1,1,1,1
    ,1,1,1,1,1,1,1,1,1,1,1,1,1,1,1,1,1,1,1,1,1,1,1,1,1,1,1,1,1,1,1,1,1,1
    ,1,1,1,1,1,1,1,1,1,1,1,1,1,1,1,1,1,1,1,1,1,1,1,1,1,1,1,1,1,1,1,1,1,1
    ,1,1,1,1,1,1,1,1,1,1,1,1,1,1,1,1,1,1,1,1,1,1,1,1,1,1,1,1,1,1,1,1,1,1
    ,1,1,1,1,1,1,1,1,1,1,1,1,1,1,1,1,1,1,1,1,1,1,1,1,1,1,1,1,1,1,1,1,1,1
    ,1,1,1,1,1,1,1,1,1,1,1,1,1,1,1,1,1,1,1,1,1,1,1,1,1,1,1,1,1,1,1,1,1,1
    ,1,1,1,1,1,1,1,1,1,1,1,1,1,1,1,1,1,1,1,1,1,1,1,1,1,1,1,1,1,1,1,1,1,1
    ,1,1,1,1,1,1,1,1,1,1,1,1,1,1,1,1,1,1,1,1,1,1,1,1,1,1,1,1,1,1,1,1,1,1
    ,1,1,1,1,1,1,1,1,1,1,1,1,1,1,1,1,1,1,1,1,1,1,1,1,1,1,1,1,1,1,1,1,1,1
    ,1,1,1,1,1,1,1,1,1,1,1,1,1,1,1,1,1,1,1,1,1,1,1,1,1,1,1,1,1,1,1,1,1,1
    ,1,1,1,1,1,1,1,1,1,1,1,1,1,1,1,1,1,1,1,1,1,1,1,1,1,1,1,1,1,1,1,1,1,1
    ,1,1,1,1,1,1,1,1,1,1,1,1,1,1,1,1,1,1,1,1,1,1,1,1,1,1,1,1,1,1,1,1,1,1
    ,1,1,1,1,1,1,1,1,1,1,1,1,1,1,1,1,1,1,1,1,1,1,1,1,1,1,1,1,1,1,1,1,1,1
    ,1,1,1,1,1,1,1,1,1,1,1,1,1,1,1,1,1,1,1,1,1,1,1,1,1,1,1,1,1,1,1,1,1,1
    ,1,1,1,1,1,1,1,1,1,1,1,1,1,1,1,1,1,1,1,1,1,1,1,1,1,1,1,1,1,1,1,1,1,1
    ,1,1,1,1,1,1,1,1,1,1,1,1,1,1,1,1,1,1,1,1,1,1,1,1,1,1,1,1,1,1,1,1,1,1
    ,1,1,1,1,1,1,1,1,1,1,1,1,1,1,1,1,1,1,1,1,1,1,1,1,1,1,1,1,1,1,1,1,1,1
    ,1,1,1,1,1,1,1,1,1,1,1,1,1,1,1,1,1,1,1,1,1,1,1,1,1,1,1,1,1,1,1,1,1,1
    ,1,1,1,1,1,1,1,1,1,1,1,1,1,1,1,1,1,1,1,1,1,1,1,1,1,1,1,1,1,1,1,1,1,1
    ,1,1,1,1,1,1,1,1,1,1,1,1,1,1,1,1,1,1,1,1,1,1,1,1,1,1,1,1,1,1,1,1,1,1
    ,1,1,1,1,1,1,1,1,1,1,1,1,1,1,1,1,1,1,1,1,1,1,1,1,1,1,1,1,1,1,1,1,1,1
    ,1,1,1,1,1,1,1,1,1,1,1,1,1,1,1,1,1,1,1,1,1,1,1,1,1,1,1,1,1,1,1,1,1,1
    ,1,1,1,1,1,1,1,1,1,1,1,1,1,1,1,1,1,1,1,1,1,1,1,1,1,1,1,1,1,1,1,1,1,1
    ,1,1,1,1,1,1,1,1,1,1,1,1,1,1,1,1,1,1,1,1,1,1,1,1,1,1,1,1,1,1,1,1,1,1
    ,1,1,1,1,1,1,1,1,1,1,1,1,1,1,1,1,1,1,1,1,1,1,1,1,1,1,1,1,1,1,1,1,1,1
    ,1,1,1,1,1,1,1,1,1,1,1,1,1,1,1,1,1,1,1,1,1,1,1,1,1,1,1,1,1,1,1,1,1,1
    ,1,1,1,1,1,1,1,1,1,1,1,1,1,1,1,1,1,1,1,1,1,1,1,1,1,1,1,1,1,1,1,1,1,1
    ,1,1,1,1,1,1,1,1,1,1,1,1,1,1,1,1,1,1,1,1,1,1,1,1,1,1,1,1,1,1,1,1,1,1
    ,1,1,1,1,1,1,1,1,1,1,1,1,1,1,1,1,1,1,1,1,1,1,1,1,1,1,1,1,1,1,1,1,1,1
    ,1,1,1,1,1,1,1,1,1,1,1,1,1,1,1,1,1,1,1,1,1,1,1,1,1,1,1,1,1,1,1,1,1,1
    ,1,1,1,1,1,1,1,1,1,1,1,1,1,1,1,1,1,1,1,1,1,1,1,1,1,1,1,1,1,1,1,1,1,1
    ,1,1,1,1,1,1,1,1,1,1,1,1,1,1,1,1,1,1,1,1,1,1,1,1,1,1,1,1,1,1,1,1,1,1
    ,1,1,1,1,1,1,1,1,1,1,1,1,1,1,1,1,1,1,1,1,1,1,1,1,1,1,1,1,1,1,1,1,1,1
    ,1,1,1,1,1,1,1,1,1,1,1,1,1,1,1,1,1,1,1,1,1,1,1,1,1,1,1,1,1,1,1,1,1,1
    ,1,1,1,1,1,1,1,1,1,1,1,1,1,1,1,1,1,1,1,1,1,1,1,1,1,1,1,1,1,1,1,1,1,1
    ,1,1,1,1,1,1,1,1,1,1,1,1,1,1,1,1,1,1,1,1,1,1,1,1,1,1,1,1,1,1,1,1,1,1
    ,1,1,1,1,1,1,1,1,1,1,1,1,1,1,1,1,1,1,1,1,1,1,1,1,1,1,1,1,1,1,1,1,1,1
    ,1,1,1,1,1,1,1,1,1,1,1,1,1,1,1,1,1,1,1,1,1,1,1,1,1,1,1,1,1,1,1,1,1,1
    ,1,1,1,1,1,1,1,1,1,1,1,1,1,1,1,1,1,1,1,1,1,1,1,1,1,1,1,1,1,1,1,1,1,1
    ,1,1,1,1,1,1,1,1,1,1,1,1,1,1,1,1,1,1,1,1,1,1,1,1,1,1,1,1,1,1,1,1,1,1
    ,1,1,1,1,1,1,1,1,1,1,1,1,1,1,1,1,1,1,1,1,1,1,1,1,1,1,1,1,1,1,1,1,1,1
    ,1,1,1,1,1,1,1,1,1,1,1,1,1,1,1,1,1,1,1,1,1,1,1,1,1,1,1,1,1,1,1,1,1,1
    ,1,1,1,1,1,1,1,1,1,1,1,1,1,1,1,1,1,1,1,1,1,1,1,1,1,1,1,1,1,1,1,1,1,1
    ,1,1,1,1,1,1,1,1,1,1,1,1,1,1,1,1,1,1,1,1,1,1,1,1,1,1,1,1,1,1,1,1,1,1
    ,1,1,1,1,1,1,1,1,1,1,1,1,1,1,1,1,1,1,1,1,1,1,1,1,1,1,1,1,1,1,1,1,1,1
    ,1,1,1,1,1,1,1,1,1,1,1,1,1,1,1,1,1,1,1,1,1,1,1,1,1,1,1,1,1,1,1,1,1,1
    ,1,1,1,1,1,1,1,1,1,1,1,1,1,1,1,1,1,1,1,1,1,1,1,1,1,1,1,1,1,1,1,1,1,1
    ,1,1,1,1,1,1,1,1,1,1,1,1,1,1,1,1,1,1,1,1,1,1,1,1,1,1,1,1,1,1,1,1,1,1
    ,1,1,1,1,1,1,1,1,1,1,1,1,1,1,1,1,1,1,1,1,1,1,1,1,1,1,1,1,1,1,1,1,1,1
    ,1,1,1,1,1,1,1,1,1,1,1,1,1,1,1,1,1,1,1,1,1,1,1,1,1,1,1,1,1,1,1,1,1,1
    ,1,1,1,1,1,1,1,1,1,1,1,1,1,1,1,1,1,1,1,1,1,1,1,1,1,1,1,1,1,1,1,1,1,1
    ,1,1,1,1,1,1,1,1,1,1,1,1,1,1,1,1,1,1,1,1,1,1,1,1,1,1,1,1,1,1,1,1,1,1
    ,1,1,1,1,1,1,1,1,1,1,1,1,1,1,1,1,1,1,1,1,1,1,1,1,1,1,1,1,1,1,1,1,1,1
    ,1,1,1,1,1,1,1,1,1,1,1,1,1,1,1,1,1,1,1,1,1,1,1,1,1,1,1,1,1,1,1,1,1,1
    ,1,1,1,1,1,1,1,1,1,1,1,1,1,1,1,1,1,1,1,1,1,1,1,1,1,1,1,1,1,1,1,1,1,1
    ,1,1,1,1,1,1,1,1,1,1,1,1,1,1,1,1,1,1,1,1,1,1,1,1,1,1,1,1,1,1,1,1,1,1
    ,1,1,1,1,1,1,1,1,1,1,1,1,1,1,1,1,1,1,1,1,1,1,1,1,1,1,1,1,1,1,1,1,1,1
    ,1,1,1,1,1,1,1,1,1,1,1,1,1,1,1,1,1,1,1,1,1,1,1,1,1,1,1,1,1,1,1,1,1,1
    ,1,1,1,1,1,1,1,1,1,1,1,1,1,1,1,1,1,1,1,1,1,1,1,1,1,1,1,1,1,1,1,1,1,1
    ,1,1,1,1,1,1,1,1,1,1,1,1,1,1,1,1,1,1,1,1,1,1,1,1,1,1,1,1,1,1,1,1,1,1
    ,1,1,1,1,1,1,1,1,1,1,1,1,1,1,1,1,1,1,1,1,1,1,1,1,1,1,1,1,1,1,1,1,1,1
    ,1,1,1,1,1,1,1,1,1,1,1,1,1,1,1,1,1,1,1,1,1,1,1,1,1,1,1,1,1,1,1,1,1,1
    ,1,1,1,1,1,1,1,1,1,1,1,1,1,1,1,1,1,1,1,1,1,1,1,1,1,1,1,1,1,1,1,1,1,1
    ,1,1,1,1,1,1,1,1,1,1,1,1,1,1,1,1,1,1,1,1,1,1,1,1,1,1,1,1,1,1,1,1,1,1
    ,1,1,1,1,1,1,1,1,1,1,1,1,1,1,1,1,1,1,1,1,1,1,1,1,1,1,1,1,1,1,1,1,1,1
    ,1,1,1,1,1,1,1,1,1,1,1,1,1,1,1,1,1,1,1,1,1,1,1,1,1,1,1,1,1,1,1,1,1,1
    ,1,1,1,1,1,1,1,1,1,1,1,1,1,1,1,1,1,1,1,1,1,1,1,1,1,1,1,1,1,1,1,1,1,1
    ,1,1,1,1,1,1,1,1,1,1,1,1,1,1,1,1,1,1,1,1,1,1,1,1,1,1,1,1,1,1,1,1,1,1
    ,1,1,1,1,1,1,1,1,1,1,1,1,1,1,1,1,1,1,1,1,1,1,1,1,1,1,1,1,1,1,1,1,1,1
    ,1,1,1,1,1,1,1,1,1,1,1,1,1,1,1,1,1,1,1,1,1,1,1,1,1,1,1,1,1,1,1,1,1,1
    ,1,1,1,1,1,1,1,1,1,1,1,1,1,1,1,1,1,1,1,1,1,1,1,1,1,1,1,1,1,1,1,1,1,1
    ,1,1,1,1,1,1,1,1,1,1,1,1,1,1,1,1,1,1,1,1,1,1,1,1,1,1,1,1,1,1,1,1,1,1
    ,1,1,1,1,1,1,1,1,1,1,1,1,1,1,1,1,1,1,1,1,1,1,1,1,1,1,1,1,1,1,1,1,1,1
    ,1,1,1,1,1,1,1,1,1,1,1,1,1,1,1,1,1,1,1,1,1,1,1,1,1,1,1,1,1,1,1,1,1,1
    ,1,1,1,1,1,1,1,1,1,1,1,1,1,1,1,1,1,1,1,1,1,1,1,1,1,1,1,1,1,1,1,1,1,1
    ,1,1,1,1,1,1,1,1,1,1,1,1,1,1,1,1,1,1,1,1,1,1,1,1,1,1,1,1,1,1,1,1,1,1
    ,1,1,1,1,1,1,1,1,1,1,1,1,1,1,1,1,1,1,1,1,1,1,1,1,1,1,1,1,1,1,1,1,1,1
    ,1,1,1,1,1,1,1,1,1,1,1,1,1,1,1,1,1,1,1,1,1,1,1,1,1,1,1,1,1,1,1,1,1,1
    ,1,1,1,1,1,1,1,1,1,1,1,1,1,1,1,1,1,1,1,1,1,1,1,1,1,1,1,1,1,1,1,1,1,1
    ,1,1,1,1,1,1,1,1,1,1,1,1,1,1,1,1,1,1,1,1,1,1,1,1,1,1,1,1,1,1,1,1,1,1
    ,1,1,1,1,1,1,1,1,1,1,1,1,1,1,1,1,1,1,1,1,1,1,1,1,1,1,1,1,1,1,1,1,1,1
    ,1,1,1,1,1,1,1,1,1,1,1,1,1,1,1,1,1,1,1,1,1,1,1,1,1,1,1,1,1,1,1,1,1,1
    ,1,1,1,1,1,1,1,1,1,1,1,1,1,1,1,1,1,1,1,1,1,1,1,1,1,1,1,1,1,1,1,1,1,1
    ,1,1,1,1,1,1,1,1,1,1,1,1,1,1,1,1,1,1,1,1,1,1,1,1,1,1,1,1,1,1,1,1,1,1
    ,1,1,1,1,1,1,1,1,1,1,1,1,1,1,1,1,1,1,1,1,1,1,1,1,1,1,1,1,1,1,1,1,1,1
    ,1,1,1,1,1,1,1,1,1,1,1,1,1,1,1,1,1,1,1,1,1,1,1,1,1,1,1,1,1,1,1,1,1,1
    ,1,1,1,1,1,1,1,1,1,1,1,1,1,1,1,1,1,1,1,1,1,1,1,1,1,1,1,1,1,1,1,1,1,1
    ,1,1,1,1,1,1,1,1,1,1,1,1,1,1,1,1,1,1,1,1,1,1,1,1,1,1,1,1,1,1,1,1,1,1
    ,1,1,1,1,1,1,1,1,1,1,1,1,1,1,1,1,1,1,1,1,1,1,1,1,1,1,1,1,1,1,1,1,1,1
    ,1,1,1,1,1,1,1,1,1,1,1,1,1,1,1,1,1,1,1,1,1,1,1,1,1,1,1,1,1,1,1,1,1,1
    ,1,1,1,1,1,1,1,1,1,1,1,1,1,1,1,1,1,1,1,1,1,1,1,1,1,1,1,1,1,1,1,1,1,1
    ,1,1,1,1,1,1,1,1,1,1,1,1,1,1,1,1,1,1,1,1,1,1,1,1,1,1,1,1,1,1,1,1,1,1
    ,1,1,1,1,1,1,1,1,1,1,1,1,1,1,1,1,1,1,1,1,1,1,1,1,1,1,1,1,1,1,1,1,1,1
    ,1,1,1,1,1,1,1,1,1,1,1,1,1,1,1,1,1,1,1,1,1,1,1,1,1,1,1,1,1,1,1,1,1,1
    ,1,1,1,1,1,1,1,1,1,1,1,1,1,1,1,1,1,1,1,1,1,1,1,1,1,1,1,1,1,1,1,1,1,1
    ,1,1,1,1,1,1,1,1,1,1,1,1,1,1,1,1,1,1,1,1,1,1,1,1,1,1,1,1,1,1,1,1,1,1
    ,1,1,1,1,1,1,1,1,1,1,1,1,1,1,1,1,1,1,1,1,1,1,1,1,1,1,1,1,1,1,1,1,1,1
    ,1,1,1,1,1,1,1,1,1,1,1,1,1,1,1,1,1,1,1,1,1,1,1,1,1,1,1,1,1,1,1,1,1,1
    ,1,1,1,1,1,1,1,1,1,1,1,1,1,1,1,1,1,1,1,1,1,1,1,1,1,1,1,1,1,1,1,1,1,1
    ,1,1,1,1,1,1,1,1,1,1,1,1,1,1,1,1,1,1,1,1,1,1,1,1,1,1,1,1,1,1,1,1,1,1
    ,1,1,1,1,1,1,1,1,1,1,1,1,1,1,1,1,1,1,1,1,1,1,1,1,1,1,1,1,1,1,1,1,1,1
    ,1,1,1,1,1,1,1,1,1,1,1,1,1,1,1,1,1,1,1,1,1,1,1,1,1,1,1,1,1,1,1,1,1,1
    ,1,1,1,1,1,1,1,1,1,1,1,1,1,1,1,1,1,1,1,1,1,1,1,1,1,1,1,1,1,1,1,1,1,1
    ,1,1,1,1,1,1,1,1,1,1,1,1,1,1,1,1,1,1,1,1,1,1,1,1,1,1,1,1,1,1,1,1,1,1
    ,1,1,1,1,1,1,1,1,1,1,1,1,1,1,1,1,1,1,1,1,1,1,1,1,1,1,1,1,1,1,1,1,1,1
    ,1,1,1,1,1,1,1,1,1,1,1,1,1,1,1,1,1,1,1,1,1,1,1,1,1,1,1,1,1,1,1,1,1,1
    ,1,1,1,1,1,1,1,1,1,1,1,1,1,1,1,1,1,1,1,1,1,1,1,1,1,1,1,1,1,1,1,1,1,1
    ,4),(0.,9.247728489405E-02,0.184955116343,0.277434040893,
    0.369914605074,0.462397355387,0.554882838303,0.647371600247,
    0.739864187592,0.832361146652,0.924863023671,1.017370364818,
    1.109883716172,1.202403623719,1.294930633344,1.387465290816,
    1.480008141787,1.572559731778,1.665120606174,1.757691310213,
    1.850272388979,1.942864387393,2.035467850203,2.12808332198,
    2.220711347104,2.31335246976,2.406007233926,2.498676183368,
    2.59135986163,2.684058812023,2.776773577623,2.869504701256,
    2.962252725495,3.055018192648,3.147801644751,3.240603623561,
    3.333424670546,3.426265326877,3.519126133422,3.612007630735,
    3.704910359049,3.79783485827,3.890781667965,3.983751327357,
    4.076744375316,4.16976135035,4.2628027906,4.35586923383,
    4.448961217418,4.542079278352,4.635223953217,4.728395778192,
    4.821595289041,4.914823021102,5.008079509285,5.101365288059,
    5.194680891448,5.288026853023,5.381403705893,5.474811982697,
    5.568252215601,5.661724936284,5.755230675937,5.848769965252,
    5.942343334415,6.0359513131,6.12959443046,6.223273215124,
    6.316988195184,6.410739898193,6.504528851154,6.598355580516,
    6.692220612167,6.786124471424,6.880067683031,6.974050771147,
    7.068074259345,7.162138670598,7.256244527281,7.350392351156,
    7.444582663372,7.538815984456,7.633092834305,7.727413732181,
    7.821779196708,7.916189745857,8.010645896951,8.105148166649,
    8.199697070946,8.294293125163,8.388936843945,8.483628741251,
    8.578369330351,8.673159123818,8.767998633524,8.862888370634,
    8.957828845597,9.052820568146,9.147864047289,9.242959791301,
    9.338108307725,9.433310103361,9.528565684262,9.62387555573,
    9.719240222311,9.814660187786,9.910135955171,10.005668026708,
    10.101256903861,10.196903087312,10.292607076955,10.388369371893,
    10.484190470428,10.580070870062,10.676011067492,10.7720115586,
    10.868072838453,10.964195401299,11.060379740557,11.156626348821,
    11.252935717846,11.349308338553,11.445744701016,11.542245294467,
    11.638810607282,11.735441126985,11.832137340241,11.928899732849,
    12.025728789743,12.122624994985,12.219588831764,12.316620782389,
    12.413721328286,12.510890949995,12.608130127169,12.705439338565,
    12.802819062046,12.900269774572,12.997791952202,13.095386070088,
    13.193052602472,13.290792022681,13.38860480313,13.48649141531,
    13.584452329792,13.682488016222,13.780598943317,13.878785578864,
    13.977048389713,14.075387841782,14.173804400045,14.272298528537,
    14.370870690348,14.469521347619,14.568250961545,14.667059992365,
    14.765948899367,14.864918140879,14.963968174272,15.063099455957,
    15.162312441379,15.26160758502,15.360985340392,15.460446160039,
    15.559990495534,15.659618797476,15.759331515488,15.859129098219,
    15.959011993336,16.058980647526,16.159035506497,16.25917701497,
    16.359405616683,16.459721754386,16.560125869841,16.660618403823,
    16.761199796113,16.861870485502,16.962630909786,17.063481505769,
    17.164422709257,17.265454955061,17.366578676993,17.467794307867,
    17.569102279497,17.670503022696,17.771996967277,17.87358454205,
    17.975266174821,18.077042292394,18.178913320566,18.280879684132,
    18.38294180688,18.485100111591,18.58735502004,18.689706952996,
    18.79215633022,18.894703570463,18.997349091471,19.100093309979,
    19.202936641715,19.305879501397,19.408922302734,19.512065458427,
    19.615309380167,19.718654478636,19.822101163505,19.925649843438,
    20.029300926089,20.133054818104,20.236911925119,20.34087265176,
    20.444937401649,20.549106577396,20.653380580604,20.75775981187,
    20.862244670783,20.966835555924,21.071532864872,21.176336994196,
    21.281248339463,21.386267295232,21.491394255063,21.596629611509,
    21.70197375612,21.807427079449,21.912989971041,22.018662819447,
    22.124446012214,22.230339935892,22.336344976035,22.442461517196,
    22.548689942936,22.655030635818,22.761483977413,22.868050348299,
    22.97473012806,23.081523695292,23.188431427599,23.295453701597,
    23.402590892916,23.509843376198,23.617211525102,23.724695712301,
    23.832296309486,23.94001368737,24.047848215682,24.155800263175,
    24.263870197626,24.372058385833,24.480365193622,24.588790985848,
    24.697336126392,24.806000978166,24.914785903115,25.023691262217,
    25.132717415485,25.145349601529,25.163712700735,25.182078540189,
    25.200447120623,25.218818442718,25.237192507245,25.255569314893,
    25.273948866373,25.292331162372,25.310716203629,25.329103990866,
    25.347494524716,25.365887805972,25.384283835275,25.4026826133,
    25.421084140768,25.439488418375,25.457895446781,25.476305226658,
    25.494717758772,25.513133043702,25.531551082159,25.549971874836,
    25.568395422358,25.586821725423,25.605250784684,25.623682600827,
    25.642117174492,25.66055450633,25.678994596994,25.697437447148,
    25.715883057435,25.734331428482,25.752782560981,25.771236455536,
    25.789693112779,25.808152533364,25.826614717917,25.845079667062,
    25.863547381434,25.882017861674,25.900491108364,25.91896712216,
    25.937445903677,25.955927453507,25.974411772273,25.992898860549,
    26.011388719026,26.029881348267,26.048376748853,26.066874921377,
    26.08537586647,26.103879584715,26.122386076673,26.140895343004,
    26.159407384216,26.177922200939,26.19643979372,26.214960163171,
    26.233483309867,26.252009234332,26.270537937217,26.289069419028,
    26.307603680337,26.326140721751,26.344680543768,26.363223146997,
    26.381768531974,26.400316699246,26.418867649369,26.43742138288,
    26.455977900366,26.474537202316,26.493099289306,26.511664161857,
    26.530231820511,26.548802265816,26.567375498244,26.585951518384,
    26.604530326773,26.623111923885,26.64169631024,26.660283486394,
    26.678873452848,26.697466210075,26.716061758645,26.734660099066,
    26.753261231795,26.77186515736,26.790471876279,26.809081389002,
    26.827693696049,26.846308797961,26.86492669517,26.883547388169,
    26.902170877468,26.920797163532,26.939426246856,26.958058127898,
    26.97669280716,26.995330285104,27.013970562205,27.032613638908,
    27.051259515702,27.069908193064,27.088559671414,27.107213951273,
    27.125871033044,27.144530917185,27.163193604178,27.181859094451,
    27.200527388439,27.219198486607,27.237872389425,27.256549097277,
    27.275228610627,27.293910929919,27.312596055555,27.331283988006,
    27.349974727672,27.368668274981,27.38736463036,27.406063794225,
    27.42476576702,27.44347054914,27.462178140988,27.480888542988,
    27.499601755567,27.518317779095,27.537036614001,27.555758260676,
    27.574482719522,27.593209990951,27.611940075327,27.630672973086,
    27.649408684587,27.6681472102,27.686888550354,27.705632705411,
    27.724379675768,27.743129461772,27.761882063802,27.780637482273,
    27.799395717531,27.81815676995,27.836920639875,27.855687327688,
    27.874456833749,27.893229158422,27.912004302082,27.930782265065,
    27.949563047701,27.968346650369,27.987133073429,28.005922317205,
    28.024714382048,28.043509268301,28.062306976303,28.081107506395,
    28.09991085889,28.118717034154,28.137526032506,28.156337854264,
    28.175152499775,28.193969969322,28.212790263271,28.231613381918,
    28.250439325584,28.269268094591,28.288099689235,28.306934109848,
    28.325771356712,28.344611430173,28.363454330485,28.382300057966,
    28.401148612947,28.419999995689,28.438854206491,28.45771124567,
    28.476571113493,28.495433810229,28.514299336224,28.533167691715,
    28.552038876982,28.570912892327,28.589789738001,28.608669414317,
    28.627551921524,28.64643725987,28.665325429665,28.68421643115,
    28.7031102646,28.722006930262,28.740906428423,28.759808759329,
    28.778713923194,28.797621920317,28.816532750944,28.835446415341,
    28.854362913714,28.873282246298,28.892204413406,28.91112941521,
    28.930057251958,28.948987923923,28.967921431315,28.986857774347,
    29.005796953278,29.024738968327,29.043683819694,29.062631507648,
    29.08158203238,29.100535394114,29.119491593066,29.138450629445,
    29.157412503476,29.176377215357,29.195344765298,29.214315153515,
    29.233288380214,29.252264445574,29.271243349802,29.290225093122,
    29.309209675695,29.32819709774,29.347187359438,29.366180460966,
    29.385176402515,29.40417518429,29.423176806466,29.442181269201,
    29.461188572715,29.48019871715,29.499211702684,29.518227529498,
    29.53724619777,29.556267707663,29.575292059322,29.594319252949,
    29.613349288685,29.632382166681,29.651417887108,29.670456450124,
    29.689497855885,29.708542104523,29.727589196209,29.746639131098,
    29.765691909302,29.784747530984,29.803805996293,29.822867305366,
    29.841931458326,29.860998455325,29.880068296496,29.899140981956,
    29.918216511837,29.937294886291,29.956376105437,29.975460169361,
    29.994547078228,30.013636832135,30.032729431201,30.05182487557,
    30.070923165302,30.090024300549,30.109128281422,30.128235107994,
    30.147344780408,30.16645729875,30.185572663132,30.204690873645,
    30.223811930376,30.242935833446,30.262062582929,30.281192178919,
    30.300324621527,30.319459910806,30.33859804686,30.357739029802,
    30.376882859669,30.396029536534,30.415179060514,30.434331431675,
    30.453486650087,30.472644715813,30.491805628932,30.510969389518,
    30.530135997632,30.549305453329,30.568477756681,30.587652907758,
    30.606830906585,30.62601175325,30.645195447812,30.664381990316,
    30.683571380804,30.702763619323,30.721958705933,30.741156640668,
    30.760357423584,30.779561054705,30.798767534096,30.817976861768,
    30.837189037763,30.85640406215,30.875621934901,30.894842656079,
    30.914066225726,30.93329264384,30.952521910463,30.971754025607,
    30.990988989291,31.010226801565,31.029467462411,31.048710971847,
    31.0679573299,31.087206536561,31.106458591869,31.12571349582,
    31.144971248411,31.164231849634,31.183495299531,31.202761598084,
    31.222030745268,31.241302741105,31.260577585572,31.279855278678,
    31.299135820426,31.318419210769,31.337705449706,31.356994537254,
    31.376286473354,31.395581258011,31.414878891202,31.434179372884,
    31.453482703086,31.472788881732,31.492097908803,31.511409784301,
    31.530724508158,31.550042080344,31.569362500837,31.588685769627,
    31.60801188662,31.627340851822,31.646672665174,31.666007326611,
    31.685344836135,31.704685193661,31.72402839916,31.743374452549,
    31.762723353817,31.78207510291,31.801429699732,31.820787144246,
    31.840147436393,31.859510576145,31.878876563376,31.898245398039,
    31.91761708011,31.936991609485,31.956368986092,31.975749209853,
    31.995132280732,32.014518198618,32.033906963441,32.053298575143,
    32.072693033612,32.092090338774,32.111490490546,32.130893488873,
    32.150299333638,32.169708024732,32.189119562096,32.208533945633,
    32.227951175236,32.247371250811,32.266794172269,32.286219939525,
    32.305648552441,32.325080010916,32.344514314886,32.363951464215,
    32.383391458782,32.402834298494,32.42227998325,32.441728512918,
    32.461179887382,32.480634106543,32.50009117029,32.519551078457,
    32.539013830945,32.558479427653,32.577947868433,32.597419153164,
    32.616893281705,32.636370253957,32.655850069759,32.675332728969,
    32.694818231483,32.71430657715,32.733797765834,32.753291797362,
    32.772788671645,32.792288388526,32.81179094782,32.831296349425,
    32.850804593176,32.870315678926,32.889829606502,32.909346375774,
    32.928865986596,32.948388438779,32.96791373218,32.987441866637,
    33.006972842008,33.026506658093,33.046043314736,33.065582811801,
    33.085125149097,33.104670326444,33.124218343678,33.143769200643,
    33.163322897148,33.182879433001,33.202438808035,33.222001022098,
    33.241566074981,33.261133966503,33.280704696496,33.300278264756,
    33.319854671082,33.339433915301,33.359015997232,33.378600916679,
    33.398188673438,33.417779267308,33.437372698106,33.456968965642,
    33.476568069681,33.496170010038,33.515774786518,33.535382398908,
    33.554992847004,33.574606130589,33.594222249463,33.613841203415,
    33.633462992222,33.653087615675,33.672715073551,33.692345365642,
    33.711978491729,33.731614451581,33.75125324498,33.770894871695,
    33.790539331528,33.810186624211,33.829836749529,33.849489707277,
    33.869145497187,33.888804119048,33.908465572617,33.928129857658,
    33.947796973941,33.967466921219,33.987139699238,34.006815307761,
    34.026493746585,34.046175015402,34.065859113984,34.085546042121,
    34.105235799515,34.124928385934,34.144623801115,34.164322044805,
    34.184023116759,34.203727016707,34.223433744398,34.243143299579,
    34.262855681968,34.282570891291,34.302288927319,34.322009789759,
    34.341733478348,34.361459992817,34.381189332909,34.40092149834,
    34.420656488792,34.440394304056,34.460134943834,34.479878407837,
    34.49962469579,34.5193738074,34.539125742406,34.558880500482,
    34.578638081392,34.59839848483,34.618161710486,34.637927758098,
    34.65769662736,34.677468317973,34.697242829646,34.717020162103,
    34.736800315018,34.756583288093,34.776369081045,34.796157693547,
    34.815949125334,34.83574337606,34.855540445428,34.87534033316,
    34.895143038895,34.914948562376,34.934756903258,34.954568061218,
    34.974382035959,34.994198827167,35.014018434517,35.033840857679,
    35.053666096351,35.073494150198,35.093325018921,35.113158702154,
    35.132995199582,35.152834510903,35.172676635753,35.192521573828,
    35.212369324776,35.232219888274,35.252073263984,35.27192945157,
    35.291788450691,35.311650260999,35.33151488218,35.351382313866,
    35.371252555723,35.391125607416,35.411001468581,35.430880138861,
    35.450761617931,35.470645905444,35.490533001021,35.51042290433,
    35.530315615014,35.550211132707,35.570109457067,35.590010587698,
    35.609914524288,35.629821266451,35.649730813807,35.669643166039,
    35.689558322747,35.709476283559,35.729397048113,35.749320616059,
    35.769246987008,35.789176160581,35.809108136421,35.829042914122,
    35.848980493353,35.868920873713,35.888864054821,35.90881003631,
    35.928758817756,35.948710398814,35.968664779086,35.988621958208,
    36.008581935756,36.028544711371,36.048510284672,36.068478655206,
    36.088449822648,36.108423786575,36.128400546592,36.148380102301,
    36.168362453303,36.188347599223,36.208335539609,36.228326274117,
    36.248319802315,36.268316123797,36.288315238161,36.308317144991,
    36.328321843911,36.348329334453,36.368339616257,36.3883526889,
    36.408368551957,36.428387205025,36.448408647665,36.468432879473,
    36.488459900044,36.508489708956,36.528522305749,36.548557690035,
    36.5685958614,36.588636819391,36.6086805636,36.628727093582,
    36.648776408915,36.668828509177,36.688883393942,36.708941062742,
    36.729001515166,36.749064750807,36.769130769165,36.789199569853,
    36.809271152419,36.829345516396,36.849422661387,36.869502586922,
    36.889585292556,36.909670777851,36.929759042348,36.949850085614,
    36.969943907184,36.990040506629,37.0101398835,37.030242037302,
    37.050346967613,37.070454673977,37.090565155936,37.110678413016,
    37.130794444776,37.150913250753,37.171034830465,37.191159183483,
    37.211286309324,37.23141620751,37.251548877588,37.271684319112,
    37.291822531568,37.311963514508,37.332107267479,37.352253789961,
    37.372403081516,37.392555141682,37.412709969957,37.432867565859,
    37.453027928914,37.473191058647,37.49335695459,37.513525616237,
    37.533697043109,37.553871234731,37.574048190604,37.594227910267,
    37.614410393202,37.634595638916,37.654783646941,37.674974416788,
    37.695167947953,37.715364239932,37.735563292228,37.755765104354,
    37.775969675834,37.796177006141,37.816387094765,37.836599941229,
    37.856815545031,37.877033905637,37.897255022574,37.917478895339,
    37.937705523384,37.957934906241,37.978167043377,37.998401934293,
    38.018639578481,38.038879975406,38.059123124583,38.079369025479,
    38.099617677572,38.119869080352,38.14012323331,38.160380135914,
    38.180639787639,38.200902187969,38.221167336388,38.241435232365,
    38.261705875359,38.281979264857,38.302255400332,38.32253428127,
    38.342815907105,38.363100277331,38.38338739141,38.403677248792,
    38.423969848982,38.444265191397,38.464563275531,38.484864100836,
    38.505167666768,38.525473972794,38.54578301838,38.566094802958,
    38.586409325986,38.606726586973,38.627046585316,38.647369320481,
    38.667694791909,38.688022999067,38.708353941416,38.728687618381,
    38.749024029411,38.769363173966,38.7897050515,38.810049661424,
    38.830397003198,38.850747076264,38.87109988006,38.891455414035,
    38.911813677621,38.932174670252,38.952538391366,38.972904840405,
    38.993274016789,39.01364591996,39.034020549363,39.054397904398,
    39.074777984515,39.095160789153,39.115546317717,39.135934569641,
    39.156325544372,39.176719241298,39.197115659842,39.217514799465,
    39.237916659565,39.258321239572,39.278728538888,39.299138556937,
    39.319551293158,39.339966746926,39.36038491769,39.380805804863,
    39.40122940783,39.421655726015,39.442084758844,39.462516505711,
    39.482950966036,39.50338813922,39.523828024658,39.544270621781,
    39.564715929983,39.58516394864,39.605614677192,39.626068115036,
    39.646524261546,39.666983116146,39.687444678229,39.707908947184,
    39.728375922422,39.748845603331,39.769317989282,39.78979307969,
    39.810270873973,39.830751371474,39.851234571595,39.871720473759,
    39.892209077314,39.912700381651,39.933194386188,39.953691090274,
    39.974190493307,39.994692594685,40.015197393769,40.035704889947,
    40.056215082584,40.076727971073,40.097243554814,40.117761833139,
    40.13828280545,40.158806471134,40.17933282955,40.199861880059,
    40.220393622036,40.240928054862,40.261465177916,40.282004990551,
    40.302547492135,40.323092682053,40.343640559647,40.36419112429,
    40.384744375346,40.40530031219,40.42585893417,40.446420240648,
    40.466984230989,40.48755090455,40.508120260703,40.528692298778,
    40.549267018152,40.569844418172,40.590424498185,40.611007257567,
    40.631592695652,40.65218081179,40.672771605334,40.693365075652,
    40.713961222053,40.734560043929,40.755161540608,40.775765711425,
    40.796372555738,40.816982072872,40.83759426218,40.858209123016,
    40.878826654748,40.899446856651,40.920069728076,40.940695268409,
    40.961323476937,40.981954353012,41.002587895983,41.023224105168,
    41.043862979911,41.064504519555,41.085148723395,41.105795590787,
    41.12644512106,41.147097313523,41.167752167546,41.188409682421,
    41.209069857463,41.229732692029,41.25039818545,41.27106633702,
    41.291737146053,41.312410611902,41.333086733873,41.353765511269,
    41.374446943443,41.395131029704,41.415817769351,41.436507161696,
    41.45719920608,41.477893901798,41.498591248163,41.519291244506,
    41.539993890129,41.560699184316,41.581407126412,41.60211771572,
    41.622830951524,41.643546833149,41.664265359914,41.6849865311,
    41.705710346011,41.726436803973,41.74716590427,41.767897646194,
    41.788632029078,41.809369052209,41.830108714862,41.850851016349,
    41.871595955973,41.892343533049,41.913093746834,41.93384659663,
    41.954602081762,41.975360201488,41.996120955109,42.016884341928,
    42.037650361229,42.058419012289,42.079190294391,42.099964206871,
    42.120740748977,42.14151991997,42.162301719174,42.183086145878,
    42.203873199332,42.224662878839,42.245455183699,42.266250113156,
    42.287047666504,42.307847843015,42.32865064199,42.349456062676,
    42.370264104356,42.391074766345,42.411888047862,42.432703948204,
    42.453522466653,42.474343602468,42.495167354927,42.515993723294,
    42.536822706844,42.55765430484,42.57848851655,42.599325341254,
    42.620164778215,42.641006826673,42.661851485924,42.682698755219,
    42.703548633811,42.724401120981,42.745256215983,42.766113918067,
    42.786974226501,42.807837140549,42.828702659457,42.849570782489,
    42.870441508899,42.891314837962,42.912190768898,42.933069300978,
    42.953950433451,42.974834165587,42.995720496617,43.016609425782,
    43.037500952368,43.058395075588,43.079291794701,43.100191108963,
    43.121093017623,43.141997519926,43.16290461509,43.18381430239,
    43.204726581057,43.225641450339,43.246558909474,43.267478957701,
    43.288401594249,43.309326818369,43.330254629324,43.351185026319,
    43.372118008586,43.39305357539,43.413991725947,43.434932459474,
    43.455875775262,43.476821672506,43.497770150415,43.51872120826,
    43.539674845258,43.56063106064,43.581589853633,43.602551223469,
    43.623515169363,43.64448169055,43.665450786278,43.686422455741,
    43.707396698181,43.728373512804,43.749352898823,43.770334855512,
    43.791319382058,43.812306477668,43.833296141588,43.854288373039,
    43.87528317122,43.89628053534,43.917280464652,43.938282958358,
    43.959288015645,43.980295635757,44.001305817919,44.022318561301,
    44.043333865151,44.064351728685,44.085372151077,44.106395131561,
    44.127420669348,44.148448763652,44.16947941366,44.190512618585,
    44.211548377652,44.23258669005,44.253627554974,44.27467097166,
    44.295716939274,44.316765457034,44.337816524172,44.358870139844,
    44.379926303257,44.400985013639,44.422046270181,44.443110072059,
    44.46417641847,44.485245308641,44.506316741755,44.527390716993,
    44.548467233567,44.569546290658,44.590627887473,44.611712023193,
    44.632798697,44.653887908109,44.674979655712,44.696073938979,
    44.7171707571,44.738270109278,44.759371994672,44.780476412501,
    44.801583361956,44.822692842183,44.843804852379,44.864919391755,
    44.886036459478,44.907156054718,44.928278176664,44.949402824524,
    44.970529997437,44.991659694582,45.012791915192,45.033926658397,
    45.055063923369,45.076203709318,45.097346015407,45.118490840807,
    45.139638184703,45.16078804625,45.181940424627,45.203095319014,
    45.224252728604,45.245412652544,45.26657508998,45.287740040109,
    45.30890750213,45.33007747517,45.351249958383,45.372424950986,
    45.393602452128,45.414782460958,45.435964976634,45.45714999836,
    45.478337525273,45.49952755652,45.520720091324,45.541915128789,
    45.563112668068,45.584312708376,45.605515248842,45.626720288621,
    45.647927826883,45.66913786278,45.690350395483,45.711565424113,
    45.732782947852,45.754002965864,45.775225477278,45.79645048128,
    45.817677976979,45.838907963571,45.860140440191,45.881375405972,
    45.902612860092,45.923852801692,45.945095229913,45.966340143911,
    45.98758754284,46.008837425845,46.030089792072,46.051344640647,
    46.072601970734,46.093861781477,46.115124072025,46.136388841521,
    46.157656089082,46.178925813864,46.200198015045,46.221472691738,
    46.242749843046,46.264029468159,46.285311566209,46.306596136313,
    46.327883177638,46.349172689306,46.370464670429,46.391759120165,
    46.413056037672,46.434355422064,46.455657272467,46.476961588023,
    46.498268367849,46.519577611102,46.540889316898,46.562203484376,
    46.583520112668,46.604839200889,46.626160748178,46.64748475367,
    46.668811216483,46.690140135747,46.711471510589,46.732805340114,
    46.754141623489,46.775480359823,46.796821548205,46.818165187803,
    46.839511277734,46.860859817108,46.882210805039,46.903564240656,
    46.924920123103,46.946278451465,46.967639224868,46.989002442442,
    47.01036810331,47.031736206568,47.053106751348,47.074479736769,
    47.095855161941,47.117233025968,47.138613327982,47.159996067095,
    47.181381242401,47.202768853033,47.224158898111,47.245551376732,
    47.266946287999,47.288343631031,47.309743404923,47.331145608806,
    47.352550241797,47.373957303003,47.395366791495,47.416778706377,
    47.438193046814,47.459609811886,47.48102900065,47.502450612276,
    47.523874645852,47.545301100436,47.566729975207,47.588161269222,
    47.60959498155,47.631031111375,47.652469657729,47.673910619716,
    47.695353996495,47.716799787106,47.738247990658,47.759698606264,
    47.781151633024,47.802607069994,47.824064916323,47.845525171084,
    47.866987833345,47.888452902256,47.909920376882,47.931390256302,
    47.952862539613,47.974337225933,47.99581431433,48.017293803889,
    48.038775693722,48.060259982931,48.08174667057,48.10323575572,
    48.124727237513,48.146221115015,48.167717387301,48.189216053482,
    48.210717112627,48.23222056381,48.253726406159,48.275234638718,
    48.296745260572,48.318258270839,48.339773668557,48.36129145284,
    48.382811622757,48.404334177394,48.425859115838,48.447386437153,
    48.468916140434,48.490448224739,48.511982689167,48.533519532786,
    48.55505875467,48.576600353924,48.59814432958,48.619690680727,
    48.641239406477,48.662790505884,48.684343977984,48.705899821889,
    48.72745803668,48.749018621414,48.770581575142,48.792146896964,
    48.813714585956,48.835284641177,48.856857061702,48.878431846588,
    48.900008994908,48.92158850573,48.943170378143,48.964754611204,
    48.986341203952,49.007930155482,49.02952146487,49.051115131143,
    49.072711153383,49.094309530691,49.115910262075,49.137513346615,
    49.159118783403,49.180726571474,49.202336709894,49.223949197718,
    49.245564034017,49.26718121786,49.288800748299,49.310422624377,
    49.332046845182,49.353673409748,49.375302317134,49.396933566414,
    49.418567156637,49.440203086858,49.461841356129,49.48348196352,
    49.505124908068,49.526770188833,49.548417804871,49.570067755244,
    49.591720038996,49.613374655165,49.635031602838,49.656690881034,
    49.678352488828,49.700016425261,49.721682689367,49.7433512802,
    49.765022196845,49.78669543833,49.808371003672,49.83004889196,
    49.851729102225,49.873411633495,49.895096484845,49.916783655339,
    49.938473143969,49.960164949794,49.981859071894,50.003555509282,
    50.025254261003,50.046955326101,50.068658703626,50.090364392629,
    50.112072392132,50.133782701182,50.155495318822,50.177210244067,
    50.198927475999,50.220647013652,50.242368856028,50.264093002217,
    50.285819451204,50.30754820204,50.329279253797,50.351012605476,
    50.37274825613,50.394486204783,50.416226450471,50.437968992238,
    50.459713829127,50.481460960135,50.503210384311,50.524962100727,
    50.546716108367,50.568472406263,50.590230993485,50.611991869046,
    50.633755031959,50.655520481253,50.677288215982,50.699058235168,
    50.720830537848,50.742605123025,50.764381989741,50.786161137026,
    50.807942563893,50.829726269389,50.851512252534,50.873300512341,
    50.895091047855,50.916883858092,50.938678942055,50.960476298809,
    50.982275927356,51.00407782669,51.025881995881,51.047688433947,
    51.069497139882,51.091308112712,51.113121351476,51.134936855187,
    51.156754622862,51.178574653518,51.200396946179,51.222221499871,
    51.244048313582,51.26587738636,51.287708717232,51.309542305186,
    51.331378149237,51.353216248426,51.375056601762,51.396899208244,
    51.418744066918,51.440591176759,51.462440536799,51.484292146054,
    51.506146003544,51.528002108282,51.549860459248,51.571721055492,
    51.593583896031,51.615448979829,51.63731630593,51.659185873358,
    51.681057681087,51.702931728144,51.724808013546,51.746686536293,
    51.768567295397,51.790450289854,51.812335518696,51.834222980906,
    51.856112675494,51.878004601478,51.899898757867,51.921795143634,
    51.943693757811,51.965594599429,51.987497667438,52.009402960862,
    52.031310478718,52.053220219997,52.07513218371,52.097046368842,
    52.118962774412,52.140881399419,52.162802242867,52.184725303743,
    52.206650581058,52.22857807381,52.250507780992,52.272439701613,
    52.294373834668,52.316310179155,52.338248734071,52.360189498432,
    52.382132471193,52.404077651382,52.426025037996,52.447974630023,
    52.469926426452,52.491880426297,52.513836628549,52.535795032174,
    52.557755636201,52.579718439604,52.601683441391,52.62365064055,
    52.645620036071,52.667591626934,52.689565412147,52.711541390713,
    52.733519561588,52.755499923791,52.7774824763,52.799467218113,
    52.821454148227,52.8434432656,52.865434569245,52.887428058159,
    52.909423731306,52.931421587682,52.953421626298,52.975423846094,
    52.9974282461,53.019434825288,53.041443582635,53.063454517144,
    53.085467627776,53.107482913533,53.129500373397,53.151520006357,
    53.173541811392,53.195565787491,53.217591933607,53.239620248746,
    53.261650731925,53.283683382078,53.305718198179,53.327755179251,
    53.349794324267,53.371835632157,53.393879101961,53.415924732652,
    53.437972523181,53.460022472552,53.482074579718,53.504128843687,
    53.526185263404,53.548243837876,53.570304566093,53.592367446976,
    53.614432479535,53.636499662768,53.658568995631,53.680640477071,
    53.702714106112,53.72478988171,53.74686780282,53.768947868454,
    53.791030077557,53.813114429109,53.835200922093,53.857289555473,
    53.879380328229,53.901473239307,53.923568287712,53.945665472401,
    53.967764792358,53.98986624654,54.011969833918,54.034075553469,
    54.056183404153,54.078293384952,54.10040549483,54.122519732757,
    54.144636097697,54.166754588619,54.188875204508,54.210997944303,
    54.233122806972,54.255249791537,54.277378896893,54.299510122045,
    54.321643465963,54.343778927583,54.36591650589,54.388056199847,
    54.410198008441,54.432341930593,54.454487965273,54.476636111505,
    54.498786368186,54.52093873427,54.543093208787,54.565249790675,
    54.587408478847,54.609569272312,54.631732170038,54.653897170968,
    54.676064274064,54.69823347829,54.72040478259,54.742578185947,
    54.764753687317,54.786931285645,54.809110979915,54.831292769047,
    54.853476652035,54.875662627835,54.897850695371,54.920040853638,
    54.9422331016,54.964427438173,54.986623862325,55.008822373037,
    55.031022969233,55.053225649904,55.075430413976,55.097637260422,
    55.119846188193,55.142057196215,55.164270283483,55.186485448956,
    55.208702691549,55.230922010214,55.253143403951,55.275366871677,
    55.297592412344,55.319820024928,55.342049708358,55.364281461588,
    55.386515283568,55.408751173273,55.430989129634,55.453229151592,
    55.475471238111,55.497715388146,55.519961600629,55.542209874514,
    55.564460208778,55.58671260233,55.608967054128,55.631223563144,
    55.653482128309,55.675742748556,55.698005422852,55.720270150145,
    55.742536929349,55.76480575946,55.787076639416,55.80934956812,
    55.831624544541,55.853901567641,55.876180636345,55.898461749611,
    55.920744906389,55.943030105595,55.965317346199,55.987606627122,
    56.009897947307,56.032191305745,56.054486701336,56.076784133006,
    56.099083599746,56.121385100473,56.1436886341,56.165994199622,
    56.188301795954,56.210611422031,56.232923076809,56.255236759216,
    56.277552468201,56.299870202688,56.32218996162,56.344511743964,
    56.366835548635,56.389161374581,56.411489220725,56.433819086018,
    56.456150969393,56.478484869787,56.500820786156,56.523158717402,
    56.545498662475,56.567840620332,56.590184589898,56.612530570105,
    56.634878559885,56.657228558163,56.679580563914,56.701934576043,
    56.724290593467,56.746648615178,56.769008640067,56.791370667067,
    56.813734695143,56.836100723183,56.858468750135,56.880838774978,
    56.903210796598,56.925584813919,56.947960825909,56.970338831491,
    56.992718829572,57.015100819095,57.037484799014,57.059870768233,
    57.082258725706,57.10464867034,57.127040601068,57.149434516838,
    57.171830416557,57.19422829918,57.216628163633,57.239030008819,
    57.26143383368,57.283839637152,57.306247418156,57.328657175634,
    57.351068908488,57.373482615668,57.395898296099,57.418315948688,
    57.440735572392,57.46315716611,57.485580728792,57.508006259343,
    57.530433756698,57.552863219798,57.575294647529,57.597728038861,
    57.620163392692,57.642600707946,57.665039983571,57.687481218473,
    57.709924411573,57.732369561813,57.754816668082,57.777265729332,
    57.799716744499,57.822169712471,57.84462463219,57.86708150256,
    57.889540322525,57.912001091016,57.934463806922,57.956928469176,
    57.97939507672,58.00186362846,58.024334123314,58.046806560195,
    58.069280938038,58.091757255761,58.114235512284,58.136715706525,
    58.159197837403,58.181681903832,58.204167904737,58.226655839035,
    58.249145705657,58.271637503498,58.294131231488,58.316626888557,
    58.339124473597,58.361623985554,58.384125423329,58.406628785834,
    58.429134071994,58.451641280721,58.474150410961,58.496661461579,
    58.519174431525,58.541689319716,58.564206125038,58.586724846439,
    58.609245482821,58.631768033106,58.654292496202,58.676818871006,
    58.699347156473,58.721877351493,58.744409454961,58.766943465844,
    58.789479383005,58.812017205382,58.834556931878,58.857098561403,
    58.879642092877,58.90218752523,58.924734857357,58.94728408815,
    58.969835216547,58.992388241467,59.014943161788,59.037499976447,
    59.060058684375,59.082619284422,59.105181775546,59.127746156655,
    59.150312426639,59.172880584434,59.195450628911,59.218022559023,
    59.240596373678,59.263172071734,59.285749652128,59.308329113804,
    59.330910455635,59.35349367653,59.376078775408,59.398665751172,
    59.421254602738,59.443845328999,59.466437928873,59.489032401254,
    59.511628745075,59.534226959224,59.556827042623,59.579428994162,
    59.602032812716,59.624638497274,59.647246046694,59.669855459866,
    59.692466735736,59.715079873157,59.737694871087,59.760311728418,
    59.782930444037,59.805551016857,59.828173445774,59.850797729721,
    59.873423867585,59.896051858265,59.91868170066,59.941313393676,
    59.96394693624,59.986582327245,60.009219565566,60.031858650138,
    60.054499579864,60.077142353629,60.099786970344,60.122433428894,
    60.145081728228,60.167731867207,60.190383844724,60.213037659721,
    60.235693311076,60.258350797687,60.281010118465,60.303671272307,
    60.326334258106,60.348999074787,60.371665721219,60.394334196313,
    60.417004498983,60.439676628124,60.462350582616,60.485026361385,
    60.507703963327,60.530383387304,60.553064632269,60.575747697083,
    60.598432580655,60.621119281903,60.643807799705,60.666498132962,
    60.689190280554,60.711884241414,60.734580014427,60.757277598482,
    60.779976992483,60.802678195325,60.825381205902,60.848086023121,
    60.870792645873,60.89350107305,60.916211303567,60.938923336295,
    60.961637170133,60.984352803992,61.00707023677,61.029789467345,
    61.052510494619,61.075233317498,61.097957934865,61.120684345614,
    61.143412548662,61.16614254288,61.188874327155,61.211607900407,
    61.234343261528,61.257080409386,61.279819342894,61.302560060964,
    61.325302562465,61.348046846277,61.370792911309,61.393540756469,
    61.416290380655,61.43904178273,61.461794961588,61.484549916139,
    61.507306645271,61.530065147885,61.552825422856,61.575587469075,
    61.598351285454,61.621116870875,61.643884224223,61.666653344383,
    61.689424230271,61.712196880769,61.734971294764,61.757747471136,
    61.780525408777,61.803305106612,61.826086563495,61.84886977833,
    61.871654750007,61.8944414774,61.917229959438,61.940020194977,
    61.962812182889,61.985605922116,62.008401411537,62.031198649998,
    62.053997636429,62.076798369701,62.099600848695,62.122405072327,
    62.145211039481,62.168018749016,62.19082819985,62.213639390854,
    62.236452320928,62.25926698895,62.282083393803,62.30490153441,
    62.327721409628,62.350543018326,62.373366359428,62.396191431812,
    62.419018234362,62.441846765942,62.464677025474,62.487509011842,
    62.510342723906,62.533178160565,62.556015320711,62.578854203221,
    62.601694807002,62.624537130919,62.647381173848,62.670226934713,
    62.693074412357,62.715923605677,62.738774513588,62.761627134951,
    62.784481468635,62.807337513553,62.830195268588,62.853054732589,
    62.87591590448,62.898778783149,62.921643367443,62.944509656272,
    62.967377648521,62.990247343063,63.01311873878,63.035991834562,
    63.05886662932,63.081743121883,63.104621311149,63.127501196042,
    63.150382775414,63.173266048133,63.19615101311,63.219037669209,
    63.241926015333,63.264816050338,63.287707773132,63.310601182588,
    63.333496277558,63.356393056972,63.379291519695,63.402191664598,
    63.425093490581,63.447996996496,63.470902181258,63.493809043734,
    63.516717582807,63.539627797343,63.56253968623,63.585453248381,
    63.60836848264,63.63128538789,63.654203963021,63.67712420691,
    63.700046118459,63.722969696524,63.745894939969,63.768821847704,
    63.791750418602,63.814680651559,63.837612545431,63.860546099085,
    63.883481311407,63.906418181322,63.92935670768,63.952296889322,
    63.975238725181,63.998182214128,64.021127355012,64.044074146741,
    64.067022588175,64.0899726782,64.112924415703,64.135877799554,
    64.15883282862,64.181789501813,64.204747817969,64.227707775979,
    64.250669374753,64.273632613133,64.296597490018,64.319564004264,
    64.342532154757,64.36550194039,64.388473360025,64.41144641254,
    64.434421096798,64.457397411721,64.480375356158,64.503354928961,
    64.526336129049,64.549318955272,64.572303406516,64.595289481665,
    64.618277179593,64.641266499161,64.664257439256,64.687249998758,
    64.710244176537,64.73323997147,64.756237382442,64.779236408317,
    64.80223704797,64.825239300274,64.848243164126,64.871248638387,
    64.894255721934,64.917264413634,64.940274712358,64.963286617011,
    64.98630012644,65.009315239532,65.032331955172,65.055350272214,
    65.078370189535,65.101391706014,65.124414820542,65.147439531948,
    65.170465839166,65.193493741067,65.216523236448,65.239554324249,
    65.262587003339,65.285621272587,65.308657130848,65.331694577016,
    65.354733609965,65.377774228554,65.400816431684,65.423860218221,
    65.446905586984,65.469952536921,65.493001066873,65.516051175698,
    65.539102862328,65.562156125542,65.585210964282,65.608267377416,
    65.631325363806,65.654384922318,65.677446051825,65.700508751218,
    65.723573019353,65.74663885511,65.769706257345,65.792775224953,
    65.815845756791,65.838917851735,65.861991508669,65.885066726451,
    65.908143503964,65.931221840065,65.954301733632,65.977383183527,
    66.000466188646,66.023550747876,66.046636860024,66.069724524004,
    66.092813738691,66.115904502947,66.138996815648,66.162090675646,
    66.18518608183,66.208283033086,66.231381528251,66.254481566203,
    66.277583145852,66.30068626602,66.323790925596,66.346897123461,
    66.370004858461,66.393114129493,66.416224935418,66.439337275101,
    66.462451147433,66.485566551254,66.508683485438,66.531801948884,
    66.554921940443,66.578043458965,66.601166503371,66.624291072482,
    66.647417165194,66.670544780377,66.693673916881,66.716804573595,
    66.739936749379,66.7630704431,66.786205653656,66.809342379888,
    66.832480620659,66.85562037485,66.878761641337,66.901904419015,
    66.925048706678,66.948194503272,66.971341807631,66.994490618597,
    67.017640935101,67.040792755972,67.063946080084,67.087100906324,
    67.110257994056,67.133421145143,67.156594164777,67.179777819311,
    67.20297211476,67.226177057198,67.249392652672,67.272618907161,
    67.295855826702,67.319103417277,67.342361684866,67.365630635437,
    67.388910274966,67.412200609383,67.435501644642,67.458813386637,
    67.482135841301,67.505469014546,67.528812912219,67.552167540227,
    67.575532904432,67.598909010674,67.622295864802,67.645693472672,
    67.669101840057,67.692520972774,67.715950876637,67.739391557408,
    67.762843020881,67.78630527279,67.809778318897,67.833262164948,
    67.856756816642,67.880262279702,67.903778559857,67.927305662769,
    67.950843594086,67.974392359537,67.997951964748,68.021522415334,
    68.045103716995,68.068695875297,68.092298895859,68.115912784299,
    68.139537546192,68.163173187095,68.186819712581,68.210477128233,
    68.234145439551,68.257824652076,68.281514771331,68.305215802794,
    68.328927752009,68.352650624451,68.37638442554,68.400129160796,
    68.423884835621,68.447651455494,68.471429025835,68.495217552007,
    68.519017039484,68.542827493627,68.566648919821,68.590481323442,
    68.614324709806,68.638179084306,68.662044452293,68.68592081905,
    68.709808189905,68.733706570179,68.757615965125,68.781536380052,
    68.805467820231,68.829410290916,68.853363797337,68.877328344753,
    68.901303938364,68.925290583389,68.949288285051,68.973297048506,
    68.997316878974,69.021347781629,69.045389761579,69.069442823982,
    69.093506973993,69.117582216735,69.141668557323,69.165766000856,
    69.189874552427,69.213994217083,69.238124999958,69.262266906072,
    69.286419940453,69.310584108165,69.334759414248,69.358945863685,
    69.383143461497,69.407352212655,69.431572122167,69.455803195035,
    69.480045436136,69.504298850465,69.528563442976,69.552839218544,
    69.577126182122,69.601424338649,69.62573369299,69.650054249995,
    69.67438601455,69.698728991567,69.723083185837,69.74744860225,
    69.77182524562,69.796213120732,69.820612232432,69.845022585505,
    69.869444184757,69.893877034946,69.918321140823,69.942776507183,
    69.967243138745,69.991721040219,70.016210216384,70.040710671913,
    70.065222411533,70.089745439914,70.114279761721,70.138825381665,
    70.163382304379,70.187950534507,70.212530076735,70.237120935623,
    70.261723115831,70.286336621963,70.310961458577,70.335597630307,
    70.360245141692,70.384903997317,70.409574201743,70.434255759497,
    70.458948675103,70.483652953102,70.508368597988,70.53309561429,
    70.557834006489,70.582583779058,70.607344936436,70.632117483132,
    70.656901423604,70.681696762226,70.706503503483,70.73132165179,
    70.756151211507,70.780992187076,70.80584458289,70.830708403304,
    70.855583652678,70.88047033539,70.905368455751,70.93027801813,
    70.955199026871,70.980131486205,71.005075400543,71.03003077412,
    71.054997611189,71.079975916115,71.104965693098,71.129966946379,
    71.154979680238,71.180003898899,71.205039606584,71.230086807503,
    71.255145505843,71.280215705813,71.305297411602,71.330390627385,
    71.355495357313,71.380611605506,71.405739376179,71.430878673421,
    71.456029501321,71.481191864044,71.506365765689,71.531551210306,
    71.556748202002,71.581956744855,71.607176842923,71.632408500234,
    71.657651720872,71.682906508843,71.708172868143,71.733450802826,
    71.758740316869,71.784041414271,71.809354099026,71.83467837508,
    71.860014246416,71.885361716977,71.91072079069,71.936091471487,
    71.961473763346,71.986867670125,72.01227319573,72.037690344063,
    72.063119118996,72.088559524398,72.114011564174,72.139475242116,
    72.164950562118,72.19043752799,72.215936143539,72.241446412628,
    72.266968338994,72.292501926476,72.318047178878,72.343604099925,
    72.369172693404,72.394752963043,72.420344912614,72.445948545892,
    72.471563866552,72.49719087831,72.52282958486,72.548479989943,
    72.574142097236,72.599815910379,72.625501433061,72.651198668985,
    72.67690762172,72.702628294954,72.728360692297,72.75410481738,
    72.77986067386,72.805628265223,72.831407595163,72.857198667209,
    72.883001484914,72.908816051921,72.934642371742,72.960480447876,
    72.986330283911,73.012191883348,73.038065249686,73.063950386485,
    73.089847297217,73.115755985329,73.141676454328,73.167608707697,
    73.19355274885,73.219508581273,73.24547620843,73.271455633656,
    73.297446860451,73.3234498922,73.349464732321,73.3754913842,
    73.401529851169,73.427580136683,73.453642244048,73.479716176644,
    73.505801937817,73.53189953087,73.558008959167,73.584130226027,
    73.610263334716,73.636408288569,73.662565090878,73.688733744873,
    73.714914253884,73.741106621151,73.767310849937,73.793526943437,
    73.819754904928,73.845994737661,73.872246444768,73.898510029528,
    73.924785495116,73.951072844702,73.977372081504,74.003683208624,
    74.030006229278,74.056341146598,74.082687963739,74.109046683835,
    74.135417309976,74.161799845294,74.188194292908,74.214600655895,
    74.241018937368,74.267449140393,74.293891267991,74.320345323296,
    74.34681130931,74.3732892291,74.399779085674,74.426280882085,
    74.452794621344,74.479320306439,74.505857940353,74.532407526086,
    74.558969066633,74.585542564945,74.612128024028,74.638725446771,
    74.665334836115,74.691956195043,74.718589526465,74.74523483326,
    74.771892118378,74.798561384695,74.825242635079,74.851935872484,
    74.878641099706,74.905358319621,74.932087535141,74.958828749,
    74.985581964114,75.012347183327,75.039124409393,75.065913645165,
    75.092714893421,75.119528156947,75.146353438547,75.173190740987,
    75.200040067028,75.226901419426,75.253774800918,75.280660214271,
    75.307557662182,75.334467147374,75.361388672613,75.388322240554,
    75.415267853871,75.442225515292,75.469195227487,75.496176993093,
    75.523170814812,75.550176695314,75.577194637158,75.604224643034,
    75.631266715551,75.658320857324,75.685387071004,75.712465359127,
    75.739555724293,75.766658169165,75.793772696209,75.820899308019,
    75.848038007188,75.875188796225,75.902351677711,75.929526654127,
    75.956713728015,75.983912901885,76.011124178275,76.03834755963,
    76.065583048444,76.092830647241,76.12009035845,76.147362184553,
    76.174646127986,76.201942191171,76.229250376592,76.256570686722,
    76.283903123846,76.311247690443,76.338604388958,76.36597322173,
    76.393354191169,76.420747299629,76.448152549468,76.475569943107,
    76.502999482872,76.530441171081,76.557895010057,76.585361002197,
    76.612839149735,76.640329455023,76.667831920398,76.695346548071,
    76.722873340386,76.750412299605,76.77796342797,76.805526727814,
    76.833102201321,76.86068985071,76.888289678285,76.915901686249,
    76.943525876817,76.971162252184,76.998810814557,77.026471566151,
    77.054144509115,77.081829645665,77.109526977956,77.13723650813,
    77.164958238358,77.192692170762,77.22043830749,77.248196650683,
    77.275967202438,77.303749964901,77.331544940116,77.359352130212,
    77.387171537277,77.415003163402,77.442847010629,77.470703081018,
    77.498571376642,77.526451899543,77.554344651743,77.582249635294,
    77.610166852192,77.638096304486,77.66603799415,77.693991923155,
    77.721958093557,77.749936507283,77.777927166324,77.805930072643,
    77.833945228205,77.86197263497,77.890012294826,77.918064209728,
    77.946128381639,77.97420481241,78.002293504008,78.03039445833,
    78.058507677219,78.086633162574,78.114770916294,78.142920940257,
    78.171083236289,78.199257806221,78.227444651965,78.255643775316,
    78.283855178125,78.312078862188,78.340314829294,78.368563081307,
    78.396823620004,78.425096447132,78.453381564523,78.48167897391,
    78.509988677069,78.538310675815,78.566644971812,78.594991566852,
    78.623350462637,78.651721660897,78.680105163375,78.708500971763,
    78.736909087777,78.765329513088,78.793762249377,78.822207298337,
    78.850664661688,78.879134340998,78.90761633796,78.936110654274,
    78.964617291496,78.993136251283,79.021667535318,79.05021114514,
    79.078767082401,79.107335348683,79.13591594554,79.164508874646,
    79.193114137557,79.221731735758,79.250361670885,79.279003944504,
    79.307658558131,79.336325513279,79.3650048115,79.393696454365,
    79.422400443324,79.451116779921,79.479845465657,79.508586501982,
    79.537339890415,79.566105632437,79.594883729521,79.623674183119,
    79.652476994656,79.681292165633,79.710119697464,79.738959591579,
    79.767811849419,79.796676472343,79.825553461811,79.854442819225,
    79.88334454595,79.912258643421,79.941185112952,79.970123955948,
    79.999075173805,80.028038767814,80.057014739364,80.086003089779,
    80.115003820404,80.144016932539,80.173042427533,80.202080306721,
    80.231130571345,80.260193222686,80.289268262119,80.318355690889,
    80.347455510234,80.376567721447,80.405692325781,80.434829324472,
    80.463978718783,80.493140509987,80.52231469926,80.551501287802,
    80.580700276894,80.609911667694,80.639135461393,80.668371659252,
    80.697620262388,80.726881271994,80.756154689249,80.785440515283,
    80.814738751307,80.844049398441,80.873372457791,80.902707930513,
    80.932055817777,80.961416120665,80.990788840243,81.020173977668,
    81.049571534046,81.078981510422,81.108403907898,81.137838727553,
    81.167285970442,81.196745637664,81.226217730211,81.255702249117,
    81.285199195507,81.314708570347,81.344230374686,81.373764609479,
    81.403311275795,81.432870374657,81.462441907029,81.492025873885,
    81.521622276179,81.551231114946,81.580852391111,81.610486105638,
    81.640132259492,81.669790853573,81.699461888891,81.729145366352,
    81.758841286802,81.788549651238,81.81827046058,81.848003715643,
    81.877749417371,81.907507566672,81.937278164378,81.967061211425,
    81.996856708594,82.026664656795,82.056485056889,82.08631790969,
    82.116163216036,82.146020976743,82.17589119267,82.205773864603,
    82.235668993421,82.265576579824,82.295496624625,82.325429128657,
    82.355374092682,82.385331517458,82.415301403764,82.445283752323,
    82.475278563975,82.505285839384,82.53530557928,82.565337784452,
    82.595382455574,82.625439593396,82.655509198622,82.685591271938,
    82.715685814029,82.74579282563,82.775912307421,82.806044259991,
    82.83618868408,82.866345580349,82.896514949447,82.926696792012,
    82.95689110864,82.987097900067,83.017317166829,83.047548909561,
    83.07779312891,83.108049825474,83.13831899982,83.168600652533,
    83.198894784268,83.229201395536,83.25952048692,83.289852058992,
    83.320196112307,83.350552647427,83.380921664885,83.411303165194,
    83.44169714892,83.472103616583,83.50252256868,83.532954005718,
    83.563397928233,83.593854336652,83.624323231545,83.654804613362,
    83.685298482536,83.715804839605,83.746323684998,83.776855019133,
    83.807398842512,83.837955155582,83.86852395871,83.899105252382,
    83.929699037021,83.960305312973,83.99092408073,84.02155534068,
    84.052199093146,84.082855338583,84.113524077377,84.144205309819,
    84.174899036369,84.205605257376,84.236323973087,84.267055183973,
    84.297798890376,84.328555092545,84.359323790831,84.390104985558,
    84.420898677091,84.451704865678,84.482523551614,84.513354735278,
    84.544198416844,84.575054596642,84.605923274946,84.636804452012,
    84.667698128144,84.698604303541,84.729522978495,84.760454153169,
    84.791397827867,84.822354002854,84.853322678268,84.884303854314,
    84.915297531253,84.946303709251,84.977322388538,85.008353569325,
    85.039397251706,85.07045343592,85.101522122096,85.132603310415,
    85.163697001046,85.19480319411,85.225921889772,85.257053088176,
    85.288196789434,85.319352993622,85.35052170091,85.381702911438,
    85.412896625248,85.444102842454,85.475321563146,85.506552787422,
    85.537796515343,85.569052746983,85.600321482401,85.631602721698,
    85.662896464852,85.694202711939,85.725521462999,85.756852718069,
    85.788196477225,85.819552740377,85.850921507568,85.882302778898,
    85.913696554272,85.945102833673,85.976521617172,86.007952904682,
    86.039396696205,86.070852991678,86.102321791098,86.133803094415,
    86.165296901559,86.19680321249,86.228322027133,86.259853345417,
    86.291397167238,86.322953492587,86.354522321336,86.386103653353,
    86.417697488607,86.449303826927,86.48092266817,86.51255401234,
    86.544197859221,86.575854208673,86.607523060569,86.639204414795,
    86.670898271166,86.702604629527,86.734323489723,86.76605485158,
    86.797798714905,86.829555079534,86.861323945262,86.893105311895,
    86.924899179299,86.956705547092,86.988524415196,87.020355783421,
    87.052199651434,87.084056019061,87.115924886053,87.147806252155,
    87.179700117117,87.211606480686,87.243525342587,87.27545670254,
    87.307400560327,87.339356915606,87.37132576807,87.403307117482,
    87.435300963519,87.467307305855,87.499326144219,87.531357478246,
    87.563401307626,87.595457631999,87.627526451053,87.659607764501,
    87.691701571889,87.723807872927,87.755926667207,87.7880579544,
    87.820201734144,87.85235800597,87.884526769578,87.916708024554,
    87.948901770467,87.981108006975,88.013326733607,88.045557949927,
    88.077801655568,88.110057850126,88.142326533078,88.174607704014,
    88.206901362532,88.239207508122,88.271526140337,88.303857258749,
    88.336200862822,88.36855695209,88.40092552614,88.433306584421,
    88.465700126462,88.498106151707,88.530524659708,88.562955649959,
    88.595399121878,88.627855074956,88.660323508734,88.692804422594,
    88.725297816007,88.757803688441,88.790322039342,88.822852868135,
    88.855396174242,88.887951957138,88.920520216159,88.953100950793,
    88.985694160468,89.018299844502,89.050918002349,89.083548633391,
    89.116191737014,89.148847312586,89.18151535949,89.214195877078,
    89.246888864733,89.279594321826,89.312312247659,89.345042641615,
    89.377785503015,89.4105408312,89.44330862548,89.476088885179,
    89.508881609651,89.541686798158,89.574504450028,89.607334564546,
    89.640177140997,89.673032178708,89.705899676941,89.738779634952,
    89.771672051956,89.804576927305,89.837494260279,89.870424050033,
    89.903366295871,89.936320997031,89.96928815273,90.002267762239,
    90.035259824667,90.068264339334,90.101281305446,90.134310722177,
    90.16735258872,90.200406904329,90.233473668165,90.266552879323,
    90.299644537067,90.332748640601,90.365865188996,90.398994181462,
    90.432135617175,90.465289495256,90.498455814823,90.53163457505,
    90.56482577507,90.598029413993,90.6312454909,90.664474004993,
    90.697714955333,90.730968341013,90.764234161177,90.797512414814,
    90.830803101113,90.864106219134,90.897421767954,90.930749746609,
    90.964090154152,90.997442989694,91.030808252257,91.06418594093,
    91.097576054716,91.130978592597,91.164393553695,91.197820937008,
    91.231260741527,91.264712966285,91.298177610325,91.331654672617,
    91.365144152142,91.398646047875,91.432160358862,91.465687084061,
    91.499226222435,91.532777772971,91.566341734587,91.599918106314,
    91.633506887052,91.667108075756,91.700721671409,91.734347672867,
    91.76798607912,91.801636889113,91.835300101716,91.868975715833,
    91.90266373044,91.936364144401,91.970076956588,92.003802165938,
    92.037539771355,92.071289771654,92.105052165741,92.138826952498,
    92.17261413079,92.206413699489,92.240225657411,92.274050003417,
    92.307886736382,92.34173585511,92.375597358461,92.409471245253,
    92.443357514325,92.477256164462,92.511167194446,92.545090603173,
    92.579026389398,92.612974551888,92.646935089468,92.680908000954,
    92.714893285053,92.748890940597,92.782900966333,92.816923361,
    92.850958123434,92.885005252308,92.919064746372,92.953136604434,
    92.987220825144,93.021317407343,93.055426349692,93.089547650896,
    93.123681309688,93.157827324813,93.191985694923,93.226156418744,
    93.260339495014,93.294534922339,93.328742699448,93.362962825046,
    93.397195297721,93.431440116231,93.465697279254,93.499966785337,
    93.534248633263,93.568542821563,93.602849348948,93.637168214069,
    93.671499415528,93.705842951956,93.74019882197,93.774567024172,
    93.808947557199,93.843340419735,93.877745610217,93.912163127327,
    93.946592969699,93.981035135867,94.015489624396,94.049956433902,
    94.084435562936,94.118927010127,94.153430773931,94.18794685295,
    94.22247524574,94.257015950848,94.291568966808,94.326134292153,
    94.360711925417,94.395301865125,94.429904109798,94.46451865799,
    94.499145508145,94.533784658721,94.568436108388,94.603099855514,
    94.637775898606,94.672464236212,94.707164866699,94.741877788623,
    94.776603000481,94.811340500655,94.846090287637,94.880852359884,
    94.915626715903,94.950413354075,94.985212272777,95.020023470558,
    95.054846945829,95.089682696965,95.124530722445,95.159391020643,
    95.194263589948,95.229148428825,95.264045535671,95.29895490882,
    95.33387654669,95.368810447722,95.403756610242,95.438715032622,
    95.473685713239,95.508668650445,95.543663842665,95.578671288179,
    95.613690985382,95.648722932655,95.683767128246,95.71882357055,
    95.753892257906,95.788973188573,95.824066360948,95.859171773338,
    95.894289424054,95.929419311369,95.964561433607,95.999715789093,
    96.034882376071,96.07006119287,96.105252237767,96.140455508999,
    96.175671004883,96.210898723711,96.246138663675,96.281390823063,
    96.316655200205,96.351931793249,96.387220600476,96.422521620098,
    96.457834850435,96.493160289682,96.528497935984,96.563847787706,
    96.599209842932,96.634584099911,96.66997055692,96.705369212106,
    96.740780063698,96.77620310982,96.811638348666,96.847085778525,
    96.882545397522,96.918017203824,96.953501195563,96.98899737094,
    97.024505728134,97.06002626528,97.095558980546,97.131103872067,
    97.166660937986,97.20223017644,97.237811585546,97.273405163456,
    97.309010908306,97.344628818177,97.380258891234,97.415901125513,
    97.451555519221,97.487222070358,97.522900777042,97.558591637488,
    97.594294649582,97.630009811537,97.665737121442,97.701476577291,
    97.737228177208,97.772991919258,97.808767801451,97.844555821882,
    97.880355978668,97.91616826973,97.951992693169,97.987829247068,
    98.023677929298,98.05953873811,98.095411671402,98.131296727187,
    98.167193903549,98.203103198427,98.239024609827,98.27495813586,
    98.31090377442,98.346861523488,98.38283138112,98.418813345253,
    98.454807413892,98.490813585032,98.526831856581,98.562862226571,
    98.59890469294,98.634959253609,98.671025906623,98.707104649834,
    98.743195481242,98.779298398699,98.815413400271,98.851540483894,
    98.887679647363,98.923830888698,98.959994205794,98.996169596573,
    99.032357058888,99.068556590746,99.104768189955,99.140991854492,
    99.177227582256,99.213475371009,99.249735218746,99.286007123322,
    99.322291082612,99.358587094494,99.394895156809,99.431215267492,
    99.467547424357,99.503891625156,99.540247867909,99.576616150416,
    99.612996470406,99.649388825853,99.685793214562,99.722209634305,
    99.758638082941,99.795078558362,99.831531058278,99.867995580525,
    99.90447212296,99.940960683349,99.97746125948,100.0139738492,
    100.05049845024,100.08703506044,100.12358367758,100.16014429937,
    100.19671692368,100.23330154825,100.26989817083,100.30650678924,
    100.34312740112,100.37976000428,100.41640459651,100.45306117556,
    100.48972973919,100.52641028502,100.56310281089,100.59980731452,
    100.63652379363,100.67325224588,100.70999266908,100.74674506094,
    100.78350941905,100.82028574132,100.85707402526,100.89387426862,
    100.93068646924,100.96751062466,101.00434673257,101.04119479069,
    101.07805479666,101.11492674821,101.15181064306,101.18870647873,
    101.22561425295,101.26253396348,101.29946560782,101.33640918369,
    101.3733646888,101.41033212071,101.44731147699,101.48430275546,
    101.52130595369,101.55832106916,101.59534809972,101.63238704285,
    101.66943789618,101.70650065736,101.74357532399,101.78066189369,
    101.81776036407,101.85487073262,101.89199299704,101.9291271549,
    101.96627320377,102.00343114128,102.04060096496,102.07778267239,
    102.11497626113,102.15218172882,102.18939907293,102.22662829103,
    102.26386938076,102.30112233966,102.3383871652,102.37566385496,
    102.41295240645,102.45025281728,102.48756508502,102.52488920705,
    102.56222518102,102.5995730044,102.63693267467,102.67430418951,
    102.71168754625,102.74908274245,102.78648977565,102.82390864333,
    102.86133934302,102.89878187218,102.93623622836,102.97370240895,
    103.01118041145,103.0486702334,103.08617187228,103.12368532546,
    103.16121059055,103.19874766493,103.23629654602,103.27385723138,
    103.31142971845,103.34901400464,103.38661008735,103.42421796416,
    103.4618376324,103.49946908954,103.53711233311,103.57476736034,
    103.61243416876,103.6501127559,103.68780311904,103.7255052556,
    103.76321916311,103.80094483885,103.83868228026,103.87643148484,
    103.91419244987,103.95196517278,103.98974965102,104.02754588186,
    104.06535386274,104.10317359117,104.14100506436,104.17884827976,
    104.21670323482,104.25456992668,104.29244835289,104.33033851078,
    104.3682403977,104.40615401101,104.44407934809,104.48201640622,
    104.51996518277,104.55792567514,104.59589788064,104.6338817966,
    104.67187742028,104.70988474915,104.74790378046,104.78593451147,
    104.82397693966,104.86203106224,104.90009687655,104.93817437984,
    104.97626356954,105.01436444287,105.05247699711,105.09060122965,
    105.12873713772,105.16688471862,105.20504396962,105.24321488807,
    105.28139747117,105.31959171627,105.35779762061,105.39601518147,
    105.43424439612,105.47248526185,105.51073777588,105.54900193554,
    105.587277738,105.62556518052,105.66386426045,105.70217497497,
    105.74049732132,105.77883129677,105.8171768985,105.85553412388,
    105.89390297004,105.93228343419,105.97067551362,106.00907920554,
    106.04749450708,106.0859214156,106.12435992832,106.16281004231,
    106.20127175492,106.23974506329,106.27822996462,106.3167264561,
    106.35523453498,106.3937541984,106.43228544366,106.47082826786,
    106.50938266814,106.54794864177,106.58652618593,106.62511529777,
    106.66371597444,106.70232821314,106.74095201109,106.77958736545,
    106.81823427328,106.8568927318,106.89556273817,106.93424428962,
    106.97293738324,107.01164201612,107.05035818547,107.08908588848,
    107.12782512226,107.1665758839,107.20533817059,107.24411197945,
    107.28289730754,107.32169415212,107.36050251028,107.39932237906,
    107.43815375571,107.47699663727,107.51585102086,107.5547169036,
    107.59359428256,107.63248315491,107.67138351775,107.71029536814,
    107.74921870329,107.78815352021,107.82709981585,107.86605758759,
    107.90502683242,107.94400754732,107.98299972946,108.02200337589,
    108.06101848377,108.10004505012,108.13908307195,108.17813254643,
    108.21719347067,108.25626584158,108.2953496563,108.33444491203,
    108.3735516056,108.41266973417,108.45179929488,108.49094028466,
    108.53009270062,108.56925653974,108.60843179915,108.6476184759,
    108.68681656696,108.72602606943,108.76524698037,108.80447929671,
    108.84372301555,108.88297813391,108.92224464879,108.96152255727,
    109.00081185637,109.04011254305,109.07942461436,109.11874806734,
    109.15808289906,109.19742910638,109.23678668638,109.27615563611,
    109.31553595251,109.35492763271,109.3943306735,109.43374507204,
    109.47317082531,109.51260793027,109.55205638389,109.59151618318,
    109.63098732518,109.67046980685,109.70996362509,109.749468777,
    109.78898525947,109.82851306957,109.86805220419,109.90760266031,
    109.94716443501,109.98673752513,110.02632192769,110.06591763968,
    110.10552465799,110.14514297965,110.18477260161,110.22441352075,
    110.26406573415,110.30372923869,110.34340403134,110.38309010906,
    110.42278746879,110.46249610744,110.50221602197,110.54194720935,
    110.58168966654,110.62144339045,110.66120837796,110.70098462604,
    110.74077213169,110.78057089182,110.82038090328,110.86020216307,
    110.90003466812,110.93987841524,110.97973340153,111.01959962382,
    111.05947707896,111.09936576395,111.13926567578,111.17917681119,
    111.21909916719,111.25903274072,111.29897752859,111.33893352778,
    111.37890073524,111.41887914778,111.45886876231,111.49886957574,
    111.53888158502,111.57890478699,111.61893917853,111.65898475665,
    111.69904151816,111.73910945992,111.7791885789,111.81927887185,
    111.85938033576,111.89949296759,111.93961676403,111.97975172208,
    112.01989783869,112.06005511056,112.10022353471,112.140403108,
    112.18059382721,112.22079568926,112.2610086911,112.30123282952,
    112.34146810134,112.3817145035,112.42197203291,112.46224068639,
    112.50252046076,112.54281135289,112.58311335971,112.62342647809,
    112.66375070474,112.70408603662,112.74443247065,112.78479000349,
    112.82515863217,112.86553835349,112.90592916431,112.94633106146,
    112.98674404176,113.02716810211,113.06760323933,113.10804945021,
    113.14850673173,113.18897508066,113.22945449373,113.26994496792,
    113.3104465001,113.35095908701,113.39148272547,113.43201741241,
    113.47256314454,113.51311991878,113.55368773207,113.59426658096,
    113.63485646249,113.67545737349,113.71606931066,113.75669227093,
    113.79732625113,113.83797124801,113.87862725844,113.91929427929,
    113.95997230727,114.0006613393,114.04136137213,114.08207240264,
    114.12279442762,114.16352744385,114.20427144826,114.24502643752,
    114.28579240852,114.32656935808,114.36735728302,114.40815618016,
    114.44896604626,114.48978687817,114.53061867267,114.57146142657,
    114.61231513674,114.65317979997,114.69405541298,114.73494197265,
    114.77583947578,114.81674791919,114.85766729966,114.89859761402,
    114.93953885903,114.98049103148,115.02145412827,115.06242814613,
    115.10341308187,115.14440893223,115.18541569411,115.22643336432,
    115.26746193956,115.30850141666,115.34955179248,115.39061306374,
    115.43168522725,115.47276827989,115.51386221836,115.55496703945,
    115.59608273999,115.63720931684,115.67834676673,115.71949508641,
    115.76065427272,115.80182432244,115.84300523239,115.88419699936,
    115.92539962014,115.96661309149,116.00783741013,116.04907257303,
    116.0903185769,116.13157541852,116.17284309468,116.21412160211,
    116.2554109377,116.29671109825,116.33802208048,116.37934388116,
    116.42067649713,116.46201992518,116.5033741621,116.54473920469,
    116.58611504968,116.62750169384,116.66889913406,116.71030736712,
    116.75172638976,116.79315619872,116.83459679084,116.87604816296,
    116.91751031187,116.95898323421,117.0004669269,117.0419613867,
    117.08346661036,117.12498259477,117.16650933666,117.20804683271,
    117.24959507983,117.29115407484,117.33272381445,117.37430429555,
    117.41589551479,117.45749746897,117.49911015491,117.54073356952,
    117.58236770953,117.6240125716,117.66566815257,117.70733444938,
    117.74901145874,117.79069917733,117.83239760203,117.87410672965,
    117.91582655699,117.95755708082,117.99929829791,118.04105020505,
    118.08281279909,118.12458607676,118.16637003487,118.20816467033,
    118.24996997976,118.29178595999,118.33361260789,118.37544992025,
    118.41729789389,118.4591565255,118.50102581192,118.54290574995,
    118.58479633649,118.62669756825,118.66860944197,118.71053195459,
    118.75246510278,118.79440888346,118.83636329338,118.87832832936,
    118.92030398813,118.9622902666,119.00428716144,119.04629466964,
    119.08831278793,119.13034151304,119.1723808419,119.21443077124,
    119.25649129791,119.2985624187,119.34064413042,119.38273642985,
    119.42483931389,119.46695277935,119.50907682297,119.55121144162,
    119.59335663208,119.63551239113,119.67767871578,119.71985560273,
    119.76204304872,119.80424105066,119.84644960532,119.88866870966,
    119.93089836042,119.97313855433,120.01538928838,120.05765055928,
    120.09992236387,120.14220469916,120.18449756178,120.22680094861,
    120.26911485645,120.31143928229,120.35377422284,120.39611967491,
    120.43847563545,120.48084210128,120.52321906911,120.56560653594,
    120.60800449861,120.65041295384,120.6928318986,120.73526132966,
    120.77770124392,120.82015163817,120.86261250936,120.90508385433,
    120.94756566984,120.99005795288,121.03256070017,121.07507390863,
    121.11759757516,121.16013169664,121.20267626983,121.24523129167,
    121.28779675904,121.33037266877,121.37295901777,121.41555580284,
    121.45816302101,121.50078066897,121.54340874368,121.58604724204,
    121.62869616093,121.67135549725,121.71402524781,121.75670540957,
    121.79939597935,121.84209695406,121.88480833068,121.92753010605,
    121.97026227707,122.01300484053,122.05575779344,122.09852113272,
    122.14129485532,122.18407895795,122.22687343763,122.2696782913,
    122.31249351586,122.35531910826,122.39815506534,122.44100138399,
    122.48385806112,122.52672509385,122.56960247894,122.61249021331,
    122.65538829389,122.69829671768,122.74121548168,122.78414458258,
    122.82708401746,122.87003378335,122.91299387702,122.95596429551,
    122.99894503583,123.04193609476,123.08493746933,123.12794915653,
    123.1709711533,123.21400345659,123.25704606332,123.30009897052,
    123.34316217508,123.38623567404,123.42931946437,123.47241354296,
    123.51551790688,123.55863255301,123.60175747837,123.64489268006,
    123.68803815491,123.73119389996,123.77435991214,123.81753618857,
    123.86072272619,123.90391952198,123.94712657291,123.99034387602,
    124.03357142828,124.07680922681,124.12005726858,124.16331555054,
    124.20658406966,124.24986282311,124.29315180784,124.33645102085,
    124.37976045921,124.42308011999,124.46641000012,124.50975009667,
    124.55310040674,124.59646092734,124.63983165553,124.68321258829,
    124.72660372268,124.77000505595,124.81341658489,124.85683830665,
    124.9002702184,124.94371231714,124.98716459993,125.03062706375,
    125.07409970583,125.11758252318,125.16107551296,125.20457867219,
    125.2480919979,125.29161548728,125.33514913733,125.3786929453,
    125.42224690823,125.46581102313,125.5093852872,125.5529696976,
    125.59656425131,125.64016894548,125.68378377739,125.72740874407,
    125.77104384253,125.81468907006,125.8583444238,125.9020099008,
    125.94568549825,125.98937121327,126.03306704304,126.07677298478,
    126.12048903554,126.16421519253,126.20795145292,126.25169781387,
    126.29545427251,126.33922082613,126.38299747182,126.4267842068,
    126.47058102825,126.51438793341,126.55820491941,126.60203198343,
    126.64586912273,126.68971633455,126.73357361602,126.77744096449,
    126.82131837704,126.8652058509,126.90910338334,126.95301097168,
    126.99692861304,127.04085630474,127.08479404395,127.12874182782,
    127.17269965392,127.21666751929,127.26064542115,127.30463335686,
    127.34863132371,127.39263931892,127.43665733976,127.4806853836,
    127.52472344762,127.56877152912,127.61282962544,127.65689773395,
    127.70097585193,127.74506397656,127.78916210522,127.83327023523,
    127.87738836395,127.92151648868,127.96565460681,128.00980271558,
    128.05396081231,128.09812889452,128.14230695944,128.18649500437,
    128.23069302677,128.27490102396,128.31911899337,128.36334693229,
    128.40758483811,128.45183270829,128.49609054009,128.54035833106,
    128.58463607854,128.62892377982,128.67322143241,128.71752903374,
    128.76184658125,128.80617407225,128.85051150423,128.89485887467,
    128.93921618087,128.98358342042,129.02796059076,129.0723476893,
    129.11674471347,129.16115166071,129.20556852853,129.24999531447,
    129.29443201596,129.33887863042,129.3833351554,129.4278015884,
    129.47227792699,129.51676416854,129.5612603106,129.60576635068,
    129.65028228627,129.69480811506,129.73934383452,129.78388944208,
    129.82844493527,129.87301031177,129.91758556914,129.96217070482,
    130.00676571648,130.05137060158,130.09598535782,130.14060998266,
    130.18524447386,130.22988882889,130.27454304535,130.31920712082,
    130.36388105297,130.40856483954,130.45325847785,130.49796196581,
    130.54267530083,130.58739848077,130.63213150314,130.67687436564,
    130.72162706587,130.76638960154,130.8111619704,130.85594416998,
    130.90073619802,130.94553805224,130.99034973028,131.0351712299,
    131.08000254882,131.1248436847,131.16969463527,131.21455539827,
    131.25942597134,131.30430635236,131.34919653908,131.39409652916,
    131.43900632033,131.48392591046,131.52885529735,131.57379447859,
    131.61874345212,131.66370221572,131.70867076703,131.75364910403,
    131.79863722458,131.84363512629,131.88864280713,131.9336602648,
    131.97868749728,132.02372450249,132.06877127796,132.11382782177,
    132.15889413173,132.20397020577,132.24905604174,132.29415163743,
    132.3392569909,132.3843720999,132.42949696241,132.47463157632,
    132.51977593955,132.56493005003,132.61009390565,132.65526750443,
    132.70045084427,132.74564392316,132.79084673895,132.8360592897,
    132.88128157349,132.92651358814,132.97175533163,133.01700680206,
    133.06226799737,133.10753891557,133.15281955471,133.19810991288,
    133.24340998802,133.28871977811,133.33403928134,133.37936849574,
    133.42470741939,133.47005605024,133.51541438636,133.56078242602,
    133.60616016728,133.65154760808,133.69694474663,133.74235158116,
    133.78776810955,133.83319433006,133.87863024093,133.92407584019,
    133.96953112602,134.01499609648,134.06047074994,134.10595508455,
    134.15144909836,134.19695278964,134.2424661566,134.28798919745,
    134.33352191043,134.37906429376,134.42461634558,134.47017806431,
    134.51574944805,134.56133049516,134.60692120388,134.65252157246,
    134.69813159912,134.74375128238,134.78938062036,134.83501961135,
    134.88066825381,134.92632654589,134.97199448611,135.0176720728,
    135.06335930406,135.10905617854,135.15476269456,135.20047885032,
    135.24620464432,135.29194007508,135.33768514093,135.38343984013,
    135.42920417123,135.47497813265,135.52076172286,135.56655494031,
    135.61235778336,135.65817025053,135.70399234036,135.74982405124,
    135.79566538176,135.84151633041,135.8873768955,135.93324707583,
    135.97912686979,136.02501627588,136.07091529278,136.11682391892,
    136.16274215289,136.20866999341,136.25460743887,136.30055448799,
    136.34651113923,136.39247739132,136.43845324294,136.48443869261,
    136.53043373901,136.57643838079,136.62245261647,136.66847644497,
    136.7145098649,136.76055287488,136.80660547357,136.85266765969,
    136.89873943213,136.94482078946,136.9909117304,137.03701225375,
    137.0642253517,137.2258183782,137.38681572224,137.54721818886,
    137.70702658416,137.86624171537,138.02486439087,138.18289542024,
    138.34033561428,138.49718578506,138.65344674595,138.80911931168,
    138.96420429834,139.11870252346,139.27261480604,139.42594196655,
    139.57868482706,139.73084421119,139.88242094422,140.03341585311,
    140.18382976652,140.33366351491,140.48291793056,140.63159384759,
    140.77969210207,140.92721353201,141.07415897744,141.22052928047,
    141.36632528531,141.51154783836,141.65619778824,141.80027598584,
    141.94378328441,142.08672053958,142.22908860942,142.37088835453,
    142.51212063808,142.65278632586,142.79288628636,142.93242139083,
    143.07139251333,143.20980053081,143.3476463232,143.4849307734,
    143.62165476745,143.75781919451,143.893424947,144.02847292063,
    144.16296401449,144.29689913112,144.4302791766,144.5631050606,
    144.6953776965,144.82709800142,144.95826689637,145.08888530624,
    145.21895415999,145.34847439065,145.47744693546,145.60587273595,
    145.733752738,145.86108789198,145.98787915282,146.1141274801,
    146.23983383816,146.3649991962,146.48962452839,146.61371081393,
    146.73725903723,146.86027018794,146.98274526111,147.10468525728,
    147.22609118262,147.34696404898,147.4673048741,147.58711468165,
    147.70639450139,147.82514536929,147.94336832765,148.06106442523,
    148.17823471737,148.29488026616,148.41100214053,148.52660141641,
    148.64167917687,148.75623651226,148.87027452035,148.98379430649,
    149.09679698377,149.20928367311,149.32125550353,149.43271361218,
    149.5436591446,149.65409325484,149.76401710565,149.87343186861,
    149.98233872435,150.09073886271,150.19863348291,150.30602379374,
    150.41291101375,150.51929637144,150.62518110545,150.73056646475,
    150.83545370885,150.939844108,151.04373894339,151.14713950739,
    151.2500471037,151.35246304766,151.45438866639,151.55582529904,
    151.65677429706,151.75723702436,151.85721485762,151.95670918648,
    152.05572141381,152.15425295596,152.252305243,152.34987971899,
    152.44697784225,152.54360108559,152.63975093662,152.73542889803,
    152.83063648783,152.92537523966,153.01964670309,153.11345244389,
    153.20679404435,153.29967310356,153.39209123774,153.48405008054,
    153.57555128336,153.66659651567,153.75718746536,153.84732583902,
    153.93701336235,154.02625178042,154.11504285808,154.20338838029,
    154.29129015247,154.37875000086,154.46576977291,154.55235133762,
    154.63849658594,154.72420743113,154.80948580917,154.89433367911,
    154.97875302351,155.06274584882,155.14631418578,155.22946008984,
    155.31218564154,155.39449294697,155.47638413819,155.55786137359,
    155.63892683841,155.71958274512,155.79983133386,155.87967487287,
    155.95911565899,156.03815601804,156.1167983053,156.19504490595,
    156.27289823555,156.35036074046,156.42743489833,156.50412321856,
    156.58042824272,156.65635254505,156.73189873294,156.80706944734,
    156.88186736327,156.95629519026,157.03035567282,157.10405159088,
    157.17738576031,157.25036103329,157.32298029884,157.39524648322,
    157.46716255041,157.53873150253,157.60995638028,157.68084026338,
    157.75138627101,157.82159756219,157.8914773362,157.96102883301,
    158.03025533366,158.0991601606,158.16774667813,158.23601829271,
    158.30397845333,158.37163065183,158.43897842322,158.506025346,
    158.57277504243,158.63923117881,158.70539746573,158.77127765828,
    158.83687555632,158.90219500461,158.96723989301,159.03201415662,
    159.09652177591,159.1607667768,159.22475323073,159.28848525475,
    159.35196701144,159.41520270898,159.47819660108,159.54095298687,
    159.60347621083,159.66577066262,159.72784077692,159.78969103321,
    159.85132595551,159.91275011209,159.97396811517,160.03498462053,
    160.09580432712,160.15643197662,160.21687235294,160.27713028171,
    160.3372106297,160.39711830422,160.45685825248,160.51643546087,
    160.57585495425,160.63512179515,160.69424108298,160.75321795313,
    160.81205757608,160.87076515648,160.92934593209,160.98780517284,
    161.04614817971,161.10438028361,161.16250684427,161.22053324902,
    161.27846491162,161.33630727093,161.39406578968,161.45174595313,
    161.50935326771,161.56689325964,161.62437147352,161.68179347088,
    161.73916482877,161.79649113819,161.85377800266,161.91103103669,
    161.96825586418,162.02545811697,162.08264343318,162.13981745569,
    162.19698583056),.UNSPECIFIED.);
#4587 = CARTESIAN_POINT('',(144.71301162725,-10.91681927046,0.));
#4588 = CARTESIAN_POINT('',(144.68255845978,-10.9215978293,0.));
#4589 = CARTESIAN_POINT('',(144.62162536431,-10.93098557929,0.));
#4590 = CARTESIAN_POINT('',(144.53014836331,-10.94455869548,0.));
#4591 = CARTESIAN_POINT('',(144.43859620467,-10.95762298294,0.));
#4592 = CARTESIAN_POINT('',(144.34697118344,-10.970178145,0.));
#4593 = CARTESIAN_POINT('',(144.25527559682,-10.98222390516,0.));
#4594 = CARTESIAN_POINT('',(144.16351174443,-10.99376001173,0.));
#4595 = CARTESIAN_POINT('',(144.07168192775,-11.00478623659,0.));
#4596 = CARTESIAN_POINT('',(143.97978844986,-11.01530237557,0.));
#4597 = CARTESIAN_POINT('',(143.88783361503,-11.02530824837,0.));
#4598 = CARTESIAN_POINT('',(143.7958197284,-11.03480369859,0.));
#4599 = CARTESIAN_POINT('',(143.70374909556,-11.04378859371,0.));
#4600 = CARTESIAN_POINT('',(143.61162402227,-11.05226282512,0.));
#4601 = CARTESIAN_POINT('',(143.51944681403,-11.06022630809,0.));
#4602 = CARTESIAN_POINT('',(143.42721977578,-11.06767898177,0.));
#4603 = CARTESIAN_POINT('',(143.33494521149,-11.07462080916,0.));
#4604 = CARTESIAN_POINT('',(143.24262542386,-11.08105177708,0.));
#4605 = CARTESIAN_POINT('',(143.15026271391,-11.08697189612,0.));
#4606 = CARTESIAN_POINT('',(143.05785938066,-11.09238120064,0.));
#4607 = CARTESIAN_POINT('',(142.96541772077,-11.0972797487,0.));
#4608 = CARTESIAN_POINT('',(142.87294002818,-11.10166762202,0.));
#4609 = CARTESIAN_POINT('',(142.78042859377,-11.10554492589,0.));
#4610 = CARTESIAN_POINT('',(142.68788570501,-11.10891178915,0.));
#4611 = CARTESIAN_POINT('',(142.59531364559,-11.11176836408,0.));
#4612 = CARTESIAN_POINT('',(142.50271469511,-11.11411482639,0.));
#4613 = CARTESIAN_POINT('',(142.41009112873,-11.11595137503,0.));
#4614 = CARTESIAN_POINT('',(142.31744521678,-11.11727823223,0.));
#4615 = CARTESIAN_POINT('',(142.22477922449,-11.1180956433,0.));
#4616 = CARTESIAN_POINT('',(142.13209541162,-11.11840387659,0.));
#4617 = CARTESIAN_POINT('',(142.0393960321,-11.11820322338,0.));
#4618 = CARTESIAN_POINT('',(141.94668333376,-11.11749399776,0.));
#4619 = CARTESIAN_POINT('',(141.85395955794,-11.11627653652,0.));
#4620 = CARTESIAN_POINT('',(141.76122693919,-11.11455119901,0.));
#4621 = CARTESIAN_POINT('',(141.66848770495,-11.11231836706,0.));
#4622 = CARTESIAN_POINT('',(141.57574407522,-11.1095784448,0.));
#4623 = CARTESIAN_POINT('',(141.48299826224,-11.10633185855,0.));
#4624 = CARTESIAN_POINT('',(141.39025247018,-11.1025790567,0.));
#4625 = CARTESIAN_POINT('',(141.29750889483,-11.09832050949,0.));
#4626 = CARTESIAN_POINT('',(141.20476972328,-11.09355670895,0.));
#4627 = CARTESIAN_POINT('',(141.11203713363,-11.08828816869,0.));
#4628 = CARTESIAN_POINT('',(141.01931329468,-11.08251542374,0.));
#4629 = CARTESIAN_POINT('',(140.92660036564,-11.0762390304,0.));
#4630 = CARTESIAN_POINT('',(140.83390049582,-11.06945956608,0.));
#4631 = CARTESIAN_POINT('',(140.74121582434,-11.06217762908,0.));
#4632 = CARTESIAN_POINT('',(140.64854847988,-11.05439383849,0.));
#4633 = CARTESIAN_POINT('',(140.55590058034,-11.0461088339,0.));
#4634 = CARTESIAN_POINT('',(140.46327423262,-11.03732327533,0.));
#4635 = CARTESIAN_POINT('',(140.37067153229,-11.02803784294,0.));
#4636 = CARTESIAN_POINT('',(140.27809456337,-11.01825323688,0.));
#4637 = CARTESIAN_POINT('',(140.18554539803,-11.0079701771,0.));
#4638 = CARTESIAN_POINT('',(140.09302609632,-10.99718940313,0.));
#4639 = CARTESIAN_POINT('',(140.00053870597,-10.98591167386,0.));
#4640 = CARTESIAN_POINT('',(139.90808526206,-10.97413776734,0.));
#4641 = CARTESIAN_POINT('',(139.81566778685,-10.9618684806,0.));
#4642 = CARTESIAN_POINT('',(139.72328828945,-10.94910462938,0.));
#4643 = CARTESIAN_POINT('',(139.63094876567,-10.93584704792,0.));
#4644 = CARTESIAN_POINT('',(139.53865119773,-10.92209658877,0.));
#4645 = CARTESIAN_POINT('',(139.44639755402,-10.90785412252,0.));
#4646 = CARTESIAN_POINT('',(139.35418978892,-10.8931205376,0.));
#4647 = CARTESIAN_POINT('',(139.26202984256,-10.87789674004,0.));
#4648 = CARTESIAN_POINT('',(139.16991964059,-10.86218365322,0.));
#4649 = CARTESIAN_POINT('',(139.07786109398,-10.84598221763,0.));
#4650 = CARTESIAN_POINT('',(138.98585609884,-10.82929339068,0.));
#4651 = CARTESIAN_POINT('',(138.89390653617,-10.81211814636,0.));
#4652 = CARTESIAN_POINT('',(138.80201427169,-10.79445747511,0.));
#4653 = CARTESIAN_POINT('',(138.71018115567,-10.77631238345,0.));
#4654 = CARTESIAN_POINT('',(138.6184090227,-10.75768389385,0.));
#4655 = CARTESIAN_POINT('',(138.52669969155,-10.73857304439,0.));
#4656 = CARTESIAN_POINT('',(138.43505496497,-10.71898088852,0.));
#4657 = CARTESIAN_POINT('',(138.34347662952,-10.69890849486,0.));
#4658 = CARTESIAN_POINT('',(138.25196645542,-10.67835694687,0.));
#4659 = CARTESIAN_POINT('',(138.16052619638,-10.65732734263,0.));
#4660 = CARTESIAN_POINT('',(138.06915758944,-10.63582079458,0.));
#4661 = CARTESIAN_POINT('',(137.97786235483,-10.61383842923,0.));
#4662 = CARTESIAN_POINT('',(137.88664219583,-10.59138138694,0.));
#4663 = CARTESIAN_POINT('',(137.7954987986,-10.56845082163,0.));
#4664 = CARTESIAN_POINT('',(137.70443383208,-10.54504790049,0.));
#4665 = CARTESIAN_POINT('',(137.61344894785,-10.52117380377,0.));
#4666 = CARTESIAN_POINT('',(137.52254577998,-10.49682972446,0.));
#4667 = CARTESIAN_POINT('',(137.43172594496,-10.47201686807,0.));
#4668 = CARTESIAN_POINT('',(137.34099104153,-10.4467364523,0.));
#4669 = CARTESIAN_POINT('',(137.25034265063,-10.42098970685,0.));
#4670 = CARTESIAN_POINT('',(137.15978233523,-10.39477787308,0.));
#4671 = CARTESIAN_POINT('',(137.06931164029,-10.36810220378,0.));
#4672 = CARTESIAN_POINT('',(136.97893209263,-10.34096396287,0.));
#4673 = CARTESIAN_POINT('',(136.88864520085,-10.31336442517,0.));
#4674 = CARTESIAN_POINT('',(136.79845245525,-10.2853048761,0.));
#4675 = CARTESIAN_POINT('',(136.70835532775,-10.25678661141,0.));
#4676 = CARTESIAN_POINT('',(136.61835527181,-10.22781093694,0.));
#4677 = CARTESIAN_POINT('',(136.52845372235,-10.19837916829,0.));
#4678 = CARTESIAN_POINT('',(136.43865209572,-10.16849263063,0.));
#4679 = CARTESIAN_POINT('',(136.34895178959,-10.13815265837,0.));
#4680 = CARTESIAN_POINT('',(136.25935418296,-10.10736059491,0.));
#4681 = CARTESIAN_POINT('',(136.16986063603,-10.07611779238,0.));
#4682 = CARTESIAN_POINT('',(136.08047249023,-10.04442561137,0.));
#4683 = CARTESIAN_POINT('',(135.99119106813,-10.01228542066,0.));
#4684 = CARTESIAN_POINT('',(135.9020176734,-9.97969859695,0.));
#4685 = CARTESIAN_POINT('',(135.81295359083,-9.946666524602,0.));
#4686 = CARTESIAN_POINT('',(135.72400008623,-9.913190595384,0.));
#4687 = CARTESIAN_POINT('',(135.63515840649,-9.879272208197,0.));
#4688 = CARTESIAN_POINT('',(135.54642977946,-9.844912768816,0.));
#4689 = CARTESIAN_POINT('',(135.45781541403,-9.810113689633,0.));
#4690 = CARTESIAN_POINT('',(135.36931650006,-9.774876389395,0.));
#4691 = CARTESIAN_POINT('',(135.28093420841,-9.739202292951,0.));
#4692 = CARTESIAN_POINT('',(135.19266969092,-9.703092830995,0.));
#4693 = CARTESIAN_POINT('',(135.10452408039,-9.666549439808,0.));
#4694 = CARTESIAN_POINT('',(135.01649849063,-9.629573561013,0.));
#4695 = CARTESIAN_POINT('',(134.92859401646,-9.592166641319,0.));
#4696 = CARTESIAN_POINT('',(134.8408117337,-9.554330132272,0.));
#4697 = CARTESIAN_POINT('',(134.75315269919,-9.516065490011,0.));
#4698 = CARTESIAN_POINT('',(134.66561795087,-9.477374175021,0.));
#4699 = CARTESIAN_POINT('',(134.5782085077,-9.438257651887,0.));
#4700 = CARTESIAN_POINT('',(134.4909253698,-9.398717389057,0.));
#4701 = CARTESIAN_POINT('',(134.40376951841,-9.358754858599,0.));
#4702 = CARTESIAN_POINT('',(134.31674191596,-9.318371535966,0.));
#4703 = CARTESIAN_POINT('',(134.22984350609,-9.277568899758,0.));
#4704 = CARTESIAN_POINT('',(134.1430752137,-9.23634843149,0.));
#4705 = CARTESIAN_POINT('',(134.05643794501,-9.194711615364,0.));
#4706 = CARTESIAN_POINT('',(133.96993258761,-9.152659938034,0.));
#4707 = CARTESIAN_POINT('',(133.88356001048,-9.110194888387,0.));
#4708 = CARTESIAN_POINT('',(133.7973210641,-9.067317957312,0.));
#4709 = CARTESIAN_POINT('',(133.71121658044,-9.024030637481,0.));
#4710 = CARTESIAN_POINT('',(133.62524737311,-8.980334423133,0.));
#4711 = CARTESIAN_POINT('',(133.53941423736,-8.936230809852,0.));
#4712 = CARTESIAN_POINT('',(133.45371795015,-8.891721294354,0.));
#4713 = CARTESIAN_POINT('',(133.36815927027,-8.846807374276,0.));
#4714 = CARTESIAN_POINT('',(133.28273893836,-8.801490547968,0.));
#4715 = CARTESIAN_POINT('',(133.19745767704,-8.755772314283,0.));
#4716 = CARTESIAN_POINT('',(133.11231619095,-8.709654172375,0.));
#4717 = CARTESIAN_POINT('',(133.02731516682,-8.663137621494,0.));
#4718 = CARTESIAN_POINT('',(132.94245527362,-8.616224160795,0.));
#4719 = CARTESIAN_POINT('',(132.85773716257,-8.568915289131,0.));
#4720 = CARTESIAN_POINT('',(132.7731614673,-8.521212504867,0.));
#4721 = CARTESIAN_POINT('',(132.68872880389,-8.473117305688,0.));
#4722 = CARTESIAN_POINT('',(132.60443977097,-8.424631188407,0.));
#4723 = CARTESIAN_POINT('',(132.52029494987,-8.375755648784,0.));
#4724 = CARTESIAN_POINT('',(132.43629490463,-8.326492181342,0.));
#4725 = CARTESIAN_POINT('',(132.3524401822,-8.276842279184,0.));
#4726 = CARTESIAN_POINT('',(132.26873131244,-8.22680743382,0.));
#4727 = CARTESIAN_POINT('',(132.18516880832,-8.176389134991,0.));
#4728 = CARTESIAN_POINT('',(132.10175316595,-8.125588870496,0.));
#4729 = CARTESIAN_POINT('',(132.01848486475,-8.074408126025,0.));
#4730 = CARTESIAN_POINT('',(131.93536436752,-8.022848384994,0.));
#4731 = CARTESIAN_POINT('',(131.85239212056,-7.970911128377,0.));
#4732 = CARTESIAN_POINT('',(131.76956855378,-7.918597834551,0.));
#4733 = CARTESIAN_POINT('',(131.68689408084,-7.865909979136,0.));
#4734 = CARTESIAN_POINT('',(131.60436909924,-7.812849034841,0.));
#4735 = CARTESIAN_POINT('',(131.52199399045,-7.75941647131,0.));
#4736 = CARTESIAN_POINT('',(131.43976912001,-7.705613754975,0.));
#4737 = CARTESIAN_POINT('',(131.35769483769,-7.65144234891,0.));
#4738 = CARTESIAN_POINT('',(131.27577147756,-7.596903712687,0.));
#4739 = CARTESIAN_POINT('',(131.19399935817,-7.541999302233,0.));
#4740 = CARTESIAN_POINT('',(131.11237878262,-7.486730569694,0.));
#4741 = CARTESIAN_POINT('',(131.03091003873,-7.431098963302,0.));
#4742 = CARTESIAN_POINT('',(130.94959339912,-7.375105927239,0.));
#4743 = CARTESIAN_POINT('',(130.8684291214,-7.31875290151,0.));
#4744 = CARTESIAN_POINT('',(130.78741744823,-7.262041321814,0.));
#4745 = CARTESIAN_POINT('',(130.70655860749,-7.204972619421,0.));
#4746 = CARTESIAN_POINT('',(130.62585281241,-7.147548221053,0.));
#4747 = CARTESIAN_POINT('',(130.54530026167,-7.08976954876,0.));
#4748 = CARTESIAN_POINT('',(130.46490113958,-7.03163801981,0.));
#4749 = CARTESIAN_POINT('',(130.38465561616,-6.973155046573,0.));
#4750 = CARTESIAN_POINT('',(130.30456384731,-6.914322036408,0.));
#4751 = CARTESIAN_POINT('',(130.22462597492,-6.855140391563,0.));
#4752 = CARTESIAN_POINT('',(130.14484212701,-6.795611509059,0.));
#4753 = CARTESIAN_POINT('',(130.06521241789,-6.735736780598,0.));
#4754 = CARTESIAN_POINT('',(129.98573694824,-6.675517592454,0.));
#4755 = CARTESIAN_POINT('',(129.90641580531,-6.614955325385,0.));
#4756 = CARTESIAN_POINT('',(129.82724906298,-6.554051354529,0.));
#4757 = CARTESIAN_POINT('',(129.74823678197,-6.492807049318,0.));
#4758 = CARTESIAN_POINT('',(129.66937900994,-6.431223773387,0.));
#4759 = CARTESIAN_POINT('',(129.59067578161,-6.369302884484,0.));
#4760 = CARTESIAN_POINT('',(129.51212711892,-6.30704573439,0.));
#4761 = CARTESIAN_POINT('',(129.43373303117,-6.244453668835,0.));
#4762 = CARTESIAN_POINT('',(129.35549351514,-6.181528027415,0.));
#4763 = CARTESIAN_POINT('',(129.27740855522,-6.11827014352,0.));
#4764 = CARTESIAN_POINT('',(129.19947812359,-6.054681344257,0.));
#4765 = CARTESIAN_POINT('',(129.12170218029,-5.990762950376,0.));
#4766 = CARTESIAN_POINT('',(129.04408067341,-5.9265162762,0.));
#4767 = CARTESIAN_POINT('',(128.9666135392,-5.861942629562,0.));
#4768 = CARTESIAN_POINT('',(128.88930070222,-5.797043311733,0.));
#4769 = CARTESIAN_POINT('',(128.81214207546,-5.731819617362,0.));
#4770 = CARTESIAN_POINT('',(128.73513756048,-5.666272834415,0.));
#4771 = CARTESIAN_POINT('',(128.65828704756,-5.600404244116,0.));
#4772 = CARTESIAN_POINT('',(128.58159041581,-5.53421512089,0.));
#4773 = CARTESIAN_POINT('',(128.50504753333,-5.467706732311,0.));
#4774 = CARTESIAN_POINT('',(128.42865825733,-5.400880339044,0.));
#4775 = CARTESIAN_POINT('',(128.35242243425,-5.333737194803,0.));
#4776 = CARTESIAN_POINT('',(128.27633989993,-5.266278546295,0.));
#4777 = CARTESIAN_POINT('',(128.20041047971,-5.198505633182,0.));
#4778 = CARTESIAN_POINT('',(128.12463398859,-5.130419688028,0.));
#4779 = CARTESIAN_POINT('',(128.04901023131,-5.062021936267,0.));
#4780 = CARTESIAN_POINT('',(127.97353900256,-4.993313596156,0.));
#4781 = CARTESIAN_POINT('',(127.89822008705,-4.924295878739,0.));
#4782 = CARTESIAN_POINT('',(127.82305325965,-4.854969987811,0.));
#4783 = CARTESIAN_POINT('',(127.74803828555,-4.785337119887,0.));
#4784 = CARTESIAN_POINT('',(127.67317492036,-4.715398464164,0.));
#4785 = CARTESIAN_POINT('',(127.59846291024,-4.645155202494,0.));
#4786 = CARTESIAN_POINT('',(127.52390199204,-4.574608509358,0.));
#4787 = CARTESIAN_POINT('',(127.44949189343,-4.503759551834,0.));
#4788 = CARTESIAN_POINT('',(127.37523233301,-4.432609489573,0.));
#4789 = CARTESIAN_POINT('',(127.30112302045,-4.361159474781,0.));
#4790 = CARTESIAN_POINT('',(127.22716365661,-4.28941065219,0.));
#4791 = CARTESIAN_POINT('',(127.15335393366,-4.217364159043,0.));
#4792 = CARTESIAN_POINT('',(127.07969353522,-4.145021125075,0.));
#4793 = CARTESIAN_POINT('',(127.00618213646,-4.072382672495,0.));
#4794 = CARTESIAN_POINT('',(126.93281940423,-3.999449915973,0.));
#4795 = CARTESIAN_POINT('',(126.85960499722,-3.926223962622,0.));
#4796 = CARTESIAN_POINT('',(126.78653856599,-3.852705911993,0.));
#4797 = CARTESIAN_POINT('',(126.7136197532,-3.77889685606,0.));
#4798 = CARTESIAN_POINT('',(126.64084819363,-3.70479787921,0.));
#4799 = CARTESIAN_POINT('',(126.56822351439,-3.630410058241,0.));
#4800 = CARTESIAN_POINT('',(126.49574533494,-3.555734462349,0.));
#4801 = CARTESIAN_POINT('',(126.42341326728,-3.48077215313,0.));
#4802 = CARTESIAN_POINT('',(126.35122691606,-3.405524184571,0.));
#4803 = CARTESIAN_POINT('',(126.27918587865,-3.329991603051,0.));
#4804 = CARTESIAN_POINT('',(126.20728974529,-3.254175447343,0.));
#4805 = CARTESIAN_POINT('',(126.13553809919,-3.178076748607,0.));
#4806 = CARTESIAN_POINT('',(126.06393051664,-3.101696530401,0.));
#4807 = CARTESIAN_POINT('',(125.99246656715,-3.025035808677,0.));
#4808 = CARTESIAN_POINT('',(125.9211458135,-2.948095591789,0.));
#4809 = CARTESIAN_POINT('',(125.84996781192,-2.8708768805,0.));
#4810 = CARTESIAN_POINT('',(125.77893211213,-2.793380667983,0.));
#4811 = CARTESIAN_POINT('',(125.70803825751,-2.715607939835,0.));
#4812 = CARTESIAN_POINT('',(125.63728578515,-2.637559674084,0.));
#4813 = CARTESIAN_POINT('',(125.566674226,-2.559236841196,0.));
#4814 = CARTESIAN_POINT('',(125.49620310495,-2.480640404092,0.));
#4815 = CARTESIAN_POINT('',(125.42587194094,-2.401771318155,0.));
#4816 = CARTESIAN_POINT('',(125.35568024706,-2.322630531247,0.));
#4817 = CARTESIAN_POINT('',(125.28562753065,-2.24321898372,0.));
#4818 = CARTESIAN_POINT('',(125.21571329341,-2.163537608433,0.));
#4819 = CARTESIAN_POINT('',(125.14593703148,-2.08358733077,0.));
#4820 = CARTESIAN_POINT('',(125.07629823557,-2.003369068653,0.));
#4821 = CARTESIAN_POINT('',(125.00679639101,-1.922883732561,0.));
#4822 = CARTESIAN_POINT('',(124.93743097791,-1.842132225553,0.));
#4823 = CARTESIAN_POINT('',(124.8682014712,-1.761115443282,0.));
#4824 = CARTESIAN_POINT('',(124.79910734074,-1.67983427402,0.));
#4825 = CARTESIAN_POINT('',(124.73014805142,-1.598289598674,0.));
#4826 = CARTESIAN_POINT('',(124.66132306326,-1.516482290817,0.));
#4827 = CARTESIAN_POINT('',(124.59263183149,-1.434413216699,0.));
#4828 = CARTESIAN_POINT('',(124.52407380662,-1.352083235286,0.));
#4829 = CARTESIAN_POINT('',(124.4556484346,-1.269493198254,0.));
#4830 = CARTESIAN_POINT('',(124.38735515676,-1.186643950112,0.));
#4831 = CARTESIAN_POINT('',(124.31919341029,-1.103536327866,0.));
#4832 = CARTESIAN_POINT('',(124.25116262702,-1.0201711624,0.));
#4833 = CARTESIAN_POINT('',(124.18326223824,-0.936549273435,0.));
#4834 = CARTESIAN_POINT('',(124.1154916572,-0.852671488503,0.));
#4835 = CARTESIAN_POINT('',(124.04785034486,-0.768538572156,0.));
#4836 = CARTESIAN_POINT('',(123.98033756449,-0.684151490725,0.));
#4837 = CARTESIAN_POINT('',(123.91295329951,-0.599510422747,0.));
#4838 = CARTESIAN_POINT('',(123.84569482277,-0.514618458302,0.));
#4839 = CARTESIAN_POINT('',(123.77856952148,-0.429467770322,0.));
#4840 = CARTESIAN_POINT('',(123.71154695566,-0.344091309233,0.));
#4841 = CARTESIAN_POINT('',(123.64473807417,-0.258369557255,0.));
#4842 = CARTESIAN_POINT('',(123.57772526454,-0.172752925437,0.));
#4843 = CARTESIAN_POINT('',(123.512066789,-8.556125894844E-02,0.));
#4844 = CARTESIAN_POINT('',(123.46262933436,-2.741802197379E-02,0.));
#4845 = CARTESIAN_POINT('',(123.43675218871,1.234863557577E-02,0.));
#4846 = CARTESIAN_POINT('',(123.42141546588,1.965865449685E-02,0.));
#4847 = CARTESIAN_POINT('',(123.40650949137,3.021218671891E-02,0.));
#4848 = CARTESIAN_POINT('',(123.39101895057,4.014216314026E-02,0.));
#4849 = CARTESIAN_POINT('',(123.37569296451,5.025763250524E-02,0.));
#4850 = CARTESIAN_POINT('',(123.36033077472,6.034175323099E-02,0.));
#4851 = CARTESIAN_POINT('',(123.3449861992,7.045263183607E-02,0.));
#4852 = CARTESIAN_POINT('',(123.32964482711,8.057468617186E-02,0.));
#4853 = CARTESIAN_POINT('',(123.31431053354,9.071208336033E-02,0.));
#4854 = CARTESIAN_POINT('',(123.29898229276,0.100863697496,0.));
#4855 = CARTESIAN_POINT('',(123.28366039248,0.111029821216,0.));
#4856 = CARTESIAN_POINT('',(123.26834476845,0.121210367101,0.));
#4857 = CARTESIAN_POINT('',(123.25303545064,0.131405349396,0.));
#4858 = CARTESIAN_POINT('',(123.23773244384,0.14161475523,0.));
#4859 = CARTESIAN_POINT('',(123.22243575958,0.151838578968,0.));
#4860 = CARTESIAN_POINT('',(123.20714540752,0.162076812986,0.));
#4861 = CARTESIAN_POINT('',(123.19186139783,0.172329450206,0.));
#4862 = CARTESIAN_POINT('',(123.17658374054,0.182596483407,0.));
#4863 = CARTESIAN_POINT('',(123.16131244572,0.192877905439,0.));
#4864 = CARTESIAN_POINT('',(123.14604752334,0.203173708979,0.));
#4865 = CARTESIAN_POINT('',(123.1307889835,0.213483886941,0.));
#4866 = CARTESIAN_POINT('',(123.11553683619,0.223808432042,0.));
#4867 = CARTESIAN_POINT('',(123.10029109142,0.234147337046,0.));
#4868 = CARTESIAN_POINT('',(123.08505175921,0.244500594775,0.));
#4869 = CARTESIAN_POINT('',(123.06981884954,0.254868197947,0.));
#4870 = CARTESIAN_POINT('',(123.05459237241,0.265250139357,0.));
#4871 = CARTESIAN_POINT('',(123.03937233775,0.275646411725,0.));
#4872 = CARTESIAN_POINT('',(123.02415875557,0.286057007827,0.));
#4873 = CARTESIAN_POINT('',(123.00895163583,0.296481920396,0.));
#4874 = CARTESIAN_POINT('',(122.99375098847,0.306921142179,0.));
#4875 = CARTESIAN_POINT('',(122.97855682343,0.317374665897,0.));
#4876 = CARTESIAN_POINT('',(122.96336915065,0.327842484274,0.));
#4877 = CARTESIAN_POINT('',(122.94818798006,0.338324590071,0.));
#4878 = CARTESIAN_POINT('',(122.93301332154,0.348820975941,0.));
#4879 = CARTESIAN_POINT('',(122.91784518503,0.359331634643,0.));
#4880 = CARTESIAN_POINT('',(122.90268358043,0.369856558878,0.));
#4881 = CARTESIAN_POINT('',(122.88752851762,0.38039574133,0.));
#4882 = CARTESIAN_POINT('',(122.87238000649,0.390949174704,0.));
#4883 = CARTESIAN_POINT('',(122.8572380569,0.401516851692,0.));
#4884 = CARTESIAN_POINT('',(122.84210267873,0.412098764984,0.));
#4885 = CARTESIAN_POINT('',(122.8269738818,0.422694907229,0.));
#4886 = CARTESIAN_POINT('',(122.81185167601,0.433305271154,0.));
#4887 = CARTESIAN_POINT('',(122.79673607116,0.443929849384,0.));
#4888 = CARTESIAN_POINT('',(122.78162707707,0.45456863459,0.));
#4889 = CARTESIAN_POINT('',(122.7665247036,0.465221619455,0.));
#4890 = CARTESIAN_POINT('',(122.75142896054,0.47588879659,0.));
#4891 = CARTESIAN_POINT('',(122.73633985773,0.486570158719,0.));
#4892 = CARTESIAN_POINT('',(122.72125740488,0.497265698384,0.));
#4893 = CARTESIAN_POINT('',(122.70618161182,0.507975408288,0.));
#4894 = CARTESIAN_POINT('',(122.69111248835,0.518699281049,0.));
#4895 = CARTESIAN_POINT('',(122.67605004423,0.529437309307,0.));
#4896 = CARTESIAN_POINT('',(122.66099428921,0.540189485659,0.));
#4897 = CARTESIAN_POINT('',(122.64594523304,0.550955802721,0.));
#4898 = CARTESIAN_POINT('',(122.63090288548,0.561736253161,0.));
#4899 = CARTESIAN_POINT('',(122.61586725621,0.572530829481,0.));
#4900 = CARTESIAN_POINT('',(122.60083835503,0.583339524395,0.));
#4901 = CARTESIAN_POINT('',(122.5858161916,0.594162330412,0.));
#4902 = CARTESIAN_POINT('',(122.57080077568,0.604999240186,0.));
#4903 = CARTESIAN_POINT('',(122.55579211692,0.615850246264,0.));
#4904 = CARTESIAN_POINT('',(122.54079022502,0.626715341215,0.));
#4905 = CARTESIAN_POINT('',(122.52579510971,0.637594517693,0.));
#4906 = CARTESIAN_POINT('',(122.51080678058,0.648487768154,0.));
#4907 = CARTESIAN_POINT('',(122.49582524736,0.659395085252,0.));
#4908 = CARTESIAN_POINT('',(122.48085051969,0.670316461532,0.));
#4909 = CARTESIAN_POINT('',(122.4658826072,0.681251889492,0.));
#4910 = CARTESIAN_POINT('',(122.45092151955,0.692201361773,0.));
#4911 = CARTESIAN_POINT('',(122.43596726636,0.703164870843,0.));
#4912 = CARTESIAN_POINT('',(122.42101985724,0.714142409279,0.));
#4913 = CARTESIAN_POINT('',(122.40607930183,0.725133969613,0.));
#4914 = CARTESIAN_POINT('',(122.39114560972,0.736139544361,0.));
#4915 = CARTESIAN_POINT('',(122.37621879051,0.747159126083,0.));
#4916 = CARTESIAN_POINT('',(122.36129885375,0.758192707233,0.));
#4917 = CARTESIAN_POINT('',(122.34638580908,0.769240280405,0.));
#4918 = CARTESIAN_POINT('',(122.33147966602,0.780301838048,0.));
#4919 = CARTESIAN_POINT('',(122.31658043415,0.791377372698,0.));
#4920 = CARTESIAN_POINT('',(122.30168812303,0.802466876854,0.));
#4921 = CARTESIAN_POINT('',(122.28680274217,0.813570342971,0.));
#4922 = CARTESIAN_POINT('',(122.27192430117,0.824687763618,0.));
#4923 = CARTESIAN_POINT('',(122.25705280949,0.835819131213,0.));
#4924 = CARTESIAN_POINT('',(122.24218827665,0.846964438239,0.));
#4925 = CARTESIAN_POINT('',(122.22733071219,0.858123677205,0.));
#4926 = CARTESIAN_POINT('',(122.21248012562,0.869296840577,0.));
#4927 = CARTESIAN_POINT('',(122.19763652639,0.880483920792,0.));
#4928 = CARTESIAN_POINT('',(122.182799924,0.891684910315,0.));
#4929 = CARTESIAN_POINT('',(122.16797032795,0.90289980165,0.));
#4930 = CARTESIAN_POINT('',(122.15314774766,0.914128587189,0.));
#4931 = CARTESIAN_POINT('',(122.13833219259,0.925371259384,0.));
#4932 = CARTESIAN_POINT('',(122.12352367222,0.936627810716,0.));
#4933 = CARTESIAN_POINT('',(122.10872219598,0.947898233595,0.));
#4934 = CARTESIAN_POINT('',(122.09392777327,0.959182520429,0.));
#4935 = CARTESIAN_POINT('',(122.07914041356,0.970480663692,0.));
#4936 = CARTESIAN_POINT('',(122.06436012625,0.981792655793,0.));
#4937 = CARTESIAN_POINT('',(122.04958692069,0.993118489097,0.));
#4938 = CARTESIAN_POINT('',(122.03482080634,1.004458156083,0.));
#4939 = CARTESIAN_POINT('',(122.02006179257,1.015811649135,0.));
#4940 = CARTESIAN_POINT('',(122.00530988874,1.027178960634,0.));
#4941 = CARTESIAN_POINT('',(121.99056510423,1.03856008301,0.));
#4942 = CARTESIAN_POINT('',(121.97582744841,1.049955008623,0.));
#4943 = CARTESIAN_POINT('',(121.96109693063,1.061363729897,0.));
#4944 = CARTESIAN_POINT('',(121.94637356021,1.07278623918,0.));
#4945 = CARTESIAN_POINT('',(121.93165734651,1.084222528874,0.));
#4946 = CARTESIAN_POINT('',(121.91694829883,1.095672591331,0.));
#4947 = CARTESIAN_POINT('',(121.90224642654,1.107136418948,0.));
#4948 = CARTESIAN_POINT('',(121.8875517389,1.118614004073,0.));
#4949 = CARTESIAN_POINT('',(121.87286424521,1.130105339041,0.));
#4950 = CARTESIAN_POINT('',(121.8581839548,1.141610416275,0.));
#4951 = CARTESIAN_POINT('',(121.84351087689,1.153129228033,0.));
#4952 = CARTESIAN_POINT('',(121.82884502081,1.164661766732,0.));
#4953 = CARTESIAN_POINT('',(121.81418639581,1.176208024694,0.));
#4954 = CARTESIAN_POINT('',(121.79953501114,1.187767994232,0.));
#4955 = CARTESIAN_POINT('',(121.78489087604,1.199341667695,0.));
#4956 = CARTESIAN_POINT('',(121.77025399979,1.210929037418,0.));
#4957 = CARTESIAN_POINT('',(121.75562439157,1.222530095717,0.));
#4958 = CARTESIAN_POINT('',(121.7410020606,1.234144834872,0.));
#4959 = CARTESIAN_POINT('',(121.72638701614,1.245773247259,0.));
#4960 = CARTESIAN_POINT('',(121.71177926736,1.257415325147,0.));
#4961 = CARTESIAN_POINT('',(121.69717882346,1.269071060829,0.));
#4962 = CARTESIAN_POINT('',(121.68258569364,1.280740446648,0.));
#4963 = CARTESIAN_POINT('',(121.66799988706,1.292423474844,0.));
#4964 = CARTESIAN_POINT('',(121.6534214129,1.304120137744,0.));
#4965 = CARTESIAN_POINT('',(121.63885028032,1.31583042762,0.));
#4966 = CARTESIAN_POINT('',(121.62428649848,1.327554336748,0.));
#4967 = CARTESIAN_POINT('',(121.60973007651,1.33929185742,0.));
#4968 = CARTESIAN_POINT('',(121.59518102354,1.351042981878,0.));
#4969 = CARTESIAN_POINT('',(121.5806393487,1.362807702409,0.));
#4970 = CARTESIAN_POINT('',(121.56610506112,1.374586011277,0.));
#4971 = CARTESIAN_POINT('',(121.55157816991,1.386377900737,0.));
#4972 = CARTESIAN_POINT('',(121.53705868414,1.398183363015,0.));
#4973 = CARTESIAN_POINT('',(121.52254661293,1.410002390406,0.));
#4974 = CARTESIAN_POINT('',(121.50804196536,1.421834975113,0.));
#4975 = CARTESIAN_POINT('',(121.4935447505,1.433681109397,0.));
#4976 = CARTESIAN_POINT('',(121.47905497741,1.445540785491,0.));
#4977 = CARTESIAN_POINT('',(121.46457265514,1.457413995601,0.));
#4978 = CARTESIAN_POINT('',(121.45009779277,1.469300732002,0.));
#4979 = CARTESIAN_POINT('',(121.43563039928,1.481200986857,0.));
#4980 = CARTESIAN_POINT('',(121.42117048375,1.493114752415,0.));
#4981 = CARTESIAN_POINT('',(121.40671805521,1.505042020907,0.));
#4982 = CARTESIAN_POINT('',(121.39227312264,1.516982784489,0.));
#4983 = CARTESIAN_POINT('',(121.37783569505,1.528937035412,0.));
#4984 = CARTESIAN_POINT('',(121.36340578143,1.540904765836,0.));
#4985 = CARTESIAN_POINT('',(121.34898339079,1.552885967986,0.));
#4986 = CARTESIAN_POINT('',(121.33456853211,1.564880634053,0.));
#4987 = CARTESIAN_POINT('',(121.32016121433,1.576888756186,0.));
#4988 = CARTESIAN_POINT('',(121.30576144641,1.588910326607,0.));
#4989 = CARTESIAN_POINT('',(121.29136923732,1.60094533746,0.));
#4990 = CARTESIAN_POINT('',(121.27698459602,1.612993780951,0.));
#4991 = CARTESIAN_POINT('',(121.26260753142,1.62505564922,0.));
#4992 = CARTESIAN_POINT('',(121.24823805246,1.637130934443,0.));
#4993 = CARTESIAN_POINT('',(121.23387616805,1.649219628783,0.));
#4994 = CARTESIAN_POINT('',(121.21952188707,1.661321724377,0.));
#4995 = CARTESIAN_POINT('',(121.20517521845,1.673437213386,0.));
#4996 = CARTESIAN_POINT('',(121.1908361711,1.685566087974,0.));
#4997 = CARTESIAN_POINT('',(121.17650475389,1.69770834026,0.));
#4998 = CARTESIAN_POINT('',(121.16218097566,1.709863962377,0.));
#4999 = CARTESIAN_POINT('',(121.1478648453,1.722032946482,0.));
#5000 = CARTESIAN_POINT('',(121.13355637167,1.734215284686,0.));
#5001 = CARTESIAN_POINT('',(121.11925556362,1.746410969119,0.));
#5002 = CARTESIAN_POINT('',(121.10496242998,1.758619991905,0.));
#5003 = CARTESIAN_POINT('',(121.09067697958,1.770842345143,0.));
#5004 = CARTESIAN_POINT('',(121.07639922125,1.78307802098,0.));
#5005 = CARTESIAN_POINT('',(121.0621291638,1.795327011485,0.));
#5006 = CARTESIAN_POINT('',(121.04786681602,1.807589308779,0.));
#5007 = CARTESIAN_POINT('',(121.03361218672,1.819864904973,0.));
#5008 = CARTESIAN_POINT('',(121.01936528467,1.832153792123,0.));
#5009 = CARTESIAN_POINT('',(121.00512611869,1.844455962379,0.));
#5010 = CARTESIAN_POINT('',(120.9908946975,1.856771407767,0.));
#5011 = CARTESIAN_POINT('',(120.97667102989,1.869100120408,0.));
#5012 = CARTESIAN_POINT('',(120.9624551246,1.881442092368,0.));
#5013 = CARTESIAN_POINT('',(120.94824699038,1.893797315712,0.));
#5014 = CARTESIAN_POINT('',(120.93404663597,1.906165782534,0.));
#5015 = CARTESIAN_POINT('',(120.91985407007,1.918547484863,0.));
#5016 = CARTESIAN_POINT('',(120.90566930143,1.930942414809,0.));
#5017 = CARTESIAN_POINT('',(120.89149233872,1.943350564365,0.));
#5018 = CARTESIAN_POINT('',(120.87732319069,1.955771925646,0.));
#5019 = CARTESIAN_POINT('',(120.86316186601,1.968206490678,0.));
#5020 = CARTESIAN_POINT('',(120.84900837333,1.98065425148,0.));
#5021 = CARTESIAN_POINT('',(120.83486272136,1.993115200129,0.));
#5022 = CARTESIAN_POINT('',(120.82072491877,2.005589328655,0.));
#5023 = CARTESIAN_POINT('',(120.80659497418,2.018076629066,0.));
#5024 = CARTESIAN_POINT('',(120.79247289626,2.030577093407,0.));
#5025 = CARTESIAN_POINT('',(120.77835869368,2.043090713732,0.));
#5026 = CARTESIAN_POINT('',(120.764252375,2.05561748199,0.));
#5027 = CARTESIAN_POINT('',(120.75015394889,2.068157390258,0.));
#5028 = CARTESIAN_POINT('',(120.73606342397,2.080710430534,0.));
#5029 = CARTESIAN_POINT('',(120.72198080881,2.0932765948,0.));
#5030 = CARTESIAN_POINT('',(120.70790611204,2.105855875107,0.));
#5031 = CARTESIAN_POINT('',(120.69383934221,2.118448263402,0.));
#5032 = CARTESIAN_POINT('',(120.67978050792,2.131053751708,0.));
#5033 = CARTESIAN_POINT('',(120.66572961776,2.143672332037,0.));
#5034 = CARTESIAN_POINT('',(120.65168668025,2.156303996327,0.));
#5035 = CARTESIAN_POINT('',(120.63765170397,2.168948736607,0.));
#5036 = CARTESIAN_POINT('',(120.62362469744,2.181606544825,0.));
#5037 = CARTESIAN_POINT('',(120.60960566922,2.194277412986,0.));
#5038 = CARTESIAN_POINT('',(120.59559462781,2.206961333035,0.));
#5039 = CARTESIAN_POINT('',(120.58159158173,2.219658296936,0.));
#5040 = CARTESIAN_POINT('',(120.56759653955,2.232368296701,0.));
#5041 = CARTESIAN_POINT('',(120.5536095097,2.24509132423,0.));
#5042 = CARTESIAN_POINT('',(120.53963050068,2.257827371521,0.));
#5043 = CARTESIAN_POINT('',(120.52565952097,2.270576430488,0.));
#5044 = CARTESIAN_POINT('',(120.51169657906,2.283338493107,0.));
#5045 = CARTESIAN_POINT('',(120.49774168345,2.296113551348,0.));
#5046 = CARTESIAN_POINT('',(120.48379484252,2.308901597065,0.));
#5047 = CARTESIAN_POINT('',(120.46985606477,2.321702622279,0.));
#5048 = CARTESIAN_POINT('',(120.45592535864,2.334516618897,0.));
#5049 = CARTESIAN_POINT('',(120.44200273253,2.347343578821,0.));
#5050 = CARTESIAN_POINT('',(120.42808819488,2.360183493998,0.));
#5051 = CARTESIAN_POINT('',(120.41418175411,2.373036356362,0.));
#5052 = CARTESIAN_POINT('',(120.40028341861,2.385902157801,0.));
#5053 = CARTESIAN_POINT('',(120.38639319678,2.398780890233,0.));
#5054 = CARTESIAN_POINT('',(120.37251109702,2.411672545602,0.));
#5055 = CARTESIAN_POINT('',(120.35863712768,2.424577115756,0.));
#5056 = CARTESIAN_POINT('',(120.34477129715,2.437494592643,0.));
#5057 = CARTESIAN_POINT('',(120.33091361379,2.450424968139,0.));
#5058 = CARTESIAN_POINT('',(120.31706408595,2.46336823414,0.));
#5059 = CARTESIAN_POINT('',(120.30322272198,2.476324382545,0.));
#5060 = CARTESIAN_POINT('',(120.2893895302,2.489293405223,0.));
#5061 = CARTESIAN_POINT('',(120.27556451895,2.502275294073,0.));
#5062 = CARTESIAN_POINT('',(120.26174769654,2.515270040967,0.));
#5063 = CARTESIAN_POINT('',(120.24793907128,2.52827763778,0.));
#5064 = CARTESIAN_POINT('',(120.23413865146,2.541298076372,0.));
#5065 = CARTESIAN_POINT('',(120.22034644539,2.554331348631,0.));
#5066 = CARTESIAN_POINT('',(120.20656246136,2.567377446417,0.));
#5067 = CARTESIAN_POINT('',(120.19278670761,2.580436361559,0.));
#5068 = CARTESIAN_POINT('',(120.17901919244,2.593508085961,0.));
#5069 = CARTESIAN_POINT('',(120.16525992408,2.606592611435,0.));
#5070 = CARTESIAN_POINT('',(120.15150891078,2.619689929847,0.));
#5071 = CARTESIAN_POINT('',(120.13776616081,2.632800033042,0.));
#5072 = CARTESIAN_POINT('',(120.12403168238,2.645922912865,0.));
#5073 = CARTESIAN_POINT('',(120.11030548371,2.659058561139,0.));
#5074 = CARTESIAN_POINT('',(120.096587573,2.672206969697,0.));
#5075 = CARTESIAN_POINT('',(120.0828779585,2.685368130405,0.));
#5076 = CARTESIAN_POINT('',(120.06917664834,2.69854203503,0.));
#5077 = CARTESIAN_POINT('',(120.05548365076,2.711728675444,0.));
#5078 = CARTESIAN_POINT('',(120.04179897393,2.724928043446,0.));
#5079 = CARTESIAN_POINT('',(120.02812262601,2.738140130855,0.));
#5080 = CARTESIAN_POINT('',(120.01445461516,2.751364929477,0.));
#5081 = CARTESIAN_POINT('',(120.00079494953,2.764602431117,0.));
#5082 = CARTESIAN_POINT('',(119.9871436373,2.777852627609,0.));
#5083 = CARTESIAN_POINT('',(119.97350068655,2.79111551071,0.));
#5084 = CARTESIAN_POINT('',(119.95986610543,2.804391072244,0.));
#5085 = CARTESIAN_POINT('',(119.94623990207,2.817679304004,0.));
#5086 = CARTESIAN_POINT('',(119.93262208458,2.830980197772,0.));
#5087 = CARTESIAN_POINT('',(119.91901266104,2.844293745338,0.));
#5088 = CARTESIAN_POINT('',(119.90541163955,2.857619938475,0.));
#5089 = CARTESIAN_POINT('',(119.89181902821,2.870958768986,0.));
#5090 = CARTESIAN_POINT('',(119.87823483507,2.884310228628,0.));
#5091 = CARTESIAN_POINT('',(119.8646590682,2.897674309163,0.));
#5092 = CARTESIAN_POINT('',(119.85109173568,2.911051002391,0.));
#5093 = CARTESIAN_POINT('',(119.83753284554,2.924440300055,0.));
#5094 = CARTESIAN_POINT('',(119.82398240583,2.937842193918,0.));
#5095 = CARTESIAN_POINT('',(119.81044042456,2.951256675736,0.));
#5096 = CARTESIAN_POINT('',(119.79690690978,2.96468373728,0.));
#5097 = CARTESIAN_POINT('',(119.78338186949,2.978123370283,0.));
#5098 = CARTESIAN_POINT('',(119.76986531169,2.991575566495,0.));
#5099 = CARTESIAN_POINT('',(119.75635724439,3.005040317667,0.));
#5100 = CARTESIAN_POINT('',(119.74285767559,3.018517615544,0.));
#5101 = CARTESIAN_POINT('',(119.72936661323,3.032007451848,0.));
#5102 = CARTESIAN_POINT('',(119.71588406528,3.045509818305,0.));
#5103 = CARTESIAN_POINT('',(119.70241003977,3.059024706693,0.));
#5104 = CARTESIAN_POINT('',(119.68894454458,3.072552108676,0.));
#5105 = CARTESIAN_POINT('',(119.67548758769,3.086092016017,0.));
#5106 = CARTESIAN_POINT('',(119.66203917704,3.099644420438,0.));
#5107 = CARTESIAN_POINT('',(119.64859932052,3.113209313609,0.));
#5108 = CARTESIAN_POINT('',(119.63516802611,3.126786687313,0.));
#5109 = CARTESIAN_POINT('',(119.62174530167,3.140376533207,0.));
#5110 = CARTESIAN_POINT('',(119.60833115511,3.153978843,0.));
#5111 = CARTESIAN_POINT('',(119.59492559435,3.167593608435,0.));
#5112 = CARTESIAN_POINT('',(119.58152862724,3.181220821161,0.));
#5113 = CARTESIAN_POINT('',(119.56814026168,3.194860472909,0.));
#5114 = CARTESIAN_POINT('',(119.55476050551,3.208512555354,0.));
#5115 = CARTESIAN_POINT('',(119.54138936661,3.222177060187,0.));
#5116 = CARTESIAN_POINT('',(119.52802685284,3.235853979112,0.));
#5117 = CARTESIAN_POINT('',(119.51467297201,3.24954330378,0.));
#5118 = CARTESIAN_POINT('',(119.50132773198,3.263245025894,0.));
#5119 = CARTESIAN_POINT('',(119.48799114057,3.276959137132,0.));
#5120 = CARTESIAN_POINT('',(119.47466320557,3.290685629135,0.));
#5121 = CARTESIAN_POINT('',(119.46134393482,3.304424493613,0.));
#5122 = CARTESIAN_POINT('',(119.4480333361,3.318175722219,0.));
#5123 = CARTESIAN_POINT('',(119.43473141717,3.331939306584,0.));
#5124 = CARTESIAN_POINT('',(119.42143818586,3.345715238406,0.));
#5125 = CARTESIAN_POINT('',(119.40815364996,3.359503509342,0.));
#5126 = CARTESIAN_POINT('',(119.39487781717,3.373304111012,0.));
#5127 = CARTESIAN_POINT('',(119.38161069526,3.387117035091,0.));
#5128 = CARTESIAN_POINT('',(119.368352292,3.400942273215,0.));
#5129 = CARTESIAN_POINT('',(119.35510261511,3.414779817036,0.));
#5130 = CARTESIAN_POINT('',(119.34186167233,3.428629658187,0.));
#5131 = CARTESIAN_POINT('',(119.32862947137,3.442491788302,0.));
#5132 = CARTESIAN_POINT('',(119.31540601994,3.456366199017,0.));
#5133 = CARTESIAN_POINT('',(119.30219132576,3.470252881966,0.));
#5134 = CARTESIAN_POINT('',(119.28898539651,3.484151828777,0.));
#5135 = CARTESIAN_POINT('',(119.27578823986,3.498063031049,0.));
#5136 = CARTESIAN_POINT('',(119.26259986354,3.511986480447,0.));
#5137 = CARTESIAN_POINT('',(119.24942027518,3.525922168551,0.));
#5138 = CARTESIAN_POINT('',(119.23624948242,3.539870086989,0.));
#5139 = CARTESIAN_POINT('',(119.22308749293,3.553830227369,0.));
#5140 = CARTESIAN_POINT('',(119.20993431437,3.5678025813,0.));
#5141 = CARTESIAN_POINT('',(119.19678995436,3.581787140394,0.));
#5142 = CARTESIAN_POINT('',(119.18365442052,3.595783896233,0.));
#5143 = CARTESIAN_POINT('',(119.17052772049,3.60979284044,0.));
#5144 = CARTESIAN_POINT('',(119.15740986184,3.62381396458,0.));
#5145 = CARTESIAN_POINT('',(119.14430085221,3.637847260284,0.));
#5146 = CARTESIAN_POINT('',(119.13120069914,3.651892719097,0.));
#5147 = CARTESIAN_POINT('',(119.11810941027,3.665950332637,0.));
#5148 = CARTESIAN_POINT('',(119.10502699315,3.68002009249,0.));
#5149 = CARTESIAN_POINT('',(119.0919534553,3.694101990185,0.));
#5150 = CARTESIAN_POINT('',(119.07888880436,3.70819601737,0.));
#5151 = CARTESIAN_POINT('',(119.06583304783,3.722302165576,0.));
#5152 = CARTESIAN_POINT('',(119.05278619323,3.736420426364,0.));
#5153 = CARTESIAN_POINT('',(119.03974824814,3.750550791338,0.));
#5154 = CARTESIAN_POINT('',(119.02671922004,3.764693252029,0.));
#5155 = CARTESIAN_POINT('',(119.01369911647,3.778847800014,0.));
#5156 = CARTESIAN_POINT('',(119.00068794493,3.793014426862,0.));
#5157 = CARTESIAN_POINT('',(118.98768571288,3.80719312409,0.));
#5158 = CARTESIAN_POINT('',(118.97469242785,3.82138388329,0.));
#5159 = CARTESIAN_POINT('',(118.96170809732,3.835586695997,0.));
#5160 = CARTESIAN_POINT('',(118.94873272873,3.849801553741,0.));
#5161 = CARTESIAN_POINT('',(118.93576632958,3.864028448099,0.));
#5162 = CARTESIAN_POINT('',(118.92280890729,3.878267370576,0.));
#5163 = CARTESIAN_POINT('',(118.9098604693,3.892518312728,0.));
#5164 = CARTESIAN_POINT('',(118.89692102307,3.90678126608,0.));
#5165 = CARTESIAN_POINT('',(118.88399057604,3.921056222188,0.));
#5166 = CARTESIAN_POINT('',(118.87106913558,3.93534317254,0.));
#5167 = CARTESIAN_POINT('',(118.85815670912,3.949642108681,0.));
#5168 = CARTESIAN_POINT('',(118.84525330409,3.96395302215,0.));
#5169 = CARTESIAN_POINT('',(118.83235892785,3.978275904432,0.));
#5170 = CARTESIAN_POINT('',(118.81947358781,3.992610747073,0.));
#5171 = CARTESIAN_POINT('',(118.80659729132,4.006957541575,0.));
#5172 = CARTESIAN_POINT('',(118.79373004574,4.021316279431,0.));
#5173 = CARTESIAN_POINT('',(118.78087185847,4.035686952181,0.));
#5174 = CARTESIAN_POINT('',(118.76802273684,4.050069551322,0.));
#5175 = CARTESIAN_POINT('',(118.75518268816,4.064464068318,0.));
#5176 = CARTESIAN_POINT('',(118.74235171981,4.078870494727,0.));
#5177 = CARTESIAN_POINT('',(118.72952983908,4.093288822002,0.));
#5178 = CARTESIAN_POINT('',(118.71671705331,4.107719041641,0.));
#5179 = CARTESIAN_POINT('',(118.70391336981,4.122161145174,0.));
#5180 = CARTESIAN_POINT('',(118.69111879583,4.136615124017,0.));
#5181 = CARTESIAN_POINT('',(118.67833333871,4.151080969719,0.));
#5182 = CARTESIAN_POINT('',(118.66555700572,4.165558673743,0.));
#5183 = CARTESIAN_POINT('',(118.65278980411,4.180048227539,0.));
#5184 = CARTESIAN_POINT('',(118.64003174118,4.194549622621,0.));
#5185 = CARTESIAN_POINT('',(118.62728282417,4.209062850446,0.));
#5186 = CARTESIAN_POINT('',(118.61454306033,4.223587902495,0.));
#5187 = CARTESIAN_POINT('',(118.60181245686,4.238124770194,0.));
#5188 = CARTESIAN_POINT('',(118.58909102105,4.252673445082,0.));
#5189 = CARTESIAN_POINT('',(118.57637876008,4.267233918552,0.));
#5190 = CARTESIAN_POINT('',(118.56367568117,4.281806182089,0.));
#5191 = CARTESIAN_POINT('',(118.55098179156,4.296390227178,0.));
#5192 = CARTESIAN_POINT('',(118.53829709838,4.31098604521,0.));
#5193 = CARTESIAN_POINT('',(118.52562160886,4.3255936277,0.));
#5194 = CARTESIAN_POINT('',(118.51295533017,4.340212966041,0.));
#5195 = CARTESIAN_POINT('',(118.50029826951,4.354844051734,0.));
#5196 = CARTESIAN_POINT('',(118.48765043398,4.369486876178,0.));
#5197 = CARTESIAN_POINT('',(118.47501183075,4.384141430815,0.));
#5198 = CARTESIAN_POINT('',(118.462382467,4.398807707117,0.));
#5199 = CARTESIAN_POINT('',(118.44976234984,4.413485696483,0.));
#5200 = CARTESIAN_POINT('',(118.43715148641,4.428175390376,0.));
#5201 = CARTESIAN_POINT('',(118.42454988378,4.442876780172,0.));
#5202 = CARTESIAN_POINT('',(118.41195754913,4.457589857361,0.));
#5203 = CARTESIAN_POINT('',(118.39937448955,4.472314613345,0.));
#5204 = CARTESIAN_POINT('',(118.38680071206,4.487051039512,0.));
#5205 = CARTESIAN_POINT('',(118.37423622382,4.501799127324,0.));
#5206 = CARTESIAN_POINT('',(118.36168103188,4.516558868171,0.));
#5207 = CARTESIAN_POINT('',(118.34913514333,4.531330253493,0.));
#5208 = CARTESIAN_POINT('',(118.33659856517,4.546113274655,0.));
#5209 = CARTESIAN_POINT('',(118.32407130451,4.56090792311,0.));
#5210 = CARTESIAN_POINT('',(118.31155336836,4.575714190249,0.));
#5211 = CARTESIAN_POINT('',(118.29904476375,4.590532067453,0.));
#5212 = CARTESIAN_POINT('',(118.28654549773,4.605361546154,0.));
#5213 = CARTESIAN_POINT('',(118.2740555773,4.620202617728,0.));
#5214 = CARTESIAN_POINT('',(118.26157500949,4.635055273591,0.));
#5215 = CARTESIAN_POINT('',(118.24910380123,4.649919505101,0.));
#5216 = CARTESIAN_POINT('',(118.23664195957,4.664795303671,0.));
#5217 = CARTESIAN_POINT('',(118.2241894915,4.679682660701,0.));
#5218 = CARTESIAN_POINT('',(118.21174640396,4.694581567545,0.));
#5219 = CARTESIAN_POINT('',(118.19931270392,4.709492015599,0.));
#5220 = CARTESIAN_POINT('',(118.18688839835,4.724413996245,0.));
#5221 = CARTESIAN_POINT('',(118.1744734942,4.739347500857,0.));
#5222 = CARTESIAN_POINT('',(118.16206799839,4.754292520816,0.));
#5223 = CARTESIAN_POINT('',(118.14967191783,4.769249047469,0.));
#5224 = CARTESIAN_POINT('',(118.1372852595,4.784217072214,0.));
#5225 = CARTESIAN_POINT('',(118.12490803029,4.799196586419,0.));
#5226 = CARTESIAN_POINT('',(118.11254023708,4.814187581413,0.));
#5227 = CARTESIAN_POINT('',(118.10018188678,4.829190048587,0.));
#5228 = CARTESIAN_POINT('',(118.08783298631,4.844203979302,0.));
#5229 = CARTESIAN_POINT('',(118.07549354251,4.859229364902,0.));
#5230 = CARTESIAN_POINT('',(118.06316356226,4.874266196737,0.));
#5231 = CARTESIAN_POINT('',(118.05084305243,4.889314466174,0.));
#5232 = CARTESIAN_POINT('',(118.03853201987,4.904374164558,0.));
#5233 = CARTESIAN_POINT('',(118.02623047142,4.919445283235,0.));
#5234 = CARTESIAN_POINT('',(118.01393841389,4.934527813527,0.));
#5235 = CARTESIAN_POINT('',(118.00165585418,4.949621746819,0.));
#5236 = CARTESIAN_POINT('',(117.98938279907,4.964727074425,0.));
#5237 = CARTESIAN_POINT('',(117.97711925535,4.97984378767,0.));
#5238 = CARTESIAN_POINT('',(117.96486522985,4.994971877916,0.));
#5239 = CARTESIAN_POINT('',(117.95262072935,5.010111336471,0.));
#5240 = CARTESIAN_POINT('',(117.94038576066,5.025262154696,0.));
#5241 = CARTESIAN_POINT('',(117.92816033051,5.040424323875,0.));
#5242 = CARTESIAN_POINT('',(117.91594444571,5.055597835365,0.));
#5243 = CARTESIAN_POINT('',(117.90373811303,5.070782680492,0.));
#5244 = CARTESIAN_POINT('',(117.89154133917,5.085978850546,0.));
#5245 = CARTESIAN_POINT('',(117.87935413091,5.101186336875,0.));
#5246 = CARTESIAN_POINT('',(117.86717649498,5.116405130765,0.));
#5247 = CARTESIAN_POINT('',(117.85500843813,5.131635223576,0.));
#5248 = CARTESIAN_POINT('',(117.84284996702,5.146876606568,0.));
#5249 = CARTESIAN_POINT('',(117.83070108838,5.162129271062,0.));
#5250 = CARTESIAN_POINT('',(117.81856180895,5.177393208403,0.));
#5251 = CARTESIAN_POINT('',(117.80643213538,5.19266840984,0.));
#5252 = CARTESIAN_POINT('',(117.79431207437,5.207954866711,0.));
#5253 = CARTESIAN_POINT('',(117.78220163258,5.223252570291,0.));
#5254 = CARTESIAN_POINT('',(117.77010081671,5.238561511905,0.));
#5255 = CARTESIAN_POINT('',(117.75800963338,5.253881682827,0.));
#5256 = CARTESIAN_POINT('',(117.74592808925,5.26921307434,0.));
#5257 = CARTESIAN_POINT('',(117.73385619099,5.284555677766,0.));
#5258 = CARTESIAN_POINT('',(117.7217939452,5.299909484363,0.));
#5259 = CARTESIAN_POINT('',(117.70974135852,5.315274485441,0.));
#5260 = CARTESIAN_POINT('',(117.69769843754,5.330650672249,0.));
#5261 = CARTESIAN_POINT('',(117.68566518891,5.346038036103,0.));
#5262 = CARTESIAN_POINT('',(117.67364161922,5.361436568275,0.));
#5263 = CARTESIAN_POINT('',(117.66162773503,5.376846260018,0.));
#5264 = CARTESIAN_POINT('',(117.64962354293,5.392267102628,0.));
#5265 = CARTESIAN_POINT('',(117.63762904952,5.407699087374,0.));
#5266 = CARTESIAN_POINT('',(117.62564426135,5.423142205528,0.));
#5267 = CARTESIAN_POINT('',(117.61366918495,5.438596448341,0.));
#5268 = CARTESIAN_POINT('',(117.60170382691,5.454061807093,0.));
#5269 = CARTESIAN_POINT('',(117.58974819376,5.469538273047,0.));
#5270 = CARTESIAN_POINT('',(117.57780229204,5.485025837468,0.));
#5271 = CARTESIAN_POINT('',(117.56586612823,5.500524491591,0.));
#5272 = CARTESIAN_POINT('',(117.55393970887,5.516034226701,0.));
#5273 = CARTESIAN_POINT('',(117.54202304047,5.531555034046,0.));
#5274 = CARTESIAN_POINT('',(117.53011612951,5.547086904862,0.));
#5275 = CARTESIAN_POINT('',(117.5182189825,5.562629830412,0.));
#5276 = CARTESIAN_POINT('',(117.50633160594,5.57818380195,0.));
#5277 = CARTESIAN_POINT('',(117.49445400627,5.59374881071,0.));
#5278 = CARTESIAN_POINT('',(117.48258618995,5.609324847939,0.));
#5279 = CARTESIAN_POINT('',(117.47072816344,5.624911904878,0.));
#5280 = CARTESIAN_POINT('',(117.45887993319,5.64050997277,0.));
#5281 = CARTESIAN_POINT('',(117.44704150565,5.656119042854,0.));
#5282 = CARTESIAN_POINT('',(117.43521288724,5.671739106363,0.));
#5283 = CARTESIAN_POINT('',(117.42339408436,5.687370154515,0.));
#5284 = CARTESIAN_POINT('',(117.41158510346,5.703012178571,0.));
#5285 = CARTESIAN_POINT('',(117.39978595094,5.71866516974,0.));
#5286 = CARTESIAN_POINT('',(117.38799663317,5.734329119247,0.));
#5287 = CARTESIAN_POINT('',(117.37621715656,5.75000401833,0.));
#5288 = CARTESIAN_POINT('',(117.36444752747,5.765689858198,0.));
#5289 = CARTESIAN_POINT('',(117.35268775229,5.781386630086,0.));
#5290 = CARTESIAN_POINT('',(117.34093783738,5.797094325202,0.));
#5291 = CARTESIAN_POINT('',(117.32919778907,5.812812934764,0.));
#5292 = CARTESIAN_POINT('',(117.31746761374,5.828542449993,0.));
#5293 = CARTESIAN_POINT('',(117.30574731771,5.844282862093,0.));
#5294 = CARTESIAN_POINT('',(117.29403690731,5.860034162284,0.));
#5295 = CARTESIAN_POINT('',(117.28233638886,5.875796341767,0.));
#5296 = CARTESIAN_POINT('',(117.27064576866,5.891569391748,0.));
#5297 = CARTESIAN_POINT('',(117.25896505304,5.907353303442,0.));
#5298 = CARTESIAN_POINT('',(117.24729424827,5.923148068035,0.));
#5299 = CARTESIAN_POINT('',(117.23563336067,5.938953676756,0.));
#5300 = CARTESIAN_POINT('',(117.22398239646,5.954770120757,0.));
#5301 = CARTESIAN_POINT('',(117.21234136197,5.970597391283,0.));
#5302 = CARTESIAN_POINT('',(117.20071026345,5.986435479511,0.));
#5303 = CARTESIAN_POINT('',(117.18908910711,6.00228437661,0.));
#5304 = CARTESIAN_POINT('',(117.17747789925,6.018144073814,0.));
#5305 = CARTESIAN_POINT('',(117.16587664607,6.034014562277,0.));
#5306 = CARTESIAN_POINT('',(117.15428535381,6.049895833204,0.));
#5307 = CARTESIAN_POINT('',(117.14270402869,6.065787877778,0.));
#5308 = CARTESIAN_POINT('',(117.13113267691,6.081690687175,0.));
#5309 = CARTESIAN_POINT('',(117.11957130468,6.097604252579,0.));
#5310 = CARTESIAN_POINT('',(117.10801991821,6.113528565173,0.));
#5311 = CARTESIAN_POINT('',(117.09647852369,6.129463616148,0.));
#5312 = CARTESIAN_POINT('',(117.08494712722,6.145409396628,0.));
#5313 = CARTESIAN_POINT('',(117.07342573508,6.161365897852,0.));
#5314 = CARTESIAN_POINT('',(117.06191435338,6.177333110967,0.));
#5315 = CARTESIAN_POINT('',(117.05041298824,6.19331102711,0.));
#5316 = CARTESIAN_POINT('',(117.03892164585,6.209299637505,0.));
#5317 = CARTESIAN_POINT('',(117.02744033233,6.225298933275,0.));
#5318 = CARTESIAN_POINT('',(117.01596905382,6.241308905606,0.));
#5319 = CARTESIAN_POINT('',(117.00450781643,6.257329545657,0.));
#5320 = CARTESIAN_POINT('',(116.99305662626,6.273360844578,0.));
#5321 = CARTESIAN_POINT('',(116.98161548943,6.289402793545,0.));
#5322 = CARTESIAN_POINT('',(116.97018441201,6.305455383707,0.));
#5323 = CARTESIAN_POINT('',(116.9587634001,6.321518606212,0.));
#5324 = CARTESIAN_POINT('',(116.94735245977,6.33759245222,0.));
#5325 = CARTESIAN_POINT('',(116.93595159713,6.3536769129,0.));
#5326 = CARTESIAN_POINT('',(116.92456081817,6.369771979361,0.));
#5327 = CARTESIAN_POINT('',(116.91318012899,6.385877642791,0.));
#5328 = CARTESIAN_POINT('',(116.90180953563,6.401993894315,0.));
#5329 = CARTESIAN_POINT('',(116.89044904411,6.418120725088,0.));
#5330 = CARTESIAN_POINT('',(116.87909866045,6.434258126246,0.));
#5331 = CARTESIAN_POINT('',(116.86775839067,6.450406088913,0.));
#5332 = CARTESIAN_POINT('',(116.85642824085,6.466564604287,0.));
#5333 = CARTESIAN_POINT('',(116.84510821689,6.482733663433,0.));
#5334 = CARTESIAN_POINT('',(116.83379832483,6.498913257528,0.));
#5335 = CARTESIAN_POINT('',(116.82249857065,6.515103377704,0.));
#5336 = CARTESIAN_POINT('',(116.81120896033,6.531304015078,0.));
#5337 = CARTESIAN_POINT('',(116.79992949985,6.547515160805,0.));
#5338 = CARTESIAN_POINT('',(116.78866019514,6.563736805971,0.));
#5339 = CARTESIAN_POINT('',(116.77740105221,6.579968941766,0.));
#5340 = CARTESIAN_POINT('',(116.76615207693,6.596211559255,0.));
#5341 = CARTESIAN_POINT('',(116.75491327526,6.61246464959,0.));
#5342 = CARTESIAN_POINT('',(116.74368465316,6.628728203907,0.));
#5343 = CARTESIAN_POINT('',(116.7324662165,6.645002213294,0.));
#5344 = CARTESIAN_POINT('',(116.72125797123,6.661286668892,0.));
#5345 = CARTESIAN_POINT('',(116.71005992323,6.677581561811,0.));
#5346 = CARTESIAN_POINT('',(116.69887207841,6.693886883178,0.));
#5347 = CARTESIAN_POINT('',(116.68769444262,6.71020262408,0.));
#5348 = CARTESIAN_POINT('',(116.67652702178,6.726528775657,0.));
#5349 = CARTESIAN_POINT('',(116.66536982174,6.742865329013,0.));
#5350 = CARTESIAN_POINT('',(116.65422284835,6.759212275235,0.));
#5351 = CARTESIAN_POINT('',(116.64308610749,6.775569605476,0.));
#5352 = CARTESIAN_POINT('',(116.63195960496,6.791937310784,0.));
#5353 = CARTESIAN_POINT('',(116.62084334663,6.808315382312,0.));
#5354 = CARTESIAN_POINT('',(116.60973733834,6.82470381115,0.));
#5355 = CARTESIAN_POINT('',(116.59864158585,6.841102588364,0.));
#5356 = CARTESIAN_POINT('',(116.58755609504,6.857511705123,0.));
#5357 = CARTESIAN_POINT('',(116.57648087165,6.873931152452,0.));
#5358 = CARTESIAN_POINT('',(116.56541592151,6.890360921491,0.));
#5359 = CARTESIAN_POINT('',(116.55436125042,6.906801003329,0.));
#5360 = CARTESIAN_POINT('',(116.54331686412,6.923251389047,0.));
#5361 = CARTESIAN_POINT('',(116.5322827684,6.939712069743,0.));
#5362 = CARTESIAN_POINT('',(116.52125896901,6.956183036505,0.));
#5363 = CARTESIAN_POINT('',(116.51024547172,6.972664280434,0.));
#5364 = CARTESIAN_POINT('',(116.49924228225,6.989155792594,0.));
#5365 = CARTESIAN_POINT('',(116.48824940635,7.005657564102,0.));
#5366 = CARTESIAN_POINT('',(116.47726684972,7.022169586001,0.));
#5367 = CARTESIAN_POINT('',(116.46629461813,7.038691849412,0.));
#5368 = CARTESIAN_POINT('',(116.45533271728,7.055224345405,0.));
#5369 = CARTESIAN_POINT('',(116.44438115283,7.071767065031,0.));
#5370 = CARTESIAN_POINT('',(116.43343993052,7.088319999419,0.));
#5371 = CARTESIAN_POINT('',(116.422509056,7.104883139596,0.));
#5372 = CARTESIAN_POINT('',(116.41158853499,7.121456476675,0.));
#5373 = CARTESIAN_POINT('',(116.40067837312,7.138040001706,0.));
#5374 = CARTESIAN_POINT('',(116.38977857607,7.154633705771,0.));
#5375 = CARTESIAN_POINT('',(116.37888914949,7.171237579939,0.));
#5376 = CARTESIAN_POINT('',(116.36801009902,7.187851615273,0.));
#5377 = CARTESIAN_POINT('',(116.35714143033,7.204475802862,0.));
#5378 = CARTESIAN_POINT('',(116.34628314899,7.221110133738,0.));
#5379 = CARTESIAN_POINT('',(116.33543526066,7.237754598999,0.));
#5380 = CARTESIAN_POINT('',(116.32459777094,7.254409189694,0.));
#5381 = CARTESIAN_POINT('',(116.31377068542,7.271073896879,0.));
#5382 = CARTESIAN_POINT('',(116.30295400973,7.287748711621,0.));
#5383 = CARTESIAN_POINT('',(116.29214774945,7.30443362499,0.));
#5384 = CARTESIAN_POINT('',(116.28135191014,7.321128628027,0.));
#5385 = CARTESIAN_POINT('',(116.27056649735,7.337833711787,0.));
#5386 = CARTESIAN_POINT('',(116.2597915167,7.35454886735,0.));
#5387 = CARTESIAN_POINT('',(116.2490269737,7.371274085744,0.));
#5388 = CARTESIAN_POINT('',(116.2382728739,7.38800935803,0.));
#5389 = CARTESIAN_POINT('',(116.22752922286,7.40475467527,0.));
#5390 = CARTESIAN_POINT('',(116.21679602608,7.421510028481,0.));
#5391 = CARTESIAN_POINT('',(116.20607328914,7.438275408765,0.));
#5392 = CARTESIAN_POINT('',(116.19536101747,7.455050807112,0.));
#5393 = CARTESIAN_POINT('',(116.18465921662,7.471836214597,0.));
#5394 = CARTESIAN_POINT('',(116.17396789212,7.488631622283,0.));
#5395 = CARTESIAN_POINT('',(116.16328704937,7.505437021162,0.));
#5396 = CARTESIAN_POINT('',(116.15261669391,7.522252402321,0.));
#5397 = CARTESIAN_POINT('',(116.14195683122,7.53907775678,0.));
#5398 = CARTESIAN_POINT('',(116.13130746675,7.555913075589,0.));
#5399 = CARTESIAN_POINT('',(116.12066860593,7.572758349767,0.));
#5400 = CARTESIAN_POINT('',(116.11004025423,7.589613570369,0.));
#5401 = CARTESIAN_POINT('',(116.09942241711,7.606478728431,0.));
#5402 = CARTESIAN_POINT('',(116.08881509995,7.623353814959,0.));
#5403 = CARTESIAN_POINT('',(116.07821830824,7.640238821036,0.));
#5404 = CARTESIAN_POINT('',(116.06763204732,7.657133737639,0.));
#5405 = CARTESIAN_POINT('',(116.05705632264,7.674038555837,0.));
#5406 = CARTESIAN_POINT('',(116.04649113958,7.69095326665,0.));
#5407 = CARTESIAN_POINT('',(116.03593650353,7.707877861081,0.));
#5408 = CARTESIAN_POINT('',(116.02539241992,7.724812330204,0.));
#5409 = CARTESIAN_POINT('',(116.01485889406,7.741756664992,0.));
#5410 = CARTESIAN_POINT('',(116.00433593136,7.758710856515,0.));
#5411 = CARTESIAN_POINT('',(115.99382353712,7.77567489575,0.));
#5412 = CARTESIAN_POINT('',(115.98332171676,7.792648773769,0.));
#5413 = CARTESIAN_POINT('',(115.97283047558,7.809632481563,0.));
#5414 = CARTESIAN_POINT('',(115.96234981887,7.826626010129,0.));
#5415 = CARTESIAN_POINT('',(115.95187975208,7.843629350556,0.));
#5416 = CARTESIAN_POINT('',(115.9414202804,7.86064249378,0.));
#5417 = CARTESIAN_POINT('',(115.9309714092,7.877665430869,0.));
#5418 = CARTESIAN_POINT('',(115.92053314376,7.894698152818,0.));
#5419 = CARTESIAN_POINT('',(115.91010548939,7.911740650642,0.));
#5420 = CARTESIAN_POINT('',(115.89968845137,7.928792915367,0.));
#5421 = CARTESIAN_POINT('',(115.88928203494,7.945854937964,0.));
#5422 = CARTESIAN_POINT('',(115.87888624544,7.962926709511,0.));
#5423 = CARTESIAN_POINT('',(115.86850108804,7.980008220946,0.));
#5424 = CARTESIAN_POINT('',(115.85812656805,7.997099463321,0.));
#5425 = CARTESIAN_POINT('',(115.84776269069,8.014200427631,0.));
#5426 = CARTESIAN_POINT('',(115.83740946121,8.031311104871,0.));
#5427 = CARTESIAN_POINT('',(115.82706688484,8.048431486074,0.));
#5428 = CARTESIAN_POINT('',(115.81673496675,8.065561562189,0.));
#5429 = CARTESIAN_POINT('',(115.80641371224,8.082701324291,0.));
#5430 = CARTESIAN_POINT('',(115.79610312642,8.099850763319,0.));
#5431 = CARTESIAN_POINT('',(115.78580321453,8.117009870302,0.));
#5432 = CARTESIAN_POINT('',(115.77551398175,8.134178636242,0.));
#5433 = CARTESIAN_POINT('',(115.76523543325,8.151357052115,0.));
#5434 = CARTESIAN_POINT('',(115.75496757422,8.168545108942,0.));
#5435 = CARTESIAN_POINT('',(115.74471040981,8.185742797706,0.));
#5436 = CARTESIAN_POINT('',(115.73446394516,8.202950109405,0.));
#5437 = CARTESIAN_POINT('',(115.72422818541,8.220167035017,0.));
#5438 = CARTESIAN_POINT('',(115.71400313574,8.237393565571,0.));
#5439 = CARTESIAN_POINT('',(115.70378880125,8.254629692028,0.));
#5440 = CARTESIAN_POINT('',(115.69358518704,8.271875405377,0.));
#5441 = CARTESIAN_POINT('',(115.68339229826,8.289130696635,0.));
#5442 = CARTESIAN_POINT('',(115.67321013999,8.30639555676,0.));
#5443 = CARTESIAN_POINT('',(115.66303871734,8.32366997676,0.));
#5444 = CARTESIAN_POINT('',(115.6528780354,8.340953947613,0.));
#5445 = CARTESIAN_POINT('',(115.64272809924,8.358247460309,0.));
#5446 = CARTESIAN_POINT('',(115.63258891391,8.375550505816,0.));
#5447 = CARTESIAN_POINT('',(115.62246048454,8.392863075146,0.));
#5448 = CARTESIAN_POINT('',(115.61234281614,8.41018515927,0.));
#5449 = CARTESIAN_POINT('',(115.60223591372,8.427516749137,0.));
#5450 = CARTESIAN_POINT('',(115.59213978242,8.444857835795,0.));
#5451 = CARTESIAN_POINT('',(115.58205442718,8.462208410163,0.));
#5452 = CARTESIAN_POINT('',(115.57197985306,8.479568463238,0.));
#5453 = CARTESIAN_POINT('',(115.56191606511,8.496937986026,0.));
#5454 = CARTESIAN_POINT('',(115.55186306825,8.514316969455,0.));
#5455 = CARTESIAN_POINT('',(115.54182086755,8.531705404539,0.));
#5456 = CARTESIAN_POINT('',(115.53178946799,8.549103282241,0.));
#5457 = CARTESIAN_POINT('',(115.52176887453,8.566510593526,0.));
#5458 = CARTESIAN_POINT('',(115.51175909218,8.583927329385,0.));
#5459 = CARTESIAN_POINT('',(115.50176012587,8.601353480767,0.));
#5460 = CARTESIAN_POINT('',(115.4917719806,8.618789038672,0.));
#5461 = CARTESIAN_POINT('',(115.48179466127,8.636233994053,0.));
#5462 = CARTESIAN_POINT('',(115.47182817283,8.653688337868,0.));
#5463 = CARTESIAN_POINT('',(115.46187252027,8.671152061122,0.));
#5464 = CARTESIAN_POINT('',(115.45192770847,8.688625154748,0.));
#5465 = CARTESIAN_POINT('',(115.44199374236,8.70610760973,0.));
#5466 = CARTESIAN_POINT('',(115.43207062684,8.723599417024,0.));
#5467 = CARTESIAN_POINT('',(115.42215836684,8.741100567612,0.));
#5468 = CARTESIAN_POINT('',(115.41225696722,8.758611052443,0.));
#5469 = CARTESIAN_POINT('',(115.40236643288,8.776130862478,0.));
#5470 = CARTESIAN_POINT('',(115.39248676873,8.793659988706,0.));
#5471 = CARTESIAN_POINT('',(115.38261797958,8.811198422054,0.));
#5472 = CARTESIAN_POINT('',(115.37276007032,8.828746153504,0.));
#5473 = CARTESIAN_POINT('',(115.36291304583,8.846303174016,0.));
#5474 = CARTESIAN_POINT('',(115.35307691094,8.863869474551,0.));
#5475 = CARTESIAN_POINT('',(115.34325167044,8.881445046042,0.));
#5476 = CARTESIAN_POINT('',(115.33343732924,8.899029879488,0.));
#5477 = CARTESIAN_POINT('',(115.32363389212,8.916623965824,0.));
#5478 = CARTESIAN_POINT('',(115.31384136387,8.934227295986,0.));
#5479 = CARTESIAN_POINT('',(115.30405974937,8.951839860978,0.));
#5480 = CARTESIAN_POINT('',(115.29428905335,8.969461651719,0.));
#5481 = CARTESIAN_POINT('',(115.28452928061,8.987092659167,0.));
#5482 = CARTESIAN_POINT('',(115.27478043594,9.004732874287,0.));
#5483 = CARTESIAN_POINT('',(115.26504252414,9.022382288026,0.));
#5484 = CARTESIAN_POINT('',(115.25531554995,9.040040891332,0.));
#5485 = CARTESIAN_POINT('',(115.24559951813,9.057708675166,0.));
#5486 = CARTESIAN_POINT('',(115.23589443342,9.075385630459,0.));
#5487 = CARTESIAN_POINT('',(115.22620030058,9.093071748184,0.));
#5488 = CARTESIAN_POINT('',(115.21651712435,9.110767019279,0.));
#5489 = CARTESIAN_POINT('',(115.20684490943,9.128471434683,0.));
#5490 = CARTESIAN_POINT('',(115.19718366057,9.14618498537,0.));
#5491 = CARTESIAN_POINT('',(115.18753338243,9.163907662251,0.));
#5492 = CARTESIAN_POINT('',(115.17789407976,9.181639456299,0.));
#5493 = CARTESIAN_POINT('',(115.16826575726,9.199380358456,0.));
#5494 = CARTESIAN_POINT('',(115.15864841958,9.217130359656,0.));
#5495 = CARTESIAN_POINT('',(115.1490420714,9.234889450851,0.));
#5496 = CARTESIAN_POINT('',(115.13944671739,9.252657622982,0.));
#5497 = CARTESIAN_POINT('',(115.12986236224,9.270434866992,0.));
#5498 = CARTESIAN_POINT('',(115.1202890106,9.288221173823,0.));
#5499 = CARTESIAN_POINT('',(115.11072666711,9.306016534423,0.));
#5500 = CARTESIAN_POINT('',(115.10117533637,9.323820939714,0.));
#5501 = CARTESIAN_POINT('',(115.09163502305,9.341634380655,0.));
#5502 = CARTESIAN_POINT('',(115.08210573178,9.359456848185,0.));
#5503 = CARTESIAN_POINT('',(115.07258746716,9.377288333232,0.));
#5504 = CARTESIAN_POINT('',(115.06308023377,9.395128826729,0.));
#5505 = CARTESIAN_POINT('',(115.05358403626,9.412978319643,0.));
#5506 = CARTESIAN_POINT('',(115.04409887919,9.430836802883,0.));
#5507 = CARTESIAN_POINT('',(115.03462476711,9.448704267383,0.));
#5508 = CARTESIAN_POINT('',(115.02516170468,9.466580704114,0.));
#5509 = CARTESIAN_POINT('',(115.01570969639,9.484466103964,0.));
#5510 = CARTESIAN_POINT('',(115.00626874684,9.502360457904,0.));
#5511 = CARTESIAN_POINT('',(114.99683886057,9.520263756853,0.));
#5512 = CARTESIAN_POINT('',(114.98742004209,9.538175991738,0.));
#5513 = CARTESIAN_POINT('',(114.978012296,9.556097153518,0.));
#5514 = CARTESIAN_POINT('',(114.96861562677,9.574027233091,0.));
#5515 = CARTESIAN_POINT('',(114.95923003894,9.591966221413,0.));
#5516 = CARTESIAN_POINT('',(114.94985553703,9.609914109408,0.));
#5517 = CARTESIAN_POINT('',(114.94049212553,9.627870888008,0.));
#5518 = CARTESIAN_POINT('',(114.93113980893,9.645836548137,0.));
#5519 = CARTESIAN_POINT('',(114.92179859173,9.663811080732,0.));
#5520 = CARTESIAN_POINT('',(114.91246847842,9.681794476722,0.));
#5521 = CARTESIAN_POINT('',(114.90314947345,9.699786727033,0.));
#5522 = CARTESIAN_POINT('',(114.89384158128,9.717787822592,0.));
#5523 = CARTESIAN_POINT('',(114.88454480637,9.735797754325,0.));
#5524 = CARTESIAN_POINT('',(114.87525915319,9.753816513169,0.));
#5525 = CARTESIAN_POINT('',(114.86598462617,9.771844090037,0.));
#5526 = CARTESIAN_POINT('',(114.85672122973,9.789880475871,0.));
#5527 = CARTESIAN_POINT('',(114.84746896827,9.807925661572,0.));
#5528 = CARTESIAN_POINT('',(114.83822784627,9.825979638099,0.));
#5529 = CARTESIAN_POINT('',(114.8289978681,9.844042396349,0.));
#5530 = CARTESIAN_POINT('',(114.81977903814,9.86211392725,0.));
#5531 = CARTESIAN_POINT('',(114.81057136085,9.880194221752,0.));
#5532 = CARTESIAN_POINT('',(114.80137484052,9.898283270729,0.));
#5533 = CARTESIAN_POINT('',(114.79218948162,9.91638106516,0.));
#5534 = CARTESIAN_POINT('',(114.78301528845,9.934487595924,0.));
#5535 = CARTESIAN_POINT('',(114.7738522654,9.952602853963,0.));
#5536 = CARTESIAN_POINT('',(114.76470041683,9.970726830197,0.));
#5537 = CARTESIAN_POINT('',(114.75555974708,9.988859515547,0.));
#5538 = CARTESIAN_POINT('',(114.74643026045,10.007000900922,0.));
#5539 = CARTESIAN_POINT('',(114.73731196133,10.025150977257,0.));
#5540 = CARTESIAN_POINT('',(114.72820485404,10.043309735485,0.));
#5541 = CARTESIAN_POINT('',(114.7191089428,10.061477166476,0.));
#5542 = CARTESIAN_POINT('',(114.71002423201,10.079653261209,0.));
#5543 = CARTESIAN_POINT('',(114.70095072594,10.097838010558,0.));
#5544 = CARTESIAN_POINT('',(114.69188842891,10.116031405465,0.));
#5545 = CARTESIAN_POINT('',(114.68283734516,10.134233436842,0.));
#5546 = CARTESIAN_POINT('',(114.67379747896,10.152444095596,0.));
#5547 = CARTESIAN_POINT('',(114.6647688346,10.170663372663,0.));
#5548 = CARTESIAN_POINT('',(114.65575141635,10.18889125895,0.));
#5549 = CARTESIAN_POINT('',(114.64674522843,10.207127745378,0.));
#5550 = CARTESIAN_POINT('',(114.63775027508,10.225372822849,0.));
#5551 = CARTESIAN_POINT('',(114.62876656057,10.243626482304,0.));
#5552 = CARTESIAN_POINT('',(114.61979408911,10.261888714636,0.));
#5553 = CARTESIAN_POINT('',(114.61083286492,10.280159510768,0.));
#5554 = CARTESIAN_POINT('',(114.60188289222,10.29843886162,0.));
#5555 = CARTESIAN_POINT('',(114.59294417519,10.316726758099,0.));
#5556 = CARTESIAN_POINT('',(114.58401671804,10.335023191125,0.));
#5557 = CARTESIAN_POINT('',(114.57510052496,10.353328151609,0.));
#5558 = CARTESIAN_POINT('',(114.56619560014,10.371641630468,0.));
#5559 = CARTESIAN_POINT('',(114.55730194772,10.389963618607,0.));
#5560 = CARTESIAN_POINT('',(114.54841957191,10.408294106949,0.));
#5561 = CARTESIAN_POINT('',(114.53954847684,10.426633086407,0.));
#5562 = CARTESIAN_POINT('',(114.53068866665,10.444980547876,0.));
#5563 = CARTESIAN_POINT('',(114.52184014551,10.463336482296,0.));
#5564 = CARTESIAN_POINT('',(114.51300291754,10.481700880561,0.));
#5565 = CARTESIAN_POINT('',(114.50417698685,10.50007373358,0.));
#5566 = CARTESIAN_POINT('',(114.49536235758,10.518455032279,0.));
#5567 = CARTESIAN_POINT('',(114.48655903384,10.536844767568,0.));
#5568 = CARTESIAN_POINT('',(114.47776701969,10.555242930335,0.));
#5569 = CARTESIAN_POINT('',(114.46898631929,10.573649511515,0.));
#5570 = CARTESIAN_POINT('',(114.46021693672,10.59206450202,0.));
#5571 = CARTESIAN_POINT('',(114.451458876,10.610487892732,0.));
#5572 = CARTESIAN_POINT('',(114.44271214125,10.628919674599,0.));
#5573 = CARTESIAN_POINT('',(114.43397673651,10.647359838502,0.));
#5574 = CARTESIAN_POINT('',(114.42525266585,10.665808375368,0.));
#5575 = CARTESIAN_POINT('',(114.41653993333,10.684265276107,0.));
#5576 = CARTESIAN_POINT('',(114.40783854294,10.7027305316,0.));
#5577 = CARTESIAN_POINT('',(114.39914849879,10.721204132803,0.));
#5578 = CARTESIAN_POINT('',(114.39046980484,10.739686070588,0.));
#5579 = CARTESIAN_POINT('',(114.38180246511,10.758176335871,0.));
#5580 = CARTESIAN_POINT('',(114.37314648366,10.776674919574,0.));
#5581 = CARTESIAN_POINT('',(114.36450186447,10.795181812596,0.));
#5582 = CARTESIAN_POINT('',(114.35586861149,10.813697005838,0.));
#5583 = CARTESIAN_POINT('',(114.34724672877,10.832220490227,0.));
#5584 = CARTESIAN_POINT('',(114.33863622024,10.850752256656,0.));
#5585 = CARTESIAN_POINT('',(114.33003708988,10.869292296034,0.));
#5586 = CARTESIAN_POINT('',(114.32144934169,10.887840599285,0.));
#5587 = CARTESIAN_POINT('',(114.31287297957,10.906397157294,0.));
#5588 = CARTESIAN_POINT('',(114.30430800749,10.924961960975,0.));
#5589 = CARTESIAN_POINT('',(114.29575442943,10.943535001253,0.));
#5590 = CARTESIAN_POINT('',(114.28721224927,10.962116269013,0.));
#5591 = CARTESIAN_POINT('',(114.27868147093,10.980705755164,0.));
#5592 = CARTESIAN_POINT('',(114.27016209838,10.999303450636,0.));
#5593 = CARTESIAN_POINT('',(114.26165413547,11.017909346309,0.));
#5594 = CARTESIAN_POINT('',(114.25315758613,11.036523433102,0.));
#5595 = CARTESIAN_POINT('',(114.24467245425,11.055145701928,0.));
#5596 = CARTESIAN_POINT('',(114.23619874371,11.073776143683,0.));
#5597 = CARTESIAN_POINT('',(114.22773645838,11.092414749271,0.));
#5598 = CARTESIAN_POINT('',(114.21928560218,11.111061509613,0.));
#5599 = CARTESIAN_POINT('',(114.21084617894,11.129716415612,0.));
#5600 = CARTESIAN_POINT('',(114.20241819246,11.148379458151,0.));
#5601 = CARTESIAN_POINT('',(114.19400164667,11.167050628172,0.));
#5602 = CARTESIAN_POINT('',(114.1855965454,11.18572991657,0.));
#5603 = CARTESIAN_POINT('',(114.17720289241,11.204417314228,0.));
#5604 = CARTESIAN_POINT('',(114.16882069159,11.223112812082,0.));
#5605 = CARTESIAN_POINT('',(114.16044994677,11.241816401035,0.));
#5606 = CARTESIAN_POINT('',(114.15209066169,11.260528071966,0.));
#5607 = CARTESIAN_POINT('',(114.14374284021,11.279247815817,0.));
#5608 = CARTESIAN_POINT('',(114.13540648611,11.297975623479,0.));
#5609 = CARTESIAN_POINT('',(114.12708160313,11.316711485848,0.));
#5610 = CARTESIAN_POINT('',(114.11876819511,11.335455393852,0.));
#5611 = CARTESIAN_POINT('',(114.11046626579,11.354207338375,0.));
#5612 = CARTESIAN_POINT('',(114.10217581896,11.372967310338,0.));
#5613 = CARTESIAN_POINT('',(114.09389685836,11.39173530065,0.));
#5614 = CARTESIAN_POINT('',(114.08562938769,11.41051130019,0.));
#5615 = CARTESIAN_POINT('',(114.07737341078,11.429295299907,0.));
#5616 = CARTESIAN_POINT('',(114.0691289313,11.448087290679,0.));
#5617 = CARTESIAN_POINT('',(114.06089595296,11.466887263418,0.));
#5618 = CARTESIAN_POINT('',(114.05267447951,11.485695209033,0.));
#5619 = CARTESIAN_POINT('',(114.04446451467,11.50451111843,0.));
#5620 = CARTESIAN_POINT('',(114.03626606213,11.523334982514,0.));
#5621 = CARTESIAN_POINT('',(114.02807912559,11.542166792193,0.));
#5622 = CARTESIAN_POINT('',(114.0199037087,11.56100653837,0.));
#5623 = CARTESIAN_POINT('',(114.01173981518,11.579854211959,0.));
#5624 = CARTESIAN_POINT('',(114.00358744869,11.59870980387,0.));
#5625 = CARTESIAN_POINT('',(113.99544661286,11.617573304991,0.));
#5626 = CARTESIAN_POINT('',(113.9873173114,11.636444706253,0.));
#5627 = CARTESIAN_POINT('',(113.97919954794,11.655323998544,0.));
#5628 = CARTESIAN_POINT('',(113.97109332611,11.674211172786,0.));
#5629 = CARTESIAN_POINT('',(113.96299864954,11.693106219873,0.));
#5630 = CARTESIAN_POINT('',(113.95491552186,11.712009130723,0.));
#5631 = CARTESIAN_POINT('',(113.9468439467,11.730919896241,0.));
#5632 = CARTESIAN_POINT('',(113.93878392766,11.749838507331,0.));
#5633 = CARTESIAN_POINT('',(113.93073546834,11.768764954912,0.));
#5634 = CARTESIAN_POINT('',(113.92269857232,11.787699229872,0.));
#5635 = CARTESIAN_POINT('',(113.91467324323,11.806641323146,0.));
#5636 = CARTESIAN_POINT('',(113.90665948461,11.825591225618,0.));
#5637 = CARTESIAN_POINT('',(113.89865730005,11.844548928206,0.));
#5638 = CARTESIAN_POINT('',(113.89066669313,11.863514421828,0.));
#5639 = CARTESIAN_POINT('',(113.88268766736,11.882487697374,0.));
#5640 = CARTESIAN_POINT('',(113.87472022634,11.901468745768,0.));
#5641 = CARTESIAN_POINT('',(113.86676437358,11.920457557912,0.));
#5642 = CARTESIAN_POINT('',(113.85882011264,11.939454124725,0.));
#5643 = CARTESIAN_POINT('',(113.850887447,11.958458437091,0.));
#5644 = CARTESIAN_POINT('',(113.84296638026,11.977470485962,0.));
#5645 = CARTESIAN_POINT('',(113.83505691584,11.996490262208,0.));
#5646 = CARTESIAN_POINT('',(113.82715905729,12.01551775676,0.));
#5647 = CARTESIAN_POINT('',(113.81927280812,12.03455296053,0.));
#5648 = CARTESIAN_POINT('',(113.81139817178,12.053595864409,0.));
#5649 = CARTESIAN_POINT('',(113.8035351518,12.072646459329,0.));
#5650 = CARTESIAN_POINT('',(113.79568375163,12.091704736188,0.));
#5651 = CARTESIAN_POINT('',(113.78784397474,12.110770685917,0.));
#5652 = CARTESIAN_POINT('',(113.78001582451,12.129844299393,0.));
#5653 = CARTESIAN_POINT('',(113.77219930451,12.148925567562,0.));
#5654 = CARTESIAN_POINT('',(113.76439441818,12.168014481331,0.));
#5655 = CARTESIAN_POINT('',(113.75660116884,12.187111031575,0.));
#5656 = CARTESIAN_POINT('',(113.74881956004,12.206215209255,0.));
#5657 = CARTESIAN_POINT('',(113.74104959515,12.225327005258,0.));
#5658 = CARTESIAN_POINT('',(113.73329127758,12.244446410497,0.));
#5659 = CARTESIAN_POINT('',(113.72554461075,12.263573415898,0.));
#5660 = CARTESIAN_POINT('',(113.71780959804,12.282708012372,0.));
#5661 = CARTESIAN_POINT('',(113.71008624283,12.301850190815,0.));
#5662 = CARTESIAN_POINT('',(113.70237454857,12.32099994217,0.));
#5663 = CARTESIAN_POINT('',(113.69467451857,12.340157257327,0.));
#5664 = CARTESIAN_POINT('',(113.68698615622,12.359322127202,0.));
#5665 = CARTESIAN_POINT('',(113.67930946492,12.378494542738,0.));
#5666 = CARTESIAN_POINT('',(113.67164444793,12.397674494811,0.));
#5667 = CARTESIAN_POINT('',(113.66399110867,12.416861974362,0.));
#5668 = CARTESIAN_POINT('',(113.65634945049,12.436056972308,0.));
#5669 = CARTESIAN_POINT('',(113.64871947667,12.455259479555,0.));
#5670 = CARTESIAN_POINT('',(113.64110119053,12.47446948702,0.));
#5671 = CARTESIAN_POINT('',(113.63349459542,12.493686985625,0.));
#5672 = CARTESIAN_POINT('',(113.62589969468,12.512911966293,0.));
#5673 = CARTESIAN_POINT('',(113.61831649154,12.532144419923,0.));
#5674 = CARTESIAN_POINT('',(113.61074498932,12.551384337443,0.));
#5675 = CARTESIAN_POINT('',(113.60318519134,12.570631709785,0.));
#5676 = CARTESIAN_POINT('',(113.59563710083,12.589886527848,0.));
#5677 = CARTESIAN_POINT('',(113.58810072106,12.60914878256,0.));
#5678 = CARTESIAN_POINT('',(113.58057605533,12.628418464841,0.));
#5679 = CARTESIAN_POINT('',(113.57306310691,12.647695565614,0.));
#5680 = CARTESIAN_POINT('',(113.56556187899,12.666980075784,0.));
#5681 = CARTESIAN_POINT('',(113.55807237485,12.686271986287,0.));
#5682 = CARTESIAN_POINT('',(113.55059459773,12.705571288044,0.));
#5683 = CARTESIAN_POINT('',(113.54312855082,12.72487797197,0.));
#5684 = CARTESIAN_POINT('',(113.53567423735,12.744192028982,0.));
#5685 = CARTESIAN_POINT('',(113.52823166058,12.763513450024,0.));
#5686 = CARTESIAN_POINT('',(113.52080082366,12.782842225994,0.));
#5687 = CARTESIAN_POINT('',(113.51338172979,12.802178347822,0.));
#5688 = CARTESIAN_POINT('',(113.5059743822,12.821521806444,0.));
#5689 = CARTESIAN_POINT('',(113.49857878405,12.840872592774,0.));
#5690 = CARTESIAN_POINT('',(113.49119493848,12.86023069773,0.));
#5691 = CARTESIAN_POINT('',(113.4838228487,12.879596112251,0.));
#5692 = CARTESIAN_POINT('',(113.47646251787,12.89896882726,0.));
#5693 = CARTESIAN_POINT('',(113.46911394911,12.918348833669,0.));
#5694 = CARTESIAN_POINT('',(113.46177714559,12.937736122416,0.));
#5695 = CARTESIAN_POINT('',(113.45445211047,12.957130684434,0.));
#5696 = CARTESIAN_POINT('',(113.44713884682,12.976532510636,0.));
#5697 = CARTESIAN_POINT('',(113.43983735779,12.995941591954,0.));
#5698 = CARTESIAN_POINT('',(113.43254764652,13.015357919324,0.));
#5699 = CARTESIAN_POINT('',(113.4252697161,13.034781483661,0.));
#5700 = CARTESIAN_POINT('',(113.41800356964,13.054212275912,0.));
#5701 = CARTESIAN_POINT('',(113.41074921018,13.073650286982,0.));
#5702 = CARTESIAN_POINT('',(113.40350664088,13.093095507827,0.));
#5703 = CARTESIAN_POINT('',(113.39627586479,13.112547929371,0.));
#5704 = CARTESIAN_POINT('',(113.38905688495,13.132007542524,0.));
#5705 = CARTESIAN_POINT('',(113.38184970447,13.151474338248,0.));
#5706 = CARTESIAN_POINT('',(113.37465432639,13.170948307459,0.));
#5707 = CARTESIAN_POINT('',(113.36747075375,13.190429441091,0.));
#5708 = CARTESIAN_POINT('',(113.36029898959,13.209917730077,0.));
#5709 = CARTESIAN_POINT('',(113.35313903696,13.22941316535,0.));
#5710 = CARTESIAN_POINT('',(113.34599089891,13.248915737862,0.));
#5711 = CARTESIAN_POINT('',(113.33885457836,13.268425438515,0.));
#5712 = CARTESIAN_POINT('',(113.33173007841,13.287942258266,0.));
#5713 = CARTESIAN_POINT('',(113.32461740209,13.307466188057,0.));
#5714 = CARTESIAN_POINT('',(113.31751655233,13.326997218807,0.));
#5715 = CARTESIAN_POINT('',(113.31042753212,13.346535341453,0.));
#5716 = CARTESIAN_POINT('',(113.3033503445,13.366080546955,0.));
#5717 = CARTESIAN_POINT('',(113.2962849924,13.385632826236,0.));
#5718 = CARTESIAN_POINT('',(113.28923147876,13.405192170226,0.));
#5719 = CARTESIAN_POINT('',(113.28218980662,13.424758569889,0.));
#5720 = CARTESIAN_POINT('',(113.27515997887,13.444332016139,0.));
#5721 = CARTESIAN_POINT('',(113.26814199851,13.463912499939,0.));
#5722 = CARTESIAN_POINT('',(113.26113586841,13.483500012205,0.));
#5723 = CARTESIAN_POINT('',(113.25414159157,13.5030945439,0.));
#5724 = CARTESIAN_POINT('',(113.2471591709,13.522696085972,0.));
#5725 = CARTESIAN_POINT('',(113.24018860923,13.542304629328,0.));
#5726 = CARTESIAN_POINT('',(113.2332299096,13.561920164958,0.));
#5727 = CARTESIAN_POINT('',(113.22628307484,13.581542683777,0.));
#5728 = CARTESIAN_POINT('',(113.21934810784,13.601172176734,0.));
#5729 = CARTESIAN_POINT('',(113.21242501152,13.620808634784,0.));
#5730 = CARTESIAN_POINT('',(113.20551378873,13.640452048864,0.));
#5731 = CARTESIAN_POINT('',(113.19861444237,13.660102409927,0.));
#5732 = CARTESIAN_POINT('',(113.19172697529,13.679759708915,0.));
#5733 = CARTESIAN_POINT('',(113.18485139036,13.69942393678,0.));
#5734 = CARTESIAN_POINT('',(113.17798769043,13.719095084473,0.));
#5735 = CARTESIAN_POINT('',(113.17113587832,13.73877314294,0.));
#5736 = CARTESIAN_POINT('',(113.16429595687,13.758458103127,0.));
#5737 = CARTESIAN_POINT('',(113.15746792896,13.778149956004,0.));
#5738 = CARTESIAN_POINT('',(113.15065179734,13.797848692497,0.));
#5739 = CARTESIAN_POINT('',(113.14384756488,13.817554303572,0.));
#5740 = CARTESIAN_POINT('',(113.13705523437,13.837266780186,0.));
#5741 = CARTESIAN_POINT('',(113.1302748086,13.856986113283,0.));
#5742 = CARTESIAN_POINT('',(113.12350629036,13.876712293821,0.));
#5743 = CARTESIAN_POINT('',(113.11674968247,13.89644531276,0.));
#5744 = CARTESIAN_POINT('',(113.11000498768,13.916185161049,0.));
#5745 = CARTESIAN_POINT('',(113.10327220875,13.935931829644,0.));
#5746 = CARTESIAN_POINT('',(113.09655134848,13.955685309511,0.));
#5747 = CARTESIAN_POINT('',(113.08984240961,13.975445591598,0.));
#5748 = CARTESIAN_POINT('',(113.08314539489,13.995212666879,0.));
#5749 = CARTESIAN_POINT('',(113.07646030702,14.014986526289,0.));
#5750 = CARTESIAN_POINT('',(113.06978714881,14.034767160817,0.));
#5751 = CARTESIAN_POINT('',(113.06312592294,14.054554561398,0.));
#5752 = CARTESIAN_POINT('',(113.05647663216,14.074348719015,0.));
#5753 = CARTESIAN_POINT('',(113.04983927914,14.094149624614,0.));
#5754 = CARTESIAN_POINT('',(113.04321386662,14.113957269165,0.));
#5755 = CARTESIAN_POINT('',(113.03660039733,14.133771643645,0.));
#5756 = CARTESIAN_POINT('',(113.02999887387,14.153592738986,0.));
#5757 = CARTESIAN_POINT('',(113.02340929902,14.173420546187,0.));
#5758 = CARTESIAN_POINT('',(113.01683167541,14.193255056196,0.));
#5759 = CARTESIAN_POINT('',(113.01026600571,14.213096259988,0.));
#5760 = CARTESIAN_POINT('',(113.00371229259,14.232944148532,0.));
#5761 = CARTESIAN_POINT('',(112.99717053868,14.252798712786,0.));
#5762 = CARTESIAN_POINT('',(112.99064074669,14.27265994374,0.));
#5763 = CARTESIAN_POINT('',(112.98412291921,14.292527832339,0.));
#5764 = CARTESIAN_POINT('',(112.97761705889,14.312402369574,0.));
#5765 = CARTESIAN_POINT('',(112.97112316835,14.332283546409,0.));
#5766 = CARTESIAN_POINT('',(112.96464125022,14.35217135382,0.));
#5767 = CARTESIAN_POINT('',(112.95817130711,14.372065782773,0.));
#5768 = CARTESIAN_POINT('',(112.95171334165,14.39196682425,0.));
#5769 = CARTESIAN_POINT('',(112.94526735641,14.41187446923,0.));
#5770 = CARTESIAN_POINT('',(112.93883335394,14.431788708675,0.));
#5771 = CARTESIAN_POINT('',(112.93241133689,14.451709533577,0.));
#5772 = CARTESIAN_POINT('',(112.92600130785,14.471636934913,0.));
#5773 = CARTESIAN_POINT('',(112.91960326932,14.491570903647,0.));
#5774 = CARTESIAN_POINT('',(112.9132172239,14.511511430766,0.));
#5775 = CARTESIAN_POINT('',(112.90684317419,14.531458507271,0.));
#5776 = CARTESIAN_POINT('',(112.90048112263,14.551412124109,0.));
#5777 = CARTESIAN_POINT('',(112.89413107183,14.571372272282,0.));
#5778 = CARTESIAN_POINT('',(112.88779302436,14.591338942782,0.));
#5779 = CARTESIAN_POINT('',(112.88146698268,14.611312126565,0.));
#5780 = CARTESIAN_POINT('',(112.87515294933,14.631291814641,0.));
#5781 = CARTESIAN_POINT('',(112.86885092683,14.651277997985,0.));
#5782 = CARTESIAN_POINT('',(112.86256091769,14.671270667589,0.));
#5783 = CARTESIAN_POINT('',(112.85628292439,14.691269814433,0.));
#5784 = CARTESIAN_POINT('',(112.85001694945,14.711275429511,0.));
#5785 = CARTESIAN_POINT('',(112.84376299535,14.731287503818,0.));
#5786 = CARTESIAN_POINT('',(112.8375210645,14.751306028328,0.));
#5787 = CARTESIAN_POINT('',(112.83129115946,14.771330994058,0.));
#5788 = CARTESIAN_POINT('',(112.82507328264,14.791362391973,0.));
#5789 = CARTESIAN_POINT('',(112.81886743652,14.811400213075,0.));
#5790 = CARTESIAN_POINT('',(112.81267362359,14.831444448374,0.));
#5791 = CARTESIAN_POINT('',(112.80649184618,14.851495088836,0.));
#5792 = CARTESIAN_POINT('',(112.8003221068,14.871552125481,0.));
#5793 = CARTESIAN_POINT('',(112.7941644079,14.891615549303,0.));
#5794 = CARTESIAN_POINT('',(112.78801875184,14.911685351293,0.));
#5795 = CARTESIAN_POINT('',(112.78188514104,14.931761522451,0.));
#5796 = CARTESIAN_POINT('',(112.77576357794,14.951844053777,0.));
#5797 = CARTESIAN_POINT('',(112.76965406496,14.971932936281,0.));
#5798 = CARTESIAN_POINT('',(112.76355660442,14.99202816095,0.));
#5799 = CARTESIAN_POINT('',(112.75747119872,15.012129718791,0.));
#5800 = CARTESIAN_POINT('',(112.75139785031,15.032237600821,0.));
#5801 = CARTESIAN_POINT('',(112.7453365615,15.052351798032,0.));
#5802 = CARTESIAN_POINT('',(112.73928733463,15.072472301421,0.));
#5803 = CARTESIAN_POINT('',(112.73325017214,15.092599102024,0.));
#5804 = CARTESIAN_POINT('',(112.7272250763,15.112732190824,0.));
#5805 = CARTESIAN_POINT('',(112.72121204946,15.132871558831,0.));
#5806 = CARTESIAN_POINT('',(112.71521109403,15.153017197073,0.));
#5807 = CARTESIAN_POINT('',(112.70922221227,15.17316909654,0.));
#5808 = CARTESIAN_POINT('',(112.70324540652,15.193327248258,0.));
#5809 = CARTESIAN_POINT('',(112.69728067908,15.213491643231,0.));
#5810 = CARTESIAN_POINT('',(112.69132803228,15.233662272479,0.));
#5811 = CARTESIAN_POINT('',(112.68538746844,15.253839127019,0.));
#5812 = CARTESIAN_POINT('',(112.67945898979,15.274022197856,0.));
#5813 = CARTESIAN_POINT('',(112.67354259865,15.294211476015,0.));
#5814 = CARTESIAN_POINT('',(112.66763829734,15.314406952524,0.));
#5815 = CARTESIAN_POINT('',(112.66174608805,15.334608618374,0.));
#5816 = CARTESIAN_POINT('',(112.65586597313,15.354816464613,0.));
#5817 = CARTESIAN_POINT('',(112.6499979548,15.375030482258,0.));
#5818 = CARTESIAN_POINT('',(112.64414203526,15.395250662312,0.));
#5819 = CARTESIAN_POINT('',(112.63829821684,15.415476995822,0.));
#5820 = CARTESIAN_POINT('',(112.63246650176,15.435709473804,0.));
#5821 = CARTESIAN_POINT('',(112.6266468922,15.45594808728,0.));
#5822 = CARTESIAN_POINT('',(112.62083939041,15.47619282728,0.));
#5823 = CARTESIAN_POINT('',(112.61504399862,15.496443684831,0.));
#5824 = CARTESIAN_POINT('',(112.60926071907,15.516700650966,0.));
#5825 = CARTESIAN_POINT('',(112.60348955388,15.536963716705,0.));
#5826 = CARTESIAN_POINT('',(112.5977305053,15.557232873088,0.));
#5827 = CARTESIAN_POINT('',(112.59198357552,15.577508111152,0.));
#5828 = CARTESIAN_POINT('',(112.5862487667,15.597789421914,0.));
#5829 = CARTESIAN_POINT('',(112.58052608103,15.618076796427,0.));
#5830 = CARTESIAN_POINT('',(112.57481552067,15.638370225712,0.));
#5831 = CARTESIAN_POINT('',(112.56911708778,15.658669700809,0.));
#5832 = CARTESIAN_POINT('',(112.56343078455,15.678975212765,0.));
#5833 = CARTESIAN_POINT('',(112.55775661307,15.699286752609,0.));
#5834 = CARTESIAN_POINT('',(112.55209457549,15.719604311387,0.));
#5835 = CARTESIAN_POINT('',(112.54644467396,15.739927880141,0.));
#5836 = CARTESIAN_POINT('',(112.54080691062,15.760257449914,0.));
#5837 = CARTESIAN_POINT('',(112.53518128755,15.780593011733,0.));
#5838 = CARTESIAN_POINT('',(112.52956780693,15.80093455667,0.));
#5839 = CARTESIAN_POINT('',(112.52396647079,15.821282075755,0.));
#5840 = CARTESIAN_POINT('',(112.51837728123,15.841635560033,0.));
#5841 = CARTESIAN_POINT('',(112.51280024041,15.861995000563,0.));
#5842 = CARTESIAN_POINT('',(112.50723535039,15.88236038839,0.));
#5843 = CARTESIAN_POINT('',(112.5016826132,15.902731714557,0.));
#5844 = CARTESIAN_POINT('',(112.49614203094,15.923108970128,0.));
#5845 = CARTESIAN_POINT('',(112.49061360569,15.94349214615,0.));
#5846 = CARTESIAN_POINT('',(112.4850973395,15.963881233686,0.));
#5847 = CARTESIAN_POINT('',(112.47959323438,15.984276223773,0.));
#5848 = CARTESIAN_POINT('',(112.47410129243,16.004677107481,0.));
#5849 = CARTESIAN_POINT('',(112.4686215157,16.025083875878,0.));
#5850 = CARTESIAN_POINT('',(112.46315390611,16.045496519993,0.));
#5851 = CARTESIAN_POINT('',(112.45769846579,16.065915030914,0.));
#5852 = CARTESIAN_POINT('',(112.45225519674,16.086339399697,0.));
#5853 = CARTESIAN_POINT('',(112.44682410093,16.106769617392,0.));
#5854 = CARTESIAN_POINT('',(112.44140518037,16.127205675078,0.));
#5855 = CARTESIAN_POINT('',(112.43599843708,16.14764756382,0.));
#5856 = CARTESIAN_POINT('',(112.43060387302,16.168095274672,0.));
#5857 = CARTESIAN_POINT('',(112.4252214902,16.188548798713,0.));
#5858 = CARTESIAN_POINT('',(112.41985129058,16.209008127003,0.));
#5859 = CARTESIAN_POINT('',(112.41449327614,16.229473250627,0.));
#5860 = CARTESIAN_POINT('',(112.40914744878,16.249944160645,0.));
#5861 = CARTESIAN_POINT('',(112.40381381051,16.270420848131,0.));
#5862 = CARTESIAN_POINT('',(112.3984923633,16.290903304163,0.));
#5863 = CARTESIAN_POINT('',(112.39318310907,16.311391519817,0.));
#5864 = CARTESIAN_POINT('',(112.38788604969,16.331885486159,0.));
#5865 = CARTESIAN_POINT('',(112.38260118715,16.352385194279,0.));
#5866 = CARTESIAN_POINT('',(112.37732852341,16.372890635261,0.));
#5867 = CARTESIAN_POINT('',(112.37206806027,16.393401800166,0.));
#5868 = CARTESIAN_POINT('',(112.36681979971,16.413918680095,0.));
#5869 = CARTESIAN_POINT('',(112.36158374361,16.434441266119,0.));
#5870 = CARTESIAN_POINT('',(112.35635989391,16.454969549336,0.));
#5871 = CARTESIAN_POINT('',(112.35114825241,16.475503520811,0.));
#5872 = CARTESIAN_POINT('',(112.34594882103,16.496043171644,0.));
#5873 = CARTESIAN_POINT('',(112.3407616017,16.516588492941,0.));
#5874 = CARTESIAN_POINT('',(112.33558659614,16.537139475754,0.));
#5875 = CARTESIAN_POINT('',(112.33042380634,16.557696111201,0.));
#5876 = CARTESIAN_POINT('',(112.32527323415,16.578258390375,0.));
#5877 = CARTESIAN_POINT('',(112.32013488132,16.598826304346,0.));
#5878 = CARTESIAN_POINT('',(112.31500874975,16.619399844237,0.));
#5879 = CARTESIAN_POINT('',(112.30989484127,16.639979001135,0.));
#5880 = CARTESIAN_POINT('',(112.30479315768,16.660563766131,0.));
#5881 = CARTESIAN_POINT('',(112.29970370084,16.68115413034,0.));
#5882 = CARTESIAN_POINT('',(112.29462647249,16.701750084838,0.));
#5883 = CARTESIAN_POINT('',(112.28956147453,16.722351620752,0.));
#5884 = CARTESIAN_POINT('',(112.28450870869,16.74295872917,0.));
#5885 = CARTESIAN_POINT('',(112.27946817675,16.763571401195,0.));
#5886 = CARTESIAN_POINT('',(112.27443988056,16.784189627955,0.));
#5887 = CARTESIAN_POINT('',(112.2694238218,16.804813400523,0.));
#5888 = CARTESIAN_POINT('',(112.26442000237,16.825442710046,0.));
#5889 = CARTESIAN_POINT('',(112.25942842391,16.846077547602,0.));
#5890 = CARTESIAN_POINT('',(112.25444908823,16.866717904318,0.));
#5891 = CARTESIAN_POINT('',(112.2494819971,16.88736377131,0.));
#5892 = CARTESIAN_POINT('',(112.24452715222,16.908015139681,0.));
#5893 = CARTESIAN_POINT('',(112.23958455535,16.928672000555,0.));
#5894 = CARTESIAN_POINT('',(112.23465420823,16.949334345049,0.));
#5895 = CARTESIAN_POINT('',(112.22973611256,16.97000216428,0.));
#5896 = CARTESIAN_POINT('',(112.22483027006,16.99067544937,0.));
#5897 = CARTESIAN_POINT('',(112.21993668244,17.011354191444,0.));
#5898 = CARTESIAN_POINT('',(112.2150553514,17.032038381615,0.));
#5899 = CARTESIAN_POINT('',(112.21018627867,17.052728011016,0.));
#5900 = CARTESIAN_POINT('',(112.2053294659,17.073423070763,0.));
#5901 = CARTESIAN_POINT('',(112.2004849148,17.094123551994,0.));
#5902 = CARTESIAN_POINT('',(112.19565262701,17.114829445835,0.));
#5903 = CARTESIAN_POINT('',(112.19083260422,17.135540743411,0.));
#5904 = CARTESIAN_POINT('',(112.18602484811,17.156257435858,0.));
#5905 = CARTESIAN_POINT('',(112.18122936035,17.176979514313,0.));
#5906 = CARTESIAN_POINT('',(112.1764461425,17.197706969904,0.));
#5907 = CARTESIAN_POINT('',(112.17167519625,17.218439793767,0.));
#5908 = CARTESIAN_POINT('',(112.16691652332,17.239177977051,0.));
#5909 = CARTESIAN_POINT('',(112.16217012522,17.259921510875,0.));
#5910 = CARTESIAN_POINT('',(112.15743600362,17.280670386392,0.));
#5911 = CARTESIAN_POINT('',(112.15271416015,17.301424594753,0.));
#5912 = CARTESIAN_POINT('',(112.14800459638,17.322184127085,0.));
#5913 = CARTESIAN_POINT('',(112.14330731393,17.342948974537,0.));
#5914 = CARTESIAN_POINT('',(112.13862231445,17.363719128259,0.));
#5915 = CARTESIAN_POINT('',(112.13394959947,17.384494579397,0.));
#5916 = CARTESIAN_POINT('',(112.12928917055,17.4052753191,0.));
#5917 = CARTESIAN_POINT('',(112.1246410293,17.426061338527,0.));
#5918 = CARTESIAN_POINT('',(112.12000517731,17.446852628825,0.));
#5919 = CARTESIAN_POINT('',(112.1153816161,17.467649181137,0.));
#5920 = CARTESIAN_POINT('',(112.11077034729,17.488450986636,0.));
#5921 = CARTESIAN_POINT('',(112.10617137235,17.509258036462,0.));
#5922 = CARTESIAN_POINT('',(112.10158469287,17.530070321791,0.));
#5923 = CARTESIAN_POINT('',(112.09701031038,17.550887833775,0.));
#5924 = CARTESIAN_POINT('',(112.09244822638,17.571710563573,0.));
#5925 = CARTESIAN_POINT('',(112.08789844244,17.592538502355,0.));
#5926 = CARTESIAN_POINT('',(112.08336096005,17.613371641281,0.));
#5927 = CARTESIAN_POINT('',(112.07883578071,17.634209971517,0.));
#5928 = CARTESIAN_POINT('',(112.07432290595,17.655053484237,0.));
#5929 = CARTESIAN_POINT('',(112.06982233724,17.675902170604,0.));
#5930 = CARTESIAN_POINT('',(112.06533407608,17.696756021784,0.));
#5931 = CARTESIAN_POINT('',(112.06085812399,17.717615028966,0.));
#5932 = CARTESIAN_POINT('',(112.05639448238,17.738479183309,0.));
#5933 = CARTESIAN_POINT('',(112.05194315273,17.759348475991,0.));
#5934 = CARTESIAN_POINT('',(112.04750413658,17.780222898203,0.));
#5935 = CARTESIAN_POINT('',(112.0430774353,17.801102441104,0.));
#5936 = CARTESIAN_POINT('',(112.03866305036,17.821987095891,0.));
#5937 = CARTESIAN_POINT('',(112.03426098322,17.842876853739,0.));
#5938 = CARTESIAN_POINT('',(112.02987123533,17.86377170583,0.));
#5939 = CARTESIAN_POINT('',(112.02549380811,17.884671643356,0.));
#5940 = CARTESIAN_POINT('',(112.02112870293,17.905576657492,0.));
#5941 = CARTESIAN_POINT('',(112.01677592129,17.926486739441,0.));
#5942 = CARTESIAN_POINT('',(112.01243546456,17.947401880382,0.));
#5943 = CARTESIAN_POINT('',(112.00810733415,17.968322071513,0.));
#5944 = CARTESIAN_POINT('',(112.00379153144,17.98924730402,0.));
#5945 = CARTESIAN_POINT('',(111.99948805786,18.010177569111,0.));
#5946 = CARTESIAN_POINT('',(111.99519691476,18.031112857971,0.));
#5947 = CARTESIAN_POINT('',(111.99091810353,18.052053161804,0.));
#5948 = CARTESIAN_POINT('',(111.98665162553,18.072998471806,0.));
#5949 = CARTESIAN_POINT('',(111.98239748216,18.093948779184,0.));
#5950 = CARTESIAN_POINT('',(111.97815567474,18.114904075135,0.));
#5951 = CARTESIAN_POINT('',(111.97392620463,18.135864350865,0.));
#5952 = CARTESIAN_POINT('',(111.96970907321,18.156829597586,0.));
#5953 = CARTESIAN_POINT('',(111.96550428178,18.177799806502,0.));
#5954 = CARTESIAN_POINT('',(111.96131183166,18.198774968827,0.));
#5955 = CARTESIAN_POINT('',(111.9571317242,18.219755075769,0.));
#5956 = CARTESIAN_POINT('',(111.95296396073,18.240740118542,0.));
#5957 = CARTESIAN_POINT('',(111.94880854255,18.261730088351,0.));
#5958 = CARTESIAN_POINT('',(111.944665471,18.282724976424,0.));
#5959 = CARTESIAN_POINT('',(111.94053474732,18.303724773977,0.));
#5960 = CARTESIAN_POINT('',(111.93641637282,18.324729472239,0.));
#5961 = CARTESIAN_POINT('',(111.93231034877,18.34573906242,0.));
#5962 = CARTESIAN_POINT('',(111.92821667651,18.36675353574,0.));
#5963 = CARTESIAN_POINT('',(111.92413535733,18.387772883436,0.));
#5964 = CARTESIAN_POINT('',(111.92006639238,18.408797096721,0.));
#5965 = CARTESIAN_POINT('',(111.91600978297,18.429826166829,0.));
#5966 = CARTESIAN_POINT('',(111.91196553047,18.450860085006,0.));
#5967 = CARTESIAN_POINT('',(111.90793363596,18.471898842458,0.));
#5968 = CARTESIAN_POINT('',(111.90391410074,18.492942430425,0.));
#5969 = CARTESIAN_POINT('',(111.89990692614,18.513990840169,0.));
#5970 = CARTESIAN_POINT('',(111.89591211322,18.535044062889,0.));
#5971 = CARTESIAN_POINT('',(111.89192966329,18.556102089841,0.));
#5972 = CARTESIAN_POINT('',(111.88795957766,18.577164912284,0.));
#5973 = CARTESIAN_POINT('',(111.88400185733,18.598232521414,0.));
#5974 = CARTESIAN_POINT('',(111.88005650367,18.619304908515,0.));
#5975 = CARTESIAN_POINT('',(111.87612351787,18.640382064826,0.));
#5976 = CARTESIAN_POINT('',(111.87220290097,18.661463981573,0.));
#5977 = CARTESIAN_POINT('',(111.86829465432,18.682550650036,0.));
#5978 = CARTESIAN_POINT('',(111.86439877903,18.703642061445,0.));
#5979 = CARTESIAN_POINT('',(111.86051527626,18.72473820706,0.));
#5980 = CARTESIAN_POINT('',(111.85664414717,18.745839078125,0.));
#5981 = CARTESIAN_POINT('',(111.85278539299,18.76694466592,0.));
#5982 = CARTESIAN_POINT('',(111.84893901477,18.788054961676,0.));
#5983 = CARTESIAN_POINT('',(111.8451050137,18.809169956664,0.));
#5984 = CARTESIAN_POINT('',(111.84128339098,18.830289642159,0.));
#5985 = CARTESIAN_POINT('',(111.83747414761,18.851414009401,0.));
#5986 = CARTESIAN_POINT('',(111.8336772848,18.872543049675,0.));
#5987 = CARTESIAN_POINT('',(111.82989280368,18.893676754234,0.));
#5988 = CARTESIAN_POINT('',(111.82612070536,18.914815114355,0.));
#5989 = CARTESIAN_POINT('',(111.82236099088,18.9359581213,0.));
#5990 = CARTESIAN_POINT('',(111.81861366141,18.957105766349,0.));
#5991 = CARTESIAN_POINT('',(111.81487871804,18.978258040774,0.));
#5992 = CARTESIAN_POINT('',(111.81115616182,18.999414935856,0.));
#5993 = CARTESIAN_POINT('',(111.80744599382,19.020576442866,0.));
#5994 = CARTESIAN_POINT('',(111.80374821516,19.041742553086,0.));
#5995 = CARTESIAN_POINT('',(111.80006282694,19.0629132578,0.));
#5996 = CARTESIAN_POINT('',(111.79638983012,19.08408854828,0.));
#5997 = CARTESIAN_POINT('',(111.79272922582,19.105268415825,0.));
#5998 = CARTESIAN_POINT('',(111.7890810151,19.126452851721,0.));
#5999 = CARTESIAN_POINT('',(111.78544519896,19.147641847248,0.));
#6000 = CARTESIAN_POINT('',(111.78182177845,19.168835393698,0.));
#6001 = CARTESIAN_POINT('',(111.77821075466,19.190033482377,0.));
#6002 = CARTESIAN_POINT('',(111.7746121285,19.211236104557,0.));
#6003 = CARTESIAN_POINT('',(111.77102590107,19.232443251554,0.));
#6004 = CARTESIAN_POINT('',(111.7674520734,19.253654914661,0.));
#6005 = CARTESIAN_POINT('',(111.76389064639,19.274871085162,0.));
#6006 = CARTESIAN_POINT('',(111.76034162117,19.296091754386,0.));
#6007 = CARTESIAN_POINT('',(111.75680499862,19.317316913613,0.));
#6008 = CARTESIAN_POINT('',(111.7532807798,19.338546554163,0.));
#6009 = CARTESIAN_POINT('',(111.74976896565,19.359780667341,0.));
#6010 = CARTESIAN_POINT('',(111.74626955714,19.381019244452,0.));
#6011 = CARTESIAN_POINT('',(111.74278255528,19.402262276816,0.));
#6012 = CARTESIAN_POINT('',(111.73930796097,19.423509755731,0.));
#6013 = CARTESIAN_POINT('',(111.73584577523,19.444761672528,0.));
#6014 = CARTESIAN_POINT('',(111.73239599896,19.466018018508,0.));
#6015 = CARTESIAN_POINT('',(111.72895863312,19.487278785,0.));
#6016 = CARTESIAN_POINT('',(111.72553367866,19.50854396333,0.));
#6017 = CARTESIAN_POINT('',(111.72212113644,19.529813544803,0.));
#6018 = CARTESIAN_POINT('',(111.71872100749,19.551087520759,0.));
#6019 = CARTESIAN_POINT('',(111.71533329268,19.572365882521,0.));
#6020 = CARTESIAN_POINT('',(111.71195799286,19.593648621416,0.));
#6021 = CARTESIAN_POINT('',(111.70859510897,19.614935728773,0.));
#6022 = CARTESIAN_POINT('',(111.70524464199,19.636227195929,0.));
#6023 = CARTESIAN_POINT('',(111.70190659273,19.657523014208,0.));
#6024 = CARTESIAN_POINT('',(111.69858096206,19.678823174957,0.));
#6025 = CARTESIAN_POINT('',(111.69526775089,19.700127669505,0.));
#6026 = CARTESIAN_POINT('',(111.69196696014,19.721436489199,0.));
#6027 = CARTESIAN_POINT('',(111.68867859061,19.742749625373,0.));
#6028 = CARTESIAN_POINT('',(111.68540264316,19.76406706938,0.));
#6029 = CARTESIAN_POINT('',(111.68213911867,19.785388812568,0.));
#6030 = CARTESIAN_POINT('',(111.67888801797,19.806714846275,0.));
#6031 = CARTESIAN_POINT('',(111.67564934193,19.828045161856,0.));
#6032 = CARTESIAN_POINT('',(111.67242309136,19.849379750654,0.));
#6033 = CARTESIAN_POINT('',(111.66920926712,19.870718604035,0.));
#6034 = CARTESIAN_POINT('',(111.66600786998,19.892061713351,0.));
#6035 = CARTESIAN_POINT('',(111.66281890078,19.913409069957,0.));
#6036 = CARTESIAN_POINT('',(111.65964236037,19.934760665216,0.));
#6037 = CARTESIAN_POINT('',(111.65647824951,19.956116490486,0.));
#6038 = CARTESIAN_POINT('',(111.65332656898,19.977476537127,0.));
#6039 = CARTESIAN_POINT('',(111.65018731965,19.998840796511,0.));
#6040 = CARTESIAN_POINT('',(111.64706050226,20.020209260009,0.));
#6041 = CARTESIAN_POINT('',(111.64394611752,20.041581918975,0.));
#6042 = CARTESIAN_POINT('',(111.64084416633,20.062958764799,0.));
#6043 = CARTESIAN_POINT('',(111.63775464941,20.084339788845,0.));
#6044 = CARTESIAN_POINT('',(111.63467756746,20.105724982486,0.));
#6045 = CARTESIAN_POINT('',(111.6316129213,20.127114337111,0.));
#6046 = CARTESIAN_POINT('',(111.62856071166,20.148507844086,0.));
#6047 = CARTESIAN_POINT('',(111.6255209393,20.169905494798,0.));
#6048 = CARTESIAN_POINT('',(111.62249360494,20.191307280633,0.));
#6049 = CARTESIAN_POINT('',(111.61947870929,20.212713192977,0.));
#6050 = CARTESIAN_POINT('',(111.61647625309,20.234123223213,0.));
#6051 = CARTESIAN_POINT('',(111.6134862371,20.255537362741,0.));
#6052 = CARTESIAN_POINT('',(111.61050866195,20.276955602937,0.));
#6053 = CARTESIAN_POINT('',(111.60754352841,20.298377935205,0.));
#6054 = CARTESIAN_POINT('',(111.60459083717,20.319804350938,0.));
#6055 = CARTESIAN_POINT('',(111.6016505889,20.341234841531,0.));
#6056 = CARTESIAN_POINT('',(111.5987227843,20.362669398392,0.));
#6057 = CARTESIAN_POINT('',(111.59580742404,20.384108012916,0.));
#6058 = CARTESIAN_POINT('',(111.59290450882,20.405550676513,0.));
#6059 = CARTESIAN_POINT('',(111.59001403927,20.426997380581,0.));
#6060 = CARTESIAN_POINT('',(111.5871360161,20.448448116536,0.));
#6061 = CARTESIAN_POINT('',(111.58427043994,20.46990287578,0.));
#6062 = CARTESIAN_POINT('',(111.58141731145,20.491361649734,0.));
#6063 = CARTESIAN_POINT('',(111.57857663124,20.512824429808,0.));
#6064 = CARTESIAN_POINT('',(111.57574839998,20.534291207416,0.));
#6065 = CARTESIAN_POINT('',(111.57293261834,20.555761973986,0.));
#6066 = CARTESIAN_POINT('',(111.57012928684,20.577236720923,0.));
#6067 = CARTESIAN_POINT('',(111.56733840621,20.598715439671,0.));
#6068 = CARTESIAN_POINT('',(111.56455997698,20.620198121638,0.));
#6069 = CARTESIAN_POINT('',(111.5617939998,20.641684758255,0.));
#6070 = CARTESIAN_POINT('',(111.55904047528,20.663175340947,0.));
#6071 = CARTESIAN_POINT('',(111.55629940403,20.684669861154,0.));
#6072 = CARTESIAN_POINT('',(111.55357078655,20.706168310305,0.));
#6073 = CARTESIAN_POINT('',(111.55085462348,20.727670679836,0.));
#6074 = CARTESIAN_POINT('',(111.54815091546,20.74917696119,0.));
#6075 = CARTESIAN_POINT('',(111.54545966296,20.770687145791,0.));
#6076 = CARTESIAN_POINT('',(111.54278086659,20.792201225089,0.));
#6077 = CARTESIAN_POINT('',(111.54011452694,20.813719190531,0.));
#6078 = CARTESIAN_POINT('',(111.53746064451,20.835241033564,0.));
#6079 = CARTESIAN_POINT('',(111.53481921981,20.85676674563,0.));
#6080 = CARTESIAN_POINT('',(111.5321902535,20.878296318186,0.));
#6081 = CARTESIAN_POINT('',(111.52957374607,20.899829742679,0.));
#6082 = CARTESIAN_POINT('',(111.52696969797,20.92136701056,0.));
#6083 = CARTESIAN_POINT('',(111.52437810981,20.942908113298,0.));
#6084 = CARTESIAN_POINT('',(111.52179898207,20.96445304234,0.));
#6085 = CARTESIAN_POINT('',(111.51923231529,20.98600178915,0.));
#6086 = CARTESIAN_POINT('',(111.51667810995,21.007554345197,0.));
#6087 = CARTESIAN_POINT('',(111.51413636653,21.029110701942,0.));
#6088 = CARTESIAN_POINT('',(111.51160708556,21.050670850855,0.));
#6089 = CARTESIAN_POINT('',(111.50909026752,21.072234783402,0.));
#6090 = CARTESIAN_POINT('',(111.50658591286,21.093802491047,0.));
#6091 = CARTESIAN_POINT('',(111.50409402214,21.115373965277,0.));
#6092 = CARTESIAN_POINT('',(111.50161459572,21.136949197562,0.));
#6093 = CARTESIAN_POINT('',(111.49914763408,21.158528179382,0.));
#6094 = CARTESIAN_POINT('',(111.49669313778,21.180110902232,0.));
#6095 = CARTESIAN_POINT('',(111.49425110711,21.201697357564,0.));
#6096 = CARTESIAN_POINT('',(111.49182154266,21.223287536884,0.));
#6097 = CARTESIAN_POINT('',(111.48940444483,21.244881431673,0.));
#6098 = CARTESIAN_POINT('',(111.48699981397,21.266479033416,0.));
#6099 = CARTESIAN_POINT('',(111.48460765061,21.288080333621,0.));
#6100 = CARTESIAN_POINT('',(111.48222795511,21.309685323765,0.));
#6101 = CARTESIAN_POINT('',(111.47986072792,21.331293995349,0.));
#6102 = CARTESIAN_POINT('',(111.47750596943,21.352906339871,0.));
#6103 = CARTESIAN_POINT('',(111.47516368005,21.374522348837,0.));
#6104 = CARTESIAN_POINT('',(111.47283386014,21.396142013739,0.));
#6105 = CARTESIAN_POINT('',(111.47051651016,21.417765326087,0.));
#6106 = CARTESIAN_POINT('',(111.46821163049,21.439392277391,0.));
#6107 = CARTESIAN_POINT('',(111.4659192214,21.461022859153,0.));
#6108 = CARTESIAN_POINT('',(111.46363928338,21.482657062893,0.));
#6109 = CARTESIAN_POINT('',(111.46137181679,21.504294880119,0.));
#6110 = CARTESIAN_POINT('',(111.45911682191,21.525936302349,0.));
#6111 = CARTESIAN_POINT('',(111.45687429914,21.547581321104,0.));
#6112 = CARTESIAN_POINT('',(111.45464424886,21.569229927896,0.));
#6113 = CARTESIAN_POINT('',(111.45242667141,21.590882114249,0.));
#6114 = CARTESIAN_POINT('',(111.45022156708,21.612537871689,0.));
#6115 = CARTESIAN_POINT('',(111.44802893624,21.634197191754,0.));
#6116 = CARTESIAN_POINT('',(111.44584877916,21.655860065963,0.));
#6117 = CARTESIAN_POINT('',(111.44368109625,21.677526485852,0.));
#6118 = CARTESIAN_POINT('',(111.44152588776,21.699196442949,0.));
#6119 = CARTESIAN_POINT('',(111.43938315401,21.720869928789,0.));
#6120 = CARTESIAN_POINT('',(111.43725289533,21.742546934919,0.));
#6121 = CARTESIAN_POINT('',(111.43513511197,21.764227452874,0.));
#6122 = CARTESIAN_POINT('',(111.43302980424,21.7859114742,0.));
#6123 = CARTESIAN_POINT('',(111.43093697245,21.807598990444,0.));
#6124 = CARTESIAN_POINT('',(111.42885661683,21.829289993151,0.));
#6125 = CARTESIAN_POINT('',(111.42678873767,21.850984473866,0.));
#6126 = CARTESIAN_POINT('',(111.4247333353,21.872682424153,0.));
#6127 = CARTESIAN_POINT('',(111.42269040988,21.894383835554,0.));
#6128 = CARTESIAN_POINT('',(111.4206599617,21.916088699629,0.));
#6129 = CARTESIAN_POINT('',(111.41864199109,21.937797007942,0.));
#6130 = CARTESIAN_POINT('',(111.41663649817,21.959508752047,0.));
#6131 = CARTESIAN_POINT('',(111.41464348322,21.981223923518,0.));
#6132 = CARTESIAN_POINT('',(111.41266294651,22.002942513914,0.));
#6133 = CARTESIAN_POINT('',(111.41069488825,22.024664514802,0.));
#6134 = CARTESIAN_POINT('',(111.40873930864,22.046389917754,0.));
#6135 = CARTESIAN_POINT('',(111.40679620789,22.068118714347,0.));
#6136 = CARTESIAN_POINT('',(111.40486558623,22.089850896153,0.));
#6137 = CARTESIAN_POINT('',(111.40294744386,22.111586454749,0.));
#6138 = CARTESIAN_POINT('',(111.40104178097,22.133325381717,0.));
#6139 = CARTESIAN_POINT('',(111.39914859773,22.155067668633,0.));
#6140 = CARTESIAN_POINT('',(111.39726789439,22.176813307088,0.));
#6141 = CARTESIAN_POINT('',(111.39539967107,22.198562288668,0.));
#6142 = CARTESIAN_POINT('',(111.39354392793,22.220314604963,0.));
#6143 = CARTESIAN_POINT('',(111.39170066518,22.242070247564,0.));
#6144 = CARTESIAN_POINT('',(111.389869883,22.263829208062,0.));
#6145 = CARTESIAN_POINT('',(111.38805158149,22.285591478055,0.));
#6146 = CARTESIAN_POINT('',(111.38624576081,22.307357049143,0.));
#6147 = CARTESIAN_POINT('',(111.38445242116,22.329125912934,0.));
#6148 = CARTESIAN_POINT('',(111.38267156258,22.350898061016,0.));
#6149 = CARTESIAN_POINT('',(111.38090318531,22.372673485006,0.));
#6150 = CARTESIAN_POINT('',(111.37914728942,22.394452176502,0.));
#6151 = CARTESIAN_POINT('',(111.37740387504,22.416234127122,0.));
#6152 = CARTESIAN_POINT('',(111.37567294228,22.438019328484,0.));
#6153 = CARTESIAN_POINT('',(111.37395449123,22.45980777219,0.));
#6154 = CARTESIAN_POINT('',(111.37224852207,22.48159944987,0.));
#6155 = CARTESIAN_POINT('',(111.37055503483,22.503394353138,0.));
#6156 = CARTESIAN_POINT('',(111.36887402957,22.525192473615,0.));
#6157 = CARTESIAN_POINT('',(111.36720550649,22.546993802932,0.));
#6158 = CARTESIAN_POINT('',(111.36554946559,22.568798332709,0.));
#6159 = CARTESIAN_POINT('',(111.36390590692,22.590606054577,0.));
#6160 = CARTESIAN_POINT('',(111.36227483064,22.612416960174,0.));
#6161 = CARTESIAN_POINT('',(111.36065623676,22.634231041126,0.));
#6162 = CARTESIAN_POINT('',(111.35905012533,22.656048289075,0.));
#6163 = CARTESIAN_POINT('',(111.35745649642,22.677868695663,0.));
#6164 = CARTESIAN_POINT('',(111.35587535006,22.699692252525,0.));
#6165 = CARTESIAN_POINT('',(111.35430668633,22.721518951312,0.));
#6166 = CARTESIAN_POINT('',(111.3527505052,22.743348783663,0.));
#6167 = CARTESIAN_POINT('',(111.35120680676,22.765181741231,0.));
#6168 = CARTESIAN_POINT('',(111.34967559102,22.787017815665,0.));
#6169 = CARTESIAN_POINT('',(111.34815685798,22.808856998623,0.));
#6170 = CARTESIAN_POINT('',(111.34665060764,22.830699281754,0.));
#6171 = CARTESIAN_POINT('',(111.34515684007,22.852544656721,0.));
#6172 = CARTESIAN_POINT('',(111.34367555523,22.874393115188,0.));
#6173 = CARTESIAN_POINT('',(111.34220675305,22.896244648815,0.));
#6174 = CARTESIAN_POINT('',(111.34075043364,22.918099249272,0.));
#6175 = CARTESIAN_POINT('',(111.33930659692,22.939956908217,0.));
#6176 = CARTESIAN_POINT('',(111.33787524286,22.961817617328,0.));
#6177 = CARTESIAN_POINT('',(111.33645637146,22.983681368282,0.));
#6178 = CARTESIAN_POINT('',(111.33504998266,23.005548152747,0.));
#6179 = CARTESIAN_POINT('',(111.33365607646,23.027417962406,0.));
#6180 = CARTESIAN_POINT('',(111.33227465278,23.049290788936,0.));
#6181 = CARTESIAN_POINT('',(111.33090571158,23.071166624027,0.));
#6182 = CARTESIAN_POINT('',(111.32954925279,23.093045459359,0.));
#6183 = CARTESIAN_POINT('',(111.32820527638,23.114927286624,0.));
#6184 = CARTESIAN_POINT('',(111.32687378226,23.136812097506,0.));
#6185 = CARTESIAN_POINT('',(111.32555477036,23.158699883701,0.));
#6186 = CARTESIAN_POINT('',(111.32424824063,23.180590636906,0.));
#6187 = CARTESIAN_POINT('',(111.32295419294,23.202484348816,0.));
#6188 = CARTESIAN_POINT('',(111.32167262722,23.224381011136,0.));
#6189 = CARTESIAN_POINT('',(111.32040354338,23.246280615565,0.));
#6190 = CARTESIAN_POINT('',(111.31914694133,23.268183153817,0.));
#6191 = CARTESIAN_POINT('',(111.31790282089,23.290088617586,0.));
#6192 = CARTESIAN_POINT('',(111.31667118208,23.311996998593,0.));
#6193 = CARTESIAN_POINT('',(111.31545202468,23.333908288541,0.));
#6194 = CARTESIAN_POINT('',(111.31424534859,23.355822479156,0.));
#6195 = CARTESIAN_POINT('',(111.31305115368,23.37773956215,0.));
#6196 = CARTESIAN_POINT('',(111.31186943984,23.399659529246,0.));
#6197 = CARTESIAN_POINT('',(111.3107002069,23.421582372169,0.));
#6198 = CARTESIAN_POINT('',(111.3095434547,23.443508082638,0.));
#6199 = CARTESIAN_POINT('',(111.30839918317,23.465436652387,0.));
#6200 = CARTESIAN_POINT('',(111.30726739205,23.487368073136,0.));
#6201 = CARTESIAN_POINT('',(111.30614808125,23.509302336633,0.));
#6202 = CARTESIAN_POINT('',(111.30504125056,23.531239434605,0.));
#6203 = CARTESIAN_POINT('',(111.30394689982,23.553179358797,0.));
#6204 = CARTESIAN_POINT('',(111.30286502885,23.57512210094,0.));
#6205 = CARTESIAN_POINT('',(111.30179563749,23.59706765278,0.));
#6206 = CARTESIAN_POINT('',(111.30073872552,23.619016006067,0.));
#6207 = CARTESIAN_POINT('',(111.29969429272,23.640967152544,0.));
#6208 = CARTESIAN_POINT('',(111.29866233897,23.662921083968,0.));
#6209 = CARTESIAN_POINT('',(111.29764286398,23.684877792082,0.));
#6210 = CARTESIAN_POINT('',(111.29663586758,23.706837268652,0.));
#6211 = CARTESIAN_POINT('',(111.29564134954,23.728799505437,0.));
#6212 = CARTESIAN_POINT('',(111.29465930961,23.750764494191,0.));
#6213 = CARTESIAN_POINT('',(111.29368974764,23.772732226681,0.));
#6214 = CARTESIAN_POINT('',(111.29273266332,23.794702694671,0.));
#6215 = CARTESIAN_POINT('',(111.29178805642,23.816675889933,0.));
#6216 = CARTESIAN_POINT('',(111.29085592672,23.838651804236,0.));
#6217 = CARTESIAN_POINT('',(111.28993627398,23.860630429357,0.));
#6218 = CARTESIAN_POINT('',(111.28902909785,23.882611757064,0.));
#6219 = CARTESIAN_POINT('',(111.28813439822,23.904595779148,0.));
#6220 = CARTESIAN_POINT('',(111.28725217469,23.92658248738,0.));
#6221 = CARTESIAN_POINT('',(111.28638242703,23.948571873553,0.));
#6222 = CARTESIAN_POINT('',(111.28552515499,23.970563929451,0.));
#6223 = CARTESIAN_POINT('',(111.28468035823,23.992558646858,0.));
#6224 = CARTESIAN_POINT('',(111.28384803653,24.014556017571,0.));
#6225 = CARTESIAN_POINT('',(111.28302818954,24.036556033379,0.));
#6226 = CARTESIAN_POINT('',(111.28222081699,24.058558686087,0.));
#6227 = CARTESIAN_POINT('',(111.28142591853,24.080563967492,0.));
#6228 = CARTESIAN_POINT('',(111.28064349389,24.102571869401,0.));
#6229 = CARTESIAN_POINT('',(111.27987354272,24.124582383606,0.));
#6230 = CARTESIAN_POINT('',(111.27911606476,24.146595501918,0.));
#6231 = CARTESIAN_POINT('',(111.27837105964,24.168611216155,0.));
#6232 = CARTESIAN_POINT('',(111.27763852696,24.190629518129,0.));
#6233 = CARTESIAN_POINT('',(111.27691846648,24.212650399653,0.));
#6234 = CARTESIAN_POINT('',(111.27621087786,24.23467385254,0.));
#6235 = CARTESIAN_POINT('',(111.27551576067,24.256699868617,0.));
#6236 = CARTESIAN_POINT('',(111.27483311456,24.278728439702,0.));
#6237 = CARTESIAN_POINT('',(111.2741629393,24.300759557626,0.));
#6238 = CARTESIAN_POINT('',(111.27350523437,24.322793214212,0.));
#6239 = CARTESIAN_POINT('',(111.27285999943,24.344829401301,0.));
#6240 = CARTESIAN_POINT('',(111.27222723418,24.366868110725,0.));
#6241 = CARTESIAN_POINT('',(111.27160693813,24.388909334309,0.));
#6242 = CARTESIAN_POINT('',(111.27099911101,24.410953063903,0.));
#6243 = CARTESIAN_POINT('',(111.2704037523,24.432999291336,0.));
#6244 = CARTESIAN_POINT('',(111.26982086173,24.455048008465,0.));
#6245 = CARTESIAN_POINT('',(111.2692504388,24.477099207138,0.));
#6246 = CARTESIAN_POINT('',(111.26869248308,24.499152879197,0.));
#6247 = CARTESIAN_POINT('',(111.26814699428,24.521209016496,0.));
#6248 = CARTESIAN_POINT('',(111.2676139719,24.543267610887,0.));
#6249 = CARTESIAN_POINT('',(111.26709341548,24.565328654238,0.));
#6250 = CARTESIAN_POINT('',(111.26658532461,24.587392138401,0.));
#6251 = CARTESIAN_POINT('',(111.26608969895,24.609458055242,0.));
#6252 = CARTESIAN_POINT('',(111.26560653791,24.631526396623,0.));
#6253 = CARTESIAN_POINT('',(111.26513584111,24.653597154416,0.));
#6254 = CARTESIAN_POINT('',(111.26467760815,24.675670320495,0.));
#6255 = CARTESIAN_POINT('',(111.26423183846,24.697745886725,0.));
#6256 = CARTESIAN_POINT('',(111.26379853166,24.719823844992,0.));
#6257 = CARTESIAN_POINT('',(111.26337768727,24.741904187168,0.));
#6258 = CARTESIAN_POINT('',(111.26296930477,24.763986905138,0.));
#6259 = CARTESIAN_POINT('',(111.26257338374,24.786071990789,0.));
#6260 = CARTESIAN_POINT('',(111.26218992363,24.808159435998,0.));
#6261 = CARTESIAN_POINT('',(111.26181892404,24.830249232661,0.));
#6262 = CARTESIAN_POINT('',(111.26146038438,24.852341372667,0.));
#6263 = CARTESIAN_POINT('',(111.26111430421,24.874435847921,0.));
#6264 = CARTESIAN_POINT('',(111.26078068298,24.896532650316,0.));
#6265 = CARTESIAN_POINT('',(111.26045952021,24.918631771752,0.));
#6266 = CARTESIAN_POINT('',(111.26015081538,24.940733204132,0.));
#6267 = CARTESIAN_POINT('',(111.25985456795,24.962836939359,0.));
#6268 = CARTESIAN_POINT('',(111.25957077742,24.984942969345,0.));
#6269 = CARTESIAN_POINT('',(111.25929944322,25.007051286001,0.));
#6270 = CARTESIAN_POINT('',(111.25904056484,25.029161881244,0.));
#6271 = CARTESIAN_POINT('',(111.25879414172,25.051274746987,0.));
#6272 = CARTESIAN_POINT('',(111.25856017332,25.073389875149,0.));
#6273 = CARTESIAN_POINT('',(111.2583386591,25.095507257658,0.));
#6274 = CARTESIAN_POINT('',(111.25812959845,25.117626886433,0.));
#6275 = CARTESIAN_POINT('',(111.25793299086,25.139748753401,0.));
#6276 = CARTESIAN_POINT('',(111.25774883579,25.1618728505,0.));
#6277 = CARTESIAN_POINT('',(111.2575771325,25.183999169656,0.));
#6278 = CARTESIAN_POINT('',(111.25741788061,25.206127702817,0.));
#6279 = CARTESIAN_POINT('',(111.25727107942,25.228258441908,0.));
#6280 = CARTESIAN_POINT('',(111.25713672833,25.250391378877,0.));
#6281 = CARTESIAN_POINT('',(111.25701482683,25.272526505665,0.));
#6282 = CARTESIAN_POINT('',(111.25690537424,25.294663814216,0.));
#6283 = CARTESIAN_POINT('',(111.25680837001,25.316803296493,0.));
#6284 = CARTESIAN_POINT('',(111.25672381343,25.338944944439,0.));
#6285 = CARTESIAN_POINT('',(111.25665170399,25.361088750006,0.));
#6286 = CARTESIAN_POINT('',(111.25659204107,25.383234705159,0.));
#6287 = CARTESIAN_POINT('',(111.25654482389,25.405382801859,0.));
#6288 = CARTESIAN_POINT('',(111.25651005198,25.427533032065,0.));
#6289 = CARTESIAN_POINT('',(111.2564877247,25.449685387739,0.));
#6290 = CARTESIAN_POINT('',(111.25647784128,25.471839860863,0.));
#6291 = CARTESIAN_POINT('',(111.25648040111,25.493996443405,0.));
#6292 = CARTESIAN_POINT('',(111.25649540366,25.516155127332,0.));
#6293 = CARTESIAN_POINT('',(111.25652284814,25.538315904623,0.));
#6294 = CARTESIAN_POINT('',(111.25656273389,25.560478767269,0.));
#6295 = CARTESIAN_POINT('',(111.25661506029,25.582643707251,0.));
#6296 = CARTESIAN_POINT('',(111.25667982665,25.604810716548,0.));
#6297 = CARTESIAN_POINT('',(111.25675703227,25.626979787147,0.));
#6298 = CARTESIAN_POINT('',(111.25684667652,25.649150911042,0.));
#6299 = CARTESIAN_POINT('',(111.25694875864,25.671324080227,0.));
#6300 = CARTESIAN_POINT('',(111.25706327796,25.693499286702,0.));
#6301 = CARTESIAN_POINT('',(111.2571902338,25.715676522469,0.));
#6302 = CARTESIAN_POINT('',(111.25732962539,25.73785577952,0.));
#6303 = CARTESIAN_POINT('',(111.25748145213,25.760037049869,0.));
#6304 = CARTESIAN_POINT('',(111.25764571321,25.782220325522,0.));
#6305 = CARTESIAN_POINT('',(111.2578224079,25.80440559849,0.));
#6306 = CARTESIAN_POINT('',(111.25801153556,25.826592860787,0.));
#6307 = CARTESIAN_POINT('',(111.25821309538,25.848782104433,0.));
#6308 = CARTESIAN_POINT('',(111.25842708661,25.870973321449,0.));
#6309 = CARTESIAN_POINT('',(111.25865350858,25.89316650385,0.));
#6310 = CARTESIAN_POINT('',(111.25889236053,25.915361643659,0.));
#6311 = CARTESIAN_POINT('',(111.25914364163,25.937558732905,0.));
#6312 = CARTESIAN_POINT('',(111.25940735123,25.959757763629,0.));
#6313 = CARTESIAN_POINT('',(111.25968348846,25.981958727855,0.));
#6314 = CARTESIAN_POINT('',(111.25997205264,26.004161617628,0.));
#6315 = CARTESIAN_POINT('',(111.26027304294,26.026366424982,0.));
#6316 = CARTESIAN_POINT('',(111.26058645858,26.048573141955,0.));
#6317 = CARTESIAN_POINT('',(111.26091229885,26.070781760593,0.));
#6318 = CARTESIAN_POINT('',(111.26125056288,26.09299227295,0.));
#6319 = CARTESIAN_POINT('',(111.26160124987,26.115204671081,0.));
#6320 = CARTESIAN_POINT('',(111.26196435907,26.137418947027,0.));
#6321 = CARTESIAN_POINT('',(111.26233988972,26.159635092845,0.));
#6322 = CARTESIAN_POINT('',(111.26272784087,26.181853100601,0.));
#6323 = CARTESIAN_POINT('',(111.26312821181,26.204072962357,0.));
#6324 = CARTESIAN_POINT('',(111.26354100172,26.226294670175,0.));
#6325 = CARTESIAN_POINT('',(111.2639662097,26.248518216125,0.));
#6326 = CARTESIAN_POINT('',(111.264403835,26.270743592276,0.));
#6327 = CARTESIAN_POINT('',(111.26485387676,26.292970790696,0.));
#6328 = CARTESIAN_POINT('',(111.26531633415,26.315199803469,0.));
#6329 = CARTESIAN_POINT('',(111.26579120627,26.337430622676,0.));
#6330 = CARTESIAN_POINT('',(111.26627849231,26.359663240397,0.));
#6331 = CARTESIAN_POINT('',(111.26677819144,26.381897648712,0.));
#6332 = CARTESIAN_POINT('',(111.26729030277,26.404133839713,0.));
#6333 = CARTESIAN_POINT('',(111.26781482541,26.42637180549,0.));
#6334 = CARTESIAN_POINT('',(111.26835175854,26.448611538134,0.));
#6335 = CARTESIAN_POINT('',(111.26890110128,26.470853029747,0.));
#6336 = CARTESIAN_POINT('',(111.26946285267,26.493096272429,0.));
#6337 = CARTESIAN_POINT('',(111.27003701193,26.515341258277,0.));
#6338 = CARTESIAN_POINT('',(111.27062357813,26.537587979396,0.));
#6339 = CARTESIAN_POINT('',(111.27122255034,26.559836427902,0.));
#6340 = CARTESIAN_POINT('',(111.27183392768,26.5820865959,0.));
#6341 = CARTESIAN_POINT('',(111.27245770928,26.604338475502,0.));
#6342 = CARTESIAN_POINT('',(111.27309389419,26.626592058827,0.));
#6343 = CARTESIAN_POINT('',(111.27374248148,26.648847337991,0.));
#6344 = CARTESIAN_POINT('',(111.27440347032,26.67110430512,0.));
#6345 = CARTESIAN_POINT('',(111.27507685966,26.693362952346,0.));
#6346 = CARTESIAN_POINT('',(111.2757626486,26.715623271796,0.));
#6347 = CARTESIAN_POINT('',(111.27646083628,26.737885255591,0.));
#6348 = CARTESIAN_POINT('',(111.27717142171,26.760148895864,0.));
#6349 = CARTESIAN_POINT('',(111.27789440391,26.782414184762,0.));
#6350 = CARTESIAN_POINT('',(111.27862978198,26.804681114426,0.));
#6351 = CARTESIAN_POINT('',(111.27937755494,26.826949676999,0.));
#6352 = CARTESIAN_POINT('',(111.2801377218,26.849219864625,0.));
#6353 = CARTESIAN_POINT('',(111.28091028168,26.871491669452,0.));
#6354 = CARTESIAN_POINT('',(111.28169523351,26.893765083626,0.));
#6355 = CARTESIAN_POINT('',(111.28249257639,26.916040099302,0.));
#6356 = CARTESIAN_POINT('',(111.28330230934,26.938316708644,0.));
#6357 = CARTESIAN_POINT('',(111.28412443126,26.960594903819,0.));
#6358 = CARTESIAN_POINT('',(111.28495894127,26.982874676983,0.));
#6359 = CARTESIAN_POINT('',(111.2858058384,27.005156020297,0.));
#6360 = CARTESIAN_POINT('',(111.28666512153,27.02743892594,0.));
#6361 = CARTESIAN_POINT('',(111.28753678971,27.049723386078,0.));
#6362 = CARTESIAN_POINT('',(111.28842084202,27.072009392884,0.));
#6363 = CARTESIAN_POINT('',(111.28931727729,27.094296938542,0.));
#6364 = CARTESIAN_POINT('',(111.29022609458,27.116586015236,0.));
#6365 = CARTESIAN_POINT('',(111.29114729287,27.138876615146,0.));
#6366 = CARTESIAN_POINT('',(111.2920808711,27.16116873046,0.));
#6367 = CARTESIAN_POINT('',(111.29302682826,27.18346235337,0.));
#6368 = CARTESIAN_POINT('',(111.29398516328,27.205757476064,0.));
#6369 = CARTESIAN_POINT('',(111.29495587515,27.228054090735,0.));
#6370 = CARTESIAN_POINT('',(111.29593896282,27.250352189588,0.));
#6371 = CARTESIAN_POINT('',(111.29693442517,27.27265176483,0.));
#6372 = CARTESIAN_POINT('',(111.29794226122,27.294952808667,0.));
#6373 = CARTESIAN_POINT('',(111.29896246983,27.3172553133,0.));
#6374 = CARTESIAN_POINT('',(111.29999505001,27.339559270938,0.));
#6375 = CARTESIAN_POINT('',(111.30104000063,27.361864673796,0.));
#6376 = CARTESIAN_POINT('',(111.30209732062,27.384171514093,0.));
#6377 = CARTESIAN_POINT('',(111.30316700893,27.40647978405,0.));
#6378 = CARTESIAN_POINT('',(111.30424906438,27.42878947589,0.));
#6379 = CARTESIAN_POINT('',(111.30534348599,27.451100581831,0.));
#6380 = CARTESIAN_POINT('',(111.30645027262,27.473413094105,0.));
#6381 = CARTESIAN_POINT('',(111.30756942311,27.495727004952,0.));
#6382 = CARTESIAN_POINT('',(111.3087009364,27.518042306607,0.));
#6383 = CARTESIAN_POINT('',(111.30984481137,27.540358991302,0.));
#6384 = CARTESIAN_POINT('',(111.3110010469,27.562677051272,0.));
#6385 = CARTESIAN_POINT('',(111.31216964191,27.584996478765,0.));
#6386 = CARTESIAN_POINT('',(111.31335059516,27.607317266036,0.));
#6387 = CARTESIAN_POINT('',(111.3145439056,27.629639405326,0.));
#6388 = CARTESIAN_POINT('',(111.31574957214,27.651962888889,0.));
#6389 = CARTESIAN_POINT('',(111.31696759348,27.674287708988,0.));
#6390 = CARTESIAN_POINT('',(111.31819796859,27.696613857879,0.));
#6391 = CARTESIAN_POINT('',(111.31944069633,27.718941327821,0.));
#6392 = CARTESIAN_POINT('',(111.32069577543,27.741270111078,0.));
#6393 = CARTESIAN_POINT('',(111.32196320486,27.763600199911,0.));
#6394 = CARTESIAN_POINT('',(111.32324298342,27.785931586599,0.));
#6395 = CARTESIAN_POINT('',(111.32453510982,27.808264263426,0.));
#6396 = CARTESIAN_POINT('',(111.32583958301,27.83059822266,0.));
#6397 = CARTESIAN_POINT('',(111.32715640181,27.852933456573,0.));
#6398 = CARTESIAN_POINT('',(111.32848556495,27.875269957459,0.));
#6399 = CARTESIAN_POINT('',(111.32982707127,27.897607717604,0.));
#6400 = CARTESIAN_POINT('',(111.33118091962,27.919946729286,0.));
#6401 = CARTESIAN_POINT('',(111.33254710877,27.942286984803,0.));
#6402 = CARTESIAN_POINT('',(111.33392563747,27.964628476455,0.));
#6403 = CARTESIAN_POINT('',(111.33531650459,27.986971196541,0.));
#6404 = CARTESIAN_POINT('',(111.33671970883,28.009315137359,0.));
#6405 = CARTESIAN_POINT('',(111.33813524903,28.03166029121,0.));
#6406 = CARTESIAN_POINT('',(111.33956312397,28.0540066504,0.));
#6407 = CARTESIAN_POINT('',(111.34100333235,28.076354207243,0.));
#6408 = CARTESIAN_POINT('',(111.34245587303,28.098702954055,0.));
#6409 = CARTESIAN_POINT('',(111.34392074469,28.121052883156,0.));
#6410 = CARTESIAN_POINT('',(111.34539794609,28.143403986863,0.));
#6411 = CARTESIAN_POINT('',(111.34688747605,28.165756257492,0.));
#6412 = CARTESIAN_POINT('',(111.34838933327,28.188109687367,0.));
#6413 = CARTESIAN_POINT('',(111.34990351649,28.210464268823,0.));
#6414 = CARTESIAN_POINT('',(111.35143002446,28.232819994194,0.));
#6415 = CARTESIAN_POINT('',(111.35296885588,28.255176855813,0.));
#6416 = CARTESIAN_POINT('',(111.35452000953,28.277534846015,0.));
#6417 = CARTESIAN_POINT('',(111.35608348409,28.299893957145,0.));
#6418 = CARTESIAN_POINT('',(111.35765927827,28.322254181546,0.));
#6419 = CARTESIAN_POINT('',(111.35924739085,28.344615511563,0.));
#6420 = CARTESIAN_POINT('',(111.36084782044,28.366977939548,0.));
#6421 = CARTESIAN_POINT('',(111.36246056584,28.389341457855,0.));
#6422 = CARTESIAN_POINT('',(111.36408562566,28.411706058839,0.));
#6423 = CARTESIAN_POINT('',(111.36572299867,28.43407173486,0.));
#6424 = CARTESIAN_POINT('',(111.36737268354,28.45643847828,0.));
#6425 = CARTESIAN_POINT('',(111.36903467888,28.478806281466,0.));
#6426 = CARTESIAN_POINT('',(111.37070898352,28.501175136783,0.));
#6427 = CARTESIAN_POINT('',(111.37239559597,28.523545036608,0.));
#6428 = CARTESIAN_POINT('',(111.37409451501,28.545915973314,0.));
#6429 = CARTESIAN_POINT('',(111.37580573929,28.568287939277,0.));
#6430 = CARTESIAN_POINT('',(111.37752926742,28.590660926886,0.));
#6431 = CARTESIAN_POINT('',(111.37926509809,28.613034928521,0.));
#6432 = CARTESIAN_POINT('',(111.38101322998,28.635409936567,0.));
#6433 = CARTESIAN_POINT('',(111.38277366166,28.657785943415,0.));
#6434 = CARTESIAN_POINT('',(111.38454639188,28.680162941453,0.));
#6435 = CARTESIAN_POINT('',(111.3863314192,28.702540923086,0.));
#6436 = CARTESIAN_POINT('',(111.38812874223,28.724919880719,0.));
#6437 = CARTESIAN_POINT('',(111.38993835969,28.747299806747,0.));
#6438 = CARTESIAN_POINT('',(111.39176027012,28.76968069357,0.));
#6439 = CARTESIAN_POINT('',(111.39359447221,28.792062533598,0.));
#6440 = CARTESIAN_POINT('',(111.39544096453,28.814445319254,0.));
#6441 = CARTESIAN_POINT('',(111.39729974565,28.836829042954,0.));
#6442 = CARTESIAN_POINT('',(111.39917081426,28.859213697106,0.));
#6443 = CARTESIAN_POINT('',(111.40105416894,28.881599274133,0.));
#6444 = CARTESIAN_POINT('',(111.40294980822,28.90398576647,0.));
#6445 = CARTESIAN_POINT('',(111.40485773076,28.926373166542,0.));
#6446 = CARTESIAN_POINT('',(111.40677793512,28.948761466772,0.));
#6447 = CARTESIAN_POINT('',(111.4087104199,28.971150659595,0.));
#6448 = CARTESIAN_POINT('',(111.41065518366,28.993540737451,0.));
#6449 = CARTESIAN_POINT('',(111.41261222497,29.015931692785,0.));
#6450 = CARTESIAN_POINT('',(111.4145815424,29.038323518038,0.));
#6451 = CARTESIAN_POINT('',(111.41656313452,29.060716205657,0.));
#6452 = CARTESIAN_POINT('',(111.41855699988,29.083109748089,0.));
#6453 = CARTESIAN_POINT('',(111.42056313706,29.105504137786,0.));
#6454 = CARTESIAN_POINT('',(111.42258154458,29.127899367204,0.));
#6455 = CARTESIAN_POINT('',(111.42461222101,29.150295428808,0.));
#6456 = CARTESIAN_POINT('',(111.42665516484,29.172692315059,0.));
#6457 = CARTESIAN_POINT('',(111.42871037467,29.195090018418,0.));
#6458 = CARTESIAN_POINT('',(111.430777849,29.217488531356,0.));
#6459 = CARTESIAN_POINT('',(111.43285758633,29.239887846347,0.));
#6460 = CARTESIAN_POINT('',(111.43494958526,29.262287955864,0.));
#6461 = CARTESIAN_POINT('',(111.43705384422,29.284688852389,0.));
#6462 = CARTESIAN_POINT('',(111.43917036177,29.307090528401,0.));
#6463 = CARTESIAN_POINT('',(111.44129913642,29.329492976379,0.));
#6464 = CARTESIAN_POINT('',(111.44344016665,29.351896188814,0.));
#6465 = CARTESIAN_POINT('',(111.44559345101,29.374300158202,0.));
#6466 = CARTESIAN_POINT('',(111.44775898787,29.39670487704,0.));
#6467 = CARTESIAN_POINT('',(111.4499367759,29.419110337814,0.));
#6468 = CARTESIAN_POINT('',(111.45212681345,29.441516533029,0.));
#6469 = CARTESIAN_POINT('',(111.45432909902,29.46392345519,0.));
#6470 = CARTESIAN_POINT('',(111.45654363117,29.486331096797,0.));
#6471 = CARTESIAN_POINT('',(111.45877040827,29.508739450368,0.));
#6472 = CARTESIAN_POINT('',(111.46100942885,29.531148508416,0.));
#6473 = CARTESIAN_POINT('',(111.46326069133,29.553558263459,0.));
#6474 = CARTESIAN_POINT('',(111.46552419419,29.575968708008,0.));
#6475 = CARTESIAN_POINT('',(111.46779993593,29.598379834586,0.));
#6476 = CARTESIAN_POINT('',(111.4700879149,29.620791635729,0.));
#6477 = CARTESIAN_POINT('',(111.4723881296,29.64320410396,0.));
#6478 = CARTESIAN_POINT('',(111.47470057853,29.665617231808,0.));
#6479 = CARTESIAN_POINT('',(111.47702525998,29.688031011819,0.));
#6480 = CARTESIAN_POINT('',(111.47936217253,29.710445436524,0.));
#6481 = CARTESIAN_POINT('',(111.4817113145,29.732860498464,0.));
#6482 = CARTESIAN_POINT('',(111.48407268438,29.755276190182,0.));
#6483 = CARTESIAN_POINT('',(111.48644628056,29.777692504226,0.));
#6484 = CARTESIAN_POINT('',(111.48883210147,29.800109433153,0.));
#6485 = CARTESIAN_POINT('',(111.49123014547,29.822526969527,0.));
#6486 = CARTESIAN_POINT('',(111.493640411,29.844945105894,0.));
#6487 = CARTESIAN_POINT('',(111.49606289649,29.867363834808,0.));
#6488 = CARTESIAN_POINT('',(111.4984976003,29.889783148842,0.));
#6489 = CARTESIAN_POINT('',(111.50094452078,29.912203040567,0.));
#6490 = CARTESIAN_POINT('',(111.50340365642,29.934623502545,0.));
#6491 = CARTESIAN_POINT('',(111.50587500554,29.957044527357,0.));
#6492 = CARTESIAN_POINT('',(111.50835856644,29.979466107586,0.));
#6493 = CARTESIAN_POINT('',(111.51085433768,30.001888235793,0.));
#6494 = CARTESIAN_POINT('',(111.51336231747,30.024310904573,0.));
#6495 = CARTESIAN_POINT('',(111.51588250422,30.046734106518,0.));
#6496 = CARTESIAN_POINT('',(111.51841489633,30.069157834212,0.));
#6497 = CARTESIAN_POINT('',(111.52095949207,30.091582080249,0.));
#6498 = CARTESIAN_POINT('',(111.52351628991,30.114006837221,0.));
#6499 = CARTESIAN_POINT('',(111.5260852881,30.136432097742,0.));
#6500 = CARTESIAN_POINT('',(111.52866648496,30.15885785441,0.));
#6501 = CARTESIAN_POINT('',(111.53125987895,30.181284099811,0.));
#6502 = CARTESIAN_POINT('',(111.53386546835,30.203710826566,0.));
#6503 = CARTESIAN_POINT('',(111.5364832514,30.226138027304,0.));
#6504 = CARTESIAN_POINT('',(111.53911322652,30.248565694631,0.));
#6505 = CARTESIAN_POINT('',(111.54175539202,30.27099382116,0.));
#6506 = CARTESIAN_POINT('',(111.54440974619,30.293422399519,0.));
#6507 = CARTESIAN_POINT('',(111.54707628736,30.315851422333,0.));
#6508 = CARTESIAN_POINT('',(111.54975501381,30.338280882232,0.));
#6509 = CARTESIAN_POINT('',(111.55244592389,30.360710771844,0.));
#6510 = CARTESIAN_POINT('',(111.55514901585,30.383141083805,0.));
#6511 = CARTESIAN_POINT('',(111.55786428804,30.405571810752,0.));
#6512 = CARTESIAN_POINT('',(111.56059173866,30.428002945336,0.));
#6513 = CARTESIAN_POINT('',(111.56333136609,30.4504344802,0.));
#6514 = CARTESIAN_POINT('',(111.56608316853,30.472866407993,0.));
#6515 = CARTESIAN_POINT('',(111.56884714429,30.495298721354,0.));
#6516 = CARTESIAN_POINT('',(111.57162329175,30.517731412933,0.));
#6517 = CARTESIAN_POINT('',(111.57441160896,30.54016447542,0.));
#6518 = CARTESIAN_POINT('',(111.57721209431,30.562597901464,0.));
#6519 = CARTESIAN_POINT('',(111.58002474611,30.585031683718,0.));
#6520 = CARTESIAN_POINT('',(111.58284956246,30.607465814856,0.));
#6521 = CARTESIAN_POINT('',(111.5856865418,30.629900287543,0.));
#6522 = CARTESIAN_POINT('',(111.58853568221,30.652335094467,0.));
#6523 = CARTESIAN_POINT('',(111.591396982,30.674770228308,0.));
#6524 = CARTESIAN_POINT('',(111.59427043942,30.697205681735,0.));
#6525 = CARTESIAN_POINT('',(111.59715605268,30.71964144743,0.));
#6526 = CARTESIAN_POINT('',(111.60005382004,30.742077518084,0.));
#6527 = CARTESIAN_POINT('',(111.60296373966,30.764513886401,0.));
#6528 = CARTESIAN_POINT('',(111.60588580982,30.786950545068,0.));
#6529 = CARTESIAN_POINT('',(111.6088200287,30.809387486776,0.));
#6530 = CARTESIAN_POINT('',(111.61176639455,30.831824704221,0.));
#6531 = CARTESIAN_POINT('',(111.61472490556,30.854262190114,0.));
#6532 = CARTESIAN_POINT('',(111.61769555991,30.876699937173,0.));
#6533 = CARTESIAN_POINT('',(111.62067835578,30.899137938104,0.));
#6534 = CARTESIAN_POINT('',(111.62367329146,30.921576185606,0.));
#6535 = CARTESIAN_POINT('',(111.62668036505,30.944014672412,0.));
#6536 = CARTESIAN_POINT('',(111.62969957474,30.966453391244,0.));
#6537 = CARTESIAN_POINT('',(111.63273091876,30.988892334818,0.));
#6538 = CARTESIAN_POINT('',(111.63577439524,31.011331495859,0.));
#6539 = CARTESIAN_POINT('',(111.63883000243,31.033770867098,0.));
#6540 = CARTESIAN_POINT('',(111.64189773837,31.056210441285,0.));
#6541 = CARTESIAN_POINT('',(111.64497760131,31.078650211141,0.));
#6542 = CARTESIAN_POINT('',(111.64806958945,31.1010901694,0.));
#6543 = CARTESIAN_POINT('',(111.65117370083,31.123530308824,0.));
#6544 = CARTESIAN_POINT('',(111.65428993368,31.145970622155,0.));
#6545 = CARTESIAN_POINT('',(111.65741828614,31.168411102136,0.));
#6546 = CARTESIAN_POINT('',(111.66055875633,31.190851741527,0.));
#6547 = CARTESIAN_POINT('',(111.6637113424,31.213292533082,0.));
#6548 = CARTESIAN_POINT('',(111.66687604251,31.235733469562,0.));
#6549 = CARTESIAN_POINT('',(111.67005285472,31.258174543736,0.));
#6550 = CARTESIAN_POINT('',(111.67324177724,31.280615748359,0.));
#6551 = CARTESIAN_POINT('',(111.67644280815,31.303057076206,0.));
#6552 = CARTESIAN_POINT('',(111.67965594555,31.325498520059,0.));
#6553 = CARTESIAN_POINT('',(111.68288118757,31.347940072691,0.));
#6554 = CARTESIAN_POINT('',(111.68611853235,31.370381726876,0.));
#6555 = CARTESIAN_POINT('',(111.68936797794,31.392823475407,0.));
#6556 = CARTESIAN_POINT('',(111.69262952244,31.415265311067,0.));
#6557 = CARTESIAN_POINT('',(111.69590316406,31.437707226634,0.));
#6558 = CARTESIAN_POINT('',(111.69918890072,31.460149214919,0.));
#6559 = CARTESIAN_POINT('',(111.70248673064,31.482591268709,0.));
#6560 = CARTESIAN_POINT('',(111.70579665186,31.505033380808,0.));
#6561 = CARTESIAN_POINT('',(111.70911866242,31.527475544029,0.));
#6562 = CARTESIAN_POINT('',(111.71245276045,31.549917751169,0.));
#6563 = CARTESIAN_POINT('',(111.71579894399,31.572359995034,0.));
#6564 = CARTESIAN_POINT('',(111.71915721116,31.594802268433,0.));
#6565 = CARTESIAN_POINT('',(111.72252755995,31.617244564199,0.));
#6566 = CARTESIAN_POINT('',(111.72590998845,31.63968687515,0.));
#6567 = CARTESIAN_POINT('',(111.72930449473,31.662129194104,0.));
#6568 = CARTESIAN_POINT('',(111.73271107682,31.684571513888,0.));
#6569 = CARTESIAN_POINT('',(111.73612973277,31.707013827332,0.));
#6570 = CARTESIAN_POINT('',(111.73956046063,31.729456127269,0.));
#6571 = CARTESIAN_POINT('',(111.74300325843,31.751898406543,0.));
#6572 = CARTESIAN_POINT('',(111.7464581242,31.77434065799,0.));
#6573 = CARTESIAN_POINT('',(111.74992505599,31.796782874453,0.));
#6574 = CARTESIAN_POINT('',(111.75340405177,31.819225048786,0.));
#6575 = CARTESIAN_POINT('',(111.75689510964,31.841667173827,0.));
#6576 = CARTESIAN_POINT('',(111.76039822759,31.86410924243,0.));
#6577 = CARTESIAN_POINT('',(111.7639134036,31.886551247463,0.));
#6578 = CARTESIAN_POINT('',(111.76744063569,31.908993181786,0.));
#6579 = CARTESIAN_POINT('',(111.7709799219,31.931435038255,0.));
#6580 = CARTESIAN_POINT('',(111.77453126021,31.95387680974,0.));
#6581 = CARTESIAN_POINT('',(111.77809464859,31.976318489117,0.));
#6582 = CARTESIAN_POINT('',(111.78167008506,31.998760069254,0.));
#6583 = CARTESIAN_POINT('',(111.78525756763,32.021201543029,0.));
#6584 = CARTESIAN_POINT('',(111.78885709422,32.043642903334,0.));
#6585 = CARTESIAN_POINT('',(111.79246866286,32.06608414304,0.));
#6586 = CARTESIAN_POINT('',(111.79609227154,32.088525255029,0.));
#6587 = CARTESIAN_POINT('',(111.79972791819,32.110966232207,0.));
#6588 = CARTESIAN_POINT('',(111.80337560076,32.133407067468,0.));
#6589 = CARTESIAN_POINT('',(111.8070353173,32.155847753694,0.));
#6590 = CARTESIAN_POINT('',(111.81070706571,32.178288283799,0.));
#6591 = CARTESIAN_POINT('',(111.81439084391,32.200728650697,0.));
#6592 = CARTESIAN_POINT('',(111.81808664991,32.223168847281,0.));
#6593 = CARTESIAN_POINT('',(111.82179448168,32.245608866451,0.));
#6594 = CARTESIAN_POINT('',(111.82551433712,32.268048701132,0.));
#6595 = CARTESIAN_POINT('',(111.82924621416,32.290488344258,0.));
#6596 = CARTESIAN_POINT('',(111.83299011071,32.312927788748,0.));
#6597 = CARTESIAN_POINT('',(111.83674602478,32.33536702751,0.));
#6598 = CARTESIAN_POINT('',(111.84051395427,32.357806053469,0.));
#6599 = CARTESIAN_POINT('',(111.84429389708,32.38024485957,0.));
#6600 = CARTESIAN_POINT('',(111.84808585115,32.402683438747,0.));
#6601 = CARTESIAN_POINT('',(111.85188981436,32.425121783942,0.));
#6602 = CARTESIAN_POINT('',(111.85570578466,32.447559888086,0.));
#6603 = CARTESIAN_POINT('',(111.85953375997,32.469997744125,0.));
#6604 = CARTESIAN_POINT('',(111.86337373814,32.492435345019,0.));
#6605 = CARTESIAN_POINT('',(111.86722571709,32.514872683714,0.));
#6606 = CARTESIAN_POINT('',(111.87108969473,32.53730975316,0.));
#6607 = CARTESIAN_POINT('',(111.87496566897,32.559746546314,0.));
#6608 = CARTESIAN_POINT('',(111.87885363764,32.582183056153,0.));
#6609 = CARTESIAN_POINT('',(111.88275359865,32.604619275639,0.));
#6610 = CARTESIAN_POINT('',(111.88666554987,32.627055197736,0.));
#6611 = CARTESIAN_POINT('',(111.89058948921,32.649490815407,0.));
#6612 = CARTESIAN_POINT('',(111.89452541455,32.671926121633,0.));
#6613 = CARTESIAN_POINT('',(111.89847332365,32.694361109413,0.));
#6614 = CARTESIAN_POINT('',(111.90243321449,32.716795771711,0.));
#6615 = CARTESIAN_POINT('',(111.90640508488,32.739230101516,0.));
#6616 = CARTESIAN_POINT('',(111.91038893266,32.761664091818,0.));
#6617 = CARTESIAN_POINT('',(111.91438475576,32.784097735606,0.));
#6618 = CARTESIAN_POINT('',(111.9183925519,32.806531025893,0.));
#6619 = CARTESIAN_POINT('',(111.92241231901,32.828963955661,0.));
#6620 = CARTESIAN_POINT('',(111.92644405497,32.851396517905,0.));
#6621 = CARTESIAN_POINT('',(111.9304877575,32.87382870566,0.));
#6622 = CARTESIAN_POINT('',(111.93454342445,32.896260511935,0.));
#6623 = CARTESIAN_POINT('',(111.93861105376,32.918691929716,0.));
#6624 = CARTESIAN_POINT('',(111.94269064314,32.941122952037,0.));
#6625 = CARTESIAN_POINT('',(111.94678219045,32.963553571912,0.));
#6626 = CARTESIAN_POINT('',(111.95088569354,32.985983782364,0.));
#6627 = CARTESIAN_POINT('',(111.95500115015,33.008413576434,0.));
#6628 = CARTESIAN_POINT('',(111.9591285581,33.030842947151,0.));
#6629 = CARTESIAN_POINT('',(111.96326791526,33.053271887534,0.));
#6630 = CARTESIAN_POINT('',(111.96741921935,33.07570039063,0.));
#6631 = CARTESIAN_POINT('',(111.97158246823,33.098128449477,0.));
#6632 = CARTESIAN_POINT('',(111.97575765965,33.120556057124,0.));
#6633 = CARTESIAN_POINT('',(111.97994479141,33.142983206612,0.));
#6634 = CARTESIAN_POINT('',(111.98414386132,33.165409890996,0.));
#6635 = CARTESIAN_POINT('',(111.98835486708,33.187836103347,0.));
#6636 = CARTESIAN_POINT('',(111.99257780654,33.210261836705,0.));
#6637 = CARTESIAN_POINT('',(111.9968126775,33.232687084122,0.));
#6638 = CARTESIAN_POINT('',(112.00105947763,33.255111838682,0.));
#6639 = CARTESIAN_POINT('',(112.00531820477,33.277536093454,0.));
#6640 = CARTESIAN_POINT('',(112.00958885662,33.299959841502,0.));
#6641 = CARTESIAN_POINT('',(112.01387143104,33.322383075892,0.));
#6642 = CARTESIAN_POINT('',(112.01816592568,33.344805789724,0.));
#6643 = CARTESIAN_POINT('',(112.0224723383,33.367227976079,0.));
#6644 = CARTESIAN_POINT('',(112.0267906667,33.389649628027,0.));
#6645 = CARTESIAN_POINT('',(112.0311209086,33.412070738661,0.));
#6646 = CARTESIAN_POINT('',(112.03546306171,33.43449130108,0.));
#6647 = CARTESIAN_POINT('',(112.03981712381,33.456911308379,0.));
#6648 = CARTESIAN_POINT('',(112.04418309257,33.479330753666,0.));
#6649 = CARTESIAN_POINT('',(112.04856096574,33.501749630034,0.));
#6650 = CARTESIAN_POINT('',(112.05295074111,33.524167930584,0.));
#6651 = CARTESIAN_POINT('',(112.05735241626,33.546585648444,0.));
#6652 = CARTESIAN_POINT('',(112.06176598904,33.569002776707,0.));
#6653 = CARTESIAN_POINT('',(112.06619145711,33.591419308497,0.));
#6654 = CARTESIAN_POINT('',(112.07062881812,33.613835236953,0.));
#6655 = CARTESIAN_POINT('',(112.07507806983,33.636250555185,0.));
#6656 = CARTESIAN_POINT('',(112.07953920997,33.658665256309,0.));
#6657 = CARTESIAN_POINT('',(112.08401223617,33.681079333472,0.));
#6658 = CARTESIAN_POINT('',(112.08849714613,33.703492779808,0.));
#6659 = CARTESIAN_POINT('',(112.09299393761,33.725905588435,0.));
#6660 = CARTESIAN_POINT('',(112.09750260821,33.748317752519,0.));
#6661 = CARTESIAN_POINT('',(112.1020231556,33.770729265207,0.));
#6662 = CARTESIAN_POINT('',(112.10655557755,33.793140119625,0.));
#6663 = CARTESIAN_POINT('',(112.11109987166,33.815550308938,0.));
#6664 = CARTESIAN_POINT('',(112.11565603559,33.837959826305,0.));
#6665 = CARTESIAN_POINT('',(112.12022406706,33.860368664876,0.));
#6666 = CARTESIAN_POINT('',(112.12480396369,33.882776817812,0.));
#6667 = CARTESIAN_POINT('',(112.12939572317,33.905184278288,0.));
#6668 = CARTESIAN_POINT('',(112.13399934306,33.927591039486,0.));
#6669 = CARTESIAN_POINT('',(112.13861482115,33.949997094545,0.));
#6670 = CARTESIAN_POINT('',(112.14324215503,33.972402436651,0.));
#6671 = CARTESIAN_POINT('',(112.14788134226,33.99480705901,0.));
#6672 = CARTESIAN_POINT('',(112.15253238057,34.017210954787,0.));
#6673 = CARTESIAN_POINT('',(112.15719526761,34.039614117158,0.));
#6674 = CARTESIAN_POINT('',(112.16187000092,34.062016539328,0.));
#6675 = CARTESIAN_POINT('',(112.16655657822,34.084418214485,0.));
#6676 = CARTESIAN_POINT('',(112.17125499705,34.106819135835,0.));
#6677 = CARTESIAN_POINT('',(112.17596525511,34.129219296567,0.));
#6678 = CARTESIAN_POINT('',(112.18068734995,34.151618689896,0.));
#6679 = CARTESIAN_POINT('',(112.18542127919,34.174017309025,0.));
#6680 = CARTESIAN_POINT('',(112.19016704054,34.196415147147,0.));
#6681 = CARTESIAN_POINT('',(112.19492463145,34.218812197508,0.));
#6682 = CARTESIAN_POINT('',(112.1996940496,34.241208453317,0.));
#6683 = CARTESIAN_POINT('',(112.2044752926,34.263603907789,0.));
#6684 = CARTESIAN_POINT('',(112.20926835798,34.285998554157,0.));
#6685 = CARTESIAN_POINT('',(112.21407324343,34.308392385635,0.));
#6686 = CARTESIAN_POINT('',(112.21888994643,34.330785395475,0.));
#6687 = CARTESIAN_POINT('',(112.22371846462,34.353177576908,0.));
#6688 = CARTESIAN_POINT('',(112.22855879556,34.375568923169,0.));
#6689 = CARTESIAN_POINT('',(112.23341093685,34.39795942749,0.));
#6690 = CARTESIAN_POINT('',(112.23827488607,34.420349083127,0.));
#6691 = CARTESIAN_POINT('',(112.2431506407,34.442737883349,0.));
#6692 = CARTESIAN_POINT('',(112.24803819839,34.465125821388,0.));
#6693 = CARTESIAN_POINT('',(112.25293755668,34.487512890497,0.));
#6694 = CARTESIAN_POINT('',(112.25784871312,34.509899083944,0.));
#6695 = CARTESIAN_POINT('',(112.26277166528,34.532284394996,0.));
#6696 = CARTESIAN_POINT('',(112.26770641065,34.554668816933,0.));
#6697 = CARTESIAN_POINT('',(112.27265294682,34.577052343007,0.));
#6698 = CARTESIAN_POINT('',(112.27761127138,34.599434966481,0.));
#6699 = CARTESIAN_POINT('',(112.28258138178,34.621816680654,0.));
#6700 = CARTESIAN_POINT('',(112.2875632756,34.64419747881,0.));
#6701 = CARTESIAN_POINT('',(112.29255695033,34.666577354241,0.));
#6702 = CARTESIAN_POINT('',(112.29756240354,34.688956300217,0.));
#6703 = CARTESIAN_POINT('',(112.30257963276,34.711334310019,0.));
#6704 = CARTESIAN_POINT('',(112.30760863553,34.733711376953,0.));
#6705 = CARTESIAN_POINT('',(112.31264940926,34.756087494349,0.));
#6706 = CARTESIAN_POINT('',(112.31770195151,34.77846265549,0.));
#6707 = CARTESIAN_POINT('',(112.3227662599,34.800836853655,0.));
#6708 = CARTESIAN_POINT('',(112.32784233178,34.823210082191,0.));
#6709 = CARTESIAN_POINT('',(112.33293016469,34.845582334407,0.));
#6710 = CARTESIAN_POINT('',(112.33802975621,34.867953603601,0.));
#6711 = CARTESIAN_POINT('',(112.34314110373,34.890323883107,0.));
#6712 = CARTESIAN_POINT('',(112.34826420481,34.912693166242,0.));
#6713 = CARTESIAN_POINT('',(112.35339905692,34.935061446338,0.));
#6714 = CARTESIAN_POINT('',(112.35854565752,34.957428716731,0.));
#6715 = CARTESIAN_POINT('',(112.36370400409,34.97979497075,0.));
#6716 = CARTESIAN_POINT('',(112.36887409418,35.002160201728,0.));
#6717 = CARTESIAN_POINT('',(112.37405592513,35.024524403026,0.));
#6718 = CARTESIAN_POINT('',(112.37924949453,35.046887567962,0.));
#6719 = CARTESIAN_POINT('',(112.38445479982,35.069249689895,0.));
#6720 = CARTESIAN_POINT('',(112.38967183838,35.0916107622,0.));
#6721 = CARTESIAN_POINT('',(112.39490060777,35.11397077821,0.));
#6722 = CARTESIAN_POINT('',(112.40014110537,35.136329731296,0.));
#6723 = CARTESIAN_POINT('',(112.40539332869,35.158687614806,0.));
#6724 = CARTESIAN_POINT('',(112.41065727516,35.181044422113,0.));
#6725 = CARTESIAN_POINT('',(112.41593294218,35.2034001466,0.));
#6726 = CARTESIAN_POINT('',(112.42122032725,35.225754781629,0.));
#6727 = CARTESIAN_POINT('',(112.42651942776,35.248108320576,0.));
#6728 = CARTESIAN_POINT('',(112.43183024123,35.270460756815,0.));
#6729 = CARTESIAN_POINT('',(112.43715276495,35.292812083762,0.));
#6730 = CARTESIAN_POINT('',(112.44248699642,35.315162294786,0.));
#6731 = CARTESIAN_POINT('',(112.44783293312,35.337511383259,0.));
#6732 = CARTESIAN_POINT('',(112.45319057236,35.359859342603,0.));
#6733 = CARTESIAN_POINT('',(112.45855991164,35.382206166203,0.));
#6734 = CARTESIAN_POINT('',(112.46394094834,35.404551847466,0.));
#6735 = CARTESIAN_POINT('',(112.46933367985,35.426896379807,0.));
#6736 = CARTESIAN_POINT('',(112.47473810358,35.449239756629,0.));
#6737 = CARTESIAN_POINT('',(112.48015421697,35.471581971337,0.));
#6738 = CARTESIAN_POINT('',(112.48558201738,35.493923017352,0.));
#6739 = CARTESIAN_POINT('',(112.49102150221,35.5162628881,0.));
#6740 = CARTESIAN_POINT('',(112.49647266886,35.538601576999,0.));
#6741 = CARTESIAN_POINT('',(112.50193551472,35.560939077478,0.));
#6742 = CARTESIAN_POINT('',(112.50741003715,35.583275382975,0.));
#6743 = CARTESIAN_POINT('',(112.51289623355,35.605610486914,0.));
#6744 = CARTESIAN_POINT('',(112.5183941013,35.627944382732,0.));
#6745 = CARTESIAN_POINT('',(112.52390363779,35.650277063871,0.));
#6746 = CARTESIAN_POINT('',(112.52942484033,35.672608523791,0.));
#6747 = CARTESIAN_POINT('',(112.53495770633,35.694938755933,0.));
#6748 = CARTESIAN_POINT('',(112.54050223314,35.717267753747,0.));
#6749 = CARTESIAN_POINT('',(112.54605841813,35.739595510682,0.));
#6750 = CARTESIAN_POINT('',(112.55162625869,35.761922020195,0.));
#6751 = CARTESIAN_POINT('',(112.55720575207,35.784247275772,0.));
#6752 = CARTESIAN_POINT('',(112.56279689572,35.806571270862,0.));
#6753 = CARTESIAN_POINT('',(112.56839968694,35.828893998944,0.));
#6754 = CARTESIAN_POINT('',(112.57401412304,35.851215453496,0.));
#6755 = CARTESIAN_POINT('',(112.57964020143,35.873535627981,0.));
#6756 = CARTESIAN_POINT('',(112.58527791941,35.895854515881,0.));
#6757 = CARTESIAN_POINT('',(112.59092727433,35.918172110683,0.));
#6758 = CARTESIAN_POINT('',(112.59658826345,35.940488405889,0.));
#6759 = CARTESIAN_POINT('',(112.60226088423,35.96280339496,0.));
#6760 = CARTESIAN_POINT('',(112.60794513384,35.985117071436,0.));
#6761 = CARTESIAN_POINT('',(112.61364100961,36.00742942881,0.));
#6762 = CARTESIAN_POINT('',(112.61934850903,36.029740460528,0.));
#6763 = CARTESIAN_POINT('',(112.62506762923,36.052050160141,0.));
#6764 = CARTESIAN_POINT('',(112.63079836758,36.07435852116,0.));
#6765 = CARTESIAN_POINT('',(112.63654072137,36.096665537096,0.));
#6766 = CARTESIAN_POINT('',(112.64229468794,36.118971201449,0.));
#6767 = CARTESIAN_POINT('',(112.64806026454,36.141275507755,0.));
#6768 = CARTESIAN_POINT('',(112.65383744848,36.163578449537,0.));
#6769 = CARTESIAN_POINT('',(112.65962623707,36.185880020319,0.));
#6770 = CARTESIAN_POINT('',(112.66542662756,36.20818021365,0.));
#6771 = CARTESIAN_POINT('',(112.6712386172,36.230479023055,0.));
#6772 = CARTESIAN_POINT('',(112.67706220345,36.252776442032,0.));
#6773 = CARTESIAN_POINT('',(112.68289738336,36.27507246418,0.));
#6774 = CARTESIAN_POINT('',(112.68874415432,36.297367083023,0.));
#6775 = CARTESIAN_POINT('',(112.69460251365,36.319660292101,0.));
#6776 = CARTESIAN_POINT('',(112.7004724584,36.341952085005,0.));
#6777 = CARTESIAN_POINT('',(112.70635398615,36.364242455224,0.));
#6778 = CARTESIAN_POINT('',(112.71224709391,36.386531396368,0.));
#6779 = CARTESIAN_POINT('',(112.71815177902,36.408818902002,0.));
#6780 = CARTESIAN_POINT('',(112.72406803873,36.431104965685,0.));
#6781 = CARTESIAN_POINT('',(112.7299958703,36.45338958098,0.));
#6782 = CARTESIAN_POINT('',(112.73593527099,36.475672741462,0.));
#6783 = CARTESIAN_POINT('',(112.74188623798,36.497954440725,0.));
#6784 = CARTESIAN_POINT('',(112.74784876858,36.520234672338,0.));
#6785 = CARTESIAN_POINT('',(112.75382285997,36.54251342989,0.));
#6786 = CARTESIAN_POINT('',(112.75980850945,36.56479070696,0.));
#6787 = CARTESIAN_POINT('',(112.76580571417,36.587066497156,0.));
#6788 = CARTESIAN_POINT('',(112.77181447142,36.609340794064,0.));
#6789 = CARTESIAN_POINT('',(112.7778347784,36.631613591288,0.));
#6790 = CARTESIAN_POINT('',(112.7838666323,36.653884882441,0.));
#6791 = CARTESIAN_POINT('',(112.78991003039,36.676154661119,0.));
#6792 = CARTESIAN_POINT('',(112.79596496983,36.698422920942,0.));
#6793 = CARTESIAN_POINT('',(112.80203144789,36.720689655509,0.));
#6794 = CARTESIAN_POINT('',(112.80810946172,36.742954858444,0.));
#6795 = CARTESIAN_POINT('',(112.81419900858,36.765218523362,0.));
#6796 = CARTESIAN_POINT('',(112.82030008562,36.787480643913,0.));
#6797 = CARTESIAN_POINT('',(112.82641268998,36.809741213733,0.));
#6798 = CARTESIAN_POINT('',(112.83253681903,36.832000226404,0.));
#6799 = CARTESIAN_POINT('',(112.83867246981,36.854257675594,0.));
#6800 = CARTESIAN_POINT('',(112.84481963955,36.876513554948,0.));
#6801 = CARTESIAN_POINT('',(112.85097832544,36.898767858105,0.));
#6802 = CARTESIAN_POINT('',(112.85714852463,36.921020578711,0.));
#6803 = CARTESIAN_POINT('',(112.86333023436,36.943271710403,0.));
#6804 = CARTESIAN_POINT('',(112.86952345176,36.965521246849,0.));
#6805 = CARTESIAN_POINT('',(112.87572817395,36.98776918172,0.));
#6806 = CARTESIAN_POINT('',(112.8819443982,37.01001550865,0.));
#6807 = CARTESIAN_POINT('',(112.88817212165,37.03226022131,0.));
#6808 = CARTESIAN_POINT('',(112.89441134135,37.054503313401,0.));
#6809 = CARTESIAN_POINT('',(112.90066205461,37.076744778557,0.));
#6810 = CARTESIAN_POINT('',(112.90692425851,37.098984610467,0.));
#6811 = CARTESIAN_POINT('',(112.91319795017,37.121222802818,0.));
#6812 = CARTESIAN_POINT('',(112.91948312682,37.143459349276,0.));
#6813 = CARTESIAN_POINT('',(112.92577978552,37.165694243549,0.));
#6814 = CARTESIAN_POINT('',(112.93208792346,37.18792747932,0.));
#6815 = CARTESIAN_POINT('',(112.93840753777,37.210159050282,0.));
#6816 = CARTESIAN_POINT('',(112.94473862554,37.232388950146,0.));
#6817 = CARTESIAN_POINT('',(112.95108118398,37.254617172589,0.));
#6818 = CARTESIAN_POINT('',(112.9574352102,37.276843711319,0.));
#6819 = CARTESIAN_POINT('',(112.96380070125,37.29906856007,0.));
#6820 = CARTESIAN_POINT('',(112.97017765431,37.321291712539,0.));
#6821 = CARTESIAN_POINT('',(112.97656606655,37.343513162426,0.));
#6822 = CARTESIAN_POINT('',(112.98296593494,37.365732903491,0.));
#6823 = CARTESIAN_POINT('',(112.98937725675,37.387950929419,0.));
#6824 = CARTESIAN_POINT('',(112.99580002898,37.410167233959,0.));
#6825 = CARTESIAN_POINT('',(113.00223424876,37.432381810841,0.));
#6826 = CARTESIAN_POINT('',(113.00867991324,37.454594653783,0.));
#6827 = CARTESIAN_POINT('',(113.01513701946,37.476805756538,0.));
#6828 = CARTESIAN_POINT('',(113.02160556455,37.49901511284,0.));
#6829 = CARTESIAN_POINT('',(113.02808554561,37.521222716436,0.));
#6830 = CARTESIAN_POINT('',(113.03457695966,37.543428561097,0.));
#6831 = CARTESIAN_POINT('',(113.04107980385,37.565632640551,0.));
#6832 = CARTESIAN_POINT('',(113.04759407528,37.587834948546,0.));
#6833 = CARTESIAN_POINT('',(113.05411977098,37.610035478856,0.));
#6834 = CARTESIAN_POINT('',(113.06065688807,37.63223422525,0.));
#6835 = CARTESIAN_POINT('',(113.0672054235,37.654431181518,0.));
#6836 = CARTESIAN_POINT('',(113.07376537458,37.676626341367,0.));
#6837 = CARTESIAN_POINT('',(113.08033673813,37.698819698635,0.));
#6838 = CARTESIAN_POINT('',(113.08691951133,37.721011247069,0.));
#6839 = CARTESIAN_POINT('',(113.09351369132,37.743200980431,0.));
#6840 = CARTESIAN_POINT('',(113.10011927497,37.765388892556,0.));
#6841 = CARTESIAN_POINT('',(113.10673625947,37.787574977211,0.));
#6842 = CARTESIAN_POINT('',(113.11336464183,37.809759228153,0.));
#6843 = CARTESIAN_POINT('',(113.12000449181,37.831941882211,0.));
#6844 = CARTESIAN_POINT('',(113.12665624364,37.854124389512,0.));
#6845 = CARTESIAN_POINT('',(113.13331446144,37.87631128799,0.));
#6846 = CARTESIAN_POINT('',(113.13997371703,37.898507120812,0.));
#6847 = CARTESIAN_POINT('',(113.14663445776,37.920713346607,0.));
#6848 = CARTESIAN_POINT('',(113.1532967655,37.942930211636,0.));
#6849 = CARTESIAN_POINT('',(113.15996064951,37.965157719319,0.));
#6850 = CARTESIAN_POINT('',(113.16662611897,37.987395873095,0.));
#6851 = CARTESIAN_POINT('',(113.17329318326,38.009644676334,0.));
#6852 = CARTESIAN_POINT('',(113.17996185151,38.031904132459,0.));
#6853 = CARTESIAN_POINT('',(113.18663213302,38.054174244843,0.));
#6854 = CARTESIAN_POINT('',(113.193304037,38.076455016864,0.));
#6855 = CARTESIAN_POINT('',(113.19997757271,38.098746451883,0.));
#6856 = CARTESIAN_POINT('',(113.20665274932,38.121048553277,0.));
#6857 = CARTESIAN_POINT('',(113.21332957613,38.143361324379,0.));
#6858 = CARTESIAN_POINT('',(113.22000806226,38.165684768544,0.));
#6859 = CARTESIAN_POINT('',(113.22668821703,38.188018889077,0.));
#6860 = CARTESIAN_POINT('',(113.23337004959,38.210363689318,0.));
#6861 = CARTESIAN_POINT('',(113.24005356911,38.232719172586,0.));
#6862 = CARTESIAN_POINT('',(113.24673878491,38.255085342149,0.));
#6863 = CARTESIAN_POINT('',(113.25342570608,38.277462201325,0.));
#6864 = CARTESIAN_POINT('',(113.26011434184,38.299849753394,0.));
#6865 = CARTESIAN_POINT('',(113.26680470141,38.322248001623,0.));
#6866 = CARTESIAN_POINT('',(113.27349679397,38.344656949282,0.));
#6867 = CARTESIAN_POINT('',(113.28019062861,38.367076599647,0.));
#6868 = CARTESIAN_POINT('',(113.28688621463,38.389506955928,0.));
#6869 = CARTESIAN_POINT('',(113.29358356116,38.411948021367,0.));
#6870 = CARTESIAN_POINT('',(113.30028267732,38.434399799211,0.));
#6871 = CARTESIAN_POINT('',(113.30698357236,38.456862292659,0.));
#6872 = CARTESIAN_POINT('',(113.31368625533,38.479335504941,0.));
#6873 = CARTESIAN_POINT('',(113.32039073548,38.501819439233,0.));
#6874 = CARTESIAN_POINT('',(113.32709702192,38.524314098739,0.));
#6875 = CARTESIAN_POINT('',(113.33380512376,38.546819486645,0.));
#6876 = CARTESIAN_POINT('',(113.34051505021,38.569335606104,0.));
#6877 = CARTESIAN_POINT('',(113.34722681038,38.591862460287,0.));
#6878 = CARTESIAN_POINT('',(113.35394041335,38.614400052369,0.));
#6879 = CARTESIAN_POINT('',(113.36065586828,38.636948385469,0.));
#6880 = CARTESIAN_POINT('',(113.3673731844,38.659507462697,0.));
#6881 = CARTESIAN_POINT('',(113.37409237064,38.682077287226,0.));
#6882 = CARTESIAN_POINT('',(113.38081343622,38.704657862152,0.));
#6883 = CARTESIAN_POINT('',(113.38753639031,38.72724919056,0.));
#6884 = CARTESIAN_POINT('',(113.39426124182,38.749851275599,0.));
#6885 = CARTESIAN_POINT('',(113.40098800003,38.772464120316,0.));
#6886 = CARTESIAN_POINT('',(113.40771667398,38.795087727798,0.));
#6887 = CARTESIAN_POINT('',(113.41444727272,38.817722101129,0.));
#6888 = CARTESIAN_POINT('',(113.42117980536,38.840367243362,0.));
#6889 = CARTESIAN_POINT('',(113.42791428102,38.863023157531,0.));
#6890 = CARTESIAN_POINT('',(113.43465070876,38.885689846689,0.));
#6891 = CARTESIAN_POINT('',(113.44138909756,38.908367313894,0.));
#6892 = CARTESIAN_POINT('',(113.44812945661,38.931055562138,0.));
#6893 = CARTESIAN_POINT('',(113.45487179493,38.953754594442,0.));
#6894 = CARTESIAN_POINT('',(113.46161612153,38.976464413814,0.));
#6895 = CARTESIAN_POINT('',(113.46836244558,38.999185023231,0.));
#6896 = CARTESIAN_POINT('',(113.475110776,39.021916425721,0.));
#6897 = CARTESIAN_POINT('',(113.48186112183,39.044658624257,0.));
#6898 = CARTESIAN_POINT('',(113.48861349226,39.067411621761,0.));
#6899 = CARTESIAN_POINT('',(113.49536789613,39.090175421238,0.));
#6900 = CARTESIAN_POINT('',(113.50212434265,39.112950025605,0.));
#6901 = CARTESIAN_POINT('',(113.5088828407,39.135735437836,0.));
#6902 = CARTESIAN_POINT('',(113.51564339932,39.158531660855,0.));
#6903 = CARTESIAN_POINT('',(113.52240602766,39.181338697545,0.));
#6904 = CARTESIAN_POINT('',(113.52917073453,39.204156550874,0.));
#6905 = CARTESIAN_POINT('',(113.53593752906,39.226985223725,0.));
#6906 = CARTESIAN_POINT('',(113.54270642021,39.249824718996,0.));
#6907 = CARTESIAN_POINT('',(113.54947741694,39.272675039572,0.));
#6908 = CARTESIAN_POINT('',(113.55625052837,39.295536188298,0.));
#6909 = CARTESIAN_POINT('',(113.56302576335,39.31840816808,0.));
#6910 = CARTESIAN_POINT('',(113.56980313086,39.34129098179,0.));
#6911 = CARTESIAN_POINT('',(113.57658263994,39.364184632245,0.));
#6912 = CARTESIAN_POINT('',(113.58336429955,39.387089122295,0.));
#6913 = CARTESIAN_POINT('',(113.59014811858,39.410004454786,0.));
#6914 = CARTESIAN_POINT('',(113.5969341061,39.432930632509,0.));
#6915 = CARTESIAN_POINT('',(113.60372227097,39.455867658303,0.));
#6916 = CARTESIAN_POINT('',(113.61051262218,39.478815534973,0.));
#6917 = CARTESIAN_POINT('',(113.61730516864,39.501774265314,0.));
#6918 = CARTESIAN_POINT('',(113.62409991935,39.524743852096,0.));
#6919 = CARTESIAN_POINT('',(113.63089688316,39.547724298114,0.));
#6920 = CARTESIAN_POINT('',(113.63769606908,39.570715606116,0.));
#6921 = CARTESIAN_POINT('',(113.64449748599,39.593717778867,0.));
#6922 = CARTESIAN_POINT('',(113.65130114277,39.616730819133,0.));
#6923 = CARTESIAN_POINT('',(113.65810704844,39.63975472963,0.));
#6924 = CARTESIAN_POINT('',(113.66491521178,39.662789513125,0.));
#6925 = CARTESIAN_POINT('',(113.67172564171,39.685835172342,0.));
#6926 = CARTESIAN_POINT('',(113.67853834721,39.708891709953,0.));
#6927 = CARTESIAN_POINT('',(113.68535333713,39.731959128669,0.));
#6928 = CARTESIAN_POINT('',(113.69217062034,39.755037431204,0.));
#6929 = CARTESIAN_POINT('',(113.69899020572,39.778126620248,0.));
#6930 = CARTESIAN_POINT('',(113.70581210214,39.80122669848,0.));
#6931 = CARTESIAN_POINT('',(113.71263631847,39.824337668565,0.));
#6932 = CARTESIAN_POINT('',(113.71946286356,39.84745953316,0.));
#6933 = CARTESIAN_POINT('',(113.72629174637,39.870592294894,0.));
#6934 = CARTESIAN_POINT('',(113.73312297559,39.893735956459,0.));
#6935 = CARTESIAN_POINT('',(113.73995656015,39.916890520458,0.));
#6936 = CARTESIAN_POINT('',(113.74679250893,39.940055989498,0.));
#6937 = CARTESIAN_POINT('',(113.75363083072,39.963232366215,0.));
#6938 = CARTESIAN_POINT('',(113.7604715343,39.986419653232,0.));
#6939 = CARTESIAN_POINT('',(113.7673146286,40.009617853118,0.));
#6940 = CARTESIAN_POINT('',(113.77416012235,40.032826968473,0.));
#6941 = CARTESIAN_POINT('',(113.78100802444,40.056047001863,0.));
#6942 = CARTESIAN_POINT('',(113.78785834364,40.079277955881,0.));
#6943 = CARTESIAN_POINT('',(113.79471108865,40.102519833111,0.));
#6944 = CARTESIAN_POINT('',(113.80156626848,40.12577263604,0.));
#6945 = CARTESIAN_POINT('',(113.80842389178,40.149036367244,0.));
#6946 = CARTESIAN_POINT('',(113.81528396731,40.17231102927,0.));
#6947 = CARTESIAN_POINT('',(113.82214650399,40.195596624606,0.));
#6948 = CARTESIAN_POINT('',(113.82901151049,40.2188931558,0.));
#6949 = CARTESIAN_POINT('',(113.83587899554,40.242200625389,0.));
#6950 = CARTESIAN_POINT('',(113.84274896796,40.265519035847,0.));
#6951 = CARTESIAN_POINT('',(113.84962143653,40.288848389633,0.));
#6952 = CARTESIAN_POINT('',(113.85649641003,40.312188689237,0.));
#6953 = CARTESIAN_POINT('',(113.86337389705,40.335539937174,0.));
#6954 = CARTESIAN_POINT('',(113.87025390653,40.358902135866,0.));
#6955 = CARTESIAN_POINT('',(113.87713644704,40.382275287803,0.));
#6956 = CARTESIAN_POINT('',(113.88402152736,40.405659395416,0.));
#6957 = CARTESIAN_POINT('',(113.89090915629,40.429054461117,0.));
#6958 = CARTESIAN_POINT('',(113.89779934243,40.452460487362,0.));
#6959 = CARTESIAN_POINT('',(113.90469209458,40.475877476564,0.));
#6960 = CARTESIAN_POINT('',(113.91158742137,40.499305431149,0.));
#6961 = CARTESIAN_POINT('',(113.91848533155,40.522744353504,0.));
#6962 = CARTESIAN_POINT('',(113.92538583383,40.546194246011,0.));
#6963 = CARTESIAN_POINT('',(113.93228893682,40.569655111086,0.));
#6964 = CARTESIAN_POINT('',(113.93919464924,40.593126951083,0.));
#6965 = CARTESIAN_POINT('',(113.94610297985,40.616609768352,0.));
#6966 = CARTESIAN_POINT('',(113.95301393715,40.640103565295,0.));
#6967 = CARTESIAN_POINT('',(113.95992752995,40.663608344236,0.));
#6968 = CARTESIAN_POINT('',(113.9668437668,40.687124107532,0.));
#6969 = CARTESIAN_POINT('',(113.97376265642,40.710650857495,0.));
#6970 = CARTESIAN_POINT('',(113.98068420748,40.734188596439,0.));
#6971 = CARTESIAN_POINT('',(113.98760842852,40.757737326708,0.));
#6972 = CARTESIAN_POINT('',(113.99453532825,40.781297050592,0.));
#6973 = CARTESIAN_POINT('',(114.00146491531,40.804867770386,0.));
#6974 = CARTESIAN_POINT('',(114.00839719819,40.828449488412,0.));
#6975 = CARTESIAN_POINT('',(114.01533218569,40.852042206901,0.));
#6976 = CARTESIAN_POINT('',(114.02226988629,40.875645928154,0.));
#6977 = CARTESIAN_POINT('',(114.0292103086,40.899260654431,0.));
#6978 = CARTESIAN_POINT('',(114.03615346132,40.922886387959,0.));
#6979 = CARTESIAN_POINT('',(114.04309935289,40.946523131015,0.));
#6980 = CARTESIAN_POINT('',(114.05004799203,40.970170885815,0.));
#6981 = CARTESIAN_POINT('',(114.05699938723,40.993829654602,0.));
#6982 = CARTESIAN_POINT('',(114.06395354707,41.017499439601,0.));
#6983 = CARTESIAN_POINT('',(114.07091048014,41.041180243007,0.));
#6984 = CARTESIAN_POINT('',(114.07787019501,41.064872067015,0.));
#6985 = CARTESIAN_POINT('',(114.08483270019,41.088574913831,0.));
#6986 = CARTESIAN_POINT('',(114.09179800428,41.11228878563,0.));
#6987 = CARTESIAN_POINT('',(114.09876611575,41.13601368461,0.));
#6988 = CARTESIAN_POINT('',(114.10573704318,41.159749612929,0.));
#6989 = CARTESIAN_POINT('',(114.11271079507,41.183496572737,0.));
#6990 = CARTESIAN_POINT('',(114.11968738003,41.207254566162,0.));
#6991 = CARTESIAN_POINT('',(114.12666680646,41.231023595382,0.));
#6992 = CARTESIAN_POINT('',(114.13364908286,41.254803662539,0.));
#6993 = CARTESIAN_POINT('',(114.14063421787,41.27859476971,0.));
#6994 = CARTESIAN_POINT('',(114.14762221986,41.302396919048,0.));
#6995 = CARTESIAN_POINT('',(114.15461309731,41.32621011266,0.));
#6996 = CARTESIAN_POINT('',(114.16160685883,41.350034352609,0.));
#6997 = CARTESIAN_POINT('',(114.16860351277,41.373869641019,0.));
#6998 = CARTESIAN_POINT('',(114.17560306763,41.397715979977,0.));
#6999 = CARTESIAN_POINT('',(114.18260553188,41.421573371541,0.));
#7000 = CARTESIAN_POINT('',(114.18961091401,41.445441817767,0.));
#7001 = CARTESIAN_POINT('',(114.1966192224,41.469321320726,0.));
#7002 = CARTESIAN_POINT('',(114.20363046558,41.493211882441,0.));
#7003 = CARTESIAN_POINT('',(114.21064465194,41.517113504977,0.));
#7004 = CARTESIAN_POINT('',(114.21766178981,41.541026190379,0.));
#7005 = CARTESIAN_POINT('',(114.22468188786,41.564949940609,0.));
#7006 = CARTESIAN_POINT('',(114.23170495423,41.588884757753,0.));
#7007 = CARTESIAN_POINT('',(114.23873099748,41.612830643776,0.));
#7008 = CARTESIAN_POINT('',(114.24576002608,41.636787600654,0.));
#7009 = CARTESIAN_POINT('',(114.25279204821,41.660755630437,0.));
#7010 = CARTESIAN_POINT('',(114.25982707243,41.684734735062,0.));
#7011 = CARTESIAN_POINT('',(114.26686510711,41.708724916485,0.));
#7012 = CARTESIAN_POINT('',(114.27390616057,41.732726176698,0.));
#7013 = CARTESIAN_POINT('',(114.2809502412,41.756738517652,0.));
#7014 = CARTESIAN_POINT('',(114.28799735736,41.78076194129,0.));
#7015 = CARTESIAN_POINT('',(114.29504751741,41.804796449546,0.));
#7016 = CARTESIAN_POINT('',(114.30210072973,41.828842044337,0.));
#7017 = CARTESIAN_POINT('',(114.30915700263,41.852898727595,0.));
#7018 = CARTESIAN_POINT('',(114.31621634443,41.876966501244,0.));
#7019 = CARTESIAN_POINT('',(114.32327876347,41.901045367187,0.));
#7020 = CARTESIAN_POINT('',(114.33034426806,41.925135327308,0.));
#7021 = CARTESIAN_POINT('',(114.33741286661,41.949236383474,0.));
#7022 = CARTESIAN_POINT('',(114.34448456726,41.973348537616,0.));
#7023 = CARTESIAN_POINT('',(114.35155937842,41.997471791574,0.));
#7024 = CARTESIAN_POINT('',(114.35863730842,42.021606147185,0.));
#7025 = CARTESIAN_POINT('',(114.36571836546,42.04575160634,0.));
#7026 = CARTESIAN_POINT('',(114.37280255781,42.069908170886,0.));
#7027 = CARTESIAN_POINT('',(114.37988989385,42.094075842628,0.));
#7028 = CARTESIAN_POINT('',(114.38698038176,42.118254623413,0.));
#7029 = CARTESIAN_POINT('',(114.39407402982,42.142444515065,0.));
#7030 = CARTESIAN_POINT('',(114.40117084626,42.166645519398,0.));
#7031 = CARTESIAN_POINT('',(114.4082708394,42.190857638198,0.));
#7032 = CARTESIAN_POINT('',(114.41537401737,42.215080873289,0.));
#7033 = CARTESIAN_POINT('',(114.42248038846,42.239315226441,0.));
#7034 = CARTESIAN_POINT('',(114.42958996094,42.263560699414,0.));
#7035 = CARTESIAN_POINT('',(114.43670274294,42.287817294006,0.));
#7036 = CARTESIAN_POINT('',(114.44381874272,42.312085011967,0.));
#7037 = CARTESIAN_POINT('',(114.45093796847,42.336363855056,0.));
#7038 = CARTESIAN_POINT('',(114.45806042836,42.360653825028,0.));
#7039 = CARTESIAN_POINT('',(114.46518613064,42.384954923604,0.));
#7040 = CARTESIAN_POINT('',(114.47231508342,42.409267152526,0.));
#7041 = CARTESIAN_POINT('',(114.47944729491,42.433590513508,0.));
#7042 = CARTESIAN_POINT('',(114.48658277329,42.45792500825,0.));
#7043 = CARTESIAN_POINT('',(114.49372152674,42.482270638465,0.));
#7044 = CARTESIAN_POINT('',(114.50086356329,42.506627405888,0.));
#7045 = CARTESIAN_POINT('',(114.50800889121,42.530995312169,0.));
#7046 = CARTESIAN_POINT('',(114.5151575186,42.555374358988,0.));
#7047 = CARTESIAN_POINT('',(114.52230945357,42.579764548022,0.));
#7048 = CARTESIAN_POINT('',(114.52946470427,42.604165880928,0.));
#7049 = CARTESIAN_POINT('',(114.53662327885,42.628578359362,0.));
#7050 = CARTESIAN_POINT('',(114.54378518528,42.653001985001,0.));
#7051 = CARTESIAN_POINT('',(114.55095043185,42.677436759444,0.));
#7052 = CARTESIAN_POINT('',(114.55811902649,42.701882684355,0.));
#7053 = CARTESIAN_POINT('',(114.56529097736,42.726339761344,0.));
#7054 = CARTESIAN_POINT('',(114.57246629258,42.750807992012,0.));
#7055 = CARTESIAN_POINT('',(114.57964498009,42.775287377997,0.));
#7056 = CARTESIAN_POINT('',(114.58682704812,42.799777920856,0.));
#7057 = CARTESIAN_POINT('',(114.59401250462,42.824279622212,0.));
#7058 = CARTESIAN_POINT('',(114.6012013576,42.848792483663,0.));
#7059 = CARTESIAN_POINT('',(114.60839361523,42.873316506746,0.));
#7060 = CARTESIAN_POINT('',(114.61558928544,42.897851693037,0.));
#7061 = CARTESIAN_POINT('',(114.62278837633,42.922398044077,0.));
#7062 = CARTESIAN_POINT('',(114.62999089589,42.946955561444,0.));
#7063 = CARTESIAN_POINT('',(114.63719685205,42.971524246709,0.));
#7064 = CARTESIAN_POINT('',(114.64440625292,42.996104101368,0.));
#7065 = CARTESIAN_POINT('',(114.65161910645,43.02069512694,0.));
#7066 = CARTESIAN_POINT('',(114.6588354207,43.045297324937,0.));
#7067 = CARTESIAN_POINT('',(114.66605520353,43.069910696903,0.));
#7068 = CARTESIAN_POINT('',(114.67327846297,43.094535244335,0.));
#7069 = CARTESIAN_POINT('',(114.68050520702,43.119170968697,0.));
#7070 = CARTESIAN_POINT('',(114.68773544362,43.143817871494,0.));
#7071 = CARTESIAN_POINT('',(114.69496918062,43.168475954234,0.));
#7072 = CARTESIAN_POINT('',(114.70220642615,43.193145218332,0.));
#7073 = CARTESIAN_POINT('',(114.70944718798,43.217825665279,0.));
#7074 = CARTESIAN_POINT('',(114.71669147413,43.242517296524,0.));
#7075 = CARTESIAN_POINT('',(114.72393929251,43.267220113525,0.));
#7076 = CARTESIAN_POINT('',(114.73119065089,43.291934117746,0.));
#7077 = CARTESIAN_POINT('',(114.73844555745,43.316659310543,0.));
#7078 = CARTESIAN_POINT('',(114.74570401982,43.341395693401,0.));
#7079 = CARTESIAN_POINT('',(114.75296604603,43.366143267701,0.));
#7080 = CARTESIAN_POINT('',(114.76023164399,43.390902034843,0.));
#7081 = CARTESIAN_POINT('',(114.76750082142,43.415671996283,0.));
#7082 = CARTESIAN_POINT('',(114.77477358627,43.440453153383,0.));
#7083 = CARTESIAN_POINT('',(114.78204994648,43.465245507493,0.));
#7084 = CARTESIAN_POINT('',(114.78932990976,43.490049060022,0.));
#7085 = CARTESIAN_POINT('',(114.79661348401,43.514863812325,0.));
#7086 = CARTESIAN_POINT('',(114.80390067712,43.539689765755,0.));
#7087 = CARTESIAN_POINT('',(114.81119149679,43.564526921702,0.));
#7088 = CARTESIAN_POINT('',(114.8184859509,43.589375281494,0.));
#7089 = CARTESIAN_POINT('',(114.82578404731,43.614234846437,0.));
#7090 = CARTESIAN_POINT('',(114.83308579376,43.639105617878,0.));
#7091 = CARTESIAN_POINT('',(114.84039119802,43.66398759715,0.));
#7092 = CARTESIAN_POINT('',(114.84770026796,43.688880785541,0.));
#7093 = CARTESIAN_POINT('',(114.8550130113,43.713785184379,0.));
#7094 = CARTESIAN_POINT('',(114.86232943573,43.738700794979,0.));
#7095 = CARTESIAN_POINT('',(114.86964954923,43.763627618564,0.));
#7096 = CARTESIAN_POINT('',(114.87697335934,43.788565656468,0.));
#7097 = CARTESIAN_POINT('',(114.88430087392,43.813514909956,0.));
#7098 = CARTESIAN_POINT('',(114.89163210065,43.838475380304,0.));
#7099 = CARTESIAN_POINT('',(114.89896704724,43.863447068761,0.));
#7100 = CARTESIAN_POINT('',(114.90630572155,43.888429976547,0.));
#7101 = CARTESIAN_POINT('',(114.91364813109,43.913424104958,0.));
#7102 = CARTESIAN_POINT('',(114.92099428372,43.938429455197,0.));
#7103 = CARTESIAN_POINT('',(114.92834418706,43.963446028506,0.));
#7104 = CARTESIAN_POINT('',(114.9356978488,43.988473826102,0.));
#7105 = CARTESIAN_POINT('',(114.94305527669,44.013512849179,0.));
#7106 = CARTESIAN_POINT('',(114.95041647831,44.038563098968,0.));
#7107 = CARTESIAN_POINT('',(114.95778146133,44.063624576666,0.));
#7108 = CARTESIAN_POINT('',(114.9651502335,44.088697283435,0.));
#7109 = CARTESIAN_POINT('',(114.97252280237,44.113781220481,0.));
#7110 = CARTESIAN_POINT('',(114.97989917557,44.138876388977,0.));
#7111 = CARTESIAN_POINT('',(114.98727936085,44.163982790059,0.));
#7112 = CARTESIAN_POINT('',(114.99466336568,44.189100424927,0.));
#7113 = CARTESIAN_POINT('',(115.00205119777,44.214229294721,0.));
#7114 = CARTESIAN_POINT('',(115.00944286465,44.239369400586,0.));
#7115 = CARTESIAN_POINT('',(115.01683837403,44.264520743628,0.));
#7116 = CARTESIAN_POINT('',(115.02423773341,44.289683325005,0.));
#7117 = CARTESIAN_POINT('',(115.03164095031,44.314857145857,0.));
#7118 = CARTESIAN_POINT('',(115.0390480325,44.340042207243,0.));
#7119 = CARTESIAN_POINT('',(115.04645898734,44.365238510313,0.));
#7120 = CARTESIAN_POINT('',(115.05387382247,44.390446056158,0.));
#7121 = CARTESIAN_POINT('',(115.06129254547,44.415664845855,0.));
#7122 = CARTESIAN_POINT('',(115.06871516376,44.440894880509,0.));
#7123 = CARTESIAN_POINT('',(115.07614168504,44.466136161152,0.));
#7124 = CARTESIAN_POINT('',(115.08357211668,44.491388688889,0.));
#7125 = CARTESIAN_POINT('',(115.09100646627,44.516652464774,0.));
#7126 = CARTESIAN_POINT('',(115.09844474127,44.541927489871,0.));
#7127 = CARTESIAN_POINT('',(115.10588694917,44.567213765221,0.));
#7128 = CARTESIAN_POINT('',(115.11333309751,44.592511291841,0.));
#7129 = CARTESIAN_POINT('',(115.12078319374,44.617820070772,0.));
#7130 = CARTESIAN_POINT('',(115.1282372453,44.643140103049,0.));
#7131 = CARTESIAN_POINT('',(115.13569525969,44.66847138968,0.));
#7132 = CARTESIAN_POINT('',(115.14315724433,44.693813931688,0.));
#7133 = CARTESIAN_POINT('',(115.15062320664,44.719167730063,0.));
#7134 = CARTESIAN_POINT('',(115.15809315419,44.744532785769,0.));
#7135 = CARTESIAN_POINT('',(115.16556709421,44.769909099839,0.));
#7136 = CARTESIAN_POINT('',(115.17304503427,44.795296673224,0.));
#7137 = CARTESIAN_POINT('',(115.18052698167,44.820695506912,0.));
#7138 = CARTESIAN_POINT('',(115.1880129439,44.846105601851,0.));
#7139 = CARTESIAN_POINT('',(115.19550292828,44.871526959022,0.));
#7140 = CARTESIAN_POINT('',(115.20299694221,44.896959579369,0.));
#7141 = CARTESIAN_POINT('',(115.21049499307,44.92240346382,0.));
#7142 = CARTESIAN_POINT('',(115.21799708824,44.947858613298,0.));
#7143 = CARTESIAN_POINT('',(115.22550323508,44.97332502874,0.));
#7144 = CARTESIAN_POINT('',(115.23301344088,44.998802711082,0.));
#7145 = CARTESIAN_POINT('',(115.24052771305,45.02429166123,0.));
#7146 = CARTESIAN_POINT('',(115.2480460588,45.049791880116,0.));
#7147 = CARTESIAN_POINT('',(115.25556848558,45.075303368592,0.));
#7148 = CARTESIAN_POINT('',(115.26309500068,45.100826127549,0.));
#7149 = CARTESIAN_POINT('',(115.27062561134,45.126360157904,0.));
#7150 = CARTESIAN_POINT('',(115.27816032485,45.151905460529,0.));
#7151 = CARTESIAN_POINT('',(115.28569914859,45.177462036265,0.));
#7152 = CARTESIAN_POINT('',(115.29324208973,45.203029886001,0.));
#7153 = CARTESIAN_POINT('',(115.30078915558,45.228609010579,0.));
#7154 = CARTESIAN_POINT('',(115.30834035346,45.254199410837,0.));
#7155 = CARTESIAN_POINT('',(115.31589569045,45.27980108766,0.));
#7156 = CARTESIAN_POINT('',(115.32345517394,45.305414041838,0.));
#7157 = CARTESIAN_POINT('',(115.33101881115,45.331038274202,0.));
#7158 = CARTESIAN_POINT('',(115.33858660914,45.356673785603,0.));
#7159 = CARTESIAN_POINT('',(115.34615857538,45.382320576788,0.));
#7160 = CARTESIAN_POINT('',(115.3537347169,45.407978648611,0.));
#7161 = CARTESIAN_POINT('',(115.36131504085,45.433648001886,0.));
#7162 = CARTESIAN_POINT('',(115.36889955458,45.459328637363,0.));
#7163 = CARTESIAN_POINT('',(115.37648826512,45.485020555847,0.));
#7164 = CARTESIAN_POINT('',(115.38408117972,45.510723758099,0.));
#7165 = CARTESIAN_POINT('',(115.39167830552,45.536438244887,0.));
#7166 = CARTESIAN_POINT('',(115.39927964964,45.562164016988,0.));
#7167 = CARTESIAN_POINT('',(115.40688521925,45.587901075153,0.));
#7168 = CARTESIAN_POINT('',(115.41449502145,45.613649420125,0.));
#7169 = CARTESIAN_POINT('',(115.42210906338,45.639409052643,0.));
#7170 = CARTESIAN_POINT('',(115.42972735217,45.665179973436,0.));
#7171 = CARTESIAN_POINT('',(115.43734989486,45.690962183247,0.));
#7172 = CARTESIAN_POINT('',(115.4449766986,45.716755682775,0.));
#7173 = CARTESIAN_POINT('',(115.45260777049,45.742560472737,0.));
#7174 = CARTESIAN_POINT('',(115.46024311749,45.768376553874,0.));
#7175 = CARTESIAN_POINT('',(115.46788274676,45.794203926851,0.));
#7176 = CARTESIAN_POINT('',(115.47552666539,45.820042592343,0.));
#7177 = CARTESIAN_POINT('',(115.48317488033,45.845892551061,0.));
#7178 = CARTESIAN_POINT('',(115.49082739865,45.87175380368,0.));
#7179 = CARTESIAN_POINT('',(115.49848422742,45.897626350852,0.));
#7180 = CARTESIAN_POINT('',(115.50614537362,45.92351019327,0.));
#7181 = CARTESIAN_POINT('',(115.51381084417,45.949405331602,0.));
#7182 = CARTESIAN_POINT('',(115.52148064627,45.97531176644,0.));
#7183 = CARTESIAN_POINT('',(115.52915478675,46.001229498456,0.));
#7184 = CARTESIAN_POINT('',(115.53683327265,46.027158528283,0.));
#7185 = CARTESIAN_POINT('',(115.54451611096,46.053098856552,0.));
#7186 = CARTESIAN_POINT('',(115.55220330853,46.07905048391,0.));
#7187 = CARTESIAN_POINT('',(115.55989487245,46.105013410931,0.));
#7188 = CARTESIAN_POINT('',(115.56759080964,46.130987638233,0.));
#7189 = CARTESIAN_POINT('',(115.57529112687,46.156973166466,0.));
#7190 = CARTESIAN_POINT('',(115.58299583128,46.182969996157,0.));
#7191 = CARTESIAN_POINT('',(115.5907049297,46.208978127906,0.));
#7192 = CARTESIAN_POINT('',(115.59841842897,46.23499756232,0.));
#7193 = CARTESIAN_POINT('',(115.6061363361,46.261028299958,0.));
#7194 = CARTESIAN_POINT('',(115.61385865785,46.287070341406,0.));
#7195 = CARTESIAN_POINT('',(115.6215854012,46.313123687193,0.));
#7196 = CARTESIAN_POINT('',(115.62931657296,46.339188337884,0.));
#7197 = CARTESIAN_POINT('',(115.63705218003,46.365264294029,0.));
#7198 = CARTESIAN_POINT('',(115.64479222916,46.391351556188,0.));
#7199 = CARTESIAN_POINT('',(115.6525367273,46.417450124859,0.));
#7200 = CARTESIAN_POINT('',(115.66028568125,46.443560000573,0.));
#7201 = CARTESIAN_POINT('',(115.66803909774,46.469681183881,0.));
#7202 = CARTESIAN_POINT('',(115.67579698369,46.495813675272,0.));
#7203 = CARTESIAN_POINT('',(115.68355934582,46.521957475261,0.));
#7204 = CARTESIAN_POINT('',(115.69132619095,46.54811258433,0.));
#7205 = CARTESIAN_POINT('',(115.6990975259,46.574279002963,0.));
#7206 = CARTESIAN_POINT('',(115.70687335739,46.600456731685,0.));
#7207 = CARTESIAN_POINT('',(115.71465369205,46.626645770999,0.));
#7208 = CARTESIAN_POINT('',(115.72243853691,46.652846121287,0.));
#7209 = CARTESIAN_POINT('',(115.73022789854,46.679057783058,0.));
#7210 = CARTESIAN_POINT('',(115.73802178362,46.705280756804,0.));
#7211 = CARTESIAN_POINT('',(115.74582019899,46.731515042947,0.));
#7212 = CARTESIAN_POINT('',(115.75362315127,46.75776064194,0.));
#7213 = CARTESIAN_POINT('',(115.76143064721,46.784017554206,0.));
#7214 = CARTESIAN_POINT('',(115.76924269353,46.810285780177,0.));
#7215 = CARTESIAN_POINT('',(115.7770592968,46.836565320321,0.));
#7216 = CARTESIAN_POINT('',(115.78488046376,46.862856175043,0.));
#7217 = CARTESIAN_POINT('',(115.79270620105,46.889158344734,0.));
#7218 = CARTESIAN_POINT('',(115.80053651541,46.915471829792,0.));
#7219 = CARTESIAN_POINT('',(115.80837141329,46.941796630661,0.));
#7220 = CARTESIAN_POINT('',(115.81621090152,46.968132747686,0.));
#7221 = CARTESIAN_POINT('',(115.82405498663,46.994480181279,0.));
#7222 = CARTESIAN_POINT('',(115.83190367514,47.020838931844,0.));
#7223 = CARTESIAN_POINT('',(115.83975697385,47.047208999704,0.));
#7224 = CARTESIAN_POINT('',(115.84761488918,47.073590385259,0.));
#7225 = CARTESIAN_POINT('',(115.85547742776,47.099983088864,0.));
#7226 = CARTESIAN_POINT('',(115.86334459623,47.126387110862,0.));
#7227 = CARTESIAN_POINT('',(115.871216401,47.152802451645,0.));
#7228 = CARTESIAN_POINT('',(115.87909284873,47.179229111508,0.));
#7229 = CARTESIAN_POINT('',(115.88697394601,47.20566709077,0.));
#7230 = CARTESIAN_POINT('',(115.89485969922,47.232116389804,0.));
#7231 = CARTESIAN_POINT('',(115.90275011497,47.258577008927,0.));
#7232 = CARTESIAN_POINT('',(115.91064519975,47.285048948446,0.));
#7233 = CARTESIAN_POINT('',(115.91854496007,47.311532208659,0.));
#7234 = CARTESIAN_POINT('',(115.92644940242,47.338026789874,0.));
#7235 = CARTESIAN_POINT('',(115.93435853323,47.364532692401,0.));
#7236 = CARTESIAN_POINT('',(115.94227235905,47.391049916512,0.));
#7237 = CARTESIAN_POINT('',(115.95019088625,47.417578462515,0.));
#7238 = CARTESIAN_POINT('',(115.95811412132,47.444118330679,0.));
#7239 = CARTESIAN_POINT('',(115.96604207072,47.470669521263,0.));
#7240 = CARTESIAN_POINT('',(115.97397474083,47.49723203454,0.));
#7241 = CARTESIAN_POINT('',(115.98191213811,47.523805870757,0.));
#7242 = CARTESIAN_POINT('',(115.98985426894,47.550391030174,0.));
#7243 = CARTESIAN_POINT('',(115.9978011397,47.57698751305,0.));
#7244 = CARTESIAN_POINT('',(116.00575275684,47.603595319611,0.));
#7245 = CARTESIAN_POINT('',(116.01370912662,47.630214450109,0.));
#7246 = CARTESIAN_POINT('',(116.02167025554,47.656844904733,0.));
#7247 = CARTESIAN_POINT('',(116.02963614987,47.683486683726,0.));
#7248 = CARTESIAN_POINT('',(116.03760681598,47.710139787307,0.));
#7249 = CARTESIAN_POINT('',(116.04558226017,47.736804215695,0.));
#7250 = CARTESIAN_POINT('',(116.05356248881,47.76347996907,0.));
#7251 = CARTESIAN_POINT('',(116.0615475082,47.790167047627,0.));
#7252 = CARTESIAN_POINT('',(116.06953732462,47.816865451569,0.));
#7253 = CARTESIAN_POINT('',(116.07753194438,47.843575181078,0.));
#7254 = CARTESIAN_POINT('',(116.08553137378,47.870296236322,0.));
#7255 = CARTESIAN_POINT('',(116.09353561903,47.897028617486,0.));
#7256 = CARTESIAN_POINT('',(116.10154468647,47.923772324724,0.));
#7257 = CARTESIAN_POINT('',(116.10955858226,47.950527358215,0.));
#7258 = CARTESIAN_POINT('',(116.11757731269,47.977293718089,0.));
#7259 = CARTESIAN_POINT('',(116.12560088405,48.004071404478,0.));
#7260 = CARTESIAN_POINT('',(116.13362930242,48.030860417563,0.));
#7261 = CARTESIAN_POINT('',(116.14166257413,48.05766075745,0.));
#7262 = CARTESIAN_POINT('',(116.1497007053,48.084472424276,0.));
#7263 = CARTESIAN_POINT('',(116.15774370216,48.111295418166,0.));
#7264 = CARTESIAN_POINT('',(116.16579157087,48.138129739244,0.));
#7265 = CARTESIAN_POINT('',(116.17384431755,48.164975387622,0.));
#7266 = CARTESIAN_POINT('',(116.18190194845,48.191832363371,0.));
#7267 = CARTESIAN_POINT('',(116.18996446967,48.218700666602,0.));
#7268 = CARTESIAN_POINT('',(116.19803188727,48.245580297435,0.));
#7269 = CARTESIAN_POINT('',(116.20610420752,48.272471255918,0.));
#7270 = CARTESIAN_POINT('',(116.2141814364,48.299373542169,0.));
#7271 = CARTESIAN_POINT('',(116.22226358002,48.32628715626,0.));
#7272 = CARTESIAN_POINT('',(116.23035064456,48.353212098225,0.));
#7273 = CARTESIAN_POINT('',(116.23844263605,48.380148368131,0.));
#7274 = CARTESIAN_POINT('',(116.24653956055,48.407095966057,0.));
#7275 = CARTESIAN_POINT('',(116.25464142409,48.434054892061,0.));
#7276 = CARTESIAN_POINT('',(116.26274823276,48.461025146159,0.));
#7277 = CARTESIAN_POINT('',(116.27085999265,48.488006728377,0.));
#7278 = CARTESIAN_POINT('',(116.27897670964,48.514999638793,0.));
#7279 = CARTESIAN_POINT('',(116.28709838987,48.542003877415,0.));
#7280 = CARTESIAN_POINT('',(116.29522503926,48.569019444273,0.));
#7281 = CARTESIAN_POINT('',(116.30335666385,48.59604633936,0.));
#7282 = CARTESIAN_POINT('',(116.31149326967,48.623084562676,0.));
#7283 = CARTESIAN_POINT('',(116.31963486257,48.650134114262,0.));
#7284 = CARTESIAN_POINT('',(116.32778144856,48.677194994104,0.));
#7285 = CARTESIAN_POINT('',(116.33593303367,48.704267202167,0.));
#7286 = CARTESIAN_POINT('',(116.34408962371,48.731350738462,0.));
#7287 = CARTESIAN_POINT('',(116.35225122469,48.75844560295,0.));
#7288 = CARTESIAN_POINT('',(116.36041784254,48.785551795616,0.));
#7289 = CARTESIAN_POINT('',(116.36858948303,48.812669316465,0.));
#7290 = CARTESIAN_POINT('',(116.37676615224,48.839798165407,0.));
#7291 = CARTESIAN_POINT('',(116.3849478559,48.866938342424,0.));
#7292 = CARTESIAN_POINT('',(116.39313459998,48.894089847447,0.));
#7293 = CARTESIAN_POINT('',(116.40132639032,48.921252680427,0.));
#7294 = CARTESIAN_POINT('',(116.40952323273,48.948426841322,0.));
#7295 = CARTESIAN_POINT('',(116.41772513309,48.975612330057,0.));
#7296 = CARTESIAN_POINT('',(116.42593209718,49.002809146568,0.));
#7297 = CARTESIAN_POINT('',(116.43414413087,49.030017290757,0.));
#7298 = CARTESIAN_POINT('',(116.44236123996,49.057236762539,0.));
#7299 = CARTESIAN_POINT('',(116.45058343024,49.084467561842,0.));
#7300 = CARTESIAN_POINT('',(116.45881070739,49.111709688598,0.));
#7301 = CARTESIAN_POINT('',(116.46704307737,49.138963142648,0.));
#7302 = CARTESIAN_POINT('',(116.47528054584,49.166227923909,0.));
#7303 = CARTESIAN_POINT('',(116.48352311847,49.193504032302,0.));
#7304 = CARTESIAN_POINT('',(116.49177080115,49.22079146766,0.));
#7305 = CARTESIAN_POINT('',(116.50002359957,49.248090229877,0.));
#7306 = CARTESIAN_POINT('',(116.50828151931,49.275400318861,0.));
#7307 = CARTESIAN_POINT('',(116.51654456626,49.302721734436,0.));
#7308 = CARTESIAN_POINT('',(116.524812746,49.330054476482,0.));
#7309 = CARTESIAN_POINT('',(116.53308606423,49.357398544839,0.));
#7310 = CARTESIAN_POINT('',(116.54136452672,49.38475393934,0.));
#7311 = CARTESIAN_POINT('',(116.54964813897,49.412120659889,0.));
#7312 = CARTESIAN_POINT('',(116.55793690666,49.439498706306,0.));
#7313 = CARTESIAN_POINT('',(116.56623083557,49.466888078371,0.));
#7314 = CARTESIAN_POINT('',(116.57452993118,49.494288775956,0.));
#7315 = CARTESIAN_POINT('',(116.58283419913,49.521700798899,0.));
#7316 = CARTESIAN_POINT('',(116.59114364504,49.549124146991,0.));
#7317 = CARTESIAN_POINT('',(116.59945827454,49.576558820023,0.));
#7318 = CARTESIAN_POINT('',(116.60777809319,49.604004817819,0.));
#7319 = CARTESIAN_POINT('',(116.61610310647,49.631462140211,0.));
#7320 = CARTESIAN_POINT('',(116.62443332007,49.658930786957,0.));
#7321 = CARTESIAN_POINT('',(116.63276873944,49.686410757864,0.));
#7322 = CARTESIAN_POINT('',(116.64110937014,49.713902052714,0.));
#7323 = CARTESIAN_POINT('',(116.64945521774,49.74140467126,0.));
#7324 = CARTESIAN_POINT('',(116.6578062877,49.768918613295,0.));
#7325 = CARTESIAN_POINT('',(116.66616258553,49.796443878596,0.));
#7326 = CARTESIAN_POINT('',(116.6745241167,49.823980466928,0.));
#7327 = CARTESIAN_POINT('',(116.68289088671,49.851528378036,0.));
#7328 = CARTESIAN_POINT('',(116.69126290107,49.879087611658,0.));
#7329 = CARTESIAN_POINT('',(116.69964016513,49.906658167572,0.));
#7330 = CARTESIAN_POINT('',(116.70802268441,49.93424004551,0.));
#7331 = CARTESIAN_POINT('',(116.71641046432,49.961833245204,0.));
#7332 = CARTESIAN_POINT('',(116.72480351023,49.989437766391,0.));
#7333 = CARTESIAN_POINT('',(116.73320182768,50.017053608761,0.));
#7334 = CARTESIAN_POINT('',(116.74160542194,50.044680772065,0.));
#7335 = CARTESIAN_POINT('',(116.75001429841,50.072319256023,0.));
#7336 = CARTESIAN_POINT('',(116.75842846255,50.099969060333,0.));
#7337 = CARTESIAN_POINT('',(116.76684791957,50.12763018472,0.));
#7338 = CARTESIAN_POINT('',(116.77527267498,50.155302628848,0.));
#7339 = CARTESIAN_POINT('',(116.78370273403,50.182986392433,0.));
#7340 = CARTESIAN_POINT('',(116.792138102,50.210681475184,0.));
#7341 = CARTESIAN_POINT('',(116.80057878434,50.238387876747,0.));
#7342 = CARTESIAN_POINT('',(116.80902478622,50.26610559682,0.));
#7343 = CARTESIAN_POINT('',(116.81747611302,50.293834635068,0.));
#7344 = CARTESIAN_POINT('',(116.82593276996,50.321574991167,0.));
#7345 = CARTESIAN_POINT('',(116.83439476236,50.349326664765,0.));
#7346 = CARTESIAN_POINT('',(116.84286209544,50.377089655546,0.));
#7347 = CARTESIAN_POINT('',(116.8513347744,50.404863963173,0.));
#7348 = CARTESIAN_POINT('',(116.85981280454,50.432649587252,0.));
#7349 = CARTESIAN_POINT('',(116.86829619114,50.460446527419,0.));
#7350 = CARTESIAN_POINT('',(116.87678493924,50.488254783368,0.));
#7351 = CARTESIAN_POINT('',(116.88527905412,50.516074354714,0.));
#7352 = CARTESIAN_POINT('',(116.89377854101,50.543905241059,0.));
#7353 = CARTESIAN_POINT('',(116.90228340503,50.571747442036,0.));
#7354 = CARTESIAN_POINT('',(116.91079365134,50.599600957262,0.));
#7355 = CARTESIAN_POINT('',(116.91930928512,50.627465786343,0.));
#7356 = CARTESIAN_POINT('',(116.92783031149,50.655341928905,0.));
#7357 = CARTESIAN_POINT('',(116.93635673552,50.683229384571,0.));
#7358 = CARTESIAN_POINT('',(116.94488856239,50.711128152905,0.));
#7359 = CARTESIAN_POINT('',(116.95342579723,50.739038233485,0.));
#7360 = CARTESIAN_POINT('',(116.96196844502,50.766959625937,0.));
#7361 = CARTESIAN_POINT('',(116.97051651093,50.794892329819,0.));
#7362 = CARTESIAN_POINT('',(116.97907000003,50.822836344708,0.));
#7363 = CARTESIAN_POINT('',(116.98762891725,50.850791670216,0.));
#7364 = CARTESIAN_POINT('',(116.99619326776,50.878758305875,0.));
#7365 = CARTESIAN_POINT('',(117.00476305655,50.906736251251,0.));
#7366 = CARTESIAN_POINT('',(117.0133382886,50.934725505909,0.));
#7367 = CARTESIAN_POINT('',(117.021918969,50.962726069389,0.));
#7368 = CARTESIAN_POINT('',(117.03050510264,50.990737941272,0.));
#7369 = CARTESIAN_POINT('',(117.03909669454,51.018761121085,0.));
#7370 = CARTESIAN_POINT('',(117.04769374971,51.046795608342,0.));
#7371 = CARTESIAN_POINT('',(117.05629627309,51.074841402599,0.));
#7372 = CARTESIAN_POINT('',(117.06490426955,51.102898503415,0.));
#7373 = CARTESIAN_POINT('',(117.07351774407,51.130966910289,0.));
#7374 = CARTESIAN_POINT('',(117.08213670164,51.159046622712,0.));
#7375 = CARTESIAN_POINT('',(117.09076114708,51.187137640232,0.));
#7376 = CARTESIAN_POINT('',(117.09939108527,51.215239962369,0.));
#7377 = CARTESIAN_POINT('',(117.10802652117,51.243353588604,0.));
#7378 = CARTESIAN_POINT('',(117.11666745961,51.271478518445,0.));
#7379 = CARTESIAN_POINT('',(117.12531390543,51.299614751396,0.));
#7380 = CARTESIAN_POINT('',(117.13396586353,51.327762286948,0.));
#7381 = CARTESIAN_POINT('',(117.14262333866,51.355921124603,0.));
#7382 = CARTESIAN_POINT('',(117.15128633571,51.384091263807,0.));
#7383 = CARTESIAN_POINT('',(117.15995485954,51.41227270403,0.));
#7384 = CARTESIAN_POINT('',(117.16862891478,51.440465444803,0.));
#7385 = CARTESIAN_POINT('',(117.17730850638,51.468669485562,0.));
#7386 = CARTESIAN_POINT('',(117.18599363898,51.496884825772,0.));
#7387 = CARTESIAN_POINT('',(117.1946843175,51.525111464859,0.));
#7388 = CARTESIAN_POINT('',(117.20338054656,51.553349402319,0.));
#7389 = CARTESIAN_POINT('',(117.21208233089,51.581598637624,0.));
#7390 = CARTESIAN_POINT('',(117.22078967526,51.609859170197,0.));
#7391 = CARTESIAN_POINT('',(117.22950258436,51.638130999462,0.));
#7392 = CARTESIAN_POINT('',(117.23822106297,51.666414124842,0.));
#7393 = CARTESIAN_POINT('',(117.24694511564,51.694708545807,0.));
#7394 = CARTESIAN_POINT('',(117.25567474714,51.723014261765,0.));
#7395 = CARTESIAN_POINT('',(117.26440996211,51.75133127214,0.));
#7396 = CARTESIAN_POINT('',(117.27315076515,51.779659576355,0.));
#7397 = CARTESIAN_POINT('',(117.28189716101,51.807999173806,0.));
#7398 = CARTESIAN_POINT('',(117.29064915417,51.836350063947,0.));
#7399 = CARTESIAN_POINT('',(117.29940674928,51.864712246164,0.));
#7400 = CARTESIAN_POINT('',(117.30816995107,51.893085719814,0.));
#7401 = CARTESIAN_POINT('',(117.31693876398,51.92147048434,0.));
#7402 = CARTESIAN_POINT('',(117.32571319256,51.949866539145,0.));
#7403 = CARTESIAN_POINT('',(117.33449324153,51.978273883562,0.));
#7404 = CARTESIAN_POINT('',(117.34327891533,52.006692517001,0.));
#7405 = CARTESIAN_POINT('',(117.35207021847,52.03512243886,0.));
#7406 = CARTESIAN_POINT('',(117.36086715558,52.063563648489,0.));
#7407 = CARTESIAN_POINT('',(117.36966973102,52.092016145288,0.));
#7408 = CARTESIAN_POINT('',(117.37847794945,52.120479928575,0.));
#7409 = CARTESIAN_POINT('',(117.38729181526,52.148954997741,0.));
#7410 = CARTESIAN_POINT('',(117.39611133291,52.177441352155,0.));
#7411 = CARTESIAN_POINT('',(117.40493650691,52.205938991147,0.));
#7412 = CARTESIAN_POINT('',(117.41376734169,52.234447914061,0.));
#7413 = CARTESIAN_POINT('',(117.42260384172,52.262968120235,0.));
#7414 = CARTESIAN_POINT('',(117.43144601133,52.291499609034,0.));
#7415 = CARTESIAN_POINT('',(117.44029385505,52.320042379787,0.));
#7416 = CARTESIAN_POINT('',(117.44914737711,52.34859643186,0.));
#7417 = CARTESIAN_POINT('',(117.45800658206,52.377161764515,0.));
#7418 = CARTESIAN_POINT('',(117.46687147423,52.405738377082,0.));
#7419 = CARTESIAN_POINT('',(117.47574205791,52.434326268914,0.));
#7420 = CARTESIAN_POINT('',(117.4846183375,52.462925439318,0.));
#7421 = CARTESIAN_POINT('',(117.49350031734,52.491535887591,0.));
#7422 = CARTESIAN_POINT('',(117.50238800169,52.520157613045,0.));
#7423 = CARTESIAN_POINT('',(117.51128139498,52.548790614967,0.));
#7424 = CARTESIAN_POINT('',(117.52018050132,52.577434892706,0.));
#7425 = CARTESIAN_POINT('',(117.52908532514,52.606090445506,0.));
#7426 = CARTESIAN_POINT('',(117.53799587071,52.634757272648,0.));
#7427 = CARTESIAN_POINT('',(117.54691214217,52.663435373452,0.));
#7428 = CARTESIAN_POINT('',(117.55583414389,52.692124747177,0.));
#7429 = CARTESIAN_POINT('',(117.56476188001,52.720825393118,0.));
#7430 = CARTESIAN_POINT('',(117.57369535477,52.749537310545,0.));
#7431 = CARTESIAN_POINT('',(117.5826345724,52.778260498713,0.));
#7432 = CARTESIAN_POINT('',(117.5915795371,52.806994956886,0.));
#7433 = CARTESIAN_POINT('',(117.60053025299,52.835740684355,0.));
#7434 = CARTESIAN_POINT('',(117.60948672422,52.86449768037,0.));
#7435 = CARTESIAN_POINT('',(117.61844895509,52.893265944133,0.));
#7436 = CARTESIAN_POINT('',(117.62741694959,52.922045474933,0.));
#7437 = CARTESIAN_POINT('',(117.6363907119,52.950836272025,0.));
#7438 = CARTESIAN_POINT('',(117.64537024613,52.979638334646,0.));
#7439 = CARTESIAN_POINT('',(117.65435555635,53.008451662021,0.));
#7440 = CARTESIAN_POINT('',(117.66334664677,53.037276253363,0.));
#7441 = CARTESIAN_POINT('',(117.67234352126,53.066112107957,0.));
#7442 = CARTESIAN_POINT('',(117.68134618405,53.094959224981,0.));
#7443 = CARTESIAN_POINT('',(117.69035463915,53.123817603661,0.));
#7444 = CARTESIAN_POINT('',(117.69936889054,53.15268724324,0.));
#7445 = CARTESIAN_POINT('',(117.70838894227,53.181568142928,0.));
#7446 = CARTESIAN_POINT('',(117.71741479837,53.21046030191,0.));
#7447 = CARTESIAN_POINT('',(117.72644646288,53.239363719392,0.));
#7448 = CARTESIAN_POINT('',(117.73548393963,53.268278394619,0.));
#7449 = CARTESIAN_POINT('',(117.74452723274,53.29720432675,0.));
#7450 = CARTESIAN_POINT('',(117.7535763461,53.326141514984,0.));
#7451 = CARTESIAN_POINT('',(117.76263128367,53.355089958514,0.));
#7452 = CARTESIAN_POINT('',(117.77169204938,53.384049656534,0.));
#7453 = CARTESIAN_POINT('',(117.78075864712,53.41302060823,0.));
#7454 = CARTESIAN_POINT('',(117.78983108082,53.442002812774,0.));
#7455 = CARTESIAN_POINT('',(117.79890935439,53.470996269329,0.));
#7456 = CARTESIAN_POINT('',(117.80799347167,53.500000977089,0.));
#7457 = CARTESIAN_POINT('',(117.81708343652,53.529016935222,0.));
#7458 = CARTESIAN_POINT('',(117.82617925282,53.558044142883,0.));
#7459 = CARTESIAN_POINT('',(117.83528092442,53.587082599226,0.));
#7460 = CARTESIAN_POINT('',(117.84438845505,53.616132303428,0.));
#7461 = CARTESIAN_POINT('',(117.85350184868,53.645193254607,0.));
#7462 = CARTESIAN_POINT('',(117.86262110896,53.67426545196,0.));
#7463 = CARTESIAN_POINT('',(117.87174623971,53.703348894613,0.));
#7464 = CARTESIAN_POINT('',(117.8808772448,53.732443581688,0.));
#7465 = CARTESIAN_POINT('',(117.89001412784,53.76154951236,0.));
#7466 = CARTESIAN_POINT('',(117.89915689265,53.790666685745,0.));
#7467 = CARTESIAN_POINT('',(117.90830554301,53.819795100955,0.));
#7468 = CARTESIAN_POINT('',(117.91746008255,53.848934757151,0.));
#7469 = CARTESIAN_POINT('',(117.92662051496,53.87808565346,0.));
#7470 = CARTESIAN_POINT('',(117.93578684405,53.907247788965,0.));
#7471 = CARTESIAN_POINT('',(117.9449590734,53.936421162815,0.));
#7472 = CARTESIAN_POINT('',(117.95413720665,53.965605774124,0.));
#7473 = CARTESIAN_POINT('',(117.9633212476,53.994801621968,0.));
#7474 = CARTESIAN_POINT('',(117.97251119972,54.024008705504,0.));
#7475 = CARTESIAN_POINT('',(117.98170706666,54.053227023826,0.));
#7476 = CARTESIAN_POINT('',(117.99090885215,54.082456575996,0.));
#7477 = CARTESIAN_POINT('',(118.00011655967,54.111697361144,0.));
#7478 = CARTESIAN_POINT('',(118.00933019279,54.140949378367,0.));
#7479 = CARTESIAN_POINT('',(118.01854975523,54.170212626714,0.));
#7480 = CARTESIAN_POINT('',(118.02777525038,54.199487105319,0.));
#7481 = CARTESIAN_POINT('',(118.03700668179,54.228772813256,0.));
#7482 = CARTESIAN_POINT('',(118.04624405319,54.258069749548,0.));
#7483 = CARTESIAN_POINT('',(118.05548736786,54.287377913343,0.));
#7484 = CARTESIAN_POINT('',(118.06473662935,54.316697303723,0.));
#7485 = CARTESIAN_POINT('',(118.07399184125,54.346027919698,0.));
#7486 = CARTESIAN_POINT('',(118.08325300697,54.375369760339,0.));
#7487 = CARTESIAN_POINT('',(118.09252013,54.404722824723,0.));
#7488 = CARTESIAN_POINT('',(118.1017932137,54.434087111941,0.));
#7489 = CARTESIAN_POINT('',(118.11107226159,54.463462621014,0.));
#7490 = CARTESIAN_POINT('',(118.12035727712,54.492849350996,0.));
#7491 = CARTESIAN_POINT('',(118.12964826353,54.522247300978,0.));
#7492 = CARTESIAN_POINT('',(118.13894522441,54.551656469945,0.));
#7493 = CARTESIAN_POINT('',(118.14824816304,54.58107685696,0.));
#7494 = CARTESIAN_POINT('',(118.15755708279,54.610508461069,0.));
#7495 = CARTESIAN_POINT('',(118.16687198705,54.639951281308,0.));
#7496 = CARTESIAN_POINT('',(118.17619287906,54.669405316735,0.));
#7497 = CARTESIAN_POINT('',(118.18551976228,54.69887056635,0.));
#7498 = CARTESIAN_POINT('',(118.19485263988,54.728347029194,0.));
#7499 = CARTESIAN_POINT('',(118.20419151532,54.757834704252,0.));
#7500 = CARTESIAN_POINT('',(118.21353639177,54.787333590592,0.));
#7501 = CARTESIAN_POINT('',(118.22288727244,54.816843687255,0.));
#7502 = CARTESIAN_POINT('',(118.23224416072,54.846364993202,0.));
#7503 = CARTESIAN_POINT('',(118.24160705983,54.875897507429,0.));
#7504 = CARTESIAN_POINT('',(118.25097597292,54.905441228978,0.));
#7505 = CARTESIAN_POINT('',(118.26035090329,54.934996156844,0.));
#7506 = CARTESIAN_POINT('',(118.26973185409,54.964562290055,0.));
#7507 = CARTESIAN_POINT('',(118.27911882845,54.994139627618,0.));
#7508 = CARTESIAN_POINT('',(118.28851182969,55.023728168478,0.));
#7509 = CARTESIAN_POINT('',(118.29791086082,55.053327911656,0.));
#7510 = CARTESIAN_POINT('',(118.3073159251,55.082938856123,0.));
#7511 = CARTESIAN_POINT('',(118.3167270256,55.112561000881,0.));
#7512 = CARTESIAN_POINT('',(118.32614416543,55.14219434492,0.));
#7513 = CARTESIAN_POINT('',(118.33556734773,55.171838887209,0.));
#7514 = CARTESIAN_POINT('',(118.34499657556,55.20149462674,0.));
#7515 = CARTESIAN_POINT('',(118.35443185198,55.231161562494,0.));
#7516 = CARTESIAN_POINT('',(118.36387318007,55.260839693423,0.));
#7517 = CARTESIAN_POINT('',(118.37332056294,55.290529018471,0.));
#7518 = CARTESIAN_POINT('',(118.38277400355,55.320229536639,0.));
#7519 = CARTESIAN_POINT('',(118.39223350487,55.349941246914,0.));
#7520 = CARTESIAN_POINT('',(118.40169907002,55.379664148218,0.));
#7521 = CARTESIAN_POINT('',(118.41117070192,55.409398239514,0.));
#7522 = CARTESIAN_POINT('',(118.42064840358,55.439143519758,0.));
#7523 = CARTESIAN_POINT('',(118.43013217793,55.468899987912,0.));
#7524 = CARTESIAN_POINT('',(118.43962202795,55.498667642917,0.));
#7525 = CARTESIAN_POINT('',(118.44911795655,55.528446483719,0.));
#7526 = CARTESIAN_POINT('',(118.45861996669,55.558236509264,0.));
#7527 = CARTESIAN_POINT('',(118.46812806118,55.588037718511,0.));
#7528 = CARTESIAN_POINT('',(118.47764224304,55.617850110357,0.));
#7529 = CARTESIAN_POINT('',(118.48716251508,55.647673683748,0.));
#7530 = CARTESIAN_POINT('',(118.49668888017,55.677508437624,0.));
#7531 = CARTESIAN_POINT('',(118.50622134119,55.707354370927,0.));
#7532 = CARTESIAN_POINT('',(118.51575990085,55.737211482603,0.));
#7533 = CARTESIAN_POINT('',(118.52530456215,55.767079771512,0.));
#7534 = CARTESIAN_POINT('',(118.53485532786,55.796959236593,0.));
#7535 = CARTESIAN_POINT('',(118.54441220062,55.826849876821,0.));
#7536 = CARTESIAN_POINT('',(118.55397518337,55.85675169106,0.));
#7537 = CARTESIAN_POINT('',(118.56354427887,55.886664678214,0.));
#7538 = CARTESIAN_POINT('',(118.57311948974,55.91658883724,0.));
#7539 = CARTESIAN_POINT('',(118.58270081887,55.946524167016,0.));
#7540 = CARTESIAN_POINT('',(118.59228826887,55.976470666453,0.));
#7541 = CARTESIAN_POINT('',(118.60188184253,56.006428334439,0.));
#7542 = CARTESIAN_POINT('',(118.61148154248,56.036397169897,0.));
#7543 = CARTESIAN_POINT('',(118.62108737142,56.066377171723,0.));
#7544 = CARTESIAN_POINT('',(118.63069933204,56.096368338799,0.));
#7545 = CARTESIAN_POINT('',(118.64031742694,56.126370670029,0.));
#7546 = CARTESIAN_POINT('',(118.64994165881,56.156384164293,0.));
#7547 = CARTESIAN_POINT('',(118.65957203023,56.186408820475,0.));
#7548 = CARTESIAN_POINT('',(118.66920854389,56.216444637451,0.));
#7549 = CARTESIAN_POINT('',(118.67885120225,56.246491614147,0.));
#7550 = CARTESIAN_POINT('',(118.68850000795,56.276549749423,0.));
#7551 = CARTESIAN_POINT('',(118.69815496363,56.306619042133,0.));
#7552 = CARTESIAN_POINT('',(118.70781607171,56.336699491187,0.));
#7553 = CARTESIAN_POINT('',(118.7174833348,56.36679109542,0.));
#7554 = CARTESIAN_POINT('',(118.7271567555,56.396893853691,0.));
#7555 = CARTESIAN_POINT('',(118.73683633611,56.427007764941,0.));
#7556 = CARTESIAN_POINT('',(118.74652207928,56.457132827988,0.));
#7557 = CARTESIAN_POINT('',(118.75621398747,56.487269041681,0.));
#7558 = CARTESIAN_POINT('',(118.76591206313,56.51741640489,0.));
#7559 = CARTESIAN_POINT('',(118.77561630866,56.547574916496,0.));
#7560 = CARTESIAN_POINT('',(118.78532672657,56.577744575337,0.));
#7561 = CARTESIAN_POINT('',(118.79504331924,56.607925380265,0.));
#7562 = CARTESIAN_POINT('',(118.80476608908,56.638117330138,0.));
#7563 = CARTESIAN_POINT('',(118.81449503847,56.668320423802,0.));
#7564 = CARTESIAN_POINT('',(118.82423016983,56.698534660095,0.));
#7565 = CARTESIAN_POINT('',(118.83397148547,56.728760037871,0.));
#7566 = CARTESIAN_POINT('',(118.84371898777,56.758996555966,0.));
#7567 = CARTESIAN_POINT('',(118.8534726791,56.789244213227,0.));
#7568 = CARTESIAN_POINT('',(118.86323256159,56.819503008514,0.));
#7569 = CARTESIAN_POINT('',(118.87299863787,56.84977294057,0.));
#7570 = CARTESIAN_POINT('',(118.88277090998,56.880054008305,0.));
#7571 = CARTESIAN_POINT('',(118.89254938019,56.910346210576,0.));
#7572 = CARTESIAN_POINT('',(118.90233405092,56.940649546154,0.));
#7573 = CARTESIAN_POINT('',(118.91212492428,56.970964013887,0.));
#7574 = CARTESIAN_POINT('',(118.92192200256,57.001289612599,0.));
#7575 = CARTESIAN_POINT('',(118.93172528797,57.031626341106,0.));
#7576 = CARTESIAN_POINT('',(118.9415347827,57.061974198229,0.));
#7577 = CARTESIAN_POINT('',(118.95135048894,57.092333182787,0.));
#7578 = CARTESIAN_POINT('',(118.96117240886,57.12270329359,0.));
#7579 = CARTESIAN_POINT('',(118.97100054467,57.153084529451,0.));
#7580 = CARTESIAN_POINT('',(118.98083489839,57.183476889214,0.));
#7581 = CARTESIAN_POINT('',(118.99067547226,57.213880371651,0.));
#7582 = CARTESIAN_POINT('',(119.00052226839,57.244294975558,0.));
#7583 = CARTESIAN_POINT('',(119.01037528881,57.274720699774,0.));
#7584 = CARTESIAN_POINT('',(119.02023453563,57.305157543096,0.));
#7585 = CARTESIAN_POINT('',(119.03010001097,57.335605504315,0.));
#7586 = CARTESIAN_POINT('',(119.03997171679,57.366064582252,0.));
#7587 = CARTESIAN_POINT('',(119.04984965521,57.396534775677,0.));
#7588 = CARTESIAN_POINT('',(119.05973382822,57.427016083387,0.));
#7589 = CARTESIAN_POINT('',(119.06962423786,57.457508504164,0.));
#7590 = CARTESIAN_POINT('',(119.07952088613,57.488012036821,0.));
#7591 = CARTESIAN_POINT('',(119.08942377488,57.518526680179,0.));
#7592 = CARTESIAN_POINT('',(119.09933290629,57.549052432968,0.));
#7593 = CARTESIAN_POINT('',(119.10924828212,57.579589294001,0.));
#7594 = CARTESIAN_POINT('',(119.11916990445,57.610137262045,0.));
#7595 = CARTESIAN_POINT('',(119.12909777511,57.640696335904,0.));
#7596 = CARTESIAN_POINT('',(119.13903189598,57.671266514359,0.));
#7597 = CARTESIAN_POINT('',(119.1489722691,57.701847796144,0.));
#7598 = CARTESIAN_POINT('',(119.1589188962,57.732440180077,0.));
#7599 = CARTESIAN_POINT('',(119.16887177918,57.76304366493,0.));
#7600 = CARTESIAN_POINT('',(119.17883091995,57.793658249458,0.));
#7601 = CARTESIAN_POINT('',(119.18879632022,57.824283932462,0.));
#7602 = CARTESIAN_POINT('',(119.1987679819,57.854920712674,0.));
#7603 = CARTESIAN_POINT('',(119.20874590681,57.885568588851,0.));
#7604 = CARTESIAN_POINT('',(119.21873009669,57.916227559798,0.));
#7605 = CARTESIAN_POINT('',(119.22872055324,57.946897624292,0.));
#7606 = CARTESIAN_POINT('',(119.23871727836,57.977578781043,0.));
#7607 = CARTESIAN_POINT('',(119.24872027374,58.008271028827,0.));
#7608 = CARTESIAN_POINT('',(119.25872954103,58.038974366428,0.));
#7609 = CARTESIAN_POINT('',(119.26874508204,58.069688792576,0.));
#7610 = CARTESIAN_POINT('',(119.27876689845,58.100414306032,0.));
#7611 = CARTESIAN_POINT('',(119.28879499186,58.131150905564,0.));
#7612 = CARTESIAN_POINT('',(119.29882936405,58.16189858989,0.));
#7613 = CARTESIAN_POINT('',(119.30887001664,58.192657357767,0.));
#7614 = CARTESIAN_POINT('',(119.31891695118,58.22342720799,0.));
#7615 = CARTESIAN_POINT('',(119.3289701694,58.254208139274,0.));
#7616 = CARTESIAN_POINT('',(119.33902967282,58.285000150365,0.));
#7617 = CARTESIAN_POINT('',(119.34909546314,58.315803239981,0.));
#7618 = CARTESIAN_POINT('',(119.35916754184,58.346617406899,0.));
#7619 = CARTESIAN_POINT('',(119.36924591048,58.377442649865,0.));
#7620 = CARTESIAN_POINT('',(119.37933057067,58.408278967577,0.));
#7621 = CARTESIAN_POINT('',(119.38942152395,58.439126358787,0.));
#7622 = CARTESIAN_POINT('',(119.3995187717,58.469984822271,0.));
#7623 = CARTESIAN_POINT('',(119.40962231557,58.500854356722,0.));
#7624 = CARTESIAN_POINT('',(119.41973215698,58.531734960872,0.));
#7625 = CARTESIAN_POINT('',(119.42984829741,58.562626633468,0.));
#7626 = CARTESIAN_POINT('',(119.4399707383,58.593529373239,0.));
#7627 = CARTESIAN_POINT('',(119.4500994811,58.624443178907,0.));
#7628 = CARTESIAN_POINT('',(119.46023452727,58.655368049193,0.));
#7629 = CARTESIAN_POINT('',(119.47037587812,58.686303982843,0.));
#7630 = CARTESIAN_POINT('',(119.48052353519,58.717250978539,0.));
#7631 = CARTESIAN_POINT('',(119.49067749975,58.748209035048,0.));
#7632 = CARTESIAN_POINT('',(119.50083777312,58.779178151102,0.));
#7633 = CARTESIAN_POINT('',(119.51100435681,58.810158325372,0.));
#7634 = CARTESIAN_POINT('',(119.52117725201,58.841149556603,0.));
#7635 = CARTESIAN_POINT('',(119.53135646011,58.872151843512,0.));
#7636 = CARTESIAN_POINT('',(119.54154198237,58.903165184815,0.));
#7637 = CARTESIAN_POINT('',(119.55173382011,58.934189579219,0.));
#7638 = CARTESIAN_POINT('',(119.56193197458,58.965225025439,0.));
#7639 = CARTESIAN_POINT('',(119.57213644706,58.996271522181,0.));
#7640 = CARTESIAN_POINT('',(119.58234723877,59.027329068171,0.));
#7641 = CARTESIAN_POINT('',(119.5925643509,59.058397662125,0.));
#7642 = CARTESIAN_POINT('',(119.60278778475,59.089477302725,0.));
#7643 = CARTESIAN_POINT('',(119.61301754143,59.120567988697,0.));
#7644 = CARTESIAN_POINT('',(119.62325362217,59.151669718738,0.));
#7645 = CARTESIAN_POINT('',(119.6334960281,59.182782491554,0.));
#7646 = CARTESIAN_POINT('',(119.6437447604,59.21390630584,0.));
#7647 = CARTESIAN_POINT('',(119.6539998202,59.245041160303,0.));
#7648 = CARTESIAN_POINT('',(119.66426120856,59.276187053664,0.));
#7649 = CARTESIAN_POINT('',(119.67452892667,59.307343984601,0.));
#7650 = CARTESIAN_POINT('',(119.68480297554,59.338511951818,0.));
#7651 = CARTESIAN_POINT('',(119.69508335629,59.369690954009,0.));
#7652 = CARTESIAN_POINT('',(119.70537006997,59.400880989868,0.));
#7653 = CARTESIAN_POINT('',(119.71566311758,59.432082058118,0.));
#7654 = CARTESIAN_POINT('',(119.72596250018,59.463294157441,0.));
#7655 = CARTESIAN_POINT('',(119.73626821875,59.494517286505,0.));
#7656 = CARTESIAN_POINT('',(119.74658027438,59.525751443975,0.));
#7657 = CARTESIAN_POINT('',(119.75689866795,59.556996628602,0.));
#7658 = CARTESIAN_POINT('',(119.76722340037,59.588252839091,0.));
#7659 = CARTESIAN_POINT('',(119.77755447275,59.619520074078,0.));
#7660 = CARTESIAN_POINT('',(119.78789188589,59.650798332273,0.));
#7661 = CARTESIAN_POINT('',(119.79823564075,59.682087612371,0.));
#7662 = CARTESIAN_POINT('',(119.80858573826,59.71338791305,0.));
#7663 = CARTESIAN_POINT('',(119.81894217918,59.744699233005,0.));
#7664 = CARTESIAN_POINT('',(119.82930496461,59.776021570861,0.));
#7665 = CARTESIAN_POINT('',(119.83967409519,59.807354925357,0.));
#7666 = CARTESIAN_POINT('',(119.85004957183,59.838699295182,0.));
#7667 = CARTESIAN_POINT('',(119.86043139537,59.870054678997,0.));
#7668 = CARTESIAN_POINT('',(119.87081956662,59.90142107548,0.));
#7669 = CARTESIAN_POINT('',(119.88121408632,59.932798483347,0.));
#7670 = CARTESIAN_POINT('',(119.89161495524,59.964186901251,0.));
#7671 = CARTESIAN_POINT('',(119.90202217426,59.995586327821,0.));
#7672 = CARTESIAN_POINT('',(119.91243574403,60.026996761783,0.));
#7673 = CARTESIAN_POINT('',(119.92285566521,60.058418201836,0.));
#7674 = CARTESIAN_POINT('',(119.93328193867,60.089850646604,0.));
#7675 = CARTESIAN_POINT('',(119.943714565,60.121294094786,0.));
#7676 = CARTESIAN_POINT('',(119.95415354489,60.152748545072,0.));
#7677 = CARTESIAN_POINT('',(119.96459887902,60.184213996116,0.));
#7678 = CARTESIAN_POINT('',(119.97505056808,60.215690446574,0.));
#7679 = CARTESIAN_POINT('',(119.98550861264,60.24717789514,0.));
#7680 = CARTESIAN_POINT('',(119.99597301333,60.278676340488,0.));
#7681 = CARTESIAN_POINT('',(120.00644377076,60.310185781272,0.));
#7682 = CARTESIAN_POINT('',(120.01692088559,60.341706216144,0.));
#7683 = CARTESIAN_POINT('',(120.02740435824,60.373237643822,0.));
#7684 = CARTESIAN_POINT('',(120.03789418936,60.404780062952,0.));
#7685 = CARTESIAN_POINT('',(120.04839037951,60.436333472193,0.));
#7686 = CARTESIAN_POINT('',(120.0588929291,60.467897870226,0.));
#7687 = CARTESIAN_POINT('',(120.06940183882,60.499473255666,0.));
#7688 = CARTESIAN_POINT('',(120.07991710899,60.531059627235,0.));
#7689 = CARTESIAN_POINT('',(120.09043874016,60.562656983598,0.));
#7690 = CARTESIAN_POINT('',(120.10096673276,60.594265323412,0.));
#7691 = CARTESIAN_POINT('',(120.11150108726,60.625884645315,0.));
#7692 = CARTESIAN_POINT('',(120.12204180412,60.657514947963,0.));
#7693 = CARTESIAN_POINT('',(120.13258888367,60.689156230051,0.));
#7694 = CARTESIAN_POINT('',(120.14314232638,60.720808490234,0.));
#7695 = CARTESIAN_POINT('',(120.15370213256,60.752471727193,0.));
#7696 = CARTESIAN_POINT('',(120.1642683026,60.784145939557,0.));
#7697 = CARTESIAN_POINT('',(120.17484083694,60.815831125957,0.));
#7698 = CARTESIAN_POINT('',(120.18541973576,60.847527285104,0.));
#7699 = CARTESIAN_POINT('',(120.19600499946,60.879234415647,0.));
#7700 = CARTESIAN_POINT('',(120.20659662835,60.910952516228,0.));
#7701 = CARTESIAN_POINT('',(120.21719462269,60.942681585517,0.));
#7702 = CARTESIAN_POINT('',(120.22779898272,60.974421622195,0.));
#7703 = CARTESIAN_POINT('',(120.23840970873,61.0061726249,0.));
#7704 = CARTESIAN_POINT('',(120.24902680094,61.037934592267,0.));
#7705 = CARTESIAN_POINT('',(120.25965025963,61.069707522948,0.));
#7706 = CARTESIAN_POINT('',(120.27028008491,61.101491415637,0.));
#7707 = CARTESIAN_POINT('',(120.28091627701,61.133286268981,0.));
#7708 = CARTESIAN_POINT('',(120.29155883612,61.165092081627,0.));
#7709 = CARTESIAN_POINT('',(120.30220776234,61.196908852231,0.));
#7710 = CARTESIAN_POINT('',(120.31286305591,61.228736579431,0.));
#7711 = CARTESIAN_POINT('',(120.32352471683,61.260575261917,0.));
#7712 = CARTESIAN_POINT('',(120.3341927453,61.292424898317,0.));
#7713 = CARTESIAN_POINT('',(120.34486714139,61.324285487291,0.));
#7714 = CARTESIAN_POINT('',(120.35554790511,61.356157027506,0.));
#7715 = CARTESIAN_POINT('',(120.36623503665,61.388039517577,0.));
#7716 = CARTESIAN_POINT('',(120.37692853595,61.419932956188,0.));
#7717 = CARTESIAN_POINT('',(120.38762840303,61.451837342005,0.));
#7718 = CARTESIAN_POINT('',(120.39833463796,61.483752673651,0.));
#7719 = CARTESIAN_POINT('',(120.40904724075,61.51567894977,0.));
#7720 = CARTESIAN_POINT('',(120.41976621128,61.547616169053,0.));
#7721 = CARTESIAN_POINT('',(120.43049154958,61.579564330131,0.));
#7722 = CARTESIAN_POINT('',(120.44122325563,61.611523431639,0.));
#7723 = CARTESIAN_POINT('',(120.45196132929,61.643493472258,0.));
#7724 = CARTESIAN_POINT('',(120.46270577047,61.675474450645,0.));
#7725 = CARTESIAN_POINT('',(120.47345657914,61.707466365414,0.));
#7726 = CARTESIAN_POINT('',(120.48421375514,61.739469215226,0.));
#7727 = CARTESIAN_POINT('',(120.49497729832,61.771482998746,0.));
#7728 = CARTESIAN_POINT('',(120.50574720856,61.803507714626,0.));
#7729 = CARTESIAN_POINT('',(120.51652348564,61.835543361521,0.));
#7730 = CARTESIAN_POINT('',(120.52730612944,61.867589938057,0.));
#7731 = CARTESIAN_POINT('',(120.53809513975,61.89964744289,0.));
#7732 = CARTESIAN_POINT('',(120.54889051629,61.931715874691,0.));
#7733 = CARTESIAN_POINT('',(120.55969225892,61.963795232094,0.));
#7734 = CARTESIAN_POINT('',(120.57050036731,61.995885513763,0.));
#7735 = CARTESIAN_POINT('',(120.58131484125,62.027986718348,0.));
#7736 = CARTESIAN_POINT('',(120.59213568041,62.060098844503,0.));
#7737 = CARTESIAN_POINT('',(120.60296288452,62.092221890854,0.));
#7738 = CARTESIAN_POINT('',(120.61379645333,62.12435585604,0.));
#7739 = CARTESIAN_POINT('',(120.62463638638,62.156500738763,0.));
#7740 = CARTESIAN_POINT('',(120.63548268339,62.18865653765,0.));
#7741 = CARTESIAN_POINT('',(120.64633534403,62.220823251332,0.));
#7742 = CARTESIAN_POINT('',(120.65719436788,62.253000878483,0.));
#7743 = CARTESIAN_POINT('',(120.66805975449,62.285189417769,0.));
#7744 = CARTESIAN_POINT('',(120.67893150358,62.317388867808,0.));
#7745 = CARTESIAN_POINT('',(120.6898096146,62.349599227272,0.));
#7746 = CARTESIAN_POINT('',(120.70069408716,62.381820494803,0.));
#7747 = CARTESIAN_POINT('',(120.71158492083,62.414052669047,0.));
#7748 = CARTESIAN_POINT('',(120.72248211502,62.44629574869,0.));
#7749 = CARTESIAN_POINT('',(120.73338566934,62.478549732342,0.));
#7750 = CARTESIAN_POINT('',(120.74429558328,62.510814618653,0.));
#7751 = CARTESIAN_POINT('',(120.75521185621,62.543090406309,0.));
#7752 = CARTESIAN_POINT('',(120.76613448775,62.575377093929,0.));
#7753 = CARTESIAN_POINT('',(120.77706347714,62.607674680219,0.));
#7754 = CARTESIAN_POINT('',(120.78799882394,62.639983163798,0.));
#7755 = CARTESIAN_POINT('',(120.79894052754,62.672302543303,0.));
#7756 = CARTESIAN_POINT('',(120.80988858732,62.7046328174,0.));
#7757 = CARTESIAN_POINT('',(120.8208430026,62.73697398476,0.));
#7758 = CARTESIAN_POINT('',(120.83180377282,62.769326044012,0.));
#7759 = CARTESIAN_POINT('',(120.84277089729,62.801688993826,0.));
#7760 = CARTESIAN_POINT('',(120.85374437526,62.834062832876,0.));
#7761 = CARTESIAN_POINT('',(120.86472420617,62.866447559773,0.));
#7762 = CARTESIAN_POINT('',(120.87571038924,62.898843173195,0.));
#7763 = CARTESIAN_POINT('',(120.88670292369,62.931249671806,0.));
#7764 = CARTESIAN_POINT('',(120.89770180892,62.963667054225,0.));
#7765 = CARTESIAN_POINT('',(120.90870704405,62.996095319156,0.));
#7766 = CARTESIAN_POINT('',(120.91971862827,63.028534465265,0.));
#7767 = CARTESIAN_POINT('',(120.93073656098,63.060984491154,0.));
#7768 = CARTESIAN_POINT('',(120.94176084112,63.093445395533,0.));
#7769 = CARTESIAN_POINT('',(120.9527914681,63.125917177011,0.));
#7770 = CARTESIAN_POINT('',(120.96382844093,63.15839983428,0.));
#7771 = CARTESIAN_POINT('',(120.97487175877,63.190893366011,0.));
#7772 = CARTESIAN_POINT('',(120.98592142078,63.223397770848,0.));
#7773 = CARTESIAN_POINT('',(120.99697742605,63.255913047447,0.));
#7774 = CARTESIAN_POINT('',(121.00803977367,63.288439194461,0.));
#7775 = CARTESIAN_POINT('',(121.01910846273,63.320976210548,0.));
#7776 = CARTESIAN_POINT('',(121.03018349232,63.353524094395,0.));
#7777 = CARTESIAN_POINT('',(121.04126486129,63.386082844697,0.));
#7778 = CARTESIAN_POINT('',(121.05235256895,63.418652460028,0.));
#7779 = CARTESIAN_POINT('',(121.06344661414,63.451232939093,0.));
#7780 = CARTESIAN_POINT('',(121.07454699584,63.483824280587,0.));
#7781 = CARTESIAN_POINT('',(121.08565371307,63.516426483148,0.));
#7782 = CARTESIAN_POINT('',(121.09676676481,63.549039545425,0.));
#7783 = CARTESIAN_POINT('',(121.10788614994,63.581663466108,0.));
#7784 = CARTESIAN_POINT('',(121.11901186745,63.614298243866,0.));
#7785 = CARTESIAN_POINT('',(121.13014391612,63.646943877392,0.));
#7786 = CARTESIAN_POINT('',(121.14128229501,63.679600365297,0.));
#7787 = CARTESIAN_POINT('',(121.15242700288,63.712267706266,0.));
#7788 = CARTESIAN_POINT('',(121.16357803863,63.744945898979,0.));
#7789 = CARTESIAN_POINT('',(121.17473540108,63.77763494211,0.));
#7790 = CARTESIAN_POINT('',(121.18589908906,63.810334834325,0.));
#7791 = CARTESIAN_POINT('',(121.19706910139,63.843045574292,0.));
#7792 = CARTESIAN_POINT('',(121.20824543683,63.875767160687,0.));
#7793 = CARTESIAN_POINT('',(121.21942809417,63.908499592185,0.));
#7794 = CARTESIAN_POINT('',(121.23061707218,63.941242867467,0.));
#7795 = CARTESIAN_POINT('',(121.24181236953,63.973996985221,0.));
#7796 = CARTESIAN_POINT('',(121.253013985,64.006761944079,0.));
#7797 = CARTESIAN_POINT('',(121.2642219174,64.039537742701,0.));
#7798 = CARTESIAN_POINT('',(121.27543616515,64.072324379852,0.));
#7799 = CARTESIAN_POINT('',(121.28665672715,64.105121854157,0.));
#7800 = CARTESIAN_POINT('',(121.297883602,64.137930164295,0.));
#7801 = CARTESIAN_POINT('',(121.30911678823,64.170749308971,0.));
#7802 = CARTESIAN_POINT('',(121.32035628464,64.203579286816,0.));
#7803 = CARTESIAN_POINT('',(121.33160208971,64.236420096552,0.));
#7804 = CARTESIAN_POINT('',(121.34285420199,64.269271736879,0.));
#7805 = CARTESIAN_POINT('',(121.35411262018,64.302134206435,0.));
#7806 = CARTESIAN_POINT('',(121.36537734275,64.335007503912,0.));
#7807 = CARTESIAN_POINT('',(121.37664836828,64.367891628014,0.));
#7808 = CARTESIAN_POINT('',(121.38792569519,64.400786577455,0.));
#7809 = CARTESIAN_POINT('',(121.39920932205,64.433692350877,0.));
#7810 = CARTESIAN_POINT('',(121.41049924744,64.466608946933,0.));
#7811 = CARTESIAN_POINT('',(121.42179546966,64.499536364378,0.));
#7812 = CARTESIAN_POINT('',(121.43309798721,64.532474601901,0.));
#7813 = CARTESIAN_POINT('',(121.4444067986,64.565423658167,0.));
#7814 = CARTESIAN_POINT('',(121.45572190214,64.598383531892,0.));
#7815 = CARTESIAN_POINT('',(121.46704329629,64.631354221747,0.));
#7816 = CARTESIAN_POINT('',(121.47837097946,64.664335726417,0.));
#7817 = CARTESIAN_POINT('',(121.48970494994,64.697328044634,0.));
#7818 = CARTESIAN_POINT('',(121.50104520608,64.730331175093,0.));
#7819 = CARTESIAN_POINT('',(121.51239174629,64.763345116452,0.));
#7820 = CARTESIAN_POINT('',(121.52374456884,64.796369867431,0.));
#7821 = CARTESIAN_POINT('',(121.53510367198,64.829405426762,0.));
#7822 = CARTESIAN_POINT('',(121.54646905404,64.862451793118,0.));
#7823 = CARTESIAN_POINT('',(121.55784071329,64.895508965189,0.));
#7824 = CARTESIAN_POINT('',(121.56921864795,64.928576941682,0.));
#7825 = CARTESIAN_POINT('',(121.58060285629,64.961655721302,0.));
#7826 = CARTESIAN_POINT('',(121.59199333642,64.994745302787,0.));
#7827 = CARTESIAN_POINT('',(121.60339008665,65.027845684809,0.));
#7828 = CARTESIAN_POINT('',(121.61479310511,65.0609568661,0.));
#7829 = CARTESIAN_POINT('',(121.62620238988,65.094078845384,0.));
#7830 = CARTESIAN_POINT('',(121.63761793925,65.127211621324,0.));
#7831 = CARTESIAN_POINT('',(121.64903975126,65.160355192657,0.));
#7832 = CARTESIAN_POINT('',(121.66046782398,65.1935095581,0.));
#7833 = CARTESIAN_POINT('',(121.67190215563,65.226674716333,0.));
#7834 = CARTESIAN_POINT('',(121.68334274415,65.259850666115,0.));
#7835 = CARTESIAN_POINT('',(121.69478958766,65.293037406165,0.));
#7836 = CARTESIAN_POINT('',(121.70624268416,65.326234935196,0.));
#7837 = CARTESIAN_POINT('',(121.71770203173,65.359443251906,0.));
#7838 = CARTESIAN_POINT('',(121.72916762834,65.392662355031,0.));
#7839 = CARTESIAN_POINT('',(121.74063947194,65.425892243306,0.));
#7840 = CARTESIAN_POINT('',(121.75211756059,65.459132915433,0.));
#7841 = CARTESIAN_POINT('',(121.76360189216,65.492384370158,0.));
#7842 = CARTESIAN_POINT('',(121.77509246459,65.5256466062,0.));
#7843 = CARTESIAN_POINT('',(121.78658927587,65.558919622268,0.));
#7844 = CARTESIAN_POINT('',(121.79809232384,65.592203417117,0.));
#7845 = CARTESIAN_POINT('',(121.80960160635,65.625497989488,0.));
#7846 = CARTESIAN_POINT('',(121.82111712136,65.658803338074,0.));
#7847 = CARTESIAN_POINT('',(121.83263886669,65.692119461629,0.));
#7848 = CARTESIAN_POINT('',(121.84416684005,65.725446358927,0.));
#7849 = CARTESIAN_POINT('',(121.85570103944,65.758784028653,0.));
#7850 = CARTESIAN_POINT('',(121.86724146253,65.79213246955,0.));
#7851 = CARTESIAN_POINT('',(121.87878810719,65.825491680358,0.));
#7852 = CARTESIAN_POINT('',(121.89034097107,65.858861659864,0.));
#7853 = CARTESIAN_POINT('',(121.90190005195,65.892242406791,0.));
#7854 = CARTESIAN_POINT('',(121.91346534769,65.925633919843,0.));
#7855 = CARTESIAN_POINT('',(121.92503685576,65.959036197828,0.));
#7856 = CARTESIAN_POINT('',(121.93661457406,65.992449239432,0.));
#7857 = CARTESIAN_POINT('',(121.9481985002,66.025873043423,0.));
#7858 = CARTESIAN_POINT('',(121.95978863176,66.059307608595,0.));
#7859 = CARTESIAN_POINT('',(121.97138496648,66.09275293368,0.));
#7860 = CARTESIAN_POINT('',(121.98298750189,66.12620901743,0.));
#7861 = CARTESIAN_POINT('',(121.9945962357,66.15967585856,0.));
#7862 = CARTESIAN_POINT('',(122.00621116548,66.193153455838,0.));
#7863 = CARTESIAN_POINT('',(122.01783228869,66.226641808088,0.));
#7864 = CARTESIAN_POINT('',(122.02945960298,66.26014091405,0.));
#7865 = CARTESIAN_POINT('',(122.04109310585,66.293650772467,0.));
#7866 = CARTESIAN_POINT('',(122.05273279486,66.327171382078,0.));
#7867 = CARTESIAN_POINT('',(122.06437866747,66.360702741673,0.));
#7868 = CARTESIAN_POINT('',(122.07603072115,66.394244850033,0.));
#7869 = CARTESIAN_POINT('',(122.0876889534,66.427797705921,0.));
#7870 = CARTESIAN_POINT('',(122.09935336164,66.461361308116,0.));
#7871 = CARTESIAN_POINT('',(122.11102394331,66.494935655382,0.));
#7872 = CARTESIAN_POINT('',(122.12270069583,66.528520746495,0.));
#7873 = CARTESIAN_POINT('',(122.13438361658,66.562116580226,0.));
#7874 = CARTESIAN_POINT('',(122.14607270296,66.595723155349,0.));
#7875 = CARTESIAN_POINT('',(122.15776795231,66.629340470658,0.));
#7876 = CARTESIAN_POINT('',(122.16946936194,66.662968524944,0.));
#7877 = CARTESIAN_POINT('',(122.18117692926,66.696607316973,0.));
#7878 = CARTESIAN_POINT('',(122.19289065146,66.73025684555,0.));
#7879 = CARTESIAN_POINT('',(122.20461052598,66.763917109433,0.));
#7880 = CARTESIAN_POINT('',(122.21633654991,66.797588107453,0.));
#7881 = CARTESIAN_POINT('',(122.22806872066,66.831269838356,0.));
#7882 = CARTESIAN_POINT('',(122.23980703545,66.864962300952,0.));
#7883 = CARTESIAN_POINT('',(122.25155149129,66.89866549409,0.));
#7884 = CARTESIAN_POINT('',(122.26330208571,66.932379416475,0.));
#7885 = CARTESIAN_POINT('',(122.27505881566,66.966104066962,0.));
#7886 = CARTESIAN_POINT('',(122.28682167834,66.999839444366,0.));
#7887 = CARTESIAN_POINT('',(122.29859067098,67.033585547453,0.));
#7888 = CARTESIAN_POINT('',(122.31036579064,67.067342375047,0.));
#7889 = CARTESIAN_POINT('',(122.32214703443,67.101109925957,0.));
#7890 = CARTESIAN_POINT('',(122.3339343995,67.134888198968,0.));
#7891 = CARTESIAN_POINT('',(122.34572788291,67.168677192918,0.));
#7892 = CARTESIAN_POINT('',(122.35752748161,67.202476906653,0.));
#7893 = CARTESIAN_POINT('',(122.36933319281,67.236287338924,0.));
#7894 = CARTESIAN_POINT('',(122.38114501346,67.270108488573,0.));
#7895 = CARTESIAN_POINT('',(122.39296294046,67.303940354433,0.));
#7896 = CARTESIAN_POINT('',(122.40478697109,67.337782935262,0.));
#7897 = CARTESIAN_POINT('',(122.41661710196,67.371636229987,0.));
#7898 = CARTESIAN_POINT('',(122.42845333025,67.405500237383,0.));
#7899 = CARTESIAN_POINT('',(122.44029565287,67.439374956268,0.));
#7900 = CARTESIAN_POINT('',(122.45214406664,67.473260385499,0.));
#7901 = CARTESIAN_POINT('',(122.46399856856,67.507156523875,0.));
#7902 = CARTESIAN_POINT('',(122.47585915552,67.541063370238,0.));
#7903 = CARTESIAN_POINT('',(122.48772582424,67.574980923478,0.));
#7904 = CARTESIAN_POINT('',(122.49959857171,67.608909182382,0.));
#7905 = CARTESIAN_POINT('',(122.51147739475,67.642848145776,0.));
#7906 = CARTESIAN_POINT('',(122.52336229008,67.676797812537,0.));
#7907 = CARTESIAN_POINT('',(122.53525325457,67.710758181498,0.));
#7908 = CARTESIAN_POINT('',(122.54715028498,67.744729251517,0.));
#7909 = CARTESIAN_POINT('',(122.55905337801,67.778711021452,0.));
#7910 = CARTESIAN_POINT('',(122.5709625305,67.812703490126,0.));
#7911 = CARTESIAN_POINT('',(122.58287773908,67.846706656424,0.));
#7912 = CARTESIAN_POINT('',(122.59479900047,67.88072051919,0.));
#7913 = CARTESIAN_POINT('',(122.60672631145,67.91474507727,0.));
#7914 = CARTESIAN_POINT('',(122.6186596685,67.948780329567,0.));
#7915 = CARTESIAN_POINT('',(122.63059906847,67.982826274899,0.));
#7916 = CARTESIAN_POINT('',(122.64254450783,68.01688291214,0.));
#7917 = CARTESIAN_POINT('',(122.65449598337,68.05095024013,0.));
#7918 = CARTESIAN_POINT('',(122.66645349151,68.085028257815,0.));
#7919 = CARTESIAN_POINT('',(122.67841702884,68.119116964071,0.));
#7920 = CARTESIAN_POINT('',(122.69038659208,68.153216357701,0.));
#7921 = CARTESIAN_POINT('',(122.7023621776,68.187326437622,0.));
#7922 = CARTESIAN_POINT('',(122.71434378202,68.221447202711,0.));
#7923 = CARTESIAN_POINT('',(122.72633140178,68.255578651849,0.));
#7924 = CARTESIAN_POINT('',(122.73832503349,68.289720783896,0.));
#7925 = CARTESIAN_POINT('',(122.75032467343,68.323873597785,0.));
#7926 = CARTESIAN_POINT('',(122.76233031825,68.358037092373,0.));
#7927 = CARTESIAN_POINT('',(122.77434196424,68.392211266595,0.));
#7928 = CARTESIAN_POINT('',(122.78635960781,68.426396119338,0.));
#7929 = CARTESIAN_POINT('',(122.79838324553,68.460591649435,0.));
#7930 = CARTESIAN_POINT('',(122.81041287359,68.494797855834,0.));
#7931 = CARTESIAN_POINT('',(122.82244848844,68.52901473744,0.));
#7932 = CARTESIAN_POINT('',(122.83449008642,68.563242293154,0.));
#7933 = CARTESIAN_POINT('',(122.84653766381,68.597480521884,0.));
#7934 = CARTESIAN_POINT('',(122.858591217,68.631729422538,0.));
#7935 = CARTESIAN_POINT('',(122.87065074218,68.665988994063,0.));
#7936 = CARTESIAN_POINT('',(122.88271623564,68.700259235337,0.));
#7937 = CARTESIAN_POINT('',(122.89478769379,68.734540145233,0.));
#7938 = CARTESIAN_POINT('',(122.90686511265,68.768831722757,0.));
#7939 = CARTESIAN_POINT('',(122.91894848849,68.803133966812,0.));
#7940 = CARTESIAN_POINT('',(122.93103781766,68.837446876264,0.));
#7941 = CARTESIAN_POINT('',(122.94313309614,68.87177045011,0.));
#7942 = CARTESIAN_POINT('',(122.95523432018,68.90610468727,0.));
#7943 = CARTESIAN_POINT('',(122.96734148595,68.940449586648,0.));
#7944 = CARTESIAN_POINT('',(122.97945458958,68.9748051472,0.));
#7945 = CARTESIAN_POINT('',(122.99157362705,69.009171367902,0.));
#7946 = CARTESIAN_POINT('',(123.00369859462,69.04354824764,0.));
#7947 = CARTESIAN_POINT('',(123.01582948829,69.077935785364,0.));
#7948 = CARTESIAN_POINT('',(123.02796630408,69.112333980048,0.));
#7949 = CARTESIAN_POINT('',(123.04010903806,69.146742830627,0.));
#7950 = CARTESIAN_POINT('',(123.05225768629,69.181162336045,0.));
#7951 = CARTESIAN_POINT('',(123.06441224467,69.21559249528,0.));
#7952 = CARTESIAN_POINT('',(123.07657270927,69.250033307268,0.));
#7953 = CARTESIAN_POINT('',(123.08873907602,69.28448477099,0.));
#7954 = CARTESIAN_POINT('',(123.10091134081,69.318946885409,0.));
#7955 = CARTESIAN_POINT('',(123.11308949971,69.353419649455,0.));
#7956 = CARTESIAN_POINT('',(123.12527354846,69.387903062149,0.));
#7957 = CARTESIAN_POINT('',(123.13746348306,69.42239712245,0.));
#7958 = CARTESIAN_POINT('',(123.14965929935,69.456901829333,0.));
#7959 = CARTESIAN_POINT('',(123.16186099312,69.491417181785,0.));
#7960 = CARTESIAN_POINT('',(123.17406856035,69.525943178726,0.));
#7961 = CARTESIAN_POINT('',(123.18628199676,69.560479819163,0.));
#7962 = CARTESIAN_POINT('',(123.19850129815,69.59502710212,0.));
#7963 = CARTESIAN_POINT('',(123.21072646031,69.629585026599,0.));
#7964 = CARTESIAN_POINT('',(123.22295747894,69.664153591584,0.));
#7965 = CARTESIAN_POINT('',(123.23519434996,69.698732796007,0.));
#7966 = CARTESIAN_POINT('',(123.24743706892,69.733322638921,0.));
#7967 = CARTESIAN_POINT('',(123.2596856316,69.767923119332,0.));
#7968 = CARTESIAN_POINT('',(123.27194003364,69.802534236227,0.));
#7969 = CARTESIAN_POINT('',(123.28420027083,69.837155988588,0.));
#7970 = CARTESIAN_POINT('',(123.29646633869,69.871788375469,0.));
#7971 = CARTESIAN_POINT('',(123.30873823286,69.906431395879,0.));
#7972 = CARTESIAN_POINT('',(123.32101594914,69.941085048794,0.));
#7973 = CARTESIAN_POINT('',(123.33329948281,69.975749333305,0.));
#7974 = CARTESIAN_POINT('',(123.34558882972,70.010424248351,0.));
#7975 = CARTESIAN_POINT('',(123.3578839854,70.045109792983,0.));
#7976 = CARTESIAN_POINT('',(123.37018494517,70.079805966315,0.));
#7977 = CARTESIAN_POINT('',(123.38249170479,70.114512767299,0.));
#7978 = CARTESIAN_POINT('',(123.39480425968,70.149230194955,0.));
#7979 = CARTESIAN_POINT('',(123.40712260533,70.183958248329,0.));
#7980 = CARTESIAN_POINT('',(123.41944673723,70.218696926464,0.));
#7981 = CARTESIAN_POINT('',(123.43177665081,70.253446228431,0.));
#7982 = CARTESIAN_POINT('',(123.44411234142,70.288206153297,0.));
#7983 = CARTESIAN_POINT('',(123.45645380463,70.32297670004,0.));
#7984 = CARTESIAN_POINT('',(123.46880103578,70.357757867748,0.));
#7985 = CARTESIAN_POINT('',(123.48115403011,70.39254965552,0.));
#7986 = CARTESIAN_POINT('',(123.4935127832,70.427352062345,0.));
#7987 = CARTESIAN_POINT('',(123.50587729024,70.462165087327,0.));
#7988 = CARTESIAN_POINT('',(123.51824754656,70.496988729553,0.));
#7989 = CARTESIAN_POINT('',(123.53062354748,70.53182298804,0.));
#7990 = CARTESIAN_POINT('',(123.54300528841,70.566667861834,0.));
#7991 = CARTESIAN_POINT('',(123.5553927644,70.601523350104,0.));
#7992 = CARTESIAN_POINT('',(123.56778597074,70.636389451906,0.));
#7993 = CARTESIAN_POINT('',(123.58018490289,70.671266166243,0.));
#7994 = CARTESIAN_POINT('',(123.59258955572,70.706153492294,0.));
#7995 = CARTESIAN_POINT('',(123.60499992465,70.741051429107,0.));
#7996 = CARTESIAN_POINT('',(123.6174160048,70.77595997576,0.));
#7997 = CARTESIAN_POINT('',(123.62983779129,70.810879131369,0.));
#7998 = CARTESIAN_POINT('',(123.64226527927,70.845808895044,0.));
#7999 = CARTESIAN_POINT('',(123.65469846387,70.880749265892,0.));
#8000 = CARTESIAN_POINT('',(123.66713734012,70.915700243003,0.));
#8001 = CARTESIAN_POINT('',(123.67958190327,70.950661825435,0.));
#8002 = CARTESIAN_POINT('',(123.69203214821,70.985634012349,0.));
#8003 = CARTESIAN_POINT('',(123.70448807003,71.020616802868,0.));
#8004 = CARTESIAN_POINT('',(123.71694966381,71.055610196096,0.));
#8005 = CARTESIAN_POINT('',(123.72941692445,71.090614191182,0.));
#8006 = CARTESIAN_POINT('',(123.74188984704,71.125628787219,0.));
#8007 = CARTESIAN_POINT('',(123.75436842648,71.160653983336,0.));
#8008 = CARTESIAN_POINT('',(123.76685265779,71.195689778662,0.));
#8009 = CARTESIAN_POINT('',(123.77934253579,71.230736172372,0.));
#8010 = CARTESIAN_POINT('',(123.79183805549,71.265793163557,0.));
#8011 = CARTESIAN_POINT('',(123.80433921178,71.300860751357,0.));
#8012 = CARTESIAN_POINT('',(123.81684599948,71.335938934972,0.));
#8013 = CARTESIAN_POINT('',(123.82935841342,71.371027713555,0.));
#8014 = CARTESIAN_POINT('',(123.84187644855,71.406127086195,0.));
#8015 = CARTESIAN_POINT('',(123.8544000996,71.441237052059,0.));
#8016 = CARTESIAN_POINT('',(123.86692936142,71.476357610311,0.));
#8017 = CARTESIAN_POINT('',(123.87946422878,71.511488760152,0.));
#8018 = CARTESIAN_POINT('',(123.89200469633,71.546630500765,0.));
#8019 = CARTESIAN_POINT('',(123.90455075903,71.581782831248,0.));
#8020 = CARTESIAN_POINT('',(123.91710241143,71.616945750814,0.));
#8021 = CARTESIAN_POINT('',(123.92965964827,71.652119258632,0.));
#8022 = CARTESIAN_POINT('',(123.94222246438,71.687303353864,0.));
#8023 = CARTESIAN_POINT('',(123.95479085415,71.722498035772,0.));
#8024 = CARTESIAN_POINT('',(123.96736481249,71.757703303457,0.));
#8025 = CARTESIAN_POINT('',(123.97994433393,71.792919156123,0.));
#8026 = CARTESIAN_POINT('',(123.99252941306,71.828145592989,0.));
#8027 = CARTESIAN_POINT('',(124.00512004453,71.863382613251,0.));
#8028 = CARTESIAN_POINT('',(124.01771622285,71.898630216126,0.));
#8029 = CARTESIAN_POINT('',(124.03031794263,71.933888400821,0.));
#8030 = CARTESIAN_POINT('',(124.04292519833,71.969157166556,0.));
#8031 = CARTESIAN_POINT('',(124.05553798458,72.004436512489,0.));
#8032 = CARTESIAN_POINT('',(124.06815629586,72.039726437842,0.));
#8033 = CARTESIAN_POINT('',(124.08078012656,72.075026941888,0.));
#8034 = CARTESIAN_POINT('',(124.09340947118,72.110338023839,0.));
#8035 = CARTESIAN_POINT('',(124.10604432426,72.145659682888,0.));
#8036 = CARTESIAN_POINT('',(124.11868468008,72.180991918315,0.));
#8037 = CARTESIAN_POINT('',(124.13133053311,72.216334729328,0.));
#8038 = CARTESIAN_POINT('',(124.14398187781,72.251688115139,0.));
#8039 = CARTESIAN_POINT('',(124.15663870842,72.287052075046,0.));
#8040 = CARTESIAN_POINT('',(124.16930101934,72.3224266083,0.));
#8041 = CARTESIAN_POINT('',(124.18196880489,72.357811714111,0.));
#8042 = CARTESIAN_POINT('',(124.1946420595,72.393207391712,0.));
#8043 = CARTESIAN_POINT('',(124.20732077724,72.428613640434,0.));
#8044 = CARTESIAN_POINT('',(124.22000495257,72.464030459494,0.));
#8045 = CARTESIAN_POINT('',(124.23269457969,72.499457848175,0.));
#8046 = CARTESIAN_POINT('',(124.24538965272,72.534895805773,0.));
#8047 = CARTESIAN_POINT('',(124.25809016608,72.570344331477,0.));
#8048 = CARTESIAN_POINT('',(124.2707961139,72.605803424608,0.));
#8049 = CARTESIAN_POINT('',(124.2835074902,72.641273084511,0.));
#8050 = CARTESIAN_POINT('',(124.29622428934,72.676753310402,0.));
#8051 = CARTESIAN_POINT('',(124.30894650542,72.71224410157,0.));
#8052 = CARTESIAN_POINT('',(124.32167413245,72.747745457352,0.));
#8053 = CARTESIAN_POINT('',(124.33440716466,72.783257377001,0.));
#8054 = CARTESIAN_POINT('',(124.34714559613,72.818779859823,0.));
#8055 = CARTESIAN_POINT('',(124.35988942078,72.854312905175,0.));
#8056 = CARTESIAN_POINT('',(124.37263863282,72.889856512312,0.));
#8057 = CARTESIAN_POINT('',(124.38539322624,72.925410680552,0.));
#8058 = CARTESIAN_POINT('',(124.39815319494,72.960975409238,0.));
#8059 = CARTESIAN_POINT('',(124.41091853307,72.996550697632,0.));
#8060 = CARTESIAN_POINT('',(124.42368923455,73.032136545097,0.));
#8061 = CARTESIAN_POINT('',(124.43646529319,73.067732951022,0.));
#8062 = CARTESIAN_POINT('',(124.44924670311,73.103339914674,0.));
#8063 = CARTESIAN_POINT('',(124.46203345817,73.138957435409,0.));
#8064 = CARTESIAN_POINT('',(124.47482555212,73.174585512591,0.));
#8065 = CARTESIAN_POINT('',(124.48762297912,73.210224145467,0.));
#8066 = CARTESIAN_POINT('',(124.50042573278,73.245873333453,0.));
#8067 = CARTESIAN_POINT('',(124.51323380703,73.281533075916,0.));
#8068 = CARTESIAN_POINT('',(124.52604719569,73.317203372202,0.));
#8069 = CARTESIAN_POINT('',(124.53886589255,73.352884221682,0.));
#8070 = CARTESIAN_POINT('',(124.55168989135,73.38857562372,0.));
#8071 = CARTESIAN_POINT('',(124.56451918592,73.42427757765,0.));
#8072 = CARTESIAN_POINT('',(124.57735377,73.459990082858,0.));
#8073 = CARTESIAN_POINT('',(124.59019363723,73.495713138761,0.));
#8074 = CARTESIAN_POINT('',(124.60303878138,73.531446744728,0.));
#8075 = CARTESIAN_POINT('',(124.61588919608,73.567190900125,0.));
#8076 = CARTESIAN_POINT('',(124.62874487513,73.602945604312,0.));
#8077 = CARTESIAN_POINT('',(124.64160581199,73.638710856747,0.));
#8078 = CARTESIAN_POINT('',(124.65447200039,73.674486656792,0.));
#8079 = CARTESIAN_POINT('',(124.66734343401,73.710273003832,0.));
#8080 = CARTESIAN_POINT('',(124.68022010623,73.746069897343,0.));
#8081 = CARTESIAN_POINT('',(124.69310201082,73.781877336692,0.));
#8082 = CARTESIAN_POINT('',(124.70598914119,73.817695321289,0.));
#8083 = CARTESIAN_POINT('',(124.71888149103,73.853523850533,0.));
#8084 = CARTESIAN_POINT('',(124.73177905366,73.889362923906,0.));
#8085 = CARTESIAN_POINT('',(124.74468182269,73.9252125408,0.));
#8086 = CARTESIAN_POINT('',(124.75758979162,73.961072700632,0.));
#8087 = CARTESIAN_POINT('',(124.77050295377,73.996943402882,0.));
#8088 = CARTESIAN_POINT('',(124.78342130272,74.03282464696,0.));
#8089 = CARTESIAN_POINT('',(124.79634483179,74.068716432317,0.));
#8090 = CARTESIAN_POINT('',(124.80927353446,74.104618758388,0.));
#8091 = CARTESIAN_POINT('',(124.82220740399,74.140531624657,0.));
#8092 = CARTESIAN_POINT('',(124.83514643387,74.176455030552,0.));
#8093 = CARTESIAN_POINT('',(124.84809061734,74.212388975554,0.));
#8094 = CARTESIAN_POINT('',(124.86103994775,74.248333459127,0.));
#8095 = CARTESIAN_POINT('',(124.87399441842,74.284288480737,0.));
#8096 = CARTESIAN_POINT('',(124.88695402262,74.32025403986,0.));
#8097 = CARTESIAN_POINT('',(124.89991875358,74.35623013599,0.));
#8098 = CARTESIAN_POINT('',(124.91288860461,74.392216768597,0.));
#8099 = CARTESIAN_POINT('',(124.92586356883,74.428213937184,0.));
#8100 = CARTESIAN_POINT('',(124.93884363955,74.464221641202,0.));
#8101 = CARTESIAN_POINT('',(124.95182880994,74.500239880155,0.));
#8102 = CARTESIAN_POINT('',(124.96481907307,74.536268653598,0.));
#8103 = CARTESIAN_POINT('',(124.97781442219,74.572307961005,0.));
#8104 = CARTESIAN_POINT('',(124.99081485038,74.608357801881,0.));
#8105 = CARTESIAN_POINT('',(125.00382035074,74.644418175739,0.));
#8106 = CARTESIAN_POINT('',(125.01683091644,74.680489082096,0.));
#8107 = CARTESIAN_POINT('',(125.02984654038,74.716570520525,0.));
#8108 = CARTESIAN_POINT('',(125.04286721576,74.75266249051,0.));
#8109 = CARTESIAN_POINT('',(125.05589293558,74.788764991568,0.));
#8110 = CARTESIAN_POINT('',(125.0689236928,74.824878023263,0.));
#8111 = CARTESIAN_POINT('',(125.08195948042,74.861001585118,0.));
#8112 = CARTESIAN_POINT('',(125.09500029153,74.897135676652,0.));
#8113 = CARTESIAN_POINT('',(125.10804611892,74.933280297487,0.));
#8114 = CARTESIAN_POINT('',(125.12109695554,74.969435447178,0.));
#8115 = CARTESIAN_POINT('',(125.13415279446,75.005601125222,0.));
#8116 = CARTESIAN_POINT('',(125.14721362838,75.041777331232,0.));
#8117 = CARTESIAN_POINT('',(125.16027945028,75.077964064759,0.));
#8118 = CARTESIAN_POINT('',(125.17335025301,75.114161325358,0.));
#8119 = CARTESIAN_POINT('',(125.18642602942,75.150369112609,0.));
#8120 = CARTESIAN_POINT('',(125.19950677223,75.186587426117,0.));
#8121 = CARTESIAN_POINT('',(125.2125924744,75.222816265453,0.));
#8122 = CARTESIAN_POINT('',(125.22568312852,75.259055630264,0.));
#8123 = CARTESIAN_POINT('',(125.23877872745,75.295305520096,0.));
#8124 = CARTESIAN_POINT('',(125.25187926398,75.331565934515,0.));
#8125 = CARTESIAN_POINT('',(125.26498473074,75.367836873169,0.));
#8126 = CARTESIAN_POINT('',(125.27809512044,75.404118335685,0.));
#8127 = CARTESIAN_POINT('',(125.29121042578,75.440410321653,0.));
#8128 = CARTESIAN_POINT('',(125.30433063944,75.476712830674,0.));
#8129 = CARTESIAN_POINT('',(125.31745575405,75.513025862394,0.));
#8130 = CARTESIAN_POINT('',(125.3305857622,75.549349416479,0.));
#8131 = CARTESIAN_POINT('',(125.34372065647,75.585683492547,0.));
#8132 = CARTESIAN_POINT('',(125.35686042956,75.622028090177,0.));
#8133 = CARTESIAN_POINT('',(125.37000507392,75.658383209031,0.));
#8134 = CARTESIAN_POINT('',(125.38315458219,75.694748848774,0.));
#8135 = CARTESIAN_POINT('',(125.39630894675,75.731125009107,0.));
#8136 = CARTESIAN_POINT('',(125.40946816022,75.767511689642,0.));
#8137 = CARTESIAN_POINT('',(125.42263221508,75.803908890004,0.));
#8138 = CARTESIAN_POINT('',(125.43580110379,75.84031660989,0.));
#8139 = CARTESIAN_POINT('',(125.44897481873,75.876734849012,0.));
#8140 = CARTESIAN_POINT('',(125.46215335237,75.913163607021,0.));
#8141 = CARTESIAN_POINT('',(125.47533669715,75.949602883573,0.));
#8142 = CARTESIAN_POINT('',(125.48852484542,75.986052678366,0.));
#8143 = CARTESIAN_POINT('',(125.50171778952,76.022512991086,0.));
#8144 = CARTESIAN_POINT('',(125.51491552192,76.058983821406,0.));
#8145 = CARTESIAN_POINT('',(125.5281180348,76.09546516908,0.));
#8146 = CARTESIAN_POINT('',(125.54132532049,76.131957033807,0.));
#8147 = CARTESIAN_POINT('',(125.55453737142,76.168459415255,0.));
#8148 = CARTESIAN_POINT('',(125.56775417967,76.204972313193,0.));
#8149 = CARTESIAN_POINT('',(125.58097573761,76.241495727317,0.));
#8150 = CARTESIAN_POINT('',(125.59420203742,76.278029657341,0.));
#8151 = CARTESIAN_POINT('',(125.60743307134,76.31457410298,0.));
#8152 = CARTESIAN_POINT('',(125.62066883157,76.351129063964,0.));
#8153 = CARTESIAN_POINT('',(125.63390931025,76.387694540061,0.));
#8154 = CARTESIAN_POINT('',(125.64715449951,76.42427053102,0.));
#8155 = CARTESIAN_POINT('',(125.66040439158,76.460857036578,0.));
#8156 = CARTESIAN_POINT('',(125.67365897842,76.497454056533,0.));
#8157 = CARTESIAN_POINT('',(125.68691825219,76.534061590578,0.));
#8158 = CARTESIAN_POINT('',(125.70018220515,76.570679638422,0.));
#8159 = CARTESIAN_POINT('',(125.71345082904,76.60730819997,0.));
#8160 = CARTESIAN_POINT('',(125.72672411602,76.643947274971,0.));
#8161 = CARTESIAN_POINT('',(125.74000205819,76.680596863136,0.));
#8162 = CARTESIAN_POINT('',(125.75328464744,76.717256964262,0.));
#8163 = CARTESIAN_POINT('',(125.76657187582,76.753927578153,0.));
#8164 = CARTESIAN_POINT('',(125.77986373519,76.790608704635,0.));
#8165 = CARTESIAN_POINT('',(125.79316021754,76.82730034347,0.));
#8166 = CARTESIAN_POINT('',(125.80646131483,76.864002494438,0.));
#8167 = CARTESIAN_POINT('',(125.81976701889,76.9007151574,0.));
#8168 = CARTESIAN_POINT('',(125.83307732154,76.937438332175,0.));
#8169 = CARTESIAN_POINT('',(125.84639221479,76.974172018513,0.));
#8170 = CARTESIAN_POINT('',(125.85971169042,77.010916216277,0.));
#8171 = CARTESIAN_POINT('',(125.87303574007,77.04767092535,0.));
#8172 = CARTESIAN_POINT('',(125.88636435584,77.084436145461,0.));
#8173 = CARTESIAN_POINT('',(125.89969752932,77.121211876496,0.));
#8174 = CARTESIAN_POINT('',(125.91303525223,77.157998118341,0.));
#8175 = CARTESIAN_POINT('',(125.92637751644,77.194794870801,0.));
#8176 = CARTESIAN_POINT('',(125.93972431355,77.231602133722,0.));
#8177 = CARTESIAN_POINT('',(125.95307563539,77.268419906945,0.));
#8178 = CARTESIAN_POINT('',(125.96643147351,77.305248190384,0.));
#8179 = CARTESIAN_POINT('',(125.97979181959,77.342086983907,0.));
#8180 = CARTESIAN_POINT('',(125.99315666534,77.378936287362,0.));
#8181 = CARTESIAN_POINT('',(126.0065260023,77.41579610066,0.));
#8182 = CARTESIAN_POINT('',(126.01989982207,77.452666423683,0.));
#8183 = CARTESIAN_POINT('',(126.03327811631,77.489547256272,0.));
#8184 = CARTESIAN_POINT('',(126.0466608765,77.526438598348,0.));
#8185 = CARTESIAN_POINT('',(126.0600480942,77.563340449813,0.));
#8186 = CARTESIAN_POINT('',(126.07343976095,77.600252810564,0.));
#8187 = CARTESIAN_POINT('',(126.08683586823,77.637175680531,0.));
#8188 = CARTESIAN_POINT('',(126.10023640748,77.674109059632,0.));
#8189 = CARTESIAN_POINT('',(126.11364137024,77.711052947756,0.));
#8190 = CARTESIAN_POINT('',(126.12705074789,77.748007344845,0.));
#8191 = CARTESIAN_POINT('',(126.14046453189,77.784972250855,0.));
#8192 = CARTESIAN_POINT('',(126.15388271352,77.821947665739,0.));
#8193 = CARTESIAN_POINT('',(126.16730528434,77.858933589366,0.));
#8194 = CARTESIAN_POINT('',(126.18073223563,77.895930021698,0.));
#8195 = CARTESIAN_POINT('',(126.19416355866,77.932936962726,0.));
#8196 = CARTESIAN_POINT('',(126.20759924489,77.969954412394,0.));
#8197 = CARTESIAN_POINT('',(126.2210392854,78.006982370694,0.));
#8198 = CARTESIAN_POINT('',(126.23448367177,78.044020837513,0.));
#8199 = CARTESIAN_POINT('',(126.24793239502,78.081069812885,0.));
#8200 = CARTESIAN_POINT('',(126.26138544645,78.118129296801,0.));
#8201 = CARTESIAN_POINT('',(126.27484281732,78.155199289211,0.));
#8202 = CARTESIAN_POINT('',(126.28830449881,78.192279790095,0.));
#8203 = CARTESIAN_POINT('',(126.30177048211,78.229370799464,0.));
#8204 = CARTESIAN_POINT('',(126.31524075833,78.26647231735,0.));
#8205 = CARTESIAN_POINT('',(126.32871531864,78.303584343731,0.));
#8206 = CARTESIAN_POINT('',(126.34219415422,78.340706878587,0.));
#8207 = CARTESIAN_POINT('',(126.35567725604,78.37783992197,0.));
#8208 = CARTESIAN_POINT('',(126.36916461533,78.414983473887,0.));
#8209 = CARTESIAN_POINT('',(126.38265622298,78.452137534398,0.));
#8210 = CARTESIAN_POINT('',(126.39615207018,78.489302103488,0.));
#8211 = CARTESIAN_POINT('',(126.40965214792,78.526477181206,0.));
#8212 = CARTESIAN_POINT('',(126.42315644707,78.563662767641,0.));
#8213 = CARTESIAN_POINT('',(126.43666495878,78.60085886279,0.));
#8214 = CARTESIAN_POINT('',(126.45017767393,78.638065466721,0.));
#8215 = CARTESIAN_POINT('',(126.46369458342,78.6752825795,0.));
#8216 = CARTESIAN_POINT('',(126.47721567827,78.712510201165,0.));
#8217 = CARTESIAN_POINT('',(126.4907409493,78.749748331814,0.));
#8218 = CARTESIAN_POINT('',(126.50427038738,78.786996971516,0.));
#8219 = CARTESIAN_POINT('',(126.51780398347,78.824256120326,0.));
#8220 = CARTESIAN_POINT('',(126.53134172827,78.861525778371,0.));
#8221 = CARTESIAN_POINT('',(126.54488361271,78.898805945728,0.));
#8222 = CARTESIAN_POINT('',(126.55842962751,78.936096622504,0.));
#8223 = CARTESIAN_POINT('',(126.5719797635,78.973397808795,0.));
#8224 = CARTESIAN_POINT('',(126.5855340114,79.010709504702,0.));
#8225 = CARTESIAN_POINT('',(126.59909236198,79.048031710321,0.));
#8226 = CARTESIAN_POINT('',(126.61265480597,79.085364425778,0.));
#8227 = CARTESIAN_POINT('',(126.62622133402,79.122707651226,0.));
#8228 = CARTESIAN_POINT('',(126.63979193682,79.1600613868,0.));
#8229 = CARTESIAN_POINT('',(126.65336660502,79.197425632613,0.));
#8230 = CARTESIAN_POINT('',(126.66694532932,79.234800388772,0.));
#8231 = CARTESIAN_POINT('',(126.68052810029,79.272185655449,0.));
#8232 = CARTESIAN_POINT('',(126.6941149085,79.309581432839,0.));
#8233 = CARTESIAN_POINT('',(126.70770574452,79.346987721086,0.));
#8234 = CARTESIAN_POINT('',(126.721300599,79.384404520313,0.));
#8235 = CARTESIAN_POINT('',(126.73489946239,79.421831830721,0.));
#8236 = CARTESIAN_POINT('',(126.74850232519,79.459269652475,0.));
#8237 = CARTESIAN_POINT('',(126.76210917804,79.496717985722,0.));
#8238 = CARTESIAN_POINT('',(126.7757200112,79.534176830717,0.));
#8239 = CARTESIAN_POINT('',(126.78933481527,79.571646187613,0.));
#8240 = CARTESIAN_POINT('',(126.80295358068,79.609126056574,0.));
#8241 = CARTESIAN_POINT('',(126.81657629782,79.646616437843,0.));
#8242 = CARTESIAN_POINT('',(126.83020295699,79.684117331662,0.));
#8243 = CARTESIAN_POINT('',(126.84383354875,79.721628738173,0.));
#8244 = CARTESIAN_POINT('',(126.85746806333,79.759150657626,0.));
#8245 = CARTESIAN_POINT('',(126.87110649105,79.796683090259,0.));
#8246 = CARTESIAN_POINT('',(126.88474882232,79.834226036269,0.));
#8247 = CARTESIAN_POINT('',(126.89839504736,79.871779495926,0.));
#8248 = CARTESIAN_POINT('',(126.91204515641,79.909343469492,0.));
#8249 = CARTESIAN_POINT('',(126.92569913981,79.946917957169,0.));
#8250 = CARTESIAN_POINT('',(126.93935698774,79.984502959203,0.));
#8251 = CARTESIAN_POINT('',(126.95301869045,80.022098475863,0.));
#8252 = CARTESIAN_POINT('',(126.96668423807,80.059704507435,0.));
#8253 = CARTESIAN_POINT('',(126.98035362081,80.097321054166,0.));
#8254 = CARTESIAN_POINT('',(126.99402682887,80.134948116337,0.));
#8255 = CARTESIAN_POINT('',(127.00770385224,80.172585694279,0.));
#8256 = CARTESIAN_POINT('',(127.02138468115,80.210233788244,0.));
#8257 = CARTESIAN_POINT('',(127.03506930568,80.247892398512,0.));
#8258 = CARTESIAN_POINT('',(127.04875771581,80.285561525391,0.));
#8259 = CARTESIAN_POINT('',(127.06244990173,80.323241169139,0.));
#8260 = CARTESIAN_POINT('',(127.0761458534,80.360931330114,0.));
#8261 = CARTESIAN_POINT('',(127.0898455607,80.39863200867,0.));
#8262 = CARTESIAN_POINT('',(127.10354901386,80.436343205045,0.));
#8263 = CARTESIAN_POINT('',(127.11725620271,80.474064919612,0.));
#8264 = CARTESIAN_POINT('',(127.13096711712,80.511797152737,0.));
#8265 = CARTESIAN_POINT('',(127.14468174722,80.549539904695,0.));
#8266 = CARTESIAN_POINT('',(127.15840008274,80.587293175878,0.));
#8267 = CARTESIAN_POINT('',(127.17212211361,80.625056966636,0.));
#8268 = CARTESIAN_POINT('',(127.18584782975,80.662831277276,0.));
#8269 = CARTESIAN_POINT('',(127.199577221,80.700616108185,0.));
#8270 = CARTESIAN_POINT('',(127.21331027708,80.738411459774,0.));
#8271 = CARTESIAN_POINT('',(127.22704698789,80.776217332367,0.));
#8272 = CARTESIAN_POINT('',(127.24078734323,80.814033726318,0.));
#8273 = CARTESIAN_POINT('',(127.2545313328,80.851860642059,0.));
#8274 = CARTESIAN_POINT('',(127.26827894635,80.889698080008,0.));
#8275 = CARTESIAN_POINT('',(127.28203017361,80.92754604054,0.));
#8276 = CARTESIAN_POINT('',(127.29578500431,80.965404524025,0.));
#8277 = CARTESIAN_POINT('',(127.30954342813,81.003273530885,0.));
#8278 = CARTESIAN_POINT('',(127.32330543469,81.041153061572,0.));
#8279 = CARTESIAN_POINT('',(127.33707101359,81.079043116503,0.));
#8280 = CARTESIAN_POINT('',(127.35084015459,81.116943696041,0.));
#8281 = CARTESIAN_POINT('',(127.36461284721,81.154854800656,0.));
#8282 = CARTESIAN_POINT('',(127.37838908093,81.19277643081,0.));
#8283 = CARTESIAN_POINT('',(127.39216884553,81.230708586884,0.));
#8284 = CARTESIAN_POINT('',(127.40595213035,81.268651269383,0.));
#8285 = CARTESIAN_POINT('',(127.41973892499,81.30660447877,0.));
#8286 = CARTESIAN_POINT('',(127.43352921892,81.344568215501,0.));
#8287 = CARTESIAN_POINT('',(127.44732300165,81.38254248002,0.));
#8288 = CARTESIAN_POINT('',(127.46112026262,81.4205272728,0.));
#8289 = CARTESIAN_POINT('',(127.47492099124,81.458522594342,0.));
#8290 = CARTESIAN_POINT('',(127.48872517694,81.496528445114,0.));
#8291 = CARTESIAN_POINT('',(127.50253280918,81.534544825602,0.));
#8292 = CARTESIAN_POINT('',(127.51634387719,81.572571736353,0.));
#8293 = CARTESIAN_POINT('',(127.5301583704,81.61060917783,0.));
#8294 = CARTESIAN_POINT('',(127.54397627823,81.648657150499,0.));
#8295 = CARTESIAN_POINT('',(127.55779758986,81.686715654941,0.));
#8296 = CARTESIAN_POINT('',(127.57162229458,81.724784691707,0.));
#8297 = CARTESIAN_POINT('',(127.58545038174,81.762864261269,0.));
#8298 = CARTESIAN_POINT('',(127.59928184059,81.800954364147,0.));
#8299 = CARTESIAN_POINT('',(127.61311666025,81.83905500091,0.));
#8300 = CARTESIAN_POINT('',(127.62695483006,81.877166172066,0.));
#8301 = CARTESIAN_POINT('',(127.64079633918,81.915287878212,0.));
#8302 = CARTESIAN_POINT('',(127.65464117657,81.953420119942,0.));
#8303 = CARTESIAN_POINT('',(127.66848933175,81.991562897705,0.));
#8304 = CARTESIAN_POINT('',(127.68234079357,82.029716212139,0.));
#8305 = CARTESIAN_POINT('',(127.69619555116,82.067880063844,0.));
#8306 = CARTESIAN_POINT('',(127.71005359374,82.106054453342,0.));
#8307 = CARTESIAN_POINT('',(127.72391491024,82.144239381259,0.));
#8308 = CARTESIAN_POINT('',(127.73777948973,82.182434848196,0.));
#8309 = CARTESIAN_POINT('',(127.75164732129,82.220640854722,0.));
#8310 = CARTESIAN_POINT('',(127.76551839389,82.258857401458,0.));
#8311 = CARTESIAN_POINT('',(127.77939269643,82.297084489037,0.));
#8312 = CARTESIAN_POINT('',(127.79327021803,82.335322118033,0.));
#8313 = CARTESIAN_POINT('',(127.80715094748,82.373570289093,0.));
#8314 = CARTESIAN_POINT('',(127.82103487381,82.411829002836,0.));
#8315 = CARTESIAN_POINT('',(127.83492198582,82.450098259924,0.));
#8316 = CARTESIAN_POINT('',(127.84881227244,82.488378060983,0.));
#8317 = CARTESIAN_POINT('',(127.86270572258,82.52666840665,0.));
#8318 = CARTESIAN_POINT('',(127.8766023249,82.564969297615,0.));
#8319 = CARTESIAN_POINT('',(127.89050206843,82.603280734484,0.));
#8320 = CARTESIAN_POINT('',(127.90440494183,82.641602717946,0.));
#8321 = CARTESIAN_POINT('',(127.9183109339,82.679935248696,0.));
#8322 = CARTESIAN_POINT('',(127.93222003341,82.718278327413,0.));
#8323 = CARTESIAN_POINT('',(127.94613222904,82.756631954783,0.));
#8324 = CARTESIAN_POINT('',(127.96004750959,82.794996131468,0.));
#8325 = CARTESIAN_POINT('',(127.97396586366,82.83337085818,0.));
#8326 = CARTESIAN_POINT('',(127.98788727998,82.871756135612,0.));
#8327 = CARTESIAN_POINT('',(128.00181174718,82.910151964475,0.));
#8328 = CARTESIAN_POINT('',(128.01573925388,82.948558345516,0.));
#8329 = CARTESIAN_POINT('',(128.02966978864,82.986975279451,0.));
#8330 = CARTESIAN_POINT('',(128.04360334017,83.025402766955,0.));
#8331 = CARTESIAN_POINT('',(128.05753989692,83.063840808796,0.));
#8332 = CARTESIAN_POINT('',(128.07147944749,83.102289405723,0.));
#8333 = CARTESIAN_POINT('',(128.08542198037,83.140748558489,0.));
#8334 = CARTESIAN_POINT('',(128.09936748409,83.179218267843,0.));
#8335 = CARTESIAN_POINT('',(128.1133159471,83.217698534544,0.));
#8336 = CARTESIAN_POINT('',(128.12726735789,83.256189359328,0.));
#8337 = CARTESIAN_POINT('',(128.14122170493,83.29469074297,0.));
#8338 = CARTESIAN_POINT('',(128.15517897654,83.333202686297,0.));
#8339 = CARTESIAN_POINT('',(128.1691391612,83.37172519007,0.));
#8340 = CARTESIAN_POINT('',(128.18310224724,83.410258255056,0.));
#8341 = CARTESIAN_POINT('',(128.1970682231,83.448801882034,0.));
#8342 = CARTESIAN_POINT('',(128.21103707702,83.487356071856,0.));
#8343 = CARTESIAN_POINT('',(128.2250087973,83.525920825346,0.));
#8344 = CARTESIAN_POINT('',(128.23898337234,83.564496143262,0.));
#8345 = CARTESIAN_POINT('',(128.25296079036,83.603082026439,0.));
#8346 = CARTESIAN_POINT('',(128.26694103956,83.641678475731,0.));
#8347 = CARTESIAN_POINT('',(128.28092410824,83.680285491945,0.));
#8348 = CARTESIAN_POINT('',(128.2949099846,83.718903075926,0.));
#8349 = CARTESIAN_POINT('',(128.30889865677,83.757531228552,0.));
#8350 = CARTESIAN_POINT('',(128.32289011297,83.796169950639,0.));
#8351 = CARTESIAN_POINT('',(128.33688434137,83.834819243027,0.));
#8352 = CARTESIAN_POINT('',(128.35088133006,83.873479106615,0.));
#8353 = CARTESIAN_POINT('',(128.3648810671,83.912149542309,0.));
#8354 = CARTESIAN_POINT('',(128.37888354063,83.95083055095,0.));
#8355 = CARTESIAN_POINT('',(128.39288873874,83.989522133395,0.));
#8356 = CARTESIAN_POINT('',(128.4068966494,84.028224290553,0.));
#8357 = CARTESIAN_POINT('',(128.4209072607,84.06693702332,0.));
#8358 = CARTESIAN_POINT('',(128.43492056057,84.105660332621,0.));
#8359 = CARTESIAN_POINT('',(128.44893653702,84.144394219368,0.));
#8360 = CARTESIAN_POINT('',(128.46295517802,84.183138684458,0.));
#8361 = CARTESIAN_POINT('',(128.47697647146,84.22189372879,0.));
#8362 = CARTESIAN_POINT('',(128.4910004054,84.260659353275,0.));
#8363 = CARTESIAN_POINT('',(128.50502696751,84.299435558924,0.));
#8364 = CARTESIAN_POINT('',(128.51905614582,84.33822234666,0.));
#8365 = CARTESIAN_POINT('',(128.53308792814,84.377019717415,0.));
#8366 = CARTESIAN_POINT('',(128.54712230227,84.415827672128,0.));
#8367 = CARTESIAN_POINT('',(128.56115925613,84.454646211734,0.));
#8368 = CARTESIAN_POINT('',(128.57519877737,84.49347533726,0.));
#8369 = CARTESIAN_POINT('',(128.58924085381,84.532315049684,0.));
#8370 = CARTESIAN_POINT('',(128.60328547321,84.571165349941,0.));
#8371 = CARTESIAN_POINT('',(128.61733262331,84.610026239004,0.));
#8372 = CARTESIAN_POINT('',(128.6313822918,84.648897717887,0.));
#8373 = CARTESIAN_POINT('',(128.64543446633,84.687779787607,0.));
#8374 = CARTESIAN_POINT('',(128.65948913461,84.726672449167,0.));
#8375 = CARTESIAN_POINT('',(128.67354628422,84.765575703575,0.));
#8376 = CARTESIAN_POINT('',(128.68760590285,84.804489551808,0.));
#8377 = CARTESIAN_POINT('',(128.7016679781,84.843413994886,0.));
#8378 = CARTESIAN_POINT('',(128.71573249749,84.882349033899,0.));
#8379 = CARTESIAN_POINT('',(128.72979944858,84.921294669892,0.));
#8380 = CARTESIAN_POINT('',(128.74386881893,84.960250903863,0.));
#8381 = CARTESIAN_POINT('',(128.75794059608,84.999217736827,0.));
#8382 = CARTESIAN_POINT('',(128.77201476751,85.038195169876,0.));
#8383 = CARTESIAN_POINT('',(128.78609132064,85.07718320412,0.));
#8384 = CARTESIAN_POINT('',(128.80017024292,85.116181840605,0.));
#8385 = CARTESIAN_POINT('',(128.8142515219,85.155191080344,0.));
#8386 = CARTESIAN_POINT('',(128.82833514487,85.194210924455,0.));
#8387 = CARTESIAN_POINT('',(128.84242109923,85.233241374035,0.));
#8388 = CARTESIAN_POINT('',(128.85650937242,85.272282430174,0.));
#8389 = CARTESIAN_POINT('',(128.87059995167,85.311334094007,0.));
#8390 = CARTESIAN_POINT('',(128.88469282436,85.350396366602,0.));
#8391 = CARTESIAN_POINT('',(128.89878797787,85.389469249024,0.));
#8392 = CARTESIAN_POINT('',(128.91288539938,85.428552742448,0.));
#8393 = CARTESIAN_POINT('',(128.92698507612,85.467646848032,0.));
#8394 = CARTESIAN_POINT('',(128.94108699547,85.506751566884,0.));
#8395 = CARTESIAN_POINT('',(128.95519114446,85.545866900163,0.));
#8396 = CARTESIAN_POINT('',(128.96929751045,85.584992848952,0.));
#8397 = CARTESIAN_POINT('',(128.98340608055,85.624129414386,0.));
#8398 = CARTESIAN_POINT('',(128.99751684196,85.663276597664,0.));
#8399 = CARTESIAN_POINT('',(129.01162978169,85.702434400026,0.));
#8400 = CARTESIAN_POINT('',(129.02574488691,85.741602822602,0.));
#8401 = CARTESIAN_POINT('',(129.03986214479,85.780781866489,0.));
#8402 = CARTESIAN_POINT('',(129.05398154236,85.819971532906,0.));
#8403 = CARTESIAN_POINT('',(129.06810306657,85.859171823129,0.));
#8404 = CARTESIAN_POINT('',(129.0822267045,85.898382738314,0.));
#8405 = CARTESIAN_POINT('',(129.09635244324,85.937604279597,0.));
#8406 = CARTESIAN_POINT('',(129.11048026967,85.97683644822,0.));
#8407 = CARTESIAN_POINT('',(129.12461017079,86.016079245432,0.));
#8408 = CARTESIAN_POINT('',(129.13874213351,86.055332672467,0.));
#8409 = CARTESIAN_POINT('',(129.15287614478,86.094596730534,0.));
#8410 = CARTESIAN_POINT('',(129.16701219149,86.13387142085,0.));
#8411 = CARTESIAN_POINT('',(129.18115026053,86.173156744659,0.));
#8412 = CARTESIAN_POINT('',(129.19529033871,86.212452703227,0.));
#8413 = CARTESIAN_POINT('',(129.20943241291,86.251759297794,0.));
#8414 = CARTESIAN_POINT('',(129.22357646996,86.291076529645,0.));
#8415 = CARTESIAN_POINT('',(129.23772249651,86.330404400082,0.));
#8416 = CARTESIAN_POINT('',(129.25187047951,86.369742910302,0.));
#8417 = CARTESIAN_POINT('',(129.26602040563,86.409092061592,0.));
#8418 = CARTESIAN_POINT('',(129.28017226158,86.448451855283,0.));
#8419 = CARTESIAN_POINT('',(129.29432603409,86.487822292688,0.));
#8420 = CARTESIAN_POINT('',(129.30848170977,86.527203375103,0.));
#8421 = CARTESIAN_POINT('',(129.32263927541,86.566595103783,0.));
#8422 = CARTESIAN_POINT('',(129.33679871756,86.605997480047,0.));
#8423 = CARTESIAN_POINT('',(129.35096002291,86.64541050524,0.));
#8424 = CARTESIAN_POINT('',(129.36512317794,86.684834180738,0.));
#8425 = CARTESIAN_POINT('',(129.37928816929,86.724268507828,0.));
#8426 = CARTESIAN_POINT('',(129.39345498361,86.76371348782,0.));
#8427 = CARTESIAN_POINT('',(129.40762360723,86.803169122105,0.));
#8428 = CARTESIAN_POINT('',(129.42179402688,86.842635412015,0.));
#8429 = CARTESIAN_POINT('',(129.43596622886,86.882112358947,0.));
#8430 = CARTESIAN_POINT('',(129.45014019977,86.921599964255,0.));
#8431 = CARTESIAN_POINT('',(129.46431592596,86.961098229299,0.));
#8432 = CARTESIAN_POINT('',(129.47849339398,87.000607155437,0.));
#8433 = CARTESIAN_POINT('',(129.49267259006,87.040126744077,0.));
#8434 = CARTESIAN_POINT('',(129.5068535008,87.079656996591,0.));
#8435 = CARTESIAN_POINT('',(129.52103611235,87.119197914446,0.));
#8436 = CARTESIAN_POINT('',(129.53522041113,87.158749499023,0.));
#8437 = CARTESIAN_POINT('',(129.54940638354,87.198311751694,0.));
#8438 = CARTESIAN_POINT('',(129.56359401574,87.237884673918,0.));
#8439 = CARTESIAN_POINT('',(129.5777832941,87.277468267113,0.));
#8440 = CARTESIAN_POINT('',(129.59197420482,87.317062532711,0.));
#8441 = CARTESIAN_POINT('',(129.60616673416,87.356667472141,0.));
#8442 = CARTESIAN_POINT('',(129.62036086832,87.396283086839,0.));
#8443 = CARTESIAN_POINT('',(129.63455659351,87.435909378262,0.));
#8444 = CARTESIAN_POINT('',(129.64875389588,87.475546347904,0.));
#8445 = CARTESIAN_POINT('',(129.66295276151,87.515193997236,0.));
#8446 = CARTESIAN_POINT('',(129.67715317665,87.554852327689,0.));
#8447 = CARTESIAN_POINT('',(129.6913551273,87.594521340755,0.));
#8448 = CARTESIAN_POINT('',(129.70555859957,87.634201037901,0.));
#8449 = CARTESIAN_POINT('',(129.7197635796,87.673891420626,0.));
#8450 = CARTESIAN_POINT('',(129.73397005326,87.713592490506,0.));
#8451 = CARTESIAN_POINT('',(129.74817800665,87.753304249003,0.));
#8452 = CARTESIAN_POINT('',(129.76238742585,87.793026697569,0.));
#8453 = CARTESIAN_POINT('',(129.77659829668,87.832759837749,0.));
#8454 = CARTESIAN_POINT('',(129.79081060524,87.872503671083,0.));
#8455 = CARTESIAN_POINT('',(129.80502433731,87.912258199153,0.));
#8456 = CARTESIAN_POINT('',(129.81923947885,87.952023423458,0.));
#8457 = CARTESIAN_POINT('',(129.83345601586,87.991799345497,0.));
#8458 = CARTESIAN_POINT('',(129.84767393401,88.031585966871,0.));
#8459 = CARTESIAN_POINT('',(129.86189321929,88.071383289105,0.));
#8460 = CARTESIAN_POINT('',(129.87611385751,88.111191313791,0.));
#8461 = CARTESIAN_POINT('',(129.89033583429,88.151010042562,0.));
#8462 = CARTESIAN_POINT('',(129.90455913565,88.190839476916,0.));
#8463 = CARTESIAN_POINT('',(129.91878374719,88.230679618424,0.));
#8464 = CARTESIAN_POINT('',(129.93300965477,88.270530468694,0.));
#8465 = CARTESIAN_POINT('',(129.94723684392,88.310392029383,0.));
#8466 = CARTESIAN_POINT('',(129.96146530046,88.350264302051,0.));
#8467 = CARTESIAN_POINT('',(129.97569501008,88.390147288288,0.));
#8468 = CARTESIAN_POINT('',(129.98992595834,88.430040989758,0.));
#8469 = CARTESIAN_POINT('',(130.00415813084,88.469945408082,0.));
#8470 = CARTESIAN_POINT('',(130.01839151337,88.509860544833,0.));
#8471 = CARTESIAN_POINT('',(130.03262609131,88.549786401718,0.));
#8472 = CARTESIAN_POINT('',(130.04686185025,88.58972298038,0.));
#8473 = CARTESIAN_POINT('',(130.06109877587,88.629670282419,0.));
#8474 = CARTESIAN_POINT('',(130.07533685349,88.66962830953,0.));
#8475 = CARTESIAN_POINT('',(130.08957606877,88.70959706336,0.));
#8476 = CARTESIAN_POINT('',(130.10381640706,88.749576545587,0.));
#8477 = CARTESIAN_POINT('',(130.11805785392,88.789566757881,0.));
#8478 = CARTESIAN_POINT('',(130.13230039468,88.829567701968,0.));
#8479 = CARTESIAN_POINT('',(130.14654401474,88.869579379532,0.));
#8480 = CARTESIAN_POINT('',(130.16078869963,88.909601792238,0.));
#8481 = CARTESIAN_POINT('',(130.1750344345,88.949634941817,0.));
#8482 = CARTESIAN_POINT('',(130.18928120489,88.989678829937,0.));
#8483 = CARTESIAN_POINT('',(130.20352899601,89.029733458334,0.));
#8484 = CARTESIAN_POINT('',(130.21777779319,89.069798828769,0.));
#8485 = CARTESIAN_POINT('',(130.23202758163,89.109874942976,0.));
#8486 = CARTESIAN_POINT('',(130.24627834672,89.149961802644,0.));
#8487 = CARTESIAN_POINT('',(130.26053007359,89.190059409542,0.));
#8488 = CARTESIAN_POINT('',(130.27478274746,89.230167765432,0.));
#8489 = CARTESIAN_POINT('',(130.28903635358,89.270286872061,0.));
#8490 = CARTESIAN_POINT('',(130.30329087701,89.3104167312,0.));
#8491 = CARTESIAN_POINT('',(130.31754630305,89.350557344611,0.));
#8492 = CARTESIAN_POINT('',(130.3318026166,89.390708714111,0.));
#8493 = CARTESIAN_POINT('',(130.34605980298,89.430870841427,0.));
#8494 = CARTESIAN_POINT('',(130.36031784715,89.47104372836,0.));
#8495 = CARTESIAN_POINT('',(130.37457673419,89.511227376735,0.));
#8496 = CARTESIAN_POINT('',(130.38883644914,89.551421788366,0.));
#8497 = CARTESIAN_POINT('',(130.40309697697,89.591626965062,0.));
#8498 = CARTESIAN_POINT('',(130.41735830276,89.631842908614,0.));
#8499 = CARTESIAN_POINT('',(130.43162041138,89.672069620857,0.));
#8500 = CARTESIAN_POINT('',(130.44588328785,89.712307103603,0.));
#8501 = CARTESIAN_POINT('',(130.46014691708,89.75255535871,0.));
#8502 = CARTESIAN_POINT('',(130.47441128391,89.792814388066,0.));
#8503 = CARTESIAN_POINT('',(130.48867637329,89.833084193506,0.));
#8504 = CARTESIAN_POINT('',(130.50294217002,89.873364776858,0.));
#8505 = CARTESIAN_POINT('',(130.51720865905,89.913656139947,0.));
#8506 = CARTESIAN_POINT('',(130.53147582507,89.953958284695,0.));
#8507 = CARTESIAN_POINT('',(130.54574365294,89.994271213021,0.));
#8508 = CARTESIAN_POINT('',(130.56001212732,90.034594926805,0.));
#8509 = CARTESIAN_POINT('',(130.57428123315,90.074929427855,0.));
#8510 = CARTESIAN_POINT('',(130.58855095502,90.115274718094,0.));
#8511 = CARTESIAN_POINT('',(130.60282127766,90.155630799472,0.));
#8512 = CARTESIAN_POINT('',(130.61709218576,90.195997673912,0.));
#8513 = CARTESIAN_POINT('',(130.63136366395,90.23637534333,0.));
#8514 = CARTESIAN_POINT('',(130.64563569691,90.276763809609,0.));
#8515 = CARTESIAN_POINT('',(130.65990826923,90.317163074653,0.));
#8516 = CARTESIAN_POINT('',(130.67418136561,90.357573140422,0.));
#8517 = CARTESIAN_POINT('',(130.68845497038,90.397994008949,0.));
#8518 = CARTESIAN_POINT('',(130.7027290683,90.438425682128,0.));
#8519 = CARTESIAN_POINT('',(130.71700364383,90.478868161881,0.));
#8520 = CARTESIAN_POINT('',(130.73127868149,90.519321450184,0.));
#8521 = CARTESIAN_POINT('',(130.74555416576,90.559785549068,0.));
#8522 = CARTESIAN_POINT('',(130.75983008098,90.600260460516,0.));
#8523 = CARTESIAN_POINT('',(130.77410641183,90.640746186416,0.));
#8524 = CARTESIAN_POINT('',(130.78838314257,90.681242728806,0.));
#8525 = CARTESIAN_POINT('',(130.80266025754,90.721750089733,0.));
#8526 = CARTESIAN_POINT('',(130.81693774128,90.762268271147,0.));
#8527 = CARTESIAN_POINT('',(130.83121557804,90.80279727509,0.));
#8528 = CARTESIAN_POINT('',(130.84549375207,90.843337103603,0.));
#8529 = CARTESIAN_POINT('',(130.85977224786,90.883887758646,0.));
#8530 = CARTESIAN_POINT('',(130.87405104957,90.92444924227,0.));
#8531 = CARTESIAN_POINT('',(130.88833014149,90.965021556549,0.));
#8532 = CARTESIAN_POINT('',(130.90260950784,91.005604703527,0.));
#8533 = CARTESIAN_POINT('',(130.91688913286,91.046198685239,0.));
#8534 = CARTESIAN_POINT('',(130.93116900076,91.086803503736,0.));
#8535 = CARTESIAN_POINT('',(130.94544909566,91.127419161099,0.));
#8536 = CARTESIAN_POINT('',(130.95972940177,91.168045659388,0.));
#8537 = CARTESIAN_POINT('',(130.97400990318,91.208683000702,0.));
#8538 = CARTESIAN_POINT('',(130.98829058397,91.249331187129,0.));
#8539 = CARTESIAN_POINT('',(131.00257142833,91.289990220735,0.));
#8540 = CARTESIAN_POINT('',(131.01685242017,91.330660103638,0.));
#8541 = CARTESIAN_POINT('',(131.03113354366,91.371340837913,0.));
#8542 = CARTESIAN_POINT('',(131.04541478279,91.412032425702,0.));
#8543 = CARTESIAN_POINT('',(131.05969612143,91.452734869172,0.));
#8544 = CARTESIAN_POINT('',(131.07397754373,91.493448170392,0.));
#8545 = CARTESIAN_POINT('',(131.08825903351,91.534172331482,0.));
#8546 = CARTESIAN_POINT('',(131.10254057482,91.574907354578,0.));
#8547 = CARTESIAN_POINT('',(131.11682215143,91.615653241879,0.));
#8548 = CARTESIAN_POINT('',(131.13110374728,91.656409995534,0.));
#8549 = CARTESIAN_POINT('',(131.14538534625,91.697177617671,0.));
#8550 = CARTESIAN_POINT('',(131.15966693218,91.737956110441,0.));
#8551 = CARTESIAN_POINT('',(131.17394848885,91.778745476022,0.));
#8552 = CARTESIAN_POINT('',(131.18823000011,91.819545716609,0.));
#8553 = CARTESIAN_POINT('',(131.20251144964,91.860356834434,0.));
#8554 = CARTESIAN_POINT('',(131.21679282125,91.901178831672,0.));
#8555 = CARTESIAN_POINT('',(131.23107409865,91.942011710473,0.));
#8556 = CARTESIAN_POINT('',(131.24535526561,91.982855473029,0.));
#8557 = CARTESIAN_POINT('',(131.2596363057,92.023710121612,0.));
#8558 = CARTESIAN_POINT('',(131.27391720263,92.064575658434,0.));
#8559 = CARTESIAN_POINT('',(131.28819794007,92.105452085696,0.));
#8560 = CARTESIAN_POINT('',(131.3024785016,92.146339405656,0.));
#8561 = CARTESIAN_POINT('',(131.31675887076,92.187237620565,0.));
#8562 = CARTESIAN_POINT('',(131.33103903123,92.228146732623,0.));
#8563 = CARTESIAN_POINT('',(131.34531896649,92.269066744093,0.));
#8564 = CARTESIAN_POINT('',(131.35959866006,92.309997657267,0.));
#8565 = CARTESIAN_POINT('',(131.37387809547,92.350939474413,0.));
#8566 = CARTESIAN_POINT('',(131.38815725616,92.391892197782,0.));
#8567 = CARTESIAN_POINT('',(131.40243612563,92.432855829624,0.));
#8568 = CARTESIAN_POINT('',(131.41671468737,92.473830372254,0.));
#8569 = CARTESIAN_POINT('',(131.43099292457,92.514815828021,0.));
#8570 = CARTESIAN_POINT('',(131.44527082088,92.555812199134,0.));
#8571 = CARTESIAN_POINT('',(131.45954835957,92.596819487912,0.));
#8572 = CARTESIAN_POINT('',(131.4738255239,92.637837696735,0.));
#8573 = CARTESIAN_POINT('',(131.4881022973,92.678866827904,0.));
#8574 = CARTESIAN_POINT('',(131.502378663,92.719906883701,0.));
#8575 = CARTESIAN_POINT('',(131.51665460439,92.760957866438,0.));
#8576 = CARTESIAN_POINT('',(131.53093010458,92.802019778507,0.));
#8577 = CARTESIAN_POINT('',(131.54520514691,92.843092622264,0.));
#8578 = CARTESIAN_POINT('',(131.5594797145,92.884176400075,0.));
#8579 = CARTESIAN_POINT('',(131.57375379058,92.925271114262,0.));
#8580 = CARTESIAN_POINT('',(131.58802735839,92.966376767163,0.));
#8581 = CARTESIAN_POINT('',(131.60230040092,93.007493361175,0.));
#8582 = CARTESIAN_POINT('',(131.61657290145,93.048620898679,0.));
#8583 = CARTESIAN_POINT('',(131.63084484294,93.089759382104,0.));
#8584 = CARTESIAN_POINT('',(131.64511620851,93.130908813819,0.));
#8585 = CARTESIAN_POINT('',(131.65938698127,93.17206919618,0.));
#8586 = CARTESIAN_POINT('',(131.67365714419,93.213240531631,0.));
#8587 = CARTESIAN_POINT('',(131.68792668024,93.254422822597,0.));
#8588 = CARTESIAN_POINT('',(131.7021955725,93.295616071436,0.));
#8589 = CARTESIAN_POINT('',(131.71646380392,93.336820280597,0.));
#8590 = CARTESIAN_POINT('',(131.73073135732,93.378035452586,0.));
#8591 = CARTESIAN_POINT('',(131.7449982157,93.419261589792,0.));
#8592 = CARTESIAN_POINT('',(131.75926436202,93.460498694612,0.));
#8593 = CARTESIAN_POINT('',(131.77352977905,93.501746769552,0.));
#8594 = CARTESIAN_POINT('',(131.78779444963,93.543005817088,0.));
#8595 = CARTESIAN_POINT('',(131.80205835667,93.584275839646,0.));
#8596 = CARTESIAN_POINT('',(131.8163214829,93.625556839697,0.));
#8597 = CARTESIAN_POINT('',(131.83058381114,93.66684881972,0.));
#8598 = CARTESIAN_POINT('',(131.84484532415,93.70815178222,0.));
#8599 = CARTESIAN_POINT('',(131.8591060046,93.749465729709,0.));
#8600 = CARTESIAN_POINT('',(131.87336583529,93.790790664646,0.));
#8601 = CARTESIAN_POINT('',(131.88762479886,93.832126589542,0.));
#8602 = CARTESIAN_POINT('',(131.90188287797,93.873473506917,0.));
#8603 = CARTESIAN_POINT('',(131.91614005529,93.914831419274,0.));
#8604 = CARTESIAN_POINT('',(131.93039631346,93.956200329137,0.));
#8605 = CARTESIAN_POINT('',(131.94465163499,93.997580239066,0.));
#8606 = CARTESIAN_POINT('',(131.95890600256,94.038971151578,0.));
#8607 = CARTESIAN_POINT('',(131.97315939866,94.080373069219,0.));
#8608 = CARTESIAN_POINT('',(131.98741180584,94.121785994553,0.));
#8609 = CARTESIAN_POINT('',(132.00166320658,94.163209930143,0.));
#8610 = CARTESIAN_POINT('',(132.01591358339,94.204644878524,0.));
#8611 = CARTESIAN_POINT('',(132.03016291877,94.24609084225,0.));
#8612 = CARTESIAN_POINT('',(132.0444111951,94.287547823929,0.));
#8613 = CARTESIAN_POINT('',(132.05865839477,94.329015826159,0.));
#8614 = CARTESIAN_POINT('',(132.0729045003,94.370494851518,0.));
#8615 = CARTESIAN_POINT('',(132.08714949388,94.411984902631,0.));
#8616 = CARTESIAN_POINT('',(132.10139335801,94.45348598205,0.));
#8617 = CARTESIAN_POINT('',(132.11563607495,94.494998092371,0.));
#8618 = CARTESIAN_POINT('',(132.12987762705,94.536521236249,0.));
#8619 = CARTESIAN_POINT('',(132.14411799647,94.578055416339,0.));
#8620 = CARTESIAN_POINT('',(132.15835716561,94.619600635243,0.));
#8621 = CARTESIAN_POINT('',(132.17259511659,94.661156895594,0.));
#8622 = CARTESIAN_POINT('',(132.18683183166,94.702724199989,0.));
#8623 = CARTESIAN_POINT('',(132.20106729315,94.744302551082,0.));
#8624 = CARTESIAN_POINT('',(132.21530148293,94.78589195163,0.));
#8625 = CARTESIAN_POINT('',(132.22953438336,94.827492404232,0.));
#8626 = CARTESIAN_POINT('',(132.24376597653,94.869103911512,0.));
#8627 = CARTESIAN_POINT('',(132.25799624449,94.91072647619,0.));
#8628 = CARTESIAN_POINT('',(132.27222516931,94.952360100964,0.));
#8629 = CARTESIAN_POINT('',(132.28645273308,94.994004788496,0.));
#8630 = CARTESIAN_POINT('',(132.30067891783,95.03566054148,0.));
#8631 = CARTESIAN_POINT('',(132.31490370549,95.077327362641,0.));
#8632 = CARTESIAN_POINT('',(132.32912707812,95.119005254652,0.));
#8633 = CARTESIAN_POINT('',(132.34334901766,95.160694220213,0.));
#8634 = CARTESIAN_POINT('',(132.35756950606,95.202394262087,0.));
#8635 = CARTESIAN_POINT('',(132.37178852516,95.244105383044,0.));
#8636 = CARTESIAN_POINT('',(132.38600605688,95.285827585788,0.));
#8637 = CARTESIAN_POINT('',(132.40022208316,95.327560872996,0.));
#8638 = CARTESIAN_POINT('',(132.41443658578,95.369305247425,0.));
#8639 = CARTESIAN_POINT('',(132.42864954657,95.41106071185,0.));
#8640 = CARTESIAN_POINT('',(132.44286094731,95.452827269046,0.));
#8641 = CARTESIAN_POINT('',(132.45707076981,95.494604921787,0.));
#8642 = CARTESIAN_POINT('',(132.47127899576,95.536393672841,0.));
#8643 = CARTESIAN_POINT('',(132.48548560695,95.578193524949,0.));
#8644 = CARTESIAN_POINT('',(132.49969058513,95.620004480901,0.));
#8645 = CARTESIAN_POINT('',(132.51389391182,95.66182654355,0.));
#8646 = CARTESIAN_POINT('',(132.52809556881,95.703659715655,0.));
#8647 = CARTESIAN_POINT('',(132.54229553774,95.745503999988,0.));
#8648 = CARTESIAN_POINT('',(132.55649380014,95.787359399389,0.));
#8649 = CARTESIAN_POINT('',(132.57069033768,95.829225916686,0.));
#8650 = CARTESIAN_POINT('',(132.58488513185,95.871103554707,0.));
#8651 = CARTESIAN_POINT('',(132.59907816427,95.912992316256,0.));
#8652 = CARTESIAN_POINT('',(132.61326941644,95.954892204172,0.));
#8653 = CARTESIAN_POINT('',(132.62745886979,95.996803221314,0.));
#8654 = CARTESIAN_POINT('',(132.64164650593,96.038725370513,0.));
#8655 = CARTESIAN_POINT('',(132.65583230616,96.080658654666,0.));
#8656 = CARTESIAN_POINT('',(132.67001625198,96.122603076612,0.));
#8657 = CARTESIAN_POINT('',(132.68419832484,96.164558639173,0.));
#8658 = CARTESIAN_POINT('',(132.69837850605,96.206525345258,0.));
#8659 = CARTESIAN_POINT('',(132.71255677701,96.248503197781,0.));
#8660 = CARTESIAN_POINT('',(132.72673311899,96.290492199624,0.));
#8661 = CARTESIAN_POINT('',(132.74090751341,96.332492353637,0.));
#8662 = CARTESIAN_POINT('',(132.75507994149,96.374503662735,0.));
#8663 = CARTESIAN_POINT('',(132.76925038446,96.416526129833,0.));
#8664 = CARTESIAN_POINT('',(132.78341882369,96.458559757819,0.));
#8665 = CARTESIAN_POINT('',(132.79758524027,96.500604549658,0.));
#8666 = CARTESIAN_POINT('',(132.81174961544,96.542660508293,0.));
#8667 = CARTESIAN_POINT('',(132.82591193039,96.584727636627,0.));
#8668 = CARTESIAN_POINT('',(132.84007216625,96.626805937566,0.));
#8669 = CARTESIAN_POINT('',(132.85423030418,96.668895414044,0.));
#8670 = CARTESIAN_POINT('',(132.86838632527,96.710996069046,0.));
#8671 = CARTESIAN_POINT('',(132.88254021055,96.753107905561,0.));
#8672 = CARTESIAN_POINT('',(132.89669194112,96.795230926528,0.));
#8673 = CARTESIAN_POINT('',(132.91084149804,96.837365134885,0.));
#8674 = CARTESIAN_POINT('',(132.92498886227,96.879510533628,0.));
#8675 = CARTESIAN_POINT('',(132.93913401485,96.92166712577,0.));
#8676 = CARTESIAN_POINT('',(132.95327693664,96.963834914308,0.));
#8677 = CARTESIAN_POINT('',(132.96741760871,97.006013902192,0.));
#8678 = CARTESIAN_POINT('',(132.98155601191,97.048204092408,0.));
#8679 = CARTESIAN_POINT('',(132.99569212713,97.090405487961,0.));
#8680 = CARTESIAN_POINT('',(133.00982593531,97.132618091887,0.));
#8681 = CARTESIAN_POINT('',(133.02395741718,97.174841907271,0.));
#8682 = CARTESIAN_POINT('',(133.03808655361,97.217076937121,0.));
#8683 = CARTESIAN_POINT('',(133.05221332544,97.259323184393,0.));
#8684 = CARTESIAN_POINT('',(133.06633771346,97.301580652119,0.));
#8685 = CARTESIAN_POINT('',(133.08045969837,97.343849343412,0.));
#8686 = CARTESIAN_POINT('',(133.09457926086,97.386129261336,0.));
#8687 = CARTESIAN_POINT('',(133.10869638178,97.428420408909,0.));
#8688 = CARTESIAN_POINT('',(133.12281104165,97.470722789197,0.));
#8689 = CARTESIAN_POINT('',(133.13692322128,97.513036405256,0.));
#8690 = CARTESIAN_POINT('',(133.15103290117,97.555361260179,0.));
#8691 = CARTESIAN_POINT('',(133.16514006208,97.597697357049,0.));
#8692 = CARTESIAN_POINT('',(133.17924468443,97.640044698991,0.));
#8693 = CARTESIAN_POINT('',(133.19334674892,97.682403289073,0.));
#8694 = CARTESIAN_POINT('',(133.20744623603,97.724773130364,0.));
#8695 = CARTESIAN_POINT('',(133.22154312632,97.767154225967,0.));
#8696 = CARTESIAN_POINT('',(133.23563740031,97.809546579045,0.));
#8697 = CARTESIAN_POINT('',(133.24972903828,97.851950192734,0.));
#8698 = CARTESIAN_POINT('',(133.26381802101,97.894365070088,0.));
#8699 = CARTESIAN_POINT('',(133.27790432858,97.936791214268,0.));
#8700 = CARTESIAN_POINT('',(133.2919879417,97.979228628405,0.));
#8701 = CARTESIAN_POINT('',(133.30606884049,98.021677315683,0.));
#8702 = CARTESIAN_POINT('',(133.32014700549,98.064137279235,0.));
#8703 = CARTESIAN_POINT('',(133.33422241692,98.1066085222,0.));
#8704 = CARTESIAN_POINT('',(133.34829505516,98.149091047729,0.));
#8705 = CARTESIAN_POINT('',(133.36236490047,98.19158485902,0.));
#8706 = CARTESIAN_POINT('',(133.37643193306,98.234089959264,0.));
#8707 = CARTESIAN_POINT('',(133.39049613325,98.276606351601,0.));
#8708 = CARTESIAN_POINT('',(133.40455748123,98.319134039219,0.));
#8709 = CARTESIAN_POINT('',(133.41861595714,98.36167302533,0.));
#8710 = CARTESIAN_POINT('',(133.43267154123,98.404223313122,0.));
#8711 = CARTESIAN_POINT('',(133.44672421358,98.446784905821,0.));
#8712 = CARTESIAN_POINT('',(133.46077395431,98.489357806647,0.));
#8713 = CARTESIAN_POINT('',(133.47482074356,98.531942018799,0.));
#8714 = CARTESIAN_POINT('',(133.48886456138,98.574537545492,0.));
#8715 = CARTESIAN_POINT('',(133.50290538778,98.61714438994,0.));
#8716 = CARTESIAN_POINT('',(133.5169432029,98.659762555369,0.));
#8717 = CARTESIAN_POINT('',(133.53097798662,98.702392045074,0.));
#8718 = CARTESIAN_POINT('',(133.54500971895,98.745032862322,0.));
#8719 = CARTESIAN_POINT('',(133.55903837986,98.787685010314,0.));
#8720 = CARTESIAN_POINT('',(133.57306394932,98.830348492295,0.));
#8721 = CARTESIAN_POINT('',(133.58708640718,98.873023311581,0.));
#8722 = CARTESIAN_POINT('',(133.60110573328,98.915709471445,0.));
#8723 = CARTESIAN_POINT('',(133.61512190763,98.958406975114,0.));
#8724 = CARTESIAN_POINT('',(133.62913490994,99.001115825902,0.));
#8725 = CARTESIAN_POINT('',(133.64314472002,99.043836027092,0.));
#8726 = CARTESIAN_POINT('',(133.65715131778,99.086567581944,0.));
#8727 = CARTESIAN_POINT('',(133.67115468288,99.12931049382,0.));
#8728 = CARTESIAN_POINT('',(133.68515479501,99.17206476605,0.));
#8729 = CARTESIAN_POINT('',(133.69915163407,99.214830401887,0.));
#8730 = CARTESIAN_POINT('',(133.71314517954,99.257607404649,0.));
#8731 = CARTESIAN_POINT('',(133.7271354113,99.300395777657,0.));
#8732 = CARTESIAN_POINT('',(133.74112230887,99.343195524311,0.));
#8733 = CARTESIAN_POINT('',(133.75510585178,99.386006647947,0.));
#8734 = CARTESIAN_POINT('',(133.76908601991,99.428829151809,0.));
#8735 = CARTESIAN_POINT('',(133.78306279258,99.471663039275,0.));
#8736 = CARTESIAN_POINT('',(133.79703614948,99.514508313736,0.));
#8737 = CARTESIAN_POINT('',(133.81100607006,99.557364978569,0.));
#8738 = CARTESIAN_POINT('',(133.82497253383,99.600233037121,0.));
#8739 = CARTESIAN_POINT('',(133.83893552037,99.643112492747,0.));
#8740 = CARTESIAN_POINT('',(133.85289500896,99.686003348856,0.));
#8741 = CARTESIAN_POINT('',(133.86685097922,99.728905608813,0.));
#8742 = CARTESIAN_POINT('',(133.88080341042,99.771819276012,0.));
#8743 = CARTESIAN_POINT('',(133.89475228201,99.814744353851,0.));
#8744 = CARTESIAN_POINT('',(133.90869757335,99.857680845728,0.));
#8745 = CARTESIAN_POINT('',(133.92263926374,99.900628755047,0.));
#8746 = CARTESIAN_POINT('',(133.93657733256,99.943588085217,0.));
#8747 = CARTESIAN_POINT('',(133.95051175901,99.986558839681,0.));
#8748 = CARTESIAN_POINT('',(133.96444252243,100.02954102186,0.));
#8749 = CARTESIAN_POINT('',(133.978369602,100.07253463518,0.));
#8750 = CARTESIAN_POINT('',(133.99229297701,100.11553968304,0.));
#8751 = CARTESIAN_POINT('',(134.00621262663,100.15855616894,0.));
#8752 = CARTESIAN_POINT('',(134.02012852994,100.20158409635,0.));
#8753 = CARTESIAN_POINT('',(134.0340406662,100.24462346868,0.));
#8754 = CARTESIAN_POINT('',(134.04794901453,100.28767428935,0.));
#8755 = CARTESIAN_POINT('',(134.06185355394,100.33073656187,0.));
#8756 = CARTESIAN_POINT('',(134.07575426357,100.3738102897,0.));
#8757 = CARTESIAN_POINT('',(134.08965112247,100.41689547632,0.));
#8758 = CARTESIAN_POINT('',(134.10354410964,100.45999212524,0.));
#8759 = CARTESIAN_POINT('',(134.11743320407,100.50310023996,0.));
#8760 = CARTESIAN_POINT('',(134.13131838476,100.54621982392,0.));
#8761 = CARTESIAN_POINT('',(134.14519963073,100.58935088062,0.));
#8762 = CARTESIAN_POINT('',(134.15907692079,100.63249341359,0.));
#8763 = CARTESIAN_POINT('',(134.17295023391,100.6756474264,0.));
#8764 = CARTESIAN_POINT('',(134.18681954893,100.7188129225,0.));
#8765 = CARTESIAN_POINT('',(134.20068484478,100.76198990538,0.));
#8766 = CARTESIAN_POINT('',(134.2145461003,100.80517837857,0.));
#8767 = CARTESIAN_POINT('',(134.2284032942,100.8483783457,0.));
#8768 = CARTESIAN_POINT('',(134.24225640528,100.89158981028,0.));
#8769 = CARTESIAN_POINT('',(134.25610541241,100.9348127758,0.));
#8770 = CARTESIAN_POINT('',(134.26995029428,100.97804724584,0.));
#8771 = CARTESIAN_POINT('',(134.28379102948,101.02129322398,0.));
#8772 = CARTESIAN_POINT('',(134.2976275969,101.06455071372,0.));
#8773 = CARTESIAN_POINT('',(134.31145997511,101.10781971866,0.));
#8774 = CARTESIAN_POINT('',(134.32528814268,101.15110024243,0.));
#8775 = CARTESIAN_POINT('',(134.33911207835,101.19439228856,0.));
#8776 = CARTESIAN_POINT('',(134.35293176062,101.23769586061,0.));
#8777 = CARTESIAN_POINT('',(134.36674716819,101.28101096216,0.));
#8778 = CARTESIAN_POINT('',(134.38055827945,101.32433759689,0.));
#8779 = CARTESIAN_POINT('',(134.39436507295,101.36767576838,0.));
#8780 = CARTESIAN_POINT('',(134.40816752728,101.41102548019,0.));
#8781 = CARTESIAN_POINT('',(134.42196562084,101.45438673593,0.));
#8782 = CARTESIAN_POINT('',(134.4357593321,101.49775953925,0.));
#8783 = CARTESIAN_POINT('',(134.44954863947,101.54114389376,0.));
#8784 = CARTESIAN_POINT('',(134.46333352136,101.58453980311,0.));
#8785 = CARTESIAN_POINT('',(134.4771139561,101.62794727092,0.));
#8786 = CARTESIAN_POINT('',(134.49088992218,101.6713663008,0.));
#8787 = CARTESIAN_POINT('',(134.50466139773,101.71479689644,0.));
#8788 = CARTESIAN_POINT('',(134.51842836122,101.75823906146,0.));
#8789 = CARTESIAN_POINT('',(134.53219079083,101.80169279955,0.));
#8790 = CARTESIAN_POINT('',(134.54594866486,101.84515811436,0.));
#8791 = CARTESIAN_POINT('',(134.5597019615,101.88863500952,0.));
#8792 = CARTESIAN_POINT('',(134.57345065907,101.93212348871,0.));
#8793 = CARTESIAN_POINT('',(134.58719473556,101.97562355568,0.));
#8794 = CARTESIAN_POINT('',(134.60093416927,102.01913521405,0.));
#8795 = CARTESIAN_POINT('',(134.61466893834,102.06265846751,0.));
#8796 = CARTESIAN_POINT('',(134.62839902074,102.10619331976,0.));
#8797 = CARTESIAN_POINT('',(134.64212439475,102.1497397745,0.));
#8798 = CARTESIAN_POINT('',(134.65584503829,102.19329783547,0.));
#8799 = CARTESIAN_POINT('',(134.66956092936,102.23686750636,0.));
#8800 = CARTESIAN_POINT('',(134.68327204619,102.28044879083,0.));
#8801 = CARTESIAN_POINT('',(134.69697836652,102.32404169267,0.));
#8802 = CARTESIAN_POINT('',(134.71067986841,102.3676462156,0.));
#8803 = CARTESIAN_POINT('',(134.72437652986,102.41126236328,0.));
#8804 = CARTESIAN_POINT('',(134.73806832874,102.45489013949,0.));
#8805 = CARTESIAN_POINT('',(134.75175524287,102.49852954805,0.));
#8806 = CARTESIAN_POINT('',(134.76543725016,102.54218059266,0.));
#8807 = CARTESIAN_POINT('',(134.77911432853,102.585843277,0.));
#8808 = CARTESIAN_POINT('',(134.7927864557,102.62951760486,0.));
#8809 = CARTESIAN_POINT('',(134.8064536095,102.67320358004,0.));
#8810 = CARTESIAN_POINT('',(134.82011576769,102.71690120631,0.));
#8811 = CARTESIAN_POINT('',(134.83377290798,102.76061048743,0.));
#8812 = CARTESIAN_POINT('',(134.84742500816,102.80433142715,0.));
#8813 = CARTESIAN_POINT('',(134.86107204589,102.84806402927,0.));
#8814 = CARTESIAN_POINT('',(134.8747139988,102.89180829759,0.));
#8815 = CARTESIAN_POINT('',(134.88835084461,102.93556423592,0.));
#8816 = CARTESIAN_POINT('',(134.90198256089,102.97933184806,0.));
#8817 = CARTESIAN_POINT('',(134.91560912519,103.02311113779,0.));
#8818 = CARTESIAN_POINT('',(134.92923051527,103.06690210888,0.));
#8819 = CARTESIAN_POINT('',(134.94284670843,103.11070476522,0.));
#8820 = CARTESIAN_POINT('',(134.95645768234,103.1545191106,0.));
#8821 = CARTESIAN_POINT('',(134.97006341452,103.19834514883,0.));
#8822 = CARTESIAN_POINT('',(134.98366388231,103.24218288376,0.));
#8823 = CARTESIAN_POINT('',(134.9972590633,103.28603231921,0.));
#8824 = CARTESIAN_POINT('',(135.01084893487,103.32989345903,0.));
#8825 = CARTESIAN_POINT('',(135.02443347433,103.3737663071,0.));
#8826 = CARTESIAN_POINT('',(135.03801265922,103.41765086724,0.));
#8827 = CARTESIAN_POINT('',(135.05158646671,103.46154714328,0.));
#8828 = CARTESIAN_POINT('',(135.06515487433,103.50545513907,0.));
#8829 = CARTESIAN_POINT('',(135.07871785916,103.54937485854,0.));
#8830 = CARTESIAN_POINT('',(135.09227539882,103.59330630546,0.));
#8831 = CARTESIAN_POINT('',(135.10582746942,103.63724948421,0.));
#8832 = CARTESIAN_POINT('',(135.11937405255,103.6812043966,0.));
#8833 = CARTESIAN_POINT('',(135.13291510907,103.7251710542,0.));
#8834 = CARTESIAN_POINT('',(135.14645067714,103.76914943213,0.));
#8835 = CARTESIAN_POINT('',(135.15998050658,103.81313964176,0.));
#8836 = CARTESIAN_POINT('',(135.17350542256,103.85714128603,0.));
#8837 = CARTESIAN_POINT('',(135.18702223669,103.90115586566,0.));
#8838 = CARTESIAN_POINT('',(135.20054274352,103.94517779642,0.));
#8839 = CARTESIAN_POINT('',(135.21402280289,103.98922794384,0.));
#8840 = CARTESIAN_POINT('',(135.22762709103,104.03322843116,0.));
#8841 = CARTESIAN_POINT('',(135.24074072689,104.07747000778,0.));
#8842 = CARTESIAN_POINT('',(135.25565908545,104.12086726203,0.));
#8843 = CARTESIAN_POINT('',(135.2626988189,104.16110435189,0.));
#8844 = CARTESIAN_POINT('',(135.31060501243,104.22415723422,0.));
#8845 = CARTESIAN_POINT('',(135.37138919824,104.32302607212,0.));
#8846 = CARTESIAN_POINT('',(135.46221136201,104.45624833003,0.));
#8847 = CARTESIAN_POINT('',(135.55107113929,104.58971488736,0.));
#8848 = CARTESIAN_POINT('',(135.64024531342,104.72235015317,0.));
#8849 = CARTESIAN_POINT('',(135.72912678357,104.85444186509,0.));
#8850 = CARTESIAN_POINT('',(135.81787691291,104.9859144756,0.));
#8851 = CARTESIAN_POINT('',(135.9064523152,105.11678922962,0.));
#8852 = CARTESIAN_POINT('',(135.99486417597,105.24706157281,0.));
#8853 = CARTESIAN_POINT('',(136.08310915488,105.3767338168,0.));
#8854 = CARTESIAN_POINT('',(136.17118779677,105.50580643554,0.));
#8855 = CARTESIAN_POINT('',(136.25909962595,105.63428038439,0.));
#8856 = CARTESIAN_POINT('',(136.34684445319,105.76215648226,0.));
#8857 = CARTESIAN_POINT('',(136.43442202728,105.88943557627,0.));
#8858 = CARTESIAN_POINT('',(136.52183212784,106.01611849791,0.));
#8859 = CARTESIAN_POINT('',(136.60907454038,106.14220607476,0.));
#8860 = CARTESIAN_POINT('',(136.69614906287,106.2676991274,0.));
#8861 = CARTESIAN_POINT('',(136.78305550385,106.39259847029,0.));
#8862 = CARTESIAN_POINT('',(136.86979368282,106.51690491154,0.));
#8863 = CARTESIAN_POINT('',(136.95636342998,106.64061925304,0.));
#8864 = CARTESIAN_POINT('',(137.04276458623,106.76374229043,0.));
#8865 = CARTESIAN_POINT('',(137.12899700301,106.88627481319,0.));
#8866 = CARTESIAN_POINT('',(137.21506054224,107.00821760461,0.));
#8867 = CARTESIAN_POINT('',(137.30095507622,107.12957144184,0.));
#8868 = CARTESIAN_POINT('',(137.38668048754,107.25033709595,0.));
#8869 = CARTESIAN_POINT('',(137.47223666899,107.37051533191,0.));
#8870 = CARTESIAN_POINT('',(137.55762352346,107.49010690864,0.));
#8871 = CARTESIAN_POINT('',(137.64284096385,107.60911257907,0.));
#8872 = CARTESIAN_POINT('',(137.72788891301,107.72753309011,0.));
#8873 = CARTESIAN_POINT('',(137.81276730361,107.84536918271,0.));
#8874 = CARTESIAN_POINT('',(137.8974760781,107.96262159191,0.));
#8875 = CARTESIAN_POINT('',(137.98201518858,108.07929104683,0.));
#8876 = CARTESIAN_POINT('',(138.06638459675,108.19537827072,0.));
#8877 = CARTESIAN_POINT('',(138.15058427378,108.31088398097,0.));
#8878 = CARTESIAN_POINT('',(138.23461420029,108.42580888918,0.));
#8879 = CARTESIAN_POINT('',(138.31847436621,108.54015370115,0.));
#8880 = CARTESIAN_POINT('',(138.40216477075,108.6539191169,0.));
#8881 = CARTESIAN_POINT('',(138.48568542225,108.76710583075,0.));
#8882 = CARTESIAN_POINT('',(138.56903633818,108.8797145313,0.));
#8883 = CARTESIAN_POINT('',(138.65221754498,108.99174590148,0.));
#8884 = CARTESIAN_POINT('',(138.73522907804,109.10320061858,0.));
#8885 = CARTESIAN_POINT('',(138.81807098161,109.21407935425,0.));
#8886 = CARTESIAN_POINT('',(138.9007433087,109.32438277457,0.));
#8887 = CARTESIAN_POINT('',(138.98324612101,109.43411154006,0.));
#8888 = CARTESIAN_POINT('',(139.06557948887,109.5432663057,0.));
#8889 = CARTESIAN_POINT('',(139.14774349116,109.65184772096,0.));
#8890 = CARTESIAN_POINT('',(139.22973821521,109.75985642985,0.));
#8891 = CARTESIAN_POINT('',(139.31156375676,109.8672930709,0.));
#8892 = CARTESIAN_POINT('',(139.39322021986,109.97415827726,0.));
#8893 = CARTESIAN_POINT('',(139.47470771681,110.08045267664,0.));
#8894 = CARTESIAN_POINT('',(139.55602636808,110.18617689143,0.));
#8895 = CARTESIAN_POINT('',(139.63717630225,110.29133153864,0.));
#8896 = CARTESIAN_POINT('',(139.71815765591,110.39591722998,0.));
#8897 = CARTESIAN_POINT('',(139.79897057365,110.4999345719,0.));
#8898 = CARTESIAN_POINT('',(139.8796152079,110.60338416557,0.));
#8899 = CARTESIAN_POINT('',(139.96009171895,110.70626660693,0.));
#8900 = CARTESIAN_POINT('',(140.04040027481,110.80858248672,0.));
#8901 = CARTESIAN_POINT('',(140.12054105119,110.91033239051,0.));
#8902 = CARTESIAN_POINT('',(140.20051423141,111.01151689872,0.));
#8903 = CARTESIAN_POINT('',(140.28032000633,111.11213658664,0.));
#8904 = CARTESIAN_POINT('',(140.35995857431,111.21219202447,0.));
#8905 = CARTESIAN_POINT('',(140.43943014109,111.31168377734,0.));
#8906 = CARTESIAN_POINT('',(140.51873491979,111.41061240535,0.));
#8907 = CARTESIAN_POINT('',(140.59787313079,111.50897846356,0.));
#8908 = CARTESIAN_POINT('',(140.6768450017,111.60678250206,0.));
#8909 = CARTESIAN_POINT('',(140.75565076728,111.70402506597,0.));
#8910 = CARTESIAN_POINT('',(140.83429066938,111.80070669547,0.));
#8911 = CARTESIAN_POINT('',(140.91276495689,111.89682792583,0.));
#8912 = CARTESIAN_POINT('',(140.99107388563,111.99238928744,0.));
#8913 = CARTESIAN_POINT('',(141.06921771837,112.08739130582,0.));
#8914 = CARTESIAN_POINT('',(141.14719672467,112.18183450167,0.));
#8915 = CARTESIAN_POINT('',(141.22501118092,112.27571939088,0.));
#8916 = CARTESIAN_POINT('',(141.30266137019,112.36904648454,0.));
#8917 = CARTESIAN_POINT('',(141.38014758223,112.46181628899,0.));
#8918 = CARTESIAN_POINT('',(141.45747011338,112.55402930585,0.));
#8919 = CARTESIAN_POINT('',(141.53462926652,112.64568603203,0.));
#8920 = CARTESIAN_POINT('',(141.61162535103,112.73678695974,0.));
#8921 = CARTESIAN_POINT('',(141.68845868268,112.82733257655,0.));
#8922 = CARTESIAN_POINT('',(141.76512958363,112.9173233654,0.));
#8923 = CARTESIAN_POINT('',(141.84163838234,113.0067598046,0.));
#8924 = CARTESIAN_POINT('',(141.91798541353,113.09564236791,0.));
#8925 = CARTESIAN_POINT('',(141.9941710181,113.1839715245,0.));
#8926 = CARTESIAN_POINT('',(142.07019554309,113.27174773902,0.));
#8927 = CARTESIAN_POINT('',(142.14605934164,113.35897147162,0.));
#8928 = CARTESIAN_POINT('',(142.22176277289,113.44564317794,0.));
#8929 = CARTESIAN_POINT('',(142.29730620199,113.53176330917,0.));
#8930 = CARTESIAN_POINT('',(142.37268999997,113.61733231207,0.));
#8931 = CARTESIAN_POINT('',(142.44791454374,113.70235062899,0.));
#8932 = CARTESIAN_POINT('',(142.52298021604,113.78681869785,0.));
#8933 = CARTESIAN_POINT('',(142.59788740533,113.87073695226,0.));
#8934 = CARTESIAN_POINT('',(142.6726365058,113.95410582143,0.));
#8935 = CARTESIAN_POINT('',(142.74722791729,114.0369257303,0.));
#8936 = CARTESIAN_POINT('',(142.82166204523,114.11919709947,0.));
#8937 = CARTESIAN_POINT('',(142.89593930062,114.2009203453,0.));
#8938 = CARTESIAN_POINT('',(142.97006009993,114.28209587988,0.));
#8939 = CARTESIAN_POINT('',(143.04402486509,114.36272411107,0.));
#8940 = CARTESIAN_POINT('',(143.11783402343,114.44280544252,0.));
#8941 = CARTESIAN_POINT('',(143.19148800762,114.52234027373,0.));
#8942 = CARTESIAN_POINT('',(143.26498725562,114.601329,0.));
#8943 = CARTESIAN_POINT('',(143.33833221066,114.6797720125,0.));
#8944 = CARTESIAN_POINT('',(143.41152332113,114.7576696983,0.));
#8945 = CARTESIAN_POINT('',(143.48456104061,114.83502244037,0.));
#8946 = CARTESIAN_POINT('',(143.55744582774,114.91183061759,0.));
#8947 = CARTESIAN_POINT('',(143.63017814624,114.98809460481,0.));
#8948 = CARTESIAN_POINT('',(143.70275846483,115.06381477284,0.));
#8949 = CARTESIAN_POINT('',(143.77518725717,115.13899148848,0.));
#8950 = CARTESIAN_POINT('',(143.84746500186,115.21362511456,0.));
#8951 = CARTESIAN_POINT('',(143.91959218232,115.28771600993,0.));
#8952 = CARTESIAN_POINT('',(143.99156928684,115.36126452951,0.));
#8953 = CARTESIAN_POINT('',(144.06339680842,115.43427102427,0.));
#8954 = CARTESIAN_POINT('',(144.13507524484,115.50673584131,0.));
#8955 = CARTESIAN_POINT('',(144.20660509852,115.57865932384,0.));
#8956 = CARTESIAN_POINT('',(144.27798687653,115.65004181119,0.));
#8957 = CARTESIAN_POINT('',(144.34922109053,115.72088363888,0.));
#8958 = CARTESIAN_POINT('',(144.42030825671,115.7911851386,0.));
#8959 = CARTESIAN_POINT('',(144.49124889578,115.86094663822,0.));
#8960 = CARTESIAN_POINT('',(144.56204353289,115.93016846187,0.));
#8961 = CARTESIAN_POINT('',(144.6326926976,115.99885092988,0.));
#8962 = CARTESIAN_POINT('',(144.70319692385,116.06699435887,0.));
#8963 = CARTESIAN_POINT('',(144.77355674989,116.13459906174,0.));
#8964 = CARTESIAN_POINT('',(144.84377271827,116.20166534767,0.));
#8965 = CARTESIAN_POINT('',(144.91384537577,116.26819352218,0.));
#8966 = CARTESIAN_POINT('',(144.98377527335,116.33418388711,0.));
#8967 = CARTESIAN_POINT('',(145.05356296616,116.39963674067,0.));
#8968 = CARTESIAN_POINT('',(145.12320901342,116.46455237746,0.));
#8969 = CARTESIAN_POINT('',(145.19271397846,116.52893108845,0.));
#8970 = CARTESIAN_POINT('',(145.26207842862,116.59277316105,0.));
#8971 = CARTESIAN_POINT('',(145.33130293523,116.65607887907,0.));
#8972 = CARTESIAN_POINT('',(145.40038807356,116.71884852282,0.));
#8973 = CARTESIAN_POINT('',(145.4693344228,116.78108236903,0.));
#8974 = CARTESIAN_POINT('',(145.538142566,116.84278069097,0.));
#8975 = CARTESIAN_POINT('',(145.60681309003,116.90394375836,0.));
#8976 = CARTESIAN_POINT('',(145.67534658556,116.9645718375,0.));
#8977 = CARTESIAN_POINT('',(145.743743647,117.0246651912,0.));
#8978 = CARTESIAN_POINT('',(145.81200487247,117.08422407884,0.));
#8979 = CARTESIAN_POINT('',(145.88013086373,117.14324875637,0.));
#8980 = CARTESIAN_POINT('',(145.94812222621,117.20173947636,0.));
#8981 = CARTESIAN_POINT('',(146.01597956891,117.25969648797,0.));
#8982 = CARTESIAN_POINT('',(146.08370350437,117.31712003699,0.));
#8983 = CARTESIAN_POINT('',(146.15129464866,117.37401036587,0.));
#8984 = CARTESIAN_POINT('',(146.21875362132,117.43036771372,0.));
#8985 = CARTESIAN_POINT('',(146.28608104532,117.48619231633,0.));
#8986 = CARTESIAN_POINT('',(146.35327754704,117.54148440618,0.));
#8987 = CARTESIAN_POINT('',(146.4203437562,117.59624421248,0.));
#8988 = CARTESIAN_POINT('',(146.48728030587,117.65047196116,0.));
#8989 = CARTESIAN_POINT('',(146.55408783238,117.70416787489,0.));
#8990 = CARTESIAN_POINT('',(146.62076697533,117.75733217313,0.));
#8991 = CARTESIAN_POINT('',(146.68731837753,117.80996507208,0.));
#8992 = CARTESIAN_POINT('',(146.75374268494,117.86206678477,0.));
#8993 = CARTESIAN_POINT('',(146.82004054669,117.91363752102,0.));
#8994 = CARTESIAN_POINT('',(146.88621261501,117.96467748748,0.));
#8995 = CARTESIAN_POINT('',(146.95225954518,118.01518688764,0.));
#8996 = CARTESIAN_POINT('',(147.01818199551,118.06516592185,0.));
#8997 = CARTESIAN_POINT('',(147.08398062733,118.11461478734,0.));
#8998 = CARTESIAN_POINT('',(147.1496561049,118.1635336782,0.));
#8999 = CARTESIAN_POINT('',(147.21520909542,118.21192278545,0.));
#9000 = CARTESIAN_POINT('',(147.28064026898,118.25978229702,0.));
#9001 = CARTESIAN_POINT('',(147.34595029852,118.30711239775,0.));
#9002 = CARTESIAN_POINT('',(147.41113985979,118.35391326944,0.));
#9003 = CARTESIAN_POINT('',(147.47620963133,118.40018509086,0.));
#9004 = CARTESIAN_POINT('',(147.54116029444,118.44592803775,0.));
#9005 = CARTESIAN_POINT('',(147.60599253311,118.49114228281,0.));
#9006 = CARTESIAN_POINT('',(147.67070703404,118.53582799577,0.));
#9007 = CARTESIAN_POINT('',(147.73530448654,118.57998534337,0.));
#9008 = CARTESIAN_POINT('',(147.79978558257,118.62361448938,0.));
#9009 = CARTESIAN_POINT('',(147.86415101664,118.66671559459,0.));
#9010 = CARTESIAN_POINT('',(147.92840148581,118.70928881689,0.));
#9011 = CARTESIAN_POINT('',(147.99253768965,118.75133431119,0.));
#9012 = CARTESIAN_POINT('',(148.05656033022,118.79285222951,0.));
#9013 = CARTESIAN_POINT('',(148.12047011199,118.83384272097,0.));
#9014 = CARTESIAN_POINT('',(148.18426774188,118.87430593177,0.));
#9015 = CARTESIAN_POINT('',(148.24795392916,118.91424200525,0.));
#9016 = CARTESIAN_POINT('',(148.31152938544,118.95365108189,0.));
#9017 = CARTESIAN_POINT('',(148.37499482465,118.9925332993,0.));
#9018 = CARTESIAN_POINT('',(148.43835096301,119.03088879224,0.));
#9019 = CARTESIAN_POINT('',(148.50159851895,119.06871769266,0.));
#9020 = CARTESIAN_POINT('',(148.56473821314,119.10602012969,0.));
#9021 = CARTESIAN_POINT('',(148.62777076841,119.14279622963,0.));
#9022 = CARTESIAN_POINT('',(148.69069690976,119.17904611601,0.));
#9023 = CARTESIAN_POINT('',(148.75351736427,119.21476990957,0.));
#9024 = CARTESIAN_POINT('',(148.81623286113,119.24996772826,0.));
#9025 = CARTESIAN_POINT('',(148.87884413157,119.28463968731,0.));
#9026 = CARTESIAN_POINT('',(148.94135190882,119.31878589916,0.));
#9027 = CARTESIAN_POINT('',(149.00375692811,119.35240647353,0.));
#9028 = CARTESIAN_POINT('',(149.06605992663,119.38550151741,0.));
#9029 = CARTESIAN_POINT('',(149.12826164347,119.41807113509,0.));
#9030 = CARTESIAN_POINT('',(149.19036281962,119.45011542812,0.));
#9031 = CARTESIAN_POINT('',(149.25236419792,119.4816344954,0.));
#9032 = CARTESIAN_POINT('',(149.31426652305,119.5126284331,0.));
#9033 = CARTESIAN_POINT('',(149.37607054145,119.54309733475,0.));
#9034 = CARTESIAN_POINT('',(149.43777700136,119.57304129121,0.));
#9035 = CARTESIAN_POINT('',(149.49938665272,119.60246039067,0.));
#9036 = CARTESIAN_POINT('',(149.56090024719,119.63135471871,0.));
#9037 = CARTESIAN_POINT('',(149.62231853807,119.65972435824,0.));
#9038 = CARTESIAN_POINT('',(149.68364228031,119.68756938959,0.));
#9039 = CARTESIAN_POINT('',(149.74487223046,119.71488989043,0.));
#9040 = CARTESIAN_POINT('',(149.80600914666,119.74168593587,0.));
#9041 = CARTESIAN_POINT('',(149.86705378855,119.76795759841,0.));
#9042 = CARTESIAN_POINT('',(149.92800691733,119.79370494796,0.));
#9043 = CARTESIAN_POINT('',(149.98886929562,119.81892805187,0.));
#9044 = CARTESIAN_POINT('',(150.04964168754,119.84362697491,0.));
#9045 = CARTESIAN_POINT('',(150.1103248586,119.86780177932,0.));
#9046 = CARTESIAN_POINT('',(150.17091957569,119.89145252477,0.));
#9047 = CARTESIAN_POINT('',(150.23142660707,119.91457926842,0.));
#9048 = CARTESIAN_POINT('',(150.29184672231,119.93718206489,0.));
#9049 = CARTESIAN_POINT('',(150.35218069228,119.95926096627,0.));
#9050 = CARTESIAN_POINT('',(150.4124292891,119.98081602217,0.));
#9051 = CARTESIAN_POINT('',(150.47259328614,120.00184727969,0.));
#9052 = CARTESIAN_POINT('',(150.53267345794,120.02235478343,0.));
#9053 = CARTESIAN_POINT('',(150.59267058023,120.04233857553,0.));
#9054 = CARTESIAN_POINT('',(150.65258542989,120.06179869564,0.));
#9055 = CARTESIAN_POINT('',(150.71241878487,120.08073518097,0.));
#9056 = CARTESIAN_POINT('',(150.77217142423,120.09914806626,0.));
#9057 = CARTESIAN_POINT('',(150.83184412807,120.11703738381,0.));
#9058 = CARTESIAN_POINT('',(150.8914376775,120.13440316348,0.));
#9059 = CARTESIAN_POINT('',(150.95095285461,120.15124543272,0.));
#9060 = CARTESIAN_POINT('',(151.01039044247,120.16756421655,0.));
#9061 = CARTESIAN_POINT('',(151.06975122506,120.18335953758,0.));
#9062 = CARTESIAN_POINT('',(151.12903598725,120.19863141603,0.));
#9063 = CARTESIAN_POINT('',(151.1882455148,120.21337986972,0.));
#9064 = CARTESIAN_POINT('',(151.24738059429,120.22760491409,0.));
#9065 = CARTESIAN_POINT('',(151.30644201311,120.24130656222,0.));
#9066 = CARTESIAN_POINT('',(151.36543055943,120.25448482481,0.));
#9067 = CARTESIAN_POINT('',(151.42434702218,120.2671397102,0.));
#9068 = CARTESIAN_POINT('',(151.48319219098,120.27927122439,0.));
#9069 = CARTESIAN_POINT('',(151.54196685618,120.29087937105,0.));
#9070 = CARTESIAN_POINT('',(151.60067180876,120.3019641515,0.));
#9071 = CARTESIAN_POINT('',(151.65930784036,120.31252556475,0.));
#9072 = CARTESIAN_POINT('',(151.71787574319,120.3225636075,0.));
#9073 = CARTESIAN_POINT('',(151.77637631008,120.33207827413,0.));
#9074 = CARTESIAN_POINT('',(151.83481033438,120.34106955673,0.));
#9075 = CARTESIAN_POINT('',(151.89317860996,120.34953744511,0.));
#9076 = CARTESIAN_POINT('',(151.9514819312,120.35748192677,0.));
#9077 = CARTESIAN_POINT('',(152.00972109292,120.36490298697,0.));
#9078 = CARTESIAN_POINT('',(152.0678968904,120.37180060867,0.));
#9079 = CARTESIAN_POINT('',(152.12601011931,120.37817477261,0.));
#9080 = CARTESIAN_POINT('',(152.18406157573,120.38402545725,0.));
#9081 = CARTESIAN_POINT('',(152.24205205606,120.38935263881,0.));
#9082 = CARTESIAN_POINT('',(152.29998235705,120.39415629128,0.));
#9083 = CARTESIAN_POINT('',(152.35785327576,120.39843638642,0.));
#9084 = CARTESIAN_POINT('',(152.41566560949,120.40219289377,0.));
#9085 = CARTESIAN_POINT('',(152.47342015583,120.40542578064,0.));
#9086 = CARTESIAN_POINT('',(152.53111771257,120.40813501214,0.));
#9087 = CARTESIAN_POINT('',(152.58875907769,120.41032055118,0.));
#9088 = CARTESIAN_POINT('',(152.64634504936,120.41198235847,0.));
#9089 = CARTESIAN_POINT('',(152.70387642589,120.41312039252,0.));
#9090 = CARTESIAN_POINT('',(152.76135400568,120.41373460967,0.));
#9091 = CARTESIAN_POINT('',(152.81877858726,120.41382496407,0.));
#9092 = CARTESIAN_POINT('',(152.87615096922,120.41339140768,0.));
#9093 = CARTESIAN_POINT('',(152.93347195018,120.41243389032,0.));
#9094 = CARTESIAN_POINT('',(152.99074232878,120.41095235963,0.));
#9095 = CARTESIAN_POINT('',(153.04796290365,120.40894676102,0.));
#9096 = CARTESIAN_POINT('',(153.10513447341,120.40641703812,0.));
#9097 = CARTESIAN_POINT('',(153.16225783654,120.40336313091,0.));
#9098 = CARTESIAN_POINT('',(153.21933379172,120.39978498276,0.));
#9099 = CARTESIAN_POINT('',(153.27636313652,120.39568251434,0.));
#9100 = CARTESIAN_POINT('',(153.31435278567,120.39259793453,-0.));
#9101 = CARTESIAN_POINT('',(153.33333916862,120.39096828734,0.));
#9102 = CARTESIAN_POINT('',(144.71301162725,-10.91681927046,0.));
#9103 = CARTESIAN_POINT('',(153.33333916862,120.39096828734,0.));
#9104 = ( GEOMETRIC_REPRESENTATION_CONTEXT(3) 
GLOBAL_UNCERTAINTY_ASSIGNED_CONTEXT((#9108)) 
GLOBAL_UNIT_ASSIGNED_CONTEXT((#9105,#9106,#9107)) REPRESENTATION_CONTEXT
('Context #1','3D Context with UNIT and UNCERTAINTY') );
#9105 = ( LENGTH_UNIT() NAMED_UNIT(*) SI_UNIT(.MILLI.,.METRE.) );
#9106 = ( NAMED_UNIT(*) PLANE_ANGLE_UNIT() SI_UNIT($,.RADIAN.) );
#9107 = ( NAMED_UNIT(*) SI_UNIT($,.STERADIAN.) SOLID_ANGLE_UNIT() );
#9108 = UNCERTAINTY_MEASURE_WITH_UNIT(LENGTH_MEASURE(1.E-07),#9105,
  'distance_accuracy_value','confusion accuracy');
#9109 = CONTEXT_DEPENDENT_SHAPE_REPRESENTATION(#9110,#9112);
#9110 = ( REPRESENTATION_RELATIONSHIP('','',#4583,#10) 
REPRESENTATION_RELATIONSHIP_WITH_TRANSFORMATION(#9111) 
SHAPE_REPRESENTATION_RELATIONSHIP() );
#9111 = ITEM_DEFINED_TRANSFORMATION('','',#11,#19);
#9112 = PRODUCT_DEFINITION_SHAPE('Placement','Placement of an item',
  #9113);
#9113 = NEXT_ASSEMBLY_USAGE_OCCURRENCE('8','','',#5,#4578,$);
#9114 = PRODUCT_RELATED_PRODUCT_CATEGORY('part',$,(#4580));
#9115 = SHAPE_DEFINITION_REPRESENTATION(#9116,#9122);
#9116 = PRODUCT_DEFINITION_SHAPE('','',#9117);
#9117 = PRODUCT_DEFINITION('design','',#9118,#9121);
#9118 = PRODUCT_DEFINITION_FORMATION('','',#9119);
#9119 = PRODUCT('Open CASCADE STEP translator 7.9 4.3',
  'Open CASCADE STEP translator 7.9 4.3','',(#9120));
#9120 = PRODUCT_CONTEXT('',#2,'mechanical');
#9121 = PRODUCT_DEFINITION_CONTEXT('part definition',#2,'design');
#9122 = GEOMETRICALLY_BOUNDED_WIREFRAME_SHAPE_REPRESENTATION('',(#11,
    #9123),#9132);
#9123 = GEOMETRIC_CURVE_SET('',(#9124));
#9124 = TRIMMED_CURVE('',#9125,(#9130,PARAMETER_VALUE(0.)),(#9131,
    PARAMETER_VALUE(6.28318530718)),.T.,.PARAMETER.);
#9125 = CIRCLE('',#9126,2.);
#9126 = AXIS2_PLACEMENT_3D('',#9127,#9128,#9129);
#9127 = CARTESIAN_POINT('',(0.,0.,0.));
#9128 = DIRECTION('',(0.,0.,1.));
#9129 = DIRECTION('',(1.,0.,-0.));
#9130 = CARTESIAN_POINT('',(2.,0.,0.));
#9131 = CARTESIAN_POINT('',(2.,0.,0.));
#9132 = ( GEOMETRIC_REPRESENTATION_CONTEXT(3) 
GLOBAL_UNCERTAINTY_ASSIGNED_CONTEXT((#9136)) 
GLOBAL_UNIT_ASSIGNED_CONTEXT((#9133,#9134,#9135)) REPRESENTATION_CONTEXT
('Context #1','3D Context with UNIT and UNCERTAINTY') );
#9133 = ( LENGTH_UNIT() NAMED_UNIT(*) SI_UNIT(.MILLI.,.METRE.) );
#9134 = ( NAMED_UNIT(*) PLANE_ANGLE_UNIT() SI_UNIT($,.RADIAN.) );
#9135 = ( NAMED_UNIT(*) SI_UNIT($,.STERADIAN.) SOLID_ANGLE_UNIT() );
#9136 = UNCERTAINTY_MEASURE_WITH_UNIT(LENGTH_MEASURE(1.E-07),#9133,
  'distance_accuracy_value','confusion accuracy');
#9137 = CONTEXT_DEPENDENT_SHAPE_REPRESENTATION(#9138,#9140);
#9138 = ( REPRESENTATION_RELATIONSHIP('','',#9122,#10) 
REPRESENTATION_RELATIONSHIP_WITH_TRANSFORMATION(#9139) 
SHAPE_REPRESENTATION_RELATIONSHIP() );
#9139 = ITEM_DEFINED_TRANSFORMATION('','',#11,#23);
#9140 = PRODUCT_DEFINITION_SHAPE('Placement','Placement of an item',
  #9141);
#9141 = NEXT_ASSEMBLY_USAGE_OCCURRENCE('9','','',#5,#9117,$);
#9142 = PRODUCT_RELATED_PRODUCT_CATEGORY('part',$,(#9119));
#9143 = SHAPE_DEFINITION_REPRESENTATION(#9144,#9150);
#9144 = PRODUCT_DEFINITION_SHAPE('','',#9145);
#9145 = PRODUCT_DEFINITION('design','',#9146,#9149);
#9146 = PRODUCT_DEFINITION_FORMATION('','',#9147);
#9147 = PRODUCT('Open CASCADE STEP translator 7.9 4.4',
  'Open CASCADE STEP translator 7.9 4.4','',(#9148));
#9148 = PRODUCT_CONTEXT('',#2,'mechanical');
#9149 = PRODUCT_DEFINITION_CONTEXT('part definition',#2,'design');
#9150 = GEOMETRICALLY_BOUNDED_WIREFRAME_SHAPE_REPRESENTATION('',(#11,
    #9151),#9160);
#9151 = GEOMETRIC_CURVE_SET('',(#9152));
#9152 = TRIMMED_CURVE('',#9153,(#9158,PARAMETER_VALUE(0.)),(#9159,
    PARAMETER_VALUE(6.28318530718)),.T.,.PARAMETER.);
#9153 = CIRCLE('',#9154,2.);
#9154 = AXIS2_PLACEMENT_3D('',#9155,#9156,#9157);
#9155 = CARTESIAN_POINT('',(143.,0.,0.));
#9156 = DIRECTION('',(0.,0.,1.));
#9157 = DIRECTION('',(1.,0.,-0.));
#9158 = CARTESIAN_POINT('',(145.,0.,0.));
#9159 = CARTESIAN_POINT('',(145.,0.,0.));
#9160 = ( GEOMETRIC_REPRESENTATION_CONTEXT(3) 
GLOBAL_UNCERTAINTY_ASSIGNED_CONTEXT((#9164)) 
GLOBAL_UNIT_ASSIGNED_CONTEXT((#9161,#9162,#9163)) REPRESENTATION_CONTEXT
('Context #1','3D Context with UNIT and UNCERTAINTY') );
#9161 = ( LENGTH_UNIT() NAMED_UNIT(*) SI_UNIT(.MILLI.,.METRE.) );
#9162 = ( NAMED_UNIT(*) PLANE_ANGLE_UNIT() SI_UNIT($,.RADIAN.) );
#9163 = ( NAMED_UNIT(*) SI_UNIT($,.STERADIAN.) SOLID_ANGLE_UNIT() );
#9164 = UNCERTAINTY_MEASURE_WITH_UNIT(LENGTH_MEASURE(1.E-07),#9161,
  'distance_accuracy_value','confusion accuracy');
#9165 = CONTEXT_DEPENDENT_SHAPE_REPRESENTATION(#9166,#9168);
#9166 = ( REPRESENTATION_RELATIONSHIP('','',#9150,#10) 
REPRESENTATION_RELATIONSHIP_WITH_TRANSFORMATION(#9167) 
SHAPE_REPRESENTATION_RELATIONSHIP() );
#9167 = ITEM_DEFINED_TRANSFORMATION('','',#11,#27);
#9168 = PRODUCT_DEFINITION_SHAPE('Placement','Placement of an item',
  #9169);
#9169 = NEXT_ASSEMBLY_USAGE_OCCURRENCE('10','','',#5,#9145,$);
#9170 = PRODUCT_RELATED_PRODUCT_CATEGORY('part',$,(#9147));
ENDSEC;
END-ISO-10303-21;
