ISO-10303-21;
HEADER;
FILE_DESCRIPTION(('Open CASCADE Model'),'2;1');
FILE_NAME('Open CASCADE Shape Model','2026-08-10T18:28:23',('Author'),(
    'Open CASCADE'),'Open CASCADE STEP processor 7.9','Open CASCADE 7.9'
  ,'Unknown');
FILE_SCHEMA(('AUTOMOTIVE_DESIGN { 1 0 10303 214 1 1 1 1 }'));
ENDSEC;
DATA;
#1 = APPLICATION_PROTOCOL_DEFINITION('international standard',
  'automotive_design',2000,#2);
#2 = APPLICATION_CONTEXT(
  'core data for automotive mechanical design processes');
#3 = SHAPE_DEFINITION_REPRESENTATION(#4,#10);
#4 = PRODUCT_DEFINITION_SHAPE('','',#5);
#5 = PRODUCT_DEFINITION('design','',#6,#9);
#6 = PRODUCT_DEFINITION_FORMATION('','',#7);
#7 = PRODUCT('Open CASCADE STEP translator 7.9 3',
  'Open CASCADE STEP translator 7.9 3','',(#8));
#8 = PRODUCT_CONTEXT('',#2,'mechanical');
#9 = PRODUCT_DEFINITION_CONTEXT('part definition',#2,'design');
#10 = SHAPE_REPRESENTATION('',(#11,#15,#19),#23);
#11 = AXIS2_PLACEMENT_3D('',#12,#13,#14);
#12 = CARTESIAN_POINT('',(0.,0.,0.));
#13 = DIRECTION('',(0.,0.,1.));
#14 = DIRECTION('',(1.,0.,-0.));
#15 = AXIS2_PLACEMENT_3D('',#16,#17,#18);
#16 = CARTESIAN_POINT('',(0.,0.,0.));
#17 = DIRECTION('',(0.,0.,1.));
#18 = DIRECTION('',(1.,0.,-0.));
#19 = AXIS2_PLACEMENT_3D('',#20,#21,#22);
#20 = CARTESIAN_POINT('',(0.,0.,0.));
#21 = DIRECTION('',(0.,0.,1.));
#22 = DIRECTION('',(1.,0.,-0.));
#23 = ( GEOMETRIC_REPRESENTATION_CONTEXT(3) 
GLOBAL_UNCERTAINTY_ASSIGNED_CONTEXT((#27)) GLOBAL_UNIT_ASSIGNED_CONTEXT(
(#24,#25,#26)) REPRESENTATION_CONTEXT('Context #1',
  '3D Context with UNIT and UNCERTAINTY') );
#24 = ( LENGTH_UNIT() NAMED_UNIT(*) SI_UNIT(.MILLI.,.METRE.) );
#25 = ( NAMED_UNIT(*) PLANE_ANGLE_UNIT() SI_UNIT($,.RADIAN.) );
#26 = ( NAMED_UNIT(*) SI_UNIT($,.STERADIAN.) SOLID_ANGLE_UNIT() );
#27 = UNCERTAINTY_MEASURE_WITH_UNIT(LENGTH_MEASURE(1.E-07),#24,
  'distance_accuracy_value','confusion accuracy');
#28 = PRODUCT_RELATED_PRODUCT_CATEGORY('part',$,(#7));
#29 = SHAPE_DEFINITION_REPRESENTATION(#30,#36);
#30 = PRODUCT_DEFINITION_SHAPE('','',#31);
#31 = PRODUCT_DEFINITION('design','',#32,#35);
#32 = PRODUCT_DEFINITION_FORMATION('','',#33);
#33 = PRODUCT('Open CASCADE STEP translator 7.9 3.1',
  'Open CASCADE STEP translator 7.9 3.1','',(#34));
#34 = PRODUCT_CONTEXT('',#2,'mechanical');
#35 = PRODUCT_DEFINITION_CONTEXT('part definition',#2,'design');
#36 = GEOMETRICALLY_BOUNDED_WIREFRAME_SHAPE_REPRESENTATION('',(#11,#37),
  #4557);
#37 = GEOMETRIC_CURVE_SET('',(#38));
#38 = TRIMMED_CURVE('',#39,(#4555,PARAMETER_VALUE(0.)),(#4556,
    PARAMETER_VALUE(162.19698583056)),.T.,.PARAMETER.);
#39 = B_SPLINE_CURVE_WITH_KNOTS('',3,(#40,#41,#42,#43,#44,#45,#46,#47,
    #48,#49,#50,#51,#52,#53,#54,#55,#56,#57,#58,#59,#60,#61,#62,#63,#64,
    #65,#66,#67,#68,#69,#70,#71,#72,#73,#74,#75,#76,#77,#78,#79,#80,#81,
    #82,#83,#84,#85,#86,#87,#88,#89,#90,#91,#92,#93,#94,#95,#96,#97,#98,
    #99,#100,#101,#102,#103,#104,#105,#106,#107,#108,#109,#110,#111,#112
    ,#113,#114,#115,#116,#117,#118,#119,#120,#121,#122,#123,#124,#125,
    #126,#127,#128,#129,#130,#131,#132,#133,#134,#135,#136,#137,#138,
    #139,#140,#141,#142,#143,#144,#145,#146,#147,#148,#149,#150,#151,
    #152,#153,#154,#155,#156,#157,#158,#159,#160,#161,#162,#163,#164,
    #165,#166,#167,#168,#169,#170,#171,#172,#173,#174,#175,#176,#177,
    #178,#179,#180,#181,#182,#183,#184,#185,#186,#187,#188,#189,#190,
    #191,#192,#193,#194,#195,#196,#197,#198,#199,#200,#201,#202,#203,
    #204,#205,#206,#207,#208,#209,#210,#211,#212,#213,#214,#215,#216,
    #217,#218,#219,#220,#221,#222,#223,#224,#225,#226,#227,#228,#229,
    #230,#231,#232,#233,#234,#235,#236,#237,#238,#239,#240,#241,#242,
    #243,#244,#245,#246,#247,#248,#249,#250,#251,#252,#253,#254,#255,
    #256,#257,#258,#259,#260,#261,#262,#263,#264,#265,#266,#267,#268,
    #269,#270,#271,#272,#273,#274,#275,#276,#277,#278,#279,#280,#281,
    #282,#283,#284,#285,#286,#287,#288,#289,#290,#291,#292,#293,#294,
    #295,#296,#297,#298,#299,#300,#301,#302,#303,#304,#305,#306,#307,
    #308,#309,#310,#311,#312,#313,#314,#315,#316,#317,#318,#319,#320,
    #321,#322,#323,#324,#325,#326,#327,#328,#329,#330,#331,#332,#333,
    #334,#335,#336,#337,#338,#339,#340,#341,#342,#343,#344,#345,#346,
    #347,#348,#349,#350,#351,#352,#353,#354,#355,#356,#357,#358,#359,
    #360,#361,#362,#363,#364,#365,#366,#367,#368,#369,#370,#371,#372,
    #373,#374,#375,#376,#377,#378,#379,#380,#381,#382,#383,#384,#385,
    #386,#387,#388,#389,#390,#391,#392,#393,#394,#395,#396,#397,#398,
    #399,#400,#401,#402,#403,#404,#405,#406,#407,#408,#409,#410,#411,
    #412,#413,#414,#415,#416,#417,#418,#419,#420,#421,#422,#423,#424,
    #425,#426,#427,#428,#429,#430,#431,#432,#433,#434,#435,#436,#437,
    #438,#439,#440,#441,#442,#443,#444,#445,#446,#447,#448,#449,#450,
    #451,#452,#453,#454,#455,#456,#457,#458,#459,#460,#461,#462,#463,
    #464,#465,#466,#467,#468,#469,#470,#471,#472,#473,#474,#475,#476,
    #477,#478,#479,#480,#481,#482,#483,#484,#485,#486,#487,#488,#489,
    #490,#491,#492,#493,#494,#495,#496,#497,#498,#499,#500,#501,#502,
    #503,#504,#505,#506,#507,#508,#509,#510,#511,#512,#513,#514,#515,
    #516,#517,#518,#519,#520,#521,#522,#523,#524,#525,#526,#527,#528,
    #529,#530,#531,#532,#533,#534,#535,#536,#537,#538,#539,#540,#541,
    #542,#543,#544,#545,#546,#547,#548,#549,#550,#551,#552,#553,#554,
    #555,#556,#557,#558,#559,#560,#561,#562,#563,#564,#565,#566,#567,
    #568,#569,#570,#571,#572,#573,#574,#575,#576,#577,#578,#579,#580,
    #581,#582,#583,#584,#585,#586,#587,#588,#589,#590,#591,#592,#593,
    #594,#595,#596,#597,#598,#599,#600,#601,#602,#603,#604,#605,#606,
    #607,#608,#609,#610,#611,#612,#613,#614,#615,#616,#617,#618,#619,
    #620,#621,#622,#623,#624,#625,#626,#627,#628,#629,#630,#631,#632,
    #633,#634,#635,#636,#637,#638,#639,#640,#641,#642,#643,#644,#645,
    #646,#647,#648,#649,#650,#651,#652,#653,#654,#655,#656,#657,#658,
    #659,#660,#661,#662,#663,#664,#665,#666,#667,#668,#669,#670,#671,
    #672,#673,#674,#675,#676,#677,#678,#679,#680,#681,#682,#683,#684,
    #685,#686,#687,#688,#689,#690,#691,#692,#693,#694,#695,#696,#697,
    #698,#699,#700,#701,#702,#703,#704,#705,#706,#707,#708,#709,#710,
    #711,#712,#713,#714,#715,#716,#717,#718,#719,#720,#721,#722,#723,
    #724,#725,#726,#727,#728,#729,#730,#731,#732,#733,#734,#735,#736,
    #737,#738,#739,#740,#741,#742,#743,#744,#745,#746,#747,#748,#749,
    #750,#751,#752,#753,#754,#755,#756,#757,#758,#759,#760,#761,#762,
    #763,#764,#765,#766,#767,#768,#769,#770,#771,#772,#773,#774,#775,
    #776,#777,#778,#779,#780,#781,#782,#783,#784,#785,#786,#787,#788,
    #789,#790,#791,#792,#793,#794,#795,#796,#797,#798,#799,#800,#801,
    #802,#803,#804,#805,#806,#807,#808,#809,#810,#811,#812,#813,#814,
    #815,#816,#817,#818,#819,#820,#821,#822,#823,#824,#825,#826,#827,
    #828,#829,#830,#831,#832,#833,#834,#835,#836,#837,#838,#839,#840,
    #841,#842,#843,#844,#845,#846,#847,#848,#849,#850,#851,#852,#853,
    #854,#855,#856,#857,#858,#859,#860,#861,#862,#863,#864,#865,#866,
    #867,#868,#869,#870,#871,#872,#873,#874,#875,#876,#877,#878,#879,
    #880,#881,#882,#883,#884,#885,#886,#887,#888,#889,#890,#891,#892,
    #893,#894,#895,#896,#897,#898,#899,#900,#901,#902,#903,#904,#905,
    #906,#907,#908,#909,#910,#911,#912,#913,#914,#915,#916,#917,#918,
    #919,#920,#921,#922,#923,#924,#925,#926,#927,#928,#929,#930,#931,
    #932,#933,#934,#935,#936,#937,#938,#939,#940,#941,#942,#943,#944,
    #945,#946,#947,#948,#949,#950,#951,#952,#953,#954,#955,#956,#957,
    #958,#959,#960,#961,#962,#963,#964,#965,#966,#967,#968,#969,#970,
    #971,#972,#973,#974,#975,#976,#977,#978,#979,#980,#981,#982,#983,
    #984,#985,#986,#987,#988,#989,#990,#991,#992,#993,#994,#995,#996,
    #997,#998,#999,#1000,#1001,#1002,#1003,#1004,#1005,#1006,#1007,#1008
    ,#1009,#1010,#1011,#1012,#1013,#1014,#1015,#1016,#1017,#1018,#1019,
    #1020,#1021,#1022,#1023,#1024,#1025,#1026,#1027,#1028,#1029,#1030,
    #1031,#1032,#1033,#1034,#1035,#1036,#1037,#1038,#1039,#1040,#1041,
    #1042,#1043,#1044,#1045,#1046,#1047,#1048,#1049,#1050,#1051,#1052,
    #1053,#1054,#1055,#1056,#1057,#1058,#1059,#1060,#1061,#1062,#1063,
    #1064,#1065,#1066,#1067,#1068,#1069,#1070,#1071,#1072,#1073,#1074,
    #1075,#1076,#1077,#1078,#1079,#1080,#1081,#1082,#1083,#1084,#1085,
    #1086,#1087,#1088,#1089,#1090,#1091,#1092,#1093,#1094,#1095,#1096,
    #1097,#1098,#1099,#1100,#1101,#1102,#1103,#1104,#1105,#1106,#1107,
    #1108,#1109,#1110,#1111,#1112,#1113,#1114,#1115,#1116,#1117,#1118,
    #1119,#1120,#1121,#1122,#1123,#1124,#1125,#1126,#1127,#1128,#1129,
    #1130,#1131,#1132,#1133,#1134,#1135,#1136,#1137,#1138,#1139,#1140,
    #1141,#1142,#1143,#1144,#1145,#1146,#1147,#1148,#1149,#1150,#1151,
    #1152,#1153,#1154,#1155,#1156,#1157,#1158,#1159,#1160,#1161,#1162,
    #1163,#1164,#1165,#1166,#1167,#1168,#1169,#1170,#1171,#1172,#1173,
    #1174,#1175,#1176,#1177,#1178,#1179,#1180,#1181,#1182,#1183,#1184,
    #1185,#1186,#1187,#1188,#1189,#1190,#1191,#1192,#1193,#1194,#1195,
    #1196,#1197,#1198,#1199,#1200,#1201,#1202,#1203,#1204,#1205,#1206,
    #1207,#1208,#1209,#1210,#1211,#1212,#1213,#1214,#1215,#1216,#1217,
    #1218,#1219,#1220,#1221,#1222,#1223,#1224,#1225,#1226,#1227,#1228,
    #1229,#1230,#1231,#1232,#1233,#1234,#1235,#1236,#1237,#1238,#1239,
    #1240,#1241,#1242,#1243,#1244,#1245,#1246,#1247,#1248,#1249,#1250,
    #1251,#1252,#1253,#1254,#1255,#1256,#1257,#1258,#1259,#1260,#1261,
    #1262,#1263,#1264,#1265,#1266,#1267,#1268,#1269,#1270,#1271,#1272,
    #1273,#1274,#1275,#1276,#1277,#1278,#1279,#1280,#1281,#1282,#1283,
    #1284,#1285,#1286,#1287,#1288,#1289,#1290,#1291,#1292,#1293,#1294,
    #1295,#1296,#1297,#1298,#1299,#1300,#1301,#1302,#1303,#1304,#1305,
    #1306,#1307,#1308,#1309,#1310,#1311,#1312,#1313,#1314,#1315,#1316,
    #1317,#1318,#1319,#1320,#1321,#1322,#1323,#1324,#1325,#1326,#1327,
    #1328,#1329,#1330,#1331,#1332,#1333,#1334,#1335,#1336,#1337,#1338,
    #1339,#1340,#1341,#1342,#1343,#1344,#1345,#1346,#1347,#1348,#1349,
    #1350,#1351,#1352,#1353,#1354,#1355,#1356,#1357,#1358,#1359,#1360,
    #1361,#1362,#1363,#1364,#1365,#1366,#1367,#1368,#1369,#1370,#1371,
    #1372,#1373,#1374,#1375,#1376,#1377,#1378,#1379,#1380,#1381,#1382,
    #1383,#1384,#1385,#1386,#1387,#1388,#1389,#1390,#1391,#1392,#1393,
    #1394,#1395,#1396,#1397,#1398,#1399,#1400,#1401,#1402,#1403,#1404,
    #1405,#1406,#1407,#1408,#1409,#1410,#1411,#1412,#1413,#1414,#1415,
    #1416,#1417,#1418,#1419,#1420,#1421,#1422,#1423,#1424,#1425,#1426,
    #1427,#1428,#1429,#1430,#1431,#1432,#1433,#1434,#1435,#1436,#1437,
    #1438,#1439,#1440,#1441,#1442,#1443,#1444,#1445,#1446,#1447,#1448,
    #1449,#1450,#1451,#1452,#1453,#1454,#1455,#1456,#1457,#1458,#1459,
    #1460,#1461,#1462,#1463,#1464,#1465,#1466,#1467,#1468,#1469,#1470,
    #1471,#1472,#1473,#1474,#1475,#1476,#1477,#1478,#1479,#1480,#1481,
    #1482,#1483,#1484,#1485,#1486,#1487,#1488,#1489,#1490,#1491,#1492,
    #1493,#1494,#1495,#1496,#1497,#1498,#1499,#1500,#1501,#1502,#1503,
    #1504,#1505,#1506,#1507,#1508,#1509,#1510,#1511,#1512,#1513,#1514,
    #1515,#1516,#1517,#1518,#1519,#1520,#1521,#1522,#1523,#1524,#1525,
    #1526,#1527,#1528,#1529,#1530,#1531,#1532,#1533,#1534,#1535,#1536,
    #1537,#1538,#1539,#1540,#1541,#1542,#1543,#1544,#1545,#1546,#1547,
    #1548,#1549,#1550,#1551,#1552,#1553,#1554,#1555,#1556,#1557,#1558,
    #1559,#1560,#1561,#1562,#1563,#1564,#1565,#1566,#1567,#1568,#1569,
    #1570,#1571,#1572,#1573,#1574,#1575,#1576,#1577,#1578,#1579,#1580,
    #1581,#1582,#1583,#1584,#1585,#1586,#1587,#1588,#1589,#1590,#1591,
    #1592,#1593,#1594,#1595,#1596,#1597,#1598,#1599,#1600,#1601,#1602,
    #1603,#1604,#1605,#1606,#1607,#1608,#1609,#1610,#1611,#1612,#1613,
    #1614,#1615,#1616,#1617,#1618,#1619,#1620,#1621,#1622,#1623,#1624,
    #1625,#1626,#1627,#1628,#1629,#1630,#1631,#1632,#1633,#1634,#1635,
    #1636,#1637,#1638,#1639,#1640,#1641,#1642,#1643,#1644,#1645,#1646,
    #1647,#1648,#1649,#1650,#1651,#1652,#1653,#1654,#1655,#1656,#1657,
    #1658,#1659,#1660,#1661,#1662,#1663,#1664,#1665,#1666,#1667,#1668,
    #1669,#1670,#1671,#1672,#1673,#1674,#1675,#1676,#1677,#1678,#1679,
    #1680,#1681,#1682,#1683,#1684,#1685,#1686,#1687,#1688,#1689,#1690,
    #1691,#1692,#1693,#1694,#1695,#1696,#1697,#1698,#1699,#1700,#1701,
    #1702,#1703,#1704,#1705,#1706,#1707,#1708,#1709,#1710,#1711,#1712,
    #1713,#1714,#1715,#1716,#1717,#1718,#1719,#1720,#1721,#1722,#1723,
    #1724,#1725,#1726,#1727,#1728,#1729,#1730,#1731,#1732,#1733,#1734,
    #1735,#1736,#1737,#1738,#1739,#1740,#1741,#1742,#1743,#1744,#1745,
    #1746,#1747,#1748,#1749,#1750,#1751,#1752,#1753,#1754,#1755,#1756,
    #1757,#1758,#1759,#1760,#1761,#1762,#1763,#1764,#1765,#1766,#1767,
    #1768,#1769,#1770,#1771,#1772,#1773,#1774,#1775,#1776,#1777,#1778,
    #1779,#1780,#1781,#1782,#1783,#1784,#1785,#1786,#1787,#1788,#1789,
    #1790,#1791,#1792,#1793,#1794,#1795,#1796,#1797,#1798,#1799,#1800,
    #1801,#1802,#1803,#1804,#1805,#1806,#1807,#1808,#1809,#1810,#1811,
    #1812,#1813,#1814,#1815,#1816,#1817,#1818,#1819,#1820,#1821,#1822,
    #1823,#1824,#1825,#1826,#1827,#1828,#1829,#1830,#1831,#1832,#1833,
    #1834,#1835,#1836,#1837,#1838,#1839,#1840,#1841,#1842,#1843,#1844,
    #1845,#1846,#1847,#1848,#1849,#1850,#1851,#1852,#1853,#1854,#1855,
    #1856,#1857,#1858,#1859,#1860,#1861,#1862,#1863,#1864,#1865,#1866,
    #1867,#1868,#1869,#1870,#1871,#1872,#1873,#1874,#1875,#1876,#1877,
    #1878,#1879,#1880,#1881,#1882,#1883,#1884,#1885,#1886,#1887,#1888,
    #1889,#1890,#1891,#1892,#1893,#1894,#1895,#1896,#1897,#1898,#1899,
    #1900,#1901,#1902,#1903,#1904,#1905,#1906,#1907,#1908,#1909,#1910,
    #1911,#1912,#1913,#1914,#1915,#1916,#1917,#1918,#1919,#1920,#1921,
    #1922,#1923,#1924,#1925,#1926,#1927,#1928,#1929,#1930,#1931,#1932,
    #1933,#1934,#1935,#1936,#1937,#1938,#1939,#1940,#1941,#1942,#1943,
    #1944,#1945,#1946,#1947,#1948,#1949,#1950,#1951,#1952,#1953,#1954,
    #1955,#1956,#1957,#1958,#1959,#1960,#1961,#1962,#1963,#1964,#1965,
    #1966,#1967,#1968,#1969,#1970,#1971,#1972,#1973,#1974,#1975,#1976,
    #1977,#1978,#1979,#1980,#1981,#1982,#1983,#1984,#1985,#1986,#1987,
    #1988,#1989,#1990,#1991,#1992,#1993,#1994,#1995,#1996,#1997,#1998,
    #1999,#2000,#2001,#2002,#2003,#2004,#2005,#2006,#2007,#2008,#2009,
    #2010,#2011,#2012,#2013,#2014,#2015,#2016,#2017,#2018,#2019,#2020,
    #2021,#2022,#2023,#2024,#2025,#2026,#2027,#2028,#2029,#2030,#2031,
    #2032,#2033,#2034,#2035,#2036,#2037,#2038,#2039,#2040,#2041,#2042,
    #2043,#2044,#2045,#2046,#2047,#2048,#2049,#2050,#2051,#2052,#2053,
    #2054,#2055,#2056,#2057,#2058,#2059,#2060,#2061,#2062,#2063,#2064,
    #2065,#2066,#2067,#2068,#2069,#2070,#2071,#2072,#2073,#2074,#2075,
    #2076,#2077,#2078,#2079,#2080,#2081,#2082,#2083,#2084,#2085,#2086,
    #2087,#2088,#2089,#2090,#2091,#2092,#2093,#2094,#2095,#2096,#2097,
    #2098,#2099,#2100,#2101,#2102,#2103,#2104,#2105,#2106,#2107,#2108,
    #2109,#2110,#2111,#2112,#2113,#2114,#2115,#2116,#2117,#2118,#2119,
    #2120,#2121,#2122,#2123,#2124,#2125,#2126,#2127,#2128,#2129,#2130,
    #2131,#2132,#2133,#2134,#2135,#2136,#2137,#2138,#2139,#2140,#2141,
    #2142,#2143,#2144,#2145,#2146,#2147,#2148,#2149,#2150,#2151,#2152,
    #2153,#2154,#2155,#2156,#2157,#2158,#2159,#2160,#2161,#2162,#2163,
    #2164,#2165,#2166,#2167,#2168,#2169,#2170,#2171,#2172,#2173,#2174,
    #2175,#2176,#2177,#2178,#2179,#2180,#2181,#2182,#2183,#2184,#2185,
    #2186,#2187,#2188,#2189,#2190,#2191,#2192,#2193,#2194,#2195,#2196,
    #2197,#2198,#2199,#2200,#2201,#2202,#2203,#2204,#2205,#2206,#2207,
    #2208,#2209,#2210,#2211,#2212,#2213,#2214,#2215,#2216,#2217,#2218,
    #2219,#2220,#2221,#2222,#2223,#2224,#2225,#2226,#2227,#2228,#2229,
    #2230,#2231,#2232,#2233,#2234,#2235,#2236,#2237,#2238,#2239,#2240,
    #2241,#2242,#2243,#2244,#2245,#2246,#2247,#2248,#2249,#2250,#2251,
    #2252,#2253,#2254,#2255,#2256,#2257,#2258,#2259,#2260,#2261,#2262,
    #2263,#2264,#2265,#2266,#2267,#2268,#2269,#2270,#2271,#2272,#2273,
    #2274,#2275,#2276,#2277,#2278,#2279,#2280,#2281,#2282,#2283,#2284,
    #2285,#2286,#2287,#2288,#2289,#2290,#2291,#2292,#2293,#2294,#2295,
    #2296,#2297,#2298,#2299,#2300,#2301,#2302,#2303,#2304,#2305,#2306,
    #2307,#2308,#2309,#2310,#2311,#2312,#2313,#2314,#2315,#2316,#2317,
    #2318,#2319,#2320,#2321,#2322,#2323,#2324,#2325,#2326,#2327,#2328,
    #2329,#2330,#2331,#2332,#2333,#2334,#2335,#2336,#2337,#2338,#2339,
    #2340,#2341,#2342,#2343,#2344,#2345,#2346,#2347,#2348,#2349,#2350,
    #2351,#2352,#2353,#2354,#2355,#2356,#2357,#2358,#2359,#2360,#2361,
    #2362,#2363,#2364,#2365,#2366,#2367,#2368,#2369,#2370,#2371,#2372,
    #2373,#2374,#2375,#2376,#2377,#2378,#2379,#2380,#2381,#2382,#2383,
    #2384,#2385,#2386,#2387,#2388,#2389,#2390,#2391,#2392,#2393,#2394,
    #2395,#2396,#2397,#2398,#2399,#2400,#2401,#2402,#2403,#2404,#2405,
    #2406,#2407,#2408,#2409,#2410,#2411,#2412,#2413,#2414,#2415,#2416,
    #2417,#2418,#2419,#2420,#2421,#2422,#2423,#2424,#2425,#2426,#2427,
    #2428,#2429,#2430,#2431,#2432,#2433,#2434,#2435,#2436,#2437,#2438,
    #2439,#2440,#2441,#2442,#2443,#2444,#2445,#2446,#2447,#2448,#2449,
    #2450,#2451,#2452,#2453,#2454,#2455,#2456,#2457,#2458,#2459,#2460,
    #2461,#2462,#2463,#2464,#2465,#2466,#2467,#2468,#2469,#2470,#2471,
    #2472,#2473,#2474,#2475,#2476,#2477,#2478,#2479,#2480,#2481,#2482,
    #2483,#2484,#2485,#2486,#2487,#2488,#2489,#2490,#2491,#2492,#2493,
    #2494,#2495,#2496,#2497,#2498,#2499,#2500,#2501,#2502,#2503,#2504,
    #2505,#2506,#2507,#2508,#2509,#2510,#2511,#2512,#2513,#2514,#2515,
    #2516,#2517,#2518,#2519,#2520,#2521,#2522,#2523,#2524,#2525,#2526,
    #2527,#2528,#2529,#2530,#2531,#2532,#2533,#2534,#2535,#2536,#2537,
    #2538,#2539,#2540,#2541,#2542,#2543,#2544,#2545,#2546,#2547,#2548,
    #2549,#2550,#2551,#2552,#2553,#2554,#2555,#2556,#2557,#2558,#2559,
    #2560,#2561,#2562,#2563,#2564,#2565,#2566,#2567,#2568,#2569,#2570,
    #2571,#2572,#2573,#2574,#2575,#2576,#2577,#2578,#2579,#2580,#2581,
    #2582,#2583,#2584,#2585,#2586,#2587,#2588,#2589,#2590,#2591,#2592,
    #2593,#2594,#2595,#2596,#2597,#2598,#2599,#2600,#2601,#2602,#2603,
    #2604,#2605,#2606,#2607,#2608,#2609,#2610,#2611,#2612,#2613,#2614,
    #2615,#2616,#2617,#2618,#2619,#2620,#2621,#2622,#2623,#2624,#2625,
    #2626,#2627,#2628,#2629,#2630,#2631,#2632,#2633,#2634,#2635,#2636,
    #2637,#2638,#2639,#2640,#2641,#2642,#2643,#2644,#2645,#2646,#2647,
    #2648,#2649,#2650,#2651,#2652,#2653,#2654,#2655,#2656,#2657,#2658,
    #2659,#2660,#2661,#2662,#2663,#2664,#2665,#2666,#2667,#2668,#2669,
    #2670,#2671,#2672,#2673,#2674,#2675,#2676,#2677,#2678,#2679,#2680,
    #2681,#2682,#2683,#2684,#2685,#2686,#2687,#2688,#2689,#2690,#2691,
    #2692,#2693,#2694,#2695,#2696,#2697,#2698,#2699,#2700,#2701,#2702,
    #2703,#2704,#2705,#2706,#2707,#2708,#2709,#2710,#2711,#2712,#2713,
    #2714,#2715,#2716,#2717,#2718,#2719,#2720,#2721,#2722,#2723,#2724,
    #2725,#2726,#2727,#2728,#2729,#2730,#2731,#2732,#2733,#2734,#2735,
    #2736,#2737,#2738,#2739,#2740,#2741,#2742,#2743,#2744,#2745,#2746,
    #2747,#2748,#2749,#2750,#2751,#2752,#2753,#2754,#2755,#2756,#2757,
    #2758,#2759,#2760,#2761,#2762,#2763,#2764,#2765,#2766,#2767,#2768,
    #2769,#2770,#2771,#2772,#2773,#2774,#2775,#2776,#2777,#2778,#2779,
    #2780,#2781,#2782,#2783,#2784,#2785,#2786,#2787,#2788,#2789,#2790,
    #2791,#2792,#2793,#2794,#2795,#2796,#2797,#2798,#2799,#2800,#2801,
    #2802,#2803,#2804,#2805,#2806,#2807,#2808,#2809,#2810,#2811,#2812,
    #2813,#2814,#2815,#2816,#2817,#2818,#2819,#2820,#2821,#2822,#2823,
    #2824,#2825,#2826,#2827,#2828,#2829,#2830,#2831,#2832,#2833,#2834,
    #2835,#2836,#2837,#2838,#2839,#2840,#2841,#2842,#2843,#2844,#2845,
    #2846,#2847,#2848,#2849,#2850,#2851,#2852,#2853,#2854,#2855,#2856,
    #2857,#2858,#2859,#2860,#2861,#2862,#2863,#2864,#2865,#2866,#2867,
    #2868,#2869,#2870,#2871,#2872,#2873,#2874,#2875,#2876,#2877,#2878,
    #2879,#2880,#2881,#2882,#2883,#2884,#2885,#2886,#2887,#2888,#2889,
    #2890,#2891,#2892,#2893,#2894,#2895,#2896,#2897,#2898,#2899,#2900,
    #2901,#2902,#2903,#2904,#2905,#2906,#2907,#2908,#2909,#2910,#2911,
    #2912,#2913,#2914,#2915,#2916,#2917,#2918,#2919,#2920,#2921,#2922,
    #2923,#2924,#2925,#2926,#2927,#2928,#2929,#2930,#2931,#2932,#2933,
    #2934,#2935,#2936,#2937,#2938,#2939,#2940,#2941,#2942,#2943,#2944,
    #2945,#2946,#2947,#2948,#2949,#2950,#2951,#2952,#2953,#2954,#2955,
    #2956,#2957,#2958,#2959,#2960,#2961,#2962,#2963,#2964,#2965,#2966,
    #2967,#2968,#2969,#2970,#2971,#2972,#2973,#2974,#2975,#2976,#2977,
    #2978,#2979,#2980,#2981,#2982,#2983,#2984,#2985,#2986,#2987,#2988,
    #2989,#2990,#2991,#2992,#2993,#2994,#2995,#2996,#2997,#2998,#2999,
    #3000,#3001,#3002,#3003,#3004,#3005,#3006,#3007,#3008,#3009,#3010,
    #3011,#3012,#3013,#3014,#3015,#3016,#3017,#3018,#3019,#3020,#3021,
    #3022,#3023,#3024,#3025,#3026,#3027,#3028,#3029,#3030,#3031,#3032,
    #3033,#3034,#3035,#3036,#3037,#3038,#3039,#3040,#3041,#3042,#3043,
    #3044,#3045,#3046,#3047,#3048,#3049,#3050,#3051,#3052,#3053,#3054,
    #3055,#3056,#3057,#3058,#3059,#3060,#3061,#3062,#3063,#3064,#3065,
    #3066,#3067,#3068,#3069,#3070,#3071,#3072,#3073,#3074,#3075,#3076,
    #3077,#3078,#3079,#3080,#3081,#3082,#3083,#3084,#3085,#3086,#3087,
    #3088,#3089,#3090,#3091,#3092,#3093,#3094,#3095,#3096,#3097,#3098,
    #3099,#3100,#3101,#3102,#3103,#3104,#3105,#3106,#3107,#3108,#3109,
    #3110,#3111,#3112,#3113,#3114,#3115,#3116,#3117,#3118,#3119,#3120,
    #3121,#3122,#3123,#3124,#3125,#3126,#3127,#3128,#3129,#3130,#3131,
    #3132,#3133,#3134,#3135,#3136,#3137,#3138,#3139,#3140,#3141,#3142,
    #3143,#3144,#3145,#3146,#3147,#3148,#3149,#3150,#3151,#3152,#3153,
    #3154,#3155,#3156,#3157,#3158,#3159,#3160,#3161,#3162,#3163,#3164,
    #3165,#3166,#3167,#3168,#3169,#3170,#3171,#3172,#3173,#3174,#3175,
    #3176,#3177,#3178,#3179,#3180,#3181,#3182,#3183,#3184,#3185,#3186,
    #3187,#3188,#3189,#3190,#3191,#3192,#3193,#3194,#3195,#3196,#3197,
    #3198,#3199,#3200,#3201,#3202,#3203,#3204,#3205,#3206,#3207,#3208,
    #3209,#3210,#3211,#3212,#3213,#3214,#3215,#3216,#3217,#3218,#3219,
    #3220,#3221,#3222,#3223,#3224,#3225,#3226,#3227,#3228,#3229,#3230,
    #3231,#3232,#3233,#3234,#3235,#3236,#3237,#3238,#3239,#3240,#3241,
    #3242,#3243,#3244,#3245,#3246,#3247,#3248,#3249,#3250,#3251,#3252,
    #3253,#3254,#3255,#3256,#3257,#3258,#3259,#3260,#3261,#3262,#3263,
    #3264,#3265,#3266,#3267,#3268,#3269,#3270,#3271,#3272,#3273,#3274,
    #3275,#3276,#3277,#3278,#3279,#3280,#3281,#3282,#3283,#3284,#3285,
    #3286,#3287,#3288,#3289,#3290,#3291,#3292,#3293,#3294,#3295,#3296,
    #3297,#3298,#3299,#3300,#3301,#3302,#3303,#3304,#3305,#3306,#3307,
    #3308,#3309,#3310,#3311,#3312,#3313,#3314,#3315,#3316,#3317,#3318,
    #3319,#3320,#3321,#3322,#3323,#3324,#3325,#3326,#3327,#3328,#3329,
    #3330,#3331,#3332,#3333,#3334,#3335,#3336,#3337,#3338,#3339,#3340,
    #3341,#3342,#3343,#3344,#3345,#3346,#3347,#3348,#3349,#3350,#3351,
    #3352,#3353,#3354,#3355,#3356,#3357,#3358,#3359,#3360,#3361,#3362,
    #3363,#3364,#3365,#3366,#3367,#3368,#3369,#3370,#3371,#3372,#3373,
    #3374,#3375,#3376,#3377,#3378,#3379,#3380,#3381,#3382,#3383,#3384,
    #3385,#3386,#3387,#3388,#3389,#3390,#3391,#3392,#3393,#3394,#3395,
    #3396,#3397,#3398,#3399,#3400,#3401,#3402,#3403,#3404,#3405,#3406,
    #3407,#3408,#3409,#3410,#3411,#3412,#3413,#3414,#3415,#3416,#3417,
    #3418,#3419,#3420,#3421,#3422,#3423,#3424,#3425,#3426,#3427,#3428,
    #3429,#3430,#3431,#3432,#3433,#3434,#3435,#3436,#3437,#3438,#3439,
    #3440,#3441,#3442,#3443,#3444,#3445,#3446,#3447,#3448,#3449,#3450,
    #3451,#3452,#3453,#3454,#3455,#3456,#3457,#3458,#3459,#3460,#3461,
    #3462,#3463,#3464,#3465,#3466,#3467,#3468,#3469,#3470,#3471,#3472,
    #3473,#3474,#3475,#3476,#3477,#3478,#3479,#3480,#3481,#3482,#3483,
    #3484,#3485,#3486,#3487,#3488,#3489,#3490,#3491,#3492,#3493,#3494,
    #3495,#3496,#3497,#3498,#3499,#3500,#3501,#3502,#3503,#3504,#3505,
    #3506,#3507,#3508,#3509,#3510,#3511,#3512,#3513,#3514,#3515,#3516,
    #3517,#3518,#3519,#3520,#3521,#3522,#3523,#3524,#3525,#3526,#3527,
    #3528,#3529,#3530,#3531,#3532,#3533,#3534,#3535,#3536,#3537,#3538,
    #3539,#3540,#3541,#3542,#3543,#3544,#3545,#3546,#3547,#3548,#3549,
    #3550,#3551,#3552,#3553,#3554,#3555,#3556,#3557,#3558,#3559,#3560,
    #3561,#3562,#3563,#3564,#3565,#3566,#3567,#3568,#3569,#3570,#3571,
    #3572,#3573,#3574,#3575,#3576,#3577,#3578,#3579,#3580,#3581,#3582,
    #3583,#3584,#3585,#3586,#3587,#3588,#3589,#3590,#3591,#3592,#3593,
    #3594,#3595,#3596,#3597,#3598,#3599,#3600,#3601,#3602,#3603,#3604,
    #3605,#3606,#3607,#3608,#3609,#3610,#3611,#3612,#3613,#3614,#3615,
    #3616,#3617,#3618,#3619,#3620,#3621,#3622,#3623,#3624,#3625,#3626,
    #3627,#3628,#3629,#3630,#3631,#3632,#3633,#3634,#3635,#3636,#3637,
    #3638,#3639,#3640,#3641,#3642,#3643,#3644,#3645,#3646,#3647,#3648,
    #3649,#3650,#3651,#3652,#3653,#3654,#3655,#3656,#3657,#3658,#3659,
    #3660,#3661,#3662,#3663,#3664,#3665,#3666,#3667,#3668,#3669,#3670,
    #3671,#3672,#3673,#3674,#3675,#3676,#3677,#3678,#3679,#3680,#3681,
    #3682,#3683,#3684,#3685,#3686,#3687,#3688,#3689,#3690,#3691,#3692,
    #3693,#3694,#3695,#3696,#3697,#3698,#3699,#3700,#3701,#3702,#3703,
    #3704,#3705,#3706,#3707,#3708,#3709,#3710,#3711,#3712,#3713,#3714,
    #3715,#3716,#3717,#3718,#3719,#3720,#3721,#3722,#3723,#3724,#3725,
    #3726,#3727,#3728,#3729,#3730,#3731,#3732,#3733,#3734,#3735,#3736,
    #3737,#3738,#3739,#3740,#3741,#3742,#3743,#3744,#3745,#3746,#3747,
    #3748,#3749,#3750,#3751,#3752,#3753,#3754,#3755,#3756,#3757,#3758,
    #3759,#3760,#3761,#3762,#3763,#3764,#3765,#3766,#3767,#3768,#3769,
    #3770,#3771,#3772,#3773,#3774,#3775,#3776,#3777,#3778,#3779,#3780,
    #3781,#3782,#3783,#3784,#3785,#3786,#3787,#3788,#3789,#3790,#3791,
    #3792,#3793,#3794,#3795,#3796,#3797,#3798,#3799,#3800,#3801,#3802,
    #3803,#3804,#3805,#3806,#3807,#3808,#3809,#3810,#3811,#3812,#3813,
    #3814,#3815,#3816,#3817,#3818,#3819,#3820,#3821,#3822,#3823,#3824,
    #3825,#3826,#3827,#3828,#3829,#3830,#3831,#3832,#3833,#3834,#3835,
    #3836,#3837,#3838,#3839,#3840,#3841,#3842,#3843,#3844,#3845,#3846,
    #3847,#3848,#3849,#3850,#3851,#3852,#3853,#3854,#3855,#3856,#3857,
    #3858,#3859,#3860,#3861,#3862,#3863,#3864,#3865,#3866,#3867,#3868,
    #3869,#3870,#3871,#3872,#3873,#3874,#3875,#3876,#3877,#3878,#3879,
    #3880,#3881,#3882,#3883,#3884,#3885,#3886,#3887,#3888,#3889,#3890,
    #3891,#3892,#3893,#3894,#3895,#3896,#3897,#3898,#3899,#3900,#3901,
    #3902,#3903,#3904,#3905,#3906,#3907,#3908,#3909,#3910,#3911,#3912,
    #3913,#3914,#3915,#3916,#3917,#3918,#3919,#3920,#3921,#3922,#3923,
    #3924,#3925,#3926,#3927,#3928,#3929,#3930,#3931,#3932,#3933,#3934,
    #3935,#3936,#3937,#3938,#3939,#3940,#3941,#3942,#3943,#3944,#3945,
    #3946,#3947,#3948,#3949,#3950,#3951,#3952,#3953,#3954,#3955,#3956,
    #3957,#3958,#3959,#3960,#3961,#3962,#3963,#3964,#3965,#3966,#3967,
    #3968,#3969,#3970,#3971,#3972,#3973,#3974,#3975,#3976,#3977,#3978,
    #3979,#3980,#3981,#3982,#3983,#3984,#3985,#3986,#3987,#3988,#3989,
    #3990,#3991,#3992,#3993,#3994,#3995,#3996,#3997,#3998,#3999,#4000,
    #4001,#4002,#4003,#4004,#4005,#4006,#4007,#4008,#4009,#4010,#4011,
    #4012,#4013,#4014,#4015,#4016,#4017,#4018,#4019,#4020,#4021,#4022,
    #4023,#4024,#4025,#4026,#4027,#4028,#4029,#4030,#4031,#4032,#4033,
    #4034,#4035,#4036,#4037,#4038,#4039,#4040,#4041,#4042,#4043,#4044,
    #4045,#4046,#4047,#4048,#4049,#4050,#4051,#4052,#4053,#4054,#4055,
    #4056,#4057,#4058,#4059,#4060,#4061,#4062,#4063,#4064,#4065,#4066,
    #4067,#4068,#4069,#4070,#4071,#4072,#4073,#4074,#4075,#4076,#4077,
    #4078,#4079,#4080,#4081,#4082,#4083,#4084,#4085,#4086,#4087,#4088,
    #4089,#4090,#4091,#4092,#4093,#4094,#4095,#4096,#4097,#4098,#4099,
    #4100,#4101,#4102,#4103,#4104,#4105,#4106,#4107,#4108,#4109,#4110,
    #4111,#4112,#4113,#4114,#4115,#4116,#4117,#4118,#4119,#4120,#4121,
    #4122,#4123,#4124,#4125,#4126,#4127,#4128,#4129,#4130,#4131,#4132,
    #4133,#4134,#4135,#4136,#4137,#4138,#4139,#4140,#4141,#4142,#4143,
    #4144,#4145,#4146,#4147,#4148,#4149,#4150,#4151,#4152,#4153,#4154,
    #4155,#4156,#4157,#4158,#4159,#4160,#4161,#4162,#4163,#4164,#4165,
    #4166,#4167,#4168,#4169,#4170,#4171,#4172,#4173,#4174,#4175,#4176,
    #4177,#4178,#4179,#4180,#4181,#4182,#4183,#4184,#4185,#4186,#4187,
    #4188,#4189,#4190,#4191,#4192,#4193,#4194,#4195,#4196,#4197,#4198,
    #4199,#4200,#4201,#4202,#4203,#4204,#4205,#4206,#4207,#4208,#4209,
    #4210,#4211,#4212,#4213,#4214,#4215,#4216,#4217,#4218,#4219,#4220,
    #4221,#4222,#4223,#4224,#4225,#4226,#4227,#4228,#4229,#4230,#4231,
    #4232,#4233,#4234,#4235,#4236,#4237,#4238,#4239,#4240,#4241,#4242,
    #4243,#4244,#4245,#4246,#4247,#4248,#4249,#4250,#4251,#4252,#4253,
    #4254,#4255,#4256,#4257,#4258,#4259,#4260,#4261,#4262,#4263,#4264,
    #4265,#4266,#4267,#4268,#4269,#4270,#4271,#4272,#4273,#4274,#4275,
    #4276,#4277,#4278,#4279,#4280,#4281,#4282,#4283,#4284,#4285,#4286,
    #4287,#4288,#4289,#4290,#4291,#4292,#4293,#4294,#4295,#4296,#4297,
    #4298,#4299,#4300,#4301,#4302,#4303,#4304,#4305,#4306,#4307,#4308,
    #4309,#4310,#4311,#4312,#4313,#4314,#4315,#4316,#4317,#4318,#4319,
    #4320,#4321,#4322,#4323,#4324,#4325,#4326,#4327,#4328,#4329,#4330,
    #4331,#4332,#4333,#4334,#4335,#4336,#4337,#4338,#4339,#4340,#4341,
    #4342,#4343,#4344,#4345,#4346,#4347,#4348,#4349,#4350,#4351,#4352,
    #4353,#4354,#4355,#4356,#4357,#4358,#4359,#4360,#4361,#4362,#4363,
    #4364,#4365,#4366,#4367,#4368,#4369,#4370,#4371,#4372,#4373,#4374,
    #4375,#4376,#4377,#4378,#4379,#4380,#4381,#4382,#4383,#4384,#4385,
    #4386,#4387,#4388,#4389,#4390,#4391,#4392,#4393,#4394,#4395,#4396,
    #4397,#4398,#4399,#4400,#4401,#4402,#4403,#4404,#4405,#4406,#4407,
    #4408,#4409,#4410,#4411,#4412,#4413,#4414,#4415,#4416,#4417,#4418,
    #4419,#4420,#4421,#4422,#4423,#4424,#4425,#4426,#4427,#4428,#4429,
    #4430,#4431,#4432,#4433,#4434,#4435,#4436,#4437,#4438,#4439,#4440,
    #4441,#4442,#4443,#4444,#4445,#4446,#4447,#4448,#4449,#4450,#4451,
    #4452,#4453,#4454,#4455,#4456,#4457,#4458,#4459,#4460,#4461,#4462,
    #4463,#4464,#4465,#4466,#4467,#4468,#4469,#4470,#4471,#4472,#4473,
    #4474,#4475,#4476,#4477,#4478,#4479,#4480,#4481,#4482,#4483,#4484,
    #4485,#4486,#4487,#4488,#4489,#4490,#4491,#4492,#4493,#4494,#4495,
    #4496,#4497,#4498,#4499,#4500,#4501,#4502,#4503,#4504,#4505,#4506,
    #4507,#4508,#4509,#4510,#4511,#4512,#4513,#4514,#4515,#4516,#4517,
    #4518,#4519,#4520,#4521,#4522,#4523,#4524,#4525,#4526,#4527,#4528,
    #4529,#4530,#4531,#4532,#4533,#4534,#4535,#4536,#4537,#4538,#4539,
    #4540,#4541,#4542,#4543,#4544,#4545,#4546,#4547,#4548,#4549,#4550,
    #4551,#4552,#4553,#4554),.UNSPECIFIED.,.F.,.F.,(4,1,1,1,1,1,1,1,1,1,
    1,1,1,1,1,1,1,1,1,1,1,1,1,1,1,1,1,1,1,1,1,1,1,1,1,1,1,1,1,1,1,1,1,1,
    1,1,1,1,1,1,1,1,1,1,1,1,1,1,1,1,1,1,1,1,1,1,1,1,1,1,1,1,1,1,1,1,1,1,
    1,1,1,1,1,1,1,1,1,1,1,1,1,1,1,1,1,1,1,1,1,1,1,1,1,1,1,1,1,1,1,1,1,1,
    1,1,1,1,1,1,1,1,1,1,1,1,1,1,1,1,1,1,1,1,1,1,1,1,1,1,1,1,1,1,1,1,1,1,
    1,1,1,1,1,1,1,1,1,1,1,1,1,1,1,1,1,1,1,1,1,1,1,1,1,1,1,1,1,1,1,1,1,1,
    1,1,1,1,1,1,1,1,1,1,1,1,1,1,1,1,1,1,1,1,1,1,1,1,1,1,1,1,1,1,1,1,1,1,
    1,1,1,1,1,1,1,1,1,1,1,1,1,1,1,1,1,1,1,1,1,1,1,1,1,1,1,1,1,1,1,1,1,1,
    1,1,1,1,1,1,1,1,1,1,1,1,1,1,1,1,1,1,1,1,1,1,1,1,1,1,1,1,1,1,1,1,1,1,
    1,1,1,1,1,1,1,1,1,1,1,1,1,1,1,1,1,1,1,1,1,1,1,1,1,1,1,1,1,1,1,1,1,1,
    1,1,1,1,1,1,1,1,1,1,1,1,1,1,1,1,1,1,1,1,1,1,1,1,1,1,1,1,1,1,1,1,1,1,
    1,1,1,1,1,1,1,1,1,1,1,1,1,1,1,1,1,1,1,1,1,1,1,1,1,1,1,1,1,1,1,1,1,1,
    1,1,1,1,1,1,1,1,1,1,1,1,1,1,1,1,1,1,1,1,1,1,1,1,1,1,1,1,1,1,1,1,1,1,
    1,1,1,1,1,1,1,1,1,1,1,1,1,1,1,1,1,1,1,1,1,1,1,1,1,1,1,1,1,1,1,1,1,1,
    1,1,1,1,1,1,1,1,1,1,1,1,1,1,1,1,1,1,1,1,1,1,1,1,1,1,1,1,1,1,1,1,1,1,
    1,1,1,1,1,1,1,1,1,1,1,1,1,1,1,1,1,1,1,1,1,1,1,1,1,1,1,1,1,1,1,1,1,1,
    1,1,1,1,1,1,1,1,1,1,1,1,1,1,1,1,1,1,1,1,1,1,1,1,1,1,1,1,1,1,1,1,1,1,
    1,1,1,1,1,1,1,1,1,1,1,1,1,1,1,1,1,1,1,1,1,1,1,1,1,1,1,1,1,1,1,1,1,1,
    1,1,1,1,1,1,1,1,1,1,1,1,1,1,1,1,1,1,1,1,1,1,1,1,1,1,1,1,1,1,1,1,1,1,
    1,1,1,1,1,1,1,1,1,1,1,1,1,1,1,1,1,1,1,1,1,1,1,1,1,1,1,1,1,1,1,1,1,1,
    1,1,1,1,1,1,1,1,1,1,1,1,1,1,1,1,1,1,1,1,1,1,1,1,1,1,1,1,1,1,1,1,1,1,
    1,1,1,1,1,1,1,1,1,1,1,1,1,1,1,1,1,1,1,1,1,1,1,1,1,1,1,1,1,1,1,1,1,1,
    1,1,1,1,1,1,1,1,1,1,1,1,1,1,1,1,1,1,1,1,1,1,1,1,1,1,1,1,1,1,1,1,1,1,
    1,1,1,1,1,1,1,1,1,1,1,1,1,1,1,1,1,1,1,1,1,1,1,1,1,1,1,1,1,1,1,1,1,1,
    1,1,1,1,1,1,1,1,1,1,1,1,1,1,1,1,1,1,1,1,1,1,1,1,1,1,1,1,1,1,1,1,1,1,
    1,1,1,1,1,1,1,1,1,1,1,1,1,1,1,1,1,1,1,1,1,1,1,1,1,1,1,1,1,1,1,1,1,1,
    1,1,1,1,1,1,1,1,1,1,1,1,1,1,1,1,1,1,1,1,1,1,1,1,1,1,1,1,1,1,1,1,1,1,
    1,1,1,1,1,1,1,1,1,1,1,1,1,1,1,1,1,1,1,1,1,1,1,1,1,1,1,1,1,1,1,1,1,1,
    1,1,1,1,1,1,1,1,1,1,1,1,1,1,1,1,1,1,1,1,1,1,1,1,1,1,1,1,1,1,1,1,1,1,
    1,1,1,1,1,1,1,1,1,1,1,1,1,1,1,1,1,1,1,1,1,1,1,1,1,1,1,1,1,1,1,1,1,1,
    1,1,1,1,1,1,1,1,1,1,1,1,1,1,1,1,1,1,1,1,1,1,1,1,1,1,1,1,1,1,1,1,1,1,
    1,1,1,1,1,1,1,1,1,1,1,1,1,1,1,1,1,1,1,1,1,1,1,1,1,1,1,1,1,1,1,1,1,1,
    1,1,1,1,1,1,1,1,1,1,1,1,1,1,1,1,1,1,1,1,1,1,1,1,1,1,1,1,1,1,1,1,1,1,
    1,1,1,1,1,1,1,1,1,1,1,1,1,1,1,1,1,1,1,1,1,1,1,1,1,1,1,1,1,1,1,1,1,1,
    1,1,1,1,1,1,1,1,1,1,1,1,1,1,1,1,1,1,1,1,1,1,1,1,1,1,1,1,1,1,1,1,1,1,
    1,1,1,1,1,1,1,1,1,1,1,1,1,1,1,1,1,1,1,1,1,1,1,1,1,1,1,1,1,1,1,1,1,1,
    1,1,1,1,1,1,1,1,1,1,1,1,1,1,1,1,1,1,1,1,1,1,1,1,1,1,1,1,1,1,1,1,1,1,
    1,1,1,1,1,1,1,1,1,1,1,1,1,1,1,1,1,1,1,1,1,1,1,1,1,1,1,1,1,1,1,1,1,1,
    1,1,1,1,1,1,1,1,1,1,1,1,1,1,1,1,1,1,1,1,1,1,1,1,1,1,1,1,1,1,1,1,1,1,
    1,1,1,1,1,1,1,1,1,1,1,1,1,1,1,1,1,1,1,1,1,1,1,1,1,1,1,1,1,1,1,1,1,1,
    1,1,1,1,1,1,1,1,1,1,1,1,1,1,1,1,1,1,1,1,1,1,1,1,1,1,1,1,1,1,1,1,1,1,
    1,1,1,1,1,1,1,1,1,1,1,1,1,1,1,1,1,1,1,1,1,1,1,1,1,1,1,1,1,1,1,1,1,1,
    1,1,1,1,1,1,1,1,1,1,1,1,1,1,1,1,1,1,1,1,1,1,1,1,1,1,1,1,1,1,1,1,1,1,
    1,1,1,1,1,1,1,1,1,1,1,1,1,1,1,1,1,1,1,1,1,1,1,1,1,1,1,1,1,1,1,1,1,1,
    1,1,1,1,1,1,1,1,1,1,1,1,1,1,1,1,1,1,1,1,1,1,1,1,1,1,1,1,1,1,1,1,1,1,
    1,1,1,1,1,1,1,1,1,1,1,1,1,1,1,1,1,1,1,1,1,1,1,1,1,1,1,1,1,1,1,1,1,1,
    1,1,1,1,1,1,1,1,1,1,1,1,1,1,1,1,1,1,1,1,1,1,1,1,1,1,1,1,1,1,1,1,1,1,
    1,1,1,1,1,1,1,1,1,1,1,1,1,1,1,1,1,1,1,1,1,1,1,1,1,1,1,1,1,1,1,1,1,1,
    1,1,1,1,1,1,1,1,1,1,1,1,1,1,1,1,1,1,1,1,1,1,1,1,1,1,1,1,1,1,1,1,1,1,
    1,1,1,1,1,1,1,1,1,1,1,1,1,1,1,1,1,1,1,1,1,1,1,1,1,1,1,1,1,1,1,1,1,1,
    1,1,1,1,1,1,1,1,1,1,1,1,1,1,1,1,1,1,1,1,1,1,1,1,1,1,1,1,1,1,1,1,1,1,
    1,1,1,1,1,1,1,1,1,1,1,1,1,1,1,1,1,1,1,1,1,1,1,1,1,1,1,1,1,1,1,1,1,1,
    1,1,1,1,1,1,1,1,1,1,1,1,1,1,1,1,1,1,1,1,1,1,1,1,1,1,1,1,1,1,1,1,1,1,
    1,1,1,1,1,1,1,1,1,1,1,1,1,1,1,1,1,1,1,1,1,1,1,1,1,1,1,1,1,1,1,1,1,1,
    1,1,1,1,1,1,1,1,1,1,1,1,1,1,1,1,1,1,1,1,1,1,1,1,1,1,1,1,1,1,1,1,1,1,
    1,1,1,1,1,1,1,1,1,1,1,1,1,1,1,1,1,1,1,1,1,1,1,1,1,1,1,1,1,1,1,1,1,1,
    1,1,1,1,1,1,1,1,1,1,1,1,1,1,1,1,1,1,1,1,1,1,1,1,1,1,1,1,1,1,1,1,1,1,
    1,1,1,1,1,1,1,1,1,1,1,1,1,1,1,1,1,1,1,1,1,1,1,1,1,1,1,1,1,1,1,1,1,1,
    1,1,1,1,1,1,1,1,1,1,1,1,1,1,1,1,1,1,1,1,1,1,1,1,1,1,1,1,1,1,1,1,1,1,
    1,1,1,1,1,1,1,1,1,1,1,1,1,1,1,1,1,1,1,1,1,1,1,1,1,1,1,1,1,1,1,1,1,1,
    1,1,1,1,1,1,1,1,1,1,1,1,1,1,1,1,1,1,1,1,1,1,1,1,1,1,1,1,1,1,1,1,1,1,
    1,1,1,1,1,1,1,1,1,1,1,1,1,1,1,1,1,1,1,1,1,1,1,1,1,1,1,1,1,1,1,1,1,1,
    1,1,1,1,1,1,1,1,1,1,1,1,1,1,1,1,1,1,1,1,1,1,1,1,1,1,1,1,1,1,1,1,1,1,
    1,1,1,1,1,1,1,1,1,1,1,1,1,1,1,1,1,1,1,1,1,1,1,1,1,1,1,1,1,1,1,1,1,1,
    1,1,1,1,1,1,1,1,1,1,1,1,1,1,1,1,1,1,1,1,1,1,1,1,1,1,1,1,1,1,1,1,1,1,
    1,1,1,1,1,1,1,1,1,1,1,1,1,1,1,1,1,1,1,1,1,1,1,1,1,1,1,1,1,1,1,1,1,1,
    1,1,1,1,1,1,1,1,1,1,1,1,1,1,1,1,1,1,1,1,1,1,1,1,1,1,1,1,1,1,1,1,1,1,
    1,1,1,1,1,1,1,1,1,1,1,1,1,1,1,1,1,1,1,1,1,1,1,1,1,1,1,1,1,1,1,1,1,1,
    1,1,1,1,1,1,1,1,1,1,1,1,1,1,1,1,1,1,1,1,1,1,1,1,1,1,1,1,1,1,1,1,1,1,
    1,1,1,1,1,1,1,1,1,1,1,1,1,1,1,1,1,1,1,1,1,1,1,1,1,1,1,1,1,1,1,1,1,1,
    1,1,1,1,1,1,1,1,1,1,1,1,1,1,1,1,1,1,1,1,1,1,1,1,1,1,1,1,1,1,1,1,1,1,
    1,1,1,1,1,1,1,1,1,1,1,1,1,1,1,1,1,1,1,1,1,1,1,1,1,1,1,1,1,1,1,1,1,1,
    1,1,1,1,1,1,1,1,1,1,1,1,1,1,1,1,1,1,1,1,1,1,1,1,1,1,1,1,1,1,1,1,1,1,
    1,1,1,1,1,1,1,1,1,1,1,1,1,1,1,1,1,1,1,1,1,1,1,1,1,1,1,1,1,1,1,1,1,1,
    1,1,1,1,1,1,1,1,1,1,1,1,1,1,1,1,1,1,1,1,1,1,1,1,1,1,1,1,1,1,1,1,1,1,
    1,1,1,1,1,1,1,1,1,1,1,1,1,1,1,1,1,1,1,1,1,1,1,1,1,1,1,1,1,1,1,1,1,1,
    1,1,1,1,1,1,1,1,1,1,1,1,1,1,1,1,1,1,1,1,1,1,1,1,1,1,1,1,1,1,1,1,1,1,
    1,1,1,1,1,1,1,1,1,1,1,1,1,1,1,1,1,1,1,1,1,1,1,1,1,1,1,1,1,1,1,1,1,1,
    1,1,1,1,1,1,1,1,1,1,1,1,1,1,1,1,1,1,1,1,1,1,1,1,1,1,1,1,1,1,1,1,1,1,
    1,1,1,1,1,1,1,1,1,1,1,1,1,1,1,1,1,1,1,1,1,1,1,1,1,1,1,1,1,1,1,1,1,1,
    1,1,1,1,1,1,1,1,1,1,1,1,1,1,1,1,1,1,1,1,1,1,1,1,1,1,1,1,1,1,1,1,1,1,
    1,1,1,1,1,1,1,1,1,1,1,1,1,1,1,1,1,1,1,1,1,1,1,1,1,1,1,1,1,1,1,1,1,1,
    1,1,1,1,1,1,1,1,1,1,1,1,1,1,1,1,1,1,1,1,1,1,1,1,1,1,1,1,1,1,1,1,1,1,
    1,1,1,1,1,1,1,1,1,1,1,1,1,1,1,1,1,1,1,1,1,1,1,1,1,1,1,1,1,1,1,1,1,1,
    1,1,1,1,1,1,1,1,1,1,1,1,1,1,1,1,1,1,1,1,1,1,1,1,1,1,1,1,1,1,1,1,1,1,
    1,1,1,1,1,1,1,1,1,1,1,1,1,1,1,1,1,1,1,1,1,1,1,1,1,1,1,1,1,1,1,1,1,1,
    1,1,1,1,1,1,1,1,1,1,1,1,1,1,1,1,1,1,1,1,1,1,1,1,1,1,1,1,1,1,1,1,1,1,
    1,1,1,1,1,1,1,1,1,1,1,1,1,1,1,1,1,1,1,1,1,1,1,1,1,1,1,1,1,1,1,1,1,1,
    1,1,1,1,1,1,1,1,1,1,1,1,1,1,1,1,1,1,1,1,1,1,1,1,1,1,1,1,1,1,1,1,1,1,
    1,1,1,1,1,1,1,1,1,1,1,1,1,1,1,1,1,1,1,1,1,1,1,1,1,1,1,1,1,1,1,1,1,1,
    1,1,1,1,1,1,1,1,1,1,1,1,1,1,1,1,1,1,1,1,1,1,1,1,1,1,1,1,1,1,1,1,1,1,
    1,1,1,1,1,1,1,1,1,1,1,1,1,1,1,1,1,1,1,1,1,1,1,1,1,1,1,1,1,1,1,1,1,1,
    1,1,1,1,1,1,1,1,1,1,1,1,1,1,1,1,1,1,1,1,1,1,1,1,1,1,1,1,1,1,1,1,1,1,
    1,1,1,1,1,1,1,1,1,1,1,1,1,1,1,1,1,1,1,1,1,1,1,1,1,1,1,1,1,1,1,1,1,1,
    1,1,1,1,1,1,1,1,1,1,1,1,1,1,1,1,1,1,1,1,1,1,1,1,1,1,1,1,1,1,1,1,1,1,
    1,1,1,1,1,1,1,1,1,1,1,1,1,1,1,1,1,1,1,1,1,1,1,1,1,1,1,1,1,1,1,1,1,1,
    1,1,1,1,1,1,1,1,1,1,1,1,1,1,1,1,1,1,1,1,1,1,1,1,1,1,1,1,1,1,1,1,1,1,
    1,1,1,1,1,1,1,1,1,1,1,1,1,1,1,1,1,1,1,1,1,1,1,1,1,1,1,1,1,1,1,1,1,1,
    1,1,1,1,1,1,1,1,1,1,1,1,1,1,1,1,1,1,1,1,1,1,1,1,1,1,1,1,1,1,1,1,1,1,
    1,1,1,1,1,1,1,1,1,1,1,1,1,1,1,1,1,1,1,1,1,1,1,1,1,1,1,1,1,1,1,1,1,1,
    1,1,1,1,1,1,1,1,1,1,1,1,1,1,1,1,1,1,1,1,1,1,1,1,1,1,1,1,1,1,1,1,1,1,
    1,1,1,1,1,1,1,1,1,1,1,1,1,1,1,1,1,1,1,1,1,1,1,1,1,1,1,1,1,1,1,1,1,1,
    1,1,1,1,1,1,1,1,1,1,1,1,1,1,1,1,1,1,1,1,1,1,1,1,1,1,1,1,1,1,1,1,1,1,
    1,1,1,1,1,1,1,1,1,1,1,1,1,1,1,1,1,1,1,1,1,1,1,1,1,1,1,1,1,1,1,1,1,1,
    1,1,1,1,1,1,1,1,1,1,1,1,1,1,1,1,1,1,1,1,1,1,1,1,1,1,1,1,1,1,1,1,1,1,
    1,1,1,1,1,1,1,1,1,1,1,1,1,1,1,1,1,1,1,1,1,1,1,1,1,1,1,1,1,1,1,1,1,1,
    1,1,1,1,1,1,1,1,1,1,1,1,1,1,1,1,1,1,1,1,1,1,1,1,1,1,1,1,1,1,1,1,1,1,
    1,1,1,1,1,1,1,1,1,1,1,1,1,1,1,1,1,1,1,1,1,1,1,1,1,1,1,1,1,1,1,1,1,1,
    1,1,1,1,1,1,1,1,1,1,1,1,1,1,1,1,1,1,1,1,1,1,1,1,1,1,1,1,1,1,1,1,1,1,
    1,1,1,1,1,1,1,1,1,1,1,1,1,1,1,1,1,1,1,1,1,1,1,1,1,1,1,1,1,1,1,1,1,1,
    1,1,1,1,1,1,1,1,1,1,1,1,1,1,1,1,1,1,1,1,1,1,1,1,1,1,1,1,1,1,1,1,1,1,
    1,1,1,1,1,1,1,1,1,1,1,1,1,1,1,1,1,1,1,1,1,1,1,1,1,1,1,1,1,1,1,1,1,1,
    1,1,1,1,1,1,1,1,1,1,1,1,1,1,1,1,1,1,1,1,1,1,1,1,1,1,1,1,1,1,1,1,1,1,
    1,1,1,1,1,1,1,1,1,1,1,1,1,1,1,1,1,1,1,1,1,1,1,1,1,1,1,1,1,1,1,1,1,1,
    1,1,1,1,1,1,1,1,1,1,1,1,1,1,1,1,1,1,1,1,1,1,1,1,1,1,1,1,1,1,1,1,1,1,
    1,1,1,1,1,1,1,1,1,1,1,1,1,1,1,1,1,1,1,1,1,1,1,1,1,1,1,1,1,1,1,1,1,1,
    1,1,1,1,1,1,1,1,1,1,1,1,1,1,1,1,1,1,1,1,1,1,1,1,1,1,1,1,1,1,1,1,1,1,
    1,1,1,1,1,1,1,1,1,1,1,1,1,1,1,1,1,1,1,1,1,1,1,1,1,1,1,1,1,1,1,1,1,1,
    1,1,1,1,1,1,1,1,1,1,1,1,1,1,1,1,1,1,1,1,1,1,1,1,1,1,1,1,1,1,1,1,1,1,
    1,1,1,1,1,1,1,1,1,1,1,1,1,1,1,1,1,1,1,1,1,1,1,1,1,1,1,1,1,1,1,1,1,1,
    1,1,1,1,1,1,1,1,1,1,1,1,1,1,1,1,1,1,1,1,1,1,1,1,1,1,1,1,1,1,1,1,1,1,
    1,1,1,1,1,1,1,1,1,1,1,1,1,1,1,1,1,1,1,1,1,1,1,1,1,1,1,1,1,1,1,1,1,1,
    1,1,1,1,1,1,1,1,1,1,1,1,1,1,1,1,1,1,1,1,1,1,1,1,1,1,1,1,1,1,1,1,1,1,
    1,1,1,1,1,1,1,1,1,1,1,1,1,1,1,1,1,1,1,1,1,1,1,1,1,1,1,1,1,1,1,1,1,1,
    1,1,1,1,1,1,1,1,1,1,1,1,1,1,1,1,1,1,1,1,1,1,1,1,1,1,1,1,1,1,1,1,1,1,
    1,1,1,1,1,1,1,1,1,1,1,1,1,1,1,1,1,1,1,1,1,1,1,1,1,1,1,1,1,1,1,1,1,1,
    1,1,1,1,1,1,1,1,1,1,1,1,1,1,1,1,1,1,1,1,1,1,1,1,1,1,1,1,1,1,1,1,1,1,
    1,1,1,1,1,1,1,1,1,1,1,1,1,1,1,1,1,1,1,1,1,1,1,1,1,1,1,1,1,1,1,1,1,1,
    1,1,1,1,1,1,1,1,1,1,1,1,1,1,1,1,1,1,1,1,1,1,1,1,1,1,1,1,1,1,1,1,1,1,
    1,1,1,1,1,1,1,1,1,1,1,1,1,1,1,1,1,1,1,1,1,1,1,1,1,1,1,1,1,1,1,1,1,1,
    1,1,1,1,1,1,1,1,1,1,1,1,1,1,1,1,1,1,1,1,1,1,1,1,1,1,1,1,1,1,1,1,1,1,
    1,1,1,1,1,1,1,1,1,1,1,1,1,1,1,1,1,1,1,1,1,1,1,1,1,1,1,1,1,1,1,1,1,1,
    1,1,1,1,1,1,1,1,1,1,1,1,1,1,1,1,1,1,1,1,1,1,1,1,1,1,1,1,1,1,1,1,1,1,
    1,1,1,1,1,1,1,1,1,1,1,1,1,1,4),(0.,9.247728489405E-02,0.184955116343
    ,0.277434040893,0.369914605074,0.462397355387,0.554882838303,
    0.647371600247,0.739864187592,0.832361146652,0.924863023671,
    1.017370364818,1.109883716172,1.202403623719,1.294930633344,
    1.387465290816,1.480008141787,1.572559731778,1.665120606174,
    1.757691310213,1.850272388979,1.942864387393,2.035467850203,
    2.12808332198,2.220711347104,2.31335246976,2.406007233926,
    2.498676183368,2.59135986163,2.684058812023,2.776773577623,
    2.869504701256,2.962252725495,3.055018192648,3.147801644751,
    3.240603623561,3.333424670546,3.426265326877,3.519126133422,
    3.612007630735,3.704910359049,3.79783485827,3.890781667965,
    3.983751327357,4.076744375316,4.16976135035,4.2628027906,
    4.35586923383,4.448961217418,4.542079278352,4.635223953217,
    4.728395778192,4.821595289041,4.914823021102,5.008079509285,
    5.101365288059,5.194680891448,5.288026853023,5.381403705893,
    5.474811982697,5.568252215601,5.661724936284,5.755230675937,
    5.848769965252,5.942343334415,6.0359513131,6.12959443046,
    6.223273215124,6.316988195184,6.410739898193,6.504528851154,
    6.598355580516,6.692220612167,6.786124471424,6.880067683031,
    6.974050771147,7.068074259345,7.162138670598,7.256244527281,
    7.350392351156,7.444582663372,7.538815984456,7.633092834305,
    7.727413732181,7.821779196708,7.916189745857,8.010645896951,
    8.105148166649,8.199697070946,8.294293125163,8.388936843945,
    8.483628741251,8.578369330351,8.673159123818,8.767998633524,
    8.862888370634,8.957828845597,9.052820568146,9.147864047289,
    9.242959791301,9.338108307725,9.433310103361,9.528565684262,
    9.62387555573,9.719240222311,9.814660187786,9.910135955171,
    10.005668026708,10.101256903861,10.196903087312,10.292607076955,
    10.388369371893,10.484190470428,10.580070870062,10.676011067492,
    10.7720115586,10.868072838453,10.964195401299,11.060379740557,
    11.156626348821,11.252935717846,11.349308338553,11.445744701016,
    11.542245294467,11.638810607282,11.735441126985,11.832137340241,
    11.928899732849,12.025728789743,12.122624994985,12.219588831764,
    12.316620782389,12.413721328286,12.510890949995,12.608130127169,
    12.705439338565,12.802819062046,12.900269774572,12.997791952202,
    13.095386070088,13.193052602472,13.290792022681,13.38860480313,
    13.48649141531,13.584452329792,13.682488016222,13.780598943317,
    13.878785578864,13.977048389713,14.075387841782,14.173804400045,
    14.272298528537,14.370870690348,14.469521347619,14.568250961545,
    14.667059992365,14.765948899367,14.864918140879,14.963968174272,
    15.063099455957,15.162312441379,15.26160758502,15.360985340392,
    15.460446160039,15.559990495534,15.659618797476,15.759331515488,
    15.859129098219,15.959011993336,16.058980647526,16.159035506497,
    16.25917701497,16.359405616683,16.459721754386,16.560125869841,
    16.660618403823,16.761199796113,16.861870485502,16.962630909786,
    17.063481505769,17.164422709257,17.265454955061,17.366578676993,
    17.467794307867,17.569102279497,17.670503022696,17.771996967277,
    17.87358454205,17.975266174821,18.077042292394,18.178913320566,
    18.280879684132,18.38294180688,18.485100111591,18.58735502004,
    18.689706952996,18.79215633022,18.894703570463,18.997349091471,
    19.100093309979,19.202936641715,19.305879501397,19.408922302734,
    19.512065458427,19.615309380167,19.718654478636,19.822101163505,
    19.925649843438,20.029300926089,20.133054818104,20.236911925119,
    20.34087265176,20.444937401649,20.549106577396,20.653380580604,
    20.75775981187,20.862244670783,20.966835555924,21.071532864872,
    21.176336994196,21.281248339463,21.386267295232,21.491394255063,
    21.596629611509,21.70197375612,21.807427079449,21.912989971041,
    22.018662819447,22.124446012214,22.230339935892,22.336344976035,
    22.442461517196,22.548689942936,22.655030635818,22.761483977413,
    22.868050348299,22.97473012806,23.081523695292,23.188431427599,
    23.295453701597,23.402590892916,23.509843376198,23.617211525102,
    23.724695712301,23.832296309486,23.94001368737,24.047848215682,
    24.155800263175,24.263870197626,24.372058385833,24.480365193622,
    24.588790985848,24.697336126392,24.806000978166,24.914785903115,
    25.023691262217,25.132717415485,25.145349601529,25.163712700735,
    25.182078540189,25.200447120623,25.218818442718,25.237192507245,
    25.255569314893,25.273948866373,25.292331162372,25.310716203629,
    25.329103990866,25.347494524716,25.365887805972,25.384283835275,
    25.4026826133,25.421084140768,25.439488418375,25.457895446781,
    25.476305226658,25.494717758772,25.513133043702,25.531551082159,
    25.549971874836,25.568395422358,25.586821725423,25.605250784684,
    25.623682600827,25.642117174492,25.66055450633,25.678994596994,
    25.697437447148,25.715883057435,25.734331428482,25.752782560981,
    25.771236455536,25.789693112779,25.808152533364,25.826614717917,
    25.845079667062,25.863547381434,25.882017861674,25.900491108364,
    25.91896712216,25.937445903677,25.955927453507,25.974411772273,
    25.992898860549,26.011388719026,26.029881348267,26.048376748853,
    26.066874921377,26.08537586647,26.103879584715,26.122386076673,
    26.140895343004,26.159407384216,26.177922200939,26.19643979372,
    26.214960163171,26.233483309867,26.252009234332,26.270537937217,
    26.289069419028,26.307603680337,26.326140721751,26.344680543768,
    26.363223146997,26.381768531974,26.400316699246,26.418867649369,
    26.43742138288,26.455977900366,26.474537202316,26.493099289306,
    26.511664161857,26.530231820511,26.548802265816,26.567375498244,
    26.585951518384,26.604530326773,26.623111923885,26.64169631024,
    26.660283486394,26.678873452848,26.697466210075,26.716061758645,
    26.734660099066,26.753261231795,26.77186515736,26.790471876279,
    26.809081389002,26.827693696049,26.846308797961,26.86492669517,
    26.883547388169,26.902170877468,26.920797163532,26.939426246856,
    26.958058127898,26.97669280716,26.995330285104,27.013970562205,
    27.032613638908,27.051259515702,27.069908193064,27.088559671414,
    27.107213951273,27.125871033044,27.144530917185,27.163193604178,
    27.181859094451,27.200527388439,27.219198486607,27.237872389425,
    27.256549097277,27.275228610627,27.293910929919,27.312596055555,
    27.331283988006,27.349974727672,27.368668274981,27.38736463036,
    27.406063794225,27.42476576702,27.44347054914,27.462178140988,
    27.480888542988,27.499601755567,27.518317779095,27.537036614001,
    27.555758260676,27.574482719522,27.593209990951,27.611940075327,
    27.630672973086,27.649408684587,27.6681472102,27.686888550354,
    27.705632705411,27.724379675768,27.743129461772,27.761882063802,
    27.780637482273,27.799395717531,27.81815676995,27.836920639875,
    27.855687327688,27.874456833749,27.893229158422,27.912004302082,
    27.930782265065,27.949563047701,27.968346650369,27.987133073429,
    28.005922317205,28.024714382048,28.043509268301,28.062306976303,
    28.081107506395,28.09991085889,28.118717034154,28.137526032506,
    28.156337854264,28.175152499775,28.193969969322,28.212790263271,
    28.231613381918,28.250439325584,28.269268094591,28.288099689235,
    28.306934109848,28.325771356712,28.344611430173,28.363454330485,
    28.382300057966,28.401148612947,28.419999995689,28.438854206491,
    28.45771124567,28.476571113493,28.495433810229,28.514299336224,
    28.533167691715,28.552038876982,28.570912892327,28.589789738001,
    28.608669414317,28.627551921524,28.64643725987,28.665325429665,
    28.68421643115,28.7031102646,28.722006930262,28.740906428423,
    28.759808759329,28.778713923194,28.797621920317,28.816532750944,
    28.835446415341,28.854362913714,28.873282246298,28.892204413406,
    28.91112941521,28.930057251958,28.948987923923,28.967921431315,
    28.986857774347,29.005796953278,29.024738968327,29.043683819694,
    29.062631507648,29.08158203238,29.100535394114,29.119491593066,
    29.138450629445,29.157412503476,29.176377215357,29.195344765298,
    29.214315153515,29.233288380214,29.252264445574,29.271243349802,
    29.290225093122,29.309209675695,29.32819709774,29.347187359438,
    29.366180460966,29.385176402515,29.40417518429,29.423176806466,
    29.442181269201,29.461188572715,29.48019871715,29.499211702684,
    29.518227529498,29.53724619777,29.556267707663,29.575292059322,
    29.594319252949,29.613349288685,29.632382166681,29.651417887108,
    29.670456450124,29.689497855885,29.708542104523,29.727589196209,
    29.746639131098,29.765691909302,29.784747530984,29.803805996293,
    29.822867305366,29.841931458326,29.860998455325,29.880068296496,
    29.899140981956,29.918216511837,29.937294886291,29.956376105437,
    29.975460169361,29.994547078228,30.013636832135,30.032729431201,
    30.05182487557,30.070923165302,30.090024300549,30.109128281422,
    30.128235107994,30.147344780408,30.16645729875,30.185572663132,
    30.204690873645,30.223811930376,30.242935833446,30.262062582929,
    30.281192178919,30.300324621527,30.319459910806,30.33859804686,
    30.357739029802,30.376882859669,30.396029536534,30.415179060514,
    30.434331431675,30.453486650087,30.472644715813,30.491805628932,
    30.510969389518,30.530135997632,30.549305453329,30.568477756681,
    30.587652907758,30.606830906585,30.62601175325,30.645195447812,
    30.664381990316,30.683571380804,30.702763619323,30.721958705933,
    30.741156640668,30.760357423584,30.779561054705,30.798767534096,
    30.817976861768,30.837189037763,30.85640406215,30.875621934901,
    30.894842656079,30.914066225726,30.93329264384,30.952521910463,
    30.971754025607,30.990988989291,31.010226801565,31.029467462411,
    31.048710971847,31.0679573299,31.087206536561,31.106458591869,
    31.12571349582,31.144971248411,31.164231849634,31.183495299531,
    31.202761598084,31.222030745268,31.241302741105,31.260577585572,
    31.279855278678,31.299135820426,31.318419210769,31.337705449706,
    31.356994537254,31.376286473354,31.395581258011,31.414878891202,
    31.434179372884,31.453482703086,31.472788881732,31.492097908803,
    31.511409784301,31.530724508158,31.550042080344,31.569362500837,
    31.588685769627,31.60801188662,31.627340851822,31.646672665174,
    31.666007326611,31.685344836135,31.704685193661,31.72402839916,
    31.743374452549,31.762723353817,31.78207510291,31.801429699732,
    31.820787144246,31.840147436393,31.859510576145,31.878876563376,
    31.898245398039,31.91761708011,31.936991609485,31.956368986092,
    31.975749209853,31.995132280732,32.014518198618,32.033906963441,
    32.053298575143,32.072693033612,32.092090338774,32.111490490546,
    32.130893488873,32.150299333638,32.169708024732,32.189119562096,
    32.208533945633,32.227951175236,32.247371250811,32.266794172269,
    32.286219939525,32.305648552441,32.325080010916,32.344514314886,
    32.363951464215,32.383391458782,32.402834298494,32.42227998325,
    32.441728512918,32.461179887382,32.480634106543,32.50009117029,
    32.519551078457,32.539013830945,32.558479427653,32.577947868433,
    32.597419153164,32.616893281705,32.636370253957,32.655850069759,
    32.675332728969,32.694818231483,32.71430657715,32.733797765834,
    32.753291797362,32.772788671645,32.792288388526,32.81179094782,
    32.831296349425,32.850804593176,32.870315678926,32.889829606502,
    32.909346375774,32.928865986596,32.948388438779,32.96791373218,
    32.987441866637,33.006972842008,33.026506658093,33.046043314736,
    33.065582811801,33.085125149097,33.104670326444,33.124218343678,
    33.143769200643,33.163322897148,33.182879433001,33.202438808035,
    33.222001022098,33.241566074981,33.261133966503,33.280704696496,
    33.300278264756,33.319854671082,33.339433915301,33.359015997232,
    33.378600916679,33.398188673438,33.417779267308,33.437372698106,
    33.456968965642,33.476568069681,33.496170010038,33.515774786518,
    33.535382398908,33.554992847004,33.574606130589,33.594222249463,
    33.613841203415,33.633462992222,33.653087615675,33.672715073551,
    33.692345365642,33.711978491729,33.731614451581,33.75125324498,
    33.770894871695,33.790539331528,33.810186624211,33.829836749529,
    33.849489707277,33.869145497187,33.888804119048,33.908465572617,
    33.928129857658,33.947796973941,33.967466921219,33.987139699238,
    34.006815307761,34.026493746585,34.046175015402,34.065859113984,
    34.085546042121,34.105235799515,34.124928385934,34.144623801115,
    34.164322044805,34.184023116759,34.203727016707,34.223433744398,
    34.243143299579,34.262855681968,34.282570891291,34.302288927319,
    34.322009789759,34.341733478348,34.361459992817,34.381189332909,
    34.40092149834,34.420656488792,34.440394304056,34.460134943834,
    34.479878407837,34.49962469579,34.5193738074,34.539125742406,
    34.558880500482,34.578638081392,34.59839848483,34.618161710486,
    34.637927758098,34.65769662736,34.677468317973,34.697242829646,
    34.717020162103,34.736800315018,34.756583288093,34.776369081045,
    34.796157693547,34.815949125334,34.83574337606,34.855540445428,
    34.87534033316,34.895143038895,34.914948562376,34.934756903258,
    34.954568061218,34.974382035959,34.994198827167,35.014018434517,
    35.033840857679,35.053666096351,35.073494150198,35.093325018921,
    35.113158702154,35.132995199582,35.152834510903,35.172676635753,
    35.192521573828,35.212369324776,35.232219888274,35.252073263984,
    35.27192945157,35.291788450691,35.311650260999,35.33151488218,
    35.351382313866,35.371252555723,35.391125607416,35.411001468581,
    35.430880138861,35.450761617931,35.470645905444,35.490533001021,
    35.51042290433,35.530315615014,35.550211132707,35.570109457067,
    35.590010587698,35.609914524288,35.629821266451,35.649730813807,
    35.669643166039,35.689558322747,35.709476283559,35.729397048113,
    35.749320616059,35.769246987008,35.789176160581,35.809108136421,
    35.829042914122,35.848980493353,35.868920873713,35.888864054821,
    35.90881003631,35.928758817756,35.948710398814,35.968664779086,
    35.988621958208,36.008581935756,36.028544711371,36.048510284672,
    36.068478655206,36.088449822648,36.108423786575,36.128400546592,
    36.148380102301,36.168362453303,36.188347599223,36.208335539609,
    36.228326274117,36.248319802315,36.268316123797,36.288315238161,
    36.308317144991,36.328321843911,36.348329334453,36.368339616257,
    36.3883526889,36.408368551957,36.428387205025,36.448408647665,
    36.468432879473,36.488459900044,36.508489708956,36.528522305749,
    36.548557690035,36.5685958614,36.588636819391,36.6086805636,
    36.628727093582,36.648776408915,36.668828509177,36.688883393942,
    36.708941062742,36.729001515166,36.749064750807,36.769130769165,
    36.789199569853,36.809271152419,36.829345516396,36.849422661387,
    36.869502586922,36.889585292556,36.909670777851,36.929759042348,
    36.949850085614,36.969943907184,36.990040506629,37.0101398835,
    37.030242037302,37.050346967613,37.070454673977,37.090565155936,
    37.110678413016,37.130794444776,37.150913250753,37.171034830465,
    37.191159183483,37.211286309324,37.23141620751,37.251548877588,
    37.271684319112,37.291822531568,37.311963514508,37.332107267479,
    37.352253789961,37.372403081516,37.392555141682,37.412709969957,
    37.432867565859,37.453027928914,37.473191058647,37.49335695459,
    37.513525616237,37.533697043109,37.553871234731,37.574048190604,
    37.594227910267,37.614410393202,37.634595638916,37.654783646941,
    37.674974416788,37.695167947953,37.715364239932,37.735563292228,
    37.755765104354,37.775969675834,37.796177006141,37.816387094765,
    37.836599941229,37.856815545031,37.877033905637,37.897255022574,
    37.917478895339,37.937705523384,37.957934906241,37.978167043377,
    37.998401934293,38.018639578481,38.038879975406,38.059123124583,
    38.079369025479,38.099617677572,38.119869080352,38.14012323331,
    38.160380135914,38.180639787639,38.200902187969,38.221167336388,
    38.241435232365,38.261705875359,38.281979264857,38.302255400332,
    38.32253428127,38.342815907105,38.363100277331,38.38338739141,
    38.403677248792,38.423969848982,38.444265191397,38.464563275531,
    38.484864100836,38.505167666768,38.525473972794,38.54578301838,
    38.566094802958,38.586409325986,38.606726586973,38.627046585316,
    38.647369320481,38.667694791909,38.688022999067,38.708353941416,
    38.728687618381,38.749024029411,38.769363173966,38.7897050515,
    38.810049661424,38.830397003198,38.850747076264,38.87109988006,
    38.891455414035,38.911813677621,38.932174670252,38.952538391366,
    38.972904840405,38.993274016789,39.01364591996,39.034020549363,
    39.054397904398,39.074777984515,39.095160789153,39.115546317717,
    39.135934569641,39.156325544372,39.176719241298,39.197115659842,
    39.217514799465,39.237916659565,39.258321239572,39.278728538888,
    39.299138556937,39.319551293158,39.339966746926,39.36038491769,
    39.380805804863,39.40122940783,39.421655726015,39.442084758844,
    39.462516505711,39.482950966036,39.50338813922,39.523828024658,
    39.544270621781,39.564715929983,39.58516394864,39.605614677192,
    39.626068115036,39.646524261546,39.666983116146,39.687444678229,
    39.707908947184,39.728375922422,39.748845603331,39.769317989282,
    39.78979307969,39.810270873973,39.830751371474,39.851234571595,
    39.871720473759,39.892209077314,39.912700381651,39.933194386188,
    39.953691090274,39.974190493307,39.994692594685,40.015197393769,
    40.035704889947,40.056215082584,40.076727971073,40.097243554814,
    40.117761833139,40.13828280545,40.158806471134,40.17933282955,
    40.199861880059,40.220393622036,40.240928054862,40.261465177916,
    40.282004990551,40.302547492135,40.323092682053,40.343640559647,
    40.36419112429,40.384744375346,40.40530031219,40.42585893417,
    40.446420240648,40.466984230989,40.48755090455,40.508120260703,
    40.528692298778,40.549267018152,40.569844418172,40.590424498185,
    40.611007257567,40.631592695652,40.65218081179,40.672771605334,
    40.693365075652,40.713961222053,40.734560043929,40.755161540608,
    40.775765711425,40.796372555738,40.816982072872,40.83759426218,
    40.858209123016,40.878826654748,40.899446856651,40.920069728076,
    40.940695268409,40.961323476937,40.981954353012,41.002587895983,
    41.023224105168,41.043862979911,41.064504519555,41.085148723395,
    41.105795590787,41.12644512106,41.147097313523,41.167752167546,
    41.188409682421,41.209069857463,41.229732692029,41.25039818545,
    41.27106633702,41.291737146053,41.312410611902,41.333086733873,
    41.353765511269,41.374446943443,41.395131029704,41.415817769351,
    41.436507161696,41.45719920608,41.477893901798,41.498591248163,
    41.519291244506,41.539993890129,41.560699184316,41.581407126412,
    41.60211771572,41.622830951524,41.643546833149,41.664265359914,
    41.6849865311,41.705710346011,41.726436803973,41.74716590427,
    41.767897646194,41.788632029078,41.809369052209,41.830108714862,
    41.850851016349,41.871595955973,41.892343533049,41.913093746834,
    41.93384659663,41.954602081762,41.975360201488,41.996120955109,
    42.016884341928,42.037650361229,42.058419012289,42.079190294391,
    42.099964206871,42.120740748977,42.14151991997,42.162301719174,
    42.183086145878,42.203873199332,42.224662878839,42.245455183699,
    42.266250113156,42.287047666504,42.307847843015,42.32865064199,
    42.349456062676,42.370264104356,42.391074766345,42.411888047862,
    42.432703948204,42.453522466653,42.474343602468,42.495167354927,
    42.515993723294,42.536822706844,42.55765430484,42.57848851655,
    42.599325341254,42.620164778215,42.641006826673,42.661851485924,
    42.682698755219,42.703548633811,42.724401120981,42.745256215983,
    42.766113918067,42.786974226501,42.807837140549,42.828702659457,
    42.849570782489,42.870441508899,42.891314837962,42.912190768898,
    42.933069300978,42.953950433451,42.974834165587,42.995720496617,
    43.016609425782,43.037500952368,43.058395075588,43.079291794701,
    43.100191108963,43.121093017623,43.141997519926,43.16290461509,
    43.18381430239,43.204726581057,43.225641450339,43.246558909474,
    43.267478957701,43.288401594249,43.309326818369,43.330254629324,
    43.351185026319,43.372118008586,43.39305357539,43.413991725947,
    43.434932459474,43.455875775262,43.476821672506,43.497770150415,
    43.51872120826,43.539674845258,43.56063106064,43.581589853633,
    43.602551223469,43.623515169363,43.64448169055,43.665450786278,
    43.686422455741,43.707396698181,43.728373512804,43.749352898823,
    43.770334855512,43.791319382058,43.812306477668,43.833296141588,
    43.854288373039,43.87528317122,43.89628053534,43.917280464652,
    43.938282958358,43.959288015645,43.980295635757,44.001305817919,
    44.022318561301,44.043333865151,44.064351728685,44.085372151077,
    44.106395131561,44.127420669348,44.148448763652,44.16947941366,
    44.190512618585,44.211548377652,44.23258669005,44.253627554974,
    44.27467097166,44.295716939274,44.316765457034,44.337816524172,
    44.358870139844,44.379926303257,44.400985013639,44.422046270181,
    44.443110072059,44.46417641847,44.485245308641,44.506316741755,
    44.527390716993,44.548467233567,44.569546290658,44.590627887473,
    44.611712023193,44.632798697,44.653887908109,44.674979655712,
    44.696073938979,44.7171707571,44.738270109278,44.759371994672,
    44.780476412501,44.801583361956,44.822692842183,44.843804852379,
    44.864919391755,44.886036459478,44.907156054718,44.928278176664,
    44.949402824524,44.970529997437,44.991659694582,45.012791915192,
    45.033926658397,45.055063923369,45.076203709318,45.097346015407,
    45.118490840807,45.139638184703,45.16078804625,45.181940424627,
    45.203095319014,45.224252728604,45.245412652544,45.26657508998,
    45.287740040109,45.30890750213,45.33007747517,45.351249958383,
    45.372424950986,45.393602452128,45.414782460958,45.435964976634,
    45.45714999836,45.478337525273,45.49952755652,45.520720091324,
    45.541915128789,45.563112668068,45.584312708376,45.605515248842,
    45.626720288621,45.647927826883,45.66913786278,45.690350395483,
    45.711565424113,45.732782947852,45.754002965864,45.775225477278,
    45.79645048128,45.817677976979,45.838907963571,45.860140440191,
    45.881375405972,45.902612860092,45.923852801692,45.945095229913,
    45.966340143911,45.98758754284,46.008837425845,46.030089792072,
    46.051344640647,46.072601970734,46.093861781477,46.115124072025,
    46.136388841521,46.157656089082,46.178925813864,46.200198015045,
    46.221472691738,46.242749843046,46.264029468159,46.285311566209,
    46.306596136313,46.327883177638,46.349172689306,46.370464670429,
    46.391759120165,46.413056037672,46.434355422064,46.455657272467,
    46.476961588023,46.498268367849,46.519577611102,46.540889316898,
    46.562203484376,46.583520112668,46.604839200889,46.626160748178,
    46.64748475367,46.668811216483,46.690140135747,46.711471510589,
    46.732805340114,46.754141623489,46.775480359823,46.796821548205,
    46.818165187803,46.839511277734,46.860859817108,46.882210805039,
    46.903564240656,46.924920123103,46.946278451465,46.967639224868,
    46.989002442442,47.01036810331,47.031736206568,47.053106751348,
    47.074479736769,47.095855161941,47.117233025968,47.138613327982,
    47.159996067095,47.181381242401,47.202768853033,47.224158898111,
    47.245551376732,47.266946287999,47.288343631031,47.309743404923,
    47.331145608806,47.352550241797,47.373957303003,47.395366791495,
    47.416778706377,47.438193046814,47.459609811886,47.48102900065,
    47.502450612276,47.523874645852,47.545301100436,47.566729975207,
    47.588161269222,47.60959498155,47.631031111375,47.652469657729,
    47.673910619716,47.695353996495,47.716799787106,47.738247990658,
    47.759698606264,47.781151633024,47.802607069994,47.824064916323,
    47.845525171084,47.866987833345,47.888452902256,47.909920376882,
    47.931390256302,47.952862539613,47.974337225933,47.99581431433,
    48.017293803889,48.038775693722,48.060259982931,48.08174667057,
    48.10323575572,48.124727237513,48.146221115015,48.167717387301,
    48.189216053482,48.210717112627,48.23222056381,48.253726406159,
    48.275234638718,48.296745260572,48.318258270839,48.339773668557,
    48.36129145284,48.382811622757,48.404334177394,48.425859115838,
    48.447386437153,48.468916140434,48.490448224739,48.511982689167,
    48.533519532786,48.55505875467,48.576600353924,48.59814432958,
    48.619690680727,48.641239406477,48.662790505884,48.684343977984,
    48.705899821889,48.72745803668,48.749018621414,48.770581575142,
    48.792146896964,48.813714585956,48.835284641177,48.856857061702,
    48.878431846588,48.900008994908,48.92158850573,48.943170378143,
    48.964754611204,48.986341203952,49.007930155482,49.02952146487,
    49.051115131143,49.072711153383,49.094309530691,49.115910262075,
    49.137513346615,49.159118783403,49.180726571474,49.202336709894,
    49.223949197718,49.245564034017,49.26718121786,49.288800748299,
    49.310422624377,49.332046845182,49.353673409748,49.375302317134,
    49.396933566414,49.418567156637,49.440203086858,49.461841356129,
    49.48348196352,49.505124908068,49.526770188833,49.548417804871,
    49.570067755244,49.591720038996,49.613374655165,49.635031602838,
    49.656690881034,49.678352488828,49.700016425261,49.721682689367,
    49.7433512802,49.765022196845,49.78669543833,49.808371003672,
    49.83004889196,49.851729102225,49.873411633495,49.895096484845,
    49.916783655339,49.938473143969,49.960164949794,49.981859071894,
    50.003555509282,50.025254261003,50.046955326101,50.068658703626,
    50.090364392629,50.112072392132,50.133782701182,50.155495318822,
    50.177210244067,50.198927475999,50.220647013652,50.242368856028,
    50.264093002217,50.285819451204,50.30754820204,50.329279253797,
    50.351012605476,50.37274825613,50.394486204783,50.416226450471,
    50.437968992238,50.459713829127,50.481460960135,50.503210384311,
    50.524962100727,50.546716108367,50.568472406263,50.590230993485,
    50.611991869046,50.633755031959,50.655520481253,50.677288215982,
    50.699058235168,50.720830537848,50.742605123025,50.764381989741,
    50.786161137026,50.807942563893,50.829726269389,50.851512252534,
    50.873300512341,50.895091047855,50.916883858092,50.938678942055,
    50.960476298809,50.982275927356,51.00407782669,51.025881995881,
    51.047688433947,51.069497139882,51.091308112712,51.113121351476,
    51.134936855187,51.156754622862,51.178574653518,51.200396946179,
    51.222221499871,51.244048313582,51.26587738636,51.287708717232,
    51.309542305186,51.331378149237,51.353216248426,51.375056601762,
    51.396899208244,51.418744066918,51.440591176759,51.462440536799,
    51.484292146054,51.506146003544,51.528002108282,51.549860459248,
    51.571721055492,51.593583896031,51.615448979829,51.63731630593,
    51.659185873358,51.681057681087,51.702931728144,51.724808013546,
    51.746686536293,51.768567295397,51.790450289854,51.812335518696,
    51.834222980906,51.856112675494,51.878004601478,51.899898757867,
    51.921795143634,51.943693757811,51.965594599429,51.987497667438,
    52.009402960862,52.031310478718,52.053220219997,52.07513218371,
    52.097046368842,52.118962774412,52.140881399419,52.162802242867,
    52.184725303743,52.206650581058,52.22857807381,52.250507780992,
    52.272439701613,52.294373834668,52.316310179155,52.338248734071,
    52.360189498432,52.382132471193,52.404077651382,52.426025037996,
    52.447974630023,52.469926426452,52.491880426297,52.513836628549,
    52.535795032174,52.557755636201,52.579718439604,52.601683441391,
    52.62365064055,52.645620036071,52.667591626934,52.689565412147,
    52.711541390713,52.733519561588,52.755499923791,52.7774824763,
    52.799467218113,52.821454148227,52.8434432656,52.865434569245,
    52.887428058159,52.909423731306,52.931421587682,52.953421626298,
    52.975423846094,52.9974282461,53.019434825288,53.041443582635,
    53.063454517144,53.085467627776,53.107482913533,53.129500373397,
    53.151520006357,53.173541811392,53.195565787491,53.217591933607,
    53.239620248746,53.261650731925,53.283683382078,53.305718198179,
    53.327755179251,53.349794324267,53.371835632157,53.393879101961,
    53.415924732652,53.437972523181,53.460022472552,53.482074579718,
    53.504128843687,53.526185263404,53.548243837876,53.570304566093,
    53.592367446976,53.614432479535,53.636499662768,53.658568995631,
    53.680640477071,53.702714106112,53.72478988171,53.74686780282,
    53.768947868454,53.791030077557,53.813114429109,53.835200922093,
    53.857289555473,53.879380328229,53.901473239307,53.923568287712,
    53.945665472401,53.967764792358,53.98986624654,54.011969833918,
    54.034075553469,54.056183404153,54.078293384952,54.10040549483,
    54.122519732757,54.144636097697,54.166754588619,54.188875204508,
    54.210997944303,54.233122806972,54.255249791537,54.277378896893,
    54.299510122045,54.321643465963,54.343778927583,54.36591650589,
    54.388056199847,54.410198008441,54.432341930593,54.454487965273,
    54.476636111505,54.498786368186,54.52093873427,54.543093208787,
    54.565249790675,54.587408478847,54.609569272312,54.631732170038,
    54.653897170968,54.676064274064,54.69823347829,54.72040478259,
    54.742578185947,54.764753687317,54.786931285645,54.809110979915,
    54.831292769047,54.853476652035,54.875662627835,54.897850695371,
    54.920040853638,54.9422331016,54.964427438173,54.986623862325,
    55.008822373037,55.031022969233,55.053225649904,55.075430413976,
    55.097637260422,55.119846188193,55.142057196215,55.164270283483,
    55.186485448956,55.208702691549,55.230922010214,55.253143403951,
    55.275366871677,55.297592412344,55.319820024928,55.342049708358,
    55.364281461588,55.386515283568,55.408751173273,55.430989129634,
    55.453229151592,55.475471238111,55.497715388146,55.519961600629,
    55.542209874514,55.564460208778,55.58671260233,55.608967054128,
    55.631223563144,55.653482128309,55.675742748556,55.698005422852,
    55.720270150145,55.742536929349,55.76480575946,55.787076639416,
    55.80934956812,55.831624544541,55.853901567641,55.876180636345,
    55.898461749611,55.920744906389,55.943030105595,55.965317346199,
    55.987606627122,56.009897947307,56.032191305745,56.054486701336,
    56.076784133006,56.099083599746,56.121385100473,56.1436886341,
    56.165994199622,56.188301795954,56.210611422031,56.232923076809,
    56.255236759216,56.277552468201,56.299870202688,56.32218996162,
    56.344511743964,56.366835548635,56.389161374581,56.411489220725,
    56.433819086018,56.456150969393,56.478484869787,56.500820786156,
    56.523158717402,56.545498662475,56.567840620332,56.590184589898,
    56.612530570105,56.634878559885,56.657228558163,56.679580563914,
    56.701934576043,56.724290593467,56.746648615178,56.769008640067,
    56.791370667067,56.813734695143,56.836100723183,56.858468750135,
    56.880838774978,56.903210796598,56.925584813919,56.947960825909,
    56.970338831491,56.992718829572,57.015100819095,57.037484799014,
    57.059870768233,57.082258725706,57.10464867034,57.127040601068,
    57.149434516838,57.171830416557,57.19422829918,57.216628163633,
    57.239030008819,57.26143383368,57.283839637152,57.306247418156,
    57.328657175634,57.351068908488,57.373482615668,57.395898296099,
    57.418315948688,57.440735572392,57.46315716611,57.485580728792,
    57.508006259343,57.530433756698,57.552863219798,57.575294647529,
    57.597728038861,57.620163392692,57.642600707946,57.665039983571,
    57.687481218473,57.709924411573,57.732369561813,57.754816668082,
    57.777265729332,57.799716744499,57.822169712471,57.84462463219,
    57.86708150256,57.889540322525,57.912001091016,57.934463806922,
    57.956928469176,57.97939507672,58.00186362846,58.024334123314,
    58.046806560195,58.069280938038,58.091757255761,58.114235512284,
    58.136715706525,58.159197837403,58.181681903832,58.204167904737,
    58.226655839035,58.249145705657,58.271637503498,58.294131231488,
    58.316626888557,58.339124473597,58.361623985554,58.384125423329,
    58.406628785834,58.429134071994,58.451641280721,58.474150410961,
    58.496661461579,58.519174431525,58.541689319716,58.564206125038,
    58.586724846439,58.609245482821,58.631768033106,58.654292496202,
    58.676818871006,58.699347156473,58.721877351493,58.744409454961,
    58.766943465844,58.789479383005,58.812017205382,58.834556931878,
    58.857098561403,58.879642092877,58.90218752523,58.924734857357,
    58.94728408815,58.969835216547,58.992388241467,59.014943161788,
    59.037499976447,59.060058684375,59.082619284422,59.105181775546,
    59.127746156655,59.150312426639,59.172880584434,59.195450628911,
    59.218022559023,59.240596373678,59.263172071734,59.285749652128,
    59.308329113804,59.330910455635,59.35349367653,59.376078775408,
    59.398665751172,59.421254602738,59.443845328999,59.466437928873,
    59.489032401254,59.511628745075,59.534226959224,59.556827042623,
    59.579428994162,59.602032812716,59.624638497274,59.647246046694,
    59.669855459866,59.692466735736,59.715079873157,59.737694871087,
    59.760311728418,59.782930444037,59.805551016857,59.828173445774,
    59.850797729721,59.873423867585,59.896051858265,59.91868170066,
    59.941313393676,59.96394693624,59.986582327245,60.009219565566,
    60.031858650138,60.054499579864,60.077142353629,60.099786970344,
    60.122433428894,60.145081728228,60.167731867207,60.190383844724,
    60.213037659721,60.235693311076,60.258350797687,60.281010118465,
    60.303671272307,60.326334258106,60.348999074787,60.371665721219,
    60.394334196313,60.417004498983,60.439676628124,60.462350582616,
    60.485026361385,60.507703963327,60.530383387304,60.553064632269,
    60.575747697083,60.598432580655,60.621119281903,60.643807799705,
    60.666498132962,60.689190280554,60.711884241414,60.734580014427,
    60.757277598482,60.779976992483,60.802678195325,60.825381205902,
    60.848086023121,60.870792645873,60.89350107305,60.916211303567,
    60.938923336295,60.961637170133,60.984352803992,61.00707023677,
    61.029789467345,61.052510494619,61.075233317498,61.097957934865,
    61.120684345614,61.143412548662,61.16614254288,61.188874327155,
    61.211607900407,61.234343261528,61.257080409386,61.279819342894,
    61.302560060964,61.325302562465,61.348046846277,61.370792911309,
    61.393540756469,61.416290380655,61.43904178273,61.461794961588,
    61.484549916139,61.507306645271,61.530065147885,61.552825422856,
    61.575587469075,61.598351285454,61.621116870875,61.643884224223,
    61.666653344383,61.689424230271,61.712196880769,61.734971294764,
    61.757747471136,61.780525408777,61.803305106612,61.826086563495,
    61.84886977833,61.871654750007,61.8944414774,61.917229959438,
    61.940020194977,61.962812182889,61.985605922116,62.008401411537,
    62.031198649998,62.053997636429,62.076798369701,62.099600848695,
    62.122405072327,62.145211039481,62.168018749016,62.19082819985,
    62.213639390854,62.236452320928,62.25926698895,62.282083393803,
    62.30490153441,62.327721409628,62.350543018326,62.373366359428,
    62.396191431812,62.419018234362,62.441846765942,62.464677025474,
    62.487509011842,62.510342723906,62.533178160565,62.556015320711,
    62.578854203221,62.601694807002,62.624537130919,62.647381173848,
    62.670226934713,62.693074412357,62.715923605677,62.738774513588,
    62.761627134951,62.784481468635,62.807337513553,62.830195268588,
    62.853054732589,62.87591590448,62.898778783149,62.921643367443,
    62.944509656272,62.967377648521,62.990247343063,63.01311873878,
    63.035991834562,63.05886662932,63.081743121883,63.104621311149,
    63.127501196042,63.150382775414,63.173266048133,63.19615101311,
    63.219037669209,63.241926015333,63.264816050338,63.287707773132,
    63.310601182588,63.333496277558,63.356393056972,63.379291519695,
    63.402191664598,63.425093490581,63.447996996496,63.470902181258,
    63.493809043734,63.516717582807,63.539627797343,63.56253968623,
    63.585453248381,63.60836848264,63.63128538789,63.654203963021,
    63.67712420691,63.700046118459,63.722969696524,63.745894939969,
    63.768821847704,63.791750418602,63.814680651559,63.837612545431,
    63.860546099085,63.883481311407,63.906418181322,63.92935670768,
    63.952296889322,63.975238725181,63.998182214128,64.021127355012,
    64.044074146741,64.067022588175,64.0899726782,64.112924415703,
    64.135877799554,64.15883282862,64.181789501813,64.204747817969,
    64.227707775979,64.250669374753,64.273632613133,64.296597490018,
    64.319564004264,64.342532154757,64.36550194039,64.388473360025,
    64.41144641254,64.434421096798,64.457397411721,64.480375356158,
    64.503354928961,64.526336129049,64.549318955272,64.572303406516,
    64.595289481665,64.618277179593,64.641266499161,64.664257439256,
    64.687249998758,64.710244176537,64.73323997147,64.756237382442,
    64.779236408317,64.80223704797,64.825239300274,64.848243164126,
    64.871248638387,64.894255721934,64.917264413634,64.940274712358,
    64.963286617011,64.98630012644,65.009315239532,65.032331955172,
    65.055350272214,65.078370189535,65.101391706014,65.124414820542,
    65.147439531948,65.170465839166,65.193493741067,65.216523236448,
    65.239554324249,65.262587003339,65.285621272587,65.308657130848,
    65.331694577016,65.354733609965,65.377774228554,65.400816431684,
    65.423860218221,65.446905586984,65.469952536921,65.493001066873,
    65.516051175698,65.539102862328,65.562156125542,65.585210964282,
    65.608267377416,65.631325363806,65.654384922318,65.677446051825,
    65.700508751218,65.723573019353,65.74663885511,65.769706257345,
    65.792775224953,65.815845756791,65.838917851735,65.861991508669,
    65.885066726451,65.908143503964,65.931221840065,65.954301733632,
    65.977383183527,66.000466188646,66.023550747876,66.046636860024,
    66.069724524004,66.092813738691,66.115904502947,66.138996815648,
    66.162090675646,66.18518608183,66.208283033086,66.231381528251,
    66.254481566203,66.277583145852,66.30068626602,66.323790925596,
    66.346897123461,66.370004858461,66.393114129493,66.416224935418,
    66.439337275101,66.462451147433,66.485566551254,66.508683485438,
    66.531801948884,66.554921940443,66.578043458965,66.601166503371,
    66.624291072482,66.647417165194,66.670544780377,66.693673916881,
    66.716804573595,66.739936749379,66.7630704431,66.786205653656,
    66.809342379888,66.832480620659,66.85562037485,66.878761641337,
    66.901904419015,66.925048706678,66.948194503272,66.971341807631,
    66.994490618597,67.017640935101,67.040792755972,67.063946080084,
    67.087100906324,67.110257994056,67.133421145143,67.156594164777,
    67.179777819311,67.20297211476,67.226177057198,67.249392652672,
    67.272618907161,67.295855826702,67.319103417277,67.342361684866,
    67.365630635437,67.388910274966,67.412200609383,67.435501644642,
    67.458813386637,67.482135841301,67.505469014546,67.528812912219,
    67.552167540227,67.575532904432,67.598909010674,67.622295864802,
    67.645693472672,67.669101840057,67.692520972774,67.715950876637,
    67.739391557408,67.762843020881,67.78630527279,67.809778318897,
    67.833262164948,67.856756816642,67.880262279702,67.903778559857,
    67.927305662769,67.950843594086,67.974392359537,67.997951964748,
    68.021522415334,68.045103716995,68.068695875297,68.092298895859,
    68.115912784299,68.139537546192,68.163173187095,68.186819712581,
    68.210477128233,68.234145439551,68.257824652076,68.281514771331,
    68.305215802794,68.328927752009,68.352650624451,68.37638442554,
    68.400129160796,68.423884835621,68.447651455494,68.471429025835,
    68.495217552007,68.519017039484,68.542827493627,68.566648919821,
    68.590481323442,68.614324709806,68.638179084306,68.662044452293,
    68.68592081905,68.709808189905,68.733706570179,68.757615965125,
    68.781536380052,68.805467820231,68.829410290916,68.853363797337,
    68.877328344753,68.901303938364,68.925290583389,68.949288285051,
    68.973297048506,68.997316878974,69.021347781629,69.045389761579,
    69.069442823982,69.093506973993,69.117582216735,69.141668557323,
    69.165766000856,69.189874552427,69.213994217083,69.238124999958,
    69.262266906072,69.286419940453,69.310584108165,69.334759414248,
    69.358945863685,69.383143461497,69.407352212655,69.431572122167,
    69.455803195035,69.480045436136,69.504298850465,69.528563442976,
    69.552839218544,69.577126182122,69.601424338649,69.62573369299,
    69.650054249995,69.67438601455,69.698728991567,69.723083185837,
    69.74744860225,69.77182524562,69.796213120732,69.820612232432,
    69.845022585505,69.869444184757,69.893877034946,69.918321140823,
    69.942776507183,69.967243138745,69.991721040219,70.016210216384,
    70.040710671913,70.065222411533,70.089745439914,70.114279761721,
    70.138825381665,70.163382304379,70.187950534507,70.212530076735,
    70.237120935623,70.261723115831,70.286336621963,70.310961458577,
    70.335597630307,70.360245141692,70.384903997317,70.409574201743,
    70.434255759497,70.458948675103,70.483652953102,70.508368597988,
    70.53309561429,70.557834006489,70.582583779058,70.607344936436,
    70.632117483132,70.656901423604,70.681696762226,70.706503503483,
    70.73132165179,70.756151211507,70.780992187076,70.80584458289,
    70.830708403304,70.855583652678,70.88047033539,70.905368455751,
    70.93027801813,70.955199026871,70.980131486205,71.005075400543,
    71.03003077412,71.054997611189,71.079975916115,71.104965693098,
    71.129966946379,71.154979680238,71.180003898899,71.205039606584,
    71.230086807503,71.255145505843,71.280215705813,71.305297411602,
    71.330390627385,71.355495357313,71.380611605506,71.405739376179,
    71.430878673421,71.456029501321,71.481191864044,71.506365765689,
    71.531551210306,71.556748202002,71.581956744855,71.607176842923,
    71.632408500234,71.657651720872,71.682906508843,71.708172868143,
    71.733450802826,71.758740316869,71.784041414271,71.809354099026,
    71.83467837508,71.860014246416,71.885361716977,71.91072079069,
    71.936091471487,71.961473763346,71.986867670125,72.01227319573,
    72.037690344063,72.063119118996,72.088559524398,72.114011564174,
    72.139475242116,72.164950562118,72.19043752799,72.215936143539,
    72.241446412628,72.266968338994,72.292501926476,72.318047178878,
    72.343604099925,72.369172693404,72.394752963043,72.420344912614,
    72.445948545892,72.471563866552,72.49719087831,72.52282958486,
    72.548479989943,72.574142097236,72.599815910379,72.625501433061,
    72.651198668985,72.67690762172,72.702628294954,72.728360692297,
    72.75410481738,72.77986067386,72.805628265223,72.831407595163,
    72.857198667209,72.883001484914,72.908816051921,72.934642371742,
    72.960480447876,72.986330283911,73.012191883348,73.038065249686,
    73.063950386485,73.089847297217,73.115755985329,73.141676454328,
    73.167608707697,73.19355274885,73.219508581273,73.24547620843,
    73.271455633656,73.297446860451,73.3234498922,73.349464732321,
    73.3754913842,73.401529851169,73.427580136683,73.453642244048,
    73.479716176644,73.505801937817,73.53189953087,73.558008959167,
    73.584130226027,73.610263334716,73.636408288569,73.662565090878,
    73.688733744873,73.714914253884,73.741106621151,73.767310849937,
    73.793526943437,73.819754904928,73.845994737661,73.872246444768,
    73.898510029528,73.924785495116,73.951072844702,73.977372081504,
    74.003683208624,74.030006229278,74.056341146598,74.082687963739,
    74.109046683835,74.135417309976,74.161799845294,74.188194292908,
    74.214600655895,74.241018937368,74.267449140393,74.293891267991,
    74.320345323296,74.34681130931,74.3732892291,74.399779085674,
    74.426280882085,74.452794621344,74.479320306439,74.505857940353,
    74.532407526086,74.558969066633,74.585542564945,74.612128024028,
    74.638725446771,74.665334836115,74.691956195043,74.718589526465,
    74.74523483326,74.771892118378,74.798561384695,74.825242635079,
    74.851935872484,74.878641099706,74.905358319621,74.932087535141,
    74.958828749,74.985581964114,75.012347183327,75.039124409393,
    75.065913645165,75.092714893421,75.119528156947,75.146353438547,
    75.173190740987,75.200040067028,75.226901419426,75.253774800918,
    75.280660214271,75.307557662182,75.334467147374,75.361388672613,
    75.388322240554,75.415267853871,75.442225515292,75.469195227487,
    75.496176993093,75.523170814812,75.550176695314,75.577194637158,
    75.604224643034,75.631266715551,75.658320857324,75.685387071004,
    75.712465359127,75.739555724293,75.766658169165,75.793772696209,
    75.820899308019,75.848038007188,75.875188796225,75.902351677711,
    75.929526654127,75.956713728015,75.983912901885,76.011124178275,
    76.03834755963,76.065583048444,76.092830647241,76.12009035845,
    76.147362184553,76.174646127986,76.201942191171,76.229250376592,
    76.256570686722,76.283903123846,76.311247690443,76.338604388958,
    76.36597322173,76.393354191169,76.420747299629,76.448152549468,
    76.475569943107,76.502999482872,76.530441171081,76.557895010057,
    76.585361002197,76.612839149735,76.640329455023,76.667831920398,
    76.695346548071,76.722873340386,76.750412299605,76.77796342797,
    76.805526727814,76.833102201321,76.86068985071,76.888289678285,
    76.915901686249,76.943525876817,76.971162252184,76.998810814557,
    77.026471566151,77.054144509115,77.081829645665,77.109526977956,
    77.13723650813,77.164958238358,77.192692170762,77.22043830749,
    77.248196650683,77.275967202438,77.303749964901,77.331544940116,
    77.359352130212,77.387171537277,77.415003163402,77.442847010629,
    77.470703081018,77.498571376642,77.526451899543,77.554344651743,
    77.582249635294,77.610166852192,77.638096304486,77.66603799415,
    77.693991923155,77.721958093557,77.749936507283,77.777927166324,
    77.805930072643,77.833945228205,77.86197263497,77.890012294826,
    77.918064209728,77.946128381639,77.97420481241,78.002293504008,
    78.03039445833,78.058507677219,78.086633162574,78.114770916294,
    78.142920940257,78.171083236289,78.199257806221,78.227444651965,
    78.255643775316,78.283855178125,78.312078862188,78.340314829294,
    78.368563081307,78.396823620004,78.425096447132,78.453381564523,
    78.48167897391,78.509988677069,78.538310675815,78.566644971812,
    78.594991566852,78.623350462637,78.651721660897,78.680105163375,
    78.708500971763,78.736909087777,78.765329513088,78.793762249377,
    78.822207298337,78.850664661688,78.879134340998,78.90761633796,
    78.936110654274,78.964617291496,78.993136251283,79.021667535318,
    79.05021114514,79.078767082401,79.107335348683,79.13591594554,
    79.164508874646,79.193114137557,79.221731735758,79.250361670885,
    79.279003944504,79.307658558131,79.336325513279,79.3650048115,
    79.393696454365,79.422400443324,79.451116779921,79.479845465657,
    79.508586501982,79.537339890415,79.566105632437,79.594883729521,
    79.623674183119,79.652476994656,79.681292165633,79.710119697464,
    79.738959591579,79.767811849419,79.796676472343,79.825553461811,
    79.854442819225,79.88334454595,79.912258643421,79.941185112952,
    79.970123955948,79.999075173805,80.028038767814,80.057014739364,
    80.086003089779,80.115003820404,80.144016932539,80.173042427533,
    80.202080306721,80.231130571345,80.260193222686,80.289268262119,
    80.318355690889,80.347455510234,80.376567721447,80.405692325781,
    80.434829324472,80.463978718783,80.493140509987,80.52231469926,
    80.551501287802,80.580700276894,80.609911667694,80.639135461393,
    80.668371659252,80.697620262388,80.726881271994,80.756154689249,
    80.785440515283,80.814738751307,80.844049398441,80.873372457791,
    80.902707930513,80.932055817777,80.961416120665,80.990788840243,
    81.020173977668,81.049571534046,81.078981510422,81.108403907898,
    81.137838727553,81.167285970442,81.196745637664,81.226217730211,
    81.255702249117,81.285199195507,81.314708570347,81.344230374686,
    81.373764609479,81.403311275795,81.432870374657,81.462441907029,
    81.492025873885,81.521622276179,81.551231114946,81.580852391111,
    81.610486105638,81.640132259492,81.669790853573,81.699461888891,
    81.729145366352,81.758841286802,81.788549651238,81.81827046058,
    81.848003715643,81.877749417371,81.907507566672,81.937278164378,
    81.967061211425,81.996856708594,82.026664656795,82.056485056889,
    82.08631790969,82.116163216036,82.146020976743,82.17589119267,
    82.205773864603,82.235668993421,82.265576579824,82.295496624625,
    82.325429128657,82.355374092682,82.385331517458,82.415301403764,
    82.445283752323,82.475278563975,82.505285839384,82.53530557928,
    82.565337784452,82.595382455574,82.625439593396,82.655509198622,
    82.685591271938,82.715685814029,82.74579282563,82.775912307421,
    82.806044259991,82.83618868408,82.866345580349,82.896514949447,
    82.926696792012,82.95689110864,82.987097900067,83.017317166829,
    83.047548909561,83.07779312891,83.108049825474,83.13831899982,
    83.168600652533,83.198894784268,83.229201395536,83.25952048692,
    83.289852058992,83.320196112307,83.350552647427,83.380921664885,
    83.411303165194,83.44169714892,83.472103616583,83.50252256868,
    83.532954005718,83.563397928233,83.593854336652,83.624323231545,
    83.654804613362,83.685298482536,83.715804839605,83.746323684998,
    83.776855019133,83.807398842512,83.837955155582,83.86852395871,
    83.899105252382,83.929699037021,83.960305312973,83.99092408073,
    84.02155534068,84.052199093146,84.082855338583,84.113524077377,
    84.144205309819,84.174899036369,84.205605257376,84.236323973087,
    84.267055183973,84.297798890376,84.328555092545,84.359323790831,
    84.390104985558,84.420898677091,84.451704865678,84.482523551614,
    84.513354735278,84.544198416844,84.575054596642,84.605923274946,
    84.636804452012,84.667698128144,84.698604303541,84.729522978495,
    84.760454153169,84.791397827867,84.822354002854,84.853322678268,
    84.884303854314,84.915297531253,84.946303709251,84.977322388538,
    85.008353569325,85.039397251706,85.07045343592,85.101522122096,
    85.132603310415,85.163697001046,85.19480319411,85.225921889772,
    85.257053088176,85.288196789434,85.319352993622,85.35052170091,
    85.381702911438,85.412896625248,85.444102842454,85.475321563146,
    85.506552787422,85.537796515343,85.569052746983,85.600321482401,
    85.631602721698,85.662896464852,85.694202711939,85.725521462999,
    85.756852718069,85.788196477225,85.819552740377,85.850921507568,
    85.882302778898,85.913696554272,85.945102833673,85.976521617172,
    86.007952904682,86.039396696205,86.070852991678,86.102321791098,
    86.133803094415,86.165296901559,86.19680321249,86.228322027133,
    86.259853345417,86.291397167238,86.322953492587,86.354522321336,
    86.386103653353,86.417697488607,86.449303826927,86.48092266817,
    86.51255401234,86.544197859221,86.575854208673,86.607523060569,
    86.639204414795,86.670898271166,86.702604629527,86.734323489723,
    86.76605485158,86.797798714905,86.829555079534,86.861323945262,
    86.893105311895,86.924899179299,86.956705547092,86.988524415196,
    87.020355783421,87.052199651434,87.084056019061,87.115924886053,
    87.147806252155,87.179700117117,87.211606480686,87.243525342587,
    87.27545670254,87.307400560327,87.339356915606,87.37132576807,
    87.403307117482,87.435300963519,87.467307305855,87.499326144219,
    87.531357478246,87.563401307626,87.595457631999,87.627526451053,
    87.659607764501,87.691701571889,87.723807872927,87.755926667207,
    87.7880579544,87.820201734144,87.85235800597,87.884526769578,
    87.916708024554,87.948901770467,87.981108006975,88.013326733607,
    88.045557949927,88.077801655568,88.110057850126,88.142326533078,
    88.174607704014,88.206901362532,88.239207508122,88.271526140337,
    88.303857258749,88.336200862822,88.36855695209,88.40092552614,
    88.433306584421,88.465700126462,88.498106151707,88.530524659708,
    88.562955649959,88.595399121878,88.627855074956,88.660323508734,
    88.692804422594,88.725297816007,88.757803688441,88.790322039342,
    88.822852868135,88.855396174242,88.887951957138,88.920520216159,
    88.953100950793,88.985694160468,89.018299844502,89.050918002349,
    89.083548633391,89.116191737014,89.148847312586,89.18151535949,
    89.214195877078,89.246888864733,89.279594321826,89.312312247659,
    89.345042641615,89.377785503015,89.4105408312,89.44330862548,
    89.476088885179,89.508881609651,89.541686798158,89.574504450028,
    89.607334564546,89.640177140997,89.673032178708,89.705899676941,
    89.738779634952,89.771672051956,89.804576927305,89.837494260279,
    89.870424050033,89.903366295871,89.936320997031,89.96928815273,
    90.002267762239,90.035259824667,90.068264339334,90.101281305446,
    90.134310722177,90.16735258872,90.200406904329,90.233473668165,
    90.266552879323,90.299644537067,90.332748640601,90.365865188996,
    90.398994181462,90.432135617175,90.465289495256,90.498455814823,
    90.53163457505,90.56482577507,90.598029413993,90.6312454909,
    90.664474004993,90.697714955333,90.730968341013,90.764234161177,
    90.797512414814,90.830803101113,90.864106219134,90.897421767954,
    90.930749746609,90.964090154152,90.997442989694,91.030808252257,
    91.06418594093,91.097576054716,91.130978592597,91.164393553695,
    91.197820937008,91.231260741527,91.264712966285,91.298177610325,
    91.331654672617,91.365144152142,91.398646047875,91.432160358862,
    91.465687084061,91.499226222435,91.532777772971,91.566341734587,
    91.599918106314,91.633506887052,91.667108075756,91.700721671409,
    91.734347672867,91.76798607912,91.801636889113,91.835300101716,
    91.868975715833,91.90266373044,91.936364144401,91.970076956588,
    92.003802165938,92.037539771355,92.071289771654,92.105052165741,
    92.138826952498,92.17261413079,92.206413699489,92.240225657411,
    92.274050003417,92.307886736382,92.34173585511,92.375597358461,
    92.409471245253,92.443357514325,92.477256164462,92.511167194446,
    92.545090603173,92.579026389398,92.612974551888,92.646935089468,
    92.680908000954,92.714893285053,92.748890940597,92.782900966333,
    92.816923361,92.850958123434,92.885005252308,92.919064746372,
    92.953136604434,92.987220825144,93.021317407343,93.055426349692,
    93.089547650896,93.123681309688,93.157827324813,93.191985694923,
    93.226156418744,93.260339495014,93.294534922339,93.328742699448,
    93.362962825046,93.397195297721,93.431440116231,93.465697279254,
    93.499966785337,93.534248633263,93.568542821563,93.602849348948,
    93.637168214069,93.671499415528,93.705842951956,93.74019882197,
    93.774567024172,93.808947557199,93.843340419735,93.877745610217,
    93.912163127327,93.946592969699,93.981035135867,94.015489624396,
    94.049956433902,94.084435562936,94.118927010127,94.153430773931,
    94.18794685295,94.22247524574,94.257015950848,94.291568966808,
    94.326134292153,94.360711925417,94.395301865125,94.429904109798,
    94.46451865799,94.499145508145,94.533784658721,94.568436108388,
    94.603099855514,94.637775898606,94.672464236212,94.707164866699,
    94.741877788623,94.776603000481,94.811340500655,94.846090287637,
    94.880852359884,94.915626715903,94.950413354075,94.985212272777,
    95.020023470558,95.054846945829,95.089682696965,95.124530722445,
    95.159391020643,95.194263589948,95.229148428825,95.264045535671,
    95.29895490882,95.33387654669,95.368810447722,95.403756610242,
    95.438715032622,95.473685713239,95.508668650445,95.543663842665,
    95.578671288179,95.613690985382,95.648722932655,95.683767128246,
    95.71882357055,95.753892257906,95.788973188573,95.824066360948,
    95.859171773338,95.894289424054,95.929419311369,95.964561433607,
    95.999715789093,96.034882376071,96.07006119287,96.105252237767,
    96.140455508999,96.175671004883,96.210898723711,96.246138663675,
    96.281390823063,96.316655200205,96.351931793249,96.387220600476,
    96.422521620098,96.457834850435,96.493160289682,96.528497935984,
    96.563847787706,96.599209842932,96.634584099911,96.66997055692,
    96.705369212106,96.740780063698,96.77620310982,96.811638348666,
    96.847085778525,96.882545397522,96.918017203824,96.953501195563,
    96.98899737094,97.024505728134,97.06002626528,97.095558980546,
    97.131103872067,97.166660937986,97.20223017644,97.237811585546,
    97.273405163456,97.309010908306,97.344628818177,97.380258891234,
    97.415901125513,97.451555519221,97.487222070358,97.522900777042,
    97.558591637488,97.594294649582,97.630009811537,97.665737121442,
    97.701476577291,97.737228177208,97.772991919258,97.808767801451,
    97.844555821882,97.880355978668,97.91616826973,97.951992693169,
    97.987829247068,98.023677929298,98.05953873811,98.095411671402,
    98.131296727187,98.167193903549,98.203103198427,98.239024609827,
    98.27495813586,98.31090377442,98.346861523488,98.38283138112,
    98.418813345253,98.454807413892,98.490813585032,98.526831856581,
    98.562862226571,98.59890469294,98.634959253609,98.671025906623,
    98.707104649834,98.743195481242,98.779298398699,98.815413400271,
    98.851540483894,98.887679647363,98.923830888698,98.959994205794,
    98.996169596573,99.032357058888,99.068556590746,99.104768189955,
    99.140991854492,99.177227582256,99.213475371009,99.249735218746,
    99.286007123322,99.322291082612,99.358587094494,99.394895156809,
    99.431215267492,99.467547424357,99.503891625156,99.540247867909,
    99.576616150416,99.612996470406,99.649388825853,99.685793214562,
    99.722209634305,99.758638082941,99.795078558362,99.831531058278,
    99.867995580525,99.90447212296,99.940960683349,99.97746125948,
    100.0139738492,100.05049845024,100.08703506044,100.12358367758,
    100.16014429937,100.19671692368,100.23330154825,100.26989817083,
    100.30650678924,100.34312740112,100.37976000428,100.41640459651,
    100.45306117556,100.48972973919,100.52641028502,100.56310281089,
    100.59980731452,100.63652379363,100.67325224588,100.70999266908,
    100.74674506094,100.78350941905,100.82028574132,100.85707402526,
    100.89387426862,100.93068646924,100.96751062466,101.00434673257,
    101.04119479069,101.07805479666,101.11492674821,101.15181064306,
    101.18870647873,101.22561425295,101.26253396348,101.29946560782,
    101.33640918369,101.3733646888,101.41033212071,101.44731147699,
    101.48430275546,101.52130595369,101.55832106916,101.59534809972,
    101.63238704285,101.66943789618,101.70650065736,101.74357532399,
    101.78066189369,101.81776036407,101.85487073262,101.89199299704,
    101.9291271549,101.96627320377,102.00343114128,102.04060096496,
    102.07778267239,102.11497626113,102.15218172882,102.18939907293,
    102.22662829103,102.26386938076,102.30112233966,102.3383871652,
    102.37566385496,102.41295240645,102.45025281728,102.48756508502,
    102.52488920705,102.56222518102,102.5995730044,102.63693267467,
    102.67430418951,102.71168754625,102.74908274245,102.78648977565,
    102.82390864333,102.86133934302,102.89878187218,102.93623622836,
    102.97370240895,103.01118041145,103.0486702334,103.08617187228,
    103.12368532546,103.16121059055,103.19874766493,103.23629654602,
    103.27385723138,103.31142971845,103.34901400464,103.38661008735,
    103.42421796416,103.4618376324,103.49946908954,103.53711233311,
    103.57476736034,103.61243416876,103.6501127559,103.68780311904,
    103.7255052556,103.76321916311,103.80094483885,103.83868228026,
    103.87643148484,103.91419244987,103.95196517278,103.98974965102,
    104.02754588186,104.06535386274,104.10317359117,104.14100506436,
    104.17884827976,104.21670323482,104.25456992668,104.29244835289,
    104.33033851078,104.3682403977,104.40615401101,104.44407934809,
    104.48201640622,104.51996518277,104.55792567514,104.59589788064,
    104.6338817966,104.67187742028,104.70988474915,104.74790378046,
    104.78593451147,104.82397693966,104.86203106224,104.90009687655,
    104.93817437984,104.97626356954,105.01436444287,105.05247699711,
    105.09060122965,105.12873713772,105.16688471862,105.20504396962,
    105.24321488807,105.28139747117,105.31959171627,105.35779762061,
    105.39601518147,105.43424439612,105.47248526185,105.51073777588,
    105.54900193554,105.587277738,105.62556518052,105.66386426045,
    105.70217497497,105.74049732132,105.77883129677,105.8171768985,
    105.85553412388,105.89390297004,105.93228343419,105.97067551362,
    106.00907920554,106.04749450708,106.0859214156,106.12435992832,
    106.16281004231,106.20127175492,106.23974506329,106.27822996462,
    106.3167264561,106.35523453498,106.3937541984,106.43228544366,
    106.47082826786,106.50938266814,106.54794864177,106.58652618593,
    106.62511529777,106.66371597444,106.70232821314,106.74095201109,
    106.77958736545,106.81823427328,106.8568927318,106.89556273817,
    106.93424428962,106.97293738324,107.01164201612,107.05035818547,
    107.08908588848,107.12782512226,107.1665758839,107.20533817059,
    107.24411197945,107.28289730754,107.32169415212,107.36050251028,
    107.39932237906,107.43815375571,107.47699663727,107.51585102086,
    107.5547169036,107.59359428256,107.63248315491,107.67138351775,
    107.71029536814,107.74921870329,107.78815352021,107.82709981585,
    107.86605758759,107.90502683242,107.94400754732,107.98299972946,
    108.02200337589,108.06101848377,108.10004505012,108.13908307195,
    108.17813254643,108.21719347067,108.25626584158,108.2953496563,
    108.33444491203,108.3735516056,108.41266973417,108.45179929488,
    108.49094028466,108.53009270062,108.56925653974,108.60843179915,
    108.6476184759,108.68681656696,108.72602606943,108.76524698037,
    108.80447929671,108.84372301555,108.88297813391,108.92224464879,
    108.96152255727,109.00081185637,109.04011254305,109.07942461436,
    109.11874806734,109.15808289906,109.19742910638,109.23678668638,
    109.27615563611,109.31553595251,109.35492763271,109.3943306735,
    109.43374507204,109.47317082531,109.51260793027,109.55205638389,
    109.59151618318,109.63098732518,109.67046980685,109.70996362509,
    109.749468777,109.78898525947,109.82851306957,109.86805220419,
    109.90760266031,109.94716443501,109.98673752513,110.02632192769,
    110.06591763968,110.10552465799,110.14514297965,110.18477260161,
    110.22441352075,110.26406573415,110.30372923869,110.34340403134,
    110.38309010906,110.42278746879,110.46249610744,110.50221602197,
    110.54194720935,110.58168966654,110.62144339045,110.66120837796,
    110.70098462604,110.74077213169,110.78057089182,110.82038090328,
    110.86020216307,110.90003466812,110.93987841524,110.97973340153,
    111.01959962382,111.05947707896,111.09936576395,111.13926567578,
    111.17917681119,111.21909916719,111.25903274072,111.29897752859,
    111.33893352778,111.37890073524,111.41887914778,111.45886876231,
    111.49886957574,111.53888158502,111.57890478699,111.61893917853,
    111.65898475665,111.69904151816,111.73910945992,111.7791885789,
    111.81927887185,111.85938033576,111.89949296759,111.93961676403,
    111.97975172208,112.01989783869,112.06005511056,112.10022353471,
    112.140403108,112.18059382721,112.22079568926,112.2610086911,
    112.30123282952,112.34146810134,112.3817145035,112.42197203291,
    112.46224068639,112.50252046076,112.54281135289,112.58311335971,
    112.62342647809,112.66375070474,112.70408603662,112.74443247065,
    112.78479000349,112.82515863217,112.86553835349,112.90592916431,
    112.94633106146,112.98674404176,113.02716810211,113.06760323933,
    113.10804945021,113.14850673173,113.18897508066,113.22945449373,
    113.26994496792,113.3104465001,113.35095908701,113.39148272547,
    113.43201741241,113.47256314454,113.51311991878,113.55368773207,
    113.59426658096,113.63485646249,113.67545737349,113.71606931066,
    113.75669227093,113.79732625113,113.83797124801,113.87862725844,
    113.91929427929,113.95997230727,114.0006613393,114.04136137213,
    114.08207240264,114.12279442762,114.16352744385,114.20427144826,
    114.24502643752,114.28579240852,114.32656935808,114.36735728302,
    114.40815618016,114.44896604626,114.48978687817,114.53061867267,
    114.57146142657,114.61231513674,114.65317979997,114.69405541298,
    114.73494197265,114.77583947578,114.81674791919,114.85766729966,
    114.89859761402,114.93953885903,114.98049103148,115.02145412827,
    115.06242814613,115.10341308187,115.14440893223,115.18541569411,
    115.22643336432,115.26746193956,115.30850141666,115.34955179248,
    115.39061306374,115.43168522725,115.47276827989,115.51386221836,
    115.55496703945,115.59608273999,115.63720931684,115.67834676673,
    115.71949508641,115.76065427272,115.80182432244,115.84300523239,
    115.88419699936,115.92539962014,115.96661309149,116.00783741013,
    116.04907257303,116.0903185769,116.13157541852,116.17284309468,
    116.21412160211,116.2554109377,116.29671109825,116.33802208048,
    116.37934388116,116.42067649713,116.46201992518,116.5033741621,
    116.54473920469,116.58611504968,116.62750169384,116.66889913406,
    116.71030736712,116.75172638976,116.79315619872,116.83459679084,
    116.87604816296,116.91751031187,116.95898323421,117.0004669269,
    117.0419613867,117.08346661036,117.12498259477,117.16650933666,
    117.20804683271,117.24959507983,117.29115407484,117.33272381445,
    117.37430429555,117.41589551479,117.45749746897,117.49911015491,
    117.54073356952,117.58236770953,117.6240125716,117.66566815257,
    117.70733444938,117.74901145874,117.79069917733,117.83239760203,
    117.87410672965,117.91582655699,117.95755708082,117.99929829791,
    118.04105020505,118.08281279909,118.12458607676,118.16637003487,
    118.20816467033,118.24996997976,118.29178595999,118.33361260789,
    118.37544992025,118.41729789389,118.4591565255,118.50102581192,
    118.54290574995,118.58479633649,118.62669756825,118.66860944197,
    118.71053195459,118.75246510278,118.79440888346,118.83636329338,
    118.87832832936,118.92030398813,118.9622902666,119.00428716144,
    119.04629466964,119.08831278793,119.13034151304,119.1723808419,
    119.21443077124,119.25649129791,119.2985624187,119.34064413042,
    119.38273642985,119.42483931389,119.46695277935,119.50907682297,
    119.55121144162,119.59335663208,119.63551239113,119.67767871578,
    119.71985560273,119.76204304872,119.80424105066,119.84644960532,
    119.88866870966,119.93089836042,119.97313855433,120.01538928838,
    120.05765055928,120.09992236387,120.14220469916,120.18449756178,
    120.22680094861,120.26911485645,120.31143928229,120.35377422284,
    120.39611967491,120.43847563545,120.48084210128,120.52321906911,
    120.56560653594,120.60800449861,120.65041295384,120.6928318986,
    120.73526132966,120.77770124392,120.82015163817,120.86261250936,
    120.90508385433,120.94756566984,120.99005795288,121.03256070017,
    121.07507390863,121.11759757516,121.16013169664,121.20267626983,
    121.24523129167,121.28779675904,121.33037266877,121.37295901777,
    121.41555580284,121.45816302101,121.50078066897,121.54340874368,
    121.58604724204,121.62869616093,121.67135549725,121.71402524781,
    121.75670540957,121.79939597935,121.84209695406,121.88480833068,
    121.92753010605,121.97026227707,122.01300484053,122.05575779344,
    122.09852113272,122.14129485532,122.18407895795,122.22687343763,
    122.2696782913,122.31249351586,122.35531910826,122.39815506534,
    122.44100138399,122.48385806112,122.52672509385,122.56960247894,
    122.61249021331,122.65538829389,122.69829671768,122.74121548168,
    122.78414458258,122.82708401746,122.87003378335,122.91299387702,
    122.95596429551,122.99894503583,123.04193609476,123.08493746933,
    123.12794915653,123.1709711533,123.21400345659,123.25704606332,
    123.30009897052,123.34316217508,123.38623567404,123.42931946437,
    123.47241354296,123.51551790688,123.55863255301,123.60175747837,
    123.64489268006,123.68803815491,123.73119389996,123.77435991214,
    123.81753618857,123.86072272619,123.90391952198,123.94712657291,
    123.99034387602,124.03357142828,124.07680922681,124.12005726858,
    124.16331555054,124.20658406966,124.24986282311,124.29315180784,
    124.33645102085,124.37976045921,124.42308011999,124.46641000012,
    124.50975009667,124.55310040674,124.59646092734,124.63983165553,
    124.68321258829,124.72660372268,124.77000505595,124.81341658489,
    124.85683830665,124.9002702184,124.94371231714,124.98716459993,
    125.03062706375,125.07409970583,125.11758252318,125.16107551296,
    125.20457867219,125.2480919979,125.29161548728,125.33514913733,
    125.3786929453,125.42224690823,125.46581102313,125.5093852872,
    125.5529696976,125.59656425131,125.64016894548,125.68378377739,
    125.72740874407,125.77104384253,125.81468907006,125.8583444238,
    125.9020099008,125.94568549825,125.98937121327,126.03306704304,
    126.07677298478,126.12048903554,126.16421519253,126.20795145292,
    126.25169781387,126.29545427251,126.33922082613,126.38299747182,
    126.4267842068,126.47058102825,126.51438793341,126.55820491941,
    126.60203198343,126.64586912273,126.68971633455,126.73357361602,
    126.77744096449,126.82131837704,126.8652058509,126.90910338334,
    126.95301097168,126.99692861304,127.04085630474,127.08479404395,
    127.12874182782,127.17269965392,127.21666751929,127.26064542115,
    127.30463335686,127.34863132371,127.39263931892,127.43665733976,
    127.4806853836,127.52472344762,127.56877152912,127.61282962544,
    127.65689773395,127.70097585193,127.74506397656,127.78916210522,
    127.83327023523,127.87738836395,127.92151648868,127.96565460681,
    128.00980271558,128.05396081231,128.09812889452,128.14230695944,
    128.18649500437,128.23069302677,128.27490102396,128.31911899337,
    128.36334693229,128.40758483811,128.45183270829,128.49609054009,
    128.54035833106,128.58463607854,128.62892377982,128.67322143241,
    128.71752903374,128.76184658125,128.80617407225,128.85051150423,
    128.89485887467,128.93921618087,128.98358342042,129.02796059076,
    129.0723476893,129.11674471347,129.16115166071,129.20556852853,
    129.24999531447,129.29443201596,129.33887863042,129.3833351554,
    129.4278015884,129.47227792699,129.51676416854,129.5612603106,
    129.60576635068,129.65028228627,129.69480811506,129.73934383452,
    129.78388944208,129.82844493527,129.87301031177,129.91758556914,
    129.96217070482,130.00676571648,130.05137060158,130.09598535782,
    130.14060998266,130.18524447386,130.22988882889,130.27454304535,
    130.31920712082,130.36388105297,130.40856483954,130.45325847785,
    130.49796196581,130.54267530083,130.58739848077,130.63213150314,
    130.67687436564,130.72162706587,130.76638960154,130.8111619704,
    130.85594416998,130.90073619802,130.94553805224,130.99034973028,
    131.0351712299,131.08000254882,131.1248436847,131.16969463527,
    131.21455539827,131.25942597134,131.30430635236,131.34919653908,
    131.39409652916,131.43900632033,131.48392591046,131.52885529735,
    131.57379447859,131.61874345212,131.66370221572,131.70867076703,
    131.75364910403,131.79863722458,131.84363512629,131.88864280713,
    131.9336602648,131.97868749728,132.02372450249,132.06877127796,
    132.11382782177,132.15889413173,132.20397020577,132.24905604174,
    132.29415163743,132.3392569909,132.3843720999,132.42949696241,
    132.47463157632,132.51977593955,132.56493005003,132.61009390565,
    132.65526750443,132.70045084427,132.74564392316,132.79084673895,
    132.8360592897,132.88128157349,132.92651358814,132.97175533163,
    133.01700680206,133.06226799737,133.10753891557,133.15281955471,
    133.19810991288,133.24340998802,133.28871977811,133.33403928134,
    133.37936849574,133.42470741939,133.47005605024,133.51541438636,
    133.56078242602,133.60616016728,133.65154760808,133.69694474663,
    133.74235158116,133.78776810955,133.83319433006,133.87863024093,
    133.92407584019,133.96953112602,134.01499609648,134.06047074994,
    134.10595508455,134.15144909836,134.19695278964,134.2424661566,
    134.28798919745,134.33352191043,134.37906429376,134.42461634558,
    134.47017806431,134.51574944805,134.56133049516,134.60692120388,
    134.65252157246,134.69813159912,134.74375128238,134.78938062036,
    134.83501961135,134.88066825381,134.92632654589,134.97199448611,
    135.0176720728,135.06335930406,135.10905617854,135.15476269456,
    135.20047885032,135.24620464432,135.29194007508,135.33768514093,
    135.38343984013,135.42920417123,135.47497813265,135.52076172286,
    135.56655494031,135.61235778336,135.65817025053,135.70399234036,
    135.74982405124,135.79566538176,135.84151633041,135.8873768955,
    135.93324707583,135.97912686979,136.02501627588,136.07091529278,
    136.11682391892,136.16274215289,136.20866999341,136.25460743887,
    136.30055448799,136.34651113923,136.39247739132,136.43845324294,
    136.48443869261,136.53043373901,136.57643838079,136.62245261647,
    136.66847644497,136.7145098649,136.76055287488,136.80660547357,
    136.85266765969,136.89873943213,136.94482078946,136.9909117304,
    137.03701225375,137.0642253517,137.2258183782,137.38681572224,
    137.54721818886,137.70702658416,137.86624171537,138.02486439087,
    138.18289542024,138.34033561428,138.49718578506,138.65344674595,
    138.80911931168,138.96420429834,139.11870252346,139.27261480604,
    139.42594196655,139.57868482706,139.73084421119,139.88242094422,
    140.03341585311,140.18382976652,140.33366351491,140.48291793056,
    140.63159384759,140.77969210207,140.92721353201,141.07415897744,
    141.22052928047,141.36632528531,141.51154783836,141.65619778824,
    141.80027598584,141.94378328441,142.08672053958,142.22908860942,
    142.37088835453,142.51212063808,142.65278632586,142.79288628636,
    142.93242139083,143.07139251333,143.20980053081,143.3476463232,
    143.4849307734,143.62165476745,143.75781919451,143.893424947,
    144.02847292063,144.16296401449,144.29689913112,144.4302791766,
    144.5631050606,144.6953776965,144.82709800142,144.95826689637,
    145.08888530624,145.21895415999,145.34847439065,145.47744693546,
    145.60587273595,145.733752738,145.86108789198,145.98787915282,
    146.1141274801,146.23983383816,146.3649991962,146.48962452839,
    146.61371081393,146.73725903723,146.86027018794,146.98274526111,
    147.10468525728,147.22609118262,147.34696404898,147.4673048741,
    147.58711468165,147.70639450139,147.82514536929,147.94336832765,
    148.06106442523,148.17823471737,148.29488026616,148.41100214053,
    148.52660141641,148.64167917687,148.75623651226,148.87027452035,
    148.98379430649,149.09679698377,149.20928367311,149.32125550353,
    149.43271361218,149.5436591446,149.65409325484,149.76401710565,
    149.87343186861,149.98233872435,150.09073886271,150.19863348291,
    150.30602379374,150.41291101375,150.51929637144,150.62518110545,
    150.73056646475,150.83545370885,150.939844108,151.04373894339,
    151.14713950739,151.2500471037,151.35246304766,151.45438866639,
    151.55582529904,151.65677429706,151.75723702436,151.85721485762,
    151.95670918648,152.05572141381,152.15425295596,152.252305243,
    152.34987971899,152.44697784225,152.54360108559,152.63975093662,
    152.73542889803,152.83063648783,152.92537523966,153.01964670309,
    153.11345244389,153.20679404435,153.29967310356,153.39209123774,
    153.48405008054,153.57555128336,153.66659651567,153.75718746536,
    153.84732583902,153.93701336235,154.02625178042,154.11504285808,
    154.20338838029,154.29129015247,154.37875000086,154.46576977291,
    154.55235133762,154.63849658594,154.72420743113,154.80948580917,
    154.89433367911,154.97875302351,155.06274584882,155.14631418578,
    155.22946008984,155.31218564154,155.39449294697,155.47638413819,
    155.55786137359,155.63892683841,155.71958274512,155.79983133386,
    155.87967487287,155.95911565899,156.03815601804,156.1167983053,
    156.19504490595,156.27289823555,156.35036074046,156.42743489833,
    156.50412321856,156.58042824272,156.65635254505,156.73189873294,
    156.80706944734,156.88186736327,156.95629519026,157.03035567282,
    157.10405159088,157.17738576031,157.25036103329,157.32298029884,
    157.39524648322,157.46716255041,157.53873150253,157.60995638028,
    157.68084026338,157.75138627101,157.82159756219,157.8914773362,
    157.96102883301,158.03025533366,158.0991601606,158.16774667813,
    158.23601829271,158.30397845333,158.37163065183,158.43897842322,
    158.506025346,158.57277504243,158.63923117881,158.70539746573,
    158.77127765828,158.83687555632,158.90219500461,158.96723989301,
    159.03201415662,159.09652177591,159.1607667768,159.22475323073,
    159.28848525475,159.35196701144,159.41520270898,159.47819660108,
    159.54095298687,159.60347621083,159.66577066262,159.72784077692,
    159.78969103321,159.85132595551,159.91275011209,159.97396811517,
    160.03498462053,160.09580432712,160.15643197662,160.21687235294,
    160.27713028171,160.3372106297,160.39711830422,160.45685825248,
    160.51643546087,160.57585495425,160.63512179515,160.69424108298,
    160.75321795313,160.81205757608,160.87076515648,160.92934593209,
    160.98780517284,161.04614817971,161.10438028361,161.16250684427,
    161.22053324902,161.27846491162,161.33630727093,161.39406578968,
    161.45174595313,161.50935326771,161.56689325964,161.62437147352,
    161.68179347088,161.73916482877,161.79649113819,161.85377800266,
    161.91103103669,161.96825586418,162.02545811697,162.08264343318,
    162.13981745569,162.19698583056),.UNSPECIFIED.);
#40 = CARTESIAN_POINT('',(144.71301162725,-10.91681927046,0.));
#41 = CARTESIAN_POINT('',(144.68255845978,-10.9215978293,0.));
#42 = CARTESIAN_POINT('',(144.62162536431,-10.93098557929,0.));
#43 = CARTESIAN_POINT('',(144.53014836331,-10.94455869548,0.));
#44 = CARTESIAN_POINT('',(144.43859620467,-10.95762298294,0.));
#45 = CARTESIAN_POINT('',(144.34697118344,-10.970178145,0.));
#46 = CARTESIAN_POINT('',(144.25527559682,-10.98222390516,0.));
#47 = CARTESIAN_POINT('',(144.16351174443,-10.99376001173,0.));
#48 = CARTESIAN_POINT('',(144.07168192775,-11.00478623659,0.));
#49 = CARTESIAN_POINT('',(143.97978844986,-11.01530237557,0.));
#50 = CARTESIAN_POINT('',(143.88783361503,-11.02530824837,0.));
#51 = CARTESIAN_POINT('',(143.7958197284,-11.03480369859,0.));
#52 = CARTESIAN_POINT('',(143.70374909556,-11.04378859371,0.));
#53 = CARTESIAN_POINT('',(143.61162402227,-11.05226282512,0.));
#54 = CARTESIAN_POINT('',(143.51944681403,-11.06022630809,0.));
#55 = CARTESIAN_POINT('',(143.42721977578,-11.06767898177,0.));
#56 = CARTESIAN_POINT('',(143.33494521149,-11.07462080916,0.));
#57 = CARTESIAN_POINT('',(143.24262542386,-11.08105177708,0.));
#58 = CARTESIAN_POINT('',(143.15026271391,-11.08697189612,0.));
#59 = CARTESIAN_POINT('',(143.05785938066,-11.09238120064,0.));
#60 = CARTESIAN_POINT('',(142.96541772077,-11.0972797487,0.));
#61 = CARTESIAN_POINT('',(142.87294002818,-11.10166762202,0.));
#62 = CARTESIAN_POINT('',(142.78042859377,-11.10554492589,0.));
#63 = CARTESIAN_POINT('',(142.68788570501,-11.10891178915,0.));
#64 = CARTESIAN_POINT('',(142.59531364559,-11.11176836408,0.));
#65 = CARTESIAN_POINT('',(142.50271469511,-11.11411482639,0.));
#66 = CARTESIAN_POINT('',(142.41009112873,-11.11595137503,0.));
#67 = CARTESIAN_POINT('',(142.31744521678,-11.11727823223,0.));
#68 = CARTESIAN_POINT('',(142.22477922449,-11.1180956433,0.));
#69 = CARTESIAN_POINT('',(142.13209541162,-11.11840387659,0.));
#70 = CARTESIAN_POINT('',(142.0393960321,-11.11820322338,0.));
#71 = CARTESIAN_POINT('',(141.94668333376,-11.11749399776,0.));
#72 = CARTESIAN_POINT('',(141.85395955794,-11.11627653652,0.));
#73 = CARTESIAN_POINT('',(141.76122693919,-11.11455119901,0.));
#74 = CARTESIAN_POINT('',(141.66848770495,-11.11231836706,0.));
#75 = CARTESIAN_POINT('',(141.57574407522,-11.1095784448,0.));
#76 = CARTESIAN_POINT('',(141.48299826224,-11.10633185855,0.));
#77 = CARTESIAN_POINT('',(141.39025247018,-11.1025790567,0.));
#78 = CARTESIAN_POINT('',(141.29750889483,-11.09832050949,0.));
#79 = CARTESIAN_POINT('',(141.20476972328,-11.09355670895,0.));
#80 = CARTESIAN_POINT('',(141.11203713363,-11.08828816869,0.));
#81 = CARTESIAN_POINT('',(141.01931329468,-11.08251542374,0.));
#82 = CARTESIAN_POINT('',(140.92660036564,-11.0762390304,0.));
#83 = CARTESIAN_POINT('',(140.83390049582,-11.06945956608,0.));
#84 = CARTESIAN_POINT('',(140.74121582434,-11.06217762908,0.));
#85 = CARTESIAN_POINT('',(140.64854847988,-11.05439383849,0.));
#86 = CARTESIAN_POINT('',(140.55590058034,-11.0461088339,0.));
#87 = CARTESIAN_POINT('',(140.46327423262,-11.03732327533,0.));
#88 = CARTESIAN_POINT('',(140.37067153229,-11.02803784294,0.));
#89 = CARTESIAN_POINT('',(140.27809456337,-11.01825323688,0.));
#90 = CARTESIAN_POINT('',(140.18554539803,-11.0079701771,0.));
#91 = CARTESIAN_POINT('',(140.09302609632,-10.99718940313,0.));
#92 = CARTESIAN_POINT('',(140.00053870597,-10.98591167386,0.));
#93 = CARTESIAN_POINT('',(139.90808526206,-10.97413776734,0.));
#94 = CARTESIAN_POINT('',(139.81566778685,-10.9618684806,0.));
#95 = CARTESIAN_POINT('',(139.72328828945,-10.94910462938,0.));
#96 = CARTESIAN_POINT('',(139.63094876567,-10.93584704792,0.));
#97 = CARTESIAN_POINT('',(139.53865119773,-10.92209658877,0.));
#98 = CARTESIAN_POINT('',(139.44639755402,-10.90785412252,0.));
#99 = CARTESIAN_POINT('',(139.35418978892,-10.8931205376,0.));
#100 = CARTESIAN_POINT('',(139.26202984256,-10.87789674004,0.));
#101 = CARTESIAN_POINT('',(139.16991964059,-10.86218365322,0.));
#102 = CARTESIAN_POINT('',(139.07786109398,-10.84598221763,0.));
#103 = CARTESIAN_POINT('',(138.98585609884,-10.82929339068,0.));
#104 = CARTESIAN_POINT('',(138.89390653617,-10.81211814636,0.));
#105 = CARTESIAN_POINT('',(138.80201427169,-10.79445747511,0.));
#106 = CARTESIAN_POINT('',(138.71018115567,-10.77631238345,0.));
#107 = CARTESIAN_POINT('',(138.6184090227,-10.75768389385,0.));
#108 = CARTESIAN_POINT('',(138.52669969155,-10.73857304439,0.));
#109 = CARTESIAN_POINT('',(138.43505496497,-10.71898088852,0.));
#110 = CARTESIAN_POINT('',(138.34347662952,-10.69890849486,0.));
#111 = CARTESIAN_POINT('',(138.25196645542,-10.67835694687,0.));
#112 = CARTESIAN_POINT('',(138.16052619638,-10.65732734263,0.));
#113 = CARTESIAN_POINT('',(138.06915758944,-10.63582079458,0.));
#114 = CARTESIAN_POINT('',(137.97786235483,-10.61383842923,0.));
#115 = CARTESIAN_POINT('',(137.88664219583,-10.59138138694,0.));
#116 = CARTESIAN_POINT('',(137.7954987986,-10.56845082163,0.));
#117 = CARTESIAN_POINT('',(137.70443383208,-10.54504790049,0.));
#118 = CARTESIAN_POINT('',(137.61344894785,-10.52117380377,0.));
#119 = CARTESIAN_POINT('',(137.52254577998,-10.49682972446,0.));
#120 = CARTESIAN_POINT('',(137.43172594496,-10.47201686807,0.));
#121 = CARTESIAN_POINT('',(137.34099104153,-10.4467364523,0.));
#122 = CARTESIAN_POINT('',(137.25034265063,-10.42098970685,0.));
#123 = CARTESIAN_POINT('',(137.15978233523,-10.39477787308,0.));
#124 = CARTESIAN_POINT('',(137.06931164029,-10.36810220378,0.));
#125 = CARTESIAN_POINT('',(136.97893209263,-10.34096396287,0.));
#126 = CARTESIAN_POINT('',(136.88864520085,-10.31336442517,0.));
#127 = CARTESIAN_POINT('',(136.79845245525,-10.2853048761,0.));
#128 = CARTESIAN_POINT('',(136.70835532775,-10.25678661141,0.));
#129 = CARTESIAN_POINT('',(136.61835527181,-10.22781093694,0.));
#130 = CARTESIAN_POINT('',(136.52845372235,-10.19837916829,0.));
#131 = CARTESIAN_POINT('',(136.43865209572,-10.16849263063,0.));
#132 = CARTESIAN_POINT('',(136.34895178959,-10.13815265837,0.));
#133 = CARTESIAN_POINT('',(136.25935418296,-10.10736059491,0.));
#134 = CARTESIAN_POINT('',(136.16986063603,-10.07611779238,0.));
#135 = CARTESIAN_POINT('',(136.08047249023,-10.04442561137,0.));
#136 = CARTESIAN_POINT('',(135.99119106813,-10.01228542066,0.));
#137 = CARTESIAN_POINT('',(135.9020176734,-9.97969859695,0.));
#138 = CARTESIAN_POINT('',(135.81295359083,-9.946666524602,0.));
#139 = CARTESIAN_POINT('',(135.72400008623,-9.913190595384,0.));
#140 = CARTESIAN_POINT('',(135.63515840649,-9.879272208197,0.));
#141 = CARTESIAN_POINT('',(135.54642977946,-9.844912768816,0.));
#142 = CARTESIAN_POINT('',(135.45781541403,-9.810113689633,0.));
#143 = CARTESIAN_POINT('',(135.36931650006,-9.774876389395,0.));
#144 = CARTESIAN_POINT('',(135.28093420841,-9.739202292951,0.));
#145 = CARTESIAN_POINT('',(135.19266969092,-9.703092830995,0.));
#146 = CARTESIAN_POINT('',(135.10452408039,-9.666549439808,0.));
#147 = CARTESIAN_POINT('',(135.01649849063,-9.629573561013,0.));
#148 = CARTESIAN_POINT('',(134.92859401646,-9.592166641319,0.));
#149 = CARTESIAN_POINT('',(134.8408117337,-9.554330132272,0.));
#150 = CARTESIAN_POINT('',(134.75315269919,-9.516065490011,0.));
#151 = CARTESIAN_POINT('',(134.66561795087,-9.477374175021,0.));
#152 = CARTESIAN_POINT('',(134.5782085077,-9.438257651887,0.));
#153 = CARTESIAN_POINT('',(134.4909253698,-9.398717389057,0.));
#154 = CARTESIAN_POINT('',(134.40376951841,-9.358754858599,0.));
#155 = CARTESIAN_POINT('',(134.31674191596,-9.318371535966,0.));
#156 = CARTESIAN_POINT('',(134.22984350609,-9.277568899758,0.));
#157 = CARTESIAN_POINT('',(134.1430752137,-9.23634843149,0.));
#158 = CARTESIAN_POINT('',(134.05643794501,-9.194711615364,0.));
#159 = CARTESIAN_POINT('',(133.96993258761,-9.152659938034,0.));
#160 = CARTESIAN_POINT('',(133.88356001048,-9.110194888387,0.));
#161 = CARTESIAN_POINT('',(133.7973210641,-9.067317957312,0.));
#162 = CARTESIAN_POINT('',(133.71121658044,-9.024030637481,0.));
#163 = CARTESIAN_POINT('',(133.62524737311,-8.980334423133,0.));
#164 = CARTESIAN_POINT('',(133.53941423736,-8.936230809852,0.));
#165 = CARTESIAN_POINT('',(133.45371795015,-8.891721294354,0.));
#166 = CARTESIAN_POINT('',(133.36815927027,-8.846807374276,0.));
#167 = CARTESIAN_POINT('',(133.28273893836,-8.801490547968,0.));
#168 = CARTESIAN_POINT('',(133.19745767704,-8.755772314283,0.));
#169 = CARTESIAN_POINT('',(133.11231619095,-8.709654172375,0.));
#170 = CARTESIAN_POINT('',(133.02731516682,-8.663137621494,0.));
#171 = CARTESIAN_POINT('',(132.94245527362,-8.616224160795,0.));
#172 = CARTESIAN_POINT('',(132.85773716257,-8.568915289131,0.));
#173 = CARTESIAN_POINT('',(132.7731614673,-8.521212504867,0.));
#174 = CARTESIAN_POINT('',(132.68872880389,-8.473117305688,0.));
#175 = CARTESIAN_POINT('',(132.60443977097,-8.424631188407,0.));
#176 = CARTESIAN_POINT('',(132.52029494987,-8.375755648784,0.));
#177 = CARTESIAN_POINT('',(132.43629490463,-8.326492181342,0.));
#178 = CARTESIAN_POINT('',(132.3524401822,-8.276842279184,0.));
#179 = CARTESIAN_POINT('',(132.26873131244,-8.22680743382,0.));
#180 = CARTESIAN_POINT('',(132.18516880832,-8.176389134991,0.));
#181 = CARTESIAN_POINT('',(132.10175316595,-8.125588870496,0.));
#182 = CARTESIAN_POINT('',(132.01848486475,-8.074408126025,0.));
#183 = CARTESIAN_POINT('',(131.93536436752,-8.022848384994,0.));
#184 = CARTESIAN_POINT('',(131.85239212056,-7.970911128377,0.));
#185 = CARTESIAN_POINT('',(131.76956855378,-7.918597834551,0.));
#186 = CARTESIAN_POINT('',(131.68689408084,-7.865909979136,0.));
#187 = CARTESIAN_POINT('',(131.60436909924,-7.812849034841,0.));
#188 = CARTESIAN_POINT('',(131.52199399045,-7.75941647131,0.));
#189 = CARTESIAN_POINT('',(131.43976912001,-7.705613754975,0.));
#190 = CARTESIAN_POINT('',(131.35769483769,-7.65144234891,0.));
#191 = CARTESIAN_POINT('',(131.27577147756,-7.596903712687,0.));
#192 = CARTESIAN_POINT('',(131.19399935817,-7.541999302233,0.));
#193 = CARTESIAN_POINT('',(131.11237878262,-7.486730569694,0.));
#194 = CARTESIAN_POINT('',(131.03091003873,-7.431098963302,0.));
#195 = CARTESIAN_POINT('',(130.94959339912,-7.375105927239,0.));
#196 = CARTESIAN_POINT('',(130.8684291214,-7.31875290151,0.));
#197 = CARTESIAN_POINT('',(130.78741744823,-7.262041321814,0.));
#198 = CARTESIAN_POINT('',(130.70655860749,-7.204972619421,0.));
#199 = CARTESIAN_POINT('',(130.62585281241,-7.147548221053,0.));
#200 = CARTESIAN_POINT('',(130.54530026167,-7.08976954876,0.));
#201 = CARTESIAN_POINT('',(130.46490113958,-7.03163801981,0.));
#202 = CARTESIAN_POINT('',(130.38465561616,-6.973155046573,0.));
#203 = CARTESIAN_POINT('',(130.30456384731,-6.914322036408,0.));
#204 = CARTESIAN_POINT('',(130.22462597492,-6.855140391563,0.));
#205 = CARTESIAN_POINT('',(130.14484212701,-6.795611509059,0.));
#206 = CARTESIAN_POINT('',(130.06521241789,-6.735736780598,0.));
#207 = CARTESIAN_POINT('',(129.98573694824,-6.675517592454,0.));
#208 = CARTESIAN_POINT('',(129.90641580531,-6.614955325385,0.));
#209 = CARTESIAN_POINT('',(129.82724906298,-6.554051354529,0.));
#210 = CARTESIAN_POINT('',(129.74823678197,-6.492807049318,0.));
#211 = CARTESIAN_POINT('',(129.66937900994,-6.431223773387,0.));
#212 = CARTESIAN_POINT('',(129.59067578161,-6.369302884484,0.));
#213 = CARTESIAN_POINT('',(129.51212711892,-6.30704573439,0.));
#214 = CARTESIAN_POINT('',(129.43373303117,-6.244453668835,0.));
#215 = CARTESIAN_POINT('',(129.35549351514,-6.181528027415,0.));
#216 = CARTESIAN_POINT('',(129.27740855522,-6.11827014352,0.));
#217 = CARTESIAN_POINT('',(129.19947812359,-6.054681344257,0.));
#218 = CARTESIAN_POINT('',(129.12170218029,-5.990762950376,0.));
#219 = CARTESIAN_POINT('',(129.04408067341,-5.9265162762,0.));
#220 = CARTESIAN_POINT('',(128.9666135392,-5.861942629562,0.));
#221 = CARTESIAN_POINT('',(128.88930070222,-5.797043311733,0.));
#222 = CARTESIAN_POINT('',(128.81214207546,-5.731819617362,0.));
#223 = CARTESIAN_POINT('',(128.73513756048,-5.666272834415,0.));
#224 = CARTESIAN_POINT('',(128.65828704756,-5.600404244116,0.));
#225 = CARTESIAN_POINT('',(128.58159041581,-5.53421512089,0.));
#226 = CARTESIAN_POINT('',(128.50504753333,-5.467706732311,0.));
#227 = CARTESIAN_POINT('',(128.42865825733,-5.400880339044,0.));
#228 = CARTESIAN_POINT('',(128.35242243425,-5.333737194803,0.));
#229 = CARTESIAN_POINT('',(128.27633989993,-5.266278546295,0.));
#230 = CARTESIAN_POINT('',(128.20041047971,-5.198505633182,0.));
#231 = CARTESIAN_POINT('',(128.12463398859,-5.130419688028,0.));
#232 = CARTESIAN_POINT('',(128.04901023131,-5.062021936267,0.));
#233 = CARTESIAN_POINT('',(127.97353900256,-4.993313596156,0.));
#234 = CARTESIAN_POINT('',(127.89822008705,-4.924295878739,0.));
#235 = CARTESIAN_POINT('',(127.82305325965,-4.854969987811,0.));
#236 = CARTESIAN_POINT('',(127.74803828555,-4.785337119887,0.));
#237 = CARTESIAN_POINT('',(127.67317492036,-4.715398464164,0.));
#238 = CARTESIAN_POINT('',(127.59846291024,-4.645155202494,0.));
#239 = CARTESIAN_POINT('',(127.52390199204,-4.574608509358,0.));
#240 = CARTESIAN_POINT('',(127.44949189343,-4.503759551834,0.));
#241 = CARTESIAN_POINT('',(127.37523233301,-4.432609489573,0.));
#242 = CARTESIAN_POINT('',(127.30112302045,-4.361159474781,0.));
#243 = CARTESIAN_POINT('',(127.22716365661,-4.28941065219,0.));
#244 = CARTESIAN_POINT('',(127.15335393366,-4.217364159043,0.));
#245 = CARTESIAN_POINT('',(127.07969353522,-4.145021125075,0.));
#246 = CARTESIAN_POINT('',(127.00618213646,-4.072382672495,0.));
#247 = CARTESIAN_POINT('',(126.93281940423,-3.999449915973,0.));
#248 = CARTESIAN_POINT('',(126.85960499722,-3.926223962622,0.));
#249 = CARTESIAN_POINT('',(126.78653856599,-3.852705911993,0.));
#250 = CARTESIAN_POINT('',(126.7136197532,-3.77889685606,0.));
#251 = CARTESIAN_POINT('',(126.64084819363,-3.70479787921,0.));
#252 = CARTESIAN_POINT('',(126.56822351439,-3.630410058241,0.));
#253 = CARTESIAN_POINT('',(126.49574533494,-3.555734462349,0.));
#254 = CARTESIAN_POINT('',(126.42341326728,-3.48077215313,0.));
#255 = CARTESIAN_POINT('',(126.35122691606,-3.405524184571,0.));
#256 = CARTESIAN_POINT('',(126.27918587865,-3.329991603051,0.));
#257 = CARTESIAN_POINT('',(126.20728974529,-3.254175447343,0.));
#258 = CARTESIAN_POINT('',(126.13553809919,-3.178076748607,0.));
#259 = CARTESIAN_POINT('',(126.06393051664,-3.101696530401,0.));
#260 = CARTESIAN_POINT('',(125.99246656715,-3.025035808677,0.));
#261 = CARTESIAN_POINT('',(125.9211458135,-2.948095591789,0.));
#262 = CARTESIAN_POINT('',(125.84996781192,-2.8708768805,0.));
#263 = CARTESIAN_POINT('',(125.77893211213,-2.793380667983,0.));
#264 = CARTESIAN_POINT('',(125.70803825751,-2.715607939835,0.));
#265 = CARTESIAN_POINT('',(125.63728578515,-2.637559674084,0.));
#266 = CARTESIAN_POINT('',(125.566674226,-2.559236841196,0.));
#267 = CARTESIAN_POINT('',(125.49620310495,-2.480640404092,0.));
#268 = CARTESIAN_POINT('',(125.42587194094,-2.401771318155,0.));
#269 = CARTESIAN_POINT('',(125.35568024706,-2.322630531247,0.));
#270 = CARTESIAN_POINT('',(125.28562753065,-2.24321898372,0.));
#271 = CARTESIAN_POINT('',(125.21571329341,-2.163537608433,0.));
#272 = CARTESIAN_POINT('',(125.14593703148,-2.08358733077,0.));
#273 = CARTESIAN_POINT('',(125.07629823557,-2.003369068653,0.));
#274 = CARTESIAN_POINT('',(125.00679639101,-1.922883732561,0.));
#275 = CARTESIAN_POINT('',(124.93743097791,-1.842132225553,0.));
#276 = CARTESIAN_POINT('',(124.8682014712,-1.761115443282,0.));
#277 = CARTESIAN_POINT('',(124.79910734074,-1.67983427402,0.));
#278 = CARTESIAN_POINT('',(124.73014805142,-1.598289598674,0.));
#279 = CARTESIAN_POINT('',(124.66132306326,-1.516482290817,0.));
#280 = CARTESIAN_POINT('',(124.59263183149,-1.434413216699,0.));
#281 = CARTESIAN_POINT('',(124.52407380662,-1.352083235286,0.));
#282 = CARTESIAN_POINT('',(124.4556484346,-1.269493198254,0.));
#283 = CARTESIAN_POINT('',(124.38735515676,-1.186643950112,0.));
#284 = CARTESIAN_POINT('',(124.31919341029,-1.103536327866,0.));
#285 = CARTESIAN_POINT('',(124.25116262702,-1.0201711624,0.));
#286 = CARTESIAN_POINT('',(124.18326223824,-0.936549273435,0.));
#287 = CARTESIAN_POINT('',(124.1154916572,-0.852671488503,0.));
#288 = CARTESIAN_POINT('',(124.04785034486,-0.768538572156,0.));
#289 = CARTESIAN_POINT('',(123.98033756449,-0.684151490725,0.));
#290 = CARTESIAN_POINT('',(123.91295329951,-0.599510422747,0.));
#291 = CARTESIAN_POINT('',(123.84569482277,-0.514618458302,0.));
#292 = CARTESIAN_POINT('',(123.77856952148,-0.429467770322,0.));
#293 = CARTESIAN_POINT('',(123.71154695566,-0.344091309233,0.));
#294 = CARTESIAN_POINT('',(123.64473807417,-0.258369557255,0.));
#295 = CARTESIAN_POINT('',(123.57772526454,-0.172752925437,0.));
#296 = CARTESIAN_POINT('',(123.512066789,-8.556125894844E-02,0.));
#297 = CARTESIAN_POINT('',(123.46262933436,-2.741802197379E-02,0.));
#298 = CARTESIAN_POINT('',(123.43675218871,1.234863557577E-02,0.));
#299 = CARTESIAN_POINT('',(123.42141546588,1.965865449685E-02,0.));
#300 = CARTESIAN_POINT('',(123.40650949137,3.021218671891E-02,0.));
#301 = CARTESIAN_POINT('',(123.39101895057,4.014216314026E-02,0.));
#302 = CARTESIAN_POINT('',(123.37569296451,5.025763250524E-02,0.));
#303 = CARTESIAN_POINT('',(123.36033077472,6.034175323099E-02,0.));
#304 = CARTESIAN_POINT('',(123.3449861992,7.045263183607E-02,0.));
#305 = CARTESIAN_POINT('',(123.32964482711,8.057468617186E-02,0.));
#306 = CARTESIAN_POINT('',(123.31431053354,9.071208336033E-02,0.));
#307 = CARTESIAN_POINT('',(123.29898229276,0.100863697496,0.));
#308 = CARTESIAN_POINT('',(123.28366039248,0.111029821216,0.));
#309 = CARTESIAN_POINT('',(123.26834476845,0.121210367101,0.));
#310 = CARTESIAN_POINT('',(123.25303545064,0.131405349396,0.));
#311 = CARTESIAN_POINT('',(123.23773244384,0.14161475523,0.));
#312 = CARTESIAN_POINT('',(123.22243575958,0.151838578968,0.));
#313 = CARTESIAN_POINT('',(123.20714540752,0.162076812986,0.));
#314 = CARTESIAN_POINT('',(123.19186139783,0.172329450206,0.));
#315 = CARTESIAN_POINT('',(123.17658374054,0.182596483407,0.));
#316 = CARTESIAN_POINT('',(123.16131244572,0.192877905439,0.));
#317 = CARTESIAN_POINT('',(123.14604752334,0.203173708979,0.));
#318 = CARTESIAN_POINT('',(123.1307889835,0.213483886941,0.));
#319 = CARTESIAN_POINT('',(123.11553683619,0.223808432042,0.));
#320 = CARTESIAN_POINT('',(123.10029109142,0.234147337046,0.));
#321 = CARTESIAN_POINT('',(123.08505175921,0.244500594775,0.));
#322 = CARTESIAN_POINT('',(123.06981884954,0.254868197947,0.));
#323 = CARTESIAN_POINT('',(123.05459237241,0.265250139357,0.));
#324 = CARTESIAN_POINT('',(123.03937233775,0.275646411725,0.));
#325 = CARTESIAN_POINT('',(123.02415875557,0.286057007827,0.));
#326 = CARTESIAN_POINT('',(123.00895163583,0.296481920396,0.));
#327 = CARTESIAN_POINT('',(122.99375098847,0.306921142179,0.));
#328 = CARTESIAN_POINT('',(122.97855682343,0.317374665897,0.));
#329 = CARTESIAN_POINT('',(122.96336915065,0.327842484274,0.));
#330 = CARTESIAN_POINT('',(122.94818798006,0.338324590071,0.));
#331 = CARTESIAN_POINT('',(122.93301332154,0.348820975941,0.));
#332 = CARTESIAN_POINT('',(122.91784518503,0.359331634643,0.));
#333 = CARTESIAN_POINT('',(122.90268358043,0.369856558878,0.));
#334 = CARTESIAN_POINT('',(122.88752851762,0.38039574133,0.));
#335 = CARTESIAN_POINT('',(122.87238000649,0.390949174704,0.));
#336 = CARTESIAN_POINT('',(122.8572380569,0.401516851692,0.));
#337 = CARTESIAN_POINT('',(122.84210267873,0.412098764984,0.));
#338 = CARTESIAN_POINT('',(122.8269738818,0.422694907229,0.));
#339 = CARTESIAN_POINT('',(122.81185167601,0.433305271154,0.));
#340 = CARTESIAN_POINT('',(122.79673607116,0.443929849384,0.));
#341 = CARTESIAN_POINT('',(122.78162707707,0.45456863459,0.));
#342 = CARTESIAN_POINT('',(122.7665247036,0.465221619455,0.));
#343 = CARTESIAN_POINT('',(122.75142896054,0.47588879659,0.));
#344 = CARTESIAN_POINT('',(122.73633985773,0.486570158719,0.));
#345 = CARTESIAN_POINT('',(122.72125740488,0.497265698384,0.));
#346 = CARTESIAN_POINT('',(122.70618161182,0.507975408288,0.));
#347 = CARTESIAN_POINT('',(122.69111248835,0.518699281049,0.));
#348 = CARTESIAN_POINT('',(122.67605004423,0.529437309307,0.));
#349 = CARTESIAN_POINT('',(122.66099428921,0.540189485659,0.));
#350 = CARTESIAN_POINT('',(122.64594523304,0.550955802721,0.));
#351 = CARTESIAN_POINT('',(122.63090288548,0.561736253161,0.));
#352 = CARTESIAN_POINT('',(122.61586725621,0.572530829481,0.));
#353 = CARTESIAN_POINT('',(122.60083835503,0.583339524395,0.));
#354 = CARTESIAN_POINT('',(122.5858161916,0.594162330412,0.));
#355 = CARTESIAN_POINT('',(122.57080077568,0.604999240186,0.));
#356 = CARTESIAN_POINT('',(122.55579211692,0.615850246264,0.));
#357 = CARTESIAN_POINT('',(122.54079022502,0.626715341215,0.));
#358 = CARTESIAN_POINT('',(122.52579510971,0.637594517693,0.));
#359 = CARTESIAN_POINT('',(122.51080678058,0.648487768154,0.));
#360 = CARTESIAN_POINT('',(122.49582524736,0.659395085252,0.));
#361 = CARTESIAN_POINT('',(122.48085051969,0.670316461532,0.));
#362 = CARTESIAN_POINT('',(122.4658826072,0.681251889492,0.));
#363 = CARTESIAN_POINT('',(122.45092151955,0.692201361773,0.));
#364 = CARTESIAN_POINT('',(122.43596726636,0.703164870843,0.));
#365 = CARTESIAN_POINT('',(122.42101985724,0.714142409279,0.));
#366 = CARTESIAN_POINT('',(122.40607930183,0.725133969613,0.));
#367 = CARTESIAN_POINT('',(122.39114560972,0.736139544361,0.));
#368 = CARTESIAN_POINT('',(122.37621879051,0.747159126083,0.));
#369 = CARTESIAN_POINT('',(122.36129885375,0.758192707233,0.));
#370 = CARTESIAN_POINT('',(122.34638580908,0.769240280405,0.));
#371 = CARTESIAN_POINT('',(122.33147966602,0.780301838048,0.));
#372 = CARTESIAN_POINT('',(122.31658043415,0.791377372698,0.));
#373 = CARTESIAN_POINT('',(122.30168812303,0.802466876854,0.));
#374 = CARTESIAN_POINT('',(122.28680274217,0.813570342971,0.));
#375 = CARTESIAN_POINT('',(122.27192430117,0.824687763618,0.));
#376 = CARTESIAN_POINT('',(122.25705280949,0.835819131213,0.));
#377 = CARTESIAN_POINT('',(122.24218827665,0.846964438239,0.));
#378 = CARTESIAN_POINT('',(122.22733071219,0.858123677205,0.));
#379 = CARTESIAN_POINT('',(122.21248012562,0.869296840577,0.));
#380 = CARTESIAN_POINT('',(122.19763652639,0.880483920792,0.));
#381 = CARTESIAN_POINT('',(122.182799924,0.891684910315,0.));
#382 = CARTESIAN_POINT('',(122.16797032795,0.90289980165,0.));
#383 = CARTESIAN_POINT('',(122.15314774766,0.914128587189,0.));
#384 = CARTESIAN_POINT('',(122.13833219259,0.925371259384,0.));
#385 = CARTESIAN_POINT('',(122.12352367222,0.936627810716,0.));
#386 = CARTESIAN_POINT('',(122.10872219598,0.947898233595,0.));
#387 = CARTESIAN_POINT('',(122.09392777327,0.959182520429,0.));
#388 = CARTESIAN_POINT('',(122.07914041356,0.970480663692,0.));
#389 = CARTESIAN_POINT('',(122.06436012625,0.981792655793,0.));
#390 = CARTESIAN_POINT('',(122.04958692069,0.993118489097,0.));
#391 = CARTESIAN_POINT('',(122.03482080634,1.004458156083,0.));
#392 = CARTESIAN_POINT('',(122.02006179257,1.015811649135,0.));
#393 = CARTESIAN_POINT('',(122.00530988874,1.027178960634,0.));
#394 = CARTESIAN_POINT('',(121.99056510423,1.03856008301,0.));
#395 = CARTESIAN_POINT('',(121.97582744841,1.049955008623,0.));
#396 = CARTESIAN_POINT('',(121.96109693063,1.061363729897,0.));
#397 = CARTESIAN_POINT('',(121.94637356021,1.07278623918,0.));
#398 = CARTESIAN_POINT('',(121.93165734651,1.084222528874,0.));
#399 = CARTESIAN_POINT('',(121.91694829883,1.095672591331,0.));
#400 = CARTESIAN_POINT('',(121.90224642654,1.107136418948,0.));
#401 = CARTESIAN_POINT('',(121.8875517389,1.118614004073,0.));
#402 = CARTESIAN_POINT('',(121.87286424521,1.130105339041,0.));
#403 = CARTESIAN_POINT('',(121.8581839548,1.141610416275,0.));
#404 = CARTESIAN_POINT('',(121.84351087689,1.153129228033,0.));
#405 = CARTESIAN_POINT('',(121.82884502081,1.164661766732,0.));
#406 = CARTESIAN_POINT('',(121.81418639581,1.176208024694,0.));
#407 = CARTESIAN_POINT('',(121.79953501114,1.187767994232,0.));
#408 = CARTESIAN_POINT('',(121.78489087604,1.199341667695,0.));
#409 = CARTESIAN_POINT('',(121.77025399979,1.210929037418,0.));
#410 = CARTESIAN_POINT('',(121.75562439157,1.222530095717,0.));
#411 = CARTESIAN_POINT('',(121.7410020606,1.234144834872,0.));
#412 = CARTESIAN_POINT('',(121.72638701614,1.245773247259,0.));
#413 = CARTESIAN_POINT('',(121.71177926736,1.257415325147,0.));
#414 = CARTESIAN_POINT('',(121.69717882346,1.269071060829,0.));
#415 = CARTESIAN_POINT('',(121.68258569364,1.280740446648,0.));
#416 = CARTESIAN_POINT('',(121.66799988706,1.292423474844,0.));
#417 = CARTESIAN_POINT('',(121.6534214129,1.304120137744,0.));
#418 = CARTESIAN_POINT('',(121.63885028032,1.31583042762,0.));
#419 = CARTESIAN_POINT('',(121.62428649848,1.327554336748,0.));
#420 = CARTESIAN_POINT('',(121.60973007651,1.33929185742,0.));
#421 = CARTESIAN_POINT('',(121.59518102354,1.351042981878,0.));
#422 = CARTESIAN_POINT('',(121.5806393487,1.362807702409,0.));
#423 = CARTESIAN_POINT('',(121.56610506112,1.374586011277,0.));
#424 = CARTESIAN_POINT('',(121.55157816991,1.386377900737,0.));
#425 = CARTESIAN_POINT('',(121.53705868414,1.398183363015,0.));
#426 = CARTESIAN_POINT('',(121.52254661293,1.410002390406,0.));
#427 = CARTESIAN_POINT('',(121.50804196536,1.421834975113,0.));
#428 = CARTESIAN_POINT('',(121.4935447505,1.433681109397,0.));
#429 = CARTESIAN_POINT('',(121.47905497741,1.445540785491,0.));
#430 = CARTESIAN_POINT('',(121.46457265514,1.457413995601,0.));
#431 = CARTESIAN_POINT('',(121.45009779277,1.469300732002,0.));
#432 = CARTESIAN_POINT('',(121.43563039928,1.481200986857,0.));
#433 = CARTESIAN_POINT('',(121.42117048375,1.493114752415,0.));
#434 = CARTESIAN_POINT('',(121.40671805521,1.505042020907,0.));
#435 = CARTESIAN_POINT('',(121.39227312264,1.516982784489,0.));
#436 = CARTESIAN_POINT('',(121.37783569505,1.528937035412,0.));
#437 = CARTESIAN_POINT('',(121.36340578143,1.540904765836,0.));
#438 = CARTESIAN_POINT('',(121.34898339079,1.552885967986,0.));
#439 = CARTESIAN_POINT('',(121.33456853211,1.564880634053,0.));
#440 = CARTESIAN_POINT('',(121.32016121433,1.576888756186,0.));
#441 = CARTESIAN_POINT('',(121.30576144641,1.588910326607,0.));
#442 = CARTESIAN_POINT('',(121.29136923732,1.60094533746,0.));
#443 = CARTESIAN_POINT('',(121.27698459602,1.612993780951,0.));
#444 = CARTESIAN_POINT('',(121.26260753142,1.62505564922,0.));
#445 = CARTESIAN_POINT('',(121.24823805246,1.637130934443,0.));
#446 = CARTESIAN_POINT('',(121.23387616805,1.649219628783,0.));
#447 = CARTESIAN_POINT('',(121.21952188707,1.661321724377,0.));
#448 = CARTESIAN_POINT('',(121.20517521845,1.673437213386,0.));
#449 = CARTESIAN_POINT('',(121.1908361711,1.685566087974,0.));
#450 = CARTESIAN_POINT('',(121.17650475389,1.69770834026,0.));
#451 = CARTESIAN_POINT('',(121.16218097566,1.709863962377,0.));
#452 = CARTESIAN_POINT('',(121.1478648453,1.722032946482,0.));
#453 = CARTESIAN_POINT('',(121.13355637167,1.734215284686,0.));
#454 = CARTESIAN_POINT('',(121.11925556362,1.746410969119,0.));
#455 = CARTESIAN_POINT('',(121.10496242998,1.758619991905,0.));
#456 = CARTESIAN_POINT('',(121.09067697958,1.770842345143,0.));
#457 = CARTESIAN_POINT('',(121.07639922125,1.78307802098,0.));
#458 = CARTESIAN_POINT('',(121.0621291638,1.795327011485,0.));
#459 = CARTESIAN_POINT('',(121.04786681602,1.807589308779,0.));
#460 = CARTESIAN_POINT('',(121.03361218672,1.819864904973,0.));
#461 = CARTESIAN_POINT('',(121.01936528467,1.832153792123,0.));
#462 = CARTESIAN_POINT('',(121.00512611869,1.844455962379,0.));
#463 = CARTESIAN_POINT('',(120.9908946975,1.856771407767,0.));
#464 = CARTESIAN_POINT('',(120.97667102989,1.869100120408,0.));
#465 = CARTESIAN_POINT('',(120.9624551246,1.881442092368,0.));
#466 = CARTESIAN_POINT('',(120.94824699038,1.893797315712,0.));
#467 = CARTESIAN_POINT('',(120.93404663597,1.906165782534,0.));
#468 = CARTESIAN_POINT('',(120.91985407007,1.918547484863,0.));
#469 = CARTESIAN_POINT('',(120.90566930143,1.930942414809,0.));
#470 = CARTESIAN_POINT('',(120.89149233872,1.943350564365,0.));
#471 = CARTESIAN_POINT('',(120.87732319069,1.955771925646,0.));
#472 = CARTESIAN_POINT('',(120.86316186601,1.968206490678,0.));
#473 = CARTESIAN_POINT('',(120.84900837333,1.98065425148,0.));
#474 = CARTESIAN_POINT('',(120.83486272136,1.993115200129,0.));
#475 = CARTESIAN_POINT('',(120.82072491877,2.005589328655,0.));
#476 = CARTESIAN_POINT('',(120.80659497418,2.018076629066,0.));
#477 = CARTESIAN_POINT('',(120.79247289626,2.030577093407,0.));
#478 = CARTESIAN_POINT('',(120.77835869368,2.043090713732,0.));
#479 = CARTESIAN_POINT('',(120.764252375,2.05561748199,0.));
#480 = CARTESIAN_POINT('',(120.75015394889,2.068157390258,0.));
#481 = CARTESIAN_POINT('',(120.73606342397,2.080710430534,0.));
#482 = CARTESIAN_POINT('',(120.72198080881,2.0932765948,0.));
#483 = CARTESIAN_POINT('',(120.70790611204,2.105855875107,0.));
#484 = CARTESIAN_POINT('',(120.69383934221,2.118448263402,0.));
#485 = CARTESIAN_POINT('',(120.67978050792,2.131053751708,0.));
#486 = CARTESIAN_POINT('',(120.66572961776,2.143672332037,0.));
#487 = CARTESIAN_POINT('',(120.65168668025,2.156303996327,0.));
#488 = CARTESIAN_POINT('',(120.63765170397,2.168948736607,0.));
#489 = CARTESIAN_POINT('',(120.62362469744,2.181606544825,0.));
#490 = CARTESIAN_POINT('',(120.60960566922,2.194277412986,0.));
#491 = CARTESIAN_POINT('',(120.59559462781,2.206961333035,0.));
#492 = CARTESIAN_POINT('',(120.58159158173,2.219658296936,0.));
#493 = CARTESIAN_POINT('',(120.56759653955,2.232368296701,0.));
#494 = CARTESIAN_POINT('',(120.5536095097,2.24509132423,0.));
#495 = CARTESIAN_POINT('',(120.53963050068,2.257827371521,0.));
#496 = CARTESIAN_POINT('',(120.52565952097,2.270576430488,0.));
#497 = CARTESIAN_POINT('',(120.51169657906,2.283338493107,0.));
#498 = CARTESIAN_POINT('',(120.49774168345,2.296113551348,0.));
#499 = CARTESIAN_POINT('',(120.48379484252,2.308901597065,0.));
#500 = CARTESIAN_POINT('',(120.46985606477,2.321702622279,0.));
#501 = CARTESIAN_POINT('',(120.45592535864,2.334516618897,0.));
#502 = CARTESIAN_POINT('',(120.44200273253,2.347343578821,0.));
#503 = CARTESIAN_POINT('',(120.42808819488,2.360183493998,0.));
#504 = CARTESIAN_POINT('',(120.41418175411,2.373036356362,0.));
#505 = CARTESIAN_POINT('',(120.40028341861,2.385902157801,0.));
#506 = CARTESIAN_POINT('',(120.38639319678,2.398780890233,0.));
#507 = CARTESIAN_POINT('',(120.37251109702,2.411672545602,0.));
#508 = CARTESIAN_POINT('',(120.35863712768,2.424577115756,0.));
#509 = CARTESIAN_POINT('',(120.34477129715,2.437494592643,0.));
#510 = CARTESIAN_POINT('',(120.33091361379,2.450424968139,0.));
#511 = CARTESIAN_POINT('',(120.31706408595,2.46336823414,0.));
#512 = CARTESIAN_POINT('',(120.30322272198,2.476324382545,0.));
#513 = CARTESIAN_POINT('',(120.2893895302,2.489293405223,0.));
#514 = CARTESIAN_POINT('',(120.27556451895,2.502275294073,0.));
#515 = CARTESIAN_POINT('',(120.26174769654,2.515270040967,0.));
#516 = CARTESIAN_POINT('',(120.24793907128,2.52827763778,0.));
#517 = CARTESIAN_POINT('',(120.23413865146,2.541298076372,0.));
#518 = CARTESIAN_POINT('',(120.22034644539,2.554331348631,0.));
#519 = CARTESIAN_POINT('',(120.20656246136,2.567377446417,0.));
#520 = CARTESIAN_POINT('',(120.19278670761,2.580436361559,0.));
#521 = CARTESIAN_POINT('',(120.17901919244,2.593508085961,0.));
#522 = CARTESIAN_POINT('',(120.16525992408,2.606592611435,0.));
#523 = CARTESIAN_POINT('',(120.15150891078,2.619689929847,0.));
#524 = CARTESIAN_POINT('',(120.13776616081,2.632800033042,0.));
#525 = CARTESIAN_POINT('',(120.12403168238,2.645922912865,0.));
#526 = CARTESIAN_POINT('',(120.11030548371,2.659058561139,0.));
#527 = CARTESIAN_POINT('',(120.096587573,2.672206969697,0.));
#528 = CARTESIAN_POINT('',(120.0828779585,2.685368130405,0.));
#529 = CARTESIAN_POINT('',(120.06917664834,2.69854203503,0.));
#530 = CARTESIAN_POINT('',(120.05548365076,2.711728675444,0.));
#531 = CARTESIAN_POINT('',(120.04179897393,2.724928043446,0.));
#532 = CARTESIAN_POINT('',(120.02812262601,2.738140130855,0.));
#533 = CARTESIAN_POINT('',(120.01445461516,2.751364929477,0.));
#534 = CARTESIAN_POINT('',(120.00079494953,2.764602431117,0.));
#535 = CARTESIAN_POINT('',(119.9871436373,2.777852627609,0.));
#536 = CARTESIAN_POINT('',(119.97350068655,2.79111551071,0.));
#537 = CARTESIAN_POINT('',(119.95986610543,2.804391072244,0.));
#538 = CARTESIAN_POINT('',(119.94623990207,2.817679304004,0.));
#539 = CARTESIAN_POINT('',(119.93262208458,2.830980197772,0.));
#540 = CARTESIAN_POINT('',(119.91901266104,2.844293745338,0.));
#541 = CARTESIAN_POINT('',(119.90541163955,2.857619938475,0.));
#542 = CARTESIAN_POINT('',(119.89181902821,2.870958768986,0.));
#543 = CARTESIAN_POINT('',(119.87823483507,2.884310228628,0.));
#544 = CARTESIAN_POINT('',(119.8646590682,2.897674309163,0.));
#545 = CARTESIAN_POINT('',(119.85109173568,2.911051002391,0.));
#546 = CARTESIAN_POINT('',(119.83753284554,2.924440300055,0.));
#547 = CARTESIAN_POINT('',(119.82398240583,2.937842193918,0.));
#548 = CARTESIAN_POINT('',(119.81044042456,2.951256675736,0.));
#549 = CARTESIAN_POINT('',(119.79690690978,2.96468373728,0.));
#550 = CARTESIAN_POINT('',(119.78338186949,2.978123370283,0.));
#551 = CARTESIAN_POINT('',(119.76986531169,2.991575566495,0.));
#552 = CARTESIAN_POINT('',(119.75635724439,3.005040317667,0.));
#553 = CARTESIAN_POINT('',(119.74285767559,3.018517615544,0.));
#554 = CARTESIAN_POINT('',(119.72936661323,3.032007451848,0.));
#555 = CARTESIAN_POINT('',(119.71588406528,3.045509818305,0.));
#556 = CARTESIAN_POINT('',(119.70241003977,3.059024706693,0.));
#557 = CARTESIAN_POINT('',(119.68894454458,3.072552108676,0.));
#558 = CARTESIAN_POINT('',(119.67548758769,3.086092016017,0.));
#559 = CARTESIAN_POINT('',(119.66203917704,3.099644420438,0.));
#560 = CARTESIAN_POINT('',(119.64859932052,3.113209313609,0.));
#561 = CARTESIAN_POINT('',(119.63516802611,3.126786687313,0.));
#562 = CARTESIAN_POINT('',(119.62174530167,3.140376533207,0.));
#563 = CARTESIAN_POINT('',(119.60833115511,3.153978843,0.));
#564 = CARTESIAN_POINT('',(119.59492559435,3.167593608435,0.));
#565 = CARTESIAN_POINT('',(119.58152862724,3.181220821161,0.));
#566 = CARTESIAN_POINT('',(119.56814026168,3.194860472909,0.));
#567 = CARTESIAN_POINT('',(119.55476050551,3.208512555354,0.));
#568 = CARTESIAN_POINT('',(119.54138936661,3.222177060187,0.));
#569 = CARTESIAN_POINT('',(119.52802685284,3.235853979112,0.));
#570 = CARTESIAN_POINT('',(119.51467297201,3.24954330378,0.));
#571 = CARTESIAN_POINT('',(119.50132773198,3.263245025894,0.));
#572 = CARTESIAN_POINT('',(119.48799114057,3.276959137132,0.));
#573 = CARTESIAN_POINT('',(119.47466320557,3.290685629135,0.));
#574 = CARTESIAN_POINT('',(119.46134393482,3.304424493613,0.));
#575 = CARTESIAN_POINT('',(119.4480333361,3.318175722219,0.));
#576 = CARTESIAN_POINT('',(119.43473141717,3.331939306584,0.));
#577 = CARTESIAN_POINT('',(119.42143818586,3.345715238406,0.));
#578 = CARTESIAN_POINT('',(119.40815364996,3.359503509342,0.));
#579 = CARTESIAN_POINT('',(119.39487781717,3.373304111012,0.));
#580 = CARTESIAN_POINT('',(119.38161069526,3.387117035091,0.));
#581 = CARTESIAN_POINT('',(119.368352292,3.400942273215,0.));
#582 = CARTESIAN_POINT('',(119.35510261511,3.414779817036,0.));
#583 = CARTESIAN_POINT('',(119.34186167233,3.428629658187,0.));
#584 = CARTESIAN_POINT('',(119.32862947137,3.442491788302,0.));
#585 = CARTESIAN_POINT('',(119.31540601994,3.456366199017,0.));
#586 = CARTESIAN_POINT('',(119.30219132576,3.470252881966,0.));
#587 = CARTESIAN_POINT('',(119.28898539651,3.484151828777,0.));
#588 = CARTESIAN_POINT('',(119.27578823986,3.498063031049,0.));
#589 = CARTESIAN_POINT('',(119.26259986354,3.511986480447,0.));
#590 = CARTESIAN_POINT('',(119.24942027518,3.525922168551,0.));
#591 = CARTESIAN_POINT('',(119.23624948242,3.539870086989,0.));
#592 = CARTESIAN_POINT('',(119.22308749293,3.553830227369,0.));
#593 = CARTESIAN_POINT('',(119.20993431437,3.5678025813,0.));
#594 = CARTESIAN_POINT('',(119.19678995436,3.581787140394,0.));
#595 = CARTESIAN_POINT('',(119.18365442052,3.595783896233,0.));
#596 = CARTESIAN_POINT('',(119.17052772049,3.60979284044,0.));
#597 = CARTESIAN_POINT('',(119.15740986184,3.62381396458,0.));
#598 = CARTESIAN_POINT('',(119.14430085221,3.637847260284,0.));
#599 = CARTESIAN_POINT('',(119.13120069914,3.651892719097,0.));
#600 = CARTESIAN_POINT('',(119.11810941027,3.665950332637,0.));
#601 = CARTESIAN_POINT('',(119.10502699315,3.68002009249,0.));
#602 = CARTESIAN_POINT('',(119.0919534553,3.694101990185,0.));
#603 = CARTESIAN_POINT('',(119.07888880436,3.70819601737,0.));
#604 = CARTESIAN_POINT('',(119.06583304783,3.722302165576,0.));
#605 = CARTESIAN_POINT('',(119.05278619323,3.736420426364,0.));
#606 = CARTESIAN_POINT('',(119.03974824814,3.750550791338,0.));
#607 = CARTESIAN_POINT('',(119.02671922004,3.764693252029,0.));
#608 = CARTESIAN_POINT('',(119.01369911647,3.778847800014,0.));
#609 = CARTESIAN_POINT('',(119.00068794493,3.793014426862,0.));
#610 = CARTESIAN_POINT('',(118.98768571288,3.80719312409,0.));
#611 = CARTESIAN_POINT('',(118.97469242785,3.82138388329,0.));
#612 = CARTESIAN_POINT('',(118.96170809732,3.835586695997,0.));
#613 = CARTESIAN_POINT('',(118.94873272873,3.849801553741,0.));
#614 = CARTESIAN_POINT('',(118.93576632958,3.864028448099,0.));
#615 = CARTESIAN_POINT('',(118.92280890729,3.878267370576,0.));
#616 = CARTESIAN_POINT('',(118.9098604693,3.892518312728,0.));
#617 = CARTESIAN_POINT('',(118.89692102307,3.90678126608,0.));
#618 = CARTESIAN_POINT('',(118.88399057604,3.921056222188,0.));
#619 = CARTESIAN_POINT('',(118.87106913558,3.93534317254,0.));
#620 = CARTESIAN_POINT('',(118.85815670912,3.949642108681,0.));
#621 = CARTESIAN_POINT('',(118.84525330409,3.96395302215,0.));
#622 = CARTESIAN_POINT('',(118.83235892785,3.978275904432,0.));
#623 = CARTESIAN_POINT('',(118.81947358781,3.992610747073,0.));
#624 = CARTESIAN_POINT('',(118.80659729132,4.006957541575,0.));
#625 = CARTESIAN_POINT('',(118.79373004574,4.021316279431,0.));
#626 = CARTESIAN_POINT('',(118.78087185847,4.035686952181,0.));
#627 = CARTESIAN_POINT('',(118.76802273684,4.050069551322,0.));
#628 = CARTESIAN_POINT('',(118.75518268816,4.064464068318,0.));
#629 = CARTESIAN_POINT('',(118.74235171981,4.078870494727,0.));
#630 = CARTESIAN_POINT('',(118.72952983908,4.093288822002,0.));
#631 = CARTESIAN_POINT('',(118.71671705331,4.107719041641,0.));
#632 = CARTESIAN_POINT('',(118.70391336981,4.122161145174,0.));
#633 = CARTESIAN_POINT('',(118.69111879583,4.136615124017,0.));
#634 = CARTESIAN_POINT('',(118.67833333871,4.151080969719,0.));
#635 = CARTESIAN_POINT('',(118.66555700572,4.165558673743,0.));
#636 = CARTESIAN_POINT('',(118.65278980411,4.180048227539,0.));
#637 = CARTESIAN_POINT('',(118.64003174118,4.194549622621,0.));
#638 = CARTESIAN_POINT('',(118.62728282417,4.209062850446,0.));
#639 = CARTESIAN_POINT('',(118.61454306033,4.223587902495,0.));
#640 = CARTESIAN_POINT('',(118.60181245686,4.238124770194,0.));
#641 = CARTESIAN_POINT('',(118.58909102105,4.252673445082,0.));
#642 = CARTESIAN_POINT('',(118.57637876008,4.267233918552,0.));
#643 = CARTESIAN_POINT('',(118.56367568117,4.281806182089,0.));
#644 = CARTESIAN_POINT('',(118.55098179156,4.296390227178,0.));
#645 = CARTESIAN_POINT('',(118.53829709838,4.31098604521,0.));
#646 = CARTESIAN_POINT('',(118.52562160886,4.3255936277,0.));
#647 = CARTESIAN_POINT('',(118.51295533017,4.340212966041,0.));
#648 = CARTESIAN_POINT('',(118.50029826951,4.354844051734,0.));
#649 = CARTESIAN_POINT('',(118.48765043398,4.369486876178,0.));
#650 = CARTESIAN_POINT('',(118.47501183075,4.384141430815,0.));
#651 = CARTESIAN_POINT('',(118.462382467,4.398807707117,0.));
#652 = CARTESIAN_POINT('',(118.44976234984,4.413485696483,0.));
#653 = CARTESIAN_POINT('',(118.43715148641,4.428175390376,0.));
#654 = CARTESIAN_POINT('',(118.42454988378,4.442876780172,0.));
#655 = CARTESIAN_POINT('',(118.41195754913,4.457589857361,0.));
#656 = CARTESIAN_POINT('',(118.39937448955,4.472314613345,0.));
#657 = CARTESIAN_POINT('',(118.38680071206,4.487051039512,0.));
#658 = CARTESIAN_POINT('',(118.37423622382,4.501799127324,0.));
#659 = CARTESIAN_POINT('',(118.36168103188,4.516558868171,0.));
#660 = CARTESIAN_POINT('',(118.34913514333,4.531330253493,0.));
#661 = CARTESIAN_POINT('',(118.33659856517,4.546113274655,0.));
#662 = CARTESIAN_POINT('',(118.32407130451,4.56090792311,0.));
#663 = CARTESIAN_POINT('',(118.31155336836,4.575714190249,0.));
#664 = CARTESIAN_POINT('',(118.29904476375,4.590532067453,0.));
#665 = CARTESIAN_POINT('',(118.28654549773,4.605361546154,0.));
#666 = CARTESIAN_POINT('',(118.2740555773,4.620202617728,0.));
#667 = CARTESIAN_POINT('',(118.26157500949,4.635055273591,0.));
#668 = CARTESIAN_POINT('',(118.24910380123,4.649919505101,0.));
#669 = CARTESIAN_POINT('',(118.23664195957,4.664795303671,0.));
#670 = CARTESIAN_POINT('',(118.2241894915,4.679682660701,0.));
#671 = CARTESIAN_POINT('',(118.21174640396,4.694581567545,0.));
#672 = CARTESIAN_POINT('',(118.19931270392,4.709492015599,0.));
#673 = CARTESIAN_POINT('',(118.18688839835,4.724413996245,0.));
#674 = CARTESIAN_POINT('',(118.1744734942,4.739347500857,0.));
#675 = CARTESIAN_POINT('',(118.16206799839,4.754292520816,0.));
#676 = CARTESIAN_POINT('',(118.14967191783,4.769249047469,0.));
#677 = CARTESIAN_POINT('',(118.1372852595,4.784217072214,0.));
#678 = CARTESIAN_POINT('',(118.12490803029,4.799196586419,0.));
#679 = CARTESIAN_POINT('',(118.11254023708,4.814187581413,0.));
#680 = CARTESIAN_POINT('',(118.10018188678,4.829190048587,0.));
#681 = CARTESIAN_POINT('',(118.08783298631,4.844203979302,0.));
#682 = CARTESIAN_POINT('',(118.07549354251,4.859229364902,0.));
#683 = CARTESIAN_POINT('',(118.06316356226,4.874266196737,0.));
#684 = CARTESIAN_POINT('',(118.05084305243,4.889314466174,0.));
#685 = CARTESIAN_POINT('',(118.03853201987,4.904374164558,0.));
#686 = CARTESIAN_POINT('',(118.02623047142,4.919445283235,0.));
#687 = CARTESIAN_POINT('',(118.01393841389,4.934527813527,0.));
#688 = CARTESIAN_POINT('',(118.00165585418,4.949621746819,0.));
#689 = CARTESIAN_POINT('',(117.98938279907,4.964727074425,0.));
#690 = CARTESIAN_POINT('',(117.97711925535,4.97984378767,0.));
#691 = CARTESIAN_POINT('',(117.96486522985,4.994971877916,0.));
#692 = CARTESIAN_POINT('',(117.95262072935,5.010111336471,0.));
#693 = CARTESIAN_POINT('',(117.94038576066,5.025262154696,0.));
#694 = CARTESIAN_POINT('',(117.92816033051,5.040424323875,0.));
#695 = CARTESIAN_POINT('',(117.91594444571,5.055597835365,0.));
#696 = CARTESIAN_POINT('',(117.90373811303,5.070782680492,0.));
#697 = CARTESIAN_POINT('',(117.89154133917,5.085978850546,0.));
#698 = CARTESIAN_POINT('',(117.87935413091,5.101186336875,0.));
#699 = CARTESIAN_POINT('',(117.86717649498,5.116405130765,0.));
#700 = CARTESIAN_POINT('',(117.85500843813,5.131635223576,0.));
#701 = CARTESIAN_POINT('',(117.84284996702,5.146876606568,0.));
#702 = CARTESIAN_POINT('',(117.83070108838,5.162129271062,0.));
#703 = CARTESIAN_POINT('',(117.81856180895,5.177393208403,0.));
#704 = CARTESIAN_POINT('',(117.80643213538,5.19266840984,0.));
#705 = CARTESIAN_POINT('',(117.79431207437,5.207954866711,0.));
#706 = CARTESIAN_POINT('',(117.78220163258,5.223252570291,0.));
#707 = CARTESIAN_POINT('',(117.77010081671,5.238561511905,0.));
#708 = CARTESIAN_POINT('',(117.75800963338,5.253881682827,0.));
#709 = CARTESIAN_POINT('',(117.74592808925,5.26921307434,0.));
#710 = CARTESIAN_POINT('',(117.73385619099,5.284555677766,0.));
#711 = CARTESIAN_POINT('',(117.7217939452,5.299909484363,0.));
#712 = CARTESIAN_POINT('',(117.70974135852,5.315274485441,0.));
#713 = CARTESIAN_POINT('',(117.69769843754,5.330650672249,0.));
#714 = CARTESIAN_POINT('',(117.68566518891,5.346038036103,0.));
#715 = CARTESIAN_POINT('',(117.67364161922,5.361436568275,0.));
#716 = CARTESIAN_POINT('',(117.66162773503,5.376846260018,0.));
#717 = CARTESIAN_POINT('',(117.64962354293,5.392267102628,0.));
#718 = CARTESIAN_POINT('',(117.63762904952,5.407699087374,0.));
#719 = CARTESIAN_POINT('',(117.62564426135,5.423142205528,0.));
#720 = CARTESIAN_POINT('',(117.61366918495,5.438596448341,0.));
#721 = CARTESIAN_POINT('',(117.60170382691,5.454061807093,0.));
#722 = CARTESIAN_POINT('',(117.58974819376,5.469538273047,0.));
#723 = CARTESIAN_POINT('',(117.57780229204,5.485025837468,0.));
#724 = CARTESIAN_POINT('',(117.56586612823,5.500524491591,0.));
#725 = CARTESIAN_POINT('',(117.55393970887,5.516034226701,0.));
#726 = CARTESIAN_POINT('',(117.54202304047,5.531555034046,0.));
#727 = CARTESIAN_POINT('',(117.53011612951,5.547086904862,0.));
#728 = CARTESIAN_POINT('',(117.5182189825,5.562629830412,0.));
#729 = CARTESIAN_POINT('',(117.50633160594,5.57818380195,0.));
#730 = CARTESIAN_POINT('',(117.49445400627,5.59374881071,0.));
#731 = CARTESIAN_POINT('',(117.48258618995,5.609324847939,0.));
#732 = CARTESIAN_POINT('',(117.47072816344,5.624911904878,0.));
#733 = CARTESIAN_POINT('',(117.45887993319,5.64050997277,0.));
#734 = CARTESIAN_POINT('',(117.44704150565,5.656119042854,0.));
#735 = CARTESIAN_POINT('',(117.43521288724,5.671739106363,0.));
#736 = CARTESIAN_POINT('',(117.42339408436,5.687370154515,0.));
#737 = CARTESIAN_POINT('',(117.41158510346,5.703012178571,0.));
#738 = CARTESIAN_POINT('',(117.39978595094,5.71866516974,0.));
#739 = CARTESIAN_POINT('',(117.38799663317,5.734329119247,0.));
#740 = CARTESIAN_POINT('',(117.37621715656,5.75000401833,0.));
#741 = CARTESIAN_POINT('',(117.36444752747,5.765689858198,0.));
#742 = CARTESIAN_POINT('',(117.35268775229,5.781386630086,0.));
#743 = CARTESIAN_POINT('',(117.34093783738,5.797094325202,0.));
#744 = CARTESIAN_POINT('',(117.32919778907,5.812812934764,0.));
#745 = CARTESIAN_POINT('',(117.31746761374,5.828542449993,0.));
#746 = CARTESIAN_POINT('',(117.30574731771,5.844282862093,0.));
#747 = CARTESIAN_POINT('',(117.29403690731,5.860034162284,0.));
#748 = CARTESIAN_POINT('',(117.28233638886,5.875796341767,0.));
#749 = CARTESIAN_POINT('',(117.27064576866,5.891569391748,0.));
#750 = CARTESIAN_POINT('',(117.25896505304,5.907353303442,0.));
#751 = CARTESIAN_POINT('',(117.24729424827,5.923148068035,0.));
#752 = CARTESIAN_POINT('',(117.23563336067,5.938953676756,0.));
#753 = CARTESIAN_POINT('',(117.22398239646,5.954770120757,0.));
#754 = CARTESIAN_POINT('',(117.21234136197,5.970597391283,0.));
#755 = CARTESIAN_POINT('',(117.20071026345,5.986435479511,0.));
#756 = CARTESIAN_POINT('',(117.18908910711,6.00228437661,0.));
#757 = CARTESIAN_POINT('',(117.17747789925,6.018144073814,0.));
#758 = CARTESIAN_POINT('',(117.16587664607,6.034014562277,0.));
#759 = CARTESIAN_POINT('',(117.15428535381,6.049895833204,0.));
#760 = CARTESIAN_POINT('',(117.14270402869,6.065787877778,0.));
#761 = CARTESIAN_POINT('',(117.13113267691,6.081690687175,0.));
#762 = CARTESIAN_POINT('',(117.11957130468,6.097604252579,0.));
#763 = CARTESIAN_POINT('',(117.10801991821,6.113528565173,0.));
#764 = CARTESIAN_POINT('',(117.09647852369,6.129463616148,0.));
#765 = CARTESIAN_POINT('',(117.08494712722,6.145409396628,0.));
#766 = CARTESIAN_POINT('',(117.07342573508,6.161365897852,0.));
#767 = CARTESIAN_POINT('',(117.06191435338,6.177333110967,0.));
#768 = CARTESIAN_POINT('',(117.05041298824,6.19331102711,0.));
#769 = CARTESIAN_POINT('',(117.03892164585,6.209299637505,0.));
#770 = CARTESIAN_POINT('',(117.02744033233,6.225298933275,0.));
#771 = CARTESIAN_POINT('',(117.01596905382,6.241308905606,0.));
#772 = CARTESIAN_POINT('',(117.00450781643,6.257329545657,0.));
#773 = CARTESIAN_POINT('',(116.99305662626,6.273360844578,0.));
#774 = CARTESIAN_POINT('',(116.98161548943,6.289402793545,0.));
#775 = CARTESIAN_POINT('',(116.97018441201,6.305455383707,0.));
#776 = CARTESIAN_POINT('',(116.9587634001,6.321518606212,0.));
#777 = CARTESIAN_POINT('',(116.94735245977,6.33759245222,0.));
#778 = CARTESIAN_POINT('',(116.93595159713,6.3536769129,0.));
#779 = CARTESIAN_POINT('',(116.92456081817,6.369771979361,0.));
#780 = CARTESIAN_POINT('',(116.91318012899,6.385877642791,0.));
#781 = CARTESIAN_POINT('',(116.90180953563,6.401993894315,0.));
#782 = CARTESIAN_POINT('',(116.89044904411,6.418120725088,0.));
#783 = CARTESIAN_POINT('',(116.87909866045,6.434258126246,0.));
#784 = CARTESIAN_POINT('',(116.86775839067,6.450406088913,0.));
#785 = CARTESIAN_POINT('',(116.85642824085,6.466564604287,0.));
#786 = CARTESIAN_POINT('',(116.84510821689,6.482733663433,0.));
#787 = CARTESIAN_POINT('',(116.83379832483,6.498913257528,0.));
#788 = CARTESIAN_POINT('',(116.82249857065,6.515103377704,0.));
#789 = CARTESIAN_POINT('',(116.81120896033,6.531304015078,0.));
#790 = CARTESIAN_POINT('',(116.79992949985,6.547515160805,0.));
#791 = CARTESIAN_POINT('',(116.78866019514,6.563736805971,0.));
#792 = CARTESIAN_POINT('',(116.77740105221,6.579968941766,0.));
#793 = CARTESIAN_POINT('',(116.76615207693,6.596211559255,0.));
#794 = CARTESIAN_POINT('',(116.75491327526,6.61246464959,0.));
#795 = CARTESIAN_POINT('',(116.74368465316,6.628728203907,0.));
#796 = CARTESIAN_POINT('',(116.7324662165,6.645002213294,0.));
#797 = CARTESIAN_POINT('',(116.72125797123,6.661286668892,0.));
#798 = CARTESIAN_POINT('',(116.71005992323,6.677581561811,0.));
#799 = CARTESIAN_POINT('',(116.69887207841,6.693886883178,0.));
#800 = CARTESIAN_POINT('',(116.68769444262,6.71020262408,0.));
#801 = CARTESIAN_POINT('',(116.67652702178,6.726528775657,0.));
#802 = CARTESIAN_POINT('',(116.66536982174,6.742865329013,0.));
#803 = CARTESIAN_POINT('',(116.65422284835,6.759212275235,0.));
#804 = CARTESIAN_POINT('',(116.64308610749,6.775569605476,0.));
#805 = CARTESIAN_POINT('',(116.63195960496,6.791937310784,0.));
#806 = CARTESIAN_POINT('',(116.62084334663,6.808315382312,0.));
#807 = CARTESIAN_POINT('',(116.60973733834,6.82470381115,0.));
#808 = CARTESIAN_POINT('',(116.59864158585,6.841102588364,0.));
#809 = CARTESIAN_POINT('',(116.58755609504,6.857511705123,0.));
#810 = CARTESIAN_POINT('',(116.57648087165,6.873931152452,0.));
#811 = CARTESIAN_POINT('',(116.56541592151,6.890360921491,0.));
#812 = CARTESIAN_POINT('',(116.55436125042,6.906801003329,0.));
#813 = CARTESIAN_POINT('',(116.54331686412,6.923251389047,0.));
#814 = CARTESIAN_POINT('',(116.5322827684,6.939712069743,0.));
#815 = CARTESIAN_POINT('',(116.52125896901,6.956183036505,0.));
#816 = CARTESIAN_POINT('',(116.51024547172,6.972664280434,0.));
#817 = CARTESIAN_POINT('',(116.49924228225,6.989155792594,0.));
#818 = CARTESIAN_POINT('',(116.48824940635,7.005657564102,0.));
#819 = CARTESIAN_POINT('',(116.47726684972,7.022169586001,0.));
#820 = CARTESIAN_POINT('',(116.46629461813,7.038691849412,0.));
#821 = CARTESIAN_POINT('',(116.45533271728,7.055224345405,0.));
#822 = CARTESIAN_POINT('',(116.44438115283,7.071767065031,0.));
#823 = CARTESIAN_POINT('',(116.43343993052,7.088319999419,0.));
#824 = CARTESIAN_POINT('',(116.422509056,7.104883139596,0.));
#825 = CARTESIAN_POINT('',(116.41158853499,7.121456476675,0.));
#826 = CARTESIAN_POINT('',(116.40067837312,7.138040001706,0.));
#827 = CARTESIAN_POINT('',(116.38977857607,7.154633705771,0.));
#828 = CARTESIAN_POINT('',(116.37888914949,7.171237579939,0.));
#829 = CARTESIAN_POINT('',(116.36801009902,7.187851615273,0.));
#830 = CARTESIAN_POINT('',(116.35714143033,7.204475802862,0.));
#831 = CARTESIAN_POINT('',(116.34628314899,7.221110133738,0.));
#832 = CARTESIAN_POINT('',(116.33543526066,7.237754598999,0.));
#833 = CARTESIAN_POINT('',(116.32459777094,7.254409189694,0.));
#834 = CARTESIAN_POINT('',(116.31377068542,7.271073896879,0.));
#835 = CARTESIAN_POINT('',(116.30295400973,7.287748711621,0.));
#836 = CARTESIAN_POINT('',(116.29214774945,7.30443362499,0.));
#837 = CARTESIAN_POINT('',(116.28135191014,7.321128628027,0.));
#838 = CARTESIAN_POINT('',(116.27056649735,7.337833711787,0.));
#839 = CARTESIAN_POINT('',(116.2597915167,7.35454886735,0.));
#840 = CARTESIAN_POINT('',(116.2490269737,7.371274085744,0.));
#841 = CARTESIAN_POINT('',(116.2382728739,7.38800935803,0.));
#842 = CARTESIAN_POINT('',(116.22752922286,7.40475467527,0.));
#843 = CARTESIAN_POINT('',(116.21679602608,7.421510028481,0.));
#844 = CARTESIAN_POINT('',(116.20607328914,7.438275408765,0.));
#845 = CARTESIAN_POINT('',(116.19536101747,7.455050807112,0.));
#846 = CARTESIAN_POINT('',(116.18465921662,7.471836214597,0.));
#847 = CARTESIAN_POINT('',(116.17396789212,7.488631622283,0.));
#848 = CARTESIAN_POINT('',(116.16328704937,7.505437021162,0.));
#849 = CARTESIAN_POINT('',(116.15261669391,7.522252402321,0.));
#850 = CARTESIAN_POINT('',(116.14195683122,7.53907775678,0.));
#851 = CARTESIAN_POINT('',(116.13130746675,7.555913075589,0.));
#852 = CARTESIAN_POINT('',(116.12066860593,7.572758349767,0.));
#853 = CARTESIAN_POINT('',(116.11004025423,7.589613570369,0.));
#854 = CARTESIAN_POINT('',(116.09942241711,7.606478728431,0.));
#855 = CARTESIAN_POINT('',(116.08881509995,7.623353814959,0.));
#856 = CARTESIAN_POINT('',(116.07821830824,7.640238821036,0.));
#857 = CARTESIAN_POINT('',(116.06763204732,7.657133737639,0.));
#858 = CARTESIAN_POINT('',(116.05705632264,7.674038555837,0.));
#859 = CARTESIAN_POINT('',(116.04649113958,7.69095326665,0.));
#860 = CARTESIAN_POINT('',(116.03593650353,7.707877861081,0.));
#861 = CARTESIAN_POINT('',(116.02539241992,7.724812330204,0.));
#862 = CARTESIAN_POINT('',(116.01485889406,7.741756664992,0.));
#863 = CARTESIAN_POINT('',(116.00433593136,7.758710856515,0.));
#864 = CARTESIAN_POINT('',(115.99382353712,7.77567489575,0.));
#865 = CARTESIAN_POINT('',(115.98332171676,7.792648773769,0.));
#866 = CARTESIAN_POINT('',(115.97283047558,7.809632481563,0.));
#867 = CARTESIAN_POINT('',(115.96234981887,7.826626010129,0.));
#868 = CARTESIAN_POINT('',(115.95187975208,7.843629350556,0.));
#869 = CARTESIAN_POINT('',(115.9414202804,7.86064249378,0.));
#870 = CARTESIAN_POINT('',(115.9309714092,7.877665430869,0.));
#871 = CARTESIAN_POINT('',(115.92053314376,7.894698152818,0.));
#872 = CARTESIAN_POINT('',(115.91010548939,7.911740650642,0.));
#873 = CARTESIAN_POINT('',(115.89968845137,7.928792915367,0.));
#874 = CARTESIAN_POINT('',(115.88928203494,7.945854937964,0.));
#875 = CARTESIAN_POINT('',(115.87888624544,7.962926709511,0.));
#876 = CARTESIAN_POINT('',(115.86850108804,7.980008220946,0.));
#877 = CARTESIAN_POINT('',(115.85812656805,7.997099463321,0.));
#878 = CARTESIAN_POINT('',(115.84776269069,8.014200427631,0.));
#879 = CARTESIAN_POINT('',(115.83740946121,8.031311104871,0.));
#880 = CARTESIAN_POINT('',(115.82706688484,8.048431486074,0.));
#881 = CARTESIAN_POINT('',(115.81673496675,8.065561562189,0.));
#882 = CARTESIAN_POINT('',(115.80641371224,8.082701324291,0.));
#883 = CARTESIAN_POINT('',(115.79610312642,8.099850763319,0.));
#884 = CARTESIAN_POINT('',(115.78580321453,8.117009870302,0.));
#885 = CARTESIAN_POINT('',(115.77551398175,8.134178636242,0.));
#886 = CARTESIAN_POINT('',(115.76523543325,8.151357052115,0.));
#887 = CARTESIAN_POINT('',(115.75496757422,8.168545108942,0.));
#888 = CARTESIAN_POINT('',(115.74471040981,8.185742797706,0.));
#889 = CARTESIAN_POINT('',(115.73446394516,8.202950109405,0.));
#890 = CARTESIAN_POINT('',(115.72422818541,8.220167035017,0.));
#891 = CARTESIAN_POINT('',(115.71400313574,8.237393565571,0.));
#892 = CARTESIAN_POINT('',(115.70378880125,8.254629692028,0.));
#893 = CARTESIAN_POINT('',(115.69358518704,8.271875405377,0.));
#894 = CARTESIAN_POINT('',(115.68339229826,8.289130696635,0.));
#895 = CARTESIAN_POINT('',(115.67321013999,8.30639555676,0.));
#896 = CARTESIAN_POINT('',(115.66303871734,8.32366997676,0.));
#897 = CARTESIAN_POINT('',(115.6528780354,8.340953947613,0.));
#898 = CARTESIAN_POINT('',(115.64272809924,8.358247460309,0.));
#899 = CARTESIAN_POINT('',(115.63258891391,8.375550505816,0.));
#900 = CARTESIAN_POINT('',(115.62246048454,8.392863075146,0.));
#901 = CARTESIAN_POINT('',(115.61234281614,8.41018515927,0.));
#902 = CARTESIAN_POINT('',(115.60223591372,8.427516749137,0.));
#903 = CARTESIAN_POINT('',(115.59213978242,8.444857835795,0.));
#904 = CARTESIAN_POINT('',(115.58205442718,8.462208410163,0.));
#905 = CARTESIAN_POINT('',(115.57197985306,8.479568463238,0.));
#906 = CARTESIAN_POINT('',(115.56191606511,8.496937986026,0.));
#907 = CARTESIAN_POINT('',(115.55186306825,8.514316969455,0.));
#908 = CARTESIAN_POINT('',(115.54182086755,8.531705404539,0.));
#909 = CARTESIAN_POINT('',(115.53178946799,8.549103282241,0.));
#910 = CARTESIAN_POINT('',(115.52176887453,8.566510593526,0.));
#911 = CARTESIAN_POINT('',(115.51175909218,8.583927329385,0.));
#912 = CARTESIAN_POINT('',(115.50176012587,8.601353480767,0.));
#913 = CARTESIAN_POINT('',(115.4917719806,8.618789038672,0.));
#914 = CARTESIAN_POINT('',(115.48179466127,8.636233994053,0.));
#915 = CARTESIAN_POINT('',(115.47182817283,8.653688337868,0.));
#916 = CARTESIAN_POINT('',(115.46187252027,8.671152061122,0.));
#917 = CARTESIAN_POINT('',(115.45192770847,8.688625154748,0.));
#918 = CARTESIAN_POINT('',(115.44199374236,8.70610760973,0.));
#919 = CARTESIAN_POINT('',(115.43207062684,8.723599417024,0.));
#920 = CARTESIAN_POINT('',(115.42215836684,8.741100567612,0.));
#921 = CARTESIAN_POINT('',(115.41225696722,8.758611052443,0.));
#922 = CARTESIAN_POINT('',(115.40236643288,8.776130862478,0.));
#923 = CARTESIAN_POINT('',(115.39248676873,8.793659988706,0.));
#924 = CARTESIAN_POINT('',(115.38261797958,8.811198422054,0.));
#925 = CARTESIAN_POINT('',(115.37276007032,8.828746153504,0.));
#926 = CARTESIAN_POINT('',(115.36291304583,8.846303174016,0.));
#927 = CARTESIAN_POINT('',(115.35307691094,8.863869474551,0.));
#928 = CARTESIAN_POINT('',(115.34325167044,8.881445046042,0.));
#929 = CARTESIAN_POINT('',(115.33343732924,8.899029879488,0.));
#930 = CARTESIAN_POINT('',(115.32363389212,8.916623965824,0.));
#931 = CARTESIAN_POINT('',(115.31384136387,8.934227295986,0.));
#932 = CARTESIAN_POINT('',(115.30405974937,8.951839860978,0.));
#933 = CARTESIAN_POINT('',(115.29428905335,8.969461651719,0.));
#934 = CARTESIAN_POINT('',(115.28452928061,8.987092659167,0.));
#935 = CARTESIAN_POINT('',(115.27478043594,9.004732874287,0.));
#936 = CARTESIAN_POINT('',(115.26504252414,9.022382288026,0.));
#937 = CARTESIAN_POINT('',(115.25531554995,9.040040891332,0.));
#938 = CARTESIAN_POINT('',(115.24559951813,9.057708675166,0.));
#939 = CARTESIAN_POINT('',(115.23589443342,9.075385630459,0.));
#940 = CARTESIAN_POINT('',(115.22620030058,9.093071748184,0.));
#941 = CARTESIAN_POINT('',(115.21651712435,9.110767019279,0.));
#942 = CARTESIAN_POINT('',(115.20684490943,9.128471434683,0.));
#943 = CARTESIAN_POINT('',(115.19718366057,9.14618498537,0.));
#944 = CARTESIAN_POINT('',(115.18753338243,9.163907662251,0.));
#945 = CARTESIAN_POINT('',(115.17789407976,9.181639456299,0.));
#946 = CARTESIAN_POINT('',(115.16826575726,9.199380358456,0.));
#947 = CARTESIAN_POINT('',(115.15864841958,9.217130359656,0.));
#948 = CARTESIAN_POINT('',(115.1490420714,9.234889450851,0.));
#949 = CARTESIAN_POINT('',(115.13944671739,9.252657622982,0.));
#950 = CARTESIAN_POINT('',(115.12986236224,9.270434866992,0.));
#951 = CARTESIAN_POINT('',(115.1202890106,9.288221173823,0.));
#952 = CARTESIAN_POINT('',(115.11072666711,9.306016534423,0.));
#953 = CARTESIAN_POINT('',(115.10117533637,9.323820939714,0.));
#954 = CARTESIAN_POINT('',(115.09163502305,9.341634380655,0.));
#955 = CARTESIAN_POINT('',(115.08210573178,9.359456848185,0.));
#956 = CARTESIAN_POINT('',(115.07258746716,9.377288333232,0.));
#957 = CARTESIAN_POINT('',(115.06308023377,9.395128826729,0.));
#958 = CARTESIAN_POINT('',(115.05358403626,9.412978319643,0.));
#959 = CARTESIAN_POINT('',(115.04409887919,9.430836802883,0.));
#960 = CARTESIAN_POINT('',(115.03462476711,9.448704267383,0.));
#961 = CARTESIAN_POINT('',(115.02516170468,9.466580704114,0.));
#962 = CARTESIAN_POINT('',(115.01570969639,9.484466103964,0.));
#963 = CARTESIAN_POINT('',(115.00626874684,9.502360457904,0.));
#964 = CARTESIAN_POINT('',(114.99683886057,9.520263756853,0.));
#965 = CARTESIAN_POINT('',(114.98742004209,9.538175991738,0.));
#966 = CARTESIAN_POINT('',(114.978012296,9.556097153518,0.));
#967 = CARTESIAN_POINT('',(114.96861562677,9.574027233091,0.));
#968 = CARTESIAN_POINT('',(114.95923003894,9.591966221413,0.));
#969 = CARTESIAN_POINT('',(114.94985553703,9.609914109408,0.));
#970 = CARTESIAN_POINT('',(114.94049212553,9.627870888008,0.));
#971 = CARTESIAN_POINT('',(114.93113980893,9.645836548137,0.));
#972 = CARTESIAN_POINT('',(114.92179859173,9.663811080732,0.));
#973 = CARTESIAN_POINT('',(114.91246847842,9.681794476722,0.));
#974 = CARTESIAN_POINT('',(114.90314947345,9.699786727033,0.));
#975 = CARTESIAN_POINT('',(114.89384158128,9.717787822592,0.));
#976 = CARTESIAN_POINT('',(114.88454480637,9.735797754325,0.));
#977 = CARTESIAN_POINT('',(114.87525915319,9.753816513169,0.));
#978 = CARTESIAN_POINT('',(114.86598462617,9.771844090037,0.));
#979 = CARTESIAN_POINT('',(114.85672122973,9.789880475871,0.));
#980 = CARTESIAN_POINT('',(114.84746896827,9.807925661572,0.));
#981 = CARTESIAN_POINT('',(114.83822784627,9.825979638099,0.));
#982 = CARTESIAN_POINT('',(114.8289978681,9.844042396349,0.));
#983 = CARTESIAN_POINT('',(114.81977903814,9.86211392725,0.));
#984 = CARTESIAN_POINT('',(114.81057136085,9.880194221752,0.));
#985 = CARTESIAN_POINT('',(114.80137484052,9.898283270729,0.));
#986 = CARTESIAN_POINT('',(114.79218948162,9.91638106516,0.));
#987 = CARTESIAN_POINT('',(114.78301528845,9.934487595924,0.));
#988 = CARTESIAN_POINT('',(114.7738522654,9.952602853963,0.));
#989 = CARTESIAN_POINT('',(114.76470041683,9.970726830197,0.));
#990 = CARTESIAN_POINT('',(114.75555974708,9.988859515547,0.));
#991 = CARTESIAN_POINT('',(114.74643026045,10.007000900922,0.));
#992 = CARTESIAN_POINT('',(114.73731196133,10.025150977257,0.));
#993 = CARTESIAN_POINT('',(114.72820485404,10.043309735485,0.));
#994 = CARTESIAN_POINT('',(114.7191089428,10.061477166476,0.));
#995 = CARTESIAN_POINT('',(114.71002423201,10.079653261209,0.));
#996 = CARTESIAN_POINT('',(114.70095072594,10.097838010558,0.));
#997 = CARTESIAN_POINT('',(114.69188842891,10.116031405465,0.));
#998 = CARTESIAN_POINT('',(114.68283734516,10.134233436842,0.));
#999 = CARTESIAN_POINT('',(114.67379747896,10.152444095596,0.));
#1000 = CARTESIAN_POINT('',(114.6647688346,10.170663372663,0.));
#1001 = CARTESIAN_POINT('',(114.65575141635,10.18889125895,0.));
#1002 = CARTESIAN_POINT('',(114.64674522843,10.207127745378,0.));
#1003 = CARTESIAN_POINT('',(114.63775027508,10.225372822849,0.));
#1004 = CARTESIAN_POINT('',(114.62876656057,10.243626482304,0.));
#1005 = CARTESIAN_POINT('',(114.61979408911,10.261888714636,0.));
#1006 = CARTESIAN_POINT('',(114.61083286492,10.280159510768,0.));
#1007 = CARTESIAN_POINT('',(114.60188289222,10.29843886162,0.));
#1008 = CARTESIAN_POINT('',(114.59294417519,10.316726758099,0.));
#1009 = CARTESIAN_POINT('',(114.58401671804,10.335023191125,0.));
#1010 = CARTESIAN_POINT('',(114.57510052496,10.353328151609,0.));
#1011 = CARTESIAN_POINT('',(114.56619560014,10.371641630468,0.));
#1012 = CARTESIAN_POINT('',(114.55730194772,10.389963618607,0.));
#1013 = CARTESIAN_POINT('',(114.54841957191,10.408294106949,0.));
#1014 = CARTESIAN_POINT('',(114.53954847684,10.426633086407,0.));
#1015 = CARTESIAN_POINT('',(114.53068866665,10.444980547876,0.));
#1016 = CARTESIAN_POINT('',(114.52184014551,10.463336482296,0.));
#1017 = CARTESIAN_POINT('',(114.51300291754,10.481700880561,0.));
#1018 = CARTESIAN_POINT('',(114.50417698685,10.50007373358,0.));
#1019 = CARTESIAN_POINT('',(114.49536235758,10.518455032279,0.));
#1020 = CARTESIAN_POINT('',(114.48655903384,10.536844767568,0.));
#1021 = CARTESIAN_POINT('',(114.47776701969,10.555242930335,0.));
#1022 = CARTESIAN_POINT('',(114.46898631929,10.573649511515,0.));
#1023 = CARTESIAN_POINT('',(114.46021693672,10.59206450202,0.));
#1024 = CARTESIAN_POINT('',(114.451458876,10.610487892732,0.));
#1025 = CARTESIAN_POINT('',(114.44271214125,10.628919674599,0.));
#1026 = CARTESIAN_POINT('',(114.43397673651,10.647359838502,0.));
#1027 = CARTESIAN_POINT('',(114.42525266585,10.665808375368,0.));
#1028 = CARTESIAN_POINT('',(114.41653993333,10.684265276107,0.));
#1029 = CARTESIAN_POINT('',(114.40783854294,10.7027305316,0.));
#1030 = CARTESIAN_POINT('',(114.39914849879,10.721204132803,0.));
#1031 = CARTESIAN_POINT('',(114.39046980484,10.739686070588,0.));
#1032 = CARTESIAN_POINT('',(114.38180246511,10.758176335871,0.));
#1033 = CARTESIAN_POINT('',(114.37314648366,10.776674919574,0.));
#1034 = CARTESIAN_POINT('',(114.36450186447,10.795181812596,0.));
#1035 = CARTESIAN_POINT('',(114.35586861149,10.813697005838,0.));
#1036 = CARTESIAN_POINT('',(114.34724672877,10.832220490227,0.));
#1037 = CARTESIAN_POINT('',(114.33863622024,10.850752256656,0.));
#1038 = CARTESIAN_POINT('',(114.33003708988,10.869292296034,0.));
#1039 = CARTESIAN_POINT('',(114.32144934169,10.887840599285,0.));
#1040 = CARTESIAN_POINT('',(114.31287297957,10.906397157294,0.));
#1041 = CARTESIAN_POINT('',(114.30430800749,10.924961960975,0.));
#1042 = CARTESIAN_POINT('',(114.29575442943,10.943535001253,0.));
#1043 = CARTESIAN_POINT('',(114.28721224927,10.962116269013,0.));
#1044 = CARTESIAN_POINT('',(114.27868147093,10.980705755164,0.));
#1045 = CARTESIAN_POINT('',(114.27016209838,10.999303450636,0.));
#1046 = CARTESIAN_POINT('',(114.26165413547,11.017909346309,0.));
#1047 = CARTESIAN_POINT('',(114.25315758613,11.036523433102,0.));
#1048 = CARTESIAN_POINT('',(114.24467245425,11.055145701928,0.));
#1049 = CARTESIAN_POINT('',(114.23619874371,11.073776143683,0.));
#1050 = CARTESIAN_POINT('',(114.22773645838,11.092414749271,0.));
#1051 = CARTESIAN_POINT('',(114.21928560218,11.111061509613,0.));
#1052 = CARTESIAN_POINT('',(114.21084617894,11.129716415612,0.));
#1053 = CARTESIAN_POINT('',(114.20241819246,11.148379458151,0.));
#1054 = CARTESIAN_POINT('',(114.19400164667,11.167050628172,0.));
#1055 = CARTESIAN_POINT('',(114.1855965454,11.18572991657,0.));
#1056 = CARTESIAN_POINT('',(114.17720289241,11.204417314228,0.));
#1057 = CARTESIAN_POINT('',(114.16882069159,11.223112812082,0.));
#1058 = CARTESIAN_POINT('',(114.16044994677,11.241816401035,0.));
#1059 = CARTESIAN_POINT('',(114.15209066169,11.260528071966,0.));
#1060 = CARTESIAN_POINT('',(114.14374284021,11.279247815817,0.));
#1061 = CARTESIAN_POINT('',(114.13540648611,11.297975623479,0.));
#1062 = CARTESIAN_POINT('',(114.12708160313,11.316711485848,0.));
#1063 = CARTESIAN_POINT('',(114.11876819511,11.335455393852,0.));
#1064 = CARTESIAN_POINT('',(114.11046626579,11.354207338375,0.));
#1065 = CARTESIAN_POINT('',(114.10217581896,11.372967310338,0.));
#1066 = CARTESIAN_POINT('',(114.09389685836,11.39173530065,0.));
#1067 = CARTESIAN_POINT('',(114.08562938769,11.41051130019,0.));
#1068 = CARTESIAN_POINT('',(114.07737341078,11.429295299907,0.));
#1069 = CARTESIAN_POINT('',(114.0691289313,11.448087290679,0.));
#1070 = CARTESIAN_POINT('',(114.06089595296,11.466887263418,0.));
#1071 = CARTESIAN_POINT('',(114.05267447951,11.485695209033,0.));
#1072 = CARTESIAN_POINT('',(114.04446451467,11.50451111843,0.));
#1073 = CARTESIAN_POINT('',(114.03626606213,11.523334982514,0.));
#1074 = CARTESIAN_POINT('',(114.02807912559,11.542166792193,0.));
#1075 = CARTESIAN_POINT('',(114.0199037087,11.56100653837,0.));
#1076 = CARTESIAN_POINT('',(114.01173981518,11.579854211959,0.));
#1077 = CARTESIAN_POINT('',(114.00358744869,11.59870980387,0.));
#1078 = CARTESIAN_POINT('',(113.99544661286,11.617573304991,0.));
#1079 = CARTESIAN_POINT('',(113.9873173114,11.636444706253,0.));
#1080 = CARTESIAN_POINT('',(113.97919954794,11.655323998544,0.));
#1081 = CARTESIAN_POINT('',(113.97109332611,11.674211172786,0.));
#1082 = CARTESIAN_POINT('',(113.96299864954,11.693106219873,0.));
#1083 = CARTESIAN_POINT('',(113.95491552186,11.712009130723,0.));
#1084 = CARTESIAN_POINT('',(113.9468439467,11.730919896241,0.));
#1085 = CARTESIAN_POINT('',(113.93878392766,11.749838507331,0.));
#1086 = CARTESIAN_POINT('',(113.93073546834,11.768764954912,0.));
#1087 = CARTESIAN_POINT('',(113.92269857232,11.787699229872,0.));
#1088 = CARTESIAN_POINT('',(113.91467324323,11.806641323146,0.));
#1089 = CARTESIAN_POINT('',(113.90665948461,11.825591225618,0.));
#1090 = CARTESIAN_POINT('',(113.89865730005,11.844548928206,0.));
#1091 = CARTESIAN_POINT('',(113.89066669313,11.863514421828,0.));
#1092 = CARTESIAN_POINT('',(113.88268766736,11.882487697374,0.));
#1093 = CARTESIAN_POINT('',(113.87472022634,11.901468745768,0.));
#1094 = CARTESIAN_POINT('',(113.86676437358,11.920457557912,0.));
#1095 = CARTESIAN_POINT('',(113.85882011264,11.939454124725,0.));
#1096 = CARTESIAN_POINT('',(113.850887447,11.958458437091,0.));
#1097 = CARTESIAN_POINT('',(113.84296638026,11.977470485962,0.));
#1098 = CARTESIAN_POINT('',(113.83505691584,11.996490262208,0.));
#1099 = CARTESIAN_POINT('',(113.82715905729,12.01551775676,0.));
#1100 = CARTESIAN_POINT('',(113.81927280812,12.03455296053,0.));
#1101 = CARTESIAN_POINT('',(113.81139817178,12.053595864409,0.));
#1102 = CARTESIAN_POINT('',(113.8035351518,12.072646459329,0.));
#1103 = CARTESIAN_POINT('',(113.79568375163,12.091704736188,0.));
#1104 = CARTESIAN_POINT('',(113.78784397474,12.110770685917,0.));
#1105 = CARTESIAN_POINT('',(113.78001582451,12.129844299393,0.));
#1106 = CARTESIAN_POINT('',(113.77219930451,12.148925567562,0.));
#1107 = CARTESIAN_POINT('',(113.76439441818,12.168014481331,0.));
#1108 = CARTESIAN_POINT('',(113.75660116884,12.187111031575,0.));
#1109 = CARTESIAN_POINT('',(113.74881956004,12.206215209255,0.));
#1110 = CARTESIAN_POINT('',(113.74104959515,12.225327005258,0.));
#1111 = CARTESIAN_POINT('',(113.73329127758,12.244446410497,0.));
#1112 = CARTESIAN_POINT('',(113.72554461075,12.263573415898,0.));
#1113 = CARTESIAN_POINT('',(113.71780959804,12.282708012372,0.));
#1114 = CARTESIAN_POINT('',(113.71008624283,12.301850190815,0.));
#1115 = CARTESIAN_POINT('',(113.70237454857,12.32099994217,0.));
#1116 = CARTESIAN_POINT('',(113.69467451857,12.340157257327,0.));
#1117 = CARTESIAN_POINT('',(113.68698615622,12.359322127202,0.));
#1118 = CARTESIAN_POINT('',(113.67930946492,12.378494542738,0.));
#1119 = CARTESIAN_POINT('',(113.67164444793,12.397674494811,0.));
#1120 = CARTESIAN_POINT('',(113.66399110867,12.416861974362,0.));
#1121 = CARTESIAN_POINT('',(113.65634945049,12.436056972308,0.));
#1122 = CARTESIAN_POINT('',(113.64871947667,12.455259479555,0.));
#1123 = CARTESIAN_POINT('',(113.64110119053,12.47446948702,0.));
#1124 = CARTESIAN_POINT('',(113.63349459542,12.493686985625,0.));
#1125 = CARTESIAN_POINT('',(113.62589969468,12.512911966293,0.));
#1126 = CARTESIAN_POINT('',(113.61831649154,12.532144419923,0.));
#1127 = CARTESIAN_POINT('',(113.61074498932,12.551384337443,0.));
#1128 = CARTESIAN_POINT('',(113.60318519134,12.570631709785,0.));
#1129 = CARTESIAN_POINT('',(113.59563710083,12.589886527848,0.));
#1130 = CARTESIAN_POINT('',(113.58810072106,12.60914878256,0.));
#1131 = CARTESIAN_POINT('',(113.58057605533,12.628418464841,0.));
#1132 = CARTESIAN_POINT('',(113.57306310691,12.647695565614,0.));
#1133 = CARTESIAN_POINT('',(113.56556187899,12.666980075784,0.));
#1134 = CARTESIAN_POINT('',(113.55807237485,12.686271986287,0.));
#1135 = CARTESIAN_POINT('',(113.55059459773,12.705571288044,0.));
#1136 = CARTESIAN_POINT('',(113.54312855082,12.72487797197,0.));
#1137 = CARTESIAN_POINT('',(113.53567423735,12.744192028982,0.));
#1138 = CARTESIAN_POINT('',(113.52823166058,12.763513450024,0.));
#1139 = CARTESIAN_POINT('',(113.52080082366,12.782842225994,0.));
#1140 = CARTESIAN_POINT('',(113.51338172979,12.802178347822,0.));
#1141 = CARTESIAN_POINT('',(113.5059743822,12.821521806444,0.));
#1142 = CARTESIAN_POINT('',(113.49857878405,12.840872592774,0.));
#1143 = CARTESIAN_POINT('',(113.49119493848,12.86023069773,0.));
#1144 = CARTESIAN_POINT('',(113.4838228487,12.879596112251,0.));
#1145 = CARTESIAN_POINT('',(113.47646251787,12.89896882726,0.));
#1146 = CARTESIAN_POINT('',(113.46911394911,12.918348833669,0.));
#1147 = CARTESIAN_POINT('',(113.46177714559,12.937736122416,0.));
#1148 = CARTESIAN_POINT('',(113.45445211047,12.957130684434,0.));
#1149 = CARTESIAN_POINT('',(113.44713884682,12.976532510636,0.));
#1150 = CARTESIAN_POINT('',(113.43983735779,12.995941591954,0.));
#1151 = CARTESIAN_POINT('',(113.43254764652,13.015357919324,0.));
#1152 = CARTESIAN_POINT('',(113.4252697161,13.034781483661,0.));
#1153 = CARTESIAN_POINT('',(113.41800356964,13.054212275912,0.));
#1154 = CARTESIAN_POINT('',(113.41074921018,13.073650286982,0.));
#1155 = CARTESIAN_POINT('',(113.40350664088,13.093095507827,0.));
#1156 = CARTESIAN_POINT('',(113.39627586479,13.112547929371,0.));
#1157 = CARTESIAN_POINT('',(113.38905688495,13.132007542524,0.));
#1158 = CARTESIAN_POINT('',(113.38184970447,13.151474338248,0.));
#1159 = CARTESIAN_POINT('',(113.37465432639,13.170948307459,0.));
#1160 = CARTESIAN_POINT('',(113.36747075375,13.190429441091,0.));
#1161 = CARTESIAN_POINT('',(113.36029898959,13.209917730077,0.));
#1162 = CARTESIAN_POINT('',(113.35313903696,13.22941316535,0.));
#1163 = CARTESIAN_POINT('',(113.34599089891,13.248915737862,0.));
#1164 = CARTESIAN_POINT('',(113.33885457836,13.268425438515,0.));
#1165 = CARTESIAN_POINT('',(113.33173007841,13.287942258266,0.));
#1166 = CARTESIAN_POINT('',(113.32461740209,13.307466188057,0.));
#1167 = CARTESIAN_POINT('',(113.31751655233,13.326997218807,0.));
#1168 = CARTESIAN_POINT('',(113.31042753212,13.346535341453,0.));
#1169 = CARTESIAN_POINT('',(113.3033503445,13.366080546955,0.));
#1170 = CARTESIAN_POINT('',(113.2962849924,13.385632826236,0.));
#1171 = CARTESIAN_POINT('',(113.28923147876,13.405192170226,0.));
#1172 = CARTESIAN_POINT('',(113.28218980662,13.424758569889,0.));
#1173 = CARTESIAN_POINT('',(113.27515997887,13.444332016139,0.));
#1174 = CARTESIAN_POINT('',(113.26814199851,13.463912499939,0.));
#1175 = CARTESIAN_POINT('',(113.26113586841,13.483500012205,0.));
#1176 = CARTESIAN_POINT('',(113.25414159157,13.5030945439,0.));
#1177 = CARTESIAN_POINT('',(113.2471591709,13.522696085972,0.));
#1178 = CARTESIAN_POINT('',(113.24018860923,13.542304629328,0.));
#1179 = CARTESIAN_POINT('',(113.2332299096,13.561920164958,0.));
#1180 = CARTESIAN_POINT('',(113.22628307484,13.581542683777,0.));
#1181 = CARTESIAN_POINT('',(113.21934810784,13.601172176734,0.));
#1182 = CARTESIAN_POINT('',(113.21242501152,13.620808634784,0.));
#1183 = CARTESIAN_POINT('',(113.20551378873,13.640452048864,0.));
#1184 = CARTESIAN_POINT('',(113.19861444237,13.660102409927,0.));
#1185 = CARTESIAN_POINT('',(113.19172697529,13.679759708915,0.));
#1186 = CARTESIAN_POINT('',(113.18485139036,13.69942393678,0.));
#1187 = CARTESIAN_POINT('',(113.17798769043,13.719095084473,0.));
#1188 = CARTESIAN_POINT('',(113.17113587832,13.73877314294,0.));
#1189 = CARTESIAN_POINT('',(113.16429595687,13.758458103127,0.));
#1190 = CARTESIAN_POINT('',(113.15746792896,13.778149956004,0.));
#1191 = CARTESIAN_POINT('',(113.15065179734,13.797848692497,0.));
#1192 = CARTESIAN_POINT('',(113.14384756488,13.817554303572,0.));
#1193 = CARTESIAN_POINT('',(113.13705523437,13.837266780186,0.));
#1194 = CARTESIAN_POINT('',(113.1302748086,13.856986113283,0.));
#1195 = CARTESIAN_POINT('',(113.12350629036,13.876712293821,0.));
#1196 = CARTESIAN_POINT('',(113.11674968247,13.89644531276,0.));
#1197 = CARTESIAN_POINT('',(113.11000498768,13.916185161049,0.));
#1198 = CARTESIAN_POINT('',(113.10327220875,13.935931829644,0.));
#1199 = CARTESIAN_POINT('',(113.09655134848,13.955685309511,0.));
#1200 = CARTESIAN_POINT('',(113.08984240961,13.975445591598,0.));
#1201 = CARTESIAN_POINT('',(113.08314539489,13.995212666879,0.));
#1202 = CARTESIAN_POINT('',(113.07646030702,14.014986526289,0.));
#1203 = CARTESIAN_POINT('',(113.06978714881,14.034767160817,0.));
#1204 = CARTESIAN_POINT('',(113.06312592294,14.054554561398,0.));
#1205 = CARTESIAN_POINT('',(113.05647663216,14.074348719015,0.));
#1206 = CARTESIAN_POINT('',(113.04983927914,14.094149624614,0.));
#1207 = CARTESIAN_POINT('',(113.04321386662,14.113957269165,0.));
#1208 = CARTESIAN_POINT('',(113.03660039733,14.133771643645,0.));
#1209 = CARTESIAN_POINT('',(113.02999887387,14.153592738986,0.));
#1210 = CARTESIAN_POINT('',(113.02340929902,14.173420546187,0.));
#1211 = CARTESIAN_POINT('',(113.01683167541,14.193255056196,0.));
#1212 = CARTESIAN_POINT('',(113.01026600571,14.213096259988,0.));
#1213 = CARTESIAN_POINT('',(113.00371229259,14.232944148532,0.));
#1214 = CARTESIAN_POINT('',(112.99717053868,14.252798712786,0.));
#1215 = CARTESIAN_POINT('',(112.99064074669,14.27265994374,0.));
#1216 = CARTESIAN_POINT('',(112.98412291921,14.292527832339,0.));
#1217 = CARTESIAN_POINT('',(112.97761705889,14.312402369574,0.));
#1218 = CARTESIAN_POINT('',(112.97112316835,14.332283546409,0.));
#1219 = CARTESIAN_POINT('',(112.96464125022,14.35217135382,0.));
#1220 = CARTESIAN_POINT('',(112.95817130711,14.372065782773,0.));
#1221 = CARTESIAN_POINT('',(112.95171334165,14.39196682425,0.));
#1222 = CARTESIAN_POINT('',(112.94526735641,14.41187446923,0.));
#1223 = CARTESIAN_POINT('',(112.93883335394,14.431788708675,0.));
#1224 = CARTESIAN_POINT('',(112.93241133689,14.451709533577,0.));
#1225 = CARTESIAN_POINT('',(112.92600130785,14.471636934913,0.));
#1226 = CARTESIAN_POINT('',(112.91960326932,14.491570903647,0.));
#1227 = CARTESIAN_POINT('',(112.9132172239,14.511511430766,0.));
#1228 = CARTESIAN_POINT('',(112.90684317419,14.531458507271,0.));
#1229 = CARTESIAN_POINT('',(112.90048112263,14.551412124109,0.));
#1230 = CARTESIAN_POINT('',(112.89413107183,14.571372272282,0.));
#1231 = CARTESIAN_POINT('',(112.88779302436,14.591338942782,0.));
#1232 = CARTESIAN_POINT('',(112.88146698268,14.611312126565,0.));
#1233 = CARTESIAN_POINT('',(112.87515294933,14.631291814641,0.));
#1234 = CARTESIAN_POINT('',(112.86885092683,14.651277997985,0.));
#1235 = CARTESIAN_POINT('',(112.86256091769,14.671270667589,0.));
#1236 = CARTESIAN_POINT('',(112.85628292439,14.691269814433,0.));
#1237 = CARTESIAN_POINT('',(112.85001694945,14.711275429511,0.));
#1238 = CARTESIAN_POINT('',(112.84376299535,14.731287503818,0.));
#1239 = CARTESIAN_POINT('',(112.8375210645,14.751306028328,0.));
#1240 = CARTESIAN_POINT('',(112.83129115946,14.771330994058,0.));
#1241 = CARTESIAN_POINT('',(112.82507328264,14.791362391973,0.));
#1242 = CARTESIAN_POINT('',(112.81886743652,14.811400213075,0.));
#1243 = CARTESIAN_POINT('',(112.81267362359,14.831444448374,0.));
#1244 = CARTESIAN_POINT('',(112.80649184618,14.851495088836,0.));
#1245 = CARTESIAN_POINT('',(112.8003221068,14.871552125481,0.));
#1246 = CARTESIAN_POINT('',(112.7941644079,14.891615549303,0.));
#1247 = CARTESIAN_POINT('',(112.78801875184,14.911685351293,0.));
#1248 = CARTESIAN_POINT('',(112.78188514104,14.931761522451,0.));
#1249 = CARTESIAN_POINT('',(112.77576357794,14.951844053777,0.));
#1250 = CARTESIAN_POINT('',(112.76965406496,14.971932936281,0.));
#1251 = CARTESIAN_POINT('',(112.76355660442,14.99202816095,0.));
#1252 = CARTESIAN_POINT('',(112.75747119872,15.012129718791,0.));
#1253 = CARTESIAN_POINT('',(112.75139785031,15.032237600821,0.));
#1254 = CARTESIAN_POINT('',(112.7453365615,15.052351798032,0.));
#1255 = CARTESIAN_POINT('',(112.73928733463,15.072472301421,0.));
#1256 = CARTESIAN_POINT('',(112.73325017214,15.092599102024,0.));
#1257 = CARTESIAN_POINT('',(112.7272250763,15.112732190824,0.));
#1258 = CARTESIAN_POINT('',(112.72121204946,15.132871558831,0.));
#1259 = CARTESIAN_POINT('',(112.71521109403,15.153017197073,0.));
#1260 = CARTESIAN_POINT('',(112.70922221227,15.17316909654,0.));
#1261 = CARTESIAN_POINT('',(112.70324540652,15.193327248258,0.));
#1262 = CARTESIAN_POINT('',(112.69728067908,15.213491643231,0.));
#1263 = CARTESIAN_POINT('',(112.69132803228,15.233662272479,0.));
#1264 = CARTESIAN_POINT('',(112.68538746844,15.253839127019,0.));
#1265 = CARTESIAN_POINT('',(112.67945898979,15.274022197856,0.));
#1266 = CARTESIAN_POINT('',(112.67354259865,15.294211476015,0.));
#1267 = CARTESIAN_POINT('',(112.66763829734,15.314406952524,0.));
#1268 = CARTESIAN_POINT('',(112.66174608805,15.334608618374,0.));
#1269 = CARTESIAN_POINT('',(112.65586597313,15.354816464613,0.));
#1270 = CARTESIAN_POINT('',(112.6499979548,15.375030482258,0.));
#1271 = CARTESIAN_POINT('',(112.64414203526,15.395250662312,0.));
#1272 = CARTESIAN_POINT('',(112.63829821684,15.415476995822,0.));
#1273 = CARTESIAN_POINT('',(112.63246650176,15.435709473804,0.));
#1274 = CARTESIAN_POINT('',(112.6266468922,15.45594808728,0.));
#1275 = CARTESIAN_POINT('',(112.62083939041,15.47619282728,0.));
#1276 = CARTESIAN_POINT('',(112.61504399862,15.496443684831,0.));
#1277 = CARTESIAN_POINT('',(112.60926071907,15.516700650966,0.));
#1278 = CARTESIAN_POINT('',(112.60348955388,15.536963716705,0.));
#1279 = CARTESIAN_POINT('',(112.5977305053,15.557232873088,0.));
#1280 = CARTESIAN_POINT('',(112.59198357552,15.577508111152,0.));
#1281 = CARTESIAN_POINT('',(112.5862487667,15.597789421914,0.));
#1282 = CARTESIAN_POINT('',(112.58052608103,15.618076796427,0.));
#1283 = CARTESIAN_POINT('',(112.57481552067,15.638370225712,0.));
#1284 = CARTESIAN_POINT('',(112.56911708778,15.658669700809,0.));
#1285 = CARTESIAN_POINT('',(112.56343078455,15.678975212765,0.));
#1286 = CARTESIAN_POINT('',(112.55775661307,15.699286752609,0.));
#1287 = CARTESIAN_POINT('',(112.55209457549,15.719604311387,0.));
#1288 = CARTESIAN_POINT('',(112.54644467396,15.739927880141,0.));
#1289 = CARTESIAN_POINT('',(112.54080691062,15.760257449914,0.));
#1290 = CARTESIAN_POINT('',(112.53518128755,15.780593011733,0.));
#1291 = CARTESIAN_POINT('',(112.52956780693,15.80093455667,0.));
#1292 = CARTESIAN_POINT('',(112.52396647079,15.821282075755,0.));
#1293 = CARTESIAN_POINT('',(112.51837728123,15.841635560033,0.));
#1294 = CARTESIAN_POINT('',(112.51280024041,15.861995000563,0.));
#1295 = CARTESIAN_POINT('',(112.50723535039,15.88236038839,0.));
#1296 = CARTESIAN_POINT('',(112.5016826132,15.902731714557,0.));
#1297 = CARTESIAN_POINT('',(112.49614203094,15.923108970128,0.));
#1298 = CARTESIAN_POINT('',(112.49061360569,15.94349214615,0.));
#1299 = CARTESIAN_POINT('',(112.4850973395,15.963881233686,0.));
#1300 = CARTESIAN_POINT('',(112.47959323438,15.984276223773,0.));
#1301 = CARTESIAN_POINT('',(112.47410129243,16.004677107481,0.));
#1302 = CARTESIAN_POINT('',(112.4686215157,16.025083875878,0.));
#1303 = CARTESIAN_POINT('',(112.46315390611,16.045496519993,0.));
#1304 = CARTESIAN_POINT('',(112.45769846579,16.065915030914,0.));
#1305 = CARTESIAN_POINT('',(112.45225519674,16.086339399697,0.));
#1306 = CARTESIAN_POINT('',(112.44682410093,16.106769617392,0.));
#1307 = CARTESIAN_POINT('',(112.44140518037,16.127205675078,0.));
#1308 = CARTESIAN_POINT('',(112.43599843708,16.14764756382,0.));
#1309 = CARTESIAN_POINT('',(112.43060387302,16.168095274672,0.));
#1310 = CARTESIAN_POINT('',(112.4252214902,16.188548798713,0.));
#1311 = CARTESIAN_POINT('',(112.41985129058,16.209008127003,0.));
#1312 = CARTESIAN_POINT('',(112.41449327614,16.229473250627,0.));
#1313 = CARTESIAN_POINT('',(112.40914744878,16.249944160645,0.));
#1314 = CARTESIAN_POINT('',(112.40381381051,16.270420848131,0.));
#1315 = CARTESIAN_POINT('',(112.3984923633,16.290903304163,0.));
#1316 = CARTESIAN_POINT('',(112.39318310907,16.311391519817,0.));
#1317 = CARTESIAN_POINT('',(112.38788604969,16.331885486159,0.));
#1318 = CARTESIAN_POINT('',(112.38260118715,16.352385194279,0.));
#1319 = CARTESIAN_POINT('',(112.37732852341,16.372890635261,0.));
#1320 = CARTESIAN_POINT('',(112.37206806027,16.393401800166,0.));
#1321 = CARTESIAN_POINT('',(112.36681979971,16.413918680095,0.));
#1322 = CARTESIAN_POINT('',(112.36158374361,16.434441266119,0.));
#1323 = CARTESIAN_POINT('',(112.35635989391,16.454969549336,0.));
#1324 = CARTESIAN_POINT('',(112.35114825241,16.475503520811,0.));
#1325 = CARTESIAN_POINT('',(112.34594882103,16.496043171644,0.));
#1326 = CARTESIAN_POINT('',(112.3407616017,16.516588492941,0.));
#1327 = CARTESIAN_POINT('',(112.33558659614,16.537139475754,0.));
#1328 = CARTESIAN_POINT('',(112.33042380634,16.557696111201,0.));
#1329 = CARTESIAN_POINT('',(112.32527323415,16.578258390375,0.));
#1330 = CARTESIAN_POINT('',(112.32013488132,16.598826304346,0.));
#1331 = CARTESIAN_POINT('',(112.31500874975,16.619399844237,0.));
#1332 = CARTESIAN_POINT('',(112.30989484127,16.639979001135,0.));
#1333 = CARTESIAN_POINT('',(112.30479315768,16.660563766131,0.));
#1334 = CARTESIAN_POINT('',(112.29970370084,16.68115413034,0.));
#1335 = CARTESIAN_POINT('',(112.29462647249,16.701750084838,0.));
#1336 = CARTESIAN_POINT('',(112.28956147453,16.722351620752,0.));
#1337 = CARTESIAN_POINT('',(112.28450870869,16.74295872917,0.));
#1338 = CARTESIAN_POINT('',(112.27946817675,16.763571401195,0.));
#1339 = CARTESIAN_POINT('',(112.27443988056,16.784189627955,0.));
#1340 = CARTESIAN_POINT('',(112.2694238218,16.804813400523,0.));
#1341 = CARTESIAN_POINT('',(112.26442000237,16.825442710046,0.));
#1342 = CARTESIAN_POINT('',(112.25942842391,16.846077547602,0.));
#1343 = CARTESIAN_POINT('',(112.25444908823,16.866717904318,0.));
#1344 = CARTESIAN_POINT('',(112.2494819971,16.88736377131,0.));
#1345 = CARTESIAN_POINT('',(112.24452715222,16.908015139681,0.));
#1346 = CARTESIAN_POINT('',(112.23958455535,16.928672000555,0.));
#1347 = CARTESIAN_POINT('',(112.23465420823,16.949334345049,0.));
#1348 = CARTESIAN_POINT('',(112.22973611256,16.97000216428,0.));
#1349 = CARTESIAN_POINT('',(112.22483027006,16.99067544937,0.));
#1350 = CARTESIAN_POINT('',(112.21993668244,17.011354191444,0.));
#1351 = CARTESIAN_POINT('',(112.2150553514,17.032038381615,0.));
#1352 = CARTESIAN_POINT('',(112.21018627867,17.052728011016,0.));
#1353 = CARTESIAN_POINT('',(112.2053294659,17.073423070763,0.));
#1354 = CARTESIAN_POINT('',(112.2004849148,17.094123551994,0.));
#1355 = CARTESIAN_POINT('',(112.19565262701,17.114829445835,0.));
#1356 = CARTESIAN_POINT('',(112.19083260422,17.135540743411,0.));
#1357 = CARTESIAN_POINT('',(112.18602484811,17.156257435858,0.));
#1358 = CARTESIAN_POINT('',(112.18122936035,17.176979514313,0.));
#1359 = CARTESIAN_POINT('',(112.1764461425,17.197706969904,0.));
#1360 = CARTESIAN_POINT('',(112.17167519625,17.218439793767,0.));
#1361 = CARTESIAN_POINT('',(112.16691652332,17.239177977051,0.));
#1362 = CARTESIAN_POINT('',(112.16217012522,17.259921510875,0.));
#1363 = CARTESIAN_POINT('',(112.15743600362,17.280670386392,0.));
#1364 = CARTESIAN_POINT('',(112.15271416015,17.301424594753,0.));
#1365 = CARTESIAN_POINT('',(112.14800459638,17.322184127085,0.));
#1366 = CARTESIAN_POINT('',(112.14330731393,17.342948974537,0.));
#1367 = CARTESIAN_POINT('',(112.13862231445,17.363719128259,0.));
#1368 = CARTESIAN_POINT('',(112.13394959947,17.384494579397,0.));
#1369 = CARTESIAN_POINT('',(112.12928917055,17.4052753191,0.));
#1370 = CARTESIAN_POINT('',(112.1246410293,17.426061338527,0.));
#1371 = CARTESIAN_POINT('',(112.12000517731,17.446852628825,0.));
#1372 = CARTESIAN_POINT('',(112.1153816161,17.467649181137,0.));
#1373 = CARTESIAN_POINT('',(112.11077034729,17.488450986636,0.));
#1374 = CARTESIAN_POINT('',(112.10617137235,17.509258036462,0.));
#1375 = CARTESIAN_POINT('',(112.10158469287,17.530070321791,0.));
#1376 = CARTESIAN_POINT('',(112.09701031038,17.550887833775,0.));
#1377 = CARTESIAN_POINT('',(112.09244822638,17.571710563573,0.));
#1378 = CARTESIAN_POINT('',(112.08789844244,17.592538502355,0.));
#1379 = CARTESIAN_POINT('',(112.08336096005,17.613371641281,0.));
#1380 = CARTESIAN_POINT('',(112.07883578071,17.634209971517,0.));
#1381 = CARTESIAN_POINT('',(112.07432290595,17.655053484237,0.));
#1382 = CARTESIAN_POINT('',(112.06982233724,17.675902170604,0.));
#1383 = CARTESIAN_POINT('',(112.06533407608,17.696756021784,0.));
#1384 = CARTESIAN_POINT('',(112.06085812399,17.717615028966,0.));
#1385 = CARTESIAN_POINT('',(112.05639448238,17.738479183309,0.));
#1386 = CARTESIAN_POINT('',(112.05194315273,17.759348475991,0.));
#1387 = CARTESIAN_POINT('',(112.04750413658,17.780222898203,0.));
#1388 = CARTESIAN_POINT('',(112.0430774353,17.801102441104,0.));
#1389 = CARTESIAN_POINT('',(112.03866305036,17.821987095891,0.));
#1390 = CARTESIAN_POINT('',(112.03426098322,17.842876853739,0.));
#1391 = CARTESIAN_POINT('',(112.02987123533,17.86377170583,0.));
#1392 = CARTESIAN_POINT('',(112.02549380811,17.884671643356,0.));
#1393 = CARTESIAN_POINT('',(112.02112870293,17.905576657492,0.));
#1394 = CARTESIAN_POINT('',(112.01677592129,17.926486739441,0.));
#1395 = CARTESIAN_POINT('',(112.01243546456,17.947401880382,0.));
#1396 = CARTESIAN_POINT('',(112.00810733415,17.968322071513,0.));
#1397 = CARTESIAN_POINT('',(112.00379153144,17.98924730402,0.));
#1398 = CARTESIAN_POINT('',(111.99948805786,18.010177569111,0.));
#1399 = CARTESIAN_POINT('',(111.99519691476,18.031112857971,0.));
#1400 = CARTESIAN_POINT('',(111.99091810353,18.052053161804,0.));
#1401 = CARTESIAN_POINT('',(111.98665162553,18.072998471806,0.));
#1402 = CARTESIAN_POINT('',(111.98239748216,18.093948779184,0.));
#1403 = CARTESIAN_POINT('',(111.97815567474,18.114904075135,0.));
#1404 = CARTESIAN_POINT('',(111.97392620463,18.135864350865,0.));
#1405 = CARTESIAN_POINT('',(111.96970907321,18.156829597586,0.));
#1406 = CARTESIAN_POINT('',(111.96550428178,18.177799806502,0.));
#1407 = CARTESIAN_POINT('',(111.96131183166,18.198774968827,0.));
#1408 = CARTESIAN_POINT('',(111.9571317242,18.219755075769,0.));
#1409 = CARTESIAN_POINT('',(111.95296396073,18.240740118542,0.));
#1410 = CARTESIAN_POINT('',(111.94880854255,18.261730088351,0.));
#1411 = CARTESIAN_POINT('',(111.944665471,18.282724976424,0.));
#1412 = CARTESIAN_POINT('',(111.94053474732,18.303724773977,0.));
#1413 = CARTESIAN_POINT('',(111.93641637282,18.324729472239,0.));
#1414 = CARTESIAN_POINT('',(111.93231034877,18.34573906242,0.));
#1415 = CARTESIAN_POINT('',(111.92821667651,18.36675353574,0.));
#1416 = CARTESIAN_POINT('',(111.92413535733,18.387772883436,0.));
#1417 = CARTESIAN_POINT('',(111.92006639238,18.408797096721,0.));
#1418 = CARTESIAN_POINT('',(111.91600978297,18.429826166829,0.));
#1419 = CARTESIAN_POINT('',(111.91196553047,18.450860085006,0.));
#1420 = CARTESIAN_POINT('',(111.90793363596,18.471898842458,0.));
#1421 = CARTESIAN_POINT('',(111.90391410074,18.492942430425,0.));
#1422 = CARTESIAN_POINT('',(111.89990692614,18.513990840169,0.));
#1423 = CARTESIAN_POINT('',(111.89591211322,18.535044062889,0.));
#1424 = CARTESIAN_POINT('',(111.89192966329,18.556102089841,0.));
#1425 = CARTESIAN_POINT('',(111.88795957766,18.577164912284,0.));
#1426 = CARTESIAN_POINT('',(111.88400185733,18.598232521414,0.));
#1427 = CARTESIAN_POINT('',(111.88005650367,18.619304908515,0.));
#1428 = CARTESIAN_POINT('',(111.87612351787,18.640382064826,0.));
#1429 = CARTESIAN_POINT('',(111.87220290097,18.661463981573,0.));
#1430 = CARTESIAN_POINT('',(111.86829465432,18.682550650036,0.));
#1431 = CARTESIAN_POINT('',(111.86439877903,18.703642061445,0.));
#1432 = CARTESIAN_POINT('',(111.86051527626,18.72473820706,0.));
#1433 = CARTESIAN_POINT('',(111.85664414717,18.745839078125,0.));
#1434 = CARTESIAN_POINT('',(111.85278539299,18.76694466592,0.));
#1435 = CARTESIAN_POINT('',(111.84893901477,18.788054961676,0.));
#1436 = CARTESIAN_POINT('',(111.8451050137,18.809169956664,0.));
#1437 = CARTESIAN_POINT('',(111.84128339098,18.830289642159,0.));
#1438 = CARTESIAN_POINT('',(111.83747414761,18.851414009401,0.));
#1439 = CARTESIAN_POINT('',(111.8336772848,18.872543049675,0.));
#1440 = CARTESIAN_POINT('',(111.82989280368,18.893676754234,0.));
#1441 = CARTESIAN_POINT('',(111.82612070536,18.914815114355,0.));
#1442 = CARTESIAN_POINT('',(111.82236099088,18.9359581213,0.));
#1443 = CARTESIAN_POINT('',(111.81861366141,18.957105766349,0.));
#1444 = CARTESIAN_POINT('',(111.81487871804,18.978258040774,0.));
#1445 = CARTESIAN_POINT('',(111.81115616182,18.999414935856,0.));
#1446 = CARTESIAN_POINT('',(111.80744599382,19.020576442866,0.));
#1447 = CARTESIAN_POINT('',(111.80374821516,19.041742553086,0.));
#1448 = CARTESIAN_POINT('',(111.80006282694,19.0629132578,0.));
#1449 = CARTESIAN_POINT('',(111.79638983012,19.08408854828,0.));
#1450 = CARTESIAN_POINT('',(111.79272922582,19.105268415825,0.));
#1451 = CARTESIAN_POINT('',(111.7890810151,19.126452851721,0.));
#1452 = CARTESIAN_POINT('',(111.78544519896,19.147641847248,0.));
#1453 = CARTESIAN_POINT('',(111.78182177845,19.168835393698,0.));
#1454 = CARTESIAN_POINT('',(111.77821075466,19.190033482377,0.));
#1455 = CARTESIAN_POINT('',(111.7746121285,19.211236104557,0.));
#1456 = CARTESIAN_POINT('',(111.77102590107,19.232443251554,0.));
#1457 = CARTESIAN_POINT('',(111.7674520734,19.253654914661,0.));
#1458 = CARTESIAN_POINT('',(111.76389064639,19.274871085162,0.));
#1459 = CARTESIAN_POINT('',(111.76034162117,19.296091754386,0.));
#1460 = CARTESIAN_POINT('',(111.75680499862,19.317316913613,0.));
#1461 = CARTESIAN_POINT('',(111.7532807798,19.338546554163,0.));
#1462 = CARTESIAN_POINT('',(111.74976896565,19.359780667341,0.));
#1463 = CARTESIAN_POINT('',(111.74626955714,19.381019244452,0.));
#1464 = CARTESIAN_POINT('',(111.74278255528,19.402262276816,0.));
#1465 = CARTESIAN_POINT('',(111.73930796097,19.423509755731,0.));
#1466 = CARTESIAN_POINT('',(111.73584577523,19.444761672528,0.));
#1467 = CARTESIAN_POINT('',(111.73239599896,19.466018018508,0.));
#1468 = CARTESIAN_POINT('',(111.72895863312,19.487278785,0.));
#1469 = CARTESIAN_POINT('',(111.72553367866,19.50854396333,0.));
#1470 = CARTESIAN_POINT('',(111.72212113644,19.529813544803,0.));
#1471 = CARTESIAN_POINT('',(111.71872100749,19.551087520759,0.));
#1472 = CARTESIAN_POINT('',(111.71533329268,19.572365882521,0.));
#1473 = CARTESIAN_POINT('',(111.71195799286,19.593648621416,0.));
#1474 = CARTESIAN_POINT('',(111.70859510897,19.614935728773,0.));
#1475 = CARTESIAN_POINT('',(111.70524464199,19.636227195929,0.));
#1476 = CARTESIAN_POINT('',(111.70190659273,19.657523014208,0.));
#1477 = CARTESIAN_POINT('',(111.69858096206,19.678823174957,0.));
#1478 = CARTESIAN_POINT('',(111.69526775089,19.700127669505,0.));
#1479 = CARTESIAN_POINT('',(111.69196696014,19.721436489199,0.));
#1480 = CARTESIAN_POINT('',(111.68867859061,19.742749625373,0.));
#1481 = CARTESIAN_POINT('',(111.68540264316,19.76406706938,0.));
#1482 = CARTESIAN_POINT('',(111.68213911867,19.785388812568,0.));
#1483 = CARTESIAN_POINT('',(111.67888801797,19.806714846275,0.));
#1484 = CARTESIAN_POINT('',(111.67564934193,19.828045161856,0.));
#1485 = CARTESIAN_POINT('',(111.67242309136,19.849379750654,0.));
#1486 = CARTESIAN_POINT('',(111.66920926712,19.870718604035,0.));
#1487 = CARTESIAN_POINT('',(111.66600786998,19.892061713351,0.));
#1488 = CARTESIAN_POINT('',(111.66281890078,19.913409069957,0.));
#1489 = CARTESIAN_POINT('',(111.65964236037,19.934760665216,0.));
#1490 = CARTESIAN_POINT('',(111.65647824951,19.956116490486,0.));
#1491 = CARTESIAN_POINT('',(111.65332656898,19.977476537127,0.));
#1492 = CARTESIAN_POINT('',(111.65018731965,19.998840796511,0.));
#1493 = CARTESIAN_POINT('',(111.64706050226,20.020209260009,0.));
#1494 = CARTESIAN_POINT('',(111.64394611752,20.041581918975,0.));
#1495 = CARTESIAN_POINT('',(111.64084416633,20.062958764799,0.));
#1496 = CARTESIAN_POINT('',(111.63775464941,20.084339788845,0.));
#1497 = CARTESIAN_POINT('',(111.63467756746,20.105724982486,0.));
#1498 = CARTESIAN_POINT('',(111.6316129213,20.127114337111,0.));
#1499 = CARTESIAN_POINT('',(111.62856071166,20.148507844086,0.));
#1500 = CARTESIAN_POINT('',(111.6255209393,20.169905494798,0.));
#1501 = CARTESIAN_POINT('',(111.62249360494,20.191307280633,0.));
#1502 = CARTESIAN_POINT('',(111.61947870929,20.212713192977,0.));
#1503 = CARTESIAN_POINT('',(111.61647625309,20.234123223213,0.));
#1504 = CARTESIAN_POINT('',(111.6134862371,20.255537362741,0.));
#1505 = CARTESIAN_POINT('',(111.61050866195,20.276955602937,0.));
#1506 = CARTESIAN_POINT('',(111.60754352841,20.298377935205,0.));
#1507 = CARTESIAN_POINT('',(111.60459083717,20.319804350938,0.));
#1508 = CARTESIAN_POINT('',(111.6016505889,20.341234841531,0.));
#1509 = CARTESIAN_POINT('',(111.5987227843,20.362669398392,0.));
#1510 = CARTESIAN_POINT('',(111.59580742404,20.384108012916,0.));
#1511 = CARTESIAN_POINT('',(111.59290450882,20.405550676513,0.));
#1512 = CARTESIAN_POINT('',(111.59001403927,20.426997380581,0.));
#1513 = CARTESIAN_POINT('',(111.5871360161,20.448448116536,0.));
#1514 = CARTESIAN_POINT('',(111.58427043994,20.46990287578,0.));
#1515 = CARTESIAN_POINT('',(111.58141731145,20.491361649734,0.));
#1516 = CARTESIAN_POINT('',(111.57857663124,20.512824429808,0.));
#1517 = CARTESIAN_POINT('',(111.57574839998,20.534291207416,0.));
#1518 = CARTESIAN_POINT('',(111.57293261834,20.555761973986,0.));
#1519 = CARTESIAN_POINT('',(111.57012928684,20.577236720923,0.));
#1520 = CARTESIAN_POINT('',(111.56733840621,20.598715439671,0.));
#1521 = CARTESIAN_POINT('',(111.56455997698,20.620198121638,0.));
#1522 = CARTESIAN_POINT('',(111.5617939998,20.641684758255,0.));
#1523 = CARTESIAN_POINT('',(111.55904047528,20.663175340947,0.));
#1524 = CARTESIAN_POINT('',(111.55629940403,20.684669861154,0.));
#1525 = CARTESIAN_POINT('',(111.55357078655,20.706168310305,0.));
#1526 = CARTESIAN_POINT('',(111.55085462348,20.727670679836,0.));
#1527 = CARTESIAN_POINT('',(111.54815091546,20.74917696119,0.));
#1528 = CARTESIAN_POINT('',(111.54545966296,20.770687145791,0.));
#1529 = CARTESIAN_POINT('',(111.54278086659,20.792201225089,0.));
#1530 = CARTESIAN_POINT('',(111.54011452694,20.813719190531,0.));
#1531 = CARTESIAN_POINT('',(111.53746064451,20.835241033564,0.));
#1532 = CARTESIAN_POINT('',(111.53481921981,20.85676674563,0.));
#1533 = CARTESIAN_POINT('',(111.5321902535,20.878296318186,0.));
#1534 = CARTESIAN_POINT('',(111.52957374607,20.899829742679,0.));
#1535 = CARTESIAN_POINT('',(111.52696969797,20.92136701056,0.));
#1536 = CARTESIAN_POINT('',(111.52437810981,20.942908113298,0.));
#1537 = CARTESIAN_POINT('',(111.52179898207,20.96445304234,0.));
#1538 = CARTESIAN_POINT('',(111.51923231529,20.98600178915,0.));
#1539 = CARTESIAN_POINT('',(111.51667810995,21.007554345197,0.));
#1540 = CARTESIAN_POINT('',(111.51413636653,21.029110701942,0.));
#1541 = CARTESIAN_POINT('',(111.51160708556,21.050670850855,0.));
#1542 = CARTESIAN_POINT('',(111.50909026752,21.072234783402,0.));
#1543 = CARTESIAN_POINT('',(111.50658591286,21.093802491047,0.));
#1544 = CARTESIAN_POINT('',(111.50409402214,21.115373965277,0.));
#1545 = CARTESIAN_POINT('',(111.50161459572,21.136949197562,0.));
#1546 = CARTESIAN_POINT('',(111.49914763408,21.158528179382,0.));
#1547 = CARTESIAN_POINT('',(111.49669313778,21.180110902232,0.));
#1548 = CARTESIAN_POINT('',(111.49425110711,21.201697357564,0.));
#1549 = CARTESIAN_POINT('',(111.49182154266,21.223287536884,0.));
#1550 = CARTESIAN_POINT('',(111.48940444483,21.244881431673,0.));
#1551 = CARTESIAN_POINT('',(111.48699981397,21.266479033416,0.));
#1552 = CARTESIAN_POINT('',(111.48460765061,21.288080333621,0.));
#1553 = CARTESIAN_POINT('',(111.48222795511,21.309685323765,0.));
#1554 = CARTESIAN_POINT('',(111.47986072792,21.331293995349,0.));
#1555 = CARTESIAN_POINT('',(111.47750596943,21.352906339871,0.));
#1556 = CARTESIAN_POINT('',(111.47516368005,21.374522348837,0.));
#1557 = CARTESIAN_POINT('',(111.47283386014,21.396142013739,0.));
#1558 = CARTESIAN_POINT('',(111.47051651016,21.417765326087,0.));
#1559 = CARTESIAN_POINT('',(111.46821163049,21.439392277391,0.));
#1560 = CARTESIAN_POINT('',(111.4659192214,21.461022859153,0.));
#1561 = CARTESIAN_POINT('',(111.46363928338,21.482657062893,0.));
#1562 = CARTESIAN_POINT('',(111.46137181679,21.504294880119,0.));
#1563 = CARTESIAN_POINT('',(111.45911682191,21.525936302349,0.));
#1564 = CARTESIAN_POINT('',(111.45687429914,21.547581321104,0.));
#1565 = CARTESIAN_POINT('',(111.45464424886,21.569229927896,0.));
#1566 = CARTESIAN_POINT('',(111.45242667141,21.590882114249,0.));
#1567 = CARTESIAN_POINT('',(111.45022156708,21.612537871689,0.));
#1568 = CARTESIAN_POINT('',(111.44802893624,21.634197191754,0.));
#1569 = CARTESIAN_POINT('',(111.44584877916,21.655860065963,0.));
#1570 = CARTESIAN_POINT('',(111.44368109625,21.677526485852,0.));
#1571 = CARTESIAN_POINT('',(111.44152588776,21.699196442949,0.));
#1572 = CARTESIAN_POINT('',(111.43938315401,21.720869928789,0.));
#1573 = CARTESIAN_POINT('',(111.43725289533,21.742546934919,0.));
#1574 = CARTESIAN_POINT('',(111.43513511197,21.764227452874,0.));
#1575 = CARTESIAN_POINT('',(111.43302980424,21.7859114742,0.));
#1576 = CARTESIAN_POINT('',(111.43093697245,21.807598990444,0.));
#1577 = CARTESIAN_POINT('',(111.42885661683,21.829289993151,0.));
#1578 = CARTESIAN_POINT('',(111.42678873767,21.850984473866,0.));
#1579 = CARTESIAN_POINT('',(111.4247333353,21.872682424153,0.));
#1580 = CARTESIAN_POINT('',(111.42269040988,21.894383835554,0.));
#1581 = CARTESIAN_POINT('',(111.4206599617,21.916088699629,0.));
#1582 = CARTESIAN_POINT('',(111.41864199109,21.937797007942,0.));
#1583 = CARTESIAN_POINT('',(111.41663649817,21.959508752047,0.));
#1584 = CARTESIAN_POINT('',(111.41464348322,21.981223923518,0.));
#1585 = CARTESIAN_POINT('',(111.41266294651,22.002942513914,0.));
#1586 = CARTESIAN_POINT('',(111.41069488825,22.024664514802,0.));
#1587 = CARTESIAN_POINT('',(111.40873930864,22.046389917754,0.));
#1588 = CARTESIAN_POINT('',(111.40679620789,22.068118714347,0.));
#1589 = CARTESIAN_POINT('',(111.40486558623,22.089850896153,0.));
#1590 = CARTESIAN_POINT('',(111.40294744386,22.111586454749,0.));
#1591 = CARTESIAN_POINT('',(111.40104178097,22.133325381717,0.));
#1592 = CARTESIAN_POINT('',(111.39914859773,22.155067668633,0.));
#1593 = CARTESIAN_POINT('',(111.39726789439,22.176813307088,0.));
#1594 = CARTESIAN_POINT('',(111.39539967107,22.198562288668,0.));
#1595 = CARTESIAN_POINT('',(111.39354392793,22.220314604963,0.));
#1596 = CARTESIAN_POINT('',(111.39170066518,22.242070247564,0.));
#1597 = CARTESIAN_POINT('',(111.389869883,22.263829208062,0.));
#1598 = CARTESIAN_POINT('',(111.38805158149,22.285591478055,0.));
#1599 = CARTESIAN_POINT('',(111.38624576081,22.307357049143,0.));
#1600 = CARTESIAN_POINT('',(111.38445242116,22.329125912934,0.));
#1601 = CARTESIAN_POINT('',(111.38267156258,22.350898061016,0.));
#1602 = CARTESIAN_POINT('',(111.38090318531,22.372673485006,0.));
#1603 = CARTESIAN_POINT('',(111.37914728942,22.394452176502,0.));
#1604 = CARTESIAN_POINT('',(111.37740387504,22.416234127122,0.));
#1605 = CARTESIAN_POINT('',(111.37567294228,22.438019328484,0.));
#1606 = CARTESIAN_POINT('',(111.37395449123,22.45980777219,0.));
#1607 = CARTESIAN_POINT('',(111.37224852207,22.48159944987,0.));
#1608 = CARTESIAN_POINT('',(111.37055503483,22.503394353138,0.));
#1609 = CARTESIAN_POINT('',(111.36887402957,22.525192473615,0.));
#1610 = CARTESIAN_POINT('',(111.36720550649,22.546993802932,0.));
#1611 = CARTESIAN_POINT('',(111.36554946559,22.568798332709,0.));
#1612 = CARTESIAN_POINT('',(111.36390590692,22.590606054577,0.));
#1613 = CARTESIAN_POINT('',(111.36227483064,22.612416960174,0.));
#1614 = CARTESIAN_POINT('',(111.36065623676,22.634231041126,0.));
#1615 = CARTESIAN_POINT('',(111.35905012533,22.656048289075,0.));
#1616 = CARTESIAN_POINT('',(111.35745649642,22.677868695663,0.));
#1617 = CARTESIAN_POINT('',(111.35587535006,22.699692252525,0.));
#1618 = CARTESIAN_POINT('',(111.35430668633,22.721518951312,0.));
#1619 = CARTESIAN_POINT('',(111.3527505052,22.743348783663,0.));
#1620 = CARTESIAN_POINT('',(111.35120680676,22.765181741231,0.));
#1621 = CARTESIAN_POINT('',(111.34967559102,22.787017815665,0.));
#1622 = CARTESIAN_POINT('',(111.34815685798,22.808856998623,0.));
#1623 = CARTESIAN_POINT('',(111.34665060764,22.830699281754,0.));
#1624 = CARTESIAN_POINT('',(111.34515684007,22.852544656721,0.));
#1625 = CARTESIAN_POINT('',(111.34367555523,22.874393115188,0.));
#1626 = CARTESIAN_POINT('',(111.34220675305,22.896244648815,0.));
#1627 = CARTESIAN_POINT('',(111.34075043364,22.918099249272,0.));
#1628 = CARTESIAN_POINT('',(111.33930659692,22.939956908217,0.));
#1629 = CARTESIAN_POINT('',(111.33787524286,22.961817617328,0.));
#1630 = CARTESIAN_POINT('',(111.33645637146,22.983681368282,0.));
#1631 = CARTESIAN_POINT('',(111.33504998266,23.005548152747,0.));
#1632 = CARTESIAN_POINT('',(111.33365607646,23.027417962406,0.));
#1633 = CARTESIAN_POINT('',(111.33227465278,23.049290788936,0.));
#1634 = CARTESIAN_POINT('',(111.33090571158,23.071166624027,0.));
#1635 = CARTESIAN_POINT('',(111.32954925279,23.093045459359,0.));
#1636 = CARTESIAN_POINT('',(111.32820527638,23.114927286624,0.));
#1637 = CARTESIAN_POINT('',(111.32687378226,23.136812097506,0.));
#1638 = CARTESIAN_POINT('',(111.32555477036,23.158699883701,0.));
#1639 = CARTESIAN_POINT('',(111.32424824063,23.180590636906,0.));
#1640 = CARTESIAN_POINT('',(111.32295419294,23.202484348816,0.));
#1641 = CARTESIAN_POINT('',(111.32167262722,23.224381011136,0.));
#1642 = CARTESIAN_POINT('',(111.32040354338,23.246280615565,0.));
#1643 = CARTESIAN_POINT('',(111.31914694133,23.268183153817,0.));
#1644 = CARTESIAN_POINT('',(111.31790282089,23.290088617586,0.));
#1645 = CARTESIAN_POINT('',(111.31667118208,23.311996998593,0.));
#1646 = CARTESIAN_POINT('',(111.31545202468,23.333908288541,0.));
#1647 = CARTESIAN_POINT('',(111.31424534859,23.355822479156,0.));
#1648 = CARTESIAN_POINT('',(111.31305115368,23.37773956215,0.));
#1649 = CARTESIAN_POINT('',(111.31186943984,23.399659529246,0.));
#1650 = CARTESIAN_POINT('',(111.3107002069,23.421582372169,0.));
#1651 = CARTESIAN_POINT('',(111.3095434547,23.443508082638,0.));
#1652 = CARTESIAN_POINT('',(111.30839918317,23.465436652387,0.));
#1653 = CARTESIAN_POINT('',(111.30726739205,23.487368073136,0.));
#1654 = CARTESIAN_POINT('',(111.30614808125,23.509302336633,0.));
#1655 = CARTESIAN_POINT('',(111.30504125056,23.531239434605,0.));
#1656 = CARTESIAN_POINT('',(111.30394689982,23.553179358797,0.));
#1657 = CARTESIAN_POINT('',(111.30286502885,23.57512210094,0.));
#1658 = CARTESIAN_POINT('',(111.30179563749,23.59706765278,0.));
#1659 = CARTESIAN_POINT('',(111.30073872552,23.619016006067,0.));
#1660 = CARTESIAN_POINT('',(111.29969429272,23.640967152544,0.));
#1661 = CARTESIAN_POINT('',(111.29866233897,23.662921083968,0.));
#1662 = CARTESIAN_POINT('',(111.29764286398,23.684877792082,0.));
#1663 = CARTESIAN_POINT('',(111.29663586758,23.706837268652,0.));
#1664 = CARTESIAN_POINT('',(111.29564134954,23.728799505437,0.));
#1665 = CARTESIAN_POINT('',(111.29465930961,23.750764494191,0.));
#1666 = CARTESIAN_POINT('',(111.29368974764,23.772732226681,0.));
#1667 = CARTESIAN_POINT('',(111.29273266332,23.794702694671,0.));
#1668 = CARTESIAN_POINT('',(111.29178805642,23.816675889933,0.));
#1669 = CARTESIAN_POINT('',(111.29085592672,23.838651804236,0.));
#1670 = CARTESIAN_POINT('',(111.28993627398,23.860630429357,0.));
#1671 = CARTESIAN_POINT('',(111.28902909785,23.882611757064,0.));
#1672 = CARTESIAN_POINT('',(111.28813439822,23.904595779148,0.));
#1673 = CARTESIAN_POINT('',(111.28725217469,23.92658248738,0.));
#1674 = CARTESIAN_POINT('',(111.28638242703,23.948571873553,0.));
#1675 = CARTESIAN_POINT('',(111.28552515499,23.970563929451,0.));
#1676 = CARTESIAN_POINT('',(111.28468035823,23.992558646858,0.));
#1677 = CARTESIAN_POINT('',(111.28384803653,24.014556017571,0.));
#1678 = CARTESIAN_POINT('',(111.28302818954,24.036556033379,0.));
#1679 = CARTESIAN_POINT('',(111.28222081699,24.058558686087,0.));
#1680 = CARTESIAN_POINT('',(111.28142591853,24.080563967492,0.));
#1681 = CARTESIAN_POINT('',(111.28064349389,24.102571869401,0.));
#1682 = CARTESIAN_POINT('',(111.27987354272,24.124582383606,0.));
#1683 = CARTESIAN_POINT('',(111.27911606476,24.146595501918,0.));
#1684 = CARTESIAN_POINT('',(111.27837105964,24.168611216155,0.));
#1685 = CARTESIAN_POINT('',(111.27763852696,24.190629518129,0.));
#1686 = CARTESIAN_POINT('',(111.27691846648,24.212650399653,0.));
#1687 = CARTESIAN_POINT('',(111.27621087786,24.23467385254,0.));
#1688 = CARTESIAN_POINT('',(111.27551576067,24.256699868617,0.));
#1689 = CARTESIAN_POINT('',(111.27483311456,24.278728439702,0.));
#1690 = CARTESIAN_POINT('',(111.2741629393,24.300759557626,0.));
#1691 = CARTESIAN_POINT('',(111.27350523437,24.322793214212,0.));
#1692 = CARTESIAN_POINT('',(111.27285999943,24.344829401301,0.));
#1693 = CARTESIAN_POINT('',(111.27222723418,24.366868110725,0.));
#1694 = CARTESIAN_POINT('',(111.27160693813,24.388909334309,0.));
#1695 = CARTESIAN_POINT('',(111.27099911101,24.410953063903,0.));
#1696 = CARTESIAN_POINT('',(111.2704037523,24.432999291336,0.));
#1697 = CARTESIAN_POINT('',(111.26982086173,24.455048008465,0.));
#1698 = CARTESIAN_POINT('',(111.2692504388,24.477099207138,0.));
#1699 = CARTESIAN_POINT('',(111.26869248308,24.499152879197,0.));
#1700 = CARTESIAN_POINT('',(111.26814699428,24.521209016496,0.));
#1701 = CARTESIAN_POINT('',(111.2676139719,24.543267610887,0.));
#1702 = CARTESIAN_POINT('',(111.26709341548,24.565328654238,0.));
#1703 = CARTESIAN_POINT('',(111.26658532461,24.587392138401,0.));
#1704 = CARTESIAN_POINT('',(111.26608969895,24.609458055242,0.));
#1705 = CARTESIAN_POINT('',(111.26560653791,24.631526396623,0.));
#1706 = CARTESIAN_POINT('',(111.26513584111,24.653597154416,0.));
#1707 = CARTESIAN_POINT('',(111.26467760815,24.675670320495,0.));
#1708 = CARTESIAN_POINT('',(111.26423183846,24.697745886725,0.));
#1709 = CARTESIAN_POINT('',(111.26379853166,24.719823844992,0.));
#1710 = CARTESIAN_POINT('',(111.26337768727,24.741904187168,0.));
#1711 = CARTESIAN_POINT('',(111.26296930477,24.763986905138,0.));
#1712 = CARTESIAN_POINT('',(111.26257338374,24.786071990789,0.));
#1713 = CARTESIAN_POINT('',(111.26218992363,24.808159435998,0.));
#1714 = CARTESIAN_POINT('',(111.26181892404,24.830249232661,0.));
#1715 = CARTESIAN_POINT('',(111.26146038438,24.852341372667,0.));
#1716 = CARTESIAN_POINT('',(111.26111430421,24.874435847921,0.));
#1717 = CARTESIAN_POINT('',(111.26078068298,24.896532650316,0.));
#1718 = CARTESIAN_POINT('',(111.26045952021,24.918631771752,0.));
#1719 = CARTESIAN_POINT('',(111.26015081538,24.940733204132,0.));
#1720 = CARTESIAN_POINT('',(111.25985456795,24.962836939359,0.));
#1721 = CARTESIAN_POINT('',(111.25957077742,24.984942969345,0.));
#1722 = CARTESIAN_POINT('',(111.25929944322,25.007051286001,0.));
#1723 = CARTESIAN_POINT('',(111.25904056484,25.029161881244,0.));
#1724 = CARTESIAN_POINT('',(111.25879414172,25.051274746987,0.));
#1725 = CARTESIAN_POINT('',(111.25856017332,25.073389875149,0.));
#1726 = CARTESIAN_POINT('',(111.2583386591,25.095507257658,0.));
#1727 = CARTESIAN_POINT('',(111.25812959845,25.117626886433,0.));
#1728 = CARTESIAN_POINT('',(111.25793299086,25.139748753401,0.));
#1729 = CARTESIAN_POINT('',(111.25774883579,25.1618728505,0.));
#1730 = CARTESIAN_POINT('',(111.2575771325,25.183999169656,0.));
#1731 = CARTESIAN_POINT('',(111.25741788061,25.206127702817,0.));
#1732 = CARTESIAN_POINT('',(111.25727107942,25.228258441908,0.));
#1733 = CARTESIAN_POINT('',(111.25713672833,25.250391378877,0.));
#1734 = CARTESIAN_POINT('',(111.25701482683,25.272526505665,0.));
#1735 = CARTESIAN_POINT('',(111.25690537424,25.294663814216,0.));
#1736 = CARTESIAN_POINT('',(111.25680837001,25.316803296493,0.));
#1737 = CARTESIAN_POINT('',(111.25672381343,25.338944944439,0.));
#1738 = CARTESIAN_POINT('',(111.25665170399,25.361088750006,0.));
#1739 = CARTESIAN_POINT('',(111.25659204107,25.383234705159,0.));
#1740 = CARTESIAN_POINT('',(111.25654482389,25.405382801859,0.));
#1741 = CARTESIAN_POINT('',(111.25651005198,25.427533032065,0.));
#1742 = CARTESIAN_POINT('',(111.2564877247,25.449685387739,0.));
#1743 = CARTESIAN_POINT('',(111.25647784128,25.471839860863,0.));
#1744 = CARTESIAN_POINT('',(111.25648040111,25.493996443405,0.));
#1745 = CARTESIAN_POINT('',(111.25649540366,25.516155127332,0.));
#1746 = CARTESIAN_POINT('',(111.25652284814,25.538315904623,0.));
#1747 = CARTESIAN_POINT('',(111.25656273389,25.560478767269,0.));
#1748 = CARTESIAN_POINT('',(111.25661506029,25.582643707251,0.));
#1749 = CARTESIAN_POINT('',(111.25667982665,25.604810716548,0.));
#1750 = CARTESIAN_POINT('',(111.25675703227,25.626979787147,0.));
#1751 = CARTESIAN_POINT('',(111.25684667652,25.649150911042,0.));
#1752 = CARTESIAN_POINT('',(111.25694875864,25.671324080227,0.));
#1753 = CARTESIAN_POINT('',(111.25706327796,25.693499286702,0.));
#1754 = CARTESIAN_POINT('',(111.2571902338,25.715676522469,0.));
#1755 = CARTESIAN_POINT('',(111.25732962539,25.73785577952,0.));
#1756 = CARTESIAN_POINT('',(111.25748145213,25.760037049869,0.));
#1757 = CARTESIAN_POINT('',(111.25764571321,25.782220325522,0.));
#1758 = CARTESIAN_POINT('',(111.2578224079,25.80440559849,0.));
#1759 = CARTESIAN_POINT('',(111.25801153556,25.826592860787,0.));
#1760 = CARTESIAN_POINT('',(111.25821309538,25.848782104433,0.));
#1761 = CARTESIAN_POINT('',(111.25842708661,25.870973321449,0.));
#1762 = CARTESIAN_POINT('',(111.25865350858,25.89316650385,0.));
#1763 = CARTESIAN_POINT('',(111.25889236053,25.915361643659,0.));
#1764 = CARTESIAN_POINT('',(111.25914364163,25.937558732905,0.));
#1765 = CARTESIAN_POINT('',(111.25940735123,25.959757763629,0.));
#1766 = CARTESIAN_POINT('',(111.25968348846,25.981958727855,0.));
#1767 = CARTESIAN_POINT('',(111.25997205264,26.004161617628,0.));
#1768 = CARTESIAN_POINT('',(111.26027304294,26.026366424982,0.));
#1769 = CARTESIAN_POINT('',(111.26058645858,26.048573141955,0.));
#1770 = CARTESIAN_POINT('',(111.26091229885,26.070781760593,0.));
#1771 = CARTESIAN_POINT('',(111.26125056288,26.09299227295,0.));
#1772 = CARTESIAN_POINT('',(111.26160124987,26.115204671081,0.));
#1773 = CARTESIAN_POINT('',(111.26196435907,26.137418947027,0.));
#1774 = CARTESIAN_POINT('',(111.26233988972,26.159635092845,0.));
#1775 = CARTESIAN_POINT('',(111.26272784087,26.181853100601,0.));
#1776 = CARTESIAN_POINT('',(111.26312821181,26.204072962357,0.));
#1777 = CARTESIAN_POINT('',(111.26354100172,26.226294670175,0.));
#1778 = CARTESIAN_POINT('',(111.2639662097,26.248518216125,0.));
#1779 = CARTESIAN_POINT('',(111.264403835,26.270743592276,0.));
#1780 = CARTESIAN_POINT('',(111.26485387676,26.292970790696,0.));
#1781 = CARTESIAN_POINT('',(111.26531633415,26.315199803469,0.));
#1782 = CARTESIAN_POINT('',(111.26579120627,26.337430622676,0.));
#1783 = CARTESIAN_POINT('',(111.26627849231,26.359663240397,0.));
#1784 = CARTESIAN_POINT('',(111.26677819144,26.381897648712,0.));
#1785 = CARTESIAN_POINT('',(111.26729030277,26.404133839713,0.));
#1786 = CARTESIAN_POINT('',(111.26781482541,26.42637180549,0.));
#1787 = CARTESIAN_POINT('',(111.26835175854,26.448611538134,0.));
#1788 = CARTESIAN_POINT('',(111.26890110128,26.470853029747,0.));
#1789 = CARTESIAN_POINT('',(111.26946285267,26.493096272429,0.));
#1790 = CARTESIAN_POINT('',(111.27003701193,26.515341258277,0.));
#1791 = CARTESIAN_POINT('',(111.27062357813,26.537587979396,0.));
#1792 = CARTESIAN_POINT('',(111.27122255034,26.559836427902,0.));
#1793 = CARTESIAN_POINT('',(111.27183392768,26.5820865959,0.));
#1794 = CARTESIAN_POINT('',(111.27245770928,26.604338475502,0.));
#1795 = CARTESIAN_POINT('',(111.27309389419,26.626592058827,0.));
#1796 = CARTESIAN_POINT('',(111.27374248148,26.648847337991,0.));
#1797 = CARTESIAN_POINT('',(111.27440347032,26.67110430512,0.));
#1798 = CARTESIAN_POINT('',(111.27507685966,26.693362952346,0.));
#1799 = CARTESIAN_POINT('',(111.2757626486,26.715623271796,0.));
#1800 = CARTESIAN_POINT('',(111.27646083628,26.737885255591,0.));
#1801 = CARTESIAN_POINT('',(111.27717142171,26.760148895864,0.));
#1802 = CARTESIAN_POINT('',(111.27789440391,26.782414184762,0.));
#1803 = CARTESIAN_POINT('',(111.27862978198,26.804681114426,0.));
#1804 = CARTESIAN_POINT('',(111.27937755494,26.826949676999,0.));
#1805 = CARTESIAN_POINT('',(111.2801377218,26.849219864625,0.));
#1806 = CARTESIAN_POINT('',(111.28091028168,26.871491669452,0.));
#1807 = CARTESIAN_POINT('',(111.28169523351,26.893765083626,0.));
#1808 = CARTESIAN_POINT('',(111.28249257639,26.916040099302,0.));
#1809 = CARTESIAN_POINT('',(111.28330230934,26.938316708644,0.));
#1810 = CARTESIAN_POINT('',(111.28412443126,26.960594903819,0.));
#1811 = CARTESIAN_POINT('',(111.28495894127,26.982874676983,0.));
#1812 = CARTESIAN_POINT('',(111.2858058384,27.005156020297,0.));
#1813 = CARTESIAN_POINT('',(111.28666512153,27.02743892594,0.));
#1814 = CARTESIAN_POINT('',(111.28753678971,27.049723386078,0.));
#1815 = CARTESIAN_POINT('',(111.28842084202,27.072009392884,0.));
#1816 = CARTESIAN_POINT('',(111.28931727729,27.094296938542,0.));
#1817 = CARTESIAN_POINT('',(111.29022609458,27.116586015236,0.));
#1818 = CARTESIAN_POINT('',(111.29114729287,27.138876615146,0.));
#1819 = CARTESIAN_POINT('',(111.2920808711,27.16116873046,0.));
#1820 = CARTESIAN_POINT('',(111.29302682826,27.18346235337,0.));
#1821 = CARTESIAN_POINT('',(111.29398516328,27.205757476064,0.));
#1822 = CARTESIAN_POINT('',(111.29495587515,27.228054090735,0.));
#1823 = CARTESIAN_POINT('',(111.29593896282,27.250352189588,0.));
#1824 = CARTESIAN_POINT('',(111.29693442517,27.27265176483,0.));
#1825 = CARTESIAN_POINT('',(111.29794226122,27.294952808667,0.));
#1826 = CARTESIAN_POINT('',(111.29896246983,27.3172553133,0.));
#1827 = CARTESIAN_POINT('',(111.29999505001,27.339559270938,0.));
#1828 = CARTESIAN_POINT('',(111.30104000063,27.361864673796,0.));
#1829 = CARTESIAN_POINT('',(111.30209732062,27.384171514093,0.));
#1830 = CARTESIAN_POINT('',(111.30316700893,27.40647978405,0.));
#1831 = CARTESIAN_POINT('',(111.30424906438,27.42878947589,0.));
#1832 = CARTESIAN_POINT('',(111.30534348599,27.451100581831,0.));
#1833 = CARTESIAN_POINT('',(111.30645027262,27.473413094105,0.));
#1834 = CARTESIAN_POINT('',(111.30756942311,27.495727004952,0.));
#1835 = CARTESIAN_POINT('',(111.3087009364,27.518042306607,0.));
#1836 = CARTESIAN_POINT('',(111.30984481137,27.540358991302,0.));
#1837 = CARTESIAN_POINT('',(111.3110010469,27.562677051272,0.));
#1838 = CARTESIAN_POINT('',(111.31216964191,27.584996478765,0.));
#1839 = CARTESIAN_POINT('',(111.31335059516,27.607317266036,0.));
#1840 = CARTESIAN_POINT('',(111.3145439056,27.629639405326,0.));
#1841 = CARTESIAN_POINT('',(111.31574957214,27.651962888889,0.));
#1842 = CARTESIAN_POINT('',(111.31696759348,27.674287708988,0.));
#1843 = CARTESIAN_POINT('',(111.31819796859,27.696613857879,0.));
#1844 = CARTESIAN_POINT('',(111.31944069633,27.718941327821,0.));
#1845 = CARTESIAN_POINT('',(111.32069577543,27.741270111078,0.));
#1846 = CARTESIAN_POINT('',(111.32196320486,27.763600199911,0.));
#1847 = CARTESIAN_POINT('',(111.32324298342,27.785931586599,0.));
#1848 = CARTESIAN_POINT('',(111.32453510982,27.808264263426,0.));
#1849 = CARTESIAN_POINT('',(111.32583958301,27.83059822266,0.));
#1850 = CARTESIAN_POINT('',(111.32715640181,27.852933456573,0.));
#1851 = CARTESIAN_POINT('',(111.32848556495,27.875269957459,0.));
#1852 = CARTESIAN_POINT('',(111.32982707127,27.897607717604,0.));
#1853 = CARTESIAN_POINT('',(111.33118091962,27.919946729286,0.));
#1854 = CARTESIAN_POINT('',(111.33254710877,27.942286984803,0.));
#1855 = CARTESIAN_POINT('',(111.33392563747,27.964628476455,0.));
#1856 = CARTESIAN_POINT('',(111.33531650459,27.986971196541,0.));
#1857 = CARTESIAN_POINT('',(111.33671970883,28.009315137359,0.));
#1858 = CARTESIAN_POINT('',(111.33813524903,28.03166029121,0.));
#1859 = CARTESIAN_POINT('',(111.33956312397,28.0540066504,0.));
#1860 = CARTESIAN_POINT('',(111.34100333235,28.076354207243,0.));
#1861 = CARTESIAN_POINT('',(111.34245587303,28.098702954055,0.));
#1862 = CARTESIAN_POINT('',(111.34392074469,28.121052883156,0.));
#1863 = CARTESIAN_POINT('',(111.34539794609,28.143403986863,0.));
#1864 = CARTESIAN_POINT('',(111.34688747605,28.165756257492,0.));
#1865 = CARTESIAN_POINT('',(111.34838933327,28.188109687367,0.));
#1866 = CARTESIAN_POINT('',(111.34990351649,28.210464268823,0.));
#1867 = CARTESIAN_POINT('',(111.35143002446,28.232819994194,0.));
#1868 = CARTESIAN_POINT('',(111.35296885588,28.255176855813,0.));
#1869 = CARTESIAN_POINT('',(111.35452000953,28.277534846015,0.));
#1870 = CARTESIAN_POINT('',(111.35608348409,28.299893957145,0.));
#1871 = CARTESIAN_POINT('',(111.35765927827,28.322254181546,0.));
#1872 = CARTESIAN_POINT('',(111.35924739085,28.344615511563,0.));
#1873 = CARTESIAN_POINT('',(111.36084782044,28.366977939548,0.));
#1874 = CARTESIAN_POINT('',(111.36246056584,28.389341457855,0.));
#1875 = CARTESIAN_POINT('',(111.36408562566,28.411706058839,0.));
#1876 = CARTESIAN_POINT('',(111.36572299867,28.43407173486,0.));
#1877 = CARTESIAN_POINT('',(111.36737268354,28.45643847828,0.));
#1878 = CARTESIAN_POINT('',(111.36903467888,28.478806281466,0.));
#1879 = CARTESIAN_POINT('',(111.37070898352,28.501175136783,0.));
#1880 = CARTESIAN_POINT('',(111.37239559597,28.523545036608,0.));
#1881 = CARTESIAN_POINT('',(111.37409451501,28.545915973314,0.));
#1882 = CARTESIAN_POINT('',(111.37580573929,28.568287939277,0.));
#1883 = CARTESIAN_POINT('',(111.37752926742,28.590660926886,0.));
#1884 = CARTESIAN_POINT('',(111.37926509809,28.613034928521,0.));
#1885 = CARTESIAN_POINT('',(111.38101322998,28.635409936567,0.));
#1886 = CARTESIAN_POINT('',(111.38277366166,28.657785943415,0.));
#1887 = CARTESIAN_POINT('',(111.38454639188,28.680162941453,0.));
#1888 = CARTESIAN_POINT('',(111.3863314192,28.702540923086,0.));
#1889 = CARTESIAN_POINT('',(111.38812874223,28.724919880719,0.));
#1890 = CARTESIAN_POINT('',(111.38993835969,28.747299806747,0.));
#1891 = CARTESIAN_POINT('',(111.39176027012,28.76968069357,0.));
#1892 = CARTESIAN_POINT('',(111.39359447221,28.792062533598,0.));
#1893 = CARTESIAN_POINT('',(111.39544096453,28.814445319254,0.));
#1894 = CARTESIAN_POINT('',(111.39729974565,28.836829042954,0.));
#1895 = CARTESIAN_POINT('',(111.39917081426,28.859213697106,0.));
#1896 = CARTESIAN_POINT('',(111.40105416894,28.881599274133,0.));
#1897 = CARTESIAN_POINT('',(111.40294980822,28.90398576647,0.));
#1898 = CARTESIAN_POINT('',(111.40485773076,28.926373166542,0.));
#1899 = CARTESIAN_POINT('',(111.40677793512,28.948761466772,0.));
#1900 = CARTESIAN_POINT('',(111.4087104199,28.971150659595,0.));
#1901 = CARTESIAN_POINT('',(111.41065518366,28.993540737451,0.));
#1902 = CARTESIAN_POINT('',(111.41261222497,29.015931692785,0.));
#1903 = CARTESIAN_POINT('',(111.4145815424,29.038323518038,0.));
#1904 = CARTESIAN_POINT('',(111.41656313452,29.060716205657,0.));
#1905 = CARTESIAN_POINT('',(111.41855699988,29.083109748089,0.));
#1906 = CARTESIAN_POINT('',(111.42056313706,29.105504137786,0.));
#1907 = CARTESIAN_POINT('',(111.42258154458,29.127899367204,0.));
#1908 = CARTESIAN_POINT('',(111.42461222101,29.150295428808,0.));
#1909 = CARTESIAN_POINT('',(111.42665516484,29.172692315059,0.));
#1910 = CARTESIAN_POINT('',(111.42871037467,29.195090018418,0.));
#1911 = CARTESIAN_POINT('',(111.430777849,29.217488531356,0.));
#1912 = CARTESIAN_POINT('',(111.43285758633,29.239887846347,0.));
#1913 = CARTESIAN_POINT('',(111.43494958526,29.262287955864,0.));
#1914 = CARTESIAN_POINT('',(111.43705384422,29.284688852389,0.));
#1915 = CARTESIAN_POINT('',(111.43917036177,29.307090528401,0.));
#1916 = CARTESIAN_POINT('',(111.44129913642,29.329492976379,0.));
#1917 = CARTESIAN_POINT('',(111.44344016665,29.351896188814,0.));
#1918 = CARTESIAN_POINT('',(111.44559345101,29.374300158202,0.));
#1919 = CARTESIAN_POINT('',(111.44775898787,29.39670487704,0.));
#1920 = CARTESIAN_POINT('',(111.4499367759,29.419110337814,0.));
#1921 = CARTESIAN_POINT('',(111.45212681345,29.441516533029,0.));
#1922 = CARTESIAN_POINT('',(111.45432909902,29.46392345519,0.));
#1923 = CARTESIAN_POINT('',(111.45654363117,29.486331096797,0.));
#1924 = CARTESIAN_POINT('',(111.45877040827,29.508739450368,0.));
#1925 = CARTESIAN_POINT('',(111.46100942885,29.531148508416,0.));
#1926 = CARTESIAN_POINT('',(111.46326069133,29.553558263459,0.));
#1927 = CARTESIAN_POINT('',(111.46552419419,29.575968708008,0.));
#1928 = CARTESIAN_POINT('',(111.46779993593,29.598379834586,0.));
#1929 = CARTESIAN_POINT('',(111.4700879149,29.620791635729,0.));
#1930 = CARTESIAN_POINT('',(111.4723881296,29.64320410396,0.));
#1931 = CARTESIAN_POINT('',(111.47470057853,29.665617231808,0.));
#1932 = CARTESIAN_POINT('',(111.47702525998,29.688031011819,0.));
#1933 = CARTESIAN_POINT('',(111.47936217253,29.710445436524,0.));
#1934 = CARTESIAN_POINT('',(111.4817113145,29.732860498464,0.));
#1935 = CARTESIAN_POINT('',(111.48407268438,29.755276190182,0.));
#1936 = CARTESIAN_POINT('',(111.48644628056,29.777692504226,0.));
#1937 = CARTESIAN_POINT('',(111.48883210147,29.800109433153,0.));
#1938 = CARTESIAN_POINT('',(111.49123014547,29.822526969527,0.));
#1939 = CARTESIAN_POINT('',(111.493640411,29.844945105894,0.));
#1940 = CARTESIAN_POINT('',(111.49606289649,29.867363834808,0.));
#1941 = CARTESIAN_POINT('',(111.4984976003,29.889783148842,0.));
#1942 = CARTESIAN_POINT('',(111.50094452078,29.912203040567,0.));
#1943 = CARTESIAN_POINT('',(111.50340365642,29.934623502545,0.));
#1944 = CARTESIAN_POINT('',(111.50587500554,29.957044527357,0.));
#1945 = CARTESIAN_POINT('',(111.50835856644,29.979466107586,0.));
#1946 = CARTESIAN_POINT('',(111.51085433768,30.001888235793,0.));
#1947 = CARTESIAN_POINT('',(111.51336231747,30.024310904573,0.));
#1948 = CARTESIAN_POINT('',(111.51588250422,30.046734106518,0.));
#1949 = CARTESIAN_POINT('',(111.51841489633,30.069157834212,0.));
#1950 = CARTESIAN_POINT('',(111.52095949207,30.091582080249,0.));
#1951 = CARTESIAN_POINT('',(111.52351628991,30.114006837221,0.));
#1952 = CARTESIAN_POINT('',(111.5260852881,30.136432097742,0.));
#1953 = CARTESIAN_POINT('',(111.52866648496,30.15885785441,0.));
#1954 = CARTESIAN_POINT('',(111.53125987895,30.181284099811,0.));
#1955 = CARTESIAN_POINT('',(111.53386546835,30.203710826566,0.));
#1956 = CARTESIAN_POINT('',(111.5364832514,30.226138027304,0.));
#1957 = CARTESIAN_POINT('',(111.53911322652,30.248565694631,0.));
#1958 = CARTESIAN_POINT('',(111.54175539202,30.27099382116,0.));
#1959 = CARTESIAN_POINT('',(111.54440974619,30.293422399519,0.));
#1960 = CARTESIAN_POINT('',(111.54707628736,30.315851422333,0.));
#1961 = CARTESIAN_POINT('',(111.54975501381,30.338280882232,0.));
#1962 = CARTESIAN_POINT('',(111.55244592389,30.360710771844,0.));
#1963 = CARTESIAN_POINT('',(111.55514901585,30.383141083805,0.));
#1964 = CARTESIAN_POINT('',(111.55786428804,30.405571810752,0.));
#1965 = CARTESIAN_POINT('',(111.56059173866,30.428002945336,0.));
#1966 = CARTESIAN_POINT('',(111.56333136609,30.4504344802,0.));
#1967 = CARTESIAN_POINT('',(111.56608316853,30.472866407993,0.));
#1968 = CARTESIAN_POINT('',(111.56884714429,30.495298721354,0.));
#1969 = CARTESIAN_POINT('',(111.57162329175,30.517731412933,0.));
#1970 = CARTESIAN_POINT('',(111.57441160896,30.54016447542,0.));
#1971 = CARTESIAN_POINT('',(111.57721209431,30.562597901464,0.));
#1972 = CARTESIAN_POINT('',(111.58002474611,30.585031683718,0.));
#1973 = CARTESIAN_POINT('',(111.58284956246,30.607465814856,0.));
#1974 = CARTESIAN_POINT('',(111.5856865418,30.629900287543,0.));
#1975 = CARTESIAN_POINT('',(111.58853568221,30.652335094467,0.));
#1976 = CARTESIAN_POINT('',(111.591396982,30.674770228308,0.));
#1977 = CARTESIAN_POINT('',(111.59427043942,30.697205681735,0.));
#1978 = CARTESIAN_POINT('',(111.59715605268,30.71964144743,0.));
#1979 = CARTESIAN_POINT('',(111.60005382004,30.742077518084,0.));
#1980 = CARTESIAN_POINT('',(111.60296373966,30.764513886401,0.));
#1981 = CARTESIAN_POINT('',(111.60588580982,30.786950545068,0.));
#1982 = CARTESIAN_POINT('',(111.6088200287,30.809387486776,0.));
#1983 = CARTESIAN_POINT('',(111.61176639455,30.831824704221,0.));
#1984 = CARTESIAN_POINT('',(111.61472490556,30.854262190114,0.));
#1985 = CARTESIAN_POINT('',(111.61769555991,30.876699937173,0.));
#1986 = CARTESIAN_POINT('',(111.62067835578,30.899137938104,0.));
#1987 = CARTESIAN_POINT('',(111.62367329146,30.921576185606,0.));
#1988 = CARTESIAN_POINT('',(111.62668036505,30.944014672412,0.));
#1989 = CARTESIAN_POINT('',(111.62969957474,30.966453391244,0.));
#1990 = CARTESIAN_POINT('',(111.63273091876,30.988892334818,0.));
#1991 = CARTESIAN_POINT('',(111.63577439524,31.011331495859,0.));
#1992 = CARTESIAN_POINT('',(111.63883000243,31.033770867098,0.));
#1993 = CARTESIAN_POINT('',(111.64189773837,31.056210441285,0.));
#1994 = CARTESIAN_POINT('',(111.64497760131,31.078650211141,0.));
#1995 = CARTESIAN_POINT('',(111.64806958945,31.1010901694,0.));
#1996 = CARTESIAN_POINT('',(111.65117370083,31.123530308824,0.));
#1997 = CARTESIAN_POINT('',(111.65428993368,31.145970622155,0.));
#1998 = CARTESIAN_POINT('',(111.65741828614,31.168411102136,0.));
#1999 = CARTESIAN_POINT('',(111.66055875633,31.190851741527,0.));
#2000 = CARTESIAN_POINT('',(111.6637113424,31.213292533082,0.));
#2001 = CARTESIAN_POINT('',(111.66687604251,31.235733469562,0.));
#2002 = CARTESIAN_POINT('',(111.67005285472,31.258174543736,0.));
#2003 = CARTESIAN_POINT('',(111.67324177724,31.280615748359,0.));
#2004 = CARTESIAN_POINT('',(111.67644280815,31.303057076206,0.));
#2005 = CARTESIAN_POINT('',(111.67965594555,31.325498520059,0.));
#2006 = CARTESIAN_POINT('',(111.68288118757,31.347940072691,0.));
#2007 = CARTESIAN_POINT('',(111.68611853235,31.370381726876,0.));
#2008 = CARTESIAN_POINT('',(111.68936797794,31.392823475407,0.));
#2009 = CARTESIAN_POINT('',(111.69262952244,31.415265311067,0.));
#2010 = CARTESIAN_POINT('',(111.69590316406,31.437707226634,0.));
#2011 = CARTESIAN_POINT('',(111.69918890072,31.460149214919,0.));
#2012 = CARTESIAN_POINT('',(111.70248673064,31.482591268709,0.));
#2013 = CARTESIAN_POINT('',(111.70579665186,31.505033380808,0.));
#2014 = CARTESIAN_POINT('',(111.70911866242,31.527475544029,0.));
#2015 = CARTESIAN_POINT('',(111.71245276045,31.549917751169,0.));
#2016 = CARTESIAN_POINT('',(111.71579894399,31.572359995034,0.));
#2017 = CARTESIAN_POINT('',(111.71915721116,31.594802268433,0.));
#2018 = CARTESIAN_POINT('',(111.72252755995,31.617244564199,0.));
#2019 = CARTESIAN_POINT('',(111.72590998845,31.63968687515,0.));
#2020 = CARTESIAN_POINT('',(111.72930449473,31.662129194104,0.));
#2021 = CARTESIAN_POINT('',(111.73271107682,31.684571513888,0.));
#2022 = CARTESIAN_POINT('',(111.73612973277,31.707013827332,0.));
#2023 = CARTESIAN_POINT('',(111.73956046063,31.729456127269,0.));
#2024 = CARTESIAN_POINT('',(111.74300325843,31.751898406543,0.));
#2025 = CARTESIAN_POINT('',(111.7464581242,31.77434065799,0.));
#2026 = CARTESIAN_POINT('',(111.74992505599,31.796782874453,0.));
#2027 = CARTESIAN_POINT('',(111.75340405177,31.819225048786,0.));
#2028 = CARTESIAN_POINT('',(111.75689510964,31.841667173827,0.));
#2029 = CARTESIAN_POINT('',(111.76039822759,31.86410924243,0.));
#2030 = CARTESIAN_POINT('',(111.7639134036,31.886551247463,0.));
#2031 = CARTESIAN_POINT('',(111.76744063569,31.908993181786,0.));
#2032 = CARTESIAN_POINT('',(111.7709799219,31.931435038255,0.));
#2033 = CARTESIAN_POINT('',(111.77453126021,31.95387680974,0.));
#2034 = CARTESIAN_POINT('',(111.77809464859,31.976318489117,0.));
#2035 = CARTESIAN_POINT('',(111.78167008506,31.998760069254,0.));
#2036 = CARTESIAN_POINT('',(111.78525756763,32.021201543029,0.));
#2037 = CARTESIAN_POINT('',(111.78885709422,32.043642903334,0.));
#2038 = CARTESIAN_POINT('',(111.79246866286,32.06608414304,0.));
#2039 = CARTESIAN_POINT('',(111.79609227154,32.088525255029,0.));
#2040 = CARTESIAN_POINT('',(111.79972791819,32.110966232207,0.));
#2041 = CARTESIAN_POINT('',(111.80337560076,32.133407067468,0.));
#2042 = CARTESIAN_POINT('',(111.8070353173,32.155847753694,0.));
#2043 = CARTESIAN_POINT('',(111.81070706571,32.178288283799,0.));
#2044 = CARTESIAN_POINT('',(111.81439084391,32.200728650697,0.));
#2045 = CARTESIAN_POINT('',(111.81808664991,32.223168847281,0.));
#2046 = CARTESIAN_POINT('',(111.82179448168,32.245608866451,0.));
#2047 = CARTESIAN_POINT('',(111.82551433712,32.268048701132,0.));
#2048 = CARTESIAN_POINT('',(111.82924621416,32.290488344258,0.));
#2049 = CARTESIAN_POINT('',(111.83299011071,32.312927788748,0.));
#2050 = CARTESIAN_POINT('',(111.83674602478,32.33536702751,0.));
#2051 = CARTESIAN_POINT('',(111.84051395427,32.357806053469,0.));
#2052 = CARTESIAN_POINT('',(111.84429389708,32.38024485957,0.));
#2053 = CARTESIAN_POINT('',(111.84808585115,32.402683438747,0.));
#2054 = CARTESIAN_POINT('',(111.85188981436,32.425121783942,0.));
#2055 = CARTESIAN_POINT('',(111.85570578466,32.447559888086,0.));
#2056 = CARTESIAN_POINT('',(111.85953375997,32.469997744125,0.));
#2057 = CARTESIAN_POINT('',(111.86337373814,32.492435345019,0.));
#2058 = CARTESIAN_POINT('',(111.86722571709,32.514872683714,0.));
#2059 = CARTESIAN_POINT('',(111.87108969473,32.53730975316,0.));
#2060 = CARTESIAN_POINT('',(111.87496566897,32.559746546314,0.));
#2061 = CARTESIAN_POINT('',(111.87885363764,32.582183056153,0.));
#2062 = CARTESIAN_POINT('',(111.88275359865,32.604619275639,0.));
#2063 = CARTESIAN_POINT('',(111.88666554987,32.627055197736,0.));
#2064 = CARTESIAN_POINT('',(111.89058948921,32.649490815407,0.));
#2065 = CARTESIAN_POINT('',(111.89452541455,32.671926121633,0.));
#2066 = CARTESIAN_POINT('',(111.89847332365,32.694361109413,0.));
#2067 = CARTESIAN_POINT('',(111.90243321449,32.716795771711,0.));
#2068 = CARTESIAN_POINT('',(111.90640508488,32.739230101516,0.));
#2069 = CARTESIAN_POINT('',(111.91038893266,32.761664091818,0.));
#2070 = CARTESIAN_POINT('',(111.91438475576,32.784097735606,0.));
#2071 = CARTESIAN_POINT('',(111.9183925519,32.806531025893,0.));
#2072 = CARTESIAN_POINT('',(111.92241231901,32.828963955661,0.));
#2073 = CARTESIAN_POINT('',(111.92644405497,32.851396517905,0.));
#2074 = CARTESIAN_POINT('',(111.9304877575,32.87382870566,0.));
#2075 = CARTESIAN_POINT('',(111.93454342445,32.896260511935,0.));
#2076 = CARTESIAN_POINT('',(111.93861105376,32.918691929716,0.));
#2077 = CARTESIAN_POINT('',(111.94269064314,32.941122952037,0.));
#2078 = CARTESIAN_POINT('',(111.94678219045,32.963553571912,0.));
#2079 = CARTESIAN_POINT('',(111.95088569354,32.985983782364,0.));
#2080 = CARTESIAN_POINT('',(111.95500115015,33.008413576434,0.));
#2081 = CARTESIAN_POINT('',(111.9591285581,33.030842947151,0.));
#2082 = CARTESIAN_POINT('',(111.96326791526,33.053271887534,0.));
#2083 = CARTESIAN_POINT('',(111.96741921935,33.07570039063,0.));
#2084 = CARTESIAN_POINT('',(111.97158246823,33.098128449477,0.));
#2085 = CARTESIAN_POINT('',(111.97575765965,33.120556057124,0.));
#2086 = CARTESIAN_POINT('',(111.97994479141,33.142983206612,0.));
#2087 = CARTESIAN_POINT('',(111.98414386132,33.165409890996,0.));
#2088 = CARTESIAN_POINT('',(111.98835486708,33.187836103347,0.));
#2089 = CARTESIAN_POINT('',(111.99257780654,33.210261836705,0.));
#2090 = CARTESIAN_POINT('',(111.9968126775,33.232687084122,0.));
#2091 = CARTESIAN_POINT('',(112.00105947763,33.255111838682,0.));
#2092 = CARTESIAN_POINT('',(112.00531820477,33.277536093454,0.));
#2093 = CARTESIAN_POINT('',(112.00958885662,33.299959841502,0.));
#2094 = CARTESIAN_POINT('',(112.01387143104,33.322383075892,0.));
#2095 = CARTESIAN_POINT('',(112.01816592568,33.344805789724,0.));
#2096 = CARTESIAN_POINT('',(112.0224723383,33.367227976079,0.));
#2097 = CARTESIAN_POINT('',(112.0267906667,33.389649628027,0.));
#2098 = CARTESIAN_POINT('',(112.0311209086,33.412070738661,0.));
#2099 = CARTESIAN_POINT('',(112.03546306171,33.43449130108,0.));
#2100 = CARTESIAN_POINT('',(112.03981712381,33.456911308379,0.));
#2101 = CARTESIAN_POINT('',(112.04418309257,33.479330753666,0.));
#2102 = CARTESIAN_POINT('',(112.04856096574,33.501749630034,0.));
#2103 = CARTESIAN_POINT('',(112.05295074111,33.524167930584,0.));
#2104 = CARTESIAN_POINT('',(112.05735241626,33.546585648444,0.));
#2105 = CARTESIAN_POINT('',(112.06176598904,33.569002776707,0.));
#2106 = CARTESIAN_POINT('',(112.06619145711,33.591419308497,0.));
#2107 = CARTESIAN_POINT('',(112.07062881812,33.613835236953,0.));
#2108 = CARTESIAN_POINT('',(112.07507806983,33.636250555185,0.));
#2109 = CARTESIAN_POINT('',(112.07953920997,33.658665256309,0.));
#2110 = CARTESIAN_POINT('',(112.08401223617,33.681079333472,0.));
#2111 = CARTESIAN_POINT('',(112.08849714613,33.703492779808,0.));
#2112 = CARTESIAN_POINT('',(112.09299393761,33.725905588435,0.));
#2113 = CARTESIAN_POINT('',(112.09750260821,33.748317752519,0.));
#2114 = CARTESIAN_POINT('',(112.1020231556,33.770729265207,0.));
#2115 = CARTESIAN_POINT('',(112.10655557755,33.793140119625,0.));
#2116 = CARTESIAN_POINT('',(112.11109987166,33.815550308938,0.));
#2117 = CARTESIAN_POINT('',(112.11565603559,33.837959826305,0.));
#2118 = CARTESIAN_POINT('',(112.12022406706,33.860368664876,0.));
#2119 = CARTESIAN_POINT('',(112.12480396369,33.882776817812,0.));
#2120 = CARTESIAN_POINT('',(112.12939572317,33.905184278288,0.));
#2121 = CARTESIAN_POINT('',(112.13399934306,33.927591039486,0.));
#2122 = CARTESIAN_POINT('',(112.13861482115,33.949997094545,0.));
#2123 = CARTESIAN_POINT('',(112.14324215503,33.972402436651,0.));
#2124 = CARTESIAN_POINT('',(112.14788134226,33.99480705901,0.));
#2125 = CARTESIAN_POINT('',(112.15253238057,34.017210954787,0.));
#2126 = CARTESIAN_POINT('',(112.15719526761,34.039614117158,0.));
#2127 = CARTESIAN_POINT('',(112.16187000092,34.062016539328,0.));
#2128 = CARTESIAN_POINT('',(112.16655657822,34.084418214485,0.));
#2129 = CARTESIAN_POINT('',(112.17125499705,34.106819135835,0.));
#2130 = CARTESIAN_POINT('',(112.17596525511,34.129219296567,0.));
#2131 = CARTESIAN_POINT('',(112.18068734995,34.151618689896,0.));
#2132 = CARTESIAN_POINT('',(112.18542127919,34.174017309025,0.));
#2133 = CARTESIAN_POINT('',(112.19016704054,34.196415147147,0.));
#2134 = CARTESIAN_POINT('',(112.19492463145,34.218812197508,0.));
#2135 = CARTESIAN_POINT('',(112.1996940496,34.241208453317,0.));
#2136 = CARTESIAN_POINT('',(112.2044752926,34.263603907789,0.));
#2137 = CARTESIAN_POINT('',(112.20926835798,34.285998554157,0.));
#2138 = CARTESIAN_POINT('',(112.21407324343,34.308392385635,0.));
#2139 = CARTESIAN_POINT('',(112.21888994643,34.330785395475,0.));
#2140 = CARTESIAN_POINT('',(112.22371846462,34.353177576908,0.));
#2141 = CARTESIAN_POINT('',(112.22855879556,34.375568923169,0.));
#2142 = CARTESIAN_POINT('',(112.23341093685,34.39795942749,0.));
#2143 = CARTESIAN_POINT('',(112.23827488607,34.420349083127,0.));
#2144 = CARTESIAN_POINT('',(112.2431506407,34.442737883349,0.));
#2145 = CARTESIAN_POINT('',(112.24803819839,34.465125821388,0.));
#2146 = CARTESIAN_POINT('',(112.25293755668,34.487512890497,0.));
#2147 = CARTESIAN_POINT('',(112.25784871312,34.509899083944,0.));
#2148 = CARTESIAN_POINT('',(112.26277166528,34.532284394996,0.));
#2149 = CARTESIAN_POINT('',(112.26770641065,34.554668816933,0.));
#2150 = CARTESIAN_POINT('',(112.27265294682,34.577052343007,0.));
#2151 = CARTESIAN_POINT('',(112.27761127138,34.599434966481,0.));
#2152 = CARTESIAN_POINT('',(112.28258138178,34.621816680654,0.));
#2153 = CARTESIAN_POINT('',(112.2875632756,34.64419747881,0.));
#2154 = CARTESIAN_POINT('',(112.29255695033,34.666577354241,0.));
#2155 = CARTESIAN_POINT('',(112.29756240354,34.688956300217,0.));
#2156 = CARTESIAN_POINT('',(112.30257963276,34.711334310019,0.));
#2157 = CARTESIAN_POINT('',(112.30760863553,34.733711376953,0.));
#2158 = CARTESIAN_POINT('',(112.31264940926,34.756087494349,0.));
#2159 = CARTESIAN_POINT('',(112.31770195151,34.77846265549,0.));
#2160 = CARTESIAN_POINT('',(112.3227662599,34.800836853655,0.));
#2161 = CARTESIAN_POINT('',(112.32784233178,34.823210082191,0.));
#2162 = CARTESIAN_POINT('',(112.33293016469,34.845582334407,0.));
#2163 = CARTESIAN_POINT('',(112.33802975621,34.867953603601,0.));
#2164 = CARTESIAN_POINT('',(112.34314110373,34.890323883107,0.));
#2165 = CARTESIAN_POINT('',(112.34826420481,34.912693166242,0.));
#2166 = CARTESIAN_POINT('',(112.35339905692,34.935061446338,0.));
#2167 = CARTESIAN_POINT('',(112.35854565752,34.957428716731,0.));
#2168 = CARTESIAN_POINT('',(112.36370400409,34.97979497075,0.));
#2169 = CARTESIAN_POINT('',(112.36887409418,35.002160201728,0.));
#2170 = CARTESIAN_POINT('',(112.37405592513,35.024524403026,0.));
#2171 = CARTESIAN_POINT('',(112.37924949453,35.046887567962,0.));
#2172 = CARTESIAN_POINT('',(112.38445479982,35.069249689895,0.));
#2173 = CARTESIAN_POINT('',(112.38967183838,35.0916107622,0.));
#2174 = CARTESIAN_POINT('',(112.39490060777,35.11397077821,0.));
#2175 = CARTESIAN_POINT('',(112.40014110537,35.136329731296,0.));
#2176 = CARTESIAN_POINT('',(112.40539332869,35.158687614806,0.));
#2177 = CARTESIAN_POINT('',(112.41065727516,35.181044422113,0.));
#2178 = CARTESIAN_POINT('',(112.41593294218,35.2034001466,0.));
#2179 = CARTESIAN_POINT('',(112.42122032725,35.225754781629,0.));
#2180 = CARTESIAN_POINT('',(112.42651942776,35.248108320576,0.));
#2181 = CARTESIAN_POINT('',(112.43183024123,35.270460756815,0.));
#2182 = CARTESIAN_POINT('',(112.43715276495,35.292812083762,0.));
#2183 = CARTESIAN_POINT('',(112.44248699642,35.315162294786,0.));
#2184 = CARTESIAN_POINT('',(112.44783293312,35.337511383259,0.));
#2185 = CARTESIAN_POINT('',(112.45319057236,35.359859342603,0.));
#2186 = CARTESIAN_POINT('',(112.45855991164,35.382206166203,0.));
#2187 = CARTESIAN_POINT('',(112.46394094834,35.404551847466,0.));
#2188 = CARTESIAN_POINT('',(112.46933367985,35.426896379807,0.));
#2189 = CARTESIAN_POINT('',(112.47473810358,35.449239756629,0.));
#2190 = CARTESIAN_POINT('',(112.48015421697,35.471581971337,0.));
#2191 = CARTESIAN_POINT('',(112.48558201738,35.493923017352,0.));
#2192 = CARTESIAN_POINT('',(112.49102150221,35.5162628881,0.));
#2193 = CARTESIAN_POINT('',(112.49647266886,35.538601576999,0.));
#2194 = CARTESIAN_POINT('',(112.50193551472,35.560939077478,0.));
#2195 = CARTESIAN_POINT('',(112.50741003715,35.583275382975,0.));
#2196 = CARTESIAN_POINT('',(112.51289623355,35.605610486914,0.));
#2197 = CARTESIAN_POINT('',(112.5183941013,35.627944382732,0.));
#2198 = CARTESIAN_POINT('',(112.52390363779,35.650277063871,0.));
#2199 = CARTESIAN_POINT('',(112.52942484033,35.672608523791,0.));
#2200 = CARTESIAN_POINT('',(112.53495770633,35.694938755933,0.));
#2201 = CARTESIAN_POINT('',(112.54050223314,35.717267753747,0.));
#2202 = CARTESIAN_POINT('',(112.54605841813,35.739595510682,0.));
#2203 = CARTESIAN_POINT('',(112.55162625869,35.761922020195,0.));
#2204 = CARTESIAN_POINT('',(112.55720575207,35.784247275772,0.));
#2205 = CARTESIAN_POINT('',(112.56279689572,35.806571270862,0.));
#2206 = CARTESIAN_POINT('',(112.56839968694,35.828893998944,0.));
#2207 = CARTESIAN_POINT('',(112.57401412304,35.851215453496,0.));
#2208 = CARTESIAN_POINT('',(112.57964020143,35.873535627981,0.));
#2209 = CARTESIAN_POINT('',(112.58527791941,35.895854515881,0.));
#2210 = CARTESIAN_POINT('',(112.59092727433,35.918172110683,0.));
#2211 = CARTESIAN_POINT('',(112.59658826345,35.940488405889,0.));
#2212 = CARTESIAN_POINT('',(112.60226088423,35.96280339496,0.));
#2213 = CARTESIAN_POINT('',(112.60794513384,35.985117071436,0.));
#2214 = CARTESIAN_POINT('',(112.61364100961,36.00742942881,0.));
#2215 = CARTESIAN_POINT('',(112.61934850903,36.029740460528,0.));
#2216 = CARTESIAN_POINT('',(112.62506762923,36.052050160141,0.));
#2217 = CARTESIAN_POINT('',(112.63079836758,36.07435852116,0.));
#2218 = CARTESIAN_POINT('',(112.63654072137,36.096665537096,0.));
#2219 = CARTESIAN_POINT('',(112.64229468794,36.118971201449,0.));
#2220 = CARTESIAN_POINT('',(112.64806026454,36.141275507755,0.));
#2221 = CARTESIAN_POINT('',(112.65383744848,36.163578449537,0.));
#2222 = CARTESIAN_POINT('',(112.65962623707,36.185880020319,0.));
#2223 = CARTESIAN_POINT('',(112.66542662756,36.20818021365,0.));
#2224 = CARTESIAN_POINT('',(112.6712386172,36.230479023055,0.));
#2225 = CARTESIAN_POINT('',(112.67706220345,36.252776442032,0.));
#2226 = CARTESIAN_POINT('',(112.68289738336,36.27507246418,0.));
#2227 = CARTESIAN_POINT('',(112.68874415432,36.297367083023,0.));
#2228 = CARTESIAN_POINT('',(112.69460251365,36.319660292101,0.));
#2229 = CARTESIAN_POINT('',(112.7004724584,36.341952085005,0.));
#2230 = CARTESIAN_POINT('',(112.70635398615,36.364242455224,0.));
#2231 = CARTESIAN_POINT('',(112.71224709391,36.386531396368,0.));
#2232 = CARTESIAN_POINT('',(112.71815177902,36.408818902002,0.));
#2233 = CARTESIAN_POINT('',(112.72406803873,36.431104965685,0.));
#2234 = CARTESIAN_POINT('',(112.7299958703,36.45338958098,0.));
#2235 = CARTESIAN_POINT('',(112.73593527099,36.475672741462,0.));
#2236 = CARTESIAN_POINT('',(112.74188623798,36.497954440725,0.));
#2237 = CARTESIAN_POINT('',(112.74784876858,36.520234672338,0.));
#2238 = CARTESIAN_POINT('',(112.75382285997,36.54251342989,0.));
#2239 = CARTESIAN_POINT('',(112.75980850945,36.56479070696,0.));
#2240 = CARTESIAN_POINT('',(112.76580571417,36.587066497156,0.));
#2241 = CARTESIAN_POINT('',(112.77181447142,36.609340794064,0.));
#2242 = CARTESIAN_POINT('',(112.7778347784,36.631613591288,0.));
#2243 = CARTESIAN_POINT('',(112.7838666323,36.653884882441,0.));
#2244 = CARTESIAN_POINT('',(112.78991003039,36.676154661119,0.));
#2245 = CARTESIAN_POINT('',(112.79596496983,36.698422920942,0.));
#2246 = CARTESIAN_POINT('',(112.80203144789,36.720689655509,0.));
#2247 = CARTESIAN_POINT('',(112.80810946172,36.742954858444,0.));
#2248 = CARTESIAN_POINT('',(112.81419900858,36.765218523362,0.));
#2249 = CARTESIAN_POINT('',(112.82030008562,36.787480643913,0.));
#2250 = CARTESIAN_POINT('',(112.82641268998,36.809741213733,0.));
#2251 = CARTESIAN_POINT('',(112.83253681903,36.832000226404,0.));
#2252 = CARTESIAN_POINT('',(112.83867246981,36.854257675594,0.));
#2253 = CARTESIAN_POINT('',(112.84481963955,36.876513554948,0.));
#2254 = CARTESIAN_POINT('',(112.85097832544,36.898767858105,0.));
#2255 = CARTESIAN_POINT('',(112.85714852463,36.921020578711,0.));
#2256 = CARTESIAN_POINT('',(112.86333023436,36.943271710403,0.));
#2257 = CARTESIAN_POINT('',(112.86952345176,36.965521246849,0.));
#2258 = CARTESIAN_POINT('',(112.87572817395,36.98776918172,0.));
#2259 = CARTESIAN_POINT('',(112.8819443982,37.01001550865,0.));
#2260 = CARTESIAN_POINT('',(112.88817212165,37.03226022131,0.));
#2261 = CARTESIAN_POINT('',(112.89441134135,37.054503313401,0.));
#2262 = CARTESIAN_POINT('',(112.90066205461,37.076744778557,0.));
#2263 = CARTESIAN_POINT('',(112.90692425851,37.098984610467,0.));
#2264 = CARTESIAN_POINT('',(112.91319795017,37.121222802818,0.));
#2265 = CARTESIAN_POINT('',(112.91948312682,37.143459349276,0.));
#2266 = CARTESIAN_POINT('',(112.92577978552,37.165694243549,0.));
#2267 = CARTESIAN_POINT('',(112.93208792346,37.18792747932,0.));
#2268 = CARTESIAN_POINT('',(112.93840753777,37.210159050282,0.));
#2269 = CARTESIAN_POINT('',(112.94473862554,37.232388950146,0.));
#2270 = CARTESIAN_POINT('',(112.95108118398,37.254617172589,0.));
#2271 = CARTESIAN_POINT('',(112.9574352102,37.276843711319,0.));
#2272 = CARTESIAN_POINT('',(112.96380070125,37.29906856007,0.));
#2273 = CARTESIAN_POINT('',(112.97017765431,37.321291712539,0.));
#2274 = CARTESIAN_POINT('',(112.97656606655,37.343513162426,0.));
#2275 = CARTESIAN_POINT('',(112.98296593494,37.365732903491,0.));
#2276 = CARTESIAN_POINT('',(112.98937725675,37.387950929419,0.));
#2277 = CARTESIAN_POINT('',(112.99580002898,37.410167233959,0.));
#2278 = CARTESIAN_POINT('',(113.00223424876,37.432381810841,0.));
#2279 = CARTESIAN_POINT('',(113.00867991324,37.454594653783,0.));
#2280 = CARTESIAN_POINT('',(113.01513701946,37.476805756538,0.));
#2281 = CARTESIAN_POINT('',(113.02160556455,37.49901511284,0.));
#2282 = CARTESIAN_POINT('',(113.02808554561,37.521222716436,0.));
#2283 = CARTESIAN_POINT('',(113.03457695966,37.543428561097,0.));
#2284 = CARTESIAN_POINT('',(113.04107980385,37.565632640551,0.));
#2285 = CARTESIAN_POINT('',(113.04759407528,37.587834948546,0.));
#2286 = CARTESIAN_POINT('',(113.05411977098,37.610035478856,0.));
#2287 = CARTESIAN_POINT('',(113.06065688807,37.63223422525,0.));
#2288 = CARTESIAN_POINT('',(113.0672054235,37.654431181518,0.));
#2289 = CARTESIAN_POINT('',(113.07376537458,37.676626341367,0.));
#2290 = CARTESIAN_POINT('',(113.08033673813,37.698819698635,0.));
#2291 = CARTESIAN_POINT('',(113.08691951133,37.721011247069,0.));
#2292 = CARTESIAN_POINT('',(113.09351369132,37.743200980431,0.));
#2293 = CARTESIAN_POINT('',(113.10011927497,37.765388892556,0.));
#2294 = CARTESIAN_POINT('',(113.10673625947,37.787574977211,0.));
#2295 = CARTESIAN_POINT('',(113.11336464183,37.809759228153,0.));
#2296 = CARTESIAN_POINT('',(113.12000449181,37.831941882211,0.));
#2297 = CARTESIAN_POINT('',(113.12665624364,37.854124389512,0.));
#2298 = CARTESIAN_POINT('',(113.13331446144,37.87631128799,0.));
#2299 = CARTESIAN_POINT('',(113.13997371703,37.898507120812,0.));
#2300 = CARTESIAN_POINT('',(113.14663445776,37.920713346607,0.));
#2301 = CARTESIAN_POINT('',(113.1532967655,37.942930211636,0.));
#2302 = CARTESIAN_POINT('',(113.15996064951,37.965157719319,0.));
#2303 = CARTESIAN_POINT('',(113.16662611897,37.987395873095,0.));
#2304 = CARTESIAN_POINT('',(113.17329318326,38.009644676334,0.));
#2305 = CARTESIAN_POINT('',(113.17996185151,38.031904132459,0.));
#2306 = CARTESIAN_POINT('',(113.18663213302,38.054174244843,0.));
#2307 = CARTESIAN_POINT('',(113.193304037,38.076455016864,0.));
#2308 = CARTESIAN_POINT('',(113.19997757271,38.098746451883,0.));
#2309 = CARTESIAN_POINT('',(113.20665274932,38.121048553277,0.));
#2310 = CARTESIAN_POINT('',(113.21332957613,38.143361324379,0.));
#2311 = CARTESIAN_POINT('',(113.22000806226,38.165684768544,0.));
#2312 = CARTESIAN_POINT('',(113.22668821703,38.188018889077,0.));
#2313 = CARTESIAN_POINT('',(113.23337004959,38.210363689318,0.));
#2314 = CARTESIAN_POINT('',(113.24005356911,38.232719172586,0.));
#2315 = CARTESIAN_POINT('',(113.24673878491,38.255085342149,0.));
#2316 = CARTESIAN_POINT('',(113.25342570608,38.277462201325,0.));
#2317 = CARTESIAN_POINT('',(113.26011434184,38.299849753394,0.));
#2318 = CARTESIAN_POINT('',(113.26680470141,38.322248001623,0.));
#2319 = CARTESIAN_POINT('',(113.27349679397,38.344656949282,0.));
#2320 = CARTESIAN_POINT('',(113.28019062861,38.367076599647,0.));
#2321 = CARTESIAN_POINT('',(113.28688621463,38.389506955928,0.));
#2322 = CARTESIAN_POINT('',(113.29358356116,38.411948021367,0.));
#2323 = CARTESIAN_POINT('',(113.30028267732,38.434399799211,0.));
#2324 = CARTESIAN_POINT('',(113.30698357236,38.456862292659,0.));
#2325 = CARTESIAN_POINT('',(113.31368625533,38.479335504941,0.));
#2326 = CARTESIAN_POINT('',(113.32039073548,38.501819439233,0.));
#2327 = CARTESIAN_POINT('',(113.32709702192,38.524314098739,0.));
#2328 = CARTESIAN_POINT('',(113.33380512376,38.546819486645,0.));
#2329 = CARTESIAN_POINT('',(113.34051505021,38.569335606104,0.));
#2330 = CARTESIAN_POINT('',(113.34722681038,38.591862460287,0.));
#2331 = CARTESIAN_POINT('',(113.35394041335,38.614400052369,0.));
#2332 = CARTESIAN_POINT('',(113.36065586828,38.636948385469,0.));
#2333 = CARTESIAN_POINT('',(113.3673731844,38.659507462697,0.));
#2334 = CARTESIAN_POINT('',(113.37409237064,38.682077287226,0.));
#2335 = CARTESIAN_POINT('',(113.38081343622,38.704657862152,0.));
#2336 = CARTESIAN_POINT('',(113.38753639031,38.72724919056,0.));
#2337 = CARTESIAN_POINT('',(113.39426124182,38.749851275599,0.));
#2338 = CARTESIAN_POINT('',(113.40098800003,38.772464120316,0.));
#2339 = CARTESIAN_POINT('',(113.40771667398,38.795087727798,0.));
#2340 = CARTESIAN_POINT('',(113.41444727272,38.817722101129,0.));
#2341 = CARTESIAN_POINT('',(113.42117980536,38.840367243362,0.));
#2342 = CARTESIAN_POINT('',(113.42791428102,38.863023157531,0.));
#2343 = CARTESIAN_POINT('',(113.43465070876,38.885689846689,0.));
#2344 = CARTESIAN_POINT('',(113.44138909756,38.908367313894,0.));
#2345 = CARTESIAN_POINT('',(113.44812945661,38.931055562138,0.));
#2346 = CARTESIAN_POINT('',(113.45487179493,38.953754594442,0.));
#2347 = CARTESIAN_POINT('',(113.46161612153,38.976464413814,0.));
#2348 = CARTESIAN_POINT('',(113.46836244558,38.999185023231,0.));
#2349 = CARTESIAN_POINT('',(113.475110776,39.021916425721,0.));
#2350 = CARTESIAN_POINT('',(113.48186112183,39.044658624257,0.));
#2351 = CARTESIAN_POINT('',(113.48861349226,39.067411621761,0.));
#2352 = CARTESIAN_POINT('',(113.49536789613,39.090175421238,0.));
#2353 = CARTESIAN_POINT('',(113.50212434265,39.112950025605,0.));
#2354 = CARTESIAN_POINT('',(113.5088828407,39.135735437836,0.));
#2355 = CARTESIAN_POINT('',(113.51564339932,39.158531660855,0.));
#2356 = CARTESIAN_POINT('',(113.52240602766,39.181338697545,0.));
#2357 = CARTESIAN_POINT('',(113.52917073453,39.204156550874,0.));
#2358 = CARTESIAN_POINT('',(113.53593752906,39.226985223725,0.));
#2359 = CARTESIAN_POINT('',(113.54270642021,39.249824718996,0.));
#2360 = CARTESIAN_POINT('',(113.54947741694,39.272675039572,0.));
#2361 = CARTESIAN_POINT('',(113.55625052837,39.295536188298,0.));
#2362 = CARTESIAN_POINT('',(113.56302576335,39.31840816808,0.));
#2363 = CARTESIAN_POINT('',(113.56980313086,39.34129098179,0.));
#2364 = CARTESIAN_POINT('',(113.57658263994,39.364184632245,0.));
#2365 = CARTESIAN_POINT('',(113.58336429955,39.387089122295,0.));
#2366 = CARTESIAN_POINT('',(113.59014811858,39.410004454786,0.));
#2367 = CARTESIAN_POINT('',(113.5969341061,39.432930632509,0.));
#2368 = CARTESIAN_POINT('',(113.60372227097,39.455867658303,0.));
#2369 = CARTESIAN_POINT('',(113.61051262218,39.478815534973,0.));
#2370 = CARTESIAN_POINT('',(113.61730516864,39.501774265314,0.));
#2371 = CARTESIAN_POINT('',(113.62409991935,39.524743852096,0.));
#2372 = CARTESIAN_POINT('',(113.63089688316,39.547724298114,0.));
#2373 = CARTESIAN_POINT('',(113.63769606908,39.570715606116,0.));
#2374 = CARTESIAN_POINT('',(113.64449748599,39.593717778867,0.));
#2375 = CARTESIAN_POINT('',(113.65130114277,39.616730819133,0.));
#2376 = CARTESIAN_POINT('',(113.65810704844,39.63975472963,0.));
#2377 = CARTESIAN_POINT('',(113.66491521178,39.662789513125,0.));
#2378 = CARTESIAN_POINT('',(113.67172564171,39.685835172342,0.));
#2379 = CARTESIAN_POINT('',(113.67853834721,39.708891709953,0.));
#2380 = CARTESIAN_POINT('',(113.68535333713,39.731959128669,0.));
#2381 = CARTESIAN_POINT('',(113.69217062034,39.755037431204,0.));
#2382 = CARTESIAN_POINT('',(113.69899020572,39.778126620248,0.));
#2383 = CARTESIAN_POINT('',(113.70581210214,39.80122669848,0.));
#2384 = CARTESIAN_POINT('',(113.71263631847,39.824337668565,0.));
#2385 = CARTESIAN_POINT('',(113.71946286356,39.84745953316,0.));
#2386 = CARTESIAN_POINT('',(113.72629174637,39.870592294894,0.));
#2387 = CARTESIAN_POINT('',(113.73312297559,39.893735956459,0.));
#2388 = CARTESIAN_POINT('',(113.73995656015,39.916890520458,0.));
#2389 = CARTESIAN_POINT('',(113.74679250893,39.940055989498,0.));
#2390 = CARTESIAN_POINT('',(113.75363083072,39.963232366215,0.));
#2391 = CARTESIAN_POINT('',(113.7604715343,39.986419653232,0.));
#2392 = CARTESIAN_POINT('',(113.7673146286,40.009617853118,0.));
#2393 = CARTESIAN_POINT('',(113.77416012235,40.032826968473,0.));
#2394 = CARTESIAN_POINT('',(113.78100802444,40.056047001863,0.));
#2395 = CARTESIAN_POINT('',(113.78785834364,40.079277955881,0.));
#2396 = CARTESIAN_POINT('',(113.79471108865,40.102519833111,0.));
#2397 = CARTESIAN_POINT('',(113.80156626848,40.12577263604,0.));
#2398 = CARTESIAN_POINT('',(113.80842389178,40.149036367244,0.));
#2399 = CARTESIAN_POINT('',(113.81528396731,40.17231102927,0.));
#2400 = CARTESIAN_POINT('',(113.82214650399,40.195596624606,0.));
#2401 = CARTESIAN_POINT('',(113.82901151049,40.2188931558,0.));
#2402 = CARTESIAN_POINT('',(113.83587899554,40.242200625389,0.));
#2403 = CARTESIAN_POINT('',(113.84274896796,40.265519035847,0.));
#2404 = CARTESIAN_POINT('',(113.84962143653,40.288848389633,0.));
#2405 = CARTESIAN_POINT('',(113.85649641003,40.312188689237,0.));
#2406 = CARTESIAN_POINT('',(113.86337389705,40.335539937174,0.));
#2407 = CARTESIAN_POINT('',(113.87025390653,40.358902135866,0.));
#2408 = CARTESIAN_POINT('',(113.87713644704,40.382275287803,0.));
#2409 = CARTESIAN_POINT('',(113.88402152736,40.405659395416,0.));
#2410 = CARTESIAN_POINT('',(113.89090915629,40.429054461117,0.));
#2411 = CARTESIAN_POINT('',(113.89779934243,40.452460487362,0.));
#2412 = CARTESIAN_POINT('',(113.90469209458,40.475877476564,0.));
#2413 = CARTESIAN_POINT('',(113.91158742137,40.499305431149,0.));
#2414 = CARTESIAN_POINT('',(113.91848533155,40.522744353504,0.));
#2415 = CARTESIAN_POINT('',(113.92538583383,40.546194246011,0.));
#2416 = CARTESIAN_POINT('',(113.93228893682,40.569655111086,0.));
#2417 = CARTESIAN_POINT('',(113.93919464924,40.593126951083,0.));
#2418 = CARTESIAN_POINT('',(113.94610297985,40.616609768352,0.));
#2419 = CARTESIAN_POINT('',(113.95301393715,40.640103565295,0.));
#2420 = CARTESIAN_POINT('',(113.95992752995,40.663608344236,0.));
#2421 = CARTESIAN_POINT('',(113.9668437668,40.687124107532,0.));
#2422 = CARTESIAN_POINT('',(113.97376265642,40.710650857495,0.));
#2423 = CARTESIAN_POINT('',(113.98068420748,40.734188596439,0.));
#2424 = CARTESIAN_POINT('',(113.98760842852,40.757737326708,0.));
#2425 = CARTESIAN_POINT('',(113.99453532825,40.781297050592,0.));
#2426 = CARTESIAN_POINT('',(114.00146491531,40.804867770386,0.));
#2427 = CARTESIAN_POINT('',(114.00839719819,40.828449488412,0.));
#2428 = CARTESIAN_POINT('',(114.01533218569,40.852042206901,0.));
#2429 = CARTESIAN_POINT('',(114.02226988629,40.875645928154,0.));
#2430 = CARTESIAN_POINT('',(114.0292103086,40.899260654431,0.));
#2431 = CARTESIAN_POINT('',(114.03615346132,40.922886387959,0.));
#2432 = CARTESIAN_POINT('',(114.04309935289,40.946523131015,0.));
#2433 = CARTESIAN_POINT('',(114.05004799203,40.970170885815,0.));
#2434 = CARTESIAN_POINT('',(114.05699938723,40.993829654602,0.));
#2435 = CARTESIAN_POINT('',(114.06395354707,41.017499439601,0.));
#2436 = CARTESIAN_POINT('',(114.07091048014,41.041180243007,0.));
#2437 = CARTESIAN_POINT('',(114.07787019501,41.064872067015,0.));
#2438 = CARTESIAN_POINT('',(114.08483270019,41.088574913831,0.));
#2439 = CARTESIAN_POINT('',(114.09179800428,41.11228878563,0.));
#2440 = CARTESIAN_POINT('',(114.09876611575,41.13601368461,0.));
#2441 = CARTESIAN_POINT('',(114.10573704318,41.159749612929,0.));
#2442 = CARTESIAN_POINT('',(114.11271079507,41.183496572737,0.));
#2443 = CARTESIAN_POINT('',(114.11968738003,41.207254566162,0.));
#2444 = CARTESIAN_POINT('',(114.12666680646,41.231023595382,0.));
#2445 = CARTESIAN_POINT('',(114.13364908286,41.254803662539,0.));
#2446 = CARTESIAN_POINT('',(114.14063421787,41.27859476971,0.));
#2447 = CARTESIAN_POINT('',(114.14762221986,41.302396919048,0.));
#2448 = CARTESIAN_POINT('',(114.15461309731,41.32621011266,0.));
#2449 = CARTESIAN_POINT('',(114.16160685883,41.350034352609,0.));
#2450 = CARTESIAN_POINT('',(114.16860351277,41.373869641019,0.));
#2451 = CARTESIAN_POINT('',(114.17560306763,41.397715979977,0.));
#2452 = CARTESIAN_POINT('',(114.18260553188,41.421573371541,0.));
#2453 = CARTESIAN_POINT('',(114.18961091401,41.445441817767,0.));
#2454 = CARTESIAN_POINT('',(114.1966192224,41.469321320726,0.));
#2455 = CARTESIAN_POINT('',(114.20363046558,41.493211882441,0.));
#2456 = CARTESIAN_POINT('',(114.21064465194,41.517113504977,0.));
#2457 = CARTESIAN_POINT('',(114.21766178981,41.541026190379,0.));
#2458 = CARTESIAN_POINT('',(114.22468188786,41.564949940609,0.));
#2459 = CARTESIAN_POINT('',(114.23170495423,41.588884757753,0.));
#2460 = CARTESIAN_POINT('',(114.23873099748,41.612830643776,0.));
#2461 = CARTESIAN_POINT('',(114.24576002608,41.636787600654,0.));
#2462 = CARTESIAN_POINT('',(114.25279204821,41.660755630437,0.));
#2463 = CARTESIAN_POINT('',(114.25982707243,41.684734735062,0.));
#2464 = CARTESIAN_POINT('',(114.26686510711,41.708724916485,0.));
#2465 = CARTESIAN_POINT('',(114.27390616057,41.732726176698,0.));
#2466 = CARTESIAN_POINT('',(114.2809502412,41.756738517652,0.));
#2467 = CARTESIAN_POINT('',(114.28799735736,41.78076194129,0.));
#2468 = CARTESIAN_POINT('',(114.29504751741,41.804796449546,0.));
#2469 = CARTESIAN_POINT('',(114.30210072973,41.828842044337,0.));
#2470 = CARTESIAN_POINT('',(114.30915700263,41.852898727595,0.));
#2471 = CARTESIAN_POINT('',(114.31621634443,41.876966501244,0.));
#2472 = CARTESIAN_POINT('',(114.32327876347,41.901045367187,0.));
#2473 = CARTESIAN_POINT('',(114.33034426806,41.925135327308,0.));
#2474 = CARTESIAN_POINT('',(114.33741286661,41.949236383474,0.));
#2475 = CARTESIAN_POINT('',(114.34448456726,41.973348537616,0.));
#2476 = CARTESIAN_POINT('',(114.35155937842,41.997471791574,0.));
#2477 = CARTESIAN_POINT('',(114.35863730842,42.021606147185,0.));
#2478 = CARTESIAN_POINT('',(114.36571836546,42.04575160634,0.));
#2479 = CARTESIAN_POINT('',(114.37280255781,42.069908170886,0.));
#2480 = CARTESIAN_POINT('',(114.37988989385,42.094075842628,0.));
#2481 = CARTESIAN_POINT('',(114.38698038176,42.118254623413,0.));
#2482 = CARTESIAN_POINT('',(114.39407402982,42.142444515065,0.));
#2483 = CARTESIAN_POINT('',(114.40117084626,42.166645519398,0.));
#2484 = CARTESIAN_POINT('',(114.4082708394,42.190857638198,0.));
#2485 = CARTESIAN_POINT('',(114.41537401737,42.215080873289,0.));
#2486 = CARTESIAN_POINT('',(114.42248038846,42.239315226441,0.));
#2487 = CARTESIAN_POINT('',(114.42958996094,42.263560699414,0.));
#2488 = CARTESIAN_POINT('',(114.43670274294,42.287817294006,0.));
#2489 = CARTESIAN_POINT('',(114.44381874272,42.312085011967,0.));
#2490 = CARTESIAN_POINT('',(114.45093796847,42.336363855056,0.));
#2491 = CARTESIAN_POINT('',(114.45806042836,42.360653825028,0.));
#2492 = CARTESIAN_POINT('',(114.46518613064,42.384954923604,0.));
#2493 = CARTESIAN_POINT('',(114.47231508342,42.409267152526,0.));
#2494 = CARTESIAN_POINT('',(114.47944729491,42.433590513508,0.));
#2495 = CARTESIAN_POINT('',(114.48658277329,42.45792500825,0.));
#2496 = CARTESIAN_POINT('',(114.49372152674,42.482270638465,0.));
#2497 = CARTESIAN_POINT('',(114.50086356329,42.506627405888,0.));
#2498 = CARTESIAN_POINT('',(114.50800889121,42.530995312169,0.));
#2499 = CARTESIAN_POINT('',(114.5151575186,42.555374358988,0.));
#2500 = CARTESIAN_POINT('',(114.52230945357,42.579764548022,0.));
#2501 = CARTESIAN_POINT('',(114.52946470427,42.604165880928,0.));
#2502 = CARTESIAN_POINT('',(114.53662327885,42.628578359362,0.));
#2503 = CARTESIAN_POINT('',(114.54378518528,42.653001985001,0.));
#2504 = CARTESIAN_POINT('',(114.55095043185,42.677436759444,0.));
#2505 = CARTESIAN_POINT('',(114.55811902649,42.701882684355,0.));
#2506 = CARTESIAN_POINT('',(114.56529097736,42.726339761344,0.));
#2507 = CARTESIAN_POINT('',(114.57246629258,42.750807992012,0.));
#2508 = CARTESIAN_POINT('',(114.57964498009,42.775287377997,0.));
#2509 = CARTESIAN_POINT('',(114.58682704812,42.799777920856,0.));
#2510 = CARTESIAN_POINT('',(114.59401250462,42.824279622212,0.));
#2511 = CARTESIAN_POINT('',(114.6012013576,42.848792483663,0.));
#2512 = CARTESIAN_POINT('',(114.60839361523,42.873316506746,0.));
#2513 = CARTESIAN_POINT('',(114.61558928544,42.897851693037,0.));
#2514 = CARTESIAN_POINT('',(114.62278837633,42.922398044077,0.));
#2515 = CARTESIAN_POINT('',(114.62999089589,42.946955561444,0.));
#2516 = CARTESIAN_POINT('',(114.63719685205,42.971524246709,0.));
#2517 = CARTESIAN_POINT('',(114.64440625292,42.996104101368,0.));
#2518 = CARTESIAN_POINT('',(114.65161910645,43.02069512694,0.));
#2519 = CARTESIAN_POINT('',(114.6588354207,43.045297324937,0.));
#2520 = CARTESIAN_POINT('',(114.66605520353,43.069910696903,0.));
#2521 = CARTESIAN_POINT('',(114.67327846297,43.094535244335,0.));
#2522 = CARTESIAN_POINT('',(114.68050520702,43.119170968697,0.));
#2523 = CARTESIAN_POINT('',(114.68773544362,43.143817871494,0.));
#2524 = CARTESIAN_POINT('',(114.69496918062,43.168475954234,0.));
#2525 = CARTESIAN_POINT('',(114.70220642615,43.193145218332,0.));
#2526 = CARTESIAN_POINT('',(114.70944718798,43.217825665279,0.));
#2527 = CARTESIAN_POINT('',(114.71669147413,43.242517296524,0.));
#2528 = CARTESIAN_POINT('',(114.72393929251,43.267220113525,0.));
#2529 = CARTESIAN_POINT('',(114.73119065089,43.291934117746,0.));
#2530 = CARTESIAN_POINT('',(114.73844555745,43.316659310543,0.));
#2531 = CARTESIAN_POINT('',(114.74570401982,43.341395693401,0.));
#2532 = CARTESIAN_POINT('',(114.75296604603,43.366143267701,0.));
#2533 = CARTESIAN_POINT('',(114.76023164399,43.390902034843,0.));
#2534 = CARTESIAN_POINT('',(114.76750082142,43.415671996283,0.));
#2535 = CARTESIAN_POINT('',(114.77477358627,43.440453153383,0.));
#2536 = CARTESIAN_POINT('',(114.78204994648,43.465245507493,0.));
#2537 = CARTESIAN_POINT('',(114.78932990976,43.490049060022,0.));
#2538 = CARTESIAN_POINT('',(114.79661348401,43.514863812325,0.));
#2539 = CARTESIAN_POINT('',(114.80390067712,43.539689765755,0.));
#2540 = CARTESIAN_POINT('',(114.81119149679,43.564526921702,0.));
#2541 = CARTESIAN_POINT('',(114.8184859509,43.589375281494,0.));
#2542 = CARTESIAN_POINT('',(114.82578404731,43.614234846437,0.));
#2543 = CARTESIAN_POINT('',(114.83308579376,43.639105617878,0.));
#2544 = CARTESIAN_POINT('',(114.84039119802,43.66398759715,0.));
#2545 = CARTESIAN_POINT('',(114.84770026796,43.688880785541,0.));
#2546 = CARTESIAN_POINT('',(114.8550130113,43.713785184379,0.));
#2547 = CARTESIAN_POINT('',(114.86232943573,43.738700794979,0.));
#2548 = CARTESIAN_POINT('',(114.86964954923,43.763627618564,0.));
#2549 = CARTESIAN_POINT('',(114.87697335934,43.788565656468,0.));
#2550 = CARTESIAN_POINT('',(114.88430087392,43.813514909956,0.));
#2551 = CARTESIAN_POINT('',(114.89163210065,43.838475380304,0.));
#2552 = CARTESIAN_POINT('',(114.89896704724,43.863447068761,0.));
#2553 = CARTESIAN_POINT('',(114.90630572155,43.888429976547,0.));
#2554 = CARTESIAN_POINT('',(114.91364813109,43.913424104958,0.));
#2555 = CARTESIAN_POINT('',(114.92099428372,43.938429455197,0.));
#2556 = CARTESIAN_POINT('',(114.92834418706,43.963446028506,0.));
#2557 = CARTESIAN_POINT('',(114.9356978488,43.988473826102,0.));
#2558 = CARTESIAN_POINT('',(114.94305527669,44.013512849179,0.));
#2559 = CARTESIAN_POINT('',(114.95041647831,44.038563098968,0.));
#2560 = CARTESIAN_POINT('',(114.95778146133,44.063624576666,0.));
#2561 = CARTESIAN_POINT('',(114.9651502335,44.088697283435,0.));
#2562 = CARTESIAN_POINT('',(114.97252280237,44.113781220481,0.));
#2563 = CARTESIAN_POINT('',(114.97989917557,44.138876388977,0.));
#2564 = CARTESIAN_POINT('',(114.98727936085,44.163982790059,0.));
#2565 = CARTESIAN_POINT('',(114.99466336568,44.189100424927,0.));
#2566 = CARTESIAN_POINT('',(115.00205119777,44.214229294721,0.));
#2567 = CARTESIAN_POINT('',(115.00944286465,44.239369400586,0.));
#2568 = CARTESIAN_POINT('',(115.01683837403,44.264520743628,0.));
#2569 = CARTESIAN_POINT('',(115.02423773341,44.289683325005,0.));
#2570 = CARTESIAN_POINT('',(115.03164095031,44.314857145857,0.));
#2571 = CARTESIAN_POINT('',(115.0390480325,44.340042207243,0.));
#2572 = CARTESIAN_POINT('',(115.04645898734,44.365238510313,0.));
#2573 = CARTESIAN_POINT('',(115.05387382247,44.390446056158,0.));
#2574 = CARTESIAN_POINT('',(115.06129254547,44.415664845855,0.));
#2575 = CARTESIAN_POINT('',(115.06871516376,44.440894880509,0.));
#2576 = CARTESIAN_POINT('',(115.07614168504,44.466136161152,0.));
#2577 = CARTESIAN_POINT('',(115.08357211668,44.491388688889,0.));
#2578 = CARTESIAN_POINT('',(115.09100646627,44.516652464774,0.));
#2579 = CARTESIAN_POINT('',(115.09844474127,44.541927489871,0.));
#2580 = CARTESIAN_POINT('',(115.10588694917,44.567213765221,0.));
#2581 = CARTESIAN_POINT('',(115.11333309751,44.592511291841,0.));
#2582 = CARTESIAN_POINT('',(115.12078319374,44.617820070772,0.));
#2583 = CARTESIAN_POINT('',(115.1282372453,44.643140103049,0.));
#2584 = CARTESIAN_POINT('',(115.13569525969,44.66847138968,0.));
#2585 = CARTESIAN_POINT('',(115.14315724433,44.693813931688,0.));
#2586 = CARTESIAN_POINT('',(115.15062320664,44.719167730063,0.));
#2587 = CARTESIAN_POINT('',(115.15809315419,44.744532785769,0.));
#2588 = CARTESIAN_POINT('',(115.16556709421,44.769909099839,0.));
#2589 = CARTESIAN_POINT('',(115.17304503427,44.795296673224,0.));
#2590 = CARTESIAN_POINT('',(115.18052698167,44.820695506912,0.));
#2591 = CARTESIAN_POINT('',(115.1880129439,44.846105601851,0.));
#2592 = CARTESIAN_POINT('',(115.19550292828,44.871526959022,0.));
#2593 = CARTESIAN_POINT('',(115.20299694221,44.896959579369,0.));
#2594 = CARTESIAN_POINT('',(115.21049499307,44.92240346382,0.));
#2595 = CARTESIAN_POINT('',(115.21799708824,44.947858613298,0.));
#2596 = CARTESIAN_POINT('',(115.22550323508,44.97332502874,0.));
#2597 = CARTESIAN_POINT('',(115.23301344088,44.998802711082,0.));
#2598 = CARTESIAN_POINT('',(115.24052771305,45.02429166123,0.));
#2599 = CARTESIAN_POINT('',(115.2480460588,45.049791880116,0.));
#2600 = CARTESIAN_POINT('',(115.25556848558,45.075303368592,0.));
#2601 = CARTESIAN_POINT('',(115.26309500068,45.100826127549,0.));
#2602 = CARTESIAN_POINT('',(115.27062561134,45.126360157904,0.));
#2603 = CARTESIAN_POINT('',(115.27816032485,45.151905460529,0.));
#2604 = CARTESIAN_POINT('',(115.28569914859,45.177462036265,0.));
#2605 = CARTESIAN_POINT('',(115.29324208973,45.203029886001,0.));
#2606 = CARTESIAN_POINT('',(115.30078915558,45.228609010579,0.));
#2607 = CARTESIAN_POINT('',(115.30834035346,45.254199410837,0.));
#2608 = CARTESIAN_POINT('',(115.31589569045,45.27980108766,0.));
#2609 = CARTESIAN_POINT('',(115.32345517394,45.305414041838,0.));
#2610 = CARTESIAN_POINT('',(115.33101881115,45.331038274202,0.));
#2611 = CARTESIAN_POINT('',(115.33858660914,45.356673785603,0.));
#2612 = CARTESIAN_POINT('',(115.34615857538,45.382320576788,0.));
#2613 = CARTESIAN_POINT('',(115.3537347169,45.407978648611,0.));
#2614 = CARTESIAN_POINT('',(115.36131504085,45.433648001886,0.));
#2615 = CARTESIAN_POINT('',(115.36889955458,45.459328637363,0.));
#2616 = CARTESIAN_POINT('',(115.37648826512,45.485020555847,0.));
#2617 = CARTESIAN_POINT('',(115.38408117972,45.510723758099,0.));
#2618 = CARTESIAN_POINT('',(115.39167830552,45.536438244887,0.));
#2619 = CARTESIAN_POINT('',(115.39927964964,45.562164016988,0.));
#2620 = CARTESIAN_POINT('',(115.40688521925,45.587901075153,0.));
#2621 = CARTESIAN_POINT('',(115.41449502145,45.613649420125,0.));
#2622 = CARTESIAN_POINT('',(115.42210906338,45.639409052643,0.));
#2623 = CARTESIAN_POINT('',(115.42972735217,45.665179973436,0.));
#2624 = CARTESIAN_POINT('',(115.43734989486,45.690962183247,0.));
#2625 = CARTESIAN_POINT('',(115.4449766986,45.716755682775,0.));
#2626 = CARTESIAN_POINT('',(115.45260777049,45.742560472737,0.));
#2627 = CARTESIAN_POINT('',(115.46024311749,45.768376553874,0.));
#2628 = CARTESIAN_POINT('',(115.46788274676,45.794203926851,0.));
#2629 = CARTESIAN_POINT('',(115.47552666539,45.820042592343,0.));
#2630 = CARTESIAN_POINT('',(115.48317488033,45.845892551061,0.));
#2631 = CARTESIAN_POINT('',(115.49082739865,45.87175380368,0.));
#2632 = CARTESIAN_POINT('',(115.49848422742,45.897626350852,0.));
#2633 = CARTESIAN_POINT('',(115.50614537362,45.92351019327,0.));
#2634 = CARTESIAN_POINT('',(115.51381084417,45.949405331602,0.));
#2635 = CARTESIAN_POINT('',(115.52148064627,45.97531176644,0.));
#2636 = CARTESIAN_POINT('',(115.52915478675,46.001229498456,0.));
#2637 = CARTESIAN_POINT('',(115.53683327265,46.027158528283,0.));
#2638 = CARTESIAN_POINT('',(115.54451611096,46.053098856552,0.));
#2639 = CARTESIAN_POINT('',(115.55220330853,46.07905048391,0.));
#2640 = CARTESIAN_POINT('',(115.55989487245,46.105013410931,0.));
#2641 = CARTESIAN_POINT('',(115.56759080964,46.130987638233,0.));
#2642 = CARTESIAN_POINT('',(115.57529112687,46.156973166466,0.));
#2643 = CARTESIAN_POINT('',(115.58299583128,46.182969996157,0.));
#2644 = CARTESIAN_POINT('',(115.5907049297,46.208978127906,0.));
#2645 = CARTESIAN_POINT('',(115.59841842897,46.23499756232,0.));
#2646 = CARTESIAN_POINT('',(115.6061363361,46.261028299958,0.));
#2647 = CARTESIAN_POINT('',(115.61385865785,46.287070341406,0.));
#2648 = CARTESIAN_POINT('',(115.6215854012,46.313123687193,0.));
#2649 = CARTESIAN_POINT('',(115.62931657296,46.339188337884,0.));
#2650 = CARTESIAN_POINT('',(115.63705218003,46.365264294029,0.));
#2651 = CARTESIAN_POINT('',(115.64479222916,46.391351556188,0.));
#2652 = CARTESIAN_POINT('',(115.6525367273,46.417450124859,0.));
#2653 = CARTESIAN_POINT('',(115.66028568125,46.443560000573,0.));
#2654 = CARTESIAN_POINT('',(115.66803909774,46.469681183881,0.));
#2655 = CARTESIAN_POINT('',(115.67579698369,46.495813675272,0.));
#2656 = CARTESIAN_POINT('',(115.68355934582,46.521957475261,0.));
#2657 = CARTESIAN_POINT('',(115.69132619095,46.54811258433,0.));
#2658 = CARTESIAN_POINT('',(115.6990975259,46.574279002963,0.));
#2659 = CARTESIAN_POINT('',(115.70687335739,46.600456731685,0.));
#2660 = CARTESIAN_POINT('',(115.71465369205,46.626645770999,0.));
#2661 = CARTESIAN_POINT('',(115.72243853691,46.652846121287,0.));
#2662 = CARTESIAN_POINT('',(115.73022789854,46.679057783058,0.));
#2663 = CARTESIAN_POINT('',(115.73802178362,46.705280756804,0.));
#2664 = CARTESIAN_POINT('',(115.74582019899,46.731515042947,0.));
#2665 = CARTESIAN_POINT('',(115.75362315127,46.75776064194,0.));
#2666 = CARTESIAN_POINT('',(115.76143064721,46.784017554206,0.));
#2667 = CARTESIAN_POINT('',(115.76924269353,46.810285780177,0.));
#2668 = CARTESIAN_POINT('',(115.7770592968,46.836565320321,0.));
#2669 = CARTESIAN_POINT('',(115.78488046376,46.862856175043,0.));
#2670 = CARTESIAN_POINT('',(115.79270620105,46.889158344734,0.));
#2671 = CARTESIAN_POINT('',(115.80053651541,46.915471829792,0.));
#2672 = CARTESIAN_POINT('',(115.80837141329,46.941796630661,0.));
#2673 = CARTESIAN_POINT('',(115.81621090152,46.968132747686,0.));
#2674 = CARTESIAN_POINT('',(115.82405498663,46.994480181279,0.));
#2675 = CARTESIAN_POINT('',(115.83190367514,47.020838931844,0.));
#2676 = CARTESIAN_POINT('',(115.83975697385,47.047208999704,0.));
#2677 = CARTESIAN_POINT('',(115.84761488918,47.073590385259,0.));
#2678 = CARTESIAN_POINT('',(115.85547742776,47.099983088864,0.));
#2679 = CARTESIAN_POINT('',(115.86334459623,47.126387110862,0.));
#2680 = CARTESIAN_POINT('',(115.871216401,47.152802451645,0.));
#2681 = CARTESIAN_POINT('',(115.87909284873,47.179229111508,0.));
#2682 = CARTESIAN_POINT('',(115.88697394601,47.20566709077,0.));
#2683 = CARTESIAN_POINT('',(115.89485969922,47.232116389804,0.));
#2684 = CARTESIAN_POINT('',(115.90275011497,47.258577008927,0.));
#2685 = CARTESIAN_POINT('',(115.91064519975,47.285048948446,0.));
#2686 = CARTESIAN_POINT('',(115.91854496007,47.311532208659,0.));
#2687 = CARTESIAN_POINT('',(115.92644940242,47.338026789874,0.));
#2688 = CARTESIAN_POINT('',(115.93435853323,47.364532692401,0.));
#2689 = CARTESIAN_POINT('',(115.94227235905,47.391049916512,0.));
#2690 = CARTESIAN_POINT('',(115.95019088625,47.417578462515,0.));
#2691 = CARTESIAN_POINT('',(115.95811412132,47.444118330679,0.));
#2692 = CARTESIAN_POINT('',(115.96604207072,47.470669521263,0.));
#2693 = CARTESIAN_POINT('',(115.97397474083,47.49723203454,0.));
#2694 = CARTESIAN_POINT('',(115.98191213811,47.523805870757,0.));
#2695 = CARTESIAN_POINT('',(115.98985426894,47.550391030174,0.));
#2696 = CARTESIAN_POINT('',(115.9978011397,47.57698751305,0.));
#2697 = CARTESIAN_POINT('',(116.00575275684,47.603595319611,0.));
#2698 = CARTESIAN_POINT('',(116.01370912662,47.630214450109,0.));
#2699 = CARTESIAN_POINT('',(116.02167025554,47.656844904733,0.));
#2700 = CARTESIAN_POINT('',(116.02963614987,47.683486683726,0.));
#2701 = CARTESIAN_POINT('',(116.03760681598,47.710139787307,0.));
#2702 = CARTESIAN_POINT('',(116.04558226017,47.736804215695,0.));
#2703 = CARTESIAN_POINT('',(116.05356248881,47.76347996907,0.));
#2704 = CARTESIAN_POINT('',(116.0615475082,47.790167047627,0.));
#2705 = CARTESIAN_POINT('',(116.06953732462,47.816865451569,0.));
#2706 = CARTESIAN_POINT('',(116.07753194438,47.843575181078,0.));
#2707 = CARTESIAN_POINT('',(116.08553137378,47.870296236322,0.));
#2708 = CARTESIAN_POINT('',(116.09353561903,47.897028617486,0.));
#2709 = CARTESIAN_POINT('',(116.10154468647,47.923772324724,0.));
#2710 = CARTESIAN_POINT('',(116.10955858226,47.950527358215,0.));
#2711 = CARTESIAN_POINT('',(116.11757731269,47.977293718089,0.));
#2712 = CARTESIAN_POINT('',(116.12560088405,48.004071404478,0.));
#2713 = CARTESIAN_POINT('',(116.13362930242,48.030860417563,0.));
#2714 = CARTESIAN_POINT('',(116.14166257413,48.05766075745,0.));
#2715 = CARTESIAN_POINT('',(116.1497007053,48.084472424276,0.));
#2716 = CARTESIAN_POINT('',(116.15774370216,48.111295418166,0.));
#2717 = CARTESIAN_POINT('',(116.16579157087,48.138129739244,0.));
#2718 = CARTESIAN_POINT('',(116.17384431755,48.164975387622,0.));
#2719 = CARTESIAN_POINT('',(116.18190194845,48.191832363371,0.));
#2720 = CARTESIAN_POINT('',(116.18996446967,48.218700666602,0.));
#2721 = CARTESIAN_POINT('',(116.19803188727,48.245580297435,0.));
#2722 = CARTESIAN_POINT('',(116.20610420752,48.272471255918,0.));
#2723 = CARTESIAN_POINT('',(116.2141814364,48.299373542169,0.));
#2724 = CARTESIAN_POINT('',(116.22226358002,48.32628715626,0.));
#2725 = CARTESIAN_POINT('',(116.23035064456,48.353212098225,0.));
#2726 = CARTESIAN_POINT('',(116.23844263605,48.380148368131,0.));
#2727 = CARTESIAN_POINT('',(116.24653956055,48.407095966057,0.));
#2728 = CARTESIAN_POINT('',(116.25464142409,48.434054892061,0.));
#2729 = CARTESIAN_POINT('',(116.26274823276,48.461025146159,0.));
#2730 = CARTESIAN_POINT('',(116.27085999265,48.488006728377,0.));
#2731 = CARTESIAN_POINT('',(116.27897670964,48.514999638793,0.));
#2732 = CARTESIAN_POINT('',(116.28709838987,48.542003877415,0.));
#2733 = CARTESIAN_POINT('',(116.29522503926,48.569019444273,0.));
#2734 = CARTESIAN_POINT('',(116.30335666385,48.59604633936,0.));
#2735 = CARTESIAN_POINT('',(116.31149326967,48.623084562676,0.));
#2736 = CARTESIAN_POINT('',(116.31963486257,48.650134114262,0.));
#2737 = CARTESIAN_POINT('',(116.32778144856,48.677194994104,0.));
#2738 = CARTESIAN_POINT('',(116.33593303367,48.704267202167,0.));
#2739 = CARTESIAN_POINT('',(116.34408962371,48.731350738462,0.));
#2740 = CARTESIAN_POINT('',(116.35225122469,48.75844560295,0.));
#2741 = CARTESIAN_POINT('',(116.36041784254,48.785551795616,0.));
#2742 = CARTESIAN_POINT('',(116.36858948303,48.812669316465,0.));
#2743 = CARTESIAN_POINT('',(116.37676615224,48.839798165407,0.));
#2744 = CARTESIAN_POINT('',(116.3849478559,48.866938342424,0.));
#2745 = CARTESIAN_POINT('',(116.39313459998,48.894089847447,0.));
#2746 = CARTESIAN_POINT('',(116.40132639032,48.921252680427,0.));
#2747 = CARTESIAN_POINT('',(116.40952323273,48.948426841322,0.));
#2748 = CARTESIAN_POINT('',(116.41772513309,48.975612330057,0.));
#2749 = CARTESIAN_POINT('',(116.42593209718,49.002809146568,0.));
#2750 = CARTESIAN_POINT('',(116.43414413087,49.030017290757,0.));
#2751 = CARTESIAN_POINT('',(116.44236123996,49.057236762539,0.));
#2752 = CARTESIAN_POINT('',(116.45058343024,49.084467561842,0.));
#2753 = CARTESIAN_POINT('',(116.45881070739,49.111709688598,0.));
#2754 = CARTESIAN_POINT('',(116.46704307737,49.138963142648,0.));
#2755 = CARTESIAN_POINT('',(116.47528054584,49.166227923909,0.));
#2756 = CARTESIAN_POINT('',(116.48352311847,49.193504032302,0.));
#2757 = CARTESIAN_POINT('',(116.49177080115,49.22079146766,0.));
#2758 = CARTESIAN_POINT('',(116.50002359957,49.248090229877,0.));
#2759 = CARTESIAN_POINT('',(116.50828151931,49.275400318861,0.));
#2760 = CARTESIAN_POINT('',(116.51654456626,49.302721734436,0.));
#2761 = CARTESIAN_POINT('',(116.524812746,49.330054476482,0.));
#2762 = CARTESIAN_POINT('',(116.53308606423,49.357398544839,0.));
#2763 = CARTESIAN_POINT('',(116.54136452672,49.38475393934,0.));
#2764 = CARTESIAN_POINT('',(116.54964813897,49.412120659889,0.));
#2765 = CARTESIAN_POINT('',(116.55793690666,49.439498706306,0.));
#2766 = CARTESIAN_POINT('',(116.56623083557,49.466888078371,0.));
#2767 = CARTESIAN_POINT('',(116.57452993118,49.494288775956,0.));
#2768 = CARTESIAN_POINT('',(116.58283419913,49.521700798899,0.));
#2769 = CARTESIAN_POINT('',(116.59114364504,49.549124146991,0.));
#2770 = CARTESIAN_POINT('',(116.59945827454,49.576558820023,0.));
#2771 = CARTESIAN_POINT('',(116.60777809319,49.604004817819,0.));
#2772 = CARTESIAN_POINT('',(116.61610310647,49.631462140211,0.));
#2773 = CARTESIAN_POINT('',(116.62443332007,49.658930786957,0.));
#2774 = CARTESIAN_POINT('',(116.63276873944,49.686410757864,0.));
#2775 = CARTESIAN_POINT('',(116.64110937014,49.713902052714,0.));
#2776 = CARTESIAN_POINT('',(116.64945521774,49.74140467126,0.));
#2777 = CARTESIAN_POINT('',(116.6578062877,49.768918613295,0.));
#2778 = CARTESIAN_POINT('',(116.66616258553,49.796443878596,0.));
#2779 = CARTESIAN_POINT('',(116.6745241167,49.823980466928,0.));
#2780 = CARTESIAN_POINT('',(116.68289088671,49.851528378036,0.));
#2781 = CARTESIAN_POINT('',(116.69126290107,49.879087611658,0.));
#2782 = CARTESIAN_POINT('',(116.69964016513,49.906658167572,0.));
#2783 = CARTESIAN_POINT('',(116.70802268441,49.93424004551,0.));
#2784 = CARTESIAN_POINT('',(116.71641046432,49.961833245204,0.));
#2785 = CARTESIAN_POINT('',(116.72480351023,49.989437766391,0.));
#2786 = CARTESIAN_POINT('',(116.73320182768,50.017053608761,0.));
#2787 = CARTESIAN_POINT('',(116.74160542194,50.044680772065,0.));
#2788 = CARTESIAN_POINT('',(116.75001429841,50.072319256023,0.));
#2789 = CARTESIAN_POINT('',(116.75842846255,50.099969060333,0.));
#2790 = CARTESIAN_POINT('',(116.76684791957,50.12763018472,0.));
#2791 = CARTESIAN_POINT('',(116.77527267498,50.155302628848,0.));
#2792 = CARTESIAN_POINT('',(116.78370273403,50.182986392433,0.));
#2793 = CARTESIAN_POINT('',(116.792138102,50.210681475184,0.));
#2794 = CARTESIAN_POINT('',(116.80057878434,50.238387876747,0.));
#2795 = CARTESIAN_POINT('',(116.80902478622,50.26610559682,0.));
#2796 = CARTESIAN_POINT('',(116.81747611302,50.293834635068,0.));
#2797 = CARTESIAN_POINT('',(116.82593276996,50.321574991167,0.));
#2798 = CARTESIAN_POINT('',(116.83439476236,50.349326664765,0.));
#2799 = CARTESIAN_POINT('',(116.84286209544,50.377089655546,0.));
#2800 = CARTESIAN_POINT('',(116.8513347744,50.404863963173,0.));
#2801 = CARTESIAN_POINT('',(116.85981280454,50.432649587252,0.));
#2802 = CARTESIAN_POINT('',(116.86829619114,50.460446527419,0.));
#2803 = CARTESIAN_POINT('',(116.87678493924,50.488254783368,0.));
#2804 = CARTESIAN_POINT('',(116.88527905412,50.516074354714,0.));
#2805 = CARTESIAN_POINT('',(116.89377854101,50.543905241059,0.));
#2806 = CARTESIAN_POINT('',(116.90228340503,50.571747442036,0.));
#2807 = CARTESIAN_POINT('',(116.91079365134,50.599600957262,0.));
#2808 = CARTESIAN_POINT('',(116.91930928512,50.627465786343,0.));
#2809 = CARTESIAN_POINT('',(116.92783031149,50.655341928905,0.));
#2810 = CARTESIAN_POINT('',(116.93635673552,50.683229384571,0.));
#2811 = CARTESIAN_POINT('',(116.94488856239,50.711128152905,0.));
#2812 = CARTESIAN_POINT('',(116.95342579723,50.739038233485,0.));
#2813 = CARTESIAN_POINT('',(116.96196844502,50.766959625937,0.));
#2814 = CARTESIAN_POINT('',(116.97051651093,50.794892329819,0.));
#2815 = CARTESIAN_POINT('',(116.97907000003,50.822836344708,0.));
#2816 = CARTESIAN_POINT('',(116.98762891725,50.850791670216,0.));
#2817 = CARTESIAN_POINT('',(116.99619326776,50.878758305875,0.));
#2818 = CARTESIAN_POINT('',(117.00476305655,50.906736251251,0.));
#2819 = CARTESIAN_POINT('',(117.0133382886,50.934725505909,0.));
#2820 = CARTESIAN_POINT('',(117.021918969,50.962726069389,0.));
#2821 = CARTESIAN_POINT('',(117.03050510264,50.990737941272,0.));
#2822 = CARTESIAN_POINT('',(117.03909669454,51.018761121085,0.));
#2823 = CARTESIAN_POINT('',(117.04769374971,51.046795608342,0.));
#2824 = CARTESIAN_POINT('',(117.05629627309,51.074841402599,0.));
#2825 = CARTESIAN_POINT('',(117.06490426955,51.102898503415,0.));
#2826 = CARTESIAN_POINT('',(117.07351774407,51.130966910289,0.));
#2827 = CARTESIAN_POINT('',(117.08213670164,51.159046622712,0.));
#2828 = CARTESIAN_POINT('',(117.09076114708,51.187137640232,0.));
#2829 = CARTESIAN_POINT('',(117.09939108527,51.215239962369,0.));
#2830 = CARTESIAN_POINT('',(117.10802652117,51.243353588604,0.));
#2831 = CARTESIAN_POINT('',(117.11666745961,51.271478518445,0.));
#2832 = CARTESIAN_POINT('',(117.12531390543,51.299614751396,0.));
#2833 = CARTESIAN_POINT('',(117.13396586353,51.327762286948,0.));
#2834 = CARTESIAN_POINT('',(117.14262333866,51.355921124603,0.));
#2835 = CARTESIAN_POINT('',(117.15128633571,51.384091263807,0.));
#2836 = CARTESIAN_POINT('',(117.15995485954,51.41227270403,0.));
#2837 = CARTESIAN_POINT('',(117.16862891478,51.440465444803,0.));
#2838 = CARTESIAN_POINT('',(117.17730850638,51.468669485562,0.));
#2839 = CARTESIAN_POINT('',(117.18599363898,51.496884825772,0.));
#2840 = CARTESIAN_POINT('',(117.1946843175,51.525111464859,0.));
#2841 = CARTESIAN_POINT('',(117.20338054656,51.553349402319,0.));
#2842 = CARTESIAN_POINT('',(117.21208233089,51.581598637624,0.));
#2843 = CARTESIAN_POINT('',(117.22078967526,51.609859170197,0.));
#2844 = CARTESIAN_POINT('',(117.22950258436,51.638130999462,0.));
#2845 = CARTESIAN_POINT('',(117.23822106297,51.666414124842,0.));
#2846 = CARTESIAN_POINT('',(117.24694511564,51.694708545807,0.));
#2847 = CARTESIAN_POINT('',(117.25567474714,51.723014261765,0.));
#2848 = CARTESIAN_POINT('',(117.26440996211,51.75133127214,0.));
#2849 = CARTESIAN_POINT('',(117.27315076515,51.779659576355,0.));
#2850 = CARTESIAN_POINT('',(117.28189716101,51.807999173806,0.));
#2851 = CARTESIAN_POINT('',(117.29064915417,51.836350063947,0.));
#2852 = CARTESIAN_POINT('',(117.29940674928,51.864712246164,0.));
#2853 = CARTESIAN_POINT('',(117.30816995107,51.893085719814,0.));
#2854 = CARTESIAN_POINT('',(117.31693876398,51.92147048434,0.));
#2855 = CARTESIAN_POINT('',(117.32571319256,51.949866539145,0.));
#2856 = CARTESIAN_POINT('',(117.33449324153,51.978273883562,0.));
#2857 = CARTESIAN_POINT('',(117.34327891533,52.006692517001,0.));
#2858 = CARTESIAN_POINT('',(117.35207021847,52.03512243886,0.));
#2859 = CARTESIAN_POINT('',(117.36086715558,52.063563648489,0.));
#2860 = CARTESIAN_POINT('',(117.36966973102,52.092016145288,0.));
#2861 = CARTESIAN_POINT('',(117.37847794945,52.120479928575,0.));
#2862 = CARTESIAN_POINT('',(117.38729181526,52.148954997741,0.));
#2863 = CARTESIAN_POINT('',(117.39611133291,52.177441352155,0.));
#2864 = CARTESIAN_POINT('',(117.40493650691,52.205938991147,0.));
#2865 = CARTESIAN_POINT('',(117.41376734169,52.234447914061,0.));
#2866 = CARTESIAN_POINT('',(117.42260384172,52.262968120235,0.));
#2867 = CARTESIAN_POINT('',(117.43144601133,52.291499609034,0.));
#2868 = CARTESIAN_POINT('',(117.44029385505,52.320042379787,0.));
#2869 = CARTESIAN_POINT('',(117.44914737711,52.34859643186,0.));
#2870 = CARTESIAN_POINT('',(117.45800658206,52.377161764515,0.));
#2871 = CARTESIAN_POINT('',(117.46687147423,52.405738377082,0.));
#2872 = CARTESIAN_POINT('',(117.47574205791,52.434326268914,0.));
#2873 = CARTESIAN_POINT('',(117.4846183375,52.462925439318,0.));
#2874 = CARTESIAN_POINT('',(117.49350031734,52.491535887591,0.));
#2875 = CARTESIAN_POINT('',(117.50238800169,52.520157613045,0.));
#2876 = CARTESIAN_POINT('',(117.51128139498,52.548790614967,0.));
#2877 = CARTESIAN_POINT('',(117.52018050132,52.577434892706,0.));
#2878 = CARTESIAN_POINT('',(117.52908532514,52.606090445506,0.));
#2879 = CARTESIAN_POINT('',(117.53799587071,52.634757272648,0.));
#2880 = CARTESIAN_POINT('',(117.54691214217,52.663435373452,0.));
#2881 = CARTESIAN_POINT('',(117.55583414389,52.692124747177,0.));
#2882 = CARTESIAN_POINT('',(117.56476188001,52.720825393118,0.));
#2883 = CARTESIAN_POINT('',(117.57369535477,52.749537310545,0.));
#2884 = CARTESIAN_POINT('',(117.5826345724,52.778260498713,0.));
#2885 = CARTESIAN_POINT('',(117.5915795371,52.806994956886,0.));
#2886 = CARTESIAN_POINT('',(117.60053025299,52.835740684355,0.));
#2887 = CARTESIAN_POINT('',(117.60948672422,52.86449768037,0.));
#2888 = CARTESIAN_POINT('',(117.61844895509,52.893265944133,0.));
#2889 = CARTESIAN_POINT('',(117.62741694959,52.922045474933,0.));
#2890 = CARTESIAN_POINT('',(117.6363907119,52.950836272025,0.));
#2891 = CARTESIAN_POINT('',(117.64537024613,52.979638334646,0.));
#2892 = CARTESIAN_POINT('',(117.65435555635,53.008451662021,0.));
#2893 = CARTESIAN_POINT('',(117.66334664677,53.037276253363,0.));
#2894 = CARTESIAN_POINT('',(117.67234352126,53.066112107957,0.));
#2895 = CARTESIAN_POINT('',(117.68134618405,53.094959224981,0.));
#2896 = CARTESIAN_POINT('',(117.69035463915,53.123817603661,0.));
#2897 = CARTESIAN_POINT('',(117.69936889054,53.15268724324,0.));
#2898 = CARTESIAN_POINT('',(117.70838894227,53.181568142928,0.));
#2899 = CARTESIAN_POINT('',(117.71741479837,53.21046030191,0.));
#2900 = CARTESIAN_POINT('',(117.72644646288,53.239363719392,0.));
#2901 = CARTESIAN_POINT('',(117.73548393963,53.268278394619,0.));
#2902 = CARTESIAN_POINT('',(117.74452723274,53.29720432675,0.));
#2903 = CARTESIAN_POINT('',(117.7535763461,53.326141514984,0.));
#2904 = CARTESIAN_POINT('',(117.76263128367,53.355089958514,0.));
#2905 = CARTESIAN_POINT('',(117.77169204938,53.384049656534,0.));
#2906 = CARTESIAN_POINT('',(117.78075864712,53.41302060823,0.));
#2907 = CARTESIAN_POINT('',(117.78983108082,53.442002812774,0.));
#2908 = CARTESIAN_POINT('',(117.79890935439,53.470996269329,0.));
#2909 = CARTESIAN_POINT('',(117.80799347167,53.500000977089,0.));
#2910 = CARTESIAN_POINT('',(117.81708343652,53.529016935222,0.));
#2911 = CARTESIAN_POINT('',(117.82617925282,53.558044142883,0.));
#2912 = CARTESIAN_POINT('',(117.83528092442,53.587082599226,0.));
#2913 = CARTESIAN_POINT('',(117.84438845505,53.616132303428,0.));
#2914 = CARTESIAN_POINT('',(117.85350184868,53.645193254607,0.));
#2915 = CARTESIAN_POINT('',(117.86262110896,53.67426545196,0.));
#2916 = CARTESIAN_POINT('',(117.87174623971,53.703348894613,0.));
#2917 = CARTESIAN_POINT('',(117.8808772448,53.732443581688,0.));
#2918 = CARTESIAN_POINT('',(117.89001412784,53.76154951236,0.));
#2919 = CARTESIAN_POINT('',(117.89915689265,53.790666685745,0.));
#2920 = CARTESIAN_POINT('',(117.90830554301,53.819795100955,0.));
#2921 = CARTESIAN_POINT('',(117.91746008255,53.848934757151,0.));
#2922 = CARTESIAN_POINT('',(117.92662051496,53.87808565346,0.));
#2923 = CARTESIAN_POINT('',(117.93578684405,53.907247788965,0.));
#2924 = CARTESIAN_POINT('',(117.9449590734,53.936421162815,0.));
#2925 = CARTESIAN_POINT('',(117.95413720665,53.965605774124,0.));
#2926 = CARTESIAN_POINT('',(117.9633212476,53.994801621968,0.));
#2927 = CARTESIAN_POINT('',(117.97251119972,54.024008705504,0.));
#2928 = CARTESIAN_POINT('',(117.98170706666,54.053227023826,0.));
#2929 = CARTESIAN_POINT('',(117.99090885215,54.082456575996,0.));
#2930 = CARTESIAN_POINT('',(118.00011655967,54.111697361144,0.));
#2931 = CARTESIAN_POINT('',(118.00933019279,54.140949378367,0.));
#2932 = CARTESIAN_POINT('',(118.01854975523,54.170212626714,0.));
#2933 = CARTESIAN_POINT('',(118.02777525038,54.199487105319,0.));
#2934 = CARTESIAN_POINT('',(118.03700668179,54.228772813256,0.));
#2935 = CARTESIAN_POINT('',(118.04624405319,54.258069749548,0.));
#2936 = CARTESIAN_POINT('',(118.05548736786,54.287377913343,0.));
#2937 = CARTESIAN_POINT('',(118.06473662935,54.316697303723,0.));
#2938 = CARTESIAN_POINT('',(118.07399184125,54.346027919698,0.));
#2939 = CARTESIAN_POINT('',(118.08325300697,54.375369760339,0.));
#2940 = CARTESIAN_POINT('',(118.09252013,54.404722824723,0.));
#2941 = CARTESIAN_POINT('',(118.1017932137,54.434087111941,0.));
#2942 = CARTESIAN_POINT('',(118.11107226159,54.463462621014,0.));
#2943 = CARTESIAN_POINT('',(118.12035727712,54.492849350996,0.));
#2944 = CARTESIAN_POINT('',(118.12964826353,54.522247300978,0.));
#2945 = CARTESIAN_POINT('',(118.13894522441,54.551656469945,0.));
#2946 = CARTESIAN_POINT('',(118.14824816304,54.58107685696,0.));
#2947 = CARTESIAN_POINT('',(118.15755708279,54.610508461069,0.));
#2948 = CARTESIAN_POINT('',(118.16687198705,54.639951281308,0.));
#2949 = CARTESIAN_POINT('',(118.17619287906,54.669405316735,0.));
#2950 = CARTESIAN_POINT('',(118.18551976228,54.69887056635,0.));
#2951 = CARTESIAN_POINT('',(118.19485263988,54.728347029194,0.));
#2952 = CARTESIAN_POINT('',(118.20419151532,54.757834704252,0.));
#2953 = CARTESIAN_POINT('',(118.21353639177,54.787333590592,0.));
#2954 = CARTESIAN_POINT('',(118.22288727244,54.816843687255,0.));
#2955 = CARTESIAN_POINT('',(118.23224416072,54.846364993202,0.));
#2956 = CARTESIAN_POINT('',(118.24160705983,54.875897507429,0.));
#2957 = CARTESIAN_POINT('',(118.25097597292,54.905441228978,0.));
#2958 = CARTESIAN_POINT('',(118.26035090329,54.934996156844,0.));
#2959 = CARTESIAN_POINT('',(118.26973185409,54.964562290055,0.));
#2960 = CARTESIAN_POINT('',(118.27911882845,54.994139627618,0.));
#2961 = CARTESIAN_POINT('',(118.28851182969,55.023728168478,0.));
#2962 = CARTESIAN_POINT('',(118.29791086082,55.053327911656,0.));
#2963 = CARTESIAN_POINT('',(118.3073159251,55.082938856123,0.));
#2964 = CARTESIAN_POINT('',(118.3167270256,55.112561000881,0.));
#2965 = CARTESIAN_POINT('',(118.32614416543,55.14219434492,0.));
#2966 = CARTESIAN_POINT('',(118.33556734773,55.171838887209,0.));
#2967 = CARTESIAN_POINT('',(118.34499657556,55.20149462674,0.));
#2968 = CARTESIAN_POINT('',(118.35443185198,55.231161562494,0.));
#2969 = CARTESIAN_POINT('',(118.36387318007,55.260839693423,0.));
#2970 = CARTESIAN_POINT('',(118.37332056294,55.290529018471,0.));
#2971 = CARTESIAN_POINT('',(118.38277400355,55.320229536639,0.));
#2972 = CARTESIAN_POINT('',(118.39223350487,55.349941246914,0.));
#2973 = CARTESIAN_POINT('',(118.40169907002,55.379664148218,0.));
#2974 = CARTESIAN_POINT('',(118.41117070192,55.409398239514,0.));
#2975 = CARTESIAN_POINT('',(118.42064840358,55.439143519758,0.));
#2976 = CARTESIAN_POINT('',(118.43013217793,55.468899987912,0.));
#2977 = CARTESIAN_POINT('',(118.43962202795,55.498667642917,0.));
#2978 = CARTESIAN_POINT('',(118.44911795655,55.528446483719,0.));
#2979 = CARTESIAN_POINT('',(118.45861996669,55.558236509264,0.));
#2980 = CARTESIAN_POINT('',(118.46812806118,55.588037718511,0.));
#2981 = CARTESIAN_POINT('',(118.47764224304,55.617850110357,0.));
#2982 = CARTESIAN_POINT('',(118.48716251508,55.647673683748,0.));
#2983 = CARTESIAN_POINT('',(118.49668888017,55.677508437624,0.));
#2984 = CARTESIAN_POINT('',(118.50622134119,55.707354370927,0.));
#2985 = CARTESIAN_POINT('',(118.51575990085,55.737211482603,0.));
#2986 = CARTESIAN_POINT('',(118.52530456215,55.767079771512,0.));
#2987 = CARTESIAN_POINT('',(118.53485532786,55.796959236593,0.));
#2988 = CARTESIAN_POINT('',(118.54441220062,55.826849876821,0.));
#2989 = CARTESIAN_POINT('',(118.55397518337,55.85675169106,0.));
#2990 = CARTESIAN_POINT('',(118.56354427887,55.886664678214,0.));
#2991 = CARTESIAN_POINT('',(118.57311948974,55.91658883724,0.));
#2992 = CARTESIAN_POINT('',(118.58270081887,55.946524167016,0.));
#2993 = CARTESIAN_POINT('',(118.59228826887,55.976470666453,0.));
#2994 = CARTESIAN_POINT('',(118.60188184253,56.006428334439,0.));
#2995 = CARTESIAN_POINT('',(118.61148154248,56.036397169897,0.));
#2996 = CARTESIAN_POINT('',(118.62108737142,56.066377171723,0.));
#2997 = CARTESIAN_POINT('',(118.63069933204,56.096368338799,0.));
#2998 = CARTESIAN_POINT('',(118.64031742694,56.126370670029,0.));
#2999 = CARTESIAN_POINT('',(118.64994165881,56.156384164293,0.));
#3000 = CARTESIAN_POINT('',(118.65957203023,56.186408820475,0.));
#3001 = CARTESIAN_POINT('',(118.66920854389,56.216444637451,0.));
#3002 = CARTESIAN_POINT('',(118.67885120225,56.246491614147,0.));
#3003 = CARTESIAN_POINT('',(118.68850000795,56.276549749423,0.));
#3004 = CARTESIAN_POINT('',(118.69815496363,56.306619042133,0.));
#3005 = CARTESIAN_POINT('',(118.70781607171,56.336699491187,0.));
#3006 = CARTESIAN_POINT('',(118.7174833348,56.36679109542,0.));
#3007 = CARTESIAN_POINT('',(118.7271567555,56.396893853691,0.));
#3008 = CARTESIAN_POINT('',(118.73683633611,56.427007764941,0.));
#3009 = CARTESIAN_POINT('',(118.74652207928,56.457132827988,0.));
#3010 = CARTESIAN_POINT('',(118.75621398747,56.487269041681,0.));
#3011 = CARTESIAN_POINT('',(118.76591206313,56.51741640489,0.));
#3012 = CARTESIAN_POINT('',(118.77561630866,56.547574916496,0.));
#3013 = CARTESIAN_POINT('',(118.78532672657,56.577744575337,0.));
#3014 = CARTESIAN_POINT('',(118.79504331924,56.607925380265,0.));
#3015 = CARTESIAN_POINT('',(118.80476608908,56.638117330138,0.));
#3016 = CARTESIAN_POINT('',(118.81449503847,56.668320423802,0.));
#3017 = CARTESIAN_POINT('',(118.82423016983,56.698534660095,0.));
#3018 = CARTESIAN_POINT('',(118.83397148547,56.728760037871,0.));
#3019 = CARTESIAN_POINT('',(118.84371898777,56.758996555966,0.));
#3020 = CARTESIAN_POINT('',(118.8534726791,56.789244213227,0.));
#3021 = CARTESIAN_POINT('',(118.86323256159,56.819503008514,0.));
#3022 = CARTESIAN_POINT('',(118.87299863787,56.84977294057,0.));
#3023 = CARTESIAN_POINT('',(118.88277090998,56.880054008305,0.));
#3024 = CARTESIAN_POINT('',(118.89254938019,56.910346210576,0.));
#3025 = CARTESIAN_POINT('',(118.90233405092,56.940649546154,0.));
#3026 = CARTESIAN_POINT('',(118.91212492428,56.970964013887,0.));
#3027 = CARTESIAN_POINT('',(118.92192200256,57.001289612599,0.));
#3028 = CARTESIAN_POINT('',(118.93172528797,57.031626341106,0.));
#3029 = CARTESIAN_POINT('',(118.9415347827,57.061974198229,0.));
#3030 = CARTESIAN_POINT('',(118.95135048894,57.092333182787,0.));
#3031 = CARTESIAN_POINT('',(118.96117240886,57.12270329359,0.));
#3032 = CARTESIAN_POINT('',(118.97100054467,57.153084529451,0.));
#3033 = CARTESIAN_POINT('',(118.98083489839,57.183476889214,0.));
#3034 = CARTESIAN_POINT('',(118.99067547226,57.213880371651,0.));
#3035 = CARTESIAN_POINT('',(119.00052226839,57.244294975558,0.));
#3036 = CARTESIAN_POINT('',(119.01037528881,57.274720699774,0.));
#3037 = CARTESIAN_POINT('',(119.02023453563,57.305157543096,0.));
#3038 = CARTESIAN_POINT('',(119.03010001097,57.335605504315,0.));
#3039 = CARTESIAN_POINT('',(119.03997171679,57.366064582252,0.));
#3040 = CARTESIAN_POINT('',(119.04984965521,57.396534775677,0.));
#3041 = CARTESIAN_POINT('',(119.05973382822,57.427016083387,0.));
#3042 = CARTESIAN_POINT('',(119.06962423786,57.457508504164,0.));
#3043 = CARTESIAN_POINT('',(119.07952088613,57.488012036821,0.));
#3044 = CARTESIAN_POINT('',(119.08942377488,57.518526680179,0.));
#3045 = CARTESIAN_POINT('',(119.09933290629,57.549052432968,0.));
#3046 = CARTESIAN_POINT('',(119.10924828212,57.579589294001,0.));
#3047 = CARTESIAN_POINT('',(119.11916990445,57.610137262045,0.));
#3048 = CARTESIAN_POINT('',(119.12909777511,57.640696335904,0.));
#3049 = CARTESIAN_POINT('',(119.13903189598,57.671266514359,0.));
#3050 = CARTESIAN_POINT('',(119.1489722691,57.701847796144,0.));
#3051 = CARTESIAN_POINT('',(119.1589188962,57.732440180077,0.));
#3052 = CARTESIAN_POINT('',(119.16887177918,57.76304366493,0.));
#3053 = CARTESIAN_POINT('',(119.17883091995,57.793658249458,0.));
#3054 = CARTESIAN_POINT('',(119.18879632022,57.824283932462,0.));
#3055 = CARTESIAN_POINT('',(119.1987679819,57.854920712674,0.));
#3056 = CARTESIAN_POINT('',(119.20874590681,57.885568588851,0.));
#3057 = CARTESIAN_POINT('',(119.21873009669,57.916227559798,0.));
#3058 = CARTESIAN_POINT('',(119.22872055324,57.946897624292,0.));
#3059 = CARTESIAN_POINT('',(119.23871727836,57.977578781043,0.));
#3060 = CARTESIAN_POINT('',(119.24872027374,58.008271028827,0.));
#3061 = CARTESIAN_POINT('',(119.25872954103,58.038974366428,0.));
#3062 = CARTESIAN_POINT('',(119.26874508204,58.069688792576,0.));
#3063 = CARTESIAN_POINT('',(119.27876689845,58.100414306032,0.));
#3064 = CARTESIAN_POINT('',(119.28879499186,58.131150905564,0.));
#3065 = CARTESIAN_POINT('',(119.29882936405,58.16189858989,0.));
#3066 = CARTESIAN_POINT('',(119.30887001664,58.192657357767,0.));
#3067 = CARTESIAN_POINT('',(119.31891695118,58.22342720799,0.));
#3068 = CARTESIAN_POINT('',(119.3289701694,58.254208139274,0.));
#3069 = CARTESIAN_POINT('',(119.33902967282,58.285000150365,0.));
#3070 = CARTESIAN_POINT('',(119.34909546314,58.315803239981,0.));
#3071 = CARTESIAN_POINT('',(119.35916754184,58.346617406899,0.));
#3072 = CARTESIAN_POINT('',(119.36924591048,58.377442649865,0.));
#3073 = CARTESIAN_POINT('',(119.37933057067,58.408278967577,0.));
#3074 = CARTESIAN_POINT('',(119.38942152395,58.439126358787,0.));
#3075 = CARTESIAN_POINT('',(119.3995187717,58.469984822271,0.));
#3076 = CARTESIAN_POINT('',(119.40962231557,58.500854356722,0.));
#3077 = CARTESIAN_POINT('',(119.41973215698,58.531734960872,0.));
#3078 = CARTESIAN_POINT('',(119.42984829741,58.562626633468,0.));
#3079 = CARTESIAN_POINT('',(119.4399707383,58.593529373239,0.));
#3080 = CARTESIAN_POINT('',(119.4500994811,58.624443178907,0.));
#3081 = CARTESIAN_POINT('',(119.46023452727,58.655368049193,0.));
#3082 = CARTESIAN_POINT('',(119.47037587812,58.686303982843,0.));
#3083 = CARTESIAN_POINT('',(119.48052353519,58.717250978539,0.));
#3084 = CARTESIAN_POINT('',(119.49067749975,58.748209035048,0.));
#3085 = CARTESIAN_POINT('',(119.50083777312,58.779178151102,0.));
#3086 = CARTESIAN_POINT('',(119.51100435681,58.810158325372,0.));
#3087 = CARTESIAN_POINT('',(119.52117725201,58.841149556603,0.));
#3088 = CARTESIAN_POINT('',(119.53135646011,58.872151843512,0.));
#3089 = CARTESIAN_POINT('',(119.54154198237,58.903165184815,0.));
#3090 = CARTESIAN_POINT('',(119.55173382011,58.934189579219,0.));
#3091 = CARTESIAN_POINT('',(119.56193197458,58.965225025439,0.));
#3092 = CARTESIAN_POINT('',(119.57213644706,58.996271522181,0.));
#3093 = CARTESIAN_POINT('',(119.58234723877,59.027329068171,0.));
#3094 = CARTESIAN_POINT('',(119.5925643509,59.058397662125,0.));
#3095 = CARTESIAN_POINT('',(119.60278778475,59.089477302725,0.));
#3096 = CARTESIAN_POINT('',(119.61301754143,59.120567988697,0.));
#3097 = CARTESIAN_POINT('',(119.62325362217,59.151669718738,0.));
#3098 = CARTESIAN_POINT('',(119.6334960281,59.182782491554,0.));
#3099 = CARTESIAN_POINT('',(119.6437447604,59.21390630584,0.));
#3100 = CARTESIAN_POINT('',(119.6539998202,59.245041160303,0.));
#3101 = CARTESIAN_POINT('',(119.66426120856,59.276187053664,0.));
#3102 = CARTESIAN_POINT('',(119.67452892667,59.307343984601,0.));
#3103 = CARTESIAN_POINT('',(119.68480297554,59.338511951818,0.));
#3104 = CARTESIAN_POINT('',(119.69508335629,59.369690954009,0.));
#3105 = CARTESIAN_POINT('',(119.70537006997,59.400880989868,0.));
#3106 = CARTESIAN_POINT('',(119.71566311758,59.432082058118,0.));
#3107 = CARTESIAN_POINT('',(119.72596250018,59.463294157441,0.));
#3108 = CARTESIAN_POINT('',(119.73626821875,59.494517286505,0.));
#3109 = CARTESIAN_POINT('',(119.74658027438,59.525751443975,0.));
#3110 = CARTESIAN_POINT('',(119.75689866795,59.556996628602,0.));
#3111 = CARTESIAN_POINT('',(119.76722340037,59.588252839091,0.));
#3112 = CARTESIAN_POINT('',(119.77755447275,59.619520074078,0.));
#3113 = CARTESIAN_POINT('',(119.78789188589,59.650798332273,0.));
#3114 = CARTESIAN_POINT('',(119.79823564075,59.682087612371,0.));
#3115 = CARTESIAN_POINT('',(119.80858573826,59.71338791305,0.));
#3116 = CARTESIAN_POINT('',(119.81894217918,59.744699233005,0.));
#3117 = CARTESIAN_POINT('',(119.82930496461,59.776021570861,0.));
#3118 = CARTESIAN_POINT('',(119.83967409519,59.807354925357,0.));
#3119 = CARTESIAN_POINT('',(119.85004957183,59.838699295182,0.));
#3120 = CARTESIAN_POINT('',(119.86043139537,59.870054678997,0.));
#3121 = CARTESIAN_POINT('',(119.87081956662,59.90142107548,0.));
#3122 = CARTESIAN_POINT('',(119.88121408632,59.932798483347,0.));
#3123 = CARTESIAN_POINT('',(119.89161495524,59.964186901251,0.));
#3124 = CARTESIAN_POINT('',(119.90202217426,59.995586327821,0.));
#3125 = CARTESIAN_POINT('',(119.91243574403,60.026996761783,0.));
#3126 = CARTESIAN_POINT('',(119.92285566521,60.058418201836,0.));
#3127 = CARTESIAN_POINT('',(119.93328193867,60.089850646604,0.));
#3128 = CARTESIAN_POINT('',(119.943714565,60.121294094786,0.));
#3129 = CARTESIAN_POINT('',(119.95415354489,60.152748545072,0.));
#3130 = CARTESIAN_POINT('',(119.96459887902,60.184213996116,0.));
#3131 = CARTESIAN_POINT('',(119.97505056808,60.215690446574,0.));
#3132 = CARTESIAN_POINT('',(119.98550861264,60.24717789514,0.));
#3133 = CARTESIAN_POINT('',(119.99597301333,60.278676340488,0.));
#3134 = CARTESIAN_POINT('',(120.00644377076,60.310185781272,0.));
#3135 = CARTESIAN_POINT('',(120.01692088559,60.341706216144,0.));
#3136 = CARTESIAN_POINT('',(120.02740435824,60.373237643822,0.));
#3137 = CARTESIAN_POINT('',(120.03789418936,60.404780062952,0.));
#3138 = CARTESIAN_POINT('',(120.04839037951,60.436333472193,0.));
#3139 = CARTESIAN_POINT('',(120.0588929291,60.467897870226,0.));
#3140 = CARTESIAN_POINT('',(120.06940183882,60.499473255666,0.));
#3141 = CARTESIAN_POINT('',(120.07991710899,60.531059627235,0.));
#3142 = CARTESIAN_POINT('',(120.09043874016,60.562656983598,0.));
#3143 = CARTESIAN_POINT('',(120.10096673276,60.594265323412,0.));
#3144 = CARTESIAN_POINT('',(120.11150108726,60.625884645315,0.));
#3145 = CARTESIAN_POINT('',(120.12204180412,60.657514947963,0.));
#3146 = CARTESIAN_POINT('',(120.13258888367,60.689156230051,0.));
#3147 = CARTESIAN_POINT('',(120.14314232638,60.720808490234,0.));
#3148 = CARTESIAN_POINT('',(120.15370213256,60.752471727193,0.));
#3149 = CARTESIAN_POINT('',(120.1642683026,60.784145939557,0.));
#3150 = CARTESIAN_POINT('',(120.17484083694,60.815831125957,0.));
#3151 = CARTESIAN_POINT('',(120.18541973576,60.847527285104,0.));
#3152 = CARTESIAN_POINT('',(120.19600499946,60.879234415647,0.));
#3153 = CARTESIAN_POINT('',(120.20659662835,60.910952516228,0.));
#3154 = CARTESIAN_POINT('',(120.21719462269,60.942681585517,0.));
#3155 = CARTESIAN_POINT('',(120.22779898272,60.974421622195,0.));
#3156 = CARTESIAN_POINT('',(120.23840970873,61.0061726249,0.));
#3157 = CARTESIAN_POINT('',(120.24902680094,61.037934592267,0.));
#3158 = CARTESIAN_POINT('',(120.25965025963,61.069707522948,0.));
#3159 = CARTESIAN_POINT('',(120.27028008491,61.101491415637,0.));
#3160 = CARTESIAN_POINT('',(120.28091627701,61.133286268981,0.));
#3161 = CARTESIAN_POINT('',(120.29155883612,61.165092081627,0.));
#3162 = CARTESIAN_POINT('',(120.30220776234,61.196908852231,0.));
#3163 = CARTESIAN_POINT('',(120.31286305591,61.228736579431,0.));
#3164 = CARTESIAN_POINT('',(120.32352471683,61.260575261917,0.));
#3165 = CARTESIAN_POINT('',(120.3341927453,61.292424898317,0.));
#3166 = CARTESIAN_POINT('',(120.34486714139,61.324285487291,0.));
#3167 = CARTESIAN_POINT('',(120.35554790511,61.356157027506,0.));
#3168 = CARTESIAN_POINT('',(120.36623503665,61.388039517577,0.));
#3169 = CARTESIAN_POINT('',(120.37692853595,61.419932956188,0.));
#3170 = CARTESIAN_POINT('',(120.38762840303,61.451837342005,0.));
#3171 = CARTESIAN_POINT('',(120.39833463796,61.483752673651,0.));
#3172 = CARTESIAN_POINT('',(120.40904724075,61.51567894977,0.));
#3173 = CARTESIAN_POINT('',(120.41976621128,61.547616169053,0.));
#3174 = CARTESIAN_POINT('',(120.43049154958,61.579564330131,0.));
#3175 = CARTESIAN_POINT('',(120.44122325563,61.611523431639,0.));
#3176 = CARTESIAN_POINT('',(120.45196132929,61.643493472258,0.));
#3177 = CARTESIAN_POINT('',(120.46270577047,61.675474450645,0.));
#3178 = CARTESIAN_POINT('',(120.47345657914,61.707466365414,0.));
#3179 = CARTESIAN_POINT('',(120.48421375514,61.739469215226,0.));
#3180 = CARTESIAN_POINT('',(120.49497729832,61.771482998746,0.));
#3181 = CARTESIAN_POINT('',(120.50574720856,61.803507714626,0.));
#3182 = CARTESIAN_POINT('',(120.51652348564,61.835543361521,0.));
#3183 = CARTESIAN_POINT('',(120.52730612944,61.867589938057,0.));
#3184 = CARTESIAN_POINT('',(120.53809513975,61.89964744289,0.));
#3185 = CARTESIAN_POINT('',(120.54889051629,61.931715874691,0.));
#3186 = CARTESIAN_POINT('',(120.55969225892,61.963795232094,0.));
#3187 = CARTESIAN_POINT('',(120.57050036731,61.995885513763,0.));
#3188 = CARTESIAN_POINT('',(120.58131484125,62.027986718348,0.));
#3189 = CARTESIAN_POINT('',(120.59213568041,62.060098844503,0.));
#3190 = CARTESIAN_POINT('',(120.60296288452,62.092221890854,0.));
#3191 = CARTESIAN_POINT('',(120.61379645333,62.12435585604,0.));
#3192 = CARTESIAN_POINT('',(120.62463638638,62.156500738763,0.));
#3193 = CARTESIAN_POINT('',(120.63548268339,62.18865653765,0.));
#3194 = CARTESIAN_POINT('',(120.64633534403,62.220823251332,0.));
#3195 = CARTESIAN_POINT('',(120.65719436788,62.253000878483,0.));
#3196 = CARTESIAN_POINT('',(120.66805975449,62.285189417769,0.));
#3197 = CARTESIAN_POINT('',(120.67893150358,62.317388867808,0.));
#3198 = CARTESIAN_POINT('',(120.6898096146,62.349599227272,0.));
#3199 = CARTESIAN_POINT('',(120.70069408716,62.381820494803,0.));
#3200 = CARTESIAN_POINT('',(120.71158492083,62.414052669047,0.));
#3201 = CARTESIAN_POINT('',(120.72248211502,62.44629574869,0.));
#3202 = CARTESIAN_POINT('',(120.73338566934,62.478549732342,0.));
#3203 = CARTESIAN_POINT('',(120.74429558328,62.510814618653,0.));
#3204 = CARTESIAN_POINT('',(120.75521185621,62.543090406309,0.));
#3205 = CARTESIAN_POINT('',(120.76613448775,62.575377093929,0.));
#3206 = CARTESIAN_POINT('',(120.77706347714,62.607674680219,0.));
#3207 = CARTESIAN_POINT('',(120.78799882394,62.639983163798,0.));
#3208 = CARTESIAN_POINT('',(120.79894052754,62.672302543303,0.));
#3209 = CARTESIAN_POINT('',(120.80988858732,62.7046328174,0.));
#3210 = CARTESIAN_POINT('',(120.8208430026,62.73697398476,0.));
#3211 = CARTESIAN_POINT('',(120.83180377282,62.769326044012,0.));
#3212 = CARTESIAN_POINT('',(120.84277089729,62.801688993826,0.));
#3213 = CARTESIAN_POINT('',(120.85374437526,62.834062832876,0.));
#3214 = CARTESIAN_POINT('',(120.86472420617,62.866447559773,0.));
#3215 = CARTESIAN_POINT('',(120.87571038924,62.898843173195,0.));
#3216 = CARTESIAN_POINT('',(120.88670292369,62.931249671806,0.));
#3217 = CARTESIAN_POINT('',(120.89770180892,62.963667054225,0.));
#3218 = CARTESIAN_POINT('',(120.90870704405,62.996095319156,0.));
#3219 = CARTESIAN_POINT('',(120.91971862827,63.028534465265,0.));
#3220 = CARTESIAN_POINT('',(120.93073656098,63.060984491154,0.));
#3221 = CARTESIAN_POINT('',(120.94176084112,63.093445395533,0.));
#3222 = CARTESIAN_POINT('',(120.9527914681,63.125917177011,0.));
#3223 = CARTESIAN_POINT('',(120.96382844093,63.15839983428,0.));
#3224 = CARTESIAN_POINT('',(120.97487175877,63.190893366011,0.));
#3225 = CARTESIAN_POINT('',(120.98592142078,63.223397770848,0.));
#3226 = CARTESIAN_POINT('',(120.99697742605,63.255913047447,0.));
#3227 = CARTESIAN_POINT('',(121.00803977367,63.288439194461,0.));
#3228 = CARTESIAN_POINT('',(121.01910846273,63.320976210548,0.));
#3229 = CARTESIAN_POINT('',(121.03018349232,63.353524094395,0.));
#3230 = CARTESIAN_POINT('',(121.04126486129,63.386082844697,0.));
#3231 = CARTESIAN_POINT('',(121.05235256895,63.418652460028,0.));
#3232 = CARTESIAN_POINT('',(121.06344661414,63.451232939093,0.));
#3233 = CARTESIAN_POINT('',(121.07454699584,63.483824280587,0.));
#3234 = CARTESIAN_POINT('',(121.08565371307,63.516426483148,0.));
#3235 = CARTESIAN_POINT('',(121.09676676481,63.549039545425,0.));
#3236 = CARTESIAN_POINT('',(121.10788614994,63.581663466108,0.));
#3237 = CARTESIAN_POINT('',(121.11901186745,63.614298243866,0.));
#3238 = CARTESIAN_POINT('',(121.13014391612,63.646943877392,0.));
#3239 = CARTESIAN_POINT('',(121.14128229501,63.679600365297,0.));
#3240 = CARTESIAN_POINT('',(121.15242700288,63.712267706266,0.));
#3241 = CARTESIAN_POINT('',(121.16357803863,63.744945898979,0.));
#3242 = CARTESIAN_POINT('',(121.17473540108,63.77763494211,0.));
#3243 = CARTESIAN_POINT('',(121.18589908906,63.810334834325,0.));
#3244 = CARTESIAN_POINT('',(121.19706910139,63.843045574292,0.));
#3245 = CARTESIAN_POINT('',(121.20824543683,63.875767160687,0.));
#3246 = CARTESIAN_POINT('',(121.21942809417,63.908499592185,0.));
#3247 = CARTESIAN_POINT('',(121.23061707218,63.941242867467,0.));
#3248 = CARTESIAN_POINT('',(121.24181236953,63.973996985221,0.));
#3249 = CARTESIAN_POINT('',(121.253013985,64.006761944079,0.));
#3250 = CARTESIAN_POINT('',(121.2642219174,64.039537742701,0.));
#3251 = CARTESIAN_POINT('',(121.27543616515,64.072324379852,0.));
#3252 = CARTESIAN_POINT('',(121.28665672715,64.105121854157,0.));
#3253 = CARTESIAN_POINT('',(121.297883602,64.137930164295,0.));
#3254 = CARTESIAN_POINT('',(121.30911678823,64.170749308971,0.));
#3255 = CARTESIAN_POINT('',(121.32035628464,64.203579286816,0.));
#3256 = CARTESIAN_POINT('',(121.33160208971,64.236420096552,0.));
#3257 = CARTESIAN_POINT('',(121.34285420199,64.269271736879,0.));
#3258 = CARTESIAN_POINT('',(121.35411262018,64.302134206435,0.));
#3259 = CARTESIAN_POINT('',(121.36537734275,64.335007503912,0.));
#3260 = CARTESIAN_POINT('',(121.37664836828,64.367891628014,0.));
#3261 = CARTESIAN_POINT('',(121.38792569519,64.400786577455,0.));
#3262 = CARTESIAN_POINT('',(121.39920932205,64.433692350877,0.));
#3263 = CARTESIAN_POINT('',(121.41049924744,64.466608946933,0.));
#3264 = CARTESIAN_POINT('',(121.42179546966,64.499536364378,0.));
#3265 = CARTESIAN_POINT('',(121.43309798721,64.532474601901,0.));
#3266 = CARTESIAN_POINT('',(121.4444067986,64.565423658167,0.));
#3267 = CARTESIAN_POINT('',(121.45572190214,64.598383531892,0.));
#3268 = CARTESIAN_POINT('',(121.46704329629,64.631354221747,0.));
#3269 = CARTESIAN_POINT('',(121.47837097946,64.664335726417,0.));
#3270 = CARTESIAN_POINT('',(121.48970494994,64.697328044634,0.));
#3271 = CARTESIAN_POINT('',(121.50104520608,64.730331175093,0.));
#3272 = CARTESIAN_POINT('',(121.51239174629,64.763345116452,0.));
#3273 = CARTESIAN_POINT('',(121.52374456884,64.796369867431,0.));
#3274 = CARTESIAN_POINT('',(121.53510367198,64.829405426762,0.));
#3275 = CARTESIAN_POINT('',(121.54646905404,64.862451793118,0.));
#3276 = CARTESIAN_POINT('',(121.55784071329,64.895508965189,0.));
#3277 = CARTESIAN_POINT('',(121.56921864795,64.928576941682,0.));
#3278 = CARTESIAN_POINT('',(121.58060285629,64.961655721302,0.));
#3279 = CARTESIAN_POINT('',(121.59199333642,64.994745302787,0.));
#3280 = CARTESIAN_POINT('',(121.60339008665,65.027845684809,0.));
#3281 = CARTESIAN_POINT('',(121.61479310511,65.0609568661,0.));
#3282 = CARTESIAN_POINT('',(121.62620238988,65.094078845384,0.));
#3283 = CARTESIAN_POINT('',(121.63761793925,65.127211621324,0.));
#3284 = CARTESIAN_POINT('',(121.64903975126,65.160355192657,0.));
#3285 = CARTESIAN_POINT('',(121.66046782398,65.1935095581,0.));
#3286 = CARTESIAN_POINT('',(121.67190215563,65.226674716333,0.));
#3287 = CARTESIAN_POINT('',(121.68334274415,65.259850666115,0.));
#3288 = CARTESIAN_POINT('',(121.69478958766,65.293037406165,0.));
#3289 = CARTESIAN_POINT('',(121.70624268416,65.326234935196,0.));
#3290 = CARTESIAN_POINT('',(121.71770203173,65.359443251906,0.));
#3291 = CARTESIAN_POINT('',(121.72916762834,65.392662355031,0.));
#3292 = CARTESIAN_POINT('',(121.74063947194,65.425892243306,0.));
#3293 = CARTESIAN_POINT('',(121.75211756059,65.459132915433,0.));
#3294 = CARTESIAN_POINT('',(121.76360189216,65.492384370158,0.));
#3295 = CARTESIAN_POINT('',(121.77509246459,65.5256466062,0.));
#3296 = CARTESIAN_POINT('',(121.78658927587,65.558919622268,0.));
#3297 = CARTESIAN_POINT('',(121.79809232384,65.592203417117,0.));
#3298 = CARTESIAN_POINT('',(121.80960160635,65.625497989488,0.));
#3299 = CARTESIAN_POINT('',(121.82111712136,65.658803338074,0.));
#3300 = CARTESIAN_POINT('',(121.83263886669,65.692119461629,0.));
#3301 = CARTESIAN_POINT('',(121.84416684005,65.725446358927,0.));
#3302 = CARTESIAN_POINT('',(121.85570103944,65.758784028653,0.));
#3303 = CARTESIAN_POINT('',(121.86724146253,65.79213246955,0.));
#3304 = CARTESIAN_POINT('',(121.87878810719,65.825491680358,0.));
#3305 = CARTESIAN_POINT('',(121.89034097107,65.858861659864,0.));
#3306 = CARTESIAN_POINT('',(121.90190005195,65.892242406791,0.));
#3307 = CARTESIAN_POINT('',(121.91346534769,65.925633919843,0.));
#3308 = CARTESIAN_POINT('',(121.92503685576,65.959036197828,0.));
#3309 = CARTESIAN_POINT('',(121.93661457406,65.992449239432,0.));
#3310 = CARTESIAN_POINT('',(121.9481985002,66.025873043423,0.));
#3311 = CARTESIAN_POINT('',(121.95978863176,66.059307608595,0.));
#3312 = CARTESIAN_POINT('',(121.97138496648,66.09275293368,0.));
#3313 = CARTESIAN_POINT('',(121.98298750189,66.12620901743,0.));
#3314 = CARTESIAN_POINT('',(121.9945962357,66.15967585856,0.));
#3315 = CARTESIAN_POINT('',(122.00621116548,66.193153455838,0.));
#3316 = CARTESIAN_POINT('',(122.01783228869,66.226641808088,0.));
#3317 = CARTESIAN_POINT('',(122.02945960298,66.26014091405,0.));
#3318 = CARTESIAN_POINT('',(122.04109310585,66.293650772467,0.));
#3319 = CARTESIAN_POINT('',(122.05273279486,66.327171382078,0.));
#3320 = CARTESIAN_POINT('',(122.06437866747,66.360702741673,0.));
#3321 = CARTESIAN_POINT('',(122.07603072115,66.394244850033,0.));
#3322 = CARTESIAN_POINT('',(122.0876889534,66.427797705921,0.));
#3323 = CARTESIAN_POINT('',(122.09935336164,66.461361308116,0.));
#3324 = CARTESIAN_POINT('',(122.11102394331,66.494935655382,0.));
#3325 = CARTESIAN_POINT('',(122.12270069583,66.528520746495,0.));
#3326 = CARTESIAN_POINT('',(122.13438361658,66.562116580226,0.));
#3327 = CARTESIAN_POINT('',(122.14607270296,66.595723155349,0.));
#3328 = CARTESIAN_POINT('',(122.15776795231,66.629340470658,0.));
#3329 = CARTESIAN_POINT('',(122.16946936194,66.662968524944,0.));
#3330 = CARTESIAN_POINT('',(122.18117692926,66.696607316973,0.));
#3331 = CARTESIAN_POINT('',(122.19289065146,66.73025684555,0.));
#3332 = CARTESIAN_POINT('',(122.20461052598,66.763917109433,0.));
#3333 = CARTESIAN_POINT('',(122.21633654991,66.797588107453,0.));
#3334 = CARTESIAN_POINT('',(122.22806872066,66.831269838356,0.));
#3335 = CARTESIAN_POINT('',(122.23980703545,66.864962300952,0.));
#3336 = CARTESIAN_POINT('',(122.25155149129,66.89866549409,0.));
#3337 = CARTESIAN_POINT('',(122.26330208571,66.932379416475,0.));
#3338 = CARTESIAN_POINT('',(122.27505881566,66.966104066962,0.));
#3339 = CARTESIAN_POINT('',(122.28682167834,66.999839444366,0.));
#3340 = CARTESIAN_POINT('',(122.29859067098,67.033585547453,0.));
#3341 = CARTESIAN_POINT('',(122.31036579064,67.067342375047,0.));
#3342 = CARTESIAN_POINT('',(122.32214703443,67.101109925957,0.));
#3343 = CARTESIAN_POINT('',(122.3339343995,67.134888198968,0.));
#3344 = CARTESIAN_POINT('',(122.34572788291,67.168677192918,0.));
#3345 = CARTESIAN_POINT('',(122.35752748161,67.202476906653,0.));
#3346 = CARTESIAN_POINT('',(122.36933319281,67.236287338924,0.));
#3347 = CARTESIAN_POINT('',(122.38114501346,67.270108488573,0.));
#3348 = CARTESIAN_POINT('',(122.39296294046,67.303940354433,0.));
#3349 = CARTESIAN_POINT('',(122.40478697109,67.337782935262,0.));
#3350 = CARTESIAN_POINT('',(122.41661710196,67.371636229987,0.));
#3351 = CARTESIAN_POINT('',(122.42845333025,67.405500237383,0.));
#3352 = CARTESIAN_POINT('',(122.44029565287,67.439374956268,0.));
#3353 = CARTESIAN_POINT('',(122.45214406664,67.473260385499,0.));
#3354 = CARTESIAN_POINT('',(122.46399856856,67.507156523875,0.));
#3355 = CARTESIAN_POINT('',(122.47585915552,67.541063370238,0.));
#3356 = CARTESIAN_POINT('',(122.48772582424,67.574980923478,0.));
#3357 = CARTESIAN_POINT('',(122.49959857171,67.608909182382,0.));
#3358 = CARTESIAN_POINT('',(122.51147739475,67.642848145776,0.));
#3359 = CARTESIAN_POINT('',(122.52336229008,67.676797812537,0.));
#3360 = CARTESIAN_POINT('',(122.53525325457,67.710758181498,0.));
#3361 = CARTESIAN_POINT('',(122.54715028498,67.744729251517,0.));
#3362 = CARTESIAN_POINT('',(122.55905337801,67.778711021452,0.));
#3363 = CARTESIAN_POINT('',(122.5709625305,67.812703490126,0.));
#3364 = CARTESIAN_POINT('',(122.58287773908,67.846706656424,0.));
#3365 = CARTESIAN_POINT('',(122.59479900047,67.88072051919,0.));
#3366 = CARTESIAN_POINT('',(122.60672631145,67.91474507727,0.));
#3367 = CARTESIAN_POINT('',(122.6186596685,67.948780329567,0.));
#3368 = CARTESIAN_POINT('',(122.63059906847,67.982826274899,0.));
#3369 = CARTESIAN_POINT('',(122.64254450783,68.01688291214,0.));
#3370 = CARTESIAN_POINT('',(122.65449598337,68.05095024013,0.));
#3371 = CARTESIAN_POINT('',(122.66645349151,68.085028257815,0.));
#3372 = CARTESIAN_POINT('',(122.67841702884,68.119116964071,0.));
#3373 = CARTESIAN_POINT('',(122.69038659208,68.153216357701,0.));
#3374 = CARTESIAN_POINT('',(122.7023621776,68.187326437622,0.));
#3375 = CARTESIAN_POINT('',(122.71434378202,68.221447202711,0.));
#3376 = CARTESIAN_POINT('',(122.72633140178,68.255578651849,0.));
#3377 = CARTESIAN_POINT('',(122.73832503349,68.289720783896,0.));
#3378 = CARTESIAN_POINT('',(122.75032467343,68.323873597785,0.));
#3379 = CARTESIAN_POINT('',(122.76233031825,68.358037092373,0.));
#3380 = CARTESIAN_POINT('',(122.77434196424,68.392211266595,0.));
#3381 = CARTESIAN_POINT('',(122.78635960781,68.426396119338,0.));
#3382 = CARTESIAN_POINT('',(122.79838324553,68.460591649435,0.));
#3383 = CARTESIAN_POINT('',(122.81041287359,68.494797855834,0.));
#3384 = CARTESIAN_POINT('',(122.82244848844,68.52901473744,0.));
#3385 = CARTESIAN_POINT('',(122.83449008642,68.563242293154,0.));
#3386 = CARTESIAN_POINT('',(122.84653766381,68.597480521884,0.));
#3387 = CARTESIAN_POINT('',(122.858591217,68.631729422538,0.));
#3388 = CARTESIAN_POINT('',(122.87065074218,68.665988994063,0.));
#3389 = CARTESIAN_POINT('',(122.88271623564,68.700259235337,0.));
#3390 = CARTESIAN_POINT('',(122.89478769379,68.734540145233,0.));
#3391 = CARTESIAN_POINT('',(122.90686511265,68.768831722757,0.));
#3392 = CARTESIAN_POINT('',(122.91894848849,68.803133966812,0.));
#3393 = CARTESIAN_POINT('',(122.93103781766,68.837446876264,0.));
#3394 = CARTESIAN_POINT('',(122.94313309614,68.87177045011,0.));
#3395 = CARTESIAN_POINT('',(122.95523432018,68.90610468727,0.));
#3396 = CARTESIAN_POINT('',(122.96734148595,68.940449586648,0.));
#3397 = CARTESIAN_POINT('',(122.97945458958,68.9748051472,0.));
#3398 = CARTESIAN_POINT('',(122.99157362705,69.009171367902,0.));
#3399 = CARTESIAN_POINT('',(123.00369859462,69.04354824764,0.));
#3400 = CARTESIAN_POINT('',(123.01582948829,69.077935785364,0.));
#3401 = CARTESIAN_POINT('',(123.02796630408,69.112333980048,0.));
#3402 = CARTESIAN_POINT('',(123.04010903806,69.146742830627,0.));
#3403 = CARTESIAN_POINT('',(123.05225768629,69.181162336045,0.));
#3404 = CARTESIAN_POINT('',(123.06441224467,69.21559249528,0.));
#3405 = CARTESIAN_POINT('',(123.07657270927,69.250033307268,0.));
#3406 = CARTESIAN_POINT('',(123.08873907602,69.28448477099,0.));
#3407 = CARTESIAN_POINT('',(123.10091134081,69.318946885409,0.));
#3408 = CARTESIAN_POINT('',(123.11308949971,69.353419649455,0.));
#3409 = CARTESIAN_POINT('',(123.12527354846,69.387903062149,0.));
#3410 = CARTESIAN_POINT('',(123.13746348306,69.42239712245,0.));
#3411 = CARTESIAN_POINT('',(123.14965929935,69.456901829333,0.));
#3412 = CARTESIAN_POINT('',(123.16186099312,69.491417181785,0.));
#3413 = CARTESIAN_POINT('',(123.17406856035,69.525943178726,0.));
#3414 = CARTESIAN_POINT('',(123.18628199676,69.560479819163,0.));
#3415 = CARTESIAN_POINT('',(123.19850129815,69.59502710212,0.));
#3416 = CARTESIAN_POINT('',(123.21072646031,69.629585026599,0.));
#3417 = CARTESIAN_POINT('',(123.22295747894,69.664153591584,0.));
#3418 = CARTESIAN_POINT('',(123.23519434996,69.698732796007,0.));
#3419 = CARTESIAN_POINT('',(123.24743706892,69.733322638921,0.));
#3420 = CARTESIAN_POINT('',(123.2596856316,69.767923119332,0.));
#3421 = CARTESIAN_POINT('',(123.27194003364,69.802534236227,0.));
#3422 = CARTESIAN_POINT('',(123.28420027083,69.837155988588,0.));
#3423 = CARTESIAN_POINT('',(123.29646633869,69.871788375469,0.));
#3424 = CARTESIAN_POINT('',(123.30873823286,69.906431395879,0.));
#3425 = CARTESIAN_POINT('',(123.32101594914,69.941085048794,0.));
#3426 = CARTESIAN_POINT('',(123.33329948281,69.975749333305,0.));
#3427 = CARTESIAN_POINT('',(123.34558882972,70.010424248351,0.));
#3428 = CARTESIAN_POINT('',(123.3578839854,70.045109792983,0.));
#3429 = CARTESIAN_POINT('',(123.37018494517,70.079805966315,0.));
#3430 = CARTESIAN_POINT('',(123.38249170479,70.114512767299,0.));
#3431 = CARTESIAN_POINT('',(123.39480425968,70.149230194955,0.));
#3432 = CARTESIAN_POINT('',(123.40712260533,70.183958248329,0.));
#3433 = CARTESIAN_POINT('',(123.41944673723,70.218696926464,0.));
#3434 = CARTESIAN_POINT('',(123.43177665081,70.253446228431,0.));
#3435 = CARTESIAN_POINT('',(123.44411234142,70.288206153297,0.));
#3436 = CARTESIAN_POINT('',(123.45645380463,70.32297670004,0.));
#3437 = CARTESIAN_POINT('',(123.46880103578,70.357757867748,0.));
#3438 = CARTESIAN_POINT('',(123.48115403011,70.39254965552,0.));
#3439 = CARTESIAN_POINT('',(123.4935127832,70.427352062345,0.));
#3440 = CARTESIAN_POINT('',(123.50587729024,70.462165087327,0.));
#3441 = CARTESIAN_POINT('',(123.51824754656,70.496988729553,0.));
#3442 = CARTESIAN_POINT('',(123.53062354748,70.53182298804,0.));
#3443 = CARTESIAN_POINT('',(123.54300528841,70.566667861834,0.));
#3444 = CARTESIAN_POINT('',(123.5553927644,70.601523350104,0.));
#3445 = CARTESIAN_POINT('',(123.56778597074,70.636389451906,0.));
#3446 = CARTESIAN_POINT('',(123.58018490289,70.671266166243,0.));
#3447 = CARTESIAN_POINT('',(123.59258955572,70.706153492294,0.));
#3448 = CARTESIAN_POINT('',(123.60499992465,70.741051429107,0.));
#3449 = CARTESIAN_POINT('',(123.6174160048,70.77595997576,0.));
#3450 = CARTESIAN_POINT('',(123.62983779129,70.810879131369,0.));
#3451 = CARTESIAN_POINT('',(123.64226527927,70.845808895044,0.));
#3452 = CARTESIAN_POINT('',(123.65469846387,70.880749265892,0.));
#3453 = CARTESIAN_POINT('',(123.66713734012,70.915700243003,0.));
#3454 = CARTESIAN_POINT('',(123.67958190327,70.950661825435,0.));
#3455 = CARTESIAN_POINT('',(123.69203214821,70.985634012349,0.));
#3456 = CARTESIAN_POINT('',(123.70448807003,71.020616802868,0.));
#3457 = CARTESIAN_POINT('',(123.71694966381,71.055610196096,0.));
#3458 = CARTESIAN_POINT('',(123.72941692445,71.090614191182,0.));
#3459 = CARTESIAN_POINT('',(123.74188984704,71.125628787219,0.));
#3460 = CARTESIAN_POINT('',(123.75436842648,71.160653983336,0.));
#3461 = CARTESIAN_POINT('',(123.76685265779,71.195689778662,0.));
#3462 = CARTESIAN_POINT('',(123.77934253579,71.230736172372,0.));
#3463 = CARTESIAN_POINT('',(123.79183805549,71.265793163557,0.));
#3464 = CARTESIAN_POINT('',(123.80433921178,71.300860751357,0.));
#3465 = CARTESIAN_POINT('',(123.81684599948,71.335938934972,0.));
#3466 = CARTESIAN_POINT('',(123.82935841342,71.371027713555,0.));
#3467 = CARTESIAN_POINT('',(123.84187644855,71.406127086195,0.));
#3468 = CARTESIAN_POINT('',(123.8544000996,71.441237052059,0.));
#3469 = CARTESIAN_POINT('',(123.86692936142,71.476357610311,0.));
#3470 = CARTESIAN_POINT('',(123.87946422878,71.511488760152,0.));
#3471 = CARTESIAN_POINT('',(123.89200469633,71.546630500765,0.));
#3472 = CARTESIAN_POINT('',(123.90455075903,71.581782831248,0.));
#3473 = CARTESIAN_POINT('',(123.91710241143,71.616945750814,0.));
#3474 = CARTESIAN_POINT('',(123.92965964827,71.652119258632,0.));
#3475 = CARTESIAN_POINT('',(123.94222246438,71.687303353864,0.));
#3476 = CARTESIAN_POINT('',(123.95479085415,71.722498035772,0.));
#3477 = CARTESIAN_POINT('',(123.96736481249,71.757703303457,0.));
#3478 = CARTESIAN_POINT('',(123.97994433393,71.792919156123,0.));
#3479 = CARTESIAN_POINT('',(123.99252941306,71.828145592989,0.));
#3480 = CARTESIAN_POINT('',(124.00512004453,71.863382613251,0.));
#3481 = CARTESIAN_POINT('',(124.01771622285,71.898630216126,0.));
#3482 = CARTESIAN_POINT('',(124.03031794263,71.933888400821,0.));
#3483 = CARTESIAN_POINT('',(124.04292519833,71.969157166556,0.));
#3484 = CARTESIAN_POINT('',(124.05553798458,72.004436512489,0.));
#3485 = CARTESIAN_POINT('',(124.06815629586,72.039726437842,0.));
#3486 = CARTESIAN_POINT('',(124.08078012656,72.075026941888,0.));
#3487 = CARTESIAN_POINT('',(124.09340947118,72.110338023839,0.));
#3488 = CARTESIAN_POINT('',(124.10604432426,72.145659682888,0.));
#3489 = CARTESIAN_POINT('',(124.11868468008,72.180991918315,0.));
#3490 = CARTESIAN_POINT('',(124.13133053311,72.216334729328,0.));
#3491 = CARTESIAN_POINT('',(124.14398187781,72.251688115139,0.));
#3492 = CARTESIAN_POINT('',(124.15663870842,72.287052075046,0.));
#3493 = CARTESIAN_POINT('',(124.16930101934,72.3224266083,0.));
#3494 = CARTESIAN_POINT('',(124.18196880489,72.357811714111,0.));
#3495 = CARTESIAN_POINT('',(124.1946420595,72.393207391712,0.));
#3496 = CARTESIAN_POINT('',(124.20732077724,72.428613640434,0.));
#3497 = CARTESIAN_POINT('',(124.22000495257,72.464030459494,0.));
#3498 = CARTESIAN_POINT('',(124.23269457969,72.499457848175,0.));
#3499 = CARTESIAN_POINT('',(124.24538965272,72.534895805773,0.));
#3500 = CARTESIAN_POINT('',(124.25809016608,72.570344331477,0.));
#3501 = CARTESIAN_POINT('',(124.2707961139,72.605803424608,0.));
#3502 = CARTESIAN_POINT('',(124.2835074902,72.641273084511,0.));
#3503 = CARTESIAN_POINT('',(124.29622428934,72.676753310402,0.));
#3504 = CARTESIAN_POINT('',(124.30894650542,72.71224410157,0.));
#3505 = CARTESIAN_POINT('',(124.32167413245,72.747745457352,0.));
#3506 = CARTESIAN_POINT('',(124.33440716466,72.783257377001,0.));
#3507 = CARTESIAN_POINT('',(124.34714559613,72.818779859823,0.));
#3508 = CARTESIAN_POINT('',(124.35988942078,72.854312905175,0.));
#3509 = CARTESIAN_POINT('',(124.37263863282,72.889856512312,0.));
#3510 = CARTESIAN_POINT('',(124.38539322624,72.925410680552,0.));
#3511 = CARTESIAN_POINT('',(124.39815319494,72.960975409238,0.));
#3512 = CARTESIAN_POINT('',(124.41091853307,72.996550697632,0.));
#3513 = CARTESIAN_POINT('',(124.42368923455,73.032136545097,0.));
#3514 = CARTESIAN_POINT('',(124.43646529319,73.067732951022,0.));
#3515 = CARTESIAN_POINT('',(124.44924670311,73.103339914674,0.));
#3516 = CARTESIAN_POINT('',(124.46203345817,73.138957435409,0.));
#3517 = CARTESIAN_POINT('',(124.47482555212,73.174585512591,0.));
#3518 = CARTESIAN_POINT('',(124.48762297912,73.210224145467,0.));
#3519 = CARTESIAN_POINT('',(124.50042573278,73.245873333453,0.));
#3520 = CARTESIAN_POINT('',(124.51323380703,73.281533075916,0.));
#3521 = CARTESIAN_POINT('',(124.52604719569,73.317203372202,0.));
#3522 = CARTESIAN_POINT('',(124.53886589255,73.352884221682,0.));
#3523 = CARTESIAN_POINT('',(124.55168989135,73.38857562372,0.));
#3524 = CARTESIAN_POINT('',(124.56451918592,73.42427757765,0.));
#3525 = CARTESIAN_POINT('',(124.57735377,73.459990082858,0.));
#3526 = CARTESIAN_POINT('',(124.59019363723,73.495713138761,0.));
#3527 = CARTESIAN_POINT('',(124.60303878138,73.531446744728,0.));
#3528 = CARTESIAN_POINT('',(124.61588919608,73.567190900125,0.));
#3529 = CARTESIAN_POINT('',(124.62874487513,73.602945604312,0.));
#3530 = CARTESIAN_POINT('',(124.64160581199,73.638710856747,0.));
#3531 = CARTESIAN_POINT('',(124.65447200039,73.674486656792,0.));
#3532 = CARTESIAN_POINT('',(124.66734343401,73.710273003832,0.));
#3533 = CARTESIAN_POINT('',(124.68022010623,73.746069897343,0.));
#3534 = CARTESIAN_POINT('',(124.69310201082,73.781877336692,0.));
#3535 = CARTESIAN_POINT('',(124.70598914119,73.817695321289,0.));
#3536 = CARTESIAN_POINT('',(124.71888149103,73.853523850533,0.));
#3537 = CARTESIAN_POINT('',(124.73177905366,73.889362923906,0.));
#3538 = CARTESIAN_POINT('',(124.74468182269,73.9252125408,0.));
#3539 = CARTESIAN_POINT('',(124.75758979162,73.961072700632,0.));
#3540 = CARTESIAN_POINT('',(124.77050295377,73.996943402882,0.));
#3541 = CARTESIAN_POINT('',(124.78342130272,74.03282464696,0.));
#3542 = CARTESIAN_POINT('',(124.79634483179,74.068716432317,0.));
#3543 = CARTESIAN_POINT('',(124.80927353446,74.104618758388,0.));
#3544 = CARTESIAN_POINT('',(124.82220740399,74.140531624657,0.));
#3545 = CARTESIAN_POINT('',(124.83514643387,74.176455030552,0.));
#3546 = CARTESIAN_POINT('',(124.84809061734,74.212388975554,0.));
#3547 = CARTESIAN_POINT('',(124.86103994775,74.248333459127,0.));
#3548 = CARTESIAN_POINT('',(124.87399441842,74.284288480737,0.));
#3549 = CARTESIAN_POINT('',(124.88695402262,74.32025403986,0.));
#3550 = CARTESIAN_POINT('',(124.89991875358,74.35623013599,0.));
#3551 = CARTESIAN_POINT('',(124.91288860461,74.392216768597,0.));
#3552 = CARTESIAN_POINT('',(124.92586356883,74.428213937184,0.));
#3553 = CARTESIAN_POINT('',(124.93884363955,74.464221641202,0.));
#3554 = CARTESIAN_POINT('',(124.95182880994,74.500239880155,0.));
#3555 = CARTESIAN_POINT('',(124.96481907307,74.536268653598,0.));
#3556 = CARTESIAN_POINT('',(124.97781442219,74.572307961005,0.));
#3557 = CARTESIAN_POINT('',(124.99081485038,74.608357801881,0.));
#3558 = CARTESIAN_POINT('',(125.00382035074,74.644418175739,0.));
#3559 = CARTESIAN_POINT('',(125.01683091644,74.680489082096,0.));
#3560 = CARTESIAN_POINT('',(125.02984654038,74.716570520525,0.));
#3561 = CARTESIAN_POINT('',(125.04286721576,74.75266249051,0.));
#3562 = CARTESIAN_POINT('',(125.05589293558,74.788764991568,0.));
#3563 = CARTESIAN_POINT('',(125.0689236928,74.824878023263,0.));
#3564 = CARTESIAN_POINT('',(125.08195948042,74.861001585118,0.));
#3565 = CARTESIAN_POINT('',(125.09500029153,74.897135676652,0.));
#3566 = CARTESIAN_POINT('',(125.10804611892,74.933280297487,0.));
#3567 = CARTESIAN_POINT('',(125.12109695554,74.969435447178,0.));
#3568 = CARTESIAN_POINT('',(125.13415279446,75.005601125222,0.));
#3569 = CARTESIAN_POINT('',(125.14721362838,75.041777331232,0.));
#3570 = CARTESIAN_POINT('',(125.16027945028,75.077964064759,0.));
#3571 = CARTESIAN_POINT('',(125.17335025301,75.114161325358,0.));
#3572 = CARTESIAN_POINT('',(125.18642602942,75.150369112609,0.));
#3573 = CARTESIAN_POINT('',(125.19950677223,75.186587426117,0.));
#3574 = CARTESIAN_POINT('',(125.2125924744,75.222816265453,0.));
#3575 = CARTESIAN_POINT('',(125.22568312852,75.259055630264,0.));
#3576 = CARTESIAN_POINT('',(125.23877872745,75.295305520096,0.));
#3577 = CARTESIAN_POINT('',(125.25187926398,75.331565934515,0.));
#3578 = CARTESIAN_POINT('',(125.26498473074,75.367836873169,0.));
#3579 = CARTESIAN_POINT('',(125.27809512044,75.404118335685,0.));
#3580 = CARTESIAN_POINT('',(125.29121042578,75.440410321653,0.));
#3581 = CARTESIAN_POINT('',(125.30433063944,75.476712830674,0.));
#3582 = CARTESIAN_POINT('',(125.31745575405,75.513025862394,0.));
#3583 = CARTESIAN_POINT('',(125.3305857622,75.549349416479,0.));
#3584 = CARTESIAN_POINT('',(125.34372065647,75.585683492547,0.));
#3585 = CARTESIAN_POINT('',(125.35686042956,75.622028090177,0.));
#3586 = CARTESIAN_POINT('',(125.37000507392,75.658383209031,0.));
#3587 = CARTESIAN_POINT('',(125.38315458219,75.694748848774,0.));
#3588 = CARTESIAN_POINT('',(125.39630894675,75.731125009107,0.));
#3589 = CARTESIAN_POINT('',(125.40946816022,75.767511689642,0.));
#3590 = CARTESIAN_POINT('',(125.42263221508,75.803908890004,0.));
#3591 = CARTESIAN_POINT('',(125.43580110379,75.84031660989,0.));
#3592 = CARTESIAN_POINT('',(125.44897481873,75.876734849012,0.));
#3593 = CARTESIAN_POINT('',(125.46215335237,75.913163607021,0.));
#3594 = CARTESIAN_POINT('',(125.47533669715,75.949602883573,0.));
#3595 = CARTESIAN_POINT('',(125.48852484542,75.986052678366,0.));
#3596 = CARTESIAN_POINT('',(125.50171778952,76.022512991086,0.));
#3597 = CARTESIAN_POINT('',(125.51491552192,76.058983821406,0.));
#3598 = CARTESIAN_POINT('',(125.5281180348,76.09546516908,0.));
#3599 = CARTESIAN_POINT('',(125.54132532049,76.131957033807,0.));
#3600 = CARTESIAN_POINT('',(125.55453737142,76.168459415255,0.));
#3601 = CARTESIAN_POINT('',(125.56775417967,76.204972313193,0.));
#3602 = CARTESIAN_POINT('',(125.58097573761,76.241495727317,0.));
#3603 = CARTESIAN_POINT('',(125.59420203742,76.278029657341,0.));
#3604 = CARTESIAN_POINT('',(125.60743307134,76.31457410298,0.));
#3605 = CARTESIAN_POINT('',(125.62066883157,76.351129063964,0.));
#3606 = CARTESIAN_POINT('',(125.63390931025,76.387694540061,0.));
#3607 = CARTESIAN_POINT('',(125.64715449951,76.42427053102,0.));
#3608 = CARTESIAN_POINT('',(125.66040439158,76.460857036578,0.));
#3609 = CARTESIAN_POINT('',(125.67365897842,76.497454056533,0.));
#3610 = CARTESIAN_POINT('',(125.68691825219,76.534061590578,0.));
#3611 = CARTESIAN_POINT('',(125.70018220515,76.570679638422,0.));
#3612 = CARTESIAN_POINT('',(125.71345082904,76.60730819997,0.));
#3613 = CARTESIAN_POINT('',(125.72672411602,76.643947274971,0.));
#3614 = CARTESIAN_POINT('',(125.74000205819,76.680596863136,0.));
#3615 = CARTESIAN_POINT('',(125.75328464744,76.717256964262,0.));
#3616 = CARTESIAN_POINT('',(125.76657187582,76.753927578153,0.));
#3617 = CARTESIAN_POINT('',(125.77986373519,76.790608704635,0.));
#3618 = CARTESIAN_POINT('',(125.79316021754,76.82730034347,0.));
#3619 = CARTESIAN_POINT('',(125.80646131483,76.864002494438,0.));
#3620 = CARTESIAN_POINT('',(125.81976701889,76.9007151574,0.));
#3621 = CARTESIAN_POINT('',(125.83307732154,76.937438332175,0.));
#3622 = CARTESIAN_POINT('',(125.84639221479,76.974172018513,0.));
#3623 = CARTESIAN_POINT('',(125.85971169042,77.010916216277,0.));
#3624 = CARTESIAN_POINT('',(125.87303574007,77.04767092535,0.));
#3625 = CARTESIAN_POINT('',(125.88636435584,77.084436145461,0.));
#3626 = CARTESIAN_POINT('',(125.89969752932,77.121211876496,0.));
#3627 = CARTESIAN_POINT('',(125.91303525223,77.157998118341,0.));
#3628 = CARTESIAN_POINT('',(125.92637751644,77.194794870801,0.));
#3629 = CARTESIAN_POINT('',(125.93972431355,77.231602133722,0.));
#3630 = CARTESIAN_POINT('',(125.95307563539,77.268419906945,0.));
#3631 = CARTESIAN_POINT('',(125.96643147351,77.305248190384,0.));
#3632 = CARTESIAN_POINT('',(125.97979181959,77.342086983907,0.));
#3633 = CARTESIAN_POINT('',(125.99315666534,77.378936287362,0.));
#3634 = CARTESIAN_POINT('',(126.0065260023,77.41579610066,0.));
#3635 = CARTESIAN_POINT('',(126.01989982207,77.452666423683,0.));
#3636 = CARTESIAN_POINT('',(126.03327811631,77.489547256272,0.));
#3637 = CARTESIAN_POINT('',(126.0466608765,77.526438598348,0.));
#3638 = CARTESIAN_POINT('',(126.0600480942,77.563340449813,0.));
#3639 = CARTESIAN_POINT('',(126.07343976095,77.600252810564,0.));
#3640 = CARTESIAN_POINT('',(126.08683586823,77.637175680531,0.));
#3641 = CARTESIAN_POINT('',(126.10023640748,77.674109059632,0.));
#3642 = CARTESIAN_POINT('',(126.11364137024,77.711052947756,0.));
#3643 = CARTESIAN_POINT('',(126.12705074789,77.748007344845,0.));
#3644 = CARTESIAN_POINT('',(126.14046453189,77.784972250855,0.));
#3645 = CARTESIAN_POINT('',(126.15388271352,77.821947665739,0.));
#3646 = CARTESIAN_POINT('',(126.16730528434,77.858933589366,0.));
#3647 = CARTESIAN_POINT('',(126.18073223563,77.895930021698,0.));
#3648 = CARTESIAN_POINT('',(126.19416355866,77.932936962726,0.));
#3649 = CARTESIAN_POINT('',(126.20759924489,77.969954412394,0.));
#3650 = CARTESIAN_POINT('',(126.2210392854,78.006982370694,0.));
#3651 = CARTESIAN_POINT('',(126.23448367177,78.044020837513,0.));
#3652 = CARTESIAN_POINT('',(126.24793239502,78.081069812885,0.));
#3653 = CARTESIAN_POINT('',(126.26138544645,78.118129296801,0.));
#3654 = CARTESIAN_POINT('',(126.27484281732,78.155199289211,0.));
#3655 = CARTESIAN_POINT('',(126.28830449881,78.192279790095,0.));
#3656 = CARTESIAN_POINT('',(126.30177048211,78.229370799464,0.));
#3657 = CARTESIAN_POINT('',(126.31524075833,78.26647231735,0.));
#3658 = CARTESIAN_POINT('',(126.32871531864,78.303584343731,0.));
#3659 = CARTESIAN_POINT('',(126.34219415422,78.340706878587,0.));
#3660 = CARTESIAN_POINT('',(126.35567725604,78.37783992197,0.));
#3661 = CARTESIAN_POINT('',(126.36916461533,78.414983473887,0.));
#3662 = CARTESIAN_POINT('',(126.38265622298,78.452137534398,0.));
#3663 = CARTESIAN_POINT('',(126.39615207018,78.489302103488,0.));
#3664 = CARTESIAN_POINT('',(126.40965214792,78.526477181206,0.));
#3665 = CARTESIAN_POINT('',(126.42315644707,78.563662767641,0.));
#3666 = CARTESIAN_POINT('',(126.43666495878,78.60085886279,0.));
#3667 = CARTESIAN_POINT('',(126.45017767393,78.638065466721,0.));
#3668 = CARTESIAN_POINT('',(126.46369458342,78.6752825795,0.));
#3669 = CARTESIAN_POINT('',(126.47721567827,78.712510201165,0.));
#3670 = CARTESIAN_POINT('',(126.4907409493,78.749748331814,0.));
#3671 = CARTESIAN_POINT('',(126.50427038738,78.786996971516,0.));
#3672 = CARTESIAN_POINT('',(126.51780398347,78.824256120326,0.));
#3673 = CARTESIAN_POINT('',(126.53134172827,78.861525778371,0.));
#3674 = CARTESIAN_POINT('',(126.54488361271,78.898805945728,0.));
#3675 = CARTESIAN_POINT('',(126.55842962751,78.936096622504,0.));
#3676 = CARTESIAN_POINT('',(126.5719797635,78.973397808795,0.));
#3677 = CARTESIAN_POINT('',(126.5855340114,79.010709504702,0.));
#3678 = CARTESIAN_POINT('',(126.59909236198,79.048031710321,0.));
#3679 = CARTESIAN_POINT('',(126.61265480597,79.085364425778,0.));
#3680 = CARTESIAN_POINT('',(126.62622133402,79.122707651226,0.));
#3681 = CARTESIAN_POINT('',(126.63979193682,79.1600613868,0.));
#3682 = CARTESIAN_POINT('',(126.65336660502,79.197425632613,0.));
#3683 = CARTESIAN_POINT('',(126.66694532932,79.234800388772,0.));
#3684 = CARTESIAN_POINT('',(126.68052810029,79.272185655449,0.));
#3685 = CARTESIAN_POINT('',(126.6941149085,79.309581432839,0.));
#3686 = CARTESIAN_POINT('',(126.70770574452,79.346987721086,0.));
#3687 = CARTESIAN_POINT('',(126.721300599,79.384404520313,0.));
#3688 = CARTESIAN_POINT('',(126.73489946239,79.421831830721,0.));
#3689 = CARTESIAN_POINT('',(126.74850232519,79.459269652475,0.));
#3690 = CARTESIAN_POINT('',(126.76210917804,79.496717985722,0.));
#3691 = CARTESIAN_POINT('',(126.7757200112,79.534176830717,0.));
#3692 = CARTESIAN_POINT('',(126.78933481527,79.571646187613,0.));
#3693 = CARTESIAN_POINT('',(126.80295358068,79.609126056574,0.));
#3694 = CARTESIAN_POINT('',(126.81657629782,79.646616437843,0.));
#3695 = CARTESIAN_POINT('',(126.83020295699,79.684117331662,0.));
#3696 = CARTESIAN_POINT('',(126.84383354875,79.721628738173,0.));
#3697 = CARTESIAN_POINT('',(126.85746806333,79.759150657626,0.));
#3698 = CARTESIAN_POINT('',(126.87110649105,79.796683090259,0.));
#3699 = CARTESIAN_POINT('',(126.88474882232,79.834226036269,0.));
#3700 = CARTESIAN_POINT('',(126.89839504736,79.871779495926,0.));
#3701 = CARTESIAN_POINT('',(126.91204515641,79.909343469492,0.));
#3702 = CARTESIAN_POINT('',(126.92569913981,79.946917957169,0.));
#3703 = CARTESIAN_POINT('',(126.93935698774,79.984502959203,0.));
#3704 = CARTESIAN_POINT('',(126.95301869045,80.022098475863,0.));
#3705 = CARTESIAN_POINT('',(126.96668423807,80.059704507435,0.));
#3706 = CARTESIAN_POINT('',(126.98035362081,80.097321054166,0.));
#3707 = CARTESIAN_POINT('',(126.99402682887,80.134948116337,0.));
#3708 = CARTESIAN_POINT('',(127.00770385224,80.172585694279,0.));
#3709 = CARTESIAN_POINT('',(127.02138468115,80.210233788244,0.));
#3710 = CARTESIAN_POINT('',(127.03506930568,80.247892398512,0.));
#3711 = CARTESIAN_POINT('',(127.04875771581,80.285561525391,0.));
#3712 = CARTESIAN_POINT('',(127.06244990173,80.323241169139,0.));
#3713 = CARTESIAN_POINT('',(127.0761458534,80.360931330114,0.));
#3714 = CARTESIAN_POINT('',(127.0898455607,80.39863200867,0.));
#3715 = CARTESIAN_POINT('',(127.10354901386,80.436343205045,0.));
#3716 = CARTESIAN_POINT('',(127.11725620271,80.474064919612,0.));
#3717 = CARTESIAN_POINT('',(127.13096711712,80.511797152737,0.));
#3718 = CARTESIAN_POINT('',(127.14468174722,80.549539904695,0.));
#3719 = CARTESIAN_POINT('',(127.15840008274,80.587293175878,0.));
#3720 = CARTESIAN_POINT('',(127.17212211361,80.625056966636,0.));
#3721 = CARTESIAN_POINT('',(127.18584782975,80.662831277276,0.));
#3722 = CARTESIAN_POINT('',(127.199577221,80.700616108185,0.));
#3723 = CARTESIAN_POINT('',(127.21331027708,80.738411459774,0.));
#3724 = CARTESIAN_POINT('',(127.22704698789,80.776217332367,0.));
#3725 = CARTESIAN_POINT('',(127.24078734323,80.814033726318,0.));
#3726 = CARTESIAN_POINT('',(127.2545313328,80.851860642059,0.));
#3727 = CARTESIAN_POINT('',(127.26827894635,80.889698080008,0.));
#3728 = CARTESIAN_POINT('',(127.28203017361,80.92754604054,0.));
#3729 = CARTESIAN_POINT('',(127.29578500431,80.965404524025,0.));
#3730 = CARTESIAN_POINT('',(127.30954342813,81.003273530885,0.));
#3731 = CARTESIAN_POINT('',(127.32330543469,81.041153061572,0.));
#3732 = CARTESIAN_POINT('',(127.33707101359,81.079043116503,0.));
#3733 = CARTESIAN_POINT('',(127.35084015459,81.116943696041,0.));
#3734 = CARTESIAN_POINT('',(127.36461284721,81.154854800656,0.));
#3735 = CARTESIAN_POINT('',(127.37838908093,81.19277643081,0.));
#3736 = CARTESIAN_POINT('',(127.39216884553,81.230708586884,0.));
#3737 = CARTESIAN_POINT('',(127.40595213035,81.268651269383,0.));
#3738 = CARTESIAN_POINT('',(127.41973892499,81.30660447877,0.));
#3739 = CARTESIAN_POINT('',(127.43352921892,81.344568215501,0.));
#3740 = CARTESIAN_POINT('',(127.44732300165,81.38254248002,0.));
#3741 = CARTESIAN_POINT('',(127.46112026262,81.4205272728,0.));
#3742 = CARTESIAN_POINT('',(127.47492099124,81.458522594342,0.));
#3743 = CARTESIAN_POINT('',(127.48872517694,81.496528445114,0.));
#3744 = CARTESIAN_POINT('',(127.50253280918,81.534544825602,0.));
#3745 = CARTESIAN_POINT('',(127.51634387719,81.572571736353,0.));
#3746 = CARTESIAN_POINT('',(127.5301583704,81.61060917783,0.));
#3747 = CARTESIAN_POINT('',(127.54397627823,81.648657150499,0.));
#3748 = CARTESIAN_POINT('',(127.55779758986,81.686715654941,0.));
#3749 = CARTESIAN_POINT('',(127.57162229458,81.724784691707,0.));
#3750 = CARTESIAN_POINT('',(127.58545038174,81.762864261269,0.));
#3751 = CARTESIAN_POINT('',(127.59928184059,81.800954364147,0.));
#3752 = CARTESIAN_POINT('',(127.61311666025,81.83905500091,0.));
#3753 = CARTESIAN_POINT('',(127.62695483006,81.877166172066,0.));
#3754 = CARTESIAN_POINT('',(127.64079633918,81.915287878212,0.));
#3755 = CARTESIAN_POINT('',(127.65464117657,81.953420119942,0.));
#3756 = CARTESIAN_POINT('',(127.66848933175,81.991562897705,0.));
#3757 = CARTESIAN_POINT('',(127.68234079357,82.029716212139,0.));
#3758 = CARTESIAN_POINT('',(127.69619555116,82.067880063844,0.));
#3759 = CARTESIAN_POINT('',(127.71005359374,82.106054453342,0.));
#3760 = CARTESIAN_POINT('',(127.72391491024,82.144239381259,0.));
#3761 = CARTESIAN_POINT('',(127.73777948973,82.182434848196,0.));
#3762 = CARTESIAN_POINT('',(127.75164732129,82.220640854722,0.));
#3763 = CARTESIAN_POINT('',(127.76551839389,82.258857401458,0.));
#3764 = CARTESIAN_POINT('',(127.77939269643,82.297084489037,0.));
#3765 = CARTESIAN_POINT('',(127.79327021803,82.335322118033,0.));
#3766 = CARTESIAN_POINT('',(127.80715094748,82.373570289093,0.));
#3767 = CARTESIAN_POINT('',(127.82103487381,82.411829002836,0.));
#3768 = CARTESIAN_POINT('',(127.83492198582,82.450098259924,0.));
#3769 = CARTESIAN_POINT('',(127.84881227244,82.488378060983,0.));
#3770 = CARTESIAN_POINT('',(127.86270572258,82.52666840665,0.));
#3771 = CARTESIAN_POINT('',(127.8766023249,82.564969297615,0.));
#3772 = CARTESIAN_POINT('',(127.89050206843,82.603280734484,0.));
#3773 = CARTESIAN_POINT('',(127.90440494183,82.641602717946,0.));
#3774 = CARTESIAN_POINT('',(127.9183109339,82.679935248696,0.));
#3775 = CARTESIAN_POINT('',(127.93222003341,82.718278327413,0.));
#3776 = CARTESIAN_POINT('',(127.94613222904,82.756631954783,0.));
#3777 = CARTESIAN_POINT('',(127.96004750959,82.794996131468,0.));
#3778 = CARTESIAN_POINT('',(127.97396586366,82.83337085818,0.));
#3779 = CARTESIAN_POINT('',(127.98788727998,82.871756135612,0.));
#3780 = CARTESIAN_POINT('',(128.00181174718,82.910151964475,0.));
#3781 = CARTESIAN_POINT('',(128.01573925388,82.948558345516,0.));
#3782 = CARTESIAN_POINT('',(128.02966978864,82.986975279451,0.));
#3783 = CARTESIAN_POINT('',(128.04360334017,83.025402766955,0.));
#3784 = CARTESIAN_POINT('',(128.05753989692,83.063840808796,0.));
#3785 = CARTESIAN_POINT('',(128.07147944749,83.102289405723,0.));
#3786 = CARTESIAN_POINT('',(128.08542198037,83.140748558489,0.));
#3787 = CARTESIAN_POINT('',(128.09936748409,83.179218267843,0.));
#3788 = CARTESIAN_POINT('',(128.1133159471,83.217698534544,0.));
#3789 = CARTESIAN_POINT('',(128.12726735789,83.256189359328,0.));
#3790 = CARTESIAN_POINT('',(128.14122170493,83.29469074297,0.));
#3791 = CARTESIAN_POINT('',(128.15517897654,83.333202686297,0.));
#3792 = CARTESIAN_POINT('',(128.1691391612,83.37172519007,0.));
#3793 = CARTESIAN_POINT('',(128.18310224724,83.410258255056,0.));
#3794 = CARTESIAN_POINT('',(128.1970682231,83.448801882034,0.));
#3795 = CARTESIAN_POINT('',(128.21103707702,83.487356071856,0.));
#3796 = CARTESIAN_POINT('',(128.2250087973,83.525920825346,0.));
#3797 = CARTESIAN_POINT('',(128.23898337234,83.564496143262,0.));
#3798 = CARTESIAN_POINT('',(128.25296079036,83.603082026439,0.));
#3799 = CARTESIAN_POINT('',(128.26694103956,83.641678475731,0.));
#3800 = CARTESIAN_POINT('',(128.28092410824,83.680285491945,0.));
#3801 = CARTESIAN_POINT('',(128.2949099846,83.718903075926,0.));
#3802 = CARTESIAN_POINT('',(128.30889865677,83.757531228552,0.));
#3803 = CARTESIAN_POINT('',(128.32289011297,83.796169950639,0.));
#3804 = CARTESIAN_POINT('',(128.33688434137,83.834819243027,0.));
#3805 = CARTESIAN_POINT('',(128.35088133006,83.873479106615,0.));
#3806 = CARTESIAN_POINT('',(128.3648810671,83.912149542309,0.));
#3807 = CARTESIAN_POINT('',(128.37888354063,83.95083055095,0.));
#3808 = CARTESIAN_POINT('',(128.39288873874,83.989522133395,0.));
#3809 = CARTESIAN_POINT('',(128.4068966494,84.028224290553,0.));
#3810 = CARTESIAN_POINT('',(128.4209072607,84.06693702332,0.));
#3811 = CARTESIAN_POINT('',(128.43492056057,84.105660332621,0.));
#3812 = CARTESIAN_POINT('',(128.44893653702,84.144394219368,0.));
#3813 = CARTESIAN_POINT('',(128.46295517802,84.183138684458,0.));
#3814 = CARTESIAN_POINT('',(128.47697647146,84.22189372879,0.));
#3815 = CARTESIAN_POINT('',(128.4910004054,84.260659353275,0.));
#3816 = CARTESIAN_POINT('',(128.50502696751,84.299435558924,0.));
#3817 = CARTESIAN_POINT('',(128.51905614582,84.33822234666,0.));
#3818 = CARTESIAN_POINT('',(128.53308792814,84.377019717415,0.));
#3819 = CARTESIAN_POINT('',(128.54712230227,84.415827672128,0.));
#3820 = CARTESIAN_POINT('',(128.56115925613,84.454646211734,0.));
#3821 = CARTESIAN_POINT('',(128.57519877737,84.49347533726,0.));
#3822 = CARTESIAN_POINT('',(128.58924085381,84.532315049684,0.));
#3823 = CARTESIAN_POINT('',(128.60328547321,84.571165349941,0.));
#3824 = CARTESIAN_POINT('',(128.61733262331,84.610026239004,0.));
#3825 = CARTESIAN_POINT('',(128.6313822918,84.648897717887,0.));
#3826 = CARTESIAN_POINT('',(128.64543446633,84.687779787607,0.));
#3827 = CARTESIAN_POINT('',(128.65948913461,84.726672449167,0.));
#3828 = CARTESIAN_POINT('',(128.67354628422,84.765575703575,0.));
#3829 = CARTESIAN_POINT('',(128.68760590285,84.804489551808,0.));
#3830 = CARTESIAN_POINT('',(128.7016679781,84.843413994886,0.));
#3831 = CARTESIAN_POINT('',(128.71573249749,84.882349033899,0.));
#3832 = CARTESIAN_POINT('',(128.72979944858,84.921294669892,0.));
#3833 = CARTESIAN_POINT('',(128.74386881893,84.960250903863,0.));
#3834 = CARTESIAN_POINT('',(128.75794059608,84.999217736827,0.));
#3835 = CARTESIAN_POINT('',(128.77201476751,85.038195169876,0.));
#3836 = CARTESIAN_POINT('',(128.78609132064,85.07718320412,0.));
#3837 = CARTESIAN_POINT('',(128.80017024292,85.116181840605,0.));
#3838 = CARTESIAN_POINT('',(128.8142515219,85.155191080344,0.));
#3839 = CARTESIAN_POINT('',(128.82833514487,85.194210924455,0.));
#3840 = CARTESIAN_POINT('',(128.84242109923,85.233241374035,0.));
#3841 = CARTESIAN_POINT('',(128.85650937242,85.272282430174,0.));
#3842 = CARTESIAN_POINT('',(128.87059995167,85.311334094007,0.));
#3843 = CARTESIAN_POINT('',(128.88469282436,85.350396366602,0.));
#3844 = CARTESIAN_POINT('',(128.89878797787,85.389469249024,0.));
#3845 = CARTESIAN_POINT('',(128.91288539938,85.428552742448,0.));
#3846 = CARTESIAN_POINT('',(128.92698507612,85.467646848032,0.));
#3847 = CARTESIAN_POINT('',(128.94108699547,85.506751566884,0.));
#3848 = CARTESIAN_POINT('',(128.95519114446,85.545866900163,0.));
#3849 = CARTESIAN_POINT('',(128.96929751045,85.584992848952,0.));
#3850 = CARTESIAN_POINT('',(128.98340608055,85.624129414386,0.));
#3851 = CARTESIAN_POINT('',(128.99751684196,85.663276597664,0.));
#3852 = CARTESIAN_POINT('',(129.01162978169,85.702434400026,0.));
#3853 = CARTESIAN_POINT('',(129.02574488691,85.741602822602,0.));
#3854 = CARTESIAN_POINT('',(129.03986214479,85.780781866489,0.));
#3855 = CARTESIAN_POINT('',(129.05398154236,85.819971532906,0.));
#3856 = CARTESIAN_POINT('',(129.06810306657,85.859171823129,0.));
#3857 = CARTESIAN_POINT('',(129.0822267045,85.898382738314,0.));
#3858 = CARTESIAN_POINT('',(129.09635244324,85.937604279597,0.));
#3859 = CARTESIAN_POINT('',(129.11048026967,85.97683644822,0.));
#3860 = CARTESIAN_POINT('',(129.12461017079,86.016079245432,0.));
#3861 = CARTESIAN_POINT('',(129.13874213351,86.055332672467,0.));
#3862 = CARTESIAN_POINT('',(129.15287614478,86.094596730534,0.));
#3863 = CARTESIAN_POINT('',(129.16701219149,86.13387142085,0.));
#3864 = CARTESIAN_POINT('',(129.18115026053,86.173156744659,0.));
#3865 = CARTESIAN_POINT('',(129.19529033871,86.212452703227,0.));
#3866 = CARTESIAN_POINT('',(129.20943241291,86.251759297794,0.));
#3867 = CARTESIAN_POINT('',(129.22357646996,86.291076529645,0.));
#3868 = CARTESIAN_POINT('',(129.23772249651,86.330404400082,0.));
#3869 = CARTESIAN_POINT('',(129.25187047951,86.369742910302,0.));
#3870 = CARTESIAN_POINT('',(129.26602040563,86.409092061592,0.));
#3871 = CARTESIAN_POINT('',(129.28017226158,86.448451855283,0.));
#3872 = CARTESIAN_POINT('',(129.29432603409,86.487822292688,0.));
#3873 = CARTESIAN_POINT('',(129.30848170977,86.527203375103,0.));
#3874 = CARTESIAN_POINT('',(129.32263927541,86.566595103783,0.));
#3875 = CARTESIAN_POINT('',(129.33679871756,86.605997480047,0.));
#3876 = CARTESIAN_POINT('',(129.35096002291,86.64541050524,0.));
#3877 = CARTESIAN_POINT('',(129.36512317794,86.684834180738,0.));
#3878 = CARTESIAN_POINT('',(129.37928816929,86.724268507828,0.));
#3879 = CARTESIAN_POINT('',(129.39345498361,86.76371348782,0.));
#3880 = CARTESIAN_POINT('',(129.40762360723,86.803169122105,0.));
#3881 = CARTESIAN_POINT('',(129.42179402688,86.842635412015,0.));
#3882 = CARTESIAN_POINT('',(129.43596622886,86.882112358947,0.));
#3883 = CARTESIAN_POINT('',(129.45014019977,86.921599964255,0.));
#3884 = CARTESIAN_POINT('',(129.46431592596,86.961098229299,0.));
#3885 = CARTESIAN_POINT('',(129.47849339398,87.000607155437,0.));
#3886 = CARTESIAN_POINT('',(129.49267259006,87.040126744077,0.));
#3887 = CARTESIAN_POINT('',(129.5068535008,87.079656996591,0.));
#3888 = CARTESIAN_POINT('',(129.52103611235,87.119197914446,0.));
#3889 = CARTESIAN_POINT('',(129.53522041113,87.158749499023,0.));
#3890 = CARTESIAN_POINT('',(129.54940638354,87.198311751694,0.));
#3891 = CARTESIAN_POINT('',(129.56359401574,87.237884673918,0.));
#3892 = CARTESIAN_POINT('',(129.5777832941,87.277468267113,0.));
#3893 = CARTESIAN_POINT('',(129.59197420482,87.317062532711,0.));
#3894 = CARTESIAN_POINT('',(129.60616673416,87.356667472141,0.));
#3895 = CARTESIAN_POINT('',(129.62036086832,87.396283086839,0.));
#3896 = CARTESIAN_POINT('',(129.63455659351,87.435909378262,0.));
#3897 = CARTESIAN_POINT('',(129.64875389588,87.475546347904,0.));
#3898 = CARTESIAN_POINT('',(129.66295276151,87.515193997236,0.));
#3899 = CARTESIAN_POINT('',(129.67715317665,87.554852327689,0.));
#3900 = CARTESIAN_POINT('',(129.6913551273,87.594521340755,0.));
#3901 = CARTESIAN_POINT('',(129.70555859957,87.634201037901,0.));
#3902 = CARTESIAN_POINT('',(129.7197635796,87.673891420626,0.));
#3903 = CARTESIAN_POINT('',(129.73397005326,87.713592490506,0.));
#3904 = CARTESIAN_POINT('',(129.74817800665,87.753304249003,0.));
#3905 = CARTESIAN_POINT('',(129.76238742585,87.793026697569,0.));
#3906 = CARTESIAN_POINT('',(129.77659829668,87.832759837749,0.));
#3907 = CARTESIAN_POINT('',(129.79081060524,87.872503671083,0.));
#3908 = CARTESIAN_POINT('',(129.80502433731,87.912258199153,0.));
#3909 = CARTESIAN_POINT('',(129.81923947885,87.952023423458,0.));
#3910 = CARTESIAN_POINT('',(129.83345601586,87.991799345497,0.));
#3911 = CARTESIAN_POINT('',(129.84767393401,88.031585966871,0.));
#3912 = CARTESIAN_POINT('',(129.86189321929,88.071383289105,0.));
#3913 = CARTESIAN_POINT('',(129.87611385751,88.111191313791,0.));
#3914 = CARTESIAN_POINT('',(129.89033583429,88.151010042562,0.));
#3915 = CARTESIAN_POINT('',(129.90455913565,88.190839476916,0.));
#3916 = CARTESIAN_POINT('',(129.91878374719,88.230679618424,0.));
#3917 = CARTESIAN_POINT('',(129.93300965477,88.270530468694,0.));
#3918 = CARTESIAN_POINT('',(129.94723684392,88.310392029383,0.));
#3919 = CARTESIAN_POINT('',(129.96146530046,88.350264302051,0.));
#3920 = CARTESIAN_POINT('',(129.97569501008,88.390147288288,0.));
#3921 = CARTESIAN_POINT('',(129.98992595834,88.430040989758,0.));
#3922 = CARTESIAN_POINT('',(130.00415813084,88.469945408082,0.));
#3923 = CARTESIAN_POINT('',(130.01839151337,88.509860544833,0.));
#3924 = CARTESIAN_POINT('',(130.03262609131,88.549786401718,0.));
#3925 = CARTESIAN_POINT('',(130.04686185025,88.58972298038,0.));
#3926 = CARTESIAN_POINT('',(130.06109877587,88.629670282419,0.));
#3927 = CARTESIAN_POINT('',(130.07533685349,88.66962830953,0.));
#3928 = CARTESIAN_POINT('',(130.08957606877,88.70959706336,0.));
#3929 = CARTESIAN_POINT('',(130.10381640706,88.749576545587,0.));
#3930 = CARTESIAN_POINT('',(130.11805785392,88.789566757881,0.));
#3931 = CARTESIAN_POINT('',(130.13230039468,88.829567701968,0.));
#3932 = CARTESIAN_POINT('',(130.14654401474,88.869579379532,0.));
#3933 = CARTESIAN_POINT('',(130.16078869963,88.909601792238,0.));
#3934 = CARTESIAN_POINT('',(130.1750344345,88.949634941817,0.));
#3935 = CARTESIAN_POINT('',(130.18928120489,88.989678829937,0.));
#3936 = CARTESIAN_POINT('',(130.20352899601,89.029733458334,0.));
#3937 = CARTESIAN_POINT('',(130.21777779319,89.069798828769,0.));
#3938 = CARTESIAN_POINT('',(130.23202758163,89.109874942976,0.));
#3939 = CARTESIAN_POINT('',(130.24627834672,89.149961802644,0.));
#3940 = CARTESIAN_POINT('',(130.26053007359,89.190059409542,0.));
#3941 = CARTESIAN_POINT('',(130.27478274746,89.230167765432,0.));
#3942 = CARTESIAN_POINT('',(130.28903635358,89.270286872061,0.));
#3943 = CARTESIAN_POINT('',(130.30329087701,89.3104167312,0.));
#3944 = CARTESIAN_POINT('',(130.31754630305,89.350557344611,0.));
#3945 = CARTESIAN_POINT('',(130.3318026166,89.390708714111,0.));
#3946 = CARTESIAN_POINT('',(130.34605980298,89.430870841427,0.));
#3947 = CARTESIAN_POINT('',(130.36031784715,89.47104372836,0.));
#3948 = CARTESIAN_POINT('',(130.37457673419,89.511227376735,0.));
#3949 = CARTESIAN_POINT('',(130.38883644914,89.551421788366,0.));
#3950 = CARTESIAN_POINT('',(130.40309697697,89.591626965062,0.));
#3951 = CARTESIAN_POINT('',(130.41735830276,89.631842908614,0.));
#3952 = CARTESIAN_POINT('',(130.43162041138,89.672069620857,0.));
#3953 = CARTESIAN_POINT('',(130.44588328785,89.712307103603,0.));
#3954 = CARTESIAN_POINT('',(130.46014691708,89.75255535871,0.));
#3955 = CARTESIAN_POINT('',(130.47441128391,89.792814388066,0.));
#3956 = CARTESIAN_POINT('',(130.48867637329,89.833084193506,0.));
#3957 = CARTESIAN_POINT('',(130.50294217002,89.873364776858,0.));
#3958 = CARTESIAN_POINT('',(130.51720865905,89.913656139947,0.));
#3959 = CARTESIAN_POINT('',(130.53147582507,89.953958284695,0.));
#3960 = CARTESIAN_POINT('',(130.54574365294,89.994271213021,0.));
#3961 = CARTESIAN_POINT('',(130.56001212732,90.034594926805,0.));
#3962 = CARTESIAN_POINT('',(130.57428123315,90.074929427855,0.));
#3963 = CARTESIAN_POINT('',(130.58855095502,90.115274718094,0.));
#3964 = CARTESIAN_POINT('',(130.60282127766,90.155630799472,0.));
#3965 = CARTESIAN_POINT('',(130.61709218576,90.195997673912,0.));
#3966 = CARTESIAN_POINT('',(130.63136366395,90.23637534333,0.));
#3967 = CARTESIAN_POINT('',(130.64563569691,90.276763809609,0.));
#3968 = CARTESIAN_POINT('',(130.65990826923,90.317163074653,0.));
#3969 = CARTESIAN_POINT('',(130.67418136561,90.357573140422,0.));
#3970 = CARTESIAN_POINT('',(130.68845497038,90.397994008949,0.));
#3971 = CARTESIAN_POINT('',(130.7027290683,90.438425682128,0.));
#3972 = CARTESIAN_POINT('',(130.71700364383,90.478868161881,0.));
#3973 = CARTESIAN_POINT('',(130.73127868149,90.519321450184,0.));
#3974 = CARTESIAN_POINT('',(130.74555416576,90.559785549068,0.));
#3975 = CARTESIAN_POINT('',(130.75983008098,90.600260460516,0.));
#3976 = CARTESIAN_POINT('',(130.77410641183,90.640746186416,0.));
#3977 = CARTESIAN_POINT('',(130.78838314257,90.681242728806,0.));
#3978 = CARTESIAN_POINT('',(130.80266025754,90.721750089733,0.));
#3979 = CARTESIAN_POINT('',(130.81693774128,90.762268271147,0.));
#3980 = CARTESIAN_POINT('',(130.83121557804,90.80279727509,0.));
#3981 = CARTESIAN_POINT('',(130.84549375207,90.843337103603,0.));
#3982 = CARTESIAN_POINT('',(130.85977224786,90.883887758646,0.));
#3983 = CARTESIAN_POINT('',(130.87405104957,90.92444924227,0.));
#3984 = CARTESIAN_POINT('',(130.88833014149,90.965021556549,0.));
#3985 = CARTESIAN_POINT('',(130.90260950784,91.005604703527,0.));
#3986 = CARTESIAN_POINT('',(130.91688913286,91.046198685239,0.));
#3987 = CARTESIAN_POINT('',(130.93116900076,91.086803503736,0.));
#3988 = CARTESIAN_POINT('',(130.94544909566,91.127419161099,0.));
#3989 = CARTESIAN_POINT('',(130.95972940177,91.168045659388,0.));
#3990 = CARTESIAN_POINT('',(130.97400990318,91.208683000702,0.));
#3991 = CARTESIAN_POINT('',(130.98829058397,91.249331187129,0.));
#3992 = CARTESIAN_POINT('',(131.00257142833,91.289990220735,0.));
#3993 = CARTESIAN_POINT('',(131.01685242017,91.330660103638,0.));
#3994 = CARTESIAN_POINT('',(131.03113354366,91.371340837913,0.));
#3995 = CARTESIAN_POINT('',(131.04541478279,91.412032425702,0.));
#3996 = CARTESIAN_POINT('',(131.05969612143,91.452734869172,0.));
#3997 = CARTESIAN_POINT('',(131.07397754373,91.493448170392,0.));
#3998 = CARTESIAN_POINT('',(131.08825903351,91.534172331482,0.));
#3999 = CARTESIAN_POINT('',(131.10254057482,91.574907354578,0.));
#4000 = CARTESIAN_POINT('',(131.11682215143,91.615653241879,0.));
#4001 = CARTESIAN_POINT('',(131.13110374728,91.656409995534,0.));
#4002 = CARTESIAN_POINT('',(131.14538534625,91.697177617671,0.));
#4003 = CARTESIAN_POINT('',(131.15966693218,91.737956110441,0.));
#4004 = CARTESIAN_POINT('',(131.17394848885,91.778745476022,0.));
#4005 = CARTESIAN_POINT('',(131.18823000011,91.819545716609,0.));
#4006 = CARTESIAN_POINT('',(131.20251144964,91.860356834434,0.));
#4007 = CARTESIAN_POINT('',(131.21679282125,91.901178831672,0.));
#4008 = CARTESIAN_POINT('',(131.23107409865,91.942011710473,0.));
#4009 = CARTESIAN_POINT('',(131.24535526561,91.982855473029,0.));
#4010 = CARTESIAN_POINT('',(131.2596363057,92.023710121612,0.));
#4011 = CARTESIAN_POINT('',(131.27391720263,92.064575658434,0.));
#4012 = CARTESIAN_POINT('',(131.28819794007,92.105452085696,0.));
#4013 = CARTESIAN_POINT('',(131.3024785016,92.146339405656,0.));
#4014 = CARTESIAN_POINT('',(131.31675887076,92.187237620565,0.));
#4015 = CARTESIAN_POINT('',(131.33103903123,92.228146732623,0.));
#4016 = CARTESIAN_POINT('',(131.34531896649,92.269066744093,0.));
#4017 = CARTESIAN_POINT('',(131.35959866006,92.309997657267,0.));
#4018 = CARTESIAN_POINT('',(131.37387809547,92.350939474413,0.));
#4019 = CARTESIAN_POINT('',(131.38815725616,92.391892197782,0.));
#4020 = CARTESIAN_POINT('',(131.40243612563,92.432855829624,0.));
#4021 = CARTESIAN_POINT('',(131.41671468737,92.473830372254,0.));
#4022 = CARTESIAN_POINT('',(131.43099292457,92.514815828021,0.));
#4023 = CARTESIAN_POINT('',(131.44527082088,92.555812199134,0.));
#4024 = CARTESIAN_POINT('',(131.45954835957,92.596819487912,0.));
#4025 = CARTESIAN_POINT('',(131.4738255239,92.637837696735,0.));
#4026 = CARTESIAN_POINT('',(131.4881022973,92.678866827904,0.));
#4027 = CARTESIAN_POINT('',(131.502378663,92.719906883701,0.));
#4028 = CARTESIAN_POINT('',(131.51665460439,92.760957866438,0.));
#4029 = CARTESIAN_POINT('',(131.53093010458,92.802019778507,0.));
#4030 = CARTESIAN_POINT('',(131.54520514691,92.843092622264,0.));
#4031 = CARTESIAN_POINT('',(131.5594797145,92.884176400075,0.));
#4032 = CARTESIAN_POINT('',(131.57375379058,92.925271114262,0.));
#4033 = CARTESIAN_POINT('',(131.58802735839,92.966376767163,0.));
#4034 = CARTESIAN_POINT('',(131.60230040092,93.007493361175,0.));
#4035 = CARTESIAN_POINT('',(131.61657290145,93.048620898679,0.));
#4036 = CARTESIAN_POINT('',(131.63084484294,93.089759382104,0.));
#4037 = CARTESIAN_POINT('',(131.64511620851,93.130908813819,0.));
#4038 = CARTESIAN_POINT('',(131.65938698127,93.17206919618,0.));
#4039 = CARTESIAN_POINT('',(131.67365714419,93.213240531631,0.));
#4040 = CARTESIAN_POINT('',(131.68792668024,93.254422822597,0.));
#4041 = CARTESIAN_POINT('',(131.7021955725,93.295616071436,0.));
#4042 = CARTESIAN_POINT('',(131.71646380392,93.336820280597,0.));
#4043 = CARTESIAN_POINT('',(131.73073135732,93.378035452586,0.));
#4044 = CARTESIAN_POINT('',(131.7449982157,93.419261589792,0.));
#4045 = CARTESIAN_POINT('',(131.75926436202,93.460498694612,0.));
#4046 = CARTESIAN_POINT('',(131.77352977905,93.501746769552,0.));
#4047 = CARTESIAN_POINT('',(131.78779444963,93.543005817088,0.));
#4048 = CARTESIAN_POINT('',(131.80205835667,93.584275839646,0.));
#4049 = CARTESIAN_POINT('',(131.8163214829,93.625556839697,0.));
#4050 = CARTESIAN_POINT('',(131.83058381114,93.66684881972,0.));
#4051 = CARTESIAN_POINT('',(131.84484532415,93.70815178222,0.));
#4052 = CARTESIAN_POINT('',(131.8591060046,93.749465729709,0.));
#4053 = CARTESIAN_POINT('',(131.87336583529,93.790790664646,0.));
#4054 = CARTESIAN_POINT('',(131.88762479886,93.832126589542,0.));
#4055 = CARTESIAN_POINT('',(131.90188287797,93.873473506917,0.));
#4056 = CARTESIAN_POINT('',(131.91614005529,93.914831419274,0.));
#4057 = CARTESIAN_POINT('',(131.93039631346,93.956200329137,0.));
#4058 = CARTESIAN_POINT('',(131.94465163499,93.997580239066,0.));
#4059 = CARTESIAN_POINT('',(131.95890600256,94.038971151578,0.));
#4060 = CARTESIAN_POINT('',(131.97315939866,94.080373069219,0.));
#4061 = CARTESIAN_POINT('',(131.98741180584,94.121785994553,0.));
#4062 = CARTESIAN_POINT('',(132.00166320658,94.163209930143,0.));
#4063 = CARTESIAN_POINT('',(132.01591358339,94.204644878524,0.));
#4064 = CARTESIAN_POINT('',(132.03016291877,94.24609084225,0.));
#4065 = CARTESIAN_POINT('',(132.0444111951,94.287547823929,0.));
#4066 = CARTESIAN_POINT('',(132.05865839477,94.329015826159,0.));
#4067 = CARTESIAN_POINT('',(132.0729045003,94.370494851518,0.));
#4068 = CARTESIAN_POINT('',(132.08714949388,94.411984902631,0.));
#4069 = CARTESIAN_POINT('',(132.10139335801,94.45348598205,0.));
#4070 = CARTESIAN_POINT('',(132.11563607495,94.494998092371,0.));
#4071 = CARTESIAN_POINT('',(132.12987762705,94.536521236249,0.));
#4072 = CARTESIAN_POINT('',(132.14411799647,94.578055416339,0.));
#4073 = CARTESIAN_POINT('',(132.15835716561,94.619600635243,0.));
#4074 = CARTESIAN_POINT('',(132.17259511659,94.661156895594,0.));
#4075 = CARTESIAN_POINT('',(132.18683183166,94.702724199989,0.));
#4076 = CARTESIAN_POINT('',(132.20106729315,94.744302551082,0.));
#4077 = CARTESIAN_POINT('',(132.21530148293,94.78589195163,0.));
#4078 = CARTESIAN_POINT('',(132.22953438336,94.827492404232,0.));
#4079 = CARTESIAN_POINT('',(132.24376597653,94.869103911512,0.));
#4080 = CARTESIAN_POINT('',(132.25799624449,94.91072647619,0.));
#4081 = CARTESIAN_POINT('',(132.27222516931,94.952360100964,0.));
#4082 = CARTESIAN_POINT('',(132.28645273308,94.994004788496,0.));
#4083 = CARTESIAN_POINT('',(132.30067891783,95.03566054148,0.));
#4084 = CARTESIAN_POINT('',(132.31490370549,95.077327362641,0.));
#4085 = CARTESIAN_POINT('',(132.32912707812,95.119005254652,0.));
#4086 = CARTESIAN_POINT('',(132.34334901766,95.160694220213,0.));
#4087 = CARTESIAN_POINT('',(132.35756950606,95.202394262087,0.));
#4088 = CARTESIAN_POINT('',(132.37178852516,95.244105383044,0.));
#4089 = CARTESIAN_POINT('',(132.38600605688,95.285827585788,0.));
#4090 = CARTESIAN_POINT('',(132.40022208316,95.327560872996,0.));
#4091 = CARTESIAN_POINT('',(132.41443658578,95.369305247425,0.));
#4092 = CARTESIAN_POINT('',(132.42864954657,95.41106071185,0.));
#4093 = CARTESIAN_POINT('',(132.44286094731,95.452827269046,0.));
#4094 = CARTESIAN_POINT('',(132.45707076981,95.494604921787,0.));
#4095 = CARTESIAN_POINT('',(132.47127899576,95.536393672841,0.));
#4096 = CARTESIAN_POINT('',(132.48548560695,95.578193524949,0.));
#4097 = CARTESIAN_POINT('',(132.49969058513,95.620004480901,0.));
#4098 = CARTESIAN_POINT('',(132.51389391182,95.66182654355,0.));
#4099 = CARTESIAN_POINT('',(132.52809556881,95.703659715655,0.));
#4100 = CARTESIAN_POINT('',(132.54229553774,95.745503999988,0.));
#4101 = CARTESIAN_POINT('',(132.55649380014,95.787359399389,0.));
#4102 = CARTESIAN_POINT('',(132.57069033768,95.829225916686,0.));
#4103 = CARTESIAN_POINT('',(132.58488513185,95.871103554707,0.));
#4104 = CARTESIAN_POINT('',(132.59907816427,95.912992316256,0.));
#4105 = CARTESIAN_POINT('',(132.61326941644,95.954892204172,0.));
#4106 = CARTESIAN_POINT('',(132.62745886979,95.996803221314,0.));
#4107 = CARTESIAN_POINT('',(132.64164650593,96.038725370513,0.));
#4108 = CARTESIAN_POINT('',(132.65583230616,96.080658654666,0.));
#4109 = CARTESIAN_POINT('',(132.67001625198,96.122603076612,0.));
#4110 = CARTESIAN_POINT('',(132.68419832484,96.164558639173,0.));
#4111 = CARTESIAN_POINT('',(132.69837850605,96.206525345258,0.));
#4112 = CARTESIAN_POINT('',(132.71255677701,96.248503197781,0.));
#4113 = CARTESIAN_POINT('',(132.72673311899,96.290492199624,0.));
#4114 = CARTESIAN_POINT('',(132.74090751341,96.332492353637,0.));
#4115 = CARTESIAN_POINT('',(132.75507994149,96.374503662735,0.));
#4116 = CARTESIAN_POINT('',(132.76925038446,96.416526129833,0.));
#4117 = CARTESIAN_POINT('',(132.78341882369,96.458559757819,0.));
#4118 = CARTESIAN_POINT('',(132.79758524027,96.500604549658,0.));
#4119 = CARTESIAN_POINT('',(132.81174961544,96.542660508293,0.));
#4120 = CARTESIAN_POINT('',(132.82591193039,96.584727636627,0.));
#4121 = CARTESIAN_POINT('',(132.84007216625,96.626805937566,0.));
#4122 = CARTESIAN_POINT('',(132.85423030418,96.668895414044,0.));
#4123 = CARTESIAN_POINT('',(132.86838632527,96.710996069046,0.));
#4124 = CARTESIAN_POINT('',(132.88254021055,96.753107905561,0.));
#4125 = CARTESIAN_POINT('',(132.89669194112,96.795230926528,0.));
#4126 = CARTESIAN_POINT('',(132.91084149804,96.837365134885,0.));
#4127 = CARTESIAN_POINT('',(132.92498886227,96.879510533628,0.));
#4128 = CARTESIAN_POINT('',(132.93913401485,96.92166712577,0.));
#4129 = CARTESIAN_POINT('',(132.95327693664,96.963834914308,0.));
#4130 = CARTESIAN_POINT('',(132.96741760871,97.006013902192,0.));
#4131 = CARTESIAN_POINT('',(132.98155601191,97.048204092408,0.));
#4132 = CARTESIAN_POINT('',(132.99569212713,97.090405487961,0.));
#4133 = CARTESIAN_POINT('',(133.00982593531,97.132618091887,0.));
#4134 = CARTESIAN_POINT('',(133.02395741718,97.174841907271,0.));
#4135 = CARTESIAN_POINT('',(133.03808655361,97.217076937121,0.));
#4136 = CARTESIAN_POINT('',(133.05221332544,97.259323184393,0.));
#4137 = CARTESIAN_POINT('',(133.06633771346,97.301580652119,0.));
#4138 = CARTESIAN_POINT('',(133.08045969837,97.343849343412,0.));
#4139 = CARTESIAN_POINT('',(133.09457926086,97.386129261336,0.));
#4140 = CARTESIAN_POINT('',(133.10869638178,97.428420408909,0.));
#4141 = CARTESIAN_POINT('',(133.12281104165,97.470722789197,0.));
#4142 = CARTESIAN_POINT('',(133.13692322128,97.513036405256,0.));
#4143 = CARTESIAN_POINT('',(133.15103290117,97.555361260179,0.));
#4144 = CARTESIAN_POINT('',(133.16514006208,97.597697357049,0.));
#4145 = CARTESIAN_POINT('',(133.17924468443,97.640044698991,0.));
#4146 = CARTESIAN_POINT('',(133.19334674892,97.682403289073,0.));
#4147 = CARTESIAN_POINT('',(133.20744623603,97.724773130364,0.));
#4148 = CARTESIAN_POINT('',(133.22154312632,97.767154225967,0.));
#4149 = CARTESIAN_POINT('',(133.23563740031,97.809546579045,0.));
#4150 = CARTESIAN_POINT('',(133.24972903828,97.851950192734,0.));
#4151 = CARTESIAN_POINT('',(133.26381802101,97.894365070088,0.));
#4152 = CARTESIAN_POINT('',(133.27790432858,97.936791214268,0.));
#4153 = CARTESIAN_POINT('',(133.2919879417,97.979228628405,0.));
#4154 = CARTESIAN_POINT('',(133.30606884049,98.021677315683,0.));
#4155 = CARTESIAN_POINT('',(133.32014700549,98.064137279235,0.));
#4156 = CARTESIAN_POINT('',(133.33422241692,98.1066085222,0.));
#4157 = CARTESIAN_POINT('',(133.34829505516,98.149091047729,0.));
#4158 = CARTESIAN_POINT('',(133.36236490047,98.19158485902,0.));
#4159 = CARTESIAN_POINT('',(133.37643193306,98.234089959264,0.));
#4160 = CARTESIAN_POINT('',(133.39049613325,98.276606351601,0.));
#4161 = CARTESIAN_POINT('',(133.40455748123,98.319134039219,0.));
#4162 = CARTESIAN_POINT('',(133.41861595714,98.36167302533,0.));
#4163 = CARTESIAN_POINT('',(133.43267154123,98.404223313122,0.));
#4164 = CARTESIAN_POINT('',(133.44672421358,98.446784905821,0.));
#4165 = CARTESIAN_POINT('',(133.46077395431,98.489357806647,0.));
#4166 = CARTESIAN_POINT('',(133.47482074356,98.531942018799,0.));
#4167 = CARTESIAN_POINT('',(133.48886456138,98.574537545492,0.));
#4168 = CARTESIAN_POINT('',(133.50290538778,98.61714438994,0.));
#4169 = CARTESIAN_POINT('',(133.5169432029,98.659762555369,0.));
#4170 = CARTESIAN_POINT('',(133.53097798662,98.702392045074,0.));
#4171 = CARTESIAN_POINT('',(133.54500971895,98.745032862322,0.));
#4172 = CARTESIAN_POINT('',(133.55903837986,98.787685010314,0.));
#4173 = CARTESIAN_POINT('',(133.57306394932,98.830348492295,0.));
#4174 = CARTESIAN_POINT('',(133.58708640718,98.873023311581,0.));
#4175 = CARTESIAN_POINT('',(133.60110573328,98.915709471445,0.));
#4176 = CARTESIAN_POINT('',(133.61512190763,98.958406975114,0.));
#4177 = CARTESIAN_POINT('',(133.62913490994,99.001115825902,0.));
#4178 = CARTESIAN_POINT('',(133.64314472002,99.043836027092,0.));
#4179 = CARTESIAN_POINT('',(133.65715131778,99.086567581944,0.));
#4180 = CARTESIAN_POINT('',(133.67115468288,99.12931049382,0.));
#4181 = CARTESIAN_POINT('',(133.68515479501,99.17206476605,0.));
#4182 = CARTESIAN_POINT('',(133.69915163407,99.214830401887,0.));
#4183 = CARTESIAN_POINT('',(133.71314517954,99.257607404649,0.));
#4184 = CARTESIAN_POINT('',(133.7271354113,99.300395777657,0.));
#4185 = CARTESIAN_POINT('',(133.74112230887,99.343195524311,0.));
#4186 = CARTESIAN_POINT('',(133.75510585178,99.386006647947,0.));
#4187 = CARTESIAN_POINT('',(133.76908601991,99.428829151809,0.));
#4188 = CARTESIAN_POINT('',(133.78306279258,99.471663039275,0.));
#4189 = CARTESIAN_POINT('',(133.79703614948,99.514508313736,0.));
#4190 = CARTESIAN_POINT('',(133.81100607006,99.557364978569,0.));
#4191 = CARTESIAN_POINT('',(133.82497253383,99.600233037121,0.));
#4192 = CARTESIAN_POINT('',(133.83893552037,99.643112492747,0.));
#4193 = CARTESIAN_POINT('',(133.85289500896,99.686003348856,0.));
#4194 = CARTESIAN_POINT('',(133.86685097922,99.728905608813,0.));
#4195 = CARTESIAN_POINT('',(133.88080341042,99.771819276012,0.));
#4196 = CARTESIAN_POINT('',(133.89475228201,99.814744353851,0.));
#4197 = CARTESIAN_POINT('',(133.90869757335,99.857680845728,0.));
#4198 = CARTESIAN_POINT('',(133.92263926374,99.900628755047,0.));
#4199 = CARTESIAN_POINT('',(133.93657733256,99.943588085217,0.));
#4200 = CARTESIAN_POINT('',(133.95051175901,99.986558839681,0.));
#4201 = CARTESIAN_POINT('',(133.96444252243,100.02954102186,0.));
#4202 = CARTESIAN_POINT('',(133.978369602,100.07253463518,0.));
#4203 = CARTESIAN_POINT('',(133.99229297701,100.11553968304,0.));
#4204 = CARTESIAN_POINT('',(134.00621262663,100.15855616894,0.));
#4205 = CARTESIAN_POINT('',(134.02012852994,100.20158409635,0.));
#4206 = CARTESIAN_POINT('',(134.0340406662,100.24462346868,0.));
#4207 = CARTESIAN_POINT('',(134.04794901453,100.28767428935,0.));
#4208 = CARTESIAN_POINT('',(134.06185355394,100.33073656187,0.));
#4209 = CARTESIAN_POINT('',(134.07575426357,100.3738102897,0.));
#4210 = CARTESIAN_POINT('',(134.08965112247,100.41689547632,0.));
#4211 = CARTESIAN_POINT('',(134.10354410964,100.45999212524,0.));
#4212 = CARTESIAN_POINT('',(134.11743320407,100.50310023996,0.));
#4213 = CARTESIAN_POINT('',(134.13131838476,100.54621982392,0.));
#4214 = CARTESIAN_POINT('',(134.14519963073,100.58935088062,0.));
#4215 = CARTESIAN_POINT('',(134.15907692079,100.63249341359,0.));
#4216 = CARTESIAN_POINT('',(134.17295023391,100.6756474264,0.));
#4217 = CARTESIAN_POINT('',(134.18681954893,100.7188129225,0.));
#4218 = CARTESIAN_POINT('',(134.20068484478,100.76198990538,0.));
#4219 = CARTESIAN_POINT('',(134.2145461003,100.80517837857,0.));
#4220 = CARTESIAN_POINT('',(134.2284032942,100.8483783457,0.));
#4221 = CARTESIAN_POINT('',(134.24225640528,100.89158981028,0.));
#4222 = CARTESIAN_POINT('',(134.25610541241,100.9348127758,0.));
#4223 = CARTESIAN_POINT('',(134.26995029428,100.97804724584,0.));
#4224 = CARTESIAN_POINT('',(134.28379102948,101.02129322398,0.));
#4225 = CARTESIAN_POINT('',(134.2976275969,101.06455071372,0.));
#4226 = CARTESIAN_POINT('',(134.31145997511,101.10781971866,0.));
#4227 = CARTESIAN_POINT('',(134.32528814268,101.15110024243,0.));
#4228 = CARTESIAN_POINT('',(134.33911207835,101.19439228856,0.));
#4229 = CARTESIAN_POINT('',(134.35293176062,101.23769586061,0.));
#4230 = CARTESIAN_POINT('',(134.36674716819,101.28101096216,0.));
#4231 = CARTESIAN_POINT('',(134.38055827945,101.32433759689,0.));
#4232 = CARTESIAN_POINT('',(134.39436507295,101.36767576838,0.));
#4233 = CARTESIAN_POINT('',(134.40816752728,101.41102548019,0.));
#4234 = CARTESIAN_POINT('',(134.42196562084,101.45438673593,0.));
#4235 = CARTESIAN_POINT('',(134.4357593321,101.49775953925,0.));
#4236 = CARTESIAN_POINT('',(134.44954863947,101.54114389376,0.));
#4237 = CARTESIAN_POINT('',(134.46333352136,101.58453980311,0.));
#4238 = CARTESIAN_POINT('',(134.4771139561,101.62794727092,0.));
#4239 = CARTESIAN_POINT('',(134.49088992218,101.6713663008,0.));
#4240 = CARTESIAN_POINT('',(134.50466139773,101.71479689644,0.));
#4241 = CARTESIAN_POINT('',(134.51842836122,101.75823906146,0.));
#4242 = CARTESIAN_POINT('',(134.53219079083,101.80169279955,0.));
#4243 = CARTESIAN_POINT('',(134.54594866486,101.84515811436,0.));
#4244 = CARTESIAN_POINT('',(134.5597019615,101.88863500952,0.));
#4245 = CARTESIAN_POINT('',(134.57345065907,101.93212348871,0.));
#4246 = CARTESIAN_POINT('',(134.58719473556,101.97562355568,0.));
#4247 = CARTESIAN_POINT('',(134.60093416927,102.01913521405,0.));
#4248 = CARTESIAN_POINT('',(134.61466893834,102.06265846751,0.));
#4249 = CARTESIAN_POINT('',(134.62839902074,102.10619331976,0.));
#4250 = CARTESIAN_POINT('',(134.64212439475,102.1497397745,0.));
#4251 = CARTESIAN_POINT('',(134.65584503829,102.19329783547,0.));
#4252 = CARTESIAN_POINT('',(134.66956092936,102.23686750636,0.));
#4253 = CARTESIAN_POINT('',(134.68327204619,102.28044879083,0.));
#4254 = CARTESIAN_POINT('',(134.69697836652,102.32404169267,0.));
#4255 = CARTESIAN_POINT('',(134.71067986841,102.3676462156,0.));
#4256 = CARTESIAN_POINT('',(134.72437652986,102.41126236328,0.));
#4257 = CARTESIAN_POINT('',(134.73806832874,102.45489013949,0.));
#4258 = CARTESIAN_POINT('',(134.75175524287,102.49852954805,0.));
#4259 = CARTESIAN_POINT('',(134.76543725016,102.54218059266,0.));
#4260 = CARTESIAN_POINT('',(134.77911432853,102.585843277,0.));
#4261 = CARTESIAN_POINT('',(134.7927864557,102.62951760486,0.));
#4262 = CARTESIAN_POINT('',(134.8064536095,102.67320358004,0.));
#4263 = CARTESIAN_POINT('',(134.82011576769,102.71690120631,0.));
#4264 = CARTESIAN_POINT('',(134.83377290798,102.76061048743,0.));
#4265 = CARTESIAN_POINT('',(134.84742500816,102.80433142715,0.));
#4266 = CARTESIAN_POINT('',(134.86107204589,102.84806402927,0.));
#4267 = CARTESIAN_POINT('',(134.8747139988,102.89180829759,0.));
#4268 = CARTESIAN_POINT('',(134.88835084461,102.93556423592,0.));
#4269 = CARTESIAN_POINT('',(134.90198256089,102.97933184806,0.));
#4270 = CARTESIAN_POINT('',(134.91560912519,103.02311113779,0.));
#4271 = CARTESIAN_POINT('',(134.92923051527,103.06690210888,0.));
#4272 = CARTESIAN_POINT('',(134.94284670843,103.11070476522,0.));
#4273 = CARTESIAN_POINT('',(134.95645768234,103.1545191106,0.));
#4274 = CARTESIAN_POINT('',(134.97006341452,103.19834514883,0.));
#4275 = CARTESIAN_POINT('',(134.98366388231,103.24218288376,0.));
#4276 = CARTESIAN_POINT('',(134.9972590633,103.28603231921,0.));
#4277 = CARTESIAN_POINT('',(135.01084893487,103.32989345903,0.));
#4278 = CARTESIAN_POINT('',(135.02443347433,103.3737663071,0.));
#4279 = CARTESIAN_POINT('',(135.03801265922,103.41765086724,0.));
#4280 = CARTESIAN_POINT('',(135.05158646671,103.46154714328,0.));
#4281 = CARTESIAN_POINT('',(135.06515487433,103.50545513907,0.));
#4282 = CARTESIAN_POINT('',(135.07871785916,103.54937485854,0.));
#4283 = CARTESIAN_POINT('',(135.09227539882,103.59330630546,0.));
#4284 = CARTESIAN_POINT('',(135.10582746942,103.63724948421,0.));
#4285 = CARTESIAN_POINT('',(135.11937405255,103.6812043966,0.));
#4286 = CARTESIAN_POINT('',(135.13291510907,103.7251710542,0.));
#4287 = CARTESIAN_POINT('',(135.14645067714,103.76914943213,0.));
#4288 = CARTESIAN_POINT('',(135.15998050658,103.81313964176,0.));
#4289 = CARTESIAN_POINT('',(135.17350542256,103.85714128603,0.));
#4290 = CARTESIAN_POINT('',(135.18702223669,103.90115586566,0.));
#4291 = CARTESIAN_POINT('',(135.20054274352,103.94517779642,0.));
#4292 = CARTESIAN_POINT('',(135.21402280289,103.98922794384,0.));
#4293 = CARTESIAN_POINT('',(135.22762709103,104.03322843116,0.));
#4294 = CARTESIAN_POINT('',(135.24074072689,104.07747000778,0.));
#4295 = CARTESIAN_POINT('',(135.25565908545,104.12086726203,0.));
#4296 = CARTESIAN_POINT('',(135.2626988189,104.16110435189,0.));
#4297 = CARTESIAN_POINT('',(135.31060501243,104.22415723422,0.));
#4298 = CARTESIAN_POINT('',(135.37138919824,104.32302607212,0.));
#4299 = CARTESIAN_POINT('',(135.46221136201,104.45624833003,0.));
#4300 = CARTESIAN_POINT('',(135.55107113929,104.58971488736,0.));
#4301 = CARTESIAN_POINT('',(135.64024531342,104.72235015317,0.));
#4302 = CARTESIAN_POINT('',(135.72912678357,104.85444186509,0.));
#4303 = CARTESIAN_POINT('',(135.81787691291,104.9859144756,0.));
#4304 = CARTESIAN_POINT('',(135.9064523152,105.11678922962,0.));
#4305 = CARTESIAN_POINT('',(135.99486417597,105.24706157281,0.));
#4306 = CARTESIAN_POINT('',(136.08310915488,105.3767338168,0.));
#4307 = CARTESIAN_POINT('',(136.17118779677,105.50580643554,0.));
#4308 = CARTESIAN_POINT('',(136.25909962595,105.63428038439,0.));
#4309 = CARTESIAN_POINT('',(136.34684445319,105.76215648226,0.));
#4310 = CARTESIAN_POINT('',(136.43442202728,105.88943557627,0.));
#4311 = CARTESIAN_POINT('',(136.52183212784,106.01611849791,0.));
#4312 = CARTESIAN_POINT('',(136.60907454038,106.14220607476,0.));
#4313 = CARTESIAN_POINT('',(136.69614906287,106.2676991274,0.));
#4314 = CARTESIAN_POINT('',(136.78305550385,106.39259847029,0.));
#4315 = CARTESIAN_POINT('',(136.86979368282,106.51690491154,0.));
#4316 = CARTESIAN_POINT('',(136.95636342998,106.64061925304,0.));
#4317 = CARTESIAN_POINT('',(137.04276458623,106.76374229043,0.));
#4318 = CARTESIAN_POINT('',(137.12899700301,106.88627481319,0.));
#4319 = CARTESIAN_POINT('',(137.21506054224,107.00821760461,0.));
#4320 = CARTESIAN_POINT('',(137.30095507622,107.12957144184,0.));
#4321 = CARTESIAN_POINT('',(137.38668048754,107.25033709595,0.));
#4322 = CARTESIAN_POINT('',(137.47223666899,107.37051533191,0.));
#4323 = CARTESIAN_POINT('',(137.55762352346,107.49010690864,0.));
#4324 = CARTESIAN_POINT('',(137.64284096385,107.60911257907,0.));
#4325 = CARTESIAN_POINT('',(137.72788891301,107.72753309011,0.));
#4326 = CARTESIAN_POINT('',(137.81276730361,107.84536918271,0.));
#4327 = CARTESIAN_POINT('',(137.8974760781,107.96262159191,0.));
#4328 = CARTESIAN_POINT('',(137.98201518858,108.07929104683,0.));
#4329 = CARTESIAN_POINT('',(138.06638459675,108.19537827072,0.));
#4330 = CARTESIAN_POINT('',(138.15058427378,108.31088398097,0.));
#4331 = CARTESIAN_POINT('',(138.23461420029,108.42580888918,0.));
#4332 = CARTESIAN_POINT('',(138.31847436621,108.54015370115,0.));
#4333 = CARTESIAN_POINT('',(138.40216477075,108.6539191169,0.));
#4334 = CARTESIAN_POINT('',(138.48568542225,108.76710583075,0.));
#4335 = CARTESIAN_POINT('',(138.56903633818,108.8797145313,0.));
#4336 = CARTESIAN_POINT('',(138.65221754498,108.99174590148,0.));
#4337 = CARTESIAN_POINT('',(138.73522907804,109.10320061858,0.));
#4338 = CARTESIAN_POINT('',(138.81807098161,109.21407935425,0.));
#4339 = CARTESIAN_POINT('',(138.9007433087,109.32438277457,0.));
#4340 = CARTESIAN_POINT('',(138.98324612101,109.43411154006,0.));
#4341 = CARTESIAN_POINT('',(139.06557948887,109.5432663057,0.));
#4342 = CARTESIAN_POINT('',(139.14774349116,109.65184772096,0.));
#4343 = CARTESIAN_POINT('',(139.22973821521,109.75985642985,0.));
#4344 = CARTESIAN_POINT('',(139.31156375676,109.8672930709,0.));
#4345 = CARTESIAN_POINT('',(139.39322021986,109.97415827726,0.));
#4346 = CARTESIAN_POINT('',(139.47470771681,110.08045267664,0.));
#4347 = CARTESIAN_POINT('',(139.55602636808,110.18617689143,0.));
#4348 = CARTESIAN_POINT('',(139.63717630225,110.29133153864,0.));
#4349 = CARTESIAN_POINT('',(139.71815765591,110.39591722998,0.));
#4350 = CARTESIAN_POINT('',(139.79897057365,110.4999345719,0.));
#4351 = CARTESIAN_POINT('',(139.8796152079,110.60338416557,0.));
#4352 = CARTESIAN_POINT('',(139.96009171895,110.70626660693,0.));
#4353 = CARTESIAN_POINT('',(140.04040027481,110.80858248672,0.));
#4354 = CARTESIAN_POINT('',(140.12054105119,110.91033239051,0.));
#4355 = CARTESIAN_POINT('',(140.20051423141,111.01151689872,0.));
#4356 = CARTESIAN_POINT('',(140.28032000633,111.11213658664,0.));
#4357 = CARTESIAN_POINT('',(140.35995857431,111.21219202447,0.));
#4358 = CARTESIAN_POINT('',(140.43943014109,111.31168377734,0.));
#4359 = CARTESIAN_POINT('',(140.51873491979,111.41061240535,0.));
#4360 = CARTESIAN_POINT('',(140.59787313079,111.50897846356,0.));
#4361 = CARTESIAN_POINT('',(140.6768450017,111.60678250206,0.));
#4362 = CARTESIAN_POINT('',(140.75565076728,111.70402506597,0.));
#4363 = CARTESIAN_POINT('',(140.83429066938,111.80070669547,0.));
#4364 = CARTESIAN_POINT('',(140.91276495689,111.89682792583,0.));
#4365 = CARTESIAN_POINT('',(140.99107388563,111.99238928744,0.));
#4366 = CARTESIAN_POINT('',(141.06921771837,112.08739130582,0.));
#4367 = CARTESIAN_POINT('',(141.14719672467,112.18183450167,0.));
#4368 = CARTESIAN_POINT('',(141.22501118092,112.27571939088,0.));
#4369 = CARTESIAN_POINT('',(141.30266137019,112.36904648454,0.));
#4370 = CARTESIAN_POINT('',(141.38014758223,112.46181628899,0.));
#4371 = CARTESIAN_POINT('',(141.45747011338,112.55402930585,0.));
#4372 = CARTESIAN_POINT('',(141.53462926652,112.64568603203,0.));
#4373 = CARTESIAN_POINT('',(141.61162535103,112.73678695974,0.));
#4374 = CARTESIAN_POINT('',(141.68845868268,112.82733257655,0.));
#4375 = CARTESIAN_POINT('',(141.76512958363,112.9173233654,0.));
#4376 = CARTESIAN_POINT('',(141.84163838234,113.0067598046,0.));
#4377 = CARTESIAN_POINT('',(141.91798541353,113.09564236791,0.));
#4378 = CARTESIAN_POINT('',(141.9941710181,113.1839715245,0.));
#4379 = CARTESIAN_POINT('',(142.07019554309,113.27174773902,0.));
#4380 = CARTESIAN_POINT('',(142.14605934164,113.35897147162,0.));
#4381 = CARTESIAN_POINT('',(142.22176277289,113.44564317794,0.));
#4382 = CARTESIAN_POINT('',(142.29730620199,113.53176330917,0.));
#4383 = CARTESIAN_POINT('',(142.37268999997,113.61733231207,0.));
#4384 = CARTESIAN_POINT('',(142.44791454374,113.70235062899,0.));
#4385 = CARTESIAN_POINT('',(142.52298021604,113.78681869785,0.));
#4386 = CARTESIAN_POINT('',(142.59788740533,113.87073695226,0.));
#4387 = CARTESIAN_POINT('',(142.6726365058,113.95410582143,0.));
#4388 = CARTESIAN_POINT('',(142.74722791729,114.0369257303,0.));
#4389 = CARTESIAN_POINT('',(142.82166204523,114.11919709947,0.));
#4390 = CARTESIAN_POINT('',(142.89593930062,114.2009203453,0.));
#4391 = CARTESIAN_POINT('',(142.97006009993,114.28209587988,0.));
#4392 = CARTESIAN_POINT('',(143.04402486509,114.36272411107,0.));
#4393 = CARTESIAN_POINT('',(143.11783402343,114.44280544252,0.));
#4394 = CARTESIAN_POINT('',(143.19148800762,114.52234027373,0.));
#4395 = CARTESIAN_POINT('',(143.26498725562,114.601329,0.));
#4396 = CARTESIAN_POINT('',(143.33833221066,114.6797720125,0.));
#4397 = CARTESIAN_POINT('',(143.41152332113,114.7576696983,0.));
#4398 = CARTESIAN_POINT('',(143.48456104061,114.83502244037,0.));
#4399 = CARTESIAN_POINT('',(143.55744582774,114.91183061759,0.));
#4400 = CARTESIAN_POINT('',(143.63017814624,114.98809460481,0.));
#4401 = CARTESIAN_POINT('',(143.70275846483,115.06381477284,0.));
#4402 = CARTESIAN_POINT('',(143.77518725717,115.13899148848,0.));
#4403 = CARTESIAN_POINT('',(143.84746500186,115.21362511456,0.));
#4404 = CARTESIAN_POINT('',(143.91959218232,115.28771600993,0.));
#4405 = CARTESIAN_POINT('',(143.99156928684,115.36126452951,0.));
#4406 = CARTESIAN_POINT('',(144.06339680842,115.43427102427,0.));
#4407 = CARTESIAN_POINT('',(144.13507524484,115.50673584131,0.));
#4408 = CARTESIAN_POINT('',(144.20660509852,115.57865932384,0.));
#4409 = CARTESIAN_POINT('',(144.27798687653,115.65004181119,0.));
#4410 = CARTESIAN_POINT('',(144.34922109053,115.72088363888,0.));
#4411 = CARTESIAN_POINT('',(144.42030825671,115.7911851386,0.));
#4412 = CARTESIAN_POINT('',(144.49124889578,115.86094663822,0.));
#4413 = CARTESIAN_POINT('',(144.56204353289,115.93016846187,0.));
#4414 = CARTESIAN_POINT('',(144.6326926976,115.99885092988,0.));
#4415 = CARTESIAN_POINT('',(144.70319692385,116.06699435887,0.));
#4416 = CARTESIAN_POINT('',(144.77355674989,116.13459906174,0.));
#4417 = CARTESIAN_POINT('',(144.84377271827,116.20166534767,0.));
#4418 = CARTESIAN_POINT('',(144.91384537577,116.26819352218,0.));
#4419 = CARTESIAN_POINT('',(144.98377527335,116.33418388711,0.));
#4420 = CARTESIAN_POINT('',(145.05356296616,116.39963674067,0.));
#4421 = CARTESIAN_POINT('',(145.12320901342,116.46455237746,0.));
#4422 = CARTESIAN_POINT('',(145.19271397846,116.52893108845,0.));
#4423 = CARTESIAN_POINT('',(145.26207842862,116.59277316105,0.));
#4424 = CARTESIAN_POINT('',(145.33130293523,116.65607887907,0.));
#4425 = CARTESIAN_POINT('',(145.40038807356,116.71884852282,0.));
#4426 = CARTESIAN_POINT('',(145.4693344228,116.78108236903,0.));
#4427 = CARTESIAN_POINT('',(145.538142566,116.84278069097,0.));
#4428 = CARTESIAN_POINT('',(145.60681309003,116.90394375836,0.));
#4429 = CARTESIAN_POINT('',(145.67534658556,116.9645718375,0.));
#4430 = CARTESIAN_POINT('',(145.743743647,117.0246651912,0.));
#4431 = CARTESIAN_POINT('',(145.81200487247,117.08422407884,0.));
#4432 = CARTESIAN_POINT('',(145.88013086373,117.14324875637,0.));
#4433 = CARTESIAN_POINT('',(145.94812222621,117.20173947636,0.));
#4434 = CARTESIAN_POINT('',(146.01597956891,117.25969648797,0.));
#4435 = CARTESIAN_POINT('',(146.08370350437,117.31712003699,0.));
#4436 = CARTESIAN_POINT('',(146.15129464866,117.37401036587,0.));
#4437 = CARTESIAN_POINT('',(146.21875362132,117.43036771372,0.));
#4438 = CARTESIAN_POINT('',(146.28608104532,117.48619231633,0.));
#4439 = CARTESIAN_POINT('',(146.35327754704,117.54148440618,0.));
#4440 = CARTESIAN_POINT('',(146.4203437562,117.59624421248,0.));
#4441 = CARTESIAN_POINT('',(146.48728030587,117.65047196116,0.));
#4442 = CARTESIAN_POINT('',(146.55408783238,117.70416787489,0.));
#4443 = CARTESIAN_POINT('',(146.62076697533,117.75733217313,0.));
#4444 = CARTESIAN_POINT('',(146.68731837753,117.80996507208,0.));
#4445 = CARTESIAN_POINT('',(146.75374268494,117.86206678477,0.));
#4446 = CARTESIAN_POINT('',(146.82004054669,117.91363752102,0.));
#4447 = CARTESIAN_POINT('',(146.88621261501,117.96467748748,0.));
#4448 = CARTESIAN_POINT('',(146.95225954518,118.01518688764,0.));
#4449 = CARTESIAN_POINT('',(147.01818199551,118.06516592185,0.));
#4450 = CARTESIAN_POINT('',(147.08398062733,118.11461478734,0.));
#4451 = CARTESIAN_POINT('',(147.1496561049,118.1635336782,0.));
#4452 = CARTESIAN_POINT('',(147.21520909542,118.21192278545,0.));
#4453 = CARTESIAN_POINT('',(147.28064026898,118.25978229702,0.));
#4454 = CARTESIAN_POINT('',(147.34595029852,118.30711239775,0.));
#4455 = CARTESIAN_POINT('',(147.41113985979,118.35391326944,0.));
#4456 = CARTESIAN_POINT('',(147.47620963133,118.40018509086,0.));
#4457 = CARTESIAN_POINT('',(147.54116029444,118.44592803775,0.));
#4458 = CARTESIAN_POINT('',(147.60599253311,118.49114228281,0.));
#4459 = CARTESIAN_POINT('',(147.67070703404,118.53582799577,0.));
#4460 = CARTESIAN_POINT('',(147.73530448654,118.57998534337,0.));
#4461 = CARTESIAN_POINT('',(147.79978558257,118.62361448938,0.));
#4462 = CARTESIAN_POINT('',(147.86415101664,118.66671559459,0.));
#4463 = CARTESIAN_POINT('',(147.92840148581,118.70928881689,0.));
#4464 = CARTESIAN_POINT('',(147.99253768965,118.75133431119,0.));
#4465 = CARTESIAN_POINT('',(148.05656033022,118.79285222951,0.));
#4466 = CARTESIAN_POINT('',(148.12047011199,118.83384272097,0.));
#4467 = CARTESIAN_POINT('',(148.18426774188,118.87430593177,0.));
#4468 = CARTESIAN_POINT('',(148.24795392916,118.91424200525,0.));
#4469 = CARTESIAN_POINT('',(148.31152938544,118.95365108189,0.));
#4470 = CARTESIAN_POINT('',(148.37499482465,118.9925332993,0.));
#4471 = CARTESIAN_POINT('',(148.43835096301,119.03088879224,0.));
#4472 = CARTESIAN_POINT('',(148.50159851895,119.06871769266,0.));
#4473 = CARTESIAN_POINT('',(148.56473821314,119.10602012969,0.));
#4474 = CARTESIAN_POINT('',(148.62777076841,119.14279622963,0.));
#4475 = CARTESIAN_POINT('',(148.69069690976,119.17904611601,0.));
#4476 = CARTESIAN_POINT('',(148.75351736427,119.21476990957,0.));
#4477 = CARTESIAN_POINT('',(148.81623286113,119.24996772826,0.));
#4478 = CARTESIAN_POINT('',(148.87884413157,119.28463968731,0.));
#4479 = CARTESIAN_POINT('',(148.94135190882,119.31878589916,0.));
#4480 = CARTESIAN_POINT('',(149.00375692811,119.35240647353,0.));
#4481 = CARTESIAN_POINT('',(149.06605992663,119.38550151741,0.));
#4482 = CARTESIAN_POINT('',(149.12826164347,119.41807113509,0.));
#4483 = CARTESIAN_POINT('',(149.19036281962,119.45011542812,0.));
#4484 = CARTESIAN_POINT('',(149.25236419792,119.4816344954,0.));
#4485 = CARTESIAN_POINT('',(149.31426652305,119.5126284331,0.));
#4486 = CARTESIAN_POINT('',(149.37607054145,119.54309733475,0.));
#4487 = CARTESIAN_POINT('',(149.43777700136,119.57304129121,0.));
#4488 = CARTESIAN_POINT('',(149.49938665272,119.60246039067,0.));
#4489 = CARTESIAN_POINT('',(149.56090024719,119.63135471871,0.));
#4490 = CARTESIAN_POINT('',(149.62231853807,119.65972435824,0.));
#4491 = CARTESIAN_POINT('',(149.68364228031,119.68756938959,0.));
#4492 = CARTESIAN_POINT('',(149.74487223046,119.71488989043,0.));
#4493 = CARTESIAN_POINT('',(149.80600914666,119.74168593587,0.));
#4494 = CARTESIAN_POINT('',(149.86705378855,119.76795759841,0.));
#4495 = CARTESIAN_POINT('',(149.92800691733,119.79370494796,0.));
#4496 = CARTESIAN_POINT('',(149.98886929562,119.81892805187,0.));
#4497 = CARTESIAN_POINT('',(150.04964168754,119.84362697491,0.));
#4498 = CARTESIAN_POINT('',(150.1103248586,119.86780177932,0.));
#4499 = CARTESIAN_POINT('',(150.17091957569,119.89145252477,0.));
#4500 = CARTESIAN_POINT('',(150.23142660707,119.91457926842,0.));
#4501 = CARTESIAN_POINT('',(150.29184672231,119.93718206489,0.));
#4502 = CARTESIAN_POINT('',(150.35218069228,119.95926096627,0.));
#4503 = CARTESIAN_POINT('',(150.4124292891,119.98081602217,0.));
#4504 = CARTESIAN_POINT('',(150.47259328614,120.00184727969,0.));
#4505 = CARTESIAN_POINT('',(150.53267345794,120.02235478343,0.));
#4506 = CARTESIAN_POINT('',(150.59267058023,120.04233857553,0.));
#4507 = CARTESIAN_POINT('',(150.65258542989,120.06179869564,0.));
#4508 = CARTESIAN_POINT('',(150.71241878487,120.08073518097,0.));
#4509 = CARTESIAN_POINT('',(150.77217142423,120.09914806626,0.));
#4510 = CARTESIAN_POINT('',(150.83184412807,120.11703738381,0.));
#4511 = CARTESIAN_POINT('',(150.8914376775,120.13440316348,0.));
#4512 = CARTESIAN_POINT('',(150.95095285461,120.15124543272,0.));
#4513 = CARTESIAN_POINT('',(151.01039044247,120.16756421655,0.));
#4514 = CARTESIAN_POINT('',(151.06975122506,120.18335953758,0.));
#4515 = CARTESIAN_POINT('',(151.12903598725,120.19863141603,0.));
#4516 = CARTESIAN_POINT('',(151.1882455148,120.21337986972,0.));
#4517 = CARTESIAN_POINT('',(151.24738059429,120.22760491409,0.));
#4518 = CARTESIAN_POINT('',(151.30644201311,120.24130656222,0.));
#4519 = CARTESIAN_POINT('',(151.36543055943,120.25448482481,0.));
#4520 = CARTESIAN_POINT('',(151.42434702218,120.2671397102,0.));
#4521 = CARTESIAN_POINT('',(151.48319219098,120.27927122439,0.));
#4522 = CARTESIAN_POINT('',(151.54196685618,120.29087937105,0.));
#4523 = CARTESIAN_POINT('',(151.60067180876,120.3019641515,0.));
#4524 = CARTESIAN_POINT('',(151.65930784036,120.31252556475,0.));
#4525 = CARTESIAN_POINT('',(151.71787574319,120.3225636075,0.));
#4526 = CARTESIAN_POINT('',(151.77637631008,120.33207827413,0.));
#4527 = CARTESIAN_POINT('',(151.83481033438,120.34106955673,0.));
#4528 = CARTESIAN_POINT('',(151.89317860996,120.34953744511,0.));
#4529 = CARTESIAN_POINT('',(151.9514819312,120.35748192677,0.));
#4530 = CARTESIAN_POINT('',(152.00972109292,120.36490298697,0.));
#4531 = CARTESIAN_POINT('',(152.0678968904,120.37180060867,0.));
#4532 = CARTESIAN_POINT('',(152.12601011931,120.37817477261,0.));
#4533 = CARTESIAN_POINT('',(152.18406157573,120.38402545725,0.));
#4534 = CARTESIAN_POINT('',(152.24205205606,120.38935263881,0.));
#4535 = CARTESIAN_POINT('',(152.29998235705,120.39415629128,0.));
#4536 = CARTESIAN_POINT('',(152.35785327576,120.39843638642,0.));
#4537 = CARTESIAN_POINT('',(152.41566560949,120.40219289377,0.));
#4538 = CARTESIAN_POINT('',(152.47342015583,120.40542578064,0.));
#4539 = CARTESIAN_POINT('',(152.53111771257,120.40813501214,0.));
#4540 = CARTESIAN_POINT('',(152.58875907769,120.41032055118,0.));
#4541 = CARTESIAN_POINT('',(152.64634504936,120.41198235847,0.));
#4542 = CARTESIAN_POINT('',(152.70387642589,120.41312039252,0.));
#4543 = CARTESIAN_POINT('',(152.76135400568,120.41373460967,0.));
#4544 = CARTESIAN_POINT('',(152.81877858726,120.41382496407,0.));
#4545 = CARTESIAN_POINT('',(152.87615096922,120.41339140768,0.));
#4546 = CARTESIAN_POINT('',(152.93347195018,120.41243389032,0.));
#4547 = CARTESIAN_POINT('',(152.99074232878,120.41095235963,0.));
#4548 = CARTESIAN_POINT('',(153.04796290365,120.40894676102,0.));
#4549 = CARTESIAN_POINT('',(153.10513447341,120.40641703812,0.));
#4550 = CARTESIAN_POINT('',(153.16225783654,120.40336313091,0.));
#4551 = CARTESIAN_POINT('',(153.21933379172,120.39978498276,0.));
#4552 = CARTESIAN_POINT('',(153.27636313652,120.39568251434,0.));
#4553 = CARTESIAN_POINT('',(153.31435278567,120.39259793453,-0.));
#4554 = CARTESIAN_POINT('',(153.33333916862,120.39096828734,0.));
#4555 = CARTESIAN_POINT('',(144.71301162725,-10.91681927046,0.));
#4556 = CARTESIAN_POINT('',(153.33333916862,120.39096828734,0.));
#4557 = ( GEOMETRIC_REPRESENTATION_CONTEXT(3) 
GLOBAL_UNCERTAINTY_ASSIGNED_CONTEXT((#4561)) 
GLOBAL_UNIT_ASSIGNED_CONTEXT((#4558,#4559,#4560)) REPRESENTATION_CONTEXT
('Context #1','3D Context with UNIT and UNCERTAINTY') );
#4558 = ( LENGTH_UNIT() NAMED_UNIT(*) SI_UNIT(.MILLI.,.METRE.) );
#4559 = ( NAMED_UNIT(*) PLANE_ANGLE_UNIT() SI_UNIT($,.RADIAN.) );
#4560 = ( NAMED_UNIT(*) SI_UNIT($,.STERADIAN.) SOLID_ANGLE_UNIT() );
#4561 = UNCERTAINTY_MEASURE_WITH_UNIT(LENGTH_MEASURE(1.E-07),#4558,
  'distance_accuracy_value','confusion accuracy');
#4562 = CONTEXT_DEPENDENT_SHAPE_REPRESENTATION(#4563,#4565);
#4563 = ( REPRESENTATION_RELATIONSHIP('','',#36,#10) 
REPRESENTATION_RELATIONSHIP_WITH_TRANSFORMATION(#4564) 
SHAPE_REPRESENTATION_RELATIONSHIP() );
#4564 = ITEM_DEFINED_TRANSFORMATION('','',#11,#15);
#4565 = PRODUCT_DEFINITION_SHAPE('Placement','Placement of an item',
  #4566);
#4566 = NEXT_ASSEMBLY_USAGE_OCCURRENCE('5','','',#5,#31,$);
#4567 = PRODUCT_RELATED_PRODUCT_CATEGORY('part',$,(#33));
#4568 = SHAPE_DEFINITION_REPRESENTATION(#4569,#4575);
#4569 = PRODUCT_DEFINITION_SHAPE('','',#4570);
#4570 = PRODUCT_DEFINITION('design','',#4571,#4574);
#4571 = PRODUCT_DEFINITION_FORMATION('','',#4572);
#4572 = PRODUCT('Open CASCADE STEP translator 7.9 3.2',
  'Open CASCADE STEP translator 7.9 3.2','',(#4573));
#4573 = PRODUCT_CONTEXT('',#2,'mechanical');
#4574 = PRODUCT_DEFINITION_CONTEXT('part definition',#2,'design');
#4575 = GEOMETRICALLY_BOUNDED_WIREFRAME_SHAPE_REPRESENTATION('',(#11,
    #4576),#4585);
#4576 = GEOMETRIC_CURVE_SET('',(#4577));
#4577 = TRIMMED_CURVE('',#4578,(#4583,PARAMETER_VALUE(0.)),(#4584,
    PARAMETER_VALUE(6.28318530718)),.T.,.PARAMETER.);
#4578 = CIRCLE('',#4579,2.);
#4579 = AXIS2_PLACEMENT_3D('',#4580,#4581,#4582);
#4580 = CARTESIAN_POINT('',(143.,0.,0.));
#4581 = DIRECTION('',(0.,0.,1.));
#4582 = DIRECTION('',(1.,0.,-0.));
#4583 = CARTESIAN_POINT('',(145.,0.,0.));
#4584 = CARTESIAN_POINT('',(145.,0.,0.));
#4585 = ( GEOMETRIC_REPRESENTATION_CONTEXT(3) 
GLOBAL_UNCERTAINTY_ASSIGNED_CONTEXT((#4589)) 
GLOBAL_UNIT_ASSIGNED_CONTEXT((#4586,#4587,#4588)) REPRESENTATION_CONTEXT
('Context #1','3D Context with UNIT and UNCERTAINTY') );
#4586 = ( LENGTH_UNIT() NAMED_UNIT(*) SI_UNIT(.MILLI.,.METRE.) );
#4587 = ( NAMED_UNIT(*) PLANE_ANGLE_UNIT() SI_UNIT($,.RADIAN.) );
#4588 = ( NAMED_UNIT(*) SI_UNIT($,.STERADIAN.) SOLID_ANGLE_UNIT() );
#4589 = UNCERTAINTY_MEASURE_WITH_UNIT(LENGTH_MEASURE(1.E-07),#4586,
  'distance_accuracy_value','confusion accuracy');
#4590 = CONTEXT_DEPENDENT_SHAPE_REPRESENTATION(#4591,#4593);
#4591 = ( REPRESENTATION_RELATIONSHIP('','',#4575,#10) 
REPRESENTATION_RELATIONSHIP_WITH_TRANSFORMATION(#4592) 
SHAPE_REPRESENTATION_RELATIONSHIP() );
#4592 = ITEM_DEFINED_TRANSFORMATION('','',#11,#19);
#4593 = PRODUCT_DEFINITION_SHAPE('Placement','Placement of an item',
  #4594);
#4594 = NEXT_ASSEMBLY_USAGE_OCCURRENCE('6','','',#5,#4570,$);
#4595 = PRODUCT_RELATED_PRODUCT_CATEGORY('part',$,(#4572));
ENDSEC;
END-ISO-10303-21;
