ISO-10303-21;
HEADER;
FILE_DESCRIPTION(('Open CASCADE Model'),'2;1');
FILE_NAME('Open CASCADE Shape Model','2026-08-10T18:28:23',('Author'),(
    'Open CASCADE'),'Open CASCADE STEP processor 7.9','Open CASCADE 7.9'
  ,'Unknown');
FILE_SCHEMA(('AUTOMOTIVE_DESIGN { 1 0 10303 214 1 1 1 1 }'));
ENDSEC;
DATA;
#1 = APPLICATION_PROTOCOL_DEFINITION('international standard',
  'automotive_design',2000,#2);
#2 = APPLICATION_CONTEXT(
  'core data for automotive mechanical design processes');
#3 = SHAPE_DEFINITION_REPRESENTATION(#4,#10);
#4 = PRODUCT_DEFINITION_SHAPE('','',#5);
#5 = PRODUCT_DEFINITION('design','',#6,#9);
#6 = PRODUCT_DEFINITION_FORMATION('','',#7);
#7 = PRODUCT('Open CASCADE STEP translator 7.9 1',
  'Open CASCADE STEP translator 7.9 1','',(#8));
#8 = PRODUCT_CONTEXT('',#2,'mechanical');
#9 = PRODUCT_DEFINITION_CONTEXT('part definition',#2,'design');
#10 = SHAPE_REPRESENTATION('',(#11,#15,#19),#23);
#11 = AXIS2_PLACEMENT_3D('',#12,#13,#14);
#12 = CARTESIAN_POINT('',(0.,0.,0.));
#13 = DIRECTION('',(0.,0.,1.));
#14 = DIRECTION('',(1.,0.,-0.));
#15 = AXIS2_PLACEMENT_3D('',#16,#17,#18);
#16 = CARTESIAN_POINT('',(0.,0.,0.));
#17 = DIRECTION('',(0.,0.,1.));
#18 = DIRECTION('',(1.,0.,-0.));
#19 = AXIS2_PLACEMENT_3D('',#20,#21,#22);
#20 = CARTESIAN_POINT('',(0.,0.,0.));
#21 = DIRECTION('',(0.,0.,1.));
#22 = DIRECTION('',(1.,0.,-0.));
#23 = ( GEOMETRIC_REPRESENTATION_CONTEXT(3) 
GLOBAL_UNCERTAINTY_ASSIGNED_CONTEXT((#27)) GLOBAL_UNIT_ASSIGNED_CONTEXT(
(#24,#25,#26)) REPRESENTATION_CONTEXT('Context #1',
  '3D Context with UNIT and UNCERTAINTY') );
#24 = ( LENGTH_UNIT() NAMED_UNIT(*) SI_UNIT(.MILLI.,.METRE.) );
#25 = ( NAMED_UNIT(*) PLANE_ANGLE_UNIT() SI_UNIT($,.RADIAN.) );
#26 = ( NAMED_UNIT(*) SI_UNIT($,.STERADIAN.) SOLID_ANGLE_UNIT() );
#27 = UNCERTAINTY_MEASURE_WITH_UNIT(LENGTH_MEASURE(1.E-07),#24,
  'distance_accuracy_value','confusion accuracy');
#28 = PRODUCT_RELATED_PRODUCT_CATEGORY('part',$,(#7));
#29 = SHAPE_DEFINITION_REPRESENTATION(#30,#36);
#30 = PRODUCT_DEFINITION_SHAPE('','',#31);
#31 = PRODUCT_DEFINITION('design','',#32,#35);
#32 = PRODUCT_DEFINITION_FORMATION('','',#33);
#33 = PRODUCT('Open CASCADE STEP translator 7.9 1.1',
  'Open CASCADE STEP translator 7.9 1.1','',(#34));
#34 = PRODUCT_CONTEXT('',#2,'mechanical');
#35 = PRODUCT_DEFINITION_CONTEXT('part definition',#2,'design');
#36 = GEOMETRICALLY_BOUNDED_WIREFRAME_SHAPE_REPRESENTATION('',(#11,#37),
  #4557);
#37 = GEOMETRIC_CURVE_SET('',(#38));
#38 = TRIMMED_CURVE('',#39,(#4555,PARAMETER_VALUE(0.)),(#4556,
    PARAMETER_VALUE(162.19699054652)),.T.,.PARAMETER.);
#39 = B_SPLINE_CURVE_WITH_KNOTS('',3,(#40,#41,#42,#43,#44,#45,#46,#47,
    #48,#49,#50,#51,#52,#53,#54,#55,#56,#57,#58,#59,#60,#61,#62,#63,#64,
    #65,#66,#67,#68,#69,#70,#71,#72,#73,#74,#75,#76,#77,#78,#79,#80,#81,
    #82,#83,#84,#85,#86,#87,#88,#89,#90,#91,#92,#93,#94,#95,#96,#97,#98,
    #99,#100,#101,#102,#103,#104,#105,#106,#107,#108,#109,#110,#111,#112
    ,#113,#114,#115,#116,#117,#118,#119,#120,#121,#122,#123,#124,#125,
    #126,#127,#128,#129,#130,#131,#132,#133,#134,#135,#136,#137,#138,
    #139,#140,#141,#142,#143,#144,#145,#146,#147,#148,#149,#150,#151,
    #152,#153,#154,#155,#156,#157,#158,#159,#160,#161,#162,#163,#164,
    #165,#166,#167,#168,#169,#170,#171,#172,#173,#174,#175,#176,#177,
    #178,#179,#180,#181,#182,#183,#184,#185,#186,#187,#188,#189,#190,
    #191,#192,#193,#194,#195,#196,#197,#198,#199,#200,#201,#202,#203,
    #204,#205,#206,#207,#208,#209,#210,#211,#212,#213,#214,#215,#216,
    #217,#218,#219,#220,#221,#222,#223,#224,#225,#226,#227,#228,#229,
    #230,#231,#232,#233,#234,#235,#236,#237,#238,#239,#240,#241,#242,
    #243,#244,#245,#246,#247,#248,#249,#250,#251,#252,#253,#254,#255,
    #256,#257,#258,#259,#260,#261,#262,#263,#264,#265,#266,#267,#268,
    #269,#270,#271,#272,#273,#274,#275,#276,#277,#278,#279,#280,#281,
    #282,#283,#284,#285,#286,#287,#288,#289,#290,#291,#292,#293,#294,
    #295,#296,#297,#298,#299,#300,#301,#302,#303,#304,#305,#306,#307,
    #308,#309,#310,#311,#312,#313,#314,#315,#316,#317,#318,#319,#320,
    #321,#322,#323,#324,#325,#326,#327,#328,#329,#330,#331,#332,#333,
    #334,#335,#336,#337,#338,#339,#340,#341,#342,#343,#344,#345,#346,
    #347,#348,#349,#350,#351,#352,#353,#354,#355,#356,#357,#358,#359,
    #360,#361,#362,#363,#364,#365,#366,#367,#368,#369,#370,#371,#372,
    #373,#374,#375,#376,#377,#378,#379,#380,#381,#382,#383,#384,#385,
    #386,#387,#388,#389,#390,#391,#392,#393,#394,#395,#396,#397,#398,
    #399,#400,#401,#402,#403,#404,#405,#406,#407,#408,#409,#410,#411,
    #412,#413,#414,#415,#416,#417,#418,#419,#420,#421,#422,#423,#424,
    #425,#426,#427,#428,#429,#430,#431,#432,#433,#434,#435,#436,#437,
    #438,#439,#440,#441,#442,#443,#444,#445,#446,#447,#448,#449,#450,
    #451,#452,#453,#454,#455,#456,#457,#458,#459,#460,#461,#462,#463,
    #464,#465,#466,#467,#468,#469,#470,#471,#472,#473,#474,#475,#476,
    #477,#478,#479,#480,#481,#482,#483,#484,#485,#486,#487,#488,#489,
    #490,#491,#492,#493,#494,#495,#496,#497,#498,#499,#500,#501,#502,
    #503,#504,#505,#506,#507,#508,#509,#510,#511,#512,#513,#514,#515,
    #516,#517,#518,#519,#520,#521,#522,#523,#524,#525,#526,#527,#528,
    #529,#530,#531,#532,#533,#534,#535,#536,#537,#538,#539,#540,#541,
    #542,#543,#544,#545,#546,#547,#548,#549,#550,#551,#552,#553,#554,
    #555,#556,#557,#558,#559,#560,#561,#562,#563,#564,#565,#566,#567,
    #568,#569,#570,#571,#572,#573,#574,#575,#576,#577,#578,#579,#580,
    #581,#582,#583,#584,#585,#586,#587,#588,#589,#590,#591,#592,#593,
    #594,#595,#596,#597,#598,#599,#600,#601,#602,#603,#604,#605,#606,
    #607,#608,#609,#610,#611,#612,#613,#614,#615,#616,#617,#618,#619,
    #620,#621,#622,#623,#624,#625,#626,#627,#628,#629,#630,#631,#632,
    #633,#634,#635,#636,#637,#638,#639,#640,#641,#642,#643,#644,#645,
    #646,#647,#648,#649,#650,#651,#652,#653,#654,#655,#656,#657,#658,
    #659,#660,#661,#662,#663,#664,#665,#666,#667,#668,#669,#670,#671,
    #672,#673,#674,#675,#676,#677,#678,#679,#680,#681,#682,#683,#684,
    #685,#686,#687,#688,#689,#690,#691,#692,#693,#694,#695,#696,#697,
    #698,#699,#700,#701,#702,#703,#704,#705,#706,#707,#708,#709,#710,
    #711,#712,#713,#714,#715,#716,#717,#718,#719,#720,#721,#722,#723,
    #724,#725,#726,#727,#728,#729,#730,#731,#732,#733,#734,#735,#736,
    #737,#738,#739,#740,#741,#742,#743,#744,#745,#746,#747,#748,#749,
    #750,#751,#752,#753,#754,#755,#756,#757,#758,#759,#760,#761,#762,
    #763,#764,#765,#766,#767,#768,#769,#770,#771,#772,#773,#774,#775,
    #776,#777,#778,#779,#780,#781,#782,#783,#784,#785,#786,#787,#788,
    #789,#790,#791,#792,#793,#794,#795,#796,#797,#798,#799,#800,#801,
    #802,#803,#804,#805,#806,#807,#808,#809,#810,#811,#812,#813,#814,
    #815,#816,#817,#818,#819,#820,#821,#822,#823,#824,#825,#826,#827,
    #828,#829,#830,#831,#832,#833,#834,#835,#836,#837,#838,#839,#840,
    #841,#842,#843,#844,#845,#846,#847,#848,#849,#850,#851,#852,#853,
    #854,#855,#856,#857,#858,#859,#860,#861,#862,#863,#864,#865,#866,
    #867,#868,#869,#870,#871,#872,#873,#874,#875,#876,#877,#878,#879,
    #880,#881,#882,#883,#884,#885,#886,#887,#888,#889,#890,#891,#892,
    #893,#894,#895,#896,#897,#898,#899,#900,#901,#902,#903,#904,#905,
    #906,#907,#908,#909,#910,#911,#912,#913,#914,#915,#916,#917,#918,
    #919,#920,#921,#922,#923,#924,#925,#926,#927,#928,#929,#930,#931,
    #932,#933,#934,#935,#936,#937,#938,#939,#940,#941,#942,#943,#944,
    #945,#946,#947,#948,#949,#950,#951,#952,#953,#954,#955,#956,#957,
    #958,#959,#960,#961,#962,#963,#964,#965,#966,#967,#968,#969,#970,
    #971,#972,#973,#974,#975,#976,#977,#978,#979,#980,#981,#982,#983,
    #984,#985,#986,#987,#988,#989,#990,#991,#992,#993,#994,#995,#996,
    #997,#998,#999,#1000,#1001,#1002,#1003,#1004,#1005,#1006,#1007,#1008
    ,#1009,#1010,#1011,#1012,#1013,#1014,#1015,#1016,#1017,#1018,#1019,
    #1020,#1021,#1022,#1023,#1024,#1025,#1026,#1027,#1028,#1029,#1030,
    #1031,#1032,#1033,#1034,#1035,#1036,#1037,#1038,#1039,#1040,#1041,
    #1042,#1043,#1044,#1045,#1046,#1047,#1048,#1049,#1050,#1051,#1052,
    #1053,#1054,#1055,#1056,#1057,#1058,#1059,#1060,#1061,#1062,#1063,
    #1064,#1065,#1066,#1067,#1068,#1069,#1070,#1071,#1072,#1073,#1074,
    #1075,#1076,#1077,#1078,#1079,#1080,#1081,#1082,#1083,#1084,#1085,
    #1086,#1087,#1088,#1089,#1090,#1091,#1092,#1093,#1094,#1095,#1096,
    #1097,#1098,#1099,#1100,#1101,#1102,#1103,#1104,#1105,#1106,#1107,
    #1108,#1109,#1110,#1111,#1112,#1113,#1114,#1115,#1116,#1117,#1118,
    #1119,#1120,#1121,#1122,#1123,#1124,#1125,#1126,#1127,#1128,#1129,
    #1130,#1131,#1132,#1133,#1134,#1135,#1136,#1137,#1138,#1139,#1140,
    #1141,#1142,#1143,#1144,#1145,#1146,#1147,#1148,#1149,#1150,#1151,
    #1152,#1153,#1154,#1155,#1156,#1157,#1158,#1159,#1160,#1161,#1162,
    #1163,#1164,#1165,#1166,#1167,#1168,#1169,#1170,#1171,#1172,#1173,
    #1174,#1175,#1176,#1177,#1178,#1179,#1180,#1181,#1182,#1183,#1184,
    #1185,#1186,#1187,#1188,#1189,#1190,#1191,#1192,#1193,#1194,#1195,
    #1196,#1197,#1198,#1199,#1200,#1201,#1202,#1203,#1204,#1205,#1206,
    #1207,#1208,#1209,#1210,#1211,#1212,#1213,#1214,#1215,#1216,#1217,
    #1218,#1219,#1220,#1221,#1222,#1223,#1224,#1225,#1226,#1227,#1228,
    #1229,#1230,#1231,#1232,#1233,#1234,#1235,#1236,#1237,#1238,#1239,
    #1240,#1241,#1242,#1243,#1244,#1245,#1246,#1247,#1248,#1249,#1250,
    #1251,#1252,#1253,#1254,#1255,#1256,#1257,#1258,#1259,#1260,#1261,
    #1262,#1263,#1264,#1265,#1266,#1267,#1268,#1269,#1270,#1271,#1272,
    #1273,#1274,#1275,#1276,#1277,#1278,#1279,#1280,#1281,#1282,#1283,
    #1284,#1285,#1286,#1287,#1288,#1289,#1290,#1291,#1292,#1293,#1294,
    #1295,#1296,#1297,#1298,#1299,#1300,#1301,#1302,#1303,#1304,#1305,
    #1306,#1307,#1308,#1309,#1310,#1311,#1312,#1313,#1314,#1315,#1316,
    #1317,#1318,#1319,#1320,#1321,#1322,#1323,#1324,#1325,#1326,#1327,
    #1328,#1329,#1330,#1331,#1332,#1333,#1334,#1335,#1336,#1337,#1338,
    #1339,#1340,#1341,#1342,#1343,#1344,#1345,#1346,#1347,#1348,#1349,
    #1350,#1351,#1352,#1353,#1354,#1355,#1356,#1357,#1358,#1359,#1360,
    #1361,#1362,#1363,#1364,#1365,#1366,#1367,#1368,#1369,#1370,#1371,
    #1372,#1373,#1374,#1375,#1376,#1377,#1378,#1379,#1380,#1381,#1382,
    #1383,#1384,#1385,#1386,#1387,#1388,#1389,#1390,#1391,#1392,#1393,
    #1394,#1395,#1396,#1397,#1398,#1399,#1400,#1401,#1402,#1403,#1404,
    #1405,#1406,#1407,#1408,#1409,#1410,#1411,#1412,#1413,#1414,#1415,
    #1416,#1417,#1418,#1419,#1420,#1421,#1422,#1423,#1424,#1425,#1426,
    #1427,#1428,#1429,#1430,#1431,#1432,#1433,#1434,#1435,#1436,#1437,
    #1438,#1439,#1440,#1441,#1442,#1443,#1444,#1445,#1446,#1447,#1448,
    #1449,#1450,#1451,#1452,#1453,#1454,#1455,#1456,#1457,#1458,#1459,
    #1460,#1461,#1462,#1463,#1464,#1465,#1466,#1467,#1468,#1469,#1470,
    #1471,#1472,#1473,#1474,#1475,#1476,#1477,#1478,#1479,#1480,#1481,
    #1482,#1483,#1484,#1485,#1486,#1487,#1488,#1489,#1490,#1491,#1492,
    #1493,#1494,#1495,#1496,#1497,#1498,#1499,#1500,#1501,#1502,#1503,
    #1504,#1505,#1506,#1507,#1508,#1509,#1510,#1511,#1512,#1513,#1514,
    #1515,#1516,#1517,#1518,#1519,#1520,#1521,#1522,#1523,#1524,#1525,
    #1526,#1527,#1528,#1529,#1530,#1531,#1532,#1533,#1534,#1535,#1536,
    #1537,#1538,#1539,#1540,#1541,#1542,#1543,#1544,#1545,#1546,#1547,
    #1548,#1549,#1550,#1551,#1552,#1553,#1554,#1555,#1556,#1557,#1558,
    #1559,#1560,#1561,#1562,#1563,#1564,#1565,#1566,#1567,#1568,#1569,
    #1570,#1571,#1572,#1573,#1574,#1575,#1576,#1577,#1578,#1579,#1580,
    #1581,#1582,#1583,#1584,#1585,#1586,#1587,#1588,#1589,#1590,#1591,
    #1592,#1593,#1594,#1595,#1596,#1597,#1598,#1599,#1600,#1601,#1602,
    #1603,#1604,#1605,#1606,#1607,#1608,#1609,#1610,#1611,#1612,#1613,
    #1614,#1615,#1616,#1617,#1618,#1619,#1620,#1621,#1622,#1623,#1624,
    #1625,#1626,#1627,#1628,#1629,#1630,#1631,#1632,#1633,#1634,#1635,
    #1636,#1637,#1638,#1639,#1640,#1641,#1642,#1643,#1644,#1645,#1646,
    #1647,#1648,#1649,#1650,#1651,#1652,#1653,#1654,#1655,#1656,#1657,
    #1658,#1659,#1660,#1661,#1662,#1663,#1664,#1665,#1666,#1667,#1668,
    #1669,#1670,#1671,#1672,#1673,#1674,#1675,#1676,#1677,#1678,#1679,
    #1680,#1681,#1682,#1683,#1684,#1685,#1686,#1687,#1688,#1689,#1690,
    #1691,#1692,#1693,#1694,#1695,#1696,#1697,#1698,#1699,#1700,#1701,
    #1702,#1703,#1704,#1705,#1706,#1707,#1708,#1709,#1710,#1711,#1712,
    #1713,#1714,#1715,#1716,#1717,#1718,#1719,#1720,#1721,#1722,#1723,
    #1724,#1725,#1726,#1727,#1728,#1729,#1730,#1731,#1732,#1733,#1734,
    #1735,#1736,#1737,#1738,#1739,#1740,#1741,#1742,#1743,#1744,#1745,
    #1746,#1747,#1748,#1749,#1750,#1751,#1752,#1753,#1754,#1755,#1756,
    #1757,#1758,#1759,#1760,#1761,#1762,#1763,#1764,#1765,#1766,#1767,
    #1768,#1769,#1770,#1771,#1772,#1773,#1774,#1775,#1776,#1777,#1778,
    #1779,#1780,#1781,#1782,#1783,#1784,#1785,#1786,#1787,#1788,#1789,
    #1790,#1791,#1792,#1793,#1794,#1795,#1796,#1797,#1798,#1799,#1800,
    #1801,#1802,#1803,#1804,#1805,#1806,#1807,#1808,#1809,#1810,#1811,
    #1812,#1813,#1814,#1815,#1816,#1817,#1818,#1819,#1820,#1821,#1822,
    #1823,#1824,#1825,#1826,#1827,#1828,#1829,#1830,#1831,#1832,#1833,
    #1834,#1835,#1836,#1837,#1838,#1839,#1840,#1841,#1842,#1843,#1844,
    #1845,#1846,#1847,#1848,#1849,#1850,#1851,#1852,#1853,#1854,#1855,
    #1856,#1857,#1858,#1859,#1860,#1861,#1862,#1863,#1864,#1865,#1866,
    #1867,#1868,#1869,#1870,#1871,#1872,#1873,#1874,#1875,#1876,#1877,
    #1878,#1879,#1880,#1881,#1882,#1883,#1884,#1885,#1886,#1887,#1888,
    #1889,#1890,#1891,#1892,#1893,#1894,#1895,#1896,#1897,#1898,#1899,
    #1900,#1901,#1902,#1903,#1904,#1905,#1906,#1907,#1908,#1909,#1910,
    #1911,#1912,#1913,#1914,#1915,#1916,#1917,#1918,#1919,#1920,#1921,
    #1922,#1923,#1924,#1925,#1926,#1927,#1928,#1929,#1930,#1931,#1932,
    #1933,#1934,#1935,#1936,#1937,#1938,#1939,#1940,#1941,#1942,#1943,
    #1944,#1945,#1946,#1947,#1948,#1949,#1950,#1951,#1952,#1953,#1954,
    #1955,#1956,#1957,#1958,#1959,#1960,#1961,#1962,#1963,#1964,#1965,
    #1966,#1967,#1968,#1969,#1970,#1971,#1972,#1973,#1974,#1975,#1976,
    #1977,#1978,#1979,#1980,#1981,#1982,#1983,#1984,#1985,#1986,#1987,
    #1988,#1989,#1990,#1991,#1992,#1993,#1994,#1995,#1996,#1997,#1998,
    #1999,#2000,#2001,#2002,#2003,#2004,#2005,#2006,#2007,#2008,#2009,
    #2010,#2011,#2012,#2013,#2014,#2015,#2016,#2017,#2018,#2019,#2020,
    #2021,#2022,#2023,#2024,#2025,#2026,#2027,#2028,#2029,#2030,#2031,
    #2032,#2033,#2034,#2035,#2036,#2037,#2038,#2039,#2040,#2041,#2042,
    #2043,#2044,#2045,#2046,#2047,#2048,#2049,#2050,#2051,#2052,#2053,
    #2054,#2055,#2056,#2057,#2058,#2059,#2060,#2061,#2062,#2063,#2064,
    #2065,#2066,#2067,#2068,#2069,#2070,#2071,#2072,#2073,#2074,#2075,
    #2076,#2077,#2078,#2079,#2080,#2081,#2082,#2083,#2084,#2085,#2086,
    #2087,#2088,#2089,#2090,#2091,#2092,#2093,#2094,#2095,#2096,#2097,
    #2098,#2099,#2100,#2101,#2102,#2103,#2104,#2105,#2106,#2107,#2108,
    #2109,#2110,#2111,#2112,#2113,#2114,#2115,#2116,#2117,#2118,#2119,
    #2120,#2121,#2122,#2123,#2124,#2125,#2126,#2127,#2128,#2129,#2130,
    #2131,#2132,#2133,#2134,#2135,#2136,#2137,#2138,#2139,#2140,#2141,
    #2142,#2143,#2144,#2145,#2146,#2147,#2148,#2149,#2150,#2151,#2152,
    #2153,#2154,#2155,#2156,#2157,#2158,#2159,#2160,#2161,#2162,#2163,
    #2164,#2165,#2166,#2167,#2168,#2169,#2170,#2171,#2172,#2173,#2174,
    #2175,#2176,#2177,#2178,#2179,#2180,#2181,#2182,#2183,#2184,#2185,
    #2186,#2187,#2188,#2189,#2190,#2191,#2192,#2193,#2194,#2195,#2196,
    #2197,#2198,#2199,#2200,#2201,#2202,#2203,#2204,#2205,#2206,#2207,
    #2208,#2209,#2210,#2211,#2212,#2213,#2214,#2215,#2216,#2217,#2218,
    #2219,#2220,#2221,#2222,#2223,#2224,#2225,#2226,#2227,#2228,#2229,
    #2230,#2231,#2232,#2233,#2234,#2235,#2236,#2237,#2238,#2239,#2240,
    #2241,#2242,#2243,#2244,#2245,#2246,#2247,#2248,#2249,#2250,#2251,
    #2252,#2253,#2254,#2255,#2256,#2257,#2258,#2259,#2260,#2261,#2262,
    #2263,#2264,#2265,#2266,#2267,#2268,#2269,#2270,#2271,#2272,#2273,
    #2274,#2275,#2276,#2277,#2278,#2279,#2280,#2281,#2282,#2283,#2284,
    #2285,#2286,#2287,#2288,#2289,#2290,#2291,#2292,#2293,#2294,#2295,
    #2296,#2297,#2298,#2299,#2300,#2301,#2302,#2303,#2304,#2305,#2306,
    #2307,#2308,#2309,#2310,#2311,#2312,#2313,#2314,#2315,#2316,#2317,
    #2318,#2319,#2320,#2321,#2322,#2323,#2324,#2325,#2326,#2327,#2328,
    #2329,#2330,#2331,#2332,#2333,#2334,#2335,#2336,#2337,#2338,#2339,
    #2340,#2341,#2342,#2343,#2344,#2345,#2346,#2347,#2348,#2349,#2350,
    #2351,#2352,#2353,#2354,#2355,#2356,#2357,#2358,#2359,#2360,#2361,
    #2362,#2363,#2364,#2365,#2366,#2367,#2368,#2369,#2370,#2371,#2372,
    #2373,#2374,#2375,#2376,#2377,#2378,#2379,#2380,#2381,#2382,#2383,
    #2384,#2385,#2386,#2387,#2388,#2389,#2390,#2391,#2392,#2393,#2394,
    #2395,#2396,#2397,#2398,#2399,#2400,#2401,#2402,#2403,#2404,#2405,
    #2406,#2407,#2408,#2409,#2410,#2411,#2412,#2413,#2414,#2415,#2416,
    #2417,#2418,#2419,#2420,#2421,#2422,#2423,#2424,#2425,#2426,#2427,
    #2428,#2429,#2430,#2431,#2432,#2433,#2434,#2435,#2436,#2437,#2438,
    #2439,#2440,#2441,#2442,#2443,#2444,#2445,#2446,#2447,#2448,#2449,
    #2450,#2451,#2452,#2453,#2454,#2455,#2456,#2457,#2458,#2459,#2460,
    #2461,#2462,#2463,#2464,#2465,#2466,#2467,#2468,#2469,#2470,#2471,
    #2472,#2473,#2474,#2475,#2476,#2477,#2478,#2479,#2480,#2481,#2482,
    #2483,#2484,#2485,#2486,#2487,#2488,#2489,#2490,#2491,#2492,#2493,
    #2494,#2495,#2496,#2497,#2498,#2499,#2500,#2501,#2502,#2503,#2504,
    #2505,#2506,#2507,#2508,#2509,#2510,#2511,#2512,#2513,#2514,#2515,
    #2516,#2517,#2518,#2519,#2520,#2521,#2522,#2523,#2524,#2525,#2526,
    #2527,#2528,#2529,#2530,#2531,#2532,#2533,#2534,#2535,#2536,#2537,
    #2538,#2539,#2540,#2541,#2542,#2543,#2544,#2545,#2546,#2547,#2548,
    #2549,#2550,#2551,#2552,#2553,#2554,#2555,#2556,#2557,#2558,#2559,
    #2560,#2561,#2562,#2563,#2564,#2565,#2566,#2567,#2568,#2569,#2570,
    #2571,#2572,#2573,#2574,#2575,#2576,#2577,#2578,#2579,#2580,#2581,
    #2582,#2583,#2584,#2585,#2586,#2587,#2588,#2589,#2590,#2591,#2592,
    #2593,#2594,#2595,#2596,#2597,#2598,#2599,#2600,#2601,#2602,#2603,
    #2604,#2605,#2606,#2607,#2608,#2609,#2610,#2611,#2612,#2613,#2614,
    #2615,#2616,#2617,#2618,#2619,#2620,#2621,#2622,#2623,#2624,#2625,
    #2626,#2627,#2628,#2629,#2630,#2631,#2632,#2633,#2634,#2635,#2636,
    #2637,#2638,#2639,#2640,#2641,#2642,#2643,#2644,#2645,#2646,#2647,
    #2648,#2649,#2650,#2651,#2652,#2653,#2654,#2655,#2656,#2657,#2658,
    #2659,#2660,#2661,#2662,#2663,#2664,#2665,#2666,#2667,#2668,#2669,
    #2670,#2671,#2672,#2673,#2674,#2675,#2676,#2677,#2678,#2679,#2680,
    #2681,#2682,#2683,#2684,#2685,#2686,#2687,#2688,#2689,#2690,#2691,
    #2692,#2693,#2694,#2695,#2696,#2697,#2698,#2699,#2700,#2701,#2702,
    #2703,#2704,#2705,#2706,#2707,#2708,#2709,#2710,#2711,#2712,#2713,
    #2714,#2715,#2716,#2717,#2718,#2719,#2720,#2721,#2722,#2723,#2724,
    #2725,#2726,#2727,#2728,#2729,#2730,#2731,#2732,#2733,#2734,#2735,
    #2736,#2737,#2738,#2739,#2740,#2741,#2742,#2743,#2744,#2745,#2746,
    #2747,#2748,#2749,#2750,#2751,#2752,#2753,#2754,#2755,#2756,#2757,
    #2758,#2759,#2760,#2761,#2762,#2763,#2764,#2765,#2766,#2767,#2768,
    #2769,#2770,#2771,#2772,#2773,#2774,#2775,#2776,#2777,#2778,#2779,
    #2780,#2781,#2782,#2783,#2784,#2785,#2786,#2787,#2788,#2789,#2790,
    #2791,#2792,#2793,#2794,#2795,#2796,#2797,#2798,#2799,#2800,#2801,
    #2802,#2803,#2804,#2805,#2806,#2807,#2808,#2809,#2810,#2811,#2812,
    #2813,#2814,#2815,#2816,#2817,#2818,#2819,#2820,#2821,#2822,#2823,
    #2824,#2825,#2826,#2827,#2828,#2829,#2830,#2831,#2832,#2833,#2834,
    #2835,#2836,#2837,#2838,#2839,#2840,#2841,#2842,#2843,#2844,#2845,
    #2846,#2847,#2848,#2849,#2850,#2851,#2852,#2853,#2854,#2855,#2856,
    #2857,#2858,#2859,#2860,#2861,#2862,#2863,#2864,#2865,#2866,#2867,
    #2868,#2869,#2870,#2871,#2872,#2873,#2874,#2875,#2876,#2877,#2878,
    #2879,#2880,#2881,#2882,#2883,#2884,#2885,#2886,#2887,#2888,#2889,
    #2890,#2891,#2892,#2893,#2894,#2895,#2896,#2897,#2898,#2899,#2900,
    #2901,#2902,#2903,#2904,#2905,#2906,#2907,#2908,#2909,#2910,#2911,
    #2912,#2913,#2914,#2915,#2916,#2917,#2918,#2919,#2920,#2921,#2922,
    #2923,#2924,#2925,#2926,#2927,#2928,#2929,#2930,#2931,#2932,#2933,
    #2934,#2935,#2936,#2937,#2938,#2939,#2940,#2941,#2942,#2943,#2944,
    #2945,#2946,#2947,#2948,#2949,#2950,#2951,#2952,#2953,#2954,#2955,
    #2956,#2957,#2958,#2959,#2960,#2961,#2962,#2963,#2964,#2965,#2966,
    #2967,#2968,#2969,#2970,#2971,#2972,#2973,#2974,#2975,#2976,#2977,
    #2978,#2979,#2980,#2981,#2982,#2983,#2984,#2985,#2986,#2987,#2988,
    #2989,#2990,#2991,#2992,#2993,#2994,#2995,#2996,#2997,#2998,#2999,
    #3000,#3001,#3002,#3003,#3004,#3005,#3006,#3007,#3008,#3009,#3010,
    #3011,#3012,#3013,#3014,#3015,#3016,#3017,#3018,#3019,#3020,#3021,
    #3022,#3023,#3024,#3025,#3026,#3027,#3028,#3029,#3030,#3031,#3032,
    #3033,#3034,#3035,#3036,#3037,#3038,#3039,#3040,#3041,#3042,#3043,
    #3044,#3045,#3046,#3047,#3048,#3049,#3050,#3051,#3052,#3053,#3054,
    #3055,#3056,#3057,#3058,#3059,#3060,#3061,#3062,#3063,#3064,#3065,
    #3066,#3067,#3068,#3069,#3070,#3071,#3072,#3073,#3074,#3075,#3076,
    #3077,#3078,#3079,#3080,#3081,#3082,#3083,#3084,#3085,#3086,#3087,
    #3088,#3089,#3090,#3091,#3092,#3093,#3094,#3095,#3096,#3097,#3098,
    #3099,#3100,#3101,#3102,#3103,#3104,#3105,#3106,#3107,#3108,#3109,
    #3110,#3111,#3112,#3113,#3114,#3115,#3116,#3117,#3118,#3119,#3120,
    #3121,#3122,#3123,#3124,#3125,#3126,#3127,#3128,#3129,#3130,#3131,
    #3132,#3133,#3134,#3135,#3136,#3137,#3138,#3139,#3140,#3141,#3142,
    #3143,#3144,#3145,#3146,#3147,#3148,#3149,#3150,#3151,#3152,#3153,
    #3154,#3155,#3156,#3157,#3158,#3159,#3160,#3161,#3162,#3163,#3164,
    #3165,#3166,#3167,#3168,#3169,#3170,#3171,#3172,#3173,#3174,#3175,
    #3176,#3177,#3178,#3179,#3180,#3181,#3182,#3183,#3184,#3185,#3186,
    #3187,#3188,#3189,#3190,#3191,#3192,#3193,#3194,#3195,#3196,#3197,
    #3198,#3199,#3200,#3201,#3202,#3203,#3204,#3205,#3206,#3207,#3208,
    #3209,#3210,#3211,#3212,#3213,#3214,#3215,#3216,#3217,#3218,#3219,
    #3220,#3221,#3222,#3223,#3224,#3225,#3226,#3227,#3228,#3229,#3230,
    #3231,#3232,#3233,#3234,#3235,#3236,#3237,#3238,#3239,#3240,#3241,
    #3242,#3243,#3244,#3245,#3246,#3247,#3248,#3249,#3250,#3251,#3252,
    #3253,#3254,#3255,#3256,#3257,#3258,#3259,#3260,#3261,#3262,#3263,
    #3264,#3265,#3266,#3267,#3268,#3269,#3270,#3271,#3272,#3273,#3274,
    #3275,#3276,#3277,#3278,#3279,#3280,#3281,#3282,#3283,#3284,#3285,
    #3286,#3287,#3288,#3289,#3290,#3291,#3292,#3293,#3294,#3295,#3296,
    #3297,#3298,#3299,#3300,#3301,#3302,#3303,#3304,#3305,#3306,#3307,
    #3308,#3309,#3310,#3311,#3312,#3313,#3314,#3315,#3316,#3317,#3318,
    #3319,#3320,#3321,#3322,#3323,#3324,#3325,#3326,#3327,#3328,#3329,
    #3330,#3331,#3332,#3333,#3334,#3335,#3336,#3337,#3338,#3339,#3340,
    #3341,#3342,#3343,#3344,#3345,#3346,#3347,#3348,#3349,#3350,#3351,
    #3352,#3353,#3354,#3355,#3356,#3357,#3358,#3359,#3360,#3361,#3362,
    #3363,#3364,#3365,#3366,#3367,#3368,#3369,#3370,#3371,#3372,#3373,
    #3374,#3375,#3376,#3377,#3378,#3379,#3380,#3381,#3382,#3383,#3384,
    #3385,#3386,#3387,#3388,#3389,#3390,#3391,#3392,#3393,#3394,#3395,
    #3396,#3397,#3398,#3399,#3400,#3401,#3402,#3403,#3404,#3405,#3406,
    #3407,#3408,#3409,#3410,#3411,#3412,#3413,#3414,#3415,#3416,#3417,
    #3418,#3419,#3420,#3421,#3422,#3423,#3424,#3425,#3426,#3427,#3428,
    #3429,#3430,#3431,#3432,#3433,#3434,#3435,#3436,#3437,#3438,#3439,
    #3440,#3441,#3442,#3443,#3444,#3445,#3446,#3447,#3448,#3449,#3450,
    #3451,#3452,#3453,#3454,#3455,#3456,#3457,#3458,#3459,#3460,#3461,
    #3462,#3463,#3464,#3465,#3466,#3467,#3468,#3469,#3470,#3471,#3472,
    #3473,#3474,#3475,#3476,#3477,#3478,#3479,#3480,#3481,#3482,#3483,
    #3484,#3485,#3486,#3487,#3488,#3489,#3490,#3491,#3492,#3493,#3494,
    #3495,#3496,#3497,#3498,#3499,#3500,#3501,#3502,#3503,#3504,#3505,
    #3506,#3507,#3508,#3509,#3510,#3511,#3512,#3513,#3514,#3515,#3516,
    #3517,#3518,#3519,#3520,#3521,#3522,#3523,#3524,#3525,#3526,#3527,
    #3528,#3529,#3530,#3531,#3532,#3533,#3534,#3535,#3536,#3537,#3538,
    #3539,#3540,#3541,#3542,#3543,#3544,#3545,#3546,#3547,#3548,#3549,
    #3550,#3551,#3552,#3553,#3554,#3555,#3556,#3557,#3558,#3559,#3560,
    #3561,#3562,#3563,#3564,#3565,#3566,#3567,#3568,#3569,#3570,#3571,
    #3572,#3573,#3574,#3575,#3576,#3577,#3578,#3579,#3580,#3581,#3582,
    #3583,#3584,#3585,#3586,#3587,#3588,#3589,#3590,#3591,#3592,#3593,
    #3594,#3595,#3596,#3597,#3598,#3599,#3600,#3601,#3602,#3603,#3604,
    #3605,#3606,#3607,#3608,#3609,#3610,#3611,#3612,#3613,#3614,#3615,
    #3616,#3617,#3618,#3619,#3620,#3621,#3622,#3623,#3624,#3625,#3626,
    #3627,#3628,#3629,#3630,#3631,#3632,#3633,#3634,#3635,#3636,#3637,
    #3638,#3639,#3640,#3641,#3642,#3643,#3644,#3645,#3646,#3647,#3648,
    #3649,#3650,#3651,#3652,#3653,#3654,#3655,#3656,#3657,#3658,#3659,
    #3660,#3661,#3662,#3663,#3664,#3665,#3666,#3667,#3668,#3669,#3670,
    #3671,#3672,#3673,#3674,#3675,#3676,#3677,#3678,#3679,#3680,#3681,
    #3682,#3683,#3684,#3685,#3686,#3687,#3688,#3689,#3690,#3691,#3692,
    #3693,#3694,#3695,#3696,#3697,#3698,#3699,#3700,#3701,#3702,#3703,
    #3704,#3705,#3706,#3707,#3708,#3709,#3710,#3711,#3712,#3713,#3714,
    #3715,#3716,#3717,#3718,#3719,#3720,#3721,#3722,#3723,#3724,#3725,
    #3726,#3727,#3728,#3729,#3730,#3731,#3732,#3733,#3734,#3735,#3736,
    #3737,#3738,#3739,#3740,#3741,#3742,#3743,#3744,#3745,#3746,#3747,
    #3748,#3749,#3750,#3751,#3752,#3753,#3754,#3755,#3756,#3757,#3758,
    #3759,#3760,#3761,#3762,#3763,#3764,#3765,#3766,#3767,#3768,#3769,
    #3770,#3771,#3772,#3773,#3774,#3775,#3776,#3777,#3778,#3779,#3780,
    #3781,#3782,#3783,#3784,#3785,#3786,#3787,#3788,#3789,#3790,#3791,
    #3792,#3793,#3794,#3795,#3796,#3797,#3798,#3799,#3800,#3801,#3802,
    #3803,#3804,#3805,#3806,#3807,#3808,#3809,#3810,#3811,#3812,#3813,
    #3814,#3815,#3816,#3817,#3818,#3819,#3820,#3821,#3822,#3823,#3824,
    #3825,#3826,#3827,#3828,#3829,#3830,#3831,#3832,#3833,#3834,#3835,
    #3836,#3837,#3838,#3839,#3840,#3841,#3842,#3843,#3844,#3845,#3846,
    #3847,#3848,#3849,#3850,#3851,#3852,#3853,#3854,#3855,#3856,#3857,
    #3858,#3859,#3860,#3861,#3862,#3863,#3864,#3865,#3866,#3867,#3868,
    #3869,#3870,#3871,#3872,#3873,#3874,#3875,#3876,#3877,#3878,#3879,
    #3880,#3881,#3882,#3883,#3884,#3885,#3886,#3887,#3888,#3889,#3890,
    #3891,#3892,#3893,#3894,#3895,#3896,#3897,#3898,#3899,#3900,#3901,
    #3902,#3903,#3904,#3905,#3906,#3907,#3908,#3909,#3910,#3911,#3912,
    #3913,#3914,#3915,#3916,#3917,#3918,#3919,#3920,#3921,#3922,#3923,
    #3924,#3925,#3926,#3927,#3928,#3929,#3930,#3931,#3932,#3933,#3934,
    #3935,#3936,#3937,#3938,#3939,#3940,#3941,#3942,#3943,#3944,#3945,
    #3946,#3947,#3948,#3949,#3950,#3951,#3952,#3953,#3954,#3955,#3956,
    #3957,#3958,#3959,#3960,#3961,#3962,#3963,#3964,#3965,#3966,#3967,
    #3968,#3969,#3970,#3971,#3972,#3973,#3974,#3975,#3976,#3977,#3978,
    #3979,#3980,#3981,#3982,#3983,#3984,#3985,#3986,#3987,#3988,#3989,
    #3990,#3991,#3992,#3993,#3994,#3995,#3996,#3997,#3998,#3999,#4000,
    #4001,#4002,#4003,#4004,#4005,#4006,#4007,#4008,#4009,#4010,#4011,
    #4012,#4013,#4014,#4015,#4016,#4017,#4018,#4019,#4020,#4021,#4022,
    #4023,#4024,#4025,#4026,#4027,#4028,#4029,#4030,#4031,#4032,#4033,
    #4034,#4035,#4036,#4037,#4038,#4039,#4040,#4041,#4042,#4043,#4044,
    #4045,#4046,#4047,#4048,#4049,#4050,#4051,#4052,#4053,#4054,#4055,
    #4056,#4057,#4058,#4059,#4060,#4061,#4062,#4063,#4064,#4065,#4066,
    #4067,#4068,#4069,#4070,#4071,#4072,#4073,#4074,#4075,#4076,#4077,
    #4078,#4079,#4080,#4081,#4082,#4083,#4084,#4085,#4086,#4087,#4088,
    #4089,#4090,#4091,#4092,#4093,#4094,#4095,#4096,#4097,#4098,#4099,
    #4100,#4101,#4102,#4103,#4104,#4105,#4106,#4107,#4108,#4109,#4110,
    #4111,#4112,#4113,#4114,#4115,#4116,#4117,#4118,#4119,#4120,#4121,
    #4122,#4123,#4124,#4125,#4126,#4127,#4128,#4129,#4130,#4131,#4132,
    #4133,#4134,#4135,#4136,#4137,#4138,#4139,#4140,#4141,#4142,#4143,
    #4144,#4145,#4146,#4147,#4148,#4149,#4150,#4151,#4152,#4153,#4154,
    #4155,#4156,#4157,#4158,#4159,#4160,#4161,#4162,#4163,#4164,#4165,
    #4166,#4167,#4168,#4169,#4170,#4171,#4172,#4173,#4174,#4175,#4176,
    #4177,#4178,#4179,#4180,#4181,#4182,#4183,#4184,#4185,#4186,#4187,
    #4188,#4189,#4190,#4191,#4192,#4193,#4194,#4195,#4196,#4197,#4198,
    #4199,#4200,#4201,#4202,#4203,#4204,#4205,#4206,#4207,#4208,#4209,
    #4210,#4211,#4212,#4213,#4214,#4215,#4216,#4217,#4218,#4219,#4220,
    #4221,#4222,#4223,#4224,#4225,#4226,#4227,#4228,#4229,#4230,#4231,
    #4232,#4233,#4234,#4235,#4236,#4237,#4238,#4239,#4240,#4241,#4242,
    #4243,#4244,#4245,#4246,#4247,#4248,#4249,#4250,#4251,#4252,#4253,
    #4254,#4255,#4256,#4257,#4258,#4259,#4260,#4261,#4262,#4263,#4264,
    #4265,#4266,#4267,#4268,#4269,#4270,#4271,#4272,#4273,#4274,#4275,
    #4276,#4277,#4278,#4279,#4280,#4281,#4282,#4283,#4284,#4285,#4286,
    #4287,#4288,#4289,#4290,#4291,#4292,#4293,#4294,#4295,#4296,#4297,
    #4298,#4299,#4300,#4301,#4302,#4303,#4304,#4305,#4306,#4307,#4308,
    #4309,#4310,#4311,#4312,#4313,#4314,#4315,#4316,#4317,#4318,#4319,
    #4320,#4321,#4322,#4323,#4324,#4325,#4326,#4327,#4328,#4329,#4330,
    #4331,#4332,#4333,#4334,#4335,#4336,#4337,#4338,#4339,#4340,#4341,
    #4342,#4343,#4344,#4345,#4346,#4347,#4348,#4349,#4350,#4351,#4352,
    #4353,#4354,#4355,#4356,#4357,#4358,#4359,#4360,#4361,#4362,#4363,
    #4364,#4365,#4366,#4367,#4368,#4369,#4370,#4371,#4372,#4373,#4374,
    #4375,#4376,#4377,#4378,#4379,#4380,#4381,#4382,#4383,#4384,#4385,
    #4386,#4387,#4388,#4389,#4390,#4391,#4392,#4393,#4394,#4395,#4396,
    #4397,#4398,#4399,#4400,#4401,#4402,#4403,#4404,#4405,#4406,#4407,
    #4408,#4409,#4410,#4411,#4412,#4413,#4414,#4415,#4416,#4417,#4418,
    #4419,#4420,#4421,#4422,#4423,#4424,#4425,#4426,#4427,#4428,#4429,
    #4430,#4431,#4432,#4433,#4434,#4435,#4436,#4437,#4438,#4439,#4440,
    #4441,#4442,#4443,#4444,#4445,#4446,#4447,#4448,#4449,#4450,#4451,
    #4452,#4453,#4454,#4455,#4456,#4457,#4458,#4459,#4460,#4461,#4462,
    #4463,#4464,#4465,#4466,#4467,#4468,#4469,#4470,#4471,#4472,#4473,
    #4474,#4475,#4476,#4477,#4478,#4479,#4480,#4481,#4482,#4483,#4484,
    #4485,#4486,#4487,#4488,#4489,#4490,#4491,#4492,#4493,#4494,#4495,
    #4496,#4497,#4498,#4499,#4500,#4501,#4502,#4503,#4504,#4505,#4506,
    #4507,#4508,#4509,#4510,#4511,#4512,#4513,#4514,#4515,#4516,#4517,
    #4518,#4519,#4520,#4521,#4522,#4523,#4524,#4525,#4526,#4527,#4528,
    #4529,#4530,#4531,#4532,#4533,#4534,#4535,#4536,#4537,#4538,#4539,
    #4540,#4541,#4542,#4543,#4544,#4545,#4546,#4547,#4548,#4549,#4550,
    #4551,#4552,#4553,#4554),.UNSPECIFIED.,.F.,.F.,(4,1,1,1,1,1,1,1,1,1,
    1,1,1,1,1,1,1,1,1,1,1,1,1,1,1,1,1,1,1,1,1,1,1,1,1,1,1,1,1,1,1,1,1,1,
    1,1,1,1,1,1,1,1,1,1,1,1,1,1,1,1,1,1,1,1,1,1,1,1,1,1,1,1,1,1,1,1,1,1,
    1,1,1,1,1,1,1,1,1,1,1,1,1,1,1,1,1,1,1,1,1,1,1,1,1,1,1,1,1,1,1,1,1,1,
    1,1,1,1,1,1,1,1,1,1,1,1,1,1,1,1,1,1,1,1,1,1,1,1,1,1,1,1,1,1,1,1,1,1,
    1,1,1,1,1,1,1,1,1,1,1,1,1,1,1,1,1,1,1,1,1,1,1,1,1,1,1,1,1,1,1,1,1,1,
    1,1,1,1,1,1,1,1,1,1,1,1,1,1,1,1,1,1,1,1,1,1,1,1,1,1,1,1,1,1,1,1,1,1,
    1,1,1,1,1,1,1,1,1,1,1,1,1,1,1,1,1,1,1,1,1,1,1,1,1,1,1,1,1,1,1,1,1,1,
    1,1,1,1,1,1,1,1,1,1,1,1,1,1,1,1,1,1,1,1,1,1,1,1,1,1,1,1,1,1,1,1,1,1,
    1,1,1,1,1,1,1,1,1,1,1,1,1,1,1,1,1,1,1,1,1,1,1,1,1,1,1,1,1,1,1,1,1,1,
    1,1,1,1,1,1,1,1,1,1,1,1,1,1,1,1,1,1,1,1,1,1,1,1,1,1,1,1,1,1,1,1,1,1,
    1,1,1,1,1,1,1,1,1,1,1,1,1,1,1,1,1,1,1,1,1,1,1,1,1,1,1,1,1,1,1,1,1,1,
    1,1,1,1,1,1,1,1,1,1,1,1,1,1,1,1,1,1,1,1,1,1,1,1,1,1,1,1,1,1,1,1,1,1,
    1,1,1,1,1,1,1,1,1,1,1,1,1,1,1,1,1,1,1,1,1,1,1,1,1,1,1,1,1,1,1,1,1,1,
    1,1,1,1,1,1,1,1,1,1,1,1,1,1,1,1,1,1,1,1,1,1,1,1,1,1,1,1,1,1,1,1,1,1,
    1,1,1,1,1,1,1,1,1,1,1,1,1,1,1,1,1,1,1,1,1,1,1,1,1,1,1,1,1,1,1,1,1,1,
    1,1,1,1,1,1,1,1,1,1,1,1,1,1,1,1,1,1,1,1,1,1,1,1,1,1,1,1,1,1,1,1,1,1,
    1,1,1,1,1,1,1,1,1,1,1,1,1,1,1,1,1,1,1,1,1,1,1,1,1,1,1,1,1,1,1,1,1,1,
    1,1,1,1,1,1,1,1,1,1,1,1,1,1,1,1,1,1,1,1,1,1,1,1,1,1,1,1,1,1,1,1,1,1,
    1,1,1,1,1,1,1,1,1,1,1,1,1,1,1,1,1,1,1,1,1,1,1,1,1,1,1,1,1,1,1,1,1,1,
    1,1,1,1,1,1,1,1,1,1,1,1,1,1,1,1,1,1,1,1,1,1,1,1,1,1,1,1,1,1,1,1,1,1,
    1,1,1,1,1,1,1,1,1,1,1,1,1,1,1,1,1,1,1,1,1,1,1,1,1,1,1,1,1,1,1,1,1,1,
    1,1,1,1,1,1,1,1,1,1,1,1,1,1,1,1,1,1,1,1,1,1,1,1,1,1,1,1,1,1,1,1,1,1,
    1,1,1,1,1,1,1,1,1,1,1,1,1,1,1,1,1,1,1,1,1,1,1,1,1,1,1,1,1,1,1,1,1,1,
    1,1,1,1,1,1,1,1,1,1,1,1,1,1,1,1,1,1,1,1,1,1,1,1,1,1,1,1,1,1,1,1,1,1,
    1,1,1,1,1,1,1,1,1,1,1,1,1,1,1,1,1,1,1,1,1,1,1,1,1,1,1,1,1,1,1,1,1,1,
    1,1,1,1,1,1,1,1,1,1,1,1,1,1,1,1,1,1,1,1,1,1,1,1,1,1,1,1,1,1,1,1,1,1,
    1,1,1,1,1,1,1,1,1,1,1,1,1,1,1,1,1,1,1,1,1,1,1,1,1,1,1,1,1,1,1,1,1,1,
    1,1,1,1,1,1,1,1,1,1,1,1,1,1,1,1,1,1,1,1,1,1,1,1,1,1,1,1,1,1,1,1,1,1,
    1,1,1,1,1,1,1,1,1,1,1,1,1,1,1,1,1,1,1,1,1,1,1,1,1,1,1,1,1,1,1,1,1,1,
    1,1,1,1,1,1,1,1,1,1,1,1,1,1,1,1,1,1,1,1,1,1,1,1,1,1,1,1,1,1,1,1,1,1,
    1,1,1,1,1,1,1,1,1,1,1,1,1,1,1,1,1,1,1,1,1,1,1,1,1,1,1,1,1,1,1,1,1,1,
    1,1,1,1,1,1,1,1,1,1,1,1,1,1,1,1,1,1,1,1,1,1,1,1,1,1,1,1,1,1,1,1,1,1,
    1,1,1,1,1,1,1,1,1,1,1,1,1,1,1,1,1,1,1,1,1,1,1,1,1,1,1,1,1,1,1,1,1,1,
    1,1,1,1,1,1,1,1,1,1,1,1,1,1,1,1,1,1,1,1,1,1,1,1,1,1,1,1,1,1,1,1,1,1,
    1,1,1,1,1,1,1,1,1,1,1,1,1,1,1,1,1,1,1,1,1,1,1,1,1,1,1,1,1,1,1,1,1,1,
    1,1,1,1,1,1,1,1,1,1,1,1,1,1,1,1,1,1,1,1,1,1,1,1,1,1,1,1,1,1,1,1,1,1,
    1,1,1,1,1,1,1,1,1,1,1,1,1,1,1,1,1,1,1,1,1,1,1,1,1,1,1,1,1,1,1,1,1,1,
    1,1,1,1,1,1,1,1,1,1,1,1,1,1,1,1,1,1,1,1,1,1,1,1,1,1,1,1,1,1,1,1,1,1,
    1,1,1,1,1,1,1,1,1,1,1,1,1,1,1,1,1,1,1,1,1,1,1,1,1,1,1,1,1,1,1,1,1,1,
    1,1,1,1,1,1,1,1,1,1,1,1,1,1,1,1,1,1,1,1,1,1,1,1,1,1,1,1,1,1,1,1,1,1,
    1,1,1,1,1,1,1,1,1,1,1,1,1,1,1,1,1,1,1,1,1,1,1,1,1,1,1,1,1,1,1,1,1,1,
    1,1,1,1,1,1,1,1,1,1,1,1,1,1,1,1,1,1,1,1,1,1,1,1,1,1,1,1,1,1,1,1,1,1,
    1,1,1,1,1,1,1,1,1,1,1,1,1,1,1,1,1,1,1,1,1,1,1,1,1,1,1,1,1,1,1,1,1,1,
    1,1,1,1,1,1,1,1,1,1,1,1,1,1,1,1,1,1,1,1,1,1,1,1,1,1,1,1,1,1,1,1,1,1,
    1,1,1,1,1,1,1,1,1,1,1,1,1,1,1,1,1,1,1,1,1,1,1,1,1,1,1,1,1,1,1,1,1,1,
    1,1,1,1,1,1,1,1,1,1,1,1,1,1,1,1,1,1,1,1,1,1,1,1,1,1,1,1,1,1,1,1,1,1,
    1,1,1,1,1,1,1,1,1,1,1,1,1,1,1,1,1,1,1,1,1,1,1,1,1,1,1,1,1,1,1,1,1,1,
    1,1,1,1,1,1,1,1,1,1,1,1,1,1,1,1,1,1,1,1,1,1,1,1,1,1,1,1,1,1,1,1,1,1,
    1,1,1,1,1,1,1,1,1,1,1,1,1,1,1,1,1,1,1,1,1,1,1,1,1,1,1,1,1,1,1,1,1,1,
    1,1,1,1,1,1,1,1,1,1,1,1,1,1,1,1,1,1,1,1,1,1,1,1,1,1,1,1,1,1,1,1,1,1,
    1,1,1,1,1,1,1,1,1,1,1,1,1,1,1,1,1,1,1,1,1,1,1,1,1,1,1,1,1,1,1,1,1,1,
    1,1,1,1,1,1,1,1,1,1,1,1,1,1,1,1,1,1,1,1,1,1,1,1,1,1,1,1,1,1,1,1,1,1,
    1,1,1,1,1,1,1,1,1,1,1,1,1,1,1,1,1,1,1,1,1,1,1,1,1,1,1,1,1,1,1,1,1,1,
    1,1,1,1,1,1,1,1,1,1,1,1,1,1,1,1,1,1,1,1,1,1,1,1,1,1,1,1,1,1,1,1,1,1,
    1,1,1,1,1,1,1,1,1,1,1,1,1,1,1,1,1,1,1,1,1,1,1,1,1,1,1,1,1,1,1,1,1,1,
    1,1,1,1,1,1,1,1,1,1,1,1,1,1,1,1,1,1,1,1,1,1,1,1,1,1,1,1,1,1,1,1,1,1,
    1,1,1,1,1,1,1,1,1,1,1,1,1,1,1,1,1,1,1,1,1,1,1,1,1,1,1,1,1,1,1,1,1,1,
    1,1,1,1,1,1,1,1,1,1,1,1,1,1,1,1,1,1,1,1,1,1,1,1,1,1,1,1,1,1,1,1,1,1,
    1,1,1,1,1,1,1,1,1,1,1,1,1,1,1,1,1,1,1,1,1,1,1,1,1,1,1,1,1,1,1,1,1,1,
    1,1,1,1,1,1,1,1,1,1,1,1,1,1,1,1,1,1,1,1,1,1,1,1,1,1,1,1,1,1,1,1,1,1,
    1,1,1,1,1,1,1,1,1,1,1,1,1,1,1,1,1,1,1,1,1,1,1,1,1,1,1,1,1,1,1,1,1,1,
    1,1,1,1,1,1,1,1,1,1,1,1,1,1,1,1,1,1,1,1,1,1,1,1,1,1,1,1,1,1,1,1,1,1,
    1,1,1,1,1,1,1,1,1,1,1,1,1,1,1,1,1,1,1,1,1,1,1,1,1,1,1,1,1,1,1,1,1,1,
    1,1,1,1,1,1,1,1,1,1,1,1,1,1,1,1,1,1,1,1,1,1,1,1,1,1,1,1,1,1,1,1,1,1,
    1,1,1,1,1,1,1,1,1,1,1,1,1,1,1,1,1,1,1,1,1,1,1,1,1,1,1,1,1,1,1,1,1,1,
    1,1,1,1,1,1,1,1,1,1,1,1,1,1,1,1,1,1,1,1,1,1,1,1,1,1,1,1,1,1,1,1,1,1,
    1,1,1,1,1,1,1,1,1,1,1,1,1,1,1,1,1,1,1,1,1,1,1,1,1,1,1,1,1,1,1,1,1,1,
    1,1,1,1,1,1,1,1,1,1,1,1,1,1,1,1,1,1,1,1,1,1,1,1,1,1,1,1,1,1,1,1,1,1,
    1,1,1,1,1,1,1,1,1,1,1,1,1,1,1,1,1,1,1,1,1,1,1,1,1,1,1,1,1,1,1,1,1,1,
    1,1,1,1,1,1,1,1,1,1,1,1,1,1,1,1,1,1,1,1,1,1,1,1,1,1,1,1,1,1,1,1,1,1,
    1,1,1,1,1,1,1,1,1,1,1,1,1,1,1,1,1,1,1,1,1,1,1,1,1,1,1,1,1,1,1,1,1,1,
    1,1,1,1,1,1,1,1,1,1,1,1,1,1,1,1,1,1,1,1,1,1,1,1,1,1,1,1,1,1,1,1,1,1,
    1,1,1,1,1,1,1,1,1,1,1,1,1,1,1,1,1,1,1,1,1,1,1,1,1,1,1,1,1,1,1,1,1,1,
    1,1,1,1,1,1,1,1,1,1,1,1,1,1,1,1,1,1,1,1,1,1,1,1,1,1,1,1,1,1,1,1,1,1,
    1,1,1,1,1,1,1,1,1,1,1,1,1,1,1,1,1,1,1,1,1,1,1,1,1,1,1,1,1,1,1,1,1,1,
    1,1,1,1,1,1,1,1,1,1,1,1,1,1,1,1,1,1,1,1,1,1,1,1,1,1,1,1,1,1,1,1,1,1,
    1,1,1,1,1,1,1,1,1,1,1,1,1,1,1,1,1,1,1,1,1,1,1,1,1,1,1,1,1,1,1,1,1,1,
    1,1,1,1,1,1,1,1,1,1,1,1,1,1,1,1,1,1,1,1,1,1,1,1,1,1,1,1,1,1,1,1,1,1,
    1,1,1,1,1,1,1,1,1,1,1,1,1,1,1,1,1,1,1,1,1,1,1,1,1,1,1,1,1,1,1,1,1,1,
    1,1,1,1,1,1,1,1,1,1,1,1,1,1,1,1,1,1,1,1,1,1,1,1,1,1,1,1,1,1,1,1,1,1,
    1,1,1,1,1,1,1,1,1,1,1,1,1,1,1,1,1,1,1,1,1,1,1,1,1,1,1,1,1,1,1,1,1,1,
    1,1,1,1,1,1,1,1,1,1,1,1,1,1,1,1,1,1,1,1,1,1,1,1,1,1,1,1,1,1,1,1,1,1,
    1,1,1,1,1,1,1,1,1,1,1,1,1,1,1,1,1,1,1,1,1,1,1,1,1,1,1,1,1,1,1,1,1,1,
    1,1,1,1,1,1,1,1,1,1,1,1,1,1,1,1,1,1,1,1,1,1,1,1,1,1,1,1,1,1,1,1,1,1,
    1,1,1,1,1,1,1,1,1,1,1,1,1,1,1,1,1,1,1,1,1,1,1,1,1,1,1,1,1,1,1,1,1,1,
    1,1,1,1,1,1,1,1,1,1,1,1,1,1,1,1,1,1,1,1,1,1,1,1,1,1,1,1,1,1,1,1,1,1,
    1,1,1,1,1,1,1,1,1,1,1,1,1,1,1,1,1,1,1,1,1,1,1,1,1,1,1,1,1,1,1,1,1,1,
    1,1,1,1,1,1,1,1,1,1,1,1,1,1,1,1,1,1,1,1,1,1,1,1,1,1,1,1,1,1,1,1,1,1,
    1,1,1,1,1,1,1,1,1,1,1,1,1,1,1,1,1,1,1,1,1,1,1,1,1,1,1,1,1,1,1,1,1,1,
    1,1,1,1,1,1,1,1,1,1,1,1,1,1,1,1,1,1,1,1,1,1,1,1,1,1,1,1,1,1,1,1,1,1,
    1,1,1,1,1,1,1,1,1,1,1,1,1,1,1,1,1,1,1,1,1,1,1,1,1,1,1,1,1,1,1,1,1,1,
    1,1,1,1,1,1,1,1,1,1,1,1,1,1,1,1,1,1,1,1,1,1,1,1,1,1,1,1,1,1,1,1,1,1,
    1,1,1,1,1,1,1,1,1,1,1,1,1,1,1,1,1,1,1,1,1,1,1,1,1,1,1,1,1,1,1,1,1,1,
    1,1,1,1,1,1,1,1,1,1,1,1,1,1,1,1,1,1,1,1,1,1,1,1,1,1,1,1,1,1,1,1,1,1,
    1,1,1,1,1,1,1,1,1,1,1,1,1,1,1,1,1,1,1,1,1,1,1,1,1,1,1,1,1,1,1,1,1,1,
    1,1,1,1,1,1,1,1,1,1,1,1,1,1,1,1,1,1,1,1,1,1,1,1,1,1,1,1,1,1,1,1,1,1,
    1,1,1,1,1,1,1,1,1,1,1,1,1,1,1,1,1,1,1,1,1,1,1,1,1,1,1,1,1,1,1,1,1,1,
    1,1,1,1,1,1,1,1,1,1,1,1,1,1,1,1,1,1,1,1,1,1,1,1,1,1,1,1,1,1,1,1,1,1,
    1,1,1,1,1,1,1,1,1,1,1,1,1,1,1,1,1,1,1,1,1,1,1,1,1,1,1,1,1,1,1,1,1,1,
    1,1,1,1,1,1,1,1,1,1,1,1,1,1,1,1,1,1,1,1,1,1,1,1,1,1,1,1,1,1,1,1,1,1,
    1,1,1,1,1,1,1,1,1,1,1,1,1,1,1,1,1,1,1,1,1,1,1,1,1,1,1,1,1,1,1,1,1,1,
    1,1,1,1,1,1,1,1,1,1,1,1,1,1,1,1,1,1,1,1,1,1,1,1,1,1,1,1,1,1,1,1,1,1,
    1,1,1,1,1,1,1,1,1,1,1,1,1,1,1,1,1,1,1,1,1,1,1,1,1,1,1,1,1,1,1,1,1,1,
    1,1,1,1,1,1,1,1,1,1,1,1,1,1,1,1,1,1,1,1,1,1,1,1,1,1,1,1,1,1,1,1,1,1,
    1,1,1,1,1,1,1,1,1,1,1,1,1,1,1,1,1,1,1,1,1,1,1,1,1,1,1,1,1,1,1,1,1,1,
    1,1,1,1,1,1,1,1,1,1,1,1,1,1,1,1,1,1,1,1,1,1,1,1,1,1,1,1,1,1,1,1,1,1,
    1,1,1,1,1,1,1,1,1,1,1,1,1,1,1,1,1,1,1,1,1,1,1,1,1,1,1,1,1,1,1,1,1,1,
    1,1,1,1,1,1,1,1,1,1,1,1,1,1,1,1,1,1,1,1,1,1,1,1,1,1,1,1,1,1,1,1,1,1,
    1,1,1,1,1,1,1,1,1,1,1,1,1,1,1,1,1,1,1,1,1,1,1,1,1,1,1,1,1,1,1,1,1,1,
    1,1,1,1,1,1,1,1,1,1,1,1,1,1,1,1,1,1,1,1,1,1,1,1,1,1,1,1,1,1,1,1,1,1,
    1,1,1,1,1,1,1,1,1,1,1,1,1,1,1,1,1,1,1,1,1,1,1,1,1,1,1,1,1,1,1,1,1,1,
    1,1,1,1,1,1,1,1,1,1,1,1,1,1,1,1,1,1,1,1,1,1,1,1,1,1,1,1,1,1,1,1,1,1,
    1,1,1,1,1,1,1,1,1,1,1,1,1,1,1,1,1,1,1,1,1,1,1,1,1,1,1,1,1,1,1,1,1,1,
    1,1,1,1,1,1,1,1,1,1,1,1,1,1,1,1,1,1,1,1,1,1,1,1,1,1,1,1,1,1,1,1,1,1,
    1,1,1,1,1,1,1,1,1,1,1,1,1,1,1,1,1,1,1,1,1,1,1,1,1,1,1,1,1,1,1,1,1,1,
    1,1,1,1,1,1,1,1,1,1,1,1,1,1,1,1,1,1,1,1,1,1,1,1,1,1,1,1,1,1,1,1,1,1,
    1,1,1,1,1,1,1,1,1,1,1,1,1,1,1,1,1,1,1,1,1,1,1,1,1,1,1,1,1,1,1,1,1,1,
    1,1,1,1,1,1,1,1,1,1,1,1,1,1,1,1,1,1,1,1,1,1,1,1,1,1,1,1,1,1,1,1,1,1,
    1,1,1,1,1,1,1,1,1,1,1,1,1,1,1,1,1,1,1,1,1,1,1,1,1,1,1,1,1,1,1,1,1,1,
    1,1,1,1,1,1,1,1,1,1,1,1,1,1,1,1,1,1,1,1,1,1,1,1,1,1,1,1,1,1,1,1,1,1,
    1,1,1,1,1,1,1,1,1,1,1,1,1,1,1,1,1,1,1,1,1,1,1,1,1,1,1,1,1,1,1,1,1,1,
    1,1,1,1,1,1,1,1,1,1,1,1,1,1,1,1,1,1,1,1,1,1,1,1,1,1,1,1,1,1,1,1,1,1,
    1,1,1,1,1,1,1,1,1,1,1,1,1,1,1,1,1,1,1,1,1,1,1,1,1,1,1,1,1,1,1,1,1,1,
    1,1,1,1,1,1,1,1,1,1,1,1,1,1,1,1,1,1,1,1,1,1,1,1,1,1,1,1,1,1,1,1,1,1,
    1,1,1,1,1,1,1,1,1,1,1,1,1,1,1,1,1,1,1,1,1,1,1,1,1,1,1,1,1,1,1,1,1,1,
    1,1,1,1,1,1,1,1,1,1,1,1,1,1,1,1,1,1,1,1,1,1,1,1,1,1,1,1,1,1,1,1,1,1,
    1,1,1,1,1,1,1,1,1,1,1,1,1,1,1,1,1,1,1,1,1,1,1,1,1,1,1,1,1,1,1,1,1,1,
    1,1,1,1,1,1,1,1,1,1,1,1,1,1,1,1,1,1,1,1,1,1,1,1,1,1,1,1,1,1,1,1,1,1,
    1,1,1,1,1,1,1,1,1,1,1,1,1,1,1,1,1,1,1,1,1,1,1,1,1,1,1,1,1,1,1,1,1,1,
    1,1,1,1,1,1,1,1,1,1,1,1,1,1,1,1,1,1,1,1,1,1,1,1,1,1,1,1,1,1,1,1,1,1,
    1,1,1,1,1,1,1,1,1,1,1,1,1,1,1,1,1,1,1,1,1,1,1,1,1,1,1,1,1,1,1,1,1,1,
    1,1,1,1,1,1,1,1,1,1,1,1,1,1,1,1,1,1,1,1,1,1,1,1,1,1,1,1,1,1,1,1,1,1,
    1,1,1,1,1,1,1,1,1,1,1,1,1,1,4),(0.,9.247755285702E-02,0.184955652238
    ,0.277434844657,0.369915676612,0.462398694575,0.554884444984,
    0.647373474233,0.739866328664,0.83236355456,0.924865698135,
    1.017373305524,1.109886922777,1.202407095851,1.294934370597,
    1.387469292756,1.480012407948,1.572564261665,1.66512539926,
    1.757696365942,1.850277706766,1.942869966621,2.035473690228,
    2.128089422126,2.220717706669,2.31335908801,2.4060141101,
    2.498683316675,2.591367251251,2.684066457112,2.776781477305,
    2.869512854629,2.962261131628,3.055026850584,3.147810553506,
    3.240612782124,3.333434077879,3.426274981918,3.51913603508,
    3.612017777895,3.704920750572,3.797845492989,3.89079254469,
    3.983762444873,4.076755732384,4.169772945708,4.262814622962,
    4.355881301887,4.448973519838,4.542091813779,4.635236720276,
    4.728408775484,4.821608515145,4.914836474578,5.008093188671,
    5.101379191872,5.194695018187,5.288041201165,5.381418273897,
    5.474826769003,5.568267218629,5.661740154439,5.755246107603,
    5.848785608796,5.942359188189,6.035967375437,6.129610699679,
    6.223289689526,6.317004873056,6.410756777805,6.504545930763,
    6.598372858364,6.692238086482,6.786142140422,6.880085544912,
    6.9740688241,7.068092501546,7.162157100212,7.256263142459,
    7.350411150041,7.444601644095,7.538835145136,7.633112173052,
    7.727433247097,7.821798885883,7.916209607375,8.010665928884,
    8.105168367064,8.1997174379,8.294313656708,8.388957538124,
    8.483649596101,8.578390343904,8.673180294099,8.768019958553,
    8.862909848425,8.95785047416,9.052842345488,9.14788597141,
    9.2429818602,9.338130519396,9.433332455795,9.52858817545,
    9.623898183659,9.719262984965,9.814683083149,9.910158981226,
    10.005691181436,10.101280185243,10.196926493328,10.292630605587,
    10.388393021122,10.484214238236,10.580094754433,10.676035066409,
    10.77203567005,10.868097060425,10.964219731782,11.060404177546,
    11.15665089031,11.252960361835,11.349333083044,11.445769544016,
    11.542270233985,11.638835641334,11.735466253589,11.83216255742,
    11.928925038632,12.025754182165,12.122650472086,12.219614391588,
    12.316646422987,12.413747047715,12.510916746321,12.608155998461,
    12.705465282902,12.802845077511,12.900295859258,12.997818104209,
    13.095412287522,13.193078883449,13.290818365324,13.388631205571,
    13.486517875689,13.584478846258,13.682514586933,13.78062556644,
    13.878812252573,13.977075112196,14.075414611232,14.173831214667,
    14.272325386546,14.370897589968,14.469548287086,14.568277939102,
    14.667087006267,14.76597594788,14.864945222279,14.963995286848,
    15.063126598005,15.162339611208,15.26163478095,15.361012560755,
    15.460473403177,15.560017759801,15.659646081238,15.759358817122,
    15.859156416113,15.959039325891,16.059007993155,16.159062863623,
    16.25920438203,16.359432992125,16.459749136671,16.560153257442,
    16.660645795223,16.76122718981,16.861897880006,16.962658303619,
    17.063508897464,17.164450097362,17.265482338134,17.366606053607,
    17.467821676606,17.569129638958,17.67053037149,17.772024304025,
    17.873611865387,17.975293483395,18.077069584865,18.178940595608,
    18.28090694043,18.382969043133,18.48512732651,18.587382212351,
    18.689734121434,18.792183473535,18.894730687418,18.99737618084,
    19.100120370551,19.20296367229,19.305906500788,19.408949269768,
    19.512092391942,19.615336279014,19.718681341678,19.822127989619,
    19.925676631514,20.029327675028,20.13308152682,20.236938592538,
    20.340899276822,20.444963983305,20.549133114609,20.653407072351,
    20.757786257139,20.862271068574,20.966861905251,21.071559164759,
    21.176363243681,21.281274537594,21.386293441071,21.491420347683,
    21.596655649994,21.701999739569,21.807453006968,21.913015841753,
    22.018688632483,22.124471766718,22.230365631019,22.336370610952,
    22.442487091082,22.54871545498,22.655056085221,22.761509363388,
    22.868075670069,22.97475538486,23.081548886367,23.188456552206,
    23.295478759004,23.402615882402,23.509868297052,23.617236376624,
    23.724720493801,23.832321020287,23.940038326803,24.04787278309,
    24.155824757911,24.263894619052,24.372082733322,24.480389466559,
    24.588815183626,24.697360248414,24.806025023846,24.914809871877,
    25.023715153493,25.132741228718,25.145371604601,25.163734704362,
    25.182100544372,25.20046912536,25.218840448011,25.237214513093,
    25.255591321295,25.273970873329,25.292353169884,25.310738211695,
    25.329125999485,25.34751653389,25.365909815699,25.384305845557,
    25.402704624135,25.421106152157,25.439510430317,25.457917459276,
    25.476327239706,25.494739772373,25.513155057855,25.531573096865,
    25.549993890094,25.568417438169,25.586843741786,25.605272801598,
    25.623704618293,25.64213919251,25.6605765249,25.679016616115,
    25.697459466821,25.715905077659,25.734353449256,25.752804582306,
    25.771258477412,25.789715135206,25.808174556341,25.826636741444,
    25.84510169114,25.863569406062,25.882039886852,25.900513134091,
    25.918989148437,25.937467930504,25.955949480883,25.974433800198,
    25.992920889022,26.011410748049,26.029903377838,26.048398778972,
    26.066896952045,26.085397897686,26.103901616479,26.122408108985,
    26.140917375864,26.159429417624,26.177944234894,26.196461828223,
    26.214982198221,26.233505345464,26.252031270476,26.270559973907,
    26.289091456265,26.307625718121,26.326162760082,26.344702582645,
    26.363245186419,26.381790571943,26.40033873976,26.418889690429,
    26.437443424485,26.455999942517,26.474559245012,26.493121332547,
    26.511686205643,26.530253864842,26.548824310692,26.567397543665,
    26.585973564348,26.604552373282,26.623133970938,26.641718357837,
    26.660305534534,26.678895501532,26.697488259303,26.716083808416,
    26.73468214938,26.753283282653,26.771887208761,26.790493928222,
    26.809103441488,26.827715749077,26.846330851532,26.864948749283,
    26.883569442824,26.902192932665,26.920819219271,26.939448303136,
    26.95808018472,26.976714864523,26.995352343009,27.013992620651,
    27.032635697895,27.051281575229,27.069930253132,27.088581732022,
    27.107236012422,27.125893094733,27.144552979414,27.163215666947,
    27.181881157761,27.200549452287,27.219220550995,27.237894454353,
    27.256571162744,27.275250676633,27.293932996464,27.312618122639,
    27.331306055628,27.349996795833,27.36869034368,27.387386699598,
    27.406085864001,27.424787837334,27.443492619992,27.462200212377,
    27.480910614915,27.499623828031,27.518339852097,27.53705868754,
    27.555780334751,27.574504794134,27.5932320661,27.611962151013,
    27.630695049308,27.649430761345,27.668169287495,27.686910628185,
    27.705654783777,27.724401754669,27.743151541209,27.761904143775,
    27.780659562781,27.799417798574,27.818178851528,27.836942721988,
    27.855709410335,27.874478916931,27.893251242139,27.912026386333,
    27.93080434985,27.94958513302,27.968368736222,27.987155159816,
    28.005944404125,28.024736469502,28.043531356288,28.062329064823,
    28.081129595448,28.099932948476,28.118739124273,28.137548123157,
    28.156359945448,28.17517459149,28.19399206157,28.212812356051,
    28.23163547523,28.250461419428,28.269290188966,28.288121784142,
    28.306956205286,28.325793452681,28.344633526673,28.363476427516,
    28.382322155528,28.401170711039,28.420022094312,28.438876305645,
    28.457733345354,28.476593213706,28.495455910972,28.514321437498,
    28.533189793518,28.552060979315,28.570934995188,28.589811841392,
    28.608691518237,28.627574025973,28.646459364848,28.665347535171,
    28.684238537185,28.703132371163,28.722029037354,28.740928536043,
    28.759830867477,28.778736031869,28.79764402952,28.816554860674,
    28.835468525598,28.854385024499,28.873304357611,28.892226525245,
    28.911151527576,28.930079364851,28.949010037342,28.96794354526,
    28.986879888819,29.005819068276,29.024761083851,29.043705935744,
    29.062653624224,29.081604149481,29.100557511741,29.119513711218,
    29.138472748122,29.157434622678,29.176399335083,29.19536688555,
    29.214337274292,29.233310501515,29.252286567399,29.271265472151,
    29.290247215995,29.309231799092,29.328219221661,29.347209483882,
    29.366202585934,29.385198528007,29.404197310305,29.423198933004,
    29.442203396261,29.461210700298,29.480220845256,29.499233831312,
    29.518249658648,29.537268327442,29.556289837858,29.575314190039,
    29.594341384187,29.613371420445,29.632404298963,29.651440019911,
    29.670478583448,29.68951998973,29.70856423889,29.727611331097,
    29.746661266506,29.765714045231,29.784769667433,29.803828133262,
    29.822889442855,29.841953596336,29.861020593855,29.880090435546,
    29.899163121525,29.918238651925,29.937317026899,29.956398246564,
    29.975482311007,29.994569220393,30.013658974818,30.032751574403,
    30.051847019291,30.07094530954,30.090046445306,30.109150426697,
    30.128257253787,30.147366926719,30.166479445579,30.185594810478,
    30.204713021508,30.223834078756,30.242957982343,30.262084732343,
    30.28121432885,30.300346771975,30.31948206177,30.338620198341,
    30.357761181799,30.376905012182,30.396051689563,30.415201214059,
    30.434353585736,30.453508804663,30.472666870905,30.49182778454,
    30.510991545641,30.530158154269,30.549327610482,30.568499914348,
    30.58767506594,30.606853065281,30.626033912461,30.645217607537,
    30.664404150555,30.683593541557,30.702785780589,30.721980867713,
    30.741178802962,30.760379586391,30.779583218025,30.798789697929,
    30.817999026115,30.837211202622,30.856426227522,30.875644100786,
    30.894864822475,30.914088392636,30.933314811262,30.952544078397,
    30.971776194052,30.991011158248,31.010248971033,31.029489632391,
    31.048733142339,31.067979500902,31.087228708075,31.106480763893,
    31.125735668356,31.144993421457,31.164254023191,31.183517473598,
    31.202783772661,31.222052920356,31.241324916702,31.260599761679,
    31.279877455294,31.299157997552,31.318441388405,31.33772762785,
    31.357016715908,31.376308652517,31.395603437683,31.414901071382,
    31.434201553573,31.453504884284,31.472811063438,31.492120091018,
    31.511431967023,31.530746691388,31.550064264082,31.569384685082,
    31.58870795438,31.60803407188,31.627363037589,31.646694851449,
    31.666029513393,31.685367023423,31.704707381457,31.724050587462,
    31.743396641357,31.762745543131,31.78209729273,31.801451890059,
    31.820809335078,31.840169627732,31.859532767989,31.878898755725,
    31.898267590893,31.91763927347,31.937013803349,31.956391180461,
    31.975771404728,31.995154476111,32.014540394501,32.033929159829,
    32.053320772035,32.072715231008,32.092112536674,32.11151268895,
    32.130915687781,32.150321533049,32.169730224646,32.189141762514,
    32.208556146554,32.22797337666,32.247393452738,32.266816374699,
    32.286242142458,32.305670755876,32.325102214853,32.344536519325,
    32.363973669157,32.383413664225,32.402856504439,32.422302189697,
    32.441750719866,32.461202094832,32.480656314495,32.500113378743,
    32.519573287411,32.539036040399,32.558501637608,32.577970078889,
    32.59744136412,32.616915493161,32.636392465914,32.655872282216,
    32.675354941925,32.69484044494,32.714328791106,32.733819980289,
    32.753314012317,32.772810887099,32.792310604479,32.811813164272,
    32.831318566376,32.850826810625,32.870337896874,32.889851824949,
    32.909368594719,32.928888206039,32.94841065872,32.967935952619,
    32.987464087573,33.006995063442,33.026528880025,33.046065537165,
    33.065605034727,33.08514737252,33.104692550364,33.124240568095,
    33.143791425557,33.163345122558,33.182901658908,33.202461034438,
    33.222023248997,33.241588302377,33.261156194395,33.280726924883,
    33.300300493639,33.319876900461,33.339456145175,33.359038227601,
    33.378623147543,33.398210904796,33.417801499161,33.437394930454,
    33.456991198485,33.476590303019,33.496192243869,33.515797020843,
    33.535404633728,33.555015082318,33.574628366396,33.594244485764,
    33.61386344021,33.63348522951,33.653109853456,33.672737311825,
    33.692367604409,33.712000730989,33.731636691333,33.751275485225,
    33.770917112432,33.790561572758,33.810208865933,33.829858991743,
    33.849511949983,33.869167740385,33.888826362737,33.908487816797,
    33.92815210233,33.947819219104,33.967489166874,33.987161945383,
    34.006837554397,34.026515993712,34.046197263019,34.065881362092,
    34.085568290719,34.105258048603,34.124950635512,34.144646051183,
    34.164344295363,34.184045367807,34.203749268244,34.223455996425,
    34.243165552094,34.262877934972,34.282593144784,34.302311181302,
    34.32203204423,34.341755733307,34.361482248265,34.381211588845,
    34.400943754765,34.420678745705,34.440416561456,34.460157201723,
    34.479900666213,34.499646954653,34.519396066751,34.539148002244,
    34.558902760807,34.578660342204,34.598420746128,34.618183972271,
    34.63795002037,34.657718890118,34.677490581218,34.697265093377,
    34.71704242632,34.736822579721,34.756605553282,34.77639134672,
    34.796179959707,34.81597139198,34.835765643191,34.855562713044,
    34.875362601261,34.895165307481,34.914970831447,34.934779172813,
    34.954590331257,34.974404306483,34.994221098175,35.01404070601,
    35.033863129655,35.053688368811,35.073516423142,35.093347292348,
    35.113180976064,35.133017473976,35.15285678578,35.172698911113,
    35.192543849671,35.212391601101,35.232242165082,35.252095541275,
    35.271951729343,35.291810728947,35.311672539736,35.331537161399,
    35.351404593567,35.371274835906,35.39114788808,35.411023749727,
    35.430902420488,35.45078390004,35.470668188034,35.490555284092,
    35.510445187881,35.530337899045,35.550233417219,35.570131742059,
    35.590032873171,35.609936810241,35.629843552884,35.64975310072,
    35.669665453432,35.689580610619,35.709498571911,35.729419336944,
    35.74934290537,35.769269276797,35.789198450849,35.809130427168,
    35.829065205347,35.849002785057,35.868943165896,35.888886347483,
    35.908832329449,35.928781111373,35.94873269291,35.968687073659,
    35.988644253259,36.008604231284,36.028567007377,36.048532581155,
    36.068500952166,36.088472120086,36.108446084489,36.128422844982,
    36.148402401168,36.168384752647,36.188369899043,36.208357839905,
    36.228348574889,36.248342103564,36.268338425521,36.288337540361,
    36.308339447667,36.328344147062,36.348351638079,36.368361920358,
    36.388374993476,36.408390857008,36.428409510551,36.448430953666,
    36.468455185948,36.488482206994,36.50851201638,36.528544613648,
    36.548579998407,36.568618170246,36.588659128711,36.608702873393,
    36.628749403849,36.648798719655,36.668850820391,36.688905705628,
    36.708963374902,36.729023827799,36.749087063912,36.769153082743,
    36.789221883903,36.809293466942,36.829367831391,36.849444976854,
    36.869524902861,36.889607608967,36.909693094733,36.929781359702,
    36.949872403439,36.969966225481,36.990062825396,37.010162202739,
    37.030264357012,37.050369287794,37.070476994628,37.090587477058,
    37.110700734608,37.130816766838,37.150935573285,37.171057153468,
    37.191181506955,37.211308633266,37.231438531921,37.251571202469,
    37.271706644462,37.291844857387,37.311985840797,37.332129594236,
    37.352276117187,37.372425409211,37.392577469846,37.412732298589,
    37.432889894959,37.453050258483,37.473213388683,37.493379285095,
    37.51354794721,37.533719374549,37.553893566639,37.57407052298,
    37.59425024311,37.614432726512,37.634617972692,37.654805981185,
    37.674996751498,37.69519028313,37.715386575576,37.735585628338,
    37.75578744093,37.775992012877,37.796199343649,37.816409432739,
    37.836622279669,37.856837883936,37.877056245008,37.897277362411,
    37.91750123564,37.937727864151,37.957957247472,37.978189385074,
    37.998424276455,38.018661921107,38.038902318497,38.059145468138,
    38.079391369498,38.099640022055,38.119891425299,38.140145578721,
    38.160402481789,38.180662133977,38.200924534771,38.221189683653,
    38.241457580093,38.26172822355,38.282001613511,38.302277749449,
    38.322556630849,38.342838257148,38.363122627836,38.383409742377,
    38.403699600222,38.423992200873,38.444287543751,38.464585628347,
    38.484886454113,38.505190020506,38.525496326994,38.545805373041,
    38.56611715808,38.586431681569,38.606748943017,38.62706894182,
    38.647391677446,38.667717149335,38.688045356954,38.708376299763,
    38.728709977188,38.749046388678,38.769385533693,38.789727411687,
    38.81007202207,38.830419364304,38.850769437829,38.871122242084,
    38.891477776519,38.911836040563,38.932197033653,38.952560755226,
    38.972927204723,38.993296381567,39.013668285196,39.034042915057,
    39.05442027055,39.074800351124,39.09518315622,39.115568685243,
    39.135956937624,39.156347912813,39.176741610196,39.197138029197,
    39.217537169278,39.237939029834,39.258343610298,39.27875091007,
    39.299160928576,39.319573665254,39.339989119478,39.360407290699,
    39.380828178327,39.40125178175,39.421678100391,39.442107133676,
    39.462538880998,39.482973341779,39.503410515418,39.523850401311,
    39.54429299889,39.564738307546,39.585186326659,39.605637055665,
    39.626090493964,39.646546640928,39.667005495983,39.68746705852,
    39.707931327929,39.728398303621,39.748867984983,39.769340371388,
    39.789815462249,39.810293256986,39.83077375494,39.851256955514,
    39.871742858132,39.892231462139,39.912722766929,39.933216771919,
    39.953713476458,39.974212879943,39.994714981774,40.015219781309,
    40.035727277939,40.056237471029,40.076750359969,40.097265944162,
    40.117784222939,40.138305195701,40.158828861836,40.179355220703,
    40.199884271664,40.220416014092,40.240950447368,40.261487570873,
    40.282027383958,40.302569885992,40.323115076361,40.343662954405,
    40.364213519499,40.384766771004,40.405322708297,40.425881330728,
    40.446442637655,40.467006628445,40.487573302456,40.508142659058,
    40.528714697582,40.549289417405,40.569866817874,40.590446898336,
    40.611029658166,40.6316150967,40.652203213286,40.672794007278,
    40.693387478044,40.713983624893,40.734582447216,40.755183944343,
    40.775788115607,40.796394960368,40.81700447795,40.837616667705,
    40.858231528988,40.878849061166,40.899469263517,40.920092135388,
    40.940717676168,40.961345885142,40.981976761664,41.00261030508,
    41.023246514712,41.043885389901,41.06452692999,41.085171134276,
    41.105818002114,41.126467532832,41.14711972574,41.167774580208,
    41.188432095528,41.209092271015,41.229755106026,41.250420599892,
    41.271088751906,41.291759561383,41.312433027677,41.333109150092,
    41.353787927933,41.37446936055,41.395153447255,41.415840187345,
    41.436529580134,41.457221624962,41.477916321123,41.498613667931,
    41.519313664717,41.540016310783,41.560721605413,41.581429547951,
    41.602140137702,41.622853373949,41.643569256016,41.664287783223,
    41.685008954851,41.705732770204,41.726459228608,41.747188329346,
    41.767920071712,41.788654455037,41.80939147861,41.830131141705,
    41.850873443633,41.871618383697,41.892365961214,41.91311617544,
    41.933869025677,41.954624511249,41.975382631415,41.996143385476,
    42.016906772735,42.037672792477,42.058441443976,42.079212726518,
    42.099986639437,42.120763181983,42.141542353415,42.162324153058,
    42.183108580202,42.203895634094,42.224685314041,42.245477619339,
    42.266272549235,42.287070103021,42.307870279971,42.328673079384,
    42.349478500508,42.370286542626,42.391097205053,42.411910487007,
    42.432726387787,42.453544906674,42.474366042926,42.495189795822,
    42.516016164627,42.536845148614,42.557676747047,42.578510959193,
    42.599347784334,42.620187221731,42.641029270626,42.661873930313,
    42.682721200044,42.703571079072,42.724423566678,42.745278662116,
    42.766136364635,42.786996673505,42.807859587988,42.828725107332,
    42.849593230799,42.870463957644,42.891337287142,42.912213218513,
    42.933091751027,42.953972883935,42.974856616505,42.99574294797,
    43.016631877568,43.037523404589,43.058417528242,43.07931424779,
    43.100213562486,43.121115471579,43.142019974315,43.162927069912,
    43.183836757645,43.204749036746,43.22566390646,43.246581366028,
    43.267501414688,43.288424051669,43.309349276221,43.330277087609,
    43.351207485036,43.372140467735,43.393076034971,43.414014185959,
    43.434954919919,43.455898236138,43.476844133814,43.497792612154,
    43.51874367043,43.539697307859,43.560653523672,43.581612317097,
    43.602573687363,43.623537633688,43.644504155305,43.665473251463,
    43.686444921356,43.707419164227,43.72839597928,43.749375365729,
    43.770357322848,43.791341849824,43.812328945863,43.833318610212,
    43.854310842093,43.875305640703,43.896303005252,43.917302934992,
    43.938305429127,43.959310486843,43.980318107384,44.001328289974,
    44.022341033784,44.043356338063,44.064374202025,44.085394624845,
    44.106417605757,44.127443143972,44.148471238703,44.169501889139,
    44.190535094491,44.211570853985,44.23260916681,44.253650032161,
    44.274693449274,44.295739417315,44.316787935501,44.337839003065,
    44.358892619164,44.379948783003,44.401007493811,44.422068750779,
    44.443132553083,44.46419889992,44.485267790517,44.506339224057,
    44.527413199719,44.548489716719,44.569568774235,44.590650371476,
    44.611734507621,44.632821181852,44.653910393386,44.675002141413,
    44.696096425104,44.71719324365,44.738292596252,44.759394482071,
    44.780498900323,44.801605850202,44.822715330853,44.843827341472,
    44.864941881272,44.886058949418,44.907178545082,44.928300667451,
    44.949425315733,44.97055248907,44.991682186637,45.01281440767,
    45.033949151297,45.055086416691,45.076226203063,45.097368509574,
    45.118513335396,45.139660679714,45.160810541683,45.181962920482,
    45.20311781529,45.224275225302,45.245435149663,45.26659758752,
    45.28776253807,45.308930000512,45.330099973973,45.351272457607,
    45.372447450631,45.393624952192,45.414804961443,45.435987477539,
    45.457172499685,45.478360027018,45.499550058685,45.520742593909,
    45.541937631794,45.563135171491,45.584335212219,45.605537753104,
    45.626742793302,45.647950331984,45.669160368299,45.690372901421,
    45.71158793047,45.732805454628,45.754025473058,45.77524798489,
    45.79647298931,45.817700485428,45.838930472437,45.860162949475,
    45.881397915674,45.902635370212,45.923875312228,45.945117740867,
    45.966362655283,45.987610054629,46.008859938051,46.030112304694,
    46.051367153687,46.07262448419,46.093884295349,46.115146586314,
    46.136411356226,46.157678604203,46.178948329401,46.200220530998,
    46.221495208107,46.24277235983,46.264051985359,46.285334083825,
    46.306618654344,46.327905696084,46.349195208167,46.370487189705,
    46.391781639856,46.413078557778,46.434377942584,46.455679793401,
    46.476984109372,46.498290889612,46.519600133279,46.540911839489,
    46.562226007381,46.583542636087,46.604861724722,46.626183272424,
    46.64750727833,46.668833741555,46.690162661233,46.711494036488,
    46.732827866426,46.754164150214,46.775502886961,46.796844075755,
    46.818187715765,46.839533806108,46.860882345895,46.882233334238,
    46.903586770267,46.924942653126,46.946300981899,46.967661755714,
    46.989024973699,47.010390634979,47.031758738648,47.05312928384,
    47.074502269672,47.095877695255,47.117255559692,47.138635862117,
    47.16001860164,47.181403777356,47.202791388399,47.224181433887,
    47.245573912918,47.266968824595,47.288366168037,47.309765942339,
    47.331168146631,47.352572780032,47.373979841647,47.395389330549,
    47.416801245839,47.438215586686,47.459632352167,47.48105154134,
    47.502473153373,47.523897187359,47.545323642351,47.56675251753,
    47.588183811954,47.609617524689,47.631053654923,47.652492201684,
    47.673933164079,47.695376541266,47.716822332284,47.738270536243,
    47.759721152257,47.781174179423,47.802629616801,47.824087463536,
    47.845547718704,47.867010381372,47.888475450689,47.909942925722,
    47.931412805548,47.952885089265,47.974359775991,47.995836864795,
    48.017316354759,48.038798244997,48.060282534612,48.081769222656,
    48.103258308212,48.12474979041,48.146243668317,48.167739941009,
    48.189238607594,48.210739667144,48.232243118731,48.253748961485,
    48.275257194448,48.296767816707,48.318280827378,48.3397962255,
    48.361314010186,48.382834180508,48.404356735548,48.425881674396,
    48.447408996115,48.468938699799,48.490470784507,48.512005249338,
    48.53354209336,48.555081315647,48.576622915303,48.598166891362,
    48.619713242912,48.641261969064,48.662813068873,48.684366541375,
    48.705922385683,48.727480600875,48.749041186011,48.770604140141,
    48.792169462364,48.813737151759,48.83530720738,48.856879628307,
    48.878454413593,48.900031562315,48.921611073537,48.943192946352,
    48.964777179813,48.986363772962,49.007952724892,49.02954403468,
    49.051137701353,49.072733723993,49.094332101702,49.115932833485,
    49.137535918425,49.159141355613,49.180749144083,49.202359282902,
    49.223971771126,49.245586607824,49.267203792066,49.288823322904,
    49.31044519938,49.332069420584,49.353695985549,49.375324893333,
    49.396956143012,49.418589733632,49.440225664252,49.461863933921,
    49.48350454171,49.505147486655,49.526792767818,49.548440384253,
    49.570090335024,49.591742619172,49.613397235739,49.635054183809,
    49.656713462402,49.678375070593,49.700039007423,49.721705271925,
    49.743373863154,49.765044780196,49.786718022077,49.808393587815,
    49.830071476499,49.85175168716,49.873434218826,49.895119070571,
    49.916806241461,49.938495730486,49.960187536706,49.981881659201,
    50.003578096985,50.025276849101,50.046977914594,50.068681292513,
    50.09038698191,50.112094981808,50.133805291252,50.155517909286,
    50.177232834926,50.198950067252,50.220669605299,50.242391448068,
    50.264115594651,50.285842044032,50.307570795261,50.329301847411,
    50.351035199483,50.372770850531,50.394508799576,50.416249045657,
    50.437991587816,50.459736425098,50.481483556499,50.503232981068,
    50.524984697876,50.546738705907,50.568495004196,50.590253591809,
    50.612014467762,50.633777631067,50.655543080753,50.677310815873,
    50.69908083545,50.720853138521,50.74262772409,50.764404591196,
    50.786183738872,50.80796516613,50.829748872017,50.851534855552,
    50.87332311575,50.895113651654,50.916906462281,50.938701546634,
    50.960498903778,50.982298532715,51.004100432439,51.02590460202,
    51.047711040475,51.069519746799,51.091330720019,51.113143959171,
    51.134959463271,51.156777231335,51.17859726238,51.20041955543,
    51.22224410951,51.24407092361,51.265899996776,51.287731328036,
    51.309564916378,51.331400760817,51.353238860394,51.375079214118,
    51.396921820988,51.418766680049,51.440613790277,51.462463150705,
    51.484314760347,51.506168618224,51.528024723349,51.549883074702,
    51.571743671332,51.593606512258,51.615471596442,51.637338922929,
    51.659208490744,51.681080298859,51.702954346303,51.72483063209,
    51.746709155223,51.768589914713,51.790472909555,51.812358138783,
    51.834245601378,51.856135296351,51.87802722272,51.899921379494,
    51.921817765646,51.943716380208,51.96561722221,51.987520290604,
    52.009425584413,52.031333102653,52.053242844316,52.075154808413,
    52.097068993929,52.118985399883,52.140904025273,52.162824869105,
    52.184747930365,52.206673208064,52.228600701199,52.250530408763,
    52.272462329768,52.294396463206,52.316332808075,52.338271363374,
    52.360212128117,52.382155101261,52.404100281833,52.426047668829,
    52.447997261238,52.469949058049,52.491903058276,52.513859260909,
    52.535817664916,52.557778269325,52.579741073109,52.601706075278,
    52.623673274817,52.645642670719,52.667614261964,52.689588047557,
    52.711564026504,52.73354219776,52.755522560344,52.777505113233,
    52.799489855427,52.82147678592,52.843465903673,52.865457207699,
    52.887450696992,52.909446370519,52.931444227275,52.95344426627,
    52.975446486446,52.997450886831,53.019457466398,53.041466224124,
    53.063477159012,53.085490270023,53.107505556159,53.1295230164,
    53.151542649739,53.173564455153,53.19558843163,53.217614578124,
    53.239642893641,53.261673377198,53.283706027729,53.305740844207,
    53.327777825657,53.34981697105,53.371858279318,53.393901749499,
    53.415947380567,53.437995171473,53.460045121221,53.482097228764,
    53.504151493109,53.526207913203,53.548266488051,53.570327216645,
    53.592390097904,53.614455130839,53.636522314448,53.658591647687,
    53.680663129502,53.702736758919,53.724812534893,53.746890456377,
    53.768970522387,53.791052731865,53.813137083792,53.835223577151,
    53.857312210906,53.879402984037,53.90149589549,53.923590944269,
    53.945688129332,53.967787449663,53.98988890422,54.011992491972,
    54.034098211897,54.056206062955,54.078316044127,54.100428154379,
    54.12254239268,54.144658757992,54.166777249288,54.18889786555,
    54.211020605718,54.23314546876,54.255272453697,54.277401559426,
    54.299532784951,54.321666129242,54.343801591234,54.365939169913,
    54.388078864243,54.410220673209,54.432364595733,54.454510630784,
    54.476658777387,54.49880903444,54.520961400896,54.543115875784,
    54.565272458043,54.587431146587,54.609591940422,54.631754838519,
    54.65391983982,54.676086943286,54.698256147883,54.720427452554,
    54.742600856281,54.764776358021,54.786953956719,54.809133651359,
    54.83131544086,54.853499324218,54.875685300388,54.897873368294,
    54.92006352693,54.942255775262,54.964450112203,54.986646536725,
    55.008845047806,55.031045644371,55.053248325411,55.075453089851,
    55.097659936666,55.119868864805,55.142079873195,55.164292960832,
    55.186508126672,55.208725369633,55.230944688666,55.253166082771,
    55.275389550864,55.297615091899,55.319842704851,55.342072388648,
    55.364304142245,55.386537964592,55.408773854664,55.431011811392,
    55.453251833716,55.475493920602,55.497738071004,55.519984283852,
    55.542232558104,55.564482892734,55.586735286652,55.608989738817,
    55.631246248198,55.653504813729,55.675765434341,55.698028109003,
    55.720292836661,55.742559616231,55.764828446707,55.787099327027,
    55.809372256096,55.831647232882,55.853924256347,55.876203325416,
    55.898484439046,55.920767596188,55.943052795759,55.965340036726,
    55.987629318013,56.009920638563,56.032213997365,56.054509393319,
    56.076806825353,56.099106292457,56.121407793547,56.143711327537,
    56.166016893422,56.188324490117,56.210634116557,56.232945771698,
    56.255259454468,56.277575163815,56.299892898664,56.322212657959,
    56.344534440665,56.366858245698,56.389184072006,56.411511918513,
    56.433841784167,56.456173667904,56.478507568659,56.50084348539,
    56.523181416996,56.545521362431,56.567863320649,56.590207290577,
    56.612553271144,56.634901261285,56.657251259923,56.679603266036,
    56.701957278525,56.724313296309,56.74667131838,56.76903134363,
    56.79139337099,56.813757399425,56.836123427825,56.858491455136,
    56.88086148034,56.903233502319,56.92560752,56.947983532348,
    56.97036153829,56.992741536729,57.015123526612,57.03750750689,
    57.059893476467,57.082281434299,57.104671379291,57.127063310377,
    57.149457226505,57.171853126583,57.194251009564,57.216650874374,
    57.239052719918,57.261456545137,57.283862348966,57.306270130328,
    57.328679888163,57.351091621374,57.373505328911,57.395921009699,
    57.418338662645,57.440758286706,57.463179880781,57.485603443819,
    57.508028974727,57.530456472439,57.552885935894,57.575317363981,
    57.597750755669,57.620186109857,57.642623425467,57.665062701447,
    57.687503936705,57.70994713016,57.732392280756,57.75483938738,
    57.777288448985,57.799739464507,57.822192432833,57.844647352908,
    57.867104223632,57.889563043951,57.912023812798,57.934486529058,
    57.956951191666,57.979417799564,58.001886351658,58.024356846866,
    58.046829284101,58.069303662297,58.091779980375,58.114258237251,
    58.136738431845,58.159220563076,58.181704629859,58.204190631117,
    58.226678565767,58.249168432742,58.271660230936,58.294153959279,
    58.3166496167,58.339147202092,58.361646714401,58.384148152529,
    58.406651515386,58.429156801897,58.451664010977,58.474173141569,
    58.496684192538,58.519197162835,58.541712051378,58.564228857051,
    58.586747578803,58.609268215536,58.631790766172,58.654315229619,
    58.676841604774,58.699369890591,58.721900085962,58.74443218978,
    58.766966201014,58.789502118524,58.812039941252,58.834579668098,
    58.857121297973,58.879664829796,58.902210262498,58.924757594975,
    58.947306826118,58.969857954863,58.992410980133,59.014965900803,
    59.037522715811,59.060081424088,59.082642024484,59.105204515956,
    59.127768897414,59.150335167746,59.172903325889,59.195473370715,
    59.218045301175,59.240619116177,59.263194814582,59.285772395323,
    59.308351857347,59.330933199526,59.353516420768,59.376101519994,
    59.398688496105,59.421277348018,59.443868074625,59.466460674847,
    59.489055147574,59.511651491742,59.534249706237,59.556849789983,
    59.579451741868,59.602055560768,59.624661245672,59.647268795438,
    59.669878208957,59.692489485172,59.715102622939,59.737717621214,
    59.760334478891,59.782953194855,59.80557376802,59.828196197283,
    59.850820481575,59.873446619783,59.896074610808,59.918704453547,
    59.941336146909,59.963969689817,59.986605081167,60.009242319831,
    60.031881404747,60.054522334817,60.077165108927,60.099809725986,
    60.122456184879,60.145104484557,60.167754623879,60.190406601739,
    60.21306041708,60.235716068779,60.258373555732,60.281032876854,
    60.303694031038,60.32635701718,60.349021834204,60.371688480978,
    60.394356956414,60.417027259427,60.439699388909,60.462373343743,
    60.485049122855,60.507726725139,60.530406149458,60.553087394764,
    60.575770459919,60.598455343833,60.621142045422,60.643830563565,
    60.666520897163,60.689213045097,60.711907006297,60.734602779651,
    60.757300364047,60.779999758389,60.802700961571,60.825403972488,
    60.848108790047,60.87081541314,60.893523840656,60.916234071514,
    60.938946104581,60.961659938759,60.984375572957,61.007093006075,
    61.029812236989,61.052533264603,61.075256087821,61.097980705527,
    61.120707116614,61.143435320001,61.166165314558,61.188897099172,
    61.211630672762,61.234366034222,61.257103182418,61.279842116263,
    61.302582834672,61.325325336511,61.348069620661,61.37081568603,
    61.393563531528,61.416313156052,61.439064558464,61.461817737659,
    61.484572692548,61.507329422016,61.530087924967,61.552848200275,
    61.575610246831,61.598374063547,61.621139649304,61.643907002989,
    61.666676123485,61.689447009709,61.712219660543,61.734994074875,
    61.757770251582,61.780548189559,61.80332788773,61.826109344948,
    61.848892560119,61.871677532131,61.894464259859,61.917252742232,
    61.940042978106,61.962834966354,61.985628705915,62.008424195671,
    62.031221434467,62.054020421232,62.076821154838,62.099623634167,
    62.122427858133,62.145233825621,62.16804153549,62.190850986657,
    62.213662177995,62.236475108403,62.259289776759,62.282106181945,
    62.304924322886,62.327744198436,62.350565807468,62.373389148903,
    62.39621422162,62.419041024502,62.441869556415,62.464699816279,
    62.48753180298,62.510365515377,62.533200952368,62.556038112846,
    62.578876995688,62.6017175998,62.624559924049,62.64740396731,
    62.670249728506,62.693097206482,62.715946400133,62.738797308376,
    62.76164993007,62.784504264085,62.807360309334,62.830218064699,
    62.853077529031,62.875938701253,62.898801580253,62.921666164877,
    62.944532454036,62.967400446616,62.990270141487,63.013141537534,
    63.036014633646,63.058889428734,63.081765921626,63.104644111223,
    63.127523996445,63.150405576146,63.173288849194,63.1961738145,
    63.219060470928,63.241948817381,63.264838852715,63.287730575837,
    63.310623985622,63.33351908092,63.356415860664,63.379314323715,
    63.402214468946,63.425116295256,63.448019801499,63.470924986589,
    63.493831849393,63.516740388794,63.539650603657,63.562562492872,
    63.58547605535,63.608391289936,63.631308195513,63.654226770971,
    63.677147015187,63.700068927063,63.722992505454,63.745917749226,
    63.768844657287,63.791773228512,63.814703461795,63.837635355993,
    63.860568909973,63.883504122621,63.906440992862,63.929379519545,
    63.952319701513,63.975261537697,63.99820502697,64.02115016818,
    64.044096960234,64.067045401992,64.089995492343,64.11294723017,
    64.135900614346,64.158855643737,64.181812317254,64.204770633734,
    64.227730592069,64.250692191167,64.273655429871,64.29662030708,
    64.31958682165,64.342554972466,64.365524758424,64.388496178382,
    64.41146923122,64.434443915802,64.457420231047,64.480398175808,
    64.503377748934,64.526358949345,64.549341775891,64.572326227457,
    64.595312302929,64.618300001179,64.64128932107,64.664280261487,
    64.687272821312,64.710266999413,64.733262794668,64.756260205961,
    64.779259232159,64.802259872133,64.825262124759,64.848265988931,
    64.871271463514,64.894278547383,64.917287239404,64.940297538449,
    64.963309443422,64.986322953172,65.009338066585,65.032354782546,
    65.055373099908,65.078393017549,65.101414534348,65.124437649196,
    65.147462360922,65.170488668461,65.193516570681,65.216546066383,
    65.239577154503,65.262609833912,65.28564410348,65.30867996206,
    65.331717408548,65.354756441815,65.377797060723,65.400839264173,
    65.423883051029,65.44692842011,65.469975370366,65.493023900636,
    65.516074009779,65.539125696727,65.56217896026,65.585233799317,
    65.608290212769,65.631348199477,65.654407758308,65.677468888132,
    65.700531587843,65.723595856295,65.746661692369,65.769729094922,
    65.792798062846,65.815868595001,65.838940690263,65.862014347513,
    65.885089565612,65.908166343441,65.931244679859,65.954324573743,
    65.977406023953,66.000489029389,66.023573588935,66.046659701399,
    66.069747365695,66.092836580697,66.115927345269,66.139019658286,
    66.162113518599,66.185208925098,66.20830587667,66.23140437215,
    66.254504410416,66.27760599038,66.300709110863,66.323813770754,
    66.346919968933,66.370027704248,66.393136975594,66.416247781833,
    66.43936012183,66.462473994477,66.485589398611,66.508706333109,
    66.531824796869,66.554944788742,66.578066307578,66.601189352297,
    66.624313921721,66.647440014746,66.670567630242,66.693696767059,
    66.716827424086,66.739959600182,66.763093294217,66.786228505085,
    66.809365231629,66.832503472712,66.855643227216,66.878784494015,
    66.901927272005,66.92507155998,66.948217356886,66.971364661557,
    66.994513472834,67.017663789651,67.040815610832,67.063968935256,
    67.087123761807,67.110280849528,67.133443999317,67.156617017331,
    67.179800670246,67.202994964076,67.226199904896,67.249415498753,
    67.272641751625,67.295878669551,67.31912625851,67.342384524485,
    67.365653473442,67.388933111358,67.412223444162,67.435524477809,
    67.458836218193,67.482158671246,67.505491842881,67.528835738945,
    67.552190365344,67.575555727941,67.598931832576,67.622318685097,
    67.645716291361,67.669124657141,67.692543788253,67.715973690512,
    67.739414369679,67.762865831549,67.786328081856,67.809801126361,
    67.833284970811,67.856779620905,67.880285082365,67.903801360922,
    67.927328462236,67.950866391955,67.974415155809,67.997974759423,
    68.021545208414,68.045126508479,68.068718665187,68.092321684155,
    68.115935571001,68.139560331302,68.163195970614,68.186842494508,
    68.210499908569,68.234168218297,68.257847429233,68.281537546899,
    68.305238576774,68.328950524401,68.352673395257,68.37640719476,
    68.40015192843,68.42390760167,68.447674219959,68.471451788716,
    68.495240313305,68.5190397992,68.542850251761,68.566671676374,
    68.590504078414,68.614347463198,68.638201836119,68.662067202528,
    68.685943567706,68.709830936983,68.733729315682,68.757638709051,
    68.781559122403,68.805490561006,68.829433030117,68.853386534964,
    68.877351080808,68.901326672846,68.925313316299,68.949311016391,
    68.973319778275,68.997339607173,69.021370508259,69.04541248664,
    69.069465547474,69.093529695918,69.117604937093,69.141691276115,
    69.165788718083,69.189897268089,69.214016931181,69.238147712491,
    69.262289617043,69.286442649861,69.310606816011,69.334782120533,
    69.358968568409,69.383166164661,69.407374914259,69.431594822213,
    69.455825893523,69.480068133066,69.504321545838,69.528586136792,
    69.552861910804,69.577148872827,69.601447027799,69.625756380586,
    69.650076936039,69.67440869904,69.698751674505,69.723105867224,
    69.747471282086,69.771847923905,69.796235797468,69.820634907619,
    69.845045259143,69.869466856847,69.893899705489,69.918343809819,
    69.942799174633,69.96726580465,69.991743704578,70.016232879199,
    70.040733333184,70.065245071261,70.089768098099,70.114302418364,
    70.138848036767,70.16340495794,70.187973186528,70.212552727216,
    70.237143584565,70.261745763235,70.286359267829,70.310984102906,
    70.335620273099,70.360267782948,70.384926637037,70.409596839929,
    70.434278396148,70.458971310221,70.483675586686,70.50839123004,
    70.53311824481,70.557856635477,70.582606406515,70.607367562364,
    70.63214010753,70.656924046473,70.681719383567,70.706526123295,
    70.731344270076,70.756173828265,70.781014802309,70.805867196597,
    70.830731015486,70.855606263335,70.880492944524,70.905391063361,
    70.930300624217,70.955221631436,70.980154089249,71.005098002065,
    71.030053374122,71.055020209672,71.079998513078,71.104988288543,
    71.129989540305,71.155002272647,71.180026489791,71.205062195959,
    71.230109395362,71.255168092187,71.280238290642,71.305319994918,
    71.330413209187,71.355517937602,71.380634184282,71.405761953443,
    71.430901249174,71.456052075564,71.481214436776,71.506388336911,
    71.531573780019,71.556770770207,71.581979311552,71.607199408112,
    71.632431063917,71.657674283048,71.682929069513,71.708195427309,
    71.733473360487,71.758762873026,71.784063968924,71.809376652176,
    71.834700926728,71.860036796563,71.885384265622,71.910743337834,
    71.936114017131,71.961496307491,71.986890212771,72.012295736876,
    72.037712883712,72.063141657147,72.088582061053,72.114034099332,
    72.139497775778,72.164973094284,72.190460058662,72.215958672717,
    72.241468940312,72.266990865185,72.292524451174,72.318069702085,
    72.34362662164,72.369195213628,72.394775481777,72.420367429858,
    72.445971061647,72.471586380818,72.497213391088,72.52285209615,
    72.548502499745,72.574164605552,72.599838417209,72.625523938405,
    72.651221172845,72.676930124095,72.702650795845,72.728383191704,
    72.754127315305,72.779883170302,72.805650760184,72.831430088642,
    72.857221159207,72.883023975432,72.90883854096,72.934664859301,
    72.960502933957,72.986352768513,73.012214366473,73.038087731333,
    73.063972866656,73.089869775912,73.115778462548,73.141698930072,
    73.167631181967,73.193575221646,73.219531052595,73.245498678279,
    73.271478102033,73.297469327356,73.323472357634,73.349487196284,
    73.375513846692,73.401552312191,73.427602596236,73.453664702133,
    73.47973863326,73.505824392966,73.531921984551,73.558031411381,
    73.584152676775,73.610285783998,73.636430736386,73.66258753723,
    73.688756189761,73.714936697308,73.741129063112,73.767333290435,
    73.793549382473,73.819777342502,73.846017173774,73.872268879421,
    73.89853246272,73.924807926849,73.951095274975,73.977394510319,
    74.00370563598,74.030028655176,74.056363571039,74.082710386724,
    74.109069105363,74.135439730048,74.161822263911,74.18821671007,
    74.214623071604,74.241041351623,74.267471553194,74.29391367934,
    74.320367733192,74.346833717754,74.373311636093,74.399801491216,
    74.426303286177,74.452817023986,74.479342707632,74.505880340097,
    74.532429924382,74.558991463481,74.585564960345,74.612150417981,
    74.638747839278,74.665357227176,74.691978584658,74.718611914636,
    74.745257219986,74.77191450366,74.798583768534,74.825265017474,
    74.851958253436,74.878663479217,74.90538069769,74.932109911768,
    74.958851124187,74.98560433786,75.012369555634,75.039146780261,
    75.065936014594,75.092737261412,75.119550523499,75.146375803663,
    75.173213104665,75.20006242927,75.226923780232,75.253797160288,
    75.280682572207,75.307580018683,75.334489502441,75.361411026246,
    75.388344592754,75.415290204638,75.442247864627,75.46921757539,
    75.496199339565,75.523193159853,75.550199038924,75.577216979339,
    75.604246983784,75.631289054873,75.658343195217,75.685409407469,
    75.712487694164,75.739578057903,75.766680501348,75.793795026966,
    75.82092163735,75.848060335094,75.875211122706,75.902374002767,
    75.929548977759,75.956736050224,75.98393522267,76.011146497638,
    76.03836987757,76.065605364963,76.092852962338,76.120112672126,
    76.147384496809,76.174668438821,76.201964500587,76.229272684589,
    76.2565929933,76.283925429006,76.311269994185,76.338626691283,
    76.365995522638,76.39337649066,76.420769597704,76.448174846127,
    76.475592238351,76.503021776701,76.530463463496,76.557917301058,
    76.585383291784,76.61286143791,76.640351741785,76.667854205748,
    76.695368832009,76.722895622913,76.750434580721,76.777985707676,
    76.805549006109,76.833124478206,76.860712126187,76.888311952353,
    76.915923958909,76.943548148069,76.971184522029,76.998833082994,
    77.026493833181,77.054166774739,77.081851909884,77.10954924077,
    77.137258769539,77.164980498362,77.192714429362,77.220460564686,
    77.248218906476,77.275989456827,77.303772217888,77.331567191701,
    77.359374380396,77.38719378606,77.415025410784,77.44286925661,
    77.470725325599,77.498593619824,77.526474141326,77.554366892127,
    77.582271874279,77.610189089779,77.638118540676,77.666060228943,
    77.694014156552,77.721980325557,77.749958737887,77.777949395533,
    77.805952300457,77.833967454624,77.861994859994,77.890034518456,
    77.918086431965,77.946150602483,77.974227031861,78.002315722067,
    78.030416674997,78.058529892495,78.086655376459,78.114793128788,
    78.14294315136,78.171105446003,78.199280014545,78.2274668589,
    78.255665980862,78.283877382283,78.312101064958,78.340337030676,
    78.368585281302,78.396845818612,78.425118644354,78.453403760359,
    78.48170116836,78.510010870134,78.538332867495,78.566667162108,
    78.595013755764,78.623372650165,78.651743847042,78.680127348136,
    78.708523155141,78.736931269774,78.765351693703,78.79378442861,
    78.822229476189,78.85068683816,78.879156516089,78.907638511672,
    78.936132826606,78.964639462449,78.993158420856,79.021689703514,
    79.050233311957,79.07878924784,79.107357512746,79.135938108225,
    79.164531035955,79.19313629749,79.221753894314,79.250383828066,
    79.27902610031,79.307680712562,79.336347666336,79.365026963183,
    79.393718604674,79.42242259226,79.451138927484,79.479867611847,
    79.508608646801,79.537362033861,79.566127774511,79.594905870225,
    79.623696322451,79.652499132618,79.681314302225,79.710141832687,
    79.738981725432,79.767833981903,79.796698603458,79.825575591558,
    79.854464947604,79.883366672962,79.912280769065,79.941207237229,
    79.970146078858,79.999097295349,80.028060887993,80.057036858177,
    80.086025207227,80.115025936487,80.144039047258,80.173064540888,
    80.202102418712,80.231152681973,80.26021533195,80.28929037002,
    80.318377797428,80.34747761541,80.376589825262,80.405714428234,
    80.434851425564,80.464000818515,80.493162608359,80.522336796271,
    80.551523383454,80.580722371186,80.609933760627,80.639157552968,
    80.668393749468,80.697642351246,80.726903359494,80.756176775392,
    80.785462600069,80.814760834736,80.844071480514,80.873394538507,
    80.902730009873,80.932077895782,80.961438197315,80.990810915538,
    81.020196051609,81.049593606632,81.079003581655,81.108425977777,
    81.137860796078,81.167308037615,81.196767703484,81.226239794679,
    81.255724312233,81.285221257271,81.31473063076,81.344252433748,
    81.373786667191,81.403333332156,81.432892429668,81.46246396069,
    81.492047926197,81.521644327142,81.55125316456,81.580874439376,
    81.610508152555,81.640154305062,81.669812897795,81.699483931766,
    81.72916740788,81.758863326983,81.788571690073,81.818292498068,
    81.848025751786,81.877771452168,81.907529600124,81.937300196485,
    81.967083242188,81.996878738013,82.026686684869,82.05650708362,
    82.086339935078,82.116185240081,82.146042999445,82.175913214029,
    82.20579588462,82.235691012096,82.265598597158,82.295518640617,
    82.325451143308,82.355396105993,82.385353529428,82.415323414394,
    82.445305761613,82.475300571925,82.505307845995,82.535327584552,
    82.565359788386,82.595404458169,82.625461594653,82.655531198541,
    82.685613270519,82.715707811273,82.745814821537,82.775934301991,
    82.806066253225,82.836210675978,82.866367570911,82.896536938673,
    82.926718779903,82.956913095196,82.987119885289,83.017339150716,
    83.047570892113,83.077815110128,83.108071805359,83.138340978372,
    83.168622629751,83.198916760154,83.229223370088,83.259542460141,
    83.28987403088,83.320218082864,83.350574616652,83.380943632778,
    83.411325131757,83.441719114152,83.472125580484,83.502544531252,
    83.532975966959,83.563419888145,83.593876295234,83.624345188798,
    83.654826569286,83.685320437132,83.715826792872,83.746345636937,
    83.776876969744,83.807420791796,83.837977103538,83.868545905339,
    83.899127197684,83.929720980997,83.960327255621,83.990946022052,
    84.021577280677,84.052221031818,84.082877275929,84.113546013397,
    84.144227244515,84.17492096974,84.205627189422,84.236345903809,
    84.267077113372,84.297820818451,84.328577019297,84.35934571626,
    84.390126909663,84.420920599874,84.451726787138,84.482545471753,
    84.513376654095,84.544220334339,84.575076512815,84.605945189798,
    84.636826365543,84.667720040354,84.698626214431,84.729544888064,
    84.760476061419,84.791419734796,84.822375908464,84.853344582559,
    84.884325757285,84.915319432906,84.946325609585,84.977344287553,
    85.008375467022,85.039419148085,85.070475330982,85.101544015839,
    85.132625202841,85.163718892155,85.194825083903,85.225943778247,
    85.257074975336,85.288218675277,85.319374878149,85.350543584122,
    85.381724793334,85.412918505828,85.44412472172,85.475343441096,
    85.506574664057,85.537818390664,85.569074620989,85.600343355094,
    85.631624593077,85.662918334918,85.694224580691,85.725543330438,
    85.756874584195,85.788218342038,85.819574603877,85.850943369756,
    85.882324639774,85.913718413836,85.945124691925,85.976543474113,
    86.007974760311,86.039418550523,86.070874844685,86.102343642794,
    86.133824944801,86.165318750634,86.196825060256,86.228343873588,
    86.259875190563,86.291419011074,86.322975335114,86.354544162554,
    86.386125493261,86.417719327207,86.449325664218,86.480944504153,
    86.512575847015,86.544219692588,86.575876040732,86.60754489132,
    86.639226244239,86.670920099303,86.702626456357,86.734345315246,
    86.766076675796,86.797820537814,86.829576901138,86.861345765559,
    86.893127130886,86.924920996984,86.956727363472,86.988546230271,
    87.02037759719,87.052221463899,87.084077830221,87.115946695908,
    87.147828060706,87.179721924363,87.211628286628,87.243547147225,
    87.275478505874,87.307422362357,87.339378716333,87.371347567494,
    87.403328915602,87.435322760337,87.46732910137,87.499347938431,
    87.531379271157,87.563423099234,87.595479422305,87.627548240057,
    87.659629552203,87.691723358289,87.723829658026,87.755948451005,
    87.788079736897,87.82022351534,87.852379785866,87.884548548172,
    87.916729801849,87.948923546461,87.981129781669,88.013348507001,
    88.045579722021,88.077823426363,88.110079619621,88.142348301274,
    88.174629470911,88.206923128129,88.23922927242,88.271547903337,
    88.30387902045,88.336222623225,88.368578711194,88.400947283947,
    88.433328340929,88.465721881673,88.49812790562,88.530546412323,
    88.562977401277,88.595420871898,88.62787682368,88.660345256161,
    88.692826168724,88.72531956084,88.757825431978,88.790343781582,
    88.822874609079,88.85541791389,88.887973695491,88.920541953215,
    88.953122686553,88.985715894933,89.018321577672,89.050939734223,
    89.08357036397,89.116213466298,89.148869040575,89.181537086185,
    89.214217602478,89.246910588838,89.279616044637,89.312333969176,
    89.345064361838,89.377807221944,89.410562548835,89.443330341821,
    89.476110600227,89.508903323405,89.541708510619,89.574526161195,
    89.607356274421,89.640198849578,89.673053885997,89.705921382938,
    89.738801339656,89.771693755367,89.804598629424,89.837515961105,
    89.870445749567,89.903387994113,89.936342693981,89.969309848388,
    90.002289456606,90.035281517742,90.068286031118,90.101302995938,
    90.134332411378,90.16737427663,90.200428590949,90.233495353493,
    90.266574563361,90.299666219814,90.332770322057,90.365886869161,
    90.399015860337,90.43215729476,90.465311171551,90.498477489828,
    90.531656248765,90.564847447495,90.598051085128,90.631267160746,
    90.66449567355,90.6977366226,90.73099000699,90.764255825865,
    90.797534078213,90.830824763223,90.864127879955,90.897443427486,
    90.930771404852,90.964111811107,90.99746464536,91.030829906634,
    91.064207594019,91.097597706517,91.131000243109,91.164415202919,
    91.197842584944,91.231282388175,91.264734611645,91.298199254397,
    91.331676315402,91.365165793639,91.398667688085,91.432181997785,
    91.465708721696,91.499247858783,91.532799408032,91.566363368361,
    91.599939738801,91.633528518251,91.667129705669,91.700743300035,
    91.734369300206,91.768007705172,91.801658513879,91.835321725195,
    91.868997338026,91.902685351347,91.936385764021,91.970098574922,
    92.003823782986,92.037561387117,92.071311386129,92.105073778931,
    92.138848564402,92.172635741408,92.206435308821,92.240247265457,
    92.274071610178,92.307908341858,92.3417574593,92.375618961365,
    92.409492846872,92.443379114659,92.47727776351,92.511188792209,
    92.545112199651,92.579047984591,92.612996145796,92.646956682092,
    92.680929592292,92.714914875107,92.748912529366,92.782922553817,
    92.816944947199,92.850979708348,92.885026835938,92.919086328717,
    92.953158185495,92.987242404921,93.021338985836,93.0554479269,
    93.089569226819,93.123702884327,93.157848898168,93.192007266994,
    93.226177989531,93.260361064517,93.294556490558,93.328764266383,
    93.362984390697,93.397216862088,93.431461679314,93.465718841054,
    93.499988345852,93.534270192495,93.568564379512,93.602870905613,
    93.637189769451,93.671520969626,93.70586450477,93.7402203735,
    93.774588574419,93.808969106162,93.843361967415,93.877767156614,
    93.91218467244,93.946614513529,93.981056678413,94.015511165659,
    94.049977973883,94.084457101633,94.118948547541,94.153452310061,
    94.187968387797,94.222496779304,94.257037483129,94.291590497806,
    94.326155821868,94.36073345385,94.395323392274,94.429925635665,
    94.464540182573,94.499167031445,94.533806180738,94.568457629123,
    94.603121374966,94.637797416775,94.672485753097,94.707186382302,
    94.741899302943,94.776624513518,94.81136201241,94.846111798109,
    94.880873869073,94.915648223809,94.950434860699,94.985233778118,
    95.020044974615,95.054868448604,95.089704198457,95.124552222654,
    95.159412519569,95.194285087592,95.229169925186,95.26406703075,
    95.298976402615,95.333898039203,95.368831938952,95.40377810019,
    95.438736521286,95.473707200621,95.508690136544,95.543685327481,
    95.578692771713,95.613712467633,95.648744413623,95.683788607931,
    95.718845048952,95.753913735026,95.78899466441,95.824087835503,
    95.859193246609,95.894310896042,95.929440782074,95.96458290303,
    95.999737257233,96.034903842928,96.070082658444,96.105273702058,
    96.140476972007,96.175692466609,96.210920184154,96.246160122834,
    96.28141228094,96.316676656799,96.35195324856,96.387242054503,
    96.422543072843,96.457856301896,96.49318173986,96.528519384879,
    96.563869235317,96.599231289261,96.634605544956,96.669992000682,
    96.705390654585,96.740801504894,96.776224549732,96.811659787295,
    96.847107215871,96.882566833584,96.918038638602,96.953522629058,
    96.989018803152,97.024527159062,97.060047694924,97.095580408907,
    97.131125299145,97.166682363779,97.20225160095,97.237833008772,
    97.273426585398,97.309032328964,97.344650237552,97.380280309325,
    97.41592254232,97.451576934743,97.487243484596,97.522922189996,
    97.558613049158,97.594316059968,97.630031220639,97.665758529259,
    97.701497983825,97.737249582456,97.773013323222,97.808789204131,
    97.844577223278,97.880377378779,97.916189668556,97.952014090711,
    97.987850643325,98.02369932427,98.059560131797,98.095433063805,
    98.131318118304,98.167215293381,98.203124586974,98.239045997089,
    98.274979521837,98.310925159111,98.346882906894,98.38285276324,
    98.418834726089,98.454828793442,98.490834963296,98.52685323356,
    98.562883602265,98.598926067347,98.63498062673,98.671047278459,
    98.707126020384,98.743216850506,98.779319766677,98.815434766962,
    98.851561849299,98.887701011482,98.923852251531,98.96001556734,
    98.996190956833,99.032378417861,99.068577948433,99.104789546354,
    99.141013209605,99.177248936082,99.213496723548,99.249756569998,
    99.286028473287,99.32231243129,99.358608441884,99.394916502912,
    99.431236612307,99.467568767885,99.503912967397,99.540269208862,
    99.576637490081,99.613017808783,99.649410162942,99.685814550362,
    99.722230968818,99.758659416166,99.795099890298,99.831552388926,
    99.868016909885,99.90449345103,99.940982010131,99.977482584973,
    100.0139951734,100.05051977316,100.08705638206,100.12360499792,
    100.16016561842,100.19673824144,100.23332286472,100.26991948601,
    100.30652810313,100.34314871372,100.37978131559,100.41642590653,
    100.45308248429,100.48975104663,100.52643159117,100.56312411575,
    100.59982861809,100.63654509591,100.67327354687,100.71001396878,
    100.74676635935,100.78353071617,100.82030703715,100.8570953198,
    100.89389556186,100.93070776119,100.96753191531,101.00436802194,
    101.04121607876,101.07807608345,101.1149480337,101.15183192726,
    101.18872776163,101.22563553457,101.2625552438,101.29948688685,
    101.33643046143,101.37338596525,101.41035339586,101.44733275085,
    101.48432402802,101.52132722496,101.55834233914,101.5953693684,
    101.63240831024,101.66945916228,101.70652192216,101.7435965875,
    101.78068315591,101.81778162499,101.85489199224,101.89201425537,
    101.92914841194,101.96629445951,102.00345239573,102.04062221811,
    102.07780392425,102.11499751169,102.15220297808,102.18942032091,
    102.22664953771,102.26389062614,102.30114358375,102.33840840799,
    102.37568509645,102.41297364665,102.45027405618,102.48758632262,
    102.52491044336,102.56224641602,102.59959423811,102.63695390708,
    102.67432542063,102.71170877607,102.74910397097,102.78651100288,
    102.82392986926,102.86136056764,102.89880309551,102.93625745039,
    102.97372362968,103.01120163088,103.04869145154,103.08619308911,
    103.123706541,103.16123180478,103.19876887786,103.23631775766,
    103.27387844171,103.31145092749,103.34903521238,103.38663129378,
    103.42423916929,103.46185883623,103.49949029208,103.53713353434,
    103.57478856027,103.61245536739,103.65013395323,103.68782431507,
    103.72552645033,103.76324035653,103.80096603098,103.83870347108,
    103.87645267436,103.91421363809,103.95198635969,103.98977083663,
    104.02756706616,104.06537504574,104.10319477286,104.14102624476,
    104.17886945885,104.2167244126,104.25459110317,104.29246952807,
    104.33035968465,104.36826157026,104.40617518227,104.44410051805,
    104.48203757488,104.51998635012,104.55794684118,104.59591904538,
    104.63390296004,104.67189858241,104.70990590997,104.74792493997,
    104.78595566968,104.82399809656,104.86205221783,104.90011803084,
    104.93819553282,104.97628472121,105.01438559323,105.05249814617,
    105.0906223774,105.12875828415,105.16690586375,105.20506511344,
    105.24323603058,105.28141861238,105.31961285616,105.3578187592,
    105.39603631874,105.43426553208,105.4725063965,105.51075890923,
    105.54902306758,105.58729886872,105.62558630993,105.66388538855,
    105.70219610176,105.7405184468,105.77885242093,105.81719802136,
    105.85555524542,105.89392409026,105.9323045531,105.97069663122,
    106.00910032183,106.04751562205,106.08594252926,106.12438104067,
    106.16283115335,106.20129286464,106.2397661717,106.27825107171,
    106.31674756188,106.35525563945,106.39377530154,106.43230654549,
    106.47084936838,106.50940376734,106.54796973965,106.5865472825,
    106.62513639302,106.66373706837,106.70234930576,106.74097310239,
    106.77960845543,106.81825536195,106.85691381916,106.8955838242,
    106.93426537434,106.97295846664,107.0116630982,107.05037926623,
    107.08910696792,107.12784620038,107.1665969607,107.20535924607,
    107.24413305361,107.28291838039,107.32171522364,107.36052358048,
    107.39934344794,107.43817482326,107.4770177035,107.51587208578,
    107.55473796719,107.59361534483,107.63250421586,107.67140457738,
    107.71031642644,107.74923976027,107.78817457587,107.82712087019,
    107.8660786406,107.9050478841,107.94402859769,107.9830207785,
    108.02202442361,108.06103953016,108.10006609518,108.13910411568,
    108.17815358884,108.21721451175,108.25628688134,108.29537069474,
    108.33446594914,108.37357264138,108.41269076862,108.451820328,
    108.49096131646,108.53011373109,108.56927756888,108.60845282697,
    108.64763950239,108.68683759211,108.72604709326,108.76526800287,
    108.80450031787,108.84374403538,108.88299915241,108.92226566597,
    108.96154357312,109.00083287088,109.04013355623,109.07944562621,
    109.11876907786,109.15810390824,109.19745011423,109.2368076929,
    109.27617664129,109.31555695636,109.35494863523,109.39435167469,
    109.43376607189,109.47319182383,109.51262892745,109.55207737974,
    109.59153717769,109.63100831836,109.67049079869,109.7099846156,
    109.74948976617,109.7890062473,109.82853405608,109.86807318936,
    109.90762364414,109.9471854175,109.98675850628,110.02634290751,
    110.06593861816,110.10554563512,110.14516395544,110.18479357606,
    110.22443449387,110.26408670593,110.30375020912,110.34342500044,
    110.38311107682,110.42280843521,110.46251707252,110.5022369857,
    110.54196817175,110.58171062759,110.62146435016,110.66122933633,
    110.70100558307,110.74079308737,110.78059184616,110.82040185627,
    110.86022311472,110.90005561842,110.9398993642,110.97975434915,
    111.01962057008,111.05949802388,111.09938670753,111.13928661801,
    111.17919775207,111.21912010673,111.25905367891,111.29899846543,
    111.33895446328,111.37892166938,111.41890008058,111.45888969376,
    111.49889050585,111.53890251377,111.57892571439,111.61896010458,
    111.65900568135,111.69906244151,111.73913038192,111.77920949955,
    111.81929979115,111.85940125371,111.89951388419,111.93963767927,
    111.97977263597,112.01991875122,112.06007602174,112.10024444454,
    112.14042401647,112.18061473433,112.22081659502,112.26102959551,
    112.30125373258,112.34148900304,112.38173540385,112.4219929319,
    112.46226158402,112.50254135703,112.54283224781,112.58313425327,
    112.62344737029,112.66377159559,112.70410692611,112.74445335877,
    112.78481089026,112.82517951758,112.86555923754,112.90595004701,
    112.94635194279,112.98676492172,113.02718898072,113.06762411657,
    113.1080703261,113.14852760626,113.18899595382,113.22947536553,
    113.26996583835,113.31046736917,113.35097995471,113.39150359181,
    113.43203827739,113.47258400816,113.51314078102,113.55370859295,
    113.59428744048,113.63487732064,113.67547823027,113.71609016608,
    113.75671312498,113.79734710381,113.83799209933,113.87864810839,
    113.91931512787,113.95999315449,114.00068218514,114.0413822166,
    114.08209324574,114.12281526935,114.16354828421,114.20429228725,
    114.24504727514,114.28581324476,114.32659019296,114.36737811652,
    114.40817701229,114.44898687701,114.48980770755,114.53063950068,
    114.57148225321,114.612335962,114.65320062386,114.69407623549,
    114.73496279378,114.77586029554,114.81676873757,114.85768811666,
    114.89861842965,114.93955967328,114.98051184435,115.02147493976,
    115.06244895625,115.10343389061,115.14442973959,115.18543650008,
    115.22645416892,115.26748274277,115.30852221849,115.34957259293,
    115.39063386281,115.43170602494,115.4727890762,115.51388301329,
    115.55498783299,115.59610353215,115.63723010762,115.67836755612,
    115.71951587441,115.76067505934,115.80184510767,115.84302601624,
    115.88421778183,115.92542040122,115.96663387118,116.00785818844,
    116.04909334995,116.09033935243,116.13159619266,116.17286386744,
    116.21414237347,116.25543170768,116.29673186684,116.33804284767,
    116.37936464697,116.42069726154,116.4620406882,116.50339492373,
    116.54475996493,116.58613580853,116.62752245129,116.66891989012,
    116.71032812179,116.75174714303,116.7931769506,116.83461754131,
    116.87606891204,116.91753105955,116.9590039805,117.00048767179,
    117.04198213019,117.08348735246,117.12500333548,117.16653007596,
    117.20806757062,117.24961581634,117.29117480995,117.33274454816,
    117.37432502785,117.4159162457,117.45751819848,117.49913088301,
    117.54075429622,117.58238843483,117.62403329549,117.66568887506,
    117.70735517047,117.74903217843,117.79071989561,117.83241831891,
    117.87412744512,117.91584727106,117.95757779348,117.99931900917,
    118.0410709149,118.08283350753,118.12460678379,118.16639074049,
    118.20818537455,118.24999068256,118.29180666139,118.33363330788,
    118.37547061882,118.41731859105,118.45917722125,118.50104650626,
    118.54292644288,118.58481702801,118.62671825836,118.66863013066,
    118.71055264187,118.75248578864,118.79442956791,118.83638397642,
    118.87834901098,118.92032466833,118.96231094539,119.00430783881,
    119.04631534559,119.08833346247,119.13036218616,119.1724015136,
    119.21445144152,119.25651196678,119.29858308615,119.34066479644,
    119.38275709446,119.42485997707,119.46697344111,119.5090974833,
    119.55123210053,119.59337728957,119.6355330472,119.67769937042,
    119.71987625595,119.76206370051,119.80426170103,119.84647025427,
    119.88868935718,119.93091900652,119.973159199,120.01540993162,
    120.05767120109,120.09994300425,120.14222533812,120.18451819931,
    120.22682158471,120.26913549112,120.31145991552,120.35379485465,
    120.39614030529,120.43849626439,120.48086272879,120.52323969519,
    120.56562716059,120.60802512182,120.65043357561,120.69285251894,
    120.73528194856,120.77772186139,120.8201722542,120.86263312396,
    120.90510446749,120.94758628157,120.99007856317,121.03258130902,
    121.07509451604,121.11761818113,121.16015230117,121.20269687292,
    121.24525189332,121.28781735925,121.33039326753,121.37297961509,
    121.41557639872,121.45818361545,121.50080126197,121.54342933524,
    121.58606783215,121.62871674959,121.67137608447,121.71404583358,
    121.7567259939,121.79941656222,121.84211753549,121.88482891066,
    121.92755068459,121.97028285416,122.01302541616,122.05577836763,
    122.09854170545,122.1413154266,122.18409952779,122.22689400601,
    122.26969885823,122.31251408134,122.35533967228,122.39817562791,
    122.44102194511,122.48387862078,122.52674565206,122.56962303569,
    122.61251076861,122.65540884773,122.69831727006,122.74123603261,
    122.78416513205,122.82710456547,122.8700543299,122.91301442212,
    122.95598483914,122.998965578,123.04195663547,123.08495800858,
    123.12796969431,123.17099168963,123.21402399145,123.25706659671,
    123.30011950245,123.34318270555,123.38625620305,123.42933999191,
    123.47243406903,123.51553843149,123.55865307615,123.60177800004,
    123.64491320026,123.68805867364,123.73121441723,123.77438042794,
    123.81755670289,123.86074323904,123.90394003336,123.94714708282,
    123.99036438446,124.03359193525,124.07682973231,124.1200777726,
    124.16333605309,124.20660457074,124.2498833227,124.29317230596,
    124.33647151749,124.37978095437,124.42310061368,124.46643049233,
    124.5097705874,124.55312089599,124.59648141512,124.63985214183,
    124.6832330731,124.72662420601,124.7700255378,124.81343706526,
    124.85685878553,124.9002906958,124.94373279306,124.98718507436,
    125.0306475367,125.0741201773,125.11760299316,125.16109598146,
    125.2045991392,125.24811246342,125.29163595131,125.33516959988,
    125.37871340635,125.42226736779,125.4658314812,125.50940574378,
    125.55299015269,125.59658470491,125.64018939759,125.68380422801,
    125.72742919319,125.77106429016,125.81470951619,125.85836486844,
    125.90203034394,125.9457059399,125.98939165342,126.0330874817,
    126.07679342194,126.1205094712,126.16423562669,126.20797188558,
    126.25171824503,126.29547470217,126.33924125429,126.38301789848,
    126.42680463195,126.47060145191,126.51440835555,126.55822534006,
    126.60205240257,126.64588954037,126.68973675068,126.73359403064,
    126.77746137761,126.82133878865,126.865226261,126.90912379194,
    126.95303137877,126.99694901862,127.04087670881,127.0848144465,
    127.12876222886,127.17272005345,127.21668791731,127.26066581766,
    127.30465375186,127.3486517172,127.39265971089,127.43667773022,
    127.48070577254,127.52474383505,127.56879191503,127.61285000983,
    127.65691811683,127.70099623328,127.74508435639,127.78918248353,
    127.83329061202,127.87740873922,127.92153686244,127.96567497904,
    128.00982308629,128.05398118149,128.09814926218,128.14232732558,
    128.18651536898,128.23071338986,128.27492138552,128.3191393534,
    128.3633672908,128.40760519509,128.45185306374,128.49611089401,
    128.54037868345,128.5846564294,128.62894412915,128.67324178021,
    128.71754938001,128.76186692599,128.80619441546,128.85053184591,
    128.89487921481,128.93923651947,128.98360375749,129.02798092629,
    129.07236802329,129.11676504592,129.16117199163,129.20558885791,
    129.25001564231,129.29445234226,129.33889895518,129.38335547862,
    129.42782191008,129.47229824713,129.51678448714,129.56128062765,
    129.60578666619,129.65030260024,129.69482842748,129.7393641454,
    129.78390975141,129.82846524306,129.873030618,129.91760587382,
    129.96219100796,130.00678601807,130.05139090162,130.09600565631,
    130.1406302796,130.18526476924,130.22990912272,130.27456333763,
    130.31922741155,130.36390134215,130.40858512716,130.45327876392,
    130.49798225032,130.54269558378,130.58741876217,130.63215178298,
    130.67689464392,130.7216473426,130.76640987671,130.811182244,
    130.85596444202,130.9007564685,130.94555832116,130.99036999764,
    131.03519149569,131.08002281305,131.12486394736,131.16971489637,
    131.21457565781,131.25944622931,131.30432660875,131.34921679391,
    131.39411678242,131.43902657203,131.48394616059,131.5288755459,
    131.57381472558,131.61876369753,131.66372245956,131.7086910093,
    131.75366934473,131.7986574637,131.84365536383,131.8886630431,
    131.93368049919,131.9787077301,132.02374473373,132.06879150762,
    132.11384804986,132.15891435824,132.2039904307,132.24907626509,
    132.2941718592,132.33927721108,132.3843923185,132.42951717943,
    132.47465179176,132.5197961534,132.5649502623,132.61011411633,
    132.65528771352,132.70047105177,132.74566412907,132.79086694328,
    132.83607949244,132.88130177465,132.92653378771,132.9717755296,
    133.01702699844,133.06228819216,133.10755910876,133.15283974632,
    133.19813010289,133.24343017644,133.28873996493,133.33405946657,
    133.37938867937,133.42472760142,133.47007623067,133.51543456519,
    133.56080260325,133.60618034291,133.65156778212,133.69696491906,
    133.74237175199,133.78778827878,133.83321449768,133.87865040695,
    133.92409600461,133.96955128883,134.01501625769,134.06049090953,
    134.10597524254,134.15146925475,134.19697294442,134.24248630977,
    134.28800934901,134.33354206037,134.37908444209,134.42463649231,
    134.47019820942,134.51576959155,134.56135063704,134.60694134415,
    134.65254171112,134.69815173615,134.7437714178,134.78940075416,
    134.83503974353,134.88068838437,134.92634667484,134.97201461343,
    135.0176921985,135.06337942814,135.109076301,135.1547828154,
    135.20049896953,135.24622476191,135.29196019105,135.33770525527,
    135.38345995284,135.42922428231,135.47499824211,135.52078183069,
    135.56657504651,135.61237788794,135.65819035347,135.70401244167,
    135.74984415092,135.79568547981,135.84153642682,135.88739699028,
    135.93326716897,135.9791469613,136.02503636575,136.07093538102,
    136.11684400552,136.16276223786,136.20869007673,136.25462752056,
    136.30057456804,136.34653121763,136.39249746809,136.43847331806,
    136.48445876609,136.53045381085,136.57645845098,136.62247268501,
    136.66849651187,136.71452993015,136.76057293848,136.80662553553,
    136.85268772,136.89875949079,136.94484084647,136.99093178576,
    137.03703230746,137.0642493178,137.22584217304,137.38683934688,
    137.54724164433,137.70704987151,137.86626483563,138.02488734507,
    138.18291820941,138.34035823943,138.49720824721,138.65346904612,
    138.80914145086,138.96422627754,139.11872434368,139.27263646825,
    139.42596347176,139.57870617624,139.73086540532,139.88244198427,
    140.03343674004,140.1838505013,140.33368409851,140.48293836392,
    140.63161413166,140.7797122378,140.92723352034,141.07417881931,
    141.22054897681,141.36634483705,141.51156724643,141.65621705356,
    141.80029510932,141.94380226697,142.08673938212,142.22910731285,
    142.37090691975,142.51213906598,142.65280461734,142.79290444231,
    142.93243941212,143.07141040086,143.20981828546,143.34766394583,
    143.48494826489,143.62167212866,143.7578364263,143.89344205024,
    144.02848989617,144.16298086318,144.29691585381,144.43029577414,
    144.56312153383,144.69539404625,144.82711422854,144.95828300168,
    145.08890129058,145.21897002417,145.3484901355,145.47746256181,
    145.6058882446,145.73376812976,145.86110316767,145.98789431324,
    146.11414252605,146.23984877045,146.36501401563,146.48963923574,
    146.61372541,146.7372735228,146.86028456379,146.98275952803,
    147.10469941606,147.22610523402,147.34697799378,147.46731871307,
    147.58712841555,147.70640813099,147.82515889536,147.94338175093,
    148.06107774649,148.17824793736,148.29489338563,148.41101516023,
    148.52661433709,148.64169199926,148.75624923711,148.8702871484,
    148.98380683847,149.09680942041,149.20929601515,149.32126775168,
    149.43272576717,149.54367120716,149.65410522569,149.7640289855,
    149.87344365818,149.98235042436,150.09075047386,150.1986450059,
    150.30603522929,150.41292236256,150.5193076342,150.62519228287,
    150.73057755752,150.83546471766,150.93985503354,151.04374978636,
    151.14715026846,151.25005778358,151.35247364701,151.45439918589,
    151.55583573938,151.6567846589,151.75724730838,151.85722506449,
    151.95671931687,152.05573146838,152.15426293538,152.25231514794,
    152.3498895501,152.44698760018,152.543610771,152.63976055017,
    152.73543844036,152.83064595959,152.92538464151,153.01965603566,
    153.11346170783,153.2068032403,153.29968223215,153.39210029961,
    153.48405907632,153.57556021368,153.66660538117,153.75719626665,
    153.84733457674,153.93702203711,154.02626039285,154.1150514088,
    154.20339686991,154.2912985816,154.37875837012,154.4657780829,
    154.55235958896,154.63850477922,154.72421556696,154.80949388814,
    154.89434170183,154.97876099057,155.06275376082,155.14632204331,
    155.22946789348,155.31219339188,155.3945006446,155.47639178368,
    155.55786896753,155.63893438137,155.71959023768,155.79983877658,
    155.87968226634,155.95912300376,156.03816331467,156.11680555436,
    156.195052108,156.27290539114,156.35036785015,156.42744196267,
    156.50413023809,156.58043521799,156.65635947661,156.73190562132,
    156.80707629308,156.88187416691,156.95630195232,157.03036239382,
    157.10405827137,157.17739240079,157.25036763429,157.32298686087,
    157.39525300679,157.46716903603,157.5387379507,157.6099627915,
    157.68084663816,157.75139260984,157.82160386555,157.89148360459,
    157.96103506691,158.03026153354,158.09916632695,158.16775281141,
    158.2360243934,158.30398452188,158.3716366887,158.43898442887,
    158.50603132088,158.57278098698,158.63923709348,158.70540335095,
    158.77128351449,158.83688138394,158.90220080406,158.96724566471,
    159.03201990098,159.09652749334,159.1607724677,159.22475889551,
    159.28849089378,159.35197262511,159.41520829768,159.47820216517,
    159.54095852673,159.60348172682,159.6657761551,159.72784624623,
    159.7896964797,159.85133137951,159.91275551394,159.97397349519,
    160.03498997904,160.09580966443,160.15643729303,160.21687764876,
    160.27713555721,160.33721588517,160.39712353994,160.45686346872,
    160.51644065788,160.57586013229,160.63512695447,160.69424622382,
    160.75322307571,160.81206268062,160.87077024319,160.92935100119,
    160.98781022452,161.04615321415,161.104385301,161.16251184478,
    161.22053823282,161.27846987885,161.33631222174,161.39407072421,
    161.45175087151,161.50935817006,161.56689814607,161.62437634412,
    161.68179832576,161.739169668,161.79649596185,161.85378281082,
    161.91103582939,161.96826064148,162.0254628789,162.08264817977,
    162.13982218696,162.19699054652),.UNSPECIFIED.);
#40 = CARTESIAN_POINT('',(129.83148826492,-23.54742992044,0.));
#41 = CARTESIAN_POINT('',(129.83698938073,-23.51709888375,0.));
#42 = CARTESIAN_POINT('',(129.84788525811,-23.45641733588,0.));
#43 = CARTESIAN_POINT('',(129.86390980214,-23.36533780131,0.));
#44 = CARTESIAN_POINT('',(129.87961498345,-23.27420154578,0.));
#45 = CARTESIAN_POINT('',(129.89500069917,-23.1830091514,0.));
#46 = CARTESIAN_POINT('',(129.91006684638,-23.09176120031,0.));
#47 = CARTESIAN_POINT('',(129.92481332315,-23.00045827479,0.));
#48 = CARTESIAN_POINT('',(129.9392400283,-22.90910095728,0.));
#49 = CARTESIAN_POINT('',(129.95334686143,-22.81768983032,0.));
#50 = CARTESIAN_POINT('',(129.96713372293,-22.72622547664,0.));
#51 = CARTESIAN_POINT('',(129.98060051399,-22.63470847905,0.));
#52 = CARTESIAN_POINT('',(129.99374713655,-22.54313942053,0.));
#53 = CARTESIAN_POINT('',(130.00657349337,-22.45151888419,0.));
#54 = CARTESIAN_POINT('',(130.01907948798,-22.35984745324,0.));
#55 = CARTESIAN_POINT('',(130.0312650247,-22.26812571107,0.));
#56 = CARTESIAN_POINT('',(130.04313000863,-22.17635424116,0.));
#57 = CARTESIAN_POINT('',(130.05467434567,-22.08453362713,0.));
#58 = CARTESIAN_POINT('',(130.06589794249,-21.99266445276,0.));
#59 = CARTESIAN_POINT('',(130.07680070656,-21.90074730191,0.));
#60 = CARTESIAN_POINT('',(130.08738254613,-21.80878275859,0.));
#61 = CARTESIAN_POINT('',(130.09764337023,-21.71677140695,0.));
#62 = CARTESIAN_POINT('',(130.1075830887,-21.62471383123,0.));
#63 = CARTESIAN_POINT('',(130.11720161214,-21.53261061582,0.));
#64 = CARTESIAN_POINT('',(130.12649885196,-21.44046234524,0.));
#65 = CARTESIAN_POINT('',(130.13547472034,-21.3482696041,0.));
#66 = CARTESIAN_POINT('',(130.14412913025,-21.25603297716,0.));
#67 = CARTESIAN_POINT('',(130.15246199546,-21.16375304929,0.));
#68 = CARTESIAN_POINT('',(130.16047323053,-21.07143040549,0.));
#69 = CARTESIAN_POINT('',(130.16816275077,-20.97906563085,0.));
#70 = CARTESIAN_POINT('',(130.17553047234,-20.88665931061,0.));
#71 = CARTESIAN_POINT('',(130.18257631213,-20.79421203012,0.));
#72 = CARTESIAN_POINT('',(130.18930018785,-20.70172437482,0.));
#73 = CARTESIAN_POINT('',(130.195702018,-20.6091969303,0.));
#74 = CARTESIAN_POINT('',(130.20178172185,-20.51663028225,0.));
#75 = CARTESIAN_POINT('',(130.20753921948,-20.42402501647,0.));
#76 = CARTESIAN_POINT('',(130.21297443174,-20.33138171887,0.));
#77 = CARTESIAN_POINT('',(130.21808728028,-20.23870097548,0.));
#78 = CARTESIAN_POINT('',(130.22287768754,-20.14598337244,0.));
#79 = CARTESIAN_POINT('',(130.22734557675,-20.05322949599,0.));
#80 = CARTESIAN_POINT('',(130.23149087191,-19.96043993249,0.));
#81 = CARTESIAN_POINT('',(130.23531349784,-19.8676152684,0.));
#82 = CARTESIAN_POINT('',(130.23881338012,-19.77475609028,0.));
#83 = CARTESIAN_POINT('',(130.24199044516,-19.68186298483,0.));
#84 = CARTESIAN_POINT('',(130.24484462011,-19.58893653881,0.));
#85 = CARTESIAN_POINT('',(130.24737583295,-19.49597733912,0.));
#86 = CARTESIAN_POINT('',(130.24958401243,-19.40298597274,0.));
#87 = CARTESIAN_POINT('',(130.25146908809,-19.30996302675,0.));
#88 = CARTESIAN_POINT('',(130.25303099028,-19.21690908836,0.));
#89 = CARTESIAN_POINT('',(130.25426965012,-19.12382474486,0.));
#90 = CARTESIAN_POINT('',(130.25518499953,-19.03071058363,0.));
#91 = CARTESIAN_POINT('',(130.25577697121,-18.93756719217,0.));
#92 = CARTESIAN_POINT('',(130.25604549867,-18.84439515807,0.));
#93 = CARTESIAN_POINT('',(130.25599051619,-18.75119506901,0.));
#94 = CARTESIAN_POINT('',(130.25561195886,-18.65796751278,0.));
#95 = CARTESIAN_POINT('',(130.25490976256,-18.56471307725,0.));
#96 = CARTESIAN_POINT('',(130.25388386393,-18.47143235038,0.));
#97 = CARTESIAN_POINT('',(130.25253420045,-18.37812592026,0.));
#98 = CARTESIAN_POINT('',(130.25086071036,-18.28479437502,0.));
#99 = CARTESIAN_POINT('',(130.2488633327,-18.19143830293,0.));
#100 = CARTESIAN_POINT('',(130.2465420073,-18.09805829231,0.));
#101 = CARTESIAN_POINT('',(130.24389667478,-18.0046549316,0.));
#102 = CARTESIAN_POINT('',(130.24092727656,-17.91122880931,0.));
#103 = CARTESIAN_POINT('',(130.23763375484,-17.81778051404,0.));
#104 = CARTESIAN_POINT('',(130.23401605263,-17.72431063449,0.));
#105 = CARTESIAN_POINT('',(130.23007411372,-17.63081975944,0.));
#106 = CARTESIAN_POINT('',(130.2258078827,-17.53730847775,0.));
#107 = CARTESIAN_POINT('',(130.22121730493,-17.44377737835,0.));
#108 = CARTESIAN_POINT('',(130.2163023266,-17.3502270503,0.));
#109 = CARTESIAN_POINT('',(130.21106289466,-17.25665808268,0.));
#110 = CARTESIAN_POINT('',(130.20549895687,-17.1630710647,0.));
#111 = CARTESIAN_POINT('',(130.19961046177,-17.06946658564,0.));
#112 = CARTESIAN_POINT('',(130.19339735872,-16.97584523484,0.));
#113 = CARTESIAN_POINT('',(130.18685959785,-16.88220760173,0.));
#114 = CARTESIAN_POINT('',(130.17999713007,-16.78855427584,0.));
#115 = CARTESIAN_POINT('',(130.17280990713,-16.69488584673,0.));
#116 = CARTESIAN_POINT('',(130.16529788152,-16.60120290409,0.));
#117 = CARTESIAN_POINT('',(130.15746100657,-16.50750603763,0.));
#118 = CARTESIAN_POINT('',(130.14929923636,-16.41379583718,0.));
#119 = CARTESIAN_POINT('',(130.14081252581,-16.32007289262,0.));
#120 = CARTESIAN_POINT('',(130.1320008306,-16.22633779391,0.));
#121 = CARTESIAN_POINT('',(130.12286410721,-16.13259113107,0.));
#122 = CARTESIAN_POINT('',(130.11340231292,-16.03883349421,0.));
#123 = CARTESIAN_POINT('',(130.10361540581,-15.94506547349,0.));
#124 = CARTESIAN_POINT('',(130.09350334473,-15.85128765915,0.));
#125 = CARTESIAN_POINT('',(130.08306608936,-15.7575006415,0.));
#126 = CARTESIAN_POINT('',(130.07230360014,-15.6637050109,0.));
#127 = CARTESIAN_POINT('',(130.06121583833,-15.56990135779,0.));
#128 = CARTESIAN_POINT('',(130.04980276597,-15.47609027269,0.));
#129 = CARTESIAN_POINT('',(130.0380643459,-15.38227234614,0.));
#130 = CARTESIAN_POINT('',(130.02600054175,-15.28844816879,0.));
#131 = CARTESIAN_POINT('',(130.01361131795,-15.19461833133,0.));
#132 = CARTESIAN_POINT('',(130.00089663973,-15.1007834245,0.));
#133 = CARTESIAN_POINT('',(129.9878564731,-15.00694403913,0.));
#134 = CARTESIAN_POINT('',(129.97449078487,-14.91310076608,0.));
#135 = CARTESIAN_POINT('',(129.96079954266,-14.81925419629,0.));
#136 = CARTESIAN_POINT('',(129.94678271486,-14.72540492074,0.));
#137 = CARTESIAN_POINT('',(129.93244027068,-14.63155353049,0.));
#138 = CARTESIAN_POINT('',(129.9177721801,-14.53770061663,0.));
#139 = CARTESIAN_POINT('',(129.90277841393,-14.44384677033,0.));
#140 = CARTESIAN_POINT('',(129.88745894373,-14.34999258279,0.));
#141 = CARTESIAN_POINT('',(129.8718137419,-14.25613864528,0.));
#142 = CARTESIAN_POINT('',(129.85584278161,-14.16228554911,0.));
#143 = CARTESIAN_POINT('',(129.83954603683,-14.06843388565,0.));
#144 = CARTESIAN_POINT('',(129.82292348233,-13.97458424632,0.));
#145 = CARTESIAN_POINT('',(129.80597509366,-13.88073722259,0.));
#146 = CARTESIAN_POINT('',(129.7887008472,-13.78689340597,0.));
#147 = CARTESIAN_POINT('',(129.77110072008,-13.69305338803,0.));
#148 = CARTESIAN_POINT('',(129.75317469028,-13.59921776038,0.));
#149 = CARTESIAN_POINT('',(129.73492273652,-13.50538711466,0.));
#150 = CARTESIAN_POINT('',(129.71634483836,-13.4115620426,0.));
#151 = CARTESIAN_POINT('',(129.69744097613,-13.31774313592,0.));
#152 = CARTESIAN_POINT('',(129.67821113097,-13.22393098642,0.));
#153 = CARTESIAN_POINT('',(129.65865528481,-13.13012618592,0.));
#154 = CARTESIAN_POINT('',(129.63877342038,-13.03632932631,0.));
#155 = CARTESIAN_POINT('',(129.6185655212,-12.94254099948,0.));
#156 = CARTESIAN_POINT('',(129.59803157159,-12.8487617974,0.));
#157 = CARTESIAN_POINT('',(129.57717155668,-12.75499231205,0.));
#158 = CARTESIAN_POINT('',(129.55598546236,-12.66123313545,0.));
#159 = CARTESIAN_POINT('',(129.53447327537,-12.56748485968,0.));
#160 = CARTESIAN_POINT('',(129.51263498319,-12.47374807683,0.));
#161 = CARTESIAN_POINT('',(129.49047057414,-12.38002337903,0.));
#162 = CARTESIAN_POINT('',(129.46798003731,-12.28631135846,0.));
#163 = CARTESIAN_POINT('',(129.44516336261,-12.19261260731,0.));
#164 = CARTESIAN_POINT('',(129.42202054072,-12.09892771782,0.));
#165 = CARTESIAN_POINT('',(129.39855156315,-12.00525728226,0.));
#166 = CARTESIAN_POINT('',(129.37475642217,-11.91160189291,0.));
#167 = CARTESIAN_POINT('',(129.35063511087,-11.8179621421,0.));
#168 = CARTESIAN_POINT('',(129.32618762314,-11.72433862218,0.));
#169 = CARTESIAN_POINT('',(129.30141395365,-11.63073192554,0.));
#170 = CARTESIAN_POINT('',(129.27631409788,-11.53714264458,0.));
#171 = CARTESIAN_POINT('',(129.2508880521,-11.44357137173,0.));
#172 = CARTESIAN_POINT('',(129.22513581339,-11.35001869945,0.));
#173 = CARTESIAN_POINT('',(129.19905737961,-11.25648522022,0.));
#174 = CARTESIAN_POINT('',(129.17265274943,-11.16297152654,0.));
#175 = CARTESIAN_POINT('',(129.1459219223,-11.06947821095,0.));
#176 = CARTESIAN_POINT('',(129.1188648985,-10.97600586597,0.));
#177 = CARTESIAN_POINT('',(129.09148167908,-10.88255508419,0.));
#178 = CARTESIAN_POINT('',(129.06377226588,-10.78912645819,0.));
#179 = CARTESIAN_POINT('',(129.03573666158,-10.69572058057,0.));
#180 = CARTESIAN_POINT('',(129.0073748696,-10.60233804396,0.));
#181 = CARTESIAN_POINT('',(128.97868689421,-10.50897944099,0.));
#182 = CARTESIAN_POINT('',(128.94967274045,-10.41564536432,0.));
#183 = CARTESIAN_POINT('',(128.92033241415,-10.32233640662,0.));
#184 = CARTESIAN_POINT('',(128.89066592197,-10.22905316056,0.));
#185 = CARTESIAN_POINT('',(128.86067327133,-10.13579621885,0.));
#186 = CARTESIAN_POINT('',(128.83035447048,-10.04256617419,0.));
#187 = CARTESIAN_POINT('',(128.79970952844,-9.949363619305,0.));
#188 = CARTESIAN_POINT('',(128.76873845505,-9.856189146913,0.));
#189 = CARTESIAN_POINT('',(128.73744126093,-9.763043349757,0.));
#190 = CARTESIAN_POINT('',(128.70581795752,-9.669926820582,0.));
#191 = CARTESIAN_POINT('',(128.67386855703,-9.576840152143,0.));
#192 = CARTESIAN_POINT('',(128.64159307249,-9.483783937197,0.));
#193 = CARTESIAN_POINT('',(128.60899151772,-9.390758768511,0.));
#194 = CARTESIAN_POINT('',(128.57606390734,-9.297765238855,0.));
#195 = CARTESIAN_POINT('',(128.54281025676,-9.204803941001,0.));
#196 = CARTESIAN_POINT('',(128.50923058219,-9.111875467726,0.));
#197 = CARTESIAN_POINT('',(128.47532490065,-9.018980411808,0.));
#198 = CARTESIAN_POINT('',(128.44109322995,-8.926119366026,0.));
#199 = CARTESIAN_POINT('',(128.40653558869,-8.83329292316,0.));
#200 = CARTESIAN_POINT('',(128.37165199628,-8.740501675986,0.));
#201 = CARTESIAN_POINT('',(128.33644247292,-8.647746217282,0.));
#202 = CARTESIAN_POINT('',(128.30090703961,-8.555027139822,0.));
#203 = CARTESIAN_POINT('',(128.26504571816,-8.462345036374,0.));
#204 = CARTESIAN_POINT('',(128.22885853116,-8.369700499705,0.));
#205 = CARTESIAN_POINT('',(128.192345502,-8.277094122575,0.));
#206 = CARTESIAN_POINT('',(128.15550665488,-8.184526497736,0.));
#207 = CARTESIAN_POINT('',(128.11834201479,-8.091998217936,0.));
#208 = CARTESIAN_POINT('',(128.08085160752,-7.999509875913,0.));
#209 = CARTESIAN_POINT('',(128.04303545966,-7.907062064395,0.));
#210 = CARTESIAN_POINT('',(128.00489359859,-7.814655376101,0.));
#211 = CARTESIAN_POINT('',(127.96642605249,-7.722290403739,0.));
#212 = CARTESIAN_POINT('',(127.92763285036,-7.629967740005,0.));
#213 = CARTESIAN_POINT('',(127.88851402196,-7.537687977583,0.));
#214 = CARTESIAN_POINT('',(127.84906959787,-7.445451709141,0.));
#215 = CARTESIAN_POINT('',(127.80929960948,-7.353259527335,0.));
#216 = CARTESIAN_POINT('',(127.76920408894,-7.261112024804,0.));
#217 = CARTESIAN_POINT('',(127.72878306925,-7.169009794171,0.));
#218 = CARTESIAN_POINT('',(127.68803658416,-7.076953428041,0.));
#219 = CARTESIAN_POINT('',(127.64696466824,-6.984943519001,0.));
#220 = CARTESIAN_POINT('',(127.60556735687,-6.89298065962,0.));
#221 = CARTESIAN_POINT('',(127.56384468619,-6.801065442445,0.));
#222 = CARTESIAN_POINT('',(127.52179669319,-6.709198460003,0.));
#223 = CARTESIAN_POINT('',(127.4794234156,-6.617380304799,0.));
#224 = CARTESIAN_POINT('',(127.43672489201,-6.525611569314,0.));
#225 = CARTESIAN_POINT('',(127.39370116175,-6.433892846008,0.));
#226 = CARTESIAN_POINT('',(127.35035226498,-6.342224727313,0.));
#227 = CARTESIAN_POINT('',(127.30667824267,-6.250607805636,0.));
#228 = CARTESIAN_POINT('',(127.26267913654,-6.159042673361,0.));
#229 = CARTESIAN_POINT('',(127.21835498916,-6.067529922839,0.));
#230 = CARTESIAN_POINT('',(127.17370584387,-5.976070146397,0.));
#231 = CARTESIAN_POINT('',(127.12873174482,-5.884663936331,0.));
#232 = CARTESIAN_POINT('',(127.08343273694,-5.793311884907,0.));
#233 = CARTESIAN_POINT('',(127.03780886597,-5.702014584359,0.));
#234 = CARTESIAN_POINT('',(126.99186017846,-5.610772626891,0.));
#235 = CARTESIAN_POINT('',(126.94558672173,-5.519586604671,0.));
#236 = CARTESIAN_POINT('',(126.89898854392,-5.428457109837,0.));
#237 = CARTESIAN_POINT('',(126.85206569397,-5.337384734488,0.));
#238 = CARTESIAN_POINT('',(126.80481822159,-5.246370070692,0.));
#239 = CARTESIAN_POINT('',(126.75724617733,-5.155413710476,0.));
#240 = CARTESIAN_POINT('',(126.70934961249,-5.064516245832,0.));
#241 = CARTESIAN_POINT('',(126.66112857921,-4.973678268712,0.));
#242 = CARTESIAN_POINT('',(126.61258313039,-4.88290037103,0.));
#243 = CARTESIAN_POINT('',(126.56371331977,-4.79218314466,0.));
#244 = CARTESIAN_POINT('',(126.51451920185,-4.701527181433,0.));
#245 = CARTESIAN_POINT('',(126.46500083195,-4.610933073139,0.));
#246 = CARTESIAN_POINT('',(126.41515826618,-4.520401411526,0.));
#247 = CARTESIAN_POINT('',(126.36499156144,-4.429932788295,0.));
#248 = CARTESIAN_POINT('',(126.31450077544,-4.339527795105,0.));
#249 = CARTESIAN_POINT('',(126.26368596669,-4.249187023568,0.));
#250 = CARTESIAN_POINT('',(126.21254719448,-4.15891106525,0.));
#251 = CARTESIAN_POINT('',(126.1610845189,-4.068700511669,0.));
#252 = CARTESIAN_POINT('',(126.10929800087,-3.978555954294,0.));
#253 = CARTESIAN_POINT('',(126.05718770206,-3.888477984545,0.));
#254 = CARTESIAN_POINT('',(126.00475368497,-3.798467193792,0.));
#255 = CARTESIAN_POINT('',(125.95199601288,-3.708524173353,0.));
#256 = CARTESIAN_POINT('',(125.89891474988,-3.618649514494,0.));
#257 = CARTESIAN_POINT('',(125.84550996085,-3.528843808428,0.));
#258 = CARTESIAN_POINT('',(125.79178171146,-3.439107646315,0.));
#259 = CARTESIAN_POINT('',(125.7377300682,-3.349441619258,0.));
#260 = CARTESIAN_POINT('',(125.68335509834,-3.259846318306,0.));
#261 = CARTESIAN_POINT('',(125.62865686994,-3.17032233445,0.));
#262 = CARTESIAN_POINT('',(125.57363545187,-3.080870258624,0.));
#263 = CARTESIAN_POINT('',(125.5182909138,-2.991490681703,0.));
#264 = CARTESIAN_POINT('',(125.46262332618,-2.902184194503,0.));
#265 = CARTESIAN_POINT('',(125.40663276027,-2.812951387779,0.));
#266 = CARTESIAN_POINT('',(125.35031928814,-2.723792852224,0.));
#267 = CARTESIAN_POINT('',(125.29368298262,-2.634709178472,0.));
#268 = CARTESIAN_POINT('',(125.23672391736,-2.545700957089,0.));
#269 = CARTESIAN_POINT('',(125.17944216681,-2.456768778581,0.));
#270 = CARTESIAN_POINT('',(125.12183780622,-2.367913233387,0.));
#271 = CARTESIAN_POINT('',(125.06391091161,-2.279134911879,0.));
#272 = CARTESIAN_POINT('',(125.00566155982,-2.190434404366,0.));
#273 = CARTESIAN_POINT('',(124.94708982848,-2.101812301086,0.));
#274 = CARTESIAN_POINT('',(124.88819579601,-2.013269192208,0.));
#275 = CARTESIAN_POINT('',(124.82897954165,-1.924805667834,0.));
#276 = CARTESIAN_POINT('',(124.7694411454,-1.836422317993,0.));
#277 = CARTESIAN_POINT('',(124.70958068809,-1.748119732645,0.));
#278 = CARTESIAN_POINT('',(124.64939825133,-1.659898501675,0.));
#279 = CARTESIAN_POINT('',(124.58889391751,-1.571759214898,0.));
#280 = CARTESIAN_POINT('',(124.52806776986,-1.48370246205,0.));
#281 = CARTESIAN_POINT('',(124.46691989235,-1.395728832801,0.));
#282 = CARTESIAN_POINT('',(124.40545036981,-1.307838916721,0.));
#283 = CARTESIAN_POINT('',(124.34365928776,-1.220033303383,0.));
#284 = CARTESIAN_POINT('',(124.28154673281,-1.132312581993,0.));
#285 = CARTESIAN_POINT('',(124.21911279135,-1.04467734275,0.));
#286 = CARTESIAN_POINT('',(124.15635755428,-0.957128171777,0.));
#287 = CARTESIAN_POINT('',(124.09328109947,-0.869665670048,0.));
#288 = CARTESIAN_POINT('',(124.02988355724,-0.782290382641,0.));
#289 = CARTESIAN_POINT('',(123.96616486564,-0.695003063194,0.));
#290 = CARTESIAN_POINT('',(123.90212568521,-0.607803685327,0.));
#291 = CARTESIAN_POINT('',(123.83776397943,-0.520695138105,0.));
#292 = CARTESIAN_POINT('',(123.77308779776,-0.433669411697,0.));
#293 = CARTESIAN_POINT('',(123.70806748982,-0.346759238207,0.));
#294 = CARTESIAN_POINT('',(123.64281433942,-0.259845046995,0.));
#295 = CARTESIAN_POINT('',(123.57691278929,-0.173376610075,0.));
#296 = CARTESIAN_POINT('',(123.51191674671,-8.567535708187E-02,0.));
#297 = CARTESIAN_POINT('',(123.46264408783,-2.740987471828E-02,0.));
#298 = CARTESIAN_POINT('',(123.43674796201,1.234488288953E-02,0.));
#299 = CARTESIAN_POINT('',(123.42140479159,1.964177867668E-02,0.));
#300 = CARTESIAN_POINT('',(123.4064836297,3.017266941565E-02,0.));
#301 = CARTESIAN_POINT('',(123.39097229816,4.007066251575E-02,0.));
#302 = CARTESIAN_POINT('',(123.37561943134,5.014509235874E-02,0.));
#303 = CARTESIAN_POINT('',(123.36022438628,6.01790456703E-02,0.));
#304 = CARTESIAN_POINT('',(123.34484093508,7.023065305265E-02,0.));
#305 = CARTESIAN_POINT('',(123.3294546643,8.028433077969E-02,0.));
#306 = CARTESIAN_POINT('',(123.31406943483,9.034425128106E-02,0.));
#307 = CARTESIAN_POINT('',(123.29868420984,0.100409292121,0.));
#308 = CARTESIAN_POINT('',(123.28329926515,0.110479749907,0.));
#309 = CARTESIAN_POINT('',(123.26791452483,0.120555541062,0.));
#310 = CARTESIAN_POINT('',(123.25253000711,0.130636683717,0.));
#311 = CARTESIAN_POINT('',(123.23714570508,0.140723168882,0.));
#312 = CARTESIAN_POINT('',(123.22176161857,0.150814994811,0.));
#313 = CARTESIAN_POINT('',(123.20637774554,0.160912157776,0.));
#314 = CARTESIAN_POINT('',(123.19099408448,0.171014654599,0.));
#315 = CARTESIAN_POINT('',(123.17561063376,0.181122481967,0.));
#316 = CARTESIAN_POINT('',(123.16022739176,0.191235636642,0.));
#317 = CARTESIAN_POINT('',(123.1448443568,0.201354115219,0.));
#318 = CARTESIAN_POINT('',(123.12946152734,0.211477914537,0.));
#319 = CARTESIAN_POINT('',(123.11407890171,0.221607031244,0.));
#320 = CARTESIAN_POINT('',(123.09869647829,0.231741462039,0.));
#321 = CARTESIAN_POINT('',(123.08331425549,0.241881203687,0.));
#322 = CARTESIAN_POINT('',(123.06793223165,0.252026252852,0.));
#323 = CARTESIAN_POINT('',(123.05255040516,0.262176606285,0.));
#324 = CARTESIAN_POINT('',(123.03716877438,0.272332260664,0.));
#325 = CARTESIAN_POINT('',(123.0217873377,0.282493212729,0.));
#326 = CARTESIAN_POINT('',(123.00640609349,0.292659459187,0.));
#327 = CARTESIAN_POINT('',(122.99102504013,0.302830996759,0.));
#328 = CARTESIAN_POINT('',(122.97564417598,0.313007822149,0.));
#329 = CARTESIAN_POINT('',(122.96026349943,0.323189932071,0.));
#330 = CARTESIAN_POINT('',(122.94488300886,0.333377323277,0.));
#331 = CARTESIAN_POINT('',(122.9295027026,0.343569992421,0.));
#332 = CARTESIAN_POINT('',(122.91412257905,0.353767936269,0.));
#333 = CARTESIAN_POINT('',(122.89874263659,0.363971151531,0.));
#334 = CARTESIAN_POINT('',(122.88336287358,0.374179634908,0.));
#335 = CARTESIAN_POINT('',(122.8679832884,0.384393383129,0.));
#336 = CARTESIAN_POINT('',(122.85260387941,0.394612392913,0.));
#337 = CARTESIAN_POINT('',(122.83722464499,0.404836660984,0.));
#338 = CARTESIAN_POINT('',(122.82184558349,0.41506618403,0.));
#339 = CARTESIAN_POINT('',(122.8064666933,0.425300958826,0.));
#340 = CARTESIAN_POINT('',(122.79108797279,0.435540982044,0.));
#341 = CARTESIAN_POINT('',(122.7757094203,0.445786250414,0.));
#342 = CARTESIAN_POINT('',(122.76033103423,0.45603676068,0.));
#343 = CARTESIAN_POINT('',(122.74495281295,0.466292509523,0.));
#344 = CARTESIAN_POINT('',(122.72957475484,0.476553493738,0.));
#345 = CARTESIAN_POINT('',(122.7141968582,0.486819709945,0.));
#346 = CARTESIAN_POINT('',(122.69881912143,0.497091154934,0.));
#347 = CARTESIAN_POINT('',(122.68344154292,0.507367825412,0.));
#348 = CARTESIAN_POINT('',(122.66806412104,0.517649718116,0.));
#349 = CARTESIAN_POINT('',(122.65268685412,0.527936829742,0.));
#350 = CARTESIAN_POINT('',(122.63730974055,0.538229157016,0.));
#351 = CARTESIAN_POINT('',(122.6219327787,0.548526696715,0.));
#352 = CARTESIAN_POINT('',(122.60655596689,0.55882944546,0.));
#353 = CARTESIAN_POINT('',(122.59117930354,0.569137400091,0.));
#354 = CARTESIAN_POINT('',(122.57580278699,0.579450557243,0.));
#355 = CARTESIAN_POINT('',(122.56042641562,0.589768913705,0.));
#356 = CARTESIAN_POINT('',(122.54505018776,0.600092466165,0.));
#357 = CARTESIAN_POINT('',(122.52967410179,0.610421211337,0.));
#358 = CARTESIAN_POINT('',(122.5142981561,0.620755146026,0.));
#359 = CARTESIAN_POINT('',(122.49892234899,0.631094266844,0.));
#360 = CARTESIAN_POINT('',(122.48354667888,0.641438570608,0.));
#361 = CARTESIAN_POINT('',(122.46817114411,0.651788054029,0.));
#362 = CARTESIAN_POINT('',(122.45279574303,0.662142713779,0.));
#363 = CARTESIAN_POINT('',(122.43742047402,0.672502546677,0.));
#364 = CARTESIAN_POINT('',(122.42204533543,0.682867549373,0.));
#365 = CARTESIAN_POINT('',(122.40667032562,0.693237718635,0.));
#366 = CARTESIAN_POINT('',(122.39129544295,0.70361305119,0.));
#367 = CARTESIAN_POINT('',(122.37592068579,0.713993543753,0.));
#368 = CARTESIAN_POINT('',(122.3605460525,0.724379193089,0.));
#369 = CARTESIAN_POINT('',(122.3451715414,0.734769995862,0.));
#370 = CARTESIAN_POINT('',(122.3297971509,0.745165948885,0.));
#371 = CARTESIAN_POINT('',(122.31442287933,0.755567048825,0.));
#372 = CARTESIAN_POINT('',(122.29904872505,0.765973292446,0.));
#373 = CARTESIAN_POINT('',(122.28367468643,0.776384676481,0.));
#374 = CARTESIAN_POINT('',(122.2683007618,0.786801197619,0.));
#375 = CARTESIAN_POINT('',(122.25292694957,0.797222852675,0.));
#376 = CARTESIAN_POINT('',(122.23755324805,0.807649638315,0.));
#377 = CARTESIAN_POINT('',(122.22217965558,0.818081551271,0.));
#378 = CARTESIAN_POINT('',(122.20680617055,0.828518588316,0.));
#379 = CARTESIAN_POINT('',(122.19143279133,0.838960746178,0.));
#380 = CARTESIAN_POINT('',(122.17605951624,0.849408021563,0.));
#381 = CARTESIAN_POINT('',(122.16068634365,0.85986041121,0.));
#382 = CARTESIAN_POINT('',(122.14531327194,0.870317911906,0.));
#383 = CARTESIAN_POINT('',(122.12994029941,0.880780520324,0.));
#384 = CARTESIAN_POINT('',(122.11456742442,0.891248233207,0.));
#385 = CARTESIAN_POINT('',(122.09919464537,0.901721047334,0.));
#386 = CARTESIAN_POINT('',(122.08382196058,0.912198959414,0.));
#387 = CARTESIAN_POINT('',(122.0684493684,0.922681966162,0.));
#388 = CARTESIAN_POINT('',(122.05307686722,0.933170064363,0.));
#389 = CARTESIAN_POINT('',(122.03770445537,0.943663250743,0.));
#390 = CARTESIAN_POINT('',(122.02233213116,0.954161521986,0.));
#391 = CARTESIAN_POINT('',(122.00695989299,0.9646648749,0.));
#392 = CARTESIAN_POINT('',(121.99158773921,0.975173306201,0.));
#393 = CARTESIAN_POINT('',(121.97621566815,0.985686812607,0.));
#394 = CARTESIAN_POINT('',(121.96084367817,0.99620539089,0.));
#395 = CARTESIAN_POINT('',(121.94547176762,1.006729037757,0.));
#396 = CARTESIAN_POINT('',(121.93009993487,1.017257749986,0.));
#397 = CARTESIAN_POINT('',(121.91472817823,1.02779152428,0.));
#398 = CARTESIAN_POINT('',(121.89935649607,1.038330357407,0.));
#399 = CARTESIAN_POINT('',(121.88398488673,1.048874246085,0.));
#400 = CARTESIAN_POINT('',(121.86861334859,1.059423187086,0.));
#401 = CARTESIAN_POINT('',(121.85324187997,1.069977177134,0.));
#402 = CARTESIAN_POINT('',(121.83787047921,1.080536212947,0.));
#403 = CARTESIAN_POINT('',(121.82249914469,1.091100291339,0.));
#404 = CARTESIAN_POINT('',(121.80712787471,1.101669408957,0.));
#405 = CARTESIAN_POINT('',(121.79175666766,1.112243562621,0.));
#406 = CARTESIAN_POINT('',(121.77638552189,1.122822749054,0.));
#407 = CARTESIAN_POINT('',(121.7610144357,1.133406964978,0.));
#408 = CARTESIAN_POINT('',(121.74564340748,1.143996207156,0.));
#409 = CARTESIAN_POINT('',(121.73027243558,1.154590472342,0.));
#410 = CARTESIAN_POINT('',(121.71490151831,1.165189757274,0.));
#411 = CARTESIAN_POINT('',(121.69953065402,1.175794058659,0.));
#412 = CARTESIAN_POINT('',(121.68415984107,1.186403373311,0.));
#413 = CARTESIAN_POINT('',(121.66878907781,1.197017697934,0.));
#414 = CARTESIAN_POINT('',(121.65341836257,1.207637029267,0.));
#415 = CARTESIAN_POINT('',(121.63804769372,1.218261364101,0.));
#416 = CARTESIAN_POINT('',(121.62267706956,1.228890699127,0.));
#417 = CARTESIAN_POINT('',(121.60730648846,1.239525031132,0.));
#418 = CARTESIAN_POINT('',(121.59193594877,1.250164356854,0.));
#419 = CARTESIAN_POINT('',(121.57656544883,1.260808673033,0.));
#420 = CARTESIAN_POINT('',(121.56119498698,1.271457976437,0.));
#421 = CARTESIAN_POINT('',(121.54582456154,1.282112263784,0.));
#422 = CARTESIAN_POINT('',(121.53045417087,1.292771531844,0.));
#423 = CARTESIAN_POINT('',(121.51508381332,1.303435777372,0.));
#424 = CARTESIAN_POINT('',(121.49971348723,1.314104997113,0.));
#425 = CARTESIAN_POINT('',(121.48434319091,1.32477918779,0.));
#426 = CARTESIAN_POINT('',(121.46897292275,1.335458346204,0.));
#427 = CARTESIAN_POINT('',(121.45360268107,1.346142469062,0.));
#428 = CARTESIAN_POINT('',(121.4382324642,1.356831553138,0.));
#429 = CARTESIAN_POINT('',(121.42286227049,1.367525595184,0.));
#430 = CARTESIAN_POINT('',(121.40749209827,1.378224591926,0.));
#431 = CARTESIAN_POINT('',(121.3921219459,1.388928540167,0.));
#432 = CARTESIAN_POINT('',(121.37675181169,1.399637436599,0.));
#433 = CARTESIAN_POINT('',(121.361381694,1.410351278009,0.));
#434 = CARTESIAN_POINT('',(121.34601159118,1.421070061171,0.));
#435 = CARTESIAN_POINT('',(121.33064150154,1.431793782785,0.));
#436 = CARTESIAN_POINT('',(121.31527142342,1.442522439652,0.));
#437 = CARTESIAN_POINT('',(121.29990135517,1.453256028488,0.));
#438 = CARTESIAN_POINT('',(121.28453129514,1.463994546079,0.));
#439 = CARTESIAN_POINT('',(121.26916124166,1.474737989183,0.));
#440 = CARTESIAN_POINT('',(121.25379119304,1.485486354514,0.));
#441 = CARTESIAN_POINT('',(121.23842114764,1.49623963887,0.));
#442 = CARTESIAN_POINT('',(121.22305110378,1.506997838975,0.));
#443 = CARTESIAN_POINT('',(121.20768105983,1.517760951621,0.));
#444 = CARTESIAN_POINT('',(121.19231101411,1.528528973534,0.));
#445 = CARTESIAN_POINT('',(121.17694096495,1.539301901484,0.));
#446 = CARTESIAN_POINT('',(121.16157091069,1.550079732233,0.));
#447 = CARTESIAN_POINT('',(121.14620084964,1.560862462517,0.));
#448 = CARTESIAN_POINT('',(121.13083078015,1.571650089107,0.));
#449 = CARTESIAN_POINT('',(121.1154607006,1.582442608781,0.));
#450 = CARTESIAN_POINT('',(121.10009060927,1.593240018273,0.));
#451 = CARTESIAN_POINT('',(121.0847205045,1.604042314335,0.));
#452 = CARTESIAN_POINT('',(121.06935038464,1.614849493752,0.));
#453 = CARTESIAN_POINT('',(121.05398024802,1.625661553267,0.));
#454 = CARTESIAN_POINT('',(121.03861009297,1.636478489644,0.));
#455 = CARTESIAN_POINT('',(121.02323991783,1.647300299646,0.));
#456 = CARTESIAN_POINT('',(121.00786972092,1.658126980017,0.));
#457 = CARTESIAN_POINT('',(120.99249950059,1.668958527555,0.));
#458 = CARTESIAN_POINT('',(120.97712925516,1.679794938979,0.));
#459 = CARTESIAN_POINT('',(120.96175898295,1.69063621107,0.));
#460 = CARTESIAN_POINT('',(120.94638868232,1.701482340601,0.));
#461 = CARTESIAN_POINT('',(120.93101835157,1.712333324297,0.));
#462 = CARTESIAN_POINT('',(120.91564798907,1.72318915898,0.));
#463 = CARTESIAN_POINT('',(120.90027759312,1.734049841349,0.));
#464 = CARTESIAN_POINT('',(120.88490716206,1.74491536821,0.));
#465 = CARTESIAN_POINT('',(120.86953669423,1.755785736312,0.));
#466 = CARTESIAN_POINT('',(120.85416618794,1.76666094241,0.));
#467 = CARTESIAN_POINT('',(120.83879564154,1.777540983294,0.));
#468 = CARTESIAN_POINT('',(120.82342505335,1.78842585569,0.));
#469 = CARTESIAN_POINT('',(120.80805442171,1.799315556414,0.));
#470 = CARTESIAN_POINT('',(120.79268374492,1.810210082164,0.));
#471 = CARTESIAN_POINT('',(120.77731302135,1.821109429771,0.));
#472 = CARTESIAN_POINT('',(120.76194224932,1.832013595976,0.));
#473 = CARTESIAN_POINT('',(120.74657142712,1.842922577517,0.));
#474 = CARTESIAN_POINT('',(120.73120055312,1.8538363712,0.));
#475 = CARTESIAN_POINT('',(120.71582962564,1.864754973784,0.));
#476 = CARTESIAN_POINT('',(120.70045864299,1.875678382011,0.));
#477 = CARTESIAN_POINT('',(120.68508760352,1.886606592665,0.));
#478 = CARTESIAN_POINT('',(120.66971650556,1.897539602548,0.));
#479 = CARTESIAN_POINT('',(120.6543453474,1.908477408349,0.));
#480 = CARTESIAN_POINT('',(120.63897412739,1.919420006903,0.));
#481 = CARTESIAN_POINT('',(120.62360284388,1.930367394964,0.));
#482 = CARTESIAN_POINT('',(120.60823149517,1.941319569274,0.));
#483 = CARTESIAN_POINT('',(120.5928600796,1.952276526649,0.));
#484 = CARTESIAN_POINT('',(120.57748859547,1.963238263805,0.));
#485 = CARTESIAN_POINT('',(120.56211704113,1.97420477754,0.));
#486 = CARTESIAN_POINT('',(120.54674541492,1.985176064648,0.));
#487 = CARTESIAN_POINT('',(120.53137371512,1.996152121843,0.));
#488 = CARTESIAN_POINT('',(120.5160019401,2.007132945947,0.));
#489 = CARTESIAN_POINT('',(120.50063008815,2.018118533695,0.));
#490 = CARTESIAN_POINT('',(120.48525815762,2.029108881891,0.));
#491 = CARTESIAN_POINT('',(120.46988614682,2.040103987277,0.));
#492 = CARTESIAN_POINT('',(120.45451405407,2.051103846622,0.));
#493 = CARTESIAN_POINT('',(120.43914187773,2.062108456751,0.));
#494 = CARTESIAN_POINT('',(120.4237696161,2.073117814373,0.));
#495 = CARTESIAN_POINT('',(120.40839726748,2.084131916302,0.));
#496 = CARTESIAN_POINT('',(120.39302483021,2.095150759272,0.));
#497 = CARTESIAN_POINT('',(120.37765230262,2.106174340091,0.));
#498 = CARTESIAN_POINT('',(120.36227968306,2.117202655556,0.));
#499 = CARTESIAN_POINT('',(120.34690696979,2.12823570235,0.));
#500 = CARTESIAN_POINT('',(120.33153416118,2.13927347734,0.));
#501 = CARTESIAN_POINT('',(120.31616125556,2.150315977272,0.));
#502 = CARTESIAN_POINT('',(120.3007882512,2.161363198893,0.));
#503 = CARTESIAN_POINT('',(120.28541514646,2.172415139002,0.));
#504 = CARTESIAN_POINT('',(120.27004193968,2.183471794391,0.));
#505 = CARTESIAN_POINT('',(120.25466862914,2.194533161804,0.));
#506 = CARTESIAN_POINT('',(120.23929521317,2.205599238022,0.));
#507 = CARTESIAN_POINT('',(120.22392169013,2.216670019861,0.));
#508 = CARTESIAN_POINT('',(120.20854805828,2.227745504034,0.));
#509 = CARTESIAN_POINT('',(120.19317431598,2.23882568737,0.));
#510 = CARTESIAN_POINT('',(120.17780046154,2.249910566623,0.));
#511 = CARTESIAN_POINT('',(120.16242649329,2.261000138574,0.));
#512 = CARTESIAN_POINT('',(120.14705240954,2.27209440001,0.));
#513 = CARTESIAN_POINT('',(120.13167820862,2.283193347692,0.));
#514 = CARTESIAN_POINT('',(120.11630388884,2.294296978416,0.));
#515 = CARTESIAN_POINT('',(120.10092944852,2.305405288954,0.));
#516 = CARTESIAN_POINT('',(120.08555488598,2.316518276085,0.));
#517 = CARTESIAN_POINT('',(120.07018019954,2.327635936578,0.));
#518 = CARTESIAN_POINT('',(120.05480538753,2.338758267235,0.));
#519 = CARTESIAN_POINT('',(120.03943044826,2.349885264834,0.));
#520 = CARTESIAN_POINT('',(120.02405538003,2.361016926119,0.));
#521 = CARTESIAN_POINT('',(120.00868018119,2.372153247925,0.));
#522 = CARTESIAN_POINT('',(119.99330485004,2.38329422699,0.));
#523 = CARTESIAN_POINT('',(119.9779293849,2.394439860112,0.));
#524 = CARTESIAN_POINT('',(119.9625537841,2.405590144077,0.));
#525 = CARTESIAN_POINT('',(119.94717804595,2.416745075669,0.));
#526 = CARTESIAN_POINT('',(119.93180216876,2.427904651654,0.));
#527 = CARTESIAN_POINT('',(119.91642615085,2.439068868814,0.));
#528 = CARTESIAN_POINT('',(119.90104999055,2.450237723973,0.));
#529 = CARTESIAN_POINT('',(119.88567368615,2.461411213847,0.));
#530 = CARTESIAN_POINT('',(119.870297236,2.472589335276,0.));
#531 = CARTESIAN_POINT('',(119.8549206384,2.483772085021,0.));
#532 = CARTESIAN_POINT('',(119.83954389167,2.494959459869,0.));
#533 = CARTESIAN_POINT('',(119.82416699412,2.506151456599,0.));
#534 = CARTESIAN_POINT('',(119.80878994406,2.517348071992,0.));
#535 = CARTESIAN_POINT('',(119.79341273983,2.528549302867,0.));
#536 = CARTESIAN_POINT('',(119.77803537972,2.539755145958,0.));
#537 = CARTESIAN_POINT('',(119.76265786206,2.550965598082,0.));
#538 = CARTESIAN_POINT('',(119.74728018517,2.562180656026,0.));
#539 = CARTESIAN_POINT('',(119.73190234736,2.573400316565,0.));
#540 = CARTESIAN_POINT('',(119.71652434693,2.584624576489,0.));
#541 = CARTESIAN_POINT('',(119.70114618221,2.595853432576,0.));
#542 = CARTESIAN_POINT('',(119.68576785152,2.607086881637,0.));
#543 = CARTESIAN_POINT('',(119.67038935317,2.618324920439,0.));
#544 = CARTESIAN_POINT('',(119.65501068545,2.629567545758,0.));
#545 = CARTESIAN_POINT('',(119.63963184671,2.640814754419,0.));
#546 = CARTESIAN_POINT('',(119.62425283526,2.652066543185,0.));
#547 = CARTESIAN_POINT('',(119.60887364939,2.663322908845,0.));
#548 = CARTESIAN_POINT('',(119.59349428743,2.674583848186,0.));
#549 = CARTESIAN_POINT('',(119.5781147477,2.685849358015,0.));
#550 = CARTESIAN_POINT('',(119.56273502849,2.697119435102,0.));
#551 = CARTESIAN_POINT('',(119.54735512813,2.708394076238,0.));
#552 = CARTESIAN_POINT('',(119.53197504494,2.719673278224,0.));
#553 = CARTESIAN_POINT('',(119.51659477723,2.730957037852,0.));
#554 = CARTESIAN_POINT('',(119.50121432329,2.742245351895,0.));
#555 = CARTESIAN_POINT('',(119.48583368143,2.753538217138,0.));
#556 = CARTESIAN_POINT('',(119.47045285002,2.764835630423,0.));
#557 = CARTESIAN_POINT('',(119.45507182731,2.776137588475,0.));
#558 = CARTESIAN_POINT('',(119.43969061165,2.787444088127,0.));
#559 = CARTESIAN_POINT('',(119.42430920133,2.798755126173,0.));
#560 = CARTESIAN_POINT('',(119.40892759466,2.810070699355,0.));
#561 = CARTESIAN_POINT('',(119.39354578998,2.821390804545,0.));
#562 = CARTESIAN_POINT('',(119.37816378558,2.832715438473,0.));
#563 = CARTESIAN_POINT('',(119.36278157976,2.844044597938,0.));
#564 = CARTESIAN_POINT('',(119.34739917087,2.855378279779,0.));
#565 = CARTESIAN_POINT('',(119.33201655718,2.866716480732,0.));
#566 = CARTESIAN_POINT('',(119.31663373702,2.87805919763,0.));
#567 = CARTESIAN_POINT('',(119.30125070869,2.889406427246,0.));
#568 = CARTESIAN_POINT('',(119.28586747051,2.90075816638,0.));
#569 = CARTESIAN_POINT('',(119.2704840208,2.912114411844,0.));
#570 = CARTESIAN_POINT('',(119.25510035786,2.923475160399,0.));
#571 = CARTESIAN_POINT('',(119.23971647999,2.934840408867,0.));
#572 = CARTESIAN_POINT('',(119.22433238553,2.946210154044,0.));
#573 = CARTESIAN_POINT('',(119.20894807274,2.957584392693,0.));
#574 = CARTESIAN_POINT('',(119.19356353999,2.968963121655,0.));
#575 = CARTESIAN_POINT('',(119.17817878555,2.98034633771,0.));
#576 = CARTESIAN_POINT('',(119.16279380772,2.991734037621,0.));
#577 = CARTESIAN_POINT('',(119.14740860484,3.003126218228,0.));
#578 = CARTESIAN_POINT('',(119.13202317523,3.014522876333,0.));
#579 = CARTESIAN_POINT('',(119.11663751716,3.025924008692,0.));
#580 = CARTESIAN_POINT('',(119.10125162895,3.037329612131,0.));
#581 = CARTESIAN_POINT('',(119.08586550892,3.048739683438,0.));
#582 = CARTESIAN_POINT('',(119.07047915537,3.060154219421,0.));
#583 = CARTESIAN_POINT('',(119.05509256662,3.071573216872,0.));
#584 = CARTESIAN_POINT('',(119.03970574097,3.082996672587,0.));
#585 = CARTESIAN_POINT('',(119.02431867672,3.094424583367,0.));
#586 = CARTESIAN_POINT('',(119.00893137219,3.105856946017,0.));
#587 = CARTESIAN_POINT('',(118.9935438257,3.117293757337,0.));
#588 = CARTESIAN_POINT('',(118.97815603552,3.128735014101,0.));
#589 = CARTESIAN_POINT('',(118.96276800001,3.140180713159,0.));
#590 = CARTESIAN_POINT('',(118.94737971744,3.151630851268,0.));
#591 = CARTESIAN_POINT('',(118.93199118612,3.163085425243,0.));
#592 = CARTESIAN_POINT('',(118.91660240436,3.174544431883,0.));
#593 = CARTESIAN_POINT('',(118.90121337047,3.186007867993,0.));
#594 = CARTESIAN_POINT('',(118.88582408277,3.197475730382,0.));
#595 = CARTESIAN_POINT('',(118.87043453954,3.208948015829,0.));
#596 = CARTESIAN_POINT('',(118.85504473912,3.220424721165,0.));
#597 = CARTESIAN_POINT('',(118.83965467979,3.231905843158,0.));
#598 = CARTESIAN_POINT('',(118.82426435988,3.243391378654,0.));
#599 = CARTESIAN_POINT('',(118.80887377767,3.254881324406,0.));
#600 = CARTESIAN_POINT('',(118.79348293149,3.266375677256,0.));
#601 = CARTESIAN_POINT('',(118.77809181964,3.277874434009,0.));
#602 = CARTESIAN_POINT('',(118.76270044039,3.289377591411,0.));
#603 = CARTESIAN_POINT('',(118.74730879211,3.300885146349,0.));
#604 = CARTESIAN_POINT('',(118.73191687308,3.312397095578,0.));
#605 = CARTESIAN_POINT('',(118.71652468158,3.323913435892,0.));
#606 = CARTESIAN_POINT('',(118.70113221595,3.335434164137,0.));
#607 = CARTESIAN_POINT('',(118.68573947448,3.346959277081,0.));
#608 = CARTESIAN_POINT('',(118.67034645548,3.358488771549,0.));
#609 = CARTESIAN_POINT('',(118.65495315726,3.370022644355,0.));
#610 = CARTESIAN_POINT('',(118.6395595781,3.381560892263,0.));
#611 = CARTESIAN_POINT('',(118.62416571633,3.393103512125,0.));
#612 = CARTESIAN_POINT('',(118.60877157026,3.404650500732,0.));
#613 = CARTESIAN_POINT('',(118.59337713818,3.416201854873,0.));
#614 = CARTESIAN_POINT('',(118.57798241842,3.427757571392,0.));
#615 = CARTESIAN_POINT('',(118.56258740924,3.439317647056,0.));
#616 = CARTESIAN_POINT('',(118.54719210897,3.450882078693,0.));
#617 = CARTESIAN_POINT('',(118.53179651592,3.462450863104,0.));
#618 = CARTESIAN_POINT('',(118.51640062841,3.474023997123,0.));
#619 = CARTESIAN_POINT('',(118.5010044447,3.485601477511,0.));
#620 = CARTESIAN_POINT('',(118.48560796312,3.4971833011,0.));
#621 = CARTESIAN_POINT('',(118.47021118198,3.50876946472,0.));
#622 = CARTESIAN_POINT('',(118.45481409958,3.520359965139,0.));
#623 = CARTESIAN_POINT('',(118.43941671423,3.531954799203,0.));
#624 = CARTESIAN_POINT('',(118.42401902422,3.543553963703,0.));
#625 = CARTESIAN_POINT('',(118.40862102784,3.55515745543,0.));
#626 = CARTESIAN_POINT('',(118.39322272344,3.566765271234,0.));
#627 = CARTESIAN_POINT('',(118.3778241093,3.578377407916,0.));
#628 = CARTESIAN_POINT('',(118.36242518369,3.589993862241,0.));
#629 = CARTESIAN_POINT('',(118.34702594497,3.601614631088,0.));
#630 = CARTESIAN_POINT('',(118.33162639142,3.61323971122,0.));
#631 = CARTESIAN_POINT('',(118.31622652133,3.624869099454,0.));
#632 = CARTESIAN_POINT('',(118.30082633304,3.636502792646,0.));
#633 = CARTESIAN_POINT('',(118.28542582479,3.648140787523,0.));
#634 = CARTESIAN_POINT('',(118.27002499494,3.659783080975,0.));
#635 = CARTESIAN_POINT('',(118.25462384179,3.671429669792,0.));
#636 = CARTESIAN_POINT('',(118.23922236361,3.683080550753,0.));
#637 = CARTESIAN_POINT('',(118.22382055873,3.694735720714,0.));
#638 = CARTESIAN_POINT('',(118.20841842545,3.706395176472,0.));
#639 = CARTESIAN_POINT('',(118.19301596208,3.71805891485,0.));
#640 = CARTESIAN_POINT('',(118.17761316687,3.729726932612,0.));
#641 = CARTESIAN_POINT('',(118.1622100382,3.741399226658,0.));
#642 = CARTESIAN_POINT('',(118.14680657432,3.753075793725,0.));
#643 = CARTESIAN_POINT('',(118.13140277355,3.764756630653,0.));
#644 = CARTESIAN_POINT('',(118.11599863421,3.776441734295,0.));
#645 = CARTESIAN_POINT('',(118.10059415455,3.788131101388,0.));
#646 = CARTESIAN_POINT('',(118.08518933293,3.799824728822,0.));
#647 = CARTESIAN_POINT('',(118.06978416761,3.811522613351,0.));
#648 = CARTESIAN_POINT('',(118.05437865694,3.823224751855,0.));
#649 = CARTESIAN_POINT('',(118.03897279918,3.834931141095,0.));
#650 = CARTESIAN_POINT('',(118.02356659262,3.84664177789,0.));
#651 = CARTESIAN_POINT('',(118.00816003561,3.858356659099,0.));
#652 = CARTESIAN_POINT('',(117.99275312643,3.870075781499,0.));
#653 = CARTESIAN_POINT('',(117.97734586339,3.881799141939,0.));
#654 = CARTESIAN_POINT('',(117.96193824474,3.893526737173,0.));
#655 = CARTESIAN_POINT('',(117.94653026886,3.905258564097,0.));
#656 = CARTESIAN_POINT('',(117.93112193403,3.916994619503,0.));
#657 = CARTESIAN_POINT('',(117.9157132385,3.928734900163,0.));
#658 = CARTESIAN_POINT('',(117.90030418063,3.940479402951,0.));
#659 = CARTESIAN_POINT('',(117.88489475869,3.952228124657,0.));
#660 = CARTESIAN_POINT('',(117.86948497102,3.96398106213,0.));
#661 = CARTESIAN_POINT('',(117.85407481586,3.975738212132,0.));
#662 = CARTESIAN_POINT('',(117.83866429157,3.987499571536,0.));
#663 = CARTESIAN_POINT('',(117.82325339642,3.999265137146,0.));
#664 = CARTESIAN_POINT('',(117.8078421287,4.011034905754,0.));
#665 = CARTESIAN_POINT('',(117.79243048675,4.02280887422,0.));
#666 = CARTESIAN_POINT('',(117.77701846885,4.034587039339,0.));
#667 = CARTESIAN_POINT('',(117.76160607331,4.046369397955,0.));
#668 = CARTESIAN_POINT('',(117.74619329839,4.058155946843,0.));
#669 = CARTESIAN_POINT('',(117.73078014244,4.069946682858,0.));
#670 = CARTESIAN_POINT('',(117.71536660376,4.081741602836,0.));
#671 = CARTESIAN_POINT('',(117.69995268062,4.093540703559,0.));
#672 = CARTESIAN_POINT('',(117.68453837134,4.105343981866,0.));
#673 = CARTESIAN_POINT('',(117.66912367422,4.117151434583,0.));
#674 = CARTESIAN_POINT('',(117.65370858756,4.128963058529,0.));
#675 = CARTESIAN_POINT('',(117.63829310966,4.140778850529,0.));
#676 = CARTESIAN_POINT('',(117.6228772388,4.152598807379,0.));
#677 = CARTESIAN_POINT('',(117.60746097332,4.164422925938,0.));
#678 = CARTESIAN_POINT('',(117.59204431151,4.176251203031,0.));
#679 = CARTESIAN_POINT('',(117.57662725164,4.188083635434,0.));
#680 = CARTESIAN_POINT('',(117.56120979203,4.199920220008,0.));
#681 = CARTESIAN_POINT('',(117.545791931,4.21176095358,0.));
#682 = CARTESIAN_POINT('',(117.53037366684,4.223605832959,0.));
#683 = CARTESIAN_POINT('',(117.51495499783,4.235454854961,0.));
#684 = CARTESIAN_POINT('',(117.49953592229,4.247308016429,0.));
#685 = CARTESIAN_POINT('',(117.48411643852,4.259165314185,0.));
#686 = CARTESIAN_POINT('',(117.4686965448,4.271026745047,0.));
#687 = CARTESIAN_POINT('',(117.45327623943,4.282892305816,0.));
#688 = CARTESIAN_POINT('',(117.43785552076,4.294761993373,0.));
#689 = CARTESIAN_POINT('',(117.42243438705,4.306635804511,0.));
#690 = CARTESIAN_POINT('',(117.4070128366,4.318513736038,0.));
#691 = CARTESIAN_POINT('',(117.39159086772,4.330395784813,0.));
#692 = CARTESIAN_POINT('',(117.3761684787,4.342281947636,0.));
#693 = CARTESIAN_POINT('',(117.36074566786,4.354172221368,0.));
#694 = CARTESIAN_POINT('',(117.34532243346,4.366066602784,0.));
#695 = CARTESIAN_POINT('',(117.32989877384,4.377965088749,0.));
#696 = CARTESIAN_POINT('',(117.31447468731,4.389867676098,0.));
#697 = CARTESIAN_POINT('',(117.29905017213,4.401774361617,0.));
#698 = CARTESIAN_POINT('',(117.28362522661,4.41368514217,0.));
#699 = CARTESIAN_POINT('',(117.26819984906,4.425600014552,0.));
#700 = CARTESIAN_POINT('',(117.25277403781,4.437518975647,0.));
#701 = CARTESIAN_POINT('',(117.23734779109,4.449442022219,0.));
#702 = CARTESIAN_POINT('',(117.22192110724,4.461369151112,0.));
#703 = CARTESIAN_POINT('',(117.20649398458,4.473300359204,0.));
#704 = CARTESIAN_POINT('',(117.19106642137,4.485235643256,0.));
#705 = CARTESIAN_POINT('',(117.17563841593,4.497175000139,0.));
#706 = CARTESIAN_POINT('',(117.16020996655,4.509118426658,0.));
#707 = CARTESIAN_POINT('',(117.14478107155,4.521065919673,0.));
#708 = CARTESIAN_POINT('',(117.12935172922,4.53301747599,0.));
#709 = CARTESIAN_POINT('',(117.11392193784,4.544973092425,0.));
#710 = CARTESIAN_POINT('',(117.09849169574,4.556932765852,0.));
#711 = CARTESIAN_POINT('',(117.0830610012,4.568896493062,0.));
#712 = CARTESIAN_POINT('',(117.06762985254,4.580864270916,0.));
#713 = CARTESIAN_POINT('',(117.05219824803,4.592836096201,0.));
#714 = CARTESIAN_POINT('',(117.036766186,4.604811965797,0.));
#715 = CARTESIAN_POINT('',(117.02133366474,4.616791876523,0.));
#716 = CARTESIAN_POINT('',(117.00590068253,4.628775825179,0.));
#717 = CARTESIAN_POINT('',(116.99046723769,4.640763808626,0.));
#718 = CARTESIAN_POINT('',(116.97503332852,4.652755823695,0.));
#719 = CARTESIAN_POINT('',(116.95959895332,4.664751867217,0.));
#720 = CARTESIAN_POINT('',(116.94416411037,4.676751936005,0.));
#721 = CARTESIAN_POINT('',(116.92872879799,4.688756026909,0.));
#722 = CARTESIAN_POINT('',(116.91329301449,4.700764136766,0.));
#723 = CARTESIAN_POINT('',(116.89785675817,4.712776262413,0.));
#724 = CARTESIAN_POINT('',(116.88242002728,4.724792400648,0.));
#725 = CARTESIAN_POINT('',(116.86698282016,4.73681254834,0.));
#726 = CARTESIAN_POINT('',(116.85154513511,4.748836702319,0.));
#727 = CARTESIAN_POINT('',(116.83610697042,4.760864859397,0.));
#728 = CARTESIAN_POINT('',(116.82066832439,4.772897016424,0.));
#729 = CARTESIAN_POINT('',(116.80522919534,4.784933170245,0.));
#730 = CARTESIAN_POINT('',(116.78978958156,4.796973317679,0.));
#731 = CARTESIAN_POINT('',(116.77434948134,4.80901745556,0.));
#732 = CARTESIAN_POINT('',(116.75890889297,4.821065580724,0.));
#733 = CARTESIAN_POINT('',(116.74346781477,4.833117690012,0.));
#734 = CARTESIAN_POINT('',(116.72802624504,4.845173780263,0.));
#735 = CARTESIAN_POINT('',(116.71258418206,4.857233848306,0.));
#736 = CARTESIAN_POINT('',(116.69714162414,4.869297890957,0.));
#737 = CARTESIAN_POINT('',(116.6816985696,4.881365905096,0.));
#738 = CARTESIAN_POINT('',(116.66625501673,4.893437887531,0.));
#739 = CARTESIAN_POINT('',(116.65081096381,4.905513835095,0.));
#740 = CARTESIAN_POINT('',(116.63536640916,4.91759374464,0.));
#741 = CARTESIAN_POINT('',(116.61992135107,4.929677612988,0.));
#742 = CARTESIAN_POINT('',(116.60447578785,4.941765436994,0.));
#743 = CARTESIAN_POINT('',(116.58902971779,4.95385721348,0.));
#744 = CARTESIAN_POINT('',(116.57358313919,4.965952939284,0.));
#745 = CARTESIAN_POINT('',(116.55813605036,4.978052611255,0.));
#746 = CARTESIAN_POINT('',(116.54268844959,4.99015622622,0.));
#747 = CARTESIAN_POINT('',(116.52724033519,5.002263781028,0.));
#748 = CARTESIAN_POINT('',(116.51179170545,5.014375272507,0.));
#749 = CARTESIAN_POINT('',(116.49634255867,5.026490697495,0.));
#750 = CARTESIAN_POINT('',(116.48089289317,5.038610052844,0.));
#751 = CARTESIAN_POINT('',(116.46544270722,5.050733335375,0.));
#752 = CARTESIAN_POINT('',(116.44999199915,5.062860541957,0.));
#753 = CARTESIAN_POINT('',(116.43454076723,5.074991669375,0.));
#754 = CARTESIAN_POINT('',(116.41908900979,5.08712671453,0.));
#755 = CARTESIAN_POINT('',(116.40363672512,5.099265674239,0.));
#756 = CARTESIAN_POINT('',(116.3881839115,5.111408545309,0.));
#757 = CARTESIAN_POINT('',(116.37273056727,5.123555324638,0.));
#758 = CARTESIAN_POINT('',(116.3572766907,5.135706009021,0.));
#759 = CARTESIAN_POINT('',(116.3418222801,5.147860595322,0.));
#760 = CARTESIAN_POINT('',(116.32636733376,5.160019080376,0.));
#761 = CARTESIAN_POINT('',(116.31091184999,5.172181461019,0.));
#762 = CARTESIAN_POINT('',(116.2954558271,5.184347734093,0.));
#763 = CARTESIAN_POINT('',(116.27999926338,5.19651789645,0.));
#764 = CARTESIAN_POINT('',(116.26454215715,5.208691944944,0.));
#765 = CARTESIAN_POINT('',(116.24908450665,5.220869876349,0.));
#766 = CARTESIAN_POINT('',(116.23362631025,5.233051687595,0.));
#767 = CARTESIAN_POINT('',(116.21816756624,5.245237375492,0.));
#768 = CARTESIAN_POINT('',(116.20270827287,5.257426936837,0.));
#769 = CARTESIAN_POINT('',(116.18724842849,5.269620368546,0.));
#770 = CARTESIAN_POINT('',(116.17178803139,5.281817667409,0.));
#771 = CARTESIAN_POINT('',(116.15632707988,5.294018830297,0.));
#772 = CARTESIAN_POINT('',(116.14086557225,5.306223854047,0.));
#773 = CARTESIAN_POINT('',(116.12540350679,5.318432735489,0.));
#774 = CARTESIAN_POINT('',(116.10994088182,5.330645471487,0.));
#775 = CARTESIAN_POINT('',(116.09447769563,5.342862058875,0.));
#776 = CARTESIAN_POINT('',(116.07901394651,5.355082494488,0.));
#777 = CARTESIAN_POINT('',(116.06354963278,5.367306775181,0.));
#778 = CARTESIAN_POINT('',(116.04808475276,5.379534897821,0.));
#779 = CARTESIAN_POINT('',(116.03261930471,5.391766859198,0.));
#780 = CARTESIAN_POINT('',(116.01715328696,5.404002656207,0.));
#781 = CARTESIAN_POINT('',(116.0016866978,5.41624228567,0.));
#782 = CARTESIAN_POINT('',(115.98621953553,5.428485744442,0.));
#783 = CARTESIAN_POINT('',(115.97075179845,5.440733029357,0.));
#784 = CARTESIAN_POINT('',(115.95528348485,5.452984137247,0.));
#785 = CARTESIAN_POINT('',(115.9398145931,5.465239065032,0.));
#786 = CARTESIAN_POINT('',(115.92434512142,5.477497809462,0.));
#787 = CARTESIAN_POINT('',(115.90887506814,5.489760367432,0.));
#788 = CARTESIAN_POINT('',(115.89340443156,5.502026735791,0.));
#789 = CARTESIAN_POINT('',(115.87793320999,5.514296911367,0.));
#790 = CARTESIAN_POINT('',(115.86246140174,5.526570891035,0.));
#791 = CARTESIAN_POINT('',(115.84698900508,5.538848671593,0.));
#792 = CARTESIAN_POINT('',(115.83151601837,5.551130249963,0.));
#793 = CARTESIAN_POINT('',(115.81604243985,5.563415622917,0.));
#794 = CARTESIAN_POINT('',(115.80056826784,5.575704787335,0.));
#795 = CARTESIAN_POINT('',(115.78509350067,5.587997740087,0.));
#796 = CARTESIAN_POINT('',(115.76961813661,5.600294477978,0.));
#797 = CARTESIAN_POINT('',(115.75414217397,5.612594997885,0.));
#798 = CARTESIAN_POINT('',(115.73866561107,5.624899296648,0.));
#799 = CARTESIAN_POINT('',(115.72318844621,5.637207371128,0.));
#800 = CARTESIAN_POINT('',(115.70771067765,5.649519218138,0.));
#801 = CARTESIAN_POINT('',(115.69223230374,5.661834834567,0.));
#802 = CARTESIAN_POINT('',(115.67675332278,5.674154217257,0.));
#803 = CARTESIAN_POINT('',(115.66127373305,5.686477363025,0.));
#804 = CARTESIAN_POINT('',(115.64579353289,5.69880426878,0.));
#805 = CARTESIAN_POINT('',(115.63031272054,5.711134931297,0.));
#806 = CARTESIAN_POINT('',(115.61483129437,5.72346934749,0.));
#807 = CARTESIAN_POINT('',(115.59934925265,5.735807514195,0.));
#808 = CARTESIAN_POINT('',(115.58386659367,5.748149428213,0.));
#809 = CARTESIAN_POINT('',(115.56838331578,5.760495086486,0.));
#810 = CARTESIAN_POINT('',(115.55289941723,5.77284448577,0.));
#811 = CARTESIAN_POINT('',(115.53741489635,5.785197622973,0.));
#812 = CARTESIAN_POINT('',(115.52192975146,5.797554494943,0.));
#813 = CARTESIAN_POINT('',(115.50644398084,5.809915098512,0.));
#814 = CARTESIAN_POINT('',(115.4909575828,5.822279430539,0.));
#815 = CARTESIAN_POINT('',(115.47547055564,5.834647487873,0.));
#816 = CARTESIAN_POINT('',(115.45998289768,5.847019267385,0.));
#817 = CARTESIAN_POINT('',(115.44449460721,5.859394765895,0.));
#818 = CARTESIAN_POINT('',(115.42900568253,5.871773980293,0.));
#819 = CARTESIAN_POINT('',(115.41351612193,5.884156907378,0.));
#820 = CARTESIAN_POINT('',(115.39802592376,5.896543544061,0.));
#821 = CARTESIAN_POINT('',(115.38253508631,5.908933887176,0.));
#822 = CARTESIAN_POINT('',(115.36704360785,5.921327933539,0.));
#823 = CARTESIAN_POINT('',(115.35155148673,5.933725680067,0.));
#824 = CARTESIAN_POINT('',(115.33605872122,5.946127123553,0.));
#825 = CARTESIAN_POINT('',(115.32056530965,5.958532260897,0.));
#826 = CARTESIAN_POINT('',(115.3050712503,5.970941088923,0.));
#827 = CARTESIAN_POINT('',(115.2895765415,5.983353604499,0.));
#828 = CARTESIAN_POINT('',(115.27408118154,5.995769804476,0.));
#829 = CARTESIAN_POINT('',(115.25858516873,6.008189685701,0.));
#830 = CARTESIAN_POINT('',(115.24308850139,6.020613245056,0.));
#831 = CARTESIAN_POINT('',(115.22759117779,6.033040479348,0.));
#832 = CARTESIAN_POINT('',(115.21209319627,6.045471385478,0.));
#833 = CARTESIAN_POINT('',(115.19659455511,6.05790596028,0.));
#834 = CARTESIAN_POINT('',(115.18109525262,6.070344200601,0.));
#835 = CARTESIAN_POINT('',(115.16559528712,6.08278610331,0.));
#836 = CARTESIAN_POINT('',(115.15009465693,6.095231665274,0.));
#837 = CARTESIAN_POINT('',(115.13459336033,6.107680883326,0.));
#838 = CARTESIAN_POINT('',(115.11909139561,6.120133754316,0.));
#839 = CARTESIAN_POINT('',(115.10358876112,6.132590275137,0.));
#840 = CARTESIAN_POINT('',(115.08808545514,6.145050442612,0.));
#841 = CARTESIAN_POINT('',(115.07258147597,6.157514253604,0.));
#842 = CARTESIAN_POINT('',(115.05707682193,6.169981704988,0.));
#843 = CARTESIAN_POINT('',(115.04157149131,6.182452793579,0.));
#844 = CARTESIAN_POINT('',(115.02606548247,6.194927516305,0.));
#845 = CARTESIAN_POINT('',(115.01055879365,6.207405869944,0.));
#846 = CARTESIAN_POINT('',(114.99505142319,6.219887851394,0.));
#847 = CARTESIAN_POINT('',(114.97954336942,6.232373457539,0.));
#848 = CARTESIAN_POINT('',(114.96403463058,6.244862685165,0.));
#849 = CARTESIAN_POINT('',(114.94852520502,6.257355531191,0.));
#850 = CARTESIAN_POINT('',(114.93301509106,6.269851992453,0.));
#851 = CARTESIAN_POINT('',(114.91750428701,6.282352065822,0.));
#852 = CARTESIAN_POINT('',(114.90199279113,6.294855748126,0.));
#853 = CARTESIAN_POINT('',(114.88648060176,6.30736303625,0.));
#854 = CARTESIAN_POINT('',(114.87096771723,6.319873927058,0.));
#855 = CARTESIAN_POINT('',(114.8554541358,6.332388417372,0.));
#856 = CARTESIAN_POINT('',(114.83993985584,6.344906504116,0.));
#857 = CARTESIAN_POINT('',(114.82442487558,6.357428184073,0.));
#858 = CARTESIAN_POINT('',(114.80890919338,6.369953454153,0.));
#859 = CARTESIAN_POINT('',(114.79339280754,6.382482311208,0.));
#860 = CARTESIAN_POINT('',(114.77787571635,6.395014752064,0.));
#861 = CARTESIAN_POINT('',(114.76235791817,6.40755077365,0.));
#862 = CARTESIAN_POINT('',(114.74683941126,6.420090372754,0.));
#863 = CARTESIAN_POINT('',(114.73132019396,6.432633546293,0.));
#864 = CARTESIAN_POINT('',(114.71580026454,6.445180291067,0.));
#865 = CARTESIAN_POINT('',(114.70027962135,6.457730604007,0.));
#866 = CARTESIAN_POINT('',(114.68475826268,6.470284481928,0.));
#867 = CARTESIAN_POINT('',(114.66923618681,6.482841921666,0.));
#868 = CARTESIAN_POINT('',(114.65371339213,6.495402920182,0.));
#869 = CARTESIAN_POINT('',(114.63818987687,6.507967474223,0.));
#870 = CARTESIAN_POINT('',(114.62266563938,6.520535580719,0.));
#871 = CARTESIAN_POINT('',(114.60714067797,6.533107236512,0.));
#872 = CARTESIAN_POINT('',(114.59161499094,6.545682438462,0.));
#873 = CARTESIAN_POINT('',(114.57608857661,6.558261183451,0.));
#874 = CARTESIAN_POINT('',(114.56056143326,6.570843468285,0.));
#875 = CARTESIAN_POINT('',(114.54503355927,6.583429289922,0.));
#876 = CARTESIAN_POINT('',(114.52950495287,6.596018645123,0.));
#877 = CARTESIAN_POINT('',(114.51397561241,6.608611530812,0.));
#878 = CARTESIAN_POINT('',(114.4984455362,6.62120794384,0.));
#879 = CARTESIAN_POINT('',(114.48291472254,6.633807881055,0.));
#880 = CARTESIAN_POINT('',(114.46738316978,6.646411339358,0.));
#881 = CARTESIAN_POINT('',(114.45185087616,6.659018315536,0.));
#882 = CARTESIAN_POINT('',(114.43631784008,6.671628806561,0.));
#883 = CARTESIAN_POINT('',(114.42078405978,6.684242809203,0.));
#884 = CARTESIAN_POINT('',(114.4052495336,6.696860320365,0.));
#885 = CARTESIAN_POINT('',(114.38971425985,6.709481336917,0.));
#886 = CARTESIAN_POINT('',(114.37417823684,6.722105855697,0.));
#887 = CARTESIAN_POINT('',(114.3586414629,6.734733873603,0.));
#888 = CARTESIAN_POINT('',(114.34310393633,6.74736538748,0.));
#889 = CARTESIAN_POINT('',(114.32756565543,6.760000394193,0.));
#890 = CARTESIAN_POINT('',(114.31202661851,6.772638890588,0.));
#891 = CARTESIAN_POINT('',(114.29648682393,6.785280873586,0.));
#892 = CARTESIAN_POINT('',(114.28094626996,6.797926340006,0.));
#893 = CARTESIAN_POINT('',(114.26540495491,6.810575286706,0.));
#894 = CARTESIAN_POINT('',(114.24986287711,6.823227710593,0.));
#895 = CARTESIAN_POINT('',(114.23432003487,6.835883608493,0.));
#896 = CARTESIAN_POINT('',(114.21877642652,6.848542977299,0.));
#897 = CARTESIAN_POINT('',(114.20323205035,6.861205813867,0.));
#898 = CARTESIAN_POINT('',(114.18768690468,6.873872115063,0.));
#899 = CARTESIAN_POINT('',(114.17214098782,6.886541877734,0.));
#900 = CARTESIAN_POINT('',(114.15659429811,6.899215098791,0.));
#901 = CARTESIAN_POINT('',(114.14104683386,6.91189177508,0.));
#902 = CARTESIAN_POINT('',(114.12549859333,6.924571903418,0.));
#903 = CARTESIAN_POINT('',(114.10994957492,6.937255480774,0.));
#904 = CARTESIAN_POINT('',(114.09439977687,6.949942503925,0.));
#905 = CARTESIAN_POINT('',(114.07884919754,6.962632969765,0.));
#906 = CARTESIAN_POINT('',(114.06329783525,6.975326875204,0.));
#907 = CARTESIAN_POINT('',(114.04774568827,6.988024217036,0.));
#908 = CARTESIAN_POINT('',(114.03219275496,7.000724992183,0.));
#909 = CARTESIAN_POINT('',(114.01663903361,7.013429197497,0.));
#910 = CARTESIAN_POINT('',(114.00108452256,7.026136829836,0.));
#911 = CARTESIAN_POINT('',(113.98552922012,7.038847886092,0.));
#912 = CARTESIAN_POINT('',(113.96997312459,7.051562363102,0.));
#913 = CARTESIAN_POINT('',(113.95441623431,7.06428025777,0.));
#914 = CARTESIAN_POINT('',(113.93885854757,7.077001566939,0.));
#915 = CARTESIAN_POINT('',(113.92330006268,7.089726287461,0.));
#916 = CARTESIAN_POINT('',(113.90774077801,7.102454416266,0.));
#917 = CARTESIAN_POINT('',(113.89218069184,7.115185950168,0.));
#918 = CARTESIAN_POINT('',(113.87661980248,7.127920886057,0.));
#919 = CARTESIAN_POINT('',(113.86105810827,7.140659220791,0.));
#920 = CARTESIAN_POINT('',(113.84549560752,7.153400951264,0.));
#921 = CARTESIAN_POINT('',(113.82993229855,7.166146074322,0.));
#922 = CARTESIAN_POINT('',(113.81436817967,7.178894586833,0.));
#923 = CARTESIAN_POINT('',(113.79880324922,7.191646485704,0.));
#924 = CARTESIAN_POINT('',(113.78323750548,7.204401767753,0.));
#925 = CARTESIAN_POINT('',(113.76767094679,7.21716042988,0.));
#926 = CARTESIAN_POINT('',(113.75210357149,7.229922468961,0.));
#927 = CARTESIAN_POINT('',(113.73653537788,7.242687881863,0.));
#928 = CARTESIAN_POINT('',(113.72096636425,7.255456665418,0.));
#929 = CARTESIAN_POINT('',(113.70539652898,7.268228816563,0.));
#930 = CARTESIAN_POINT('',(113.68982587036,7.281004332133,0.));
#931 = CARTESIAN_POINT('',(113.67425438668,7.293783208971,0.));
#932 = CARTESIAN_POINT('',(113.65868207633,7.30656544402,0.));
#933 = CARTESIAN_POINT('',(113.64310893758,7.319351034097,0.));
#934 = CARTESIAN_POINT('',(113.62753496873,7.332139976073,0.));
#935 = CARTESIAN_POINT('',(113.61196016814,7.344932266844,0.));
#936 = CARTESIAN_POINT('',(113.59638453413,7.357727903278,0.));
#937 = CARTESIAN_POINT('',(113.58080806502,7.370526882238,0.));
#938 = CARTESIAN_POINT('',(113.56523075913,7.383329200609,0.));
#939 = CARTESIAN_POINT('',(113.54965261475,7.396134855235,0.));
#940 = CARTESIAN_POINT('',(113.53407363024,7.408943843022,0.));
#941 = CARTESIAN_POINT('',(113.51849380392,7.421756160832,0.));
#942 = CARTESIAN_POINT('',(113.50291313409,7.434571805522,0.));
#943 = CARTESIAN_POINT('',(113.48733161909,7.447390774,0.));
#944 = CARTESIAN_POINT('',(113.47174925722,7.460213063089,0.));
#945 = CARTESIAN_POINT('',(113.45616604684,7.473038669703,0.));
#946 = CARTESIAN_POINT('',(113.44058198626,7.485867590716,0.));
#947 = CARTESIAN_POINT('',(113.42499707378,7.498699822977,0.));
#948 = CARTESIAN_POINT('',(113.40941130774,7.511535363369,0.));
#949 = CARTESIAN_POINT('',(113.39382468645,7.524374208766,0.));
#950 = CARTESIAN_POINT('',(113.37823720826,7.53721635605,0.));
#951 = CARTESIAN_POINT('',(113.36264887149,7.550061802092,0.));
#952 = CARTESIAN_POINT('',(113.34705967446,7.562910543773,0.));
#953 = CARTESIAN_POINT('',(113.33146961545,7.575762577933,0.));
#954 = CARTESIAN_POINT('',(113.31587869284,7.588617901482,0.));
#955 = CARTESIAN_POINT('',(113.30028690496,7.6014765113,0.));
#956 = CARTESIAN_POINT('',(113.2846942501,7.614338404236,0.));
#957 = CARTESIAN_POINT('',(113.26910072658,7.627203577161,0.));
#958 = CARTESIAN_POINT('',(113.25350633277,7.640072026995,0.));
#959 = CARTESIAN_POINT('',(113.23791106696,7.652943750569,0.));
#960 = CARTESIAN_POINT('',(113.22231492747,7.665818744753,0.));
#961 = CARTESIAN_POINT('',(113.20671791267,7.678697006482,0.));
#962 = CARTESIAN_POINT('',(113.19112002084,7.69157853256,0.));
#963 = CARTESIAN_POINT('',(113.17552125033,7.704463319912,0.));
#964 = CARTESIAN_POINT('',(113.15992159946,7.717351365395,0.));
#965 = CARTESIAN_POINT('',(113.14432106655,7.730242665874,0.));
#966 = CARTESIAN_POINT('',(113.12871964995,7.743137218265,0.));
#967 = CARTESIAN_POINT('',(113.11311734796,7.756035019392,0.));
#968 = CARTESIAN_POINT('',(113.09751415892,7.768936066169,0.));
#969 = CARTESIAN_POINT('',(113.08191008117,7.781840355463,0.));
#970 = CARTESIAN_POINT('',(113.06630511302,7.794747884153,0.));
#971 = CARTESIAN_POINT('',(113.0506992528,7.807658649102,0.));
#972 = CARTESIAN_POINT('',(113.03509249884,7.8205726472,0.));
#973 = CARTESIAN_POINT('',(113.01948484948,7.833489875329,0.));
#974 = CARTESIAN_POINT('',(113.00387630303,7.846410330357,0.));
#975 = CARTESIAN_POINT('',(112.98826685783,7.85933400916,0.));
#976 = CARTESIAN_POINT('',(112.97265651221,7.872260908614,0.));
#977 = CARTESIAN_POINT('',(112.95704526451,7.885191025617,0.));
#978 = CARTESIAN_POINT('',(112.94143311305,7.898124357024,0.));
#979 = CARTESIAN_POINT('',(112.92582005615,7.911060899732,0.));
#980 = CARTESIAN_POINT('',(112.91020609214,7.924000650582,0.));
#981 = CARTESIAN_POINT('',(112.89459121937,7.936943606509,0.));
#982 = CARTESIAN_POINT('',(112.87897543616,7.949889764347,0.));
#983 = CARTESIAN_POINT('',(112.86335874083,7.962839120982,0.));
#984 = CARTESIAN_POINT('',(112.84774113175,7.975791673331,0.));
#985 = CARTESIAN_POINT('',(112.83212260719,7.988747418197,0.));
#986 = CARTESIAN_POINT('',(112.81650316554,8.001706352544,0.));
#987 = CARTESIAN_POINT('',(112.8008828051,8.014668473188,0.));
#988 = CARTESIAN_POINT('',(112.7852615242,8.027633777038,0.));
#989 = CARTESIAN_POINT('',(112.7696393212,8.04060226097,0.));
#990 = CARTESIAN_POINT('',(112.75401619441,8.053573921862,0.));
#991 = CARTESIAN_POINT('',(112.73839214215,8.066548756576,0.));
#992 = CARTESIAN_POINT('',(112.72276716279,8.079526762019,0.));
#993 = CARTESIAN_POINT('',(112.70714125466,8.092507935089,0.));
#994 = CARTESIAN_POINT('',(112.69151441603,8.105492272578,0.));
#995 = CARTESIAN_POINT('',(112.6758866453,8.118479771467,0.));
#996 = CARTESIAN_POINT('',(112.66025794079,8.131470428576,0.));
#997 = CARTESIAN_POINT('',(112.64462830085,8.144464240821,0.));
#998 = CARTESIAN_POINT('',(112.62899772379,8.157461205062,0.));
#999 = CARTESIAN_POINT('',(112.61336620793,8.170461318167,0.));
#1000 = CARTESIAN_POINT('',(112.59773375163,8.183464577048,0.));
#1001 = CARTESIAN_POINT('',(112.58210035324,8.196470978573,0.));
#1002 = CARTESIAN_POINT('',(112.56646601106,8.209480519622,0.));
#1003 = CARTESIAN_POINT('',(112.55083072342,8.222493197054,0.));
#1004 = CARTESIAN_POINT('',(112.53519448871,8.235509007798,0.));
#1005 = CARTESIAN_POINT('',(112.51955730522,8.2485279487,0.));
#1006 = CARTESIAN_POINT('',(112.50391917131,8.261550016651,0.));
#1007 = CARTESIAN_POINT('',(112.48828008531,8.274575208538,0.));
#1008 = CARTESIAN_POINT('',(112.47264004555,8.28760352123,0.));
#1009 = CARTESIAN_POINT('',(112.45699905037,8.300634951621,0.));
#1010 = CARTESIAN_POINT('',(112.44135709811,8.313669496589,0.));
#1011 = CARTESIAN_POINT('',(112.42571418711,8.32670715302,0.));
#1012 = CARTESIAN_POINT('',(112.4100703157,8.339747917784,0.));
#1013 = CARTESIAN_POINT('',(112.39442548223,8.35279178778,0.));
#1014 = CARTESIAN_POINT('',(112.37877968504,8.365838759889,0.));
#1015 = CARTESIAN_POINT('',(112.36313292244,8.378888830964,0.));
#1016 = CARTESIAN_POINT('',(112.34748519281,8.391941997938,0.));
#1017 = CARTESIAN_POINT('',(112.33183649448,8.404998257662,0.));
#1018 = CARTESIAN_POINT('',(112.31618682575,8.418057607009,0.));
#1019 = CARTESIAN_POINT('',(112.30053618501,8.431120042892,0.));
#1020 = CARTESIAN_POINT('',(112.28488457059,8.444185562189,0.));
#1021 = CARTESIAN_POINT('',(112.26923198079,8.457254161745,0.));
#1022 = CARTESIAN_POINT('',(112.253578414,8.470325838493,0.));
#1023 = CARTESIAN_POINT('',(112.23792386857,8.483400589317,0.));
#1024 = CARTESIAN_POINT('',(112.22226834278,8.496478411047,0.));
#1025 = CARTESIAN_POINT('',(112.20661183502,8.509559300624,0.));
#1026 = CARTESIAN_POINT('',(112.1909543436,8.522643254892,0.));
#1027 = CARTESIAN_POINT('',(112.1752958669,8.535730270764,0.));
#1028 = CARTESIAN_POINT('',(112.15963640324,8.548820345123,0.));
#1029 = CARTESIAN_POINT('',(112.14397595095,8.56191347481,0.));
#1030 = CARTESIAN_POINT('',(112.12831450841,8.575009656783,0.));
#1031 = CARTESIAN_POINT('',(112.11265207392,8.588108887866,0.));
#1032 = CARTESIAN_POINT('',(112.09698864584,8.601211164956,0.));
#1033 = CARTESIAN_POINT('',(112.08132422254,8.614316484964,0.));
#1034 = CARTESIAN_POINT('',(112.06565880235,8.62742484476,0.));
#1035 = CARTESIAN_POINT('',(112.04999238359,8.64053624121,0.));
#1036 = CARTESIAN_POINT('',(112.03432496463,8.653650671233,0.));
#1037 = CARTESIAN_POINT('',(112.0186565438,8.666768131687,0.));
#1038 = CARTESIAN_POINT('',(112.00298711944,8.679888619465,0.));
#1039 = CARTESIAN_POINT('',(111.98731668994,8.693012131477,0.));
#1040 = CARTESIAN_POINT('',(111.97164525358,8.706138664567,0.));
#1041 = CARTESIAN_POINT('',(111.95597280874,8.719268215637,0.));
#1042 = CARTESIAN_POINT('',(111.9402993538,8.732400781607,0.));
#1043 = CARTESIAN_POINT('',(111.92462488705,8.745536359315,0.));
#1044 = CARTESIAN_POINT('',(111.90894940684,8.758674945654,0.));
#1045 = CARTESIAN_POINT('',(111.89327291157,8.77181653755,0.));
#1046 = CARTESIAN_POINT('',(111.87759539953,8.784961131844,0.));
#1047 = CARTESIAN_POINT('',(111.8619168691,8.798108725442,0.));
#1048 = CARTESIAN_POINT('',(111.84623731862,8.811259315239,0.));
#1049 = CARTESIAN_POINT('',(111.83055674642,8.824412898103,0.));
#1050 = CARTESIAN_POINT('',(111.81487515087,8.837569470923,0.));
#1051 = CARTESIAN_POINT('',(111.79919253034,8.850729030613,0.));
#1052 = CARTESIAN_POINT('',(111.78350888315,8.863891574045,0.));
#1053 = CARTESIAN_POINT('',(111.76782420762,8.877057098064,0.));
#1054 = CARTESIAN_POINT('',(111.75213850216,8.890225599626,0.));
#1055 = CARTESIAN_POINT('',(111.7364517651,8.903397075597,0.));
#1056 = CARTESIAN_POINT('',(111.72076399476,8.91657152282,0.));
#1057 = CARTESIAN_POINT('',(111.70507518953,8.92974893824,0.));
#1058 = CARTESIAN_POINT('',(111.68938534776,8.942929318738,0.));
#1059 = CARTESIAN_POINT('',(111.67369446775,8.956112661151,0.));
#1060 = CARTESIAN_POINT('',(111.65800254792,8.96929896243,0.));
#1061 = CARTESIAN_POINT('',(111.64230958658,8.982488219436,0.));
#1062 = CARTESIAN_POINT('',(111.62661558208,8.995680429038,0.));
#1063 = CARTESIAN_POINT('',(111.61092053279,9.008875588162,0.));
#1064 = CARTESIAN_POINT('',(111.59522443705,9.022073693665,0.));
#1065 = CARTESIAN_POINT('',(111.57952729324,9.035274742463,0.));
#1066 = CARTESIAN_POINT('',(111.5638290997,9.048478731439,0.));
#1067 = CARTESIAN_POINT('',(111.54812985475,9.061685657436,0.));
#1068 = CARTESIAN_POINT('',(111.5324295568,9.07489551742,0.));
#1069 = CARTESIAN_POINT('',(111.51672820416,9.088108308231,0.));
#1070 = CARTESIAN_POINT('',(111.50102579519,9.101324026756,0.));
#1071 = CARTESIAN_POINT('',(111.48532232825,9.114542669898,0.));
#1072 = CARTESIAN_POINT('',(111.46961780172,9.127764234552,0.));
#1073 = CARTESIAN_POINT('',(111.45391221394,9.140988717604,0.));
#1074 = CARTESIAN_POINT('',(111.43820556326,9.15421611594,0.));
#1075 = CARTESIAN_POINT('',(111.42249784803,9.167446426439,0.));
#1076 = CARTESIAN_POINT('',(111.40678906661,9.180679646007,0.));
#1077 = CARTESIAN_POINT('',(111.39107921737,9.19391577154,0.));
#1078 = CARTESIAN_POINT('',(111.37536829864,9.207154799892,0.));
#1079 = CARTESIAN_POINT('',(111.35965630882,9.220396727999,0.));
#1080 = CARTESIAN_POINT('',(111.34394324623,9.233641552721,0.));
#1081 = CARTESIAN_POINT('',(111.32822910925,9.246889270968,0.));
#1082 = CARTESIAN_POINT('',(111.31251389622,9.260139879605,0.));
#1083 = CARTESIAN_POINT('',(111.29679760552,9.273393375544,0.));
#1084 = CARTESIAN_POINT('',(111.28108023549,9.286649755674,0.));
#1085 = CARTESIAN_POINT('',(111.2653617845,9.299909016875,0.));
#1086 = CARTESIAN_POINT('',(111.24964225091,9.313171156055,0.));
#1087 = CARTESIAN_POINT('',(111.23392163305,9.32643617007,0.));
#1088 = CARTESIAN_POINT('',(111.21819992933,9.339704055863,0.));
#1089 = CARTESIAN_POINT('',(111.20247713808,9.35297481028,0.));
#1090 = CARTESIAN_POINT('',(111.18675325767,9.366248430231,0.));
#1091 = CARTESIAN_POINT('',(111.17102828647,9.379524912622,0.));
#1092 = CARTESIAN_POINT('',(111.15530222281,9.392804254308,0.));
#1093 = CARTESIAN_POINT('',(111.13957506508,9.406086452211,0.));
#1094 = CARTESIAN_POINT('',(111.12384681163,9.419371503212,0.));
#1095 = CARTESIAN_POINT('',(111.10811746085,9.432659404216,0.));
#1096 = CARTESIAN_POINT('',(111.09238701105,9.44595015207,0.));
#1097 = CARTESIAN_POINT('',(111.07665546066,9.459243743745,0.));
#1098 = CARTESIAN_POINT('',(111.06092280797,9.472540176052,0.));
#1099 = CARTESIAN_POINT('',(111.04518905139,9.485839445925,0.));
#1100 = CARTESIAN_POINT('',(111.02945418928,9.499141550261,0.));
#1101 = CARTESIAN_POINT('',(111.01371821999,9.512446485924,0.));
#1102 = CARTESIAN_POINT('',(110.99798114192,9.525754249841,0.));
#1103 = CARTESIAN_POINT('',(110.9822429534,9.539064838885,0.));
#1104 = CARTESIAN_POINT('',(110.96650365281,9.552378249962,0.));
#1105 = CARTESIAN_POINT('',(110.95076323846,9.565694479907,0.));
#1106 = CARTESIAN_POINT('',(110.9350217088,9.579013525697,0.));
#1107 = CARTESIAN_POINT('',(110.91927906219,9.592335384209,0.));
#1108 = CARTESIAN_POINT('',(110.90353529693,9.605660052261,0.));
#1109 = CARTESIAN_POINT('',(110.88779041146,9.618987526841,0.));
#1110 = CARTESIAN_POINT('',(110.87204440411,9.632317804795,0.));
#1111 = CARTESIAN_POINT('',(110.85629727325,9.645650883012,0.));
#1112 = CARTESIAN_POINT('',(110.84054901725,9.658986758408,0.));
#1113 = CARTESIAN_POINT('',(110.82479963447,9.672325427868,0.));
#1114 = CARTESIAN_POINT('',(110.80904912328,9.685666888257,0.));
#1115 = CARTESIAN_POINT('',(110.79329748208,9.699011136529,0.));
#1116 = CARTESIAN_POINT('',(110.77754470921,9.712358169529,0.));
#1117 = CARTESIAN_POINT('',(110.76179080305,9.725707984156,0.));
#1118 = CARTESIAN_POINT('',(110.74603576199,9.739060577349,0.));
#1119 = CARTESIAN_POINT('',(110.73027958433,9.752415945926,0.));
#1120 = CARTESIAN_POINT('',(110.71452226852,9.765774086837,0.));
#1121 = CARTESIAN_POINT('',(110.69876381291,9.779134996982,0.));
#1122 = CARTESIAN_POINT('',(110.68300421585,9.792498673223,0.));
#1123 = CARTESIAN_POINT('',(110.66724347571,9.805865112452,0.));
#1124 = CARTESIAN_POINT('',(110.65148159088,9.819234311587,0.));
#1125 = CARTESIAN_POINT('',(110.63571855976,9.832606267536,0.));
#1126 = CARTESIAN_POINT('',(110.61995438067,9.845980977151,0.));
#1127 = CARTESIAN_POINT('',(110.604189052,9.859358437347,0.));
#1128 = CARTESIAN_POINT('',(110.58842257216,9.872738645046,0.));
#1129 = CARTESIAN_POINT('',(110.57265493948,9.886121597098,0.));
#1130 = CARTESIAN_POINT('',(110.55688615232,9.899507290414,0.));
#1131 = CARTESIAN_POINT('',(110.54111620911,9.9128957219,0.));
#1132 = CARTESIAN_POINT('',(110.52534510821,9.92628688846,0.));
#1133 = CARTESIAN_POINT('',(110.50957284797,9.939680786953,0.));
#1134 = CARTESIAN_POINT('',(110.49379942678,9.953077414307,0.));
#1135 = CARTESIAN_POINT('',(110.47802484303,9.966476767415,0.));
#1136 = CARTESIAN_POINT('',(110.46224909507,9.979878843155,0.));
#1137 = CARTESIAN_POINT('',(110.44647218128,9.99328363842,0.));
#1138 = CARTESIAN_POINT('',(110.43069410008,10.006691150153,0.));
#1139 = CARTESIAN_POINT('',(110.4149148498,10.020101375195,0.));
#1140 = CARTESIAN_POINT('',(110.39913442882,10.033514310454,0.));
#1141 = CARTESIAN_POINT('',(110.38335283555,10.046929952857,0.));
#1142 = CARTESIAN_POINT('',(110.36757006836,10.060348299278,0.));
#1143 = CARTESIAN_POINT('',(110.3517861256,10.073769346595,0.));
#1144 = CARTESIAN_POINT('',(110.33600100567,10.087193091737,0.));
#1145 = CARTESIAN_POINT('',(110.32021470697,10.100619531599,0.));
#1146 = CARTESIAN_POINT('',(110.30442722784,10.114048663045,0.));
#1147 = CARTESIAN_POINT('',(110.2886385667,10.127480483,0.));
#1148 = CARTESIAN_POINT('',(110.27284872192,10.140914988374,0.));
#1149 = CARTESIAN_POINT('',(110.25705769185,10.154352176023,0.));
#1150 = CARTESIAN_POINT('',(110.24126547488,10.167792042859,0.));
#1151 = CARTESIAN_POINT('',(110.22547206944,10.181234585807,0.));
#1152 = CARTESIAN_POINT('',(110.20967747389,10.194679801735,0.));
#1153 = CARTESIAN_POINT('',(110.19388168659,10.208127687561,0.));
#1154 = CARTESIAN_POINT('',(110.17808470592,10.221578240136,0.));
#1155 = CARTESIAN_POINT('',(110.1622865303,10.235031456418,0.));
#1156 = CARTESIAN_POINT('',(110.1464871581,10.248487333288,0.));
#1157 = CARTESIAN_POINT('',(110.13068658768,10.261945867601,0.));
#1158 = CARTESIAN_POINT('',(110.11488481745,10.275407056312,0.));
#1159 = CARTESIAN_POINT('',(110.0990818458,10.288870896293,0.));
#1160 = CARTESIAN_POINT('',(110.0832776711,10.302337384437,0.));
#1161 = CARTESIAN_POINT('',(110.06747229173,10.315806517645,0.));
#1162 = CARTESIAN_POINT('',(110.0516657061,10.329278292821,0.));
#1163 = CARTESIAN_POINT('',(110.0358579126,10.34275270689,0.));
#1164 = CARTESIAN_POINT('',(110.02004890956,10.356229756676,0.));
#1165 = CARTESIAN_POINT('',(110.00423869542,10.369709439132,0.));
#1166 = CARTESIAN_POINT('',(109.98842726858,10.383191751178,0.));
#1167 = CARTESIAN_POINT('',(109.97261462741,10.396676689665,0.));
#1168 = CARTESIAN_POINT('',(109.95680077026,10.41016425149,0.));
#1169 = CARTESIAN_POINT('',(109.94098569558,10.423654433598,0.));
#1170 = CARTESIAN_POINT('',(109.92516940173,10.437147232858,0.));
#1171 = CARTESIAN_POINT('',(109.90935188708,10.450642646143,0.));
#1172 = CARTESIAN_POINT('',(109.89353315006,10.464140670409,0.));
#1173 = CARTESIAN_POINT('',(109.87771318903,10.47764130251,0.));
#1174 = CARTESIAN_POINT('',(109.86189200242,10.491144539382,0.));
#1175 = CARTESIAN_POINT('',(109.84606958857,10.504650377874,0.));
#1176 = CARTESIAN_POINT('',(109.83024594591,10.518158814935,0.));
#1177 = CARTESIAN_POINT('',(109.81442107284,10.531669847462,0.));
#1178 = CARTESIAN_POINT('',(109.79859496768,10.545183472285,0.));
#1179 = CARTESIAN_POINT('',(109.78276762892,10.558699686401,0.));
#1180 = CARTESIAN_POINT('',(109.7669390549,10.572218486653,0.));
#1181 = CARTESIAN_POINT('',(109.75110924401,10.585739869942,0.));
#1182 = CARTESIAN_POINT('',(109.73527819467,10.599263833189,0.));
#1183 = CARTESIAN_POINT('',(109.71944590525,10.612790373275,0.));
#1184 = CARTESIAN_POINT('',(109.70361237416,10.626319487114,0.));
#1185 = CARTESIAN_POINT('',(109.6877775998,10.639851171595,0.));
#1186 = CARTESIAN_POINT('',(109.67194158055,10.653385423625,0.));
#1187 = CARTESIAN_POINT('',(109.65610431482,10.666922240109,0.));
#1188 = CARTESIAN_POINT('',(109.640265801,10.680461617934,0.));
#1189 = CARTESIAN_POINT('',(109.62442603747,10.694003553993,0.));
#1190 = CARTESIAN_POINT('',(109.60858502267,10.707548045232,0.));
#1191 = CARTESIAN_POINT('',(109.59274275496,10.721095088495,0.));
#1192 = CARTESIAN_POINT('',(109.57689923274,10.734644680712,0.));
#1193 = CARTESIAN_POINT('',(109.56105445444,10.748196818791,0.));
#1194 = CARTESIAN_POINT('',(109.54520841843,10.761751499611,0.));
#1195 = CARTESIAN_POINT('',(109.52936112312,10.775308720079,0.));
#1196 = CARTESIAN_POINT('',(109.51351256691,10.788868477112,0.));
#1197 = CARTESIAN_POINT('',(109.4976627482,10.802430767595,0.));
#1198 = CARTESIAN_POINT('',(109.48181166538,10.815995588426,0.));
#1199 = CARTESIAN_POINT('',(109.46595931687,10.829562936524,0.));
#1200 = CARTESIAN_POINT('',(109.45010570106,10.843132808771,0.));
#1201 = CARTESIAN_POINT('',(109.43425081636,10.856705202094,0.));
#1202 = CARTESIAN_POINT('',(109.41839466114,10.870280113344,0.));
#1203 = CARTESIAN_POINT('',(109.40253723385,10.883857539487,0.));
#1204 = CARTESIAN_POINT('',(109.38667853287,10.897437477378,0.));
#1205 = CARTESIAN_POINT('',(109.37081855662,10.911019923948,0.));
#1206 = CARTESIAN_POINT('',(109.35495730346,10.924604876066,0.));
#1207 = CARTESIAN_POINT('',(109.33909477183,10.938192330655,0.));
#1208 = CARTESIAN_POINT('',(109.32323096016,10.951782284643,0.));
#1209 = CARTESIAN_POINT('',(109.30736586679,10.965374734861,0.));
#1210 = CARTESIAN_POINT('',(109.29149949018,10.978969678284,0.));
#1211 = CARTESIAN_POINT('',(109.27563182872,10.992567111776,0.));
#1212 = CARTESIAN_POINT('',(109.2597628808,11.006167032246,0.));
#1213 = CARTESIAN_POINT('',(109.24389264484,11.019769436598,0.));
#1214 = CARTESIAN_POINT('',(109.22802111924,11.033374321716,0.));
#1215 = CARTESIAN_POINT('',(109.21214830244,11.046981684552,0.));
#1216 = CARTESIAN_POINT('',(109.1962741928,11.060591521952,0.));
#1217 = CARTESIAN_POINT('',(109.18039878876,11.074203830853,0.));
#1218 = CARTESIAN_POINT('',(109.16452208872,11.087818608142,0.));
#1219 = CARTESIAN_POINT('',(109.14864409109,11.101435850729,0.));
#1220 = CARTESIAN_POINT('',(109.13276479427,11.11505555551,0.));
#1221 = CARTESIAN_POINT('',(109.11688419671,11.128677719403,0.));
#1222 = CARTESIAN_POINT('',(109.10100229679,11.142302339309,0.));
#1223 = CARTESIAN_POINT('',(109.08511909289,11.155929412092,0.));
#1224 = CARTESIAN_POINT('',(109.06923458347,11.1695589347,0.));
#1225 = CARTESIAN_POINT('',(109.05334876695,11.18319090404,0.));
#1226 = CARTESIAN_POINT('',(109.03746164169,11.196825316972,0.));
#1227 = CARTESIAN_POINT('',(109.02157320614,11.210462170424,0.));
#1228 = CARTESIAN_POINT('',(109.00568345874,11.224101461339,0.));
#1229 = CARTESIAN_POINT('',(108.98979239782,11.237743186532,0.));
#1230 = CARTESIAN_POINT('',(108.97390002185,11.251387342962,0.));
#1231 = CARTESIAN_POINT('',(108.95800632927,11.265033927561,0.));
#1232 = CARTESIAN_POINT('',(108.94211131845,11.278682937166,0.));
#1233 = CARTESIAN_POINT('',(108.92621498782,11.292334368724,0.));
#1234 = CARTESIAN_POINT('',(108.91031733579,11.305988219123,0.));
#1235 = CARTESIAN_POINT('',(108.89441836079,11.319644485274,0.));
#1236 = CARTESIAN_POINT('',(108.87851806122,11.333303164072,0.));
#1237 = CARTESIAN_POINT('',(108.86261643552,11.346964252433,0.));
#1238 = CARTESIAN_POINT('',(108.8467134821,11.360627747267,0.));
#1239 = CARTESIAN_POINT('',(108.83080919935,11.374293645434,0.));
#1240 = CARTESIAN_POINT('',(108.81490358572,11.387961943899,0.));
#1241 = CARTESIAN_POINT('',(108.79899663961,11.401632639516,0.));
#1242 = CARTESIAN_POINT('',(108.78308835947,11.415305729216,0.));
#1243 = CARTESIAN_POINT('',(108.76717874372,11.428981209931,0.));
#1244 = CARTESIAN_POINT('',(108.75126779073,11.442659078487,0.));
#1245 = CARTESIAN_POINT('',(108.73535549895,11.456339331846,0.));
#1246 = CARTESIAN_POINT('',(108.71944186682,11.47002196692,0.));
#1247 = CARTESIAN_POINT('',(108.70352689274,11.483706980582,0.));
#1248 = CARTESIAN_POINT('',(108.68761057513,11.497394369738,0.));
#1249 = CARTESIAN_POINT('',(108.67169291242,11.511084131309,0.));
#1250 = CARTESIAN_POINT('',(108.65577390306,11.524776262217,0.));
#1251 = CARTESIAN_POINT('',(108.63985354542,11.538470759321,0.));
#1252 = CARTESIAN_POINT('',(108.62393183795,11.552167619541,0.));
#1253 = CARTESIAN_POINT('',(108.6080087791,11.56586683982,0.));
#1254 = CARTESIAN_POINT('',(108.59208436727,11.579568417025,0.));
#1255 = CARTESIAN_POINT('',(108.57615860085,11.59327234804,0.));
#1256 = CARTESIAN_POINT('',(108.56023147835,11.606978629845,0.));
#1257 = CARTESIAN_POINT('',(108.54430299813,11.62068725928,0.));
#1258 = CARTESIAN_POINT('',(108.52837315861,11.634398233251,0.));
#1259 = CARTESIAN_POINT('',(108.51244195828,11.648111548716,0.));
#1260 = CARTESIAN_POINT('',(108.49650939552,11.661827202533,0.));
#1261 = CARTESIAN_POINT('',(108.48057546877,11.675545191628,0.));
#1262 = CARTESIAN_POINT('',(108.46464017645,11.689265512887,0.));
#1263 = CARTESIAN_POINT('',(108.44870351701,11.702988163241,0.));
#1264 = CARTESIAN_POINT('',(108.43276548887,11.716713139593,0.));
#1265 = CARTESIAN_POINT('',(108.41682609044,11.730440438822,0.));
#1266 = CARTESIAN_POINT('',(108.40088532017,11.744170057854,0.));
#1267 = CARTESIAN_POINT('',(108.38494317652,11.757901993619,0.));
#1268 = CARTESIAN_POINT('',(108.36899965785,11.771636242956,0.));
#1269 = CARTESIAN_POINT('',(108.35305476266,11.785372802843,0.));
#1270 = CARTESIAN_POINT('',(108.33710848937,11.799111670163,0.));
#1271 = CARTESIAN_POINT('',(108.32116083635,11.812852841774,0.));
#1272 = CARTESIAN_POINT('',(108.30521180211,11.826596314651,0.));
#1273 = CARTESIAN_POINT('',(108.28926138507,11.840342085682,0.));
#1274 = CARTESIAN_POINT('',(108.27330958362,11.854090151746,0.));
#1275 = CARTESIAN_POINT('',(108.25735639622,11.86784050976,0.));
#1276 = CARTESIAN_POINT('',(108.24140182133,11.881593156648,0.));
#1277 = CARTESIAN_POINT('',(108.22544585738,11.895348089321,0.));
#1278 = CARTESIAN_POINT('',(108.20948850277,11.909105304651,0.));
#1279 = CARTESIAN_POINT('',(108.19352975596,11.922864799561,0.));
#1280 = CARTESIAN_POINT('',(108.17756961539,11.936626570981,0.));
#1281 = CARTESIAN_POINT('',(108.16160807949,11.950390615778,0.));
#1282 = CARTESIAN_POINT('',(108.14564514671,11.964156930896,0.));
#1283 = CARTESIAN_POINT('',(108.12968081547,11.977925513211,0.));
#1284 = CARTESIAN_POINT('',(108.11371508423,11.991696359644,0.));
#1285 = CARTESIAN_POINT('',(108.09774795143,12.005469467122,0.));
#1286 = CARTESIAN_POINT('',(108.08177941549,12.019244832517,0.));
#1287 = CARTESIAN_POINT('',(108.06580947484,12.033022452743,0.));
#1288 = CARTESIAN_POINT('',(108.04983812795,12.046802324724,0.));
#1289 = CARTESIAN_POINT('',(108.03386537326,12.060584445368,0.));
#1290 = CARTESIAN_POINT('',(108.0178912092,12.074368811547,0.));
#1291 = CARTESIAN_POINT('',(108.00191563423,12.088155420229,0.));
#1292 = CARTESIAN_POINT('',(107.98593864678,12.101944268273,0.));
#1293 = CARTESIAN_POINT('',(107.96996024526,12.115735352577,0.));
#1294 = CARTESIAN_POINT('',(107.95398042817,12.129528670098,0.));
#1295 = CARTESIAN_POINT('',(107.93799919396,12.143324217727,0.));
#1296 = CARTESIAN_POINT('',(107.92201654101,12.157121992337,0.));
#1297 = CARTESIAN_POINT('',(107.90603246781,12.170921990868,0.));
#1298 = CARTESIAN_POINT('',(107.8900469728,12.184724210225,0.));
#1299 = CARTESIAN_POINT('',(107.87406005444,12.198528647327,0.));
#1300 = CARTESIAN_POINT('',(107.85807171113,12.21233529903,0.));
#1301 = CARTESIAN_POINT('',(107.84208194137,12.226144162297,0.));
#1302 = CARTESIAN_POINT('',(107.82609074361,12.239955234052,0.));
#1303 = CARTESIAN_POINT('',(107.81009811623,12.25376851111,0.));
#1304 = CARTESIAN_POINT('',(107.79410405774,12.267583990465,0.));
#1305 = CARTESIAN_POINT('',(107.7781085666,12.281401669017,0.));
#1306 = CARTESIAN_POINT('',(107.76211164121,12.29522154363,0.));
#1307 = CARTESIAN_POINT('',(107.74611328004,12.309043611243,0.));
#1308 = CARTESIAN_POINT('',(107.73011348156,12.322867868767,0.));
#1309 = CARTESIAN_POINT('',(107.71411224419,12.336694313087,0.));
#1310 = CARTESIAN_POINT('',(107.69810956641,12.350522941142,0.));
#1311 = CARTESIAN_POINT('',(107.68210544667,12.364353749823,0.));
#1312 = CARTESIAN_POINT('',(107.66609988341,12.378186736052,0.));
#1313 = CARTESIAN_POINT('',(107.65009287506,12.392021896701,0.));
#1314 = CARTESIAN_POINT('',(107.63408442011,12.405859228706,0.));
#1315 = CARTESIAN_POINT('',(107.61807451703,12.419698728999,0.));
#1316 = CARTESIAN_POINT('',(107.60206316425,12.433540394468,0.));
#1317 = CARTESIAN_POINT('',(107.58605036019,12.44738422198,0.));
#1318 = CARTESIAN_POINT('',(107.57003610336,12.461230208496,0.));
#1319 = CARTESIAN_POINT('',(107.55402039223,12.475078350946,0.));
#1320 = CARTESIAN_POINT('',(107.53800322519,12.488928646165,0.));
#1321 = CARTESIAN_POINT('',(107.52198460072,12.502781091107,0.));
#1322 = CARTESIAN_POINT('',(107.50596451731,12.516635682675,0.));
#1323 = CARTESIAN_POINT('',(107.48994297342,12.530492417806,0.));
#1324 = CARTESIAN_POINT('',(107.47391996746,12.544351293346,0.));
#1325 = CARTESIAN_POINT('',(107.45789549792,12.558212306245,0.));
#1326 = CARTESIAN_POINT('',(107.44186956329,12.572075453449,0.));
#1327 = CARTESIAN_POINT('',(107.42584216194,12.585940731761,0.));
#1328 = CARTESIAN_POINT('',(107.40981329241,12.599808138182,0.));
#1329 = CARTESIAN_POINT('',(107.39378295319,12.61367766963,0.));
#1330 = CARTESIAN_POINT('',(107.37775114264,12.62754932293,0.));
#1331 = CARTESIAN_POINT('',(107.36171785929,12.641423095059,0.));
#1332 = CARTESIAN_POINT('',(107.34568310159,12.655298982915,0.));
#1333 = CARTESIAN_POINT('',(107.329646868,12.669176983388,0.));
#1334 = CARTESIAN_POINT('',(107.31360915698,12.683057093418,0.));
#1335 = CARTESIAN_POINT('',(107.29756996699,12.696939309865,0.));
#1336 = CARTESIAN_POINT('',(107.28152929654,12.710823629708,0.));
#1337 = CARTESIAN_POINT('',(107.26548714405,12.72471004981,0.));
#1338 = CARTESIAN_POINT('',(107.24944350798,12.738598567071,0.));
#1339 = CARTESIAN_POINT('',(107.23339838684,12.752489178459,0.));
#1340 = CARTESIAN_POINT('',(107.21735177904,12.766381880796,0.));
#1341 = CARTESIAN_POINT('',(107.20130368312,12.780276671097,0.));
#1342 = CARTESIAN_POINT('',(107.18525409748,12.794173546181,0.));
#1343 = CARTESIAN_POINT('',(107.16920302062,12.808072502996,0.));
#1344 = CARTESIAN_POINT('',(107.15315045103,12.821973538475,0.));
#1345 = CARTESIAN_POINT('',(107.13709638713,12.835876649484,0.));
#1346 = CARTESIAN_POINT('',(107.12104082743,12.849781832956,0.));
#1347 = CARTESIAN_POINT('',(107.10498377039,12.863689085805,0.));
#1348 = CARTESIAN_POINT('',(107.08892521448,12.877598404936,0.));
#1349 = CARTESIAN_POINT('',(107.07286515816,12.891509787253,0.));
#1350 = CARTESIAN_POINT('',(107.05680359991,12.905423229675,0.));
#1351 = CARTESIAN_POINT('',(107.0407405382,12.919338729098,0.));
#1352 = CARTESIAN_POINT('',(107.02467597153,12.933256282467,0.));
#1353 = CARTESIAN_POINT('',(107.00860989836,12.947175886658,0.));
#1354 = CARTESIAN_POINT('',(106.99254231715,12.9610975386,0.));
#1355 = CARTESIAN_POINT('',(106.97647322638,12.975021235192,0.));
#1356 = CARTESIAN_POINT('',(106.96040262452,12.988946973341,0.));
#1357 = CARTESIAN_POINT('',(106.94433051009,13.002874749985,0.));
#1358 = CARTESIAN_POINT('',(106.92825688154,13.016804562031,0.));
#1359 = CARTESIAN_POINT('',(106.91218173729,13.030736406342,0.));
#1360 = CARTESIAN_POINT('',(106.89610507588,13.044670279857,0.));
#1361 = CARTESIAN_POINT('',(106.88002689582,13.058606179543,0.));
#1362 = CARTESIAN_POINT('',(106.86394719552,13.072544102229,0.));
#1363 = CARTESIAN_POINT('',(106.84786597348,13.08648404485,0.));
#1364 = CARTESIAN_POINT('',(106.8317832282,13.100426004355,0.));
#1365 = CARTESIAN_POINT('',(106.81569895813,13.114369977601,0.));
#1366 = CARTESIAN_POINT('',(106.79961316176,13.128315961519,0.));
#1367 = CARTESIAN_POINT('',(106.78352583762,13.142263953053,0.));
#1368 = CARTESIAN_POINT('',(106.76743698415,13.156213949085,0.));
#1369 = CARTESIAN_POINT('',(106.7513465998,13.170165946506,0.));
#1370 = CARTESIAN_POINT('',(106.73525468309,13.184119942256,0.));
#1371 = CARTESIAN_POINT('',(106.71916123251,13.198075933251,0.));
#1372 = CARTESIAN_POINT('',(106.70306624653,13.212033916375,0.));
#1373 = CARTESIAN_POINT('',(106.68696972367,13.225993888584,0.));
#1374 = CARTESIAN_POINT('',(106.67087166237,13.239955846735,0.));
#1375 = CARTESIAN_POINT('',(106.65477206113,13.253919787783,0.));
#1376 = CARTESIAN_POINT('',(106.63867091845,13.267885708619,0.));
#1377 = CARTESIAN_POINT('',(106.62256823279,13.281853606151,0.));
#1378 = CARTESIAN_POINT('',(106.60646400266,13.295823477311,0.));
#1379 = CARTESIAN_POINT('',(106.59035822656,13.309795318999,0.));
#1380 = CARTESIAN_POINT('',(106.57425090294,13.323769128115,0.));
#1381 = CARTESIAN_POINT('',(106.55814203031,13.337744901592,0.));
#1382 = CARTESIAN_POINT('',(106.54203160717,13.351722636331,0.));
#1383 = CARTESIAN_POINT('',(106.525919632,13.365702329232,0.));
#1384 = CARTESIAN_POINT('',(106.50980610332,13.379683977258,0.));
#1385 = CARTESIAN_POINT('',(106.49369101956,13.393667577252,0.));
#1386 = CARTESIAN_POINT('',(106.47757437924,13.407653126146,0.));
#1387 = CARTESIAN_POINT('',(106.46145618091,13.42164062091,0.));
#1388 = CARTESIAN_POINT('',(106.44533642298,13.43563005838,0.));
#1389 = CARTESIAN_POINT('',(106.42921510397,13.449621435498,0.));
#1390 = CARTESIAN_POINT('',(106.41309222238,13.463614749178,0.));
#1391 = CARTESIAN_POINT('',(106.39696777672,13.477609996339,0.));
#1392 = CARTESIAN_POINT('',(106.38084176548,13.491607173896,0.));
#1393 = CARTESIAN_POINT('',(106.36471418711,13.505606278718,0.));
#1394 = CARTESIAN_POINT('',(106.34858504017,13.519607307775,0.));
#1395 = CARTESIAN_POINT('',(106.33245432314,13.533610257954,0.));
#1396 = CARTESIAN_POINT('',(106.31632203451,13.547615126171,0.));
#1397 = CARTESIAN_POINT('',(106.30018817276,13.561621909317,0.));
#1398 = CARTESIAN_POINT('',(106.28405273643,13.575630604348,0.));
#1399 = CARTESIAN_POINT('',(106.26791572398,13.589641208141,0.));
#1400 = CARTESIAN_POINT('',(106.25177713393,13.60365371762,0.));
#1401 = CARTESIAN_POINT('',(106.23563696478,13.617668129692,0.));
#1402 = CARTESIAN_POINT('',(106.21949521504,13.631684441295,0.));
#1403 = CARTESIAN_POINT('',(106.20335188319,13.645702649309,0.));
#1404 = CARTESIAN_POINT('',(106.18720696773,13.659722750653,0.));
#1405 = CARTESIAN_POINT('',(106.17106046721,13.673744742269,0.));
#1406 = CARTESIAN_POINT('',(106.15491238008,13.687768621039,0.));
#1407 = CARTESIAN_POINT('',(106.13876270485,13.701794383876,0.));
#1408 = CARTESIAN_POINT('',(106.12261144004,13.715822027704,0.));
#1409 = CARTESIAN_POINT('',(106.10645858417,13.729851549445,0.));
#1410 = CARTESIAN_POINT('',(106.09030413572,13.743882945989,0.));
#1411 = CARTESIAN_POINT('',(106.07414809324,13.757916214282,0.));
#1412 = CARTESIAN_POINT('',(106.05799045518,13.771951351209,0.));
#1413 = CARTESIAN_POINT('',(106.04183122006,13.785988353685,0.));
#1414 = CARTESIAN_POINT('',(106.02567038638,13.800027218613,0.));
#1415 = CARTESIAN_POINT('',(106.00950795269,13.814067942935,0.));
#1416 = CARTESIAN_POINT('',(105.99334391752,13.828110523592,0.));
#1417 = CARTESIAN_POINT('',(105.97717827928,13.842154957408,0.));
#1418 = CARTESIAN_POINT('',(105.96101103653,13.856201241335,0.));
#1419 = CARTESIAN_POINT('',(105.94484218785,13.870249372359,0.));
#1420 = CARTESIAN_POINT('',(105.92867173165,13.884299347289,0.));
#1421 = CARTESIAN_POINT('',(105.91249966647,13.89835116306,0.));
#1422 = CARTESIAN_POINT('',(105.89632599089,13.912404816679,0.));
#1423 = CARTESIAN_POINT('',(105.8801507033,13.926460304918,0.));
#1424 = CARTESIAN_POINT('',(105.8639738023,13.940517624764,0.));
#1425 = CARTESIAN_POINT('',(105.84779528644,13.954576773199,0.));
#1426 = CARTESIAN_POINT('',(105.83161515411,13.96863774697,0.));
#1427 = CARTESIAN_POINT('',(105.81543340394,13.982700543134,0.));
#1428 = CARTESIAN_POINT('',(105.79925003443,13.996765158582,0.));
#1429 = CARTESIAN_POINT('',(105.78306504402,14.010831590136,0.));
#1430 = CARTESIAN_POINT('',(105.7668784313,14.024899834818,0.));
#1431 = CARTESIAN_POINT('',(105.75069019478,14.038969889496,0.));
#1432 = CARTESIAN_POINT('',(105.73450033295,14.053041751085,0.));
#1433 = CARTESIAN_POINT('',(105.71830884433,14.067115416474,0.));
#1434 = CARTESIAN_POINT('',(105.7021157275,14.081190882659,0.));
#1435 = CARTESIAN_POINT('',(105.68592098091,14.095268146456,0.));
#1436 = CARTESIAN_POINT('',(105.6697246031,14.10934720482,0.));
#1437 = CARTESIAN_POINT('',(105.65352659264,14.123428054714,0.));
#1438 = CARTESIAN_POINT('',(105.63732694796,14.137510692955,0.));
#1439 = CARTESIAN_POINT('',(105.62112566764,14.15159511652,0.));
#1440 = CARTESIAN_POINT('',(105.60492275022,14.165681322318,0.));
#1441 = CARTESIAN_POINT('',(105.58871819421,14.17976930727,0.));
#1442 = CARTESIAN_POINT('',(105.5725119981,14.193859068248,0.));
#1443 = CARTESIAN_POINT('',(105.55630416046,14.207950602205,0.));
#1444 = CARTESIAN_POINT('',(105.54009467981,14.222043906059,0.));
#1445 = CARTESIAN_POINT('',(105.52388355465,14.236138976706,0.));
#1446 = CARTESIAN_POINT('',(105.5076707835,14.250235811038,0.));
#1447 = CARTESIAN_POINT('',(105.49145636492,14.26433440601,0.));
#1448 = CARTESIAN_POINT('',(105.47524029746,14.278434758553,0.));
#1449 = CARTESIAN_POINT('',(105.45902257959,14.292536865513,0.));
#1450 = CARTESIAN_POINT('',(105.44280320987,14.30664072385,0.));
#1451 = CARTESIAN_POINT('',(105.42658218683,14.320746330489,0.));
#1452 = CARTESIAN_POINT('',(105.41035950899,14.334853682306,0.));
#1453 = CARTESIAN_POINT('',(105.39413517489,14.348962776235,0.));
#1454 = CARTESIAN_POINT('',(105.37790918309,14.363073609228,0.));
#1455 = CARTESIAN_POINT('',(105.36168153205,14.377186178112,0.));
#1456 = CARTESIAN_POINT('',(105.34545222037,14.391300479879,0.));
#1457 = CARTESIAN_POINT('',(105.32922124657,14.405416511438,0.));
#1458 = CARTESIAN_POINT('',(105.31298860914,14.419534269635,0.));
#1459 = CARTESIAN_POINT('',(105.29675430669,14.433653751483,0.));
#1460 = CARTESIAN_POINT('',(105.2805183377,14.447774953817,0.));
#1461 = CARTESIAN_POINT('',(105.26428070073,14.461897873594,0.));
#1462 = CARTESIAN_POINT('',(105.2480413943,14.476022507719,0.));
#1463 = CARTESIAN_POINT('',(105.23180041695,14.49014885309,0.));
#1464 = CARTESIAN_POINT('',(105.21555776723,14.504276906658,0.));
#1465 = CARTESIAN_POINT('',(105.19931344366,14.518406665292,0.));
#1466 = CARTESIAN_POINT('',(105.18306744482,14.532538125961,0.));
#1467 = CARTESIAN_POINT('',(105.16681976921,14.54667128553,0.));
#1468 = CARTESIAN_POINT('',(105.15057041539,14.56080614094,0.));
#1469 = CARTESIAN_POINT('',(105.1343193819,14.574942689122,0.));
#1470 = CARTESIAN_POINT('',(105.11806666724,14.589080926926,0.));
#1471 = CARTESIAN_POINT('',(105.10181227003,14.603220851346,0.));
#1472 = CARTESIAN_POINT('',(105.08555618878,14.617362459275,0.));
#1473 = CARTESIAN_POINT('',(105.06929842199,14.631505747584,0.));
#1474 = CARTESIAN_POINT('',(105.05303896823,14.645650713211,0.));
#1475 = CARTESIAN_POINT('',(105.03677782611,14.659797353125,0.));
#1476 = CARTESIAN_POINT('',(105.0205149941,14.673945664175,0.));
#1477 = CARTESIAN_POINT('',(105.00425047075,14.688095643292,0.));
#1478 = CARTESIAN_POINT('',(104.98798425462,14.702247287391,0.));
#1479 = CARTESIAN_POINT('',(104.9717163443,14.716400593423,0.));
#1480 = CARTESIAN_POINT('',(104.95544673829,14.730555558262,0.));
#1481 = CARTESIAN_POINT('',(104.93917543513,14.744712178825,0.));
#1482 = CARTESIAN_POINT('',(104.92290243339,14.758870452051,0.));
#1483 = CARTESIAN_POINT('',(104.90662773161,14.773030374828,0.));
#1484 = CARTESIAN_POINT('',(104.89035132837,14.787191944102,0.));
#1485 = CARTESIAN_POINT('',(104.8740732222,14.801355156766,0.));
#1486 = CARTESIAN_POINT('',(104.85779341166,14.815520009758,0.));
#1487 = CARTESIAN_POINT('',(104.84151189527,14.829686499959,0.));
#1488 = CARTESIAN_POINT('',(104.8252286716,14.843854624295,0.));
#1489 = CARTESIAN_POINT('',(104.80894373924,14.858024379722,0.));
#1490 = CARTESIAN_POINT('',(104.79265709671,14.872195763115,0.));
#1491 = CARTESIAN_POINT('',(104.77636874255,14.886368771373,0.));
#1492 = CARTESIAN_POINT('',(104.76007867536,14.900543401468,0.));
#1493 = CARTESIAN_POINT('',(104.74378689369,14.914719650299,0.));
#1494 = CARTESIAN_POINT('',(104.72749339603,14.928897514713,0.));
#1495 = CARTESIAN_POINT('',(104.71119818103,14.943076991727,0.));
#1496 = CARTESIAN_POINT('',(104.69490124722,14.957258078216,0.));
#1497 = CARTESIAN_POINT('',(104.6786025931,14.971440771059,0.));
#1498 = CARTESIAN_POINT('',(104.6623022173,14.985625067225,0.));
#1499 = CARTESIAN_POINT('',(104.64600011835,14.999810963601,0.));
#1500 = CARTESIAN_POINT('',(104.62969629483,15.013998457122,0.));
#1501 = CARTESIAN_POINT('',(104.61339074528,15.028187544691,0.));
#1502 = CARTESIAN_POINT('',(104.59708346826,15.04237822322,0.));
#1503 = CARTESIAN_POINT('',(104.58077446234,15.056570489623,0.));
#1504 = CARTESIAN_POINT('',(104.5644637261,15.070764340854,0.));
#1505 = CARTESIAN_POINT('',(104.54815125807,15.084959773766,0.));
#1506 = CARTESIAN_POINT('',(104.53183705686,15.099156785325,0.));
#1507 = CARTESIAN_POINT('',(104.51552112101,15.113355372441,0.));
#1508 = CARTESIAN_POINT('',(104.49920344908,15.127555532004,0.));
#1509 = CARTESIAN_POINT('',(104.48288403964,15.141757260955,0.));
#1510 = CARTESIAN_POINT('',(104.46656289126,15.155960556194,0.));
#1511 = CARTESIAN_POINT('',(104.45024000252,15.170165414661,0.));
#1512 = CARTESIAN_POINT('',(104.43391537196,15.184371833234,0.));
#1513 = CARTESIAN_POINT('',(104.41758899819,15.198579808869,0.));
#1514 = CARTESIAN_POINT('',(104.40126087975,15.21278933846,0.));
#1515 = CARTESIAN_POINT('',(104.38493101522,15.227000418934,0.));
#1516 = CARTESIAN_POINT('',(104.36859940315,15.241213047191,0.));
#1517 = CARTESIAN_POINT('',(104.35226604214,15.255427220156,0.));
#1518 = CARTESIAN_POINT('',(104.33593093078,15.269642934777,0.));
#1519 = CARTESIAN_POINT('',(104.31959406758,15.283860187899,0.));
#1520 = CARTESIAN_POINT('',(104.30325545117,15.298078976516,0.));
#1521 = CARTESIAN_POINT('',(104.28691508009,15.312299297489,0.));
#1522 = CARTESIAN_POINT('',(104.27057295293,15.326521147753,0.));
#1523 = CARTESIAN_POINT('',(104.25422906829,15.340744524236,0.));
#1524 = CARTESIAN_POINT('',(104.23788342474,15.354969423865,0.));
#1525 = CARTESIAN_POINT('',(104.22153602079,15.369195843503,0.));
#1526 = CARTESIAN_POINT('',(104.20518685507,15.383423780094,0.));
#1527 = CARTESIAN_POINT('',(104.1888359262,15.397653230604,0.));
#1528 = CARTESIAN_POINT('',(104.17248323268,15.411884191872,0.));
#1529 = CARTESIAN_POINT('',(104.15612877314,15.42611666085,0.));
#1530 = CARTESIAN_POINT('',(104.13977254616,15.44035063448,0.));
#1531 = CARTESIAN_POINT('',(104.12341455031,15.454586109649,0.));
#1532 = CARTESIAN_POINT('',(104.10705478412,15.468823083235,0.));
#1533 = CARTESIAN_POINT('',(104.09069324626,15.483061552237,0.));
#1534 = CARTESIAN_POINT('',(104.0743299353,15.497301513545,0.));
#1535 = CARTESIAN_POINT('',(104.05796484976,15.511542964023,0.));
#1536 = CARTESIAN_POINT('',(104.04159798827,15.525785900651,0.));
#1537 = CARTESIAN_POINT('',(104.02522934942,15.540030320319,0.));
#1538 = CARTESIAN_POINT('',(104.00885893179,15.554276219953,0.));
#1539 = CARTESIAN_POINT('',(103.99248673396,15.568523596467,0.));
#1540 = CARTESIAN_POINT('',(103.97611275449,15.582772446758,0.));
#1541 = CARTESIAN_POINT('',(103.95973699202,15.597022767776,0.));
#1542 = CARTESIAN_POINT('',(103.94335944511,15.611274556422,0.));
#1543 = CARTESIAN_POINT('',(103.92698011235,15.625527809597,0.));
#1544 = CARTESIAN_POINT('',(103.91059899238,15.639782524275,0.));
#1545 = CARTESIAN_POINT('',(103.89421608371,15.654038697307,0.));
#1546 = CARTESIAN_POINT('',(103.87783138494,15.668296325614,0.));
#1547 = CARTESIAN_POINT('',(103.86144489474,15.682555406193,0.));
#1548 = CARTESIAN_POINT('',(103.8450566116,15.696815935836,0.));
#1549 = CARTESIAN_POINT('',(103.8286665342,15.711077911571,0.));
#1550 = CARTESIAN_POINT('',(103.81227466112,15.725341330284,0.));
#1551 = CARTESIAN_POINT('',(103.79588099089,15.739606188837,0.));
#1552 = CARTESIAN_POINT('',(103.77948552217,15.753872484226,0.));
#1553 = CARTESIAN_POINT('',(103.76308825353,15.76814021331,0.));
#1554 = CARTESIAN_POINT('',(103.74668918357,15.782409373041,0.));
#1555 = CARTESIAN_POINT('',(103.7302883109,15.796679960326,0.));
#1556 = CARTESIAN_POINT('',(103.71388563411,15.810951972083,0.));
#1557 = CARTESIAN_POINT('',(103.69748115176,15.8252254052,0.));
#1558 = CARTESIAN_POINT('',(103.68107486253,15.83950025665,0.));
#1559 = CARTESIAN_POINT('',(103.66466676498,15.853776523338,0.));
#1560 = CARTESIAN_POINT('',(103.64825685767,15.868054202112,0.));
#1561 = CARTESIAN_POINT('',(103.63184513925,15.882333289974,0.));
#1562 = CARTESIAN_POINT('',(103.61543160834,15.896613783828,0.));
#1563 = CARTESIAN_POINT('',(103.59901626348,15.910895680544,0.));
#1564 = CARTESIAN_POINT('',(103.5825991033,15.925178977069,0.));
#1565 = CARTESIAN_POINT('',(103.56618012644,15.93946367033,0.));
#1566 = CARTESIAN_POINT('',(103.54975933149,15.953749757249,0.));
#1567 = CARTESIAN_POINT('',(103.53333671702,15.968037234712,0.));
#1568 = CARTESIAN_POINT('',(103.51691228167,15.982326099665,0.));
#1569 = CARTESIAN_POINT('',(103.50048602401,15.996616348993,0.));
#1570 = CARTESIAN_POINT('',(103.48405794269,16.010907979658,0.));
#1571 = CARTESIAN_POINT('',(103.46762803631,16.025200988551,0.));
#1572 = CARTESIAN_POINT('',(103.45119630346,16.039495372582,0.));
#1573 = CARTESIAN_POINT('',(103.43476274279,16.053791128702,0.));
#1574 = CARTESIAN_POINT('',(103.41832735286,16.068088253791,0.));
#1575 = CARTESIAN_POINT('',(103.4018901323,16.08238674478,0.));
#1576 = CARTESIAN_POINT('',(103.38545107974,16.096686598606,0.));
#1577 = CARTESIAN_POINT('',(103.36901019376,16.110987812157,0.));
#1578 = CARTESIAN_POINT('',(103.35256747299,16.125290382353,0.));
#1579 = CARTESIAN_POINT('',(103.33612291608,16.139594306162,0.));
#1580 = CARTESIAN_POINT('',(103.31967652157,16.153899580426,0.));
#1581 = CARTESIAN_POINT('',(103.30322828812,16.168206202094,0.));
#1582 = CARTESIAN_POINT('',(103.28677821439,16.182514168136,0.));
#1583 = CARTESIAN_POINT('',(103.27032629892,16.19682347539,0.));
#1584 = CARTESIAN_POINT('',(103.25387254033,16.211134120798,0.));
#1585 = CARTESIAN_POINT('',(103.23741693729,16.225446101303,0.));
#1586 = CARTESIAN_POINT('',(103.22095948841,16.239759413814,0.));
#1587 = CARTESIAN_POINT('',(103.20450019228,16.25407405523,0.));
#1588 = CARTESIAN_POINT('',(103.18803904753,16.268390022481,0.));
#1589 = CARTESIAN_POINT('',(103.17157605278,16.282707312487,0.));
#1590 = CARTESIAN_POINT('',(103.15511120667,16.297025922166,0.));
#1591 = CARTESIAN_POINT('',(103.13864450781,16.311345848437,0.));
#1592 = CARTESIAN_POINT('',(103.12217595481,16.325667088193,0.));
#1593 = CARTESIAN_POINT('',(103.10570554634,16.33998963841,0.));
#1594 = CARTESIAN_POINT('',(103.08923328098,16.354313495956,0.));
#1595 = CARTESIAN_POINT('',(103.07275915734,16.368638657743,0.));
#1596 = CARTESIAN_POINT('',(103.05628317409,16.382965120724,0.));
#1597 = CARTESIAN_POINT('',(103.03980532986,16.397292881817,0.));
#1598 = CARTESIAN_POINT('',(103.02332562324,16.41162193791,0.));
#1599 = CARTESIAN_POINT('',(103.00684405287,16.425952285926,0.));
#1600 = CARTESIAN_POINT('',(102.9903606174,16.440283922827,0.));
#1601 = CARTESIAN_POINT('',(102.97387531542,16.454616845451,0.));
#1602 = CARTESIAN_POINT('',(102.95738814561,16.468951050804,0.));
#1603 = CARTESIAN_POINT('',(102.94089910658,16.483286535749,0.));
#1604 = CARTESIAN_POINT('',(102.92440819696,16.497623297223,0.));
#1605 = CARTESIAN_POINT('',(102.90791541537,16.511961332138,0.));
#1606 = CARTESIAN_POINT('',(102.89142076044,16.526300637392,0.));
#1607 = CARTESIAN_POINT('',(102.87492423086,16.54064120997,0.));
#1608 = CARTESIAN_POINT('',(102.85842582521,16.554983046725,0.));
#1609 = CARTESIAN_POINT('',(102.8419255421,16.569326144566,0.));
#1610 = CARTESIAN_POINT('',(102.82542338025,16.583670500489,0.));
#1611 = CARTESIAN_POINT('',(102.80891933825,16.598016111354,0.));
#1612 = CARTESIAN_POINT('',(102.79241341471,16.612362974059,0.));
#1613 = CARTESIAN_POINT('',(102.77590560832,16.626711085589,0.));
#1614 = CARTESIAN_POINT('',(102.7593959177,16.641060442818,0.));
#1615 = CARTESIAN_POINT('',(102.74288434148,16.655411042665,0.));
#1616 = CARTESIAN_POINT('',(102.72637087831,16.669762882066,0.));
#1617 = CARTESIAN_POINT('',(102.70985552682,16.684115957918,0.));
#1618 = CARTESIAN_POINT('',(102.69333828568,16.698470267177,0.));
#1619 = CARTESIAN_POINT('',(102.67681915349,16.712825806705,0.));
#1620 = CARTESIAN_POINT('',(102.66029812893,16.72718257347,0.));
#1621 = CARTESIAN_POINT('',(102.64377521064,16.741540564377,0.));
#1622 = CARTESIAN_POINT('',(102.62725039725,16.755899776336,0.));
#1623 = CARTESIAN_POINT('',(102.61072368739,16.770260206248,0.));
#1624 = CARTESIAN_POINT('',(102.59419507977,16.784621851088,0.));
#1625 = CARTESIAN_POINT('',(102.57766457299,16.79898470774,0.));
#1626 = CARTESIAN_POINT('',(102.56113216566,16.813348773075,0.));
#1627 = CARTESIAN_POINT('',(102.54459785651,16.827714044104,0.));
#1628 = CARTESIAN_POINT('',(102.52806164415,16.842080517695,0.));
#1629 = CARTESIAN_POINT('',(102.51152352722,16.856448190759,0.));
#1630 = CARTESIAN_POINT('',(102.4949835044,16.870817060241,0.));
#1631 = CARTESIAN_POINT('',(102.4784415743,16.88518712303,0.));
#1632 = CARTESIAN_POINT('',(102.46189773562,16.899558376083,0.));
#1633 = CARTESIAN_POINT('',(102.44535198698,16.913930816285,0.));
#1634 = CARTESIAN_POINT('',(102.42880432705,16.928304440571,0.));
#1635 = CARTESIAN_POINT('',(102.41225475446,16.942679245844,0.));
#1636 = CARTESIAN_POINT('',(102.3957032679,16.95705522905,0.));
#1637 = CARTESIAN_POINT('',(102.379149866,16.971432387085,0.));
#1638 = CARTESIAN_POINT('',(102.36259454743,16.985810716873,0.));
#1639 = CARTESIAN_POINT('',(102.34603731085,17.000190215346,0.));
#1640 = CARTESIAN_POINT('',(102.3294781549,17.0145708794,0.));
#1641 = CARTESIAN_POINT('',(102.31291707826,17.028952705971,0.));
#1642 = CARTESIAN_POINT('',(102.29635407958,17.04333569197,0.));
#1643 = CARTESIAN_POINT('',(102.27978915752,17.057719834332,0.));
#1644 = CARTESIAN_POINT('',(102.26322231071,17.072105129923,0.));
#1645 = CARTESIAN_POINT('',(102.2466535379,17.086491575749,0.));
#1646 = CARTESIAN_POINT('',(102.23008283767,17.100879168658,0.));
#1647 = CARTESIAN_POINT('',(102.21351020871,17.115267905592,0.));
#1648 = CARTESIAN_POINT('',(102.19693564968,17.129657783469,0.));
#1649 = CARTESIAN_POINT('',(102.18035915927,17.144048799223,0.));
#1650 = CARTESIAN_POINT('',(102.16378073611,17.158440949747,0.));
#1651 = CARTESIAN_POINT('',(102.14720037887,17.172834231955,0.));
#1652 = CARTESIAN_POINT('',(102.13061808626,17.187228642825,0.));
#1653 = CARTESIAN_POINT('',(102.11403385689,17.201624179196,0.));
#1654 = CARTESIAN_POINT('',(102.09744768948,17.216020838051,0.));
#1655 = CARTESIAN_POINT('',(102.08085958266,17.230418616267,0.));
#1656 = CARTESIAN_POINT('',(102.06426953511,17.244817510783,0.));
#1657 = CARTESIAN_POINT('',(102.04767754551,17.259217518508,0.));
#1658 = CARTESIAN_POINT('',(102.03108361255,17.273618636383,0.));
#1659 = CARTESIAN_POINT('',(102.01448773487,17.288020861311,0.));
#1660 = CARTESIAN_POINT('',(101.99788991113,17.302424190181,0.));
#1661 = CARTESIAN_POINT('',(101.98129014006,17.316828619985,0.));
#1662 = CARTESIAN_POINT('',(101.96468842029,17.331234147571,0.));
#1663 = CARTESIAN_POINT('',(101.94808475052,17.345640769902,0.));
#1664 = CARTESIAN_POINT('',(101.9314791294,17.360048483881,0.));
#1665 = CARTESIAN_POINT('',(101.91487155561,17.374457286405,0.));
#1666 = CARTESIAN_POINT('',(101.89826202788,17.388867174451,0.));
#1667 = CARTESIAN_POINT('',(101.88165054483,17.403278144892,0.));
#1668 = CARTESIAN_POINT('',(101.86503710514,17.417690194643,0.));
#1669 = CARTESIAN_POINT('',(101.84842170753,17.432103320656,0.));
#1670 = CARTESIAN_POINT('',(101.83180435067,17.446517519846,0.));
#1671 = CARTESIAN_POINT('',(101.81518503319,17.460932789073,0.));
#1672 = CARTESIAN_POINT('',(101.79856375386,17.475349125363,0.));
#1673 = CARTESIAN_POINT('',(101.78194051129,17.489766525536,0.));
#1674 = CARTESIAN_POINT('',(101.76531530419,17.504184986557,0.));
#1675 = CARTESIAN_POINT('',(101.74868813126,17.518604505354,0.));
#1676 = CARTESIAN_POINT('',(101.73205899115,17.533025078805,0.));
#1677 = CARTESIAN_POINT('',(101.71542788259,17.547446703885,0.));
#1678 = CARTESIAN_POINT('',(101.69879480424,17.561869377468,0.));
#1679 = CARTESIAN_POINT('',(101.68215975479,17.576293096498,0.));
#1680 = CARTESIAN_POINT('',(101.66552273292,17.590717857876,0.));
#1681 = CARTESIAN_POINT('',(101.64888373734,17.605143658541,0.));
#1682 = CARTESIAN_POINT('',(101.63224276671,17.61957049538,0.));
#1683 = CARTESIAN_POINT('',(101.61559981978,17.633998365368,0.));
#1684 = CARTESIAN_POINT('',(101.59895489521,17.6484272654,0.));
#1685 = CARTESIAN_POINT('',(101.58230799163,17.662857192335,0.));
#1686 = CARTESIAN_POINT('',(101.56565910781,17.677288143171,0.));
#1687 = CARTESIAN_POINT('',(101.54900824246,17.69172011483,0.));
#1688 = CARTESIAN_POINT('',(101.5323553942,17.706153104174,0.));
#1689 = CARTESIAN_POINT('',(101.51570056175,17.720587108124,0.));
#1690 = CARTESIAN_POINT('',(101.49904374388,17.735022123697,0.));
#1691 = CARTESIAN_POINT('',(101.48238493919,17.749458147697,0.));
#1692 = CARTESIAN_POINT('',(101.46572414639,17.763895177078,0.));
#1693 = CARTESIAN_POINT('',(101.44906136424,17.778333208806,0.));
#1694 = CARTESIAN_POINT('',(101.43239659137,17.792772239726,0.));
#1695 = CARTESIAN_POINT('',(101.41572982655,17.80721226684,0.));
#1696 = CARTESIAN_POINT('',(101.39906106842,17.82165328698,0.));
#1697 = CARTESIAN_POINT('',(101.38239031574,17.836095297151,0.));
#1698 = CARTESIAN_POINT('',(101.36571756716,17.850538294221,0.));
#1699 = CARTESIAN_POINT('',(101.34904282136,17.864982275076,0.));
#1700 = CARTESIAN_POINT('',(101.33236607715,17.879427236739,0.));
#1701 = CARTESIAN_POINT('',(101.31568733316,17.893873176058,0.));
#1702 = CARTESIAN_POINT('',(101.29900658808,17.908320089946,0.));
#1703 = CARTESIAN_POINT('',(101.28232384064,17.922767975331,0.));
#1704 = CARTESIAN_POINT('',(101.2656390896,17.937216829196,0.));
#1705 = CARTESIAN_POINT('',(101.24895233358,17.951666648363,0.));
#1706 = CARTESIAN_POINT('',(101.23226357133,17.966117429798,0.));
#1707 = CARTESIAN_POINT('',(101.21557280159,17.980569170457,0.));
#1708 = CARTESIAN_POINT('',(101.198880023,17.995021867178,0.));
#1709 = CARTESIAN_POINT('',(101.18218523433,18.00947551695,0.));
#1710 = CARTESIAN_POINT('',(101.16548843427,18.02393011667,0.));
#1711 = CARTESIAN_POINT('',(101.14878962153,18.038385663241,0.));
#1712 = CARTESIAN_POINT('',(101.13208879483,18.052842153614,0.));
#1713 = CARTESIAN_POINT('',(101.11538595287,18.067299584666,0.));
#1714 = CARTESIAN_POINT('',(101.09868109442,18.081757953386,0.));
#1715 = CARTESIAN_POINT('',(101.08197421813,18.096217256618,0.));
#1716 = CARTESIAN_POINT('',(101.06526532275,18.110677491335,0.));
#1717 = CARTESIAN_POINT('',(101.04855440697,18.125138654419,0.));
#1718 = CARTESIAN_POINT('',(101.03184146954,18.139600742817,0.));
#1719 = CARTESIAN_POINT('',(101.01512650917,18.154063753443,0.));
#1720 = CARTESIAN_POINT('',(100.99840952457,18.168527683204,0.));
#1721 = CARTESIAN_POINT('',(100.98169051448,18.182992529045,0.));
#1722 = CARTESIAN_POINT('',(100.9649694776,18.197458287858,0.));
#1723 = CARTESIAN_POINT('',(100.94824641267,18.211924956581,0.));
#1724 = CARTESIAN_POINT('',(100.9315213184,18.226392532125,0.));
#1725 = CARTESIAN_POINT('',(100.91479419352,18.240861011416,0.));
#1726 = CARTESIAN_POINT('',(100.89806503677,18.255330391383,0.));
#1727 = CARTESIAN_POINT('',(100.88133384683,18.269800668906,0.));
#1728 = CARTESIAN_POINT('',(100.86460062248,18.28427184095,0.));
#1729 = CARTESIAN_POINT('',(100.84786536245,18.298743904457,0.));
#1730 = CARTESIAN_POINT('',(100.83112806538,18.313216856224,0.));
#1731 = CARTESIAN_POINT('',(100.81438873011,18.327690693329,0.));
#1732 = CARTESIAN_POINT('',(100.7976473553,18.342165412593,0.));
#1733 = CARTESIAN_POINT('',(100.78090393969,18.356641010943,0.));
#1734 = CARTESIAN_POINT('',(100.76415848205,18.371117485351,0.));
#1735 = CARTESIAN_POINT('',(100.74741098108,18.385594832686,0.));
#1736 = CARTESIAN_POINT('',(100.73066143552,18.400073049905,0.));
#1737 = CARTESIAN_POINT('',(100.71390984407,18.414552133868,0.));
#1738 = CARTESIAN_POINT('',(100.69715620553,18.429032081565,0.));
#1739 = CARTESIAN_POINT('',(100.68040051863,18.443512889923,0.));
#1740 = CARTESIAN_POINT('',(100.66364278201,18.457994555748,0.));
#1741 = CARTESIAN_POINT('',(100.6468829945,18.472477076075,0.));
#1742 = CARTESIAN_POINT('',(100.63012115487,18.486960447834,0.));
#1743 = CARTESIAN_POINT('',(100.61335726174,18.501444667844,0.));
#1744 = CARTESIAN_POINT('',(100.5965913139,18.515929733066,0.));
#1745 = CARTESIAN_POINT('',(100.57982331016,18.530415640492,0.));
#1746 = CARTESIAN_POINT('',(100.56305324918,18.544902386961,0.));
#1747 = CARTESIAN_POINT('',(100.54628112971,18.559389969402,0.));
#1748 = CARTESIAN_POINT('',(100.52950695051,18.57387838476,0.));
#1749 = CARTESIAN_POINT('',(100.51273071032,18.58836762995,0.));
#1750 = CARTESIAN_POINT('',(100.49595240788,18.602857701873,0.));
#1751 = CARTESIAN_POINT('',(100.47917204197,18.61734859749,0.));
#1752 = CARTESIAN_POINT('',(100.46238961129,18.631840313681,0.));
#1753 = CARTESIAN_POINT('',(100.4456051146,18.646332847371,0.));
#1754 = CARTESIAN_POINT('',(100.42881855067,18.660826195519,0.));
#1755 = CARTESIAN_POINT('',(100.4120299182,18.675320354972,0.));
#1756 = CARTESIAN_POINT('',(100.395239216,18.689815322745,0.));
#1757 = CARTESIAN_POINT('',(100.37844644278,18.704311095683,0.));
#1758 = CARTESIAN_POINT('',(100.36165159728,18.718807670713,0.));
#1759 = CARTESIAN_POINT('',(100.34485467832,18.733305044816,0.));
#1760 = CARTESIAN_POINT('',(100.32805568458,18.747803214854,0.));
#1761 = CARTESIAN_POINT('',(100.3112546148,18.762302177731,0.));
#1762 = CARTESIAN_POINT('',(100.29445146781,18.776801930435,0.));
#1763 = CARTESIAN_POINT('',(100.27764624234,18.79130246986,0.));
#1764 = CARTESIAN_POINT('',(100.26083893711,18.805803792882,0.));
#1765 = CARTESIAN_POINT('',(100.24402955093,18.820305896503,0.));
#1766 = CARTESIAN_POINT('',(100.2272180825,18.834808777552,0.));
#1767 = CARTESIAN_POINT('',(100.21040453062,18.849312433029,0.));
#1768 = CARTESIAN_POINT('',(100.19358889403,18.863816859806,0.));
#1769 = CARTESIAN_POINT('',(100.17677117149,18.878322054803,0.));
#1770 = CARTESIAN_POINT('',(100.15995136181,18.892828015001,0.));
#1771 = CARTESIAN_POINT('',(100.14312946368,18.90733473725,0.));
#1772 = CARTESIAN_POINT('',(100.12630547586,18.921842218474,0.));
#1773 = CARTESIAN_POINT('',(100.10947939717,18.936350455633,0.));
#1774 = CARTESIAN_POINT('',(100.09265122639,18.950859445665,0.));
#1775 = CARTESIAN_POINT('',(100.07582096219,18.9653691854,0.));
#1776 = CARTESIAN_POINT('',(100.05898860341,18.979879671841,0.));
#1777 = CARTESIAN_POINT('',(100.04215414881,18.994390901894,0.));
#1778 = CARTESIAN_POINT('',(100.02531759712,19.008902872439,0.));
#1779 = CARTESIAN_POINT('',(100.00847894715,19.023415580443,0.));
#1780 = CARTESIAN_POINT('',(99.991638197664,19.037929022803,0.));
#1781 = CARTESIAN_POINT('',(99.974795347427,19.052443196464,0.));
#1782 = CARTESIAN_POINT('',(99.957950395176,19.066958098301,0.));
#1783 = CARTESIAN_POINT('',(99.941103339713,19.081473725266,0.));
#1784 = CARTESIAN_POINT('',(99.924254179829,19.095990074293,0.));
#1785 = CARTESIAN_POINT('',(99.90740291427,19.110507142277,0.));
#1786 = CARTESIAN_POINT('',(99.890549541809,19.125024926135,0.));
#1787 = CARTESIAN_POINT('',(99.873694061244,19.139543422812,0.));
#1788 = CARTESIAN_POINT('',(99.856836471347,19.154062629233,0.));
#1789 = CARTESIAN_POINT('',(99.839976770845,19.168582542256,0.));
#1790 = CARTESIAN_POINT('',(99.823114958586,19.183103158883,0.));
#1791 = CARTESIAN_POINT('',(99.806251033326,19.197624476004,0.));
#1792 = CARTESIAN_POINT('',(99.789384993814,19.212146490514,0.));
#1793 = CARTESIAN_POINT('',(99.772516838852,19.226669199354,0.));
#1794 = CARTESIAN_POINT('',(99.755646567244,19.241192599467,0.));
#1795 = CARTESIAN_POINT('',(99.738774177744,19.255716687744,0.));
#1796 = CARTESIAN_POINT('',(99.721899669128,19.270241461092,0.));
#1797 = CARTESIAN_POINT('',(99.705023040237,19.284766916507,0.));
#1798 = CARTESIAN_POINT('',(99.688144289774,19.299293050819,0.));
#1799 = CARTESIAN_POINT('',(99.67126341654,19.313819860968,0.));
#1800 = CARTESIAN_POINT('',(99.654380419385,19.328347343933,0.));
#1801 = CARTESIAN_POINT('',(99.637495297061,19.342875496595,0.));
#1802 = CARTESIAN_POINT('',(99.620608048328,19.357404315851,0.));
#1803 = CARTESIAN_POINT('',(99.60371867201,19.371933798668,0.));
#1804 = CARTESIAN_POINT('',(99.586827166874,19.386463941941,0.));
#1805 = CARTESIAN_POINT('',(99.569933531699,19.400994742571,0.));
#1806 = CARTESIAN_POINT('',(99.553037765327,19.415526197541,0.));
#1807 = CARTESIAN_POINT('',(99.536139866502,19.430058303704,0.));
#1808 = CARTESIAN_POINT('',(99.519239834056,19.444591058025,0.));
#1809 = CARTESIAN_POINT('',(99.502337666785,19.459124457443,0.));
#1810 = CARTESIAN_POINT('',(99.485433363404,19.473658498788,0.));
#1811 = CARTESIAN_POINT('',(99.468526922782,19.488193179059,0.));
#1812 = CARTESIAN_POINT('',(99.451618343738,19.502728495199,0.));
#1813 = CARTESIAN_POINT('',(99.434707624991,19.517264444041,0.));
#1814 = CARTESIAN_POINT('',(99.417794765381,19.531801022553,0.));
#1815 = CARTESIAN_POINT('',(99.400879763755,19.546338227709,0.));
#1816 = CARTESIAN_POINT('',(99.383962618821,19.560876056326,0.));
#1817 = CARTESIAN_POINT('',(99.367043329429,19.575414505391,0.));
#1818 = CARTESIAN_POINT('',(99.350121894386,19.589953571825,0.));
#1819 = CARTESIAN_POINT('',(99.333198312467,19.604493252512,0.));
#1820 = CARTESIAN_POINT('',(99.316272582505,19.619033544416,0.));
#1821 = CARTESIAN_POINT('',(99.29934470328,19.63357444442,0.));
#1822 = CARTESIAN_POINT('',(99.282414673627,19.648115949477,0.));
#1823 = CARTESIAN_POINT('',(99.265482492347,19.662658056511,0.));
#1824 = CARTESIAN_POINT('',(99.248548158197,19.677200762389,0.));
#1825 = CARTESIAN_POINT('',(99.231611670036,19.691744064097,0.));
#1826 = CARTESIAN_POINT('',(99.214673026643,19.706287958507,0.));
#1827 = CARTESIAN_POINT('',(99.197732226862,19.720832442583,0.));
#1828 = CARTESIAN_POINT('',(99.180789269479,19.735377513216,0.));
#1829 = CARTESIAN_POINT('',(99.163844153312,19.749923167337,0.));
#1830 = CARTESIAN_POINT('',(99.14689687718,19.764469401882,0.));
#1831 = CARTESIAN_POINT('',(99.129947439859,19.77901621372,0.));
#1832 = CARTESIAN_POINT('',(99.112995840227,19.793563599846,0.));
#1833 = CARTESIAN_POINT('',(99.09604207707,19.808111557145,0.));
#1834 = CARTESIAN_POINT('',(99.079086149176,19.82266008252,0.));
#1835 = CARTESIAN_POINT('',(99.062128055377,19.837209172912,0.));
#1836 = CARTESIAN_POINT('',(99.045167794503,19.851758825245,0.));
#1837 = CARTESIAN_POINT('',(99.028205365368,19.866309036428,0.));
#1838 = CARTESIAN_POINT('',(99.011240766818,19.880859803427,0.));
#1839 = CARTESIAN_POINT('',(98.994273997603,19.895411123079,0.));
#1840 = CARTESIAN_POINT('',(98.977305056595,19.909962992364,0.));
#1841 = CARTESIAN_POINT('',(98.960333942646,19.924515408239,0.));
#1842 = CARTESIAN_POINT('',(98.943360654482,19.939068367514,0.));
#1843 = CARTESIAN_POINT('',(98.926385191001,19.953621867203,0.));
#1844 = CARTESIAN_POINT('',(98.909407551028,19.96817590422,0.));
#1845 = CARTESIAN_POINT('',(98.892427733336,19.982730475418,0.));
#1846 = CARTESIAN_POINT('',(98.875445736824,19.997285577806,0.));
#1847 = CARTESIAN_POINT('',(98.858461560299,20.011841208287,0.));
#1848 = CARTESIAN_POINT('',(98.841475202511,20.0263973637,0.));
#1849 = CARTESIAN_POINT('',(98.82448666237,20.040954041055,0.));
#1850 = CARTESIAN_POINT('',(98.807495938712,20.055511237272,0.));
#1851 = CARTESIAN_POINT('',(98.790503030316,20.070068949221,0.));
#1852 = CARTESIAN_POINT('',(98.773507936027,20.084627173839,0.));
#1853 = CARTESIAN_POINT('',(98.756510654715,20.099185908083,0.));
#1854 = CARTESIAN_POINT('',(98.739511185196,20.113745148857,0.));
#1855 = CARTESIAN_POINT('',(98.722509526266,20.128304893042,0.));
#1856 = CARTESIAN_POINT('',(98.705505676812,20.142865137628,0.));
#1857 = CARTESIAN_POINT('',(98.688499635622,20.157425879469,0.));
#1858 = CARTESIAN_POINT('',(98.671491401576,20.171987115537,0.));
#1859 = CARTESIAN_POINT('',(98.654480973507,20.186548842748,0.));
#1860 = CARTESIAN_POINT('',(98.637468350222,20.201111057984,0.));
#1861 = CARTESIAN_POINT('',(98.620453530602,20.215673758226,0.));
#1862 = CARTESIAN_POINT('',(98.603436513443,20.230236940343,0.));
#1863 = CARTESIAN_POINT('',(98.586417297594,20.244800601265,0.));
#1864 = CARTESIAN_POINT('',(98.569395881938,20.259364737951,0.));
#1865 = CARTESIAN_POINT('',(98.552372265296,20.273929347294,0.));
#1866 = CARTESIAN_POINT('',(98.5353464465,20.288494426211,0.));
#1867 = CARTESIAN_POINT('',(98.518318424412,20.303059971649,0.));
#1868 = CARTESIAN_POINT('',(98.501288197847,20.317625980483,0.));
#1869 = CARTESIAN_POINT('',(98.484255765701,20.332192449699,0.));
#1870 = CARTESIAN_POINT('',(98.467221126782,20.346759376169,0.));
#1871 = CARTESIAN_POINT('',(98.45018427994,20.361326756817,0.));
#1872 = CARTESIAN_POINT('',(98.433145224065,20.375894588615,0.));
#1873 = CARTESIAN_POINT('',(98.416103957946,20.390462868405,0.));
#1874 = CARTESIAN_POINT('',(98.399060480495,20.405031593192,0.));
#1875 = CARTESIAN_POINT('',(98.382014790511,20.419600759825,0.));
#1876 = CARTESIAN_POINT('',(98.364966886889,20.434170365278,0.));
#1877 = CARTESIAN_POINT('',(98.347916768471,20.448740406463,0.));
#1878 = CARTESIAN_POINT('',(98.330864434078,20.463310880251,0.));
#1879 = CARTESIAN_POINT('',(98.313809882642,20.477881783666,0.));
#1880 = CARTESIAN_POINT('',(98.296753112934,20.49245311352,0.));
#1881 = CARTESIAN_POINT('',(98.279694123863,20.507024866802,0.));
#1882 = CARTESIAN_POINT('',(98.262632914288,20.521597040433,0.));
#1883 = CARTESIAN_POINT('',(98.24556948303,20.53616963129,0.));
#1884 = CARTESIAN_POINT('',(98.228503828979,20.550742636333,0.));
#1885 = CARTESIAN_POINT('',(98.211435951004,20.56531605249,0.));
#1886 = CARTESIAN_POINT('',(98.194365847929,20.57988987663,0.));
#1887 = CARTESIAN_POINT('',(98.177293518683,20.594464105758,0.));
#1888 = CARTESIAN_POINT('',(98.160218962078,20.609038736738,0.));
#1889 = CARTESIAN_POINT('',(98.14314217696,20.623613766472,0.));
#1890 = CARTESIAN_POINT('',(98.126063162254,20.638189191955,0.));
#1891 = CARTESIAN_POINT('',(98.108981916785,20.652765010038,0.));
#1892 = CARTESIAN_POINT('',(98.091898439464,20.667341217706,0.));
#1893 = CARTESIAN_POINT('',(98.074812729117,20.68191781184,0.));
#1894 = CARTESIAN_POINT('',(98.057724784599,20.696494789341,0.));
#1895 = CARTESIAN_POINT('',(98.040634604836,20.711072147194,0.));
#1896 = CARTESIAN_POINT('',(98.023542188678,20.725649882291,0.));
#1897 = CARTESIAN_POINT('',(98.006447534966,20.74022799153,0.));
#1898 = CARTESIAN_POINT('',(97.989350642599,20.754806471864,0.));
#1899 = CARTESIAN_POINT('',(97.972251510451,20.769385320201,0.));
#1900 = CARTESIAN_POINT('',(97.955150137411,20.783964533483,0.));
#1901 = CARTESIAN_POINT('',(97.938046522334,20.79854410861,0.));
#1902 = CARTESIAN_POINT('',(97.920940664096,20.81312404251,0.));
#1903 = CARTESIAN_POINT('',(97.90383256158,20.827704332108,0.));
#1904 = CARTESIAN_POINT('',(97.886722213665,20.842284974326,0.));
#1905 = CARTESIAN_POINT('',(97.869609619229,20.856865966081,0.));
#1906 = CARTESIAN_POINT('',(97.852494777165,20.871447304311,0.));
#1907 = CARTESIAN_POINT('',(97.83537768634,20.886028985919,0.));
#1908 = CARTESIAN_POINT('',(97.818258345649,20.90061100785,0.));
#1909 = CARTESIAN_POINT('',(97.801136753944,20.915193366984,0.));
#1910 = CARTESIAN_POINT('',(97.784012910153,20.929776060298,0.));
#1911 = CARTESIAN_POINT('',(97.766886813141,20.944359084688,0.));
#1912 = CARTESIAN_POINT('',(97.749758461774,20.95894243705,0.));
#1913 = CARTESIAN_POINT('',(97.732627854985,20.973526114371,0.));
#1914 = CARTESIAN_POINT('',(97.715494991609,20.988110113504,0.));
#1915 = CARTESIAN_POINT('',(97.698359870567,21.002694431412,0.));
#1916 = CARTESIAN_POINT('',(97.681222490754,21.017279065017,0.));
#1917 = CARTESIAN_POINT('',(97.664082851046,21.031864011223,0.));
#1918 = CARTESIAN_POINT('',(97.64694095035,21.046449266989,0.));
#1919 = CARTESIAN_POINT('',(97.629796787499,21.061034829152,0.));
#1920 = CARTESIAN_POINT('',(97.612650361484,21.075620694756,0.));
#1921 = CARTESIAN_POINT('',(97.595501671132,21.090206860635,0.));
#1922 = CARTESIAN_POINT('',(97.57835071534,21.104793323719,0.));
#1923 = CARTESIAN_POINT('',(97.561197493058,21.119380080994,0.));
#1924 = CARTESIAN_POINT('',(97.544042003119,21.133967129303,0.));
#1925 = CARTESIAN_POINT('',(97.526884244457,21.148554465622,0.));
#1926 = CARTESIAN_POINT('',(97.509724215949,21.163142086842,0.));
#1927 = CARTESIAN_POINT('',(97.492561916508,21.177729989894,0.));
#1928 = CARTESIAN_POINT('',(97.475397345067,21.192318171744,0.));
#1929 = CARTESIAN_POINT('',(97.458230500461,21.206906629237,0.));
#1930 = CARTESIAN_POINT('',(97.441061381626,21.221495359333,0.));
#1931 = CARTESIAN_POINT('',(97.42388998751,21.236084359011,0.));
#1932 = CARTESIAN_POINT('',(97.406716316913,21.250673625063,0.));
#1933 = CARTESIAN_POINT('',(97.389540368844,21.265263154548,0.));
#1934 = CARTESIAN_POINT('',(97.37236214215,21.279852944299,0.));
#1935 = CARTESIAN_POINT('',(97.355181635768,21.29444299128,0.));
#1936 = CARTESIAN_POINT('',(97.337998848602,21.309033292407,0.));
#1937 = CARTESIAN_POINT('',(97.320813779558,21.323623844606,0.));
#1938 = CARTESIAN_POINT('',(97.303626427516,21.338214644771,0.));
#1939 = CARTESIAN_POINT('',(97.286436791412,21.352805689844,0.));
#1940 = CARTESIAN_POINT('',(97.26924487019,21.36739697678,0.));
#1941 = CARTESIAN_POINT('',(97.252050662729,21.381988502465,0.));
#1942 = CARTESIAN_POINT('',(97.234854167922,21.396580263799,0.));
#1943 = CARTESIAN_POINT('',(97.217655384743,21.411172257774,0.));
#1944 = CARTESIAN_POINT('',(97.20045431207,21.425764481276,0.));
#1945 = CARTESIAN_POINT('',(97.183250948778,21.440356931167,0.));
#1946 = CARTESIAN_POINT('',(97.166045293897,21.454949604508,0.));
#1947 = CARTESIAN_POINT('',(97.148837346255,21.469542498105,0.));
#1948 = CARTESIAN_POINT('',(97.131627104785,21.484135608911,0.));
#1949 = CARTESIAN_POINT('',(97.114414568442,21.49872893389,0.));
#1950 = CARTESIAN_POINT('',(97.097199736097,21.513322469888,0.));
#1951 = CARTESIAN_POINT('',(97.079982606744,21.527916213928,0.));
#1952 = CARTESIAN_POINT('',(97.062763179235,21.542510162848,0.));
#1953 = CARTESIAN_POINT('',(97.045541452496,21.557104313571,0.));
#1954 = CARTESIAN_POINT('',(97.028317425533,21.571698663101,0.));
#1955 = CARTESIAN_POINT('',(97.011091097232,21.586293208319,0.));
#1956 = CARTESIAN_POINT('',(96.99386246646,21.600887946091,0.));
#1957 = CARTESIAN_POINT('',(96.976631532208,21.615482873414,0.));
#1958 = CARTESIAN_POINT('',(96.959398293401,21.630077987194,0.));
#1959 = CARTESIAN_POINT('',(96.94216274895,21.644673284334,0.));
#1960 = CARTESIAN_POINT('',(96.924924897803,21.659268761782,0.));
#1961 = CARTESIAN_POINT('',(96.90768473887,21.673864416432,0.));
#1962 = CARTESIAN_POINT('',(96.890442271117,21.688460245247,0.));
#1963 = CARTESIAN_POINT('',(96.873197493449,21.703056245106,0.));
#1964 = CARTESIAN_POINT('',(96.855950404839,21.717652412989,0.));
#1965 = CARTESIAN_POINT('',(96.838701004164,21.732248745747,0.));
#1966 = CARTESIAN_POINT('',(96.821449290409,21.74684524037,0.));
#1967 = CARTESIAN_POINT('',(96.804195262477,21.76144189373,0.));
#1968 = CARTESIAN_POINT('',(96.786938919331,21.776038702764,0.));
#1969 = CARTESIAN_POINT('',(96.769680259974,21.790635664484,0.));
#1970 = CARTESIAN_POINT('',(96.752419283201,21.805232775645,0.));
#1971 = CARTESIAN_POINT('',(96.73515598804,21.819830033282,0.));
#1972 = CARTESIAN_POINT('',(96.717890373458,21.834427434335,0.));
#1973 = CARTESIAN_POINT('',(96.700622438326,21.849024975625,0.));
#1974 = CARTESIAN_POINT('',(96.683352181687,21.863622654215,0.));
#1975 = CARTESIAN_POINT('',(96.666079602389,21.878220466905,0.));
#1976 = CARTESIAN_POINT('',(96.648804699408,21.892818410666,0.));
#1977 = CARTESIAN_POINT('',(96.631527471721,21.907416482442,0.));
#1978 = CARTESIAN_POINT('',(96.614247918253,21.922014679122,0.));
#1979 = CARTESIAN_POINT('',(96.596966037982,21.936612997675,0.));
#1980 = CARTESIAN_POINT('',(96.579681829801,21.95121143496,0.));
#1981 = CARTESIAN_POINT('',(96.5623952927,21.965809987949,0.));
#1982 = CARTESIAN_POINT('',(96.545106425629,21.980408653548,0.));
#1983 = CARTESIAN_POINT('',(96.527815227556,21.995007428695,0.));
#1984 = CARTESIAN_POINT('',(96.510521697428,22.009606310315,0.));
#1985 = CARTESIAN_POINT('',(96.493225834168,22.024205295303,0.));
#1986 = CARTESIAN_POINT('',(96.475927636742,22.038804380583,0.));
#1987 = CARTESIAN_POINT('',(96.458627104161,22.053403563143,0.));
#1988 = CARTESIAN_POINT('',(96.441324235323,22.068002839836,0.));
#1989 = CARTESIAN_POINT('',(96.424019029192,22.082602207599,0.));
#1990 = CARTESIAN_POINT('',(96.406711484759,22.097201663387,0.));
#1991 = CARTESIAN_POINT('',(96.389401600963,22.111801204085,0.));
#1992 = CARTESIAN_POINT('',(96.372089376807,22.126400826682,0.));
#1993 = CARTESIAN_POINT('',(96.354774811166,22.141000527997,0.));
#1994 = CARTESIAN_POINT('',(96.337457903078,22.155600305035,0.));
#1995 = CARTESIAN_POINT('',(96.320138651521,22.170200154734,0.));
#1996 = CARTESIAN_POINT('',(96.302817055391,22.184800073937,0.));
#1997 = CARTESIAN_POINT('',(96.2854931137,22.19940005963,0.));
#1998 = CARTESIAN_POINT('',(96.268166825418,22.21400010873,0.));
#1999 = CARTESIAN_POINT('',(96.250838189497,22.228600218142,0.));
#2000 = CARTESIAN_POINT('',(96.233507204915,22.243200384798,0.));
#2001 = CARTESIAN_POINT('',(96.216173870658,22.257800605649,0.));
#2002 = CARTESIAN_POINT('',(96.198838185651,22.272400877554,0.));
#2003 = CARTESIAN_POINT('',(96.181500148928,22.287001197511,0.));
#2004 = CARTESIAN_POINT('',(96.164159759436,22.301601562411,0.));
#2005 = CARTESIAN_POINT('',(96.146817016134,22.316201969167,0.));
#2006 = CARTESIAN_POINT('',(96.129471918003,22.330802414706,0.));
#2007 = CARTESIAN_POINT('',(96.112124464053,22.345402895991,0.));
#2008 = CARTESIAN_POINT('',(96.094774653218,22.360003409899,0.));
#2009 = CARTESIAN_POINT('',(96.07742248448,22.374603953347,0.));
#2010 = CARTESIAN_POINT('',(96.060067956889,22.389204523351,0.));
#2011 = CARTESIAN_POINT('',(96.042711069323,22.403805116703,0.));
#2012 = CARTESIAN_POINT('',(96.025351820842,22.418405730431,0.));
#2013 = CARTESIAN_POINT('',(96.007990210401,22.433006361426,0.));
#2014 = CARTESIAN_POINT('',(95.990626236953,22.447607006579,0.));
#2015 = CARTESIAN_POINT('',(95.973259899525,22.462207662866,0.));
#2016 = CARTESIAN_POINT('',(95.955891197085,22.476808327172,0.));
#2017 = CARTESIAN_POINT('',(95.938520128659,22.491408996478,0.));
#2018 = CARTESIAN_POINT('',(95.921146693174,22.506009667639,0.));
#2019 = CARTESIAN_POINT('',(95.90377088964,22.520610337612,0.));
#2020 = CARTESIAN_POINT('',(95.886392717062,22.535211003331,0.));
#2021 = CARTESIAN_POINT('',(95.869012174419,22.549811661706,0.));
#2022 = CARTESIAN_POINT('',(95.851629260707,22.564412309665,0.));
#2023 = CARTESIAN_POINT('',(95.834243974923,22.579012944143,0.));
#2024 = CARTESIAN_POINT('',(95.816856316045,22.593613562047,0.));
#2025 = CARTESIAN_POINT('',(95.799466283075,22.608214160306,0.));
#2026 = CARTESIAN_POINT('',(95.782073875024,22.622814735872,0.));
#2027 = CARTESIAN_POINT('',(95.764679090846,22.637415285612,0.));
#2028 = CARTESIAN_POINT('',(95.747281929591,22.652015806509,0.));
#2029 = CARTESIAN_POINT('',(95.729882390248,22.666616295474,0.));
#2030 = CARTESIAN_POINT('',(95.712480471793,22.681216749414,0.));
#2031 = CARTESIAN_POINT('',(95.695076173223,22.695817165249,0.));
#2032 = CARTESIAN_POINT('',(95.677669493571,22.710417539937,0.));
#2033 = CARTESIAN_POINT('',(95.660260431825,22.725017870384,0.));
#2034 = CARTESIAN_POINT('',(95.642848986975,22.739618153503,0.));
#2035 = CARTESIAN_POINT('',(95.625435158043,22.754218386236,0.));
#2036 = CARTESIAN_POINT('',(95.608018944041,22.768818565522,0.));
#2037 = CARTESIAN_POINT('',(95.590600343934,22.783418688235,0.));
#2038 = CARTESIAN_POINT('',(95.573179356771,22.798018751344,0.));
#2039 = CARTESIAN_POINT('',(95.555755981573,22.812618751786,0.));
#2040 = CARTESIAN_POINT('',(95.53833021731,22.827218686446,0.));
#2041 = CARTESIAN_POINT('',(95.520902062993,22.841818552249,0.));
#2042 = CARTESIAN_POINT('',(95.503471517679,22.85641834617,0.));
#2043 = CARTESIAN_POINT('',(95.48603858035,22.871018065101,0.));
#2044 = CARTESIAN_POINT('',(95.468603249987,22.885617705938,0.));
#2045 = CARTESIAN_POINT('',(95.45116552565,22.900217265648,0.));
#2046 = CARTESIAN_POINT('',(95.433725406372,22.914816741164,0.));
#2047 = CARTESIAN_POINT('',(95.416282891144,22.929416129393,0.));
#2048 = CARTESIAN_POINT('',(95.398837978966,22.944015427254,0.));
#2049 = CARTESIAN_POINT('',(95.381390668844,22.958614631653,0.));
#2050 = CARTESIAN_POINT('',(95.363940959849,22.973213739564,0.));
#2051 = CARTESIAN_POINT('',(95.346488850998,22.987812747903,0.));
#2052 = CARTESIAN_POINT('',(95.32903434128,23.002411653564,0.));
#2053 = CARTESIAN_POINT('',(95.311577429738,23.017010453506,0.));
#2054 = CARTESIAN_POINT('',(95.29411811537,23.031609144618,0.));
#2055 = CARTESIAN_POINT('',(95.276656397234,23.046207723859,0.));
#2056 = CARTESIAN_POINT('',(95.259192274357,23.06080618816,0.));
#2057 = CARTESIAN_POINT('',(95.241725745731,23.075404534406,0.));
#2058 = CARTESIAN_POINT('',(95.224256810406,23.090002759555,0.));
#2059 = CARTESIAN_POINT('',(95.206785467412,23.104600860519,0.));
#2060 = CARTESIAN_POINT('',(95.1893117158,23.119198834256,0.));
#2061 = CARTESIAN_POINT('',(95.171835554552,23.133796677638,0.));
#2062 = CARTESIAN_POINT('',(95.154356982724,23.148394387625,0.));
#2063 = CARTESIAN_POINT('',(95.136875999347,23.162991961129,0.));
#2064 = CARTESIAN_POINT('',(95.119392603476,23.177589395092,0.));
#2065 = CARTESIAN_POINT('',(95.101906794147,23.192186686457,0.));
#2066 = CARTESIAN_POINT('',(95.084418570333,23.206783832072,0.));
#2067 = CARTESIAN_POINT('',(95.066927931142,23.221380828953,0.));
#2068 = CARTESIAN_POINT('',(95.049434875578,23.235977673976,0.));
#2069 = CARTESIAN_POINT('',(95.031939402686,23.25057436407,0.));
#2070 = CARTESIAN_POINT('',(95.014441511535,23.265170896209,0.));
#2071 = CARTESIAN_POINT('',(94.996941201097,23.27976726723,0.));
#2072 = CARTESIAN_POINT('',(94.979438470472,23.294363474123,0.));
#2073 = CARTESIAN_POINT('',(94.961933318731,23.308959513848,0.));
#2074 = CARTESIAN_POINT('',(94.944425744835,23.323555383243,0.));
#2075 = CARTESIAN_POINT('',(94.926915747842,23.33815107925,0.));
#2076 = CARTESIAN_POINT('',(94.909403326876,23.352746598882,0.));
#2077 = CARTESIAN_POINT('',(94.89188848091,23.367341938963,0.));
#2078 = CARTESIAN_POINT('',(94.874371209026,23.381937096471,0.));
#2079 = CARTESIAN_POINT('',(94.856851510284,23.396532068344,0.));
#2080 = CARTESIAN_POINT('',(94.839329383692,23.411126851468,0.));
#2081 = CARTESIAN_POINT('',(94.821804828308,23.425721442769,0.));
#2082 = CARTESIAN_POINT('',(94.804277843233,23.440315839234,0.));
#2083 = CARTESIAN_POINT('',(94.786748427469,23.454910037717,0.));
#2084 = CARTESIAN_POINT('',(94.769216580105,23.469504035198,0.));
#2085 = CARTESIAN_POINT('',(94.75168230017,23.484097828566,0.));
#2086 = CARTESIAN_POINT('',(94.734145586739,23.498691414767,0.));
#2087 = CARTESIAN_POINT('',(94.716606438882,23.513284790754,0.));
#2088 = CARTESIAN_POINT('',(94.699064855593,23.527877953375,0.));
#2089 = CARTESIAN_POINT('',(94.681520835987,23.542470899617,0.));
#2090 = CARTESIAN_POINT('',(94.663974379152,23.557063626433,0.));
#2091 = CARTESIAN_POINT('',(94.646425484087,23.57165613068,0.));
#2092 = CARTESIAN_POINT('',(94.62887414988,23.586248409326,0.));
#2093 = CARTESIAN_POINT('',(94.611320375586,23.600840459271,0.));
#2094 = CARTESIAN_POINT('',(94.593764160319,23.615432277506,0.));
#2095 = CARTESIAN_POINT('',(94.576205503079,23.630023860882,0.));
#2096 = CARTESIAN_POINT('',(94.558644402941,23.644615206341,0.));
#2097 = CARTESIAN_POINT('',(94.541080859017,23.659206310854,0.));
#2098 = CARTESIAN_POINT('',(94.523514870353,23.673797171315,0.));
#2099 = CARTESIAN_POINT('',(94.50594643601,23.688387784646,0.));
#2100 = CARTESIAN_POINT('',(94.488375555078,23.702978147805,0.));
#2101 = CARTESIAN_POINT('',(94.47080222659,23.71756825767,0.));
#2102 = CARTESIAN_POINT('',(94.453226449653,23.7321581112,0.));
#2103 = CARTESIAN_POINT('',(94.435648223363,23.746747705357,0.));
#2104 = CARTESIAN_POINT('',(94.418067546724,23.761337036972,0.));
#2105 = CARTESIAN_POINT('',(94.400484418889,23.775926103071,0.));
#2106 = CARTESIAN_POINT('',(94.382898838913,23.790514900551,0.));
#2107 = CARTESIAN_POINT('',(94.365310805825,23.805103426293,0.));
#2108 = CARTESIAN_POINT('',(94.347720318747,23.819691677267,0.));
#2109 = CARTESIAN_POINT('',(94.330127376782,23.834279650423,0.));
#2110 = CARTESIAN_POINT('',(94.31253197897,23.848867342642,0.));
#2111 = CARTESIAN_POINT('',(94.294934124392,23.863454750846,0.));
#2112 = CARTESIAN_POINT('',(94.277333812193,23.878041872039,0.));
#2113 = CARTESIAN_POINT('',(94.259731041389,23.89262870307,0.));
#2114 = CARTESIAN_POINT('',(94.242125811063,23.907215240864,0.));
#2115 = CARTESIAN_POINT('',(94.224518120366,23.921801482424,0.));
#2116 = CARTESIAN_POINT('',(94.206907968336,23.936387424611,0.));
#2117 = CARTESIAN_POINT('',(94.189295354065,23.950973064365,0.));
#2118 = CARTESIAN_POINT('',(94.171680276662,23.965558398632,0.));
#2119 = CARTESIAN_POINT('',(94.154062735214,23.98014342433,0.));
#2120 = CARTESIAN_POINT('',(94.136442728814,23.994728138407,0.));
#2121 = CARTESIAN_POINT('',(94.118820256499,24.00931253771,0.));
#2122 = CARTESIAN_POINT('',(94.101195317458,24.023896619278,0.));
#2123 = CARTESIAN_POINT('',(94.08356791076,24.038480380006,0.));
#2124 = CARTESIAN_POINT('',(94.065938035436,24.053063816756,0.));
#2125 = CARTESIAN_POINT('',(94.048305690635,24.067646926516,0.));
#2126 = CARTESIAN_POINT('',(94.030670875479,24.082229706235,0.));
#2127 = CARTESIAN_POINT('',(94.013033589016,24.096812152774,0.));
#2128 = CARTESIAN_POINT('',(93.995393830388,24.111394263129,0.));
#2129 = CARTESIAN_POINT('',(93.977751598652,24.125976034159,0.));
#2130 = CARTESIAN_POINT('',(93.960106892963,24.140557462868,0.));
#2131 = CARTESIAN_POINT('',(93.942459712378,24.155138546122,0.));
#2132 = CARTESIAN_POINT('',(93.924810056014,24.169719280857,0.));
#2133 = CARTESIAN_POINT('',(93.907157923036,24.184299664078,0.));
#2134 = CARTESIAN_POINT('',(93.889503312459,24.198879692603,0.));
#2135 = CARTESIAN_POINT('',(93.87184622343,24.213459363418,0.));
#2136 = CARTESIAN_POINT('',(93.854186655074,24.228038673464,0.));
#2137 = CARTESIAN_POINT('',(93.836524606463,24.242617619615,0.));
#2138 = CARTESIAN_POINT('',(93.818860076769,24.257196198883,0.));
#2139 = CARTESIAN_POINT('',(93.801193065035,24.27177440811,0.));
#2140 = CARTESIAN_POINT('',(93.783523570411,24.286352244278,0.));
#2141 = CARTESIAN_POINT('',(93.765851592,24.300929704289,0.));
#2142 = CARTESIAN_POINT('',(93.748177128944,24.3155067851,0.));
#2143 = CARTESIAN_POINT('',(93.730500180352,24.330083483642,0.));
#2144 = CARTESIAN_POINT('',(93.712820745282,24.344659796777,0.));
#2145 = CARTESIAN_POINT('',(93.69513882292,24.35923572151,0.));
#2146 = CARTESIAN_POINT('',(93.677454412377,24.37381125475,0.));
#2147 = CARTESIAN_POINT('',(93.659767512759,24.388386393409,0.));
#2148 = CARTESIAN_POINT('',(93.642078123197,24.402961134445,0.));
#2149 = CARTESIAN_POINT('',(93.624386242774,24.417535474733,0.));
#2150 = CARTESIAN_POINT('',(93.606691870656,24.432109411246,0.));
#2151 = CARTESIAN_POINT('',(93.588995005996,24.446682940939,0.));
#2152 = CARTESIAN_POINT('',(93.571295647864,24.461256060679,0.));
#2153 = CARTESIAN_POINT('',(93.553593795407,24.47582876744,0.));
#2154 = CARTESIAN_POINT('',(93.535889447724,24.490401058106,0.));
#2155 = CARTESIAN_POINT('',(93.518182603984,24.504972929645,0.));
#2156 = CARTESIAN_POINT('',(93.500473263331,24.519544378989,0.));
#2157 = CARTESIAN_POINT('',(93.482761424894,24.534115403086,0.));
#2158 = CARTESIAN_POINT('',(93.465047087731,24.548685998782,0.));
#2159 = CARTESIAN_POINT('',(93.447330251018,24.563256163051,0.));
#2160 = CARTESIAN_POINT('',(93.429610913959,24.577825892897,0.));
#2161 = CARTESIAN_POINT('',(93.411889075594,24.592395185139,0.));
#2162 = CARTESIAN_POINT('',(93.394164735077,24.606964036737,0.));
#2163 = CARTESIAN_POINT('',(93.376437891598,24.621532444678,0.));
#2164 = CARTESIAN_POINT('',(93.35870854424,24.636100405814,0.));
#2165 = CARTESIAN_POINT('',(93.340976692184,24.650667917133,0.));
#2166 = CARTESIAN_POINT('',(93.323242334549,24.665234975538,0.));
#2167 = CARTESIAN_POINT('',(93.305505470472,24.679801577956,0.));
#2168 = CARTESIAN_POINT('',(93.287766099102,24.694367721318,0.));
#2169 = CARTESIAN_POINT('',(93.270024219612,24.708933402596,0.));
#2170 = CARTESIAN_POINT('',(93.252279831081,24.72349861863,0.));
#2171 = CARTESIAN_POINT('',(93.234532932732,24.738063366444,0.));
#2172 = CARTESIAN_POINT('',(93.216783523689,24.752627642943,0.));
#2173 = CARTESIAN_POINT('',(93.199031603044,24.767191444992,0.));
#2174 = CARTESIAN_POINT('',(93.181277170018,24.781754769618,0.));
#2175 = CARTESIAN_POINT('',(93.163520223712,24.796317613669,0.));
#2176 = CARTESIAN_POINT('',(93.145760763323,24.810879974138,0.));
#2177 = CARTESIAN_POINT('',(93.127998787989,24.825441847936,0.));
#2178 = CARTESIAN_POINT('',(93.110234296833,24.840003231961,0.));
#2179 = CARTESIAN_POINT('',(93.092467289045,24.854564123188,0.));
#2180 = CARTESIAN_POINT('',(93.074697763768,24.869124518514,0.));
#2181 = CARTESIAN_POINT('',(93.056925720195,24.88368441493,0.));
#2182 = CARTESIAN_POINT('',(93.039151157403,24.898243809269,0.));
#2183 = CARTESIAN_POINT('',(93.021374074599,24.912802698516,0.));
#2184 = CARTESIAN_POINT('',(93.003594470988,24.92736107965,0.));
#2185 = CARTESIAN_POINT('',(92.985812345654,24.941918949504,0.));
#2186 = CARTESIAN_POINT('',(92.968027697814,24.956476305084,0.));
#2187 = CARTESIAN_POINT('',(92.95024052661,24.971033143292,0.));
#2188 = CARTESIAN_POINT('',(92.932450831197,24.985589461053,0.));
#2189 = CARTESIAN_POINT('',(92.914658610744,25.000145255299,0.));
#2190 = CARTESIAN_POINT('',(92.896863864446,25.014700522987,0.));
#2191 = CARTESIAN_POINT('',(92.879066591449,25.029255261024,0.));
#2192 = CARTESIAN_POINT('',(92.86126679092,25.043809466342,0.));
#2193 = CARTESIAN_POINT('',(92.843464462038,25.058363135881,0.));
#2194 = CARTESIAN_POINT('',(92.825659603973,25.072916266574,0.));
#2195 = CARTESIAN_POINT('',(92.807852215884,25.087468855334,0.));
#2196 = CARTESIAN_POINT('',(92.790042296963,25.102020899112,0.));
#2197 = CARTESIAN_POINT('',(92.772229846384,25.116572394833,0.));
#2198 = CARTESIAN_POINT('',(92.754414863332,25.131123339447,0.));
#2199 = CARTESIAN_POINT('',(92.736597346945,25.145673729841,0.));
#2200 = CARTESIAN_POINT('',(92.718777296426,25.160223562982,0.));
#2201 = CARTESIAN_POINT('',(92.700954710953,25.174772835788,0.));
#2202 = CARTESIAN_POINT('',(92.683129589715,25.189321545197,0.));
#2203 = CARTESIAN_POINT('',(92.66530193191,25.203869688168,0.));
#2204 = CARTESIAN_POINT('',(92.647471736661,25.21841726156,0.));
#2205 = CARTESIAN_POINT('',(92.629639003204,25.232964262378,0.));
#2206 = CARTESIAN_POINT('',(92.611803730702,25.247510687522,0.));
#2207 = CARTESIAN_POINT('',(92.593965918324,25.262056533905,0.));
#2208 = CARTESIAN_POINT('',(92.576125565294,25.276601798501,0.));
#2209 = CARTESIAN_POINT('',(92.558282670789,25.291146478219,0.));
#2210 = CARTESIAN_POINT('',(92.540437234003,25.305690570011,0.));
#2211 = CARTESIAN_POINT('',(92.522589254083,25.320234070743,0.));
#2212 = CARTESIAN_POINT('',(92.504738730311,25.334776977474,0.));
#2213 = CARTESIAN_POINT('',(92.486885661773,25.349319287012,0.));
#2214 = CARTESIAN_POINT('',(92.469030047667,25.363860996284,0.));
#2215 = CARTESIAN_POINT('',(92.451171887324,25.378402102382,0.));
#2216 = CARTESIAN_POINT('',(92.433311179814,25.392942602076,0.));
#2217 = CARTESIAN_POINT('',(92.415447924363,25.407482492363,0.));
#2218 = CARTESIAN_POINT('',(92.397582120162,25.422021770151,0.));
#2219 = CARTESIAN_POINT('',(92.379713766448,25.43656043242,0.));
#2220 = CARTESIAN_POINT('',(92.361842862384,25.451098476056,0.));
#2221 = CARTESIAN_POINT('',(92.343969407176,25.465635898,0.));
#2222 = CARTESIAN_POINT('',(92.326093400046,25.480172695217,0.));
#2223 = CARTESIAN_POINT('',(92.308214840157,25.494708864594,0.));
#2224 = CARTESIAN_POINT('',(92.290333726716,25.509244403047,0.));
#2225 = CARTESIAN_POINT('',(92.272450059037,25.523779307647,0.));
#2226 = CARTESIAN_POINT('',(92.254563836183,25.538313575147,0.));
#2227 = CARTESIAN_POINT('',(92.236675057427,25.552847202574,0.));
#2228 = CARTESIAN_POINT('',(92.218783722009,25.567380186905,0.));
#2229 = CARTESIAN_POINT('',(92.200889829019,25.581912524898,0.));
#2230 = CARTESIAN_POINT('',(92.182993377854,25.596444213734,0.));
#2231 = CARTESIAN_POINT('',(92.165094367585,25.610975250155,0.));
#2232 = CARTESIAN_POINT('',(92.147192797453,25.625505631157,0.));
#2233 = CARTESIAN_POINT('',(92.129288666681,25.640035353674,0.));
#2234 = CARTESIAN_POINT('',(92.111381974496,25.654564414642,0.));
#2235 = CARTESIAN_POINT('',(92.093472720121,25.669092811009,0.));
#2236 = CARTESIAN_POINT('',(92.075560902735,25.683620539661,0.));
#2237 = CARTESIAN_POINT('',(92.057646521593,25.698147597583,0.));
#2238 = CARTESIAN_POINT('',(92.039729575896,25.712673981669,0.));
#2239 = CARTESIAN_POINT('',(92.021810064897,25.727199688901,0.));
#2240 = CARTESIAN_POINT('',(92.003887987776,25.741724716156,0.));
#2241 = CARTESIAN_POINT('',(91.985963343788,25.756249060412,0.));
#2242 = CARTESIAN_POINT('',(91.968036132146,25.77077271859,0.));
#2243 = CARTESIAN_POINT('',(91.950106352059,25.785295687602,0.));
#2244 = CARTESIAN_POINT('',(91.93217400278,25.799817964421,0.));
#2245 = CARTESIAN_POINT('',(91.914239083511,25.814339545938,0.));
#2246 = CARTESIAN_POINT('',(91.896301593516,25.828860429134,0.));
#2247 = CARTESIAN_POINT('',(91.878361532003,25.843380610904,0.));
#2248 = CARTESIAN_POINT('',(91.86041889823,25.857900088226,0.));
#2249 = CARTESIAN_POINT('',(91.842473691387,25.872418858,0.));
#2250 = CARTESIAN_POINT('',(91.824525910677,25.886936917106,0.));
#2251 = CARTESIAN_POINT('',(91.806575555452,25.901454262623,0.));
#2252 = CARTESIAN_POINT('',(91.788622624864,25.915970891371,0.));
#2253 = CARTESIAN_POINT('',(91.770667118156,25.930486800311,0.));
#2254 = CARTESIAN_POINT('',(91.752709034577,25.945001986392,0.));
#2255 = CARTESIAN_POINT('',(91.734748373356,25.959516446523,0.));
#2256 = CARTESIAN_POINT('',(91.71678513377,25.974030177685,0.));
#2257 = CARTESIAN_POINT('',(91.69881931503,25.988543176783,0.));
#2258 = CARTESIAN_POINT('',(91.680850916352,26.003055440719,0.));
#2259 = CARTESIAN_POINT('',(91.662879937037,26.01756696649,0.));
#2260 = CARTESIAN_POINT('',(91.644906376324,26.032077751033,0.));
#2261 = CARTESIAN_POINT('',(91.626930233381,26.046587791184,0.));
#2262 = CARTESIAN_POINT('',(91.608951507551,26.061097084003,0.));
#2263 = CARTESIAN_POINT('',(91.590970198043,26.075605626363,0.));
#2264 = CARTESIAN_POINT('',(91.572986304091,26.090113415185,0.));
#2265 = CARTESIAN_POINT('',(91.55499982499,26.104620447464,0.));
#2266 = CARTESIAN_POINT('',(91.537010759943,26.119126720073,0.));
#2267 = CARTESIAN_POINT('',(91.519019108223,26.133632229977,0.));
#2268 = CARTESIAN_POINT('',(91.501024869094,26.148136974126,0.));
#2269 = CARTESIAN_POINT('',(91.48302804177,26.162640949401,0.));
#2270 = CARTESIAN_POINT('',(91.465028625566,26.177144152803,0.));
#2271 = CARTESIAN_POINT('',(91.447026619727,26.191646581256,0.));
#2272 = CARTESIAN_POINT('',(91.429022023469,26.20614823165,0.));
#2273 = CARTESIAN_POINT('',(91.411014836076,26.220649100946,0.));
#2274 = CARTESIAN_POINT('',(91.393005056855,26.235149186142,0.));
#2275 = CARTESIAN_POINT('',(91.374992684966,26.24964848404,0.));
#2276 = CARTESIAN_POINT('',(91.356977719773,26.264146991715,0.));
#2277 = CARTESIAN_POINT('',(91.338960160482,26.27864470602,0.));
#2278 = CARTESIAN_POINT('',(91.320940006363,26.2931416239,0.));
#2279 = CARTESIAN_POINT('',(91.302917256718,26.307637742335,0.));
#2280 = CARTESIAN_POINT('',(91.284891910779,26.322133058213,0.));
#2281 = CARTESIAN_POINT('',(91.266863967833,26.336627568495,0.));
#2282 = CARTESIAN_POINT('',(91.248833427155,26.351121270135,0.));
#2283 = CARTESIAN_POINT('',(91.230800287966,26.365614160004,0.));
#2284 = CARTESIAN_POINT('',(91.212764549591,26.380106235101,0.));
#2285 = CARTESIAN_POINT('',(91.19472621131,26.39459749236,0.));
#2286 = CARTESIAN_POINT('',(91.176685272373,26.409087928693,0.));
#2287 = CARTESIAN_POINT('',(91.158641732063,26.423577541069,0.));
#2288 = CARTESIAN_POINT('',(91.140595589588,26.438066326318,0.));
#2289 = CARTESIAN_POINT('',(91.122546844379,26.452554281582,0.));
#2290 = CARTESIAN_POINT('',(91.104495495563,26.46704140359,0.));
#2291 = CARTESIAN_POINT('',(91.086441542493,26.481527689378,0.));
#2292 = CARTESIAN_POINT('',(91.068384984496,26.496013135941,0.));
#2293 = CARTESIAN_POINT('',(91.050325820738,26.510497740067,0.));
#2294 = CARTESIAN_POINT('',(91.03226405059,26.524981498816,0.));
#2295 = CARTESIAN_POINT('',(91.014199673306,26.53946440909,0.));
#2296 = CARTESIAN_POINT('',(90.996132490459,26.55394662627,0.));
#2297 = CARTESIAN_POINT('',(90.978061314524,26.568429098347,0.));
#2298 = CARTESIAN_POINT('',(90.959979894296,26.582908483044,0.));
#2299 = CARTESIAN_POINT('',(90.941881985977,26.597381437384,0.));
#2300 = CARTESIAN_POINT('',(90.923766404968,26.611848906292,0.));
#2301 = CARTESIAN_POINT('',(90.905632953157,26.626311041828,0.));
#2302 = CARTESIAN_POINT('',(90.887481630811,26.640767837709,0.));
#2303 = CARTESIAN_POINT('',(90.869312438095,26.655219287632,0.));
#2304 = CARTESIAN_POINT('',(90.851125375316,26.669665385428,0.));
#2305 = CARTESIAN_POINT('',(90.832920442633,26.684106124725,0.));
#2306 = CARTESIAN_POINT('',(90.814697640314,26.69854149929,0.));
#2307 = CARTESIAN_POINT('',(90.796456968581,26.712971502806,0.));
#2308 = CARTESIAN_POINT('',(90.778198427687,26.727396128995,0.));
#2309 = CARTESIAN_POINT('',(90.759922017827,26.741815371491,0.));
#2310 = CARTESIAN_POINT('',(90.741627739287,26.756229224038,0.));
#2311 = CARTESIAN_POINT('',(90.723315592262,26.770637680231,0.));
#2312 = CARTESIAN_POINT('',(90.704985577057,26.785040733811,0.));
#2313 = CARTESIAN_POINT('',(90.68663769388,26.799438378382,0.));
#2314 = CARTESIAN_POINT('',(90.668271942962,26.813830607556,0.));
#2315 = CARTESIAN_POINT('',(90.64988832463,26.828217415063,0.));
#2316 = CARTESIAN_POINT('',(90.63148683908,26.842598794444,0.));
#2317 = CARTESIAN_POINT('',(90.613067486582,26.85697473934,0.));
#2318 = CARTESIAN_POINT('',(90.594630267414,26.871345243374,0.));
#2319 = CARTESIAN_POINT('',(90.576175181832,26.885710300148,0.));
#2320 = CARTESIAN_POINT('',(90.557702230056,26.900069903184,0.));
#2321 = CARTESIAN_POINT('',(90.539211412429,26.914424046156,0.));
#2322 = CARTESIAN_POINT('',(90.520702729205,26.928772722606,0.));
#2323 = CARTESIAN_POINT('',(90.502176180623,26.943115926056,0.));
#2324 = CARTESIAN_POINT('',(90.483631767005,26.957453650129,0.));
#2325 = CARTESIAN_POINT('',(90.465069488581,26.971785888295,0.));
#2326 = CARTESIAN_POINT('',(90.446489345683,26.986112634161,0.));
#2327 = CARTESIAN_POINT('',(90.42789133857,27.000433881219,0.));
#2328 = CARTESIAN_POINT('',(90.409275467516,27.014749622969,0.));
#2329 = CARTESIAN_POINT('',(90.390641732851,27.02905985297,0.));
#2330 = CARTESIAN_POINT('',(90.371990134855,27.04336456471,0.));
#2331 = CARTESIAN_POINT('',(90.35332067378,27.05766375163,0.));
#2332 = CARTESIAN_POINT('',(90.334633349965,27.07195740725,0.));
#2333 = CARTESIAN_POINT('',(90.315928163768,27.086245525117,0.));
#2334 = CARTESIAN_POINT('',(90.297205115388,27.100528098561,0.));
#2335 = CARTESIAN_POINT('',(90.27846420518,27.114805121104,0.));
#2336 = CARTESIAN_POINT('',(90.259705433506,27.129076586266,0.));
#2337 = CARTESIAN_POINT('',(90.240928800559,27.14334248732,0.));
#2338 = CARTESIAN_POINT('',(90.222134306754,27.157602817838,0.));
#2339 = CARTESIAN_POINT('',(90.203321952385,27.171857571195,0.));
#2340 = CARTESIAN_POINT('',(90.184491737747,27.186106740778,0.));
#2341 = CARTESIAN_POINT('',(90.165643663179,27.200350320004,0.));
#2342 = CARTESIAN_POINT('',(90.146777729034,27.214588302292,0.));
#2343 = CARTESIAN_POINT('',(90.127893935634,27.228820681024,0.));
#2344 = CARTESIAN_POINT('',(90.108992283253,27.243047449504,0.));
#2345 = CARTESIAN_POINT('',(90.090072772299,27.257268601191,0.));
#2346 = CARTESIAN_POINT('',(90.071135403087,27.271484129401,0.));
#2347 = CARTESIAN_POINT('',(90.052180175948,27.285694027459,0.));
#2348 = CARTESIAN_POINT('',(90.033207091275,27.299898288789,0.));
#2349 = CARTESIAN_POINT('',(90.014216149337,27.31409690662,0.));
#2350 = CARTESIAN_POINT('',(89.995207350492,27.328289874279,0.));
#2351 = CARTESIAN_POINT('',(89.976180695186,27.342477185201,0.));
#2352 = CARTESIAN_POINT('',(89.957136183665,27.356658832518,0.));
#2353 = CARTESIAN_POINT('',(89.938073816381,27.370834809678,0.));
#2354 = CARTESIAN_POINT('',(89.91899359362,27.385005109859,0.));
#2355 = CARTESIAN_POINT('',(89.899895515755,27.399169726337,0.));
#2356 = CARTESIAN_POINT('',(89.880779583248,27.413328652509,0.));
#2357 = CARTESIAN_POINT('',(89.861645796344,27.427481881456,0.));
#2358 = CARTESIAN_POINT('',(89.842494155481,27.441629406538,0.));
#2359 = CARTESIAN_POINT('',(89.823324661024,27.455771220961,0.));
#2360 = CARTESIAN_POINT('',(89.804137313341,27.469907317924,0.));
#2361 = CARTESIAN_POINT('',(89.784932112886,27.484037690747,0.));
#2362 = CARTESIAN_POINT('',(89.765709059971,27.498162332551,0.));
#2363 = CARTESIAN_POINT('',(89.746468154965,27.512281236522,0.));
#2364 = CARTESIAN_POINT('',(89.727209398325,27.526394395932,0.));
#2365 = CARTESIAN_POINT('',(89.707932790424,27.54050180393,0.));
#2366 = CARTESIAN_POINT('',(89.688638331626,27.554603453643,0.));
#2367 = CARTESIAN_POINT('',(89.669326022402,27.568699338334,0.));
#2368 = CARTESIAN_POINT('',(89.649995863101,27.582789451079,0.));
#2369 = CARTESIAN_POINT('',(89.630647854139,27.596873785053,0.));
#2370 = CARTESIAN_POINT('',(89.611281995921,27.610952333376,0.));
#2371 = CARTESIAN_POINT('',(89.591898288896,27.625025089225,0.));
#2372 = CARTESIAN_POINT('',(89.572496733436,27.639092045649,0.));
#2373 = CARTESIAN_POINT('',(89.553077330006,27.653153195822,0.));
#2374 = CARTESIAN_POINT('',(89.533640079017,27.667208532828,0.));
#2375 = CARTESIAN_POINT('',(89.514184980859,27.681258049708,0.));
#2376 = CARTESIAN_POINT('',(89.494712036024,27.695301739639,0.));
#2377 = CARTESIAN_POINT('',(89.475221244875,27.709339595609,0.));
#2378 = CARTESIAN_POINT('',(89.455712607847,27.723371610673,0.));
#2379 = CARTESIAN_POINT('',(89.43618612545,27.737397777969,0.));
#2380 = CARTESIAN_POINT('',(89.416641798108,27.751418090503,0.));
#2381 = CARTESIAN_POINT('',(89.39707962624,27.765432541292,0.));
#2382 = CARTESIAN_POINT('',(89.377499610297,27.779441123376,0.));
#2383 = CARTESIAN_POINT('',(89.357901750725,27.793443829762,0.));
#2384 = CARTESIAN_POINT('',(89.33828604799,27.807440653472,0.));
#2385 = CARTESIAN_POINT('',(89.31865250254,27.82143158747,0.));
#2386 = CARTESIAN_POINT('',(89.299001114896,27.835416624846,0.));
#2387 = CARTESIAN_POINT('',(89.27933188542,27.849395758431,0.));
#2388 = CARTESIAN_POINT('',(89.259644814641,27.863368981284,0.));
#2389 = CARTESIAN_POINT('',(89.239939903055,27.877336286384,0.));
#2390 = CARTESIAN_POINT('',(89.220217151102,27.891297666644,0.));
#2391 = CARTESIAN_POINT('',(89.200476559233,27.905253114976,0.));
#2392 = CARTESIAN_POINT('',(89.180718127982,27.919202624386,0.));
#2393 = CARTESIAN_POINT('',(89.160941857801,27.933146187729,0.));
#2394 = CARTESIAN_POINT('',(89.141147749213,27.947083797983,0.));
#2395 = CARTESIAN_POINT('',(89.121335802676,27.961015448022,0.));
#2396 = CARTESIAN_POINT('',(89.10150601863,27.974941130651,0.));
#2397 = CARTESIAN_POINT('',(89.081658397703,27.988860838935,0.));
#2398 = CARTESIAN_POINT('',(89.061792940325,28.002774565635,0.));
#2399 = CARTESIAN_POINT('',(89.041909646979,28.016682303593,0.));
#2400 = CARTESIAN_POINT('',(89.02200851825,28.030584045776,0.));
#2401 = CARTESIAN_POINT('',(89.002089554595,28.044479784959,0.));
#2402 = CARTESIAN_POINT('',(88.982152756483,28.058369513941,0.));
#2403 = CARTESIAN_POINT('',(88.962198124476,28.072253225596,0.));
#2404 = CARTESIAN_POINT('',(88.942225659139,28.08613091277,0.));
#2405 = CARTESIAN_POINT('',(88.922235360992,28.100002568285,0.));
#2406 = CARTESIAN_POINT('',(88.902227230476,28.113868184814,0.));
#2407 = CARTESIAN_POINT('',(88.882201268226,28.127727755319,0.));
#2408 = CARTESIAN_POINT('',(88.862157474697,28.141581272444,0.));
#2409 = CARTESIAN_POINT('',(88.842095850456,28.155428729004,0.));
#2410 = CARTESIAN_POINT('',(88.822016396094,28.169270117822,0.));
#2411 = CARTESIAN_POINT('',(88.8019191121,28.18310543156,0.));
#2412 = CARTESIAN_POINT('',(88.781803999051,28.196934663026,0.));
#2413 = CARTESIAN_POINT('',(88.761671057465,28.210757804895,0.));
#2414 = CARTESIAN_POINT('',(88.741520287929,28.224574849925,0.));
#2415 = CARTESIAN_POINT('',(88.721351691024,28.238385790865,0.));
#2416 = CARTESIAN_POINT('',(88.701165267256,28.252190620335,0.));
#2417 = CARTESIAN_POINT('',(88.680961017228,28.265989331075,0.));
#2418 = CARTESIAN_POINT('',(88.66073894155,28.279781915832,0.));
#2419 = CARTESIAN_POINT('',(88.640499040706,28.293568367144,0.));
#2420 = CARTESIAN_POINT('',(88.620241315345,28.307348677806,0.));
#2421 = CARTESIAN_POINT('',(88.599965765999,28.32112284038,0.));
#2422 = CARTESIAN_POINT('',(88.579672393292,28.334890847563,0.));
#2423 = CARTESIAN_POINT('',(88.559361197831,28.348652692022,0.));
#2424 = CARTESIAN_POINT('',(88.539032180152,28.362408366298,0.));
#2425 = CARTESIAN_POINT('',(88.518685340887,28.37615786307,0.));
#2426 = CARTESIAN_POINT('',(88.498320680647,28.389901174969,0.));
#2427 = CARTESIAN_POINT('',(88.477938199959,28.40363829447,0.));
#2428 = CARTESIAN_POINT('',(88.457537899536,28.417369214329,0.));
#2429 = CARTESIAN_POINT('',(88.43711977992,28.431093927007,0.));
#2430 = CARTESIAN_POINT('',(88.416683841733,28.444812425086,0.));
#2431 = CARTESIAN_POINT('',(88.396230085648,28.458524701213,0.));
#2432 = CARTESIAN_POINT('',(88.375758512214,28.472230747812,0.));
#2433 = CARTESIAN_POINT('',(88.355269122112,28.485930557528,0.));
#2434 = CARTESIAN_POINT('',(88.334761915937,28.499624122834,0.));
#2435 = CARTESIAN_POINT('',(88.314236894316,28.513311436249,0.));
#2436 = CARTESIAN_POINT('',(88.293694057909,28.526992490305,0.));
#2437 = CARTESIAN_POINT('',(88.273133407367,28.540667277517,0.));
#2438 = CARTESIAN_POINT('',(88.252554943309,28.554335790333,0.));
#2439 = CARTESIAN_POINT('',(88.23195866641,28.56799802129,0.));
#2440 = CARTESIAN_POINT('',(88.21134457728,28.581653962799,0.));
#2441 = CARTESIAN_POINT('',(88.190712676596,28.595303607357,0.));
#2442 = CARTESIAN_POINT('',(88.170062965019,28.608946947391,0.));
#2443 = CARTESIAN_POINT('',(88.14939544326,28.622583975421,0.));
#2444 = CARTESIAN_POINT('',(88.128710111921,28.636214683798,0.));
#2445 = CARTESIAN_POINT('',(88.108006971656,28.649839064913,0.));
#2446 = CARTESIAN_POINT('',(88.087286023233,28.66345711132,0.));
#2447 = CARTESIAN_POINT('',(88.066547267254,28.677068815299,0.));
#2448 = CARTESIAN_POINT('',(88.045790704402,28.690674169247,0.));
#2449 = CARTESIAN_POINT('',(88.025016335435,28.704273165652,0.));
#2450 = CARTESIAN_POINT('',(88.004224160975,28.717865796784,0.));
#2451 = CARTESIAN_POINT('',(87.983414181717,28.731452055027,0.));
#2452 = CARTESIAN_POINT('',(87.962586398382,28.745031932754,0.));
#2453 = CARTESIAN_POINT('',(87.941740811688,28.75860542233,0.));
#2454 = CARTESIAN_POINT('',(87.920877422304,28.77217251602,0.));
#2455 = CARTESIAN_POINT('',(87.899996230992,28.785733206241,0.));
#2456 = CARTESIAN_POINT('',(87.879097238425,28.799287485254,0.));
#2457 = CARTESIAN_POINT('',(87.858180445284,28.812835345287,0.));
#2458 = CARTESIAN_POINT('',(87.837245852417,28.826376778855,0.));
#2459 = CARTESIAN_POINT('',(87.816293460399,28.839911777983,0.));
#2460 = CARTESIAN_POINT('',(87.795323270044,28.85344033509,0.));
#2461 = CARTESIAN_POINT('',(87.774335282126,28.866962442498,0.));
#2462 = CARTESIAN_POINT('',(87.753329497261,28.880478092275,0.));
#2463 = CARTESIAN_POINT('',(87.732305916281,28.89398727681,0.));
#2464 = CARTESIAN_POINT('',(87.711264539944,28.907489988334,0.));
#2465 = CARTESIAN_POINT('',(87.690205368952,28.920986219008,0.));
#2466 = CARTESIAN_POINT('',(87.669128404075,28.934475961083,0.));
#2467 = CARTESIAN_POINT('',(87.648033646071,28.94795920676,0.));
#2468 = CARTESIAN_POINT('',(87.626921095706,28.961435948225,0.));
#2469 = CARTESIAN_POINT('',(87.605790753767,28.974906177695,0.));
#2470 = CARTESIAN_POINT('',(87.584642621004,28.988369887319,0.));
#2471 = CARTESIAN_POINT('',(87.563476698181,29.001827069258,0.));
#2472 = CARTESIAN_POINT('',(87.542292986078,29.01527771567,0.));
#2473 = CARTESIAN_POINT('',(87.521091485484,29.028721818686,0.));
#2474 = CARTESIAN_POINT('',(87.499872197238,29.042159370537,0.));
#2475 = CARTESIAN_POINT('',(87.47863512203,29.055590363191,0.));
#2476 = CARTESIAN_POINT('',(87.457380260714,29.069014788852,0.));
#2477 = CARTESIAN_POINT('',(87.43610761413,29.082432639677,0.));
#2478 = CARTESIAN_POINT('',(87.414817183015,29.095843907664,0.));
#2479 = CARTESIAN_POINT('',(87.393508968181,29.10924858491,0.));
#2480 = CARTESIAN_POINT('',(87.372182970493,29.122646663564,0.));
#2481 = CARTESIAN_POINT('',(87.350839190731,29.136038135625,0.));
#2482 = CARTESIAN_POINT('',(87.329477629716,29.149422993168,0.));
#2483 = CARTESIAN_POINT('',(87.308098288268,29.162801228216,0.));
#2484 = CARTESIAN_POINT('',(87.286701167253,29.176172832871,0.));
#2485 = CARTESIAN_POINT('',(87.265286267447,29.189537799064,0.));
#2486 = CARTESIAN_POINT('',(87.243853589721,29.202896118856,0.));
#2487 = CARTESIAN_POINT('',(87.22240313495,29.216247784299,0.));
#2488 = CARTESIAN_POINT('',(87.200934903927,29.229592787296,0.));
#2489 = CARTESIAN_POINT('',(87.179448897534,29.242931119898,0.));
#2490 = CARTESIAN_POINT('',(87.157945116615,29.25626277406,0.));
#2491 = CARTESIAN_POINT('',(87.136423562014,29.269587741715,0.));
#2492 = CARTESIAN_POINT('',(87.114884234628,29.282906014876,0.));
#2493 = CARTESIAN_POINT('',(87.093327135296,29.296217585433,0.));
#2494 = CARTESIAN_POINT('',(87.071752264908,29.309522445344,0.));
#2495 = CARTESIAN_POINT('',(87.050159624352,29.322820586537,0.));
#2496 = CARTESIAN_POINT('',(87.028549214514,29.336112000958,0.));
#2497 = CARTESIAN_POINT('',(87.006921036205,29.349396680391,0.));
#2498 = CARTESIAN_POINT('',(86.985275090388,29.362674616849,0.));
#2499 = CARTESIAN_POINT('',(86.963611377949,29.375945802177,0.));
#2500 = CARTESIAN_POINT('',(86.941929899779,29.389210228233,0.));
#2501 = CARTESIAN_POINT('',(86.920230656792,29.402467886895,0.));
#2502 = CARTESIAN_POINT('',(86.898513649904,29.415718770047,0.));
#2503 = CARTESIAN_POINT('',(86.876778879968,29.428962869418,0.));
#2504 = CARTESIAN_POINT('',(86.855026347984,29.442200176997,0.));
#2505 = CARTESIAN_POINT('',(86.833256054805,29.455430684471,0.));
#2506 = CARTESIAN_POINT('',(86.811468001387,29.468654383708,0.));
#2507 = CARTESIAN_POINT('',(86.789662188685,29.481871266555,0.));
#2508 = CARTESIAN_POINT('',(86.767838617569,29.495081324671,0.));
#2509 = CARTESIAN_POINT('',(86.745997289064,29.508284549998,0.));
#2510 = CARTESIAN_POINT('',(86.724138204055,29.521480934207,0.));
#2511 = CARTESIAN_POINT('',(86.702261363467,29.534670469026,0.));
#2512 = CARTESIAN_POINT('',(86.680366768321,29.547853146313,0.));
#2513 = CARTESIAN_POINT('',(86.658454419541,29.561028957714,0.));
#2514 = CARTESIAN_POINT('',(86.636524318127,29.574197895036,0.));
#2515 = CARTESIAN_POINT('',(86.614576465009,29.587359949962,0.));
#2516 = CARTESIAN_POINT('',(86.592610861111,29.600515114129,0.));
#2517 = CARTESIAN_POINT('',(86.570627507477,29.613663379341,0.));
#2518 = CARTESIAN_POINT('',(86.548626405081,29.62680473723,0.));
#2519 = CARTESIAN_POINT('',(86.526607554931,29.639939179533,0.));
#2520 = CARTESIAN_POINT('',(86.50457095796,29.653066697837,0.));
#2521 = CARTESIAN_POINT('',(86.482516615177,29.666187283816,0.));
#2522 = CARTESIAN_POINT('',(86.460444527624,29.679300929172,0.));
#2523 = CARTESIAN_POINT('',(86.438354696285,29.692407625525,0.));
#2524 = CARTESIAN_POINT('',(86.416247122108,29.705507364389,0.));
#2525 = CARTESIAN_POINT('',(86.394121806213,29.718600137566,0.));
#2526 = CARTESIAN_POINT('',(86.37197874955,29.731685936516,0.));
#2527 = CARTESIAN_POINT('',(86.349817953169,29.744764752901,0.));
#2528 = CARTESIAN_POINT('',(86.327639418088,29.757836578316,0.));
#2529 = CARTESIAN_POINT('',(86.305443145274,29.770901404187,0.));
#2530 = CARTESIAN_POINT('',(86.283229135914,29.783959222351,0.));
#2531 = CARTESIAN_POINT('',(86.260997390919,29.797010024098,0.));
#2532 = CARTESIAN_POINT('',(86.238747911406,29.810053801109,0.));
#2533 = CARTESIAN_POINT('',(86.216480698442,29.823090544949,0.));
#2534 = CARTESIAN_POINT('',(86.194195752991,29.836120246993,0.));
#2535 = CARTESIAN_POINT('',(86.171893076163,29.849142898835,0.));
#2536 = CARTESIAN_POINT('',(86.149572669077,29.862158492041,0.));
#2537 = CARTESIAN_POINT('',(86.127234532742,29.87516701799,0.));
#2538 = CARTESIAN_POINT('',(86.10487866826,29.888168468215,0.));
#2539 = CARTESIAN_POINT('',(86.082505076731,29.901162834227,0.));
#2540 = CARTESIAN_POINT('',(86.060113759175,29.914150107381,0.));
#2541 = CARTESIAN_POINT('',(86.037704716712,29.927130279173,0.));
#2542 = CARTESIAN_POINT('',(86.015277950484,29.940103341097,0.));
#2543 = CARTESIAN_POINT('',(85.992833461558,29.953069284526,0.));
#2544 = CARTESIAN_POINT('',(85.97037125102,29.966028100847,0.));
#2545 = CARTESIAN_POINT('',(85.94789132003,29.978979781556,0.));
#2546 = CARTESIAN_POINT('',(85.925393669666,29.991924317995,0.));
#2547 = CARTESIAN_POINT('',(85.902878301011,30.004861701465,0.));
#2548 = CARTESIAN_POINT('',(85.88034521531,30.017791923554,0.));
#2549 = CARTESIAN_POINT('',(85.857794413591,30.030714975425,0.));
#2550 = CARTESIAN_POINT('',(85.835225897027,30.04363084854,0.));
#2551 = CARTESIAN_POINT('',(85.812639666737,30.056539534195,0.));
#2552 = CARTESIAN_POINT('',(85.790035723872,30.069441023705,0.));
#2553 = CARTESIAN_POINT('',(85.767414069647,30.082335308523,0.));
#2554 = CARTESIAN_POINT('',(85.744774705114,30.095222379762,0.));
#2555 = CARTESIAN_POINT('',(85.72211763151,30.108102228888,0.));
#2556 = CARTESIAN_POINT('',(85.699442849965,30.120974847108,0.));
#2557 = CARTESIAN_POINT('',(85.676750361652,30.133840225702,0.));
#2558 = CARTESIAN_POINT('',(85.654040167786,30.146698356009,0.));
#2559 = CARTESIAN_POINT('',(85.631312269503,30.159549229215,0.));
#2560 = CARTESIAN_POINT('',(85.608566667988,30.172392836564,0.));
#2561 = CARTESIAN_POINT('',(85.585803364481,30.185229169374,0.));
#2562 = CARTESIAN_POINT('',(85.563022360136,30.1980582188,0.));
#2563 = CARTESIAN_POINT('',(85.540223656155,30.210879976045,0.));
#2564 = CARTESIAN_POINT('',(85.517407253801,30.223694432426,0.));
#2565 = CARTESIAN_POINT('',(85.494573154213,30.236501579001,0.));
#2566 = CARTESIAN_POINT('',(85.471721358642,30.249301407042,0.));
#2567 = CARTESIAN_POINT('',(85.448851868292,30.262093907655,0.));
#2568 = CARTESIAN_POINT('',(85.425964684448,30.274879072107,0.));
#2569 = CARTESIAN_POINT('',(85.403059808294,30.287656891479,0.));
#2570 = CARTESIAN_POINT('',(85.380137241037,30.300427356845,0.));
#2571 = CARTESIAN_POINT('',(85.357196984017,30.313190459523,0.));
#2572 = CARTESIAN_POINT('',(85.334239038399,30.325946190459,0.));
#2573 = CARTESIAN_POINT('',(85.311263405461,30.33869454083,0.));
#2574 = CARTESIAN_POINT('',(85.288270086486,30.351435501776,0.));
#2575 = CARTESIAN_POINT('',(85.26525908269,30.364169064268,0.));
#2576 = CARTESIAN_POINT('',(85.242230395426,30.37689521955,0.));
#2577 = CARTESIAN_POINT('',(85.2191840259,30.389613958546,0.));
#2578 = CARTESIAN_POINT('',(85.196119975416,30.402325272389,0.));
#2579 = CARTESIAN_POINT('',(85.173038245245,30.41502915209,0.));
#2580 = CARTESIAN_POINT('',(85.149938836679,30.427725588675,0.));
#2581 = CARTESIAN_POINT('',(85.126821751052,30.440414573223,0.));
#2582 = CARTESIAN_POINT('',(85.103686989646,30.453096096713,0.));
#2583 = CARTESIAN_POINT('',(85.080534553756,30.465770150128,0.));
#2584 = CARTESIAN_POINT('',(85.057364444711,30.478436724507,0.));
#2585 = CARTESIAN_POINT('',(85.034176663807,30.491095810784,0.));
#2586 = CARTESIAN_POINT('',(85.010971212378,30.503747399924,0.));
#2587 = CARTESIAN_POINT('',(84.98774809181,30.516391483001,0.));
#2588 = CARTESIAN_POINT('',(84.964507303352,30.529028050791,0.));
#2589 = CARTESIAN_POINT('',(84.941248848405,30.541657094377,0.));
#2590 = CARTESIAN_POINT('',(84.917972728279,30.554278604587,0.));
#2591 = CARTESIAN_POINT('',(84.894678944359,30.566892572421,0.));
#2592 = CARTESIAN_POINT('',(84.871367497963,30.579498988713,0.));
#2593 = CARTESIAN_POINT('',(84.848038390464,30.592097844384,0.));
#2594 = CARTESIAN_POINT('',(84.824691623247,30.604689130324,0.));
#2595 = CARTESIAN_POINT('',(84.801327197703,30.617272837427,0.));
#2596 = CARTESIAN_POINT('',(84.777945115199,30.62984895654,0.));
#2597 = CARTESIAN_POINT('',(84.754545377096,30.642417478482,0.));
#2598 = CARTESIAN_POINT('',(84.731127984808,30.654978394166,0.));
#2599 = CARTESIAN_POINT('',(84.70769293968,30.667531694302,0.));
#2600 = CARTESIAN_POINT('',(84.684240243185,30.680077369828,0.));
#2601 = CARTESIAN_POINT('',(84.66076989673,30.692615411544,0.));
#2602 = CARTESIAN_POINT('',(84.637281901678,30.705145810174,0.));
#2603 = CARTESIAN_POINT('',(84.61377625946,30.717668556528,0.));
#2604 = CARTESIAN_POINT('',(84.590252971542,30.730183641453,0.));
#2605 = CARTESIAN_POINT('',(84.566712039307,30.742691055618,0.));
#2606 = CARTESIAN_POINT('',(84.543153464215,30.755190789818,0.));
#2607 = CARTESIAN_POINT('',(84.519577247731,30.767682834865,0.));
#2608 = CARTESIAN_POINT('',(84.49598339122,30.780167181321,0.));
#2609 = CARTESIAN_POINT('',(84.472371896217,30.792643820069,0.));
#2610 = CARTESIAN_POINT('',(84.448742764166,30.805112741792,0.));
#2611 = CARTESIAN_POINT('',(84.425095996472,30.81757393705,0.));
#2612 = CARTESIAN_POINT('',(84.401431594721,30.830027396768,0.));
#2613 = CARTESIAN_POINT('',(84.377749560303,30.842473111455,0.));
#2614 = CARTESIAN_POINT('',(84.354049894682,30.854911071765,0.));
#2615 = CARTESIAN_POINT('',(84.330332599413,30.867341268482,0.));
#2616 = CARTESIAN_POINT('',(84.306597675943,30.87976369213,0.));
#2617 = CARTESIAN_POINT('',(84.282845125799,30.892178333409,0.));
#2618 = CARTESIAN_POINT('',(84.25907495049,30.904585182944,0.));
#2619 = CARTESIAN_POINT('',(84.235287151503,30.916984231306,0.));
#2620 = CARTESIAN_POINT('',(84.211481730366,30.929375469124,0.));
#2621 = CARTESIAN_POINT('',(84.187658688603,30.941758886985,0.));
#2622 = CARTESIAN_POINT('',(84.163818027745,30.954134475459,0.));
#2623 = CARTESIAN_POINT('',(84.13995974934,30.966502225153,0.));
#2624 = CARTESIAN_POINT('',(84.116083854896,30.978862126552,0.));
#2625 = CARTESIAN_POINT('',(84.092190345997,30.991214170268,0.));
#2626 = CARTESIAN_POINT('',(84.068279224189,31.003558346845,0.));
#2627 = CARTESIAN_POINT('',(84.044350490978,31.015894646708,0.));
#2628 = CARTESIAN_POINT('',(84.020404147979,31.028223060458,0.));
#2629 = CARTESIAN_POINT('',(83.996440196783,31.040543578616,0.));
#2630 = CARTESIAN_POINT('',(83.972458638927,31.052856191606,0.));
#2631 = CARTESIAN_POINT('',(83.948459476001,31.065160889924,0.));
#2632 = CARTESIAN_POINT('',(83.924442709621,31.077457664095,0.));
#2633 = CARTESIAN_POINT('',(83.900408341343,31.089746504524,0.));
#2634 = CARTESIAN_POINT('',(83.876356372746,31.102027401598,0.));
#2635 = CARTESIAN_POINT('',(83.852286805525,31.114300345918,0.));
#2636 = CARTESIAN_POINT('',(83.828199641239,31.126565327773,0.));
#2637 = CARTESIAN_POINT('',(83.80409488152,31.138822337629,0.));
#2638 = CARTESIAN_POINT('',(83.779972527995,31.151071365912,0.));
#2639 = CARTESIAN_POINT('',(83.755832582253,31.163312402912,0.));
#2640 = CARTESIAN_POINT('',(83.731675045992,31.175545439126,0.));
#2641 = CARTESIAN_POINT('',(83.70749992085,31.187770464927,0.));
#2642 = CARTESIAN_POINT('',(83.683307208393,31.199987470499,0.));
#2643 = CARTESIAN_POINT('',(83.659096910388,31.21219644641,0.));
#2644 = CARTESIAN_POINT('',(83.634869028467,31.224397382907,0.));
#2645 = CARTESIAN_POINT('',(83.610623564263,31.236590270263,0.));
#2646 = CARTESIAN_POINT('',(83.586360519486,31.248775098896,0.));
#2647 = CARTESIAN_POINT('',(83.562079895775,31.260951858988,0.));
#2648 = CARTESIAN_POINT('',(83.537781694873,31.273120540952,0.));
#2649 = CARTESIAN_POINT('',(83.513465918445,31.285281134991,0.));
#2650 = CARTESIAN_POINT('',(83.4891325682,31.29743363143,0.));
#2651 = CARTESIAN_POINT('',(83.464781645808,31.309578020437,0.));
#2652 = CARTESIAN_POINT('',(83.440413153033,31.321714292359,0.));
#2653 = CARTESIAN_POINT('',(83.416027091588,31.333842437416,0.));
#2654 = CARTESIAN_POINT('',(83.391623463153,31.345962445755,0.));
#2655 = CARTESIAN_POINT('',(83.367202269499,31.358074307684,0.));
#2656 = CARTESIAN_POINT('',(83.342763512345,31.370178013343,0.));
#2657 = CARTESIAN_POINT('',(83.318307193458,31.382273552952,0.));
#2658 = CARTESIAN_POINT('',(83.293833314604,31.394360916727,0.));
#2659 = CARTESIAN_POINT('',(83.269341877495,31.406440094802,0.));
#2660 = CARTESIAN_POINT('',(83.244832883849,31.418511077211,0.));
#2661 = CARTESIAN_POINT('',(83.220306335571,31.430573854357,0.));
#2662 = CARTESIAN_POINT('',(83.19576223437,31.442628416224,0.));
#2663 = CARTESIAN_POINT('',(83.171200581987,31.454674752893,0.));
#2664 = CARTESIAN_POINT('',(83.146621380261,31.466712854589,0.));
#2665 = CARTESIAN_POINT('',(83.122024630969,31.478742711333,0.));
#2666 = CARTESIAN_POINT('',(83.097410335937,31.490764313259,0.));
#2667 = CARTESIAN_POINT('',(83.072778496981,31.502777650483,0.));
#2668 = CARTESIAN_POINT('',(83.048129115855,31.514782712965,0.));
#2669 = CARTESIAN_POINT('',(83.023462194408,31.526779490828,0.));
#2670 = CARTESIAN_POINT('',(82.998777734491,31.538767974115,0.));
#2671 = CARTESIAN_POINT('',(82.974075737956,31.550748152922,0.));
#2672 = CARTESIAN_POINT('',(82.949356206575,31.562720017109,0.));
#2673 = CARTESIAN_POINT('',(82.924619142275,31.574683556873,0.));
#2674 = CARTESIAN_POINT('',(82.899864546871,31.586638762129,0.));
#2675 = CARTESIAN_POINT('',(82.87509242219,31.598585622792,0.));
#2676 = CARTESIAN_POINT('',(82.850302770179,31.610524129016,0.));
#2677 = CARTESIAN_POINT('',(82.825495592657,31.622454270622,0.));
#2678 = CARTESIAN_POINT('',(82.800670891518,31.634376037609,0.));
#2679 = CARTESIAN_POINT('',(82.775828668673,31.646289419993,0.));
#2680 = CARTESIAN_POINT('',(82.750968925948,31.658194407552,0.));
#2681 = CARTESIAN_POINT('',(82.726091665311,31.670090990331,0.));
#2682 = CARTESIAN_POINT('',(82.701196888691,31.68197915827,0.));
#2683 = CARTESIAN_POINT('',(82.676284597939,31.693858901151,0.));
#2684 = CARTESIAN_POINT('',(82.651354794995,31.705730208933,0.));
#2685 = CARTESIAN_POINT('',(82.626407481792,31.717593071473,0.));
#2686 = CARTESIAN_POINT('',(82.601442660279,31.729447478657,0.));
#2687 = CARTESIAN_POINT('',(82.576460332397,31.741293420342,0.));
#2688 = CARTESIAN_POINT('',(82.551460500069,31.753130886317,0.));
#2689 = CARTESIAN_POINT('',(82.526443165285,31.764959866504,0.));
#2690 = CARTESIAN_POINT('',(82.50140832997,31.776780350634,0.));
#2691 = CARTESIAN_POINT('',(82.476355996106,31.788592328552,0.));
#2692 = CARTESIAN_POINT('',(82.451286165688,31.800395790083,0.));
#2693 = CARTESIAN_POINT('',(82.426198840682,31.812190724965,0.));
#2694 = CARTESIAN_POINT('',(82.401094023096,31.823977123019,0.));
#2695 = CARTESIAN_POINT('',(82.375971714919,31.835754973992,0.));
#2696 = CARTESIAN_POINT('',(82.350831918135,31.847524267602,0.));
#2697 = CARTESIAN_POINT('',(82.325674634779,31.859284993661,0.));
#2698 = CARTESIAN_POINT('',(82.300499866834,31.871037141792,0.));
#2699 = CARTESIAN_POINT('',(82.275307616383,31.882780701845,0.));
#2700 = CARTESIAN_POINT('',(82.250097885423,31.894515663433,0.));
#2701 = CARTESIAN_POINT('',(82.224870675991,31.906242016292,0.));
#2702 = CARTESIAN_POINT('',(82.199625990119,31.917959750061,0.));
#2703 = CARTESIAN_POINT('',(82.174363829888,31.929668854465,0.));
#2704 = CARTESIAN_POINT('',(82.149084197358,31.941369319157,0.));
#2705 = CARTESIAN_POINT('',(82.123787094578,31.95306113376,0.));
#2706 = CARTESIAN_POINT('',(82.098472523624,31.964744287921,0.));
#2707 = CARTESIAN_POINT('',(82.073140486592,31.976418771298,0.));
#2708 = CARTESIAN_POINT('',(82.047790985548,31.988084573448,0.));
#2709 = CARTESIAN_POINT('',(82.022424022608,31.999741684049,0.));
#2710 = CARTESIAN_POINT('',(81.997039599843,32.011390092609,0.));
#2711 = CARTESIAN_POINT('',(81.971637719392,32.023029788759,0.));
#2712 = CARTESIAN_POINT('',(81.946218383393,32.034660762124,0.));
#2713 = CARTESIAN_POINT('',(81.920781593911,32.046283002125,0.));
#2714 = CARTESIAN_POINT('',(81.895327353122,32.057896498436,0.));
#2715 = CARTESIAN_POINT('',(81.869855663148,32.069501240526,0.));
#2716 = CARTESIAN_POINT('',(81.844366526134,32.081097217942,0.));
#2717 = CARTESIAN_POINT('',(81.818859944223,32.092684420191,0.));
#2718 = CARTESIAN_POINT('',(81.793335919568,32.104262836734,0.));
#2719 = CARTESIAN_POINT('',(81.767794454382,32.115832457146,0.));
#2720 = CARTESIAN_POINT('',(81.74223555082,32.127393270875,0.));
#2721 = CARTESIAN_POINT('',(81.716659211027,32.138945267303,0.));
#2722 = CARTESIAN_POINT('',(81.691065437247,32.150488436035,0.));
#2723 = CARTESIAN_POINT('',(81.665454231623,32.162022766388,0.));
#2724 = CARTESIAN_POINT('',(81.639825596363,32.173548247812,0.));
#2725 = CARTESIAN_POINT('',(81.614179533721,32.185064869797,0.));
#2726 = CARTESIAN_POINT('',(81.588516045905,32.196572621714,0.));
#2727 = CARTESIAN_POINT('',(81.562835135116,32.208071492952,0.));
#2728 = CARTESIAN_POINT('',(81.537136803578,32.219561472873,0.));
#2729 = CARTESIAN_POINT('',(81.511421053562,32.231042550887,0.));
#2730 = CARTESIAN_POINT('',(81.485687887336,32.242514716413,0.));
#2731 = CARTESIAN_POINT('',(81.459937307093,32.253977958666,0.));
#2732 = CARTESIAN_POINT('',(81.434169315128,32.265432267103,0.));
#2733 = CARTESIAN_POINT('',(81.408383913693,32.276877630975,0.));
#2734 = CARTESIAN_POINT('',(81.382581105091,32.288314039639,0.));
#2735 = CARTESIAN_POINT('',(81.356760891623,32.299741482445,0.));
#2736 = CARTESIAN_POINT('',(81.330923275531,32.311159948589,0.));
#2737 = CARTESIAN_POINT('',(81.305068259129,32.322569427385,0.));
#2738 = CARTESIAN_POINT('',(81.279195844763,32.33396990818,0.));
#2739 = CARTESIAN_POINT('',(81.253306034706,32.345361380119,0.));
#2740 = CARTESIAN_POINT('',(81.227398831312,32.356743832533,0.));
#2741 = CARTESIAN_POINT('',(81.201474236898,32.368117254661,0.));
#2742 = CARTESIAN_POINT('',(81.175532253752,32.379481635596,0.));
#2743 = CARTESIAN_POINT('',(81.149572884293,32.390836964741,0.));
#2744 = CARTESIAN_POINT('',(81.123596130832,32.402183231148,0.));
#2745 = CARTESIAN_POINT('',(81.097601995759,32.413520424095,0.));
#2746 = CARTESIAN_POINT('',(81.071590481434,32.42484853274,0.));
#2747 = CARTESIAN_POINT('',(81.045561590213,32.436167546211,0.));
#2748 = CARTESIAN_POINT('',(81.01951532449,32.447477453711,0.));
#2749 = CARTESIAN_POINT('',(80.993451686645,32.458778244335,0.));
#2750 = CARTESIAN_POINT('',(80.967370679104,32.470069907261,0.));
#2751 = CARTESIAN_POINT('',(80.941272304271,32.481352431597,0.));
#2752 = CARTESIAN_POINT('',(80.915156564549,32.492625806471,0.));
#2753 = CARTESIAN_POINT('',(80.889023462318,32.503890020858,0.));
#2754 = CARTESIAN_POINT('',(80.862873000089,32.515145064025,0.));
#2755 = CARTESIAN_POINT('',(80.836705180265,32.526390924965,0.));
#2756 = CARTESIAN_POINT('',(80.810520005253,32.537627592652,0.));
#2757 = CARTESIAN_POINT('',(80.784317477571,32.548855056285,0.));
#2758 = CARTESIAN_POINT('',(80.758097599659,32.560073304858,0.));
#2759 = CARTESIAN_POINT('',(80.731860373937,32.571282327285,0.));
#2760 = CARTESIAN_POINT('',(80.705605802943,32.582482112749,0.));
#2761 = CARTESIAN_POINT('',(80.67933388913,32.593672650138,0.));
#2762 = CARTESIAN_POINT('',(80.653044635009,32.604853928469,0.));
#2763 = CARTESIAN_POINT('',(80.626738043106,32.616025936818,0.));
#2764 = CARTESIAN_POINT('',(80.600414115854,32.627188663997,0.));
#2765 = CARTESIAN_POINT('',(80.574072855791,32.638342098998,0.));
#2766 = CARTESIAN_POINT('',(80.547714265511,32.649486230905,0.));
#2767 = CARTESIAN_POINT('',(80.521338347485,32.660621048506,0.));
#2768 = CARTESIAN_POINT('',(80.49494510424,32.671746540747,0.));
#2769 = CARTESIAN_POINT('',(80.468534538353,32.682862696562,0.));
#2770 = CARTESIAN_POINT('',(80.442106652403,32.693969504873,0.));
#2771 = CARTESIAN_POINT('',(80.415661448935,32.705066954562,0.));
#2772 = CARTESIAN_POINT('',(80.38919893048,32.716155034408,0.));
#2773 = CARTESIAN_POINT('',(80.36271909967,32.72723373341,0.));
#2774 = CARTESIAN_POINT('',(80.336221959068,32.738303040334,0.));
#2775 = CARTESIAN_POINT('',(80.309707511271,32.749362944021,0.));
#2776 = CARTESIAN_POINT('',(80.283175758917,32.760413433369,0.));
#2777 = CARTESIAN_POINT('',(80.256626704594,32.77145449713,0.));
#2778 = CARTESIAN_POINT('',(80.230060350914,32.782486124126,0.));
#2779 = CARTESIAN_POINT('',(80.203476700504,32.793508303139,0.));
#2780 = CARTESIAN_POINT('',(80.176875756014,32.80452102295,0.));
#2781 = CARTESIAN_POINT('',(80.150257520109,32.815524272392,0.));
#2782 = CARTESIAN_POINT('',(80.1236219954,32.82651804012,0.));
#2783 = CARTESIAN_POINT('',(80.096969184566,32.837502314941,0.));
#2784 = CARTESIAN_POINT('',(80.070299090281,32.848477085594,0.));
#2785 = CARTESIAN_POINT('',(80.043611715213,32.859442340736,0.));
#2786 = CARTESIAN_POINT('',(80.016907062093,32.870398069201,0.));
#2787 = CARTESIAN_POINT('',(79.990185133577,32.881344259585,0.));
#2788 = CARTESIAN_POINT('',(79.963445932363,32.892280900584,0.));
#2789 = CARTESIAN_POINT('',(79.936689461183,32.903207980945,0.));
#2790 = CARTESIAN_POINT('',(79.909915722724,32.914125489208,0.));
#2791 = CARTESIAN_POINT('',(79.883124719762,32.92503341416,0.));
#2792 = CARTESIAN_POINT('',(79.856316455006,32.935931744378,0.));
#2793 = CARTESIAN_POINT('',(79.829490931175,32.946820468428,0.));
#2794 = CARTESIAN_POINT('',(79.802648151073,32.957699575058,0.));
#2795 = CARTESIAN_POINT('',(79.775788117432,32.968569052764,0.));
#2796 = CARTESIAN_POINT('',(79.748910833036,32.979428890205,0.));
#2797 = CARTESIAN_POINT('',(79.722016300654,32.990279075911,0.));
#2798 = CARTESIAN_POINT('',(79.695104523091,33.001119598512,0.));
#2799 = CARTESIAN_POINT('',(79.668175503115,33.011950446523,0.));
#2800 = CARTESIAN_POINT('',(79.641229243515,33.022771608446,0.));
#2801 = CARTESIAN_POINT('',(79.614265747153,33.033583072895,0.));
#2802 = CARTESIAN_POINT('',(79.587285016861,33.044384828426,0.));
#2803 = CARTESIAN_POINT('',(79.560287055399,33.055176863411,0.));
#2804 = CARTESIAN_POINT('',(79.533271865628,33.065959166421,0.));
#2805 = CARTESIAN_POINT('',(79.506239450428,33.076731725985,0.));
#2806 = CARTESIAN_POINT('',(79.479189812635,33.087494530519,0.));
#2807 = CARTESIAN_POINT('',(79.452122955118,33.098247568505,0.));
#2808 = CARTESIAN_POINT('',(79.425038880758,33.108990828414,0.));
#2809 = CARTESIAN_POINT('',(79.397937592415,33.119724298673,0.));
#2810 = CARTESIAN_POINT('',(79.370819092954,33.130447967648,0.));
#2811 = CARTESIAN_POINT('',(79.343683385314,33.141161823824,0.));
#2812 = CARTESIAN_POINT('',(79.31653047242,33.151865855646,0.));
#2813 = CARTESIAN_POINT('',(79.289360357139,33.162560051382,0.));
#2814 = CARTESIAN_POINT('',(79.262173042428,33.173244399503,0.));
#2815 = CARTESIAN_POINT('',(79.234968531225,33.183918888399,0.));
#2816 = CARTESIAN_POINT('',(79.20774682642,33.194583506296,0.));
#2817 = CARTESIAN_POINT('',(79.180507931012,33.205238241673,0.));
#2818 = CARTESIAN_POINT('',(79.153251847954,33.21588308281,0.));
#2819 = CARTESIAN_POINT('',(79.125978580206,33.226518018004,0.));
#2820 = CARTESIAN_POINT('',(79.098688130766,33.237143035646,0.));
#2821 = CARTESIAN_POINT('',(79.071380502578,33.247758123923,0.));
#2822 = CARTESIAN_POINT('',(79.044055698658,33.258363271174,0.));
#2823 = CARTESIAN_POINT('',(79.016713722038,33.268958465706,0.));
#2824 = CARTESIAN_POINT('',(78.989354575708,33.279543695759,0.));
#2825 = CARTESIAN_POINT('',(78.961978262654,33.290118949519,0.));
#2826 = CARTESIAN_POINT('',(78.934584785936,33.300684215269,0.));
#2827 = CARTESIAN_POINT('',(78.907174148628,33.311239481299,0.));
#2828 = CARTESIAN_POINT('',(78.879746353739,33.321784735739,0.));
#2829 = CARTESIAN_POINT('',(78.852301404315,33.332319966784,0.));
#2830 = CARTESIAN_POINT('',(78.824839303453,33.342845162691,0.));
#2831 = CARTESIAN_POINT('',(78.797360054218,33.353360311596,0.));
#2832 = CARTESIAN_POINT('',(78.769863659686,33.363865401657,0.));
#2833 = CARTESIAN_POINT('',(78.742350122954,33.374360421071,0.));
#2834 = CARTESIAN_POINT('',(78.714819447103,33.384845357893,0.));
#2835 = CARTESIAN_POINT('',(78.687271635288,33.395320200341,0.));
#2836 = CARTESIAN_POINT('',(78.659706690637,33.405784936568,0.));
#2837 = CARTESIAN_POINT('',(78.632124616212,33.416239554519,0.));
#2838 = CARTESIAN_POINT('',(78.604525415194,33.426684042445,0.));
#2839 = CARTESIAN_POINT('',(78.576909090723,33.437118388313,0.));
#2840 = CARTESIAN_POINT('',(78.549275645996,33.44754258033,0.));
#2841 = CARTESIAN_POINT('',(78.521625084132,33.457956606448,0.));
#2842 = CARTESIAN_POINT('',(78.493957408284,33.468360454703,0.));
#2843 = CARTESIAN_POINT('',(78.46627262166,33.478754113178,0.));
#2844 = CARTESIAN_POINT('',(78.43857072747,33.489137569872,0.));
#2845 = CARTESIAN_POINT('',(78.410851728935,33.499510812871,0.));
#2846 = CARTESIAN_POINT('',(78.383115629222,33.509873830047,0.));
#2847 = CARTESIAN_POINT('',(78.355362431575,33.52022660948,0.));
#2848 = CARTESIAN_POINT('',(78.327592139224,33.530569139124,0.));
#2849 = CARTESIAN_POINT('',(78.2998047554,33.540901406897,0.));
#2850 = CARTESIAN_POINT('',(78.272000283376,33.551223400859,0.));
#2851 = CARTESIAN_POINT('',(78.244178726359,33.561535108815,0.));
#2852 = CARTESIAN_POINT('',(78.216340087638,33.571836518725,0.));
#2853 = CARTESIAN_POINT('',(78.188484370541,33.582127618627,0.));
#2854 = CARTESIAN_POINT('',(78.160611578298,33.592408396289,0.));
#2855 = CARTESIAN_POINT('',(78.132721714195,33.602678839587,0.));
#2856 = CARTESIAN_POINT('',(78.104814781596,33.612938936538,0.));
#2857 = CARTESIAN_POINT('',(78.076890783786,33.623188674914,0.));
#2858 = CARTESIAN_POINT('',(78.048949724068,33.63342804254,0.));
#2859 = CARTESIAN_POINT('',(78.020991605804,33.643657027373,0.));
#2860 = CARTESIAN_POINT('',(77.9930164323,33.653875617079,0.));
#2861 = CARTESIAN_POINT('',(77.965024206964,33.664083799661,0.));
#2862 = CARTESIAN_POINT('',(77.937014933123,33.67428156281,0.));
#2863 = CARTESIAN_POINT('',(77.908988614137,33.684468894324,0.));
#2864 = CARTESIAN_POINT('',(77.880945253411,33.694645782034,0.));
#2865 = CARTESIAN_POINT('',(77.852884854339,33.704812213678,0.));
#2866 = CARTESIAN_POINT('',(77.824807420329,33.714968177066,0.));
#2867 = CARTESIAN_POINT('',(77.796712954761,33.725113659857,0.));
#2868 = CARTESIAN_POINT('',(77.768601461067,33.735248649896,0.));
#2869 = CARTESIAN_POINT('',(77.740472942634,33.745373134735,0.));
#2870 = CARTESIAN_POINT('',(77.712327402973,33.755487102271,0.));
#2871 = CARTESIAN_POINT('',(77.684164845522,33.765590540143,0.));
#2872 = CARTESIAN_POINT('',(77.655985273703,33.775683435986,0.));
#2873 = CARTESIAN_POINT('',(77.627788690993,33.785765777509,0.));
#2874 = CARTESIAN_POINT('',(77.599575100882,33.795837552399,0.));
#2875 = CARTESIAN_POINT('',(77.571344506851,33.805898748248,0.));
#2876 = CARTESIAN_POINT('',(77.543096912416,33.815949352814,0.));
#2877 = CARTESIAN_POINT('',(77.514832321024,33.825989353532,0.));
#2878 = CARTESIAN_POINT('',(77.486550736248,33.836018738175,0.));
#2879 = CARTESIAN_POINT('',(77.458252161621,33.846037494336,0.));
#2880 = CARTESIAN_POINT('',(77.429936600643,33.856045609505,0.));
#2881 = CARTESIAN_POINT('',(77.401604056885,33.866043071375,0.));
#2882 = CARTESIAN_POINT('',(77.373254533883,33.876029867432,0.));
#2883 = CARTESIAN_POINT('',(77.344888035206,33.886005985255,0.));
#2884 = CARTESIAN_POINT('',(77.316504564444,33.895971412397,0.));
#2885 = CARTESIAN_POINT('',(77.288104125186,33.90592613641,0.));
#2886 = CARTESIAN_POINT('',(77.259686720993,33.915870144761,0.));
#2887 = CARTESIAN_POINT('',(77.231252355478,33.925803424926,0.));
#2888 = CARTESIAN_POINT('',(77.202801032313,33.935725964553,0.));
#2889 = CARTESIAN_POINT('',(77.174332755078,33.945637750981,0.));
#2890 = CARTESIAN_POINT('',(77.145847527399,33.955538771723,0.));
#2891 = CARTESIAN_POINT('',(77.117345352927,33.965429014235,0.));
#2892 = CARTESIAN_POINT('',(77.088826235327,33.975308465941,0.));
#2893 = CARTESIAN_POINT('',(77.060290178289,33.985177114395,0.));
#2894 = CARTESIAN_POINT('',(77.031737185427,33.995034946805,0.));
#2895 = CARTESIAN_POINT('',(77.00316726048,34.004881950769,0.));
#2896 = CARTESIAN_POINT('',(76.974580407136,34.014718113622,0.));
#2897 = CARTESIAN_POINT('',(76.945976629075,34.024543422722,0.));
#2898 = CARTESIAN_POINT('',(76.917355930016,34.034357865449,0.));
#2899 = CARTESIAN_POINT('',(76.888718313712,34.044161429193,0.));
#2900 = CARTESIAN_POINT('',(76.860063783901,34.053954101342,0.));
#2901 = CARTESIAN_POINT('',(76.831392344282,34.063735869093,0.));
#2902 = CARTESIAN_POINT('',(76.802703998653,34.073506719915,0.));
#2903 = CARTESIAN_POINT('',(76.773998750778,34.083266641057,0.));
#2904 = CARTESIAN_POINT('',(76.74527660443,34.093015619832,0.));
#2905 = CARTESIAN_POINT('',(76.716537563392,34.10275364353,0.));
#2906 = CARTESIAN_POINT('',(76.687781631455,34.112480699414,0.));
#2907 = CARTESIAN_POINT('',(76.659008812436,34.122196774751,0.));
#2908 = CARTESIAN_POINT('',(76.630219110168,34.131901856838,0.));
#2909 = CARTESIAN_POINT('',(76.601412528456,34.141595932857,0.));
#2910 = CARTESIAN_POINT('',(76.572589071138,34.15127899005,0.));
#2911 = CARTESIAN_POINT('',(76.543748742076,34.160951015648,0.));
#2912 = CARTESIAN_POINT('',(76.514891545134,34.170611996878,0.));
#2913 = CARTESIAN_POINT('',(76.486017484163,34.180261920841,0.));
#2914 = CARTESIAN_POINT('',(76.457126563081,34.189900774872,0.));
#2915 = CARTESIAN_POINT('',(76.42821878573,34.199528545977,0.));
#2916 = CARTESIAN_POINT('',(76.39929415603,34.209145221378,0.));
#2917 = CARTESIAN_POINT('',(76.370352677918,34.218750788286,0.));
#2918 = CARTESIAN_POINT('',(76.341394355278,34.228345233711,0.));
#2919 = CARTESIAN_POINT('',(76.312419192061,34.237928544831,0.));
#2920 = CARTESIAN_POINT('',(76.283427192234,34.247500708805,0.));
#2921 = CARTESIAN_POINT('',(76.254418359716,34.257061712651,0.));
#2922 = CARTESIAN_POINT('',(76.225392698468,34.266611543434,0.));
#2923 = CARTESIAN_POINT('',(76.196350212506,34.276150188342,0.));
#2924 = CARTESIAN_POINT('',(76.167290905784,34.285677634332,0.));
#2925 = CARTESIAN_POINT('',(76.138214782297,34.295193868437,0.));
#2926 = CARTESIAN_POINT('',(76.109121846088,34.304698877826,0.));
#2927 = CARTESIAN_POINT('',(76.080012101125,34.31419264937,0.));
#2928 = CARTESIAN_POINT('',(76.050885551444,34.323675170106,0.));
#2929 = CARTESIAN_POINT('',(76.021742201126,34.333146427144,0.));
#2930 = CARTESIAN_POINT('',(75.992582054184,34.342606407359,0.));
#2931 = CARTESIAN_POINT('',(75.963405114675,34.352055097706,0.));
#2932 = CARTESIAN_POINT('',(75.934211386715,34.361492485299,0.));
#2933 = CARTESIAN_POINT('',(75.905000874334,34.370918556929,0.));
#2934 = CARTESIAN_POINT('',(75.875773581636,34.380333299538,0.));
#2935 = CARTESIAN_POINT('',(75.846529512782,34.38973670024,0.));
#2936 = CARTESIAN_POINT('',(75.817268671812,34.399128745739,0.));
#2937 = CARTESIAN_POINT('',(75.787991062846,34.408509422959,0.));
#2938 = CARTESIAN_POINT('',(75.758696690076,34.417878718907,0.));
#2939 = CARTESIAN_POINT('',(75.729385557646,34.42723662038,0.));
#2940 = CARTESIAN_POINT('',(75.700057669701,34.436583114292,0.));
#2941 = CARTESIAN_POINT('',(75.670713030377,34.445918187392,0.));
#2942 = CARTESIAN_POINT('',(75.641351643889,34.455241826616,0.));
#2943 = CARTESIAN_POINT('',(75.611973514429,34.464554018818,0.));
#2944 = CARTESIAN_POINT('',(75.582578646154,34.473854750642,0.));
#2945 = CARTESIAN_POINT('',(75.553167043341,34.483144009111,0.));
#2946 = CARTESIAN_POINT('',(75.523738710192,34.492421780889,0.));
#2947 = CARTESIAN_POINT('',(75.494293650937,34.501688052777,0.));
#2948 = CARTESIAN_POINT('',(75.464831869823,34.510942811584,0.));
#2949 = CARTESIAN_POINT('',(75.435353371082,34.520186043962,0.));
#2950 = CARTESIAN_POINT('',(75.405858159011,34.529417736788,0.));
#2951 = CARTESIAN_POINT('',(75.376346237877,34.538637876652,0.));
#2952 = CARTESIAN_POINT('',(75.346817612009,34.547846450439,0.));
#2953 = CARTESIAN_POINT('',(75.317272285661,34.557043444741,0.));
#2954 = CARTESIAN_POINT('',(75.287710263122,34.566228846206,0.));
#2955 = CARTESIAN_POINT('',(75.258131548771,34.575402641626,0.));
#2956 = CARTESIAN_POINT('',(75.228536146955,34.584564817677,0.));
#2957 = CARTESIAN_POINT('',(75.19892406199,34.593715360924,0.));
#2958 = CARTESIAN_POINT('',(75.169295298241,34.6028542581,0.));
#2959 = CARTESIAN_POINT('',(75.139649860053,34.61198149579,0.));
#2960 = CARTESIAN_POINT('',(75.109987751797,34.621097060553,0.));
#2961 = CARTESIAN_POINT('',(75.080308977915,34.630200939164,0.));
#2962 = CARTESIAN_POINT('',(75.050613542782,34.639293118063,0.));
#2963 = CARTESIAN_POINT('',(75.020901450831,34.648373583943,0.));
#2964 = CARTESIAN_POINT('',(74.991172706472,34.657442323325,0.));
#2965 = CARTESIAN_POINT('',(74.961427314136,34.666499322757,0.));
#2966 = CARTESIAN_POINT('',(74.931665278283,34.675544568833,0.));
#2967 = CARTESIAN_POINT('',(74.901886603358,34.684578048055,0.));
#2968 = CARTESIAN_POINT('',(74.872091293827,34.69359974694,0.));
#2969 = CARTESIAN_POINT('',(74.842279354191,34.702609652003,0.));
#2970 = CARTESIAN_POINT('',(74.812450788969,34.711607749817,0.));
#2971 = CARTESIAN_POINT('',(74.782605602631,34.720594026798,0.));
#2972 = CARTESIAN_POINT('',(74.752743799674,34.729568469378,0.));
#2973 = CARTESIAN_POINT('',(74.722865384661,34.738531064122,0.));
#2974 = CARTESIAN_POINT('',(74.692970362128,34.747481797422,0.));
#2975 = CARTESIAN_POINT('',(74.663058736624,34.756420655744,0.));
#2976 = CARTESIAN_POINT('',(74.633130512702,34.765347625479,0.));
#2977 = CARTESIAN_POINT('',(74.603185694947,34.774262693079,0.));
#2978 = CARTESIAN_POINT('',(74.573224287942,34.78316584492,0.));
#2979 = CARTESIAN_POINT('',(74.543246296285,34.792057067433,0.));
#2980 = CARTESIAN_POINT('',(74.513251724565,34.800936346896,0.));
#2981 = CARTESIAN_POINT('',(74.483240577446,34.809803669811,0.));
#2982 = CARTESIAN_POINT('',(74.453212859549,34.818659022451,0.));
#2983 = CARTESIAN_POINT('',(74.42316857551,34.827502391172,0.));
#2984 = CARTESIAN_POINT('',(74.393107729974,34.83633376233,0.));
#2985 = CARTESIAN_POINT('',(74.363030327591,34.845153122123,0.));
#2986 = CARTESIAN_POINT('',(74.332936373103,34.853960457029,0.));
#2987 = CARTESIAN_POINT('',(74.302825871184,34.862755753299,0.));
#2988 = CARTESIAN_POINT('',(74.272698826483,34.871538997069,0.));
#2989 = CARTESIAN_POINT('',(74.242555243766,34.880310174759,0.));
#2990 = CARTESIAN_POINT('',(74.212395127769,34.889069272637,0.));
#2991 = CARTESIAN_POINT('',(74.182218483187,34.897816276799,0.));
#2992 = CARTESIAN_POINT('',(74.1520253148,34.90655117363,0.));
#2993 = CARTESIAN_POINT('',(74.121815627364,34.915273949248,0.));
#2994 = CARTESIAN_POINT('',(74.091589425669,34.923984589944,0.));
#2995 = CARTESIAN_POINT('',(74.061346714481,34.932683081845,0.));
#2996 = CARTESIAN_POINT('',(74.031087498599,34.941369411149,0.));
#2997 = CARTESIAN_POINT('',(74.000811782845,34.950043564061,0.));
#2998 = CARTESIAN_POINT('',(73.970519572034,34.958705526694,0.));
#2999 = CARTESIAN_POINT('',(73.940210871008,34.967355285231,0.));
#3000 = CARTESIAN_POINT('',(73.909885684618,34.975992825775,0.));
#3001 = CARTESIAN_POINT('',(73.87954401773,34.984618134525,0.));
#3002 = CARTESIAN_POINT('',(73.849185875175,34.993231197466,0.));
#3003 = CARTESIAN_POINT('',(73.818811261855,35.001832000757,0.));
#3004 = CARTESIAN_POINT('',(73.788420182685,35.01042053055,0.));
#3005 = CARTESIAN_POINT('',(73.758012642543,35.018996772783,0.));
#3006 = CARTESIAN_POINT('',(73.727588646383,35.027560713614,0.));
#3007 = CARTESIAN_POINT('',(73.697148199143,35.036112339158,0.));
#3008 = CARTESIAN_POINT('',(73.666691305705,35.044651635236,0.));
#3009 = CARTESIAN_POINT('',(73.636217971063,35.053178588053,0.));
#3010 = CARTESIAN_POINT('',(73.605728200203,35.061693183574,0.));
#3011 = CARTESIAN_POINT('',(73.575221998094,35.070195407812,0.));
#3012 = CARTESIAN_POINT('',(73.544699369708,35.078685246698,0.));
#3013 = CARTESIAN_POINT('',(73.514160320068,35.087162686268,0.));
#3014 = CARTESIAN_POINT('',(73.483604854192,35.095627712468,0.));
#3015 = CARTESIAN_POINT('',(73.453032977104,35.104080311242,0.));
#3016 = CARTESIAN_POINT('',(73.422444693847,35.112520468526,0.));
#3017 = CARTESIAN_POINT('',(73.391840009486,35.12094817028,0.));
#3018 = CARTESIAN_POINT('',(73.361218929079,35.129363402375,0.));
#3019 = CARTESIAN_POINT('',(73.330581457709,35.13776615074,0.));
#3020 = CARTESIAN_POINT('',(73.299927600461,35.146156401304,0.));
#3021 = CARTESIAN_POINT('',(73.269257362424,35.154534139762,0.));
#3022 = CARTESIAN_POINT('',(73.238570748791,35.162899352305,0.));
#3023 = CARTESIAN_POINT('',(73.207867764628,35.17125202454,0.));
#3024 = CARTESIAN_POINT('',(73.17714841505,35.179592142297,0.));
#3025 = CARTESIAN_POINT('',(73.146412705262,35.187919691569,0.));
#3026 = CARTESIAN_POINT('',(73.115660640415,35.196234658046,0.));
#3027 = CARTESIAN_POINT('',(73.084892225687,35.204537027578,0.));
#3028 = CARTESIAN_POINT('',(73.054107466275,35.212826785958,0.));
#3029 = CARTESIAN_POINT('',(73.023306367385,35.221103918968,0.));
#3030 = CARTESIAN_POINT('',(72.992488934232,35.229368412366,0.));
#3031 = CARTESIAN_POINT('',(72.961655172052,35.237620251914,0.));
#3032 = CARTESIAN_POINT('',(72.930805086087,35.245859423399,0.));
#3033 = CARTESIAN_POINT('',(72.899938681565,35.254085912444,0.));
#3034 = CARTESIAN_POINT('',(72.869055963787,35.262299704865,0.));
#3035 = CARTESIAN_POINT('',(72.838156938044,35.270500786385,0.));
#3036 = CARTESIAN_POINT('',(72.807241609602,35.27868914262,0.));
#3037 = CARTESIAN_POINT('',(72.77630998377,35.286864759289,0.));
#3038 = CARTESIAN_POINT('',(72.745362065877,35.295027622104,0.));
#3039 = CARTESIAN_POINT('',(72.714397861239,35.303177716634,0.));
#3040 = CARTESIAN_POINT('',(72.68341737522,35.311315028618,0.));
#3041 = CARTESIAN_POINT('',(72.652420613183,35.319439543636,0.));
#3042 = CARTESIAN_POINT('',(72.621407580506,35.327551247359,0.));
#3043 = CARTESIAN_POINT('',(72.590378282551,35.335650125389,0.));
#3044 = CARTESIAN_POINT('',(72.559332724691,35.343736163204,0.));
#3045 = CARTESIAN_POINT('',(72.528270912381,35.351809346594,0.));
#3046 = CARTESIAN_POINT('',(72.497192851027,35.359869660962,0.));
#3047 = CARTESIAN_POINT('',(72.466098546073,35.36791709199,0.));
#3048 = CARTESIAN_POINT('',(72.434988002951,35.375951625162,0.));
#3049 = CARTESIAN_POINT('',(72.403861227122,35.383973245973,0.));
#3050 = CARTESIAN_POINT('',(72.372718224097,35.391981940108,0.));
#3051 = CARTESIAN_POINT('',(72.34155899933,35.399977692921,0.));
#3052 = CARTESIAN_POINT('',(72.310383558325,35.407960489963,0.));
#3053 = CARTESIAN_POINT('',(72.279191906606,35.415930316786,0.));
#3054 = CARTESIAN_POINT('',(72.247984049679,35.423887158743,0.));
#3055 = CARTESIAN_POINT('',(72.216759993114,35.431831001401,0.));
#3056 = CARTESIAN_POINT('',(72.185519742476,35.43976183022,0.));
#3057 = CARTESIAN_POINT('',(72.154263303295,35.44767963059,0.));
#3058 = CARTESIAN_POINT('',(72.122990681141,35.455584387885,0.));
#3059 = CARTESIAN_POINT('',(72.09170188165,35.463476087658,0.));
#3060 = CARTESIAN_POINT('',(72.060396910417,35.471354715251,0.));
#3061 = CARTESIAN_POINT('',(72.029075773039,35.479220255998,0.));
#3062 = CARTESIAN_POINT('',(71.997738475172,35.487072695365,0.));
#3063 = CARTESIAN_POINT('',(71.966385022458,35.494912018702,0.));
#3064 = CARTESIAN_POINT('',(71.935015420544,35.502738211295,0.));
#3065 = CARTESIAN_POINT('',(71.903629675134,35.510551258586,0.));
#3066 = CARTESIAN_POINT('',(71.872227791905,35.518351145899,0.));
#3067 = CARTESIAN_POINT('',(71.840809776521,35.526137858435,0.));
#3068 = CARTESIAN_POINT('',(71.809375634716,35.533911381636,0.));
#3069 = CARTESIAN_POINT('',(71.777925372225,35.541671700696,0.));
#3070 = CARTESIAN_POINT('',(71.746458994805,35.549418801014,0.));
#3071 = CARTESIAN_POINT('',(71.714976508181,35.557152667766,0.));
#3072 = CARTESIAN_POINT('',(71.683477918118,35.5648732862,0.));
#3073 = CARTESIAN_POINT('',(71.651963230429,35.572580641647,0.));
#3074 = CARTESIAN_POINT('',(71.620432450897,35.580274719326,0.));
#3075 = CARTESIAN_POINT('',(71.588885585297,35.587955504346,0.));
#3076 = CARTESIAN_POINT('',(71.557322639484,35.595622982052,0.));
#3077 = CARTESIAN_POINT('',(71.525743619295,35.603277137594,0.));
#3078 = CARTESIAN_POINT('',(71.494148530568,35.610917956148,0.));
#3079 = CARTESIAN_POINT('',(71.462537379162,35.61854542289,0.));
#3080 = CARTESIAN_POINT('',(71.430910170963,35.626159522984,0.));
#3081 = CARTESIAN_POINT('',(71.399266911862,35.633760241622,0.));
#3082 = CARTESIAN_POINT('',(71.367607607752,35.641347563829,0.));
#3083 = CARTESIAN_POINT('',(71.33593226458,35.648921474897,0.));
#3084 = CARTESIAN_POINT('',(71.304240888242,35.656481959814,0.));
#3085 = CARTESIAN_POINT('',(71.272533484675,35.664029003655,0.));
#3086 = CARTESIAN_POINT('',(71.240810059876,35.671562591651,0.));
#3087 = CARTESIAN_POINT('',(71.209070619802,35.679082708758,0.));
#3088 = CARTESIAN_POINT('',(71.177315170433,35.68658934009,0.));
#3089 = CARTESIAN_POINT('',(71.145543717774,35.694082470682,0.));
#3090 = CARTESIAN_POINT('',(71.113756267845,35.701562085599,0.));
#3091 = CARTESIAN_POINT('',(71.081952826673,35.70902816984,0.));
#3092 = CARTESIAN_POINT('',(71.050133400304,35.716480708459,0.));
#3093 = CARTESIAN_POINT('',(71.018297994782,35.723919686437,0.));
#3094 = CARTESIAN_POINT('',(70.986446616174,35.731345088728,0.));
#3095 = CARTESIAN_POINT('',(70.954579270581,35.738756900405,0.));
#3096 = CARTESIAN_POINT('',(70.922695964093,35.746155106348,0.));
#3097 = CARTESIAN_POINT('',(70.890796702823,35.75353969157,0.));
#3098 = CARTESIAN_POINT('',(70.8588814929,35.760910640981,0.));
#3099 = CARTESIAN_POINT('',(70.826950340471,35.76826793954,0.));
#3100 = CARTESIAN_POINT('',(70.795003251686,35.775611572176,0.));
#3101 = CARTESIAN_POINT('',(70.763040232698,35.782941523727,0.));
#3102 = CARTESIAN_POINT('',(70.731061289705,35.790257779178,0.));
#3103 = CARTESIAN_POINT('',(70.699066428904,35.797560323353,0.));
#3104 = CARTESIAN_POINT('',(70.667055656509,35.804849141148,0.));
#3105 = CARTESIAN_POINT('',(70.635028978744,35.812124217447,0.));
#3106 = CARTESIAN_POINT('',(70.602986401828,35.81938553703,0.));
#3107 = CARTESIAN_POINT('',(70.570927932024,35.826633084776,0.));
#3108 = CARTESIAN_POINT('',(70.538853575626,35.83386684549,0.));
#3109 = CARTESIAN_POINT('',(70.506763338936,35.841086804086,0.));
#3110 = CARTESIAN_POINT('',(70.474657228201,35.848292945239,0.));
#3111 = CARTESIAN_POINT('',(70.442535249722,35.855485253708,0.));
#3112 = CARTESIAN_POINT('',(70.410397409864,35.862663714418,0.));
#3113 = CARTESIAN_POINT('',(70.378243714953,35.869828312017,0.));
#3114 = CARTESIAN_POINT('',(70.346074171336,35.87697903128,0.));
#3115 = CARTESIAN_POINT('',(70.313888785386,35.88411585699,0.));
#3116 = CARTESIAN_POINT('',(70.281687563487,35.891238773754,0.));
#3117 = CARTESIAN_POINT('',(70.249470512076,35.898347766506,0.));
#3118 = CARTESIAN_POINT('',(70.217237637527,35.905442819754,0.));
#3119 = CARTESIAN_POINT('',(70.184988946257,35.912523918245,0.));
#3120 = CARTESIAN_POINT('',(70.152724444726,35.919591046674,0.));
#3121 = CARTESIAN_POINT('',(70.120444139389,35.926644189737,0.));
#3122 = CARTESIAN_POINT('',(70.088148036689,35.933683332004,0.));
#3123 = CARTESIAN_POINT('',(70.055836143135,35.940708458138,0.));
#3124 = CARTESIAN_POINT('',(70.023508465264,35.947719552899,0.));
#3125 = CARTESIAN_POINT('',(69.991165009553,35.954716600783,0.));
#3126 = CARTESIAN_POINT('',(69.958805782514,35.961699586354,0.));
#3127 = CARTESIAN_POINT('',(69.926430790726,35.968668494354,0.));
#3128 = CARTESIAN_POINT('',(69.894040040735,35.975623309272,0.));
#3129 = CARTESIAN_POINT('',(69.861633539098,35.982564015671,0.));
#3130 = CARTESIAN_POINT('',(69.829211292419,35.989490598135,0.));
#3131 = CARTESIAN_POINT('',(69.796773307315,35.996403041251,0.));
#3132 = CARTESIAN_POINT('',(69.764319590387,36.003301329494,0.));
#3133 = CARTESIAN_POINT('',(69.731850148262,36.010185447406,0.));
#3134 = CARTESIAN_POINT('',(69.699364987607,36.017055379487,0.));
#3135 = CARTESIAN_POINT('',(69.666864115089,36.023911110326,0.));
#3136 = CARTESIAN_POINT('',(69.634347537355,36.03075262426,0.));
#3137 = CARTESIAN_POINT('',(69.601815261109,36.03757990586,0.));
#3138 = CARTESIAN_POINT('',(69.569267293063,36.044392939604,0.));
#3139 = CARTESIAN_POINT('',(69.53670363994,36.051191709828,0.));
#3140 = CARTESIAN_POINT('',(69.504124308503,36.057976201178,0.));
#3141 = CARTESIAN_POINT('',(69.471529305471,36.064746397884,0.));
#3142 = CARTESIAN_POINT('',(69.438918637602,36.071502284451,0.));
#3143 = CARTESIAN_POINT('',(69.406292311689,36.078243845245,0.));
#3144 = CARTESIAN_POINT('',(69.373650334551,36.084971064699,0.));
#3145 = CARTESIAN_POINT('',(69.340992713004,36.091683927216,0.));
#3146 = CARTESIAN_POINT('',(69.308319453854,36.098382417078,0.));
#3147 = CARTESIAN_POINT('',(69.27563056394,36.105066518725,0.));
#3148 = CARTESIAN_POINT('',(69.242926050111,36.111736216417,0.));
#3149 = CARTESIAN_POINT('',(69.210205919268,36.118391494528,0.));
#3150 = CARTESIAN_POINT('',(69.177470178317,36.125032337469,0.));
#3151 = CARTESIAN_POINT('',(69.14471883413,36.131658729401,0.));
#3152 = CARTESIAN_POINT('',(69.111951893625,36.138270654687,0.));
#3153 = CARTESIAN_POINT('',(69.079169363755,36.144868097631,0.));
#3154 = CARTESIAN_POINT('',(69.046371251457,36.151451042492,0.));
#3155 = CARTESIAN_POINT('',(69.013557563678,36.158019473482,0.));
#3156 = CARTESIAN_POINT('',(68.980728307416,36.164573374901,0.));
#3157 = CARTESIAN_POINT('',(68.947883489686,36.171112730978,0.));
#3158 = CARTESIAN_POINT('',(68.9150231175,36.177637525985,0.));
#3159 = CARTESIAN_POINT('',(68.882147197858,36.184147744041,0.));
#3160 = CARTESIAN_POINT('',(68.849255737804,36.190643369399,0.));
#3161 = CARTESIAN_POINT('',(68.816348744405,36.197124386258,0.));
#3162 = CARTESIAN_POINT('',(68.783426224737,36.203590778748,0.));
#3163 = CARTESIAN_POINT('',(68.750488185894,36.210042531136,0.));
#3164 = CARTESIAN_POINT('',(68.717534634962,36.216479627439,0.));
#3165 = CARTESIAN_POINT('',(68.684565579073,36.222902051903,0.));
#3166 = CARTESIAN_POINT('',(68.65158102536,36.229309788642,0.));
#3167 = CARTESIAN_POINT('',(68.61858098097,36.235702821693,0.));
#3168 = CARTESIAN_POINT('',(68.585565453089,36.242081135304,0.));
#3169 = CARTESIAN_POINT('',(68.552534448882,36.24844471347,0.));
#3170 = CARTESIAN_POINT('',(68.519487975536,36.254793540263,0.));
#3171 = CARTESIAN_POINT('',(68.486426040287,36.261127599808,0.));
#3172 = CARTESIAN_POINT('',(68.453348650369,36.267446876188,0.));
#3173 = CARTESIAN_POINT('',(68.420255813002,36.273751353351,0.));
#3174 = CARTESIAN_POINT('',(68.387147535459,36.280041015398,0.));
#3175 = CARTESIAN_POINT('',(68.35402382503,36.286315846381,0.));
#3176 = CARTESIAN_POINT('',(68.320884688985,36.29257583026,0.));
#3177 = CARTESIAN_POINT('',(68.287730134631,36.298820951004,0.));
#3178 = CARTESIAN_POINT('',(68.254560169318,36.305051192705,0.));
#3179 = CARTESIAN_POINT('',(68.221374800382,36.311266539274,0.));
#3180 = CARTESIAN_POINT('',(68.188174035168,36.31746697468,0.));
#3181 = CARTESIAN_POINT('',(68.154957881041,36.323652482887,0.));
#3182 = CARTESIAN_POINT('',(68.121726345395,36.329823047804,0.));
#3183 = CARTESIAN_POINT('',(68.088479435648,36.335978653416,0.));
#3184 = CARTESIAN_POINT('',(68.055217159217,36.342119283626,0.));
#3185 = CARTESIAN_POINT('',(68.021939523526,36.348244922292,0.));
#3186 = CARTESIAN_POINT('',(67.988646536033,36.354355553377,0.));
#3187 = CARTESIAN_POINT('',(67.955338204202,36.360451160705,0.));
#3188 = CARTESIAN_POINT('',(67.922014535512,36.366531728184,0.));
#3189 = CARTESIAN_POINT('',(67.888675537466,36.372597239635,0.));
#3190 = CARTESIAN_POINT('',(67.855321217601,36.378647678937,0.));
#3191 = CARTESIAN_POINT('',(67.821951583453,36.384683029985,0.));
#3192 = CARTESIAN_POINT('',(67.78856664254,36.390703276466,0.));
#3193 = CARTESIAN_POINT('',(67.755166402439,36.396708402275,0.));
#3194 = CARTESIAN_POINT('',(67.721750870747,36.402698391231,0.));
#3195 = CARTESIAN_POINT('',(67.688320055046,36.408673227096,0.));
#3196 = CARTESIAN_POINT('',(67.654873962941,36.414632893585,0.));
#3197 = CARTESIAN_POINT('',(67.62141260208,36.42057737459,0.));
#3198 = CARTESIAN_POINT('',(67.587935980103,36.426506653756,0.));
#3199 = CARTESIAN_POINT('',(67.554444104677,36.432420714865,0.));
#3200 = CARTESIAN_POINT('',(67.52093698348,36.4383195417,0.));
#3201 = CARTESIAN_POINT('',(67.487414624193,36.444203117844,0.));
#3202 = CARTESIAN_POINT('',(67.453877034552,36.450071427131,0.));
#3203 = CARTESIAN_POINT('',(67.42032422229,36.455924453253,0.));
#3204 = CARTESIAN_POINT('',(67.386756195136,36.46176217977,0.));
#3205 = CARTESIAN_POINT('',(67.353172960855,36.467584590542,0.));
#3206 = CARTESIAN_POINT('',(67.319574527207,36.473391669022,0.));
#3207 = CARTESIAN_POINT('',(67.285960901999,36.479183398992,0.));
#3208 = CARTESIAN_POINT('',(67.252332093062,36.48495976407,0.));
#3209 = CARTESIAN_POINT('',(67.218688108212,36.490720747881,0.));
#3210 = CARTESIAN_POINT('',(67.185028955284,36.496466333982,0.));
#3211 = CARTESIAN_POINT('',(67.151354642154,36.502196506057,0.));
#3212 = CARTESIAN_POINT('',(67.117665176688,36.507911247667,0.));
#3213 = CARTESIAN_POINT('',(67.083960566775,36.513610542313,0.));
#3214 = CARTESIAN_POINT('',(67.050240820346,36.519294373699,0.));
#3215 = CARTESIAN_POINT('',(67.016505945323,36.524962725304,0.));
#3216 = CARTESIAN_POINT('',(66.982755949648,36.530615580625,0.));
#3217 = CARTESIAN_POINT('',(66.948990841298,36.53625292334,0.));
#3218 = CARTESIAN_POINT('',(66.915210628224,36.54187473684,0.));
#3219 = CARTESIAN_POINT('',(66.881415318419,36.547481004599,0.));
#3220 = CARTESIAN_POINT('',(66.847604919918,36.55307171032,0.));
#3221 = CARTESIAN_POINT('',(66.813779440739,36.558646837222,0.));
#3222 = CARTESIAN_POINT('',(66.779938888942,36.564206369019,0.));
#3223 = CARTESIAN_POINT('',(66.746083272579,36.569750289035,0.));
#3224 = CARTESIAN_POINT('',(66.712212599714,36.575278580732,0.));
#3225 = CARTESIAN_POINT('',(66.678326878456,36.580791227586,0.));
#3226 = CARTESIAN_POINT('',(66.644426116926,36.586288213008,0.));
#3227 = CARTESIAN_POINT('',(66.610510323262,36.591769520421,0.));
#3228 = CARTESIAN_POINT('',(66.576579505613,36.597235133243,0.));
#3229 = CARTESIAN_POINT('',(66.542633672117,36.602685034881,0.));
#3230 = CARTESIAN_POINT('',(66.508672830951,36.608119208553,0.));
#3231 = CARTESIAN_POINT('',(66.474696990358,36.613537637901,0.));
#3232 = CARTESIAN_POINT('',(66.440706158542,36.618940306122,0.));
#3233 = CARTESIAN_POINT('',(66.406700343707,36.624327196542,0.));
#3234 = CARTESIAN_POINT('',(66.372679554123,36.629698292557,0.));
#3235 = CARTESIAN_POINT('',(66.33864379807,36.63505357751,0.));
#3236 = CARTESIAN_POINT('',(66.304593083822,36.640393034646,0.));
#3237 = CARTESIAN_POINT('',(66.270527419665,36.645716647344,0.));
#3238 = CARTESIAN_POINT('',(66.236446813919,36.651024398755,0.));
#3239 = CARTESIAN_POINT('',(66.202351274948,36.656316272337,0.));
#3240 = CARTESIAN_POINT('',(66.168240811106,36.661592251252,0.));
#3241 = CARTESIAN_POINT('',(66.134115430753,36.666852318779,0.));
#3242 = CARTESIAN_POINT('',(66.099975142274,36.672096458153,0.));
#3243 = CARTESIAN_POINT('',(66.065819954083,36.677324652615,0.));
#3244 = CARTESIAN_POINT('',(66.031649874603,36.682536885389,0.));
#3245 = CARTESIAN_POINT('',(65.997464912276,36.687733139678,0.));
#3246 = CARTESIAN_POINT('',(65.96326507556,36.692913398682,0.));
#3247 = CARTESIAN_POINT('',(65.929050372921,36.698077645601,0.));
#3248 = CARTESIAN_POINT('',(65.894820812851,36.703225863549,0.));
#3249 = CARTESIAN_POINT('',(65.860576403896,36.708358035747,0.));
#3250 = CARTESIAN_POINT('',(65.826317154583,36.71347414546,0.));
#3251 = CARTESIAN_POINT('',(65.792043073419,36.71857417555,0.));
#3252 = CARTESIAN_POINT('',(65.757754168982,36.723658109379,0.));
#3253 = CARTESIAN_POINT('',(65.723450449864,36.72872593001,0.));
#3254 = CARTESIAN_POINT('',(65.689131924658,36.733777620446,0.));
#3255 = CARTESIAN_POINT('',(65.654798602,36.738813163969,0.));
#3256 = CARTESIAN_POINT('',(65.620450490507,36.743832543533,0.));
#3257 = CARTESIAN_POINT('',(65.586087598819,36.748835742184,0.));
#3258 = CARTESIAN_POINT('',(65.551709935634,36.753822743101,0.));
#3259 = CARTESIAN_POINT('',(65.517317509646,36.758793529258,0.));
#3260 = CARTESIAN_POINT('',(65.482910329535,36.763748083737,0.));
#3261 = CARTESIAN_POINT('',(65.448488404015,36.768686389472,0.));
#3262 = CARTESIAN_POINT('',(65.414051741862,36.773608429549,0.));
#3263 = CARTESIAN_POINT('',(65.379600351853,36.778514187068,0.));
#3264 = CARTESIAN_POINT('',(65.345134242734,36.783403644859,0.));
#3265 = CARTESIAN_POINT('',(65.310653423291,36.78827678595,0.));
#3266 = CARTESIAN_POINT('',(65.276157902352,36.793133593386,0.));
#3267 = CARTESIAN_POINT('',(65.241647688746,36.79797405002,0.));
#3268 = CARTESIAN_POINT('',(65.207122791333,36.80279813887,0.));
#3269 = CARTESIAN_POINT('',(65.172583218986,36.807605842896,0.));
#3270 = CARTESIAN_POINT('',(65.138028980569,36.812397144954,0.));
#3271 = CARTESIAN_POINT('',(65.103460084989,36.817172027958,0.));
#3272 = CARTESIAN_POINT('',(65.068876541193,36.821930474893,0.));
#3273 = CARTESIAN_POINT('',(65.034278358108,36.826672468613,0.));
#3274 = CARTESIAN_POINT('',(64.999665544674,36.83139799193,0.));
#3275 = CARTESIAN_POINT('',(64.965038109882,36.836107027795,0.));
#3276 = CARTESIAN_POINT('',(64.930396062741,36.840799559055,0.));
#3277 = CARTESIAN_POINT('',(64.895739412268,36.845475568537,0.));
#3278 = CARTESIAN_POINT('',(64.861068167481,36.85013503913,0.));
#3279 = CARTESIAN_POINT('',(64.826382337426,36.854777953542,0.));
#3280 = CARTESIAN_POINT('',(64.791681931176,36.859404294719,0.));
#3281 = CARTESIAN_POINT('',(64.756966957811,36.864014045397,0.));
#3282 = CARTESIAN_POINT('',(64.722237426433,36.868607188308,0.));
#3283 = CARTESIAN_POINT('',(64.687493346185,36.873183706377,0.));
#3284 = CARTESIAN_POINT('',(64.652734726205,36.877743582274,0.));
#3285 = CARTESIAN_POINT('',(64.617961575653,36.882286798744,0.));
#3286 = CARTESIAN_POINT('',(64.583173903719,36.886813338649,0.));
#3287 = CARTESIAN_POINT('',(64.548371719586,36.891323184595,0.));
#3288 = CARTESIAN_POINT('',(64.513555032456,36.895816319364,0.));
#3289 = CARTESIAN_POINT('',(64.478723851575,36.90029272564,0.));
#3290 = CARTESIAN_POINT('',(64.443878186209,36.904752386177,0.));
#3291 = CARTESIAN_POINT('',(64.409018045621,36.909195283641,0.));
#3292 = CARTESIAN_POINT('',(64.374143439098,36.913621400669,0.));
#3293 = CARTESIAN_POINT('',(64.339254375954,36.918030720016,0.));
#3294 = CARTESIAN_POINT('',(64.304350865513,36.922423224267,0.));
#3295 = CARTESIAN_POINT('',(64.269432917125,36.92679889608,0.));
#3296 = CARTESIAN_POINT('',(64.234500540165,36.93115771815,0.));
#3297 = CARTESIAN_POINT('',(64.199553744003,36.935499673048,0.));
#3298 = CARTESIAN_POINT('',(64.164592538041,36.939824743352,0.));
#3299 = CARTESIAN_POINT('',(64.129616931719,36.944132911762,0.));
#3300 = CARTESIAN_POINT('',(64.094626934464,36.948424160843,0.));
#3301 = CARTESIAN_POINT('',(64.059622555722,36.952698473057,0.));
#3302 = CARTESIAN_POINT('',(64.024603804988,36.956955831144,0.));
#3303 = CARTESIAN_POINT('',(63.98957069178,36.961196217557,0.));
#3304 = CARTESIAN_POINT('',(63.954523225594,36.965419614932,0.));
#3305 = CARTESIAN_POINT('',(63.919461415945,36.969626005687,0.));
#3306 = CARTESIAN_POINT('',(63.884385272402,36.973815372379,0.));
#3307 = CARTESIAN_POINT('',(63.849294804548,36.977987697668,0.));
#3308 = CARTESIAN_POINT('',(63.814190021969,36.982142963806,0.));
#3309 = CARTESIAN_POINT('',(63.779070934288,36.986281153514,0.));
#3310 = CARTESIAN_POINT('',(63.743937551136,36.9904022492,0.));
#3311 = CARTESIAN_POINT('',(63.708789882136,36.994506233249,0.));
#3312 = CARTESIAN_POINT('',(63.673627936955,36.998593088231,0.));
#3313 = CARTESIAN_POINT('',(63.638451725303,37.002662796504,0.));
#3314 = CARTESIAN_POINT('',(63.603261256909,37.006715340605,0.));
#3315 = CARTESIAN_POINT('',(63.568056541488,37.010750702967,0.));
#3316 = CARTESIAN_POINT('',(63.532837588751,37.014768865865,0.));
#3317 = CARTESIAN_POINT('',(63.49760440846,37.018769811814,0.));
#3318 = CARTESIAN_POINT('',(63.46235701043,37.022753523167,0.));
#3319 = CARTESIAN_POINT('',(63.427095404475,37.026719982376,0.));
#3320 = CARTESIAN_POINT('',(63.391819600408,37.030669171759,0.));
#3321 = CARTESIAN_POINT('',(63.356529608059,37.034601073667,0.));
#3322 = CARTESIAN_POINT('',(63.321225437289,37.038515670487,0.));
#3323 = CARTESIAN_POINT('',(63.285907097981,37.042412944525,0.));
#3324 = CARTESIAN_POINT('',(63.250574600039,37.046292878135,0.));
#3325 = CARTESIAN_POINT('',(63.215227953385,37.050155453631,0.));
#3326 = CARTESIAN_POINT('',(63.179867167965,37.054000653315,0.));
#3327 = CARTESIAN_POINT('',(63.144492253737,37.05782845951,0.));
#3328 = CARTESIAN_POINT('',(63.109103220674,37.06163885448,0.));
#3329 = CARTESIAN_POINT('',(63.07370007877,37.065431820473,0.));
#3330 = CARTESIAN_POINT('',(63.038282838045,37.069207339831,0.));
#3331 = CARTESIAN_POINT('',(63.002851508545,37.072965394696,0.));
#3332 = CARTESIAN_POINT('',(62.967406100319,37.076705967468,0.));
#3333 = CARTESIAN_POINT('',(62.931946623449,37.08042904019,0.));
#3334 = CARTESIAN_POINT('',(62.89647308804,37.084134595243,0.));
#3335 = CARTESIAN_POINT('',(62.860985504195,37.087822614833,0.));
#3336 = CARTESIAN_POINT('',(62.825483882047,37.091493080941,0.));
#3337 = CARTESIAN_POINT('',(62.789968231768,37.095145976093,0.));
#3338 = CARTESIAN_POINT('',(62.754438563531,37.098781282234,0.));
#3339 = CARTESIAN_POINT('',(62.718894887516,37.102398981558,0.));
#3340 = CARTESIAN_POINT('',(62.683337213951,37.105999056321,0.));
#3341 = CARTESIAN_POINT('',(62.647765553074,37.10958148859,0.));
#3342 = CARTESIAN_POINT('',(62.612179915137,37.113146260501,0.));
#3343 = CARTESIAN_POINT('',(62.576580310428,37.116693354244,0.));
#3344 = CARTESIAN_POINT('',(62.54096674922,37.120222751907,0.));
#3345 = CARTESIAN_POINT('',(62.505339241826,37.123734435482,0.));
#3346 = CARTESIAN_POINT('',(62.469697798598,37.127228387251,0.));
#3347 = CARTESIAN_POINT('',(62.434042429893,37.130704589208,0.));
#3348 = CARTESIAN_POINT('',(62.398373146095,37.134163023327,0.));
#3349 = CARTESIAN_POINT('',(62.362689957594,37.137603671969,0.));
#3350 = CARTESIAN_POINT('',(62.326992874793,37.141026516805,0.));
#3351 = CARTESIAN_POINT('',(62.291281908121,37.144431540121,0.));
#3352 = CARTESIAN_POINT('',(62.255557068053,37.147818723918,0.));
#3353 = CARTESIAN_POINT('',(62.219818365061,37.151188050121,0.));
#3354 = CARTESIAN_POINT('',(62.184065809652,37.154539500838,0.));
#3355 = CARTESIAN_POINT('',(62.148299412332,37.157873058087,0.));
#3356 = CARTESIAN_POINT('',(62.112519183624,37.161188703695,0.));
#3357 = CARTESIAN_POINT('',(62.076725134102,37.164486419795,0.));
#3358 = CARTESIAN_POINT('',(62.040917274359,37.16776618835,0.));
#3359 = CARTESIAN_POINT('',(62.005095614984,37.171027991226,0.));
#3360 = CARTESIAN_POINT('',(61.969260166588,37.174271810453,0.));
#3361 = CARTESIAN_POINT('',(61.933410939808,37.177497627931,0.));
#3362 = CARTESIAN_POINT('',(61.897547945309,37.180705425548,0.));
#3363 = CARTESIAN_POINT('',(61.861671193771,37.183895185323,0.));
#3364 = CARTESIAN_POINT('',(61.825780695895,37.187066889056,0.));
#3365 = CARTESIAN_POINT('',(61.789876462404,37.190220518677,0.));
#3366 = CARTESIAN_POINT('',(61.753958504036,37.193356056144,0.));
#3367 = CARTESIAN_POINT('',(61.718026831554,37.196473483165,0.));
#3368 = CARTESIAN_POINT('',(61.682081455741,37.19957278179,0.));
#3369 = CARTESIAN_POINT('',(61.646122387432,37.202653933719,0.));
#3370 = CARTESIAN_POINT('',(61.610149637436,37.205716920975,0.));
#3371 = CARTESIAN_POINT('',(61.574163216566,37.208761725211,0.));
#3372 = CARTESIAN_POINT('',(61.538163135689,37.21178832824,0.));
#3373 = CARTESIAN_POINT('',(61.502149405716,37.214796712066,0.));
#3374 = CARTESIAN_POINT('',(61.466122037563,37.217786858311,0.));
#3375 = CARTESIAN_POINT('',(61.430081042137,37.220758748858,0.));
#3376 = CARTESIAN_POINT('',(61.394026430408,37.223712365421,0.));
#3377 = CARTESIAN_POINT('',(61.357958213339,37.226647689899,0.));
#3378 = CARTESIAN_POINT('',(61.321876401923,37.229564703865,0.));
#3379 = CARTESIAN_POINT('',(61.285781007157,37.232463389252,0.));
#3380 = CARTESIAN_POINT('',(61.249672040068,37.235343727671,0.));
#3381 = CARTESIAN_POINT('',(61.213549511721,37.238205700834,0.));
#3382 = CARTESIAN_POINT('',(61.17741343321,37.241049290643,0.));
#3383 = CARTESIAN_POINT('',(61.14126381563,37.243874478627,0.));
#3384 = CARTESIAN_POINT('',(61.105100670077,37.246681246559,0.));
#3385 = CARTESIAN_POINT('',(61.068924007694,37.249469576117,0.));
#3386 = CARTESIAN_POINT('',(61.032733839647,37.252239448962,0.));
#3387 = CARTESIAN_POINT('',(60.996530177103,37.25499084682,0.));
#3388 = CARTESIAN_POINT('',(60.960313031257,37.25772375125,0.));
#3389 = CARTESIAN_POINT('',(60.924082413359,37.260438143933,0.));
#3390 = CARTESIAN_POINT('',(60.887838334659,37.263134006668,0.));
#3391 = CARTESIAN_POINT('',(60.851580806397,37.265811320845,0.));
#3392 = CARTESIAN_POINT('',(60.815309839862,37.268470068153,0.));
#3393 = CARTESIAN_POINT('',(60.779025446381,37.271110230354,0.));
#3394 = CARTESIAN_POINT('',(60.742727637271,37.273731788843,0.));
#3395 = CARTESIAN_POINT('',(60.706416423871,37.276334725281,0.));
#3396 = CARTESIAN_POINT('',(60.670091817573,37.27891902129,0.));
#3397 = CARTESIAN_POINT('',(60.633753829755,37.28148465842,0.));
#3398 = CARTESIAN_POINT('',(60.597402471824,37.28403161812,0.));
#3399 = CARTESIAN_POINT('',(60.561037755233,37.286559882091,0.));
#3400 = CARTESIAN_POINT('',(60.524659691447,37.289069431819,0.));
#3401 = CARTESIAN_POINT('',(60.488268291931,37.291560248784,0.));
#3402 = CARTESIAN_POINT('',(60.451863568192,37.294032314549,0.));
#3403 = CARTESIAN_POINT('',(60.415445531751,37.296485610645,0.));
#3404 = CARTESIAN_POINT('',(60.379014194156,37.298920118486,0.));
#3405 = CARTESIAN_POINT('',(60.342569566966,37.301335819657,0.));
#3406 = CARTESIAN_POINT('',(60.306111661767,37.303732695578,0.));
#3407 = CARTESIAN_POINT('',(60.269640490178,37.306110727679,0.));
#3408 = CARTESIAN_POINT('',(60.233156063826,37.308469897569,0.));
#3409 = CARTESIAN_POINT('',(60.196658394361,37.310810186514,0.));
#3410 = CARTESIAN_POINT('',(60.160147493443,37.313131576051,0.));
#3411 = CARTESIAN_POINT('',(60.12362337277,37.315434047607,0.));
#3412 = CARTESIAN_POINT('',(60.087086044076,37.317717582513,0.));
#3413 = CARTESIAN_POINT('',(60.050535519118,37.319982162337,0.));
#3414 = CARTESIAN_POINT('',(60.013971809659,37.32222776839,0.));
#3415 = CARTESIAN_POINT('',(59.97739492745,37.324454382043,0.));
#3416 = CARTESIAN_POINT('',(59.940804884278,37.326661984691,0.));
#3417 = CARTESIAN_POINT('',(59.904201692,37.32885055763,0.));
#3418 = CARTESIAN_POINT('',(59.867585362476,37.331020082421,0.));
#3419 = CARTESIAN_POINT('',(59.830955907574,37.333170540219,0.));
#3420 = CARTESIAN_POINT('',(59.794313339163,37.335301912443,0.));
#3421 = CARTESIAN_POINT('',(59.757657669185,37.337414180387,0.));
#3422 = CARTESIAN_POINT('',(59.720988909577,37.339507325473,0.));
#3423 = CARTESIAN_POINT('',(59.684307072285,37.341581328894,0.));
#3424 = CARTESIAN_POINT('',(59.647612169299,37.343636171944,0.));
#3425 = CARTESIAN_POINT('',(59.61090421261,37.345671836105,0.));
#3426 = CARTESIAN_POINT('',(59.574183214262,37.347688302344,0.));
#3427 = CARTESIAN_POINT('',(59.537449186306,37.349685552221,0.));
#3428 = CARTESIAN_POINT('',(59.500702140803,37.35166356694,0.));
#3429 = CARTESIAN_POINT('',(59.463942089822,37.353622327534,0.));
#3430 = CARTESIAN_POINT('',(59.427169045488,37.355561815498,0.));
#3431 = CARTESIAN_POINT('',(59.390383019978,37.357482011984,0.));
#3432 = CARTESIAN_POINT('',(59.353584025446,37.359382898209,0.));
#3433 = CARTESIAN_POINT('',(59.316772074064,37.361264455415,0.));
#3434 = CARTESIAN_POINT('',(59.279947178012,37.36312666479,0.));
#3435 = CARTESIAN_POINT('',(59.243109349531,37.364969507426,0.));
#3436 = CARTESIAN_POINT('',(59.206258600887,37.366792964704,0.));
#3437 = CARTESIAN_POINT('',(59.169394944342,37.368597017715,0.));
#3438 = CARTESIAN_POINT('',(59.132518392185,37.370381647494,0.));
#3439 = CARTESIAN_POINT('',(59.095628956738,37.372146835433,0.));
#3440 = CARTESIAN_POINT('',(59.058726650344,37.373892562531,0.));
#3441 = CARTESIAN_POINT('',(59.021811485349,37.37561880991,0.));
#3442 = CARTESIAN_POINT('',(58.984883474174,37.377325558756,0.));
#3443 = CARTESIAN_POINT('',(58.947942629225,37.379012790295,0.));
#3444 = CARTESIAN_POINT('',(58.9109889629,37.380680485424,0.));
#3445 = CARTESIAN_POINT('',(58.874022487665,37.382328625278,0.));
#3446 = CARTESIAN_POINT('',(58.837043216004,37.383957191194,0.));
#3447 = CARTESIAN_POINT('',(58.800051160424,37.385566163914,0.));
#3448 = CARTESIAN_POINT('',(58.763046333424,37.387155524728,0.));
#3449 = CARTESIAN_POINT('',(58.726028747574,37.388725254653,0.));
#3450 = CARTESIAN_POINT('',(58.688998415433,37.390275334717,0.));
#3451 = CARTESIAN_POINT('',(58.651955349574,37.391805745974,0.));
#3452 = CARTESIAN_POINT('',(58.614899562608,37.393316469452,0.));
#3453 = CARTESIAN_POINT('',(58.5778310672,37.394807486138,0.));
#3454 = CARTESIAN_POINT('',(58.540749876016,37.396278777206,0.));
#3455 = CARTESIAN_POINT('',(58.503656001733,37.397730323504,0.));
#3456 = CARTESIAN_POINT('',(58.466549457041,37.399162106065,0.));
#3457 = CARTESIAN_POINT('',(58.429430254664,37.40057410594,0.));
#3458 = CARTESIAN_POINT('',(58.392298407362,37.401966303992,0.));
#3459 = CARTESIAN_POINT('',(58.355153927908,37.403338681305,0.));
#3460 = CARTESIAN_POINT('',(58.317996829122,37.404691218776,0.));
#3461 = CARTESIAN_POINT('',(58.280827123805,37.406023897431,0.));
#3462 = CARTESIAN_POINT('',(58.243644824803,37.407336698075,0.));
#3463 = CARTESIAN_POINT('',(58.206449944996,37.408629601769,0.));
#3464 = CARTESIAN_POINT('',(58.169242497278,37.409902589435,0.));
#3465 = CARTESIAN_POINT('',(58.132022494533,37.411155641908,0.));
#3466 = CARTESIAN_POINT('',(58.094789949703,37.412388740069,0.));
#3467 = CARTESIAN_POINT('',(58.057544875771,37.413601864957,0.));
#3468 = CARTESIAN_POINT('',(58.020287285744,37.414794997358,0.));
#3469 = CARTESIAN_POINT('',(57.983017192608,37.41596811821,0.));
#3470 = CARTESIAN_POINT('',(57.945734609366,37.417121208343,0.));
#3471 = CARTESIAN_POINT('',(57.90843954909,37.418254248518,0.));
#3472 = CARTESIAN_POINT('',(57.871132024861,37.419367219816,0.));
#3473 = CARTESIAN_POINT('',(57.8338120498,37.420460102894,0.));
#3474 = CARTESIAN_POINT('',(57.796479637029,37.421532878631,0.));
#3475 = CARTESIAN_POINT('',(57.759134799672,37.422585527983,0.));
#3476 = CARTESIAN_POINT('',(57.72177755092,37.423618031471,0.));
#3477 = CARTESIAN_POINT('',(57.684407903961,37.424630370203,0.));
#3478 = CARTESIAN_POINT('',(57.647025872047,37.425622524848,0.));
#3479 = CARTESIAN_POINT('',(57.609631468402,37.426594476181,0.));
#3480 = CARTESIAN_POINT('',(57.57222470628,37.427546205029,0.));
#3481 = CARTESIAN_POINT('',(57.534805598979,37.428477692105,0.));
#3482 = CARTESIAN_POINT('',(57.497374159795,37.429388918229,0.));
#3483 = CARTESIAN_POINT('',(57.459930402087,37.430279864059,0.));
#3484 = CARTESIAN_POINT('',(57.422474339237,37.43115051047,0.));
#3485 = CARTESIAN_POINT('',(57.385005984631,37.432000838176,0.));
#3486 = CARTESIAN_POINT('',(57.347525351657,37.432830827816,0.));
#3487 = CARTESIAN_POINT('',(57.310032453755,37.433640460134,0.));
#3488 = CARTESIAN_POINT('',(57.272527304384,37.434429715947,0.));
#3489 = CARTESIAN_POINT('',(57.235009917032,37.435198575796,0.));
#3490 = CARTESIAN_POINT('',(57.197480305208,37.435947020456,0.));
#3491 = CARTESIAN_POINT('',(57.159938482448,37.436675030676,0.));
#3492 = CARTESIAN_POINT('',(57.122384462293,37.437382587006,0.));
#3493 = CARTESIAN_POINT('',(57.084818258309,37.438069670146,0.));
#3494 = CARTESIAN_POINT('',(57.047239884136,37.438736260765,0.));
#3495 = CARTESIAN_POINT('',(57.009649353388,37.439382339627,0.));
#3496 = CARTESIAN_POINT('',(56.97204667972,37.440007887132,0.));
#3497 = CARTESIAN_POINT('',(56.934431876788,37.440612884115,0.));
#3498 = CARTESIAN_POINT('',(56.896804958294,37.441197311139,0.));
#3499 = CARTESIAN_POINT('',(56.85916593798,37.441761148693,0.));
#3500 = CARTESIAN_POINT('',(56.821514829603,37.442304377617,0.));
#3501 = CARTESIAN_POINT('',(56.783851646927,37.442826978404,0.));
#3502 = CARTESIAN_POINT('',(56.74617640373,37.4433289315,0.));
#3503 = CARTESIAN_POINT('',(56.708489113844,37.443810217678,0.));
#3504 = CARTESIAN_POINT('',(56.670789791126,37.444270817479,0.));
#3505 = CARTESIAN_POINT('',(56.633078449443,37.444710711343,0.));
#3506 = CARTESIAN_POINT('',(56.595355102692,37.445129879951,0.));
#3507 = CARTESIAN_POINT('',(56.557619764786,37.445528303861,0.));
#3508 = CARTESIAN_POINT('',(56.519872449672,37.445905963442,0.));
#3509 = CARTESIAN_POINT('',(56.482113171314,37.446262839405,0.));
#3510 = CARTESIAN_POINT('',(56.444341943717,37.446598912223,0.));
#3511 = CARTESIAN_POINT('',(56.406558780907,37.446914162308,0.));
#3512 = CARTESIAN_POINT('',(56.368763696929,37.447208570332,0.));
#3513 = CARTESIAN_POINT('',(56.330956705835,37.447482116729,0.));
#3514 = CARTESIAN_POINT('',(56.293137821706,37.447734781831,0.));
#3515 = CARTESIAN_POINT('',(56.255307058658,37.447966546326,0.));
#3516 = CARTESIAN_POINT('',(56.217464430836,37.448177390615,0.));
#3517 = CARTESIAN_POINT('',(56.179609952433,37.448367295016,0.));
#3518 = CARTESIAN_POINT('',(56.141743637634,37.448536240298,0.));
#3519 = CARTESIAN_POINT('',(56.103865500675,37.44868420665,0.));
#3520 = CARTESIAN_POINT('',(56.065975555759,37.448811174581,0.));
#3521 = CARTESIAN_POINT('',(56.028073817158,37.448917124536,0.));
#3522 = CARTESIAN_POINT('',(55.99016029916,37.449002036916,0.));
#3523 = CARTESIAN_POINT('',(55.952235016093,37.449065892107,0.));
#3524 = CARTESIAN_POINT('',(55.914297982308,37.449108670588,0.));
#3525 = CARTESIAN_POINT('',(55.876349212166,37.44913035274,0.));
#3526 = CARTESIAN_POINT('',(55.838388720044,37.449130918874,0.));
#3527 = CARTESIAN_POINT('',(55.800416520348,37.449110349435,0.));
#3528 = CARTESIAN_POINT('',(55.76243262756,37.449068624747,0.));
#3529 = CARTESIAN_POINT('',(55.724437056126,37.449005725318,0.));
#3530 = CARTESIAN_POINT('',(55.686429820547,37.448921631296,0.));
#3531 = CARTESIAN_POINT('',(55.648410935335,37.448816323146,0.));
#3532 = CARTESIAN_POINT('',(55.610380415027,37.448689781279,0.));
#3533 = CARTESIAN_POINT('',(55.572338274194,37.448541985814,0.));
#3534 = CARTESIAN_POINT('',(55.534284527408,37.448372917267,0.));
#3535 = CARTESIAN_POINT('',(55.496219189334,37.448182555839,0.));
#3536 = CARTESIAN_POINT('',(55.458142274586,37.447970881977,0.));
#3537 = CARTESIAN_POINT('',(55.420053797842,37.447737875796,0.));
#3538 = CARTESIAN_POINT('',(55.38195377379,37.447483517705,0.));
#3539 = CARTESIAN_POINT('',(55.343842217155,37.447207788018,0.));
#3540 = CARTESIAN_POINT('',(55.305719142687,37.44691066688,0.));
#3541 = CARTESIAN_POINT('',(55.26758456514,37.446592134692,0.));
#3542 = CARTESIAN_POINT('',(55.22943849934,37.446252171619,0.));
#3543 = CARTESIAN_POINT('',(55.191280960087,37.44589075802,0.));
#3544 = CARTESIAN_POINT('',(55.153111962246,37.445507874001,0.));
#3545 = CARTESIAN_POINT('',(55.114931520674,37.445103499934,0.));
#3546 = CARTESIAN_POINT('',(55.076739650284,37.444677615959,0.));
#3547 = CARTESIAN_POINT('',(55.038536365991,37.444230202329,0.));
#3548 = CARTESIAN_POINT('',(55.000321682751,37.443761239261,0.));
#3549 = CARTESIAN_POINT('',(54.962095615538,37.443270706964,0.));
#3550 = CARTESIAN_POINT('',(54.923858179356,37.442758585598,0.));
#3551 = CARTESIAN_POINT('',(54.885609389219,37.442224855424,0.));
#3552 = CARTESIAN_POINT('',(54.847349260204,37.441669496524,0.));
#3553 = CARTESIAN_POINT('',(54.809077807396,37.441092489184,0.));
#3554 = CARTESIAN_POINT('',(54.770795045893,37.440493813568,0.));
#3555 = CARTESIAN_POINT('',(54.732500990821,37.439873449708,0.));
#3556 = CARTESIAN_POINT('',(54.694195657323,37.43923137788,0.));
#3557 = CARTESIAN_POINT('',(54.655879060606,37.438567578185,0.));
#3558 = CARTESIAN_POINT('',(54.617551215886,37.437882030752,0.));
#3559 = CARTESIAN_POINT('',(54.579212138372,37.437174715787,0.));
#3560 = CARTESIAN_POINT('',(54.540861843334,37.436445613252,0.));
#3561 = CARTESIAN_POINT('',(54.502500346059,37.435694703393,0.));
#3562 = CARTESIAN_POINT('',(54.464127661877,37.43492196632,0.));
#3563 = CARTESIAN_POINT('',(54.425743806124,37.434127382068,0.));
#3564 = CARTESIAN_POINT('',(54.387348794182,37.433310930743,0.));
#3565 = CARTESIAN_POINT('',(54.34894264143,37.432472592548,0.));
#3566 = CARTESIAN_POINT('',(54.310525363273,37.431612347392,0.));
#3567 = CARTESIAN_POINT('',(54.272096975155,37.430730175351,0.));
#3568 = CARTESIAN_POINT('',(54.23365749255,37.429826056663,0.));
#3569 = CARTESIAN_POINT('',(54.195206930977,37.428899971194,0.));
#3570 = CARTESIAN_POINT('',(54.156745305942,37.427951899088,0.));
#3571 = CARTESIAN_POINT('',(54.118272633018,37.426981820382,0.));
#3572 = CARTESIAN_POINT('',(54.079788927773,37.425989715129,0.));
#3573 = CARTESIAN_POINT('',(54.041294205821,37.42497556327,0.));
#3574 = CARTESIAN_POINT('',(54.002788482755,37.423939344965,0.));
#3575 = CARTESIAN_POINT('',(53.964271774248,37.42288104003,0.));
#3576 = CARTESIAN_POINT('',(53.925744095989,37.421800628606,0.));
#3577 = CARTESIAN_POINT('',(53.887205463707,37.42069809073,0.));
#3578 = CARTESIAN_POINT('',(53.848655893129,37.4195734063,0.));
#3579 = CARTESIAN_POINT('',(53.8100954,37.41842655531,0.));
#3580 = CARTESIAN_POINT('',(53.771524000127,37.41725751776,0.));
#3581 = CARTESIAN_POINT('',(53.732941709337,37.416066273645,0.));
#3582 = CARTESIAN_POINT('',(53.694348543457,37.414852802906,0.));
#3583 = CARTESIAN_POINT('',(53.655744518337,37.413617085455,0.));
#3584 = CARTESIAN_POINT('',(53.617129649895,37.412359101234,0.));
#3585 = CARTESIAN_POINT('',(53.578503954068,37.411078830306,0.));
#3586 = CARTESIAN_POINT('',(53.539867446829,37.409776252504,0.));
#3587 = CARTESIAN_POINT('',(53.501220144108,37.408451347827,0.));
#3588 = CARTESIAN_POINT('',(53.462562061914,37.407104096057,0.));
#3589 = CARTESIAN_POINT('',(53.423893216285,37.405734477213,0.));
#3590 = CARTESIAN_POINT('',(53.385213623307,37.404342471235,0.));
#3591 = CARTESIAN_POINT('',(53.346523299048,37.402928057982,0.));
#3592 = CARTESIAN_POINT('',(53.307822259604,37.401491217287,0.));
#3593 = CARTESIAN_POINT('',(53.269110521121,37.400031929088,0.));
#3594 = CARTESIAN_POINT('',(53.230388099779,37.398550173297,0.));
#3595 = CARTESIAN_POINT('',(53.191655011776,37.397045929748,0.));
#3596 = CARTESIAN_POINT('',(53.152911273343,37.395519178291,0.));
#3597 = CARTESIAN_POINT('',(53.114156900714,37.393969898889,0.));
#3598 = CARTESIAN_POINT('',(53.07539191016,37.39239807126,0.));
#3599 = CARTESIAN_POINT('',(53.036616317986,37.390803675259,0.));
#3600 = CARTESIAN_POINT('',(52.99783014051,37.389186690873,0.));
#3601 = CARTESIAN_POINT('',(52.959033394113,37.387547097731,0.));
#3602 = CARTESIAN_POINT('',(52.92022609515,37.385884875794,0.));
#3603 = CARTESIAN_POINT('',(52.881408260065,37.384200004835,0.));
#3604 = CARTESIAN_POINT('',(52.842579905305,37.382492464686,0.));
#3605 = CARTESIAN_POINT('',(52.80374104733,37.380762235183,0.));
#3606 = CARTESIAN_POINT('',(52.764891702628,37.379009296067,0.));
#3607 = CARTESIAN_POINT('',(52.72603188772,37.377233627121,0.));
#3608 = CARTESIAN_POINT('',(52.687161619131,37.375435208223,0.));
#3609 = CARTESIAN_POINT('',(52.648280913456,37.373614018999,0.));
#3610 = CARTESIAN_POINT('',(52.609389787337,37.371770039301,0.));
#3611 = CARTESIAN_POINT('',(52.570488257382,37.369903249101,0.));
#3612 = CARTESIAN_POINT('',(52.531576340252,37.368013627804,0.));
#3613 = CARTESIAN_POINT('',(52.492654052599,37.36610115531,0.));
#3614 = CARTESIAN_POINT('',(52.453721411178,37.36416581146,0.));
#3615 = CARTESIAN_POINT('',(52.414778432757,37.362207575891,0.));
#3616 = CARTESIAN_POINT('',(52.375825134064,37.360226428412,0.));
#3617 = CARTESIAN_POINT('',(52.336861531907,37.358222348639,0.));
#3618 = CARTESIAN_POINT('',(52.297887643121,37.356195316373,0.));
#3619 = CARTESIAN_POINT('',(52.258903484567,37.35414531138,0.));
#3620 = CARTESIAN_POINT('',(52.219909073108,37.35207231328,0.));
#3621 = CARTESIAN_POINT('',(52.180904425668,37.349976301731,0.));
#3622 = CARTESIAN_POINT('',(52.141889559191,37.3478572566,0.));
#3623 = CARTESIAN_POINT('',(52.102864490627,37.345715157508,0.));
#3624 = CARTESIAN_POINT('',(52.063829236994,37.343549983958,0.));
#3625 = CARTESIAN_POINT('',(52.024783815291,37.341361715943,0.));
#3626 = CARTESIAN_POINT('',(51.985728242597,37.339150332958,0.));
#3627 = CARTESIAN_POINT('',(51.946662535967,37.336915814614,0.));
#3628 = CARTESIAN_POINT('',(51.9075867125,37.334658140711,0.));
#3629 = CARTESIAN_POINT('',(51.86850078938,37.332377290804,0.));
#3630 = CARTESIAN_POINT('',(51.829404783741,37.330073244659,0.));
#3631 = CARTESIAN_POINT('',(51.790298712777,37.327745981793,0.));
#3632 = CARTESIAN_POINT('',(51.751182593699,37.325395481862,0.));
#3633 = CARTESIAN_POINT('',(51.712056443752,37.323021724578,0.));
#3634 = CARTESIAN_POINT('',(51.672920280215,37.320624689477,0.));
#3635 = CARTESIAN_POINT('',(51.633774120403,37.318204356169,0.));
#3636 = CARTESIAN_POINT('',(51.594617981648,37.315760704389,0.));
#3637 = CARTESIAN_POINT('',(51.555451881332,37.313293713636,0.));
#3638 = CARTESIAN_POINT('',(51.516275836831,37.310803363546,0.));
#3639 = CARTESIAN_POINT('',(51.477089865562,37.308289633734,0.));
#3640 = CARTESIAN_POINT('',(51.437893984967,37.305752503757,0.));
#3641 = CARTESIAN_POINT('',(51.39868821253,37.303191953178,0.));
#3642 = CARTESIAN_POINT('',(51.359472565756,37.300607961652,0.));
#3643 = CARTESIAN_POINT('',(51.320247062187,37.298000508698,0.));
#3644 = CARTESIAN_POINT('',(51.281011719347,37.295369573904,0.));
#3645 = CARTESIAN_POINT('',(51.241766554857,37.292715136723,0.));
#3646 = CARTESIAN_POINT('',(51.202511586335,37.290037176901,0.));
#3647 = CARTESIAN_POINT('',(51.163246831448,37.287335673903,0.));
#3648 = CARTESIAN_POINT('',(51.123972307861,37.284610607209,0.));
#3649 = CARTESIAN_POINT('',(51.084688033236,37.281861956489,0.));
#3650 = CARTESIAN_POINT('',(51.045394025373,37.279089701058,0.));
#3651 = CARTESIAN_POINT('',(51.006090301992,37.276293820747,0.));
#3652 = CARTESIAN_POINT('',(50.966776880918,37.273474294847,0.));
#3653 = CARTESIAN_POINT('',(50.927453779941,37.270631102925,0.));
#3654 = CARTESIAN_POINT('',(50.888121016928,37.267764224536,0.));
#3655 = CARTESIAN_POINT('',(50.848778609774,37.264873639173,0.));
#3656 = CARTESIAN_POINT('',(50.809426576364,37.261959326349,0.));
#3657 = CARTESIAN_POINT('',(50.770064934633,37.259021265487,0.));
#3658 = CARTESIAN_POINT('',(50.730693702559,37.256059436122,0.));
#3659 = CARTESIAN_POINT('',(50.691312898137,37.253073817812,0.));
#3660 = CARTESIAN_POINT('',(50.651922539413,37.250064389903,0.));
#3661 = CARTESIAN_POINT('',(50.612522644395,37.247031132006,0.));
#3662 = CARTESIAN_POINT('',(50.573113231203,37.243974023429,0.));
#3663 = CARTESIAN_POINT('',(50.533694317936,37.240893043779,0.));
#3664 = CARTESIAN_POINT('',(50.494265922731,37.237788172498,0.));
#3665 = CARTESIAN_POINT('',(50.454828063772,37.234659388899,0.));
#3666 = CARTESIAN_POINT('',(50.415380759236,37.231506672606,0.));
#3667 = CARTESIAN_POINT('',(50.375924027377,37.228330002977,0.));
#3668 = CARTESIAN_POINT('',(50.336457886455,37.225129359423,0.));
#3669 = CARTESIAN_POINT('',(50.296982354746,37.22190472148,0.));
#3670 = CARTESIAN_POINT('',(50.257497450579,37.218656068477,0.));
#3671 = CARTESIAN_POINT('',(50.218003192303,37.21538337985,0.));
#3672 = CARTESIAN_POINT('',(50.178499598281,37.212086635112,0.));
#3673 = CARTESIAN_POINT('',(50.138986686941,37.208765813532,0.));
#3674 = CARTESIAN_POINT('',(50.099464476686,37.205420894624,0.));
#3675 = CARTESIAN_POINT('',(50.059932986002,37.202051857725,0.));
#3676 = CARTESIAN_POINT('',(50.020392233374,37.198658682272,0.));
#3677 = CARTESIAN_POINT('',(49.980842237345,37.195241347635,0.));
#3678 = CARTESIAN_POINT('',(49.941283016473,37.191799833239,0.));
#3679 = CARTESIAN_POINT('',(49.901714589338,37.188334118465,0.));
#3680 = CARTESIAN_POINT('',(49.862136974542,37.184844182646,0.));
#3681 = CARTESIAN_POINT('',(49.82255019072,37.181330005169,0.));
#3682 = CARTESIAN_POINT('',(49.782954256571,37.1777915654,0.));
#3683 = CARTESIAN_POINT('',(49.743349190805,37.174228842771,0.));
#3684 = CARTESIAN_POINT('',(49.703735012149,37.1706418166,0.));
#3685 = CARTESIAN_POINT('',(49.664111739342,37.167030466195,0.));
#3686 = CARTESIAN_POINT('',(49.624479391191,37.163394770909,0.));
#3687 = CARTESIAN_POINT('',(49.584837986517,37.15973471019,0.));
#3688 = CARTESIAN_POINT('',(49.545187544187,37.156050263276,0.));
#3689 = CARTESIAN_POINT('',(49.505528083093,37.152341409507,0.));
#3690 = CARTESIAN_POINT('',(49.465859622118,37.148608128362,0.));
#3691 = CARTESIAN_POINT('',(49.426182180236,37.14485039894,0.));
#3692 = CARTESIAN_POINT('',(49.386495776399,37.141068200705,0.));
#3693 = CARTESIAN_POINT('',(49.346800429636,37.137261512997,0.));
#3694 = CARTESIAN_POINT('',(49.307096158955,37.133430315092,0.));
#3695 = CARTESIAN_POINT('',(49.267382983439,37.129574586186,0.));
#3696 = CARTESIAN_POINT('',(49.22766092216,37.125694305797,0.));
#3697 = CARTESIAN_POINT('',(49.187929994274,37.121789453093,0.));
#3698 = CARTESIAN_POINT('',(49.148190218929,37.117860007359,0.));
#3699 = CARTESIAN_POINT('',(49.108441615299,37.113905947988,0.));
#3700 = CARTESIAN_POINT('',(49.068684202602,37.109927254192,0.));
#3701 = CARTESIAN_POINT('',(49.028918000081,37.105923905212,0.));
#3702 = CARTESIAN_POINT('',(48.989143027016,37.101895880429,0.));
#3703 = CARTESIAN_POINT('',(48.949359302743,37.09784315908,0.));
#3704 = CARTESIAN_POINT('',(48.909566846578,37.093765720459,0.));
#3705 = CARTESIAN_POINT('',(48.869765677898,37.089663543771,0.));
#3706 = CARTESIAN_POINT('',(48.8299558161,37.085536608336,0.));
#3707 = CARTESIAN_POINT('',(48.790137280596,37.081384893439,0.));
#3708 = CARTESIAN_POINT('',(48.750310090858,37.077208378202,0.));
#3709 = CARTESIAN_POINT('',(48.710474266361,37.073007041987,0.));
#3710 = CARTESIAN_POINT('',(48.670629826641,37.068780864051,0.));
#3711 = CARTESIAN_POINT('',(48.630776791286,37.064529823541,0.));
#3712 = CARTESIAN_POINT('',(48.590915179853,37.060253899859,0.));
#3713 = CARTESIAN_POINT('',(48.55104501195,37.055953072145,0.));
#3714 = CARTESIAN_POINT('',(48.511166307239,37.05162731951,0.));
#3715 = CARTESIAN_POINT('',(48.47127908537,37.047276621433,0.));
#3716 = CARTESIAN_POINT('',(48.43138336607,37.042900956987,0.));
#3717 = CARTESIAN_POINT('',(48.39147916908,37.038500305317,0.));
#3718 = CARTESIAN_POINT('',(48.351566514136,37.034074645853,0.));
#3719 = CARTESIAN_POINT('',(48.311645421072,37.029623957628,0.));
#3720 = CARTESIAN_POINT('',(48.271715909708,37.025148219885,0.));
#3721 = CARTESIAN_POINT('',(48.231777999915,37.020647411915,0.));
#3722 = CARTESIAN_POINT('',(48.19183171158,37.016121512882,0.));
#3723 = CARTESIAN_POINT('',(48.151877064625,37.011570501894,0.));
#3724 = CARTESIAN_POINT('',(48.111914079012,37.006994358241,0.));
#3725 = CARTESIAN_POINT('',(48.07194277474,37.002393061152,0.));
#3726 = CARTESIAN_POINT('',(48.031963171816,36.99776658973,0.));
#3727 = CARTESIAN_POINT('',(47.991975290263,36.993114923154,0.));
#3728 = CARTESIAN_POINT('',(47.951979150179,36.98843804062,0.));
#3729 = CARTESIAN_POINT('',(47.91197477169,36.98373592135,0.));
#3730 = CARTESIAN_POINT('',(47.871962174934,36.979008544503,0.));
#3731 = CARTESIAN_POINT('',(47.831941380061,36.974255889212,0.));
#3732 = CARTESIAN_POINT('',(47.791912407304,36.969477934603,0.));
#3733 = CARTESIAN_POINT('',(47.751875276892,36.964674659994,0.));
#3734 = CARTESIAN_POINT('',(47.7118300091,36.959846044451,0.));
#3735 = CARTESIAN_POINT('',(47.671776624247,36.954992067044,0.));
#3736 = CARTESIAN_POINT('',(47.631715142622,36.950112707151,0.));
#3737 = CARTESIAN_POINT('',(47.591645584635,36.945207943715,0.));
#3738 = CARTESIAN_POINT('',(47.551567970627,36.940277755969,0.));
#3739 = CARTESIAN_POINT('',(47.511482321051,36.935322123022,0.));
#3740 = CARTESIAN_POINT('',(47.471388656371,36.930341024055,0.));
#3741 = CARTESIAN_POINT('',(47.431286997076,36.925334438213,0.));
#3742 = CARTESIAN_POINT('',(47.391177363689,36.920302344585,0.));
#3743 = CARTESIAN_POINT('',(47.35105977677,36.915244722323,0.));
#3744 = CARTESIAN_POINT('',(47.310934256879,36.910161550625,0.));
#3745 = CARTESIAN_POINT('',(47.270800824652,36.90505280847,0.));
#3746 = CARTESIAN_POINT('',(47.23065950074,36.899918475064,0.));
#3747 = CARTESIAN_POINT('',(47.190510305828,36.894758529622,0.));
#3748 = CARTESIAN_POINT('',(47.150353260619,36.88957295113,0.));
#3749 = CARTESIAN_POINT('',(47.110188385842,36.884361718673,0.));
#3750 = CARTESIAN_POINT('',(47.070015702285,36.879124811464,0.));
#3751 = CARTESIAN_POINT('',(47.029835230765,36.873862208621,0.));
#3752 = CARTESIAN_POINT('',(46.989646992149,36.868573889142,0.));
#3753 = CARTESIAN_POINT('',(46.949451007278,36.863259832266,0.));
#3754 = CARTESIAN_POINT('',(46.909247297034,36.857920017047,0.));
#3755 = CARTESIAN_POINT('',(46.869035882413,36.852554422387,0.));
#3756 = CARTESIAN_POINT('',(46.82881678432,36.847163027756,0.));
#3757 = CARTESIAN_POINT('',(46.788590023818,36.841745811978,0.));
#3758 = CARTESIAN_POINT('',(46.748355621911,36.836302754151,0.));
#3759 = CARTESIAN_POINT('',(46.708113599651,36.830833833515,0.));
#3760 = CARTESIAN_POINT('',(46.667863978162,36.825339029029,0.));
#3761 = CARTESIAN_POINT('',(46.627606778562,36.819818319779,0.));
#3762 = CARTESIAN_POINT('',(46.587342022014,36.814271684916,0.));
#3763 = CARTESIAN_POINT('',(46.547069729709,36.808699103493,0.));
#3764 = CARTESIAN_POINT('',(46.506789922897,36.803100554496,0.));
#3765 = CARTESIAN_POINT('',(46.466502622801,36.797476017167,0.));
#3766 = CARTESIAN_POINT('',(46.426207850769,36.791825470421,0.));
#3767 = CARTESIAN_POINT('',(46.385905628075,36.786148893449,0.));
#3768 = CARTESIAN_POINT('',(46.345595976101,36.780446265215,0.));
#3769 = CARTESIAN_POINT('',(46.305278916237,36.774717564822,0.));
#3770 = CARTESIAN_POINT('',(46.264954469881,36.768962771402,0.));
#3771 = CARTESIAN_POINT('',(46.224622658537,36.763181863848,0.));
#3772 = CARTESIAN_POINT('',(46.184283503651,36.757374821413,0.));
#3773 = CARTESIAN_POINT('',(46.143937026779,36.751541623041,0.));
#3774 = CARTESIAN_POINT('',(46.103583249449,36.745682247792,0.));
#3775 = CARTESIAN_POINT('',(46.063222193234,36.739796674734,0.));
#3776 = CARTESIAN_POINT('',(46.022853879779,36.733884882873,0.));
#3777 = CARTESIAN_POINT('',(45.98247833072,36.727946851346,0.));
#3778 = CARTESIAN_POINT('',(45.942095567769,36.721982559119,0.));
#3779 = CARTESIAN_POINT('',(45.901705612632,36.715991985283,0.));
#3780 = CARTESIAN_POINT('',(45.861308487055,36.709975108881,0.));
#3781 = CARTESIAN_POINT('',(45.82090421281,36.703931908916,0.));
#3782 = CARTESIAN_POINT('',(45.780492811737,36.697862364392,0.));
#3783 = CARTESIAN_POINT('',(45.740074305668,36.691766454489,0.));
#3784 = CARTESIAN_POINT('',(45.69964871652,36.685644158113,0.));
#3785 = CARTESIAN_POINT('',(45.659216066171,36.679495454345,0.));
#3786 = CARTESIAN_POINT('',(45.618776376581,36.673320322191,0.));
#3787 = CARTESIAN_POINT('',(45.578329669719,36.667118740703,0.));
#3788 = CARTESIAN_POINT('',(45.537875967624,36.660890688873,0.));
#3789 = CARTESIAN_POINT('',(45.497415292348,36.654636145783,0.));
#3790 = CARTESIAN_POINT('',(45.456947665958,36.648355090477,0.));
#3791 = CARTESIAN_POINT('',(45.416473110578,36.642047501859,0.));
#3792 = CARTESIAN_POINT('',(45.37599164833,36.635713359048,0.));
#3793 = CARTESIAN_POINT('',(45.335503301444,36.629352641026,0.));
#3794 = CARTESIAN_POINT('',(45.295008092112,36.622965326892,0.));
#3795 = CARTESIAN_POINT('',(45.254506042574,36.616551395573,0.));
#3796 = CARTESIAN_POINT('',(45.213997175119,36.610110826044,0.));
#3797 = CARTESIAN_POINT('',(45.173481512055,36.603643597455,0.));
#3798 = CARTESIAN_POINT('',(45.132959075749,36.597149688755,0.));
#3799 = CARTESIAN_POINT('',(45.09242988858,36.590629078911,0.));
#3800 = CARTESIAN_POINT('',(45.051893972956,36.584081747004,0.));
#3801 = CARTESIAN_POINT('',(45.011351351324,36.577507672044,0.));
#3802 = CARTESIAN_POINT('',(44.970802046177,36.570906832948,0.));
#3803 = CARTESIAN_POINT('',(44.930246080028,36.564279208815,0.));
#3804 = CARTESIAN_POINT('',(44.889683475445,36.557624778659,0.));
#3805 = CARTESIAN_POINT('',(44.849114254989,36.550943521455,0.));
#3806 = CARTESIAN_POINT('',(44.808538441276,36.544235416145,0.));
#3807 = CARTESIAN_POINT('',(44.767956056962,36.537500441798,0.));
#3808 = CARTESIAN_POINT('',(44.727367124745,36.530738577455,0.));
#3809 = CARTESIAN_POINT('',(44.686771667362,36.523949802048,0.));
#3810 = CARTESIAN_POINT('',(44.646169707535,36.517134094634,0.));
#3811 = CARTESIAN_POINT('',(44.605561268059,36.510291434157,0.));
#3812 = CARTESIAN_POINT('',(44.564946371746,36.503421799628,0.));
#3813 = CARTESIAN_POINT('',(44.52432504146,36.496525170066,0.));
#3814 = CARTESIAN_POINT('',(44.48369730013,36.489601524448,0.));
#3815 = CARTESIAN_POINT('',(44.443063170632,36.482650841892,0.));
#3816 = CARTESIAN_POINT('',(44.402422675955,36.475673101183,0.));
#3817 = CARTESIAN_POINT('',(44.36177583904,36.468668281443,0.));
#3818 = CARTESIAN_POINT('',(44.321122682943,36.461636361644,0.));
#3819 = CARTESIAN_POINT('',(44.280463230755,36.454577320759,0.));
#3820 = CARTESIAN_POINT('',(44.239797505534,36.447491137894,0.));
#3821 = CARTESIAN_POINT('',(44.199125530424,36.440377791894,0.));
#3822 = CARTESIAN_POINT('',(44.158447328564,36.433237261783,0.));
#3823 = CARTESIAN_POINT('',(44.117762923172,36.426069526608,0.));
#3824 = CARTESIAN_POINT('',(44.077072337493,36.418874565363,0.));
#3825 = CARTESIAN_POINT('',(44.036375594781,36.411652357011,0.));
#3826 = CARTESIAN_POINT('',(43.995672718328,36.404402880528,0.));
#3827 = CARTESIAN_POINT('',(43.954963731455,36.397126114927,0.));
#3828 = CARTESIAN_POINT('',(43.914248657556,36.389822039163,0.));
#3829 = CARTESIAN_POINT('',(43.873527520045,36.382490632292,0.));
#3830 = CARTESIAN_POINT('',(43.832800342352,36.375131873324,0.));
#3831 = CARTESIAN_POINT('',(43.792067147938,36.367745741153,0.));
#3832 = CARTESIAN_POINT('',(43.751327960293,36.36033221478,0.));
#3833 = CARTESIAN_POINT('',(43.710582802988,36.352891273236,0.));
#3834 = CARTESIAN_POINT('',(43.669831699612,36.345422895558,0.));
#3835 = CARTESIAN_POINT('',(43.629074673761,36.337927060691,0.));
#3836 = CARTESIAN_POINT('',(43.588311749055,36.330403747576,0.));
#3837 = CARTESIAN_POINT('',(43.547542949205,36.322852935196,0.));
#3838 = CARTESIAN_POINT('',(43.506768297912,36.315274602689,0.));
#3839 = CARTESIAN_POINT('',(43.465987818961,36.307668728917,0.));
#3840 = CARTESIAN_POINT('',(43.425201536113,36.300035292889,0.));
#3841 = CARTESIAN_POINT('',(43.384409473162,36.292374273654,0.));
#3842 = CARTESIAN_POINT('',(43.343611653988,36.28468565009,0.));
#3843 = CARTESIAN_POINT('',(43.30280810249,36.276969401253,0.));
#3844 = CARTESIAN_POINT('',(43.261998842593,36.269225506231,0.));
#3845 = CARTESIAN_POINT('',(43.221183898258,36.261453943905,0.));
#3846 = CARTESIAN_POINT('',(43.180363293468,36.253654693226,0.));
#3847 = CARTESIAN_POINT('',(43.13953705221,36.24582773331,0.));
#3848 = CARTESIAN_POINT('',(43.098705198618,36.237973042997,0.));
#3849 = CARTESIAN_POINT('',(43.057867756769,36.230090601442,0.));
#3850 = CARTESIAN_POINT('',(43.017024750843,36.222180387601,0.));
#3851 = CARTESIAN_POINT('',(42.976176204954,36.214242380485,0.));
#3852 = CARTESIAN_POINT('',(42.935322143304,36.206276558949,0.));
#3853 = CARTESIAN_POINT('',(42.894462590143,36.198282902061,0.));
#3854 = CARTESIAN_POINT('',(42.853597569775,36.190261388925,0.));
#3855 = CARTESIAN_POINT('',(42.812727106496,36.182211998502,0.));
#3856 = CARTESIAN_POINT('',(42.771851224641,36.174134709648,0.));
#3857 = CARTESIAN_POINT('',(42.730969948591,36.166029501443,0.));
#3858 = CARTESIAN_POINT('',(42.690083302781,36.157896352995,0.));
#3859 = CARTESIAN_POINT('',(42.649191311688,36.1497352432,0.));
#3860 = CARTESIAN_POINT('',(42.608293999756,36.141546151079,0.));
#3861 = CARTESIAN_POINT('',(42.567391391517,36.133329055601,0.));
#3862 = CARTESIAN_POINT('',(42.526483511532,36.125083935809,0.));
#3863 = CARTESIAN_POINT('',(42.485570384418,36.116810770711,0.));
#3864 = CARTESIAN_POINT('',(42.444652034792,36.108509539338,0.));
#3865 = CARTESIAN_POINT('',(42.40372848734,36.10018022063,0.));
#3866 = CARTESIAN_POINT('',(42.362799766746,36.091822793663,0.));
#3867 = CARTESIAN_POINT('',(42.321865897724,36.083437237441,0.));
#3868 = CARTESIAN_POINT('',(42.280926905094,36.075023530835,0.));
#3869 = CARTESIAN_POINT('',(42.23998281363,36.066581653071,0.));
#3870 = CARTESIAN_POINT('',(42.199033648222,36.058111583079,0.));
#3871 = CARTESIAN_POINT('',(42.158079433725,36.049613299837,0.));
#3872 = CARTESIAN_POINT('',(42.117120195022,36.041086782385,0.));
#3873 = CARTESIAN_POINT('',(42.076155957108,36.03253200968,0.));
#3874 = CARTESIAN_POINT('',(42.035186744957,36.023948960874,0.));
#3875 = CARTESIAN_POINT('',(41.994212583637,36.015337614907,0.));
#3876 = CARTESIAN_POINT('',(41.953233498148,36.006697950857,0.));
#3877 = CARTESIAN_POINT('',(41.912249513613,35.998029947614,0.));
#3878 = CARTESIAN_POINT('',(41.87126065516,35.989333584303,0.));
#3879 = CARTESIAN_POINT('',(41.830266947952,35.980608840021,0.));
#3880 = CARTESIAN_POINT('',(41.789268417248,35.971855693629,0.));
#3881 = CARTESIAN_POINT('',(41.748265088206,35.963074124334,0.));
#3882 = CARTESIAN_POINT('',(41.707256986163,35.954264111003,0.));
#3883 = CARTESIAN_POINT('',(41.666244136385,35.945425632777,0.));
#3884 = CARTESIAN_POINT('',(41.625226564276,35.936558668631,0.));
#3885 = CARTESIAN_POINT('',(41.584204295181,35.927663197709,0.));
#3886 = CARTESIAN_POINT('',(41.543177354592,35.918739198906,0.));
#3887 = CARTESIAN_POINT('',(41.502145767876,35.909786651451,0.));
#3888 = CARTESIAN_POINT('',(41.461109560583,35.900805534171,0.));
#3889 = CARTESIAN_POINT('',(41.420068758221,35.891795826204,0.));
#3890 = CARTESIAN_POINT('',(41.379023386351,35.882757506688,0.));
#3891 = CARTESIAN_POINT('',(41.337973470621,35.873690554527,0.));
#3892 = CARTESIAN_POINT('',(41.296919036623,35.864594948874,0.));
#3893 = CARTESIAN_POINT('',(41.255860110067,35.855470668732,0.));
#3894 = CARTESIAN_POINT('',(41.214796716661,35.846317693191,0.));
#3895 = CARTESIAN_POINT('',(41.173728882169,35.837136001304,0.));
#3896 = CARTESIAN_POINT('',(41.132656632364,35.827925572153,0.));
#3897 = CARTESIAN_POINT('',(41.091579993057,35.81868638476,0.));
#3898 = CARTESIAN_POINT('',(41.050498990127,35.809418418151,0.));
#3899 = CARTESIAN_POINT('',(41.009413649445,35.800121651517,0.));
#3900 = CARTESIAN_POINT('',(40.968323996992,35.790796063831,0.));
#3901 = CARTESIAN_POINT('',(40.927230058735,35.781441634211,0.));
#3902 = CARTESIAN_POINT('',(40.886131860632,35.772058341801,0.));
#3903 = CARTESIAN_POINT('',(40.845029428762,35.762646165482,0.));
#3904 = CARTESIAN_POINT('',(40.803922789186,35.753205084453,0.));
#3905 = CARTESIAN_POINT('',(40.762811968039,35.743735077885,0.));
#3906 = CARTESIAN_POINT('',(40.721696991524,35.734236124739,0.));
#3907 = CARTESIAN_POINT('',(40.680577885751,35.724708204215,0.));
#3908 = CARTESIAN_POINT('',(40.639454676987,35.715151295253,0.));
#3909 = CARTESIAN_POINT('',(40.598327391498,35.705565377021,0.));
#3910 = CARTESIAN_POINT('',(40.557196055568,35.695950428739,0.));
#3911 = CARTESIAN_POINT('',(40.516060695605,35.686306429313,0.));
#3912 = CARTESIAN_POINT('',(40.47492133793,35.676633357997,0.));
#3913 = CARTESIAN_POINT('',(40.433778008941,35.66693119388,0.));
#3914 = CARTESIAN_POINT('',(40.392630735137,35.657199915889,0.));
#3915 = CARTESIAN_POINT('',(40.351479542947,35.647439503375,0.));
#3916 = CARTESIAN_POINT('',(40.310324458991,35.637649935344,0.));
#3917 = CARTESIAN_POINT('',(40.269165509753,35.627831191009,0.));
#3918 = CARTESIAN_POINT('',(40.22800272188,35.617983249315,0.));
#3919 = CARTESIAN_POINT('',(40.186836121978,35.608106089527,0.));
#3920 = CARTESIAN_POINT('',(40.145665736739,35.598199690786,0.));
#3921 = CARTESIAN_POINT('',(40.10449159287,35.588264032154,0.));
#3922 = CARTESIAN_POINT('',(40.063313717151,35.578299092737,0.));
#3923 = CARTESIAN_POINT('',(40.022132136318,35.568304851857,0.));
#3924 = CARTESIAN_POINT('',(39.980946877244,35.558281288468,0.));
#3925 = CARTESIAN_POINT('',(39.939757966776,35.548228381741,0.));
#3926 = CARTESIAN_POINT('',(39.898565431786,35.53814611097,0.));
#3927 = CARTESIAN_POINT('',(39.857369299282,35.528034455138,0.));
#3928 = CARTESIAN_POINT('',(39.816169596175,35.517893393535,0.));
#3929 = CARTESIAN_POINT('',(39.774966349534,35.507722905231,0.));
#3930 = CARTESIAN_POINT('',(39.73375958636,35.497522969483,0.));
#3931 = CARTESIAN_POINT('',(39.69254933376,35.487293565361,0.));
#3932 = CARTESIAN_POINT('',(39.651335618867,35.477034672044,0.));
#3933 = CARTESIAN_POINT('',(39.610118468808,35.466746268831,0.));
#3934 = CARTESIAN_POINT('',(39.568897910866,35.456428334731,0.));
#3935 = CARTESIAN_POINT('',(39.527673972221,35.446080849106,0.));
#3936 = CARTESIAN_POINT('',(39.486446680189,35.435703791053,0.));
#3937 = CARTESIAN_POINT('',(39.445216062043,35.425297139769,0.));
#3938 = CARTESIAN_POINT('',(39.403982145172,35.414860874397,0.));
#3939 = CARTESIAN_POINT('',(39.362744956938,35.404394974271,0.));
#3940 = CARTESIAN_POINT('',(39.321504524808,35.393899418505,0.));
#3941 = CARTESIAN_POINT('',(39.280260876233,35.383374186313,0.));
#3942 = CARTESIAN_POINT('',(39.239014038703,35.372819256957,0.));
#3943 = CARTESIAN_POINT('',(39.197764039806,35.362234609582,0.));
#3944 = CARTESIAN_POINT('',(39.156510907056,35.35162022353,0.));
#3945 = CARTESIAN_POINT('',(39.115254668154,35.340976077844,0.));
#3946 = CARTESIAN_POINT('',(39.073995350696,35.330302151952,0.));
#3947 = CARTESIAN_POINT('',(39.03273298243,35.319598425,0.));
#3948 = CARTESIAN_POINT('',(38.991467591063,35.308864876227,0.));
#3949 = CARTESIAN_POINT('',(38.950199204354,35.298101484884,0.));
#3950 = CARTESIAN_POINT('',(38.908927850143,35.287308230187,0.));
#3951 = CARTESIAN_POINT('',(38.867653556252,35.276485091482,0.));
#3952 = CARTESIAN_POINT('',(38.826376350623,35.265632047937,0.));
#3953 = CARTESIAN_POINT('',(38.785096261147,35.254749078903,0.));
#3954 = CARTESIAN_POINT('',(38.743813315791,35.243836163615,0.));
#3955 = CARTESIAN_POINT('',(38.702527542556,35.23289328128,0.));
#3956 = CARTESIAN_POINT('',(38.661238969461,35.221920411237,0.));
#3957 = CARTESIAN_POINT('',(38.619947624648,35.210917532743,0.));
#3958 = CARTESIAN_POINT('',(38.578653536204,35.199884625203,0.));
#3959 = CARTESIAN_POINT('',(38.537356732314,35.188821667787,0.));
#3960 = CARTESIAN_POINT('',(38.496057241105,35.177728639825,0.));
#3961 = CARTESIAN_POINT('',(38.454755090883,35.166605520532,0.));
#3962 = CARTESIAN_POINT('',(38.413450309883,35.155452289423,0.));
#3963 = CARTESIAN_POINT('',(38.372142926467,35.144268925699,0.));
#3964 = CARTESIAN_POINT('',(38.33083296895,35.133055408658,0.));
#3965 = CARTESIAN_POINT('',(38.289520465697,35.121811717644,0.));
#3966 = CARTESIAN_POINT('',(38.248205445166,35.110537831953,0.));
#3967 = CARTESIAN_POINT('',(38.20688793583,35.09923373099,0.));
#3968 = CARTESIAN_POINT('',(38.165567966238,35.087899394087,0.));
#3969 = CARTESIAN_POINT('',(38.12424556486,35.076534800665,0.));
#3970 = CARTESIAN_POINT('',(38.082920760342,35.065139929839,0.));
#3971 = CARTESIAN_POINT('',(38.041593581239,35.053714761166,0.));
#3972 = CARTESIAN_POINT('',(38.000264056288,35.042259273974,0.));
#3973 = CARTESIAN_POINT('',(37.958932214163,35.030773447652,0.));
#3974 = CARTESIAN_POINT('',(37.91759808357,35.019257261528,0.));
#3975 = CARTESIAN_POINT('',(37.876261693352,35.007710694888,0.));
#3976 = CARTESIAN_POINT('',(37.834923072272,34.996133727366,0.));
#3977 = CARTESIAN_POINT('',(37.793582249233,34.984526338219,0.));
#3978 = CARTESIAN_POINT('',(37.752239253138,34.972888506754,0.));
#3979 = CARTESIAN_POINT('',(37.710894112868,34.961220212554,0.));
#3980 = CARTESIAN_POINT('',(37.669546857431,34.949521434934,0.));
#3981 = CARTESIAN_POINT('',(37.628197515867,34.937792153241,0.));
#3982 = CARTESIAN_POINT('',(37.586846117187,34.926032347075,0.));
#3983 = CARTESIAN_POINT('',(37.545492690535,34.914241995763,0.));
#3984 = CARTESIAN_POINT('',(37.504137265009,34.902421078734,0.));
#3985 = CARTESIAN_POINT('',(37.462779869782,34.890569575432,0.));
#3986 = CARTESIAN_POINT('',(37.421420534079,34.87868746532,0.));
#3987 = CARTESIAN_POINT('',(37.380059287141,34.866774727882,0.));
#3988 = CARTESIAN_POINT('',(37.338696158291,34.854831342512,0.));
#3989 = CARTESIAN_POINT('',(37.297331176819,34.842857288758,0.));
#3990 = CARTESIAN_POINT('',(37.255964372113,34.830852546032,0.));
#3991 = CARTESIAN_POINT('',(37.214595773597,34.818817093799,0.));
#3992 = CARTESIAN_POINT('',(37.173225410678,34.806750911649,0.));
#3993 = CARTESIAN_POINT('',(37.131853312918,34.794653978942,0.));
#3994 = CARTESIAN_POINT('',(37.090479509795,34.782526275308,0.));
#3995 = CARTESIAN_POINT('',(37.049104030871,34.770367780212,0.));
#3996 = CARTESIAN_POINT('',(37.007726905788,34.758178473042,0.));
#3997 = CARTESIAN_POINT('',(36.966348164138,34.745958333494,0.));
#3998 = CARTESIAN_POINT('',(36.924967835697,34.733707341,0.));
#3999 = CARTESIAN_POINT('',(36.883585950124,34.721425475194,0.));
#4000 = CARTESIAN_POINT('',(36.84220253722,34.709112715484,0.));
#4001 = CARTESIAN_POINT('',(36.80081762676,34.696769041472,0.));
#4002 = CARTESIAN_POINT('',(36.759431248617,34.684394432733,0.));
#4003 = CARTESIAN_POINT('',(36.718043432687,34.671988868844,0.));
#4004 = CARTESIAN_POINT('',(36.67665420891,34.659552329353,0.));
#4005 = CARTESIAN_POINT('',(36.635263607208,34.647084793871,0.));
#4006 = CARTESIAN_POINT('',(36.593871657607,34.634586241885,0.));
#4007 = CARTESIAN_POINT('',(36.552478390138,34.622056653038,0.));
#4008 = CARTESIAN_POINT('',(36.511083834935,34.609496006952,0.));
#4009 = CARTESIAN_POINT('',(36.469688022095,34.596904283303,0.));
#4010 = CARTESIAN_POINT('',(36.428290981813,34.584281461567,0.));
#4011 = CARTESIAN_POINT('',(36.386892744268,34.571627521421,0.));
#4012 = CARTESIAN_POINT('',(36.345493339714,34.558942442532,0.));
#4013 = CARTESIAN_POINT('',(36.304092798435,34.546226204498,0.));
#4014 = CARTESIAN_POINT('',(36.262691150784,34.533478786918,0.));
#4015 = CARTESIAN_POINT('',(36.221288427106,34.520700169554,0.));
#4016 = CARTESIAN_POINT('',(36.179884657834,34.507890332018,0.));
#4017 = CARTESIAN_POINT('',(36.138479873404,34.495049253944,0.));
#4018 = CARTESIAN_POINT('',(36.097074104292,34.482176915029,0.));
#4019 = CARTESIAN_POINT('',(36.055667381058,34.469273294951,0.));
#4020 = CARTESIAN_POINT('',(36.014259734281,34.456338373445,0.));
#4021 = CARTESIAN_POINT('',(35.972851194516,34.443372130238,0.));
#4022 = CARTESIAN_POINT('',(35.931441792505,34.430374544828,0.));
#4023 = CARTESIAN_POINT('',(35.890031558854,34.417345597197,0.));
#4024 = CARTESIAN_POINT('',(35.848620524351,34.40428526698,0.));
#4025 = CARTESIAN_POINT('',(35.807208719757,34.391193533813,0.));
#4026 = CARTESIAN_POINT('',(35.765796175854,34.378070377512,0.));
#4027 = CARTESIAN_POINT('',(35.724382923559,34.364915777823,0.));
#4028 = CARTESIAN_POINT('',(35.682968993729,34.351729714587,0.));
#4029 = CARTESIAN_POINT('',(35.641554417344,34.338512167428,0.));
#4030 = CARTESIAN_POINT('',(35.600139225304,34.325263116208,0.));
#4031 = CARTESIAN_POINT('',(35.558723448676,34.311982540626,0.));
#4032 = CARTESIAN_POINT('',(35.517307118521,34.298670420535,0.));
#4033 = CARTESIAN_POINT('',(35.475890265926,34.285326735798,0.));
#4034 = CARTESIAN_POINT('',(35.434472922091,34.271951466107,0.));
#4035 = CARTESIAN_POINT('',(35.393055118108,34.2585445914,0.));
#4036 = CARTESIAN_POINT('',(35.351636885252,34.245106091362,0.));
#4037 = CARTESIAN_POINT('',(35.310218254774,34.231635945885,0.));
#4038 = CARTESIAN_POINT('',(35.268799257974,34.218134134893,0.));
#4039 = CARTESIAN_POINT('',(35.22737992621,34.204600638161,0.));
#4040 = CARTESIAN_POINT('',(35.185960290885,34.191035435513,0.));
#4041 = CARTESIAN_POINT('',(35.144540383412,34.17743850694,0.));
#4042 = CARTESIAN_POINT('',(35.103120235247,34.163809832301,0.));
#4043 = CARTESIAN_POINT('',(35.061699877923,34.150149391338,0.));
#4044 = CARTESIAN_POINT('',(35.020279342971,34.13645716406,0.));
#4045 = CARTESIAN_POINT('',(34.978858661991,34.122733130447,0.));
#4046 = CARTESIAN_POINT('',(34.937437866633,34.108977270304,0.));
#4047 = CARTESIAN_POINT('',(34.896016988562,34.09518956355,0.));
#4048 = CARTESIAN_POINT('',(34.854596059475,34.08136999021,0.));
#4049 = CARTESIAN_POINT('',(34.813175111177,34.067518530167,0.));
#4050 = CARTESIAN_POINT('',(34.771754175442,34.053635163418,0.));
#4051 = CARTESIAN_POINT('',(34.730333284094,34.03971986991,0.));
#4052 = CARTESIAN_POINT('',(34.688912469048,34.025772629549,0.));
#4053 = CARTESIAN_POINT('',(34.64749176219,34.011793422429,0.));
#4054 = CARTESIAN_POINT('',(34.60607119552,33.997782228491,0.));
#4055 = CARTESIAN_POINT('',(34.564650801039,33.983739027735,0.));
#4056 = CARTESIAN_POINT('',(34.5232306108,33.969663800193,0.));
#4057 = CARTESIAN_POINT('',(34.481810656871,33.955556525917,0.));
#4058 = CARTESIAN_POINT('',(34.440390971419,33.941417184853,0.));
#4059 = CARTESIAN_POINT('',(34.398971586577,33.927245757126,0.));
#4060 = CARTESIAN_POINT('',(34.357552534587,33.913042222755,0.));
#4061 = CARTESIAN_POINT('',(34.316133847688,33.898806561807,0.));
#4062 = CARTESIAN_POINT('',(34.274715558187,33.884538754335,0.));
#4063 = CARTESIAN_POINT('',(34.233297698438,33.870238780454,0.));
#4064 = CARTESIAN_POINT('',(34.191880300814,33.855906620296,0.));
#4065 = CARTESIAN_POINT('',(34.150463397742,33.841542253914,0.));
#4066 = CARTESIAN_POINT('',(34.109047021696,33.827145661389,0.));
#4067 = CARTESIAN_POINT('',(34.06763120512,33.812716822949,0.));
#4068 = CARTESIAN_POINT('',(34.026215980651,33.798255718573,0.));
#4069 = CARTESIAN_POINT('',(33.984801380822,33.783762328565,0.));
#4070 = CARTESIAN_POINT('',(33.943387438318,33.769236633041,0.));
#4071 = CARTESIAN_POINT('',(33.901974185766,33.754678612168,0.));
#4072 = CARTESIAN_POINT('',(33.860561655917,33.740088246029,0.));
#4073 = CARTESIAN_POINT('',(33.819149881468,33.725465514941,0.));
#4074 = CARTESIAN_POINT('',(33.777738895295,33.710810399011,0.));
#4075 = CARTESIAN_POINT('',(33.736328730249,33.696122878517,0.));
#4076 = CARTESIAN_POINT('',(33.694919419131,33.681402933781,0.));
#4077 = CARTESIAN_POINT('',(33.653510994973,33.666650544744,0.));
#4078 = CARTESIAN_POINT('',(33.612103490648,33.651865691869,0.));
#4079 = CARTESIAN_POINT('',(33.570696939225,33.637048355416,0.));
#4080 = CARTESIAN_POINT('',(33.529291373758,33.622198515582,0.));
#4081 = CARTESIAN_POINT('',(33.487886827328,33.607316152635,0.));
#4082 = CARTESIAN_POINT('',(33.446483333076,33.592401246907,0.));
#4083 = CARTESIAN_POINT('',(33.405080924173,33.577453778711,0.));
#4084 = CARTESIAN_POINT('',(33.363679633876,33.562473728279,0.));
#4085 = CARTESIAN_POINT('',(33.322279495426,33.547461076023,0.));
#4086 = CARTESIAN_POINT('',(33.280880542154,33.532415802272,0.));
#4087 = CARTESIAN_POINT('',(33.239482807382,33.517337887344,0.));
#4088 = CARTESIAN_POINT('',(33.198086324492,33.502227311538,0.));
#4089 = CARTESIAN_POINT('',(33.156691126944,33.487084055245,0.));
#4090 = CARTESIAN_POINT('',(33.115297248209,33.471908098953,0.));
#4091 = CARTESIAN_POINT('',(33.073904721851,33.456699422991,0.));
#4092 = CARTESIAN_POINT('',(33.032513581398,33.44145800777,0.));
#4093 = CARTESIAN_POINT('',(32.991123860456,33.426183833684,0.));
#4094 = CARTESIAN_POINT('',(32.949735592654,33.410876881172,0.));
#4095 = CARTESIAN_POINT('',(32.908348811713,33.395537130647,0.));
#4096 = CARTESIAN_POINT('',(32.866963551372,33.380164562616,0.));
#4097 = CARTESIAN_POINT('',(32.825579845372,33.364759157584,0.));
#4098 = CARTESIAN_POINT('',(32.784197727579,33.349320895872,0.));
#4099 = CARTESIAN_POINT('',(32.742817231817,33.333849758078,0.));
#4100 = CARTESIAN_POINT('',(32.701438392003,33.318345724745,0.));
#4101 = CARTESIAN_POINT('',(32.66006124212,33.302808776296,0.));
#4102 = CARTESIAN_POINT('',(32.618685816097,33.28723889332,0.));
#4103 = CARTESIAN_POINT('',(32.577312148019,33.271636056284,0.));
#4104 = CARTESIAN_POINT('',(32.535940271936,33.256000245819,0.));
#4105 = CARTESIAN_POINT('',(32.494570221969,33.240331442479,0.));
#4106 = CARTESIAN_POINT('',(32.453202032327,33.224629626763,0.));
#4107 = CARTESIAN_POINT('',(32.411835737127,33.208894779399,0.));
#4108 = CARTESIAN_POINT('',(32.370471370692,33.193126880831,0.));
#4109 = CARTESIAN_POINT('',(32.329108967289,33.177325911745,0.));
#4110 = CARTESIAN_POINT('',(32.287748561249,33.161491852846,0.));
#4111 = CARTESIAN_POINT('',(32.24639018698,33.145624684687,0.));
#4112 = CARTESIAN_POINT('',(32.205033878851,33.129724387932,0.));
#4113 = CARTESIAN_POINT('',(32.16367967137,33.113790943208,0.));
#4114 = CARTESIAN_POINT('',(32.122327599014,33.097824331301,0.));
#4115 = CARTESIAN_POINT('',(32.08097769636,33.08182453285,0.));
#4116 = CARTESIAN_POINT('',(32.039629998023,33.065791528522,0.));
#4117 = CARTESIAN_POINT('',(31.99828453858,33.049725299153,0.));
#4118 = CARTESIAN_POINT('',(31.956941352757,33.033625825349,0.));
#4119 = CARTESIAN_POINT('',(31.915600475238,33.017493087879,0.));
#4120 = CARTESIAN_POINT('',(31.874261940809,33.001327067529,0.));
#4121 = CARTESIAN_POINT('',(31.832925784307,32.98512774509,0.));
#4122 = CARTESIAN_POINT('',(31.79159204058,32.968895101374,0.));
#4123 = CARTESIAN_POINT('',(31.750260744512,32.95262911715,0.));
#4124 = CARTESIAN_POINT('',(31.708931931041,32.936329773182,0.));
#4125 = CARTESIAN_POINT('',(31.667605635158,32.919997050336,0.));
#4126 = CARTESIAN_POINT('',(31.626281891885,32.903630929509,0.));
#4127 = CARTESIAN_POINT('',(31.58496073632,32.887231391495,0.));
#4128 = CARTESIAN_POINT('',(31.543642203524,32.870798417184,0.));
#4129 = CARTESIAN_POINT('',(31.502326328705,32.854331987392,0.));
#4130 = CARTESIAN_POINT('',(31.461013147032,32.837832083125,0.));
#4131 = CARTESIAN_POINT('',(31.419702693797,32.821298685266,0.));
#4132 = CARTESIAN_POINT('',(31.378395004296,32.80473177474,0.));
#4133 = CARTESIAN_POINT('',(31.337090113802,32.788131332528,0.));
#4134 = CARTESIAN_POINT('',(31.29578805772,32.77149733945,0.));
#4135 = CARTESIAN_POINT('',(31.254488871457,32.754829776524,0.));
#4136 = CARTESIAN_POINT('',(31.213192590508,32.738128624819,0.));
#4137 = CARTESIAN_POINT('',(31.171899250381,32.721393865342,0.));
#4138 = CARTESIAN_POINT('',(31.130608886617,32.70462547902,0.));
#4139 = CARTESIAN_POINT('',(31.08932153482,32.687823446852,0.));
#4140 = CARTESIAN_POINT('',(31.048037230582,32.670987750001,0.));
#4141 = CARTESIAN_POINT('',(31.006756009682,32.65411836941,0.));
#4142 = CARTESIAN_POINT('',(30.965477907758,32.637215286276,0.));
#4143 = CARTESIAN_POINT('',(30.924202960677,32.620278481556,0.));
#4144 = CARTESIAN_POINT('',(30.882931204143,32.603307936481,0.));
#4145 = CARTESIAN_POINT('',(30.841662674106,32.586303632007,0.));
#4146 = CARTESIAN_POINT('',(30.800397406408,32.569265549381,0.));
#4147 = CARTESIAN_POINT('',(30.759135437056,32.552193669736,0.));
#4148 = CARTESIAN_POINT('',(30.717876802028,32.535087974255,0.));
#4149 = CARTESIAN_POINT('',(30.676621537312,32.517948444099,0.));
#4150 = CARTESIAN_POINT('',(30.63536967909,32.500775060319,0.));
#4151 = CARTESIAN_POINT('',(30.594121263334,32.483567804409,0.));
#4152 = CARTESIAN_POINT('',(30.552876326415,32.466326657322,0.));
#4153 = CARTESIAN_POINT('',(30.511634904354,32.449051600525,0.));
#4154 = CARTESIAN_POINT('',(30.470397033552,32.431742615053,0.));
#4155 = CARTESIAN_POINT('',(30.429162750203,32.414399682325,0.));
#4156 = CARTESIAN_POINT('',(30.387932090736,32.397022783562,0.));
#4157 = CARTESIAN_POINT('',(30.346705091507,32.379611900123,0.));
#4158 = CARTESIAN_POINT('',(30.305481788945,32.362167013292,0.));
#4159 = CARTESIAN_POINT('',(30.264262219561,32.344688104341,0.));
#4160 = CARTESIAN_POINT('',(30.22304641984,32.327175154727,0.));
#4161 = CARTESIAN_POINT('',(30.181834426383,32.30962814578,0.));
#4162 = CARTESIAN_POINT('',(30.140626275815,32.292047058839,0.));
#4163 = CARTESIAN_POINT('',(30.099422004749,32.274431875373,0.));
#4164 = CARTESIAN_POINT('',(30.058221649918,32.256782576727,0.));
#4165 = CARTESIAN_POINT('',(30.017025248053,32.239099144337,0.));
#4166 = CARTESIAN_POINT('',(29.975832835948,32.221381559679,0.));
#4167 = CARTESIAN_POINT('',(29.934644450451,32.203629804216,0.));
#4168 = CARTESIAN_POINT('',(29.893460128474,32.185843859411,0.));
#4169 = CARTESIAN_POINT('',(29.852279906892,32.168023706837,0.));
#4170 = CARTESIAN_POINT('',(29.8111038227,32.150169327898,0.));
#4171 = CARTESIAN_POINT('',(29.769931912896,32.132280704114,0.));
#4172 = CARTESIAN_POINT('',(29.728764214549,32.114357817099,0.));
#4173 = CARTESIAN_POINT('',(29.687600764766,32.096400648437,0.));
#4174 = CARTESIAN_POINT('',(29.646441600688,32.07840917964,0.));
#4175 = CARTESIAN_POINT('',(29.605286759543,32.060383392268,0.));
#4176 = CARTESIAN_POINT('',(29.564136278507,32.042323268079,0.));
#4177 = CARTESIAN_POINT('',(29.522990194928,32.024228788591,0.));
#4178 = CARTESIAN_POINT('',(29.481848546142,32.006099935448,0.));
#4179 = CARTESIAN_POINT('',(29.440711369463,31.987936690442,0.));
#4180 = CARTESIAN_POINT('',(29.399578702346,31.969739035119,0.));
#4181 = CARTESIAN_POINT('',(29.358450582269,31.951506951134,0.));
#4182 = CARTESIAN_POINT('',(29.317327046661,31.933240420381,0.));
#4183 = CARTESIAN_POINT('',(29.276208133219,31.914939424438,0.));
#4184 = CARTESIAN_POINT('',(29.235093879414,31.896603945205,0.));
#4185 = CARTESIAN_POINT('',(29.193984322924,31.878233964312,0.));
#4186 = CARTESIAN_POINT('',(29.152879501496,31.859829463486,0.));
#4187 = CARTESIAN_POINT('',(29.111779452754,31.841390424799,0.));
#4188 = CARTESIAN_POINT('',(29.070684214631,31.822916829862,0.));
#4189 = CARTESIAN_POINT('',(29.029593824827,31.8044086606,0.));
#4190 = CARTESIAN_POINT('',(28.988508321254,31.785865898798,0.));
#4191 = CARTESIAN_POINT('',(28.947427741839,31.767288526352,0.));
#4192 = CARTESIAN_POINT('',(28.906352124487,31.74867652524,0.));
#4193 = CARTESIAN_POINT('',(28.865281507299,31.730029877228,0.));
#4194 = CARTESIAN_POINT('',(28.824215928228,31.71134856438,0.));
#4195 = CARTESIAN_POINT('',(28.783155425444,31.692632568561,0.));
#4196 = CARTESIAN_POINT('',(28.742100037055,31.67388187177,0.));
#4197 = CARTESIAN_POINT('',(28.701049801251,31.655096455996,0.));
#4198 = CARTESIAN_POINT('',(28.660004756295,31.636276303214,0.));
#4199 = CARTESIAN_POINT('',(28.618964940417,31.617421395505,0.));
#4200 = CARTESIAN_POINT('',(28.577930391987,31.598531714827,0.));
#4201 = CARTESIAN_POINT('',(28.536901149323,31.579607243289,0.));
#4202 = CARTESIAN_POINT('',(28.4958772509,31.560647962929,0.));
#4203 = CARTESIAN_POINT('',(28.454858735139,31.541653855929,0.));
#4204 = CARTESIAN_POINT('',(28.413845640538,31.522624904342,0.));
#4205 = CARTESIAN_POINT('',(28.372838005682,31.503561090213,0.));
#4206 = CARTESIAN_POINT('',(28.331835869132,31.484462395828,0.));
#4207 = CARTESIAN_POINT('',(28.290839269556,31.465328803361,0.));
#4208 = CARTESIAN_POINT('',(28.249848245665,31.446160294922,0.));
#4209 = CARTESIAN_POINT('',(28.208862836161,31.426956852771,0.));
#4210 = CARTESIAN_POINT('',(28.167883079829,31.407718459143,0.));
#4211 = CARTESIAN_POINT('',(28.126909015485,31.388445096248,0.));
#4212 = CARTESIAN_POINT('',(28.085940682007,31.369136746329,0.));
#4213 = CARTESIAN_POINT('',(28.044978118328,31.349793391725,0.));
#4214 = CARTESIAN_POINT('',(28.004021363385,31.330415014798,0.));
#4215 = CARTESIAN_POINT('',(27.963070456225,31.311001597758,0.));
#4216 = CARTESIAN_POINT('',(27.922125435836,31.291553122989,0.));
#4217 = CARTESIAN_POINT('',(27.881186341385,31.272069572827,0.));
#4218 = CARTESIAN_POINT('',(27.840253212008,31.252550929761,0.));
#4219 = CARTESIAN_POINT('',(27.799326086882,31.23299717619,0.));
#4220 = CARTESIAN_POINT('',(27.758405005251,31.213408294409,0.));
#4221 = CARTESIAN_POINT('',(27.717490006395,31.193784266887,0.));
#4222 = CARTESIAN_POINT('',(27.676581129629,31.174125076204,0.));
#4223 = CARTESIAN_POINT('',(27.635678414338,31.154430704787,0.));
#4224 = CARTESIAN_POINT('',(27.594781900004,31.134701135041,0.));
#4225 = CARTESIAN_POINT('',(27.553891626005,31.11493634968,0.));
#4226 = CARTESIAN_POINT('',(27.513007631909,31.095136331152,0.));
#4227 = CARTESIAN_POINT('',(27.472129957275,31.075301061952,0.));
#4228 = CARTESIAN_POINT('',(27.431258641662,31.055430524762,0.));
#4229 = CARTESIAN_POINT('',(27.390393724811,31.035524702155,0.));
#4230 = CARTESIAN_POINT('',(27.349535246338,31.015583576848,0.));
#4231 = CARTESIAN_POINT('',(27.308683246031,30.995607131342,0.));
#4232 = CARTESIAN_POINT('',(27.26783776367,30.975595348318,0.));
#4233 = CARTESIAN_POINT('',(27.226998839067,30.955548210584,0.));
#4234 = CARTESIAN_POINT('',(27.186166512168,30.935465700781,0.));
#4235 = CARTESIAN_POINT('',(27.145340822864,30.915347801649,0.));
#4236 = CARTESIAN_POINT('',(27.104521811135,30.895194495931,0.));
#4237 = CARTESIAN_POINT('',(27.063709516994,30.875005766402,0.));
#4238 = CARTESIAN_POINT('',(27.022903980553,30.854781595842,0.));
#4239 = CARTESIAN_POINT('',(26.982105241855,30.834521967155,0.));
#4240 = CARTESIAN_POINT('',(26.941313341163,30.814226863036,0.));
#4241 = CARTESIAN_POINT('',(26.900528318579,30.793896266472,0.));
#4242 = CARTESIAN_POINT('',(26.859750214429,30.773530160255,0.));
#4243 = CARTESIAN_POINT('',(26.818979068984,30.753128527321,0.));
#4244 = CARTESIAN_POINT('',(26.778214922637,30.732691350599,0.));
#4245 = CARTESIAN_POINT('',(26.737457815697,30.712218613105,0.));
#4246 = CARTESIAN_POINT('',(26.696707788709,30.691710297613,0.));
#4247 = CARTESIAN_POINT('',(26.655964882077,30.671166387262,0.));
#4248 = CARTESIAN_POINT('',(26.615229136352,30.650586865079,0.));
#4249 = CARTESIAN_POINT('',(26.574500592193,30.629971713979,0.));
#4250 = CARTESIAN_POINT('',(26.533779290106,30.609320917157,0.));
#4251 = CARTESIAN_POINT('',(26.493065270832,30.588634457561,0.));
#4252 = CARTESIAN_POINT('',(26.452358575129,30.567912318286,0.));
#4253 = CARTESIAN_POINT('',(26.41165924365,30.547154482649,0.));
#4254 = CARTESIAN_POINT('',(26.370967317334,30.526360933569,0.));
#4255 = CARTESIAN_POINT('',(26.330282836991,30.505531654269,0.));
#4256 = CARTESIAN_POINT('',(26.289605843516,30.484666628055,0.));
#4257 = CARTESIAN_POINT('',(26.248936377882,30.463765838051,0.));
#4258 = CARTESIAN_POINT('',(26.208274481071,30.442829267407,0.));
#4259 = CARTESIAN_POINT('',(26.167620194149,30.42185689943,0.));
#4260 = CARTESIAN_POINT('',(26.126973558188,30.400848717519,0.));
#4261 = CARTESIAN_POINT('',(26.086334614396,30.379804704868,0.));
#4262 = CARTESIAN_POINT('',(26.0457034039,30.358724844817,0.));
#4263 = CARTESIAN_POINT('',(26.005079967937,30.337609120696,0.));
#4264 = CARTESIAN_POINT('',(25.964464347823,30.316457515867,0.));
#4265 = CARTESIAN_POINT('',(25.923856584864,30.295270013795,0.));
#4266 = CARTESIAN_POINT('',(25.883256720448,30.274046597863,0.));
#4267 = CARTESIAN_POINT('',(25.842664796017,30.252787251459,0.));
#4268 = CARTESIAN_POINT('',(25.802080852981,30.231491958112,0.));
#4269 = CARTESIAN_POINT('',(25.761504932898,30.210160701247,0.));
#4270 = CARTESIAN_POINT('',(25.720937077375,30.188793464378,0.));
#4271 = CARTESIAN_POINT('',(25.68037732792,30.167390231186,0.));
#4272 = CARTESIAN_POINT('',(25.639825726321,30.14595098502,0.));
#4273 = CARTESIAN_POINT('',(25.599282314197,30.124475709566,0.));
#4274 = CARTESIAN_POINT('',(25.558747133298,30.102964388463,0.));
#4275 = CARTESIAN_POINT('',(25.518220225501,30.081417005231,0.));
#4276 = CARTESIAN_POINT('',(25.477701632577,30.05983354363,0.));
#4277 = CARTESIAN_POINT('',(25.437191396435,30.038213987299,0.));
#4278 = CARTESIAN_POINT('',(25.396689559065,30.016558319853,0.));
#4279 = CARTESIAN_POINT('',(25.356196162363,29.994866525151,0.));
#4280 = CARTESIAN_POINT('',(25.315711248496,29.97313858684,0.));
#4281 = CARTESIAN_POINT('',(25.275234859441,29.951374488832,0.));
#4282 = CARTESIAN_POINT('',(25.234767037408,29.929574214735,0.));
#4283 = CARTESIAN_POINT('',(25.194307824435,29.907737748678,0.));
#4284 = CARTESIAN_POINT('',(25.153857263187,29.885865073351,0.));
#4285 = CARTESIAN_POINT('',(25.11341539426,29.863956177139,0.));
#4286 = CARTESIAN_POINT('',(25.072982266387,29.842011027053,0.));
#4287 = CARTESIAN_POINT('',(25.032557898079,29.820029670112,0.));
#4288 = CARTESIAN_POINT('',(24.992142420521,29.798011854901,0.));
#4289 = CARTESIAN_POINT('',(24.951735545037,29.775958443397,0.));
#4290 = CARTESIAN_POINT('',(24.911338550114,29.75386614209,0.));
#4291 = CARTESIAN_POINT('',(24.870946864321,29.73174717083,0.));
#4292 = CARTESIAN_POINT('',(24.830577755348,29.709555834706,0.));
#4293 = CARTESIAN_POINT('',(24.790166960697,29.687462647127,0.));
#4294 = CARTESIAN_POINT('',(24.749954588279,29.66483096899,0.));
#4295 = CARTESIAN_POINT('',(24.709044465494,29.644037436344,0.));
#4296 = CARTESIAN_POINT('',(24.676009302014,29.62001100077,0.));
#4297 = CARTESIAN_POINT('',(24.597740918888,29.607978058277,0.));
#4298 = CARTESIAN_POINT('',(24.485380155764,29.578861923151,0.));
#4299 = CARTESIAN_POINT('',(24.327687071368,29.545295714771,0.));
#4300 = CARTESIAN_POINT('',(24.171357846184,29.509633294832,0.));
#4301 = CARTESIAN_POINT('',(24.015500839462,29.474246088702,0.));
#4302 = CARTESIAN_POINT('',(23.860352513676,29.438507238457,0.));
#4303 = CARTESIAN_POINT('',(23.705848710348,29.402588807009,0.));
#4304 = CARTESIAN_POINT('',(23.552005351315,29.366449966069,0.));
#4305 = CARTESIAN_POINT('',(23.398816997557,29.330106602334,0.));
#4306 = CARTESIAN_POINT('',(23.246283878804,29.293559479387,0.));
#4307 = CARTESIAN_POINT('',(23.094404691503,29.256813378995,0.));
#4308 = CARTESIAN_POINT('',(22.943178517847,29.219872000854,0.));
#4309 = CARTESIAN_POINT('',(22.792604314519,29.182739321434,0.));
#4310 = CARTESIAN_POINT('',(22.642681048973,29.145419231833,0.));
#4311 = CARTESIAN_POINT('',(22.49340766318,29.10791563418,0.));
#4312 = CARTESIAN_POINT('',(22.344783083353,29.070232415857,0.));
#4313 = CARTESIAN_POINT('',(22.196806217411,29.032373456279,0.));
#4314 = CARTESIAN_POINT('',(22.04947595572,28.994342624994,0.));
#4315 = CARTESIAN_POINT('',(21.902791170953,28.956143782104,0.));
#4316 = CARTESIAN_POINT('',(21.756750718194,28.917780778061,0.));
#4317 = CARTESIAN_POINT('',(21.611353434968,28.879257453633,0.));
#4318 = CARTESIAN_POINT('',(21.466598141295,28.840577639826,0.));
#4319 = CARTESIAN_POINT('',(21.322483639744,28.801745157813,0.));
#4320 = CARTESIAN_POINT('',(21.179008715474,28.762763818866,0.));
#4321 = CARTESIAN_POINT('',(21.036172136292,28.723637424289,0.));
#4322 = CARTESIAN_POINT('',(20.893972652699,28.684369765344,0.));
#4323 = CARTESIAN_POINT('',(20.75240899794,28.644964623184,0.));
#4324 = CARTESIAN_POINT('',(20.61147988806,28.605425768787,0.));
#4325 = CARTESIAN_POINT('',(20.471184021948,28.565756962883,0.));
#4326 = CARTESIAN_POINT('',(20.331520081393,28.525961955889,0.));
#4327 = CARTESIAN_POINT('',(20.192486731136,28.486044487839,0.));
#4328 = CARTESIAN_POINT('',(20.054082618916,28.446008288317,0.));
#4329 = CARTESIAN_POINT('',(19.91630637553,28.405857076387,0.));
#4330 = CARTESIAN_POINT('',(19.779156614881,28.365594560532,0.));
#4331 = CARTESIAN_POINT('',(19.642631934028,28.325224438577,0.));
#4332 = CARTESIAN_POINT('',(19.506730913245,28.284750397631,0.));
#4333 = CARTESIAN_POINT('',(19.37145211607,28.244176114014,0.));
#4334 = CARTESIAN_POINT('',(19.236794089358,28.203505253195,0.));
#4335 = CARTESIAN_POINT('',(19.102755363337,28.16274146972,0.));
#4336 = CARTESIAN_POINT('',(18.969334451659,28.121888407152,0.));
#4337 = CARTESIAN_POINT('',(18.836529851459,28.080949698002,0.));
#4338 = CARTESIAN_POINT('',(18.7043400434,28.039928963663,0.));
#4339 = CARTESIAN_POINT('',(18.572763491738,27.998829814344,0.));
#4340 = CARTESIAN_POINT('',(18.441798644371,27.957655849008,0.));
#4341 = CARTESIAN_POINT('',(18.311443932892,27.916410655302,0.));
#4342 = CARTESIAN_POINT('',(18.181697772652,27.875097809498,0.));
#4343 = CARTESIAN_POINT('',(18.052558562806,27.833720876423,0.));
#4344 = CARTESIAN_POINT('',(17.924024686375,27.792283409398,0.));
#4345 = CARTESIAN_POINT('',(17.796094510303,27.750788950173,0.));
#4346 = CARTESIAN_POINT('',(17.668766385506,27.709241028861,0.));
#4347 = CARTESIAN_POINT('',(17.542038646935,27.66764316388,0.));
#4348 = CARTESIAN_POINT('',(17.41590961363,27.625998861884,0.));
#4349 = CARTESIAN_POINT('',(17.290377588778,27.584311617699,0.));
#4350 = CARTESIAN_POINT('',(17.165440859768,27.542584914268,0.));
#4351 = CARTESIAN_POINT('',(17.041097698251,27.500822222579,0.));
#4352 = CARTESIAN_POINT('',(16.917346360196,27.459027001608,0.));
#4353 = CARTESIAN_POINT('',(16.794185085947,27.417202698255,0.));
#4354 = CARTESIAN_POINT('',(16.671612100284,27.375352747283,0.));
#4355 = CARTESIAN_POINT('',(16.549625612477,27.333480571253,0.));
#4356 = CARTESIAN_POINT('',(16.428223816348,27.291589580469,0.));
#4357 = CARTESIAN_POINT('',(16.307404890328,27.249683172909,0.));
#4358 = CARTESIAN_POINT('',(16.187166997517,27.207764734169,0.));
#4359 = CARTESIAN_POINT('',(16.067508285743,27.165837637401,0.));
#4360 = CARTESIAN_POINT('',(15.948426887618,27.123905243251,0.));
#4361 = CARTESIAN_POINT('',(15.829920920603,27.081970899802,0.));
#4362 = CARTESIAN_POINT('',(15.711988487065,27.040037942509,0.));
#4363 = CARTESIAN_POINT('',(15.594627674336,26.998109694145,0.));
#4364 = CARTESIAN_POINT('',(15.477836554776,26.956189464735,0.));
#4365 = CARTESIAN_POINT('',(15.36161318583,26.914280551501,0.));
#4366 = CARTESIAN_POINT('',(15.245955610093,26.872386238805,0.));
#4367 = CARTESIAN_POINT('',(15.130861855366,26.830509798082,0.));
#4368 = CARTESIAN_POINT('',(15.016329934721,26.788654487789,0.));
#4369 = CARTESIAN_POINT('',(14.90235784656,26.746823553344,0.));
#4370 = CARTESIAN_POINT('',(14.78894357468,26.705020227069,0.));
#4371 = CARTESIAN_POINT('',(14.676085088328,26.663247728127,0.));
#4372 = CARTESIAN_POINT('',(14.56378034227,26.621509262472,0.));
#4373 = CARTESIAN_POINT('',(14.45202727685,26.579808022788,0.));
#4374 = CARTESIAN_POINT('',(14.340823818052,26.53814718843,0.));
#4375 = CARTESIAN_POINT('',(14.230167877563,26.49652992537,0.));
#4376 = CARTESIAN_POINT('',(14.120057352837,26.454959386139,0.));
#4377 = CARTESIAN_POINT('',(14.010490127156,26.413438709773,0.));
#4378 = CARTESIAN_POINT('',(13.901464069695,26.371971021754,0.));
#4379 = CARTESIAN_POINT('',(13.792977035584,26.330559433953,0.));
#4380 = CARTESIAN_POINT('',(13.685026865972,26.289207044579,0.));
#4381 = CARTESIAN_POINT('',(13.577611388092,26.247916938122,0.));
#4382 = CARTESIAN_POINT('',(13.470728415323,26.206692185296,0.));
#4383 = CARTESIAN_POINT('',(13.364375747257,26.165535842985,0.));
#4384 = CARTESIAN_POINT('',(13.258551169759,26.124450954189,0.));
#4385 = CARTESIAN_POINT('',(13.153252455035,26.083440547971,0.));
#4386 = CARTESIAN_POINT('',(13.048477361699,26.042507639401,0.));
#4387 = CARTESIAN_POINT('',(12.944223634831,26.001655229503,0.));
#4388 = CARTESIAN_POINT('',(12.840489006049,25.960886305199,0.));
#4389 = CARTESIAN_POINT('',(12.737271193569,25.920203839263,0.));
#4390 = CARTESIAN_POINT('',(12.634567902277,25.879610790258,0.));
#4391 = CARTESIAN_POINT('',(12.532376823788,25.839110102493,0.));
#4392 = CARTESIAN_POINT('',(12.430695636516,25.798704705962,0.));
#4393 = CARTESIAN_POINT('',(12.329522005739,25.758397516299,0.));
#4394 = CARTESIAN_POINT('',(12.228853583665,25.718191434722,0.));
#4395 = CARTESIAN_POINT('',(12.128688009501,25.678089347982,0.));
#4396 = CARTESIAN_POINT('',(12.029022909515,25.638094128313,0.));
#4397 = CARTESIAN_POINT('',(11.929855897108,25.598208633378,0.));
#4398 = CARTESIAN_POINT('',(11.831184572878,25.558435706222,0.));
#4399 = CARTESIAN_POINT('',(11.733006524688,25.518778175218,0.));
#4400 = CARTESIAN_POINT('',(11.635319327733,25.479238854021,0.));
#4401 = CARTESIAN_POINT('',(11.538120544609,25.439820541511,0.));
#4402 = CARTESIAN_POINT('',(11.44140772538,25.400526021752,0.));
#4403 = CARTESIAN_POINT('',(11.345178407645,25.361358063936,0.));
#4404 = CARTESIAN_POINT('',(11.249430116609,25.322319422334,0.));
#4405 = CARTESIAN_POINT('',(11.154160365148,25.283412836253,0.));
#4406 = CARTESIAN_POINT('',(11.05936665388,25.24464102998,0.));
#4407 = CARTESIAN_POINT('',(10.965046471232,25.20600671274,0.));
#4408 = CARTESIAN_POINT('',(10.871197293512,25.167512578641,0.));
#4409 = CARTESIAN_POINT('',(10.777816584973,25.129161306633,0.));
#4410 = CARTESIAN_POINT('',(10.684901797887,25.090955560458,0.));
#4411 = CARTESIAN_POINT('',(10.592450372612,25.0528979886,0.));
#4412 = CARTESIAN_POINT('',(10.500459737662,25.014991224242,0.));
#4413 = CARTESIAN_POINT('',(10.408927309777,24.977237885218,0.));
#4414 = CARTESIAN_POINT('',(10.317850493993,24.939640573966,0.));
#4415 = CARTESIAN_POINT('',(10.227226683711,24.902201877481,0.));
#4416 = CARTESIAN_POINT('',(10.137053260769,24.864924367271,0.));
#4417 = CARTESIAN_POINT('',(10.047327595513,24.827810599312,0.));
#4418 = CARTESIAN_POINT('',(9.958047046864,24.790863114,0.));
#4419 = CARTESIAN_POINT('',(9.869208962391,24.754084436109,0.));
#4420 = CARTESIAN_POINT('',(9.780810678384,24.717477074744,0.));
#4421 = CARTESIAN_POINT('',(9.692849519921,24.681043523296,0.));
#4422 = CARTESIAN_POINT('',(9.605322800943,24.644786259403,0.));
#4423 = CARTESIAN_POINT('',(9.518227824322,24.608707744899,0.));
#4424 = CARTESIAN_POINT('',(9.431561881936,24.572810425776,0.));
#4425 = CARTESIAN_POINT('',(9.345322254737,24.537096732138,0.));
#4426 = CARTESIAN_POINT('',(9.259506212827,24.501569078158,0.));
#4427 = CARTESIAN_POINT('',(9.174111015527,24.466229862038,0.));
#4428 = CARTESIAN_POINT('',(9.089133911449,24.431081465962,0.));
#4429 = CARTESIAN_POINT('',(9.004572138573,24.39612625606,0.));
#4430 = CARTESIAN_POINT('',(8.920422924312,24.36136658236,0.));
#4431 = CARTESIAN_POINT('',(8.836683485591,24.32680477875,0.));
#4432 = CARTESIAN_POINT('',(8.753351028917,24.292443162936,0.));
#4433 = CARTESIAN_POINT('',(8.670422750453,24.258284036403,0.));
#4434 = CARTESIAN_POINT('',(8.587895836091,24.224329684369,0.));
#4435 = CARTESIAN_POINT('',(8.505767461522,24.190582375751,0.));
#4436 = CARTESIAN_POINT('',(8.424034792317,24.157044363121,0.));
#4437 = CARTESIAN_POINT('',(8.342694983991,24.123717882669,0.));
#4438 = CARTESIAN_POINT('',(8.261745182086,24.090605154159,0.));
#4439 = CARTESIAN_POINT('',(8.181182522238,24.057708380897,0.));
#4440 = CARTESIAN_POINT('',(8.101004130255,24.025029749683,0.));
#4441 = CARTESIAN_POINT('',(8.021207122186,23.992571430782,0.));
#4442 = CARTESIAN_POINT('',(7.941788604405,23.960335577879,0.));
#4443 = CARTESIAN_POINT('',(7.862745673674,23.928324328044,0.));
#4444 = CARTESIAN_POINT('',(7.784075417226,23.896539801694,0.));
#4445 = CARTESIAN_POINT('',(7.705774912836,23.864984102554,0.));
#4446 = CARTESIAN_POINT('',(7.627841228895,23.833659317624,0.));
#4447 = CARTESIAN_POINT('',(7.55027142449,23.802567517136,0.));
#4448 = CARTESIAN_POINT('',(7.473062549473,23.771710754525,0.));
#4449 = CARTESIAN_POINT('',(7.396211644539,23.741091066386,0.));
#4450 = CARTESIAN_POINT('',(7.319715741304,23.710710472443,0.));
#4451 = CARTESIAN_POINT('',(7.243571862375,23.680570975513,0.));
#4452 = CARTESIAN_POINT('',(7.16777702143,23.650674561466,0.));
#4453 = CARTESIAN_POINT('',(7.092328223293,23.621023199198,0.));
#4454 = CARTESIAN_POINT('',(7.017222464009,23.591618840588,0.));
#4455 = CARTESIAN_POINT('',(6.942456730921,23.562463420471,0.));
#4456 = CARTESIAN_POINT('',(6.868028002746,23.533558856599,0.));
#4457 = CARTESIAN_POINT('',(6.793933249649,23.504907049611,0.));
#4458 = CARTESIAN_POINT('',(6.720169433326,23.476509882998,0.));
#4459 = CARTESIAN_POINT('',(6.646733507073,23.448369223067,0.));
#4460 = CARTESIAN_POINT('',(6.573622415868,23.420486918913,0.));
#4461 = CARTESIAN_POINT('',(6.500833096444,23.392864802387,0.));
#4462 = CARTESIAN_POINT('',(6.428362477371,23.365504688058,0.));
#4463 = CARTESIAN_POINT('',(6.356207479128,23.338408373186,0.));
#4464 = CARTESIAN_POINT('',(6.284365014185,23.311577637691,0.));
#4465 = CARTESIAN_POINT('',(6.212831987074,23.285014244118,0.));
#4466 = CARTESIAN_POINT('',(6.141605294476,23.258719937609,0.));
#4467 = CARTESIAN_POINT('',(6.070681825289,23.232696445873,0.));
#4468 = CARTESIAN_POINT('',(6.000058460711,23.206945479153,0.));
#4469 = CARTESIAN_POINT('',(5.92973207432,23.181468730198,0.));
#4470 = CARTESIAN_POINT('',(5.859699532147,23.156267874233,0.));
#4471 = CARTESIAN_POINT('',(5.789957692754,23.131344568929,0.));
#4472 = CARTESIAN_POINT('',(5.72050340732,23.106700454377,0.));
#4473 = CARTESIAN_POINT('',(5.65133351971,23.082337153054,0.));
#4474 = CARTESIAN_POINT('',(5.58244486656,23.0582562698,0.));
#4475 = CARTESIAN_POINT('',(5.513834277354,23.034459391784,0.));
#4476 = CARTESIAN_POINT('',(5.445498574499,23.010948088485,0.));
#4477 = CARTESIAN_POINT('',(5.377434573411,22.987723911653,0.));
#4478 = CARTESIAN_POINT('',(5.30963908259,22.964788395294,0.));
#4479 = CARTESIAN_POINT('',(5.242108903699,22.942143055633,0.));
#4480 = CARTESIAN_POINT('',(5.174840831643,22.919789391094,0.));
#4481 = CARTESIAN_POINT('',(5.107831654652,22.897728882269,0.));
#4482 = CARTESIAN_POINT('',(5.041078154357,22.875962991897,0.));
#4483 = CARTESIAN_POINT('',(4.97457710587,22.854493164835,0.));
#4484 = CARTESIAN_POINT('',(4.908325277867,22.833320828033,0.));
#4485 = CARTESIAN_POINT('',(4.842319432663,22.812447390509,0.));
#4486 = CARTESIAN_POINT('',(4.776556326298,22.791874243325,0.));
#4487 = CARTESIAN_POINT('',(4.711032708612,22.771602759563,0.));
#4488 = CARTESIAN_POINT('',(4.645745323328,22.751634294299,0.));
#4489 = CARTESIAN_POINT('',(4.580690908131,22.73197018458,0.));
#4490 = CARTESIAN_POINT('',(4.51586619475,22.712611749401,0.));
#4491 = CARTESIAN_POINT('',(4.45126790904,22.693560289682,0.));
#4492 = CARTESIAN_POINT('',(4.386892771059,22.674817088242,0.));
#4493 = CARTESIAN_POINT('',(4.32273749515,22.65638340978,0.));
#4494 = CARTESIAN_POINT('',(4.258798790024,22.638260500851,0.));
#4495 = CARTESIAN_POINT('',(4.195073358841,22.620449589844,0.));
#4496 = CARTESIAN_POINT('',(4.131557899288,22.602951886959,0.));
#4497 = CARTESIAN_POINT('',(4.068249103665,22.585768584185,0.));
#4498 = CARTESIAN_POINT('',(4.005143658962,22.568900855285,0.));
#4499 = CARTESIAN_POINT('',(3.942238246942,22.552349855763,0.));
#4500 = CARTESIAN_POINT('',(3.879529544226,22.536116722856,0.));
#4501 = CARTESIAN_POINT('',(3.81701422237,22.520202575504,0.));
#4502 = CARTESIAN_POINT('',(3.754688947948,22.504608514335,0.));
#4503 = CARTESIAN_POINT('',(3.692550382635,22.489335621642,0.));
#4504 = CARTESIAN_POINT('',(3.630595183289,22.474384961364,0.));
#4505 = CARTESIAN_POINT('',(3.568820002033,22.459757579069,0.));
#4506 = CARTESIAN_POINT('',(3.507221486336,22.445454501932,0.));
#4507 = CARTESIAN_POINT('',(3.445796279095,22.431476738715,0.));
#4508 = CARTESIAN_POINT('',(3.384541018719,22.417825279753,0.));
#4509 = CARTESIAN_POINT('',(3.32345233921,22.404501096929,0.));
#4510 = CARTESIAN_POINT('',(3.262526870247,22.391505143663,0.));
#4511 = CARTESIAN_POINT('',(3.201761237265,22.378838354887,0.));
#4512 = CARTESIAN_POINT('',(3.141152061542,22.366501647033,0.));
#4513 = CARTESIAN_POINT('',(3.080695960276,22.354495918013,0.));
#4514 = CARTESIAN_POINT('',(3.020389546672,22.3428220472,0.));
#4515 = CARTESIAN_POINT('',(2.960229430025,22.331480895415,0.));
#4516 = CARTESIAN_POINT('',(2.900212215798,22.320473304907,0.));
#4517 = CARTESIAN_POINT('',(2.840334505708,22.30980009934,0.));
#4518 = CARTESIAN_POINT('',(2.780592897807,22.299462083772,0.));
#4519 = CARTESIAN_POINT('',(2.720983986568,22.289460044643,0.));
#4520 = CARTESIAN_POINT('',(2.661504362962,22.279794749759,0.));
#4521 = CARTESIAN_POINT('',(2.602150614544,22.270466948273,0.));
#4522 = CARTESIAN_POINT('',(2.542919325535,22.261477370675,0.));
#4523 = CARTESIAN_POINT('',(2.483807076906,22.252826728773,0.));
#4524 = CARTESIAN_POINT('',(2.424810446458,22.244515715682,0.));
#4525 = CARTESIAN_POINT('',(2.365926008903,22.236545005805,0.));
#4526 = CARTESIAN_POINT('',(2.307150335952,22.228915254825,0.));
#4527 = CARTESIAN_POINT('',(2.248479996394,22.221627099684,0.));
#4528 = CARTESIAN_POINT('',(2.189911556175,22.214681158578,0.));
#4529 = CARTESIAN_POINT('',(2.131441578487,22.208078030934,0.));
#4530 = CARTESIAN_POINT('',(2.073066623846,22.201818297407,0.));
#4531 = CARTESIAN_POINT('',(2.014783250175,22.195902519862,0.));
#4532 = CARTESIAN_POINT('',(1.956588012884,22.190331241361,0.));
#4533 = CARTESIAN_POINT('',(1.898477464958,22.185104986153,0.));
#4534 = CARTESIAN_POINT('',(1.84044815703,22.180224259665,0.));
#4535 = CARTESIAN_POINT('',(1.782496637471,22.175689548485,0.));
#4536 = CARTESIAN_POINT('',(1.724619452469,22.171501320356,0.));
#4537 = CARTESIAN_POINT('',(1.666813146107,22.167660024162,0.));
#4538 = CARTESIAN_POINT('',(1.60907426045,22.164166089922,0.));
#4539 = CARTESIAN_POINT('',(1.551399335625,22.161019928777,0.));
#4540 = CARTESIAN_POINT('',(1.4937849099,22.158221932979,0.));
#4541 = CARTESIAN_POINT('',(1.436227519768,22.155772475888,0.));
#4542 = CARTESIAN_POINT('',(1.378723700027,22.153671911958,0.));
#4543 = CARTESIAN_POINT('',(1.321269983862,22.15192057673,0.));
#4544 = CARTESIAN_POINT('',(1.263862902927,22.150518786826,0.));
#4545 = CARTESIAN_POINT('',(1.206498987424,22.14946683994,0.));
#4546 = CARTESIAN_POINT('',(1.149174766185,22.148765014836,0.));
#4547 = CARTESIAN_POINT('',(1.091886766753,22.148413571314,0.));
#4548 = CARTESIAN_POINT('',(1.034631515466,22.148412750312,0.));
#4549 = CARTESIAN_POINT('',(0.97740553753,22.148762773507,0.));
#4550 = CARTESIAN_POINT('',(0.920205357115,22.149463844755,0.));
#4551 = CARTESIAN_POINT('',(0.863027497399,22.150516144719,0.));
#4552 = CARTESIAN_POINT('',(0.805868480766,22.151919850874,0.));
#4553 = CARTESIAN_POINT('',(0.767772085345,22.153090011455,-0.));
#4554 = CARTESIAN_POINT('',(0.748726809419,22.153733695281,0.));
#4555 = CARTESIAN_POINT('',(129.83148826492,-23.54742992044,0.));
#4556 = CARTESIAN_POINT('',(0.748726809419,22.153733695281,0.));
#4557 = ( GEOMETRIC_REPRESENTATION_CONTEXT(3) 
GLOBAL_UNCERTAINTY_ASSIGNED_CONTEXT((#4561)) 
GLOBAL_UNIT_ASSIGNED_CONTEXT((#4558,#4559,#4560)) REPRESENTATION_CONTEXT
('Context #1','3D Context with UNIT and UNCERTAINTY') );
#4558 = ( LENGTH_UNIT() NAMED_UNIT(*) SI_UNIT(.MILLI.,.METRE.) );
#4559 = ( NAMED_UNIT(*) PLANE_ANGLE_UNIT() SI_UNIT($,.RADIAN.) );
#4560 = ( NAMED_UNIT(*) SI_UNIT($,.STERADIAN.) SOLID_ANGLE_UNIT() );
#4561 = UNCERTAINTY_MEASURE_WITH_UNIT(LENGTH_MEASURE(1.E-07),#4558,
  'distance_accuracy_value','confusion accuracy');
#4562 = CONTEXT_DEPENDENT_SHAPE_REPRESENTATION(#4563,#4565);
#4563 = ( REPRESENTATION_RELATIONSHIP('','',#36,#10) 
REPRESENTATION_RELATIONSHIP_WITH_TRANSFORMATION(#4564) 
SHAPE_REPRESENTATION_RELATIONSHIP() );
#4564 = ITEM_DEFINED_TRANSFORMATION('','',#11,#15);
#4565 = PRODUCT_DEFINITION_SHAPE('Placement','Placement of an item',
  #4566);
#4566 = NEXT_ASSEMBLY_USAGE_OCCURRENCE('1','','',#5,#31,$);
#4567 = PRODUCT_RELATED_PRODUCT_CATEGORY('part',$,(#33));
#4568 = SHAPE_DEFINITION_REPRESENTATION(#4569,#4575);
#4569 = PRODUCT_DEFINITION_SHAPE('','',#4570);
#4570 = PRODUCT_DEFINITION('design','',#4571,#4574);
#4571 = PRODUCT_DEFINITION_FORMATION('','',#4572);
#4572 = PRODUCT('Open CASCADE STEP translator 7.9 1.2',
  'Open CASCADE STEP translator 7.9 1.2','',(#4573));
#4573 = PRODUCT_CONTEXT('',#2,'mechanical');
#4574 = PRODUCT_DEFINITION_CONTEXT('part definition',#2,'design');
#4575 = GEOMETRICALLY_BOUNDED_WIREFRAME_SHAPE_REPRESENTATION('',(#11,
    #4576),#4585);
#4576 = GEOMETRIC_CURVE_SET('',(#4577));
#4577 = TRIMMED_CURVE('',#4578,(#4583,PARAMETER_VALUE(0.)),(#4584,
    PARAMETER_VALUE(6.28318530718)),.T.,.PARAMETER.);
#4578 = CIRCLE('',#4579,2.);
#4579 = AXIS2_PLACEMENT_3D('',#4580,#4581,#4582);
#4580 = CARTESIAN_POINT('',(0.,0.,0.));
#4581 = DIRECTION('',(0.,0.,1.));
#4582 = DIRECTION('',(1.,0.,-0.));
#4583 = CARTESIAN_POINT('',(2.,0.,0.));
#4584 = CARTESIAN_POINT('',(2.,0.,0.));
#4585 = ( GEOMETRIC_REPRESENTATION_CONTEXT(3) 
GLOBAL_UNCERTAINTY_ASSIGNED_CONTEXT((#4589)) 
GLOBAL_UNIT_ASSIGNED_CONTEXT((#4586,#4587,#4588)) REPRESENTATION_CONTEXT
('Context #1','3D Context with UNIT and UNCERTAINTY') );
#4586 = ( LENGTH_UNIT() NAMED_UNIT(*) SI_UNIT(.MILLI.,.METRE.) );
#4587 = ( NAMED_UNIT(*) PLANE_ANGLE_UNIT() SI_UNIT($,.RADIAN.) );
#4588 = ( NAMED_UNIT(*) SI_UNIT($,.STERADIAN.) SOLID_ANGLE_UNIT() );
#4589 = UNCERTAINTY_MEASURE_WITH_UNIT(LENGTH_MEASURE(1.E-07),#4586,
  'distance_accuracy_value','confusion accuracy');
#4590 = CONTEXT_DEPENDENT_SHAPE_REPRESENTATION(#4591,#4593);
#4591 = ( REPRESENTATION_RELATIONSHIP('','',#4575,#10) 
REPRESENTATION_RELATIONSHIP_WITH_TRANSFORMATION(#4592) 
SHAPE_REPRESENTATION_RELATIONSHIP() );
#4592 = ITEM_DEFINED_TRANSFORMATION('','',#11,#19);
#4593 = PRODUCT_DEFINITION_SHAPE('Placement','Placement of an item',
  #4594);
#4594 = NEXT_ASSEMBLY_USAGE_OCCURRENCE('2','','',#5,#4570,$);
#4595 = PRODUCT_RELATED_PRODUCT_CATEGORY('part',$,(#4572));
ENDSEC;
END-ISO-10303-21;
