PaperID,Paper,Authors,Year,FigureOrTable,MotionType,MotionPlane,MeasurementMethod,HealthyOnly,SampleSize,Direction,Loaded,HT_Elevation_deg,GH_Elevation_deg,ST_UpwardRotation_deg,ST_PosteriorTilt_deg,ST_InternalRotation_deg,SC_Elevation_deg,SC_PosteriorRotation_deg,AC_UpwardRotation_deg,GH_Plane_deg,GH_ExternalRotation_deg,Mean,SD,SEM,ConfidenceInterval,DataSource,ExtractionMethod,Notes
Forte2009,Scapular kinematics and scapulohumeral rhythm during resisted shoulder abduction - Implications for clinical practice,Forte FC; de Castro MP; de Toledo JM; Ribeiro DC; Loss JF,2009,Figure 4,Quasi-static shoulder abduction,Coronal/frontal plane,Five-camera 3D skin-marker videogrammetry with repeated scapular landmark palpation,True,11,Raising,False,10,,,,37.367,,,,,,37.367,,,,Scapular kinematics.pdf,Equation,Published cubic equation sampled at 5-degree HT increments; ST internal rotation; original paper convention; y=-2E-05x^3+0.0058x^2-0.5583x+42.39. No interpolation or smoothing.
Forte2009,Scapular kinematics and scapulohumeral rhythm during resisted shoulder abduction - Implications for clinical practice,Forte FC; de Castro MP; de Toledo JM; Ribeiro DC; Loss JF,2009,Figure 4,Quasi-static shoulder abduction,Coronal/frontal plane,Five-camera 3D skin-marker videogrammetry with repeated scapular landmark palpation,True,11,Raising,False,15,,,,35.253,,,,,,35.253,,,,Scapular kinematics.pdf,Equation,Published cubic equation sampled at 5-degree HT increments; ST internal rotation; original paper convention; y=-2E-05x^3+0.0058x^2-0.5583x+42.39. No interpolation or smoothing.
Forte2009,Scapular kinematics and scapulohumeral rhythm during resisted shoulder abduction - Implications for clinical practice,Forte FC; de Castro MP; de Toledo JM; Ribeiro DC; Loss JF,2009,Figure 4,Quasi-static shoulder abduction,Coronal/frontal plane,Five-camera 3D skin-marker videogrammetry with repeated scapular landmark palpation,True,11,Raising,False,20,,,,33.384,,,,,,33.384,,,,Scapular kinematics.pdf,Equation,Published cubic equation sampled at 5-degree HT increments; ST internal rotation; original paper convention; y=-2E-05x^3+0.0058x^2-0.5583x+42.39. No interpolation or smoothing.
Forte2009,Scapular kinematics and scapulohumeral rhythm during resisted shoulder abduction - Implications for clinical practice,Forte FC; de Castro MP; de Toledo JM; Ribeiro DC; Loss JF,2009,Figure 4,Quasi-static shoulder abduction,Coronal/frontal plane,Five-camera 3D skin-marker videogrammetry with repeated scapular landmark palpation,True,11,Raising,False,25,,,,31.745,,,,,,31.745,,,,Scapular kinematics.pdf,Equation,Published cubic equation sampled at 5-degree HT increments; ST internal rotation; original paper convention; y=-2E-05x^3+0.0058x^2-0.5583x+42.39. No interpolation or smoothing.
Forte2009,Scapular kinematics and scapulohumeral rhythm during resisted shoulder abduction - Implications for clinical practice,Forte FC; de Castro MP; de Toledo JM; Ribeiro DC; Loss JF,2009,Figure 4,Quasi-static shoulder abduction,Coronal/frontal plane,Five-camera 3D skin-marker videogrammetry with repeated scapular landmark palpation,True,11,Raising,False,30,,,,30.321,,,,,,30.321,,,,Scapular kinematics.pdf,Equation,Published cubic equation sampled at 5-degree HT increments; ST internal rotation; original paper convention; y=-2E-05x^3+0.0058x^2-0.5583x+42.39. No interpolation or smoothing.
Forte2009,Scapular kinematics and scapulohumeral rhythm during resisted shoulder abduction - Implications for clinical practice,Forte FC; de Castro MP; de Toledo JM; Ribeiro DC; Loss JF,2009,Figure 4,Quasi-static shoulder abduction,Coronal/frontal plane,Five-camera 3D skin-marker videogrammetry with repeated scapular landmark palpation,True,11,Raising,False,35,,,,29.097,,,,,,29.097,,,,Scapular kinematics.pdf,Equation,Published cubic equation sampled at 5-degree HT increments; ST internal rotation; original paper convention; y=-2E-05x^3+0.0058x^2-0.5583x+42.39. No interpolation or smoothing.
Forte2009,Scapular kinematics and scapulohumeral rhythm during resisted shoulder abduction - Implications for clinical practice,Forte FC; de Castro MP; de Toledo JM; Ribeiro DC; Loss JF,2009,Figure 4,Quasi-static shoulder abduction,Coronal/frontal plane,Five-camera 3D skin-marker videogrammetry with repeated scapular landmark palpation,True,11,Raising,False,40,,,,28.058,,,,,,28.058,,,,Scapular kinematics.pdf,Equation,Published cubic equation sampled at 5-degree HT increments; ST internal rotation; original paper convention; y=-2E-05x^3+0.0058x^2-0.5583x+42.39. No interpolation or smoothing.
Forte2009,Scapular kinematics and scapulohumeral rhythm during resisted shoulder abduction - Implications for clinical practice,Forte FC; de Castro MP; de Toledo JM; Ribeiro DC; Loss JF,2009,Figure 4,Quasi-static shoulder abduction,Coronal/frontal plane,Five-camera 3D skin-marker videogrammetry with repeated scapular landmark palpation,True,11,Raising,False,45,,,,27.189,,,,,,27.189,,,,Scapular kinematics.pdf,Equation,Published cubic equation sampled at 5-degree HT increments; ST internal rotation; original paper convention; y=-2E-05x^3+0.0058x^2-0.5583x+42.39. No interpolation or smoothing.
Forte2009,Scapular kinematics and scapulohumeral rhythm during resisted shoulder abduction - Implications for clinical practice,Forte FC; de Castro MP; de Toledo JM; Ribeiro DC; Loss JF,2009,Figure 4,Quasi-static shoulder abduction,Coronal/frontal plane,Five-camera 3D skin-marker videogrammetry with repeated scapular landmark palpation,True,11,Raising,False,50,,,,26.475,,,,,,26.475,,,,Scapular kinematics.pdf,Equation,Published cubic equation sampled at 5-degree HT increments; ST internal rotation; original paper convention; y=-2E-05x^3+0.0058x^2-0.5583x+42.39. No interpolation or smoothing.
Forte2009,Scapular kinematics and scapulohumeral rhythm during resisted shoulder abduction - Implications for clinical practice,Forte FC; de Castro MP; de Toledo JM; Ribeiro DC; Loss JF,2009,Figure 4,Quasi-static shoulder abduction,Coronal/frontal plane,Five-camera 3D skin-marker videogrammetry with repeated scapular landmark palpation,True,11,Raising,False,55,,,,25.901,,,,,,25.901,,,,Scapular kinematics.pdf,Equation,Published cubic equation sampled at 5-degree HT increments; ST internal rotation; original paper convention; y=-2E-05x^3+0.0058x^2-0.5583x+42.39. No interpolation or smoothing.
Forte2009,Scapular kinematics and scapulohumeral rhythm during resisted shoulder abduction - Implications for clinical practice,Forte FC; de Castro MP; de Toledo JM; Ribeiro DC; Loss JF,2009,Figure 4,Quasi-static shoulder abduction,Coronal/frontal plane,Five-camera 3D skin-marker videogrammetry with repeated scapular landmark palpation,True,11,Raising,False,60,,,,25.452,,,,,,25.452,,,,Scapular kinematics.pdf,Equation,Published cubic equation sampled at 5-degree HT increments; ST internal rotation; original paper convention; y=-2E-05x^3+0.0058x^2-0.5583x+42.39. No interpolation or smoothing.
Forte2009,Scapular kinematics and scapulohumeral rhythm during resisted shoulder abduction - Implications for clinical practice,Forte FC; de Castro MP; de Toledo JM; Ribeiro DC; Loss JF,2009,Figure 4,Quasi-static shoulder abduction,Coronal/frontal plane,Five-camera 3D skin-marker videogrammetry with repeated scapular landmark palpation,True,11,Raising,False,65,,,,25.113,,,,,,25.113,,,,Scapular kinematics.pdf,Equation,Published cubic equation sampled at 5-degree HT increments; ST internal rotation; original paper convention; y=-2E-05x^3+0.0058x^2-0.5583x+42.39. No interpolation or smoothing.
Forte2009,Scapular kinematics and scapulohumeral rhythm during resisted shoulder abduction - Implications for clinical practice,Forte FC; de Castro MP; de Toledo JM; Ribeiro DC; Loss JF,2009,Figure 4,Quasi-static shoulder abduction,Coronal/frontal plane,Five-camera 3D skin-marker videogrammetry with repeated scapular landmark palpation,True,11,Raising,False,70,,,,24.869,,,,,,24.869,,,,Scapular kinematics.pdf,Equation,Published cubic equation sampled at 5-degree HT increments; ST internal rotation; original paper convention; y=-2E-05x^3+0.0058x^2-0.5583x+42.39. No interpolation or smoothing.
Forte2009,Scapular kinematics and scapulohumeral rhythm during resisted shoulder abduction - Implications for clinical practice,Forte FC; de Castro MP; de Toledo JM; Ribeiro DC; Loss JF,2009,Figure 4,Quasi-static shoulder abduction,Coronal/frontal plane,Five-camera 3D skin-marker videogrammetry with repeated scapular landmark palpation,True,11,Raising,False,75,,,,24.705,,,,,,24.705,,,,Scapular kinematics.pdf,Equation,Published cubic equation sampled at 5-degree HT increments; ST internal rotation; original paper convention; y=-2E-05x^3+0.0058x^2-0.5583x+42.39. No interpolation or smoothing.
Forte2009,Scapular kinematics and scapulohumeral rhythm during resisted shoulder abduction - Implications for clinical practice,Forte FC; de Castro MP; de Toledo JM; Ribeiro DC; Loss JF,2009,Figure 4,Quasi-static shoulder abduction,Coronal/frontal plane,Five-camera 3D skin-marker videogrammetry with repeated scapular landmark palpation,True,11,Raising,False,80,,,,24.606,,,,,,24.606,,,,Scapular kinematics.pdf,Equation,Published cubic equation sampled at 5-degree HT increments; ST internal rotation; original paper convention; y=-2E-05x^3+0.0058x^2-0.5583x+42.39. No interpolation or smoothing.
Forte2009,Scapular kinematics and scapulohumeral rhythm during resisted shoulder abduction - Implications for clinical practice,Forte FC; de Castro MP; de Toledo JM; Ribeiro DC; Loss JF,2009,Figure 4,Quasi-static shoulder abduction,Coronal/frontal plane,Five-camera 3D skin-marker videogrammetry with repeated scapular landmark palpation,True,11,Raising,False,85,,,,24.557,,,,,,24.557,,,,Scapular kinematics.pdf,Equation,Published cubic equation sampled at 5-degree HT increments; ST internal rotation; original paper convention; y=-2E-05x^3+0.0058x^2-0.5583x+42.39. No interpolation or smoothing.
Forte2009,Scapular kinematics and scapulohumeral rhythm during resisted shoulder abduction - Implications for clinical practice,Forte FC; de Castro MP; de Toledo JM; Ribeiro DC; Loss JF,2009,Figure 4,Quasi-static shoulder abduction,Coronal/frontal plane,Five-camera 3D skin-marker videogrammetry with repeated scapular landmark palpation,True,11,Raising,False,90,,,,24.543,,,,,,24.543,,,,Scapular kinematics.pdf,Equation,Published cubic equation sampled at 5-degree HT increments; ST internal rotation; original paper convention; y=-2E-05x^3+0.0058x^2-0.5583x+42.39. No interpolation or smoothing.
Forte2009,Scapular kinematics and scapulohumeral rhythm during resisted shoulder abduction - Implications for clinical practice,Forte FC; de Castro MP; de Toledo JM; Ribeiro DC; Loss JF,2009,Figure 4,Quasi-static shoulder abduction,Coronal/frontal plane,Five-camera 3D skin-marker videogrammetry with repeated scapular landmark palpation,True,11,Raising,False,95,,,,24.549,,,,,,24.549,,,,Scapular kinematics.pdf,Equation,Published cubic equation sampled at 5-degree HT increments; ST internal rotation; original paper convention; y=-2E-05x^3+0.0058x^2-0.5583x+42.39. No interpolation or smoothing.
Forte2009,Scapular kinematics and scapulohumeral rhythm during resisted shoulder abduction - Implications for clinical practice,Forte FC; de Castro MP; de Toledo JM; Ribeiro DC; Loss JF,2009,Figure 4,Quasi-static shoulder abduction,Coronal/frontal plane,Five-camera 3D skin-marker videogrammetry with repeated scapular landmark palpation,True,11,Raising,False,100,,,,24.56,,,,,,24.56,,,,Scapular kinematics.pdf,Equation,Published cubic equation sampled at 5-degree HT increments; ST internal rotation; original paper convention; y=-2E-05x^3+0.0058x^2-0.5583x+42.39. No interpolation or smoothing.
Forte2009,Scapular kinematics and scapulohumeral rhythm during resisted shoulder abduction - Implications for clinical practice,Forte FC; de Castro MP; de Toledo JM; Ribeiro DC; Loss JF,2009,Figure 4,Quasi-static shoulder abduction,Coronal/frontal plane,Five-camera 3D skin-marker videogrammetry with repeated scapular landmark palpation,True,11,Raising,False,105,,,,24.561,,,,,,24.561,,,,Scapular kinematics.pdf,Equation,Published cubic equation sampled at 5-degree HT increments; ST internal rotation; original paper convention; y=-2E-05x^3+0.0058x^2-0.5583x+42.39. No interpolation or smoothing.
Forte2009,Scapular kinematics and scapulohumeral rhythm during resisted shoulder abduction - Implications for clinical practice,Forte FC; de Castro MP; de Toledo JM; Ribeiro DC; Loss JF,2009,Figure 4,Quasi-static shoulder abduction,Coronal/frontal plane,Five-camera 3D skin-marker videogrammetry with repeated scapular landmark palpation,True,11,Raising,False,110,,,,24.537,,,,,,24.537,,,,Scapular kinematics.pdf,Equation,Published cubic equation sampled at 5-degree HT increments; ST internal rotation; original paper convention; y=-2E-05x^3+0.0058x^2-0.5583x+42.39. No interpolation or smoothing.
Forte2009,Scapular kinematics and scapulohumeral rhythm during resisted shoulder abduction - Implications for clinical practice,Forte FC; de Castro MP; de Toledo JM; Ribeiro DC; Loss JF,2009,Figure 4,Quasi-static shoulder abduction,Coronal/frontal plane,Five-camera 3D skin-marker videogrammetry with repeated scapular landmark palpation,True,11,Raising,False,115,,,,24.473,,,,,,24.473,,,,Scapular kinematics.pdf,Equation,Published cubic equation sampled at 5-degree HT increments; ST internal rotation; original paper convention; y=-2E-05x^3+0.0058x^2-0.5583x+42.39. No interpolation or smoothing.
Forte2009,Scapular kinematics and scapulohumeral rhythm during resisted shoulder abduction - Implications for clinical practice,Forte FC; de Castro MP; de Toledo JM; Ribeiro DC; Loss JF,2009,Figure 4,Quasi-static shoulder abduction,Coronal/frontal plane,Five-camera 3D skin-marker videogrammetry with repeated scapular landmark palpation,True,11,Raising,False,120,,,,24.354,,,,,,24.354,,,,Scapular kinematics.pdf,Equation,Published cubic equation sampled at 5-degree HT increments; ST internal rotation; original paper convention; y=-2E-05x^3+0.0058x^2-0.5583x+42.39. No interpolation or smoothing.
Forte2009,Scapular kinematics and scapulohumeral rhythm during resisted shoulder abduction - Implications for clinical practice,Forte FC; de Castro MP; de Toledo JM; Ribeiro DC; Loss JF,2009,Figure 4,Quasi-static shoulder abduction,Coronal/frontal plane,Five-camera 3D skin-marker videogrammetry with repeated scapular landmark palpation,True,11,Raising,False,125,,,,24.165,,,,,,24.165,,,,Scapular kinematics.pdf,Equation,Published cubic equation sampled at 5-degree HT increments; ST internal rotation; original paper convention; y=-2E-05x^3+0.0058x^2-0.5583x+42.39. No interpolation or smoothing.
Forte2009,Scapular kinematics and scapulohumeral rhythm during resisted shoulder abduction - Implications for clinical practice,Forte FC; de Castro MP; de Toledo JM; Ribeiro DC; Loss JF,2009,Figure 4,Quasi-static shoulder abduction,Coronal/frontal plane,Five-camera 3D skin-marker videogrammetry with repeated scapular landmark palpation,True,11,Raising,False,130,,,,23.891,,,,,,23.891,,,,Scapular kinematics.pdf,Equation,Published cubic equation sampled at 5-degree HT increments; ST internal rotation; original paper convention; y=-2E-05x^3+0.0058x^2-0.5583x+42.39. No interpolation or smoothing.
Forte2009,Scapular kinematics and scapulohumeral rhythm during resisted shoulder abduction - Implications for clinical practice,Forte FC; de Castro MP; de Toledo JM; Ribeiro DC; Loss JF,2009,Figure 4,Quasi-static shoulder abduction,Coronal/frontal plane,Five-camera 3D skin-marker videogrammetry with repeated scapular landmark palpation,True,11,Raising,True,10,,,,36.114,,,,,,36.114,,,,Scapular kinematics.pdf,Equation,Published cubic equation sampled at 5-degree HT increments; ST internal rotation; original paper convention; y=-5E-05x^3+0.0119x^2-0.84x+43.374. No interpolation or smoothing.
Forte2009,Scapular kinematics and scapulohumeral rhythm during resisted shoulder abduction - Implications for clinical practice,Forte FC; de Castro MP; de Toledo JM; Ribeiro DC; Loss JF,2009,Figure 4,Quasi-static shoulder abduction,Coronal/frontal plane,Five-camera 3D skin-marker videogrammetry with repeated scapular landmark palpation,True,11,Raising,True,15,,,,33.28275,,,,,,33.28275,,,,Scapular kinematics.pdf,Equation,Published cubic equation sampled at 5-degree HT increments; ST internal rotation; original paper convention; y=-5E-05x^3+0.0119x^2-0.84x+43.374. No interpolation or smoothing.
Forte2009,Scapular kinematics and scapulohumeral rhythm during resisted shoulder abduction - Implications for clinical practice,Forte FC; de Castro MP; de Toledo JM; Ribeiro DC; Loss JF,2009,Figure 4,Quasi-static shoulder abduction,Coronal/frontal plane,Five-camera 3D skin-marker videogrammetry with repeated scapular landmark palpation,True,11,Raising,True,20,,,,30.934,,,,,,30.934,,,,Scapular kinematics.pdf,Equation,Published cubic equation sampled at 5-degree HT increments; ST internal rotation; original paper convention; y=-5E-05x^3+0.0119x^2-0.84x+43.374. No interpolation or smoothing.
Forte2009,Scapular kinematics and scapulohumeral rhythm during resisted shoulder abduction - Implications for clinical practice,Forte FC; de Castro MP; de Toledo JM; Ribeiro DC; Loss JF,2009,Figure 4,Quasi-static shoulder abduction,Coronal/frontal plane,Five-camera 3D skin-marker videogrammetry with repeated scapular landmark palpation,True,11,Raising,True,25,,,,29.03025,,,,,,29.03025,,,,Scapular kinematics.pdf,Equation,Published cubic equation sampled at 5-degree HT increments; ST internal rotation; original paper convention; y=-5E-05x^3+0.0119x^2-0.84x+43.374. No interpolation or smoothing.
Forte2009,Scapular kinematics and scapulohumeral rhythm during resisted shoulder abduction - Implications for clinical practice,Forte FC; de Castro MP; de Toledo JM; Ribeiro DC; Loss JF,2009,Figure 4,Quasi-static shoulder abduction,Coronal/frontal plane,Five-camera 3D skin-marker videogrammetry with repeated scapular landmark palpation,True,11,Raising,True,30,,,,27.534,,,,,,27.534,,,,Scapular kinematics.pdf,Equation,Published cubic equation sampled at 5-degree HT increments; ST internal rotation; original paper convention; y=-5E-05x^3+0.0119x^2-0.84x+43.374. No interpolation or smoothing.
Forte2009,Scapular kinematics and scapulohumeral rhythm during resisted shoulder abduction - Implications for clinical practice,Forte FC; de Castro MP; de Toledo JM; Ribeiro DC; Loss JF,2009,Figure 4,Quasi-static shoulder abduction,Coronal/frontal plane,Five-camera 3D skin-marker videogrammetry with repeated scapular landmark palpation,True,11,Raising,True,35,,,,26.40775,,,,,,26.40775,,,,Scapular kinematics.pdf,Equation,Published cubic equation sampled at 5-degree HT increments; ST internal rotation; original paper convention; y=-5E-05x^3+0.0119x^2-0.84x+43.374. No interpolation or smoothing.
Forte2009,Scapular kinematics and scapulohumeral rhythm during resisted shoulder abduction - Implications for clinical practice,Forte FC; de Castro MP; de Toledo JM; Ribeiro DC; Loss JF,2009,Figure 4,Quasi-static shoulder abduction,Coronal/frontal plane,Five-camera 3D skin-marker videogrammetry with repeated scapular landmark palpation,True,11,Raising,True,40,,,,25.614,,,,,,25.614,,,,Scapular kinematics.pdf,Equation,Published cubic equation sampled at 5-degree HT increments; ST internal rotation; original paper convention; y=-5E-05x^3+0.0119x^2-0.84x+43.374. No interpolation or smoothing.
Forte2009,Scapular kinematics and scapulohumeral rhythm during resisted shoulder abduction - Implications for clinical practice,Forte FC; de Castro MP; de Toledo JM; Ribeiro DC; Loss JF,2009,Figure 4,Quasi-static shoulder abduction,Coronal/frontal plane,Five-camera 3D skin-marker videogrammetry with repeated scapular landmark palpation,True,11,Raising,True,45,,,,25.11525,,,,,,25.11525,,,,Scapular kinematics.pdf,Equation,Published cubic equation sampled at 5-degree HT increments; ST internal rotation; original paper convention; y=-5E-05x^3+0.0119x^2-0.84x+43.374. No interpolation or smoothing.
Forte2009,Scapular kinematics and scapulohumeral rhythm during resisted shoulder abduction - Implications for clinical practice,Forte FC; de Castro MP; de Toledo JM; Ribeiro DC; Loss JF,2009,Figure 4,Quasi-static shoulder abduction,Coronal/frontal plane,Five-camera 3D skin-marker videogrammetry with repeated scapular landmark palpation,True,11,Raising,True,50,,,,24.874,,,,,,24.874,,,,Scapular kinematics.pdf,Equation,Published cubic equation sampled at 5-degree HT increments; ST internal rotation; original paper convention; y=-5E-05x^3+0.0119x^2-0.84x+43.374. No interpolation or smoothing.
Forte2009,Scapular kinematics and scapulohumeral rhythm during resisted shoulder abduction - Implications for clinical practice,Forte FC; de Castro MP; de Toledo JM; Ribeiro DC; Loss JF,2009,Figure 4,Quasi-static shoulder abduction,Coronal/frontal plane,Five-camera 3D skin-marker videogrammetry with repeated scapular landmark palpation,True,11,Raising,True,55,,,,24.85275,,,,,,24.85275,,,,Scapular kinematics.pdf,Equation,Published cubic equation sampled at 5-degree HT increments; ST internal rotation; original paper convention; y=-5E-05x^3+0.0119x^2-0.84x+43.374. No interpolation or smoothing.
Forte2009,Scapular kinematics and scapulohumeral rhythm during resisted shoulder abduction - Implications for clinical practice,Forte FC; de Castro MP; de Toledo JM; Ribeiro DC; Loss JF,2009,Figure 4,Quasi-static shoulder abduction,Coronal/frontal plane,Five-camera 3D skin-marker videogrammetry with repeated scapular landmark palpation,True,11,Raising,True,60,,,,25.014,,,,,,25.014,,,,Scapular kinematics.pdf,Equation,Published cubic equation sampled at 5-degree HT increments; ST internal rotation; original paper convention; y=-5E-05x^3+0.0119x^2-0.84x+43.374. No interpolation or smoothing.
Forte2009,Scapular kinematics and scapulohumeral rhythm during resisted shoulder abduction - Implications for clinical practice,Forte FC; de Castro MP; de Toledo JM; Ribeiro DC; Loss JF,2009,Figure 4,Quasi-static shoulder abduction,Coronal/frontal plane,Five-camera 3D skin-marker videogrammetry with repeated scapular landmark palpation,True,11,Raising,True,65,,,,25.32025,,,,,,25.32025,,,,Scapular kinematics.pdf,Equation,Published cubic equation sampled at 5-degree HT increments; ST internal rotation; original paper convention; y=-5E-05x^3+0.0119x^2-0.84x+43.374. No interpolation or smoothing.
Forte2009,Scapular kinematics and scapulohumeral rhythm during resisted shoulder abduction - Implications for clinical practice,Forte FC; de Castro MP; de Toledo JM; Ribeiro DC; Loss JF,2009,Figure 4,Quasi-static shoulder abduction,Coronal/frontal plane,Five-camera 3D skin-marker videogrammetry with repeated scapular landmark palpation,True,11,Raising,True,70,,,,25.734,,,,,,25.734,,,,Scapular kinematics.pdf,Equation,Published cubic equation sampled at 5-degree HT increments; ST internal rotation; original paper convention; y=-5E-05x^3+0.0119x^2-0.84x+43.374. No interpolation or smoothing.
Forte2009,Scapular kinematics and scapulohumeral rhythm during resisted shoulder abduction - Implications for clinical practice,Forte FC; de Castro MP; de Toledo JM; Ribeiro DC; Loss JF,2009,Figure 4,Quasi-static shoulder abduction,Coronal/frontal plane,Five-camera 3D skin-marker videogrammetry with repeated scapular landmark palpation,True,11,Raising,True,75,,,,26.21775,,,,,,26.21775,,,,Scapular kinematics.pdf,Equation,Published cubic equation sampled at 5-degree HT increments; ST internal rotation; original paper convention; y=-5E-05x^3+0.0119x^2-0.84x+43.374. No interpolation or smoothing.
Forte2009,Scapular kinematics and scapulohumeral rhythm during resisted shoulder abduction - Implications for clinical practice,Forte FC; de Castro MP; de Toledo JM; Ribeiro DC; Loss JF,2009,Figure 4,Quasi-static shoulder abduction,Coronal/frontal plane,Five-camera 3D skin-marker videogrammetry with repeated scapular landmark palpation,True,11,Raising,True,80,,,,26.734,,,,,,26.734,,,,Scapular kinematics.pdf,Equation,Published cubic equation sampled at 5-degree HT increments; ST internal rotation; original paper convention; y=-5E-05x^3+0.0119x^2-0.84x+43.374. No interpolation or smoothing.
Forte2009,Scapular kinematics and scapulohumeral rhythm during resisted shoulder abduction - Implications for clinical practice,Forte FC; de Castro MP; de Toledo JM; Ribeiro DC; Loss JF,2009,Figure 4,Quasi-static shoulder abduction,Coronal/frontal plane,Five-camera 3D skin-marker videogrammetry with repeated scapular landmark palpation,True,11,Raising,True,85,,,,27.24525,,,,,,27.24525,,,,Scapular kinematics.pdf,Equation,Published cubic equation sampled at 5-degree HT increments; ST internal rotation; original paper convention; y=-5E-05x^3+0.0119x^2-0.84x+43.374. No interpolation or smoothing.
Forte2009,Scapular kinematics and scapulohumeral rhythm during resisted shoulder abduction - Implications for clinical practice,Forte FC; de Castro MP; de Toledo JM; Ribeiro DC; Loss JF,2009,Figure 4,Quasi-static shoulder abduction,Coronal/frontal plane,Five-camera 3D skin-marker videogrammetry with repeated scapular landmark palpation,True,11,Raising,True,90,,,,27.714,,,,,,27.714,,,,Scapular kinematics.pdf,Equation,Published cubic equation sampled at 5-degree HT increments; ST internal rotation; original paper convention; y=-5E-05x^3+0.0119x^2-0.84x+43.374. No interpolation or smoothing.
Forte2009,Scapular kinematics and scapulohumeral rhythm during resisted shoulder abduction - Implications for clinical practice,Forte FC; de Castro MP; de Toledo JM; Ribeiro DC; Loss JF,2009,Figure 4,Quasi-static shoulder abduction,Coronal/frontal plane,Five-camera 3D skin-marker videogrammetry with repeated scapular landmark palpation,True,11,Raising,True,95,,,,28.10275,,,,,,28.10275,,,,Scapular kinematics.pdf,Equation,Published cubic equation sampled at 5-degree HT increments; ST internal rotation; original paper convention; y=-5E-05x^3+0.0119x^2-0.84x+43.374. No interpolation or smoothing.
Forte2009,Scapular kinematics and scapulohumeral rhythm during resisted shoulder abduction - Implications for clinical practice,Forte FC; de Castro MP; de Toledo JM; Ribeiro DC; Loss JF,2009,Figure 4,Quasi-static shoulder abduction,Coronal/frontal plane,Five-camera 3D skin-marker videogrammetry with repeated scapular landmark palpation,True,11,Raising,True,100,,,,28.374,,,,,,28.374,,,,Scapular kinematics.pdf,Equation,Published cubic equation sampled at 5-degree HT increments; ST internal rotation; original paper convention; y=-5E-05x^3+0.0119x^2-0.84x+43.374. No interpolation or smoothing.
Forte2009,Scapular kinematics and scapulohumeral rhythm during resisted shoulder abduction - Implications for clinical practice,Forte FC; de Castro MP; de Toledo JM; Ribeiro DC; Loss JF,2009,Figure 4,Quasi-static shoulder abduction,Coronal/frontal plane,Five-camera 3D skin-marker videogrammetry with repeated scapular landmark palpation,True,11,Raising,True,105,,,,28.49025,,,,,,28.49025,,,,Scapular kinematics.pdf,Equation,Published cubic equation sampled at 5-degree HT increments; ST internal rotation; original paper convention; y=-5E-05x^3+0.0119x^2-0.84x+43.374. No interpolation or smoothing.
Forte2009,Scapular kinematics and scapulohumeral rhythm during resisted shoulder abduction - Implications for clinical practice,Forte FC; de Castro MP; de Toledo JM; Ribeiro DC; Loss JF,2009,Figure 4,Quasi-static shoulder abduction,Coronal/frontal plane,Five-camera 3D skin-marker videogrammetry with repeated scapular landmark palpation,True,11,Raising,True,110,,,,28.414,,,,,,28.414,,,,Scapular kinematics.pdf,Equation,Published cubic equation sampled at 5-degree HT increments; ST internal rotation; original paper convention; y=-5E-05x^3+0.0119x^2-0.84x+43.374. No interpolation or smoothing.
Forte2009,Scapular kinematics and scapulohumeral rhythm during resisted shoulder abduction - Implications for clinical practice,Forte FC; de Castro MP; de Toledo JM; Ribeiro DC; Loss JF,2009,Figure 4,Quasi-static shoulder abduction,Coronal/frontal plane,Five-camera 3D skin-marker videogrammetry with repeated scapular landmark palpation,True,11,Raising,True,115,,,,28.10775,,,,,,28.10775,,,,Scapular kinematics.pdf,Equation,Published cubic equation sampled at 5-degree HT increments; ST internal rotation; original paper convention; y=-5E-05x^3+0.0119x^2-0.84x+43.374. No interpolation or smoothing.
Forte2009,Scapular kinematics and scapulohumeral rhythm during resisted shoulder abduction - Implications for clinical practice,Forte FC; de Castro MP; de Toledo JM; Ribeiro DC; Loss JF,2009,Figure 4,Quasi-static shoulder abduction,Coronal/frontal plane,Five-camera 3D skin-marker videogrammetry with repeated scapular landmark palpation,True,11,Raising,True,120,,,,27.534,,,,,,27.534,,,,Scapular kinematics.pdf,Equation,Published cubic equation sampled at 5-degree HT increments; ST internal rotation; original paper convention; y=-5E-05x^3+0.0119x^2-0.84x+43.374. No interpolation or smoothing.
Forte2009,Scapular kinematics and scapulohumeral rhythm during resisted shoulder abduction - Implications for clinical practice,Forte FC; de Castro MP; de Toledo JM; Ribeiro DC; Loss JF,2009,Figure 4,Quasi-static shoulder abduction,Coronal/frontal plane,Five-camera 3D skin-marker videogrammetry with repeated scapular landmark palpation,True,11,Raising,True,125,,,,26.65525,,,,,,26.65525,,,,Scapular kinematics.pdf,Equation,Published cubic equation sampled at 5-degree HT increments; ST internal rotation; original paper convention; y=-5E-05x^3+0.0119x^2-0.84x+43.374. No interpolation or smoothing.
Forte2009,Scapular kinematics and scapulohumeral rhythm during resisted shoulder abduction - Implications for clinical practice,Forte FC; de Castro MP; de Toledo JM; Ribeiro DC; Loss JF,2009,Figure 4,Quasi-static shoulder abduction,Coronal/frontal plane,Five-camera 3D skin-marker videogrammetry with repeated scapular landmark palpation,True,11,Raising,True,130,,,,25.434,,,,,,25.434,,,,Scapular kinematics.pdf,Equation,Published cubic equation sampled at 5-degree HT increments; ST internal rotation; original paper convention; y=-5E-05x^3+0.0119x^2-0.84x+43.374. No interpolation or smoothing.
Forte2009,Scapular kinematics and scapulohumeral rhythm during resisted shoulder abduction - Implications for clinical practice,Forte FC; de Castro MP; de Toledo JM; Ribeiro DC; Loss JF,2009,Figure 4,Quasi-static shoulder abduction,Coronal/frontal plane,Five-camera 3D skin-marker videogrammetry with repeated scapular landmark palpation,True,11,Raising,False,10,,0.1722,,,,,,,,0.1722,,,,Scapular kinematics.pdf,Equation,Published cubic equation sampled at 5-degree HT increments; ST upward rotation; original paper convention; y=-3E-05x^3+0.0017x^2+0.1424x-1.3918. No interpolation or smoothing.
Forte2009,Scapular kinematics and scapulohumeral rhythm during resisted shoulder abduction - Implications for clinical practice,Forte FC; de Castro MP; de Toledo JM; Ribeiro DC; Loss JF,2009,Figure 4,Quasi-static shoulder abduction,Coronal/frontal plane,Five-camera 3D skin-marker videogrammetry with repeated scapular landmark palpation,True,11,Raising,False,15,,1.02545,,,,,,,,1.02545,,,,Scapular kinematics.pdf,Equation,Published cubic equation sampled at 5-degree HT increments; ST upward rotation; original paper convention; y=-3E-05x^3+0.0017x^2+0.1424x-1.3918. No interpolation or smoothing.
Forte2009,Scapular kinematics and scapulohumeral rhythm during resisted shoulder abduction - Implications for clinical practice,Forte FC; de Castro MP; de Toledo JM; Ribeiro DC; Loss JF,2009,Figure 4,Quasi-static shoulder abduction,Coronal/frontal plane,Five-camera 3D skin-marker videogrammetry with repeated scapular landmark palpation,True,11,Raising,False,20,,1.8962,,,,,,,,1.8962,,,,Scapular kinematics.pdf,Equation,Published cubic equation sampled at 5-degree HT increments; ST upward rotation; original paper convention; y=-3E-05x^3+0.0017x^2+0.1424x-1.3918. No interpolation or smoothing.
Forte2009,Scapular kinematics and scapulohumeral rhythm during resisted shoulder abduction - Implications for clinical practice,Forte FC; de Castro MP; de Toledo JM; Ribeiro DC; Loss JF,2009,Figure 4,Quasi-static shoulder abduction,Coronal/frontal plane,Five-camera 3D skin-marker videogrammetry with repeated scapular landmark palpation,True,11,Raising,False,25,,2.76195,,,,,,,,2.76195,,,,Scapular kinematics.pdf,Equation,Published cubic equation sampled at 5-degree HT increments; ST upward rotation; original paper convention; y=-3E-05x^3+0.0017x^2+0.1424x-1.3918. No interpolation or smoothing.
Forte2009,Scapular kinematics and scapulohumeral rhythm during resisted shoulder abduction - Implications for clinical practice,Forte FC; de Castro MP; de Toledo JM; Ribeiro DC; Loss JF,2009,Figure 4,Quasi-static shoulder abduction,Coronal/frontal plane,Five-camera 3D skin-marker videogrammetry with repeated scapular landmark palpation,True,11,Raising,False,30,,3.6002,,,,,,,,3.6002,,,,Scapular kinematics.pdf,Equation,Published cubic equation sampled at 5-degree HT increments; ST upward rotation; original paper convention; y=-3E-05x^3+0.0017x^2+0.1424x-1.3918. No interpolation or smoothing.
Forte2009,Scapular kinematics and scapulohumeral rhythm during resisted shoulder abduction - Implications for clinical practice,Forte FC; de Castro MP; de Toledo JM; Ribeiro DC; Loss JF,2009,Figure 4,Quasi-static shoulder abduction,Coronal/frontal plane,Five-camera 3D skin-marker videogrammetry with repeated scapular landmark palpation,True,11,Raising,False,35,,4.38845,,,,,,,,4.38845,,,,Scapular kinematics.pdf,Equation,Published cubic equation sampled at 5-degree HT increments; ST upward rotation; original paper convention; y=-3E-05x^3+0.0017x^2+0.1424x-1.3918. No interpolation or smoothing.
Forte2009,Scapular kinematics and scapulohumeral rhythm during resisted shoulder abduction - Implications for clinical practice,Forte FC; de Castro MP; de Toledo JM; Ribeiro DC; Loss JF,2009,Figure 4,Quasi-static shoulder abduction,Coronal/frontal plane,Five-camera 3D skin-marker videogrammetry with repeated scapular landmark palpation,True,11,Raising,False,40,,5.1042,,,,,,,,5.1042,,,,Scapular kinematics.pdf,Equation,Published cubic equation sampled at 5-degree HT increments; ST upward rotation; original paper convention; y=-3E-05x^3+0.0017x^2+0.1424x-1.3918. No interpolation or smoothing.
Forte2009,Scapular kinematics and scapulohumeral rhythm during resisted shoulder abduction - Implications for clinical practice,Forte FC; de Castro MP; de Toledo JM; Ribeiro DC; Loss JF,2009,Figure 4,Quasi-static shoulder abduction,Coronal/frontal plane,Five-camera 3D skin-marker videogrammetry with repeated scapular landmark palpation,True,11,Raising,False,45,,5.72495,,,,,,,,5.72495,,,,Scapular kinematics.pdf,Equation,Published cubic equation sampled at 5-degree HT increments; ST upward rotation; original paper convention; y=-3E-05x^3+0.0017x^2+0.1424x-1.3918. No interpolation or smoothing.
Forte2009,Scapular kinematics and scapulohumeral rhythm during resisted shoulder abduction - Implications for clinical practice,Forte FC; de Castro MP; de Toledo JM; Ribeiro DC; Loss JF,2009,Figure 4,Quasi-static shoulder abduction,Coronal/frontal plane,Five-camera 3D skin-marker videogrammetry with repeated scapular landmark palpation,True,11,Raising,False,50,,6.2282,,,,,,,,6.2282,,,,Scapular kinematics.pdf,Equation,Published cubic equation sampled at 5-degree HT increments; ST upward rotation; original paper convention; y=-3E-05x^3+0.0017x^2+0.1424x-1.3918. No interpolation or smoothing.
Forte2009,Scapular kinematics and scapulohumeral rhythm during resisted shoulder abduction - Implications for clinical practice,Forte FC; de Castro MP; de Toledo JM; Ribeiro DC; Loss JF,2009,Figure 4,Quasi-static shoulder abduction,Coronal/frontal plane,Five-camera 3D skin-marker videogrammetry with repeated scapular landmark palpation,True,11,Raising,False,55,,6.59145,,,,,,,,6.59145,,,,Scapular kinematics.pdf,Equation,Published cubic equation sampled at 5-degree HT increments; ST upward rotation; original paper convention; y=-3E-05x^3+0.0017x^2+0.1424x-1.3918. No interpolation or smoothing.
Forte2009,Scapular kinematics and scapulohumeral rhythm during resisted shoulder abduction - Implications for clinical practice,Forte FC; de Castro MP; de Toledo JM; Ribeiro DC; Loss JF,2009,Figure 4,Quasi-static shoulder abduction,Coronal/frontal plane,Five-camera 3D skin-marker videogrammetry with repeated scapular landmark palpation,True,11,Raising,False,60,,6.7922,,,,,,,,6.7922,,,,Scapular kinematics.pdf,Equation,Published cubic equation sampled at 5-degree HT increments; ST upward rotation; original paper convention; y=-3E-05x^3+0.0017x^2+0.1424x-1.3918. No interpolation or smoothing.
Forte2009,Scapular kinematics and scapulohumeral rhythm during resisted shoulder abduction - Implications for clinical practice,Forte FC; de Castro MP; de Toledo JM; Ribeiro DC; Loss JF,2009,Figure 4,Quasi-static shoulder abduction,Coronal/frontal plane,Five-camera 3D skin-marker videogrammetry with repeated scapular landmark palpation,True,11,Raising,False,65,,6.80795,,,,,,,,6.80795,,,,Scapular kinematics.pdf,Equation,Published cubic equation sampled at 5-degree HT increments; ST upward rotation; original paper convention; y=-3E-05x^3+0.0017x^2+0.1424x-1.3918. No interpolation or smoothing.
Forte2009,Scapular kinematics and scapulohumeral rhythm during resisted shoulder abduction - Implications for clinical practice,Forte FC; de Castro MP; de Toledo JM; Ribeiro DC; Loss JF,2009,Figure 4,Quasi-static shoulder abduction,Coronal/frontal plane,Five-camera 3D skin-marker videogrammetry with repeated scapular landmark palpation,True,11,Raising,False,70,,6.6162,,,,,,,,6.6162,,,,Scapular kinematics.pdf,Equation,Published cubic equation sampled at 5-degree HT increments; ST upward rotation; original paper convention; y=-3E-05x^3+0.0017x^2+0.1424x-1.3918. No interpolation or smoothing.
Forte2009,Scapular kinematics and scapulohumeral rhythm during resisted shoulder abduction - Implications for clinical practice,Forte FC; de Castro MP; de Toledo JM; Ribeiro DC; Loss JF,2009,Figure 4,Quasi-static shoulder abduction,Coronal/frontal plane,Five-camera 3D skin-marker videogrammetry with repeated scapular landmark palpation,True,11,Raising,False,75,,6.19445,,,,,,,,6.19445,,,,Scapular kinematics.pdf,Equation,Published cubic equation sampled at 5-degree HT increments; ST upward rotation; original paper convention; y=-3E-05x^3+0.0017x^2+0.1424x-1.3918. No interpolation or smoothing.
Forte2009,Scapular kinematics and scapulohumeral rhythm during resisted shoulder abduction - Implications for clinical practice,Forte FC; de Castro MP; de Toledo JM; Ribeiro DC; Loss JF,2009,Figure 4,Quasi-static shoulder abduction,Coronal/frontal plane,Five-camera 3D skin-marker videogrammetry with repeated scapular landmark palpation,True,11,Raising,False,80,,5.5202,,,,,,,,5.5202,,,,Scapular kinematics.pdf,Equation,Published cubic equation sampled at 5-degree HT increments; ST upward rotation; original paper convention; y=-3E-05x^3+0.0017x^2+0.1424x-1.3918. No interpolation or smoothing.
Forte2009,Scapular kinematics and scapulohumeral rhythm during resisted shoulder abduction - Implications for clinical practice,Forte FC; de Castro MP; de Toledo JM; Ribeiro DC; Loss JF,2009,Figure 4,Quasi-static shoulder abduction,Coronal/frontal plane,Five-camera 3D skin-marker videogrammetry with repeated scapular landmark palpation,True,11,Raising,False,85,,4.57095,,,,,,,,4.57095,,,,Scapular kinematics.pdf,Equation,Published cubic equation sampled at 5-degree HT increments; ST upward rotation; original paper convention; y=-3E-05x^3+0.0017x^2+0.1424x-1.3918. No interpolation or smoothing.
Forte2009,Scapular kinematics and scapulohumeral rhythm during resisted shoulder abduction - Implications for clinical practice,Forte FC; de Castro MP; de Toledo JM; Ribeiro DC; Loss JF,2009,Figure 4,Quasi-static shoulder abduction,Coronal/frontal plane,Five-camera 3D skin-marker videogrammetry with repeated scapular landmark palpation,True,11,Raising,False,90,,3.3242,,,,,,,,3.3242,,,,Scapular kinematics.pdf,Equation,Published cubic equation sampled at 5-degree HT increments; ST upward rotation; original paper convention; y=-3E-05x^3+0.0017x^2+0.1424x-1.3918. No interpolation or smoothing.
Forte2009,Scapular kinematics and scapulohumeral rhythm during resisted shoulder abduction - Implications for clinical practice,Forte FC; de Castro MP; de Toledo JM; Ribeiro DC; Loss JF,2009,Figure 4,Quasi-static shoulder abduction,Coronal/frontal plane,Five-camera 3D skin-marker videogrammetry with repeated scapular landmark palpation,True,11,Raising,False,95,,1.75745,,,,,,,,1.75745,,,,Scapular kinematics.pdf,Equation,Published cubic equation sampled at 5-degree HT increments; ST upward rotation; original paper convention; y=-3E-05x^3+0.0017x^2+0.1424x-1.3918. No interpolation or smoothing.
Forte2009,Scapular kinematics and scapulohumeral rhythm during resisted shoulder abduction - Implications for clinical practice,Forte FC; de Castro MP; de Toledo JM; Ribeiro DC; Loss JF,2009,Figure 4,Quasi-static shoulder abduction,Coronal/frontal plane,Five-camera 3D skin-marker videogrammetry with repeated scapular landmark palpation,True,11,Raising,False,100,,-0.1518,,,,,,,,-0.1518,,,,Scapular kinematics.pdf,Equation,Published cubic equation sampled at 5-degree HT increments; ST upward rotation; original paper convention; y=-3E-05x^3+0.0017x^2+0.1424x-1.3918. No interpolation or smoothing.
Forte2009,Scapular kinematics and scapulohumeral rhythm during resisted shoulder abduction - Implications for clinical practice,Forte FC; de Castro MP; de Toledo JM; Ribeiro DC; Loss JF,2009,Figure 4,Quasi-static shoulder abduction,Coronal/frontal plane,Five-camera 3D skin-marker videogrammetry with repeated scapular landmark palpation,True,11,Raising,False,105,,-2.42605,,,,,,,,-2.42605,,,,Scapular kinematics.pdf,Equation,Published cubic equation sampled at 5-degree HT increments; ST upward rotation; original paper convention; y=-3E-05x^3+0.0017x^2+0.1424x-1.3918. No interpolation or smoothing.
Forte2009,Scapular kinematics and scapulohumeral rhythm during resisted shoulder abduction - Implications for clinical practice,Forte FC; de Castro MP; de Toledo JM; Ribeiro DC; Loss JF,2009,Figure 4,Quasi-static shoulder abduction,Coronal/frontal plane,Five-camera 3D skin-marker videogrammetry with repeated scapular landmark palpation,True,11,Raising,False,110,,-5.0878,,,,,,,,-5.0878,,,,Scapular kinematics.pdf,Equation,Published cubic equation sampled at 5-degree HT increments; ST upward rotation; original paper convention; y=-3E-05x^3+0.0017x^2+0.1424x-1.3918. No interpolation or smoothing.
Forte2009,Scapular kinematics and scapulohumeral rhythm during resisted shoulder abduction - Implications for clinical practice,Forte FC; de Castro MP; de Toledo JM; Ribeiro DC; Loss JF,2009,Figure 4,Quasi-static shoulder abduction,Coronal/frontal plane,Five-camera 3D skin-marker videogrammetry with repeated scapular landmark palpation,True,11,Raising,False,115,,-8.15955,,,,,,,,-8.15955,,,,Scapular kinematics.pdf,Equation,Published cubic equation sampled at 5-degree HT increments; ST upward rotation; original paper convention; y=-3E-05x^3+0.0017x^2+0.1424x-1.3918. No interpolation or smoothing.
Forte2009,Scapular kinematics and scapulohumeral rhythm during resisted shoulder abduction - Implications for clinical practice,Forte FC; de Castro MP; de Toledo JM; Ribeiro DC; Loss JF,2009,Figure 4,Quasi-static shoulder abduction,Coronal/frontal plane,Five-camera 3D skin-marker videogrammetry with repeated scapular landmark palpation,True,11,Raising,False,120,,-11.6638,,,,,,,,-11.6638,,,,Scapular kinematics.pdf,Equation,Published cubic equation sampled at 5-degree HT increments; ST upward rotation; original paper convention; y=-3E-05x^3+0.0017x^2+0.1424x-1.3918. No interpolation or smoothing.
Forte2009,Scapular kinematics and scapulohumeral rhythm during resisted shoulder abduction - Implications for clinical practice,Forte FC; de Castro MP; de Toledo JM; Ribeiro DC; Loss JF,2009,Figure 4,Quasi-static shoulder abduction,Coronal/frontal plane,Five-camera 3D skin-marker videogrammetry with repeated scapular landmark palpation,True,11,Raising,False,125,,-15.62305,,,,,,,,-15.62305,,,,Scapular kinematics.pdf,Equation,Published cubic equation sampled at 5-degree HT increments; ST upward rotation; original paper convention; y=-3E-05x^3+0.0017x^2+0.1424x-1.3918. No interpolation or smoothing.
Forte2009,Scapular kinematics and scapulohumeral rhythm during resisted shoulder abduction - Implications for clinical practice,Forte FC; de Castro MP; de Toledo JM; Ribeiro DC; Loss JF,2009,Figure 4,Quasi-static shoulder abduction,Coronal/frontal plane,Five-camera 3D skin-marker videogrammetry with repeated scapular landmark palpation,True,11,Raising,False,130,,-20.0598,,,,,,,,-20.0598,,,,Scapular kinematics.pdf,Equation,Published cubic equation sampled at 5-degree HT increments; ST upward rotation; original paper convention; y=-3E-05x^3+0.0017x^2+0.1424x-1.3918. No interpolation or smoothing.
Forte2009,Scapular kinematics and scapulohumeral rhythm during resisted shoulder abduction - Implications for clinical practice,Forte FC; de Castro MP; de Toledo JM; Ribeiro DC; Loss JF,2009,Figure 4,Quasi-static shoulder abduction,Coronal/frontal plane,Five-camera 3D skin-marker videogrammetry with repeated scapular landmark palpation,True,11,Raising,True,10,,-3.4392,,,,,,,,-3.4392,,,,Scapular kinematics.pdf,Equation,Published cubic equation sampled at 5-degree HT increments; ST upward rotation; original paper convention; y=-3E-05x^3+0.0039x^2+0.1363x-5.1622. No interpolation or smoothing.
Forte2009,Scapular kinematics and scapulohumeral rhythm during resisted shoulder abduction - Implications for clinical practice,Forte FC; de Castro MP; de Toledo JM; Ribeiro DC; Loss JF,2009,Figure 4,Quasi-static shoulder abduction,Coronal/frontal plane,Five-camera 3D skin-marker videogrammetry with repeated scapular landmark palpation,True,11,Raising,True,15,,-2.34145,,,,,,,,-2.34145,,,,Scapular kinematics.pdf,Equation,Published cubic equation sampled at 5-degree HT increments; ST upward rotation; original paper convention; y=-3E-05x^3+0.0039x^2+0.1363x-5.1622. No interpolation or smoothing.
Forte2009,Scapular kinematics and scapulohumeral rhythm during resisted shoulder abduction - Implications for clinical practice,Forte FC; de Castro MP; de Toledo JM; Ribeiro DC; Loss JF,2009,Figure 4,Quasi-static shoulder abduction,Coronal/frontal plane,Five-camera 3D skin-marker videogrammetry with repeated scapular landmark palpation,True,11,Raising,True,20,,-1.1162,,,,,,,,-1.1162,,,,Scapular kinematics.pdf,Equation,Published cubic equation sampled at 5-degree HT increments; ST upward rotation; original paper convention; y=-3E-05x^3+0.0039x^2+0.1363x-5.1622. No interpolation or smoothing.
Forte2009,Scapular kinematics and scapulohumeral rhythm during resisted shoulder abduction - Implications for clinical practice,Forte FC; de Castro MP; de Toledo JM; Ribeiro DC; Loss JF,2009,Figure 4,Quasi-static shoulder abduction,Coronal/frontal plane,Five-camera 3D skin-marker videogrammetry with repeated scapular landmark palpation,True,11,Raising,True,25,,0.21405,,,,,,,,0.21405,,,,Scapular kinematics.pdf,Equation,Published cubic equation sampled at 5-degree HT increments; ST upward rotation; original paper convention; y=-3E-05x^3+0.0039x^2+0.1363x-5.1622. No interpolation or smoothing.
Forte2009,Scapular kinematics and scapulohumeral rhythm during resisted shoulder abduction - Implications for clinical practice,Forte FC; de Castro MP; de Toledo JM; Ribeiro DC; Loss JF,2009,Figure 4,Quasi-static shoulder abduction,Coronal/frontal plane,Five-camera 3D skin-marker videogrammetry with repeated scapular landmark palpation,True,11,Raising,True,30,,1.6268,,,,,,,,1.6268,,,,Scapular kinematics.pdf,Equation,Published cubic equation sampled at 5-degree HT increments; ST upward rotation; original paper convention; y=-3E-05x^3+0.0039x^2+0.1363x-5.1622. No interpolation or smoothing.
Forte2009,Scapular kinematics and scapulohumeral rhythm during resisted shoulder abduction - Implications for clinical practice,Forte FC; de Castro MP; de Toledo JM; Ribeiro DC; Loss JF,2009,Figure 4,Quasi-static shoulder abduction,Coronal/frontal plane,Five-camera 3D skin-marker videogrammetry with repeated scapular landmark palpation,True,11,Raising,True,35,,3.09955,,,,,,,,3.09955,,,,Scapular kinematics.pdf,Equation,Published cubic equation sampled at 5-degree HT increments; ST upward rotation; original paper convention; y=-3E-05x^3+0.0039x^2+0.1363x-5.1622. No interpolation or smoothing.
Forte2009,Scapular kinematics and scapulohumeral rhythm during resisted shoulder abduction - Implications for clinical practice,Forte FC; de Castro MP; de Toledo JM; Ribeiro DC; Loss JF,2009,Figure 4,Quasi-static shoulder abduction,Coronal/frontal plane,Five-camera 3D skin-marker videogrammetry with repeated scapular landmark palpation,True,11,Raising,True,40,,4.6098,,,,,,,,4.6098,,,,Scapular kinematics.pdf,Equation,Published cubic equation sampled at 5-degree HT increments; ST upward rotation; original paper convention; y=-3E-05x^3+0.0039x^2+0.1363x-5.1622. No interpolation or smoothing.
Forte2009,Scapular kinematics and scapulohumeral rhythm during resisted shoulder abduction - Implications for clinical practice,Forte FC; de Castro MP; de Toledo JM; Ribeiro DC; Loss JF,2009,Figure 4,Quasi-static shoulder abduction,Coronal/frontal plane,Five-camera 3D skin-marker videogrammetry with repeated scapular landmark palpation,True,11,Raising,True,45,,6.13505,,,,,,,,6.13505,,,,Scapular kinematics.pdf,Equation,Published cubic equation sampled at 5-degree HT increments; ST upward rotation; original paper convention; y=-3E-05x^3+0.0039x^2+0.1363x-5.1622. No interpolation or smoothing.
Forte2009,Scapular kinematics and scapulohumeral rhythm during resisted shoulder abduction - Implications for clinical practice,Forte FC; de Castro MP; de Toledo JM; Ribeiro DC; Loss JF,2009,Figure 4,Quasi-static shoulder abduction,Coronal/frontal plane,Five-camera 3D skin-marker videogrammetry with repeated scapular landmark palpation,True,11,Raising,True,50,,7.6528,,,,,,,,7.6528,,,,Scapular kinematics.pdf,Equation,Published cubic equation sampled at 5-degree HT increments; ST upward rotation; original paper convention; y=-3E-05x^3+0.0039x^2+0.1363x-5.1622. No interpolation or smoothing.
Forte2009,Scapular kinematics and scapulohumeral rhythm during resisted shoulder abduction - Implications for clinical practice,Forte FC; de Castro MP; de Toledo JM; Ribeiro DC; Loss JF,2009,Figure 4,Quasi-static shoulder abduction,Coronal/frontal plane,Five-camera 3D skin-marker videogrammetry with repeated scapular landmark palpation,True,11,Raising,True,55,,9.14055,,,,,,,,9.14055,,,,Scapular kinematics.pdf,Equation,Published cubic equation sampled at 5-degree HT increments; ST upward rotation; original paper convention; y=-3E-05x^3+0.0039x^2+0.1363x-5.1622. No interpolation or smoothing.
Forte2009,Scapular kinematics and scapulohumeral rhythm during resisted shoulder abduction - Implications for clinical practice,Forte FC; de Castro MP; de Toledo JM; Ribeiro DC; Loss JF,2009,Figure 4,Quasi-static shoulder abduction,Coronal/frontal plane,Five-camera 3D skin-marker videogrammetry with repeated scapular landmark palpation,True,11,Raising,True,60,,10.5758,,,,,,,,10.5758,,,,Scapular kinematics.pdf,Equation,Published cubic equation sampled at 5-degree HT increments; ST upward rotation; original paper convention; y=-3E-05x^3+0.0039x^2+0.1363x-5.1622. No interpolation or smoothing.
Forte2009,Scapular kinematics and scapulohumeral rhythm during resisted shoulder abduction - Implications for clinical practice,Forte FC; de Castro MP; de Toledo JM; Ribeiro DC; Loss JF,2009,Figure 4,Quasi-static shoulder abduction,Coronal/frontal plane,Five-camera 3D skin-marker videogrammetry with repeated scapular landmark palpation,True,11,Raising,True,65,,11.93605,,,,,,,,11.93605,,,,Scapular kinematics.pdf,Equation,Published cubic equation sampled at 5-degree HT increments; ST upward rotation; original paper convention; y=-3E-05x^3+0.0039x^2+0.1363x-5.1622. No interpolation or smoothing.
Forte2009,Scapular kinematics and scapulohumeral rhythm during resisted shoulder abduction - Implications for clinical practice,Forte FC; de Castro MP; de Toledo JM; Ribeiro DC; Loss JF,2009,Figure 4,Quasi-static shoulder abduction,Coronal/frontal plane,Five-camera 3D skin-marker videogrammetry with repeated scapular landmark palpation,True,11,Raising,True,70,,13.1988,,,,,,,,13.1988,,,,Scapular kinematics.pdf,Equation,Published cubic equation sampled at 5-degree HT increments; ST upward rotation; original paper convention; y=-3E-05x^3+0.0039x^2+0.1363x-5.1622. No interpolation or smoothing.
Forte2009,Scapular kinematics and scapulohumeral rhythm during resisted shoulder abduction - Implications for clinical practice,Forte FC; de Castro MP; de Toledo JM; Ribeiro DC; Loss JF,2009,Figure 4,Quasi-static shoulder abduction,Coronal/frontal plane,Five-camera 3D skin-marker videogrammetry with repeated scapular landmark palpation,True,11,Raising,True,75,,14.34155,,,,,,,,14.34155,,,,Scapular kinematics.pdf,Equation,Published cubic equation sampled at 5-degree HT increments; ST upward rotation; original paper convention; y=-3E-05x^3+0.0039x^2+0.1363x-5.1622. No interpolation or smoothing.
Forte2009,Scapular kinematics and scapulohumeral rhythm during resisted shoulder abduction - Implications for clinical practice,Forte FC; de Castro MP; de Toledo JM; Ribeiro DC; Loss JF,2009,Figure 4,Quasi-static shoulder abduction,Coronal/frontal plane,Five-camera 3D skin-marker videogrammetry with repeated scapular landmark palpation,True,11,Raising,True,80,,15.3418,,,,,,,,15.3418,,,,Scapular kinematics.pdf,Equation,Published cubic equation sampled at 5-degree HT increments; ST upward rotation; original paper convention; y=-3E-05x^3+0.0039x^2+0.1363x-5.1622. No interpolation or smoothing.
Forte2009,Scapular kinematics and scapulohumeral rhythm during resisted shoulder abduction - Implications for clinical practice,Forte FC; de Castro MP; de Toledo JM; Ribeiro DC; Loss JF,2009,Figure 4,Quasi-static shoulder abduction,Coronal/frontal plane,Five-camera 3D skin-marker videogrammetry with repeated scapular landmark palpation,True,11,Raising,True,85,,16.17705,,,,,,,,16.17705,,,,Scapular kinematics.pdf,Equation,Published cubic equation sampled at 5-degree HT increments; ST upward rotation; original paper convention; y=-3E-05x^3+0.0039x^2+0.1363x-5.1622. No interpolation or smoothing.
Forte2009,Scapular kinematics and scapulohumeral rhythm during resisted shoulder abduction - Implications for clinical practice,Forte FC; de Castro MP; de Toledo JM; Ribeiro DC; Loss JF,2009,Figure 4,Quasi-static shoulder abduction,Coronal/frontal plane,Five-camera 3D skin-marker videogrammetry with repeated scapular landmark palpation,True,11,Raising,True,90,,16.8248,,,,,,,,16.8248,,,,Scapular kinematics.pdf,Equation,Published cubic equation sampled at 5-degree HT increments; ST upward rotation; original paper convention; y=-3E-05x^3+0.0039x^2+0.1363x-5.1622. No interpolation or smoothing.
Forte2009,Scapular kinematics and scapulohumeral rhythm during resisted shoulder abduction - Implications for clinical practice,Forte FC; de Castro MP; de Toledo JM; Ribeiro DC; Loss JF,2009,Figure 4,Quasi-static shoulder abduction,Coronal/frontal plane,Five-camera 3D skin-marker videogrammetry with repeated scapular landmark palpation,True,11,Raising,True,95,,17.26255,,,,,,,,17.26255,,,,Scapular kinematics.pdf,Equation,Published cubic equation sampled at 5-degree HT increments; ST upward rotation; original paper convention; y=-3E-05x^3+0.0039x^2+0.1363x-5.1622. No interpolation or smoothing.
Forte2009,Scapular kinematics and scapulohumeral rhythm during resisted shoulder abduction - Implications for clinical practice,Forte FC; de Castro MP; de Toledo JM; Ribeiro DC; Loss JF,2009,Figure 4,Quasi-static shoulder abduction,Coronal/frontal plane,Five-camera 3D skin-marker videogrammetry with repeated scapular landmark palpation,True,11,Raising,True,100,,17.4678,,,,,,,,17.4678,,,,Scapular kinematics.pdf,Equation,Published cubic equation sampled at 5-degree HT increments; ST upward rotation; original paper convention; y=-3E-05x^3+0.0039x^2+0.1363x-5.1622. No interpolation or smoothing.
Forte2009,Scapular kinematics and scapulohumeral rhythm during resisted shoulder abduction - Implications for clinical practice,Forte FC; de Castro MP; de Toledo JM; Ribeiro DC; Loss JF,2009,Figure 4,Quasi-static shoulder abduction,Coronal/frontal plane,Five-camera 3D skin-marker videogrammetry with repeated scapular landmark palpation,True,11,Raising,True,105,,17.41805,,,,,,,,17.41805,,,,Scapular kinematics.pdf,Equation,Published cubic equation sampled at 5-degree HT increments; ST upward rotation; original paper convention; y=-3E-05x^3+0.0039x^2+0.1363x-5.1622. No interpolation or smoothing.
Forte2009,Scapular kinematics and scapulohumeral rhythm during resisted shoulder abduction - Implications for clinical practice,Forte FC; de Castro MP; de Toledo JM; Ribeiro DC; Loss JF,2009,Figure 4,Quasi-static shoulder abduction,Coronal/frontal plane,Five-camera 3D skin-marker videogrammetry with repeated scapular landmark palpation,True,11,Raising,True,110,,17.0908,,,,,,,,17.0908,,,,Scapular kinematics.pdf,Equation,Published cubic equation sampled at 5-degree HT increments; ST upward rotation; original paper convention; y=-3E-05x^3+0.0039x^2+0.1363x-5.1622. No interpolation or smoothing.
Forte2009,Scapular kinematics and scapulohumeral rhythm during resisted shoulder abduction - Implications for clinical practice,Forte FC; de Castro MP; de Toledo JM; Ribeiro DC; Loss JF,2009,Figure 4,Quasi-static shoulder abduction,Coronal/frontal plane,Five-camera 3D skin-marker videogrammetry with repeated scapular landmark palpation,True,11,Raising,True,115,,16.46355,,,,,,,,16.46355,,,,Scapular kinematics.pdf,Equation,Published cubic equation sampled at 5-degree HT increments; ST upward rotation; original paper convention; y=-3E-05x^3+0.0039x^2+0.1363x-5.1622. No interpolation or smoothing.
Forte2009,Scapular kinematics and scapulohumeral rhythm during resisted shoulder abduction - Implications for clinical practice,Forte FC; de Castro MP; de Toledo JM; Ribeiro DC; Loss JF,2009,Figure 4,Quasi-static shoulder abduction,Coronal/frontal plane,Five-camera 3D skin-marker videogrammetry with repeated scapular landmark palpation,True,11,Raising,True,120,,15.5138,,,,,,,,15.5138,,,,Scapular kinematics.pdf,Equation,Published cubic equation sampled at 5-degree HT increments; ST upward rotation; original paper convention; y=-3E-05x^3+0.0039x^2+0.1363x-5.1622. No interpolation or smoothing.
Forte2009,Scapular kinematics and scapulohumeral rhythm during resisted shoulder abduction - Implications for clinical practice,Forte FC; de Castro MP; de Toledo JM; Ribeiro DC; Loss JF,2009,Figure 4,Quasi-static shoulder abduction,Coronal/frontal plane,Five-camera 3D skin-marker videogrammetry with repeated scapular landmark palpation,True,11,Raising,True,125,,14.21905,,,,,,,,14.21905,,,,Scapular kinematics.pdf,Equation,Published cubic equation sampled at 5-degree HT increments; ST upward rotation; original paper convention; y=-3E-05x^3+0.0039x^2+0.1363x-5.1622. No interpolation or smoothing.
Forte2009,Scapular kinematics and scapulohumeral rhythm during resisted shoulder abduction - Implications for clinical practice,Forte FC; de Castro MP; de Toledo JM; Ribeiro DC; Loss JF,2009,Figure 4,Quasi-static shoulder abduction,Coronal/frontal plane,Five-camera 3D skin-marker videogrammetry with repeated scapular landmark palpation,True,11,Raising,True,130,,12.5568,,,,,,,,12.5568,,,,Scapular kinematics.pdf,Equation,Published cubic equation sampled at 5-degree HT increments; ST upward rotation; original paper convention; y=-3E-05x^3+0.0039x^2+0.1363x-5.1622. No interpolation or smoothing.
Forte2009,Scapular kinematics and scapulohumeral rhythm during resisted shoulder abduction - Implications for clinical practice,Forte FC; de Castro MP; de Toledo JM; Ribeiro DC; Loss JF,2009,Figure 4,Quasi-static shoulder abduction,Coronal/frontal plane,Five-camera 3D skin-marker videogrammetry with repeated scapular landmark palpation,True,11,Raising,False,10,,,13.641,,,,,,,13.641,,,,Scapular kinematics.pdf,Equation,Published cubic equation sampled at 5-degree HT increments; ST posterior tilt; original paper convention; y=-1E-05x^3+0.0024x^2-0.1745x+15.156. No interpolation or smoothing.
Forte2009,Scapular kinematics and scapulohumeral rhythm during resisted shoulder abduction - Implications for clinical practice,Forte FC; de Castro MP; de Toledo JM; Ribeiro DC; Loss JF,2009,Figure 4,Quasi-static shoulder abduction,Coronal/frontal plane,Five-camera 3D skin-marker videogrammetry with repeated scapular landmark palpation,True,11,Raising,False,15,,,13.04475,,,,,,,13.04475,,,,Scapular kinematics.pdf,Equation,Published cubic equation sampled at 5-degree HT increments; ST posterior tilt; original paper convention; y=-1E-05x^3+0.0024x^2-0.1745x+15.156. No interpolation or smoothing.
Forte2009,Scapular kinematics and scapulohumeral rhythm during resisted shoulder abduction - Implications for clinical practice,Forte FC; de Castro MP; de Toledo JM; Ribeiro DC; Loss JF,2009,Figure 4,Quasi-static shoulder abduction,Coronal/frontal plane,Five-camera 3D skin-marker videogrammetry with repeated scapular landmark palpation,True,11,Raising,False,20,,,12.546,,,,,,,12.546,,,,Scapular kinematics.pdf,Equation,Published cubic equation sampled at 5-degree HT increments; ST posterior tilt; original paper convention; y=-1E-05x^3+0.0024x^2-0.1745x+15.156. No interpolation or smoothing.
Forte2009,Scapular kinematics and scapulohumeral rhythm during resisted shoulder abduction - Implications for clinical practice,Forte FC; de Castro MP; de Toledo JM; Ribeiro DC; Loss JF,2009,Figure 4,Quasi-static shoulder abduction,Coronal/frontal plane,Five-camera 3D skin-marker videogrammetry with repeated scapular landmark palpation,True,11,Raising,False,25,,,12.13725,,,,,,,12.13725,,,,Scapular kinematics.pdf,Equation,Published cubic equation sampled at 5-degree HT increments; ST posterior tilt; original paper convention; y=-1E-05x^3+0.0024x^2-0.1745x+15.156. No interpolation or smoothing.
Forte2009,Scapular kinematics and scapulohumeral rhythm during resisted shoulder abduction - Implications for clinical practice,Forte FC; de Castro MP; de Toledo JM; Ribeiro DC; Loss JF,2009,Figure 4,Quasi-static shoulder abduction,Coronal/frontal plane,Five-camera 3D skin-marker videogrammetry with repeated scapular landmark palpation,True,11,Raising,False,30,,,11.811,,,,,,,11.811,,,,Scapular kinematics.pdf,Equation,Published cubic equation sampled at 5-degree HT increments; ST posterior tilt; original paper convention; y=-1E-05x^3+0.0024x^2-0.1745x+15.156. No interpolation or smoothing.
Forte2009,Scapular kinematics and scapulohumeral rhythm during resisted shoulder abduction - Implications for clinical practice,Forte FC; de Castro MP; de Toledo JM; Ribeiro DC; Loss JF,2009,Figure 4,Quasi-static shoulder abduction,Coronal/frontal plane,Five-camera 3D skin-marker videogrammetry with repeated scapular landmark palpation,True,11,Raising,False,35,,,11.55975,,,,,,,11.55975,,,,Scapular kinematics.pdf,Equation,Published cubic equation sampled at 5-degree HT increments; ST posterior tilt; original paper convention; y=-1E-05x^3+0.0024x^2-0.1745x+15.156. No interpolation or smoothing.
Forte2009,Scapular kinematics and scapulohumeral rhythm during resisted shoulder abduction - Implications for clinical practice,Forte FC; de Castro MP; de Toledo JM; Ribeiro DC; Loss JF,2009,Figure 4,Quasi-static shoulder abduction,Coronal/frontal plane,Five-camera 3D skin-marker videogrammetry with repeated scapular landmark palpation,True,11,Raising,False,40,,,11.376,,,,,,,11.376,,,,Scapular kinematics.pdf,Equation,Published cubic equation sampled at 5-degree HT increments; ST posterior tilt; original paper convention; y=-1E-05x^3+0.0024x^2-0.1745x+15.156. No interpolation or smoothing.
Forte2009,Scapular kinematics and scapulohumeral rhythm during resisted shoulder abduction - Implications for clinical practice,Forte FC; de Castro MP; de Toledo JM; Ribeiro DC; Loss JF,2009,Figure 4,Quasi-static shoulder abduction,Coronal/frontal plane,Five-camera 3D skin-marker videogrammetry with repeated scapular landmark palpation,True,11,Raising,False,45,,,11.25225,,,,,,,11.25225,,,,Scapular kinematics.pdf,Equation,Published cubic equation sampled at 5-degree HT increments; ST posterior tilt; original paper convention; y=-1E-05x^3+0.0024x^2-0.1745x+15.156. No interpolation or smoothing.
Forte2009,Scapular kinematics and scapulohumeral rhythm during resisted shoulder abduction - Implications for clinical practice,Forte FC; de Castro MP; de Toledo JM; Ribeiro DC; Loss JF,2009,Figure 4,Quasi-static shoulder abduction,Coronal/frontal plane,Five-camera 3D skin-marker videogrammetry with repeated scapular landmark palpation,True,11,Raising,False,50,,,11.181,,,,,,,11.181,,,,Scapular kinematics.pdf,Equation,Published cubic equation sampled at 5-degree HT increments; ST posterior tilt; original paper convention; y=-1E-05x^3+0.0024x^2-0.1745x+15.156. No interpolation or smoothing.
Forte2009,Scapular kinematics and scapulohumeral rhythm during resisted shoulder abduction - Implications for clinical practice,Forte FC; de Castro MP; de Toledo JM; Ribeiro DC; Loss JF,2009,Figure 4,Quasi-static shoulder abduction,Coronal/frontal plane,Five-camera 3D skin-marker videogrammetry with repeated scapular landmark palpation,True,11,Raising,False,55,,,11.15475,,,,,,,11.15475,,,,Scapular kinematics.pdf,Equation,Published cubic equation sampled at 5-degree HT increments; ST posterior tilt; original paper convention; y=-1E-05x^3+0.0024x^2-0.1745x+15.156. No interpolation or smoothing.
Forte2009,Scapular kinematics and scapulohumeral rhythm during resisted shoulder abduction - Implications for clinical practice,Forte FC; de Castro MP; de Toledo JM; Ribeiro DC; Loss JF,2009,Figure 4,Quasi-static shoulder abduction,Coronal/frontal plane,Five-camera 3D skin-marker videogrammetry with repeated scapular landmark palpation,True,11,Raising,False,60,,,11.166,,,,,,,11.166,,,,Scapular kinematics.pdf,Equation,Published cubic equation sampled at 5-degree HT increments; ST posterior tilt; original paper convention; y=-1E-05x^3+0.0024x^2-0.1745x+15.156. No interpolation or smoothing.
Forte2009,Scapular kinematics and scapulohumeral rhythm during resisted shoulder abduction - Implications for clinical practice,Forte FC; de Castro MP; de Toledo JM; Ribeiro DC; Loss JF,2009,Figure 4,Quasi-static shoulder abduction,Coronal/frontal plane,Five-camera 3D skin-marker videogrammetry with repeated scapular landmark palpation,True,11,Raising,False,65,,,11.20725,,,,,,,11.20725,,,,Scapular kinematics.pdf,Equation,Published cubic equation sampled at 5-degree HT increments; ST posterior tilt; original paper convention; y=-1E-05x^3+0.0024x^2-0.1745x+15.156. No interpolation or smoothing.
Forte2009,Scapular kinematics and scapulohumeral rhythm during resisted shoulder abduction - Implications for clinical practice,Forte FC; de Castro MP; de Toledo JM; Ribeiro DC; Loss JF,2009,Figure 4,Quasi-static shoulder abduction,Coronal/frontal plane,Five-camera 3D skin-marker videogrammetry with repeated scapular landmark palpation,True,11,Raising,False,70,,,11.271,,,,,,,11.271,,,,Scapular kinematics.pdf,Equation,Published cubic equation sampled at 5-degree HT increments; ST posterior tilt; original paper convention; y=-1E-05x^3+0.0024x^2-0.1745x+15.156. No interpolation or smoothing.
Forte2009,Scapular kinematics and scapulohumeral rhythm during resisted shoulder abduction - Implications for clinical practice,Forte FC; de Castro MP; de Toledo JM; Ribeiro DC; Loss JF,2009,Figure 4,Quasi-static shoulder abduction,Coronal/frontal plane,Five-camera 3D skin-marker videogrammetry with repeated scapular landmark palpation,True,11,Raising,False,75,,,11.34975,,,,,,,11.34975,,,,Scapular kinematics.pdf,Equation,Published cubic equation sampled at 5-degree HT increments; ST posterior tilt; original paper convention; y=-1E-05x^3+0.0024x^2-0.1745x+15.156. No interpolation or smoothing.
Forte2009,Scapular kinematics and scapulohumeral rhythm during resisted shoulder abduction - Implications for clinical practice,Forte FC; de Castro MP; de Toledo JM; Ribeiro DC; Loss JF,2009,Figure 4,Quasi-static shoulder abduction,Coronal/frontal plane,Five-camera 3D skin-marker videogrammetry with repeated scapular landmark palpation,True,11,Raising,False,80,,,11.436,,,,,,,11.436,,,,Scapular kinematics.pdf,Equation,Published cubic equation sampled at 5-degree HT increments; ST posterior tilt; original paper convention; y=-1E-05x^3+0.0024x^2-0.1745x+15.156. No interpolation or smoothing.
Forte2009,Scapular kinematics and scapulohumeral rhythm during resisted shoulder abduction - Implications for clinical practice,Forte FC; de Castro MP; de Toledo JM; Ribeiro DC; Loss JF,2009,Figure 4,Quasi-static shoulder abduction,Coronal/frontal plane,Five-camera 3D skin-marker videogrammetry with repeated scapular landmark palpation,True,11,Raising,False,85,,,11.52225,,,,,,,11.52225,,,,Scapular kinematics.pdf,Equation,Published cubic equation sampled at 5-degree HT increments; ST posterior tilt; original paper convention; y=-1E-05x^3+0.0024x^2-0.1745x+15.156. No interpolation or smoothing.
Forte2009,Scapular kinematics and scapulohumeral rhythm during resisted shoulder abduction - Implications for clinical practice,Forte FC; de Castro MP; de Toledo JM; Ribeiro DC; Loss JF,2009,Figure 4,Quasi-static shoulder abduction,Coronal/frontal plane,Five-camera 3D skin-marker videogrammetry with repeated scapular landmark palpation,True,11,Raising,False,90,,,11.601,,,,,,,11.601,,,,Scapular kinematics.pdf,Equation,Published cubic equation sampled at 5-degree HT increments; ST posterior tilt; original paper convention; y=-1E-05x^3+0.0024x^2-0.1745x+15.156. No interpolation or smoothing.
Forte2009,Scapular kinematics and scapulohumeral rhythm during resisted shoulder abduction - Implications for clinical practice,Forte FC; de Castro MP; de Toledo JM; Ribeiro DC; Loss JF,2009,Figure 4,Quasi-static shoulder abduction,Coronal/frontal plane,Five-camera 3D skin-marker videogrammetry with repeated scapular landmark palpation,True,11,Raising,False,95,,,11.66475,,,,,,,11.66475,,,,Scapular kinematics.pdf,Equation,Published cubic equation sampled at 5-degree HT increments; ST posterior tilt; original paper convention; y=-1E-05x^3+0.0024x^2-0.1745x+15.156. No interpolation or smoothing.
Forte2009,Scapular kinematics and scapulohumeral rhythm during resisted shoulder abduction - Implications for clinical practice,Forte FC; de Castro MP; de Toledo JM; Ribeiro DC; Loss JF,2009,Figure 4,Quasi-static shoulder abduction,Coronal/frontal plane,Five-camera 3D skin-marker videogrammetry with repeated scapular landmark palpation,True,11,Raising,False,100,,,11.706,,,,,,,11.706,,,,Scapular kinematics.pdf,Equation,Published cubic equation sampled at 5-degree HT increments; ST posterior tilt; original paper convention; y=-1E-05x^3+0.0024x^2-0.1745x+15.156. No interpolation or smoothing.
Forte2009,Scapular kinematics and scapulohumeral rhythm during resisted shoulder abduction - Implications for clinical practice,Forte FC; de Castro MP; de Toledo JM; Ribeiro DC; Loss JF,2009,Figure 4,Quasi-static shoulder abduction,Coronal/frontal plane,Five-camera 3D skin-marker videogrammetry with repeated scapular landmark palpation,True,11,Raising,False,105,,,11.71725,,,,,,,11.71725,,,,Scapular kinematics.pdf,Equation,Published cubic equation sampled at 5-degree HT increments; ST posterior tilt; original paper convention; y=-1E-05x^3+0.0024x^2-0.1745x+15.156. No interpolation or smoothing.
Forte2009,Scapular kinematics and scapulohumeral rhythm during resisted shoulder abduction - Implications for clinical practice,Forte FC; de Castro MP; de Toledo JM; Ribeiro DC; Loss JF,2009,Figure 4,Quasi-static shoulder abduction,Coronal/frontal plane,Five-camera 3D skin-marker videogrammetry with repeated scapular landmark palpation,True,11,Raising,False,110,,,11.691,,,,,,,11.691,,,,Scapular kinematics.pdf,Equation,Published cubic equation sampled at 5-degree HT increments; ST posterior tilt; original paper convention; y=-1E-05x^3+0.0024x^2-0.1745x+15.156. No interpolation or smoothing.
Forte2009,Scapular kinematics and scapulohumeral rhythm during resisted shoulder abduction - Implications for clinical practice,Forte FC; de Castro MP; de Toledo JM; Ribeiro DC; Loss JF,2009,Figure 4,Quasi-static shoulder abduction,Coronal/frontal plane,Five-camera 3D skin-marker videogrammetry with repeated scapular landmark palpation,True,11,Raising,False,115,,,11.61975,,,,,,,11.61975,,,,Scapular kinematics.pdf,Equation,Published cubic equation sampled at 5-degree HT increments; ST posterior tilt; original paper convention; y=-1E-05x^3+0.0024x^2-0.1745x+15.156. No interpolation or smoothing.
Forte2009,Scapular kinematics and scapulohumeral rhythm during resisted shoulder abduction - Implications for clinical practice,Forte FC; de Castro MP; de Toledo JM; Ribeiro DC; Loss JF,2009,Figure 4,Quasi-static shoulder abduction,Coronal/frontal plane,Five-camera 3D skin-marker videogrammetry with repeated scapular landmark palpation,True,11,Raising,False,120,,,11.496,,,,,,,11.496,,,,Scapular kinematics.pdf,Equation,Published cubic equation sampled at 5-degree HT increments; ST posterior tilt; original paper convention; y=-1E-05x^3+0.0024x^2-0.1745x+15.156. No interpolation or smoothing.
Forte2009,Scapular kinematics and scapulohumeral rhythm during resisted shoulder abduction - Implications for clinical practice,Forte FC; de Castro MP; de Toledo JM; Ribeiro DC; Loss JF,2009,Figure 4,Quasi-static shoulder abduction,Coronal/frontal plane,Five-camera 3D skin-marker videogrammetry with repeated scapular landmark palpation,True,11,Raising,False,125,,,11.31225,,,,,,,11.31225,,,,Scapular kinematics.pdf,Equation,Published cubic equation sampled at 5-degree HT increments; ST posterior tilt; original paper convention; y=-1E-05x^3+0.0024x^2-0.1745x+15.156. No interpolation or smoothing.
Forte2009,Scapular kinematics and scapulohumeral rhythm during resisted shoulder abduction - Implications for clinical practice,Forte FC; de Castro MP; de Toledo JM; Ribeiro DC; Loss JF,2009,Figure 4,Quasi-static shoulder abduction,Coronal/frontal plane,Five-camera 3D skin-marker videogrammetry with repeated scapular landmark palpation,True,11,Raising,False,130,,,11.061,,,,,,,11.061,,,,Scapular kinematics.pdf,Equation,Published cubic equation sampled at 5-degree HT increments; ST posterior tilt; original paper convention; y=-1E-05x^3+0.0024x^2-0.1745x+15.156. No interpolation or smoothing.
Forte2009,Scapular kinematics and scapulohumeral rhythm during resisted shoulder abduction - Implications for clinical practice,Forte FC; de Castro MP; de Toledo JM; Ribeiro DC; Loss JF,2009,Figure 4,Quasi-static shoulder abduction,Coronal/frontal plane,Five-camera 3D skin-marker videogrammetry with repeated scapular landmark palpation,True,11,Raising,True,10,,,15.226,,,,,,,15.226,,,,Scapular kinematics.pdf,Equation,Published cubic equation sampled at 5-degree HT increments; ST posterior tilt; original paper convention; y=-2E-05x^3+0.0037x^2-0.2475x+17.351. No interpolation or smoothing.
Forte2009,Scapular kinematics and scapulohumeral rhythm during resisted shoulder abduction - Implications for clinical practice,Forte FC; de Castro MP; de Toledo JM; Ribeiro DC; Loss JF,2009,Figure 4,Quasi-static shoulder abduction,Coronal/frontal plane,Five-camera 3D skin-marker videogrammetry with repeated scapular landmark palpation,True,11,Raising,True,15,,,14.4035,,,,,,,14.4035,,,,Scapular kinematics.pdf,Equation,Published cubic equation sampled at 5-degree HT increments; ST posterior tilt; original paper convention; y=-2E-05x^3+0.0037x^2-0.2475x+17.351. No interpolation or smoothing.
Forte2009,Scapular kinematics and scapulohumeral rhythm during resisted shoulder abduction - Implications for clinical practice,Forte FC; de Castro MP; de Toledo JM; Ribeiro DC; Loss JF,2009,Figure 4,Quasi-static shoulder abduction,Coronal/frontal plane,Five-camera 3D skin-marker videogrammetry with repeated scapular landmark palpation,True,11,Raising,True,20,,,13.721,,,,,,,13.721,,,,Scapular kinematics.pdf,Equation,Published cubic equation sampled at 5-degree HT increments; ST posterior tilt; original paper convention; y=-2E-05x^3+0.0037x^2-0.2475x+17.351. No interpolation or smoothing.
Forte2009,Scapular kinematics and scapulohumeral rhythm during resisted shoulder abduction - Implications for clinical practice,Forte FC; de Castro MP; de Toledo JM; Ribeiro DC; Loss JF,2009,Figure 4,Quasi-static shoulder abduction,Coronal/frontal plane,Five-camera 3D skin-marker videogrammetry with repeated scapular landmark palpation,True,11,Raising,True,25,,,13.1635,,,,,,,13.1635,,,,Scapular kinematics.pdf,Equation,Published cubic equation sampled at 5-degree HT increments; ST posterior tilt; original paper convention; y=-2E-05x^3+0.0037x^2-0.2475x+17.351. No interpolation or smoothing.
Forte2009,Scapular kinematics and scapulohumeral rhythm during resisted shoulder abduction - Implications for clinical practice,Forte FC; de Castro MP; de Toledo JM; Ribeiro DC; Loss JF,2009,Figure 4,Quasi-static shoulder abduction,Coronal/frontal plane,Five-camera 3D skin-marker videogrammetry with repeated scapular landmark palpation,True,11,Raising,True,30,,,12.716,,,,,,,12.716,,,,Scapular kinematics.pdf,Equation,Published cubic equation sampled at 5-degree HT increments; ST posterior tilt; original paper convention; y=-2E-05x^3+0.0037x^2-0.2475x+17.351. No interpolation or smoothing.
Forte2009,Scapular kinematics and scapulohumeral rhythm during resisted shoulder abduction - Implications for clinical practice,Forte FC; de Castro MP; de Toledo JM; Ribeiro DC; Loss JF,2009,Figure 4,Quasi-static shoulder abduction,Coronal/frontal plane,Five-camera 3D skin-marker videogrammetry with repeated scapular landmark palpation,True,11,Raising,True,35,,,12.3635,,,,,,,12.3635,,,,Scapular kinematics.pdf,Equation,Published cubic equation sampled at 5-degree HT increments; ST posterior tilt; original paper convention; y=-2E-05x^3+0.0037x^2-0.2475x+17.351. No interpolation or smoothing.
Forte2009,Scapular kinematics and scapulohumeral rhythm during resisted shoulder abduction - Implications for clinical practice,Forte FC; de Castro MP; de Toledo JM; Ribeiro DC; Loss JF,2009,Figure 4,Quasi-static shoulder abduction,Coronal/frontal plane,Five-camera 3D skin-marker videogrammetry with repeated scapular landmark palpation,True,11,Raising,True,40,,,12.091,,,,,,,12.091,,,,Scapular kinematics.pdf,Equation,Published cubic equation sampled at 5-degree HT increments; ST posterior tilt; original paper convention; y=-2E-05x^3+0.0037x^2-0.2475x+17.351. No interpolation or smoothing.
Forte2009,Scapular kinematics and scapulohumeral rhythm during resisted shoulder abduction - Implications for clinical practice,Forte FC; de Castro MP; de Toledo JM; Ribeiro DC; Loss JF,2009,Figure 4,Quasi-static shoulder abduction,Coronal/frontal plane,Five-camera 3D skin-marker videogrammetry with repeated scapular landmark palpation,True,11,Raising,True,45,,,11.8835,,,,,,,11.8835,,,,Scapular kinematics.pdf,Equation,Published cubic equation sampled at 5-degree HT increments; ST posterior tilt; original paper convention; y=-2E-05x^3+0.0037x^2-0.2475x+17.351. No interpolation or smoothing.
Forte2009,Scapular kinematics and scapulohumeral rhythm during resisted shoulder abduction - Implications for clinical practice,Forte FC; de Castro MP; de Toledo JM; Ribeiro DC; Loss JF,2009,Figure 4,Quasi-static shoulder abduction,Coronal/frontal plane,Five-camera 3D skin-marker videogrammetry with repeated scapular landmark palpation,True,11,Raising,True,50,,,11.726,,,,,,,11.726,,,,Scapular kinematics.pdf,Equation,Published cubic equation sampled at 5-degree HT increments; ST posterior tilt; original paper convention; y=-2E-05x^3+0.0037x^2-0.2475x+17.351. No interpolation or smoothing.
Forte2009,Scapular kinematics and scapulohumeral rhythm during resisted shoulder abduction - Implications for clinical practice,Forte FC; de Castro MP; de Toledo JM; Ribeiro DC; Loss JF,2009,Figure 4,Quasi-static shoulder abduction,Coronal/frontal plane,Five-camera 3D skin-marker videogrammetry with repeated scapular landmark palpation,True,11,Raising,True,55,,,11.6035,,,,,,,11.6035,,,,Scapular kinematics.pdf,Equation,Published cubic equation sampled at 5-degree HT increments; ST posterior tilt; original paper convention; y=-2E-05x^3+0.0037x^2-0.2475x+17.351. No interpolation or smoothing.
Forte2009,Scapular kinematics and scapulohumeral rhythm during resisted shoulder abduction - Implications for clinical practice,Forte FC; de Castro MP; de Toledo JM; Ribeiro DC; Loss JF,2009,Figure 4,Quasi-static shoulder abduction,Coronal/frontal plane,Five-camera 3D skin-marker videogrammetry with repeated scapular landmark palpation,True,11,Raising,True,60,,,11.501,,,,,,,11.501,,,,Scapular kinematics.pdf,Equation,Published cubic equation sampled at 5-degree HT increments; ST posterior tilt; original paper convention; y=-2E-05x^3+0.0037x^2-0.2475x+17.351. No interpolation or smoothing.
Forte2009,Scapular kinematics and scapulohumeral rhythm during resisted shoulder abduction - Implications for clinical practice,Forte FC; de Castro MP; de Toledo JM; Ribeiro DC; Loss JF,2009,Figure 4,Quasi-static shoulder abduction,Coronal/frontal plane,Five-camera 3D skin-marker videogrammetry with repeated scapular landmark palpation,True,11,Raising,True,65,,,11.4035,,,,,,,11.4035,,,,Scapular kinematics.pdf,Equation,Published cubic equation sampled at 5-degree HT increments; ST posterior tilt; original paper convention; y=-2E-05x^3+0.0037x^2-0.2475x+17.351. No interpolation or smoothing.
Forte2009,Scapular kinematics and scapulohumeral rhythm during resisted shoulder abduction - Implications for clinical practice,Forte FC; de Castro MP; de Toledo JM; Ribeiro DC; Loss JF,2009,Figure 4,Quasi-static shoulder abduction,Coronal/frontal plane,Five-camera 3D skin-marker videogrammetry with repeated scapular landmark palpation,True,11,Raising,True,70,,,11.296,,,,,,,11.296,,,,Scapular kinematics.pdf,Equation,Published cubic equation sampled at 5-degree HT increments; ST posterior tilt; original paper convention; y=-2E-05x^3+0.0037x^2-0.2475x+17.351. No interpolation or smoothing.
Forte2009,Scapular kinematics and scapulohumeral rhythm during resisted shoulder abduction - Implications for clinical practice,Forte FC; de Castro MP; de Toledo JM; Ribeiro DC; Loss JF,2009,Figure 4,Quasi-static shoulder abduction,Coronal/frontal plane,Five-camera 3D skin-marker videogrammetry with repeated scapular landmark palpation,True,11,Raising,True,75,,,11.1635,,,,,,,11.1635,,,,Scapular kinematics.pdf,Equation,Published cubic equation sampled at 5-degree HT increments; ST posterior tilt; original paper convention; y=-2E-05x^3+0.0037x^2-0.2475x+17.351. No interpolation or smoothing.
Forte2009,Scapular kinematics and scapulohumeral rhythm during resisted shoulder abduction - Implications for clinical practice,Forte FC; de Castro MP; de Toledo JM; Ribeiro DC; Loss JF,2009,Figure 4,Quasi-static shoulder abduction,Coronal/frontal plane,Five-camera 3D skin-marker videogrammetry with repeated scapular landmark palpation,True,11,Raising,True,80,,,10.991,,,,,,,10.991,,,,Scapular kinematics.pdf,Equation,Published cubic equation sampled at 5-degree HT increments; ST posterior tilt; original paper convention; y=-2E-05x^3+0.0037x^2-0.2475x+17.351. No interpolation or smoothing.
Forte2009,Scapular kinematics and scapulohumeral rhythm during resisted shoulder abduction - Implications for clinical practice,Forte FC; de Castro MP; de Toledo JM; Ribeiro DC; Loss JF,2009,Figure 4,Quasi-static shoulder abduction,Coronal/frontal plane,Five-camera 3D skin-marker videogrammetry with repeated scapular landmark palpation,True,11,Raising,True,85,,,10.7635,,,,,,,10.7635,,,,Scapular kinematics.pdf,Equation,Published cubic equation sampled at 5-degree HT increments; ST posterior tilt; original paper convention; y=-2E-05x^3+0.0037x^2-0.2475x+17.351. No interpolation or smoothing.
Forte2009,Scapular kinematics and scapulohumeral rhythm during resisted shoulder abduction - Implications for clinical practice,Forte FC; de Castro MP; de Toledo JM; Ribeiro DC; Loss JF,2009,Figure 4,Quasi-static shoulder abduction,Coronal/frontal plane,Five-camera 3D skin-marker videogrammetry with repeated scapular landmark palpation,True,11,Raising,True,90,,,10.466,,,,,,,10.466,,,,Scapular kinematics.pdf,Equation,Published cubic equation sampled at 5-degree HT increments; ST posterior tilt; original paper convention; y=-2E-05x^3+0.0037x^2-0.2475x+17.351. No interpolation or smoothing.
Forte2009,Scapular kinematics and scapulohumeral rhythm during resisted shoulder abduction - Implications for clinical practice,Forte FC; de Castro MP; de Toledo JM; Ribeiro DC; Loss JF,2009,Figure 4,Quasi-static shoulder abduction,Coronal/frontal plane,Five-camera 3D skin-marker videogrammetry with repeated scapular landmark palpation,True,11,Raising,True,95,,,10.0835,,,,,,,10.0835,,,,Scapular kinematics.pdf,Equation,Published cubic equation sampled at 5-degree HT increments; ST posterior tilt; original paper convention; y=-2E-05x^3+0.0037x^2-0.2475x+17.351. No interpolation or smoothing.
Forte2009,Scapular kinematics and scapulohumeral rhythm during resisted shoulder abduction - Implications for clinical practice,Forte FC; de Castro MP; de Toledo JM; Ribeiro DC; Loss JF,2009,Figure 4,Quasi-static shoulder abduction,Coronal/frontal plane,Five-camera 3D skin-marker videogrammetry with repeated scapular landmark palpation,True,11,Raising,True,100,,,9.601,,,,,,,9.601,,,,Scapular kinematics.pdf,Equation,Published cubic equation sampled at 5-degree HT increments; ST posterior tilt; original paper convention; y=-2E-05x^3+0.0037x^2-0.2475x+17.351. No interpolation or smoothing.
Forte2009,Scapular kinematics and scapulohumeral rhythm during resisted shoulder abduction - Implications for clinical practice,Forte FC; de Castro MP; de Toledo JM; Ribeiro DC; Loss JF,2009,Figure 4,Quasi-static shoulder abduction,Coronal/frontal plane,Five-camera 3D skin-marker videogrammetry with repeated scapular landmark palpation,True,11,Raising,True,105,,,9.0035,,,,,,,9.0035,,,,Scapular kinematics.pdf,Equation,Published cubic equation sampled at 5-degree HT increments; ST posterior tilt; original paper convention; y=-2E-05x^3+0.0037x^2-0.2475x+17.351. No interpolation or smoothing.
Forte2009,Scapular kinematics and scapulohumeral rhythm during resisted shoulder abduction - Implications for clinical practice,Forte FC; de Castro MP; de Toledo JM; Ribeiro DC; Loss JF,2009,Figure 4,Quasi-static shoulder abduction,Coronal/frontal plane,Five-camera 3D skin-marker videogrammetry with repeated scapular landmark palpation,True,11,Raising,True,110,,,8.276,,,,,,,8.276,,,,Scapular kinematics.pdf,Equation,Published cubic equation sampled at 5-degree HT increments; ST posterior tilt; original paper convention; y=-2E-05x^3+0.0037x^2-0.2475x+17.351. No interpolation or smoothing.
Forte2009,Scapular kinematics and scapulohumeral rhythm during resisted shoulder abduction - Implications for clinical practice,Forte FC; de Castro MP; de Toledo JM; Ribeiro DC; Loss JF,2009,Figure 4,Quasi-static shoulder abduction,Coronal/frontal plane,Five-camera 3D skin-marker videogrammetry with repeated scapular landmark palpation,True,11,Raising,True,115,,,7.4035,,,,,,,7.4035,,,,Scapular kinematics.pdf,Equation,Published cubic equation sampled at 5-degree HT increments; ST posterior tilt; original paper convention; y=-2E-05x^3+0.0037x^2-0.2475x+17.351. No interpolation or smoothing.
Forte2009,Scapular kinematics and scapulohumeral rhythm during resisted shoulder abduction - Implications for clinical practice,Forte FC; de Castro MP; de Toledo JM; Ribeiro DC; Loss JF,2009,Figure 4,Quasi-static shoulder abduction,Coronal/frontal plane,Five-camera 3D skin-marker videogrammetry with repeated scapular landmark palpation,True,11,Raising,True,120,,,6.371,,,,,,,6.371,,,,Scapular kinematics.pdf,Equation,Published cubic equation sampled at 5-degree HT increments; ST posterior tilt; original paper convention; y=-2E-05x^3+0.0037x^2-0.2475x+17.351. No interpolation or smoothing.
Forte2009,Scapular kinematics and scapulohumeral rhythm during resisted shoulder abduction - Implications for clinical practice,Forte FC; de Castro MP; de Toledo JM; Ribeiro DC; Loss JF,2009,Figure 4,Quasi-static shoulder abduction,Coronal/frontal plane,Five-camera 3D skin-marker videogrammetry with repeated scapular landmark palpation,True,11,Raising,True,125,,,5.1635,,,,,,,5.1635,,,,Scapular kinematics.pdf,Equation,Published cubic equation sampled at 5-degree HT increments; ST posterior tilt; original paper convention; y=-2E-05x^3+0.0037x^2-0.2475x+17.351. No interpolation or smoothing.
Forte2009,Scapular kinematics and scapulohumeral rhythm during resisted shoulder abduction - Implications for clinical practice,Forte FC; de Castro MP; de Toledo JM; Ribeiro DC; Loss JF,2009,Figure 4,Quasi-static shoulder abduction,Coronal/frontal plane,Five-camera 3D skin-marker videogrammetry with repeated scapular landmark palpation,True,11,Raising,True,130,,,3.766,,,,,,,3.766,,,,Scapular kinematics.pdf,Equation,Published cubic equation sampled at 5-degree HT increments; ST posterior tilt; original paper convention; y=-2E-05x^3+0.0037x^2-0.2475x+17.351. No interpolation or smoothing.
Forte2009,Scapular kinematics and scapulohumeral rhythm during resisted shoulder abduction - Implications for clinical practice,Forte FC; de Castro MP; de Toledo JM; Ribeiro DC; Loss JF,2009,Table 1,Quasi-static shoulder abduction,Coronal/frontal plane,Five-camera 3D skin-marker videogrammetry with repeated scapular landmark palpation,True,11,Raising,False,,,,,,,,,,,9.3,,,,Scapular kinematics.pdf,Table,ST external rotation excursion (degrees) over HT interval 10-40 degrees. Interval quantity; angle fields intentionally blank to avoid misrepresenting excursion as absolute orientation.
Forte2009,Scapular kinematics and scapulohumeral rhythm during resisted shoulder abduction - Implications for clinical practice,Forte FC; de Castro MP; de Toledo JM; Ribeiro DC; Loss JF,2009,Table 1,Quasi-static shoulder abduction,Coronal/frontal plane,Five-camera 3D skin-marker videogrammetry with repeated scapular landmark palpation,True,11,Raising,False,,,,,,,,,,,3.2,,,,Scapular kinematics.pdf,Table,Humeral-abduction-to-scapular external rotation interval ratio over HT interval 10-40 degrees. Ratio stored in Mean because requested schema has no ratio column.
Forte2009,Scapular kinematics and scapulohumeral rhythm during resisted shoulder abduction - Implications for clinical practice,Forte FC; de Castro MP; de Toledo JM; Ribeiro DC; Loss JF,2009,Table 1,Quasi-static shoulder abduction,Coronal/frontal plane,Five-camera 3D skin-marker videogrammetry with repeated scapular landmark palpation,True,11,Raising,True,,,,,,,,,,,10.5,,,,Scapular kinematics.pdf,Table,ST external rotation excursion (degrees) over HT interval 10-40 degrees. Interval quantity; angle fields intentionally blank to avoid misrepresenting excursion as absolute orientation.
Forte2009,Scapular kinematics and scapulohumeral rhythm during resisted shoulder abduction - Implications for clinical practice,Forte FC; de Castro MP; de Toledo JM; Ribeiro DC; Loss JF,2009,Table 1,Quasi-static shoulder abduction,Coronal/frontal plane,Five-camera 3D skin-marker videogrammetry with repeated scapular landmark palpation,True,11,Raising,True,,,,,,,,,,,2.8,,,,Scapular kinematics.pdf,Table,Humeral-abduction-to-scapular external rotation interval ratio over HT interval 10-40 degrees. Ratio stored in Mean because requested schema has no ratio column.
Forte2009,Scapular kinematics and scapulohumeral rhythm during resisted shoulder abduction - Implications for clinical practice,Forte FC; de Castro MP; de Toledo JM; Ribeiro DC; Loss JF,2009,Table 1,Quasi-static shoulder abduction,Coronal/frontal plane,Five-camera 3D skin-marker videogrammetry with repeated scapular landmark palpation,True,11,Raising,False,,,,,,,,,,,3.2,,,,Scapular kinematics.pdf,Table,ST external rotation excursion (degrees) over HT interval 40-70 degrees. Interval quantity; angle fields intentionally blank to avoid misrepresenting excursion as absolute orientation.
Forte2009,Scapular kinematics and scapulohumeral rhythm during resisted shoulder abduction - Implications for clinical practice,Forte FC; de Castro MP; de Toledo JM; Ribeiro DC; Loss JF,2009,Table 1,Quasi-static shoulder abduction,Coronal/frontal plane,Five-camera 3D skin-marker videogrammetry with repeated scapular landmark palpation,True,11,Raising,False,,,,,,,,,,,9.4,,,,Scapular kinematics.pdf,Table,Humeral-abduction-to-scapular external rotation interval ratio over HT interval 40-70 degrees. Ratio stored in Mean because requested schema has no ratio column.
Forte2009,Scapular kinematics and scapulohumeral rhythm during resisted shoulder abduction - Implications for clinical practice,Forte FC; de Castro MP; de Toledo JM; Ribeiro DC; Loss JF,2009,Table 1,Quasi-static shoulder abduction,Coronal/frontal plane,Five-camera 3D skin-marker videogrammetry with repeated scapular landmark palpation,True,11,Raising,True,,,,,,,,,,,-0.1,,,,Scapular kinematics.pdf,Table,ST external rotation excursion (degrees) over HT interval 40-70 degrees. Interval quantity; angle fields intentionally blank to avoid misrepresenting excursion as absolute orientation.
Forte2009,Scapular kinematics and scapulohumeral rhythm during resisted shoulder abduction - Implications for clinical practice,Forte FC; de Castro MP; de Toledo JM; Ribeiro DC; Loss JF,2009,Table 1,Quasi-static shoulder abduction,Coronal/frontal plane,Five-camera 3D skin-marker videogrammetry with repeated scapular landmark palpation,True,11,Raising,True,,,,,,,,,,,333.3,,,,Scapular kinematics.pdf,Table,Humeral-abduction-to-scapular external rotation interval ratio over HT interval 40-70 degrees. Ratio stored in Mean because requested schema has no ratio column.
Forte2009,Scapular kinematics and scapulohumeral rhythm during resisted shoulder abduction - Implications for clinical practice,Forte FC; de Castro MP; de Toledo JM; Ribeiro DC; Loss JF,2009,Table 1,Quasi-static shoulder abduction,Coronal/frontal plane,Five-camera 3D skin-marker videogrammetry with repeated scapular landmark palpation,True,11,Raising,False,,,,,,,,,,,0.3,,,,Scapular kinematics.pdf,Table,ST external rotation excursion (degrees) over HT interval 70-100 degrees. Interval quantity; angle fields intentionally blank to avoid misrepresenting excursion as absolute orientation. <1 degree scapular motion
Forte2009,Scapular kinematics and scapulohumeral rhythm during resisted shoulder abduction - Implications for clinical practice,Forte FC; de Castro MP; de Toledo JM; Ribeiro DC; Loss JF,2009,Table 1,Quasi-static shoulder abduction,Coronal/frontal plane,Five-camera 3D skin-marker videogrammetry with repeated scapular landmark palpation,True,11,Raising,False,,,,,,,,,,,97.1,,,,Scapular kinematics.pdf,Table,Humeral-abduction-to-scapular external rotation interval ratio over HT interval 70-100 degrees. Ratio stored in Mean because requested schema has no ratio column. <1 degree scapular motion
Forte2009,Scapular kinematics and scapulohumeral rhythm during resisted shoulder abduction - Implications for clinical practice,Forte FC; de Castro MP; de Toledo JM; Ribeiro DC; Loss JF,2009,Table 1,Quasi-static shoulder abduction,Coronal/frontal plane,Five-camera 3D skin-marker videogrammetry with repeated scapular landmark palpation,True,11,Raising,True,,,,,,,,,,,-2.6,,,,Scapular kinematics.pdf,Table,ST external rotation excursion (degrees) over HT interval 70-100 degrees. Interval quantity; angle fields intentionally blank to avoid misrepresenting excursion as absolute orientation. <1 degree scapular motion
Forte2009,Scapular kinematics and scapulohumeral rhythm during resisted shoulder abduction - Implications for clinical practice,Forte FC; de Castro MP; de Toledo JM; Ribeiro DC; Loss JF,2009,Table 1,Quasi-static shoulder abduction,Coronal/frontal plane,Five-camera 3D skin-marker videogrammetry with repeated scapular landmark palpation,True,11,Raising,True,,,,,,,,,,,11.5,,,,Scapular kinematics.pdf,Table,Humeral-abduction-to-scapular external rotation interval ratio over HT interval 70-100 degrees. Ratio stored in Mean because requested schema has no ratio column. <1 degree scapular motion
Forte2009,Scapular kinematics and scapulohumeral rhythm during resisted shoulder abduction - Implications for clinical practice,Forte FC; de Castro MP; de Toledo JM; Ribeiro DC; Loss JF,2009,Table 1,Quasi-static shoulder abduction,Coronal/frontal plane,Five-camera 3D skin-marker videogrammetry with repeated scapular landmark palpation,True,11,Raising,False,,,,,,,,,,,0.7,,,,Scapular kinematics.pdf,Table,ST external rotation excursion (degrees) over HT interval 100-130 degrees. Interval quantity; angle fields intentionally blank to avoid misrepresenting excursion as absolute orientation. <1 degree scapular motion
Forte2009,Scapular kinematics and scapulohumeral rhythm during resisted shoulder abduction - Implications for clinical practice,Forte FC; de Castro MP; de Toledo JM; Ribeiro DC; Loss JF,2009,Table 1,Quasi-static shoulder abduction,Coronal/frontal plane,Five-camera 3D skin-marker videogrammetry with repeated scapular landmark palpation,True,11,Raising,False,,,,,,,,,,,44.8,,,,Scapular kinematics.pdf,Table,Humeral-abduction-to-scapular external rotation interval ratio over HT interval 100-130 degrees. Ratio stored in Mean because requested schema has no ratio column. <1 degree scapular motion
Forte2009,Scapular kinematics and scapulohumeral rhythm during resisted shoulder abduction - Implications for clinical practice,Forte FC; de Castro MP; de Toledo JM; Ribeiro DC; Loss JF,2009,Table 1,Quasi-static shoulder abduction,Coronal/frontal plane,Five-camera 3D skin-marker videogrammetry with repeated scapular landmark palpation,True,11,Raising,True,,,,,,,,,,,3,,,,Scapular kinematics.pdf,Table,ST external rotation excursion (degrees) over HT interval 100-130 degrees. Interval quantity; angle fields intentionally blank to avoid misrepresenting excursion as absolute orientation. <1 degree scapular motion
Forte2009,Scapular kinematics and scapulohumeral rhythm during resisted shoulder abduction - Implications for clinical practice,Forte FC; de Castro MP; de Toledo JM; Ribeiro DC; Loss JF,2009,Table 1,Quasi-static shoulder abduction,Coronal/frontal plane,Five-camera 3D skin-marker videogrammetry with repeated scapular landmark palpation,True,11,Raising,True,,,,,,,,,,,10.1,,,,Scapular kinematics.pdf,Table,Humeral-abduction-to-scapular external rotation interval ratio over HT interval 100-130 degrees. Ratio stored in Mean because requested schema has no ratio column. <1 degree scapular motion
Forte2009,Scapular kinematics and scapulohumeral rhythm during resisted shoulder abduction - Implications for clinical practice,Forte FC; de Castro MP; de Toledo JM; Ribeiro DC; Loss JF,2009,Table 1,Quasi-static shoulder abduction,Coronal/frontal plane,Five-camera 3D skin-marker videogrammetry with repeated scapular landmark palpation,True,11,Raising,False,,,,,,,,,,,13.5,,,,Scapular kinematics.pdf,Table,ST external rotation excursion (degrees) over HT interval 10-130 degrees. Interval quantity; angle fields intentionally blank to avoid misrepresenting excursion as absolute orientation.
Forte2009,Scapular kinematics and scapulohumeral rhythm during resisted shoulder abduction - Implications for clinical practice,Forte FC; de Castro MP; de Toledo JM; Ribeiro DC; Loss JF,2009,Table 1,Quasi-static shoulder abduction,Coronal/frontal plane,Five-camera 3D skin-marker videogrammetry with repeated scapular landmark palpation,True,11,Raising,False,,,,,,,,,,,8.9,,,,Scapular kinematics.pdf,Table,Humeral-abduction-to-scapular external rotation interval ratio over HT interval 10-130 degrees. Ratio stored in Mean because requested schema has no ratio column.
Forte2009,Scapular kinematics and scapulohumeral rhythm during resisted shoulder abduction - Implications for clinical practice,Forte FC; de Castro MP; de Toledo JM; Ribeiro DC; Loss JF,2009,Table 1,Quasi-static shoulder abduction,Coronal/frontal plane,Five-camera 3D skin-marker videogrammetry with repeated scapular landmark palpation,True,11,Raising,True,,,,,,,,,,,10.8,,,,Scapular kinematics.pdf,Table,ST external rotation excursion (degrees) over HT interval 10-130 degrees. Interval quantity; angle fields intentionally blank to avoid misrepresenting excursion as absolute orientation.
Forte2009,Scapular kinematics and scapulohumeral rhythm during resisted shoulder abduction - Implications for clinical practice,Forte FC; de Castro MP; de Toledo JM; Ribeiro DC; Loss JF,2009,Table 1,Quasi-static shoulder abduction,Coronal/frontal plane,Five-camera 3D skin-marker videogrammetry with repeated scapular landmark palpation,True,11,Raising,True,,,,,,,,,,,11.1,,,,Scapular kinematics.pdf,Table,Humeral-abduction-to-scapular external rotation interval ratio over HT interval 10-130 degrees. Ratio stored in Mean because requested schema has no ratio column.
Forte2009,Scapular kinematics and scapulohumeral rhythm during resisted shoulder abduction - Implications for clinical practice,Forte FC; de Castro MP; de Toledo JM; Ribeiro DC; Loss JF,2009,Table 1,Quasi-static shoulder abduction,Coronal/frontal plane,Five-camera 3D skin-marker videogrammetry with repeated scapular landmark palpation,True,11,Raising,False,,,,,,,,,,,5.4,,,,Scapular kinematics.pdf,Table,ST upward rotation excursion (degrees) over HT interval 10-40 degrees. Interval quantity; angle fields intentionally blank to avoid misrepresenting excursion as absolute orientation.
Forte2009,Scapular kinematics and scapulohumeral rhythm during resisted shoulder abduction - Implications for clinical practice,Forte FC; de Castro MP; de Toledo JM; Ribeiro DC; Loss JF,2009,Table 1,Quasi-static shoulder abduction,Coronal/frontal plane,Five-camera 3D skin-marker videogrammetry with repeated scapular landmark palpation,True,11,Raising,False,,,,,,,,,,,5.6,,,,Scapular kinematics.pdf,Table,Humeral-abduction-to-scapular upward rotation interval ratio over HT interval 10-40 degrees. Ratio stored in Mean because requested schema has no ratio column.
Forte2009,Scapular kinematics and scapulohumeral rhythm during resisted shoulder abduction - Implications for clinical practice,Forte FC; de Castro MP; de Toledo JM; Ribeiro DC; Loss JF,2009,Table 1,Quasi-static shoulder abduction,Coronal/frontal plane,Five-camera 3D skin-marker videogrammetry with repeated scapular landmark palpation,True,11,Raising,True,,,,,,,,,,,4.4,,,,Scapular kinematics.pdf,Table,ST upward rotation excursion (degrees) over HT interval 10-40 degrees. Interval quantity; angle fields intentionally blank to avoid misrepresenting excursion as absolute orientation.
Forte2009,Scapular kinematics and scapulohumeral rhythm during resisted shoulder abduction - Implications for clinical practice,Forte FC; de Castro MP; de Toledo JM; Ribeiro DC; Loss JF,2009,Table 1,Quasi-static shoulder abduction,Coronal/frontal plane,Five-camera 3D skin-marker videogrammetry with repeated scapular landmark palpation,True,11,Raising,True,,,,,,,,,,,6.8,,,,Scapular kinematics.pdf,Table,Humeral-abduction-to-scapular upward rotation interval ratio over HT interval 10-40 degrees. Ratio stored in Mean because requested schema has no ratio column.
Forte2009,Scapular kinematics and scapulohumeral rhythm during resisted shoulder abduction - Implications for clinical practice,Forte FC; de Castro MP; de Toledo JM; Ribeiro DC; Loss JF,2009,Table 1,Quasi-static shoulder abduction,Coronal/frontal plane,Five-camera 3D skin-marker videogrammetry with repeated scapular landmark palpation,True,11,Raising,False,,,,,,,,,,,12.8,,,,Scapular kinematics.pdf,Table,ST upward rotation excursion (degrees) over HT interval 40-70 degrees. Interval quantity; angle fields intentionally blank to avoid misrepresenting excursion as absolute orientation.
Forte2009,Scapular kinematics and scapulohumeral rhythm during resisted shoulder abduction - Implications for clinical practice,Forte FC; de Castro MP; de Toledo JM; Ribeiro DC; Loss JF,2009,Table 1,Quasi-static shoulder abduction,Coronal/frontal plane,Five-camera 3D skin-marker videogrammetry with repeated scapular landmark palpation,True,11,Raising,False,,,,,,,,,,,2.3,,,,Scapular kinematics.pdf,Table,Humeral-abduction-to-scapular upward rotation interval ratio over HT interval 40-70 degrees. Ratio stored in Mean because requested schema has no ratio column.
Forte2009,Scapular kinematics and scapulohumeral rhythm during resisted shoulder abduction - Implications for clinical practice,Forte FC; de Castro MP; de Toledo JM; Ribeiro DC; Loss JF,2009,Table 1,Quasi-static shoulder abduction,Coronal/frontal plane,Five-camera 3D skin-marker videogrammetry with repeated scapular landmark palpation,True,11,Raising,True,,,,,,,,,,,9.1,,,,Scapular kinematics.pdf,Table,ST upward rotation excursion (degrees) over HT interval 40-70 degrees. Interval quantity; angle fields intentionally blank to avoid misrepresenting excursion as absolute orientation.
Forte2009,Scapular kinematics and scapulohumeral rhythm during resisted shoulder abduction - Implications for clinical practice,Forte FC; de Castro MP; de Toledo JM; Ribeiro DC; Loss JF,2009,Table 1,Quasi-static shoulder abduction,Coronal/frontal plane,Five-camera 3D skin-marker videogrammetry with repeated scapular landmark palpation,True,11,Raising,True,,,,,,,,,,,3.3,,,,Scapular kinematics.pdf,Table,Humeral-abduction-to-scapular upward rotation interval ratio over HT interval 40-70 degrees. Ratio stored in Mean because requested schema has no ratio column.
Forte2009,Scapular kinematics and scapulohumeral rhythm during resisted shoulder abduction - Implications for clinical practice,Forte FC; de Castro MP; de Toledo JM; Ribeiro DC; Loss JF,2009,Table 1,Quasi-static shoulder abduction,Coronal/frontal plane,Five-camera 3D skin-marker videogrammetry with repeated scapular landmark palpation,True,11,Raising,False,,,,,,,,,,,15.3,,,,Scapular kinematics.pdf,Table,ST upward rotation excursion (degrees) over HT interval 70-100 degrees. Interval quantity; angle fields intentionally blank to avoid misrepresenting excursion as absolute orientation.
Forte2009,Scapular kinematics and scapulohumeral rhythm during resisted shoulder abduction - Implications for clinical practice,Forte FC; de Castro MP; de Toledo JM; Ribeiro DC; Loss JF,2009,Table 1,Quasi-static shoulder abduction,Coronal/frontal plane,Five-camera 3D skin-marker videogrammetry with repeated scapular landmark palpation,True,11,Raising,False,,,,,,,,,,,2,,,,Scapular kinematics.pdf,Table,Humeral-abduction-to-scapular upward rotation interval ratio over HT interval 70-100 degrees. Ratio stored in Mean because requested schema has no ratio column.
Forte2009,Scapular kinematics and scapulohumeral rhythm during resisted shoulder abduction - Implications for clinical practice,Forte FC; de Castro MP; de Toledo JM; Ribeiro DC; Loss JF,2009,Table 1,Quasi-static shoulder abduction,Coronal/frontal plane,Five-camera 3D skin-marker videogrammetry with repeated scapular landmark palpation,True,11,Raising,True,,,,,,,,,,,8.9,,,,Scapular kinematics.pdf,Table,ST upward rotation excursion (degrees) over HT interval 70-100 degrees. Interval quantity; angle fields intentionally blank to avoid misrepresenting excursion as absolute orientation.
Forte2009,Scapular kinematics and scapulohumeral rhythm during resisted shoulder abduction - Implications for clinical practice,Forte FC; de Castro MP; de Toledo JM; Ribeiro DC; Loss JF,2009,Table 1,Quasi-static shoulder abduction,Coronal/frontal plane,Five-camera 3D skin-marker videogrammetry with repeated scapular landmark palpation,True,11,Raising,True,,,,,,,,,,,3.4,,,,Scapular kinematics.pdf,Table,Humeral-abduction-to-scapular upward rotation interval ratio over HT interval 70-100 degrees. Ratio stored in Mean because requested schema has no ratio column.
Forte2009,Scapular kinematics and scapulohumeral rhythm during resisted shoulder abduction - Implications for clinical practice,Forte FC; de Castro MP; de Toledo JM; Ribeiro DC; Loss JF,2009,Table 1,Quasi-static shoulder abduction,Coronal/frontal plane,Five-camera 3D skin-marker videogrammetry with repeated scapular landmark palpation,True,11,Raising,False,,,,,,,,,,,12.9,,,,Scapular kinematics.pdf,Table,ST upward rotation excursion (degrees) over HT interval 100-130 degrees. Interval quantity; angle fields intentionally blank to avoid misrepresenting excursion as absolute orientation.
Forte2009,Scapular kinematics and scapulohumeral rhythm during resisted shoulder abduction - Implications for clinical practice,Forte FC; de Castro MP; de Toledo JM; Ribeiro DC; Loss JF,2009,Table 1,Quasi-static shoulder abduction,Coronal/frontal plane,Five-camera 3D skin-marker videogrammetry with repeated scapular landmark palpation,True,11,Raising,False,,,,,,,,,,,2.3,,,,Scapular kinematics.pdf,Table,Humeral-abduction-to-scapular upward rotation interval ratio over HT interval 100-130 degrees. Ratio stored in Mean because requested schema has no ratio column.
Forte2009,Scapular kinematics and scapulohumeral rhythm during resisted shoulder abduction - Implications for clinical practice,Forte FC; de Castro MP; de Toledo JM; Ribeiro DC; Loss JF,2009,Table 1,Quasi-static shoulder abduction,Coronal/frontal plane,Five-camera 3D skin-marker videogrammetry with repeated scapular landmark palpation,True,11,Raising,True,,,,,,,,,,,3.9,,,,Scapular kinematics.pdf,Table,ST upward rotation excursion (degrees) over HT interval 100-130 degrees. Interval quantity; angle fields intentionally blank to avoid misrepresenting excursion as absolute orientation.
Forte2009,Scapular kinematics and scapulohumeral rhythm during resisted shoulder abduction - Implications for clinical practice,Forte FC; de Castro MP; de Toledo JM; Ribeiro DC; Loss JF,2009,Table 1,Quasi-static shoulder abduction,Coronal/frontal plane,Five-camera 3D skin-marker videogrammetry with repeated scapular landmark palpation,True,11,Raising,True,,,,,,,,,,,7.8,,,,Scapular kinematics.pdf,Table,Humeral-abduction-to-scapular upward rotation interval ratio over HT interval 100-130 degrees. Ratio stored in Mean because requested schema has no ratio column.
Forte2009,Scapular kinematics and scapulohumeral rhythm during resisted shoulder abduction - Implications for clinical practice,Forte FC; de Castro MP; de Toledo JM; Ribeiro DC; Loss JF,2009,Table 1,Quasi-static shoulder abduction,Coronal/frontal plane,Five-camera 3D skin-marker videogrammetry with repeated scapular landmark palpation,True,11,Raising,False,,,,,,,,,,,46.4,,,,Scapular kinematics.pdf,Table,ST upward rotation excursion (degrees) over HT interval 10-130 degrees. Interval quantity; angle fields intentionally blank to avoid misrepresenting excursion as absolute orientation.
Forte2009,Scapular kinematics and scapulohumeral rhythm during resisted shoulder abduction - Implications for clinical practice,Forte FC; de Castro MP; de Toledo JM; Ribeiro DC; Loss JF,2009,Table 1,Quasi-static shoulder abduction,Coronal/frontal plane,Five-camera 3D skin-marker videogrammetry with repeated scapular landmark palpation,True,11,Raising,False,,,,,,,,,,,2.6,,,,Scapular kinematics.pdf,Table,Humeral-abduction-to-scapular upward rotation interval ratio over HT interval 10-130 degrees. Ratio stored in Mean because requested schema has no ratio column.
Forte2009,Scapular kinematics and scapulohumeral rhythm during resisted shoulder abduction - Implications for clinical practice,Forte FC; de Castro MP; de Toledo JM; Ribeiro DC; Loss JF,2009,Table 1,Quasi-static shoulder abduction,Coronal/frontal plane,Five-camera 3D skin-marker videogrammetry with repeated scapular landmark palpation,True,11,Raising,True,,,,,,,,,,,26.2,,,,Scapular kinematics.pdf,Table,ST upward rotation excursion (degrees) over HT interval 10-130 degrees. Interval quantity; angle fields intentionally blank to avoid misrepresenting excursion as absolute orientation.
Forte2009,Scapular kinematics and scapulohumeral rhythm during resisted shoulder abduction - Implications for clinical practice,Forte FC; de Castro MP; de Toledo JM; Ribeiro DC; Loss JF,2009,Table 1,Quasi-static shoulder abduction,Coronal/frontal plane,Five-camera 3D skin-marker videogrammetry with repeated scapular landmark palpation,True,11,Raising,True,,,,,,,,,,,4.6,,,,Scapular kinematics.pdf,Table,Humeral-abduction-to-scapular upward rotation interval ratio over HT interval 10-130 degrees. Ratio stored in Mean because requested schema has no ratio column.
Forte2009,Scapular kinematics and scapulohumeral rhythm during resisted shoulder abduction - Implications for clinical practice,Forte FC; de Castro MP; de Toledo JM; Ribeiro DC; Loss JF,2009,Table 1,Quasi-static shoulder abduction,Coronal/frontal plane,Five-camera 3D skin-marker videogrammetry with repeated scapular landmark palpation,True,11,Raising,False,,,,,,,,,,,2.3,,,,Scapular kinematics.pdf,Table,ST posterior tilt excursion (degrees) over HT interval 10-40 degrees. Interval quantity; angle fields intentionally blank to avoid misrepresenting excursion as absolute orientation.
Forte2009,Scapular kinematics and scapulohumeral rhythm during resisted shoulder abduction - Implications for clinical practice,Forte FC; de Castro MP; de Toledo JM; Ribeiro DC; Loss JF,2009,Table 1,Quasi-static shoulder abduction,Coronal/frontal plane,Five-camera 3D skin-marker videogrammetry with repeated scapular landmark palpation,True,11,Raising,False,,,,,,,,,,,13.2,,,,Scapular kinematics.pdf,Table,Humeral-abduction-to-scapular posterior tilt interval ratio over HT interval 10-40 degrees. Ratio stored in Mean because requested schema has no ratio column.
Forte2009,Scapular kinematics and scapulohumeral rhythm during resisted shoulder abduction - Implications for clinical practice,Forte FC; de Castro MP; de Toledo JM; Ribeiro DC; Loss JF,2009,Table 1,Quasi-static shoulder abduction,Coronal/frontal plane,Five-camera 3D skin-marker videogrammetry with repeated scapular landmark palpation,True,11,Raising,True,,,,,,,,,,,3.1,,,,Scapular kinematics.pdf,Table,ST posterior tilt excursion (degrees) over HT interval 10-40 degrees. Interval quantity; angle fields intentionally blank to avoid misrepresenting excursion as absolute orientation.
Forte2009,Scapular kinematics and scapulohumeral rhythm during resisted shoulder abduction - Implications for clinical practice,Forte FC; de Castro MP; de Toledo JM; Ribeiro DC; Loss JF,2009,Table 1,Quasi-static shoulder abduction,Coronal/frontal plane,Five-camera 3D skin-marker videogrammetry with repeated scapular landmark palpation,True,11,Raising,True,,,,,,,,,,,9.6,,,,Scapular kinematics.pdf,Table,Humeral-abduction-to-scapular posterior tilt interval ratio over HT interval 10-40 degrees. Ratio stored in Mean because requested schema has no ratio column.
Forte2009,Scapular kinematics and scapulohumeral rhythm during resisted shoulder abduction - Implications for clinical practice,Forte FC; de Castro MP; de Toledo JM; Ribeiro DC; Loss JF,2009,Table 1,Quasi-static shoulder abduction,Coronal/frontal plane,Five-camera 3D skin-marker videogrammetry with repeated scapular landmark palpation,True,11,Raising,False,,,,,,,,,,,0.1,,,,Scapular kinematics.pdf,Table,ST posterior tilt excursion (degrees) over HT interval 40-70 degrees. Interval quantity; angle fields intentionally blank to avoid misrepresenting excursion as absolute orientation. <1 degree scapular motion
Forte2009,Scapular kinematics and scapulohumeral rhythm during resisted shoulder abduction - Implications for clinical practice,Forte FC; de Castro MP; de Toledo JM; Ribeiro DC; Loss JF,2009,Table 1,Quasi-static shoulder abduction,Coronal/frontal plane,Five-camera 3D skin-marker videogrammetry with repeated scapular landmark palpation,True,11,Raising,False,,,,,,,,,,,285.7,,,,Scapular kinematics.pdf,Table,Humeral-abduction-to-scapular posterior tilt interval ratio over HT interval 40-70 degrees. Ratio stored in Mean because requested schema has no ratio column. <1 degree scapular motion
Forte2009,Scapular kinematics and scapulohumeral rhythm during resisted shoulder abduction - Implications for clinical practice,Forte FC; de Castro MP; de Toledo JM; Ribeiro DC; Loss JF,2009,Table 1,Quasi-static shoulder abduction,Coronal/frontal plane,Five-camera 3D skin-marker videogrammetry with repeated scapular landmark palpation,True,11,Raising,True,,,,,,,,,,,0.8,,,,Scapular kinematics.pdf,Table,ST posterior tilt excursion (degrees) over HT interval 40-70 degrees. Interval quantity; angle fields intentionally blank to avoid misrepresenting excursion as absolute orientation. <1 degree scapular motion
Forte2009,Scapular kinematics and scapulohumeral rhythm during resisted shoulder abduction - Implications for clinical practice,Forte FC; de Castro MP; de Toledo JM; Ribeiro DC; Loss JF,2009,Table 1,Quasi-static shoulder abduction,Coronal/frontal plane,Five-camera 3D skin-marker videogrammetry with repeated scapular landmark palpation,True,11,Raising,True,,,,,,,,,,,37.7,,,,Scapular kinematics.pdf,Table,Humeral-abduction-to-scapular posterior tilt interval ratio over HT interval 40-70 degrees. Ratio stored in Mean because requested schema has no ratio column. <1 degree scapular motion
Forte2009,Scapular kinematics and scapulohumeral rhythm during resisted shoulder abduction - Implications for clinical practice,Forte FC; de Castro MP; de Toledo JM; Ribeiro DC; Loss JF,2009,Table 1,Quasi-static shoulder abduction,Coronal/frontal plane,Five-camera 3D skin-marker videogrammetry with repeated scapular landmark palpation,True,11,Raising,False,,,,,,,,,,,0.4,,,,Scapular kinematics.pdf,Table,ST posterior tilt excursion (degrees) over HT interval 70-100 degrees. Interval quantity; angle fields intentionally blank to avoid misrepresenting excursion as absolute orientation. <1 degree scapular motion
Forte2009,Scapular kinematics and scapulohumeral rhythm during resisted shoulder abduction - Implications for clinical practice,Forte FC; de Castro MP; de Toledo JM; Ribeiro DC; Loss JF,2009,Table 1,Quasi-static shoulder abduction,Coronal/frontal plane,Five-camera 3D skin-marker videogrammetry with repeated scapular landmark palpation,True,11,Raising,False,,,,,,,,,,,69,,,,Scapular kinematics.pdf,Table,Humeral-abduction-to-scapular posterior tilt interval ratio over HT interval 70-100 degrees. Ratio stored in Mean because requested schema has no ratio column. <1 degree scapular motion
Forte2009,Scapular kinematics and scapulohumeral rhythm during resisted shoulder abduction - Implications for clinical practice,Forte FC; de Castro MP; de Toledo JM; Ribeiro DC; Loss JF,2009,Table 1,Quasi-static shoulder abduction,Coronal/frontal plane,Five-camera 3D skin-marker videogrammetry with repeated scapular landmark palpation,True,11,Raising,True,,,,,,,,,,,1.7,,,,Scapular kinematics.pdf,Table,ST posterior tilt excursion (degrees) over HT interval 70-100 degrees. Interval quantity; angle fields intentionally blank to avoid misrepresenting excursion as absolute orientation. <1 degree scapular motion
Forte2009,Scapular kinematics and scapulohumeral rhythm during resisted shoulder abduction - Implications for clinical practice,Forte FC; de Castro MP; de Toledo JM; Ribeiro DC; Loss JF,2009,Table 1,Quasi-static shoulder abduction,Coronal/frontal plane,Five-camera 3D skin-marker videogrammetry with repeated scapular landmark palpation,True,11,Raising,True,,,,,,,,,,,17.7,,,,Scapular kinematics.pdf,Table,Humeral-abduction-to-scapular posterior tilt interval ratio over HT interval 70-100 degrees. Ratio stored in Mean because requested schema has no ratio column. <1 degree scapular motion
Forte2009,Scapular kinematics and scapulohumeral rhythm during resisted shoulder abduction - Implications for clinical practice,Forte FC; de Castro MP; de Toledo JM; Ribeiro DC; Loss JF,2009,Table 1,Quasi-static shoulder abduction,Coronal/frontal plane,Five-camera 3D skin-marker videogrammetry with repeated scapular landmark palpation,True,11,Raising,False,,,,,,,,,,,-0.6,,,,Scapular kinematics.pdf,Table,ST posterior tilt excursion (degrees) over HT interval 100-130 degrees. Interval quantity; angle fields intentionally blank to avoid misrepresenting excursion as absolute orientation. <1 degree scapular motion
Forte2009,Scapular kinematics and scapulohumeral rhythm during resisted shoulder abduction - Implications for clinical practice,Forte FC; de Castro MP; de Toledo JM; Ribeiro DC; Loss JF,2009,Table 1,Quasi-static shoulder abduction,Coronal/frontal plane,Five-camera 3D skin-marker videogrammetry with repeated scapular landmark palpation,True,11,Raising,False,,,,,,,,,,,46.5,,,,Scapular kinematics.pdf,Table,Humeral-abduction-to-scapular posterior tilt interval ratio over HT interval 100-130 degrees. Ratio stored in Mean because requested schema has no ratio column. <1 degree scapular motion
Forte2009,Scapular kinematics and scapulohumeral rhythm during resisted shoulder abduction - Implications for clinical practice,Forte FC; de Castro MP; de Toledo JM; Ribeiro DC; Loss JF,2009,Table 1,Quasi-static shoulder abduction,Coronal/frontal plane,Five-camera 3D skin-marker videogrammetry with repeated scapular landmark palpation,True,11,Raising,True,,,,,,,,,,,5.8,,,,Scapular kinematics.pdf,Table,ST posterior tilt excursion (degrees) over HT interval 100-130 degrees. Interval quantity; angle fields intentionally blank to avoid misrepresenting excursion as absolute orientation. <1 degree scapular motion
Forte2009,Scapular kinematics and scapulohumeral rhythm during resisted shoulder abduction - Implications for clinical practice,Forte FC; de Castro MP; de Toledo JM; Ribeiro DC; Loss JF,2009,Table 1,Quasi-static shoulder abduction,Coronal/frontal plane,Five-camera 3D skin-marker videogrammetry with repeated scapular landmark palpation,True,11,Raising,True,,,,,,,,,,,5.1,,,,Scapular kinematics.pdf,Table,Humeral-abduction-to-scapular posterior tilt interval ratio over HT interval 100-130 degrees. Ratio stored in Mean because requested schema has no ratio column. <1 degree scapular motion
Forte2009,Scapular kinematics and scapulohumeral rhythm during resisted shoulder abduction - Implications for clinical practice,Forte FC; de Castro MP; de Toledo JM; Ribeiro DC; Loss JF,2009,Table 1,Quasi-static shoulder abduction,Coronal/frontal plane,Five-camera 3D skin-marker videogrammetry with repeated scapular landmark palpation,True,11,Raising,False,,,,,,,,,,,2.6,,,,Scapular kinematics.pdf,Table,ST posterior tilt excursion (degrees) over HT interval 10-130 degrees. Interval quantity; angle fields intentionally blank to avoid misrepresenting excursion as absolute orientation.
Forte2009,Scapular kinematics and scapulohumeral rhythm during resisted shoulder abduction - Implications for clinical practice,Forte FC; de Castro MP; de Toledo JM; Ribeiro DC; Loss JF,2009,Table 1,Quasi-static shoulder abduction,Coronal/frontal plane,Five-camera 3D skin-marker videogrammetry with repeated scapular landmark palpation,True,11,Raising,False,,,,,,,,,,,46.5,,,,Scapular kinematics.pdf,Table,Humeral-abduction-to-scapular posterior tilt interval ratio over HT interval 10-130 degrees. Ratio stored in Mean because requested schema has no ratio column.
Forte2009,Scapular kinematics and scapulohumeral rhythm during resisted shoulder abduction - Implications for clinical practice,Forte FC; de Castro MP; de Toledo JM; Ribeiro DC; Loss JF,2009,Table 1,Quasi-static shoulder abduction,Coronal/frontal plane,Five-camera 3D skin-marker videogrammetry with repeated scapular landmark palpation,True,11,Raising,True,,,,,,,,,,,11.5,,,,Scapular kinematics.pdf,Table,ST posterior tilt excursion (degrees) over HT interval 10-130 degrees. Interval quantity; angle fields intentionally blank to avoid misrepresenting excursion as absolute orientation.
Forte2009,Scapular kinematics and scapulohumeral rhythm during resisted shoulder abduction - Implications for clinical practice,Forte FC; de Castro MP; de Toledo JM; Ribeiro DC; Loss JF,2009,Table 1,Quasi-static shoulder abduction,Coronal/frontal plane,Five-camera 3D skin-marker videogrammetry with repeated scapular landmark palpation,True,11,Raising,True,,,,,,,,,,,10.5,,,,Scapular kinematics.pdf,Table,Humeral-abduction-to-scapular posterior tilt interval ratio over HT interval 10-130 degrees. Ratio stored in Mean because requested schema has no ratio column.
Braman2009,In Vivo Assessment of Scapulohumeral Rhythm During Unconstrained Overhead Reaching in Asymptomatic Subjects,Braman JP; Engel SC; LaPrade RF; Ludewig PM,2009,Table I,Dynamic unconstrained overhead reaching,Self-selected; mean 63.3 degrees anterior to coronal,"Bone-fixed electromagnetic sensors on scapula, clavicle, and humerus; surface sternum reference",True,12,Raising,False,,,,,,,,,,,2.1,,,,nihms-156697.pdf,Table,Subject 1; GH elevation to ST upward-rotation regression-slope ratio; HT phase Min-Max degrees. Ratio stored in Mean because requested schema has no ratio column.
Braman2009,In Vivo Assessment of Scapulohumeral Rhythm During Unconstrained Overhead Reaching in Asymptomatic Subjects,Braman JP; Engel SC; LaPrade RF; Ludewig PM,2009,Table I,Dynamic unconstrained overhead reaching,Self-selected; mean 63.3 degrees anterior to coronal,"Bone-fixed electromagnetic sensors on scapula, clavicle, and humerus; surface sternum reference",True,12,Raising,False,,,,,,,,,,,2.01,,,,nihms-156697.pdf,Table,Subject 1; GH elevation to ST upward-rotation regression-slope ratio; HT phase 30-Max degrees. Ratio stored in Mean because requested schema has no ratio column.
Braman2009,In Vivo Assessment of Scapulohumeral Rhythm During Unconstrained Overhead Reaching in Asymptomatic Subjects,Braman JP; Engel SC; LaPrade RF; Ludewig PM,2009,Table I,Dynamic unconstrained overhead reaching,Self-selected; mean 63.3 degrees anterior to coronal,"Bone-fixed electromagnetic sensors on scapula, clavicle, and humerus; surface sternum reference",True,12,Raising,False,,,,,,,,,,,2.31,,,,nihms-156697.pdf,Table,Subject 1; GH elevation to ST upward-rotation regression-slope ratio; HT phase Min-30 degrees. Ratio stored in Mean because requested schema has no ratio column.
Braman2009,In Vivo Assessment of Scapulohumeral Rhythm During Unconstrained Overhead Reaching in Asymptomatic Subjects,Braman JP; Engel SC; LaPrade RF; Ludewig PM,2009,Table I,Dynamic unconstrained overhead reaching,Self-selected; mean 63.3 degrees anterior to coronal,"Bone-fixed electromagnetic sensors on scapula, clavicle, and humerus; surface sternum reference",True,12,Raising,False,,,,,,,,,,,2.49,,,,nihms-156697.pdf,Table,Subject 1; GH elevation to ST upward-rotation regression-slope ratio; HT phase 30-60 degrees. Ratio stored in Mean because requested schema has no ratio column.
Braman2009,In Vivo Assessment of Scapulohumeral Rhythm During Unconstrained Overhead Reaching in Asymptomatic Subjects,Braman JP; Engel SC; LaPrade RF; Ludewig PM,2009,Table I,Dynamic unconstrained overhead reaching,Self-selected; mean 63.3 degrees anterior to coronal,"Bone-fixed electromagnetic sensors on scapula, clavicle, and humerus; surface sternum reference",True,12,Raising,False,,,,,,,,,,,1.91,,,,nihms-156697.pdf,Table,Subject 1; GH elevation to ST upward-rotation regression-slope ratio; HT phase 60-90 degrees. Ratio stored in Mean because requested schema has no ratio column.
Braman2009,In Vivo Assessment of Scapulohumeral Rhythm During Unconstrained Overhead Reaching in Asymptomatic Subjects,Braman JP; Engel SC; LaPrade RF; Ludewig PM,2009,Table I,Dynamic unconstrained overhead reaching,Self-selected; mean 63.3 degrees anterior to coronal,"Bone-fixed electromagnetic sensors on scapula, clavicle, and humerus; surface sternum reference",True,12,Raising,False,,,,,,,,,,,2.3,,,,nihms-156697.pdf,Table,Subject 1; GH elevation to ST upward-rotation regression-slope ratio; HT phase 90-120 degrees. Ratio stored in Mean because requested schema has no ratio column.
Braman2009,In Vivo Assessment of Scapulohumeral Rhythm During Unconstrained Overhead Reaching in Asymptomatic Subjects,Braman JP; Engel SC; LaPrade RF; Ludewig PM,2009,Table I,Dynamic unconstrained overhead reaching,Self-selected; mean 63.3 degrees anterior to coronal,"Bone-fixed electromagnetic sensors on scapula, clavicle, and humerus; surface sternum reference",True,12,Lowering,False,,,,,,,,,,,2.1,,,,nihms-156697.pdf,Table,Subject 1; GH elevation to ST upward-rotation regression-slope ratio; HT phase Min-Max degrees. Ratio stored in Mean because requested schema has no ratio column.
Braman2009,In Vivo Assessment of Scapulohumeral Rhythm During Unconstrained Overhead Reaching in Asymptomatic Subjects,Braman JP; Engel SC; LaPrade RF; Ludewig PM,2009,Table I,Dynamic unconstrained overhead reaching,Self-selected; mean 63.3 degrees anterior to coronal,"Bone-fixed electromagnetic sensors on scapula, clavicle, and humerus; surface sternum reference",True,12,Lowering,False,,,,,,,,,,,1.68,,,,nihms-156697.pdf,Table,Subject 1; GH elevation to ST upward-rotation regression-slope ratio; HT phase 30-Max degrees. Ratio stored in Mean because requested schema has no ratio column.
Braman2009,In Vivo Assessment of Scapulohumeral Rhythm During Unconstrained Overhead Reaching in Asymptomatic Subjects,Braman JP; Engel SC; LaPrade RF; Ludewig PM,2009,Table I,Dynamic unconstrained overhead reaching,Self-selected; mean 63.3 degrees anterior to coronal,"Bone-fixed electromagnetic sensors on scapula, clavicle, and humerus; surface sternum reference",True,12,Lowering,False,,,,,,,,,,,3.72,,,,nihms-156697.pdf,Table,Subject 1; GH elevation to ST upward-rotation regression-slope ratio; HT phase Min-30 degrees. Ratio stored in Mean because requested schema has no ratio column.
Braman2009,In Vivo Assessment of Scapulohumeral Rhythm During Unconstrained Overhead Reaching in Asymptomatic Subjects,Braman JP; Engel SC; LaPrade RF; Ludewig PM,2009,Table I,Dynamic unconstrained overhead reaching,Self-selected; mean 63.3 degrees anterior to coronal,"Bone-fixed electromagnetic sensors on scapula, clavicle, and humerus; surface sternum reference",True,12,Lowering,False,,,,,,,,,,,2.59,,,,nihms-156697.pdf,Table,Subject 1; GH elevation to ST upward-rotation regression-slope ratio; HT phase 30-60 degrees. Ratio stored in Mean because requested schema has no ratio column.
Braman2009,In Vivo Assessment of Scapulohumeral Rhythm During Unconstrained Overhead Reaching in Asymptomatic Subjects,Braman JP; Engel SC; LaPrade RF; Ludewig PM,2009,Table I,Dynamic unconstrained overhead reaching,Self-selected; mean 63.3 degrees anterior to coronal,"Bone-fixed electromagnetic sensors on scapula, clavicle, and humerus; surface sternum reference",True,12,Lowering,False,,,,,,,,,,,1.52,,,,nihms-156697.pdf,Table,Subject 1; GH elevation to ST upward-rotation regression-slope ratio; HT phase 60-90 degrees. Ratio stored in Mean because requested schema has no ratio column.
Braman2009,In Vivo Assessment of Scapulohumeral Rhythm During Unconstrained Overhead Reaching in Asymptomatic Subjects,Braman JP; Engel SC; LaPrade RF; Ludewig PM,2009,Table I,Dynamic unconstrained overhead reaching,Self-selected; mean 63.3 degrees anterior to coronal,"Bone-fixed electromagnetic sensors on scapula, clavicle, and humerus; surface sternum reference",True,12,Lowering,False,,,,,,,,,,,1.65,,,,nihms-156697.pdf,Table,Subject 1; GH elevation to ST upward-rotation regression-slope ratio; HT phase 90-120 degrees. Ratio stored in Mean because requested schema has no ratio column.
Braman2009,In Vivo Assessment of Scapulohumeral Rhythm During Unconstrained Overhead Reaching in Asymptomatic Subjects,Braman JP; Engel SC; LaPrade RF; Ludewig PM,2009,Table I,Dynamic unconstrained overhead reaching,Self-selected; mean 63.3 degrees anterior to coronal,"Bone-fixed electromagnetic sensors on scapula, clavicle, and humerus; surface sternum reference",True,12,Raising,False,,,,,,,,,,,2.11,,,,nihms-156697.pdf,Table,Subject 2; GH elevation to ST upward-rotation regression-slope ratio; HT phase Min-Max degrees. Ratio stored in Mean because requested schema has no ratio column.
Braman2009,In Vivo Assessment of Scapulohumeral Rhythm During Unconstrained Overhead Reaching in Asymptomatic Subjects,Braman JP; Engel SC; LaPrade RF; Ludewig PM,2009,Table I,Dynamic unconstrained overhead reaching,Self-selected; mean 63.3 degrees anterior to coronal,"Bone-fixed electromagnetic sensors on scapula, clavicle, and humerus; surface sternum reference",True,12,Raising,False,,,,,,,,,,,2.01,,,,nihms-156697.pdf,Table,Subject 2; GH elevation to ST upward-rotation regression-slope ratio; HT phase 30-Max degrees. Ratio stored in Mean because requested schema has no ratio column.
Braman2009,In Vivo Assessment of Scapulohumeral Rhythm During Unconstrained Overhead Reaching in Asymptomatic Subjects,Braman JP; Engel SC; LaPrade RF; Ludewig PM,2009,Table I,Dynamic unconstrained overhead reaching,Self-selected; mean 63.3 degrees anterior to coronal,"Bone-fixed electromagnetic sensors on scapula, clavicle, and humerus; surface sternum reference",True,12,Raising,False,,,,,,,,,,,6.55,,,,nihms-156697.pdf,Table,Subject 2; GH elevation to ST upward-rotation regression-slope ratio; HT phase Min-30 degrees. Ratio stored in Mean because requested schema has no ratio column.
Braman2009,In Vivo Assessment of Scapulohumeral Rhythm During Unconstrained Overhead Reaching in Asymptomatic Subjects,Braman JP; Engel SC; LaPrade RF; Ludewig PM,2009,Table I,Dynamic unconstrained overhead reaching,Self-selected; mean 63.3 degrees anterior to coronal,"Bone-fixed electromagnetic sensors on scapula, clavicle, and humerus; surface sternum reference",True,12,Raising,False,,,,,,,,,,,2.18,,,,nihms-156697.pdf,Table,Subject 2; GH elevation to ST upward-rotation regression-slope ratio; HT phase 30-60 degrees. Ratio stored in Mean because requested schema has no ratio column.
Braman2009,In Vivo Assessment of Scapulohumeral Rhythm During Unconstrained Overhead Reaching in Asymptomatic Subjects,Braman JP; Engel SC; LaPrade RF; Ludewig PM,2009,Table I,Dynamic unconstrained overhead reaching,Self-selected; mean 63.3 degrees anterior to coronal,"Bone-fixed electromagnetic sensors on scapula, clavicle, and humerus; surface sternum reference",True,12,Raising,False,,,,,,,,,,,1.91,,,,nihms-156697.pdf,Table,Subject 2; GH elevation to ST upward-rotation regression-slope ratio; HT phase 60-90 degrees. Ratio stored in Mean because requested schema has no ratio column.
Braman2009,In Vivo Assessment of Scapulohumeral Rhythm During Unconstrained Overhead Reaching in Asymptomatic Subjects,Braman JP; Engel SC; LaPrade RF; Ludewig PM,2009,Table I,Dynamic unconstrained overhead reaching,Self-selected; mean 63.3 degrees anterior to coronal,"Bone-fixed electromagnetic sensors on scapula, clavicle, and humerus; surface sternum reference",True,12,Raising,False,,,,,,,,,,,2.17,,,,nihms-156697.pdf,Table,Subject 2; GH elevation to ST upward-rotation regression-slope ratio; HT phase 90-120 degrees. Ratio stored in Mean because requested schema has no ratio column.
Braman2009,In Vivo Assessment of Scapulohumeral Rhythm During Unconstrained Overhead Reaching in Asymptomatic Subjects,Braman JP; Engel SC; LaPrade RF; Ludewig PM,2009,Table I,Dynamic unconstrained overhead reaching,Self-selected; mean 63.3 degrees anterior to coronal,"Bone-fixed electromagnetic sensors on scapula, clavicle, and humerus; surface sternum reference",True,12,Lowering,False,,,,,,,,,,,2.16,,,,nihms-156697.pdf,Table,Subject 2; GH elevation to ST upward-rotation regression-slope ratio; HT phase Min-Max degrees. Ratio stored in Mean because requested schema has no ratio column.
Braman2009,In Vivo Assessment of Scapulohumeral Rhythm During Unconstrained Overhead Reaching in Asymptomatic Subjects,Braman JP; Engel SC; LaPrade RF; Ludewig PM,2009,Table I,Dynamic unconstrained overhead reaching,Self-selected; mean 63.3 degrees anterior to coronal,"Bone-fixed electromagnetic sensors on scapula, clavicle, and humerus; surface sternum reference",True,12,Lowering,False,,,,,,,,,,,1.8,,,,nihms-156697.pdf,Table,Subject 2; GH elevation to ST upward-rotation regression-slope ratio; HT phase 30-Max degrees. Ratio stored in Mean because requested schema has no ratio column.
Braman2009,In Vivo Assessment of Scapulohumeral Rhythm During Unconstrained Overhead Reaching in Asymptomatic Subjects,Braman JP; Engel SC; LaPrade RF; Ludewig PM,2009,Table I,Dynamic unconstrained overhead reaching,Self-selected; mean 63.3 degrees anterior to coronal,"Bone-fixed electromagnetic sensors on scapula, clavicle, and humerus; surface sternum reference",True,12,Lowering,False,,,,,,,,,,,8.37,,,,nihms-156697.pdf,Table,Subject 2; GH elevation to ST upward-rotation regression-slope ratio; HT phase Min-30 degrees. Ratio stored in Mean because requested schema has no ratio column.
Braman2009,In Vivo Assessment of Scapulohumeral Rhythm During Unconstrained Overhead Reaching in Asymptomatic Subjects,Braman JP; Engel SC; LaPrade RF; Ludewig PM,2009,Table I,Dynamic unconstrained overhead reaching,Self-selected; mean 63.3 degrees anterior to coronal,"Bone-fixed electromagnetic sensors on scapula, clavicle, and humerus; surface sternum reference",True,12,Lowering,False,,,,,,,,,,,3.03,,,,nihms-156697.pdf,Table,Subject 2; GH elevation to ST upward-rotation regression-slope ratio; HT phase 30-60 degrees. Ratio stored in Mean because requested schema has no ratio column.
Braman2009,In Vivo Assessment of Scapulohumeral Rhythm During Unconstrained Overhead Reaching in Asymptomatic Subjects,Braman JP; Engel SC; LaPrade RF; Ludewig PM,2009,Table I,Dynamic unconstrained overhead reaching,Self-selected; mean 63.3 degrees anterior to coronal,"Bone-fixed electromagnetic sensors on scapula, clavicle, and humerus; surface sternum reference",True,12,Lowering,False,,,,,,,,,,,1.38,,,,nihms-156697.pdf,Table,Subject 2; GH elevation to ST upward-rotation regression-slope ratio; HT phase 60-90 degrees. Ratio stored in Mean because requested schema has no ratio column.
Braman2009,In Vivo Assessment of Scapulohumeral Rhythm During Unconstrained Overhead Reaching in Asymptomatic Subjects,Braman JP; Engel SC; LaPrade RF; Ludewig PM,2009,Table I,Dynamic unconstrained overhead reaching,Self-selected; mean 63.3 degrees anterior to coronal,"Bone-fixed electromagnetic sensors on scapula, clavicle, and humerus; surface sternum reference",True,12,Lowering,False,,,,,,,,,,,2.01,,,,nihms-156697.pdf,Table,Subject 2; GH elevation to ST upward-rotation regression-slope ratio; HT phase 90-120 degrees. Ratio stored in Mean because requested schema has no ratio column.
Braman2009,In Vivo Assessment of Scapulohumeral Rhythm During Unconstrained Overhead Reaching in Asymptomatic Subjects,Braman JP; Engel SC; LaPrade RF; Ludewig PM,2009,Table I,Dynamic unconstrained overhead reaching,Self-selected; mean 63.3 degrees anterior to coronal,"Bone-fixed electromagnetic sensors on scapula, clavicle, and humerus; surface sternum reference",True,12,Raising,False,,,,,,,,,,,2.12,,,,nihms-156697.pdf,Table,Subject 3; GH elevation to ST upward-rotation regression-slope ratio; HT phase Min-Max degrees. Ratio stored in Mean because requested schema has no ratio column.
Braman2009,In Vivo Assessment of Scapulohumeral Rhythm During Unconstrained Overhead Reaching in Asymptomatic Subjects,Braman JP; Engel SC; LaPrade RF; Ludewig PM,2009,Table I,Dynamic unconstrained overhead reaching,Self-selected; mean 63.3 degrees anterior to coronal,"Bone-fixed electromagnetic sensors on scapula, clavicle, and humerus; surface sternum reference",True,12,Raising,False,,,,,,,,,,,2.03,,,,nihms-156697.pdf,Table,Subject 3; GH elevation to ST upward-rotation regression-slope ratio; HT phase 30-Max degrees. Ratio stored in Mean because requested schema has no ratio column.
Braman2009,In Vivo Assessment of Scapulohumeral Rhythm During Unconstrained Overhead Reaching in Asymptomatic Subjects,Braman JP; Engel SC; LaPrade RF; Ludewig PM,2009,Table I,Dynamic unconstrained overhead reaching,Self-selected; mean 63.3 degrees anterior to coronal,"Bone-fixed electromagnetic sensors on scapula, clavicle, and humerus; surface sternum reference",True,12,Raising,False,,,,,,,,,,,3.14,,,,nihms-156697.pdf,Table,Subject 3; GH elevation to ST upward-rotation regression-slope ratio; HT phase Min-30 degrees. Ratio stored in Mean because requested schema has no ratio column.
Braman2009,In Vivo Assessment of Scapulohumeral Rhythm During Unconstrained Overhead Reaching in Asymptomatic Subjects,Braman JP; Engel SC; LaPrade RF; Ludewig PM,2009,Table I,Dynamic unconstrained overhead reaching,Self-selected; mean 63.3 degrees anterior to coronal,"Bone-fixed electromagnetic sensors on scapula, clavicle, and humerus; surface sternum reference",True,12,Raising,False,,,,,,,,,,,1.98,,,,nihms-156697.pdf,Table,Subject 3; GH elevation to ST upward-rotation regression-slope ratio; HT phase 30-60 degrees. Ratio stored in Mean because requested schema has no ratio column.
Braman2009,In Vivo Assessment of Scapulohumeral Rhythm During Unconstrained Overhead Reaching in Asymptomatic Subjects,Braman JP; Engel SC; LaPrade RF; Ludewig PM,2009,Table I,Dynamic unconstrained overhead reaching,Self-selected; mean 63.3 degrees anterior to coronal,"Bone-fixed electromagnetic sensors on scapula, clavicle, and humerus; surface sternum reference",True,12,Raising,False,,,,,,,,,,,2.49,,,,nihms-156697.pdf,Table,Subject 3; GH elevation to ST upward-rotation regression-slope ratio; HT phase 60-90 degrees. Ratio stored in Mean because requested schema has no ratio column.
Braman2009,In Vivo Assessment of Scapulohumeral Rhythm During Unconstrained Overhead Reaching in Asymptomatic Subjects,Braman JP; Engel SC; LaPrade RF; Ludewig PM,2009,Table I,Dynamic unconstrained overhead reaching,Self-selected; mean 63.3 degrees anterior to coronal,"Bone-fixed electromagnetic sensors on scapula, clavicle, and humerus; surface sternum reference",True,12,Raising,False,,,,,,,,,,,2.1,,,,nihms-156697.pdf,Table,Subject 3; GH elevation to ST upward-rotation regression-slope ratio; HT phase 90-120 degrees. Ratio stored in Mean because requested schema has no ratio column.
Braman2009,In Vivo Assessment of Scapulohumeral Rhythm During Unconstrained Overhead Reaching in Asymptomatic Subjects,Braman JP; Engel SC; LaPrade RF; Ludewig PM,2009,Table I,Dynamic unconstrained overhead reaching,Self-selected; mean 63.3 degrees anterior to coronal,"Bone-fixed electromagnetic sensors on scapula, clavicle, and humerus; surface sternum reference",True,12,Lowering,False,,,,,,,,,,,2.15,,,,nihms-156697.pdf,Table,Subject 3; GH elevation to ST upward-rotation regression-slope ratio; HT phase Min-Max degrees. Ratio stored in Mean because requested schema has no ratio column.
Braman2009,In Vivo Assessment of Scapulohumeral Rhythm During Unconstrained Overhead Reaching in Asymptomatic Subjects,Braman JP; Engel SC; LaPrade RF; Ludewig PM,2009,Table I,Dynamic unconstrained overhead reaching,Self-selected; mean 63.3 degrees anterior to coronal,"Bone-fixed electromagnetic sensors on scapula, clavicle, and humerus; surface sternum reference",True,12,Lowering,False,,,,,,,,,,,2.48,,,,nihms-156697.pdf,Table,Subject 3; GH elevation to ST upward-rotation regression-slope ratio; HT phase 30-Max degrees. Ratio stored in Mean because requested schema has no ratio column.
Braman2009,In Vivo Assessment of Scapulohumeral Rhythm During Unconstrained Overhead Reaching in Asymptomatic Subjects,Braman JP; Engel SC; LaPrade RF; Ludewig PM,2009,Table I,Dynamic unconstrained overhead reaching,Self-selected; mean 63.3 degrees anterior to coronal,"Bone-fixed electromagnetic sensors on scapula, clavicle, and humerus; surface sternum reference",True,12,Lowering,False,,,,,,,,,,,2.2,,,,nihms-156697.pdf,Table,Subject 3; GH elevation to ST upward-rotation regression-slope ratio; HT phase Min-30 degrees. Ratio stored in Mean because requested schema has no ratio column.
Braman2009,In Vivo Assessment of Scapulohumeral Rhythm During Unconstrained Overhead Reaching in Asymptomatic Subjects,Braman JP; Engel SC; LaPrade RF; Ludewig PM,2009,Table I,Dynamic unconstrained overhead reaching,Self-selected; mean 63.3 degrees anterior to coronal,"Bone-fixed electromagnetic sensors on scapula, clavicle, and humerus; surface sternum reference",True,12,Lowering,False,,,,,,,,,,,1.4,,,,nihms-156697.pdf,Table,Subject 3; GH elevation to ST upward-rotation regression-slope ratio; HT phase 30-60 degrees. Ratio stored in Mean because requested schema has no ratio column.
Braman2009,In Vivo Assessment of Scapulohumeral Rhythm During Unconstrained Overhead Reaching in Asymptomatic Subjects,Braman JP; Engel SC; LaPrade RF; Ludewig PM,2009,Table I,Dynamic unconstrained overhead reaching,Self-selected; mean 63.3 degrees anterior to coronal,"Bone-fixed electromagnetic sensors on scapula, clavicle, and humerus; surface sternum reference",True,12,Lowering,False,,,,,,,,,,,2.5,,,,nihms-156697.pdf,Table,Subject 3; GH elevation to ST upward-rotation regression-slope ratio; HT phase 60-90 degrees. Ratio stored in Mean because requested schema has no ratio column.
Braman2009,In Vivo Assessment of Scapulohumeral Rhythm During Unconstrained Overhead Reaching in Asymptomatic Subjects,Braman JP; Engel SC; LaPrade RF; Ludewig PM,2009,Table I,Dynamic unconstrained overhead reaching,Self-selected; mean 63.3 degrees anterior to coronal,"Bone-fixed electromagnetic sensors on scapula, clavicle, and humerus; surface sternum reference",True,12,Lowering,False,,,,,,,,,,,3.49,,,,nihms-156697.pdf,Table,Subject 3; GH elevation to ST upward-rotation regression-slope ratio; HT phase 90-120 degrees. Ratio stored in Mean because requested schema has no ratio column.
Braman2009,In Vivo Assessment of Scapulohumeral Rhythm During Unconstrained Overhead Reaching in Asymptomatic Subjects,Braman JP; Engel SC; LaPrade RF; Ludewig PM,2009,Table I,Dynamic unconstrained overhead reaching,Self-selected; mean 63.3 degrees anterior to coronal,"Bone-fixed electromagnetic sensors on scapula, clavicle, and humerus; surface sternum reference",True,12,Raising,False,,,,,,,,,,,2.59,,,,nihms-156697.pdf,Table,Subject 4; GH elevation to ST upward-rotation regression-slope ratio; HT phase Min-Max degrees. Ratio stored in Mean because requested schema has no ratio column.
Braman2009,In Vivo Assessment of Scapulohumeral Rhythm During Unconstrained Overhead Reaching in Asymptomatic Subjects,Braman JP; Engel SC; LaPrade RF; Ludewig PM,2009,Table I,Dynamic unconstrained overhead reaching,Self-selected; mean 63.3 degrees anterior to coronal,"Bone-fixed electromagnetic sensors on scapula, clavicle, and humerus; surface sternum reference",True,12,Raising,False,,,,,,,,,,,2.73,,,,nihms-156697.pdf,Table,Subject 4; GH elevation to ST upward-rotation regression-slope ratio; HT phase 30-Max degrees. Ratio stored in Mean because requested schema has no ratio column.
Braman2009,In Vivo Assessment of Scapulohumeral Rhythm During Unconstrained Overhead Reaching in Asymptomatic Subjects,Braman JP; Engel SC; LaPrade RF; Ludewig PM,2009,Table I,Dynamic unconstrained overhead reaching,Self-selected; mean 63.3 degrees anterior to coronal,"Bone-fixed electromagnetic sensors on scapula, clavicle, and humerus; surface sternum reference",True,12,Raising,False,,,,,,,,,,,2.15,,,,nihms-156697.pdf,Table,Subject 4; GH elevation to ST upward-rotation regression-slope ratio; HT phase Min-30 degrees. Ratio stored in Mean because requested schema has no ratio column.
Braman2009,In Vivo Assessment of Scapulohumeral Rhythm During Unconstrained Overhead Reaching in Asymptomatic Subjects,Braman JP; Engel SC; LaPrade RF; Ludewig PM,2009,Table I,Dynamic unconstrained overhead reaching,Self-selected; mean 63.3 degrees anterior to coronal,"Bone-fixed electromagnetic sensors on scapula, clavicle, and humerus; surface sternum reference",True,12,Raising,False,,,,,,,,,,,2.2,,,,nihms-156697.pdf,Table,Subject 4; GH elevation to ST upward-rotation regression-slope ratio; HT phase 30-60 degrees. Ratio stored in Mean because requested schema has no ratio column.
Braman2009,In Vivo Assessment of Scapulohumeral Rhythm During Unconstrained Overhead Reaching in Asymptomatic Subjects,Braman JP; Engel SC; LaPrade RF; Ludewig PM,2009,Table I,Dynamic unconstrained overhead reaching,Self-selected; mean 63.3 degrees anterior to coronal,"Bone-fixed electromagnetic sensors on scapula, clavicle, and humerus; surface sternum reference",True,12,Raising,False,,,,,,,,,,,3.55,,,,nihms-156697.pdf,Table,Subject 4; GH elevation to ST upward-rotation regression-slope ratio; HT phase 60-90 degrees. Ratio stored in Mean because requested schema has no ratio column.
Braman2009,In Vivo Assessment of Scapulohumeral Rhythm During Unconstrained Overhead Reaching in Asymptomatic Subjects,Braman JP; Engel SC; LaPrade RF; Ludewig PM,2009,Table I,Dynamic unconstrained overhead reaching,Self-selected; mean 63.3 degrees anterior to coronal,"Bone-fixed electromagnetic sensors on scapula, clavicle, and humerus; surface sternum reference",True,12,Raising,False,,,,,,,,,,,2.5,,,,nihms-156697.pdf,Table,Subject 4; GH elevation to ST upward-rotation regression-slope ratio; HT phase 90-120 degrees. Ratio stored in Mean because requested schema has no ratio column.
Braman2009,In Vivo Assessment of Scapulohumeral Rhythm During Unconstrained Overhead Reaching in Asymptomatic Subjects,Braman JP; Engel SC; LaPrade RF; Ludewig PM,2009,Table I,Dynamic unconstrained overhead reaching,Self-selected; mean 63.3 degrees anterior to coronal,"Bone-fixed electromagnetic sensors on scapula, clavicle, and humerus; surface sternum reference",True,12,Lowering,False,,,,,,,,,,,2.8,,,,nihms-156697.pdf,Table,Subject 4; GH elevation to ST upward-rotation regression-slope ratio; HT phase Min-Max degrees. Ratio stored in Mean because requested schema has no ratio column.
Braman2009,In Vivo Assessment of Scapulohumeral Rhythm During Unconstrained Overhead Reaching in Asymptomatic Subjects,Braman JP; Engel SC; LaPrade RF; Ludewig PM,2009,Table I,Dynamic unconstrained overhead reaching,Self-selected; mean 63.3 degrees anterior to coronal,"Bone-fixed electromagnetic sensors on scapula, clavicle, and humerus; surface sternum reference",True,12,Lowering,False,,,,,,,,,,,3.14,,,,nihms-156697.pdf,Table,Subject 4; GH elevation to ST upward-rotation regression-slope ratio; HT phase 30-Max degrees. Ratio stored in Mean because requested schema has no ratio column.
Braman2009,In Vivo Assessment of Scapulohumeral Rhythm During Unconstrained Overhead Reaching in Asymptomatic Subjects,Braman JP; Engel SC; LaPrade RF; Ludewig PM,2009,Table I,Dynamic unconstrained overhead reaching,Self-selected; mean 63.3 degrees anterior to coronal,"Bone-fixed electromagnetic sensors on scapula, clavicle, and humerus; surface sternum reference",True,12,Lowering,False,,,,,,,,,,,2.07,,,,nihms-156697.pdf,Table,Subject 4; GH elevation to ST upward-rotation regression-slope ratio; HT phase Min-30 degrees. Ratio stored in Mean because requested schema has no ratio column.
Braman2009,In Vivo Assessment of Scapulohumeral Rhythm During Unconstrained Overhead Reaching in Asymptomatic Subjects,Braman JP; Engel SC; LaPrade RF; Ludewig PM,2009,Table I,Dynamic unconstrained overhead reaching,Self-selected; mean 63.3 degrees anterior to coronal,"Bone-fixed electromagnetic sensors on scapula, clavicle, and humerus; surface sternum reference",True,12,Lowering,False,,,,,,,,,,,2.34,,,,nihms-156697.pdf,Table,Subject 4; GH elevation to ST upward-rotation regression-slope ratio; HT phase 30-60 degrees. Ratio stored in Mean because requested schema has no ratio column.
Braman2009,In Vivo Assessment of Scapulohumeral Rhythm During Unconstrained Overhead Reaching in Asymptomatic Subjects,Braman JP; Engel SC; LaPrade RF; Ludewig PM,2009,Table I,Dynamic unconstrained overhead reaching,Self-selected; mean 63.3 degrees anterior to coronal,"Bone-fixed electromagnetic sensors on scapula, clavicle, and humerus; surface sternum reference",True,12,Lowering,False,,,,,,,,,,,3.05,,,,nihms-156697.pdf,Table,Subject 4; GH elevation to ST upward-rotation regression-slope ratio; HT phase 60-90 degrees. Ratio stored in Mean because requested schema has no ratio column.
Braman2009,In Vivo Assessment of Scapulohumeral Rhythm During Unconstrained Overhead Reaching in Asymptomatic Subjects,Braman JP; Engel SC; LaPrade RF; Ludewig PM,2009,Table I,Dynamic unconstrained overhead reaching,Self-selected; mean 63.3 degrees anterior to coronal,"Bone-fixed electromagnetic sensors on scapula, clavicle, and humerus; surface sternum reference",True,12,Lowering,False,,,,,,,,,,,4.06,,,,nihms-156697.pdf,Table,Subject 4; GH elevation to ST upward-rotation regression-slope ratio; HT phase 90-120 degrees. Ratio stored in Mean because requested schema has no ratio column.
Braman2009,In Vivo Assessment of Scapulohumeral Rhythm During Unconstrained Overhead Reaching in Asymptomatic Subjects,Braman JP; Engel SC; LaPrade RF; Ludewig PM,2009,Table I,Dynamic unconstrained overhead reaching,Self-selected; mean 63.3 degrees anterior to coronal,"Bone-fixed electromagnetic sensors on scapula, clavicle, and humerus; surface sternum reference",True,12,Raising,False,,,,,,,,,,,2.48,,,,nihms-156697.pdf,Table,Subject 5; GH elevation to ST upward-rotation regression-slope ratio; HT phase Min-Max degrees. Ratio stored in Mean because requested schema has no ratio column.
Braman2009,In Vivo Assessment of Scapulohumeral Rhythm During Unconstrained Overhead Reaching in Asymptomatic Subjects,Braman JP; Engel SC; LaPrade RF; Ludewig PM,2009,Table I,Dynamic unconstrained overhead reaching,Self-selected; mean 63.3 degrees anterior to coronal,"Bone-fixed electromagnetic sensors on scapula, clavicle, and humerus; surface sternum reference",True,12,Raising,False,,,,,,,,,,,2.74,,,,nihms-156697.pdf,Table,Subject 5; GH elevation to ST upward-rotation regression-slope ratio; HT phase 30-Max degrees. Ratio stored in Mean because requested schema has no ratio column.
Braman2009,In Vivo Assessment of Scapulohumeral Rhythm During Unconstrained Overhead Reaching in Asymptomatic Subjects,Braman JP; Engel SC; LaPrade RF; Ludewig PM,2009,Table I,Dynamic unconstrained overhead reaching,Self-selected; mean 63.3 degrees anterior to coronal,"Bone-fixed electromagnetic sensors on scapula, clavicle, and humerus; surface sternum reference",True,12,Raising,False,,,,,,,,,,,1.59,,,,nihms-156697.pdf,Table,Subject 5; GH elevation to ST upward-rotation regression-slope ratio; HT phase Min-30 degrees. Ratio stored in Mean because requested schema has no ratio column.
Braman2009,In Vivo Assessment of Scapulohumeral Rhythm During Unconstrained Overhead Reaching in Asymptomatic Subjects,Braman JP; Engel SC; LaPrade RF; Ludewig PM,2009,Table I,Dynamic unconstrained overhead reaching,Self-selected; mean 63.3 degrees anterior to coronal,"Bone-fixed electromagnetic sensors on scapula, clavicle, and humerus; surface sternum reference",True,12,Raising,False,,,,,,,,,,,2.1,,,,nihms-156697.pdf,Table,Subject 5; GH elevation to ST upward-rotation regression-slope ratio; HT phase 30-60 degrees. Ratio stored in Mean because requested schema has no ratio column.
Braman2009,In Vivo Assessment of Scapulohumeral Rhythm During Unconstrained Overhead Reaching in Asymptomatic Subjects,Braman JP; Engel SC; LaPrade RF; Ludewig PM,2009,Table I,Dynamic unconstrained overhead reaching,Self-selected; mean 63.3 degrees anterior to coronal,"Bone-fixed electromagnetic sensors on scapula, clavicle, and humerus; surface sternum reference",True,12,Raising,False,,,,,,,,,,,2.75,,,,nihms-156697.pdf,Table,Subject 5; GH elevation to ST upward-rotation regression-slope ratio; HT phase 60-90 degrees. Ratio stored in Mean because requested schema has no ratio column.
Braman2009,In Vivo Assessment of Scapulohumeral Rhythm During Unconstrained Overhead Reaching in Asymptomatic Subjects,Braman JP; Engel SC; LaPrade RF; Ludewig PM,2009,Table I,Dynamic unconstrained overhead reaching,Self-selected; mean 63.3 degrees anterior to coronal,"Bone-fixed electromagnetic sensors on scapula, clavicle, and humerus; surface sternum reference",True,12,Raising,False,,,,,,,,,,,2.68,,,,nihms-156697.pdf,Table,Subject 5; GH elevation to ST upward-rotation regression-slope ratio; HT phase 90-120 degrees. Ratio stored in Mean because requested schema has no ratio column.
Braman2009,In Vivo Assessment of Scapulohumeral Rhythm During Unconstrained Overhead Reaching in Asymptomatic Subjects,Braman JP; Engel SC; LaPrade RF; Ludewig PM,2009,Table I,Dynamic unconstrained overhead reaching,Self-selected; mean 63.3 degrees anterior to coronal,"Bone-fixed electromagnetic sensors on scapula, clavicle, and humerus; surface sternum reference",True,12,Lowering,False,,,,,,,,,,,2.48,,,,nihms-156697.pdf,Table,Subject 5; GH elevation to ST upward-rotation regression-slope ratio; HT phase Min-Max degrees. Ratio stored in Mean because requested schema has no ratio column.
Braman2009,In Vivo Assessment of Scapulohumeral Rhythm During Unconstrained Overhead Reaching in Asymptomatic Subjects,Braman JP; Engel SC; LaPrade RF; Ludewig PM,2009,Table I,Dynamic unconstrained overhead reaching,Self-selected; mean 63.3 degrees anterior to coronal,"Bone-fixed electromagnetic sensors on scapula, clavicle, and humerus; surface sternum reference",True,12,Lowering,False,,,,,,,,,,,3.44,,,,nihms-156697.pdf,Table,Subject 5; GH elevation to ST upward-rotation regression-slope ratio; HT phase 30-Max degrees. Ratio stored in Mean because requested schema has no ratio column.
Braman2009,In Vivo Assessment of Scapulohumeral Rhythm During Unconstrained Overhead Reaching in Asymptomatic Subjects,Braman JP; Engel SC; LaPrade RF; Ludewig PM,2009,Table I,Dynamic unconstrained overhead reaching,Self-selected; mean 63.3 degrees anterior to coronal,"Bone-fixed electromagnetic sensors on scapula, clavicle, and humerus; surface sternum reference",True,12,Lowering,False,,,,,,,,,,,0.96,,,,nihms-156697.pdf,Table,Subject 5; GH elevation to ST upward-rotation regression-slope ratio; HT phase Min-30 degrees. Ratio stored in Mean because requested schema has no ratio column.
Braman2009,In Vivo Assessment of Scapulohumeral Rhythm During Unconstrained Overhead Reaching in Asymptomatic Subjects,Braman JP; Engel SC; LaPrade RF; Ludewig PM,2009,Table I,Dynamic unconstrained overhead reaching,Self-selected; mean 63.3 degrees anterior to coronal,"Bone-fixed electromagnetic sensors on scapula, clavicle, and humerus; surface sternum reference",True,12,Lowering,False,,,,,,,,,,,2.4,,,,nihms-156697.pdf,Table,Subject 5; GH elevation to ST upward-rotation regression-slope ratio; HT phase 30-60 degrees. Ratio stored in Mean because requested schema has no ratio column.
Braman2009,In Vivo Assessment of Scapulohumeral Rhythm During Unconstrained Overhead Reaching in Asymptomatic Subjects,Braman JP; Engel SC; LaPrade RF; Ludewig PM,2009,Table I,Dynamic unconstrained overhead reaching,Self-selected; mean 63.3 degrees anterior to coronal,"Bone-fixed electromagnetic sensors on scapula, clavicle, and humerus; surface sternum reference",True,12,Lowering,False,,,,,,,,,,,3.27,,,,nihms-156697.pdf,Table,Subject 5; GH elevation to ST upward-rotation regression-slope ratio; HT phase 60-90 degrees. Ratio stored in Mean because requested schema has no ratio column.
Braman2009,In Vivo Assessment of Scapulohumeral Rhythm During Unconstrained Overhead Reaching in Asymptomatic Subjects,Braman JP; Engel SC; LaPrade RF; Ludewig PM,2009,Table I,Dynamic unconstrained overhead reaching,Self-selected; mean 63.3 degrees anterior to coronal,"Bone-fixed electromagnetic sensors on scapula, clavicle, and humerus; surface sternum reference",True,12,Lowering,False,,,,,,,,,,,6.28,,,,nihms-156697.pdf,Table,Subject 5; GH elevation to ST upward-rotation regression-slope ratio; HT phase 90-120 degrees. Ratio stored in Mean because requested schema has no ratio column.
Braman2009,In Vivo Assessment of Scapulohumeral Rhythm During Unconstrained Overhead Reaching in Asymptomatic Subjects,Braman JP; Engel SC; LaPrade RF; Ludewig PM,2009,Table I,Dynamic unconstrained overhead reaching,Self-selected; mean 63.3 degrees anterior to coronal,"Bone-fixed electromagnetic sensors on scapula, clavicle, and humerus; surface sternum reference",True,12,Raising,False,,,,,,,,,,,1.65,,,,nihms-156697.pdf,Table,Subject 6; GH elevation to ST upward-rotation regression-slope ratio; HT phase Min-Max degrees. Ratio stored in Mean because requested schema has no ratio column.
Braman2009,In Vivo Assessment of Scapulohumeral Rhythm During Unconstrained Overhead Reaching in Asymptomatic Subjects,Braman JP; Engel SC; LaPrade RF; Ludewig PM,2009,Table I,Dynamic unconstrained overhead reaching,Self-selected; mean 63.3 degrees anterior to coronal,"Bone-fixed electromagnetic sensors on scapula, clavicle, and humerus; surface sternum reference",True,12,Raising,False,,,,,,,,,,,1.48,,,,nihms-156697.pdf,Table,Subject 6; GH elevation to ST upward-rotation regression-slope ratio; HT phase 30-Max degrees. Ratio stored in Mean because requested schema has no ratio column.
Braman2009,In Vivo Assessment of Scapulohumeral Rhythm During Unconstrained Overhead Reaching in Asymptomatic Subjects,Braman JP; Engel SC; LaPrade RF; Ludewig PM,2009,Table I,Dynamic unconstrained overhead reaching,Self-selected; mean 63.3 degrees anterior to coronal,"Bone-fixed electromagnetic sensors on scapula, clavicle, and humerus; surface sternum reference",True,12,Raising,False,,,,,,,,,,,5.07,,,,nihms-156697.pdf,Table,Subject 6; GH elevation to ST upward-rotation regression-slope ratio; HT phase Min-30 degrees. Ratio stored in Mean because requested schema has no ratio column.
Braman2009,In Vivo Assessment of Scapulohumeral Rhythm During Unconstrained Overhead Reaching in Asymptomatic Subjects,Braman JP; Engel SC; LaPrade RF; Ludewig PM,2009,Table I,Dynamic unconstrained overhead reaching,Self-selected; mean 63.3 degrees anterior to coronal,"Bone-fixed electromagnetic sensors on scapula, clavicle, and humerus; surface sternum reference",True,12,Raising,False,,,,,,,,,,,2.22,,,,nihms-156697.pdf,Table,Subject 6; GH elevation to ST upward-rotation regression-slope ratio; HT phase 30-60 degrees. Ratio stored in Mean because requested schema has no ratio column.
Braman2009,In Vivo Assessment of Scapulohumeral Rhythm During Unconstrained Overhead Reaching in Asymptomatic Subjects,Braman JP; Engel SC; LaPrade RF; Ludewig PM,2009,Table I,Dynamic unconstrained overhead reaching,Self-selected; mean 63.3 degrees anterior to coronal,"Bone-fixed electromagnetic sensors on scapula, clavicle, and humerus; surface sternum reference",True,12,Raising,False,,,,,,,,,,,1.6,,,,nihms-156697.pdf,Table,Subject 6; GH elevation to ST upward-rotation regression-slope ratio; HT phase 60-90 degrees. Ratio stored in Mean because requested schema has no ratio column.
Braman2009,In Vivo Assessment of Scapulohumeral Rhythm During Unconstrained Overhead Reaching in Asymptomatic Subjects,Braman JP; Engel SC; LaPrade RF; Ludewig PM,2009,Table I,Dynamic unconstrained overhead reaching,Self-selected; mean 63.3 degrees anterior to coronal,"Bone-fixed electromagnetic sensors on scapula, clavicle, and humerus; surface sternum reference",True,12,Raising,False,,,,,,,,,,,1.04,,,,nihms-156697.pdf,Table,Subject 6; GH elevation to ST upward-rotation regression-slope ratio; HT phase 90-120 degrees. Ratio stored in Mean because requested schema has no ratio column.
Braman2009,In Vivo Assessment of Scapulohumeral Rhythm During Unconstrained Overhead Reaching in Asymptomatic Subjects,Braman JP; Engel SC; LaPrade RF; Ludewig PM,2009,Table I,Dynamic unconstrained overhead reaching,Self-selected; mean 63.3 degrees anterior to coronal,"Bone-fixed electromagnetic sensors on scapula, clavicle, and humerus; surface sternum reference",True,12,Lowering,False,,,,,,,,,,,1.43,,,,nihms-156697.pdf,Table,Subject 6; GH elevation to ST upward-rotation regression-slope ratio; HT phase Min-Max degrees. Ratio stored in Mean because requested schema has no ratio column.
Braman2009,In Vivo Assessment of Scapulohumeral Rhythm During Unconstrained Overhead Reaching in Asymptomatic Subjects,Braman JP; Engel SC; LaPrade RF; Ludewig PM,2009,Table I,Dynamic unconstrained overhead reaching,Self-selected; mean 63.3 degrees anterior to coronal,"Bone-fixed electromagnetic sensors on scapula, clavicle, and humerus; surface sternum reference",True,12,Lowering,False,,,,,,,,,,,1,,,,nihms-156697.pdf,Table,Subject 6; GH elevation to ST upward-rotation regression-slope ratio; HT phase 30-Max degrees. Ratio stored in Mean because requested schema has no ratio column.
Braman2009,In Vivo Assessment of Scapulohumeral Rhythm During Unconstrained Overhead Reaching in Asymptomatic Subjects,Braman JP; Engel SC; LaPrade RF; Ludewig PM,2009,Table I,Dynamic unconstrained overhead reaching,Self-selected; mean 63.3 degrees anterior to coronal,"Bone-fixed electromagnetic sensors on scapula, clavicle, and humerus; surface sternum reference",True,12,Lowering,False,,,,,,,,,,,2.02,,,,nihms-156697.pdf,Table,Subject 6; GH elevation to ST upward-rotation regression-slope ratio; HT phase Min-30 degrees. Ratio stored in Mean because requested schema has no ratio column.
Braman2009,In Vivo Assessment of Scapulohumeral Rhythm During Unconstrained Overhead Reaching in Asymptomatic Subjects,Braman JP; Engel SC; LaPrade RF; Ludewig PM,2009,Table I,Dynamic unconstrained overhead reaching,Self-selected; mean 63.3 degrees anterior to coronal,"Bone-fixed electromagnetic sensors on scapula, clavicle, and humerus; surface sternum reference",True,12,Lowering,False,,,,,,,,,,,1.6,,,,nihms-156697.pdf,Table,Subject 6; GH elevation to ST upward-rotation regression-slope ratio; HT phase 30-60 degrees. Ratio stored in Mean because requested schema has no ratio column.
Braman2009,In Vivo Assessment of Scapulohumeral Rhythm During Unconstrained Overhead Reaching in Asymptomatic Subjects,Braman JP; Engel SC; LaPrade RF; Ludewig PM,2009,Table I,Dynamic unconstrained overhead reaching,Self-selected; mean 63.3 degrees anterior to coronal,"Bone-fixed electromagnetic sensors on scapula, clavicle, and humerus; surface sternum reference",True,12,Lowering,False,,,,,,,,,,,0.61,,,,nihms-156697.pdf,Table,Subject 6; GH elevation to ST upward-rotation regression-slope ratio; HT phase 60-90 degrees. Ratio stored in Mean because requested schema has no ratio column.
Braman2009,In Vivo Assessment of Scapulohumeral Rhythm During Unconstrained Overhead Reaching in Asymptomatic Subjects,Braman JP; Engel SC; LaPrade RF; Ludewig PM,2009,Table I,Dynamic unconstrained overhead reaching,Self-selected; mean 63.3 degrees anterior to coronal,"Bone-fixed electromagnetic sensors on scapula, clavicle, and humerus; surface sternum reference",True,12,Lowering,False,,,,,,,,,,,1.75,,,,nihms-156697.pdf,Table,Subject 6; GH elevation to ST upward-rotation regression-slope ratio; HT phase 90-120 degrees. Ratio stored in Mean because requested schema has no ratio column.
Braman2009,In Vivo Assessment of Scapulohumeral Rhythm During Unconstrained Overhead Reaching in Asymptomatic Subjects,Braman JP; Engel SC; LaPrade RF; Ludewig PM,2009,Table I,Dynamic unconstrained overhead reaching,Self-selected; mean 63.3 degrees anterior to coronal,"Bone-fixed electromagnetic sensors on scapula, clavicle, and humerus; surface sternum reference",True,12,Raising,False,,,,,,,,,,,3.36,,,,nihms-156697.pdf,Table,Subject 7; GH elevation to ST upward-rotation regression-slope ratio; HT phase Min-Max degrees. Ratio stored in Mean because requested schema has no ratio column.
Braman2009,In Vivo Assessment of Scapulohumeral Rhythm During Unconstrained Overhead Reaching in Asymptomatic Subjects,Braman JP; Engel SC; LaPrade RF; Ludewig PM,2009,Table I,Dynamic unconstrained overhead reaching,Self-selected; mean 63.3 degrees anterior to coronal,"Bone-fixed electromagnetic sensors on scapula, clavicle, and humerus; surface sternum reference",True,12,Raising,False,,,,,,,,,,,3.27,,,,nihms-156697.pdf,Table,Subject 7; GH elevation to ST upward-rotation regression-slope ratio; HT phase 30-Max degrees. Ratio stored in Mean because requested schema has no ratio column.
Braman2009,In Vivo Assessment of Scapulohumeral Rhythm During Unconstrained Overhead Reaching in Asymptomatic Subjects,Braman JP; Engel SC; LaPrade RF; Ludewig PM,2009,Table I,Dynamic unconstrained overhead reaching,Self-selected; mean 63.3 degrees anterior to coronal,"Bone-fixed electromagnetic sensors on scapula, clavicle, and humerus; surface sternum reference",True,12,Raising,False,,,,,,,,,,,3.86,,,,nihms-156697.pdf,Table,Subject 7; GH elevation to ST upward-rotation regression-slope ratio; HT phase Min-30 degrees. Ratio stored in Mean because requested schema has no ratio column.
Braman2009,In Vivo Assessment of Scapulohumeral Rhythm During Unconstrained Overhead Reaching in Asymptomatic Subjects,Braman JP; Engel SC; LaPrade RF; Ludewig PM,2009,Table I,Dynamic unconstrained overhead reaching,Self-selected; mean 63.3 degrees anterior to coronal,"Bone-fixed electromagnetic sensors on scapula, clavicle, and humerus; surface sternum reference",True,12,Raising,False,,,,,,,,,,,3.44,,,,nihms-156697.pdf,Table,Subject 7; GH elevation to ST upward-rotation regression-slope ratio; HT phase 30-60 degrees. Ratio stored in Mean because requested schema has no ratio column.
Braman2009,In Vivo Assessment of Scapulohumeral Rhythm During Unconstrained Overhead Reaching in Asymptomatic Subjects,Braman JP; Engel SC; LaPrade RF; Ludewig PM,2009,Table I,Dynamic unconstrained overhead reaching,Self-selected; mean 63.3 degrees anterior to coronal,"Bone-fixed electromagnetic sensors on scapula, clavicle, and humerus; surface sternum reference",True,12,Raising,False,,,,,,,,,,,3.94,,,,nihms-156697.pdf,Table,Subject 7; GH elevation to ST upward-rotation regression-slope ratio; HT phase 60-90 degrees. Ratio stored in Mean because requested schema has no ratio column.
Braman2009,In Vivo Assessment of Scapulohumeral Rhythm During Unconstrained Overhead Reaching in Asymptomatic Subjects,Braman JP; Engel SC; LaPrade RF; Ludewig PM,2009,Table I,Dynamic unconstrained overhead reaching,Self-selected; mean 63.3 degrees anterior to coronal,"Bone-fixed electromagnetic sensors on scapula, clavicle, and humerus; surface sternum reference",True,12,Raising,False,,,,,,,,,,,2.64,,,,nihms-156697.pdf,Table,Subject 7; GH elevation to ST upward-rotation regression-slope ratio; HT phase 90-120 degrees. Ratio stored in Mean because requested schema has no ratio column.
Braman2009,In Vivo Assessment of Scapulohumeral Rhythm During Unconstrained Overhead Reaching in Asymptomatic Subjects,Braman JP; Engel SC; LaPrade RF; Ludewig PM,2009,Table I,Dynamic unconstrained overhead reaching,Self-selected; mean 63.3 degrees anterior to coronal,"Bone-fixed electromagnetic sensors on scapula, clavicle, and humerus; surface sternum reference",True,12,Lowering,False,,,,,,,,,,,3.88,,,,nihms-156697.pdf,Table,Subject 7; GH elevation to ST upward-rotation regression-slope ratio; HT phase Min-Max degrees. Ratio stored in Mean because requested schema has no ratio column.
Braman2009,In Vivo Assessment of Scapulohumeral Rhythm During Unconstrained Overhead Reaching in Asymptomatic Subjects,Braman JP; Engel SC; LaPrade RF; Ludewig PM,2009,Table I,Dynamic unconstrained overhead reaching,Self-selected; mean 63.3 degrees anterior to coronal,"Bone-fixed electromagnetic sensors on scapula, clavicle, and humerus; surface sternum reference",True,12,Lowering,False,,,,,,,,,,,3.65,,,,nihms-156697.pdf,Table,Subject 7; GH elevation to ST upward-rotation regression-slope ratio; HT phase 30-Max degrees. Ratio stored in Mean because requested schema has no ratio column.
Braman2009,In Vivo Assessment of Scapulohumeral Rhythm During Unconstrained Overhead Reaching in Asymptomatic Subjects,Braman JP; Engel SC; LaPrade RF; Ludewig PM,2009,Table I,Dynamic unconstrained overhead reaching,Self-selected; mean 63.3 degrees anterior to coronal,"Bone-fixed electromagnetic sensors on scapula, clavicle, and humerus; surface sternum reference",True,12,Lowering,False,,,,,,,,,,,3.35,,,,nihms-156697.pdf,Table,Subject 7; GH elevation to ST upward-rotation regression-slope ratio; HT phase Min-30 degrees. Ratio stored in Mean because requested schema has no ratio column.
Braman2009,In Vivo Assessment of Scapulohumeral Rhythm During Unconstrained Overhead Reaching in Asymptomatic Subjects,Braman JP; Engel SC; LaPrade RF; Ludewig PM,2009,Table I,Dynamic unconstrained overhead reaching,Self-selected; mean 63.3 degrees anterior to coronal,"Bone-fixed electromagnetic sensors on scapula, clavicle, and humerus; surface sternum reference",True,12,Lowering,False,,,,,,,,,,,4.02,,,,nihms-156697.pdf,Table,Subject 7; GH elevation to ST upward-rotation regression-slope ratio; HT phase 30-60 degrees. Ratio stored in Mean because requested schema has no ratio column.
Braman2009,In Vivo Assessment of Scapulohumeral Rhythm During Unconstrained Overhead Reaching in Asymptomatic Subjects,Braman JP; Engel SC; LaPrade RF; Ludewig PM,2009,Table I,Dynamic unconstrained overhead reaching,Self-selected; mean 63.3 degrees anterior to coronal,"Bone-fixed electromagnetic sensors on scapula, clavicle, and humerus; surface sternum reference",True,12,Lowering,False,,,,,,,,,,,3.13,,,,nihms-156697.pdf,Table,Subject 7; GH elevation to ST upward-rotation regression-slope ratio; HT phase 60-90 degrees. Ratio stored in Mean because requested schema has no ratio column.
Braman2009,In Vivo Assessment of Scapulohumeral Rhythm During Unconstrained Overhead Reaching in Asymptomatic Subjects,Braman JP; Engel SC; LaPrade RF; Ludewig PM,2009,Table I,Dynamic unconstrained overhead reaching,Self-selected; mean 63.3 degrees anterior to coronal,"Bone-fixed electromagnetic sensors on scapula, clavicle, and humerus; surface sternum reference",True,12,Lowering,False,,,,,,,,,,,4.23,,,,nihms-156697.pdf,Table,Subject 7; GH elevation to ST upward-rotation regression-slope ratio; HT phase 90-120 degrees. Ratio stored in Mean because requested schema has no ratio column.
Braman2009,In Vivo Assessment of Scapulohumeral Rhythm During Unconstrained Overhead Reaching in Asymptomatic Subjects,Braman JP; Engel SC; LaPrade RF; Ludewig PM,2009,Table I,Dynamic unconstrained overhead reaching,Self-selected; mean 63.3 degrees anterior to coronal,"Bone-fixed electromagnetic sensors on scapula, clavicle, and humerus; surface sternum reference",True,12,Raising,False,,,,,,,,,,,2.27,,,,nihms-156697.pdf,Table,Subject 8; GH elevation to ST upward-rotation regression-slope ratio; HT phase Min-Max degrees. Ratio stored in Mean because requested schema has no ratio column.
Braman2009,In Vivo Assessment of Scapulohumeral Rhythm During Unconstrained Overhead Reaching in Asymptomatic Subjects,Braman JP; Engel SC; LaPrade RF; Ludewig PM,2009,Table I,Dynamic unconstrained overhead reaching,Self-selected; mean 63.3 degrees anterior to coronal,"Bone-fixed electromagnetic sensors on scapula, clavicle, and humerus; surface sternum reference",True,12,Raising,False,,,,,,,,,,,1.81,,,,nihms-156697.pdf,Table,Subject 8; GH elevation to ST upward-rotation regression-slope ratio; HT phase 30-Max degrees. Ratio stored in Mean because requested schema has no ratio column.
Braman2009,In Vivo Assessment of Scapulohumeral Rhythm During Unconstrained Overhead Reaching in Asymptomatic Subjects,Braman JP; Engel SC; LaPrade RF; Ludewig PM,2009,Table I,Dynamic unconstrained overhead reaching,Self-selected; mean 63.3 degrees anterior to coronal,"Bone-fixed electromagnetic sensors on scapula, clavicle, and humerus; surface sternum reference",True,12,Raising,False,,,,,,,,,,,7.89,,,,nihms-156697.pdf,Table,Subject 8; GH elevation to ST upward-rotation regression-slope ratio; HT phase Min-30 degrees. Ratio stored in Mean because requested schema has no ratio column.
Braman2009,In Vivo Assessment of Scapulohumeral Rhythm During Unconstrained Overhead Reaching in Asymptomatic Subjects,Braman JP; Engel SC; LaPrade RF; Ludewig PM,2009,Table I,Dynamic unconstrained overhead reaching,Self-selected; mean 63.3 degrees anterior to coronal,"Bone-fixed electromagnetic sensors on scapula, clavicle, and humerus; surface sternum reference",True,12,Raising,False,,,,,,,,,,,4.16,,,,nihms-156697.pdf,Table,Subject 8; GH elevation to ST upward-rotation regression-slope ratio; HT phase 30-60 degrees. Ratio stored in Mean because requested schema has no ratio column.
Braman2009,In Vivo Assessment of Scapulohumeral Rhythm During Unconstrained Overhead Reaching in Asymptomatic Subjects,Braman JP; Engel SC; LaPrade RF; Ludewig PM,2009,Table I,Dynamic unconstrained overhead reaching,Self-selected; mean 63.3 degrees anterior to coronal,"Bone-fixed electromagnetic sensors on scapula, clavicle, and humerus; surface sternum reference",True,12,Raising,False,,,,,,,,,,,3.37,,,,nihms-156697.pdf,Table,Subject 8; GH elevation to ST upward-rotation regression-slope ratio; HT phase 60-90 degrees. Ratio stored in Mean because requested schema has no ratio column.
Braman2009,In Vivo Assessment of Scapulohumeral Rhythm During Unconstrained Overhead Reaching in Asymptomatic Subjects,Braman JP; Engel SC; LaPrade RF; Ludewig PM,2009,Table I,Dynamic unconstrained overhead reaching,Self-selected; mean 63.3 degrees anterior to coronal,"Bone-fixed electromagnetic sensors on scapula, clavicle, and humerus; surface sternum reference",True,12,Raising,False,,,,,,,,,,,1.43,,,,nihms-156697.pdf,Table,Subject 8; GH elevation to ST upward-rotation regression-slope ratio; HT phase 90-120 degrees. Ratio stored in Mean because requested schema has no ratio column.
Braman2009,In Vivo Assessment of Scapulohumeral Rhythm During Unconstrained Overhead Reaching in Asymptomatic Subjects,Braman JP; Engel SC; LaPrade RF; Ludewig PM,2009,Table I,Dynamic unconstrained overhead reaching,Self-selected; mean 63.3 degrees anterior to coronal,"Bone-fixed electromagnetic sensors on scapula, clavicle, and humerus; surface sternum reference",True,12,Lowering,False,,,,,,,,,,,2.42,,,,nihms-156697.pdf,Table,Subject 8; GH elevation to ST upward-rotation regression-slope ratio; HT phase Min-Max degrees. Ratio stored in Mean because requested schema has no ratio column.
Braman2009,In Vivo Assessment of Scapulohumeral Rhythm During Unconstrained Overhead Reaching in Asymptomatic Subjects,Braman JP; Engel SC; LaPrade RF; Ludewig PM,2009,Table I,Dynamic unconstrained overhead reaching,Self-selected; mean 63.3 degrees anterior to coronal,"Bone-fixed electromagnetic sensors on scapula, clavicle, and humerus; surface sternum reference",True,12,Lowering,False,,,,,,,,,,,1.89,,,,nihms-156697.pdf,Table,Subject 8; GH elevation to ST upward-rotation regression-slope ratio; HT phase 30-Max degrees. Ratio stored in Mean because requested schema has no ratio column.
Braman2009,In Vivo Assessment of Scapulohumeral Rhythm During Unconstrained Overhead Reaching in Asymptomatic Subjects,Braman JP; Engel SC; LaPrade RF; Ludewig PM,2009,Table I,Dynamic unconstrained overhead reaching,Self-selected; mean 63.3 degrees anterior to coronal,"Bone-fixed electromagnetic sensors on scapula, clavicle, and humerus; surface sternum reference",True,12,Lowering,False,,,,,,,,,,,5.43,,,,nihms-156697.pdf,Table,Subject 8; GH elevation to ST upward-rotation regression-slope ratio; HT phase Min-30 degrees. Ratio stored in Mean because requested schema has no ratio column.
Braman2009,In Vivo Assessment of Scapulohumeral Rhythm During Unconstrained Overhead Reaching in Asymptomatic Subjects,Braman JP; Engel SC; LaPrade RF; Ludewig PM,2009,Table I,Dynamic unconstrained overhead reaching,Self-selected; mean 63.3 degrees anterior to coronal,"Bone-fixed electromagnetic sensors on scapula, clavicle, and humerus; surface sternum reference",True,12,Lowering,False,,,,,,,,,,,3.32,,,,nihms-156697.pdf,Table,Subject 8; GH elevation to ST upward-rotation regression-slope ratio; HT phase 30-60 degrees. Ratio stored in Mean because requested schema has no ratio column.
Braman2009,In Vivo Assessment of Scapulohumeral Rhythm During Unconstrained Overhead Reaching in Asymptomatic Subjects,Braman JP; Engel SC; LaPrade RF; Ludewig PM,2009,Table I,Dynamic unconstrained overhead reaching,Self-selected; mean 63.3 degrees anterior to coronal,"Bone-fixed electromagnetic sensors on scapula, clavicle, and humerus; surface sternum reference",True,12,Lowering,False,,,,,,,,,,,1.83,,,,nihms-156697.pdf,Table,Subject 8; GH elevation to ST upward-rotation regression-slope ratio; HT phase 60-90 degrees. Ratio stored in Mean because requested schema has no ratio column.
Braman2009,In Vivo Assessment of Scapulohumeral Rhythm During Unconstrained Overhead Reaching in Asymptomatic Subjects,Braman JP; Engel SC; LaPrade RF; Ludewig PM,2009,Table I,Dynamic unconstrained overhead reaching,Self-selected; mean 63.3 degrees anterior to coronal,"Bone-fixed electromagnetic sensors on scapula, clavicle, and humerus; surface sternum reference",True,12,Lowering,False,,,,,,,,,,,1.61,,,,nihms-156697.pdf,Table,Subject 8; GH elevation to ST upward-rotation regression-slope ratio; HT phase 90-120 degrees. Ratio stored in Mean because requested schema has no ratio column.
Braman2009,In Vivo Assessment of Scapulohumeral Rhythm During Unconstrained Overhead Reaching in Asymptomatic Subjects,Braman JP; Engel SC; LaPrade RF; Ludewig PM,2009,Table I,Dynamic unconstrained overhead reaching,Self-selected; mean 63.3 degrees anterior to coronal,"Bone-fixed electromagnetic sensors on scapula, clavicle, and humerus; surface sternum reference",True,12,Raising,False,,,,,,,,,,,2.42,,,,nihms-156697.pdf,Table,Subject 9; GH elevation to ST upward-rotation regression-slope ratio; HT phase Min-Max degrees. Ratio stored in Mean because requested schema has no ratio column.
Braman2009,In Vivo Assessment of Scapulohumeral Rhythm During Unconstrained Overhead Reaching in Asymptomatic Subjects,Braman JP; Engel SC; LaPrade RF; Ludewig PM,2009,Table I,Dynamic unconstrained overhead reaching,Self-selected; mean 63.3 degrees anterior to coronal,"Bone-fixed electromagnetic sensors on scapula, clavicle, and humerus; surface sternum reference",True,12,Raising,False,,,,,,,,,,,2.3,,,,nihms-156697.pdf,Table,Subject 9; GH elevation to ST upward-rotation regression-slope ratio; HT phase 30-Max degrees. Ratio stored in Mean because requested schema has no ratio column.
Braman2009,In Vivo Assessment of Scapulohumeral Rhythm During Unconstrained Overhead Reaching in Asymptomatic Subjects,Braman JP; Engel SC; LaPrade RF; Ludewig PM,2009,Table I,Dynamic unconstrained overhead reaching,Self-selected; mean 63.3 degrees anterior to coronal,"Bone-fixed electromagnetic sensors on scapula, clavicle, and humerus; surface sternum reference",True,12,Raising,False,,,,,,,,,,,4.85,,,,nihms-156697.pdf,Table,Subject 9; GH elevation to ST upward-rotation regression-slope ratio; HT phase Min-30 degrees. Ratio stored in Mean because requested schema has no ratio column.
Braman2009,In Vivo Assessment of Scapulohumeral Rhythm During Unconstrained Overhead Reaching in Asymptomatic Subjects,Braman JP; Engel SC; LaPrade RF; Ludewig PM,2009,Table I,Dynamic unconstrained overhead reaching,Self-selected; mean 63.3 degrees anterior to coronal,"Bone-fixed electromagnetic sensors on scapula, clavicle, and humerus; surface sternum reference",True,12,Raising,False,,,,,,,,,,,2.51,,,,nihms-156697.pdf,Table,Subject 9; GH elevation to ST upward-rotation regression-slope ratio; HT phase 30-60 degrees. Ratio stored in Mean because requested schema has no ratio column.
Braman2009,In Vivo Assessment of Scapulohumeral Rhythm During Unconstrained Overhead Reaching in Asymptomatic Subjects,Braman JP; Engel SC; LaPrade RF; Ludewig PM,2009,Table I,Dynamic unconstrained overhead reaching,Self-selected; mean 63.3 degrees anterior to coronal,"Bone-fixed electromagnetic sensors on scapula, clavicle, and humerus; surface sternum reference",True,12,Raising,False,,,,,,,,,,,2.53,,,,nihms-156697.pdf,Table,Subject 9; GH elevation to ST upward-rotation regression-slope ratio; HT phase 60-90 degrees. Ratio stored in Mean because requested schema has no ratio column.
Braman2009,In Vivo Assessment of Scapulohumeral Rhythm During Unconstrained Overhead Reaching in Asymptomatic Subjects,Braman JP; Engel SC; LaPrade RF; Ludewig PM,2009,Table I,Dynamic unconstrained overhead reaching,Self-selected; mean 63.3 degrees anterior to coronal,"Bone-fixed electromagnetic sensors on scapula, clavicle, and humerus; surface sternum reference",True,12,Raising,False,,,,,,,,,,,3,,,,nihms-156697.pdf,Table,Subject 9; GH elevation to ST upward-rotation regression-slope ratio; HT phase 90-120 degrees. Ratio stored in Mean because requested schema has no ratio column.
Braman2009,In Vivo Assessment of Scapulohumeral Rhythm During Unconstrained Overhead Reaching in Asymptomatic Subjects,Braman JP; Engel SC; LaPrade RF; Ludewig PM,2009,Table I,Dynamic unconstrained overhead reaching,Self-selected; mean 63.3 degrees anterior to coronal,"Bone-fixed electromagnetic sensors on scapula, clavicle, and humerus; surface sternum reference",True,12,Lowering,False,,,,,,,,,,,3.36,,,,nihms-156697.pdf,Table,Subject 9; GH elevation to ST upward-rotation regression-slope ratio; HT phase Min-Max degrees. Ratio stored in Mean because requested schema has no ratio column.
Braman2009,In Vivo Assessment of Scapulohumeral Rhythm During Unconstrained Overhead Reaching in Asymptomatic Subjects,Braman JP; Engel SC; LaPrade RF; Ludewig PM,2009,Table I,Dynamic unconstrained overhead reaching,Self-selected; mean 63.3 degrees anterior to coronal,"Bone-fixed electromagnetic sensors on scapula, clavicle, and humerus; surface sternum reference",True,12,Lowering,False,,,,,,,,,,,3.87,,,,nihms-156697.pdf,Table,Subject 9; GH elevation to ST upward-rotation regression-slope ratio; HT phase 30-Max degrees. Ratio stored in Mean because requested schema has no ratio column.
Braman2009,In Vivo Assessment of Scapulohumeral Rhythm During Unconstrained Overhead Reaching in Asymptomatic Subjects,Braman JP; Engel SC; LaPrade RF; Ludewig PM,2009,Table I,Dynamic unconstrained overhead reaching,Self-selected; mean 63.3 degrees anterior to coronal,"Bone-fixed electromagnetic sensors on scapula, clavicle, and humerus; surface sternum reference",True,12,Lowering,False,,,,,,,,,,,0.69,,,,nihms-156697.pdf,Table,Subject 9; GH elevation to ST upward-rotation regression-slope ratio; HT phase Min-30 degrees. Ratio stored in Mean because requested schema has no ratio column.
Braman2009,In Vivo Assessment of Scapulohumeral Rhythm During Unconstrained Overhead Reaching in Asymptomatic Subjects,Braman JP; Engel SC; LaPrade RF; Ludewig PM,2009,Table I,Dynamic unconstrained overhead reaching,Self-selected; mean 63.3 degrees anterior to coronal,"Bone-fixed electromagnetic sensors on scapula, clavicle, and humerus; surface sternum reference",True,12,Lowering,False,,,,,,,,,,,5.47,,,,nihms-156697.pdf,Table,Subject 9; GH elevation to ST upward-rotation regression-slope ratio; HT phase 30-60 degrees. Ratio stored in Mean because requested schema has no ratio column.
Braman2009,In Vivo Assessment of Scapulohumeral Rhythm During Unconstrained Overhead Reaching in Asymptomatic Subjects,Braman JP; Engel SC; LaPrade RF; Ludewig PM,2009,Table I,Dynamic unconstrained overhead reaching,Self-selected; mean 63.3 degrees anterior to coronal,"Bone-fixed electromagnetic sensors on scapula, clavicle, and humerus; surface sternum reference",True,12,Lowering,False,,,,,,,,,,,3.5,,,,nihms-156697.pdf,Table,Subject 9; GH elevation to ST upward-rotation regression-slope ratio; HT phase 60-90 degrees. Ratio stored in Mean because requested schema has no ratio column.
Braman2009,In Vivo Assessment of Scapulohumeral Rhythm During Unconstrained Overhead Reaching in Asymptomatic Subjects,Braman JP; Engel SC; LaPrade RF; Ludewig PM,2009,Table I,Dynamic unconstrained overhead reaching,Self-selected; mean 63.3 degrees anterior to coronal,"Bone-fixed electromagnetic sensors on scapula, clavicle, and humerus; surface sternum reference",True,12,Lowering,False,,,,,,,,,,,3.87,,,,nihms-156697.pdf,Table,Subject 9; GH elevation to ST upward-rotation regression-slope ratio; HT phase 90-120 degrees. Ratio stored in Mean because requested schema has no ratio column.
Braman2009,In Vivo Assessment of Scapulohumeral Rhythm During Unconstrained Overhead Reaching in Asymptomatic Subjects,Braman JP; Engel SC; LaPrade RF; Ludewig PM,2009,Table I,Dynamic unconstrained overhead reaching,Self-selected; mean 63.3 degrees anterior to coronal,"Bone-fixed electromagnetic sensors on scapula, clavicle, and humerus; surface sternum reference",True,12,Raising,False,,,,,,,,,,,2.09,,,,nihms-156697.pdf,Table,Subject 10; GH elevation to ST upward-rotation regression-slope ratio; HT phase Min-Max degrees. Ratio stored in Mean because requested schema has no ratio column.
Braman2009,In Vivo Assessment of Scapulohumeral Rhythm During Unconstrained Overhead Reaching in Asymptomatic Subjects,Braman JP; Engel SC; LaPrade RF; Ludewig PM,2009,Table I,Dynamic unconstrained overhead reaching,Self-selected; mean 63.3 degrees anterior to coronal,"Bone-fixed electromagnetic sensors on scapula, clavicle, and humerus; surface sternum reference",True,12,Raising,False,,,,,,,,,,,2.11,,,,nihms-156697.pdf,Table,Subject 10; GH elevation to ST upward-rotation regression-slope ratio; HT phase 30-Max degrees. Ratio stored in Mean because requested schema has no ratio column.
Braman2009,In Vivo Assessment of Scapulohumeral Rhythm During Unconstrained Overhead Reaching in Asymptomatic Subjects,Braman JP; Engel SC; LaPrade RF; Ludewig PM,2009,Table I,Dynamic unconstrained overhead reaching,Self-selected; mean 63.3 degrees anterior to coronal,"Bone-fixed electromagnetic sensors on scapula, clavicle, and humerus; surface sternum reference",True,12,Raising,False,,,,,,,,,,,4.58,,,,nihms-156697.pdf,Table,Subject 10; GH elevation to ST upward-rotation regression-slope ratio; HT phase Min-30 degrees. Ratio stored in Mean because requested schema has no ratio column.
Braman2009,In Vivo Assessment of Scapulohumeral Rhythm During Unconstrained Overhead Reaching in Asymptomatic Subjects,Braman JP; Engel SC; LaPrade RF; Ludewig PM,2009,Table I,Dynamic unconstrained overhead reaching,Self-selected; mean 63.3 degrees anterior to coronal,"Bone-fixed electromagnetic sensors on scapula, clavicle, and humerus; surface sternum reference",True,12,Raising,False,,,,,,,,,,,1.64,,,,nihms-156697.pdf,Table,Subject 10; GH elevation to ST upward-rotation regression-slope ratio; HT phase 30-60 degrees. Ratio stored in Mean because requested schema has no ratio column.
Braman2009,In Vivo Assessment of Scapulohumeral Rhythm During Unconstrained Overhead Reaching in Asymptomatic Subjects,Braman JP; Engel SC; LaPrade RF; Ludewig PM,2009,Table I,Dynamic unconstrained overhead reaching,Self-selected; mean 63.3 degrees anterior to coronal,"Bone-fixed electromagnetic sensors on scapula, clavicle, and humerus; surface sternum reference",True,12,Raising,False,,,,,,,,,,,2.17,,,,nihms-156697.pdf,Table,Subject 10; GH elevation to ST upward-rotation regression-slope ratio; HT phase 60-90 degrees. Ratio stored in Mean because requested schema has no ratio column.
Braman2009,In Vivo Assessment of Scapulohumeral Rhythm During Unconstrained Overhead Reaching in Asymptomatic Subjects,Braman JP; Engel SC; LaPrade RF; Ludewig PM,2009,Table I,Dynamic unconstrained overhead reaching,Self-selected; mean 63.3 degrees anterior to coronal,"Bone-fixed electromagnetic sensors on scapula, clavicle, and humerus; surface sternum reference",True,12,Raising,False,,,,,,,,,,,2.31,,,,nihms-156697.pdf,Table,Subject 10; GH elevation to ST upward-rotation regression-slope ratio; HT phase 90-120 degrees. Ratio stored in Mean because requested schema has no ratio column.
Braman2009,In Vivo Assessment of Scapulohumeral Rhythm During Unconstrained Overhead Reaching in Asymptomatic Subjects,Braman JP; Engel SC; LaPrade RF; Ludewig PM,2009,Table I,Dynamic unconstrained overhead reaching,Self-selected; mean 63.3 degrees anterior to coronal,"Bone-fixed electromagnetic sensors on scapula, clavicle, and humerus; surface sternum reference",True,12,Lowering,False,,,,,,,,,,,2.22,,,,nihms-156697.pdf,Table,Subject 10; GH elevation to ST upward-rotation regression-slope ratio; HT phase Min-Max degrees. Ratio stored in Mean because requested schema has no ratio column.
Braman2009,In Vivo Assessment of Scapulohumeral Rhythm During Unconstrained Overhead Reaching in Asymptomatic Subjects,Braman JP; Engel SC; LaPrade RF; Ludewig PM,2009,Table I,Dynamic unconstrained overhead reaching,Self-selected; mean 63.3 degrees anterior to coronal,"Bone-fixed electromagnetic sensors on scapula, clavicle, and humerus; surface sternum reference",True,12,Lowering,False,,,,,,,,,,,2.17,,,,nihms-156697.pdf,Table,Subject 10; GH elevation to ST upward-rotation regression-slope ratio; HT phase 30-Max degrees. Ratio stored in Mean because requested schema has no ratio column.
Braman2009,In Vivo Assessment of Scapulohumeral Rhythm During Unconstrained Overhead Reaching in Asymptomatic Subjects,Braman JP; Engel SC; LaPrade RF; Ludewig PM,2009,Table I,Dynamic unconstrained overhead reaching,Self-selected; mean 63.3 degrees anterior to coronal,"Bone-fixed electromagnetic sensors on scapula, clavicle, and humerus; surface sternum reference",True,12,Lowering,False,,,,,,,,,,,2.02,,,,nihms-156697.pdf,Table,Subject 10; GH elevation to ST upward-rotation regression-slope ratio; HT phase Min-30 degrees. Ratio stored in Mean because requested schema has no ratio column.
Braman2009,In Vivo Assessment of Scapulohumeral Rhythm During Unconstrained Overhead Reaching in Asymptomatic Subjects,Braman JP; Engel SC; LaPrade RF; Ludewig PM,2009,Table I,Dynamic unconstrained overhead reaching,Self-selected; mean 63.3 degrees anterior to coronal,"Bone-fixed electromagnetic sensors on scapula, clavicle, and humerus; surface sternum reference",True,12,Lowering,False,,,,,,,,,,,1.56,,,,nihms-156697.pdf,Table,Subject 10; GH elevation to ST upward-rotation regression-slope ratio; HT phase 30-60 degrees. Ratio stored in Mean because requested schema has no ratio column.
Braman2009,In Vivo Assessment of Scapulohumeral Rhythm During Unconstrained Overhead Reaching in Asymptomatic Subjects,Braman JP; Engel SC; LaPrade RF; Ludewig PM,2009,Table I,Dynamic unconstrained overhead reaching,Self-selected; mean 63.3 degrees anterior to coronal,"Bone-fixed electromagnetic sensors on scapula, clavicle, and humerus; surface sternum reference",True,12,Lowering,False,,,,,,,,,,,2.43,,,,nihms-156697.pdf,Table,Subject 10; GH elevation to ST upward-rotation regression-slope ratio; HT phase 60-90 degrees. Ratio stored in Mean because requested schema has no ratio column.
Braman2009,In Vivo Assessment of Scapulohumeral Rhythm During Unconstrained Overhead Reaching in Asymptomatic Subjects,Braman JP; Engel SC; LaPrade RF; Ludewig PM,2009,Table I,Dynamic unconstrained overhead reaching,Self-selected; mean 63.3 degrees anterior to coronal,"Bone-fixed electromagnetic sensors on scapula, clavicle, and humerus; surface sternum reference",True,12,Lowering,False,,,,,,,,,,,2.37,,,,nihms-156697.pdf,Table,Subject 10; GH elevation to ST upward-rotation regression-slope ratio; HT phase 90-120 degrees. Ratio stored in Mean because requested schema has no ratio column.
Braman2009,In Vivo Assessment of Scapulohumeral Rhythm During Unconstrained Overhead Reaching in Asymptomatic Subjects,Braman JP; Engel SC; LaPrade RF; Ludewig PM,2009,Table I,Dynamic unconstrained overhead reaching,Self-selected; mean 63.3 degrees anterior to coronal,"Bone-fixed electromagnetic sensors on scapula, clavicle, and humerus; surface sternum reference",True,12,Raising,False,,,,,,,,,,,2.38,,,,nihms-156697.pdf,Table,Subject 11; GH elevation to ST upward-rotation regression-slope ratio; HT phase Min-Max degrees. Ratio stored in Mean because requested schema has no ratio column.
Braman2009,In Vivo Assessment of Scapulohumeral Rhythm During Unconstrained Overhead Reaching in Asymptomatic Subjects,Braman JP; Engel SC; LaPrade RF; Ludewig PM,2009,Table I,Dynamic unconstrained overhead reaching,Self-selected; mean 63.3 degrees anterior to coronal,"Bone-fixed electromagnetic sensors on scapula, clavicle, and humerus; surface sternum reference",True,12,Raising,False,,,,,,,,,,,2.77,,,,nihms-156697.pdf,Table,Subject 11; GH elevation to ST upward-rotation regression-slope ratio; HT phase 30-Max degrees. Ratio stored in Mean because requested schema has no ratio column.
Braman2009,In Vivo Assessment of Scapulohumeral Rhythm During Unconstrained Overhead Reaching in Asymptomatic Subjects,Braman JP; Engel SC; LaPrade RF; Ludewig PM,2009,Table I,Dynamic unconstrained overhead reaching,Self-selected; mean 63.3 degrees anterior to coronal,"Bone-fixed electromagnetic sensors on scapula, clavicle, and humerus; surface sternum reference",True,12,Raising,False,,,,,,,,,,,1.38,,,,nihms-156697.pdf,Table,Subject 11; GH elevation to ST upward-rotation regression-slope ratio; HT phase Min-30 degrees. Ratio stored in Mean because requested schema has no ratio column.
Braman2009,In Vivo Assessment of Scapulohumeral Rhythm During Unconstrained Overhead Reaching in Asymptomatic Subjects,Braman JP; Engel SC; LaPrade RF; Ludewig PM,2009,Table I,Dynamic unconstrained overhead reaching,Self-selected; mean 63.3 degrees anterior to coronal,"Bone-fixed electromagnetic sensors on scapula, clavicle, and humerus; surface sternum reference",True,12,Raising,False,,,,,,,,,,,1.58,,,,nihms-156697.pdf,Table,Subject 11; GH elevation to ST upward-rotation regression-slope ratio; HT phase 30-60 degrees. Ratio stored in Mean because requested schema has no ratio column.
Braman2009,In Vivo Assessment of Scapulohumeral Rhythm During Unconstrained Overhead Reaching in Asymptomatic Subjects,Braman JP; Engel SC; LaPrade RF; Ludewig PM,2009,Table I,Dynamic unconstrained overhead reaching,Self-selected; mean 63.3 degrees anterior to coronal,"Bone-fixed electromagnetic sensors on scapula, clavicle, and humerus; surface sternum reference",True,12,Raising,False,,,,,,,,,,,2.17,,,,nihms-156697.pdf,Table,Subject 11; GH elevation to ST upward-rotation regression-slope ratio; HT phase 60-90 degrees. Ratio stored in Mean because requested schema has no ratio column.
Braman2009,In Vivo Assessment of Scapulohumeral Rhythm During Unconstrained Overhead Reaching in Asymptomatic Subjects,Braman JP; Engel SC; LaPrade RF; Ludewig PM,2009,Table I,Dynamic unconstrained overhead reaching,Self-selected; mean 63.3 degrees anterior to coronal,"Bone-fixed electromagnetic sensors on scapula, clavicle, and humerus; surface sternum reference",True,12,Raising,False,,,,,,,,,,,4.64,,,,nihms-156697.pdf,Table,Subject 11; GH elevation to ST upward-rotation regression-slope ratio; HT phase 90-120 degrees. Ratio stored in Mean because requested schema has no ratio column.
Braman2009,In Vivo Assessment of Scapulohumeral Rhythm During Unconstrained Overhead Reaching in Asymptomatic Subjects,Braman JP; Engel SC; LaPrade RF; Ludewig PM,2009,Table I,Dynamic unconstrained overhead reaching,Self-selected; mean 63.3 degrees anterior to coronal,"Bone-fixed electromagnetic sensors on scapula, clavicle, and humerus; surface sternum reference",True,12,Lowering,False,,,,,,,,,,,3.21,,,,nihms-156697.pdf,Table,Subject 11; GH elevation to ST upward-rotation regression-slope ratio; HT phase Min-Max degrees. Ratio stored in Mean because requested schema has no ratio column.
Braman2009,In Vivo Assessment of Scapulohumeral Rhythm During Unconstrained Overhead Reaching in Asymptomatic Subjects,Braman JP; Engel SC; LaPrade RF; Ludewig PM,2009,Table I,Dynamic unconstrained overhead reaching,Self-selected; mean 63.3 degrees anterior to coronal,"Bone-fixed electromagnetic sensors on scapula, clavicle, and humerus; surface sternum reference",True,12,Lowering,False,,,,,,,,,,,4.17,,,,nihms-156697.pdf,Table,Subject 11; GH elevation to ST upward-rotation regression-slope ratio; HT phase 30-Max degrees. Ratio stored in Mean because requested schema has no ratio column.
Braman2009,In Vivo Assessment of Scapulohumeral Rhythm During Unconstrained Overhead Reaching in Asymptomatic Subjects,Braman JP; Engel SC; LaPrade RF; Ludewig PM,2009,Table I,Dynamic unconstrained overhead reaching,Self-selected; mean 63.3 degrees anterior to coronal,"Bone-fixed electromagnetic sensors on scapula, clavicle, and humerus; surface sternum reference",True,12,Lowering,False,,,,,,,,,,,0.31,,,,nihms-156697.pdf,Table,Subject 11; GH elevation to ST upward-rotation regression-slope ratio; HT phase Min-30 degrees. Ratio stored in Mean because requested schema has no ratio column.
Braman2009,In Vivo Assessment of Scapulohumeral Rhythm During Unconstrained Overhead Reaching in Asymptomatic Subjects,Braman JP; Engel SC; LaPrade RF; Ludewig PM,2009,Table I,Dynamic unconstrained overhead reaching,Self-selected; mean 63.3 degrees anterior to coronal,"Bone-fixed electromagnetic sensors on scapula, clavicle, and humerus; surface sternum reference",True,12,Lowering,False,,,,,,,,,,,2.64,,,,nihms-156697.pdf,Table,Subject 11; GH elevation to ST upward-rotation regression-slope ratio; HT phase 30-60 degrees. Ratio stored in Mean because requested schema has no ratio column.
Braman2009,In Vivo Assessment of Scapulohumeral Rhythm During Unconstrained Overhead Reaching in Asymptomatic Subjects,Braman JP; Engel SC; LaPrade RF; Ludewig PM,2009,Table I,Dynamic unconstrained overhead reaching,Self-selected; mean 63.3 degrees anterior to coronal,"Bone-fixed electromagnetic sensors on scapula, clavicle, and humerus; surface sternum reference",True,12,Lowering,False,,,,,,,,,,,3.95,,,,nihms-156697.pdf,Table,Subject 11; GH elevation to ST upward-rotation regression-slope ratio; HT phase 60-90 degrees. Ratio stored in Mean because requested schema has no ratio column.
Braman2009,In Vivo Assessment of Scapulohumeral Rhythm During Unconstrained Overhead Reaching in Asymptomatic Subjects,Braman JP; Engel SC; LaPrade RF; Ludewig PM,2009,Table I,Dynamic unconstrained overhead reaching,Self-selected; mean 63.3 degrees anterior to coronal,"Bone-fixed electromagnetic sensors on scapula, clavicle, and humerus; surface sternum reference",True,12,Lowering,False,,,,,,,,,,,5.03,,,,nihms-156697.pdf,Table,Subject 11; GH elevation to ST upward-rotation regression-slope ratio; HT phase 90-120 degrees. Ratio stored in Mean because requested schema has no ratio column.
Braman2009,In Vivo Assessment of Scapulohumeral Rhythm During Unconstrained Overhead Reaching in Asymptomatic Subjects,Braman JP; Engel SC; LaPrade RF; Ludewig PM,2009,Table I,Dynamic unconstrained overhead reaching,Self-selected; mean 63.3 degrees anterior to coronal,"Bone-fixed electromagnetic sensors on scapula, clavicle, and humerus; surface sternum reference",True,12,Raising,False,,,,,,,,,,,2.9,,,,nihms-156697.pdf,Table,Subject 12; GH elevation to ST upward-rotation regression-slope ratio; HT phase Min-Max degrees. Ratio stored in Mean because requested schema has no ratio column.
Braman2009,In Vivo Assessment of Scapulohumeral Rhythm During Unconstrained Overhead Reaching in Asymptomatic Subjects,Braman JP; Engel SC; LaPrade RF; Ludewig PM,2009,Table I,Dynamic unconstrained overhead reaching,Self-selected; mean 63.3 degrees anterior to coronal,"Bone-fixed electromagnetic sensors on scapula, clavicle, and humerus; surface sternum reference",True,12,Raising,False,,,,,,,,,,,2.45,,,,nihms-156697.pdf,Table,Subject 12; GH elevation to ST upward-rotation regression-slope ratio; HT phase 30-Max degrees. Ratio stored in Mean because requested schema has no ratio column.
Braman2009,In Vivo Assessment of Scapulohumeral Rhythm During Unconstrained Overhead Reaching in Asymptomatic Subjects,Braman JP; Engel SC; LaPrade RF; Ludewig PM,2009,Table I,Dynamic unconstrained overhead reaching,Self-selected; mean 63.3 degrees anterior to coronal,"Bone-fixed electromagnetic sensors on scapula, clavicle, and humerus; surface sternum reference",True,12,Raising,False,,,,,,,,,,,1.11,,,,nihms-156697.pdf,Table,Subject 12; GH elevation to ST upward-rotation regression-slope ratio; HT phase Min-30 degrees. Ratio stored in Mean because requested schema has no ratio column.
Braman2009,In Vivo Assessment of Scapulohumeral Rhythm During Unconstrained Overhead Reaching in Asymptomatic Subjects,Braman JP; Engel SC; LaPrade RF; Ludewig PM,2009,Table I,Dynamic unconstrained overhead reaching,Self-selected; mean 63.3 degrees anterior to coronal,"Bone-fixed electromagnetic sensors on scapula, clavicle, and humerus; surface sternum reference",True,12,Raising,False,,,,,,,,,,,1.86,,,,nihms-156697.pdf,Table,Subject 12; GH elevation to ST upward-rotation regression-slope ratio; HT phase 30-60 degrees. Ratio stored in Mean because requested schema has no ratio column.
Braman2009,In Vivo Assessment of Scapulohumeral Rhythm During Unconstrained Overhead Reaching in Asymptomatic Subjects,Braman JP; Engel SC; LaPrade RF; Ludewig PM,2009,Table I,Dynamic unconstrained overhead reaching,Self-selected; mean 63.3 degrees anterior to coronal,"Bone-fixed electromagnetic sensors on scapula, clavicle, and humerus; surface sternum reference",True,12,Raising,False,,,,,,,,,,,4.17,,,,nihms-156697.pdf,Table,Subject 12; GH elevation to ST upward-rotation regression-slope ratio; HT phase 60-90 degrees. Ratio stored in Mean because requested schema has no ratio column.
Braman2009,In Vivo Assessment of Scapulohumeral Rhythm During Unconstrained Overhead Reaching in Asymptomatic Subjects,Braman JP; Engel SC; LaPrade RF; Ludewig PM,2009,Table I,Dynamic unconstrained overhead reaching,Self-selected; mean 63.3 degrees anterior to coronal,"Bone-fixed electromagnetic sensors on scapula, clavicle, and humerus; surface sternum reference",True,12,Raising,False,,,,,,,,,,,3.14,,,,nihms-156697.pdf,Table,Subject 12; GH elevation to ST upward-rotation regression-slope ratio; HT phase 90-120 degrees. Ratio stored in Mean because requested schema has no ratio column.
Braman2009,In Vivo Assessment of Scapulohumeral Rhythm During Unconstrained Overhead Reaching in Asymptomatic Subjects,Braman JP; Engel SC; LaPrade RF; Ludewig PM,2009,Table I,Dynamic unconstrained overhead reaching,Self-selected; mean 63.3 degrees anterior to coronal,"Bone-fixed electromagnetic sensors on scapula, clavicle, and humerus; surface sternum reference",True,12,Lowering,False,,,,,,,,,,,2.97,,,,nihms-156697.pdf,Table,Subject 12; GH elevation to ST upward-rotation regression-slope ratio; HT phase Min-Max degrees. Ratio stored in Mean because requested schema has no ratio column.
Braman2009,In Vivo Assessment of Scapulohumeral Rhythm During Unconstrained Overhead Reaching in Asymptomatic Subjects,Braman JP; Engel SC; LaPrade RF; Ludewig PM,2009,Table I,Dynamic unconstrained overhead reaching,Self-selected; mean 63.3 degrees anterior to coronal,"Bone-fixed electromagnetic sensors on scapula, clavicle, and humerus; surface sternum reference",True,12,Lowering,False,,,,,,,,,,,3.46,,,,nihms-156697.pdf,Table,Subject 12; GH elevation to ST upward-rotation regression-slope ratio; HT phase 30-Max degrees. Ratio stored in Mean because requested schema has no ratio column.
Braman2009,In Vivo Assessment of Scapulohumeral Rhythm During Unconstrained Overhead Reaching in Asymptomatic Subjects,Braman JP; Engel SC; LaPrade RF; Ludewig PM,2009,Table I,Dynamic unconstrained overhead reaching,Self-selected; mean 63.3 degrees anterior to coronal,"Bone-fixed electromagnetic sensors on scapula, clavicle, and humerus; surface sternum reference",True,12,Lowering,False,,,,,,,,,,,0.86,,,,nihms-156697.pdf,Table,Subject 12; GH elevation to ST upward-rotation regression-slope ratio; HT phase Min-30 degrees. Ratio stored in Mean because requested schema has no ratio column.
Braman2009,In Vivo Assessment of Scapulohumeral Rhythm During Unconstrained Overhead Reaching in Asymptomatic Subjects,Braman JP; Engel SC; LaPrade RF; Ludewig PM,2009,Table I,Dynamic unconstrained overhead reaching,Self-selected; mean 63.3 degrees anterior to coronal,"Bone-fixed electromagnetic sensors on scapula, clavicle, and humerus; surface sternum reference",True,12,Lowering,False,,,,,,,,,,,2.79,,,,nihms-156697.pdf,Table,Subject 12; GH elevation to ST upward-rotation regression-slope ratio; HT phase 30-60 degrees. Ratio stored in Mean because requested schema has no ratio column.
Braman2009,In Vivo Assessment of Scapulohumeral Rhythm During Unconstrained Overhead Reaching in Asymptomatic Subjects,Braman JP; Engel SC; LaPrade RF; Ludewig PM,2009,Table I,Dynamic unconstrained overhead reaching,Self-selected; mean 63.3 degrees anterior to coronal,"Bone-fixed electromagnetic sensors on scapula, clavicle, and humerus; surface sternum reference",True,12,Lowering,False,,,,,,,,,,,5.9,,,,nihms-156697.pdf,Table,Subject 12; GH elevation to ST upward-rotation regression-slope ratio; HT phase 60-90 degrees. Ratio stored in Mean because requested schema has no ratio column.
Braman2009,In Vivo Assessment of Scapulohumeral Rhythm During Unconstrained Overhead Reaching in Asymptomatic Subjects,Braman JP; Engel SC; LaPrade RF; Ludewig PM,2009,Table I,Dynamic unconstrained overhead reaching,Self-selected; mean 63.3 degrees anterior to coronal,"Bone-fixed electromagnetic sensors on scapula, clavicle, and humerus; surface sternum reference",True,12,Lowering,False,,,,,,,,,,,4.75,,,,nihms-156697.pdf,Table,Subject 12; GH elevation to ST upward-rotation regression-slope ratio; HT phase 90-120 degrees. Ratio stored in Mean because requested schema has no ratio column.
Braman2009,In Vivo Assessment of Scapulohumeral Rhythm During Unconstrained Overhead Reaching in Asymptomatic Subjects,Braman JP; Engel SC; LaPrade RF; Ludewig PM,2009,Table I,Dynamic unconstrained overhead reaching,Self-selected; mean 63.3 degrees anterior to coronal,"Bone-fixed electromagnetic sensors on scapula, clavicle, and humerus; surface sternum reference",True,12,Raising,False,,,,,,,,,,,2.37,0.44,,,nihms-156697.pdf,Table,Group mean GH elevation to ST upward-rotation regression-slope ratio; HT phase Min-Max degrees. Ratio stored in Mean because requested schema has no ratio column.
Braman2009,In Vivo Assessment of Scapulohumeral Rhythm During Unconstrained Overhead Reaching in Asymptomatic Subjects,Braman JP; Engel SC; LaPrade RF; Ludewig PM,2009,Table I,Dynamic unconstrained overhead reaching,Self-selected; mean 63.3 degrees anterior to coronal,"Bone-fixed electromagnetic sensors on scapula, clavicle, and humerus; surface sternum reference",True,12,Raising,False,,,,,,,,,,,2.31,0.5,,,nihms-156697.pdf,Table,Group mean GH elevation to ST upward-rotation regression-slope ratio; HT phase 30-Max degrees. Ratio stored in Mean because requested schema has no ratio column.
Braman2009,In Vivo Assessment of Scapulohumeral Rhythm During Unconstrained Overhead Reaching in Asymptomatic Subjects,Braman JP; Engel SC; LaPrade RF; Ludewig PM,2009,Table I,Dynamic unconstrained overhead reaching,Self-selected; mean 63.3 degrees anterior to coronal,"Bone-fixed electromagnetic sensors on scapula, clavicle, and humerus; surface sternum reference",True,12,Raising,False,,,,,,,,,,,3.71,2.15,,,nihms-156697.pdf,Table,Group mean GH elevation to ST upward-rotation regression-slope ratio; HT phase Min-30 degrees. Ratio stored in Mean because requested schema has no ratio column.
Braman2009,In Vivo Assessment of Scapulohumeral Rhythm During Unconstrained Overhead Reaching in Asymptomatic Subjects,Braman JP; Engel SC; LaPrade RF; Ludewig PM,2009,Table I,Dynamic unconstrained overhead reaching,Self-selected; mean 63.3 degrees anterior to coronal,"Bone-fixed electromagnetic sensors on scapula, clavicle, and humerus; surface sternum reference",True,12,Raising,False,,,,,,,,,,,2.36,0.75,,,nihms-156697.pdf,Table,Group mean GH elevation to ST upward-rotation regression-slope ratio; HT phase 30-60 degrees. Ratio stored in Mean because requested schema has no ratio column.
Braman2009,In Vivo Assessment of Scapulohumeral Rhythm During Unconstrained Overhead Reaching in Asymptomatic Subjects,Braman JP; Engel SC; LaPrade RF; Ludewig PM,2009,Table I,Dynamic unconstrained overhead reaching,Self-selected; mean 63.3 degrees anterior to coronal,"Bone-fixed electromagnetic sensors on scapula, clavicle, and humerus; surface sternum reference",True,12,Raising,False,,,,,,,,,,,2.71,0.85,,,nihms-156697.pdf,Table,Group mean GH elevation to ST upward-rotation regression-slope ratio; HT phase 60-90 degrees. Ratio stored in Mean because requested schema has no ratio column.
Braman2009,In Vivo Assessment of Scapulohumeral Rhythm During Unconstrained Overhead Reaching in Asymptomatic Subjects,Braman JP; Engel SC; LaPrade RF; Ludewig PM,2009,Table I,Dynamic unconstrained overhead reaching,Self-selected; mean 63.3 degrees anterior to coronal,"Bone-fixed electromagnetic sensors on scapula, clavicle, and humerus; surface sternum reference",True,12,Raising,False,,,,,,,,,,,2.5,0.9,,,nihms-156697.pdf,Table,Group mean GH elevation to ST upward-rotation regression-slope ratio; HT phase 90-120 degrees. Ratio stored in Mean because requested schema has no ratio column.
Braman2009,In Vivo Assessment of Scapulohumeral Rhythm During Unconstrained Overhead Reaching in Asymptomatic Subjects,Braman JP; Engel SC; LaPrade RF; Ludewig PM,2009,Table I,Dynamic unconstrained overhead reaching,Self-selected; mean 63.3 degrees anterior to coronal,"Bone-fixed electromagnetic sensors on scapula, clavicle, and humerus; surface sternum reference",True,12,Lowering,False,,,,,,,,,,,2.6,0.67,,,nihms-156697.pdf,Table,Group mean GH elevation to ST upward-rotation regression-slope ratio; HT phase Min-Max degrees. Ratio stored in Mean because requested schema has no ratio column.
Braman2009,In Vivo Assessment of Scapulohumeral Rhythm During Unconstrained Overhead Reaching in Asymptomatic Subjects,Braman JP; Engel SC; LaPrade RF; Ludewig PM,2009,Table I,Dynamic unconstrained overhead reaching,Self-selected; mean 63.3 degrees anterior to coronal,"Bone-fixed electromagnetic sensors on scapula, clavicle, and humerus; surface sternum reference",True,12,Lowering,False,,,,,,,,,,,2.73,1.02,,,nihms-156697.pdf,Table,Group mean GH elevation to ST upward-rotation regression-slope ratio; HT phase 30-Max degrees. Ratio stored in Mean because requested schema has no ratio column.
Braman2009,In Vivo Assessment of Scapulohumeral Rhythm During Unconstrained Overhead Reaching in Asymptomatic Subjects,Braman JP; Engel SC; LaPrade RF; Ludewig PM,2009,Table I,Dynamic unconstrained overhead reaching,Self-selected; mean 63.3 degrees anterior to coronal,"Bone-fixed electromagnetic sensors on scapula, clavicle, and humerus; surface sternum reference",True,12,Lowering,False,,,,,,,,,,,2.67,2.31,,,nihms-156697.pdf,Table,Group mean GH elevation to ST upward-rotation regression-slope ratio; HT phase Min-30 degrees. Ratio stored in Mean because requested schema has no ratio column.
Braman2009,In Vivo Assessment of Scapulohumeral Rhythm During Unconstrained Overhead Reaching in Asymptomatic Subjects,Braman JP; Engel SC; LaPrade RF; Ludewig PM,2009,Table I,Dynamic unconstrained overhead reaching,Self-selected; mean 63.3 degrees anterior to coronal,"Bone-fixed electromagnetic sensors on scapula, clavicle, and humerus; surface sternum reference",True,12,Lowering,False,,,,,,,,,,,2.76,1.14,,,nihms-156697.pdf,Table,Group mean GH elevation to ST upward-rotation regression-slope ratio; HT phase 30-60 degrees. Ratio stored in Mean because requested schema has no ratio column.
Braman2009,In Vivo Assessment of Scapulohumeral Rhythm During Unconstrained Overhead Reaching in Asymptomatic Subjects,Braman JP; Engel SC; LaPrade RF; Ludewig PM,2009,Table I,Dynamic unconstrained overhead reaching,Self-selected; mean 63.3 degrees anterior to coronal,"Bone-fixed electromagnetic sensors on scapula, clavicle, and humerus; surface sternum reference",True,12,Lowering,False,,,,,,,,,,,2.76,1.4,,,nihms-156697.pdf,Table,Group mean GH elevation to ST upward-rotation regression-slope ratio; HT phase 60-90 degrees. Ratio stored in Mean because requested schema has no ratio column.
Braman2009,In Vivo Assessment of Scapulohumeral Rhythm During Unconstrained Overhead Reaching in Asymptomatic Subjects,Braman JP; Engel SC; LaPrade RF; Ludewig PM,2009,Table I,Dynamic unconstrained overhead reaching,Self-selected; mean 63.3 degrees anterior to coronal,"Bone-fixed electromagnetic sensors on scapula, clavicle, and humerus; surface sternum reference",True,12,Lowering,False,,,,,,,,,,,3.43,1.54,,,nihms-156697.pdf,Table,Group mean GH elevation to ST upward-rotation regression-slope ratio; HT phase 90-120 degrees. Ratio stored in Mean because requested schema has no ratio column.
McClure2001,Direct 3-dimensional measurement of scapular kinematics during dynamic movements in vivo,McClure PW; Michener LA; Sennett BJ; Karduna AR,2001,Table: Scapular rotations measured by various authors,Dynamic sagittal-plane flexion,Sagittal plane,Bone-fixed scapular electromagnetic sensor; humeral cuff sensor; thorax skin sensor,True,8,Raising,False,,,,,,,,,,,46,,,,Kinematics paper.pdf / McClure et.al (duplicate files),Table,"Total excursion (maximal elevation minus rest) for ST upward rotation, degrees. Angle fields left blank because this table reports excursion, not absolute orientation. Signs in source table denote direction; Notes use direction words."
McClure2001,Direct 3-dimensional measurement of scapular kinematics during dynamic movements in vivo,McClure PW; Michener LA; Sennett BJ; Karduna AR,2001,Table: Scapular rotations measured by various authors,Dynamic sagittal-plane flexion,Sagittal plane,Bone-fixed scapular electromagnetic sensor; humeral cuff sensor; thorax skin sensor,True,8,Raising,False,,,,,,,,,,,31,,,,Kinematics paper.pdf / McClure et.al (duplicate files),Table,"Total excursion (maximal elevation minus rest) for ST posterior tilt, degrees. Angle fields left blank because this table reports excursion, not absolute orientation. Signs in source table denote direction; Notes use direction words."
McClure2001,Direct 3-dimensional measurement of scapular kinematics during dynamic movements in vivo,McClure PW; Michener LA; Sennett BJ; Karduna AR,2001,Table: Scapular rotations measured by various authors,Dynamic sagittal-plane flexion,Sagittal plane,Bone-fixed scapular electromagnetic sensor; humeral cuff sensor; thorax skin sensor,True,8,Raising,False,,,,,,,,,,,26,,,,Kinematics paper.pdf / McClure et.al (duplicate files),Table,"Total excursion (maximal elevation minus rest) for ST external rotation, degrees. Angle fields left blank because this table reports excursion, not absolute orientation. Signs in source table denote direction; Notes use direction words."
McClure2001,Direct 3-dimensional measurement of scapular kinematics during dynamic movements in vivo,McClure PW; Michener LA; Sennett BJ; Karduna AR,2001,Table: Scapular rotations measured by various authors,Dynamic sagittal-plane flexion,Sagittal plane,Bone-fixed scapular electromagnetic sensor; humeral cuff sensor; thorax skin sensor,True,8,Raising,False,,,,,,,,,,,20,,,,Kinematics paper.pdf / McClure et.al (duplicate files),Table,"Total excursion (maximal elevation minus rest) for Clavicular protraction, degrees. Angle fields left blank because this table reports excursion, not absolute orientation. Signs in source table denote direction; Notes use direction words."
McClure2001,Direct 3-dimensional measurement of scapular kinematics during dynamic movements in vivo,McClure PW; Michener LA; Sennett BJ; Karduna AR,2001,Table: Scapular rotations measured by various authors,Dynamic sagittal-plane flexion,Sagittal plane,Bone-fixed scapular electromagnetic sensor; humeral cuff sensor; thorax skin sensor,True,8,Raising,False,,,,,,,,,,,9,,,,Kinematics paper.pdf / McClure et.al (duplicate files),Table,"Total excursion (maximal elevation minus rest) for SC/clavicular elevation, degrees. Angle fields left blank because this table reports excursion, not absolute orientation. Signs in source table denote direction; Notes use direction words."
McClure2001,Direct 3-dimensional measurement of scapular kinematics during dynamic movements in vivo,McClure PW; Michener LA; Sennett BJ; Karduna AR,2001,Table: Scapular rotations measured by various authors,Dynamic scapular-plane abduction,40 degrees anterior to frontal,Bone-fixed scapular electromagnetic sensor; humeral cuff sensor; thorax skin sensor,True,8,Raising,False,,,,,,,,,,,50,,,,Kinematics paper.pdf / McClure et.al (duplicate files),Table,"Total excursion (maximal elevation minus rest) for ST upward rotation, degrees. Angle fields left blank because this table reports excursion, not absolute orientation. Signs in source table denote direction; Notes use direction words."
McClure2001,Direct 3-dimensional measurement of scapular kinematics during dynamic movements in vivo,McClure PW; Michener LA; Sennett BJ; Karduna AR,2001,Table: Scapular rotations measured by various authors,Dynamic scapular-plane abduction,40 degrees anterior to frontal,Bone-fixed scapular electromagnetic sensor; humeral cuff sensor; thorax skin sensor,True,8,Raising,False,,,,,,,,,,,30,,,,Kinematics paper.pdf / McClure et.al (duplicate files),Table,"Total excursion (maximal elevation minus rest) for ST posterior tilt, degrees. Angle fields left blank because this table reports excursion, not absolute orientation. Signs in source table denote direction; Notes use direction words."
McClure2001,Direct 3-dimensional measurement of scapular kinematics during dynamic movements in vivo,McClure PW; Michener LA; Sennett BJ; Karduna AR,2001,Table: Scapular rotations measured by various authors,Dynamic scapular-plane abduction,40 degrees anterior to frontal,Bone-fixed scapular electromagnetic sensor; humeral cuff sensor; thorax skin sensor,True,8,Raising,False,,,,,,,,,,,24,,,,Kinematics paper.pdf / McClure et.al (duplicate files),Table,"Total excursion (maximal elevation minus rest) for ST external rotation, degrees. Angle fields left blank because this table reports excursion, not absolute orientation. Signs in source table denote direction; Notes use direction words."
McClure2001,Direct 3-dimensional measurement of scapular kinematics during dynamic movements in vivo,McClure PW; Michener LA; Sennett BJ; Karduna AR,2001,Table: Scapular rotations measured by various authors,Dynamic scapular-plane abduction,40 degrees anterior to frontal,Bone-fixed scapular electromagnetic sensor; humeral cuff sensor; thorax skin sensor,True,8,Raising,False,,,,,,,,,,,21,,,,Kinematics paper.pdf / McClure et.al (duplicate files),Table,"Total excursion (maximal elevation minus rest) for Clavicular protraction, degrees. Angle fields left blank because this table reports excursion, not absolute orientation. Signs in source table denote direction; Notes use direction words."
McClure2001,Direct 3-dimensional measurement of scapular kinematics during dynamic movements in vivo,McClure PW; Michener LA; Sennett BJ; Karduna AR,2001,Table: Scapular rotations measured by various authors,Dynamic scapular-plane abduction,40 degrees anterior to frontal,Bone-fixed scapular electromagnetic sensor; humeral cuff sensor; thorax skin sensor,True,8,Raising,False,,,,,,,,,,,10,,,,Kinematics paper.pdf / McClure et.al (duplicate files),Table,"Total excursion (maximal elevation minus rest) for SC/clavicular elevation, degrees. Angle fields left blank because this table reports excursion, not absolute orientation. Signs in source table denote direction; Notes use direction words."
Lawrence2020,The Coupled Kinematics of Scapulothoracic Upward Rotation,Lawrence RL; Braman JP; Keefe DF; Ludewig PM,2020,Figure 5,Active scapular-plane abduction,40 degrees anterior to coronal,Single-plane fluoroscopy with MRI-based 2D/3D shape matching; optical trunk/humerus tracking,False,60,Raising,False,,,,,,,,,,,84.2,,,,Lawerence et.al / ptj_100_2_283.pdf (duplicate files),Table,AC upward-rotation proportional contribution (% of ST upward rotation) over HT phase 30-60 degrees. Percentage stored in Mean because requested schema has no contribution-percentage column. Principal analysis pooled 30 asymptomatic and 30 symptomatic participants; authors reported no group effect/interaction.
Lawrence2020,The Coupled Kinematics of Scapulothoracic Upward Rotation,Lawrence RL; Braman JP; Keefe DF; Ludewig PM,2020,Figure 5,Active scapular-plane abduction,40 degrees anterior to coronal,Single-plane fluoroscopy with MRI-based 2D/3D shape matching; optical trunk/humerus tracking,False,60,Raising,False,,,,,,,,,,,2.8,,,,Lawerence et.al / ptj_100_2_283.pdf (duplicate files),Table,SC posterior-rotation proportional contribution (% of ST upward rotation) over HT phase 30-60 degrees. Percentage stored in Mean because requested schema has no contribution-percentage column. Principal analysis pooled 30 asymptomatic and 30 symptomatic participants; authors reported no group effect/interaction.
Lawrence2020,The Coupled Kinematics of Scapulothoracic Upward Rotation,Lawrence RL; Braman JP; Keefe DF; Ludewig PM,2020,Figure 5,Active scapular-plane abduction,40 degrees anterior to coronal,Single-plane fluoroscopy with MRI-based 2D/3D shape matching; optical trunk/humerus tracking,False,60,Raising,False,,,,,,,,,,,8.3,,,,Lawerence et.al / ptj_100_2_283.pdf (duplicate files),Table,SC elevation proportional contribution (% of ST upward rotation) over HT phase 30-60 degrees. Percentage stored in Mean because requested schema has no contribution-percentage column. Principal analysis pooled 30 asymptomatic and 30 symptomatic participants; authors reported no group effect/interaction.
Lawrence2020,The Coupled Kinematics of Scapulothoracic Upward Rotation,Lawrence RL; Braman JP; Keefe DF; Ludewig PM,2020,Figure 5,Active scapular-plane abduction,40 degrees anterior to coronal,Single-plane fluoroscopy with MRI-based 2D/3D shape matching; optical trunk/humerus tracking,False,60,Raising,False,,,,,,,,,,,42.3,,,,Lawerence et.al / ptj_100_2_283.pdf (duplicate files),Table,AC upward-rotation proportional contribution (% of ST upward rotation) over HT phase 60-90 degrees. Percentage stored in Mean because requested schema has no contribution-percentage column. Principal analysis pooled 30 asymptomatic and 30 symptomatic participants; authors reported no group effect/interaction.
Lawrence2020,The Coupled Kinematics of Scapulothoracic Upward Rotation,Lawrence RL; Braman JP; Keefe DF; Ludewig PM,2020,Figure 5,Active scapular-plane abduction,40 degrees anterior to coronal,Single-plane fluoroscopy with MRI-based 2D/3D shape matching; optical trunk/humerus tracking,False,60,Raising,False,,,,,,,,,,,32.2,,,,Lawerence et.al / ptj_100_2_283.pdf (duplicate files),Table,SC posterior-rotation proportional contribution (% of ST upward rotation) over HT phase 60-90 degrees. Percentage stored in Mean because requested schema has no contribution-percentage column. Principal analysis pooled 30 asymptomatic and 30 symptomatic participants; authors reported no group effect/interaction.
Lawrence2020,The Coupled Kinematics of Scapulothoracic Upward Rotation,Lawrence RL; Braman JP; Keefe DF; Ludewig PM,2020,Figure 5,Active scapular-plane abduction,40 degrees anterior to coronal,Single-plane fluoroscopy with MRI-based 2D/3D shape matching; optical trunk/humerus tracking,False,60,Raising,False,,,,,,,,,,,8.6,,,,Lawerence et.al / ptj_100_2_283.pdf (duplicate files),Table,SC elevation proportional contribution (% of ST upward rotation) over HT phase 60-90 degrees. Percentage stored in Mean because requested schema has no contribution-percentage column. Principal analysis pooled 30 asymptomatic and 30 symptomatic participants; authors reported no group effect/interaction.
Lawrence2020,The Coupled Kinematics of Scapulothoracic Upward Rotation,Lawrence RL; Braman JP; Keefe DF; Ludewig PM,2020,Figure 5,Active scapular-plane abduction,40 degrees anterior to coronal,Single-plane fluoroscopy with MRI-based 2D/3D shape matching; optical trunk/humerus tracking,False,60,Raising,False,,,,,,,,,,,36.6,,,,Lawerence et.al / ptj_100_2_283.pdf (duplicate files),Table,AC upward-rotation proportional contribution (% of ST upward rotation) over HT phase 90-120 degrees. Percentage stored in Mean because requested schema has no contribution-percentage column. Principal analysis pooled 30 asymptomatic and 30 symptomatic participants; authors reported no group effect/interaction.
Lawrence2020,The Coupled Kinematics of Scapulothoracic Upward Rotation,Lawrence RL; Braman JP; Keefe DF; Ludewig PM,2020,Figure 5,Active scapular-plane abduction,40 degrees anterior to coronal,Single-plane fluoroscopy with MRI-based 2D/3D shape matching; optical trunk/humerus tracking,False,60,Raising,False,,,,,,,,,,,34.2,,,,Lawerence et.al / ptj_100_2_283.pdf (duplicate files),Table,SC posterior-rotation proportional contribution (% of ST upward rotation) over HT phase 90-120 degrees. Percentage stored in Mean because requested schema has no contribution-percentage column. Principal analysis pooled 30 asymptomatic and 30 symptomatic participants; authors reported no group effect/interaction.
Lawrence2020,The Coupled Kinematics of Scapulothoracic Upward Rotation,Lawrence RL; Braman JP; Keefe DF; Ludewig PM,2020,Figure 5,Active scapular-plane abduction,40 degrees anterior to coronal,Single-plane fluoroscopy with MRI-based 2D/3D shape matching; optical trunk/humerus tracking,False,60,Raising,False,,,,,,,,,,,10.7,,,,Lawerence et.al / ptj_100_2_283.pdf (duplicate files),Table,SC elevation proportional contribution (% of ST upward rotation) over HT phase 90-120 degrees. Percentage stored in Mean because requested schema has no contribution-percentage column. Principal analysis pooled 30 asymptomatic and 30 symptomatic participants; authors reported no group effect/interaction.
McClure2001,Direct 3-dimensional measurement of scapular kinematics during dynamic movements in vivo,McClure PW; Michener LA; Sennett BJ; Karduna AR,2001,Figure 3A,Dynamic scapular-plane abduction,40 degrees anterior to frontal,Bone-fixed scapular electromagnetic sensor; humeral cuff sensor; thorax skin sensor,True,8,Raising,False,11,,,3.319,,,,,,,3.319,,,,Kinematics paper.pdf / McClure et.al (duplicate files),Digitized,"Variable: ST_PosteriorTilt_deg; estimated digitization uncertainty +/- 0.6 deg; value retained in the original paper convention; selected pixel center (159, 452). No interpolation, smoothing, coordinate conversion, or cross-study averaging."
McClure2001,Direct 3-dimensional measurement of scapular kinematics during dynamic movements in vivo,McClure PW; Michener LA; Sennett BJ; Karduna AR,2001,Figure 3A,Dynamic scapular-plane abduction,40 degrees anterior to frontal,Bone-fixed scapular electromagnetic sensor; humeral cuff sensor; thorax skin sensor,True,8,Lowering,False,11,,,4.283,,,,,,,4.283,,,,Kinematics paper.pdf / McClure et.al (duplicate files),Digitized,"Variable: ST_PosteriorTilt_deg; estimated digitization uncertainty +/- 0.6 deg; value retained in the original paper convention; selected pixel center (159, 443). No interpolation, smoothing, coordinate conversion, or cross-study averaging."
McClure2001,Direct 3-dimensional measurement of scapular kinematics during dynamic movements in vivo,McClure PW; Michener LA; Sennett BJ; Karduna AR,2001,Figure 3A,Dynamic scapular-plane abduction,40 degrees anterior to frontal,Bone-fixed scapular electromagnetic sensor; humeral cuff sensor; thorax skin sensor,True,8,Raising,False,25,,,4.604,,,,,,,4.604,,,,Kinematics paper.pdf / McClure et.al (duplicate files),Digitized,"Variable: ST_PosteriorTilt_deg; estimated digitization uncertainty +/- 0.6 deg; value retained in the original paper convention; selected pixel center (219, 440). No interpolation, smoothing, coordinate conversion, or cross-study averaging."
McClure2001,Direct 3-dimensional measurement of scapular kinematics during dynamic movements in vivo,McClure PW; Michener LA; Sennett BJ; Karduna AR,2001,Figure 3A,Dynamic scapular-plane abduction,40 degrees anterior to frontal,Bone-fixed scapular electromagnetic sensor; humeral cuff sensor; thorax skin sensor,True,8,Lowering,False,25,,,5.782,,,,,,,5.782,,,,Kinematics paper.pdf / McClure et.al (duplicate files),Digitized,"Variable: ST_PosteriorTilt_deg; estimated digitization uncertainty +/- 0.6 deg; value retained in the original paper convention; selected pixel center (219, 429). No interpolation, smoothing, coordinate conversion, or cross-study averaging."
McClure2001,Direct 3-dimensional measurement of scapular kinematics during dynamic movements in vivo,McClure PW; Michener LA; Sennett BJ; Karduna AR,2001,Figure 3A,Dynamic scapular-plane abduction,40 degrees anterior to frontal,Bone-fixed scapular electromagnetic sensor; humeral cuff sensor; thorax skin sensor,True,8,Raising,False,30,,,5.032,,,,,,,5.032,,,,Kinematics paper.pdf / McClure et.al (duplicate files),Digitized,"Variable: ST_PosteriorTilt_deg; estimated digitization uncertainty +/- 0.6 deg; value retained in the original paper convention; selected pixel center (241, 436). No interpolation, smoothing, coordinate conversion, or cross-study averaging."
McClure2001,Direct 3-dimensional measurement of scapular kinematics during dynamic movements in vivo,McClure PW; Michener LA; Sennett BJ; Karduna AR,2001,Figure 3A,Dynamic scapular-plane abduction,40 degrees anterior to frontal,Bone-fixed scapular electromagnetic sensor; humeral cuff sensor; thorax skin sensor,True,8,Lowering,False,30,,,6.210,,,,,,,6.210,,,,Kinematics paper.pdf / McClure et.al (duplicate files),Digitized,"Variable: ST_PosteriorTilt_deg; estimated digitization uncertainty +/- 0.6 deg; value retained in the original paper convention; selected pixel center (241, 425). No interpolation, smoothing, coordinate conversion, or cross-study averaging."
McClure2001,Direct 3-dimensional measurement of scapular kinematics during dynamic movements in vivo,McClure PW; Michener LA; Sennett BJ; Karduna AR,2001,Figure 3A,Dynamic scapular-plane abduction,40 degrees anterior to frontal,Bone-fixed scapular electromagnetic sensor; humeral cuff sensor; thorax skin sensor,True,8,Raising,False,35,,,5.567,,,,,,,5.567,,,,Kinematics paper.pdf / McClure et.al (duplicate files),Digitized,"Variable: ST_PosteriorTilt_deg; estimated digitization uncertainty +/- 0.6 deg; value retained in the original paper convention; selected pixel center (262, 431). No interpolation, smoothing, coordinate conversion, or cross-study averaging."
McClure2001,Direct 3-dimensional measurement of scapular kinematics during dynamic movements in vivo,McClure PW; Michener LA; Sennett BJ; Karduna AR,2001,Figure 3A,Dynamic scapular-plane abduction,40 degrees anterior to frontal,Bone-fixed scapular electromagnetic sensor; humeral cuff sensor; thorax skin sensor,True,8,Lowering,False,35,,,6.531,,,,,,,6.531,,,,Kinematics paper.pdf / McClure et.al (duplicate files),Digitized,"Variable: ST_PosteriorTilt_deg; estimated digitization uncertainty +/- 0.6 deg; value retained in the original paper convention; selected pixel center (262, 422). No interpolation, smoothing, coordinate conversion, or cross-study averaging."
McClure2001,Direct 3-dimensional measurement of scapular kinematics during dynamic movements in vivo,McClure PW; Michener LA; Sennett BJ; Karduna AR,2001,Figure 3A,Dynamic scapular-plane abduction,40 degrees anterior to frontal,Bone-fixed scapular electromagnetic sensor; humeral cuff sensor; thorax skin sensor,True,8,Raising,False,40,,,5.889,,,,,,,5.889,,,,Kinematics paper.pdf / McClure et.al (duplicate files),Digitized,"Variable: ST_PosteriorTilt_deg; estimated digitization uncertainty +/- 0.6 deg; value retained in the original paper convention; selected pixel center (284, 428). No interpolation, smoothing, coordinate conversion, or cross-study averaging."
McClure2001,Direct 3-dimensional measurement of scapular kinematics during dynamic movements in vivo,McClure PW; Michener LA; Sennett BJ; Karduna AR,2001,Figure 3A,Dynamic scapular-plane abduction,40 degrees anterior to frontal,Bone-fixed scapular electromagnetic sensor; humeral cuff sensor; thorax skin sensor,True,8,Lowering,False,40,,,7.173,,,,,,,7.173,,,,Kinematics paper.pdf / McClure et.al (duplicate files),Digitized,"Variable: ST_PosteriorTilt_deg; estimated digitization uncertainty +/- 0.6 deg; value retained in the original paper convention; selected pixel center (284, 416). No interpolation, smoothing, coordinate conversion, or cross-study averaging."
McClure2001,Direct 3-dimensional measurement of scapular kinematics during dynamic movements in vivo,McClure PW; Michener LA; Sennett BJ; Karduna AR,2001,Figure 3A,Dynamic scapular-plane abduction,40 degrees anterior to frontal,Bone-fixed scapular electromagnetic sensor; humeral cuff sensor; thorax skin sensor,True,8,Raising,False,45,,,6.424,,,,,,,6.424,,,,Kinematics paper.pdf / McClure et.al (duplicate files),Digitized,"Variable: ST_PosteriorTilt_deg; estimated digitization uncertainty +/- 0.6 deg; value retained in the original paper convention; selected pixel center (305, 423). No interpolation, smoothing, coordinate conversion, or cross-study averaging."
McClure2001,Direct 3-dimensional measurement of scapular kinematics during dynamic movements in vivo,McClure PW; Michener LA; Sennett BJ; Karduna AR,2001,Figure 3A,Dynamic scapular-plane abduction,40 degrees anterior to frontal,Bone-fixed scapular electromagnetic sensor; humeral cuff sensor; thorax skin sensor,True,8,Lowering,False,45,,,7.388,,,,,,,7.388,,,,Kinematics paper.pdf / McClure et.al (duplicate files),Digitized,"Variable: ST_PosteriorTilt_deg; estimated digitization uncertainty +/- 0.6 deg; value retained in the original paper convention; selected pixel center (305, 414). No interpolation, smoothing, coordinate conversion, or cross-study averaging."
McClure2001,Direct 3-dimensional measurement of scapular kinematics during dynamic movements in vivo,McClure PW; Michener LA; Sennett BJ; Karduna AR,2001,Figure 3A,Dynamic scapular-plane abduction,40 degrees anterior to frontal,Bone-fixed scapular electromagnetic sensor; humeral cuff sensor; thorax skin sensor,True,8,Raising,False,50,,,6.638,,,,,,,6.638,,,,Kinematics paper.pdf / McClure et.al (duplicate files),Digitized,"Variable: ST_PosteriorTilt_deg; estimated digitization uncertainty +/- 0.6 deg; value retained in the original paper convention; selected pixel center (327, 421). No interpolation, smoothing, coordinate conversion, or cross-study averaging."
McClure2001,Direct 3-dimensional measurement of scapular kinematics during dynamic movements in vivo,McClure PW; Michener LA; Sennett BJ; Karduna AR,2001,Figure 3A,Dynamic scapular-plane abduction,40 degrees anterior to frontal,Bone-fixed scapular electromagnetic sensor; humeral cuff sensor; thorax skin sensor,True,8,Lowering,False,50,,,8.244,,,,,,,8.244,,,,Kinematics paper.pdf / McClure et.al (duplicate files),Digitized,"Variable: ST_PosteriorTilt_deg; estimated digitization uncertainty +/- 0.6 deg; value retained in the original paper convention; selected pixel center (327, 406). No interpolation, smoothing, coordinate conversion, or cross-study averaging."
McClure2001,Direct 3-dimensional measurement of scapular kinematics during dynamic movements in vivo,McClure PW; Michener LA; Sennett BJ; Karduna AR,2001,Figure 3A,Dynamic scapular-plane abduction,40 degrees anterior to frontal,Bone-fixed scapular electromagnetic sensor; humeral cuff sensor; thorax skin sensor,True,8,Raising,False,55,,,7.066,,,,,,,7.066,,,,Kinematics paper.pdf / McClure et.al (duplicate files),Digitized,"Variable: ST_PosteriorTilt_deg; estimated digitization uncertainty +/- 0.6 deg; value retained in the original paper convention; selected pixel center (349, 417). No interpolation, smoothing, coordinate conversion, or cross-study averaging."
McClure2001,Direct 3-dimensional measurement of scapular kinematics during dynamic movements in vivo,McClure PW; Michener LA; Sennett BJ; Karduna AR,2001,Figure 3A,Dynamic scapular-plane abduction,40 degrees anterior to frontal,Bone-fixed scapular electromagnetic sensor; humeral cuff sensor; thorax skin sensor,True,8,Lowering,False,55,,,8.672,,,,,,,8.672,,,,Kinematics paper.pdf / McClure et.al (duplicate files),Digitized,"Variable: ST_PosteriorTilt_deg; estimated digitization uncertainty +/- 0.6 deg; value retained in the original paper convention; selected pixel center (349, 402). No interpolation, smoothing, coordinate conversion, or cross-study averaging."
McClure2001,Direct 3-dimensional measurement of scapular kinematics during dynamic movements in vivo,McClure PW; Michener LA; Sennett BJ; Karduna AR,2001,Figure 3A,Dynamic scapular-plane abduction,40 degrees anterior to frontal,Bone-fixed scapular electromagnetic sensor; humeral cuff sensor; thorax skin sensor,True,8,Raising,False,60,,,7.495,,,,,,,7.495,,,,Kinematics paper.pdf / McClure et.al (duplicate files),Digitized,"Variable: ST_PosteriorTilt_deg; estimated digitization uncertainty +/- 0.6 deg; value retained in the original paper convention; selected pixel center (370, 413). No interpolation, smoothing, coordinate conversion, or cross-study averaging."
McClure2001,Direct 3-dimensional measurement of scapular kinematics during dynamic movements in vivo,McClure PW; Michener LA; Sennett BJ; Karduna AR,2001,Figure 3A,Dynamic scapular-plane abduction,40 degrees anterior to frontal,Bone-fixed scapular electromagnetic sensor; humeral cuff sensor; thorax skin sensor,True,8,Lowering,False,60,,,8.244,,,,,,,8.244,,,,Kinematics paper.pdf / McClure et.al (duplicate files),Digitized,"Variable: ST_PosteriorTilt_deg; estimated digitization uncertainty +/- 0.6 deg; value retained in the original paper convention; selected pixel center (370, 406). No interpolation, smoothing, coordinate conversion, or cross-study averaging."
McClure2001,Direct 3-dimensional measurement of scapular kinematics during dynamic movements in vivo,McClure PW; Michener LA; Sennett BJ; Karduna AR,2001,Figure 3A,Dynamic scapular-plane abduction,40 degrees anterior to frontal,Bone-fixed scapular electromagnetic sensor; humeral cuff sensor; thorax skin sensor,True,8,Raising,False,65,,,7.923,,,,,,,7.923,,,,Kinematics paper.pdf / McClure et.al (duplicate files),Digitized,"Variable: ST_PosteriorTilt_deg; estimated digitization uncertainty +/- 0.6 deg; value retained in the original paper convention; selected pixel center (392, 409). No interpolation, smoothing, coordinate conversion, or cross-study averaging."
McClure2001,Direct 3-dimensional measurement of scapular kinematics during dynamic movements in vivo,McClure PW; Michener LA; Sennett BJ; Karduna AR,2001,Figure 3A,Dynamic scapular-plane abduction,40 degrees anterior to frontal,Bone-fixed scapular electromagnetic sensor; humeral cuff sensor; thorax skin sensor,True,8,Lowering,False,65,,,8.779,,,,,,,8.779,,,,Kinematics paper.pdf / McClure et.al (duplicate files),Digitized,"Variable: ST_PosteriorTilt_deg; estimated digitization uncertainty +/- 0.6 deg; value retained in the original paper convention; selected pixel center (392, 401). No interpolation, smoothing, coordinate conversion, or cross-study averaging."
McClure2001,Direct 3-dimensional measurement of scapular kinematics during dynamic movements in vivo,McClure PW; Michener LA; Sennett BJ; Karduna AR,2001,Figure 3A,Dynamic scapular-plane abduction,40 degrees anterior to frontal,Bone-fixed scapular electromagnetic sensor; humeral cuff sensor; thorax skin sensor,True,8,Raising,False,70,,,8.351,,,,,,,8.351,,,,Kinematics paper.pdf / McClure et.al (duplicate files),Digitized,"Variable: ST_PosteriorTilt_deg; estimated digitization uncertainty +/- 0.6 deg; value retained in the original paper convention; selected pixel center (413, 405). No interpolation, smoothing, coordinate conversion, or cross-study averaging."
McClure2001,Direct 3-dimensional measurement of scapular kinematics during dynamic movements in vivo,McClure PW; Michener LA; Sennett BJ; Karduna AR,2001,Figure 3A,Dynamic scapular-plane abduction,40 degrees anterior to frontal,Bone-fixed scapular electromagnetic sensor; humeral cuff sensor; thorax skin sensor,True,8,Lowering,False,70,,,9.315,,,,,,,9.315,,,,Kinematics paper.pdf / McClure et.al (duplicate files),Digitized,"Variable: ST_PosteriorTilt_deg; estimated digitization uncertainty +/- 0.6 deg; value retained in the original paper convention; selected pixel center (413, 396). No interpolation, smoothing, coordinate conversion, or cross-study averaging."
McClure2001,Direct 3-dimensional measurement of scapular kinematics during dynamic movements in vivo,McClure PW; Michener LA; Sennett BJ; Karduna AR,2001,Figure 3A,Dynamic scapular-plane abduction,40 degrees anterior to frontal,Bone-fixed scapular electromagnetic sensor; humeral cuff sensor; thorax skin sensor,True,8,Raising,False,75,,,8.779,,,,,,,8.779,,,,Kinematics paper.pdf / McClure et.al (duplicate files),Digitized,"Variable: ST_PosteriorTilt_deg; estimated digitization uncertainty +/- 0.6 deg; value retained in the original paper convention; selected pixel center (435, 401). No interpolation, smoothing, coordinate conversion, or cross-study averaging."
McClure2001,Direct 3-dimensional measurement of scapular kinematics during dynamic movements in vivo,McClure PW; Michener LA; Sennett BJ; Karduna AR,2001,Figure 3A,Dynamic scapular-plane abduction,40 degrees anterior to frontal,Bone-fixed scapular electromagnetic sensor; humeral cuff sensor; thorax skin sensor,True,8,Lowering,False,75,,,10.921,,,,,,,10.921,,,,Kinematics paper.pdf / McClure et.al (duplicate files),Digitized,"Variable: ST_PosteriorTilt_deg; estimated digitization uncertainty +/- 0.6 deg; value retained in the original paper convention; selected pixel center (435, 381). No interpolation, smoothing, coordinate conversion, or cross-study averaging."
McClure2001,Direct 3-dimensional measurement of scapular kinematics during dynamic movements in vivo,McClure PW; Michener LA; Sennett BJ; Karduna AR,2001,Figure 3A,Dynamic scapular-plane abduction,40 degrees anterior to frontal,Bone-fixed scapular electromagnetic sensor; humeral cuff sensor; thorax skin sensor,True,8,Raising,False,80,,,9.315,,,,,,,9.315,,,,Kinematics paper.pdf / McClure et.al (duplicate files),Digitized,"Variable: ST_PosteriorTilt_deg; estimated digitization uncertainty +/- 0.6 deg; value retained in the original paper convention; selected pixel center (456, 396). No interpolation, smoothing, coordinate conversion, or cross-study averaging."
McClure2001,Direct 3-dimensional measurement of scapular kinematics during dynamic movements in vivo,McClure PW; Michener LA; Sennett BJ; Karduna AR,2001,Figure 3A,Dynamic scapular-plane abduction,40 degrees anterior to frontal,Bone-fixed scapular electromagnetic sensor; humeral cuff sensor; thorax skin sensor,True,8,Lowering,False,80,,,11.456,,,,,,,11.456,,,,Kinematics paper.pdf / McClure et.al (duplicate files),Digitized,"Variable: ST_PosteriorTilt_deg; estimated digitization uncertainty +/- 0.6 deg; value retained in the original paper convention; selected pixel center (456, 376). No interpolation, smoothing, coordinate conversion, or cross-study averaging."
McClure2001,Direct 3-dimensional measurement of scapular kinematics during dynamic movements in vivo,McClure PW; Michener LA; Sennett BJ; Karduna AR,2001,Figure 3A,Dynamic scapular-plane abduction,40 degrees anterior to frontal,Bone-fixed scapular electromagnetic sensor; humeral cuff sensor; thorax skin sensor,True,8,Raising,False,85,,,10.493,,,,,,,10.493,,,,Kinematics paper.pdf / McClure et.al (duplicate files),Digitized,"Variable: ST_PosteriorTilt_deg; estimated digitization uncertainty +/- 0.6 deg; value retained in the original paper convention; selected pixel center (478, 385). No interpolation, smoothing, coordinate conversion, or cross-study averaging."
McClure2001,Direct 3-dimensional measurement of scapular kinematics during dynamic movements in vivo,McClure PW; Michener LA; Sennett BJ; Karduna AR,2001,Figure 3A,Dynamic scapular-plane abduction,40 degrees anterior to frontal,Bone-fixed scapular electromagnetic sensor; humeral cuff sensor; thorax skin sensor,True,8,Lowering,False,85,,,12.099,,,,,,,12.099,,,,Kinematics paper.pdf / McClure et.al (duplicate files),Digitized,"Variable: ST_PosteriorTilt_deg; estimated digitization uncertainty +/- 0.6 deg; value retained in the original paper convention; selected pixel center (478, 370). No interpolation, smoothing, coordinate conversion, or cross-study averaging."
McClure2001,Direct 3-dimensional measurement of scapular kinematics during dynamic movements in vivo,McClure PW; Michener LA; Sennett BJ; Karduna AR,2001,Figure 3A,Dynamic scapular-plane abduction,40 degrees anterior to frontal,Bone-fixed scapular electromagnetic sensor; humeral cuff sensor; thorax skin sensor,True,8,Raising,False,90,,,11.028,,,,,,,11.028,,,,Kinematics paper.pdf / McClure et.al (duplicate files),Digitized,"Variable: ST_PosteriorTilt_deg; estimated digitization uncertainty +/- 0.6 deg; value retained in the original paper convention; selected pixel center (500, 380). No interpolation, smoothing, coordinate conversion, or cross-study averaging."
McClure2001,Direct 3-dimensional measurement of scapular kinematics during dynamic movements in vivo,McClure PW; Michener LA; Sennett BJ; Karduna AR,2001,Figure 3A,Dynamic scapular-plane abduction,40 degrees anterior to frontal,Bone-fixed scapular electromagnetic sensor; humeral cuff sensor; thorax skin sensor,True,8,Lowering,False,90,,,12.634,,,,,,,12.634,,,,Kinematics paper.pdf / McClure et.al (duplicate files),Digitized,"Variable: ST_PosteriorTilt_deg; estimated digitization uncertainty +/- 0.6 deg; value retained in the original paper convention; selected pixel center (500, 365). No interpolation, smoothing, coordinate conversion, or cross-study averaging."
McClure2001,Direct 3-dimensional measurement of scapular kinematics during dynamic movements in vivo,McClure PW; Michener LA; Sennett BJ; Karduna AR,2001,Figure 3A,Dynamic scapular-plane abduction,40 degrees anterior to frontal,Bone-fixed scapular electromagnetic sensor; humeral cuff sensor; thorax skin sensor,True,8,Raising,False,95,,,11.028,,,,,,,11.028,,,,Kinematics paper.pdf / McClure et.al (duplicate files),Digitized,"Variable: ST_PosteriorTilt_deg; estimated digitization uncertainty +/- 0.6 deg; value retained in the original paper convention; selected pixel center (521, 380). No interpolation, smoothing, coordinate conversion, or cross-study averaging."
McClure2001,Direct 3-dimensional measurement of scapular kinematics during dynamic movements in vivo,McClure PW; Michener LA; Sennett BJ; Karduna AR,2001,Figure 3A,Dynamic scapular-plane abduction,40 degrees anterior to frontal,Bone-fixed scapular electromagnetic sensor; humeral cuff sensor; thorax skin sensor,True,8,Lowering,False,95,,,13.490,,,,,,,13.490,,,,Kinematics paper.pdf / McClure et.al (duplicate files),Digitized,"Variable: ST_PosteriorTilt_deg; estimated digitization uncertainty +/- 0.6 deg; value retained in the original paper convention; selected pixel center (521, 357). No interpolation, smoothing, coordinate conversion, or cross-study averaging."
McClure2001,Direct 3-dimensional measurement of scapular kinematics during dynamic movements in vivo,McClure PW; Michener LA; Sennett BJ; Karduna AR,2001,Figure 3A,Dynamic scapular-plane abduction,40 degrees anterior to frontal,Bone-fixed scapular electromagnetic sensor; humeral cuff sensor; thorax skin sensor,True,8,Raising,False,100,,,11.670,,,,,,,11.670,,,,Kinematics paper.pdf / McClure et.al (duplicate files),Digitized,"Variable: ST_PosteriorTilt_deg; estimated digitization uncertainty +/- 0.6 deg; value retained in the original paper convention; selected pixel center (543, 374). No interpolation, smoothing, coordinate conversion, or cross-study averaging."
McClure2001,Direct 3-dimensional measurement of scapular kinematics during dynamic movements in vivo,McClure PW; Michener LA; Sennett BJ; Karduna AR,2001,Figure 3A,Dynamic scapular-plane abduction,40 degrees anterior to frontal,Bone-fixed scapular electromagnetic sensor; humeral cuff sensor; thorax skin sensor,True,8,Lowering,False,100,,,14.561,,,,,,,14.561,,,,Kinematics paper.pdf / McClure et.al (duplicate files),Digitized,"Variable: ST_PosteriorTilt_deg; estimated digitization uncertainty +/- 0.6 deg; value retained in the original paper convention; selected pixel center (543, 347). No interpolation, smoothing, coordinate conversion, or cross-study averaging."
McClure2001,Direct 3-dimensional measurement of scapular kinematics during dynamic movements in vivo,McClure PW; Michener LA; Sennett BJ; Karduna AR,2001,Figure 3A,Dynamic scapular-plane abduction,40 degrees anterior to frontal,Bone-fixed scapular electromagnetic sensor; humeral cuff sensor; thorax skin sensor,True,8,Raising,False,105,,,12.527,,,,,,,12.527,,,,Kinematics paper.pdf / McClure et.al (duplicate files),Digitized,"Variable: ST_PosteriorTilt_deg; estimated digitization uncertainty +/- 0.6 deg; value retained in the original paper convention; selected pixel center (564, 366). No interpolation, smoothing, coordinate conversion, or cross-study averaging."
McClure2001,Direct 3-dimensional measurement of scapular kinematics during dynamic movements in vivo,McClure PW; Michener LA; Sennett BJ; Karduna AR,2001,Figure 3A,Dynamic scapular-plane abduction,40 degrees anterior to frontal,Bone-fixed scapular electromagnetic sensor; humeral cuff sensor; thorax skin sensor,True,8,Lowering,False,105,,,15.632,,,,,,,15.632,,,,Kinematics paper.pdf / McClure et.al (duplicate files),Digitized,"Variable: ST_PosteriorTilt_deg; estimated digitization uncertainty +/- 0.6 deg; value retained in the original paper convention; selected pixel center (564, 337). No interpolation, smoothing, coordinate conversion, or cross-study averaging."
McClure2001,Direct 3-dimensional measurement of scapular kinematics during dynamic movements in vivo,McClure PW; Michener LA; Sennett BJ; Karduna AR,2001,Figure 3A,Dynamic scapular-plane abduction,40 degrees anterior to frontal,Bone-fixed scapular electromagnetic sensor; humeral cuff sensor; thorax skin sensor,True,8,Raising,False,110,,,13.276,,,,,,,13.276,,,,Kinematics paper.pdf / McClure et.al (duplicate files),Digitized,"Variable: ST_PosteriorTilt_deg; estimated digitization uncertainty +/- 0.6 deg; value retained in the original paper convention; selected pixel center (586, 359). No interpolation, smoothing, coordinate conversion, or cross-study averaging."
McClure2001,Direct 3-dimensional measurement of scapular kinematics during dynamic movements in vivo,McClure PW; Michener LA; Sennett BJ; Karduna AR,2001,Figure 3A,Dynamic scapular-plane abduction,40 degrees anterior to frontal,Bone-fixed scapular electromagnetic sensor; humeral cuff sensor; thorax skin sensor,True,8,Lowering,False,110,,,16.702,,,,,,,16.702,,,,Kinematics paper.pdf / McClure et.al (duplicate files),Digitized,"Variable: ST_PosteriorTilt_deg; estimated digitization uncertainty +/- 0.6 deg; value retained in the original paper convention; selected pixel center (586, 327). No interpolation, smoothing, coordinate conversion, or cross-study averaging."
McClure2001,Direct 3-dimensional measurement of scapular kinematics during dynamic movements in vivo,McClure PW; Michener LA; Sennett BJ; Karduna AR,2001,Figure 3A,Dynamic scapular-plane abduction,40 degrees anterior to frontal,Bone-fixed scapular electromagnetic sensor; humeral cuff sensor; thorax skin sensor,True,8,Raising,False,115,,,14.347,,,,,,,14.347,,,,Kinematics paper.pdf / McClure et.al (duplicate files),Digitized,"Variable: ST_PosteriorTilt_deg; estimated digitization uncertainty +/- 0.6 deg; value retained in the original paper convention; selected pixel center (608, 349). No interpolation, smoothing, coordinate conversion, or cross-study averaging."
McClure2001,Direct 3-dimensional measurement of scapular kinematics during dynamic movements in vivo,McClure PW; Michener LA; Sennett BJ; Karduna AR,2001,Figure 3A,Dynamic scapular-plane abduction,40 degrees anterior to frontal,Bone-fixed scapular electromagnetic sensor; humeral cuff sensor; thorax skin sensor,True,8,Lowering,False,115,,,15.310,,,,,,,15.310,,,,Kinematics paper.pdf / McClure et.al (duplicate files),Digitized,"Variable: ST_PosteriorTilt_deg; estimated digitization uncertainty +/- 0.6 deg; value retained in the original paper convention; selected pixel center (608, 340). No interpolation, smoothing, coordinate conversion, or cross-study averaging."
McClure2001,Direct 3-dimensional measurement of scapular kinematics during dynamic movements in vivo,McClure PW; Michener LA; Sennett BJ; Karduna AR,2001,Figure 3A,Dynamic scapular-plane abduction,40 degrees anterior to frontal,Bone-fixed scapular electromagnetic sensor; humeral cuff sensor; thorax skin sensor,True,8,Raising,False,120,,,15.632,,,,,,,15.632,,,,Kinematics paper.pdf / McClure et.al (duplicate files),Digitized,"Variable: ST_PosteriorTilt_deg; estimated digitization uncertainty +/- 0.6 deg; value retained in the original paper convention; selected pixel center (629, 337). No interpolation, smoothing, coordinate conversion, or cross-study averaging."
McClure2001,Direct 3-dimensional measurement of scapular kinematics during dynamic movements in vivo,McClure PW; Michener LA; Sennett BJ; Karduna AR,2001,Figure 3A,Dynamic scapular-plane abduction,40 degrees anterior to frontal,Bone-fixed scapular electromagnetic sensor; humeral cuff sensor; thorax skin sensor,True,8,Lowering,False,120,,,16.702,,,,,,,16.702,,,,Kinematics paper.pdf / McClure et.al (duplicate files),Digitized,"Variable: ST_PosteriorTilt_deg; estimated digitization uncertainty +/- 0.6 deg; value retained in the original paper convention; selected pixel center (629, 327). No interpolation, smoothing, coordinate conversion, or cross-study averaging."
McClure2001,Direct 3-dimensional measurement of scapular kinematics during dynamic movements in vivo,McClure PW; Michener LA; Sennett BJ; Karduna AR,2001,Figure 3A,Dynamic scapular-plane abduction,40 degrees anterior to frontal,Bone-fixed scapular electromagnetic sensor; humeral cuff sensor; thorax skin sensor,True,8,Raising,False,125,,,17.345,,,,,,,17.345,,,,Kinematics paper.pdf / McClure et.al (duplicate files),Digitized,"Variable: ST_PosteriorTilt_deg; estimated digitization uncertainty +/- 0.6 deg; value retained in the original paper convention; selected pixel center (651, 321). No interpolation, smoothing, coordinate conversion, or cross-study averaging."
McClure2001,Direct 3-dimensional measurement of scapular kinematics during dynamic movements in vivo,McClure PW; Michener LA; Sennett BJ; Karduna AR,2001,Figure 3A,Dynamic scapular-plane abduction,40 degrees anterior to frontal,Bone-fixed scapular electromagnetic sensor; humeral cuff sensor; thorax skin sensor,True,8,Lowering,False,125,,,18.308,,,,,,,18.308,,,,Kinematics paper.pdf / McClure et.al (duplicate files),Digitized,"Variable: ST_PosteriorTilt_deg; estimated digitization uncertainty +/- 0.6 deg; value retained in the original paper convention; selected pixel center (651, 312). No interpolation, smoothing, coordinate conversion, or cross-study averaging."
McClure2001,Direct 3-dimensional measurement of scapular kinematics during dynamic movements in vivo,McClure PW; Michener LA; Sennett BJ; Karduna AR,2001,Figure 3A,Dynamic scapular-plane abduction,40 degrees anterior to frontal,Bone-fixed scapular electromagnetic sensor; humeral cuff sensor; thorax skin sensor,True,8,Raising,False,130,,,19.593,,,,,,,19.593,,,,Kinematics paper.pdf / McClure et.al (duplicate files),Digitized,"Variable: ST_PosteriorTilt_deg; estimated digitization uncertainty +/- 0.6 deg; value retained in the original paper convention; selected pixel center (672, 300). No interpolation, smoothing, coordinate conversion, or cross-study averaging."
McClure2001,Direct 3-dimensional measurement of scapular kinematics during dynamic movements in vivo,McClure PW; Michener LA; Sennett BJ; Karduna AR,2001,Figure 3A,Dynamic scapular-plane abduction,40 degrees anterior to frontal,Bone-fixed scapular electromagnetic sensor; humeral cuff sensor; thorax skin sensor,True,8,Lowering,False,130,,,20.557,,,,,,,20.557,,,,Kinematics paper.pdf / McClure et.al (duplicate files),Digitized,"Variable: ST_PosteriorTilt_deg; estimated digitization uncertainty +/- 0.6 deg; value retained in the original paper convention; selected pixel center (672, 291). No interpolation, smoothing, coordinate conversion, or cross-study averaging."
McClure2001,Direct 3-dimensional measurement of scapular kinematics during dynamic movements in vivo,McClure PW; Michener LA; Sennett BJ; Karduna AR,2001,Figure 3A,Dynamic scapular-plane abduction,40 degrees anterior to frontal,Bone-fixed scapular electromagnetic sensor; humeral cuff sensor; thorax skin sensor,True,8,Raising,False,135,,,22.163,,,,,,,22.163,,,,Kinematics paper.pdf / McClure et.al (duplicate files),Digitized,"Variable: ST_PosteriorTilt_deg; estimated digitization uncertainty +/- 0.6 deg; value retained in the original paper convention; selected pixel center (694, 276). No interpolation, smoothing, coordinate conversion, or cross-study averaging."
McClure2001,Direct 3-dimensional measurement of scapular kinematics during dynamic movements in vivo,McClure PW; Michener LA; Sennett BJ; Karduna AR,2001,Figure 3A,Dynamic scapular-plane abduction,40 degrees anterior to frontal,Bone-fixed scapular electromagnetic sensor; humeral cuff sensor; thorax skin sensor,True,8,Lowering,False,135,,,25.482,,,,,,,25.482,,,,Kinematics paper.pdf / McClure et.al (duplicate files),Digitized,"Variable: ST_PosteriorTilt_deg; estimated digitization uncertainty +/- 0.6 deg; value retained in the original paper convention; selected pixel center (694, 245). No interpolation, smoothing, coordinate conversion, or cross-study averaging."
McClure2001,Direct 3-dimensional measurement of scapular kinematics during dynamic movements in vivo,McClure PW; Michener LA; Sennett BJ; Karduna AR,2001,Figure 3A,Dynamic scapular-plane abduction,40 degrees anterior to frontal,Bone-fixed scapular electromagnetic sensor; humeral cuff sensor; thorax skin sensor,True,8,Raising,False,147,,,33.298,,,,,,,33.298,,,,Kinematics paper.pdf / McClure et.al (duplicate files),Digitized,"Variable: ST_PosteriorTilt_deg; estimated digitization uncertainty +/- 0.6 deg; value retained in the original paper convention; selected pixel center (746, 172). No interpolation, smoothing, coordinate conversion, or cross-study averaging."
McClure2001,Direct 3-dimensional measurement of scapular kinematics during dynamic movements in vivo,McClure PW; Michener LA; Sennett BJ; Karduna AR,2001,Figure 3A,Dynamic scapular-plane abduction,40 degrees anterior to frontal,Bone-fixed scapular electromagnetic sensor; humeral cuff sensor; thorax skin sensor,True,8,Lowering,False,147,,,34.261,,,,,,,34.261,,,,Kinematics paper.pdf / McClure et.al (duplicate files),Digitized,"Variable: ST_PosteriorTilt_deg; estimated digitization uncertainty +/- 0.6 deg; value retained in the original paper convention; selected pixel center (746, 163). No interpolation, smoothing, coordinate conversion, or cross-study averaging."
McClure2001,Direct 3-dimensional measurement of scapular kinematics during dynamic movements in vivo,McClure PW; Michener LA; Sennett BJ; Karduna AR,2001,Figure 3D,Dynamic scapular-plane abduction,40 degrees anterior to frontal,Bone-fixed scapular electromagnetic sensor; humeral cuff sensor; thorax skin sensor,True,8,Raising,False,11,,,,,,,,,,-18.507,,,,Kinematics paper.pdf / McClure et.al (duplicate files),Digitized,"Variable: Clavicular plane rotation; estimated digitization uncertainty +/- 0.5 deg; value retained in the original paper convention; selected pixel center (1186, 129). No interpolation, smoothing, coordinate conversion, or cross-study averaging."
McClure2001,Direct 3-dimensional measurement of scapular kinematics during dynamic movements in vivo,McClure PW; Michener LA; Sennett BJ; Karduna AR,2001,Figure 3D,Dynamic scapular-plane abduction,40 degrees anterior to frontal,Bone-fixed scapular electromagnetic sensor; humeral cuff sensor; thorax skin sensor,True,8,Lowering,False,11,,,,,,,,,,-19.179,,,,Kinematics paper.pdf / McClure et.al (duplicate files),Digitized,"Variable: Clavicular plane rotation; estimated digitization uncertainty +/- 0.5 deg; value retained in the original paper convention; selected pixel center (1186, 138). No interpolation, smoothing, coordinate conversion, or cross-study averaging."
McClure2001,Direct 3-dimensional measurement of scapular kinematics during dynamic movements in vivo,McClure PW; Michener LA; Sennett BJ; Karduna AR,2001,Figure 3D,Dynamic scapular-plane abduction,40 degrees anterior to frontal,Bone-fixed scapular electromagnetic sensor; humeral cuff sensor; thorax skin sensor,True,8,Raising,False,25,,,,,,,,,,-18.433,,,,Kinematics paper.pdf / McClure et.al (duplicate files),Digitized,"Variable: Clavicular plane rotation; estimated digitization uncertainty +/- 0.5 deg; value retained in the original paper convention; selected pixel center (1246, 128). No interpolation, smoothing, coordinate conversion, or cross-study averaging."
McClure2001,Direct 3-dimensional measurement of scapular kinematics during dynamic movements in vivo,McClure PW; Michener LA; Sennett BJ; Karduna AR,2001,Figure 3D,Dynamic scapular-plane abduction,40 degrees anterior to frontal,Bone-fixed scapular electromagnetic sensor; humeral cuff sensor; thorax skin sensor,True,8,Lowering,False,25,,,,,,,,,,-20.448,,,,Kinematics paper.pdf / McClure et.al (duplicate files),Digitized,"Variable: Clavicular plane rotation; estimated digitization uncertainty +/- 0.5 deg; value retained in the original paper convention; selected pixel center (1246, 155). No interpolation, smoothing, coordinate conversion, or cross-study averaging."
McClure2001,Direct 3-dimensional measurement of scapular kinematics during dynamic movements in vivo,McClure PW; Michener LA; Sennett BJ; Karduna AR,2001,Figure 3D,Dynamic scapular-plane abduction,40 degrees anterior to frontal,Bone-fixed scapular electromagnetic sensor; humeral cuff sensor; thorax skin sensor,True,8,Raising,False,30,,,,,,,,,,-18.806,,,,Kinematics paper.pdf / McClure et.al (duplicate files),Digitized,"Variable: Clavicular plane rotation; estimated digitization uncertainty +/- 0.5 deg; value retained in the original paper convention; selected pixel center (1268, 133). No interpolation, smoothing, coordinate conversion, or cross-study averaging."
McClure2001,Direct 3-dimensional measurement of scapular kinematics during dynamic movements in vivo,McClure PW; Michener LA; Sennett BJ; Karduna AR,2001,Figure 3D,Dynamic scapular-plane abduction,40 degrees anterior to frontal,Bone-fixed scapular electromagnetic sensor; humeral cuff sensor; thorax skin sensor,True,8,Lowering,False,30,,,,,,,,,,-21.194,,,,Kinematics paper.pdf / McClure et.al (duplicate files),Digitized,"Variable: Clavicular plane rotation; estimated digitization uncertainty +/- 0.5 deg; value retained in the original paper convention; selected pixel center (1268, 165). No interpolation, smoothing, coordinate conversion, or cross-study averaging."
McClure2001,Direct 3-dimensional measurement of scapular kinematics during dynamic movements in vivo,McClure PW; Michener LA; Sennett BJ; Karduna AR,2001,Figure 3D,Dynamic scapular-plane abduction,40 degrees anterior to frontal,Bone-fixed scapular electromagnetic sensor; humeral cuff sensor; thorax skin sensor,True,8,Raising,False,35,,,,,,,,,,-19.179,,,,Kinematics paper.pdf / McClure et.al (duplicate files),Digitized,"Variable: Clavicular plane rotation; estimated digitization uncertainty +/- 0.5 deg; value retained in the original paper convention; selected pixel center (1289, 138). No interpolation, smoothing, coordinate conversion, or cross-study averaging."
McClure2001,Direct 3-dimensional measurement of scapular kinematics during dynamic movements in vivo,McClure PW; Michener LA; Sennett BJ; Karduna AR,2001,Figure 3D,Dynamic scapular-plane abduction,40 degrees anterior to frontal,Bone-fixed scapular electromagnetic sensor; humeral cuff sensor; thorax skin sensor,True,8,Lowering,False,35,,,,,,,,,,-21.940,,,,Kinematics paper.pdf / McClure et.al (duplicate files),Digitized,"Variable: Clavicular plane rotation; estimated digitization uncertainty +/- 0.5 deg; value retained in the original paper convention; selected pixel center (1289, 175). No interpolation, smoothing, coordinate conversion, or cross-study averaging."
McClure2001,Direct 3-dimensional measurement of scapular kinematics during dynamic movements in vivo,McClure PW; Michener LA; Sennett BJ; Karduna AR,2001,Figure 3D,Dynamic scapular-plane abduction,40 degrees anterior to frontal,Bone-fixed scapular electromagnetic sensor; humeral cuff sensor; thorax skin sensor,True,8,Raising,False,40,,,,,,,,,,-19.627,,,,Kinematics paper.pdf / McClure et.al (duplicate files),Digitized,"Variable: Clavicular plane rotation; estimated digitization uncertainty +/- 0.5 deg; value retained in the original paper convention; selected pixel center (1311, 144). No interpolation, smoothing, coordinate conversion, or cross-study averaging."
McClure2001,Direct 3-dimensional measurement of scapular kinematics during dynamic movements in vivo,McClure PW; Michener LA; Sennett BJ; Karduna AR,2001,Figure 3D,Dynamic scapular-plane abduction,40 degrees anterior to frontal,Bone-fixed scapular electromagnetic sensor; humeral cuff sensor; thorax skin sensor,True,8,Lowering,False,40,,,,,,,,,,-23.806,,,,Kinematics paper.pdf / McClure et.al (duplicate files),Digitized,"Variable: Clavicular plane rotation; estimated digitization uncertainty +/- 0.5 deg; value retained in the original paper convention; selected pixel center (1311, 200). No interpolation, smoothing, coordinate conversion, or cross-study averaging."
McClure2001,Direct 3-dimensional measurement of scapular kinematics during dynamic movements in vivo,McClure PW; Michener LA; Sennett BJ; Karduna AR,2001,Figure 3D,Dynamic scapular-plane abduction,40 degrees anterior to frontal,Bone-fixed scapular electromagnetic sensor; humeral cuff sensor; thorax skin sensor,True,8,Raising,False,45,,,,,,,,,,-19.552,,,,Kinematics paper.pdf / McClure et.al (duplicate files),Digitized,"Variable: Clavicular plane rotation; estimated digitization uncertainty +/- 0.5 deg; value retained in the original paper convention; selected pixel center (1333, 143). No interpolation, smoothing, coordinate conversion, or cross-study averaging."
McClure2001,Direct 3-dimensional measurement of scapular kinematics during dynamic movements in vivo,McClure PW; Michener LA; Sennett BJ; Karduna AR,2001,Figure 3D,Dynamic scapular-plane abduction,40 degrees anterior to frontal,Bone-fixed scapular electromagnetic sensor; humeral cuff sensor; thorax skin sensor,True,8,Lowering,False,45,,,,,,,,,,-20.746,,,,Kinematics paper.pdf / McClure et.al (duplicate files),Digitized,"Variable: Clavicular plane rotation; estimated digitization uncertainty +/- 0.5 deg; value retained in the original paper convention; selected pixel center (1333, 159). No interpolation, smoothing, coordinate conversion, or cross-study averaging."
McClure2001,Direct 3-dimensional measurement of scapular kinematics during dynamic movements in vivo,McClure PW; Michener LA; Sennett BJ; Karduna AR,2001,Figure 3D,Dynamic scapular-plane abduction,40 degrees anterior to frontal,Bone-fixed scapular electromagnetic sensor; humeral cuff sensor; thorax skin sensor,True,8,Raising,False,50,,,,,,,,,,-20.522,,,,Kinematics paper.pdf / McClure et.al (duplicate files),Digitized,"Variable: Clavicular plane rotation; estimated digitization uncertainty +/- 0.5 deg; value retained in the original paper convention; selected pixel center (1354, 156). No interpolation, smoothing, coordinate conversion, or cross-study averaging."
McClure2001,Direct 3-dimensional measurement of scapular kinematics during dynamic movements in vivo,McClure PW; Michener LA; Sennett BJ; Karduna AR,2001,Figure 3D,Dynamic scapular-plane abduction,40 degrees anterior to frontal,Bone-fixed scapular electromagnetic sensor; humeral cuff sensor; thorax skin sensor,True,8,Lowering,False,50,,,,,,,,,,-24.254,,,,Kinematics paper.pdf / McClure et.al (duplicate files),Digitized,"Variable: Clavicular plane rotation; estimated digitization uncertainty +/- 0.5 deg; value retained in the original paper convention; selected pixel center (1354, 206). No interpolation, smoothing, coordinate conversion, or cross-study averaging."
McClure2001,Direct 3-dimensional measurement of scapular kinematics during dynamic movements in vivo,McClure PW; Michener LA; Sennett BJ; Karduna AR,2001,Figure 3D,Dynamic scapular-plane abduction,40 degrees anterior to frontal,Bone-fixed scapular electromagnetic sensor; humeral cuff sensor; thorax skin sensor,True,8,Raising,False,55,,,,,,,,,,-20.970,,,,Kinematics paper.pdf / McClure et.al (duplicate files),Digitized,"Variable: Clavicular plane rotation; estimated digitization uncertainty +/- 0.5 deg; value retained in the original paper convention; selected pixel center (1376, 162). No interpolation, smoothing, coordinate conversion, or cross-study averaging."
McClure2001,Direct 3-dimensional measurement of scapular kinematics during dynamic movements in vivo,McClure PW; Michener LA; Sennett BJ; Karduna AR,2001,Figure 3D,Dynamic scapular-plane abduction,40 degrees anterior to frontal,Bone-fixed scapular electromagnetic sensor; humeral cuff sensor; thorax skin sensor,True,8,Lowering,False,55,,,,,,,,,,-25.672,,,,Kinematics paper.pdf / McClure et.al (duplicate files),Digitized,"Variable: Clavicular plane rotation; estimated digitization uncertainty +/- 0.5 deg; value retained in the original paper convention; selected pixel center (1376, 225). No interpolation, smoothing, coordinate conversion, or cross-study averaging."
McClure2001,Direct 3-dimensional measurement of scapular kinematics during dynamic movements in vivo,McClure PW; Michener LA; Sennett BJ; Karduna AR,2001,Figure 3D,Dynamic scapular-plane abduction,40 degrees anterior to frontal,Bone-fixed scapular electromagnetic sensor; humeral cuff sensor; thorax skin sensor,True,8,Raising,False,60,,,,,,,,,,-21.493,,,,Kinematics paper.pdf / McClure et.al (duplicate files),Digitized,"Variable: Clavicular plane rotation; estimated digitization uncertainty +/- 0.5 deg; value retained in the original paper convention; selected pixel center (1398, 169). No interpolation, smoothing, coordinate conversion, or cross-study averaging."
McClure2001,Direct 3-dimensional measurement of scapular kinematics during dynamic movements in vivo,McClure PW; Michener LA; Sennett BJ; Karduna AR,2001,Figure 3D,Dynamic scapular-plane abduction,40 degrees anterior to frontal,Bone-fixed scapular electromagnetic sensor; humeral cuff sensor; thorax skin sensor,True,8,Lowering,False,60,,,,,,,,,,-26.269,,,,Kinematics paper.pdf / McClure et.al (duplicate files),Digitized,"Variable: Clavicular plane rotation; estimated digitization uncertainty +/- 0.5 deg; value retained in the original paper convention; selected pixel center (1398, 233). No interpolation, smoothing, coordinate conversion, or cross-study averaging."
McClure2001,Direct 3-dimensional measurement of scapular kinematics during dynamic movements in vivo,McClure PW; Michener LA; Sennett BJ; Karduna AR,2001,Figure 3D,Dynamic scapular-plane abduction,40 degrees anterior to frontal,Bone-fixed scapular electromagnetic sensor; humeral cuff sensor; thorax skin sensor,True,8,Raising,False,65,,,,,,,,,,-21.940,,,,Kinematics paper.pdf / McClure et.al (duplicate files),Digitized,"Variable: Clavicular plane rotation; estimated digitization uncertainty +/- 0.5 deg; value retained in the original paper convention; selected pixel center (1419, 175). No interpolation, smoothing, coordinate conversion, or cross-study averaging."
McClure2001,Direct 3-dimensional measurement of scapular kinematics during dynamic movements in vivo,McClure PW; Michener LA; Sennett BJ; Karduna AR,2001,Figure 3D,Dynamic scapular-plane abduction,40 degrees anterior to frontal,Bone-fixed scapular electromagnetic sensor; humeral cuff sensor; thorax skin sensor,True,8,Lowering,False,65,,,,,,,,,,-26.716,,,,Kinematics paper.pdf / McClure et.al (duplicate files),Digitized,"Variable: Clavicular plane rotation; estimated digitization uncertainty +/- 0.5 deg; value retained in the original paper convention; selected pixel center (1419, 239). No interpolation, smoothing, coordinate conversion, or cross-study averaging."
McClure2001,Direct 3-dimensional measurement of scapular kinematics during dynamic movements in vivo,McClure PW; Michener LA; Sennett BJ; Karduna AR,2001,Figure 3D,Dynamic scapular-plane abduction,40 degrees anterior to frontal,Bone-fixed scapular electromagnetic sensor; humeral cuff sensor; thorax skin sensor,True,8,Raising,False,70,,,,,,,,,,-22.537,,,,Kinematics paper.pdf / McClure et.al (duplicate files),Digitized,"Variable: Clavicular plane rotation; estimated digitization uncertainty +/- 0.5 deg; value retained in the original paper convention; selected pixel center (1441, 183). No interpolation, smoothing, coordinate conversion, or cross-study averaging."
McClure2001,Direct 3-dimensional measurement of scapular kinematics during dynamic movements in vivo,McClure PW; Michener LA; Sennett BJ; Karduna AR,2001,Figure 3D,Dynamic scapular-plane abduction,40 degrees anterior to frontal,Bone-fixed scapular electromagnetic sensor; humeral cuff sensor; thorax skin sensor,True,8,Lowering,False,70,,,,,,,,,,-27.313,,,,Kinematics paper.pdf / McClure et.al (duplicate files),Digitized,"Variable: Clavicular plane rotation; estimated digitization uncertainty +/- 0.5 deg; value retained in the original paper convention; selected pixel center (1441, 247). No interpolation, smoothing, coordinate conversion, or cross-study averaging."
McClure2001,Direct 3-dimensional measurement of scapular kinematics during dynamic movements in vivo,McClure PW; Michener LA; Sennett BJ; Karduna AR,2001,Figure 3D,Dynamic scapular-plane abduction,40 degrees anterior to frontal,Bone-fixed scapular electromagnetic sensor; humeral cuff sensor; thorax skin sensor,True,8,Raising,False,75,,,,,,,,,,-23.060,,,,Kinematics paper.pdf / McClure et.al (duplicate files),Digitized,"Variable: Clavicular plane rotation; estimated digitization uncertainty +/- 0.5 deg; value retained in the original paper convention; selected pixel center (1462, 190). No interpolation, smoothing, coordinate conversion, or cross-study averaging."
McClure2001,Direct 3-dimensional measurement of scapular kinematics during dynamic movements in vivo,McClure PW; Michener LA; Sennett BJ; Karduna AR,2001,Figure 3D,Dynamic scapular-plane abduction,40 degrees anterior to frontal,Bone-fixed scapular electromagnetic sensor; humeral cuff sensor; thorax skin sensor,True,8,Lowering,False,75,,,,,,,,,,-27.836,,,,Kinematics paper.pdf / McClure et.al (duplicate files),Digitized,"Variable: Clavicular plane rotation; estimated digitization uncertainty +/- 0.5 deg; value retained in the original paper convention; selected pixel center (1462, 254). No interpolation, smoothing, coordinate conversion, or cross-study averaging."
McClure2001,Direct 3-dimensional measurement of scapular kinematics during dynamic movements in vivo,McClure PW; Michener LA; Sennett BJ; Karduna AR,2001,Figure 3D,Dynamic scapular-plane abduction,40 degrees anterior to frontal,Bone-fixed scapular electromagnetic sensor; humeral cuff sensor; thorax skin sensor,True,8,Raising,False,80,,,,,,,,,,-23.582,,,,Kinematics paper.pdf / McClure et.al (duplicate files),Digitized,"Variable: Clavicular plane rotation; estimated digitization uncertainty +/- 0.5 deg; value retained in the original paper convention; selected pixel center (1484, 197). No interpolation, smoothing, coordinate conversion, or cross-study averaging."
McClure2001,Direct 3-dimensional measurement of scapular kinematics during dynamic movements in vivo,McClure PW; Michener LA; Sennett BJ; Karduna AR,2001,Figure 3D,Dynamic scapular-plane abduction,40 degrees anterior to frontal,Bone-fixed scapular electromagnetic sensor; humeral cuff sensor; thorax skin sensor,True,8,Lowering,False,80,,,,,,,,,,-28.284,,,,Kinematics paper.pdf / McClure et.al (duplicate files),Digitized,"Variable: Clavicular plane rotation; estimated digitization uncertainty +/- 0.5 deg; value retained in the original paper convention; selected pixel center (1484, 260). No interpolation, smoothing, coordinate conversion, or cross-study averaging."
McClure2001,Direct 3-dimensional measurement of scapular kinematics during dynamic movements in vivo,McClure PW; Michener LA; Sennett BJ; Karduna AR,2001,Figure 3D,Dynamic scapular-plane abduction,40 degrees anterior to frontal,Bone-fixed scapular electromagnetic sensor; humeral cuff sensor; thorax skin sensor,True,8,Raising,False,85,,,,,,,,,,-24.179,,,,Kinematics paper.pdf / McClure et.al (duplicate files),Digitized,"Variable: Clavicular plane rotation; estimated digitization uncertainty +/- 0.5 deg; value retained in the original paper convention; selected pixel center (1506, 205). No interpolation, smoothing, coordinate conversion, or cross-study averaging."
McClure2001,Direct 3-dimensional measurement of scapular kinematics during dynamic movements in vivo,McClure PW; Michener LA; Sennett BJ; Karduna AR,2001,Figure 3D,Dynamic scapular-plane abduction,40 degrees anterior to frontal,Bone-fixed scapular electromagnetic sensor; humeral cuff sensor; thorax skin sensor,True,8,Lowering,False,85,,,,,,,,,,-28.806,,,,Kinematics paper.pdf / McClure et.al (duplicate files),Digitized,"Variable: Clavicular plane rotation; estimated digitization uncertainty +/- 0.5 deg; value retained in the original paper convention; selected pixel center (1506, 267). No interpolation, smoothing, coordinate conversion, or cross-study averaging."
McClure2001,Direct 3-dimensional measurement of scapular kinematics during dynamic movements in vivo,McClure PW; Michener LA; Sennett BJ; Karduna AR,2001,Figure 3D,Dynamic scapular-plane abduction,40 degrees anterior to frontal,Bone-fixed scapular electromagnetic sensor; humeral cuff sensor; thorax skin sensor,True,8,Raising,False,90,,,,,,,,,,-24.701,,,,Kinematics paper.pdf / McClure et.al (duplicate files),Digitized,"Variable: Clavicular plane rotation; estimated digitization uncertainty +/- 0.5 deg; value retained in the original paper convention; selected pixel center (1527, 212). No interpolation, smoothing, coordinate conversion, or cross-study averaging."
McClure2001,Direct 3-dimensional measurement of scapular kinematics during dynamic movements in vivo,McClure PW; Michener LA; Sennett BJ; Karduna AR,2001,Figure 3D,Dynamic scapular-plane abduction,40 degrees anterior to frontal,Bone-fixed scapular electromagnetic sensor; humeral cuff sensor; thorax skin sensor,True,8,Lowering,False,90,,,,,,,,,,-29.403,,,,Kinematics paper.pdf / McClure et.al (duplicate files),Digitized,"Variable: Clavicular plane rotation; estimated digitization uncertainty +/- 0.5 deg; value retained in the original paper convention; selected pixel center (1527, 275). No interpolation, smoothing, coordinate conversion, or cross-study averaging."
McClure2001,Direct 3-dimensional measurement of scapular kinematics during dynamic movements in vivo,McClure PW; Michener LA; Sennett BJ; Karduna AR,2001,Figure 3D,Dynamic scapular-plane abduction,40 degrees anterior to frontal,Bone-fixed scapular electromagnetic sensor; humeral cuff sensor; thorax skin sensor,True,8,Raising,False,95,,,,,,,,,,-25.299,,,,Kinematics paper.pdf / McClure et.al (duplicate files),Digitized,"Variable: Clavicular plane rotation; estimated digitization uncertainty +/- 0.5 deg; value retained in the original paper convention; selected pixel center (1549, 220). No interpolation, smoothing, coordinate conversion, or cross-study averaging."
McClure2001,Direct 3-dimensional measurement of scapular kinematics during dynamic movements in vivo,McClure PW; Michener LA; Sennett BJ; Karduna AR,2001,Figure 3D,Dynamic scapular-plane abduction,40 degrees anterior to frontal,Bone-fixed scapular electromagnetic sensor; humeral cuff sensor; thorax skin sensor,True,8,Lowering,False,95,,,,,,,,,,-29.328,,,,Kinematics paper.pdf / McClure et.al (duplicate files),Digitized,"Variable: Clavicular plane rotation; estimated digitization uncertainty +/- 0.5 deg; value retained in the original paper convention; selected pixel center (1549, 274). No interpolation, smoothing, coordinate conversion, or cross-study averaging."
McClure2001,Direct 3-dimensional measurement of scapular kinematics during dynamic movements in vivo,McClure PW; Michener LA; Sennett BJ; Karduna AR,2001,Figure 3D,Dynamic scapular-plane abduction,40 degrees anterior to frontal,Bone-fixed scapular electromagnetic sensor; humeral cuff sensor; thorax skin sensor,True,8,Raising,False,100,,,,,,,,,,-25.970,,,,Kinematics paper.pdf / McClure et.al (duplicate files),Digitized,"Variable: Clavicular plane rotation; estimated digitization uncertainty +/- 0.5 deg; value retained in the original paper convention; selected pixel center (1570, 229). No interpolation, smoothing, coordinate conversion, or cross-study averaging."
McClure2001,Direct 3-dimensional measurement of scapular kinematics during dynamic movements in vivo,McClure PW; Michener LA; Sennett BJ; Karduna AR,2001,Figure 3D,Dynamic scapular-plane abduction,40 degrees anterior to frontal,Bone-fixed scapular electromagnetic sensor; humeral cuff sensor; thorax skin sensor,True,8,Lowering,False,100,,,,,,,,,,-30.672,,,,Kinematics paper.pdf / McClure et.al (duplicate files),Digitized,"Variable: Clavicular plane rotation; estimated digitization uncertainty +/- 0.5 deg; value retained in the original paper convention; selected pixel center (1570, 292). No interpolation, smoothing, coordinate conversion, or cross-study averaging."
McClure2001,Direct 3-dimensional measurement of scapular kinematics during dynamic movements in vivo,McClure PW; Michener LA; Sennett BJ; Karduna AR,2001,Figure 3D,Dynamic scapular-plane abduction,40 degrees anterior to frontal,Bone-fixed scapular electromagnetic sensor; humeral cuff sensor; thorax skin sensor,True,8,Raising,False,105,,,,,,,,,,-26.791,,,,Kinematics paper.pdf / McClure et.al (duplicate files),Digitized,"Variable: Clavicular plane rotation; estimated digitization uncertainty +/- 0.5 deg; value retained in the original paper convention; selected pixel center (1592, 240). No interpolation, smoothing, coordinate conversion, or cross-study averaging."
McClure2001,Direct 3-dimensional measurement of scapular kinematics during dynamic movements in vivo,McClure PW; Michener LA; Sennett BJ; Karduna AR,2001,Figure 3D,Dynamic scapular-plane abduction,40 degrees anterior to frontal,Bone-fixed scapular electromagnetic sensor; humeral cuff sensor; thorax skin sensor,True,8,Lowering,False,105,,,,,,,,,,-31.418,,,,Kinematics paper.pdf / McClure et.al (duplicate files),Digitized,"Variable: Clavicular plane rotation; estimated digitization uncertainty +/- 0.5 deg; value retained in the original paper convention; selected pixel center (1592, 302). No interpolation, smoothing, coordinate conversion, or cross-study averaging."
McClure2001,Direct 3-dimensional measurement of scapular kinematics during dynamic movements in vivo,McClure PW; Michener LA; Sennett BJ; Karduna AR,2001,Figure 3D,Dynamic scapular-plane abduction,40 degrees anterior to frontal,Bone-fixed scapular electromagnetic sensor; humeral cuff sensor; thorax skin sensor,True,8,Raising,False,110,,,,,,,,,,-27.612,,,,Kinematics paper.pdf / McClure et.al (duplicate files),Digitized,"Variable: Clavicular plane rotation; estimated digitization uncertainty +/- 0.5 deg; value retained in the original paper convention; selected pixel center (1614, 251). No interpolation, smoothing, coordinate conversion, or cross-study averaging."
McClure2001,Direct 3-dimensional measurement of scapular kinematics during dynamic movements in vivo,McClure PW; Michener LA; Sennett BJ; Karduna AR,2001,Figure 3D,Dynamic scapular-plane abduction,40 degrees anterior to frontal,Bone-fixed scapular electromagnetic sensor; humeral cuff sensor; thorax skin sensor,True,8,Lowering,False,110,,,,,,,,,,-32.090,,,,Kinematics paper.pdf / McClure et.al (duplicate files),Digitized,"Variable: Clavicular plane rotation; estimated digitization uncertainty +/- 0.5 deg; value retained in the original paper convention; selected pixel center (1614, 311). No interpolation, smoothing, coordinate conversion, or cross-study averaging."
McClure2001,Direct 3-dimensional measurement of scapular kinematics during dynamic movements in vivo,McClure PW; Michener LA; Sennett BJ; Karduna AR,2001,Figure 3D,Dynamic scapular-plane abduction,40 degrees anterior to frontal,Bone-fixed scapular electromagnetic sensor; humeral cuff sensor; thorax skin sensor,True,8,Raising,False,115,,,,,,,,,,-28.582,,,,Kinematics paper.pdf / McClure et.al (duplicate files),Digitized,"Variable: Clavicular plane rotation; estimated digitization uncertainty +/- 0.5 deg; value retained in the original paper convention; selected pixel center (1635, 264). No interpolation, smoothing, coordinate conversion, or cross-study averaging."
McClure2001,Direct 3-dimensional measurement of scapular kinematics during dynamic movements in vivo,McClure PW; Michener LA; Sennett BJ; Karduna AR,2001,Figure 3D,Dynamic scapular-plane abduction,40 degrees anterior to frontal,Bone-fixed scapular electromagnetic sensor; humeral cuff sensor; thorax skin sensor,True,8,Lowering,False,115,,,,,,,,,,-32.836,,,,Kinematics paper.pdf / McClure et.al (duplicate files),Digitized,"Variable: Clavicular plane rotation; estimated digitization uncertainty +/- 0.5 deg; value retained in the original paper convention; selected pixel center (1635, 321). No interpolation, smoothing, coordinate conversion, or cross-study averaging."
McClure2001,Direct 3-dimensional measurement of scapular kinematics during dynamic movements in vivo,McClure PW; Michener LA; Sennett BJ; Karduna AR,2001,Figure 3D,Dynamic scapular-plane abduction,40 degrees anterior to frontal,Bone-fixed scapular electromagnetic sensor; humeral cuff sensor; thorax skin sensor,True,8,Raising,False,120,,,,,,,,,,-29.627,,,,Kinematics paper.pdf / McClure et.al (duplicate files),Digitized,"Variable: Clavicular plane rotation; estimated digitization uncertainty +/- 0.5 deg; value retained in the original paper convention; selected pixel center (1657, 278). No interpolation, smoothing, coordinate conversion, or cross-study averaging."
McClure2001,Direct 3-dimensional measurement of scapular kinematics during dynamic movements in vivo,McClure PW; Michener LA; Sennett BJ; Karduna AR,2001,Figure 3D,Dynamic scapular-plane abduction,40 degrees anterior to frontal,Bone-fixed scapular electromagnetic sensor; humeral cuff sensor; thorax skin sensor,True,8,Lowering,False,120,,,,,,,,,,-33.507,,,,Kinematics paper.pdf / McClure et.al (duplicate files),Digitized,"Variable: Clavicular plane rotation; estimated digitization uncertainty +/- 0.5 deg; value retained in the original paper convention; selected pixel center (1657, 330). No interpolation, smoothing, coordinate conversion, or cross-study averaging."
McClure2001,Direct 3-dimensional measurement of scapular kinematics during dynamic movements in vivo,McClure PW; Michener LA; Sennett BJ; Karduna AR,2001,Figure 3D,Dynamic scapular-plane abduction,40 degrees anterior to frontal,Bone-fixed scapular electromagnetic sensor; humeral cuff sensor; thorax skin sensor,True,8,Raising,False,125,,,,,,,,,,-30.896,,,,Kinematics paper.pdf / McClure et.al (duplicate files),Digitized,"Variable: Clavicular plane rotation; estimated digitization uncertainty +/- 0.5 deg; value retained in the original paper convention; selected pixel center (1679, 295). No interpolation, smoothing, coordinate conversion, or cross-study averaging."
McClure2001,Direct 3-dimensional measurement of scapular kinematics during dynamic movements in vivo,McClure PW; Michener LA; Sennett BJ; Karduna AR,2001,Figure 3D,Dynamic scapular-plane abduction,40 degrees anterior to frontal,Bone-fixed scapular electromagnetic sensor; humeral cuff sensor; thorax skin sensor,True,8,Lowering,False,125,,,,,,,,,,-34.478,,,,Kinematics paper.pdf / McClure et.al (duplicate files),Digitized,"Variable: Clavicular plane rotation; estimated digitization uncertainty +/- 0.5 deg; value retained in the original paper convention; selected pixel center (1679, 343). No interpolation, smoothing, coordinate conversion, or cross-study averaging."
McClure2001,Direct 3-dimensional measurement of scapular kinematics during dynamic movements in vivo,McClure PW; Michener LA; Sennett BJ; Karduna AR,2001,Figure 3D,Dynamic scapular-plane abduction,40 degrees anterior to frontal,Bone-fixed scapular electromagnetic sensor; humeral cuff sensor; thorax skin sensor,True,8,Raising,False,130,,,,,,,,,,-32.239,,,,Kinematics paper.pdf / McClure et.al (duplicate files),Digitized,"Variable: Clavicular plane rotation; estimated digitization uncertainty +/- 0.5 deg; value retained in the original paper convention; selected pixel center (1700, 313). No interpolation, smoothing, coordinate conversion, or cross-study averaging."
McClure2001,Direct 3-dimensional measurement of scapular kinematics during dynamic movements in vivo,McClure PW; Michener LA; Sennett BJ; Karduna AR,2001,Figure 3D,Dynamic scapular-plane abduction,40 degrees anterior to frontal,Bone-fixed scapular electromagnetic sensor; humeral cuff sensor; thorax skin sensor,True,8,Lowering,False,130,,,,,,,,,,-35.373,,,,Kinematics paper.pdf / McClure et.al (duplicate files),Digitized,"Variable: Clavicular plane rotation; estimated digitization uncertainty +/- 0.5 deg; value retained in the original paper convention; selected pixel center (1700, 355). No interpolation, smoothing, coordinate conversion, or cross-study averaging."
McClure2001,Direct 3-dimensional measurement of scapular kinematics during dynamic movements in vivo,McClure PW; Michener LA; Sennett BJ; Karduna AR,2001,Figure 3D,Dynamic scapular-plane abduction,40 degrees anterior to frontal,Bone-fixed scapular electromagnetic sensor; humeral cuff sensor; thorax skin sensor,True,8,Raising,False,135,,,,,,,,,,-33.881,,,,Kinematics paper.pdf / McClure et.al (duplicate files),Digitized,"Variable: Clavicular plane rotation; estimated digitization uncertainty +/- 0.5 deg; value retained in the original paper convention; selected pixel center (1722, 335). No interpolation, smoothing, coordinate conversion, or cross-study averaging."
McClure2001,Direct 3-dimensional measurement of scapular kinematics during dynamic movements in vivo,McClure PW; Michener LA; Sennett BJ; Karduna AR,2001,Figure 3D,Dynamic scapular-plane abduction,40 degrees anterior to frontal,Bone-fixed scapular electromagnetic sensor; humeral cuff sensor; thorax skin sensor,True,8,Lowering,False,135,,,,,,,,,,-36.269,,,,Kinematics paper.pdf / McClure et.al (duplicate files),Digitized,"Variable: Clavicular plane rotation; estimated digitization uncertainty +/- 0.5 deg; value retained in the original paper convention; selected pixel center (1722, 367). No interpolation, smoothing, coordinate conversion, or cross-study averaging."
McClure2001,Direct 3-dimensional measurement of scapular kinematics during dynamic movements in vivo,McClure PW; Michener LA; Sennett BJ; Karduna AR,2001,Figure 3D,Dynamic scapular-plane abduction,40 degrees anterior to frontal,Bone-fixed scapular electromagnetic sensor; humeral cuff sensor; thorax skin sensor,True,8,Raising,False,147,,,,,,,,,,-39.328,,,,Kinematics paper.pdf / McClure et.al (duplicate files),Digitized,"Variable: Clavicular plane rotation; estimated digitization uncertainty +/- 0.5 deg; value retained in the original paper convention; selected pixel center (1774, 408). No interpolation, smoothing, coordinate conversion, or cross-study averaging."
McClure2001,Direct 3-dimensional measurement of scapular kinematics during dynamic movements in vivo,McClure PW; Michener LA; Sennett BJ; Karduna AR,2001,Figure 3D,Dynamic scapular-plane abduction,40 degrees anterior to frontal,Bone-fixed scapular electromagnetic sensor; humeral cuff sensor; thorax skin sensor,True,8,Lowering,False,147,,,,,,,,,,-40.522,,,,Kinematics paper.pdf / McClure et.al (duplicate files),Digitized,"Variable: Clavicular plane rotation; estimated digitization uncertainty +/- 0.5 deg; value retained in the original paper convention; selected pixel center (1774, 424). No interpolation, smoothing, coordinate conversion, or cross-study averaging."
McClure2001,Direct 3-dimensional measurement of scapular kinematics during dynamic movements in vivo,McClure PW; Michener LA; Sennett BJ; Karduna AR,2001,Figure 3B,Dynamic scapular-plane abduction,40 degrees anterior to frontal,Bone-fixed scapular electromagnetic sensor; humeral cuff sensor; thorax skin sensor,True,8,Raising,False,11,,17.837,,,,,,,,17.837,,,,Kinematics paper.pdf / McClure et.al (duplicate files),Digitized,"Variable: ST_UpwardRotation_deg; estimated digitization uncertainty +/- 0.7 deg; value retained in the original paper convention; selected pixel center (164, 1127). No interpolation, smoothing, coordinate conversion, or cross-study averaging."
McClure2001,Direct 3-dimensional measurement of scapular kinematics during dynamic movements in vivo,McClure PW; Michener LA; Sennett BJ; Karduna AR,2001,Figure 3B,Dynamic scapular-plane abduction,40 degrees anterior to frontal,Bone-fixed scapular electromagnetic sensor; humeral cuff sensor; thorax skin sensor,True,8,Lowering,False,11,,19.122,,,,,,,,19.122,,,,Kinematics paper.pdf / McClure et.al (duplicate files),Digitized,"Variable: ST_UpwardRotation_deg; estimated digitization uncertainty +/- 0.7 deg; value retained in the original paper convention; selected pixel center (164, 1117). No interpolation, smoothing, coordinate conversion, or cross-study averaging."
McClure2001,Direct 3-dimensional measurement of scapular kinematics during dynamic movements in vivo,McClure PW; Michener LA; Sennett BJ; Karduna AR,2001,Figure 3B,Dynamic scapular-plane abduction,40 degrees anterior to frontal,Bone-fixed scapular electromagnetic sensor; humeral cuff sensor; thorax skin sensor,True,8,Raising,False,25,,18.351,,,,,,,,18.351,,,,Kinematics paper.pdf / McClure et.al (duplicate files),Digitized,"Variable: ST_UpwardRotation_deg; estimated digitization uncertainty +/- 0.7 deg; value retained in the original paper convention; selected pixel center (224, 1123). No interpolation, smoothing, coordinate conversion, or cross-study averaging."
McClure2001,Direct 3-dimensional measurement of scapular kinematics during dynamic movements in vivo,McClure PW; Michener LA; Sennett BJ; Karduna AR,2001,Figure 3B,Dynamic scapular-plane abduction,40 degrees anterior to frontal,Bone-fixed scapular electromagnetic sensor; humeral cuff sensor; thorax skin sensor,True,8,Lowering,False,25,,19.507,,,,,,,,19.507,,,,Kinematics paper.pdf / McClure et.al (duplicate files),Digitized,"Variable: ST_UpwardRotation_deg; estimated digitization uncertainty +/- 0.7 deg; value retained in the original paper convention; selected pixel center (224, 1114). No interpolation, smoothing, coordinate conversion, or cross-study averaging."
McClure2001,Direct 3-dimensional measurement of scapular kinematics during dynamic movements in vivo,McClure PW; Michener LA; Sennett BJ; Karduna AR,2001,Figure 3B,Dynamic scapular-plane abduction,40 degrees anterior to frontal,Bone-fixed scapular electromagnetic sensor; humeral cuff sensor; thorax skin sensor,True,8,Raising,False,30,,19.379,,,,,,,,19.379,,,,Kinematics paper.pdf / McClure et.al (duplicate files),Digitized,"Variable: ST_UpwardRotation_deg; estimated digitization uncertainty +/- 0.7 deg; value retained in the original paper convention; selected pixel center (246, 1115). No interpolation, smoothing, coordinate conversion, or cross-study averaging."
McClure2001,Direct 3-dimensional measurement of scapular kinematics during dynamic movements in vivo,McClure PW; Michener LA; Sennett BJ; Karduna AR,2001,Figure 3B,Dynamic scapular-plane abduction,40 degrees anterior to frontal,Bone-fixed scapular electromagnetic sensor; humeral cuff sensor; thorax skin sensor,True,8,Lowering,False,30,,23.233,,,,,,,,23.233,,,,Kinematics paper.pdf / McClure et.al (duplicate files),Digitized,"Variable: ST_UpwardRotation_deg; estimated digitization uncertainty +/- 0.7 deg; value retained in the original paper convention; selected pixel center (246, 1085). No interpolation, smoothing, coordinate conversion, or cross-study averaging."
McClure2001,Direct 3-dimensional measurement of scapular kinematics during dynamic movements in vivo,McClure PW; Michener LA; Sennett BJ; Karduna AR,2001,Figure 3B,Dynamic scapular-plane abduction,40 degrees anterior to frontal,Bone-fixed scapular electromagnetic sensor; humeral cuff sensor; thorax skin sensor,True,8,Raising,False,35,,20.535,,,,,,,,20.535,,,,Kinematics paper.pdf / McClure et.al (duplicate files),Digitized,"Variable: ST_UpwardRotation_deg; estimated digitization uncertainty +/- 0.7 deg; value retained in the original paper convention; selected pixel center (267, 1106). No interpolation, smoothing, coordinate conversion, or cross-study averaging."
McClure2001,Direct 3-dimensional measurement of scapular kinematics during dynamic movements in vivo,McClure PW; Michener LA; Sennett BJ; Karduna AR,2001,Figure 3B,Dynamic scapular-plane abduction,40 degrees anterior to frontal,Bone-fixed scapular electromagnetic sensor; humeral cuff sensor; thorax skin sensor,True,8,Lowering,False,35,,21.692,,,,,,,,21.692,,,,Kinematics paper.pdf / McClure et.al (duplicate files),Digitized,"Variable: ST_UpwardRotation_deg; estimated digitization uncertainty +/- 0.7 deg; value retained in the original paper convention; selected pixel center (267, 1097). No interpolation, smoothing, coordinate conversion, or cross-study averaging."
McClure2001,Direct 3-dimensional measurement of scapular kinematics during dynamic movements in vivo,McClure PW; Michener LA; Sennett BJ; Karduna AR,2001,Figure 3B,Dynamic scapular-plane abduction,40 degrees anterior to frontal,Bone-fixed scapular electromagnetic sensor; humeral cuff sensor; thorax skin sensor,True,8,Raising,False,40,,21.563,,,,,,,,21.563,,,,Kinematics paper.pdf / McClure et.al (duplicate files),Digitized,"Variable: ST_UpwardRotation_deg; estimated digitization uncertainty +/- 0.7 deg; value retained in the original paper convention; selected pixel center (289, 1098). No interpolation, smoothing, coordinate conversion, or cross-study averaging."
McClure2001,Direct 3-dimensional measurement of scapular kinematics during dynamic movements in vivo,McClure PW; Michener LA; Sennett BJ; Karduna AR,2001,Figure 3B,Dynamic scapular-plane abduction,40 degrees anterior to frontal,Bone-fixed scapular electromagnetic sensor; humeral cuff sensor; thorax skin sensor,True,8,Lowering,False,40,,25.931,,,,,,,,25.931,,,,Kinematics paper.pdf / McClure et.al (duplicate files),Digitized,"Variable: ST_UpwardRotation_deg; estimated digitization uncertainty +/- 0.7 deg; value retained in the original paper convention; selected pixel center (289, 1064). No interpolation, smoothing, coordinate conversion, or cross-study averaging."
McClure2001,Direct 3-dimensional measurement of scapular kinematics during dynamic movements in vivo,McClure PW; Michener LA; Sennett BJ; Karduna AR,2001,Figure 3B,Dynamic scapular-plane abduction,40 degrees anterior to frontal,Bone-fixed scapular electromagnetic sensor; humeral cuff sensor; thorax skin sensor,True,8,Raising,False,45,,22.848,,,,,,,,22.848,,,,Kinematics paper.pdf / McClure et.al (duplicate files),Digitized,"Variable: ST_UpwardRotation_deg; estimated digitization uncertainty +/- 0.7 deg; value retained in the original paper convention; selected pixel center (310, 1088). No interpolation, smoothing, coordinate conversion, or cross-study averaging."
McClure2001,Direct 3-dimensional measurement of scapular kinematics during dynamic movements in vivo,McClure PW; Michener LA; Sennett BJ; Karduna AR,2001,Figure 3B,Dynamic scapular-plane abduction,40 degrees anterior to frontal,Bone-fixed scapular electromagnetic sensor; humeral cuff sensor; thorax skin sensor,True,8,Lowering,False,45,,24.004,,,,,,,,24.004,,,,Kinematics paper.pdf / McClure et.al (duplicate files),Digitized,"Variable: ST_UpwardRotation_deg; estimated digitization uncertainty +/- 0.7 deg; value retained in the original paper convention; selected pixel center (310, 1079). No interpolation, smoothing, coordinate conversion, or cross-study averaging."
McClure2001,Direct 3-dimensional measurement of scapular kinematics during dynamic movements in vivo,McClure PW; Michener LA; Sennett BJ; Karduna AR,2001,Figure 3B,Dynamic scapular-plane abduction,40 degrees anterior to frontal,Bone-fixed scapular electromagnetic sensor; humeral cuff sensor; thorax skin sensor,True,8,Raising,False,50,,24.133,,,,,,,,24.133,,,,Kinematics paper.pdf / McClure et.al (duplicate files),Digitized,"Variable: ST_UpwardRotation_deg; estimated digitization uncertainty +/- 0.7 deg; value retained in the original paper convention; selected pixel center (332, 1078). No interpolation, smoothing, coordinate conversion, or cross-study averaging."
McClure2001,Direct 3-dimensional measurement of scapular kinematics during dynamic movements in vivo,McClure PW; Michener LA; Sennett BJ; Karduna AR,2001,Figure 3B,Dynamic scapular-plane abduction,40 degrees anterior to frontal,Bone-fixed scapular electromagnetic sensor; humeral cuff sensor; thorax skin sensor,True,8,Lowering,False,50,,25.289,,,,,,,,25.289,,,,Kinematics paper.pdf / McClure et.al (duplicate files),Digitized,"Variable: ST_UpwardRotation_deg; estimated digitization uncertainty +/- 0.7 deg; value retained in the original paper convention; selected pixel center (332, 1069). No interpolation, smoothing, coordinate conversion, or cross-study averaging."
McClure2001,Direct 3-dimensional measurement of scapular kinematics during dynamic movements in vivo,McClure PW; Michener LA; Sennett BJ; Karduna AR,2001,Figure 3B,Dynamic scapular-plane abduction,40 degrees anterior to frontal,Bone-fixed scapular electromagnetic sensor; humeral cuff sensor; thorax skin sensor,True,8,Raising,False,55,,25.418,,,,,,,,25.418,,,,Kinematics paper.pdf / McClure et.al (duplicate files),Digitized,"Variable: ST_UpwardRotation_deg; estimated digitization uncertainty +/- 0.7 deg; value retained in the original paper convention; selected pixel center (354, 1068). No interpolation, smoothing, coordinate conversion, or cross-study averaging."
McClure2001,Direct 3-dimensional measurement of scapular kinematics during dynamic movements in vivo,McClure PW; Michener LA; Sennett BJ; Karduna AR,2001,Figure 3B,Dynamic scapular-plane abduction,40 degrees anterior to frontal,Bone-fixed scapular electromagnetic sensor; humeral cuff sensor; thorax skin sensor,True,8,Lowering,False,55,,26.574,,,,,,,,26.574,,,,Kinematics paper.pdf / McClure et.al (duplicate files),Digitized,"Variable: ST_UpwardRotation_deg; estimated digitization uncertainty +/- 0.7 deg; value retained in the original paper convention; selected pixel center (354, 1059). No interpolation, smoothing, coordinate conversion, or cross-study averaging."
McClure2001,Direct 3-dimensional measurement of scapular kinematics during dynamic movements in vivo,McClure PW; Michener LA; Sennett BJ; Karduna AR,2001,Figure 3B,Dynamic scapular-plane abduction,40 degrees anterior to frontal,Bone-fixed scapular electromagnetic sensor; humeral cuff sensor; thorax skin sensor,True,8,Raising,False,60,,26.959,,,,,,,,26.959,,,,Kinematics paper.pdf / McClure et.al (duplicate files),Digitized,"Variable: ST_UpwardRotation_deg; estimated digitization uncertainty +/- 0.7 deg; value retained in the original paper convention; selected pixel center (375, 1056). No interpolation, smoothing, coordinate conversion, or cross-study averaging."
McClure2001,Direct 3-dimensional measurement of scapular kinematics during dynamic movements in vivo,McClure PW; Michener LA; Sennett BJ; Karduna AR,2001,Figure 3B,Dynamic scapular-plane abduction,40 degrees anterior to frontal,Bone-fixed scapular electromagnetic sensor; humeral cuff sensor; thorax skin sensor,True,8,Lowering,False,60,,28.116,,,,,,,,28.116,,,,Kinematics paper.pdf / McClure et.al (duplicate files),Digitized,"Variable: ST_UpwardRotation_deg; estimated digitization uncertainty +/- 0.7 deg; value retained in the original paper convention; selected pixel center (375, 1047). No interpolation, smoothing, coordinate conversion, or cross-study averaging."
McClure2001,Direct 3-dimensional measurement of scapular kinematics during dynamic movements in vivo,McClure PW; Michener LA; Sennett BJ; Karduna AR,2001,Figure 3B,Dynamic scapular-plane abduction,40 degrees anterior to frontal,Bone-fixed scapular electromagnetic sensor; humeral cuff sensor; thorax skin sensor,True,8,Raising,False,65,,28.244,,,,,,,,28.244,,,,Kinematics paper.pdf / McClure et.al (duplicate files),Digitized,"Variable: ST_UpwardRotation_deg; estimated digitization uncertainty +/- 0.7 deg; value retained in the original paper convention; selected pixel center (397, 1046). No interpolation, smoothing, coordinate conversion, or cross-study averaging."
McClure2001,Direct 3-dimensional measurement of scapular kinematics during dynamic movements in vivo,McClure PW; Michener LA; Sennett BJ; Karduna AR,2001,Figure 3B,Dynamic scapular-plane abduction,40 degrees anterior to frontal,Bone-fixed scapular electromagnetic sensor; humeral cuff sensor; thorax skin sensor,True,8,Lowering,False,65,,29.529,,,,,,,,29.529,,,,Kinematics paper.pdf / McClure et.al (duplicate files),Digitized,"Variable: ST_UpwardRotation_deg; estimated digitization uncertainty +/- 0.7 deg; value retained in the original paper convention; selected pixel center (397, 1036). No interpolation, smoothing, coordinate conversion, or cross-study averaging."
McClure2001,Direct 3-dimensional measurement of scapular kinematics during dynamic movements in vivo,McClure PW; Michener LA; Sennett BJ; Karduna AR,2001,Figure 3B,Dynamic scapular-plane abduction,40 degrees anterior to frontal,Bone-fixed scapular electromagnetic sensor; humeral cuff sensor; thorax skin sensor,True,8,Raising,False,70,,30.685,,,,,,,,30.685,,,,Kinematics paper.pdf / McClure et.al (duplicate files),Digitized,"Variable: ST_UpwardRotation_deg; estimated digitization uncertainty +/- 0.7 deg; value retained in the original paper convention; selected pixel center (418, 1027). No interpolation, smoothing, coordinate conversion, or cross-study averaging."
McClure2001,Direct 3-dimensional measurement of scapular kinematics during dynamic movements in vivo,McClure PW; Michener LA; Sennett BJ; Karduna AR,2001,Figure 3B,Dynamic scapular-plane abduction,40 degrees anterior to frontal,Bone-fixed scapular electromagnetic sensor; humeral cuff sensor; thorax skin sensor,True,8,Lowering,False,70,,37.366,,,,,,,,37.366,,,,Kinematics paper.pdf / McClure et.al (duplicate files),Digitized,"Variable: ST_UpwardRotation_deg; estimated digitization uncertainty +/- 0.7 deg; value retained in the original paper convention; selected pixel center (418, 975). No interpolation, smoothing, coordinate conversion, or cross-study averaging."
McClure2001,Direct 3-dimensional measurement of scapular kinematics during dynamic movements in vivo,McClure PW; Michener LA; Sennett BJ; Karduna AR,2001,Figure 3B,Dynamic scapular-plane abduction,40 degrees anterior to frontal,Bone-fixed scapular electromagnetic sensor; humeral cuff sensor; thorax skin sensor,True,8,Raising,False,75,,31.456,,,,,,,,31.456,,,,Kinematics paper.pdf / McClure et.al (duplicate files),Digitized,"Variable: ST_UpwardRotation_deg; estimated digitization uncertainty +/- 0.7 deg; value retained in the original paper convention; selected pixel center (440, 1021). No interpolation, smoothing, coordinate conversion, or cross-study averaging."
McClure2001,Direct 3-dimensional measurement of scapular kinematics during dynamic movements in vivo,McClure PW; Michener LA; Sennett BJ; Karduna AR,2001,Figure 3B,Dynamic scapular-plane abduction,40 degrees anterior to frontal,Bone-fixed scapular electromagnetic sensor; humeral cuff sensor; thorax skin sensor,True,8,Lowering,False,75,,39.422,,,,,,,,39.422,,,,Kinematics paper.pdf / McClure et.al (duplicate files),Digitized,"Variable: ST_UpwardRotation_deg; estimated digitization uncertainty +/- 0.7 deg; value retained in the original paper convention; selected pixel center (440, 959). No interpolation, smoothing, coordinate conversion, or cross-study averaging."
McClure2001,Direct 3-dimensional measurement of scapular kinematics during dynamic movements in vivo,McClure PW; Michener LA; Sennett BJ; Karduna AR,2001,Figure 3B,Dynamic scapular-plane abduction,40 degrees anterior to frontal,Bone-fixed scapular electromagnetic sensor; humeral cuff sensor; thorax skin sensor,True,8,Raising,False,80,,33.126,,,,,,,,33.126,,,,Kinematics paper.pdf / McClure et.al (duplicate files),Digitized,"Variable: ST_UpwardRotation_deg; estimated digitization uncertainty +/- 0.7 deg; value retained in the original paper convention; selected pixel center (462, 1008). No interpolation, smoothing, coordinate conversion, or cross-study averaging."
McClure2001,Direct 3-dimensional measurement of scapular kinematics during dynamic movements in vivo,McClure PW; Michener LA; Sennett BJ; Karduna AR,2001,Figure 3B,Dynamic scapular-plane abduction,40 degrees anterior to frontal,Bone-fixed scapular electromagnetic sensor; humeral cuff sensor; thorax skin sensor,True,8,Lowering,False,80,,41.349,,,,,,,,41.349,,,,Kinematics paper.pdf / McClure et.al (duplicate files),Digitized,"Variable: ST_UpwardRotation_deg; estimated digitization uncertainty +/- 0.7 deg; value retained in the original paper convention; selected pixel center (462, 944). No interpolation, smoothing, coordinate conversion, or cross-study averaging."
McClure2001,Direct 3-dimensional measurement of scapular kinematics during dynamic movements in vivo,McClure PW; Michener LA; Sennett BJ; Karduna AR,2001,Figure 3B,Dynamic scapular-plane abduction,40 degrees anterior to frontal,Bone-fixed scapular electromagnetic sensor; humeral cuff sensor; thorax skin sensor,True,8,Raising,False,85,,34.797,,,,,,,,34.797,,,,Kinematics paper.pdf / McClure et.al (duplicate files),Digitized,"Variable: ST_UpwardRotation_deg; estimated digitization uncertainty +/- 0.7 deg; value retained in the original paper convention; selected pixel center (483, 995). No interpolation, smoothing, coordinate conversion, or cross-study averaging."
McClure2001,Direct 3-dimensional measurement of scapular kinematics during dynamic movements in vivo,McClure PW; Michener LA; Sennett BJ; Karduna AR,2001,Figure 3B,Dynamic scapular-plane abduction,40 degrees anterior to frontal,Bone-fixed scapular electromagnetic sensor; humeral cuff sensor; thorax skin sensor,True,8,Lowering,False,85,,43.405,,,,,,,,43.405,,,,Kinematics paper.pdf / McClure et.al (duplicate files),Digitized,"Variable: ST_UpwardRotation_deg; estimated digitization uncertainty +/- 0.7 deg; value retained in the original paper convention; selected pixel center (483, 928). No interpolation, smoothing, coordinate conversion, or cross-study averaging."
McClure2001,Direct 3-dimensional measurement of scapular kinematics during dynamic movements in vivo,McClure PW; Michener LA; Sennett BJ; Karduna AR,2001,Figure 3B,Dynamic scapular-plane abduction,40 degrees anterior to frontal,Bone-fixed scapular electromagnetic sensor; humeral cuff sensor; thorax skin sensor,True,8,Raising,False,90,,36.724,,,,,,,,36.724,,,,Kinematics paper.pdf / McClure et.al (duplicate files),Digitized,"Variable: ST_UpwardRotation_deg; estimated digitization uncertainty +/- 0.7 deg; value retained in the original paper convention; selected pixel center (505, 980). No interpolation, smoothing, coordinate conversion, or cross-study averaging."
McClure2001,Direct 3-dimensional measurement of scapular kinematics during dynamic movements in vivo,McClure PW; Michener LA; Sennett BJ; Karduna AR,2001,Figure 3B,Dynamic scapular-plane abduction,40 degrees anterior to frontal,Bone-fixed scapular electromagnetic sensor; humeral cuff sensor; thorax skin sensor,True,8,Lowering,False,90,,45.460,,,,,,,,45.460,,,,Kinematics paper.pdf / McClure et.al (duplicate files),Digitized,"Variable: ST_UpwardRotation_deg; estimated digitization uncertainty +/- 0.7 deg; value retained in the original paper convention; selected pixel center (505, 912). No interpolation, smoothing, coordinate conversion, or cross-study averaging."
McClure2001,Direct 3-dimensional measurement of scapular kinematics during dynamic movements in vivo,McClure PW; Michener LA; Sennett BJ; Karduna AR,2001,Figure 3B,Dynamic scapular-plane abduction,40 degrees anterior to frontal,Bone-fixed scapular electromagnetic sensor; humeral cuff sensor; thorax skin sensor,True,8,Raising,False,95,,38.651,,,,,,,,38.651,,,,Kinematics paper.pdf / McClure et.al (duplicate files),Digitized,"Variable: ST_UpwardRotation_deg; estimated digitization uncertainty +/- 0.7 deg; value retained in the original paper convention; selected pixel center (526, 965). No interpolation, smoothing, coordinate conversion, or cross-study averaging."
McClure2001,Direct 3-dimensional measurement of scapular kinematics during dynamic movements in vivo,McClure PW; Michener LA; Sennett BJ; Karduna AR,2001,Figure 3B,Dynamic scapular-plane abduction,40 degrees anterior to frontal,Bone-fixed scapular electromagnetic sensor; humeral cuff sensor; thorax skin sensor,True,8,Lowering,False,95,,47.516,,,,,,,,47.516,,,,Kinematics paper.pdf / McClure et.al (duplicate files),Digitized,"Variable: ST_UpwardRotation_deg; estimated digitization uncertainty +/- 0.7 deg; value retained in the original paper convention; selected pixel center (526, 896). No interpolation, smoothing, coordinate conversion, or cross-study averaging."
McClure2001,Direct 3-dimensional measurement of scapular kinematics during dynamic movements in vivo,McClure PW; Michener LA; Sennett BJ; Karduna AR,2001,Figure 3B,Dynamic scapular-plane abduction,40 degrees anterior to frontal,Bone-fixed scapular electromagnetic sensor; humeral cuff sensor; thorax skin sensor,True,8,Raising,False,100,,40.707,,,,,,,,40.707,,,,Kinematics paper.pdf / McClure et.al (duplicate files),Digitized,"Variable: ST_UpwardRotation_deg; estimated digitization uncertainty +/- 0.7 deg; value retained in the original paper convention; selected pixel center (548, 949). No interpolation, smoothing, coordinate conversion, or cross-study averaging."
McClure2001,Direct 3-dimensional measurement of scapular kinematics during dynamic movements in vivo,McClure PW; Michener LA; Sennett BJ; Karduna AR,2001,Figure 3B,Dynamic scapular-plane abduction,40 degrees anterior to frontal,Bone-fixed scapular electromagnetic sensor; humeral cuff sensor; thorax skin sensor,True,8,Lowering,False,100,,41.863,,,,,,,,41.863,,,,Kinematics paper.pdf / McClure et.al (duplicate files),Digitized,"Variable: ST_UpwardRotation_deg; estimated digitization uncertainty +/- 0.7 deg; value retained in the original paper convention; selected pixel center (548, 940). No interpolation, smoothing, coordinate conversion, or cross-study averaging."
McClure2001,Direct 3-dimensional measurement of scapular kinematics during dynamic movements in vivo,McClure PW; Michener LA; Sennett BJ; Karduna AR,2001,Figure 3B,Dynamic scapular-plane abduction,40 degrees anterior to frontal,Bone-fixed scapular electromagnetic sensor; humeral cuff sensor; thorax skin sensor,True,8,Raising,False,105,,42.762,,,,,,,,42.762,,,,Kinematics paper.pdf / McClure et.al (duplicate files),Digitized,"Variable: ST_UpwardRotation_deg; estimated digitization uncertainty +/- 0.7 deg; value retained in the original paper convention; selected pixel center (569, 933). No interpolation, smoothing, coordinate conversion, or cross-study averaging."
McClure2001,Direct 3-dimensional measurement of scapular kinematics during dynamic movements in vivo,McClure PW; Michener LA; Sennett BJ; Karduna AR,2001,Figure 3B,Dynamic scapular-plane abduction,40 degrees anterior to frontal,Bone-fixed scapular electromagnetic sensor; humeral cuff sensor; thorax skin sensor,True,8,Lowering,False,105,,44.047,,,,,,,,44.047,,,,Kinematics paper.pdf / McClure et.al (duplicate files),Digitized,"Variable: ST_UpwardRotation_deg; estimated digitization uncertainty +/- 0.7 deg; value retained in the original paper convention; selected pixel center (569, 923). No interpolation, smoothing, coordinate conversion, or cross-study averaging."
McClure2001,Direct 3-dimensional measurement of scapular kinematics during dynamic movements in vivo,McClure PW; Michener LA; Sennett BJ; Karduna AR,2001,Figure 3B,Dynamic scapular-plane abduction,40 degrees anterior to frontal,Bone-fixed scapular electromagnetic sensor; humeral cuff sensor; thorax skin sensor,True,8,Raising,False,110,,45.203,,,,,,,,45.203,,,,Kinematics paper.pdf / McClure et.al (duplicate files),Digitized,"Variable: ST_UpwardRotation_deg; estimated digitization uncertainty +/- 0.7 deg; value retained in the original paper convention; selected pixel center (591, 914). No interpolation, smoothing, coordinate conversion, or cross-study averaging."
McClure2001,Direct 3-dimensional measurement of scapular kinematics during dynamic movements in vivo,McClure PW; Michener LA; Sennett BJ; Karduna AR,2001,Figure 3B,Dynamic scapular-plane abduction,40 degrees anterior to frontal,Bone-fixed scapular electromagnetic sensor; humeral cuff sensor; thorax skin sensor,True,8,Lowering,False,110,,46.360,,,,,,,,46.360,,,,Kinematics paper.pdf / McClure et.al (duplicate files),Digitized,"Variable: ST_UpwardRotation_deg; estimated digitization uncertainty +/- 0.7 deg; value retained in the original paper convention; selected pixel center (591, 905). No interpolation, smoothing, coordinate conversion, or cross-study averaging."
McClure2001,Direct 3-dimensional measurement of scapular kinematics during dynamic movements in vivo,McClure PW; Michener LA; Sennett BJ; Karduna AR,2001,Figure 3B,Dynamic scapular-plane abduction,40 degrees anterior to frontal,Bone-fixed scapular electromagnetic sensor; humeral cuff sensor; thorax skin sensor,True,8,Raising,False,115,,47.516,,,,,,,,47.516,,,,Kinematics paper.pdf / McClure et.al (duplicate files),Digitized,"Variable: ST_UpwardRotation_deg; estimated digitization uncertainty +/- 0.7 deg; value retained in the original paper convention; selected pixel center (613, 896). No interpolation, smoothing, coordinate conversion, or cross-study averaging."
McClure2001,Direct 3-dimensional measurement of scapular kinematics during dynamic movements in vivo,McClure PW; Michener LA; Sennett BJ; Karduna AR,2001,Figure 3B,Dynamic scapular-plane abduction,40 degrees anterior to frontal,Bone-fixed scapular electromagnetic sensor; humeral cuff sensor; thorax skin sensor,True,8,Lowering,False,115,,48.672,,,,,,,,48.672,,,,Kinematics paper.pdf / McClure et.al (duplicate files),Digitized,"Variable: ST_UpwardRotation_deg; estimated digitization uncertainty +/- 0.7 deg; value retained in the original paper convention; selected pixel center (613, 887). No interpolation, smoothing, coordinate conversion, or cross-study averaging."
McClure2001,Direct 3-dimensional measurement of scapular kinematics during dynamic movements in vivo,McClure PW; Michener LA; Sennett BJ; Karduna AR,2001,Figure 3B,Dynamic scapular-plane abduction,40 degrees anterior to frontal,Bone-fixed scapular electromagnetic sensor; humeral cuff sensor; thorax skin sensor,True,8,Raising,False,120,,49.058,,,,,,,,49.058,,,,Kinematics paper.pdf / McClure et.al (duplicate files),Digitized,"Variable: ST_UpwardRotation_deg; estimated digitization uncertainty +/- 0.7 deg; value retained in the original paper convention; selected pixel center (634, 884). No interpolation, smoothing, coordinate conversion, or cross-study averaging."
McClure2001,Direct 3-dimensional measurement of scapular kinematics during dynamic movements in vivo,McClure PW; Michener LA; Sennett BJ; Karduna AR,2001,Figure 3B,Dynamic scapular-plane abduction,40 degrees anterior to frontal,Bone-fixed scapular electromagnetic sensor; humeral cuff sensor; thorax skin sensor,True,8,Lowering,False,120,,51.113,,,,,,,,51.113,,,,Kinematics paper.pdf / McClure et.al (duplicate files),Digitized,"Variable: ST_UpwardRotation_deg; estimated digitization uncertainty +/- 0.7 deg; value retained in the original paper convention; selected pixel center (634, 868). No interpolation, smoothing, coordinate conversion, or cross-study averaging."
McClure2001,Direct 3-dimensional measurement of scapular kinematics during dynamic movements in vivo,McClure PW; Michener LA; Sennett BJ; Karduna AR,2001,Figure 3B,Dynamic scapular-plane abduction,40 degrees anterior to frontal,Bone-fixed scapular electromagnetic sensor; humeral cuff sensor; thorax skin sensor,True,8,Raising,False,125,,52.655,,,,,,,,52.655,,,,Kinematics paper.pdf / McClure et.al (duplicate files),Digitized,"Variable: ST_UpwardRotation_deg; estimated digitization uncertainty +/- 0.7 deg; value retained in the original paper convention; selected pixel center (656, 856). No interpolation, smoothing, coordinate conversion, or cross-study averaging."
McClure2001,Direct 3-dimensional measurement of scapular kinematics during dynamic movements in vivo,McClure PW; Michener LA; Sennett BJ; Karduna AR,2001,Figure 3B,Dynamic scapular-plane abduction,40 degrees anterior to frontal,Bone-fixed scapular electromagnetic sensor; humeral cuff sensor; thorax skin sensor,True,8,Lowering,False,125,,53.812,,,,,,,,53.812,,,,Kinematics paper.pdf / McClure et.al (duplicate files),Digitized,"Variable: ST_UpwardRotation_deg; estimated digitization uncertainty +/- 0.7 deg; value retained in the original paper convention; selected pixel center (656, 847). No interpolation, smoothing, coordinate conversion, or cross-study averaging."
McClure2001,Direct 3-dimensional measurement of scapular kinematics during dynamic movements in vivo,McClure PW; Michener LA; Sennett BJ; Karduna AR,2001,Figure 3B,Dynamic scapular-plane abduction,40 degrees anterior to frontal,Bone-fixed scapular electromagnetic sensor; humeral cuff sensor; thorax skin sensor,True,8,Raising,False,130,,55.482,,,,,,,,55.482,,,,Kinematics paper.pdf / McClure et.al (duplicate files),Digitized,"Variable: ST_UpwardRotation_deg; estimated digitization uncertainty +/- 0.7 deg; value retained in the original paper convention; selected pixel center (677, 834). No interpolation, smoothing, coordinate conversion, or cross-study averaging."
McClure2001,Direct 3-dimensional measurement of scapular kinematics during dynamic movements in vivo,McClure PW; Michener LA; Sennett BJ; Karduna AR,2001,Figure 3B,Dynamic scapular-plane abduction,40 degrees anterior to frontal,Bone-fixed scapular electromagnetic sensor; humeral cuff sensor; thorax skin sensor,True,8,Lowering,False,130,,56.638,,,,,,,,56.638,,,,Kinematics paper.pdf / McClure et.al (duplicate files),Digitized,"Variable: ST_UpwardRotation_deg; estimated digitization uncertainty +/- 0.7 deg; value retained in the original paper convention; selected pixel center (677, 825). No interpolation, smoothing, coordinate conversion, or cross-study averaging."
McClure2001,Direct 3-dimensional measurement of scapular kinematics during dynamic movements in vivo,McClure PW; Michener LA; Sennett BJ; Karduna AR,2001,Figure 3B,Dynamic scapular-plane abduction,40 degrees anterior to frontal,Bone-fixed scapular electromagnetic sensor; humeral cuff sensor; thorax skin sensor,True,8,Raising,False,135,,58.437,,,,,,,,58.437,,,,Kinematics paper.pdf / McClure et.al (duplicate files),Digitized,"Variable: ST_UpwardRotation_deg; estimated digitization uncertainty +/- 0.7 deg; value retained in the original paper convention; selected pixel center (699, 811). No interpolation, smoothing, coordinate conversion, or cross-study averaging."
McClure2001,Direct 3-dimensional measurement of scapular kinematics during dynamic movements in vivo,McClure PW; Michener LA; Sennett BJ; Karduna AR,2001,Figure 3B,Dynamic scapular-plane abduction,40 degrees anterior to frontal,Bone-fixed scapular electromagnetic sensor; humeral cuff sensor; thorax skin sensor,True,8,Lowering,False,135,,62.291,,,,,,,,62.291,,,,Kinematics paper.pdf / McClure et.al (duplicate files),Digitized,"Variable: ST_UpwardRotation_deg; estimated digitization uncertainty +/- 0.7 deg; value retained in the original paper convention; selected pixel center (699, 781). No interpolation, smoothing, coordinate conversion, or cross-study averaging."
McClure2001,Direct 3-dimensional measurement of scapular kinematics during dynamic movements in vivo,McClure PW; Michener LA; Sennett BJ; Karduna AR,2001,Figure 3B,Dynamic scapular-plane abduction,40 degrees anterior to frontal,Bone-fixed scapular electromagnetic sensor; humeral cuff sensor; thorax skin sensor,True,8,Raising,False,147,,68.073,,,,,,,,68.073,,,,Kinematics paper.pdf / McClure et.al (duplicate files),Digitized,"Variable: ST_UpwardRotation_deg; estimated digitization uncertainty +/- 0.7 deg; value retained in the original paper convention; selected pixel center (751, 736). No interpolation, smoothing, coordinate conversion, or cross-study averaging."
McClure2001,Direct 3-dimensional measurement of scapular kinematics during dynamic movements in vivo,McClure PW; Michener LA; Sennett BJ; Karduna AR,2001,Figure 3B,Dynamic scapular-plane abduction,40 degrees anterior to frontal,Bone-fixed scapular electromagnetic sensor; humeral cuff sensor; thorax skin sensor,True,8,Lowering,False,147,,68.844,,,,,,,,68.844,,,,Kinematics paper.pdf / McClure et.al (duplicate files),Digitized,"Variable: ST_UpwardRotation_deg; estimated digitization uncertainty +/- 0.7 deg; value retained in the original paper convention; selected pixel center (751, 730). No interpolation, smoothing, coordinate conversion, or cross-study averaging."
McClure2001,Direct 3-dimensional measurement of scapular kinematics during dynamic movements in vivo,McClure PW; Michener LA; Sennett BJ; Karduna AR,2001,Figure 3E,Dynamic scapular-plane abduction,40 degrees anterior to frontal,Bone-fixed scapular electromagnetic sensor; humeral cuff sensor; thorax skin sensor,True,8,Raising,False,11,,,,,2.826,,,,,2.826,,,,Kinematics paper.pdf / McClure et.al (duplicate files),Digitized,"Variable: SC_Elevation_deg; estimated digitization uncertainty +/- 0.25 deg; value retained in the original paper convention; selected pixel center (1195, 1106). No interpolation, smoothing, coordinate conversion, or cross-study averaging."
McClure2001,Direct 3-dimensional measurement of scapular kinematics during dynamic movements in vivo,McClure PW; Michener LA; Sennett BJ; Karduna AR,2001,Figure 3E,Dynamic scapular-plane abduction,40 degrees anterior to frontal,Bone-fixed scapular electromagnetic sensor; humeral cuff sensor; thorax skin sensor,True,8,Lowering,False,11,,,,,3.132,,,,,3.132,,,,Kinematics paper.pdf / McClure et.al (duplicate files),Digitized,"Variable: SC_Elevation_deg; estimated digitization uncertainty +/- 0.25 deg; value retained in the original paper convention; selected pixel center (1195, 1097). No interpolation, smoothing, coordinate conversion, or cross-study averaging."
McClure2001,Direct 3-dimensional measurement of scapular kinematics during dynamic movements in vivo,McClure PW; Michener LA; Sennett BJ; Karduna AR,2001,Figure 3E,Dynamic scapular-plane abduction,40 degrees anterior to frontal,Bone-fixed scapular electromagnetic sensor; humeral cuff sensor; thorax skin sensor,True,8,Raising,False,25,,,,,2.315,,,,,2.315,,,,Kinematics paper.pdf / McClure et.al (duplicate files),Digitized,"Variable: SC_Elevation_deg; estimated digitization uncertainty +/- 0.25 deg; value retained in the original paper convention; selected pixel center (1255, 1121). No interpolation, smoothing, coordinate conversion, or cross-study averaging."
McClure2001,Direct 3-dimensional measurement of scapular kinematics during dynamic movements in vivo,McClure PW; Michener LA; Sennett BJ; Karduna AR,2001,Figure 3E,Dynamic scapular-plane abduction,40 degrees anterior to frontal,Bone-fixed scapular electromagnetic sensor; humeral cuff sensor; thorax skin sensor,True,8,Lowering,False,25,,,,,3.030,,,,,3.030,,,,Kinematics paper.pdf / McClure et.al (duplicate files),Digitized,"Variable: SC_Elevation_deg; estimated digitization uncertainty +/- 0.25 deg; value retained in the original paper convention; selected pixel center (1255, 1100). No interpolation, smoothing, coordinate conversion, or cross-study averaging."
McClure2001,Direct 3-dimensional measurement of scapular kinematics during dynamic movements in vivo,McClure PW; Michener LA; Sennett BJ; Karduna AR,2001,Figure 3E,Dynamic scapular-plane abduction,40 degrees anterior to frontal,Bone-fixed scapular electromagnetic sensor; humeral cuff sensor; thorax skin sensor,True,8,Raising,False,30,,,,,2.179,,,,,2.179,,,,Kinematics paper.pdf / McClure et.al (duplicate files),Digitized,"Variable: SC_Elevation_deg; estimated digitization uncertainty +/- 0.25 deg; value retained in the original paper convention; selected pixel center (1277, 1125). No interpolation, smoothing, coordinate conversion, or cross-study averaging."
McClure2001,Direct 3-dimensional measurement of scapular kinematics during dynamic movements in vivo,McClure PW; Michener LA; Sennett BJ; Karduna AR,2001,Figure 3E,Dynamic scapular-plane abduction,40 degrees anterior to frontal,Bone-fixed scapular electromagnetic sensor; humeral cuff sensor; thorax skin sensor,True,8,Lowering,False,30,,,,,2.485,,,,,2.485,,,,Kinematics paper.pdf / McClure et.al (duplicate files),Digitized,"Variable: SC_Elevation_deg; estimated digitization uncertainty +/- 0.25 deg; value retained in the original paper convention; selected pixel center (1277, 1116). No interpolation, smoothing, coordinate conversion, or cross-study averaging."
McClure2001,Direct 3-dimensional measurement of scapular kinematics during dynamic movements in vivo,McClure PW; Michener LA; Sennett BJ; Karduna AR,2001,Figure 3E,Dynamic scapular-plane abduction,40 degrees anterior to frontal,Bone-fixed scapular electromagnetic sensor; humeral cuff sensor; thorax skin sensor,True,8,Raising,False,35,,,,,2.349,,,,,2.349,,,,Kinematics paper.pdf / McClure et.al (duplicate files),Digitized,"Variable: SC_Elevation_deg; estimated digitization uncertainty +/- 0.25 deg; value retained in the original paper convention; selected pixel center (1298, 1120). No interpolation, smoothing, coordinate conversion, or cross-study averaging."
McClure2001,Direct 3-dimensional measurement of scapular kinematics during dynamic movements in vivo,McClure PW; Michener LA; Sennett BJ; Karduna AR,2001,Figure 3E,Dynamic scapular-plane abduction,40 degrees anterior to frontal,Bone-fixed scapular electromagnetic sensor; humeral cuff sensor; thorax skin sensor,True,8,Lowering,False,35,,,,,2.655,,,,,2.655,,,,Kinematics paper.pdf / McClure et.al (duplicate files),Digitized,"Variable: SC_Elevation_deg; estimated digitization uncertainty +/- 0.25 deg; value retained in the original paper convention; selected pixel center (1298, 1111). No interpolation, smoothing, coordinate conversion, or cross-study averaging."
McClure2001,Direct 3-dimensional measurement of scapular kinematics during dynamic movements in vivo,McClure PW; Michener LA; Sennett BJ; Karduna AR,2001,Figure 3E,Dynamic scapular-plane abduction,40 degrees anterior to frontal,Bone-fixed scapular electromagnetic sensor; humeral cuff sensor; thorax skin sensor,True,8,Raising,False,40,,,,,2.587,,,,,2.587,,,,Kinematics paper.pdf / McClure et.al (duplicate files),Digitized,"Variable: SC_Elevation_deg; estimated digitization uncertainty +/- 0.25 deg; value retained in the original paper convention; selected pixel center (1320, 1113). No interpolation, smoothing, coordinate conversion, or cross-study averaging."
McClure2001,Direct 3-dimensional measurement of scapular kinematics during dynamic movements in vivo,McClure PW; Michener LA; Sennett BJ; Karduna AR,2001,Figure 3E,Dynamic scapular-plane abduction,40 degrees anterior to frontal,Bone-fixed scapular electromagnetic sensor; humeral cuff sensor; thorax skin sensor,True,8,Lowering,False,40,,,,,2.894,,,,,2.894,,,,Kinematics paper.pdf / McClure et.al (duplicate files),Digitized,"Variable: SC_Elevation_deg; estimated digitization uncertainty +/- 0.25 deg; value retained in the original paper convention; selected pixel center (1320, 1104). No interpolation, smoothing, coordinate conversion, or cross-study averaging."
McClure2001,Direct 3-dimensional measurement of scapular kinematics during dynamic movements in vivo,McClure PW; Michener LA; Sennett BJ; Karduna AR,2001,Figure 3E,Dynamic scapular-plane abduction,40 degrees anterior to frontal,Bone-fixed scapular electromagnetic sensor; humeral cuff sensor; thorax skin sensor,True,8,Raising,False,45,,,,,2.826,,,,,2.826,,,,Kinematics paper.pdf / McClure et.al (duplicate files),Digitized,"Variable: SC_Elevation_deg; estimated digitization uncertainty +/- 0.25 deg; value retained in the original paper convention; selected pixel center (1341, 1106). No interpolation, smoothing, coordinate conversion, or cross-study averaging."
McClure2001,Direct 3-dimensional measurement of scapular kinematics during dynamic movements in vivo,McClure PW; Michener LA; Sennett BJ; Karduna AR,2001,Figure 3E,Dynamic scapular-plane abduction,40 degrees anterior to frontal,Bone-fixed scapular electromagnetic sensor; humeral cuff sensor; thorax skin sensor,True,8,Lowering,False,45,,,,,4.426,,,,,4.426,,,,Kinematics paper.pdf / McClure et.al (duplicate files),Digitized,"Variable: SC_Elevation_deg; estimated digitization uncertainty +/- 0.25 deg; value retained in the original paper convention; selected pixel center (1341, 1059). No interpolation, smoothing, coordinate conversion, or cross-study averaging."
McClure2001,Direct 3-dimensional measurement of scapular kinematics during dynamic movements in vivo,McClure PW; Michener LA; Sennett BJ; Karduna AR,2001,Figure 3E,Dynamic scapular-plane abduction,40 degrees anterior to frontal,Bone-fixed scapular electromagnetic sensor; humeral cuff sensor; thorax skin sensor,True,8,Raising,False,50,,,,,3.064,,,,,3.064,,,,Kinematics paper.pdf / McClure et.al (duplicate files),Digitized,"Variable: SC_Elevation_deg; estimated digitization uncertainty +/- 0.25 deg; value retained in the original paper convention; selected pixel center (1363, 1099). No interpolation, smoothing, coordinate conversion, or cross-study averaging."
McClure2001,Direct 3-dimensional measurement of scapular kinematics during dynamic movements in vivo,McClure PW; Michener LA; Sennett BJ; Karduna AR,2001,Figure 3E,Dynamic scapular-plane abduction,40 degrees anterior to frontal,Bone-fixed scapular electromagnetic sensor; humeral cuff sensor; thorax skin sensor,True,8,Lowering,False,50,,,,,4.868,,,,,4.868,,,,Kinematics paper.pdf / McClure et.al (duplicate files),Digitized,"Variable: SC_Elevation_deg; estimated digitization uncertainty +/- 0.25 deg; value retained in the original paper convention; selected pixel center (1363, 1046). No interpolation, smoothing, coordinate conversion, or cross-study averaging."
McClure2001,Direct 3-dimensional measurement of scapular kinematics during dynamic movements in vivo,McClure PW; Michener LA; Sennett BJ; Karduna AR,2001,Figure 3E,Dynamic scapular-plane abduction,40 degrees anterior to frontal,Bone-fixed scapular electromagnetic sensor; humeral cuff sensor; thorax skin sensor,True,8,Raising,False,55,,,,,3.370,,,,,3.370,,,,Kinematics paper.pdf / McClure et.al (duplicate files),Digitized,"Variable: SC_Elevation_deg; estimated digitization uncertainty +/- 0.25 deg; value retained in the original paper convention; selected pixel center (1385, 1090). No interpolation, smoothing, coordinate conversion, or cross-study averaging."
McClure2001,Direct 3-dimensional measurement of scapular kinematics during dynamic movements in vivo,McClure PW; Michener LA; Sennett BJ; Karduna AR,2001,Figure 3E,Dynamic scapular-plane abduction,40 degrees anterior to frontal,Bone-fixed scapular electromagnetic sensor; humeral cuff sensor; thorax skin sensor,True,8,Lowering,False,55,,,,,3.677,,,,,3.677,,,,Kinematics paper.pdf / McClure et.al (duplicate files),Digitized,"Variable: SC_Elevation_deg; estimated digitization uncertainty +/- 0.25 deg; value retained in the original paper convention; selected pixel center (1385, 1081). No interpolation, smoothing, coordinate conversion, or cross-study averaging."
McClure2001,Direct 3-dimensional measurement of scapular kinematics during dynamic movements in vivo,McClure PW; Michener LA; Sennett BJ; Karduna AR,2001,Figure 3E,Dynamic scapular-plane abduction,40 degrees anterior to frontal,Bone-fixed scapular electromagnetic sensor; humeral cuff sensor; thorax skin sensor,True,8,Raising,False,60,,,,,3.711,,,,,3.711,,,,Kinematics paper.pdf / McClure et.al (duplicate files),Digitized,"Variable: SC_Elevation_deg; estimated digitization uncertainty +/- 0.25 deg; value retained in the original paper convention; selected pixel center (1406, 1080). No interpolation, smoothing, coordinate conversion, or cross-study averaging."
McClure2001,Direct 3-dimensional measurement of scapular kinematics during dynamic movements in vivo,McClure PW; Michener LA; Sennett BJ; Karduna AR,2001,Figure 3E,Dynamic scapular-plane abduction,40 degrees anterior to frontal,Bone-fixed scapular electromagnetic sensor; humeral cuff sensor; thorax skin sensor,True,8,Lowering,False,60,,,,,5.787,,,,,5.787,,,,Kinematics paper.pdf / McClure et.al (duplicate files),Digitized,"Variable: SC_Elevation_deg; estimated digitization uncertainty +/- 0.25 deg; value retained in the original paper convention; selected pixel center (1406, 1019). No interpolation, smoothing, coordinate conversion, or cross-study averaging."
McClure2001,Direct 3-dimensional measurement of scapular kinematics during dynamic movements in vivo,McClure PW; Michener LA; Sennett BJ; Karduna AR,2001,Figure 3E,Dynamic scapular-plane abduction,40 degrees anterior to frontal,Bone-fixed scapular electromagnetic sensor; humeral cuff sensor; thorax skin sensor,True,8,Raising,False,65,,,,,3.847,,,,,3.847,,,,Kinematics paper.pdf / McClure et.al (duplicate files),Digitized,"Variable: SC_Elevation_deg; estimated digitization uncertainty +/- 0.25 deg; value retained in the original paper convention; selected pixel center (1428, 1076). No interpolation, smoothing, coordinate conversion, or cross-study averaging."
McClure2001,Direct 3-dimensional measurement of scapular kinematics during dynamic movements in vivo,McClure PW; Michener LA; Sennett BJ; Karduna AR,2001,Figure 3E,Dynamic scapular-plane abduction,40 degrees anterior to frontal,Bone-fixed scapular electromagnetic sensor; humeral cuff sensor; thorax skin sensor,True,8,Lowering,False,65,,,,,4.391,,,,,4.391,,,,Kinematics paper.pdf / McClure et.al (duplicate files),Digitized,"Variable: SC_Elevation_deg; estimated digitization uncertainty +/- 0.25 deg; value retained in the original paper convention; selected pixel center (1428, 1060). No interpolation, smoothing, coordinate conversion, or cross-study averaging."
McClure2001,Direct 3-dimensional measurement of scapular kinematics during dynamic movements in vivo,McClure PW; Michener LA; Sennett BJ; Karduna AR,2001,Figure 3E,Dynamic scapular-plane abduction,40 degrees anterior to frontal,Bone-fixed scapular electromagnetic sensor; humeral cuff sensor; thorax skin sensor,True,8,Raising,False,70,,,,,4.426,,,,,4.426,,,,Kinematics paper.pdf / McClure et.al (duplicate files),Digitized,"Variable: SC_Elevation_deg; estimated digitization uncertainty +/- 0.25 deg; value retained in the original paper convention; selected pixel center (1449, 1059). No interpolation, smoothing, coordinate conversion, or cross-study averaging."
McClure2001,Direct 3-dimensional measurement of scapular kinematics during dynamic movements in vivo,McClure PW; Michener LA; Sennett BJ; Karduna AR,2001,Figure 3E,Dynamic scapular-plane abduction,40 degrees anterior to frontal,Bone-fixed scapular electromagnetic sensor; humeral cuff sensor; thorax skin sensor,True,8,Lowering,False,70,,,,,4.732,,,,,4.732,,,,Kinematics paper.pdf / McClure et.al (duplicate files),Digitized,"Variable: SC_Elevation_deg; estimated digitization uncertainty +/- 0.25 deg; value retained in the original paper convention; selected pixel center (1449, 1050). No interpolation, smoothing, coordinate conversion, or cross-study averaging."
McClure2001,Direct 3-dimensional measurement of scapular kinematics during dynamic movements in vivo,McClure PW; Michener LA; Sennett BJ; Karduna AR,2001,Figure 3E,Dynamic scapular-plane abduction,40 degrees anterior to frontal,Bone-fixed scapular electromagnetic sensor; humeral cuff sensor; thorax skin sensor,True,8,Raising,False,75,,,,,4.800,,,,,4.800,,,,Kinematics paper.pdf / McClure et.al (duplicate files),Digitized,"Variable: SC_Elevation_deg; estimated digitization uncertainty +/- 0.25 deg; value retained in the original paper convention; selected pixel center (1471, 1048). No interpolation, smoothing, coordinate conversion, or cross-study averaging."
McClure2001,Direct 3-dimensional measurement of scapular kinematics during dynamic movements in vivo,McClure PW; Michener LA; Sennett BJ; Karduna AR,2001,Figure 3E,Dynamic scapular-plane abduction,40 degrees anterior to frontal,Bone-fixed scapular electromagnetic sensor; humeral cuff sensor; thorax skin sensor,True,8,Lowering,False,75,,,,,5.106,,,,,5.106,,,,Kinematics paper.pdf / McClure et.al (duplicate files),Digitized,"Variable: SC_Elevation_deg; estimated digitization uncertainty +/- 0.25 deg; value retained in the original paper convention; selected pixel center (1471, 1039). No interpolation, smoothing, coordinate conversion, or cross-study averaging."
McClure2001,Direct 3-dimensional measurement of scapular kinematics during dynamic movements in vivo,McClure PW; Michener LA; Sennett BJ; Karduna AR,2001,Figure 3E,Dynamic scapular-plane abduction,40 degrees anterior to frontal,Bone-fixed scapular electromagnetic sensor; humeral cuff sensor; thorax skin sensor,True,8,Raising,False,80,,,,,5.243,,,,,5.243,,,,Kinematics paper.pdf / McClure et.al (duplicate files),Digitized,"Variable: SC_Elevation_deg; estimated digitization uncertainty +/- 0.25 deg; value retained in the original paper convention; selected pixel center (1492, 1035). No interpolation, smoothing, coordinate conversion, or cross-study averaging."
McClure2001,Direct 3-dimensional measurement of scapular kinematics during dynamic movements in vivo,McClure PW; Michener LA; Sennett BJ; Karduna AR,2001,Figure 3E,Dynamic scapular-plane abduction,40 degrees anterior to frontal,Bone-fixed scapular electromagnetic sensor; humeral cuff sensor; thorax skin sensor,True,8,Lowering,False,80,,,,,5.583,,,,,5.583,,,,Kinematics paper.pdf / McClure et.al (duplicate files),Digitized,"Variable: SC_Elevation_deg; estimated digitization uncertainty +/- 0.25 deg; value retained in the original paper convention; selected pixel center (1492, 1025). No interpolation, smoothing, coordinate conversion, or cross-study averaging."
McClure2001,Direct 3-dimensional measurement of scapular kinematics during dynamic movements in vivo,McClure PW; Michener LA; Sennett BJ; Karduna AR,2001,Figure 3E,Dynamic scapular-plane abduction,40 degrees anterior to frontal,Bone-fixed scapular electromagnetic sensor; humeral cuff sensor; thorax skin sensor,True,8,Raising,False,85,,,,,5.719,,,,,5.719,,,,Kinematics paper.pdf / McClure et.al (duplicate files),Digitized,"Variable: SC_Elevation_deg; estimated digitization uncertainty +/- 0.25 deg; value retained in the original paper convention; selected pixel center (1514, 1021). No interpolation, smoothing, coordinate conversion, or cross-study averaging."
McClure2001,Direct 3-dimensional measurement of scapular kinematics during dynamic movements in vivo,McClure PW; Michener LA; Sennett BJ; Karduna AR,2001,Figure 3E,Dynamic scapular-plane abduction,40 degrees anterior to frontal,Bone-fixed scapular electromagnetic sensor; humeral cuff sensor; thorax skin sensor,True,8,Lowering,False,85,,,,,8.272,,,,,8.272,,,,Kinematics paper.pdf / McClure et.al (duplicate files),Digitized,"Variable: SC_Elevation_deg; estimated digitization uncertainty +/- 0.25 deg; value retained in the original paper convention; selected pixel center (1514, 946). No interpolation, smoothing, coordinate conversion, or cross-study averaging."
McClure2001,Direct 3-dimensional measurement of scapular kinematics during dynamic movements in vivo,McClure PW; Michener LA; Sennett BJ; Karduna AR,2001,Figure 3E,Dynamic scapular-plane abduction,40 degrees anterior to frontal,Bone-fixed scapular electromagnetic sensor; humeral cuff sensor; thorax skin sensor,True,8,Raising,False,90,,,,,6.196,,,,,6.196,,,,Kinematics paper.pdf / McClure et.al (duplicate files),Digitized,"Variable: SC_Elevation_deg; estimated digitization uncertainty +/- 0.25 deg; value retained in the original paper convention; selected pixel center (1536, 1007). No interpolation, smoothing, coordinate conversion, or cross-study averaging."
McClure2001,Direct 3-dimensional measurement of scapular kinematics during dynamic movements in vivo,McClure PW; Michener LA; Sennett BJ; Karduna AR,2001,Figure 3E,Dynamic scapular-plane abduction,40 degrees anterior to frontal,Bone-fixed scapular electromagnetic sensor; humeral cuff sensor; thorax skin sensor,True,8,Lowering,False,90,,,,,6.502,,,,,6.502,,,,Kinematics paper.pdf / McClure et.al (duplicate files),Digitized,"Variable: SC_Elevation_deg; estimated digitization uncertainty +/- 0.25 deg; value retained in the original paper convention; selected pixel center (1536, 998). No interpolation, smoothing, coordinate conversion, or cross-study averaging."
McClure2001,Direct 3-dimensional measurement of scapular kinematics during dynamic movements in vivo,McClure PW; Michener LA; Sennett BJ; Karduna AR,2001,Figure 3E,Dynamic scapular-plane abduction,40 degrees anterior to frontal,Bone-fixed scapular electromagnetic sensor; humeral cuff sensor; thorax skin sensor,True,8,Raising,False,95,,,,,6.638,,,,,6.638,,,,Kinematics paper.pdf / McClure et.al (duplicate files),Digitized,"Variable: SC_Elevation_deg; estimated digitization uncertainty +/- 0.25 deg; value retained in the original paper convention; selected pixel center (1557, 994). No interpolation, smoothing, coordinate conversion, or cross-study averaging."
McClure2001,Direct 3-dimensional measurement of scapular kinematics during dynamic movements in vivo,McClure PW; Michener LA; Sennett BJ; Karduna AR,2001,Figure 3E,Dynamic scapular-plane abduction,40 degrees anterior to frontal,Bone-fixed scapular electromagnetic sensor; humeral cuff sensor; thorax skin sensor,True,8,Lowering,False,95,,,,,6.945,,,,,6.945,,,,Kinematics paper.pdf / McClure et.al (duplicate files),Digitized,"Variable: SC_Elevation_deg; estimated digitization uncertainty +/- 0.25 deg; value retained in the original paper convention; selected pixel center (1557, 985). No interpolation, smoothing, coordinate conversion, or cross-study averaging."
McClure2001,Direct 3-dimensional measurement of scapular kinematics during dynamic movements in vivo,McClure PW; Michener LA; Sennett BJ; Karduna AR,2001,Figure 3E,Dynamic scapular-plane abduction,40 degrees anterior to frontal,Bone-fixed scapular electromagnetic sensor; humeral cuff sensor; thorax skin sensor,True,8,Raising,False,100,,,,,7.149,,,,,7.149,,,,Kinematics paper.pdf / McClure et.al (duplicate files),Digitized,"Variable: SC_Elevation_deg; estimated digitization uncertainty +/- 0.25 deg; value retained in the original paper convention; selected pixel center (1579, 979). No interpolation, smoothing, coordinate conversion, or cross-study averaging."
McClure2001,Direct 3-dimensional measurement of scapular kinematics during dynamic movements in vivo,McClure PW; Michener LA; Sennett BJ; Karduna AR,2001,Figure 3E,Dynamic scapular-plane abduction,40 degrees anterior to frontal,Bone-fixed scapular electromagnetic sensor; humeral cuff sensor; thorax skin sensor,True,8,Lowering,False,100,,,,,7.421,,,,,7.421,,,,Kinematics paper.pdf / McClure et.al (duplicate files),Digitized,"Variable: SC_Elevation_deg; estimated digitization uncertainty +/- 0.25 deg; value retained in the original paper convention; selected pixel center (1579, 971). No interpolation, smoothing, coordinate conversion, or cross-study averaging."
McClure2001,Direct 3-dimensional measurement of scapular kinematics during dynamic movements in vivo,McClure PW; Michener LA; Sennett BJ; Karduna AR,2001,Figure 3E,Dynamic scapular-plane abduction,40 degrees anterior to frontal,Bone-fixed scapular electromagnetic sensor; humeral cuff sensor; thorax skin sensor,True,8,Raising,False,105,,,,,7.694,,,,,7.694,,,,Kinematics paper.pdf / McClure et.al (duplicate files),Digitized,"Variable: SC_Elevation_deg; estimated digitization uncertainty +/- 0.25 deg; value retained in the original paper convention; selected pixel center (1600, 963). No interpolation, smoothing, coordinate conversion, or cross-study averaging."
McClure2001,Direct 3-dimensional measurement of scapular kinematics during dynamic movements in vivo,McClure PW; Michener LA; Sennett BJ; Karduna AR,2001,Figure 3E,Dynamic scapular-plane abduction,40 degrees anterior to frontal,Bone-fixed scapular electromagnetic sensor; humeral cuff sensor; thorax skin sensor,True,8,Lowering,False,105,,,,,8.374,,,,,8.374,,,,Kinematics paper.pdf / McClure et.al (duplicate files),Digitized,"Variable: SC_Elevation_deg; estimated digitization uncertainty +/- 0.25 deg; value retained in the original paper convention; selected pixel center (1600, 943). No interpolation, smoothing, coordinate conversion, or cross-study averaging."
McClure2001,Direct 3-dimensional measurement of scapular kinematics during dynamic movements in vivo,McClure PW; Michener LA; Sennett BJ; Karduna AR,2001,Figure 3E,Dynamic scapular-plane abduction,40 degrees anterior to frontal,Bone-fixed scapular electromagnetic sensor; humeral cuff sensor; thorax skin sensor,True,8,Raising,False,110,,,,,8.272,,,,,8.272,,,,Kinematics paper.pdf / McClure et.al (duplicate files),Digitized,"Variable: SC_Elevation_deg; estimated digitization uncertainty +/- 0.25 deg; value retained in the original paper convention; selected pixel center (1622, 946). No interpolation, smoothing, coordinate conversion, or cross-study averaging."
McClure2001,Direct 3-dimensional measurement of scapular kinematics during dynamic movements in vivo,McClure PW; Michener LA; Sennett BJ; Karduna AR,2001,Figure 3E,Dynamic scapular-plane abduction,40 degrees anterior to frontal,Bone-fixed scapular electromagnetic sensor; humeral cuff sensor; thorax skin sensor,True,8,Lowering,False,110,,,,,8.579,,,,,8.579,,,,Kinematics paper.pdf / McClure et.al (duplicate files),Digitized,"Variable: SC_Elevation_deg; estimated digitization uncertainty +/- 0.25 deg; value retained in the original paper convention; selected pixel center (1622, 937). No interpolation, smoothing, coordinate conversion, or cross-study averaging."
McClure2001,Direct 3-dimensional measurement of scapular kinematics during dynamic movements in vivo,McClure PW; Michener LA; Sennett BJ; Karduna AR,2001,Figure 3E,Dynamic scapular-plane abduction,40 degrees anterior to frontal,Bone-fixed scapular electromagnetic sensor; humeral cuff sensor; thorax skin sensor,True,8,Raising,False,115,,,,,8.885,,,,,8.885,,,,Kinematics paper.pdf / McClure et.al (duplicate files),Digitized,"Variable: SC_Elevation_deg; estimated digitization uncertainty +/- 0.25 deg; value retained in the original paper convention; selected pixel center (1644, 928). No interpolation, smoothing, coordinate conversion, or cross-study averaging."
McClure2001,Direct 3-dimensional measurement of scapular kinematics during dynamic movements in vivo,McClure PW; Michener LA; Sennett BJ; Karduna AR,2001,Figure 3E,Dynamic scapular-plane abduction,40 degrees anterior to frontal,Bone-fixed scapular electromagnetic sensor; humeral cuff sensor; thorax skin sensor,True,8,Lowering,False,115,,,,,9.157,,,,,9.157,,,,Kinematics paper.pdf / McClure et.al (duplicate files),Digitized,"Variable: SC_Elevation_deg; estimated digitization uncertainty +/- 0.25 deg; value retained in the original paper convention; selected pixel center (1644, 920). No interpolation, smoothing, coordinate conversion, or cross-study averaging."
McClure2001,Direct 3-dimensional measurement of scapular kinematics during dynamic movements in vivo,McClure PW; Michener LA; Sennett BJ; Karduna AR,2001,Figure 3E,Dynamic scapular-plane abduction,40 degrees anterior to frontal,Bone-fixed scapular electromagnetic sensor; humeral cuff sensor; thorax skin sensor,True,8,Raising,False,120,,,,,9.498,,,,,9.498,,,,Kinematics paper.pdf / McClure et.al (duplicate files),Digitized,"Variable: SC_Elevation_deg; estimated digitization uncertainty +/- 0.25 deg; value retained in the original paper convention; selected pixel center (1665, 910). No interpolation, smoothing, coordinate conversion, or cross-study averaging."
McClure2001,Direct 3-dimensional measurement of scapular kinematics during dynamic movements in vivo,McClure PW; Michener LA; Sennett BJ; Karduna AR,2001,Figure 3E,Dynamic scapular-plane abduction,40 degrees anterior to frontal,Bone-fixed scapular electromagnetic sensor; humeral cuff sensor; thorax skin sensor,True,8,Lowering,False,120,,,,,9.804,,,,,9.804,,,,Kinematics paper.pdf / McClure et.al (duplicate files),Digitized,"Variable: SC_Elevation_deg; estimated digitization uncertainty +/- 0.25 deg; value retained in the original paper convention; selected pixel center (1665, 901). No interpolation, smoothing, coordinate conversion, or cross-study averaging."
McClure2001,Direct 3-dimensional measurement of scapular kinematics during dynamic movements in vivo,McClure PW; Michener LA; Sennett BJ; Karduna AR,2001,Figure 3E,Dynamic scapular-plane abduction,40 degrees anterior to frontal,Bone-fixed scapular electromagnetic sensor; humeral cuff sensor; thorax skin sensor,True,8,Raising,False,125,,,,,9.770,,,,,9.770,,,,Kinematics paper.pdf / McClure et.al (duplicate files),Digitized,"Variable: SC_Elevation_deg; estimated digitization uncertainty +/- 0.25 deg; value retained in the original paper convention; selected pixel center (1687, 902). No interpolation, smoothing, coordinate conversion, or cross-study averaging."
McClure2001,Direct 3-dimensional measurement of scapular kinematics during dynamic movements in vivo,McClure PW; Michener LA; Sennett BJ; Karduna AR,2001,Figure 3E,Dynamic scapular-plane abduction,40 degrees anterior to frontal,Bone-fixed scapular electromagnetic sensor; humeral cuff sensor; thorax skin sensor,True,8,Lowering,False,125,,,,,10.281,,,,,10.281,,,,Kinematics paper.pdf / McClure et.al (duplicate files),Digitized,"Variable: SC_Elevation_deg; estimated digitization uncertainty +/- 0.25 deg; value retained in the original paper convention; selected pixel center (1687, 887). No interpolation, smoothing, coordinate conversion, or cross-study averaging."
McClure2001,Direct 3-dimensional measurement of scapular kinematics during dynamic movements in vivo,McClure PW; Michener LA; Sennett BJ; Karduna AR,2001,Figure 3E,Dynamic scapular-plane abduction,40 degrees anterior to frontal,Bone-fixed scapular electromagnetic sensor; humeral cuff sensor; thorax skin sensor,True,8,Raising,False,130,,,,,10.621,,,,,10.621,,,,Kinematics paper.pdf / McClure et.al (duplicate files),Digitized,"Variable: SC_Elevation_deg; estimated digitization uncertainty +/- 0.25 deg; value retained in the original paper convention; selected pixel center (1708, 877). No interpolation, smoothing, coordinate conversion, or cross-study averaging."
McClure2001,Direct 3-dimensional measurement of scapular kinematics during dynamic movements in vivo,McClure PW; Michener LA; Sennett BJ; Karduna AR,2001,Figure 3E,Dynamic scapular-plane abduction,40 degrees anterior to frontal,Bone-fixed scapular electromagnetic sensor; humeral cuff sensor; thorax skin sensor,True,8,Lowering,False,130,,,,,10.894,,,,,10.894,,,,Kinematics paper.pdf / McClure et.al (duplicate files),Digitized,"Variable: SC_Elevation_deg; estimated digitization uncertainty +/- 0.25 deg; value retained in the original paper convention; selected pixel center (1708, 869). No interpolation, smoothing, coordinate conversion, or cross-study averaging."
McClure2001,Direct 3-dimensional measurement of scapular kinematics during dynamic movements in vivo,McClure PW; Michener LA; Sennett BJ; Karduna AR,2001,Figure 3E,Dynamic scapular-plane abduction,40 degrees anterior to frontal,Bone-fixed scapular electromagnetic sensor; humeral cuff sensor; thorax skin sensor,True,8,Raising,False,135,,,,,11.268,,,,,11.268,,,,Kinematics paper.pdf / McClure et.al (duplicate files),Digitized,"Variable: SC_Elevation_deg; estimated digitization uncertainty +/- 0.25 deg; value retained in the original paper convention; selected pixel center (1730, 858). No interpolation, smoothing, coordinate conversion, or cross-study averaging."
McClure2001,Direct 3-dimensional measurement of scapular kinematics during dynamic movements in vivo,McClure PW; Michener LA; Sennett BJ; Karduna AR,2001,Figure 3E,Dynamic scapular-plane abduction,40 degrees anterior to frontal,Bone-fixed scapular electromagnetic sensor; humeral cuff sensor; thorax skin sensor,True,8,Lowering,False,135,,,,,11.540,,,,,11.540,,,,Kinematics paper.pdf / McClure et.al (duplicate files),Digitized,"Variable: SC_Elevation_deg; estimated digitization uncertainty +/- 0.25 deg; value retained in the original paper convention; selected pixel center (1730, 850). No interpolation, smoothing, coordinate conversion, or cross-study averaging."
McClure2001,Direct 3-dimensional measurement of scapular kinematics during dynamic movements in vivo,McClure PW; Michener LA; Sennett BJ; Karduna AR,2001,Figure 3E,Dynamic scapular-plane abduction,40 degrees anterior to frontal,Bone-fixed scapular electromagnetic sensor; humeral cuff sensor; thorax skin sensor,True,8,Raising,False,147,,,,,12.902,,,,,12.902,,,,Kinematics paper.pdf / McClure et.al (duplicate files),Digitized,"Variable: SC_Elevation_deg; estimated digitization uncertainty +/- 0.25 deg; value retained in the original paper convention; selected pixel center (1782, 810). No interpolation, smoothing, coordinate conversion, or cross-study averaging."
McClure2001,Direct 3-dimensional measurement of scapular kinematics during dynamic movements in vivo,McClure PW; Michener LA; Sennett BJ; Karduna AR,2001,Figure 3E,Dynamic scapular-plane abduction,40 degrees anterior to frontal,Bone-fixed scapular electromagnetic sensor; humeral cuff sensor; thorax skin sensor,True,8,Lowering,False,147,,,,,13.209,,,,,13.209,,,,Kinematics paper.pdf / McClure et.al (duplicate files),Digitized,"Variable: SC_Elevation_deg; estimated digitization uncertainty +/- 0.25 deg; value retained in the original paper convention; selected pixel center (1782, 801). No interpolation, smoothing, coordinate conversion, or cross-study averaging."
McClure2001,Direct 3-dimensional measurement of scapular kinematics during dynamic movements in vivo,McClure PW; Michener LA; Sennett BJ; Karduna AR,2001,Figure 3C,Dynamic scapular-plane abduction,40 degrees anterior to frontal,Bone-fixed scapular electromagnetic sensor; humeral cuff sensor; thorax skin sensor,True,8,Raising,False,11,,,,-35.480,,,,,,-35.480,,,,Kinematics paper.pdf / McClure et.al (duplicate files),Digitized,"Variable: ST_InternalRotation_deg; estimated digitization uncertainty +/- 0.5 deg; value retained in the original paper convention; selected pixel center (169, 1845). No interpolation, smoothing, coordinate conversion, or cross-study averaging."
McClure2001,Direct 3-dimensional measurement of scapular kinematics during dynamic movements in vivo,McClure PW; Michener LA; Sennett BJ; Karduna AR,2001,Figure 3C,Dynamic scapular-plane abduction,40 degrees anterior to frontal,Bone-fixed scapular electromagnetic sensor; humeral cuff sensor; thorax skin sensor,True,8,Lowering,False,11,,,,-34.115,,,,,,-34.115,,,,Kinematics paper.pdf / McClure et.al (duplicate files),Digitized,"Variable: ST_InternalRotation_deg; estimated digitization uncertainty +/- 0.5 deg; value retained in the original paper convention; selected pixel center (169, 1829). No interpolation, smoothing, coordinate conversion, or cross-study averaging."
McClure2001,Direct 3-dimensional measurement of scapular kinematics during dynamic movements in vivo,McClure PW; Michener LA; Sennett BJ; Karduna AR,2001,Figure 3C,Dynamic scapular-plane abduction,40 degrees anterior to frontal,Bone-fixed scapular electromagnetic sensor; humeral cuff sensor; thorax skin sensor,True,8,Raising,False,25,,,,-35.650,,,,,,-35.650,,,,Kinematics paper.pdf / McClure et.al (duplicate files),Digitized,"Variable: ST_InternalRotation_deg; estimated digitization uncertainty +/- 0.5 deg; value retained in the original paper convention; selected pixel center (229, 1847). No interpolation, smoothing, coordinate conversion, or cross-study averaging."
McClure2001,Direct 3-dimensional measurement of scapular kinematics during dynamic movements in vivo,McClure PW; Michener LA; Sennett BJ; Karduna AR,2001,Figure 3C,Dynamic scapular-plane abduction,40 degrees anterior to frontal,Bone-fixed scapular electromagnetic sensor; humeral cuff sensor; thorax skin sensor,True,8,Lowering,False,25,,,,-32.921,,,,,,-32.921,,,,Kinematics paper.pdf / McClure et.al (duplicate files),Digitized,"Variable: ST_InternalRotation_deg; estimated digitization uncertainty +/- 0.5 deg; value retained in the original paper convention; selected pixel center (229, 1815). No interpolation, smoothing, coordinate conversion, or cross-study averaging."
McClure2001,Direct 3-dimensional measurement of scapular kinematics during dynamic movements in vivo,McClure PW; Michener LA; Sennett BJ; Karduna AR,2001,Figure 3C,Dynamic scapular-plane abduction,40 degrees anterior to frontal,Bone-fixed scapular electromagnetic sensor; humeral cuff sensor; thorax skin sensor,True,8,Raising,False,30,,,,-35.565,,,,,,-35.565,,,,Kinematics paper.pdf / McClure et.al (duplicate files),Digitized,"Variable: ST_InternalRotation_deg; estimated digitization uncertainty +/- 0.5 deg; value retained in the original paper convention; selected pixel center (251, 1846). No interpolation, smoothing, coordinate conversion, or cross-study averaging."
McClure2001,Direct 3-dimensional measurement of scapular kinematics during dynamic movements in vivo,McClure PW; Michener LA; Sennett BJ; Karduna AR,2001,Figure 3C,Dynamic scapular-plane abduction,40 degrees anterior to frontal,Bone-fixed scapular electromagnetic sensor; humeral cuff sensor; thorax skin sensor,True,8,Lowering,False,30,,,,-29.424,,,,,,-29.424,,,,Kinematics paper.pdf / McClure et.al (duplicate files),Digitized,"Variable: ST_InternalRotation_deg; estimated digitization uncertainty +/- 0.5 deg; value retained in the original paper convention; selected pixel center (251, 1774). No interpolation, smoothing, coordinate conversion, or cross-study averaging."
McClure2001,Direct 3-dimensional measurement of scapular kinematics during dynamic movements in vivo,McClure PW; Michener LA; Sennett BJ; Karduna AR,2001,Figure 3C,Dynamic scapular-plane abduction,40 degrees anterior to frontal,Bone-fixed scapular electromagnetic sensor; humeral cuff sensor; thorax skin sensor,True,8,Raising,False,35,,,,-35.480,,,,,,-35.480,,,,Kinematics paper.pdf / McClure et.al (duplicate files),Digitized,"Variable: ST_InternalRotation_deg; estimated digitization uncertainty +/- 0.5 deg; value retained in the original paper convention; selected pixel center (272, 1845). No interpolation, smoothing, coordinate conversion, or cross-study averaging."
McClure2001,Direct 3-dimensional measurement of scapular kinematics during dynamic movements in vivo,McClure PW; Michener LA; Sennett BJ; Karduna AR,2001,Figure 3C,Dynamic scapular-plane abduction,40 degrees anterior to frontal,Bone-fixed scapular electromagnetic sensor; humeral cuff sensor; thorax skin sensor,True,8,Lowering,False,35,,,,-32.751,,,,,,-32.751,,,,Kinematics paper.pdf / McClure et.al (duplicate files),Digitized,"Variable: ST_InternalRotation_deg; estimated digitization uncertainty +/- 0.5 deg; value retained in the original paper convention; selected pixel center (272, 1813). No interpolation, smoothing, coordinate conversion, or cross-study averaging."
McClure2001,Direct 3-dimensional measurement of scapular kinematics during dynamic movements in vivo,McClure PW; Michener LA; Sennett BJ; Karduna AR,2001,Figure 3C,Dynamic scapular-plane abduction,40 degrees anterior to frontal,Bone-fixed scapular electromagnetic sensor; humeral cuff sensor; thorax skin sensor,True,8,Raising,False,40,,,,-35.309,,,,,,-35.309,,,,Kinematics paper.pdf / McClure et.al (duplicate files),Digitized,"Variable: ST_InternalRotation_deg; estimated digitization uncertainty +/- 0.5 deg; value retained in the original paper convention; selected pixel center (294, 1843). No interpolation, smoothing, coordinate conversion, or cross-study averaging."
McClure2001,Direct 3-dimensional measurement of scapular kinematics during dynamic movements in vivo,McClure PW; Michener LA; Sennett BJ; Karduna AR,2001,Figure 3C,Dynamic scapular-plane abduction,40 degrees anterior to frontal,Bone-fixed scapular electromagnetic sensor; humeral cuff sensor; thorax skin sensor,True,8,Lowering,False,40,,,,-30.874,,,,,,-30.874,,,,Kinematics paper.pdf / McClure et.al (duplicate files),Digitized,"Variable: ST_InternalRotation_deg; estimated digitization uncertainty +/- 0.5 deg; value retained in the original paper convention; selected pixel center (294, 1791). No interpolation, smoothing, coordinate conversion, or cross-study averaging."
McClure2001,Direct 3-dimensional measurement of scapular kinematics during dynamic movements in vivo,McClure PW; Michener LA; Sennett BJ; Karduna AR,2001,Figure 3C,Dynamic scapular-plane abduction,40 degrees anterior to frontal,Bone-fixed scapular electromagnetic sensor; humeral cuff sensor; thorax skin sensor,True,8,Raising,False,45,,,,-35.309,,,,,,-35.309,,,,Kinematics paper.pdf / McClure et.al (duplicate files),Digitized,"Variable: ST_InternalRotation_deg; estimated digitization uncertainty +/- 0.5 deg; value retained in the original paper convention; selected pixel center (316, 1843). No interpolation, smoothing, coordinate conversion, or cross-study averaging."
McClure2001,Direct 3-dimensional measurement of scapular kinematics during dynamic movements in vivo,McClure PW; Michener LA; Sennett BJ; Karduna AR,2001,Figure 3C,Dynamic scapular-plane abduction,40 degrees anterior to frontal,Bone-fixed scapular electromagnetic sensor; humeral cuff sensor; thorax skin sensor,True,8,Lowering,False,45,,,,-34.542,,,,,,-34.542,,,,Kinematics paper.pdf / McClure et.al (duplicate files),Digitized,"Variable: ST_InternalRotation_deg; estimated digitization uncertainty +/- 0.5 deg; value retained in the original paper convention; selected pixel center (316, 1834). No interpolation, smoothing, coordinate conversion, or cross-study averaging."
McClure2001,Direct 3-dimensional measurement of scapular kinematics during dynamic movements in vivo,McClure PW; Michener LA; Sennett BJ; Karduna AR,2001,Figure 3C,Dynamic scapular-plane abduction,40 degrees anterior to frontal,Bone-fixed scapular electromagnetic sensor; humeral cuff sensor; thorax skin sensor,True,8,Raising,False,50,,,,-35.309,,,,,,-35.309,,,,Kinematics paper.pdf / McClure et.al (duplicate files),Digitized,"Variable: ST_InternalRotation_deg; estimated digitization uncertainty +/- 0.5 deg; value retained in the original paper convention; selected pixel center (337, 1843). No interpolation, smoothing, coordinate conversion, or cross-study averaging."
McClure2001,Direct 3-dimensional measurement of scapular kinematics during dynamic movements in vivo,McClure PW; Michener LA; Sennett BJ; Karduna AR,2001,Figure 3C,Dynamic scapular-plane abduction,40 degrees anterior to frontal,Bone-fixed scapular electromagnetic sensor; humeral cuff sensor; thorax skin sensor,True,8,Lowering,False,50,,,,-34.542,,,,,,-34.542,,,,Kinematics paper.pdf / McClure et.al (duplicate files),Digitized,"Variable: ST_InternalRotation_deg; estimated digitization uncertainty +/- 0.5 deg; value retained in the original paper convention; selected pixel center (337, 1834). No interpolation, smoothing, coordinate conversion, or cross-study averaging."
McClure2001,Direct 3-dimensional measurement of scapular kinematics during dynamic movements in vivo,McClure PW; Michener LA; Sennett BJ; Karduna AR,2001,Figure 3C,Dynamic scapular-plane abduction,40 degrees anterior to frontal,Bone-fixed scapular electromagnetic sensor; humeral cuff sensor; thorax skin sensor,True,8,Raising,False,55,,,,-35.821,,,,,,-35.821,,,,Kinematics paper.pdf / McClure et.al (duplicate files),Digitized,"Variable: ST_InternalRotation_deg; estimated digitization uncertainty +/- 0.5 deg; value retained in the original paper convention; selected pixel center (359, 1849). No interpolation, smoothing, coordinate conversion, or cross-study averaging."
McClure2001,Direct 3-dimensional measurement of scapular kinematics during dynamic movements in vivo,McClure PW; Michener LA; Sennett BJ; Karduna AR,2001,Figure 3C,Dynamic scapular-plane abduction,40 degrees anterior to frontal,Bone-fixed scapular electromagnetic sensor; humeral cuff sensor; thorax skin sensor,True,8,Lowering,False,55,,,,-34.456,,,,,,-34.456,,,,Kinematics paper.pdf / McClure et.al (duplicate files),Digitized,"Variable: ST_InternalRotation_deg; estimated digitization uncertainty +/- 0.5 deg; value retained in the original paper convention; selected pixel center (359, 1833). No interpolation, smoothing, coordinate conversion, or cross-study averaging."
McClure2001,Direct 3-dimensional measurement of scapular kinematics during dynamic movements in vivo,McClure PW; Michener LA; Sennett BJ; Karduna AR,2001,Figure 3C,Dynamic scapular-plane abduction,40 degrees anterior to frontal,Bone-fixed scapular electromagnetic sensor; humeral cuff sensor; thorax skin sensor,True,8,Raising,False,60,,,,-35.650,,,,,,-35.650,,,,Kinematics paper.pdf / McClure et.al (duplicate files),Digitized,"Variable: ST_InternalRotation_deg; estimated digitization uncertainty +/- 0.5 deg; value retained in the original paper convention; selected pixel center (380, 1847). No interpolation, smoothing, coordinate conversion, or cross-study averaging."
McClure2001,Direct 3-dimensional measurement of scapular kinematics during dynamic movements in vivo,McClure PW; Michener LA; Sennett BJ; Karduna AR,2001,Figure 3C,Dynamic scapular-plane abduction,40 degrees anterior to frontal,Bone-fixed scapular electromagnetic sensor; humeral cuff sensor; thorax skin sensor,True,8,Lowering,False,60,,,,-34.371,,,,,,-34.371,,,,Kinematics paper.pdf / McClure et.al (duplicate files),Digitized,"Variable: ST_InternalRotation_deg; estimated digitization uncertainty +/- 0.5 deg; value retained in the original paper convention; selected pixel center (380, 1832). No interpolation, smoothing, coordinate conversion, or cross-study averaging."
McClure2001,Direct 3-dimensional measurement of scapular kinematics during dynamic movements in vivo,McClure PW; Michener LA; Sennett BJ; Karduna AR,2001,Figure 3C,Dynamic scapular-plane abduction,40 degrees anterior to frontal,Bone-fixed scapular electromagnetic sensor; humeral cuff sensor; thorax skin sensor,True,8,Raising,False,65,,,,-35.480,,,,,,-35.480,,,,Kinematics paper.pdf / McClure et.al (duplicate files),Digitized,"Variable: ST_InternalRotation_deg; estimated digitization uncertainty +/- 0.5 deg; value retained in the original paper convention; selected pixel center (402, 1845). No interpolation, smoothing, coordinate conversion, or cross-study averaging."
McClure2001,Direct 3-dimensional measurement of scapular kinematics during dynamic movements in vivo,McClure PW; Michener LA; Sennett BJ; Karduna AR,2001,Figure 3C,Dynamic scapular-plane abduction,40 degrees anterior to frontal,Bone-fixed scapular electromagnetic sensor; humeral cuff sensor; thorax skin sensor,True,8,Lowering,False,65,,,,-34.115,,,,,,-34.115,,,,Kinematics paper.pdf / McClure et.al (duplicate files),Digitized,"Variable: ST_InternalRotation_deg; estimated digitization uncertainty +/- 0.5 deg; value retained in the original paper convention; selected pixel center (402, 1829). No interpolation, smoothing, coordinate conversion, or cross-study averaging."
McClure2001,Direct 3-dimensional measurement of scapular kinematics during dynamic movements in vivo,McClure PW; Michener LA; Sennett BJ; Karduna AR,2001,Figure 3C,Dynamic scapular-plane abduction,40 degrees anterior to frontal,Bone-fixed scapular electromagnetic sensor; humeral cuff sensor; thorax skin sensor,True,8,Raising,False,70,,,,-34.115,,,,,,-34.115,,,,Kinematics paper.pdf / McClure et.al (duplicate files),Digitized,"Variable: ST_InternalRotation_deg; estimated digitization uncertainty +/- 0.5 deg; value retained in the original paper convention; selected pixel center (424, 1829). No interpolation, smoothing, coordinate conversion, or cross-study averaging."
McClure2001,Direct 3-dimensional measurement of scapular kinematics during dynamic movements in vivo,McClure PW; Michener LA; Sennett BJ; Karduna AR,2001,Figure 3C,Dynamic scapular-plane abduction,40 degrees anterior to frontal,Bone-fixed scapular electromagnetic sensor; humeral cuff sensor; thorax skin sensor,True,8,Lowering,False,70,,,,-29.424,,,,,,-29.424,,,,Kinematics paper.pdf / McClure et.al (duplicate files),Digitized,"Variable: ST_InternalRotation_deg; estimated digitization uncertainty +/- 0.5 deg; value retained in the original paper convention; selected pixel center (424, 1774). No interpolation, smoothing, coordinate conversion, or cross-study averaging."
McClure2001,Direct 3-dimensional measurement of scapular kinematics during dynamic movements in vivo,McClure PW; Michener LA; Sennett BJ; Karduna AR,2001,Figure 3C,Dynamic scapular-plane abduction,40 degrees anterior to frontal,Bone-fixed scapular electromagnetic sensor; humeral cuff sensor; thorax skin sensor,True,8,Raising,False,75,,,,-34.542,,,,,,-34.542,,,,Kinematics paper.pdf / McClure et.al (duplicate files),Digitized,"Variable: ST_InternalRotation_deg; estimated digitization uncertainty +/- 0.5 deg; value retained in the original paper convention; selected pixel center (445, 1834). No interpolation, smoothing, coordinate conversion, or cross-study averaging."
McClure2001,Direct 3-dimensional measurement of scapular kinematics during dynamic movements in vivo,McClure PW; Michener LA; Sennett BJ; Karduna AR,2001,Figure 3C,Dynamic scapular-plane abduction,40 degrees anterior to frontal,Bone-fixed scapular electromagnetic sensor; humeral cuff sensor; thorax skin sensor,True,8,Lowering,False,75,,,,-33.774,,,,,,-33.774,,,,Kinematics paper.pdf / McClure et.al (duplicate files),Digitized,"Variable: ST_InternalRotation_deg; estimated digitization uncertainty +/- 0.5 deg; value retained in the original paper convention; selected pixel center (445, 1825). No interpolation, smoothing, coordinate conversion, or cross-study averaging."
McClure2001,Direct 3-dimensional measurement of scapular kinematics during dynamic movements in vivo,McClure PW; Michener LA; Sennett BJ; Karduna AR,2001,Figure 3C,Dynamic scapular-plane abduction,40 degrees anterior to frontal,Bone-fixed scapular electromagnetic sensor; humeral cuff sensor; thorax skin sensor,True,8,Raising,False,80,,,,-34.286,,,,,,-34.286,,,,Kinematics paper.pdf / McClure et.al (duplicate files),Digitized,"Variable: ST_InternalRotation_deg; estimated digitization uncertainty +/- 0.5 deg; value retained in the original paper convention; selected pixel center (467, 1831). No interpolation, smoothing, coordinate conversion, or cross-study averaging."
McClure2001,Direct 3-dimensional measurement of scapular kinematics during dynamic movements in vivo,McClure PW; Michener LA; Sennett BJ; Karduna AR,2001,Figure 3C,Dynamic scapular-plane abduction,40 degrees anterior to frontal,Bone-fixed scapular electromagnetic sensor; humeral cuff sensor; thorax skin sensor,True,8,Lowering,False,80,,,,-33.518,,,,,,-33.518,,,,Kinematics paper.pdf / McClure et.al (duplicate files),Digitized,"Variable: ST_InternalRotation_deg; estimated digitization uncertainty +/- 0.5 deg; value retained in the original paper convention; selected pixel center (467, 1822). No interpolation, smoothing, coordinate conversion, or cross-study averaging."
McClure2001,Direct 3-dimensional measurement of scapular kinematics during dynamic movements in vivo,McClure PW; Michener LA; Sennett BJ; Karduna AR,2001,Figure 3C,Dynamic scapular-plane abduction,40 degrees anterior to frontal,Bone-fixed scapular electromagnetic sensor; humeral cuff sensor; thorax skin sensor,True,8,Raising,False,85,,,,-34.115,,,,,,-34.115,,,,Kinematics paper.pdf / McClure et.al (duplicate files),Digitized,"Variable: ST_InternalRotation_deg; estimated digitization uncertainty +/- 0.5 deg; value retained in the original paper convention; selected pixel center (489, 1829). No interpolation, smoothing, coordinate conversion, or cross-study averaging."
McClure2001,Direct 3-dimensional measurement of scapular kinematics during dynamic movements in vivo,McClure PW; Michener LA; Sennett BJ; Karduna AR,2001,Figure 3C,Dynamic scapular-plane abduction,40 degrees anterior to frontal,Bone-fixed scapular electromagnetic sensor; humeral cuff sensor; thorax skin sensor,True,8,Lowering,False,85,,,,-31.642,,,,,,-31.642,,,,Kinematics paper.pdf / McClure et.al (duplicate files),Digitized,"Variable: ST_InternalRotation_deg; estimated digitization uncertainty +/- 0.5 deg; value retained in the original paper convention; selected pixel center (489, 1800). No interpolation, smoothing, coordinate conversion, or cross-study averaging."
McClure2001,Direct 3-dimensional measurement of scapular kinematics during dynamic movements in vivo,McClure PW; Michener LA; Sennett BJ; Karduna AR,2001,Figure 3C,Dynamic scapular-plane abduction,40 degrees anterior to frontal,Bone-fixed scapular electromagnetic sensor; humeral cuff sensor; thorax skin sensor,True,8,Raising,False,90,,,,-33.945,,,,,,-33.945,,,,Kinematics paper.pdf / McClure et.al (duplicate files),Digitized,"Variable: ST_InternalRotation_deg; estimated digitization uncertainty +/- 0.5 deg; value retained in the original paper convention; selected pixel center (510, 1827). No interpolation, smoothing, coordinate conversion, or cross-study averaging."
McClure2001,Direct 3-dimensional measurement of scapular kinematics during dynamic movements in vivo,McClure PW; Michener LA; Sennett BJ; Karduna AR,2001,Figure 3C,Dynamic scapular-plane abduction,40 degrees anterior to frontal,Bone-fixed scapular electromagnetic sensor; humeral cuff sensor; thorax skin sensor,True,8,Lowering,False,90,,,,-33.177,,,,,,-33.177,,,,Kinematics paper.pdf / McClure et.al (duplicate files),Digitized,"Variable: ST_InternalRotation_deg; estimated digitization uncertainty +/- 0.5 deg; value retained in the original paper convention; selected pixel center (510, 1818). No interpolation, smoothing, coordinate conversion, or cross-study averaging."
McClure2001,Direct 3-dimensional measurement of scapular kinematics during dynamic movements in vivo,McClure PW; Michener LA; Sennett BJ; Karduna AR,2001,Figure 3C,Dynamic scapular-plane abduction,40 degrees anterior to frontal,Bone-fixed scapular electromagnetic sensor; humeral cuff sensor; thorax skin sensor,True,8,Raising,False,95,,,,-33.603,,,,,,-33.603,,,,Kinematics paper.pdf / McClure et.al (duplicate files),Digitized,"Variable: ST_InternalRotation_deg; estimated digitization uncertainty +/- 0.5 deg; value retained in the original paper convention; selected pixel center (532, 1823). No interpolation, smoothing, coordinate conversion, or cross-study averaging."
McClure2001,Direct 3-dimensional measurement of scapular kinematics during dynamic movements in vivo,McClure PW; Michener LA; Sennett BJ; Karduna AR,2001,Figure 3C,Dynamic scapular-plane abduction,40 degrees anterior to frontal,Bone-fixed scapular electromagnetic sensor; humeral cuff sensor; thorax skin sensor,True,8,Lowering,False,95,,,,-30.448,,,,,,-30.448,,,,Kinematics paper.pdf / McClure et.al (duplicate files),Digitized,"Variable: ST_InternalRotation_deg; estimated digitization uncertainty +/- 0.5 deg; value retained in the original paper convention; selected pixel center (532, 1786). No interpolation, smoothing, coordinate conversion, or cross-study averaging."
McClure2001,Direct 3-dimensional measurement of scapular kinematics during dynamic movements in vivo,McClure PW; Michener LA; Sennett BJ; Karduna AR,2001,Figure 3C,Dynamic scapular-plane abduction,40 degrees anterior to frontal,Bone-fixed scapular electromagnetic sensor; humeral cuff sensor; thorax skin sensor,True,8,Raising,False,100,,,,-33.006,,,,,,-33.006,,,,Kinematics paper.pdf / McClure et.al (duplicate files),Digitized,"Variable: ST_InternalRotation_deg; estimated digitization uncertainty +/- 0.5 deg; value retained in the original paper convention; selected pixel center (554, 1816). No interpolation, smoothing, coordinate conversion, or cross-study averaging."
McClure2001,Direct 3-dimensional measurement of scapular kinematics during dynamic movements in vivo,McClure PW; Michener LA; Sennett BJ; Karduna AR,2001,Figure 3C,Dynamic scapular-plane abduction,40 degrees anterior to frontal,Bone-fixed scapular electromagnetic sensor; humeral cuff sensor; thorax skin sensor,True,8,Lowering,False,100,,,,-29.680,,,,,,-29.680,,,,Kinematics paper.pdf / McClure et.al (duplicate files),Digitized,"Variable: ST_InternalRotation_deg; estimated digitization uncertainty +/- 0.5 deg; value retained in the original paper convention; selected pixel center (554, 1777). No interpolation, smoothing, coordinate conversion, or cross-study averaging."
McClure2001,Direct 3-dimensional measurement of scapular kinematics during dynamic movements in vivo,McClure PW; Michener LA; Sennett BJ; Karduna AR,2001,Figure 3C,Dynamic scapular-plane abduction,40 degrees anterior to frontal,Bone-fixed scapular electromagnetic sensor; humeral cuff sensor; thorax skin sensor,True,8,Raising,False,105,,,,-32.409,,,,,,-32.409,,,,Kinematics paper.pdf / McClure et.al (duplicate files),Digitized,"Variable: ST_InternalRotation_deg; estimated digitization uncertainty +/- 0.5 deg; value retained in the original paper convention; selected pixel center (575, 1809). No interpolation, smoothing, coordinate conversion, or cross-study averaging."
McClure2001,Direct 3-dimensional measurement of scapular kinematics during dynamic movements in vivo,McClure PW; Michener LA; Sennett BJ; Karduna AR,2001,Figure 3C,Dynamic scapular-plane abduction,40 degrees anterior to frontal,Bone-fixed scapular electromagnetic sensor; humeral cuff sensor; thorax skin sensor,True,8,Lowering,False,105,,,,-28.657,,,,,,-28.657,,,,Kinematics paper.pdf / McClure et.al (duplicate files),Digitized,"Variable: ST_InternalRotation_deg; estimated digitization uncertainty +/- 0.5 deg; value retained in the original paper convention; selected pixel center (575, 1765). No interpolation, smoothing, coordinate conversion, or cross-study averaging."
McClure2001,Direct 3-dimensional measurement of scapular kinematics during dynamic movements in vivo,McClure PW; Michener LA; Sennett BJ; Karduna AR,2001,Figure 3C,Dynamic scapular-plane abduction,40 degrees anterior to frontal,Bone-fixed scapular electromagnetic sensor; humeral cuff sensor; thorax skin sensor,True,8,Raising,False,110,,,,-31.727,,,,,,-31.727,,,,Kinematics paper.pdf / McClure et.al (duplicate files),Digitized,"Variable: ST_InternalRotation_deg; estimated digitization uncertainty +/- 0.5 deg; value retained in the original paper convention; selected pixel center (597, 1801). No interpolation, smoothing, coordinate conversion, or cross-study averaging."
McClure2001,Direct 3-dimensional measurement of scapular kinematics during dynamic movements in vivo,McClure PW; Michener LA; Sennett BJ; Karduna AR,2001,Figure 3C,Dynamic scapular-plane abduction,40 degrees anterior to frontal,Bone-fixed scapular electromagnetic sensor; humeral cuff sensor; thorax skin sensor,True,8,Lowering,False,110,,,,-27.463,,,,,,-27.463,,,,Kinematics paper.pdf / McClure et.al (duplicate files),Digitized,"Variable: ST_InternalRotation_deg; estimated digitization uncertainty +/- 0.5 deg; value retained in the original paper convention; selected pixel center (597, 1751). No interpolation, smoothing, coordinate conversion, or cross-study averaging."
McClure2001,Direct 3-dimensional measurement of scapular kinematics during dynamic movements in vivo,McClure PW; Michener LA; Sennett BJ; Karduna AR,2001,Figure 3C,Dynamic scapular-plane abduction,40 degrees anterior to frontal,Bone-fixed scapular electromagnetic sensor; humeral cuff sensor; thorax skin sensor,True,8,Raising,False,115,,,,-30.704,,,,,,-30.704,,,,Kinematics paper.pdf / McClure et.al (duplicate files),Digitized,"Variable: ST_InternalRotation_deg; estimated digitization uncertainty +/- 0.5 deg; value retained in the original paper convention; selected pixel center (618, 1789). No interpolation, smoothing, coordinate conversion, or cross-study averaging."
McClure2001,Direct 3-dimensional measurement of scapular kinematics during dynamic movements in vivo,McClure PW; Michener LA; Sennett BJ; Karduna AR,2001,Figure 3C,Dynamic scapular-plane abduction,40 degrees anterior to frontal,Bone-fixed scapular electromagnetic sensor; humeral cuff sensor; thorax skin sensor,True,8,Lowering,False,115,,,,-26.098,,,,,,-26.098,,,,Kinematics paper.pdf / McClure et.al (duplicate files),Digitized,"Variable: ST_InternalRotation_deg; estimated digitization uncertainty +/- 0.5 deg; value retained in the original paper convention; selected pixel center (618, 1735). No interpolation, smoothing, coordinate conversion, or cross-study averaging."
McClure2001,Direct 3-dimensional measurement of scapular kinematics during dynamic movements in vivo,McClure PW; Michener LA; Sennett BJ; Karduna AR,2001,Figure 3C,Dynamic scapular-plane abduction,40 degrees anterior to frontal,Bone-fixed scapular electromagnetic sensor; humeral cuff sensor; thorax skin sensor,True,8,Raising,False,120,,,,-29.424,,,,,,-29.424,,,,Kinematics paper.pdf / McClure et.al (duplicate files),Digitized,"Variable: ST_InternalRotation_deg; estimated digitization uncertainty +/- 0.5 deg; value retained in the original paper convention; selected pixel center (640, 1774). No interpolation, smoothing, coordinate conversion, or cross-study averaging."
McClure2001,Direct 3-dimensional measurement of scapular kinematics during dynamic movements in vivo,McClure PW; Michener LA; Sennett BJ; Karduna AR,2001,Figure 3C,Dynamic scapular-plane abduction,40 degrees anterior to frontal,Bone-fixed scapular electromagnetic sensor; humeral cuff sensor; thorax skin sensor,True,8,Lowering,False,120,,,,-24.648,,,,,,-24.648,,,,Kinematics paper.pdf / McClure et.al (duplicate files),Digitized,"Variable: ST_InternalRotation_deg; estimated digitization uncertainty +/- 0.5 deg; value retained in the original paper convention; selected pixel center (640, 1718). No interpolation, smoothing, coordinate conversion, or cross-study averaging."
McClure2001,Direct 3-dimensional measurement of scapular kinematics during dynamic movements in vivo,McClure PW; Michener LA; Sennett BJ; Karduna AR,2001,Figure 3C,Dynamic scapular-plane abduction,40 degrees anterior to frontal,Bone-fixed scapular electromagnetic sensor; humeral cuff sensor; thorax skin sensor,True,8,Raising,False,125,,,,-27.719,,,,,,-27.719,,,,Kinematics paper.pdf / McClure et.al (duplicate files),Digitized,"Variable: ST_InternalRotation_deg; estimated digitization uncertainty +/- 0.5 deg; value retained in the original paper convention; selected pixel center (662, 1754). No interpolation, smoothing, coordinate conversion, or cross-study averaging."
McClure2001,Direct 3-dimensional measurement of scapular kinematics during dynamic movements in vivo,McClure PW; Michener LA; Sennett BJ; Karduna AR,2001,Figure 3C,Dynamic scapular-plane abduction,40 degrees anterior to frontal,Bone-fixed scapular electromagnetic sensor; humeral cuff sensor; thorax skin sensor,True,8,Lowering,False,125,,,,-26.951,,,,,,-26.951,,,,Kinematics paper.pdf / McClure et.al (duplicate files),Digitized,"Variable: ST_InternalRotation_deg; estimated digitization uncertainty +/- 0.5 deg; value retained in the original paper convention; selected pixel center (662, 1745). No interpolation, smoothing, coordinate conversion, or cross-study averaging."
McClure2001,Direct 3-dimensional measurement of scapular kinematics during dynamic movements in vivo,McClure PW; Michener LA; Sennett BJ; Karduna AR,2001,Figure 3C,Dynamic scapular-plane abduction,40 degrees anterior to frontal,Bone-fixed scapular electromagnetic sensor; humeral cuff sensor; thorax skin sensor,True,8,Raising,False,130,,,,-25.672,,,,,,-25.672,,,,Kinematics paper.pdf / McClure et.al (duplicate files),Digitized,"Variable: ST_InternalRotation_deg; estimated digitization uncertainty +/- 0.5 deg; value retained in the original paper convention; selected pixel center (683, 1730). No interpolation, smoothing, coordinate conversion, or cross-study averaging."
McClure2001,Direct 3-dimensional measurement of scapular kinematics during dynamic movements in vivo,McClure PW; Michener LA; Sennett BJ; Karduna AR,2001,Figure 3C,Dynamic scapular-plane abduction,40 degrees anterior to frontal,Bone-fixed scapular electromagnetic sensor; humeral cuff sensor; thorax skin sensor,True,8,Lowering,False,130,,,,-20.981,,,,,,-20.981,,,,Kinematics paper.pdf / McClure et.al (duplicate files),Digitized,"Variable: ST_InternalRotation_deg; estimated digitization uncertainty +/- 0.5 deg; value retained in the original paper convention; selected pixel center (683, 1675). No interpolation, smoothing, coordinate conversion, or cross-study averaging."
McClure2001,Direct 3-dimensional measurement of scapular kinematics during dynamic movements in vivo,McClure PW; Michener LA; Sennett BJ; Karduna AR,2001,Figure 3C,Dynamic scapular-plane abduction,40 degrees anterior to frontal,Bone-fixed scapular electromagnetic sensor; humeral cuff sensor; thorax skin sensor,True,8,Raising,False,135,,,,-22.857,,,,,,-22.857,,,,Kinematics paper.pdf / McClure et.al (duplicate files),Digitized,"Variable: ST_InternalRotation_deg; estimated digitization uncertainty +/- 0.5 deg; value retained in the original paper convention; selected pixel center (705, 1697). No interpolation, smoothing, coordinate conversion, or cross-study averaging."
McClure2001,Direct 3-dimensional measurement of scapular kinematics during dynamic movements in vivo,McClure PW; Michener LA; Sennett BJ; Karduna AR,2001,Figure 3C,Dynamic scapular-plane abduction,40 degrees anterior to frontal,Bone-fixed scapular electromagnetic sensor; humeral cuff sensor; thorax skin sensor,True,8,Lowering,False,135,,,,-22.090,,,,,,-22.090,,,,Kinematics paper.pdf / McClure et.al (duplicate files),Digitized,"Variable: ST_InternalRotation_deg; estimated digitization uncertainty +/- 0.5 deg; value retained in the original paper convention; selected pixel center (705, 1688). No interpolation, smoothing, coordinate conversion, or cross-study averaging."
McClure2001,Direct 3-dimensional measurement of scapular kinematics during dynamic movements in vivo,McClure PW; Michener LA; Sennett BJ; Karduna AR,2001,Figure 3C,Dynamic scapular-plane abduction,40 degrees anterior to frontal,Bone-fixed scapular electromagnetic sensor; humeral cuff sensor; thorax skin sensor,True,8,Raising,False,147,,,,-10.405,,,,,,-10.405,,,,Kinematics paper.pdf / McClure et.al (duplicate files),Digitized,"Variable: ST_InternalRotation_deg; estimated digitization uncertainty +/- 0.5 deg; value retained in the original paper convention; selected pixel center (757, 1551). No interpolation, smoothing, coordinate conversion, or cross-study averaging."
McClure2001,Direct 3-dimensional measurement of scapular kinematics during dynamic movements in vivo,McClure PW; Michener LA; Sennett BJ; Karduna AR,2001,Figure 3C,Dynamic scapular-plane abduction,40 degrees anterior to frontal,Bone-fixed scapular electromagnetic sensor; humeral cuff sensor; thorax skin sensor,True,8,Lowering,False,147,,,,-9.552,,,,,,-9.552,,,,Kinematics paper.pdf / McClure et.al (duplicate files),Digitized,"Variable: ST_InternalRotation_deg; estimated digitization uncertainty +/- 0.5 deg; value retained in the original paper convention; selected pixel center (757, 1541). No interpolation, smoothing, coordinate conversion, or cross-study averaging."
McClure2001,Direct 3-dimensional measurement of scapular kinematics during dynamic movements in vivo,McClure PW; Michener LA; Sennett BJ; Karduna AR,2001,Figure 4A,Dynamic sagittal-plane flexion,Sagittal plane,Bone-fixed scapular electromagnetic sensor; humeral cuff sensor; thorax skin sensor,True,8,Raising,False,16,,,4.246,,,,,,,4.246,,,,Kinematics paper.pdf / McClure et.al (duplicate files),Digitized,"Variable: ST_PosteriorTilt_deg; estimated digitization uncertainty +/- 0.6 deg; value retained in the original paper convention; selected pixel center (189, 446). No interpolation, smoothing, coordinate conversion, or cross-study averaging."
McClure2001,Direct 3-dimensional measurement of scapular kinematics during dynamic movements in vivo,McClure PW; Michener LA; Sennett BJ; Karduna AR,2001,Figure 4A,Dynamic sagittal-plane flexion,Sagittal plane,Bone-fixed scapular electromagnetic sensor; humeral cuff sensor; thorax skin sensor,True,8,Lowering,False,16,,,5.202,,,,,,,5.202,,,,Kinematics paper.pdf / McClure et.al (duplicate files),Digitized,"Variable: ST_PosteriorTilt_deg; estimated digitization uncertainty +/- 0.6 deg; value retained in the original paper convention; selected pixel center (189, 437). No interpolation, smoothing, coordinate conversion, or cross-study averaging."
McClure2001,Direct 3-dimensional measurement of scapular kinematics during dynamic movements in vivo,McClure PW; Michener LA; Sennett BJ; Karduna AR,2001,Figure 4A,Dynamic sagittal-plane flexion,Sagittal plane,Bone-fixed scapular electromagnetic sensor; humeral cuff sensor; thorax skin sensor,True,8,Raising,False,25,,,4.352,,,,,,,4.352,,,,Kinematics paper.pdf / McClure et.al (duplicate files),Digitized,"Variable: ST_PosteriorTilt_deg; estimated digitization uncertainty +/- 0.6 deg; value retained in the original paper convention; selected pixel center (228, 445). No interpolation, smoothing, coordinate conversion, or cross-study averaging."
McClure2001,Direct 3-dimensional measurement of scapular kinematics during dynamic movements in vivo,McClure PW; Michener LA; Sennett BJ; Karduna AR,2001,Figure 4A,Dynamic sagittal-plane flexion,Sagittal plane,Bone-fixed scapular electromagnetic sensor; humeral cuff sensor; thorax skin sensor,True,8,Lowering,False,25,,,5.096,,,,,,,5.096,,,,Kinematics paper.pdf / McClure et.al (duplicate files),Digitized,"Variable: ST_PosteriorTilt_deg; estimated digitization uncertainty +/- 0.6 deg; value retained in the original paper convention; selected pixel center (228, 438). No interpolation, smoothing, coordinate conversion, or cross-study averaging."
McClure2001,Direct 3-dimensional measurement of scapular kinematics during dynamic movements in vivo,McClure PW; Michener LA; Sennett BJ; Karduna AR,2001,Figure 4A,Dynamic sagittal-plane flexion,Sagittal plane,Bone-fixed scapular electromagnetic sensor; humeral cuff sensor; thorax skin sensor,True,8,Raising,False,30,,,4.565,,,,,,,4.565,,,,Kinematics paper.pdf / McClure et.al (duplicate files),Digitized,"Variable: ST_PosteriorTilt_deg; estimated digitization uncertainty +/- 0.6 deg; value retained in the original paper convention; selected pixel center (250, 443). No interpolation, smoothing, coordinate conversion, or cross-study averaging."
McClure2001,Direct 3-dimensional measurement of scapular kinematics during dynamic movements in vivo,McClure PW; Michener LA; Sennett BJ; Karduna AR,2001,Figure 4A,Dynamic sagittal-plane flexion,Sagittal plane,Bone-fixed scapular electromagnetic sensor; humeral cuff sensor; thorax skin sensor,True,8,Lowering,False,30,,,5.308,,,,,,,5.308,,,,Kinematics paper.pdf / McClure et.al (duplicate files),Digitized,"Variable: ST_PosteriorTilt_deg; estimated digitization uncertainty +/- 0.6 deg; value retained in the original paper convention; selected pixel center (250, 436). No interpolation, smoothing, coordinate conversion, or cross-study averaging."
McClure2001,Direct 3-dimensional measurement of scapular kinematics during dynamic movements in vivo,McClure PW; Michener LA; Sennett BJ; Karduna AR,2001,Figure 4A,Dynamic sagittal-plane flexion,Sagittal plane,Bone-fixed scapular electromagnetic sensor; humeral cuff sensor; thorax skin sensor,True,8,Raising,False,35,,,4.989,,,,,,,4.989,,,,Kinematics paper.pdf / McClure et.al (duplicate files),Digitized,"Variable: ST_PosteriorTilt_deg; estimated digitization uncertainty +/- 0.6 deg; value retained in the original paper convention; selected pixel center (272, 439). No interpolation, smoothing, coordinate conversion, or cross-study averaging."
McClure2001,Direct 3-dimensional measurement of scapular kinematics during dynamic movements in vivo,McClure PW; Michener LA; Sennett BJ; Karduna AR,2001,Figure 4A,Dynamic sagittal-plane flexion,Sagittal plane,Bone-fixed scapular electromagnetic sensor; humeral cuff sensor; thorax skin sensor,True,8,Lowering,False,35,,,5.945,,,,,,,5.945,,,,Kinematics paper.pdf / McClure et.al (duplicate files),Digitized,"Variable: ST_PosteriorTilt_deg; estimated digitization uncertainty +/- 0.6 deg; value retained in the original paper convention; selected pixel center (272, 430). No interpolation, smoothing, coordinate conversion, or cross-study averaging."
McClure2001,Direct 3-dimensional measurement of scapular kinematics during dynamic movements in vivo,McClure PW; Michener LA; Sennett BJ; Karduna AR,2001,Figure 4A,Dynamic sagittal-plane flexion,Sagittal plane,Bone-fixed scapular electromagnetic sensor; humeral cuff sensor; thorax skin sensor,True,8,Raising,False,40,,,5.414,,,,,,,5.414,,,,Kinematics paper.pdf / McClure et.al (duplicate files),Digitized,"Variable: ST_PosteriorTilt_deg; estimated digitization uncertainty +/- 0.6 deg; value retained in the original paper convention; selected pixel center (294, 435). No interpolation, smoothing, coordinate conversion, or cross-study averaging."
McClure2001,Direct 3-dimensional measurement of scapular kinematics during dynamic movements in vivo,McClure PW; Michener LA; Sennett BJ; Karduna AR,2001,Figure 4A,Dynamic sagittal-plane flexion,Sagittal plane,Bone-fixed scapular electromagnetic sensor; humeral cuff sensor; thorax skin sensor,True,8,Lowering,False,40,,,6.263,,,,,,,6.263,,,,Kinematics paper.pdf / McClure et.al (duplicate files),Digitized,"Variable: ST_PosteriorTilt_deg; estimated digitization uncertainty +/- 0.6 deg; value retained in the original paper convention; selected pixel center (294, 427). No interpolation, smoothing, coordinate conversion, or cross-study averaging."
McClure2001,Direct 3-dimensional measurement of scapular kinematics during dynamic movements in vivo,McClure PW; Michener LA; Sennett BJ; Karduna AR,2001,Figure 4A,Dynamic sagittal-plane flexion,Sagittal plane,Bone-fixed scapular electromagnetic sensor; humeral cuff sensor; thorax skin sensor,True,8,Raising,False,45,,,5.839,,,,,,,5.839,,,,Kinematics paper.pdf / McClure et.al (duplicate files),Digitized,"Variable: ST_PosteriorTilt_deg; estimated digitization uncertainty +/- 0.6 deg; value retained in the original paper convention; selected pixel center (316, 431). No interpolation, smoothing, coordinate conversion, or cross-study averaging."
McClure2001,Direct 3-dimensional measurement of scapular kinematics during dynamic movements in vivo,McClure PW; Michener LA; Sennett BJ; Karduna AR,2001,Figure 4A,Dynamic sagittal-plane flexion,Sagittal plane,Bone-fixed scapular electromagnetic sensor; humeral cuff sensor; thorax skin sensor,True,8,Lowering,False,45,,,6.794,,,,,,,6.794,,,,Kinematics paper.pdf / McClure et.al (duplicate files),Digitized,"Variable: ST_PosteriorTilt_deg; estimated digitization uncertainty +/- 0.6 deg; value retained in the original paper convention; selected pixel center (316, 422). No interpolation, smoothing, coordinate conversion, or cross-study averaging."
McClure2001,Direct 3-dimensional measurement of scapular kinematics during dynamic movements in vivo,McClure PW; Michener LA; Sennett BJ; Karduna AR,2001,Figure 4A,Dynamic sagittal-plane flexion,Sagittal plane,Bone-fixed scapular electromagnetic sensor; humeral cuff sensor; thorax skin sensor,True,8,Raising,False,50,,,6.263,,,,,,,6.263,,,,Kinematics paper.pdf / McClure et.al (duplicate files),Digitized,"Variable: ST_PosteriorTilt_deg; estimated digitization uncertainty +/- 0.6 deg; value retained in the original paper convention; selected pixel center (338, 427). No interpolation, smoothing, coordinate conversion, or cross-study averaging."
McClure2001,Direct 3-dimensional measurement of scapular kinematics during dynamic movements in vivo,McClure PW; Michener LA; Sennett BJ; Karduna AR,2001,Figure 4A,Dynamic sagittal-plane flexion,Sagittal plane,Bone-fixed scapular electromagnetic sensor; humeral cuff sensor; thorax skin sensor,True,8,Lowering,False,50,,,7.219,,,,,,,7.219,,,,Kinematics paper.pdf / McClure et.al (duplicate files),Digitized,"Variable: ST_PosteriorTilt_deg; estimated digitization uncertainty +/- 0.6 deg; value retained in the original paper convention; selected pixel center (338, 418). No interpolation, smoothing, coordinate conversion, or cross-study averaging."
McClure2001,Direct 3-dimensional measurement of scapular kinematics during dynamic movements in vivo,McClure PW; Michener LA; Sennett BJ; Karduna AR,2001,Figure 4A,Dynamic sagittal-plane flexion,Sagittal plane,Bone-fixed scapular electromagnetic sensor; humeral cuff sensor; thorax skin sensor,True,8,Raising,False,55,,,6.688,,,,,,,6.688,,,,Kinematics paper.pdf / McClure et.al (duplicate files),Digitized,"Variable: ST_PosteriorTilt_deg; estimated digitization uncertainty +/- 0.6 deg; value retained in the original paper convention; selected pixel center (360, 423). No interpolation, smoothing, coordinate conversion, or cross-study averaging."
McClure2001,Direct 3-dimensional measurement of scapular kinematics during dynamic movements in vivo,McClure PW; Michener LA; Sennett BJ; Karduna AR,2001,Figure 4A,Dynamic sagittal-plane flexion,Sagittal plane,Bone-fixed scapular electromagnetic sensor; humeral cuff sensor; thorax skin sensor,True,8,Lowering,False,55,,,7.537,,,,,,,7.537,,,,Kinematics paper.pdf / McClure et.al (duplicate files),Digitized,"Variable: ST_PosteriorTilt_deg; estimated digitization uncertainty +/- 0.6 deg; value retained in the original paper convention; selected pixel center (360, 415). No interpolation, smoothing, coordinate conversion, or cross-study averaging."
McClure2001,Direct 3-dimensional measurement of scapular kinematics during dynamic movements in vivo,McClure PW; Michener LA; Sennett BJ; Karduna AR,2001,Figure 4A,Dynamic sagittal-plane flexion,Sagittal plane,Bone-fixed scapular electromagnetic sensor; humeral cuff sensor; thorax skin sensor,True,8,Raising,False,60,,,7.113,,,,,,,7.113,,,,Kinematics paper.pdf / McClure et.al (duplicate files),Digitized,"Variable: ST_PosteriorTilt_deg; estimated digitization uncertainty +/- 0.6 deg; value retained in the original paper convention; selected pixel center (382, 419). No interpolation, smoothing, coordinate conversion, or cross-study averaging."
McClure2001,Direct 3-dimensional measurement of scapular kinematics during dynamic movements in vivo,McClure PW; Michener LA; Sennett BJ; Karduna AR,2001,Figure 4A,Dynamic sagittal-plane flexion,Sagittal plane,Bone-fixed scapular electromagnetic sensor; humeral cuff sensor; thorax skin sensor,True,8,Lowering,False,60,,,7.962,,,,,,,7.962,,,,Kinematics paper.pdf / McClure et.al (duplicate files),Digitized,"Variable: ST_PosteriorTilt_deg; estimated digitization uncertainty +/- 0.6 deg; value retained in the original paper convention; selected pixel center (382, 411). No interpolation, smoothing, coordinate conversion, or cross-study averaging."
McClure2001,Direct 3-dimensional measurement of scapular kinematics during dynamic movements in vivo,McClure PW; Michener LA; Sennett BJ; Karduna AR,2001,Figure 4A,Dynamic sagittal-plane flexion,Sagittal plane,Bone-fixed scapular electromagnetic sensor; humeral cuff sensor; thorax skin sensor,True,8,Raising,False,65,,,7.643,,,,,,,7.643,,,,Kinematics paper.pdf / McClure et.al (duplicate files),Digitized,"Variable: ST_PosteriorTilt_deg; estimated digitization uncertainty +/- 0.6 deg; value retained in the original paper convention; selected pixel center (403, 414). No interpolation, smoothing, coordinate conversion, or cross-study averaging."
McClure2001,Direct 3-dimensional measurement of scapular kinematics during dynamic movements in vivo,McClure PW; Michener LA; Sennett BJ; Karduna AR,2001,Figure 4A,Dynamic sagittal-plane flexion,Sagittal plane,Bone-fixed scapular electromagnetic sensor; humeral cuff sensor; thorax skin sensor,True,8,Lowering,False,65,,,8.386,,,,,,,8.386,,,,Kinematics paper.pdf / McClure et.al (duplicate files),Digitized,"Variable: ST_PosteriorTilt_deg; estimated digitization uncertainty +/- 0.6 deg; value retained in the original paper convention; selected pixel center (403, 407). No interpolation, smoothing, coordinate conversion, or cross-study averaging."
McClure2001,Direct 3-dimensional measurement of scapular kinematics during dynamic movements in vivo,McClure PW; Michener LA; Sennett BJ; Karduna AR,2001,Figure 4A,Dynamic sagittal-plane flexion,Sagittal plane,Bone-fixed scapular electromagnetic sensor; humeral cuff sensor; thorax skin sensor,True,8,Raising,False,70,,,8.068,,,,,,,8.068,,,,Kinematics paper.pdf / McClure et.al (duplicate files),Digitized,"Variable: ST_PosteriorTilt_deg; estimated digitization uncertainty +/- 0.6 deg; value retained in the original paper convention; selected pixel center (425, 410). No interpolation, smoothing, coordinate conversion, or cross-study averaging."
McClure2001,Direct 3-dimensional measurement of scapular kinematics during dynamic movements in vivo,McClure PW; Michener LA; Sennett BJ; Karduna AR,2001,Figure 4A,Dynamic sagittal-plane flexion,Sagittal plane,Bone-fixed scapular electromagnetic sensor; humeral cuff sensor; thorax skin sensor,True,8,Lowering,False,70,,,8.705,,,,,,,8.705,,,,Kinematics paper.pdf / McClure et.al (duplicate files),Digitized,"Variable: ST_PosteriorTilt_deg; estimated digitization uncertainty +/- 0.6 deg; value retained in the original paper convention; selected pixel center (425, 404). No interpolation, smoothing, coordinate conversion, or cross-study averaging."
McClure2001,Direct 3-dimensional measurement of scapular kinematics during dynamic movements in vivo,McClure PW; Michener LA; Sennett BJ; Karduna AR,2001,Figure 4A,Dynamic sagittal-plane flexion,Sagittal plane,Bone-fixed scapular electromagnetic sensor; humeral cuff sensor; thorax skin sensor,True,8,Raising,False,75,,,8.599,,,,,,,8.599,,,,Kinematics paper.pdf / McClure et.al (duplicate files),Digitized,"Variable: ST_PosteriorTilt_deg; estimated digitization uncertainty +/- 0.6 deg; value retained in the original paper convention; selected pixel center (447, 405). No interpolation, smoothing, coordinate conversion, or cross-study averaging."
McClure2001,Direct 3-dimensional measurement of scapular kinematics during dynamic movements in vivo,McClure PW; Michener LA; Sennett BJ; Karduna AR,2001,Figure 4A,Dynamic sagittal-plane flexion,Sagittal plane,Bone-fixed scapular electromagnetic sensor; humeral cuff sensor; thorax skin sensor,True,8,Lowering,False,75,,,12.951,,,,,,,12.951,,,,Kinematics paper.pdf / McClure et.al (duplicate files),Digitized,"Variable: ST_PosteriorTilt_deg; estimated digitization uncertainty +/- 0.6 deg; value retained in the original paper convention; selected pixel center (447, 364). No interpolation, smoothing, coordinate conversion, or cross-study averaging."
McClure2001,Direct 3-dimensional measurement of scapular kinematics during dynamic movements in vivo,McClure PW; Michener LA; Sennett BJ; Karduna AR,2001,Figure 4A,Dynamic sagittal-plane flexion,Sagittal plane,Bone-fixed scapular electromagnetic sensor; humeral cuff sensor; thorax skin sensor,True,8,Raising,False,80,,,9.130,,,,,,,9.130,,,,Kinematics paper.pdf / McClure et.al (duplicate files),Digitized,"Variable: ST_PosteriorTilt_deg; estimated digitization uncertainty +/- 0.6 deg; value retained in the original paper convention; selected pixel center (469, 400). No interpolation, smoothing, coordinate conversion, or cross-study averaging."
McClure2001,Direct 3-dimensional measurement of scapular kinematics during dynamic movements in vivo,McClure PW; Michener LA; Sennett BJ; Karduna AR,2001,Figure 4A,Dynamic sagittal-plane flexion,Sagittal plane,Bone-fixed scapular electromagnetic sensor; humeral cuff sensor; thorax skin sensor,True,8,Lowering,False,80,,,13.376,,,,,,,13.376,,,,Kinematics paper.pdf / McClure et.al (duplicate files),Digitized,"Variable: ST_PosteriorTilt_deg; estimated digitization uncertainty +/- 0.6 deg; value retained in the original paper convention; selected pixel center (469, 360). No interpolation, smoothing, coordinate conversion, or cross-study averaging."
McClure2001,Direct 3-dimensional measurement of scapular kinematics during dynamic movements in vivo,McClure PW; Michener LA; Sennett BJ; Karduna AR,2001,Figure 4A,Dynamic sagittal-plane flexion,Sagittal plane,Bone-fixed scapular electromagnetic sensor; humeral cuff sensor; thorax skin sensor,True,8,Raising,False,85,,,10.403,,,,,,,10.403,,,,Kinematics paper.pdf / McClure et.al (duplicate files),Digitized,"Variable: ST_PosteriorTilt_deg; estimated digitization uncertainty +/- 0.6 deg; value retained in the original paper convention; selected pixel center (491, 388). No interpolation, smoothing, coordinate conversion, or cross-study averaging."
McClure2001,Direct 3-dimensional measurement of scapular kinematics during dynamic movements in vivo,McClure PW; Michener LA; Sennett BJ; Karduna AR,2001,Figure 4A,Dynamic sagittal-plane flexion,Sagittal plane,Bone-fixed scapular electromagnetic sensor; humeral cuff sensor; thorax skin sensor,True,8,Lowering,False,85,,,11.040,,,,,,,11.040,,,,Kinematics paper.pdf / McClure et.al (duplicate files),Digitized,"Variable: ST_PosteriorTilt_deg; estimated digitization uncertainty +/- 0.6 deg; value retained in the original paper convention; selected pixel center (491, 382). No interpolation, smoothing, coordinate conversion, or cross-study averaging."
McClure2001,Direct 3-dimensional measurement of scapular kinematics during dynamic movements in vivo,McClure PW; Michener LA; Sennett BJ; Karduna AR,2001,Figure 4A,Dynamic sagittal-plane flexion,Sagittal plane,Bone-fixed scapular electromagnetic sensor; humeral cuff sensor; thorax skin sensor,True,8,Raising,False,90,,,9.554,,,,,,,9.554,,,,Kinematics paper.pdf / McClure et.al (duplicate files),Digitized,"Variable: ST_PosteriorTilt_deg; estimated digitization uncertainty +/- 0.6 deg; value retained in the original paper convention; selected pixel center (513, 396). No interpolation, smoothing, coordinate conversion, or cross-study averaging."
McClure2001,Direct 3-dimensional measurement of scapular kinematics during dynamic movements in vivo,McClure PW; Michener LA; Sennett BJ; Karduna AR,2001,Figure 4A,Dynamic sagittal-plane flexion,Sagittal plane,Bone-fixed scapular electromagnetic sensor; humeral cuff sensor; thorax skin sensor,True,8,Lowering,False,90,,,11.571,,,,,,,11.571,,,,Kinematics paper.pdf / McClure et.al (duplicate files),Digitized,"Variable: ST_PosteriorTilt_deg; estimated digitization uncertainty +/- 0.6 deg; value retained in the original paper convention; selected pixel center (513, 377). No interpolation, smoothing, coordinate conversion, or cross-study averaging."
McClure2001,Direct 3-dimensional measurement of scapular kinematics during dynamic movements in vivo,McClure PW; Michener LA; Sennett BJ; Karduna AR,2001,Figure 4A,Dynamic sagittal-plane flexion,Sagittal plane,Bone-fixed scapular electromagnetic sensor; humeral cuff sensor; thorax skin sensor,True,8,Raising,False,95,,,10.934,,,,,,,10.934,,,,Kinematics paper.pdf / McClure et.al (duplicate files),Digitized,"Variable: ST_PosteriorTilt_deg; estimated digitization uncertainty +/- 0.6 deg; value retained in the original paper convention; selected pixel center (535, 383). No interpolation, smoothing, coordinate conversion, or cross-study averaging."
McClure2001,Direct 3-dimensional measurement of scapular kinematics during dynamic movements in vivo,McClure PW; Michener LA; Sennett BJ; Karduna AR,2001,Figure 4A,Dynamic sagittal-plane flexion,Sagittal plane,Bone-fixed scapular electromagnetic sensor; humeral cuff sensor; thorax skin sensor,True,8,Lowering,False,95,,,12.102,,,,,,,12.102,,,,Kinematics paper.pdf / McClure et.al (duplicate files),Digitized,"Variable: ST_PosteriorTilt_deg; estimated digitization uncertainty +/- 0.6 deg; value retained in the original paper convention; selected pixel center (535, 372). No interpolation, smoothing, coordinate conversion, or cross-study averaging."
McClure2001,Direct 3-dimensional measurement of scapular kinematics during dynamic movements in vivo,McClure PW; Michener LA; Sennett BJ; Karduna AR,2001,Figure 4A,Dynamic sagittal-plane flexion,Sagittal plane,Bone-fixed scapular electromagnetic sensor; humeral cuff sensor; thorax skin sensor,True,8,Raising,False,100,,,11.571,,,,,,,11.571,,,,Kinematics paper.pdf / McClure et.al (duplicate files),Digitized,"Variable: ST_PosteriorTilt_deg; estimated digitization uncertainty +/- 0.6 deg; value retained in the original paper convention; selected pixel center (556, 377). No interpolation, smoothing, coordinate conversion, or cross-study averaging."
McClure2001,Direct 3-dimensional measurement of scapular kinematics during dynamic movements in vivo,McClure PW; Michener LA; Sennett BJ; Karduna AR,2001,Figure 4A,Dynamic sagittal-plane flexion,Sagittal plane,Bone-fixed scapular electromagnetic sensor; humeral cuff sensor; thorax skin sensor,True,8,Lowering,False,100,,,12.951,,,,,,,12.951,,,,Kinematics paper.pdf / McClure et.al (duplicate files),Digitized,"Variable: ST_PosteriorTilt_deg; estimated digitization uncertainty +/- 0.6 deg; value retained in the original paper convention; selected pixel center (556, 364). No interpolation, smoothing, coordinate conversion, or cross-study averaging."
McClure2001,Direct 3-dimensional measurement of scapular kinematics during dynamic movements in vivo,McClure PW; Michener LA; Sennett BJ; Karduna AR,2001,Figure 4A,Dynamic sagittal-plane flexion,Sagittal plane,Bone-fixed scapular electromagnetic sensor; humeral cuff sensor; thorax skin sensor,True,8,Raising,False,105,,,12.314,,,,,,,12.314,,,,Kinematics paper.pdf / McClure et.al (duplicate files),Digitized,"Variable: ST_PosteriorTilt_deg; estimated digitization uncertainty +/- 0.6 deg; value retained in the original paper convention; selected pixel center (578, 370). No interpolation, smoothing, coordinate conversion, or cross-study averaging."
McClure2001,Direct 3-dimensional measurement of scapular kinematics during dynamic movements in vivo,McClure PW; Michener LA; Sennett BJ; Karduna AR,2001,Figure 4A,Dynamic sagittal-plane flexion,Sagittal plane,Bone-fixed scapular electromagnetic sensor; humeral cuff sensor; thorax skin sensor,True,8,Lowering,False,105,,,14.013,,,,,,,14.013,,,,Kinematics paper.pdf / McClure et.al (duplicate files),Digitized,"Variable: ST_PosteriorTilt_deg; estimated digitization uncertainty +/- 0.6 deg; value retained in the original paper convention; selected pixel center (578, 354). No interpolation, smoothing, coordinate conversion, or cross-study averaging."
McClure2001,Direct 3-dimensional measurement of scapular kinematics during dynamic movements in vivo,McClure PW; Michener LA; Sennett BJ; Karduna AR,2001,Figure 4A,Dynamic sagittal-plane flexion,Sagittal plane,Bone-fixed scapular electromagnetic sensor; humeral cuff sensor; thorax skin sensor,True,8,Raising,False,110,,,12.951,,,,,,,12.951,,,,Kinematics paper.pdf / McClure et.al (duplicate files),Digitized,"Variable: ST_PosteriorTilt_deg; estimated digitization uncertainty +/- 0.6 deg; value retained in the original paper convention; selected pixel center (600, 364). No interpolation, smoothing, coordinate conversion, or cross-study averaging."
McClure2001,Direct 3-dimensional measurement of scapular kinematics during dynamic movements in vivo,McClure PW; Michener LA; Sennett BJ; Karduna AR,2001,Figure 4A,Dynamic sagittal-plane flexion,Sagittal plane,Bone-fixed scapular electromagnetic sensor; humeral cuff sensor; thorax skin sensor,True,8,Lowering,False,110,,,14.013,,,,,,,14.013,,,,Kinematics paper.pdf / McClure et.al (duplicate files),Digitized,"Variable: ST_PosteriorTilt_deg; estimated digitization uncertainty +/- 0.6 deg; value retained in the original paper convention; selected pixel center (600, 354). No interpolation, smoothing, coordinate conversion, or cross-study averaging."
McClure2001,Direct 3-dimensional measurement of scapular kinematics during dynamic movements in vivo,McClure PW; Michener LA; Sennett BJ; Karduna AR,2001,Figure 4A,Dynamic sagittal-plane flexion,Sagittal plane,Bone-fixed scapular electromagnetic sensor; humeral cuff sensor; thorax skin sensor,True,8,Raising,False,115,,,13.800,,,,,,,13.800,,,,Kinematics paper.pdf / McClure et.al (duplicate files),Digitized,"Variable: ST_PosteriorTilt_deg; estimated digitization uncertainty +/- 0.6 deg; value retained in the original paper convention; selected pixel center (622, 356). No interpolation, smoothing, coordinate conversion, or cross-study averaging."
McClure2001,Direct 3-dimensional measurement of scapular kinematics during dynamic movements in vivo,McClure PW; Michener LA; Sennett BJ; Karduna AR,2001,Figure 4A,Dynamic sagittal-plane flexion,Sagittal plane,Bone-fixed scapular electromagnetic sensor; humeral cuff sensor; thorax skin sensor,True,8,Lowering,False,115,,,14.756,,,,,,,14.756,,,,Kinematics paper.pdf / McClure et.al (duplicate files),Digitized,"Variable: ST_PosteriorTilt_deg; estimated digitization uncertainty +/- 0.6 deg; value retained in the original paper convention; selected pixel center (622, 347). No interpolation, smoothing, coordinate conversion, or cross-study averaging."
McClure2001,Direct 3-dimensional measurement of scapular kinematics during dynamic movements in vivo,McClure PW; Michener LA; Sennett BJ; Karduna AR,2001,Figure 4A,Dynamic sagittal-plane flexion,Sagittal plane,Bone-fixed scapular electromagnetic sensor; humeral cuff sensor; thorax skin sensor,True,8,Raising,False,120,,,14.544,,,,,,,14.544,,,,Kinematics paper.pdf / McClure et.al (duplicate files),Digitized,"Variable: ST_PosteriorTilt_deg; estimated digitization uncertainty +/- 0.6 deg; value retained in the original paper convention; selected pixel center (644, 349). No interpolation, smoothing, coordinate conversion, or cross-study averaging."
McClure2001,Direct 3-dimensional measurement of scapular kinematics during dynamic movements in vivo,McClure PW; Michener LA; Sennett BJ; Karduna AR,2001,Figure 4A,Dynamic sagittal-plane flexion,Sagittal plane,Bone-fixed scapular electromagnetic sensor; humeral cuff sensor; thorax skin sensor,True,8,Lowering,False,120,,,18.471,,,,,,,18.471,,,,Kinematics paper.pdf / McClure et.al (duplicate files),Digitized,"Variable: ST_PosteriorTilt_deg; estimated digitization uncertainty +/- 0.6 deg; value retained in the original paper convention; selected pixel center (644, 312). No interpolation, smoothing, coordinate conversion, or cross-study averaging."
McClure2001,Direct 3-dimensional measurement of scapular kinematics during dynamic movements in vivo,McClure PW; Michener LA; Sennett BJ; Karduna AR,2001,Figure 4A,Dynamic sagittal-plane flexion,Sagittal plane,Bone-fixed scapular electromagnetic sensor; humeral cuff sensor; thorax skin sensor,True,8,Raising,False,125,,,15.393,,,,,,,15.393,,,,Kinematics paper.pdf / McClure et.al (duplicate files),Digitized,"Variable: ST_PosteriorTilt_deg; estimated digitization uncertainty +/- 0.6 deg; value retained in the original paper convention; selected pixel center (666, 341). No interpolation, smoothing, coordinate conversion, or cross-study averaging."
McClure2001,Direct 3-dimensional measurement of scapular kinematics during dynamic movements in vivo,McClure PW; Michener LA; Sennett BJ; Karduna AR,2001,Figure 4A,Dynamic sagittal-plane flexion,Sagittal plane,Bone-fixed scapular electromagnetic sensor; humeral cuff sensor; thorax skin sensor,True,8,Lowering,False,125,,,16.454,,,,,,,16.454,,,,Kinematics paper.pdf / McClure et.al (duplicate files),Digitized,"Variable: ST_PosteriorTilt_deg; estimated digitization uncertainty +/- 0.6 deg; value retained in the original paper convention; selected pixel center (666, 331). No interpolation, smoothing, coordinate conversion, or cross-study averaging."
McClure2001,Direct 3-dimensional measurement of scapular kinematics during dynamic movements in vivo,McClure PW; Michener LA; Sennett BJ; Karduna AR,2001,Figure 4A,Dynamic sagittal-plane flexion,Sagittal plane,Bone-fixed scapular electromagnetic sensor; humeral cuff sensor; thorax skin sensor,True,8,Raising,False,130,,,16.773,,,,,,,16.773,,,,Kinematics paper.pdf / McClure et.al (duplicate files),Digitized,"Variable: ST_PosteriorTilt_deg; estimated digitization uncertainty +/- 0.6 deg; value retained in the original paper convention; selected pixel center (688, 328). No interpolation, smoothing, coordinate conversion, or cross-study averaging."
McClure2001,Direct 3-dimensional measurement of scapular kinematics during dynamic movements in vivo,McClure PW; Michener LA; Sennett BJ; Karduna AR,2001,Figure 4A,Dynamic sagittal-plane flexion,Sagittal plane,Bone-fixed scapular electromagnetic sensor; humeral cuff sensor; thorax skin sensor,True,8,Lowering,False,130,,,17.728,,,,,,,17.728,,,,Kinematics paper.pdf / McClure et.al (duplicate files),Digitized,"Variable: ST_PosteriorTilt_deg; estimated digitization uncertainty +/- 0.6 deg; value retained in the original paper convention; selected pixel center (688, 319). No interpolation, smoothing, coordinate conversion, or cross-study averaging."
McClure2001,Direct 3-dimensional measurement of scapular kinematics during dynamic movements in vivo,McClure PW; Michener LA; Sennett BJ; Karduna AR,2001,Figure 4A,Dynamic sagittal-plane flexion,Sagittal plane,Bone-fixed scapular electromagnetic sensor; humeral cuff sensor; thorax skin sensor,True,8,Raising,False,135,,,18.577,,,,,,,18.577,,,,Kinematics paper.pdf / McClure et.al (duplicate files),Digitized,"Variable: ST_PosteriorTilt_deg; estimated digitization uncertainty +/- 0.6 deg; value retained in the original paper convention; selected pixel center (710, 311). No interpolation, smoothing, coordinate conversion, or cross-study averaging."
McClure2001,Direct 3-dimensional measurement of scapular kinematics during dynamic movements in vivo,McClure PW; Michener LA; Sennett BJ; Karduna AR,2001,Figure 4A,Dynamic sagittal-plane flexion,Sagittal plane,Bone-fixed scapular electromagnetic sensor; humeral cuff sensor; thorax skin sensor,True,8,Lowering,False,135,,,24.628,,,,,,,24.628,,,,Kinematics paper.pdf / McClure et.al (duplicate files),Digitized,"Variable: ST_PosteriorTilt_deg; estimated digitization uncertainty +/- 0.6 deg; value retained in the original paper convention; selected pixel center (710, 254). No interpolation, smoothing, coordinate conversion, or cross-study averaging."
McClure2001,Direct 3-dimensional measurement of scapular kinematics during dynamic movements in vivo,McClure PW; Michener LA; Sennett BJ; Karduna AR,2001,Figure 4A,Dynamic sagittal-plane flexion,Sagittal plane,Bone-fixed scapular electromagnetic sensor; humeral cuff sensor; thorax skin sensor,True,8,Raising,False,140,,,21.125,,,,,,,21.125,,,,Kinematics paper.pdf / McClure et.al (duplicate files),Digitized,"Variable: ST_PosteriorTilt_deg; estimated digitization uncertainty +/- 0.6 deg; value retained in the original paper convention; selected pixel center (732, 287). No interpolation, smoothing, coordinate conversion, or cross-study averaging."
McClure2001,Direct 3-dimensional measurement of scapular kinematics during dynamic movements in vivo,McClure PW; Michener LA; Sennett BJ; Karduna AR,2001,Figure 4A,Dynamic sagittal-plane flexion,Sagittal plane,Bone-fixed scapular electromagnetic sensor; humeral cuff sensor; thorax skin sensor,True,8,Lowering,False,140,,,22.081,,,,,,,22.081,,,,Kinematics paper.pdf / McClure et.al (duplicate files),Digitized,"Variable: ST_PosteriorTilt_deg; estimated digitization uncertainty +/- 0.6 deg; value retained in the original paper convention; selected pixel center (732, 278). No interpolation, smoothing, coordinate conversion, or cross-study averaging."
McClure2001,Direct 3-dimensional measurement of scapular kinematics during dynamic movements in vivo,McClure PW; Michener LA; Sennett BJ; Karduna AR,2001,Figure 4A,Dynamic sagittal-plane flexion,Sagittal plane,Bone-fixed scapular electromagnetic sensor; humeral cuff sensor; thorax skin sensor,True,8,Raising,False,153,,,36.093,,,,,,,36.093,,,,Kinematics paper.pdf / McClure et.al (duplicate files),Digitized,"Variable: ST_PosteriorTilt_deg; estimated digitization uncertainty +/- 0.6 deg; value retained in the original paper convention; selected pixel center (788, 146). No interpolation, smoothing, coordinate conversion, or cross-study averaging."
McClure2001,Direct 3-dimensional measurement of scapular kinematics during dynamic movements in vivo,McClure PW; Michener LA; Sennett BJ; Karduna AR,2001,Figure 4A,Dynamic sagittal-plane flexion,Sagittal plane,Bone-fixed scapular electromagnetic sensor; humeral cuff sensor; thorax skin sensor,True,8,Lowering,False,153,,,37.049,,,,,,,37.049,,,,Kinematics paper.pdf / McClure et.al (duplicate files),Digitized,"Variable: ST_PosteriorTilt_deg; estimated digitization uncertainty +/- 0.6 deg; value retained in the original paper convention; selected pixel center (788, 137). No interpolation, smoothing, coordinate conversion, or cross-study averaging."
McClure2001,Direct 3-dimensional measurement of scapular kinematics during dynamic movements in vivo,McClure PW; Michener LA; Sennett BJ; Karduna AR,2001,Figure 4D,Dynamic sagittal-plane flexion,Sagittal plane,Bone-fixed scapular electromagnetic sensor; humeral cuff sensor; thorax skin sensor,True,8,Raising,False,16,,,,,,,,,,-17.059,,,,Kinematics paper.pdf / McClure et.al (duplicate files),Digitized,"Variable: Clavicular plane rotation; estimated digitization uncertainty +/- 0.5 deg; value retained in the original paper convention; selected pixel center (1230, 108). No interpolation, smoothing, coordinate conversion, or cross-study averaging."
McClure2001,Direct 3-dimensional measurement of scapular kinematics during dynamic movements in vivo,McClure PW; Michener LA; Sennett BJ; Karduna AR,2001,Figure 4D,Dynamic sagittal-plane flexion,Sagittal plane,Bone-fixed scapular electromagnetic sensor; humeral cuff sensor; thorax skin sensor,True,8,Lowering,False,16,,,,,,,,,,-22.335,,,,Kinematics paper.pdf / McClure et.al (duplicate files),Digitized,"Variable: Clavicular plane rotation; estimated digitization uncertainty +/- 0.5 deg; value retained in the original paper convention; selected pixel center (1230, 179). No interpolation, smoothing, coordinate conversion, or cross-study averaging."
McClure2001,Direct 3-dimensional measurement of scapular kinematics during dynamic movements in vivo,McClure PW; Michener LA; Sennett BJ; Karduna AR,2001,Figure 4D,Dynamic sagittal-plane flexion,Sagittal plane,Bone-fixed scapular electromagnetic sensor; humeral cuff sensor; thorax skin sensor,True,8,Raising,False,30,,,,,,,,,,-17.059,,,,Kinematics paper.pdf / McClure et.al (duplicate files),Digitized,"Variable: Clavicular plane rotation; estimated digitization uncertainty +/- 0.5 deg; value retained in the original paper convention; selected pixel center (1291, 108). No interpolation, smoothing, coordinate conversion, or cross-study averaging."
McClure2001,Direct 3-dimensional measurement of scapular kinematics during dynamic movements in vivo,McClure PW; Michener LA; Sennett BJ; Karduna AR,2001,Figure 4D,Dynamic sagittal-plane flexion,Sagittal plane,Bone-fixed scapular electromagnetic sensor; humeral cuff sensor; thorax skin sensor,True,8,Lowering,False,30,,,,,,,,,,-18.546,,,,Kinematics paper.pdf / McClure et.al (duplicate files),Digitized,"Variable: Clavicular plane rotation; estimated digitization uncertainty +/- 0.5 deg; value retained in the original paper convention; selected pixel center (1291, 128). No interpolation, smoothing, coordinate conversion, or cross-study averaging."
McClure2001,Direct 3-dimensional measurement of scapular kinematics during dynamic movements in vivo,McClure PW; Michener LA; Sennett BJ; Karduna AR,2001,Figure 4D,Dynamic sagittal-plane flexion,Sagittal plane,Bone-fixed scapular electromagnetic sensor; humeral cuff sensor; thorax skin sensor,True,8,Raising,False,35,,,,,,,,,,-16.985,,,,Kinematics paper.pdf / McClure et.al (duplicate files),Digitized,"Variable: Clavicular plane rotation; estimated digitization uncertainty +/- 0.5 deg; value retained in the original paper convention; selected pixel center (1313, 107). No interpolation, smoothing, coordinate conversion, or cross-study averaging."
McClure2001,Direct 3-dimensional measurement of scapular kinematics during dynamic movements in vivo,McClure PW; Michener LA; Sennett BJ; Karduna AR,2001,Figure 4D,Dynamic sagittal-plane flexion,Sagittal plane,Bone-fixed scapular electromagnetic sensor; humeral cuff sensor; thorax skin sensor,True,8,Lowering,False,35,,,,,,,,,,-19.289,,,,Kinematics paper.pdf / McClure et.al (duplicate files),Digitized,"Variable: Clavicular plane rotation; estimated digitization uncertainty +/- 0.5 deg; value retained in the original paper convention; selected pixel center (1313, 138). No interpolation, smoothing, coordinate conversion, or cross-study averaging."
McClure2001,Direct 3-dimensional measurement of scapular kinematics during dynamic movements in vivo,McClure PW; Michener LA; Sennett BJ; Karduna AR,2001,Figure 4D,Dynamic sagittal-plane flexion,Sagittal plane,Bone-fixed scapular electromagnetic sensor; humeral cuff sensor; thorax skin sensor,True,8,Raising,False,40,,,,,,,,,,-16.985,,,,Kinematics paper.pdf / McClure et.al (duplicate files),Digitized,"Variable: Clavicular plane rotation; estimated digitization uncertainty +/- 0.5 deg; value retained in the original paper convention; selected pixel center (1334, 107). No interpolation, smoothing, coordinate conversion, or cross-study averaging."
McClure2001,Direct 3-dimensional measurement of scapular kinematics during dynamic movements in vivo,McClure PW; Michener LA; Sennett BJ; Karduna AR,2001,Figure 4D,Dynamic sagittal-plane flexion,Sagittal plane,Bone-fixed scapular electromagnetic sensor; humeral cuff sensor; thorax skin sensor,True,8,Lowering,False,40,,,,,,,,,,-19.363,,,,Kinematics paper.pdf / McClure et.al (duplicate files),Digitized,"Variable: Clavicular plane rotation; estimated digitization uncertainty +/- 0.5 deg; value retained in the original paper convention; selected pixel center (1334, 139). No interpolation, smoothing, coordinate conversion, or cross-study averaging."
McClure2001,Direct 3-dimensional measurement of scapular kinematics during dynamic movements in vivo,McClure PW; Michener LA; Sennett BJ; Karduna AR,2001,Figure 4D,Dynamic sagittal-plane flexion,Sagittal plane,Bone-fixed scapular electromagnetic sensor; humeral cuff sensor; thorax skin sensor,True,8,Raising,False,45,,,,,,,,,,-16.985,,,,Kinematics paper.pdf / McClure et.al (duplicate files),Digitized,"Variable: Clavicular plane rotation; estimated digitization uncertainty +/- 0.5 deg; value retained in the original paper convention; selected pixel center (1356, 107). No interpolation, smoothing, coordinate conversion, or cross-study averaging."
McClure2001,Direct 3-dimensional measurement of scapular kinematics during dynamic movements in vivo,McClure PW; Michener LA; Sennett BJ; Karduna AR,2001,Figure 4D,Dynamic sagittal-plane flexion,Sagittal plane,Bone-fixed scapular electromagnetic sensor; humeral cuff sensor; thorax skin sensor,True,8,Lowering,False,45,,,,,,,,,,-20.701,,,,Kinematics paper.pdf / McClure et.al (duplicate files),Digitized,"Variable: Clavicular plane rotation; estimated digitization uncertainty +/- 0.5 deg; value retained in the original paper convention; selected pixel center (1356, 157). No interpolation, smoothing, coordinate conversion, or cross-study averaging."
McClure2001,Direct 3-dimensional measurement of scapular kinematics during dynamic movements in vivo,McClure PW; Michener LA; Sennett BJ; Karduna AR,2001,Figure 4D,Dynamic sagittal-plane flexion,Sagittal plane,Bone-fixed scapular electromagnetic sensor; humeral cuff sensor; thorax skin sensor,True,8,Raising,False,50,,,,,,,,,,-16.985,,,,Kinematics paper.pdf / McClure et.al (duplicate files),Digitized,"Variable: Clavicular plane rotation; estimated digitization uncertainty +/- 0.5 deg; value retained in the original paper convention; selected pixel center (1378, 107). No interpolation, smoothing, coordinate conversion, or cross-study averaging."
McClure2001,Direct 3-dimensional measurement of scapular kinematics during dynamic movements in vivo,McClure PW; Michener LA; Sennett BJ; Karduna AR,2001,Figure 4D,Dynamic sagittal-plane flexion,Sagittal plane,Bone-fixed scapular electromagnetic sensor; humeral cuff sensor; thorax skin sensor,True,8,Lowering,False,50,,,,,,,,,,-21.369,,,,Kinematics paper.pdf / McClure et.al (duplicate files),Digitized,"Variable: Clavicular plane rotation; estimated digitization uncertainty +/- 0.5 deg; value retained in the original paper convention; selected pixel center (1378, 166). No interpolation, smoothing, coordinate conversion, or cross-study averaging."
McClure2001,Direct 3-dimensional measurement of scapular kinematics during dynamic movements in vivo,McClure PW; Michener LA; Sennett BJ; Karduna AR,2001,Figure 4D,Dynamic sagittal-plane flexion,Sagittal plane,Bone-fixed scapular electromagnetic sensor; humeral cuff sensor; thorax skin sensor,True,8,Raising,False,55,,,,,,,,,,-17.505,,,,Kinematics paper.pdf / McClure et.al (duplicate files),Digitized,"Variable: Clavicular plane rotation; estimated digitization uncertainty +/- 0.5 deg; value retained in the original paper convention; selected pixel center (1400, 114). No interpolation, smoothing, coordinate conversion, or cross-study averaging."
McClure2001,Direct 3-dimensional measurement of scapular kinematics during dynamic movements in vivo,McClure PW; Michener LA; Sennett BJ; Karduna AR,2001,Figure 4D,Dynamic sagittal-plane flexion,Sagittal plane,Bone-fixed scapular electromagnetic sensor; humeral cuff sensor; thorax skin sensor,True,8,Lowering,False,55,,,,,,,,,,-21.964,,,,Kinematics paper.pdf / McClure et.al (duplicate files),Digitized,"Variable: Clavicular plane rotation; estimated digitization uncertainty +/- 0.5 deg; value retained in the original paper convention; selected pixel center (1400, 174). No interpolation, smoothing, coordinate conversion, or cross-study averaging."
McClure2001,Direct 3-dimensional measurement of scapular kinematics during dynamic movements in vivo,McClure PW; Michener LA; Sennett BJ; Karduna AR,2001,Figure 4D,Dynamic sagittal-plane flexion,Sagittal plane,Bone-fixed scapular electromagnetic sensor; humeral cuff sensor; thorax skin sensor,True,8,Raising,False,60,,,,,,,,,,-18.025,,,,Kinematics paper.pdf / McClure et.al (duplicate files),Digitized,"Variable: Clavicular plane rotation; estimated digitization uncertainty +/- 0.5 deg; value retained in the original paper convention; selected pixel center (1422, 121). No interpolation, smoothing, coordinate conversion, or cross-study averaging."
McClure2001,Direct 3-dimensional measurement of scapular kinematics during dynamic movements in vivo,McClure PW; Michener LA; Sennett BJ; Karduna AR,2001,Figure 4D,Dynamic sagittal-plane flexion,Sagittal plane,Bone-fixed scapular electromagnetic sensor; humeral cuff sensor; thorax skin sensor,True,8,Lowering,False,60,,,,,,,,,,-22.558,,,,Kinematics paper.pdf / McClure et.al (duplicate files),Digitized,"Variable: Clavicular plane rotation; estimated digitization uncertainty +/- 0.5 deg; value retained in the original paper convention; selected pixel center (1422, 182). No interpolation, smoothing, coordinate conversion, or cross-study averaging."
McClure2001,Direct 3-dimensional measurement of scapular kinematics during dynamic movements in vivo,McClure PW; Michener LA; Sennett BJ; Karduna AR,2001,Figure 4D,Dynamic sagittal-plane flexion,Sagittal plane,Bone-fixed scapular electromagnetic sensor; humeral cuff sensor; thorax skin sensor,True,8,Raising,False,65,,,,,,,,,,-18.546,,,,Kinematics paper.pdf / McClure et.al (duplicate files),Digitized,"Variable: Clavicular plane rotation; estimated digitization uncertainty +/- 0.5 deg; value retained in the original paper convention; selected pixel center (1444, 128). No interpolation, smoothing, coordinate conversion, or cross-study averaging."
McClure2001,Direct 3-dimensional measurement of scapular kinematics during dynamic movements in vivo,McClure PW; Michener LA; Sennett BJ; Karduna AR,2001,Figure 4D,Dynamic sagittal-plane flexion,Sagittal plane,Bone-fixed scapular electromagnetic sensor; humeral cuff sensor; thorax skin sensor,True,8,Lowering,False,65,,,,,,,,,,-23.079,,,,Kinematics paper.pdf / McClure et.al (duplicate files),Digitized,"Variable: Clavicular plane rotation; estimated digitization uncertainty +/- 0.5 deg; value retained in the original paper convention; selected pixel center (1444, 189). No interpolation, smoothing, coordinate conversion, or cross-study averaging."
McClure2001,Direct 3-dimensional measurement of scapular kinematics during dynamic movements in vivo,McClure PW; Michener LA; Sennett BJ; Karduna AR,2001,Figure 4D,Dynamic sagittal-plane flexion,Sagittal plane,Bone-fixed scapular electromagnetic sensor; humeral cuff sensor; thorax skin sensor,True,8,Raising,False,70,,,,,,,,,,-19.066,,,,Kinematics paper.pdf / McClure et.al (duplicate files),Digitized,"Variable: Clavicular plane rotation; estimated digitization uncertainty +/- 0.5 deg; value retained in the original paper convention; selected pixel center (1465, 135). No interpolation, smoothing, coordinate conversion, or cross-study averaging."
McClure2001,Direct 3-dimensional measurement of scapular kinematics during dynamic movements in vivo,McClure PW; Michener LA; Sennett BJ; Karduna AR,2001,Figure 4D,Dynamic sagittal-plane flexion,Sagittal plane,Bone-fixed scapular electromagnetic sensor; humeral cuff sensor; thorax skin sensor,True,8,Lowering,False,70,,,,,,,,,,-23.673,,,,Kinematics paper.pdf / McClure et.al (duplicate files),Digitized,"Variable: Clavicular plane rotation; estimated digitization uncertainty +/- 0.5 deg; value retained in the original paper convention; selected pixel center (1465, 197). No interpolation, smoothing, coordinate conversion, or cross-study averaging."
McClure2001,Direct 3-dimensional measurement of scapular kinematics during dynamic movements in vivo,McClure PW; Michener LA; Sennett BJ; Karduna AR,2001,Figure 4D,Dynamic sagittal-plane flexion,Sagittal plane,Bone-fixed scapular electromagnetic sensor; humeral cuff sensor; thorax skin sensor,True,8,Raising,False,75,,,,,,,,,,-19.660,,,,Kinematics paper.pdf / McClure et.al (duplicate files),Digitized,"Variable: Clavicular plane rotation; estimated digitization uncertainty +/- 0.5 deg; value retained in the original paper convention; selected pixel center (1487, 143). No interpolation, smoothing, coordinate conversion, or cross-study averaging."
McClure2001,Direct 3-dimensional measurement of scapular kinematics during dynamic movements in vivo,McClure PW; Michener LA; Sennett BJ; Karduna AR,2001,Figure 4D,Dynamic sagittal-plane flexion,Sagittal plane,Bone-fixed scapular electromagnetic sensor; humeral cuff sensor; thorax skin sensor,True,8,Lowering,False,75,,,,,,,,,,-24.119,,,,Kinematics paper.pdf / McClure et.al (duplicate files),Digitized,"Variable: Clavicular plane rotation; estimated digitization uncertainty +/- 0.5 deg; value retained in the original paper convention; selected pixel center (1487, 203). No interpolation, smoothing, coordinate conversion, or cross-study averaging."
McClure2001,Direct 3-dimensional measurement of scapular kinematics during dynamic movements in vivo,McClure PW; Michener LA; Sennett BJ; Karduna AR,2001,Figure 4D,Dynamic sagittal-plane flexion,Sagittal plane,Bone-fixed scapular electromagnetic sensor; humeral cuff sensor; thorax skin sensor,True,8,Raising,False,80,,,,,,,,,,-20.701,,,,Kinematics paper.pdf / McClure et.al (duplicate files),Digitized,"Variable: Clavicular plane rotation; estimated digitization uncertainty +/- 0.5 deg; value retained in the original paper convention; selected pixel center (1509, 157). No interpolation, smoothing, coordinate conversion, or cross-study averaging."
McClure2001,Direct 3-dimensional measurement of scapular kinematics during dynamic movements in vivo,McClure PW; Michener LA; Sennett BJ; Karduna AR,2001,Figure 4D,Dynamic sagittal-plane flexion,Sagittal plane,Bone-fixed scapular electromagnetic sensor; humeral cuff sensor; thorax skin sensor,True,8,Lowering,False,80,,,,,,,,,,-24.045,,,,Kinematics paper.pdf / McClure et.al (duplicate files),Digitized,"Variable: Clavicular plane rotation; estimated digitization uncertainty +/- 0.5 deg; value retained in the original paper convention; selected pixel center (1509, 202). No interpolation, smoothing, coordinate conversion, or cross-study averaging."
McClure2001,Direct 3-dimensional measurement of scapular kinematics during dynamic movements in vivo,McClure PW; Michener LA; Sennett BJ; Karduna AR,2001,Figure 4D,Dynamic sagittal-plane flexion,Sagittal plane,Bone-fixed scapular electromagnetic sensor; humeral cuff sensor; thorax skin sensor,True,8,Raising,False,85,,,,,,,,,,-20.849,,,,Kinematics paper.pdf / McClure et.al (duplicate files),Digitized,"Variable: Clavicular plane rotation; estimated digitization uncertainty +/- 0.5 deg; value retained in the original paper convention; selected pixel center (1531, 159). No interpolation, smoothing, coordinate conversion, or cross-study averaging."
McClure2001,Direct 3-dimensional measurement of scapular kinematics during dynamic movements in vivo,McClure PW; Michener LA; Sennett BJ; Karduna AR,2001,Figure 4D,Dynamic sagittal-plane flexion,Sagittal plane,Bone-fixed scapular electromagnetic sensor; humeral cuff sensor; thorax skin sensor,True,8,Lowering,False,85,,,,,,,,,,-25.456,,,,Kinematics paper.pdf / McClure et.al (duplicate files),Digitized,"Variable: Clavicular plane rotation; estimated digitization uncertainty +/- 0.5 deg; value retained in the original paper convention; selected pixel center (1531, 221). No interpolation, smoothing, coordinate conversion, or cross-study averaging."
McClure2001,Direct 3-dimensional measurement of scapular kinematics during dynamic movements in vivo,McClure PW; Michener LA; Sennett BJ; Karduna AR,2001,Figure 4D,Dynamic sagittal-plane flexion,Sagittal plane,Bone-fixed scapular electromagnetic sensor; humeral cuff sensor; thorax skin sensor,True,8,Raising,False,90,,,,,,,,,,-21.518,,,,Kinematics paper.pdf / McClure et.al (duplicate files),Digitized,"Variable: Clavicular plane rotation; estimated digitization uncertainty +/- 0.5 deg; value retained in the original paper convention; selected pixel center (1553, 168). No interpolation, smoothing, coordinate conversion, or cross-study averaging."
McClure2001,Direct 3-dimensional measurement of scapular kinematics during dynamic movements in vivo,McClure PW; Michener LA; Sennett BJ; Karduna AR,2001,Figure 4D,Dynamic sagittal-plane flexion,Sagittal plane,Bone-fixed scapular electromagnetic sensor; humeral cuff sensor; thorax skin sensor,True,8,Lowering,False,90,,,,,,,,,,-26.125,,,,Kinematics paper.pdf / McClure et.al (duplicate files),Digitized,"Variable: Clavicular plane rotation; estimated digitization uncertainty +/- 0.5 deg; value retained in the original paper convention; selected pixel center (1553, 230). No interpolation, smoothing, coordinate conversion, or cross-study averaging."
McClure2001,Direct 3-dimensional measurement of scapular kinematics during dynamic movements in vivo,McClure PW; Michener LA; Sennett BJ; Karduna AR,2001,Figure 4D,Dynamic sagittal-plane flexion,Sagittal plane,Bone-fixed scapular electromagnetic sensor; humeral cuff sensor; thorax skin sensor,True,8,Raising,False,95,,,,,,,,,,-22.187,,,,Kinematics paper.pdf / McClure et.al (duplicate files),Digitized,"Variable: Clavicular plane rotation; estimated digitization uncertainty +/- 0.5 deg; value retained in the original paper convention; selected pixel center (1574, 177). No interpolation, smoothing, coordinate conversion, or cross-study averaging."
McClure2001,Direct 3-dimensional measurement of scapular kinematics during dynamic movements in vivo,McClure PW; Michener LA; Sennett BJ; Karduna AR,2001,Figure 4D,Dynamic sagittal-plane flexion,Sagittal plane,Bone-fixed scapular electromagnetic sensor; humeral cuff sensor; thorax skin sensor,True,8,Lowering,False,95,,,,,,,,,,-27.017,,,,Kinematics paper.pdf / McClure et.al (duplicate files),Digitized,"Variable: Clavicular plane rotation; estimated digitization uncertainty +/- 0.5 deg; value retained in the original paper convention; selected pixel center (1574, 242). No interpolation, smoothing, coordinate conversion, or cross-study averaging."
McClure2001,Direct 3-dimensional measurement of scapular kinematics during dynamic movements in vivo,McClure PW; Michener LA; Sennett BJ; Karduna AR,2001,Figure 4D,Dynamic sagittal-plane flexion,Sagittal plane,Bone-fixed scapular electromagnetic sensor; humeral cuff sensor; thorax skin sensor,True,8,Raising,False,100,,,,,,,,,,-22.930,,,,Kinematics paper.pdf / McClure et.al (duplicate files),Digitized,"Variable: Clavicular plane rotation; estimated digitization uncertainty +/- 0.5 deg; value retained in the original paper convention; selected pixel center (1596, 187). No interpolation, smoothing, coordinate conversion, or cross-study averaging."
McClure2001,Direct 3-dimensional measurement of scapular kinematics during dynamic movements in vivo,McClure PW; Michener LA; Sennett BJ; Karduna AR,2001,Figure 4D,Dynamic sagittal-plane flexion,Sagittal plane,Bone-fixed scapular electromagnetic sensor; humeral cuff sensor; thorax skin sensor,True,8,Lowering,False,100,,,,,,,,,,-27.834,,,,Kinematics paper.pdf / McClure et.al (duplicate files),Digitized,"Variable: Clavicular plane rotation; estimated digitization uncertainty +/- 0.5 deg; value retained in the original paper convention; selected pixel center (1596, 253). No interpolation, smoothing, coordinate conversion, or cross-study averaging."
McClure2001,Direct 3-dimensional measurement of scapular kinematics during dynamic movements in vivo,McClure PW; Michener LA; Sennett BJ; Karduna AR,2001,Figure 4D,Dynamic sagittal-plane flexion,Sagittal plane,Bone-fixed scapular electromagnetic sensor; humeral cuff sensor; thorax skin sensor,True,8,Raising,False,105,,,,,,,,,,-23.822,,,,Kinematics paper.pdf / McClure et.al (duplicate files),Digitized,"Variable: Clavicular plane rotation; estimated digitization uncertainty +/- 0.5 deg; value retained in the original paper convention; selected pixel center (1618, 199). No interpolation, smoothing, coordinate conversion, or cross-study averaging."
McClure2001,Direct 3-dimensional measurement of scapular kinematics during dynamic movements in vivo,McClure PW; Michener LA; Sennett BJ; Karduna AR,2001,Figure 4D,Dynamic sagittal-plane flexion,Sagittal plane,Bone-fixed scapular electromagnetic sensor; humeral cuff sensor; thorax skin sensor,True,8,Lowering,False,105,,,,,,,,,,-28.800,,,,Kinematics paper.pdf / McClure et.al (duplicate files),Digitized,"Variable: Clavicular plane rotation; estimated digitization uncertainty +/- 0.5 deg; value retained in the original paper convention; selected pixel center (1618, 266). No interpolation, smoothing, coordinate conversion, or cross-study averaging."
McClure2001,Direct 3-dimensional measurement of scapular kinematics during dynamic movements in vivo,McClure PW; Michener LA; Sennett BJ; Karduna AR,2001,Figure 4D,Dynamic sagittal-plane flexion,Sagittal plane,Bone-fixed scapular electromagnetic sensor; humeral cuff sensor; thorax skin sensor,True,8,Raising,False,110,,,,,,,,,,-24.713,,,,Kinematics paper.pdf / McClure et.al (duplicate files),Digitized,"Variable: Clavicular plane rotation; estimated digitization uncertainty +/- 0.5 deg; value retained in the original paper convention; selected pixel center (1640, 211). No interpolation, smoothing, coordinate conversion, or cross-study averaging."
McClure2001,Direct 3-dimensional measurement of scapular kinematics during dynamic movements in vivo,McClure PW; Michener LA; Sennett BJ; Karduna AR,2001,Figure 4D,Dynamic sagittal-plane flexion,Sagittal plane,Bone-fixed scapular electromagnetic sensor; humeral cuff sensor; thorax skin sensor,True,8,Lowering,False,110,,,,,,,,,,-29.023,,,,Kinematics paper.pdf / McClure et.al (duplicate files),Digitized,"Variable: Clavicular plane rotation; estimated digitization uncertainty +/- 0.5 deg; value retained in the original paper convention; selected pixel center (1640, 269). No interpolation, smoothing, coordinate conversion, or cross-study averaging."
McClure2001,Direct 3-dimensional measurement of scapular kinematics during dynamic movements in vivo,McClure PW; Michener LA; Sennett BJ; Karduna AR,2001,Figure 4D,Dynamic sagittal-plane flexion,Sagittal plane,Bone-fixed scapular electromagnetic sensor; humeral cuff sensor; thorax skin sensor,True,8,Raising,False,115,,,,,,,,,,-25.828,,,,Kinematics paper.pdf / McClure et.al (duplicate files),Digitized,"Variable: Clavicular plane rotation; estimated digitization uncertainty +/- 0.5 deg; value retained in the original paper convention; selected pixel center (1662, 226). No interpolation, smoothing, coordinate conversion, or cross-study averaging."
McClure2001,Direct 3-dimensional measurement of scapular kinematics during dynamic movements in vivo,McClure PW; Michener LA; Sennett BJ; Karduna AR,2001,Figure 4D,Dynamic sagittal-plane flexion,Sagittal plane,Bone-fixed scapular electromagnetic sensor; humeral cuff sensor; thorax skin sensor,True,8,Lowering,False,115,,,,,,,,,,-30.881,,,,Kinematics paper.pdf / McClure et.al (duplicate files),Digitized,"Variable: Clavicular plane rotation; estimated digitization uncertainty +/- 0.5 deg; value retained in the original paper convention; selected pixel center (1662, 294). No interpolation, smoothing, coordinate conversion, or cross-study averaging."
McClure2001,Direct 3-dimensional measurement of scapular kinematics during dynamic movements in vivo,McClure PW; Michener LA; Sennett BJ; Karduna AR,2001,Figure 4D,Dynamic sagittal-plane flexion,Sagittal plane,Bone-fixed scapular electromagnetic sensor; humeral cuff sensor; thorax skin sensor,True,8,Raising,False,120,,,,,,,,,,-26.868,,,,Kinematics paper.pdf / McClure et.al (duplicate files),Digitized,"Variable: Clavicular plane rotation; estimated digitization uncertainty +/- 0.5 deg; value retained in the original paper convention; selected pixel center (1684, 240). No interpolation, smoothing, coordinate conversion, or cross-study averaging."
McClure2001,Direct 3-dimensional measurement of scapular kinematics during dynamic movements in vivo,McClure PW; Michener LA; Sennett BJ; Karduna AR,2001,Figure 4D,Dynamic sagittal-plane flexion,Sagittal plane,Bone-fixed scapular electromagnetic sensor; humeral cuff sensor; thorax skin sensor,True,8,Lowering,False,120,,,,,,,,,,-31.773,,,,Kinematics paper.pdf / McClure et.al (duplicate files),Digitized,"Variable: Clavicular plane rotation; estimated digitization uncertainty +/- 0.5 deg; value retained in the original paper convention; selected pixel center (1684, 306). No interpolation, smoothing, coordinate conversion, or cross-study averaging."
McClure2001,Direct 3-dimensional measurement of scapular kinematics during dynamic movements in vivo,McClure PW; Michener LA; Sennett BJ; Karduna AR,2001,Figure 4D,Dynamic sagittal-plane flexion,Sagittal plane,Bone-fixed scapular electromagnetic sensor; humeral cuff sensor; thorax skin sensor,True,8,Raising,False,125,,,,,,,,,,-27.983,,,,Kinematics paper.pdf / McClure et.al (duplicate files),Digitized,"Variable: Clavicular plane rotation; estimated digitization uncertainty +/- 0.5 deg; value retained in the original paper convention; selected pixel center (1705, 255). No interpolation, smoothing, coordinate conversion, or cross-study averaging."
McClure2001,Direct 3-dimensional measurement of scapular kinematics during dynamic movements in vivo,McClure PW; Michener LA; Sennett BJ; Karduna AR,2001,Figure 4D,Dynamic sagittal-plane flexion,Sagittal plane,Bone-fixed scapular electromagnetic sensor; humeral cuff sensor; thorax skin sensor,True,8,Lowering,False,125,,,,,,,,,,-32.590,,,,Kinematics paper.pdf / McClure et.al (duplicate files),Digitized,"Variable: Clavicular plane rotation; estimated digitization uncertainty +/- 0.5 deg; value retained in the original paper convention; selected pixel center (1705, 317). No interpolation, smoothing, coordinate conversion, or cross-study averaging."
McClure2001,Direct 3-dimensional measurement of scapular kinematics during dynamic movements in vivo,McClure PW; Michener LA; Sennett BJ; Karduna AR,2001,Figure 4D,Dynamic sagittal-plane flexion,Sagittal plane,Bone-fixed scapular electromagnetic sensor; humeral cuff sensor; thorax skin sensor,True,8,Raising,False,130,,,,,,,,,,-29.172,,,,Kinematics paper.pdf / McClure et.al (duplicate files),Digitized,"Variable: Clavicular plane rotation; estimated digitization uncertainty +/- 0.5 deg; value retained in the original paper convention; selected pixel center (1727, 271). No interpolation, smoothing, coordinate conversion, or cross-study averaging."
McClure2001,Direct 3-dimensional measurement of scapular kinematics during dynamic movements in vivo,McClure PW; Michener LA; Sennett BJ; Karduna AR,2001,Figure 4D,Dynamic sagittal-plane flexion,Sagittal plane,Bone-fixed scapular electromagnetic sensor; humeral cuff sensor; thorax skin sensor,True,8,Lowering,False,130,,,,,,,,,,-33.408,,,,Kinematics paper.pdf / McClure et.al (duplicate files),Digitized,"Variable: Clavicular plane rotation; estimated digitization uncertainty +/- 0.5 deg; value retained in the original paper convention; selected pixel center (1727, 328). No interpolation, smoothing, coordinate conversion, or cross-study averaging."
McClure2001,Direct 3-dimensional measurement of scapular kinematics during dynamic movements in vivo,McClure PW; Michener LA; Sennett BJ; Karduna AR,2001,Figure 4D,Dynamic sagittal-plane flexion,Sagittal plane,Bone-fixed scapular electromagnetic sensor; humeral cuff sensor; thorax skin sensor,True,8,Raising,False,135,,,,,,,,,,-30.361,,,,Kinematics paper.pdf / McClure et.al (duplicate files),Digitized,"Variable: Clavicular plane rotation; estimated digitization uncertainty +/- 0.5 deg; value retained in the original paper convention; selected pixel center (1749, 287). No interpolation, smoothing, coordinate conversion, or cross-study averaging."
McClure2001,Direct 3-dimensional measurement of scapular kinematics during dynamic movements in vivo,McClure PW; Michener LA; Sennett BJ; Karduna AR,2001,Figure 4D,Dynamic sagittal-plane flexion,Sagittal plane,Bone-fixed scapular electromagnetic sensor; humeral cuff sensor; thorax skin sensor,True,8,Lowering,False,135,,,,,,,,,,-34.151,,,,Kinematics paper.pdf / McClure et.al (duplicate files),Digitized,"Variable: Clavicular plane rotation; estimated digitization uncertainty +/- 0.5 deg; value retained in the original paper convention; selected pixel center (1749, 338). No interpolation, smoothing, coordinate conversion, or cross-study averaging."
McClure2001,Direct 3-dimensional measurement of scapular kinematics during dynamic movements in vivo,McClure PW; Michener LA; Sennett BJ; Karduna AR,2001,Figure 4D,Dynamic sagittal-plane flexion,Sagittal plane,Bone-fixed scapular electromagnetic sensor; humeral cuff sensor; thorax skin sensor,True,8,Raising,False,140,,,,,,,,,,-30.881,,,,Kinematics paper.pdf / McClure et.al (duplicate files),Digitized,"Variable: Clavicular plane rotation; estimated digitization uncertainty +/- 0.5 deg; value retained in the original paper convention; selected pixel center (1771, 294). No interpolation, smoothing, coordinate conversion, or cross-study averaging."
McClure2001,Direct 3-dimensional measurement of scapular kinematics during dynamic movements in vivo,McClure PW; Michener LA; Sennett BJ; Karduna AR,2001,Figure 4D,Dynamic sagittal-plane flexion,Sagittal plane,Bone-fixed scapular electromagnetic sensor; humeral cuff sensor; thorax skin sensor,True,8,Lowering,False,140,,,,,,,,,,-31.624,,,,Kinematics paper.pdf / McClure et.al (duplicate files),Digitized,"Variable: Clavicular plane rotation; estimated digitization uncertainty +/- 0.5 deg; value retained in the original paper convention; selected pixel center (1771, 304). No interpolation, smoothing, coordinate conversion, or cross-study averaging."
McClure2001,Direct 3-dimensional measurement of scapular kinematics during dynamic movements in vivo,McClure PW; Michener LA; Sennett BJ; Karduna AR,2001,Figure 4D,Dynamic sagittal-plane flexion,Sagittal plane,Bone-fixed scapular electromagnetic sensor; humeral cuff sensor; thorax skin sensor,True,8,Raising,False,153,,,,,,,,,,-36.826,,,,Kinematics paper.pdf / McClure et.al (duplicate files),Digitized,"Variable: Clavicular plane rotation; estimated digitization uncertainty +/- 0.5 deg; value retained in the original paper convention; selected pixel center (1827, 374). No interpolation, smoothing, coordinate conversion, or cross-study averaging."
McClure2001,Direct 3-dimensional measurement of scapular kinematics during dynamic movements in vivo,McClure PW; Michener LA; Sennett BJ; Karduna AR,2001,Figure 4D,Dynamic sagittal-plane flexion,Sagittal plane,Bone-fixed scapular electromagnetic sensor; humeral cuff sensor; thorax skin sensor,True,8,Lowering,False,153,,,,,,,,,,-37.643,,,,Kinematics paper.pdf / McClure et.al (duplicate files),Digitized,"Variable: Clavicular plane rotation; estimated digitization uncertainty +/- 0.5 deg; value retained in the original paper convention; selected pixel center (1827, 385). No interpolation, smoothing, coordinate conversion, or cross-study averaging."
McClure2001,Direct 3-dimensional measurement of scapular kinematics during dynamic movements in vivo,McClure PW; Michener LA; Sennett BJ; Karduna AR,2001,Figure 4B,Dynamic sagittal-plane flexion,Sagittal plane,Bone-fixed scapular electromagnetic sensor; humeral cuff sensor; thorax skin sensor,True,8,Raising,False,16,,21.495,,,,,,,,21.495,,,,Kinematics paper.pdf / McClure et.al (duplicate files),Digitized,"Variable: ST_UpwardRotation_deg; estimated digitization uncertainty +/- 0.7 deg; value retained in the original paper convention; selected pixel center (198, 1097). No interpolation, smoothing, coordinate conversion, or cross-study averaging."
McClure2001,Direct 3-dimensional measurement of scapular kinematics during dynamic movements in vivo,McClure PW; Michener LA; Sennett BJ; Karduna AR,2001,Figure 4B,Dynamic sagittal-plane flexion,Sagittal plane,Bone-fixed scapular electromagnetic sensor; humeral cuff sensor; thorax skin sensor,True,8,Lowering,False,16,,23.263,,,,,,,,23.263,,,,Kinematics paper.pdf / McClure et.al (duplicate files),Digitized,"Variable: ST_UpwardRotation_deg; estimated digitization uncertainty +/- 0.7 deg; value retained in the original paper convention; selected pixel center (198, 1083). No interpolation, smoothing, coordinate conversion, or cross-study averaging."
McClure2001,Direct 3-dimensional measurement of scapular kinematics during dynamic movements in vivo,McClure PW; Michener LA; Sennett BJ; Karduna AR,2001,Figure 4B,Dynamic sagittal-plane flexion,Sagittal plane,Bone-fixed scapular electromagnetic sensor; humeral cuff sensor; thorax skin sensor,True,8,Raising,False,25,,22.884,,,,,,,,22.884,,,,Kinematics paper.pdf / McClure et.al (duplicate files),Digitized,"Variable: ST_UpwardRotation_deg; estimated digitization uncertainty +/- 0.7 deg; value retained in the original paper convention; selected pixel center (237, 1086). No interpolation, smoothing, coordinate conversion, or cross-study averaging."
McClure2001,Direct 3-dimensional measurement of scapular kinematics during dynamic movements in vivo,McClure PW; Michener LA; Sennett BJ; Karduna AR,2001,Figure 4B,Dynamic sagittal-plane flexion,Sagittal plane,Bone-fixed scapular electromagnetic sensor; humeral cuff sensor; thorax skin sensor,True,8,Lowering,False,25,,25.916,,,,,,,,25.916,,,,Kinematics paper.pdf / McClure et.al (duplicate files),Digitized,"Variable: ST_UpwardRotation_deg; estimated digitization uncertainty +/- 0.7 deg; value retained in the original paper convention; selected pixel center (237, 1062). No interpolation, smoothing, coordinate conversion, or cross-study averaging."
McClure2001,Direct 3-dimensional measurement of scapular kinematics during dynamic movements in vivo,McClure PW; Michener LA; Sennett BJ; Karduna AR,2001,Figure 4B,Dynamic sagittal-plane flexion,Sagittal plane,Bone-fixed scapular electromagnetic sensor; humeral cuff sensor; thorax skin sensor,True,8,Raising,False,30,,23.895,,,,,,,,23.895,,,,Kinematics paper.pdf / McClure et.al (duplicate files),Digitized,"Variable: ST_UpwardRotation_deg; estimated digitization uncertainty +/- 0.7 deg; value retained in the original paper convention; selected pixel center (259, 1078). No interpolation, smoothing, coordinate conversion, or cross-study averaging."
McClure2001,Direct 3-dimensional measurement of scapular kinematics during dynamic movements in vivo,McClure PW; Michener LA; Sennett BJ; Karduna AR,2001,Figure 4B,Dynamic sagittal-plane flexion,Sagittal plane,Bone-fixed scapular electromagnetic sensor; humeral cuff sensor; thorax skin sensor,True,8,Lowering,False,30,,25.032,,,,,,,,25.032,,,,Kinematics paper.pdf / McClure et.al (duplicate files),Digitized,"Variable: ST_UpwardRotation_deg; estimated digitization uncertainty +/- 0.7 deg; value retained in the original paper convention; selected pixel center (259, 1069). No interpolation, smoothing, coordinate conversion, or cross-study averaging."
McClure2001,Direct 3-dimensional measurement of scapular kinematics during dynamic movements in vivo,McClure PW; Michener LA; Sennett BJ; Karduna AR,2001,Figure 4B,Dynamic sagittal-plane flexion,Sagittal plane,Bone-fixed scapular electromagnetic sensor; humeral cuff sensor; thorax skin sensor,True,8,Raising,False,35,,25.158,,,,,,,,25.158,,,,Kinematics paper.pdf / McClure et.al (duplicate files),Digitized,"Variable: ST_UpwardRotation_deg; estimated digitization uncertainty +/- 0.7 deg; value retained in the original paper convention; selected pixel center (281, 1068). No interpolation, smoothing, coordinate conversion, or cross-study averaging."
McClure2001,Direct 3-dimensional measurement of scapular kinematics during dynamic movements in vivo,McClure PW; Michener LA; Sennett BJ; Karduna AR,2001,Figure 4B,Dynamic sagittal-plane flexion,Sagittal plane,Bone-fixed scapular electromagnetic sensor; humeral cuff sensor; thorax skin sensor,True,8,Lowering,False,35,,30.842,,,,,,,,30.842,,,,Kinematics paper.pdf / McClure et.al (duplicate files),Digitized,"Variable: ST_UpwardRotation_deg; estimated digitization uncertainty +/- 0.7 deg; value retained in the original paper convention; selected pixel center (281, 1023). No interpolation, smoothing, coordinate conversion, or cross-study averaging."
McClure2001,Direct 3-dimensional measurement of scapular kinematics during dynamic movements in vivo,McClure PW; Michener LA; Sennett BJ; Karduna AR,2001,Figure 4B,Dynamic sagittal-plane flexion,Sagittal plane,Bone-fixed scapular electromagnetic sensor; humeral cuff sensor; thorax skin sensor,True,8,Raising,False,40,,26.295,,,,,,,,26.295,,,,Kinematics paper.pdf / McClure et.al (duplicate files),Digitized,"Variable: ST_UpwardRotation_deg; estimated digitization uncertainty +/- 0.7 deg; value retained in the original paper convention; selected pixel center (302, 1059). No interpolation, smoothing, coordinate conversion, or cross-study averaging."
McClure2001,Direct 3-dimensional measurement of scapular kinematics during dynamic movements in vivo,McClure PW; Michener LA; Sennett BJ; Karduna AR,2001,Figure 4B,Dynamic sagittal-plane flexion,Sagittal plane,Bone-fixed scapular electromagnetic sensor; humeral cuff sensor; thorax skin sensor,True,8,Lowering,False,40,,27.558,,,,,,,,27.558,,,,Kinematics paper.pdf / McClure et.al (duplicate files),Digitized,"Variable: ST_UpwardRotation_deg; estimated digitization uncertainty +/- 0.7 deg; value retained in the original paper convention; selected pixel center (302, 1049). No interpolation, smoothing, coordinate conversion, or cross-study averaging."
McClure2001,Direct 3-dimensional measurement of scapular kinematics during dynamic movements in vivo,McClure PW; Michener LA; Sennett BJ; Karduna AR,2001,Figure 4B,Dynamic sagittal-plane flexion,Sagittal plane,Bone-fixed scapular electromagnetic sensor; humeral cuff sensor; thorax skin sensor,True,8,Raising,False,45,,27.684,,,,,,,,27.684,,,,Kinematics paper.pdf / McClure et.al (duplicate files),Digitized,"Variable: ST_UpwardRotation_deg; estimated digitization uncertainty +/- 0.7 deg; value retained in the original paper convention; selected pixel center (324, 1048). No interpolation, smoothing, coordinate conversion, or cross-study averaging."
McClure2001,Direct 3-dimensional measurement of scapular kinematics during dynamic movements in vivo,McClure PW; Michener LA; Sennett BJ; Karduna AR,2001,Figure 4B,Dynamic sagittal-plane flexion,Sagittal plane,Bone-fixed scapular electromagnetic sensor; humeral cuff sensor; thorax skin sensor,True,8,Lowering,False,45,,28.821,,,,,,,,28.821,,,,Kinematics paper.pdf / McClure et.al (duplicate files),Digitized,"Variable: ST_UpwardRotation_deg; estimated digitization uncertainty +/- 0.7 deg; value retained in the original paper convention; selected pixel center (324, 1039). No interpolation, smoothing, coordinate conversion, or cross-study averaging."
McClure2001,Direct 3-dimensional measurement of scapular kinematics during dynamic movements in vivo,McClure PW; Michener LA; Sennett BJ; Karduna AR,2001,Figure 4B,Dynamic sagittal-plane flexion,Sagittal plane,Bone-fixed scapular electromagnetic sensor; humeral cuff sensor; thorax skin sensor,True,8,Raising,False,50,,28.947,,,,,,,,28.947,,,,Kinematics paper.pdf / McClure et.al (duplicate files),Digitized,"Variable: ST_UpwardRotation_deg; estimated digitization uncertainty +/- 0.7 deg; value retained in the original paper convention; selected pixel center (346, 1038). No interpolation, smoothing, coordinate conversion, or cross-study averaging."
McClure2001,Direct 3-dimensional measurement of scapular kinematics during dynamic movements in vivo,McClure PW; Michener LA; Sennett BJ; Karduna AR,2001,Figure 4B,Dynamic sagittal-plane flexion,Sagittal plane,Bone-fixed scapular electromagnetic sensor; humeral cuff sensor; thorax skin sensor,True,8,Lowering,False,50,,35.895,,,,,,,,35.895,,,,Kinematics paper.pdf / McClure et.al (duplicate files),Digitized,"Variable: ST_UpwardRotation_deg; estimated digitization uncertainty +/- 0.7 deg; value retained in the original paper convention; selected pixel center (346, 983). No interpolation, smoothing, coordinate conversion, or cross-study averaging."
McClure2001,Direct 3-dimensional measurement of scapular kinematics during dynamic movements in vivo,McClure PW; Michener LA; Sennett BJ; Karduna AR,2001,Figure 4B,Dynamic sagittal-plane flexion,Sagittal plane,Bone-fixed scapular electromagnetic sensor; humeral cuff sensor; thorax skin sensor,True,8,Raising,False,55,,30.463,,,,,,,,30.463,,,,Kinematics paper.pdf / McClure et.al (duplicate files),Digitized,"Variable: ST_UpwardRotation_deg; estimated digitization uncertainty +/- 0.7 deg; value retained in the original paper convention; selected pixel center (368, 1026). No interpolation, smoothing, coordinate conversion, or cross-study averaging."
McClure2001,Direct 3-dimensional measurement of scapular kinematics during dynamic movements in vivo,McClure PW; Michener LA; Sennett BJ; Karduna AR,2001,Figure 4B,Dynamic sagittal-plane flexion,Sagittal plane,Bone-fixed scapular electromagnetic sensor; humeral cuff sensor; thorax skin sensor,True,8,Lowering,False,55,,31.726,,,,,,,,31.726,,,,Kinematics paper.pdf / McClure et.al (duplicate files),Digitized,"Variable: ST_UpwardRotation_deg; estimated digitization uncertainty +/- 0.7 deg; value retained in the original paper convention; selected pixel center (368, 1016). No interpolation, smoothing, coordinate conversion, or cross-study averaging."
McClure2001,Direct 3-dimensional measurement of scapular kinematics during dynamic movements in vivo,McClure PW; Michener LA; Sennett BJ; Karduna AR,2001,Figure 4B,Dynamic sagittal-plane flexion,Sagittal plane,Bone-fixed scapular electromagnetic sensor; humeral cuff sensor; thorax skin sensor,True,8,Raising,False,60,,32.105,,,,,,,,32.105,,,,Kinematics paper.pdf / McClure et.al (duplicate files),Digitized,"Variable: ST_UpwardRotation_deg; estimated digitization uncertainty +/- 0.7 deg; value retained in the original paper convention; selected pixel center (390, 1013). No interpolation, smoothing, coordinate conversion, or cross-study averaging."
McClure2001,Direct 3-dimensional measurement of scapular kinematics during dynamic movements in vivo,McClure PW; Michener LA; Sennett BJ; Karduna AR,2001,Figure 4B,Dynamic sagittal-plane flexion,Sagittal plane,Bone-fixed scapular electromagnetic sensor; humeral cuff sensor; thorax skin sensor,True,8,Lowering,False,60,,33.242,,,,,,,,33.242,,,,Kinematics paper.pdf / McClure et.al (duplicate files),Digitized,"Variable: ST_UpwardRotation_deg; estimated digitization uncertainty +/- 0.7 deg; value retained in the original paper convention; selected pixel center (390, 1004). No interpolation, smoothing, coordinate conversion, or cross-study averaging."
McClure2001,Direct 3-dimensional measurement of scapular kinematics during dynamic movements in vivo,McClure PW; Michener LA; Sennett BJ; Karduna AR,2001,Figure 4B,Dynamic sagittal-plane flexion,Sagittal plane,Bone-fixed scapular electromagnetic sensor; humeral cuff sensor; thorax skin sensor,True,8,Raising,False,65,,33.495,,,,,,,,33.495,,,,Kinematics paper.pdf / McClure et.al (duplicate files),Digitized,"Variable: ST_UpwardRotation_deg; estimated digitization uncertainty +/- 0.7 deg; value retained in the original paper convention; selected pixel center (412, 1002). No interpolation, smoothing, coordinate conversion, or cross-study averaging."
McClure2001,Direct 3-dimensional measurement of scapular kinematics during dynamic movements in vivo,McClure PW; Michener LA; Sennett BJ; Karduna AR,2001,Figure 4B,Dynamic sagittal-plane flexion,Sagittal plane,Bone-fixed scapular electromagnetic sensor; humeral cuff sensor; thorax skin sensor,True,8,Lowering,False,65,,40.695,,,,,,,,40.695,,,,Kinematics paper.pdf / McClure et.al (duplicate files),Digitized,"Variable: ST_UpwardRotation_deg; estimated digitization uncertainty +/- 0.7 deg; value retained in the original paper convention; selected pixel center (412, 945). No interpolation, smoothing, coordinate conversion, or cross-study averaging."
McClure2001,Direct 3-dimensional measurement of scapular kinematics during dynamic movements in vivo,McClure PW; Michener LA; Sennett BJ; Karduna AR,2001,Figure 4B,Dynamic sagittal-plane flexion,Sagittal plane,Bone-fixed scapular electromagnetic sensor; humeral cuff sensor; thorax skin sensor,True,8,Raising,False,70,,35.263,,,,,,,,35.263,,,,Kinematics paper.pdf / McClure et.al (duplicate files),Digitized,"Variable: ST_UpwardRotation_deg; estimated digitization uncertainty +/- 0.7 deg; value retained in the original paper convention; selected pixel center (433, 988). No interpolation, smoothing, coordinate conversion, or cross-study averaging."
McClure2001,Direct 3-dimensional measurement of scapular kinematics during dynamic movements in vivo,McClure PW; Michener LA; Sennett BJ; Karduna AR,2001,Figure 4B,Dynamic sagittal-plane flexion,Sagittal plane,Bone-fixed scapular electromagnetic sensor; humeral cuff sensor; thorax skin sensor,True,8,Lowering,False,70,,36.400,,,,,,,,36.400,,,,Kinematics paper.pdf / McClure et.al (duplicate files),Digitized,"Variable: ST_UpwardRotation_deg; estimated digitization uncertainty +/- 0.7 deg; value retained in the original paper convention; selected pixel center (433, 979). No interpolation, smoothing, coordinate conversion, or cross-study averaging."
McClure2001,Direct 3-dimensional measurement of scapular kinematics during dynamic movements in vivo,McClure PW; Michener LA; Sennett BJ; Karduna AR,2001,Figure 4B,Dynamic sagittal-plane flexion,Sagittal plane,Bone-fixed scapular electromagnetic sensor; humeral cuff sensor; thorax skin sensor,True,8,Raising,False,75,,36.905,,,,,,,,36.905,,,,Kinematics paper.pdf / McClure et.al (duplicate files),Digitized,"Variable: ST_UpwardRotation_deg; estimated digitization uncertainty +/- 0.7 deg; value retained in the original paper convention; selected pixel center (455, 975). No interpolation, smoothing, coordinate conversion, or cross-study averaging."
McClure2001,Direct 3-dimensional measurement of scapular kinematics during dynamic movements in vivo,McClure PW; Michener LA; Sennett BJ; Karduna AR,2001,Figure 4B,Dynamic sagittal-plane flexion,Sagittal plane,Bone-fixed scapular electromagnetic sensor; humeral cuff sensor; thorax skin sensor,True,8,Lowering,False,75,,38.042,,,,,,,,38.042,,,,Kinematics paper.pdf / McClure et.al (duplicate files),Digitized,"Variable: ST_UpwardRotation_deg; estimated digitization uncertainty +/- 0.7 deg; value retained in the original paper convention; selected pixel center (455, 966). No interpolation, smoothing, coordinate conversion, or cross-study averaging."
McClure2001,Direct 3-dimensional measurement of scapular kinematics during dynamic movements in vivo,McClure PW; Michener LA; Sennett BJ; Karduna AR,2001,Figure 4B,Dynamic sagittal-plane flexion,Sagittal plane,Bone-fixed scapular electromagnetic sensor; humeral cuff sensor; thorax skin sensor,True,8,Raising,False,80,,38.674,,,,,,,,38.674,,,,Kinematics paper.pdf / McClure et.al (duplicate files),Digitized,"Variable: ST_UpwardRotation_deg; estimated digitization uncertainty +/- 0.7 deg; value retained in the original paper convention; selected pixel center (477, 961). No interpolation, smoothing, coordinate conversion, or cross-study averaging."
McClure2001,Direct 3-dimensional measurement of scapular kinematics during dynamic movements in vivo,McClure PW; Michener LA; Sennett BJ; Karduna AR,2001,Figure 4B,Dynamic sagittal-plane flexion,Sagittal plane,Bone-fixed scapular electromagnetic sensor; humeral cuff sensor; thorax skin sensor,True,8,Lowering,False,80,,45.621,,,,,,,,45.621,,,,Kinematics paper.pdf / McClure et.al (duplicate files),Digitized,"Variable: ST_UpwardRotation_deg; estimated digitization uncertainty +/- 0.7 deg; value retained in the original paper convention; selected pixel center (477, 906). No interpolation, smoothing, coordinate conversion, or cross-study averaging."
McClure2001,Direct 3-dimensional measurement of scapular kinematics during dynamic movements in vivo,McClure PW; Michener LA; Sennett BJ; Karduna AR,2001,Figure 4B,Dynamic sagittal-plane flexion,Sagittal plane,Bone-fixed scapular electromagnetic sensor; humeral cuff sensor; thorax skin sensor,True,8,Raising,False,85,,40.568,,,,,,,,40.568,,,,Kinematics paper.pdf / McClure et.al (duplicate files),Digitized,"Variable: ST_UpwardRotation_deg; estimated digitization uncertainty +/- 0.7 deg; value retained in the original paper convention; selected pixel center (499, 946). No interpolation, smoothing, coordinate conversion, or cross-study averaging."
McClure2001,Direct 3-dimensional measurement of scapular kinematics during dynamic movements in vivo,McClure PW; Michener LA; Sennett BJ; Karduna AR,2001,Figure 4B,Dynamic sagittal-plane flexion,Sagittal plane,Bone-fixed scapular electromagnetic sensor; humeral cuff sensor; thorax skin sensor,True,8,Lowering,False,85,,47.263,,,,,,,,47.263,,,,Kinematics paper.pdf / McClure et.al (duplicate files),Digitized,"Variable: ST_UpwardRotation_deg; estimated digitization uncertainty +/- 0.7 deg; value retained in the original paper convention; selected pixel center (499, 893). No interpolation, smoothing, coordinate conversion, or cross-study averaging."
McClure2001,Direct 3-dimensional measurement of scapular kinematics during dynamic movements in vivo,McClure PW; Michener LA; Sennett BJ; Karduna AR,2001,Figure 4B,Dynamic sagittal-plane flexion,Sagittal plane,Bone-fixed scapular electromagnetic sensor; humeral cuff sensor; thorax skin sensor,True,8,Raising,False,90,,42.463,,,,,,,,42.463,,,,Kinematics paper.pdf / McClure et.al (duplicate files),Digitized,"Variable: ST_UpwardRotation_deg; estimated digitization uncertainty +/- 0.7 deg; value retained in the original paper convention; selected pixel center (521, 931). No interpolation, smoothing, coordinate conversion, or cross-study averaging."
McClure2001,Direct 3-dimensional measurement of scapular kinematics during dynamic movements in vivo,McClure PW; Michener LA; Sennett BJ; Karduna AR,2001,Figure 4B,Dynamic sagittal-plane flexion,Sagittal plane,Bone-fixed scapular electromagnetic sensor; humeral cuff sensor; thorax skin sensor,True,8,Lowering,False,90,,43.726,,,,,,,,43.726,,,,Kinematics paper.pdf / McClure et.al (duplicate files),Digitized,"Variable: ST_UpwardRotation_deg; estimated digitization uncertainty +/- 0.7 deg; value retained in the original paper convention; selected pixel center (521, 921). No interpolation, smoothing, coordinate conversion, or cross-study averaging."
McClure2001,Direct 3-dimensional measurement of scapular kinematics during dynamic movements in vivo,McClure PW; Michener LA; Sennett BJ; Karduna AR,2001,Figure 4B,Dynamic sagittal-plane flexion,Sagittal plane,Bone-fixed scapular electromagnetic sensor; humeral cuff sensor; thorax skin sensor,True,8,Raising,False,95,,44.358,,,,,,,,44.358,,,,Kinematics paper.pdf / McClure et.al (duplicate files),Digitized,"Variable: ST_UpwardRotation_deg; estimated digitization uncertainty +/- 0.7 deg; value retained in the original paper convention; selected pixel center (542, 916). No interpolation, smoothing, coordinate conversion, or cross-study averaging."
McClure2001,Direct 3-dimensional measurement of scapular kinematics during dynamic movements in vivo,McClure PW; Michener LA; Sennett BJ; Karduna AR,2001,Figure 4B,Dynamic sagittal-plane flexion,Sagittal plane,Bone-fixed scapular electromagnetic sensor; humeral cuff sensor; thorax skin sensor,True,8,Lowering,False,95,,45.621,,,,,,,,45.621,,,,Kinematics paper.pdf / McClure et.al (duplicate files),Digitized,"Variable: ST_UpwardRotation_deg; estimated digitization uncertainty +/- 0.7 deg; value retained in the original paper convention; selected pixel center (542, 906). No interpolation, smoothing, coordinate conversion, or cross-study averaging."
McClure2001,Direct 3-dimensional measurement of scapular kinematics during dynamic movements in vivo,McClure PW; Michener LA; Sennett BJ; Karduna AR,2001,Figure 4B,Dynamic sagittal-plane flexion,Sagittal plane,Bone-fixed scapular electromagnetic sensor; humeral cuff sensor; thorax skin sensor,True,8,Raising,False,100,,46.379,,,,,,,,46.379,,,,Kinematics paper.pdf / McClure et.al (duplicate files),Digitized,"Variable: ST_UpwardRotation_deg; estimated digitization uncertainty +/- 0.7 deg; value retained in the original paper convention; selected pixel center (564, 900). No interpolation, smoothing, coordinate conversion, or cross-study averaging."
McClure2001,Direct 3-dimensional measurement of scapular kinematics during dynamic movements in vivo,McClure PW; Michener LA; Sennett BJ; Karduna AR,2001,Figure 4B,Dynamic sagittal-plane flexion,Sagittal plane,Bone-fixed scapular electromagnetic sensor; humeral cuff sensor; thorax skin sensor,True,8,Lowering,False,100,,47.642,,,,,,,,47.642,,,,Kinematics paper.pdf / McClure et.al (duplicate files),Digitized,"Variable: ST_UpwardRotation_deg; estimated digitization uncertainty +/- 0.7 deg; value retained in the original paper convention; selected pixel center (564, 890). No interpolation, smoothing, coordinate conversion, or cross-study averaging."
McClure2001,Direct 3-dimensional measurement of scapular kinematics during dynamic movements in vivo,McClure PW; Michener LA; Sennett BJ; Karduna AR,2001,Figure 4B,Dynamic sagittal-plane flexion,Sagittal plane,Bone-fixed scapular electromagnetic sensor; humeral cuff sensor; thorax skin sensor,True,8,Raising,False,105,,48.400,,,,,,,,48.400,,,,Kinematics paper.pdf / McClure et.al (duplicate files),Digitized,"Variable: ST_UpwardRotation_deg; estimated digitization uncertainty +/- 0.7 deg; value retained in the original paper convention; selected pixel center (586, 884). No interpolation, smoothing, coordinate conversion, or cross-study averaging."
McClure2001,Direct 3-dimensional measurement of scapular kinematics during dynamic movements in vivo,McClure PW; Michener LA; Sennett BJ; Karduna AR,2001,Figure 4B,Dynamic sagittal-plane flexion,Sagittal plane,Bone-fixed scapular electromagnetic sensor; humeral cuff sensor; thorax skin sensor,True,8,Lowering,False,105,,49.537,,,,,,,,49.537,,,,Kinematics paper.pdf / McClure et.al (duplicate files),Digitized,"Variable: ST_UpwardRotation_deg; estimated digitization uncertainty +/- 0.7 deg; value retained in the original paper convention; selected pixel center (586, 875). No interpolation, smoothing, coordinate conversion, or cross-study averaging."
McClure2001,Direct 3-dimensional measurement of scapular kinematics during dynamic movements in vivo,McClure PW; Michener LA; Sennett BJ; Karduna AR,2001,Figure 4B,Dynamic sagittal-plane flexion,Sagittal plane,Bone-fixed scapular electromagnetic sensor; humeral cuff sensor; thorax skin sensor,True,8,Raising,False,110,,51.179,,,,,,,,51.179,,,,Kinematics paper.pdf / McClure et.al (duplicate files),Digitized,"Variable: ST_UpwardRotation_deg; estimated digitization uncertainty +/- 0.7 deg; value retained in the original paper convention; selected pixel center (608, 862). No interpolation, smoothing, coordinate conversion, or cross-study averaging."
McClure2001,Direct 3-dimensional measurement of scapular kinematics during dynamic movements in vivo,McClure PW; Michener LA; Sennett BJ; Karduna AR,2001,Figure 4B,Dynamic sagittal-plane flexion,Sagittal plane,Bone-fixed scapular electromagnetic sensor; humeral cuff sensor; thorax skin sensor,True,8,Lowering,False,110,,55.979,,,,,,,,55.979,,,,Kinematics paper.pdf / McClure et.al (duplicate files),Digitized,"Variable: ST_UpwardRotation_deg; estimated digitization uncertainty +/- 0.7 deg; value retained in the original paper convention; selected pixel center (608, 824). No interpolation, smoothing, coordinate conversion, or cross-study averaging."
McClure2001,Direct 3-dimensional measurement of scapular kinematics during dynamic movements in vivo,McClure PW; Michener LA; Sennett BJ; Karduna AR,2001,Figure 4B,Dynamic sagittal-plane flexion,Sagittal plane,Bone-fixed scapular electromagnetic sensor; humeral cuff sensor; thorax skin sensor,True,8,Raising,False,115,,52.316,,,,,,,,52.316,,,,Kinematics paper.pdf / McClure et.al (duplicate files),Digitized,"Variable: ST_UpwardRotation_deg; estimated digitization uncertainty +/- 0.7 deg; value retained in the original paper convention; selected pixel center (630, 853). No interpolation, smoothing, coordinate conversion, or cross-study averaging."
McClure2001,Direct 3-dimensional measurement of scapular kinematics during dynamic movements in vivo,McClure PW; Michener LA; Sennett BJ; Karduna AR,2001,Figure 4B,Dynamic sagittal-plane flexion,Sagittal plane,Bone-fixed scapular electromagnetic sensor; humeral cuff sensor; thorax skin sensor,True,8,Lowering,False,115,,53.453,,,,,,,,53.453,,,,Kinematics paper.pdf / McClure et.al (duplicate files),Digitized,"Variable: ST_UpwardRotation_deg; estimated digitization uncertainty +/- 0.7 deg; value retained in the original paper convention; selected pixel center (630, 844). No interpolation, smoothing, coordinate conversion, or cross-study averaging."
McClure2001,Direct 3-dimensional measurement of scapular kinematics during dynamic movements in vivo,McClure PW; Michener LA; Sennett BJ; Karduna AR,2001,Figure 4B,Dynamic sagittal-plane flexion,Sagittal plane,Bone-fixed scapular electromagnetic sensor; humeral cuff sensor; thorax skin sensor,True,8,Raising,False,120,,54.337,,,,,,,,54.337,,,,Kinematics paper.pdf / McClure et.al (duplicate files),Digitized,"Variable: ST_UpwardRotation_deg; estimated digitization uncertainty +/- 0.7 deg; value retained in the original paper convention; selected pixel center (652, 837). No interpolation, smoothing, coordinate conversion, or cross-study averaging."
McClure2001,Direct 3-dimensional measurement of scapular kinematics during dynamic movements in vivo,McClure PW; Michener LA; Sennett BJ; Karduna AR,2001,Figure 4B,Dynamic sagittal-plane flexion,Sagittal plane,Bone-fixed scapular electromagnetic sensor; humeral cuff sensor; thorax skin sensor,True,8,Lowering,False,120,,55.347,,,,,,,,55.347,,,,Kinematics paper.pdf / McClure et.al (duplicate files),Digitized,"Variable: ST_UpwardRotation_deg; estimated digitization uncertainty +/- 0.7 deg; value retained in the original paper convention; selected pixel center (652, 829). No interpolation, smoothing, coordinate conversion, or cross-study averaging."
McClure2001,Direct 3-dimensional measurement of scapular kinematics during dynamic movements in vivo,McClure PW; Michener LA; Sennett BJ; Karduna AR,2001,Figure 4B,Dynamic sagittal-plane flexion,Sagittal plane,Bone-fixed scapular electromagnetic sensor; humeral cuff sensor; thorax skin sensor,True,8,Raising,False,125,,56.232,,,,,,,,56.232,,,,Kinematics paper.pdf / McClure et.al (duplicate files),Digitized,"Variable: ST_UpwardRotation_deg; estimated digitization uncertainty +/- 0.7 deg; value retained in the original paper convention; selected pixel center (673, 822). No interpolation, smoothing, coordinate conversion, or cross-study averaging."
McClure2001,Direct 3-dimensional measurement of scapular kinematics during dynamic movements in vivo,McClure PW; Michener LA; Sennett BJ; Karduna AR,2001,Figure 4B,Dynamic sagittal-plane flexion,Sagittal plane,Bone-fixed scapular electromagnetic sensor; humeral cuff sensor; thorax skin sensor,True,8,Lowering,False,125,,57.368,,,,,,,,57.368,,,,Kinematics paper.pdf / McClure et.al (duplicate files),Digitized,"Variable: ST_UpwardRotation_deg; estimated digitization uncertainty +/- 0.7 deg; value retained in the original paper convention; selected pixel center (673, 813). No interpolation, smoothing, coordinate conversion, or cross-study averaging."
McClure2001,Direct 3-dimensional measurement of scapular kinematics during dynamic movements in vivo,McClure PW; Michener LA; Sennett BJ; Karduna AR,2001,Figure 4B,Dynamic sagittal-plane flexion,Sagittal plane,Bone-fixed scapular electromagnetic sensor; humeral cuff sensor; thorax skin sensor,True,8,Raising,False,130,,58.126,,,,,,,,58.126,,,,Kinematics paper.pdf / McClure et.al (duplicate files),Digitized,"Variable: ST_UpwardRotation_deg; estimated digitization uncertainty +/- 0.7 deg; value retained in the original paper convention; selected pixel center (695, 807). No interpolation, smoothing, coordinate conversion, or cross-study averaging."
McClure2001,Direct 3-dimensional measurement of scapular kinematics during dynamic movements in vivo,McClure PW; Michener LA; Sennett BJ; Karduna AR,2001,Figure 4B,Dynamic sagittal-plane flexion,Sagittal plane,Bone-fixed scapular electromagnetic sensor; humeral cuff sensor; thorax skin sensor,True,8,Lowering,False,130,,59.263,,,,,,,,59.263,,,,Kinematics paper.pdf / McClure et.al (duplicate files),Digitized,"Variable: ST_UpwardRotation_deg; estimated digitization uncertainty +/- 0.7 deg; value retained in the original paper convention; selected pixel center (695, 798). No interpolation, smoothing, coordinate conversion, or cross-study averaging."
McClure2001,Direct 3-dimensional measurement of scapular kinematics during dynamic movements in vivo,McClure PW; Michener LA; Sennett BJ; Karduna AR,2001,Figure 4B,Dynamic sagittal-plane flexion,Sagittal plane,Bone-fixed scapular electromagnetic sensor; humeral cuff sensor; thorax skin sensor,True,8,Raising,False,135,,59.263,,,,,,,,59.263,,,,Kinematics paper.pdf / McClure et.al (duplicate files),Digitized,"Variable: ST_UpwardRotation_deg; estimated digitization uncertainty +/- 0.7 deg; value retained in the original paper convention; selected pixel center (717, 798). No interpolation, smoothing, coordinate conversion, or cross-study averaging."
McClure2001,Direct 3-dimensional measurement of scapular kinematics during dynamic movements in vivo,McClure PW; Michener LA; Sennett BJ; Karduna AR,2001,Figure 4B,Dynamic sagittal-plane flexion,Sagittal plane,Bone-fixed scapular electromagnetic sensor; humeral cuff sensor; thorax skin sensor,True,8,Lowering,False,135,,61.158,,,,,,,,61.158,,,,Kinematics paper.pdf / McClure et.al (duplicate files),Digitized,"Variable: ST_UpwardRotation_deg; estimated digitization uncertainty +/- 0.7 deg; value retained in the original paper convention; selected pixel center (717, 783). No interpolation, smoothing, coordinate conversion, or cross-study averaging."
McClure2001,Direct 3-dimensional measurement of scapular kinematics during dynamic movements in vivo,McClure PW; Michener LA; Sennett BJ; Karduna AR,2001,Figure 4B,Dynamic sagittal-plane flexion,Sagittal plane,Bone-fixed scapular electromagnetic sensor; humeral cuff sensor; thorax skin sensor,True,8,Raising,False,140,,62.168,,,,,,,,62.168,,,,Kinematics paper.pdf / McClure et.al (duplicate files),Digitized,"Variable: ST_UpwardRotation_deg; estimated digitization uncertainty +/- 0.7 deg; value retained in the original paper convention; selected pixel center (739, 775). No interpolation, smoothing, coordinate conversion, or cross-study averaging."
McClure2001,Direct 3-dimensional measurement of scapular kinematics during dynamic movements in vivo,McClure PW; Michener LA; Sennett BJ; Karduna AR,2001,Figure 4B,Dynamic sagittal-plane flexion,Sagittal plane,Bone-fixed scapular electromagnetic sensor; humeral cuff sensor; thorax skin sensor,True,8,Lowering,False,140,,63.305,,,,,,,,63.305,,,,Kinematics paper.pdf / McClure et.al (duplicate files),Digitized,"Variable: ST_UpwardRotation_deg; estimated digitization uncertainty +/- 0.7 deg; value retained in the original paper convention; selected pixel center (739, 766). No interpolation, smoothing, coordinate conversion, or cross-study averaging."
McClure2001,Direct 3-dimensional measurement of scapular kinematics during dynamic movements in vivo,McClure PW; Michener LA; Sennett BJ; Karduna AR,2001,Figure 4B,Dynamic sagittal-plane flexion,Sagittal plane,Bone-fixed scapular electromagnetic sensor; humeral cuff sensor; thorax skin sensor,True,8,Raising,False,153,,67.347,,,,,,,,67.347,,,,Kinematics paper.pdf / McClure et.al (duplicate files),Digitized,"Variable: ST_UpwardRotation_deg; estimated digitization uncertainty +/- 0.7 deg; value retained in the original paper convention; selected pixel center (795, 734). No interpolation, smoothing, coordinate conversion, or cross-study averaging."
McClure2001,Direct 3-dimensional measurement of scapular kinematics during dynamic movements in vivo,McClure PW; Michener LA; Sennett BJ; Karduna AR,2001,Figure 4B,Dynamic sagittal-plane flexion,Sagittal plane,Bone-fixed scapular electromagnetic sensor; humeral cuff sensor; thorax skin sensor,True,8,Lowering,False,153,,68.484,,,,,,,,68.484,,,,Kinematics paper.pdf / McClure et.al (duplicate files),Digitized,"Variable: ST_UpwardRotation_deg; estimated digitization uncertainty +/- 0.7 deg; value retained in the original paper convention; selected pixel center (795, 725). No interpolation, smoothing, coordinate conversion, or cross-study averaging."
McClure2001,Direct 3-dimensional measurement of scapular kinematics during dynamic movements in vivo,McClure PW; Michener LA; Sennett BJ; Karduna AR,2001,Figure 4E,Dynamic sagittal-plane flexion,Sagittal plane,Bone-fixed scapular electromagnetic sensor; humeral cuff sensor; thorax skin sensor,True,8,Raising,False,16,,,,,4.119,,,,,4.119,,,,Kinematics paper.pdf / McClure et.al (duplicate files),Digitized,"Variable: SC_Elevation_deg; estimated digitization uncertainty +/- 0.25 deg; value retained in the original paper convention; selected pixel center (1238, 1060). No interpolation, smoothing, coordinate conversion, or cross-study averaging."
McClure2001,Direct 3-dimensional measurement of scapular kinematics during dynamic movements in vivo,McClure PW; Michener LA; Sennett BJ; Karduna AR,2001,Figure 4E,Dynamic sagittal-plane flexion,Sagittal plane,Bone-fixed scapular electromagnetic sensor; humeral cuff sensor; thorax skin sensor,True,8,Lowering,False,16,,,,,5.821,,,,,5.821,,,,Kinematics paper.pdf / McClure et.al (duplicate files),Digitized,"Variable: SC_Elevation_deg; estimated digitization uncertainty +/- 0.25 deg; value retained in the original paper convention; selected pixel center (1238, 1010). No interpolation, smoothing, coordinate conversion, or cross-study averaging."
McClure2001,Direct 3-dimensional measurement of scapular kinematics during dynamic movements in vivo,McClure PW; Michener LA; Sennett BJ; Karduna AR,2001,Figure 4E,Dynamic sagittal-plane flexion,Sagittal plane,Bone-fixed scapular electromagnetic sensor; humeral cuff sensor; thorax skin sensor,True,8,Raising,False,25,,,,,4.119,,,,,4.119,,,,Kinematics paper.pdf / McClure et.al (duplicate files),Digitized,"Variable: SC_Elevation_deg; estimated digitization uncertainty +/- 0.25 deg; value retained in the original paper convention; selected pixel center (1277, 1060). No interpolation, smoothing, coordinate conversion, or cross-study averaging."
McClure2001,Direct 3-dimensional measurement of scapular kinematics during dynamic movements in vivo,McClure PW; Michener LA; Sennett BJ; Karduna AR,2001,Figure 4E,Dynamic sagittal-plane flexion,Sagittal plane,Bone-fixed scapular electromagnetic sensor; humeral cuff sensor; thorax skin sensor,True,8,Lowering,False,25,,,,,5.719,,,,,5.719,,,,Kinematics paper.pdf / McClure et.al (duplicate files),Digitized,"Variable: SC_Elevation_deg; estimated digitization uncertainty +/- 0.25 deg; value retained in the original paper convention; selected pixel center (1277, 1013). No interpolation, smoothing, coordinate conversion, or cross-study averaging."
McClure2001,Direct 3-dimensional measurement of scapular kinematics during dynamic movements in vivo,McClure PW; Michener LA; Sennett BJ; Karduna AR,2001,Figure 4E,Dynamic sagittal-plane flexion,Sagittal plane,Bone-fixed scapular electromagnetic sensor; humeral cuff sensor; thorax skin sensor,True,8,Raising,False,30,,,,,4.494,,,,,4.494,,,,Kinematics paper.pdf / McClure et.al (duplicate files),Digitized,"Variable: SC_Elevation_deg; estimated digitization uncertainty +/- 0.25 deg; value retained in the original paper convention; selected pixel center (1299, 1049). No interpolation, smoothing, coordinate conversion, or cross-study averaging."
McClure2001,Direct 3-dimensional measurement of scapular kinematics during dynamic movements in vivo,McClure PW; Michener LA; Sennett BJ; Karduna AR,2001,Figure 4E,Dynamic sagittal-plane flexion,Sagittal plane,Bone-fixed scapular electromagnetic sensor; humeral cuff sensor; thorax skin sensor,True,8,Lowering,False,30,,,,,6.366,,,,,6.366,,,,Kinematics paper.pdf / McClure et.al (duplicate files),Digitized,"Variable: SC_Elevation_deg; estimated digitization uncertainty +/- 0.25 deg; value retained in the original paper convention; selected pixel center (1299, 994). No interpolation, smoothing, coordinate conversion, or cross-study averaging."
McClure2001,Direct 3-dimensional measurement of scapular kinematics during dynamic movements in vivo,McClure PW; Michener LA; Sennett BJ; Karduna AR,2001,Figure 4E,Dynamic sagittal-plane flexion,Sagittal plane,Bone-fixed scapular electromagnetic sensor; humeral cuff sensor; thorax skin sensor,True,8,Raising,False,35,,,,,4.800,,,,,4.800,,,,Kinematics paper.pdf / McClure et.al (duplicate files),Digitized,"Variable: SC_Elevation_deg; estimated digitization uncertainty +/- 0.25 deg; value retained in the original paper convention; selected pixel center (1321, 1040). No interpolation, smoothing, coordinate conversion, or cross-study averaging."
McClure2001,Direct 3-dimensional measurement of scapular kinematics during dynamic movements in vivo,McClure PW; Michener LA; Sennett BJ; Karduna AR,2001,Figure 4E,Dynamic sagittal-plane flexion,Sagittal plane,Bone-fixed scapular electromagnetic sensor; humeral cuff sensor; thorax skin sensor,True,8,Lowering,False,35,,,,,5.106,,,,,5.106,,,,Kinematics paper.pdf / McClure et.al (duplicate files),Digitized,"Variable: SC_Elevation_deg; estimated digitization uncertainty +/- 0.25 deg; value retained in the original paper convention; selected pixel center (1321, 1031). No interpolation, smoothing, coordinate conversion, or cross-study averaging."
McClure2001,Direct 3-dimensional measurement of scapular kinematics during dynamic movements in vivo,McClure PW; Michener LA; Sennett BJ; Karduna AR,2001,Figure 4E,Dynamic sagittal-plane flexion,Sagittal plane,Bone-fixed scapular electromagnetic sensor; humeral cuff sensor; thorax skin sensor,True,8,Raising,False,40,,,,,5.072,,,,,5.072,,,,Kinematics paper.pdf / McClure et.al (duplicate files),Digitized,"Variable: SC_Elevation_deg; estimated digitization uncertainty +/- 0.25 deg; value retained in the original paper convention; selected pixel center (1343, 1032). No interpolation, smoothing, coordinate conversion, or cross-study averaging."
McClure2001,Direct 3-dimensional measurement of scapular kinematics during dynamic movements in vivo,McClure PW; Michener LA; Sennett BJ; Karduna AR,2001,Figure 4E,Dynamic sagittal-plane flexion,Sagittal plane,Bone-fixed scapular electromagnetic sensor; humeral cuff sensor; thorax skin sensor,True,8,Lowering,False,40,,,,,5.379,,,,,5.379,,,,Kinematics paper.pdf / McClure et.al (duplicate files),Digitized,"Variable: SC_Elevation_deg; estimated digitization uncertainty +/- 0.25 deg; value retained in the original paper convention; selected pixel center (1343, 1023). No interpolation, smoothing, coordinate conversion, or cross-study averaging."
McClure2001,Direct 3-dimensional measurement of scapular kinematics during dynamic movements in vivo,McClure PW; Michener LA; Sennett BJ; Karduna AR,2001,Figure 4E,Dynamic sagittal-plane flexion,Sagittal plane,Bone-fixed scapular electromagnetic sensor; humeral cuff sensor; thorax skin sensor,True,8,Raising,False,45,,,,,5.345,,,,,5.345,,,,Kinematics paper.pdf / McClure et.al (duplicate files),Digitized,"Variable: SC_Elevation_deg; estimated digitization uncertainty +/- 0.25 deg; value retained in the original paper convention; selected pixel center (1365, 1024). No interpolation, smoothing, coordinate conversion, or cross-study averaging."
McClure2001,Direct 3-dimensional measurement of scapular kinematics during dynamic movements in vivo,McClure PW; Michener LA; Sennett BJ; Karduna AR,2001,Figure 4E,Dynamic sagittal-plane flexion,Sagittal plane,Bone-fixed scapular electromagnetic sensor; humeral cuff sensor; thorax skin sensor,True,8,Lowering,False,45,,,,,5.685,,,,,5.685,,,,Kinematics paper.pdf / McClure et.al (duplicate files),Digitized,"Variable: SC_Elevation_deg; estimated digitization uncertainty +/- 0.25 deg; value retained in the original paper convention; selected pixel center (1365, 1014). No interpolation, smoothing, coordinate conversion, or cross-study averaging."
McClure2001,Direct 3-dimensional measurement of scapular kinematics during dynamic movements in vivo,McClure PW; Michener LA; Sennett BJ; Karduna AR,2001,Figure 4E,Dynamic sagittal-plane flexion,Sagittal plane,Bone-fixed scapular electromagnetic sensor; humeral cuff sensor; thorax skin sensor,True,8,Raising,False,50,,,,,5.685,,,,,5.685,,,,Kinematics paper.pdf / McClure et.al (duplicate files),Digitized,"Variable: SC_Elevation_deg; estimated digitization uncertainty +/- 0.25 deg; value retained in the original paper convention; selected pixel center (1386, 1014). No interpolation, smoothing, coordinate conversion, or cross-study averaging."
McClure2001,Direct 3-dimensional measurement of scapular kinematics during dynamic movements in vivo,McClure PW; Michener LA; Sennett BJ; Karduna AR,2001,Figure 4E,Dynamic sagittal-plane flexion,Sagittal plane,Bone-fixed scapular electromagnetic sensor; humeral cuff sensor; thorax skin sensor,True,8,Lowering,False,50,,,,,8.204,,,,,8.204,,,,Kinematics paper.pdf / McClure et.al (duplicate files),Digitized,"Variable: SC_Elevation_deg; estimated digitization uncertainty +/- 0.25 deg; value retained in the original paper convention; selected pixel center (1386, 940). No interpolation, smoothing, coordinate conversion, or cross-study averaging."
McClure2001,Direct 3-dimensional measurement of scapular kinematics during dynamic movements in vivo,McClure PW; Michener LA; Sennett BJ; Karduna AR,2001,Figure 4E,Dynamic sagittal-plane flexion,Sagittal plane,Bone-fixed scapular electromagnetic sensor; humeral cuff sensor; thorax skin sensor,True,8,Raising,False,55,,,,,5.821,,,,,5.821,,,,Kinematics paper.pdf / McClure et.al (duplicate files),Digitized,"Variable: SC_Elevation_deg; estimated digitization uncertainty +/- 0.25 deg; value retained in the original paper convention; selected pixel center (1408, 1010). No interpolation, smoothing, coordinate conversion, or cross-study averaging."
McClure2001,Direct 3-dimensional measurement of scapular kinematics during dynamic movements in vivo,McClure PW; Michener LA; Sennett BJ; Karduna AR,2001,Figure 4E,Dynamic sagittal-plane flexion,Sagittal plane,Bone-fixed scapular electromagnetic sensor; humeral cuff sensor; thorax skin sensor,True,8,Lowering,False,55,,,,,8.545,,,,,8.545,,,,Kinematics paper.pdf / McClure et.al (duplicate files),Digitized,"Variable: SC_Elevation_deg; estimated digitization uncertainty +/- 0.25 deg; value retained in the original paper convention; selected pixel center (1408, 930). No interpolation, smoothing, coordinate conversion, or cross-study averaging."
McClure2001,Direct 3-dimensional measurement of scapular kinematics during dynamic movements in vivo,McClure PW; Michener LA; Sennett BJ; Karduna AR,2001,Figure 4E,Dynamic sagittal-plane flexion,Sagittal plane,Bone-fixed scapular electromagnetic sensor; humeral cuff sensor; thorax skin sensor,True,8,Raising,False,60,,,,,6.400,,,,,6.400,,,,Kinematics paper.pdf / McClure et.al (duplicate files),Digitized,"Variable: SC_Elevation_deg; estimated digitization uncertainty +/- 0.25 deg; value retained in the original paper convention; selected pixel center (1430, 993). No interpolation, smoothing, coordinate conversion, or cross-study averaging."
McClure2001,Direct 3-dimensional measurement of scapular kinematics during dynamic movements in vivo,McClure PW; Michener LA; Sennett BJ; Karduna AR,2001,Figure 4E,Dynamic sagittal-plane flexion,Sagittal plane,Bone-fixed scapular electromagnetic sensor; humeral cuff sensor; thorax skin sensor,True,8,Lowering,False,60,,,,,6.740,,,,,6.740,,,,Kinematics paper.pdf / McClure et.al (duplicate files),Digitized,"Variable: SC_Elevation_deg; estimated digitization uncertainty +/- 0.25 deg; value retained in the original paper convention; selected pixel center (1430, 983). No interpolation, smoothing, coordinate conversion, or cross-study averaging."
McClure2001,Direct 3-dimensional measurement of scapular kinematics during dynamic movements in vivo,McClure PW; Michener LA; Sennett BJ; Karduna AR,2001,Figure 4E,Dynamic sagittal-plane flexion,Sagittal plane,Bone-fixed scapular electromagnetic sensor; humeral cuff sensor; thorax skin sensor,True,8,Raising,False,65,,,,,6.774,,,,,6.774,,,,Kinematics paper.pdf / McClure et.al (duplicate files),Digitized,"Variable: SC_Elevation_deg; estimated digitization uncertainty +/- 0.25 deg; value retained in the original paper convention; selected pixel center (1452, 982). No interpolation, smoothing, coordinate conversion, or cross-study averaging."
McClure2001,Direct 3-dimensional measurement of scapular kinematics during dynamic movements in vivo,McClure PW; Michener LA; Sennett BJ; Karduna AR,2001,Figure 4E,Dynamic sagittal-plane flexion,Sagittal plane,Bone-fixed scapular electromagnetic sensor; humeral cuff sensor; thorax skin sensor,True,8,Lowering,False,65,,,,,7.081,,,,,7.081,,,,Kinematics paper.pdf / McClure et.al (duplicate files),Digitized,"Variable: SC_Elevation_deg; estimated digitization uncertainty +/- 0.25 deg; value retained in the original paper convention; selected pixel center (1452, 973). No interpolation, smoothing, coordinate conversion, or cross-study averaging."
McClure2001,Direct 3-dimensional measurement of scapular kinematics during dynamic movements in vivo,McClure PW; Michener LA; Sennett BJ; Karduna AR,2001,Figure 4E,Dynamic sagittal-plane flexion,Sagittal plane,Bone-fixed scapular electromagnetic sensor; humeral cuff sensor; thorax skin sensor,True,8,Raising,False,70,,,,,7.149,,,,,7.149,,,,Kinematics paper.pdf / McClure et.al (duplicate files),Digitized,"Variable: SC_Elevation_deg; estimated digitization uncertainty +/- 0.25 deg; value retained in the original paper convention; selected pixel center (1474, 971). No interpolation, smoothing, coordinate conversion, or cross-study averaging."
McClure2001,Direct 3-dimensional measurement of scapular kinematics during dynamic movements in vivo,McClure PW; Michener LA; Sennett BJ; Karduna AR,2001,Figure 4E,Dynamic sagittal-plane flexion,Sagittal plane,Bone-fixed scapular electromagnetic sensor; humeral cuff sensor; thorax skin sensor,True,8,Lowering,False,70,,,,,7.455,,,,,7.455,,,,Kinematics paper.pdf / McClure et.al (duplicate files),Digitized,"Variable: SC_Elevation_deg; estimated digitization uncertainty +/- 0.25 deg; value retained in the original paper convention; selected pixel center (1474, 962). No interpolation, smoothing, coordinate conversion, or cross-study averaging."
McClure2001,Direct 3-dimensional measurement of scapular kinematics during dynamic movements in vivo,McClure PW; Michener LA; Sennett BJ; Karduna AR,2001,Figure 4E,Dynamic sagittal-plane flexion,Sagittal plane,Bone-fixed scapular electromagnetic sensor; humeral cuff sensor; thorax skin sensor,True,8,Raising,False,75,,,,,7.591,,,,,7.591,,,,Kinematics paper.pdf / McClure et.al (duplicate files),Digitized,"Variable: SC_Elevation_deg; estimated digitization uncertainty +/- 0.25 deg; value retained in the original paper convention; selected pixel center (1496, 958). No interpolation, smoothing, coordinate conversion, or cross-study averaging."
McClure2001,Direct 3-dimensional measurement of scapular kinematics during dynamic movements in vivo,McClure PW; Michener LA; Sennett BJ; Karduna AR,2001,Figure 4E,Dynamic sagittal-plane flexion,Sagittal plane,Bone-fixed scapular electromagnetic sensor; humeral cuff sensor; thorax skin sensor,True,8,Lowering,False,75,,,,,10.213,,,,,10.213,,,,Kinematics paper.pdf / McClure et.al (duplicate files),Digitized,"Variable: SC_Elevation_deg; estimated digitization uncertainty +/- 0.25 deg; value retained in the original paper convention; selected pixel center (1496, 881). No interpolation, smoothing, coordinate conversion, or cross-study averaging."
McClure2001,Direct 3-dimensional measurement of scapular kinematics during dynamic movements in vivo,McClure PW; Michener LA; Sennett BJ; Karduna AR,2001,Figure 4E,Dynamic sagittal-plane flexion,Sagittal plane,Bone-fixed scapular electromagnetic sensor; humeral cuff sensor; thorax skin sensor,True,8,Raising,False,80,,,,,7.796,,,,,7.796,,,,Kinematics paper.pdf / McClure et.al (duplicate files),Digitized,"Variable: SC_Elevation_deg; estimated digitization uncertainty +/- 0.25 deg; value retained in the original paper convention; selected pixel center (1518, 952). No interpolation, smoothing, coordinate conversion, or cross-study averaging."
McClure2001,Direct 3-dimensional measurement of scapular kinematics during dynamic movements in vivo,McClure PW; Michener LA; Sennett BJ; Karduna AR,2001,Figure 4E,Dynamic sagittal-plane flexion,Sagittal plane,Bone-fixed scapular electromagnetic sensor; humeral cuff sensor; thorax skin sensor,True,8,Lowering,False,80,,,,,8.340,,,,,8.340,,,,Kinematics paper.pdf / McClure et.al (duplicate files),Digitized,"Variable: SC_Elevation_deg; estimated digitization uncertainty +/- 0.25 deg; value retained in the original paper convention; selected pixel center (1518, 936). No interpolation, smoothing, coordinate conversion, or cross-study averaging."
McClure2001,Direct 3-dimensional measurement of scapular kinematics during dynamic movements in vivo,McClure PW; Michener LA; Sennett BJ; Karduna AR,2001,Figure 4E,Dynamic sagittal-plane flexion,Sagittal plane,Bone-fixed scapular electromagnetic sensor; humeral cuff sensor; thorax skin sensor,True,8,Raising,False,85,,,,,8.511,,,,,8.511,,,,Kinematics paper.pdf / McClure et.al (duplicate files),Digitized,"Variable: SC_Elevation_deg; estimated digitization uncertainty +/- 0.25 deg; value retained in the original paper convention; selected pixel center (1539, 931). No interpolation, smoothing, coordinate conversion, or cross-study averaging."
McClure2001,Direct 3-dimensional measurement of scapular kinematics during dynamic movements in vivo,McClure PW; Michener LA; Sennett BJ; Karduna AR,2001,Figure 4E,Dynamic sagittal-plane flexion,Sagittal plane,Bone-fixed scapular electromagnetic sensor; humeral cuff sensor; thorax skin sensor,True,8,Lowering,False,85,,,,,8.817,,,,,8.817,,,,Kinematics paper.pdf / McClure et.al (duplicate files),Digitized,"Variable: SC_Elevation_deg; estimated digitization uncertainty +/- 0.25 deg; value retained in the original paper convention; selected pixel center (1539, 922). No interpolation, smoothing, coordinate conversion, or cross-study averaging."
McClure2001,Direct 3-dimensional measurement of scapular kinematics during dynamic movements in vivo,McClure PW; Michener LA; Sennett BJ; Karduna AR,2001,Figure 4E,Dynamic sagittal-plane flexion,Sagittal plane,Bone-fixed scapular electromagnetic sensor; humeral cuff sensor; thorax skin sensor,True,8,Raising,False,90,,,,,8.987,,,,,8.987,,,,Kinematics paper.pdf / McClure et.al (duplicate files),Digitized,"Variable: SC_Elevation_deg; estimated digitization uncertainty +/- 0.25 deg; value retained in the original paper convention; selected pixel center (1561, 917). No interpolation, smoothing, coordinate conversion, or cross-study averaging."
McClure2001,Direct 3-dimensional measurement of scapular kinematics during dynamic movements in vivo,McClure PW; Michener LA; Sennett BJ; Karduna AR,2001,Figure 4E,Dynamic sagittal-plane flexion,Sagittal plane,Bone-fixed scapular electromagnetic sensor; humeral cuff sensor; thorax skin sensor,True,8,Lowering,False,90,,,,,9.328,,,,,9.328,,,,Kinematics paper.pdf / McClure et.al (duplicate files),Digitized,"Variable: SC_Elevation_deg; estimated digitization uncertainty +/- 0.25 deg; value retained in the original paper convention; selected pixel center (1561, 907). No interpolation, smoothing, coordinate conversion, or cross-study averaging."
McClure2001,Direct 3-dimensional measurement of scapular kinematics during dynamic movements in vivo,McClure PW; Michener LA; Sennett BJ; Karduna AR,2001,Figure 4E,Dynamic sagittal-plane flexion,Sagittal plane,Bone-fixed scapular electromagnetic sensor; humeral cuff sensor; thorax skin sensor,True,8,Raising,False,95,,,,,9.532,,,,,9.532,,,,Kinematics paper.pdf / McClure et.al (duplicate files),Digitized,"Variable: SC_Elevation_deg; estimated digitization uncertainty +/- 0.25 deg; value retained in the original paper convention; selected pixel center (1583, 901). No interpolation, smoothing, coordinate conversion, or cross-study averaging."
McClure2001,Direct 3-dimensional measurement of scapular kinematics during dynamic movements in vivo,McClure PW; Michener LA; Sennett BJ; Karduna AR,2001,Figure 4E,Dynamic sagittal-plane flexion,Sagittal plane,Bone-fixed scapular electromagnetic sensor; humeral cuff sensor; thorax skin sensor,True,8,Lowering,False,95,,,,,9.838,,,,,9.838,,,,Kinematics paper.pdf / McClure et.al (duplicate files),Digitized,"Variable: SC_Elevation_deg; estimated digitization uncertainty +/- 0.25 deg; value retained in the original paper convention; selected pixel center (1583, 892). No interpolation, smoothing, coordinate conversion, or cross-study averaging."
McClure2001,Direct 3-dimensional measurement of scapular kinematics during dynamic movements in vivo,McClure PW; Michener LA; Sennett BJ; Karduna AR,2001,Figure 4E,Dynamic sagittal-plane flexion,Sagittal plane,Bone-fixed scapular electromagnetic sensor; humeral cuff sensor; thorax skin sensor,True,8,Raising,False,100,,,,,9.770,,,,,9.770,,,,Kinematics paper.pdf / McClure et.al (duplicate files),Digitized,"Variable: SC_Elevation_deg; estimated digitization uncertainty +/- 0.25 deg; value retained in the original paper convention; selected pixel center (1605, 894). No interpolation, smoothing, coordinate conversion, or cross-study averaging."
McClure2001,Direct 3-dimensional measurement of scapular kinematics during dynamic movements in vivo,McClure PW; Michener LA; Sennett BJ; Karduna AR,2001,Figure 4E,Dynamic sagittal-plane flexion,Sagittal plane,Bone-fixed scapular electromagnetic sensor; humeral cuff sensor; thorax skin sensor,True,8,Lowering,False,100,,,,,10.315,,,,,10.315,,,,Kinematics paper.pdf / McClure et.al (duplicate files),Digitized,"Variable: SC_Elevation_deg; estimated digitization uncertainty +/- 0.25 deg; value retained in the original paper convention; selected pixel center (1605, 878). No interpolation, smoothing, coordinate conversion, or cross-study averaging."
McClure2001,Direct 3-dimensional measurement of scapular kinematics during dynamic movements in vivo,McClure PW; Michener LA; Sennett BJ; Karduna AR,2001,Figure 4E,Dynamic sagittal-plane flexion,Sagittal plane,Bone-fixed scapular electromagnetic sensor; humeral cuff sensor; thorax skin sensor,True,8,Raising,False,105,,,,,10.519,,,,,10.519,,,,Kinematics paper.pdf / McClure et.al (duplicate files),Digitized,"Variable: SC_Elevation_deg; estimated digitization uncertainty +/- 0.25 deg; value retained in the original paper convention; selected pixel center (1627, 872). No interpolation, smoothing, coordinate conversion, or cross-study averaging."
McClure2001,Direct 3-dimensional measurement of scapular kinematics during dynamic movements in vivo,McClure PW; Michener LA; Sennett BJ; Karduna AR,2001,Figure 4E,Dynamic sagittal-plane flexion,Sagittal plane,Bone-fixed scapular electromagnetic sensor; humeral cuff sensor; thorax skin sensor,True,8,Lowering,False,105,,,,,10.826,,,,,10.826,,,,Kinematics paper.pdf / McClure et.al (duplicate files),Digitized,"Variable: SC_Elevation_deg; estimated digitization uncertainty +/- 0.25 deg; value retained in the original paper convention; selected pixel center (1627, 863). No interpolation, smoothing, coordinate conversion, or cross-study averaging."
McClure2001,Direct 3-dimensional measurement of scapular kinematics during dynamic movements in vivo,McClure PW; Michener LA; Sennett BJ; Karduna AR,2001,Figure 4E,Dynamic sagittal-plane flexion,Sagittal plane,Bone-fixed scapular electromagnetic sensor; humeral cuff sensor; thorax skin sensor,True,8,Raising,False,110,,,,,10.996,,,,,10.996,,,,Kinematics paper.pdf / McClure et.al (duplicate files),Digitized,"Variable: SC_Elevation_deg; estimated digitization uncertainty +/- 0.25 deg; value retained in the original paper convention; selected pixel center (1649, 858). No interpolation, smoothing, coordinate conversion, or cross-study averaging."
McClure2001,Direct 3-dimensional measurement of scapular kinematics during dynamic movements in vivo,McClure PW; Michener LA; Sennett BJ; Karduna AR,2001,Figure 4E,Dynamic sagittal-plane flexion,Sagittal plane,Bone-fixed scapular electromagnetic sensor; humeral cuff sensor; thorax skin sensor,True,8,Lowering,False,110,,,,,11.268,,,,,11.268,,,,Kinematics paper.pdf / McClure et.al (duplicate files),Digitized,"Variable: SC_Elevation_deg; estimated digitization uncertainty +/- 0.25 deg; value retained in the original paper convention; selected pixel center (1649, 850). No interpolation, smoothing, coordinate conversion, or cross-study averaging."
McClure2001,Direct 3-dimensional measurement of scapular kinematics during dynamic movements in vivo,McClure PW; Michener LA; Sennett BJ; Karduna AR,2001,Figure 4E,Dynamic sagittal-plane flexion,Sagittal plane,Bone-fixed scapular electromagnetic sensor; humeral cuff sensor; thorax skin sensor,True,8,Raising,False,115,,,,,11.540,,,,,11.540,,,,Kinematics paper.pdf / McClure et.al (duplicate files),Digitized,"Variable: SC_Elevation_deg; estimated digitization uncertainty +/- 0.25 deg; value retained in the original paper convention; selected pixel center (1670, 842). No interpolation, smoothing, coordinate conversion, or cross-study averaging."
McClure2001,Direct 3-dimensional measurement of scapular kinematics during dynamic movements in vivo,McClure PW; Michener LA; Sennett BJ; Karduna AR,2001,Figure 4E,Dynamic sagittal-plane flexion,Sagittal plane,Bone-fixed scapular electromagnetic sensor; humeral cuff sensor; thorax skin sensor,True,8,Lowering,False,115,,,,,11.847,,,,,11.847,,,,Kinematics paper.pdf / McClure et.al (duplicate files),Digitized,"Variable: SC_Elevation_deg; estimated digitization uncertainty +/- 0.25 deg; value retained in the original paper convention; selected pixel center (1670, 833). No interpolation, smoothing, coordinate conversion, or cross-study averaging."
McClure2001,Direct 3-dimensional measurement of scapular kinematics during dynamic movements in vivo,McClure PW; Michener LA; Sennett BJ; Karduna AR,2001,Figure 4E,Dynamic sagittal-plane flexion,Sagittal plane,Bone-fixed scapular electromagnetic sensor; humeral cuff sensor; thorax skin sensor,True,8,Raising,False,120,,,,,11.745,,,,,11.745,,,,Kinematics paper.pdf / McClure et.al (duplicate files),Digitized,"Variable: SC_Elevation_deg; estimated digitization uncertainty +/- 0.25 deg; value retained in the original paper convention; selected pixel center (1692, 836). No interpolation, smoothing, coordinate conversion, or cross-study averaging."
McClure2001,Direct 3-dimensional measurement of scapular kinematics during dynamic movements in vivo,McClure PW; Michener LA; Sennett BJ; Karduna AR,2001,Figure 4E,Dynamic sagittal-plane flexion,Sagittal plane,Bone-fixed scapular electromagnetic sensor; humeral cuff sensor; thorax skin sensor,True,8,Lowering,False,120,,,,,12.289,,,,,12.289,,,,Kinematics paper.pdf / McClure et.al (duplicate files),Digitized,"Variable: SC_Elevation_deg; estimated digitization uncertainty +/- 0.25 deg; value retained in the original paper convention; selected pixel center (1692, 820). No interpolation, smoothing, coordinate conversion, or cross-study averaging."
McClure2001,Direct 3-dimensional measurement of scapular kinematics during dynamic movements in vivo,McClure PW; Michener LA; Sennett BJ; Karduna AR,2001,Figure 4E,Dynamic sagittal-plane flexion,Sagittal plane,Bone-fixed scapular electromagnetic sensor; humeral cuff sensor; thorax skin sensor,True,8,Raising,False,125,,,,,12.426,,,,,12.426,,,,Kinematics paper.pdf / McClure et.al (duplicate files),Digitized,"Variable: SC_Elevation_deg; estimated digitization uncertainty +/- 0.25 deg; value retained in the original paper convention; selected pixel center (1714, 816). No interpolation, smoothing, coordinate conversion, or cross-study averaging."
McClure2001,Direct 3-dimensional measurement of scapular kinematics during dynamic movements in vivo,McClure PW; Michener LA; Sennett BJ; Karduna AR,2001,Figure 4E,Dynamic sagittal-plane flexion,Sagittal plane,Bone-fixed scapular electromagnetic sensor; humeral cuff sensor; thorax skin sensor,True,8,Lowering,False,125,,,,,12.664,,,,,12.664,,,,Kinematics paper.pdf / McClure et.al (duplicate files),Digitized,"Variable: SC_Elevation_deg; estimated digitization uncertainty +/- 0.25 deg; value retained in the original paper convention; selected pixel center (1714, 809). No interpolation, smoothing, coordinate conversion, or cross-study averaging."
McClure2001,Direct 3-dimensional measurement of scapular kinematics during dynamic movements in vivo,McClure PW; Michener LA; Sennett BJ; Karduna AR,2001,Figure 4E,Dynamic sagittal-plane flexion,Sagittal plane,Bone-fixed scapular electromagnetic sensor; humeral cuff sensor; thorax skin sensor,True,8,Raising,False,130,,,,,12.868,,,,,12.868,,,,Kinematics paper.pdf / McClure et.al (duplicate files),Digitized,"Variable: SC_Elevation_deg; estimated digitization uncertainty +/- 0.25 deg; value retained in the original paper convention; selected pixel center (1736, 803). No interpolation, smoothing, coordinate conversion, or cross-study averaging."
McClure2001,Direct 3-dimensional measurement of scapular kinematics during dynamic movements in vivo,McClure PW; Michener LA; Sennett BJ; Karduna AR,2001,Figure 4E,Dynamic sagittal-plane flexion,Sagittal plane,Bone-fixed scapular electromagnetic sensor; humeral cuff sensor; thorax skin sensor,True,8,Lowering,False,130,,,,,13.243,,,,,13.243,,,,Kinematics paper.pdf / McClure et.al (duplicate files),Digitized,"Variable: SC_Elevation_deg; estimated digitization uncertainty +/- 0.25 deg; value retained in the original paper convention; selected pixel center (1736, 792). No interpolation, smoothing, coordinate conversion, or cross-study averaging."
McClure2001,Direct 3-dimensional measurement of scapular kinematics during dynamic movements in vivo,McClure PW; Michener LA; Sennett BJ; Karduna AR,2001,Figure 4E,Dynamic sagittal-plane flexion,Sagittal plane,Bone-fixed scapular electromagnetic sensor; humeral cuff sensor; thorax skin sensor,True,8,Raising,False,135,,,,,13.174,,,,,13.174,,,,Kinematics paper.pdf / McClure et.al (duplicate files),Digitized,"Variable: SC_Elevation_deg; estimated digitization uncertainty +/- 0.25 deg; value retained in the original paper convention; selected pixel center (1758, 794). No interpolation, smoothing, coordinate conversion, or cross-study averaging."
McClure2001,Direct 3-dimensional measurement of scapular kinematics during dynamic movements in vivo,McClure PW; Michener LA; Sennett BJ; Karduna AR,2001,Figure 4E,Dynamic sagittal-plane flexion,Sagittal plane,Bone-fixed scapular electromagnetic sensor; humeral cuff sensor; thorax skin sensor,True,8,Lowering,False,135,,,,,13.345,,,,,13.345,,,,Kinematics paper.pdf / McClure et.al (duplicate files),Digitized,"Variable: SC_Elevation_deg; estimated digitization uncertainty +/- 0.25 deg; value retained in the original paper convention; selected pixel center (1758, 789). No interpolation, smoothing, coordinate conversion, or cross-study averaging."
McClure2001,Direct 3-dimensional measurement of scapular kinematics during dynamic movements in vivo,McClure PW; Michener LA; Sennett BJ; Karduna AR,2001,Figure 4E,Dynamic sagittal-plane flexion,Sagittal plane,Bone-fixed scapular electromagnetic sensor; humeral cuff sensor; thorax skin sensor,True,8,Raising,False,140,,,,,13.209,,,,,13.209,,,,Kinematics paper.pdf / McClure et.al (duplicate files),Digitized,"Variable: SC_Elevation_deg; estimated digitization uncertainty +/- 0.25 deg; value retained in the original paper convention; selected pixel center (1780, 793). No interpolation, smoothing, coordinate conversion, or cross-study averaging."
McClure2001,Direct 3-dimensional measurement of scapular kinematics during dynamic movements in vivo,McClure PW; Michener LA; Sennett BJ; Karduna AR,2001,Figure 4E,Dynamic sagittal-plane flexion,Sagittal plane,Bone-fixed scapular electromagnetic sensor; humeral cuff sensor; thorax skin sensor,True,8,Lowering,False,140,,,,,13.379,,,,,13.379,,,,Kinematics paper.pdf / McClure et.al (duplicate files),Digitized,"Variable: SC_Elevation_deg; estimated digitization uncertainty +/- 0.25 deg; value retained in the original paper convention; selected pixel center (1780, 788). No interpolation, smoothing, coordinate conversion, or cross-study averaging."
McClure2001,Direct 3-dimensional measurement of scapular kinematics during dynamic movements in vivo,McClure PW; Michener LA; Sennett BJ; Karduna AR,2001,Figure 4E,Dynamic sagittal-plane flexion,Sagittal plane,Bone-fixed scapular electromagnetic sensor; humeral cuff sensor; thorax skin sensor,True,8,Raising,False,153,,,,,12.970,,,,,12.970,,,,Kinematics paper.pdf / McClure et.al (duplicate files),Digitized,"Variable: SC_Elevation_deg; estimated digitization uncertainty +/- 0.25 deg; value retained in the original paper convention; selected pixel center (1836, 800). No interpolation, smoothing, coordinate conversion, or cross-study averaging."
McClure2001,Direct 3-dimensional measurement of scapular kinematics during dynamic movements in vivo,McClure PW; Michener LA; Sennett BJ; Karduna AR,2001,Figure 4E,Dynamic sagittal-plane flexion,Sagittal plane,Bone-fixed scapular electromagnetic sensor; humeral cuff sensor; thorax skin sensor,True,8,Lowering,False,153,,,,,13.311,,,,,13.311,,,,Kinematics paper.pdf / McClure et.al (duplicate files),Digitized,"Variable: SC_Elevation_deg; estimated digitization uncertainty +/- 0.25 deg; value retained in the original paper convention; selected pixel center (1836, 790). No interpolation, smoothing, coordinate conversion, or cross-study averaging."
McClure2001,Direct 3-dimensional measurement of scapular kinematics during dynamic movements in vivo,McClure PW; Michener LA; Sennett BJ; Karduna AR,2001,Figure 4C,Dynamic sagittal-plane flexion,Sagittal plane,Bone-fixed scapular electromagnetic sensor; humeral cuff sensor; thorax skin sensor,True,8,Raising,False,16,,,,-38.753,,,,,,-38.753,,,,Kinematics paper.pdf / McClure et.al (duplicate files),Digitized,"Variable: ST_InternalRotation_deg; estimated digitization uncertainty +/- 0.5 deg; value retained in the original paper convention; selected pixel center (202, 1767). No interpolation, smoothing, coordinate conversion, or cross-study averaging."
McClure2001,Direct 3-dimensional measurement of scapular kinematics during dynamic movements in vivo,McClure PW; Michener LA; Sennett BJ; Karduna AR,2001,Figure 4C,Dynamic sagittal-plane flexion,Sagittal plane,Bone-fixed scapular electromagnetic sensor; humeral cuff sensor; thorax skin sensor,True,8,Lowering,False,16,,,,-38.161,,,,,,-38.161,,,,Kinematics paper.pdf / McClure et.al (duplicate files),Digitized,"Variable: ST_InternalRotation_deg; estimated digitization uncertainty +/- 0.5 deg; value retained in the original paper convention; selected pixel center (202, 1760). No interpolation, smoothing, coordinate conversion, or cross-study averaging."
McClure2001,Direct 3-dimensional measurement of scapular kinematics during dynamic movements in vivo,McClure PW; Michener LA; Sennett BJ; Karduna AR,2001,Figure 4C,Dynamic sagittal-plane flexion,Sagittal plane,Bone-fixed scapular electromagnetic sensor; humeral cuff sensor; thorax skin sensor,True,8,Raising,False,25,,,,-40.613,,,,,,-40.613,,,,Kinematics paper.pdf / McClure et.al (duplicate files),Digitized,"Variable: ST_InternalRotation_deg; estimated digitization uncertainty +/- 0.5 deg; value retained in the original paper convention; selected pixel center (242, 1789). No interpolation, smoothing, coordinate conversion, or cross-study averaging."
McClure2001,Direct 3-dimensional measurement of scapular kinematics during dynamic movements in vivo,McClure PW; Michener LA; Sennett BJ; Karduna AR,2001,Figure 4C,Dynamic sagittal-plane flexion,Sagittal plane,Bone-fixed scapular electromagnetic sensor; humeral cuff sensor; thorax skin sensor,True,8,Lowering,False,25,,,,-37.992,,,,,,-37.992,,,,Kinematics paper.pdf / McClure et.al (duplicate files),Digitized,"Variable: ST_InternalRotation_deg; estimated digitization uncertainty +/- 0.5 deg; value retained in the original paper convention; selected pixel center (242, 1758). No interpolation, smoothing, coordinate conversion, or cross-study averaging."
McClure2001,Direct 3-dimensional measurement of scapular kinematics during dynamic movements in vivo,McClure PW; Michener LA; Sennett BJ; Karduna AR,2001,Figure 4C,Dynamic sagittal-plane flexion,Sagittal plane,Bone-fixed scapular electromagnetic sensor; humeral cuff sensor; thorax skin sensor,True,8,Raising,False,30,,,,-40.867,,,,,,-40.867,,,,Kinematics paper.pdf / McClure et.al (duplicate files),Digitized,"Variable: ST_InternalRotation_deg; estimated digitization uncertainty +/- 0.5 deg; value retained in the original paper convention; selected pixel center (263, 1792). No interpolation, smoothing, coordinate conversion, or cross-study averaging."
McClure2001,Direct 3-dimensional measurement of scapular kinematics during dynamic movements in vivo,McClure PW; Michener LA; Sennett BJ; Karduna AR,2001,Figure 4C,Dynamic sagittal-plane flexion,Sagittal plane,Bone-fixed scapular electromagnetic sensor; humeral cuff sensor; thorax skin sensor,True,8,Lowering,False,30,,,,-38.584,,,,,,-38.584,,,,Kinematics paper.pdf / McClure et.al (duplicate files),Digitized,"Variable: ST_InternalRotation_deg; estimated digitization uncertainty +/- 0.5 deg; value retained in the original paper convention; selected pixel center (263, 1765). No interpolation, smoothing, coordinate conversion, or cross-study averaging."
McClure2001,Direct 3-dimensional measurement of scapular kinematics during dynamic movements in vivo,McClure PW; Michener LA; Sennett BJ; Karduna AR,2001,Figure 4C,Dynamic sagittal-plane flexion,Sagittal plane,Bone-fixed scapular electromagnetic sensor; humeral cuff sensor; thorax skin sensor,True,8,Raising,False,35,,,,-41.121,,,,,,-41.121,,,,Kinematics paper.pdf / McClure et.al (duplicate files),Digitized,"Variable: ST_InternalRotation_deg; estimated digitization uncertainty +/- 0.5 deg; value retained in the original paper convention; selected pixel center (285, 1795). No interpolation, smoothing, coordinate conversion, or cross-study averaging."
McClure2001,Direct 3-dimensional measurement of scapular kinematics during dynamic movements in vivo,McClure PW; Michener LA; Sennett BJ; Karduna AR,2001,Figure 4C,Dynamic sagittal-plane flexion,Sagittal plane,Bone-fixed scapular electromagnetic sensor; humeral cuff sensor; thorax skin sensor,True,8,Lowering,False,35,,,,-40.359,,,,,,-40.359,,,,Kinematics paper.pdf / McClure et.al (duplicate files),Digitized,"Variable: ST_InternalRotation_deg; estimated digitization uncertainty +/- 0.5 deg; value retained in the original paper convention; selected pixel center (285, 1786). No interpolation, smoothing, coordinate conversion, or cross-study averaging."
McClure2001,Direct 3-dimensional measurement of scapular kinematics during dynamic movements in vivo,McClure PW; Michener LA; Sennett BJ; Karduna AR,2001,Figure 4C,Dynamic sagittal-plane flexion,Sagittal plane,Bone-fixed scapular electromagnetic sensor; humeral cuff sensor; thorax skin sensor,True,8,Raising,False,40,,,,-41.374,,,,,,-41.374,,,,Kinematics paper.pdf / McClure et.al (duplicate files),Digitized,"Variable: ST_InternalRotation_deg; estimated digitization uncertainty +/- 0.5 deg; value retained in the original paper convention; selected pixel center (307, 1798). No interpolation, smoothing, coordinate conversion, or cross-study averaging."
McClure2001,Direct 3-dimensional measurement of scapular kinematics during dynamic movements in vivo,McClure PW; Michener LA; Sennett BJ; Karduna AR,2001,Figure 4C,Dynamic sagittal-plane flexion,Sagittal plane,Bone-fixed scapular electromagnetic sensor; humeral cuff sensor; thorax skin sensor,True,8,Lowering,False,40,,,,-40.613,,,,,,-40.613,,,,Kinematics paper.pdf / McClure et.al (duplicate files),Digitized,"Variable: ST_InternalRotation_deg; estimated digitization uncertainty +/- 0.5 deg; value retained in the original paper convention; selected pixel center (307, 1789). No interpolation, smoothing, coordinate conversion, or cross-study averaging."
McClure2001,Direct 3-dimensional measurement of scapular kinematics during dynamic movements in vivo,McClure PW; Michener LA; Sennett BJ; Karduna AR,2001,Figure 4C,Dynamic sagittal-plane flexion,Sagittal plane,Bone-fixed scapular electromagnetic sensor; humeral cuff sensor; thorax skin sensor,True,8,Raising,False,45,,,,-41.459,,,,,,-41.459,,,,Kinematics paper.pdf / McClure et.al (duplicate files),Digitized,"Variable: ST_InternalRotation_deg; estimated digitization uncertainty +/- 0.5 deg; value retained in the original paper convention; selected pixel center (329, 1799). No interpolation, smoothing, coordinate conversion, or cross-study averaging."
McClure2001,Direct 3-dimensional measurement of scapular kinematics during dynamic movements in vivo,McClure PW; Michener LA; Sennett BJ; Karduna AR,2001,Figure 4C,Dynamic sagittal-plane flexion,Sagittal plane,Bone-fixed scapular electromagnetic sensor; humeral cuff sensor; thorax skin sensor,True,8,Lowering,False,45,,,,-40.698,,,,,,-40.698,,,,Kinematics paper.pdf / McClure et.al (duplicate files),Digitized,"Variable: ST_InternalRotation_deg; estimated digitization uncertainty +/- 0.5 deg; value retained in the original paper convention; selected pixel center (329, 1790). No interpolation, smoothing, coordinate conversion, or cross-study averaging."
McClure2001,Direct 3-dimensional measurement of scapular kinematics during dynamic movements in vivo,McClure PW; Michener LA; Sennett BJ; Karduna AR,2001,Figure 4C,Dynamic sagittal-plane flexion,Sagittal plane,Bone-fixed scapular electromagnetic sensor; humeral cuff sensor; thorax skin sensor,True,8,Raising,False,50,,,,-41.712,,,,,,-41.712,,,,Kinematics paper.pdf / McClure et.al (duplicate files),Digitized,"Variable: ST_InternalRotation_deg; estimated digitization uncertainty +/- 0.5 deg; value retained in the original paper convention; selected pixel center (351, 1802). No interpolation, smoothing, coordinate conversion, or cross-study averaging."
McClure2001,Direct 3-dimensional measurement of scapular kinematics during dynamic movements in vivo,McClure PW; Michener LA; Sennett BJ; Karduna AR,2001,Figure 4C,Dynamic sagittal-plane flexion,Sagittal plane,Bone-fixed scapular electromagnetic sensor; humeral cuff sensor; thorax skin sensor,True,8,Lowering,False,50,,,,-40.951,,,,,,-40.951,,,,Kinematics paper.pdf / McClure et.al (duplicate files),Digitized,"Variable: ST_InternalRotation_deg; estimated digitization uncertainty +/- 0.5 deg; value retained in the original paper convention; selected pixel center (351, 1793). No interpolation, smoothing, coordinate conversion, or cross-study averaging."
McClure2001,Direct 3-dimensional measurement of scapular kinematics during dynamic movements in vivo,McClure PW; Michener LA; Sennett BJ; Karduna AR,2001,Figure 4C,Dynamic sagittal-plane flexion,Sagittal plane,Bone-fixed scapular electromagnetic sensor; humeral cuff sensor; thorax skin sensor,True,8,Raising,False,55,,,,-41.966,,,,,,-41.966,,,,Kinematics paper.pdf / McClure et.al (duplicate files),Digitized,"Variable: ST_InternalRotation_deg; estimated digitization uncertainty +/- 0.5 deg; value retained in the original paper convention; selected pixel center (373, 1805). No interpolation, smoothing, coordinate conversion, or cross-study averaging."
McClure2001,Direct 3-dimensional measurement of scapular kinematics during dynamic movements in vivo,McClure PW; Michener LA; Sennett BJ; Karduna AR,2001,Figure 4C,Dynamic sagittal-plane flexion,Sagittal plane,Bone-fixed scapular electromagnetic sensor; humeral cuff sensor; thorax skin sensor,True,8,Lowering,False,55,,,,-41.121,,,,,,-41.121,,,,Kinematics paper.pdf / McClure et.al (duplicate files),Digitized,"Variable: ST_InternalRotation_deg; estimated digitization uncertainty +/- 0.5 deg; value retained in the original paper convention; selected pixel center (373, 1795). No interpolation, smoothing, coordinate conversion, or cross-study averaging."
McClure2001,Direct 3-dimensional measurement of scapular kinematics during dynamic movements in vivo,McClure PW; Michener LA; Sennett BJ; Karduna AR,2001,Figure 4C,Dynamic sagittal-plane flexion,Sagittal plane,Bone-fixed scapular electromagnetic sensor; humeral cuff sensor; thorax skin sensor,True,8,Raising,False,60,,,,-42.051,,,,,,-42.051,,,,Kinematics paper.pdf / McClure et.al (duplicate files),Digitized,"Variable: ST_InternalRotation_deg; estimated digitization uncertainty +/- 0.5 deg; value retained in the original paper convention; selected pixel center (395, 1806). No interpolation, smoothing, coordinate conversion, or cross-study averaging."
McClure2001,Direct 3-dimensional measurement of scapular kinematics during dynamic movements in vivo,McClure PW; Michener LA; Sennett BJ; Karduna AR,2001,Figure 4C,Dynamic sagittal-plane flexion,Sagittal plane,Bone-fixed scapular electromagnetic sensor; humeral cuff sensor; thorax skin sensor,True,8,Lowering,False,60,,,,-41.290,,,,,,-41.290,,,,Kinematics paper.pdf / McClure et.al (duplicate files),Digitized,"Variable: ST_InternalRotation_deg; estimated digitization uncertainty +/- 0.5 deg; value retained in the original paper convention; selected pixel center (395, 1797). No interpolation, smoothing, coordinate conversion, or cross-study averaging."
McClure2001,Direct 3-dimensional measurement of scapular kinematics during dynamic movements in vivo,McClure PW; Michener LA; Sennett BJ; Karduna AR,2001,Figure 4C,Dynamic sagittal-plane flexion,Sagittal plane,Bone-fixed scapular electromagnetic sensor; humeral cuff sensor; thorax skin sensor,True,8,Raising,False,65,,,,-42.135,,,,,,-42.135,,,,Kinematics paper.pdf / McClure et.al (duplicate files),Digitized,"Variable: ST_InternalRotation_deg; estimated digitization uncertainty +/- 0.5 deg; value retained in the original paper convention; selected pixel center (417, 1807). No interpolation, smoothing, coordinate conversion, or cross-study averaging."
McClure2001,Direct 3-dimensional measurement of scapular kinematics during dynamic movements in vivo,McClure PW; Michener LA; Sennett BJ; Karduna AR,2001,Figure 4C,Dynamic sagittal-plane flexion,Sagittal plane,Bone-fixed scapular electromagnetic sensor; humeral cuff sensor; thorax skin sensor,True,8,Lowering,False,65,,,,-41.374,,,,,,-41.374,,,,Kinematics paper.pdf / McClure et.al (duplicate files),Digitized,"Variable: ST_InternalRotation_deg; estimated digitization uncertainty +/- 0.5 deg; value retained in the original paper convention; selected pixel center (417, 1798). No interpolation, smoothing, coordinate conversion, or cross-study averaging."
McClure2001,Direct 3-dimensional measurement of scapular kinematics during dynamic movements in vivo,McClure PW; Michener LA; Sennett BJ; Karduna AR,2001,Figure 4C,Dynamic sagittal-plane flexion,Sagittal plane,Bone-fixed scapular electromagnetic sensor; humeral cuff sensor; thorax skin sensor,True,8,Raising,False,70,,,,-42.304,,,,,,-42.304,,,,Kinematics paper.pdf / McClure et.al (duplicate files),Digitized,"Variable: ST_InternalRotation_deg; estimated digitization uncertainty +/- 0.5 deg; value retained in the original paper convention; selected pixel center (439, 1809). No interpolation, smoothing, coordinate conversion, or cross-study averaging."
McClure2001,Direct 3-dimensional measurement of scapular kinematics during dynamic movements in vivo,McClure PW; Michener LA; Sennett BJ; Karduna AR,2001,Figure 4C,Dynamic sagittal-plane flexion,Sagittal plane,Bone-fixed scapular electromagnetic sensor; humeral cuff sensor; thorax skin sensor,True,8,Lowering,False,70,,,,-41.543,,,,,,-41.543,,,,Kinematics paper.pdf / McClure et.al (duplicate files),Digitized,"Variable: ST_InternalRotation_deg; estimated digitization uncertainty +/- 0.5 deg; value retained in the original paper convention; selected pixel center (439, 1800). No interpolation, smoothing, coordinate conversion, or cross-study averaging."
McClure2001,Direct 3-dimensional measurement of scapular kinematics during dynamic movements in vivo,McClure PW; Michener LA; Sennett BJ; Karduna AR,2001,Figure 4C,Dynamic sagittal-plane flexion,Sagittal plane,Bone-fixed scapular electromagnetic sensor; humeral cuff sensor; thorax skin sensor,True,8,Raising,False,75,,,,-42.304,,,,,,-42.304,,,,Kinematics paper.pdf / McClure et.al (duplicate files),Digitized,"Variable: ST_InternalRotation_deg; estimated digitization uncertainty +/- 0.5 deg; value retained in the original paper convention; selected pixel center (461, 1809). No interpolation, smoothing, coordinate conversion, or cross-study averaging."
McClure2001,Direct 3-dimensional measurement of scapular kinematics during dynamic movements in vivo,McClure PW; Michener LA; Sennett BJ; Karduna AR,2001,Figure 4C,Dynamic sagittal-plane flexion,Sagittal plane,Bone-fixed scapular electromagnetic sensor; humeral cuff sensor; thorax skin sensor,True,8,Lowering,False,75,,,,-37.907,,,,,,-37.907,,,,Kinematics paper.pdf / McClure et.al (duplicate files),Digitized,"Variable: ST_InternalRotation_deg; estimated digitization uncertainty +/- 0.5 deg; value retained in the original paper convention; selected pixel center (461, 1757). No interpolation, smoothing, coordinate conversion, or cross-study averaging."
McClure2001,Direct 3-dimensional measurement of scapular kinematics during dynamic movements in vivo,McClure PW; Michener LA; Sennett BJ; Karduna AR,2001,Figure 4C,Dynamic sagittal-plane flexion,Sagittal plane,Bone-fixed scapular electromagnetic sensor; humeral cuff sensor; thorax skin sensor,True,8,Raising,False,80,,,,-42.389,,,,,,-42.389,,,,Kinematics paper.pdf / McClure et.al (duplicate files),Digitized,"Variable: ST_InternalRotation_deg; estimated digitization uncertainty +/- 0.5 deg; value retained in the original paper convention; selected pixel center (482, 1810). No interpolation, smoothing, coordinate conversion, or cross-study averaging."
McClure2001,Direct 3-dimensional measurement of scapular kinematics during dynamic movements in vivo,McClure PW; Michener LA; Sennett BJ; Karduna AR,2001,Figure 4C,Dynamic sagittal-plane flexion,Sagittal plane,Bone-fixed scapular electromagnetic sensor; humeral cuff sensor; thorax skin sensor,True,8,Lowering,False,80,,,,-41.712,,,,,,-41.712,,,,Kinematics paper.pdf / McClure et.al (duplicate files),Digitized,"Variable: ST_InternalRotation_deg; estimated digitization uncertainty +/- 0.5 deg; value retained in the original paper convention; selected pixel center (482, 1802). No interpolation, smoothing, coordinate conversion, or cross-study averaging."
McClure2001,Direct 3-dimensional measurement of scapular kinematics during dynamic movements in vivo,McClure PW; Michener LA; Sennett BJ; Karduna AR,2001,Figure 4C,Dynamic sagittal-plane flexion,Sagittal plane,Bone-fixed scapular electromagnetic sensor; humeral cuff sensor; thorax skin sensor,True,8,Raising,False,85,,,,-42.474,,,,,,-42.474,,,,Kinematics paper.pdf / McClure et.al (duplicate files),Digitized,"Variable: ST_InternalRotation_deg; estimated digitization uncertainty +/- 0.5 deg; value retained in the original paper convention; selected pixel center (504, 1811). No interpolation, smoothing, coordinate conversion, or cross-study averaging."
McClure2001,Direct 3-dimensional measurement of scapular kinematics during dynamic movements in vivo,McClure PW; Michener LA; Sennett BJ; Karduna AR,2001,Figure 4C,Dynamic sagittal-plane flexion,Sagittal plane,Bone-fixed scapular electromagnetic sensor; humeral cuff sensor; thorax skin sensor,True,8,Lowering,False,85,,,,-41.290,,,,,,-41.290,,,,Kinematics paper.pdf / McClure et.al (duplicate files),Digitized,"Variable: ST_InternalRotation_deg; estimated digitization uncertainty +/- 0.5 deg; value retained in the original paper convention; selected pixel center (504, 1797). No interpolation, smoothing, coordinate conversion, or cross-study averaging."
McClure2001,Direct 3-dimensional measurement of scapular kinematics during dynamic movements in vivo,McClure PW; Michener LA; Sennett BJ; Karduna AR,2001,Figure 4C,Dynamic sagittal-plane flexion,Sagittal plane,Bone-fixed scapular electromagnetic sensor; humeral cuff sensor; thorax skin sensor,True,8,Raising,False,90,,,,-42.304,,,,,,-42.304,,,,Kinematics paper.pdf / McClure et.al (duplicate files),Digitized,"Variable: ST_InternalRotation_deg; estimated digitization uncertainty +/- 0.5 deg; value retained in the original paper convention; selected pixel center (526, 1809). No interpolation, smoothing, coordinate conversion, or cross-study averaging."
McClure2001,Direct 3-dimensional measurement of scapular kinematics during dynamic movements in vivo,McClure PW; Michener LA; Sennett BJ; Karduna AR,2001,Figure 4C,Dynamic sagittal-plane flexion,Sagittal plane,Bone-fixed scapular electromagnetic sensor; humeral cuff sensor; thorax skin sensor,True,8,Lowering,False,90,,,,-41.543,,,,,,-41.543,,,,Kinematics paper.pdf / McClure et.al (duplicate files),Digitized,"Variable: ST_InternalRotation_deg; estimated digitization uncertainty +/- 0.5 deg; value retained in the original paper convention; selected pixel center (526, 1800). No interpolation, smoothing, coordinate conversion, or cross-study averaging."
McClure2001,Direct 3-dimensional measurement of scapular kinematics during dynamic movements in vivo,McClure PW; Michener LA; Sennett BJ; Karduna AR,2001,Figure 4C,Dynamic sagittal-plane flexion,Sagittal plane,Bone-fixed scapular electromagnetic sensor; humeral cuff sensor; thorax skin sensor,True,8,Raising,False,95,,,,-42.220,,,,,,-42.220,,,,Kinematics paper.pdf / McClure et.al (duplicate files),Digitized,"Variable: ST_InternalRotation_deg; estimated digitization uncertainty +/- 0.5 deg; value retained in the original paper convention; selected pixel center (548, 1808). No interpolation, smoothing, coordinate conversion, or cross-study averaging."
McClure2001,Direct 3-dimensional measurement of scapular kinematics during dynamic movements in vivo,McClure PW; Michener LA; Sennett BJ; Karduna AR,2001,Figure 4C,Dynamic sagittal-plane flexion,Sagittal plane,Bone-fixed scapular electromagnetic sensor; humeral cuff sensor; thorax skin sensor,True,8,Lowering,False,95,,,,-41.374,,,,,,-41.374,,,,Kinematics paper.pdf / McClure et.al (duplicate files),Digitized,"Variable: ST_InternalRotation_deg; estimated digitization uncertainty +/- 0.5 deg; value retained in the original paper convention; selected pixel center (548, 1798). No interpolation, smoothing, coordinate conversion, or cross-study averaging."
McClure2001,Direct 3-dimensional measurement of scapular kinematics during dynamic movements in vivo,McClure PW; Michener LA; Sennett BJ; Karduna AR,2001,Figure 4C,Dynamic sagittal-plane flexion,Sagittal plane,Bone-fixed scapular electromagnetic sensor; humeral cuff sensor; thorax skin sensor,True,8,Raising,False,100,,,,-41.882,,,,,,-41.882,,,,Kinematics paper.pdf / McClure et.al (duplicate files),Digitized,"Variable: ST_InternalRotation_deg; estimated digitization uncertainty +/- 0.5 deg; value retained in the original paper convention; selected pixel center (570, 1804). No interpolation, smoothing, coordinate conversion, or cross-study averaging."
McClure2001,Direct 3-dimensional measurement of scapular kinematics during dynamic movements in vivo,McClure PW; Michener LA; Sennett BJ; Karduna AR,2001,Figure 4C,Dynamic sagittal-plane flexion,Sagittal plane,Bone-fixed scapular electromagnetic sensor; humeral cuff sensor; thorax skin sensor,True,8,Lowering,False,100,,,,-41.121,,,,,,-41.121,,,,Kinematics paper.pdf / McClure et.al (duplicate files),Digitized,"Variable: ST_InternalRotation_deg; estimated digitization uncertainty +/- 0.5 deg; value retained in the original paper convention; selected pixel center (570, 1795). No interpolation, smoothing, coordinate conversion, or cross-study averaging."
McClure2001,Direct 3-dimensional measurement of scapular kinematics during dynamic movements in vivo,McClure PW; Michener LA; Sennett BJ; Karduna AR,2001,Figure 4C,Dynamic sagittal-plane flexion,Sagittal plane,Bone-fixed scapular electromagnetic sensor; humeral cuff sensor; thorax skin sensor,True,8,Raising,False,105,,,,-41.459,,,,,,-41.459,,,,Kinematics paper.pdf / McClure et.al (duplicate files),Digitized,"Variable: ST_InternalRotation_deg; estimated digitization uncertainty +/- 0.5 deg; value retained in the original paper convention; selected pixel center (592, 1799). No interpolation, smoothing, coordinate conversion, or cross-study averaging."
McClure2001,Direct 3-dimensional measurement of scapular kinematics during dynamic movements in vivo,McClure PW; Michener LA; Sennett BJ; Karduna AR,2001,Figure 4C,Dynamic sagittal-plane flexion,Sagittal plane,Bone-fixed scapular electromagnetic sensor; humeral cuff sensor; thorax skin sensor,True,8,Lowering,False,105,,,,-37.569,,,,,,-37.569,,,,Kinematics paper.pdf / McClure et.al (duplicate files),Digitized,"Variable: ST_InternalRotation_deg; estimated digitization uncertainty +/- 0.5 deg; value retained in the original paper convention; selected pixel center (592, 1753). No interpolation, smoothing, coordinate conversion, or cross-study averaging."
McClure2001,Direct 3-dimensional measurement of scapular kinematics during dynamic movements in vivo,McClure PW; Michener LA; Sennett BJ; Karduna AR,2001,Figure 4C,Dynamic sagittal-plane flexion,Sagittal plane,Bone-fixed scapular electromagnetic sensor; humeral cuff sensor; thorax skin sensor,True,8,Raising,False,110,,,,-41.036,,,,,,-41.036,,,,Kinematics paper.pdf / McClure et.al (duplicate files),Digitized,"Variable: ST_InternalRotation_deg; estimated digitization uncertainty +/- 0.5 deg; value retained in the original paper convention; selected pixel center (614, 1794). No interpolation, smoothing, coordinate conversion, or cross-study averaging."
McClure2001,Direct 3-dimensional measurement of scapular kinematics during dynamic movements in vivo,McClure PW; Michener LA; Sennett BJ; Karduna AR,2001,Figure 4C,Dynamic sagittal-plane flexion,Sagittal plane,Bone-fixed scapular electromagnetic sensor; humeral cuff sensor; thorax skin sensor,True,8,Lowering,False,110,,,,-35.793,,,,,,-35.793,,,,Kinematics paper.pdf / McClure et.al (duplicate files),Digitized,"Variable: ST_InternalRotation_deg; estimated digitization uncertainty +/- 0.5 deg; value retained in the original paper convention; selected pixel center (614, 1732). No interpolation, smoothing, coordinate conversion, or cross-study averaging."
McClure2001,Direct 3-dimensional measurement of scapular kinematics during dynamic movements in vivo,McClure PW; Michener LA; Sennett BJ; Karduna AR,2001,Figure 4C,Dynamic sagittal-plane flexion,Sagittal plane,Bone-fixed scapular electromagnetic sensor; humeral cuff sensor; thorax skin sensor,True,8,Raising,False,115,,,,-40.782,,,,,,-40.782,,,,Kinematics paper.pdf / McClure et.al (duplicate files),Digitized,"Variable: ST_InternalRotation_deg; estimated digitization uncertainty +/- 0.5 deg; value retained in the original paper convention; selected pixel center (636, 1791). No interpolation, smoothing, coordinate conversion, or cross-study averaging."
McClure2001,Direct 3-dimensional measurement of scapular kinematics during dynamic movements in vivo,McClure PW; Michener LA; Sennett BJ; Karduna AR,2001,Figure 4C,Dynamic sagittal-plane flexion,Sagittal plane,Bone-fixed scapular electromagnetic sensor; humeral cuff sensor; thorax skin sensor,True,8,Lowering,False,115,,,,-39.429,,,,,,-39.429,,,,Kinematics paper.pdf / McClure et.al (duplicate files),Digitized,"Variable: ST_InternalRotation_deg; estimated digitization uncertainty +/- 0.5 deg; value retained in the original paper convention; selected pixel center (636, 1775). No interpolation, smoothing, coordinate conversion, or cross-study averaging."
McClure2001,Direct 3-dimensional measurement of scapular kinematics during dynamic movements in vivo,McClure PW; Michener LA; Sennett BJ; Karduna AR,2001,Figure 4C,Dynamic sagittal-plane flexion,Sagittal plane,Bone-fixed scapular electromagnetic sensor; humeral cuff sensor; thorax skin sensor,True,8,Raising,False,120,,,,-39.260,,,,,,-39.260,,,,Kinematics paper.pdf / McClure et.al (duplicate files),Digitized,"Variable: ST_InternalRotation_deg; estimated digitization uncertainty +/- 0.5 deg; value retained in the original paper convention; selected pixel center (658, 1773). No interpolation, smoothing, coordinate conversion, or cross-study averaging."
McClure2001,Direct 3-dimensional measurement of scapular kinematics during dynamic movements in vivo,McClure PW; Michener LA; Sennett BJ; Karduna AR,2001,Figure 4C,Dynamic sagittal-plane flexion,Sagittal plane,Bone-fixed scapular electromagnetic sensor; humeral cuff sensor; thorax skin sensor,True,8,Lowering,False,120,,,,-38.414,,,,,,-38.414,,,,Kinematics paper.pdf / McClure et.al (duplicate files),Digitized,"Variable: ST_InternalRotation_deg; estimated digitization uncertainty +/- 0.5 deg; value retained in the original paper convention; selected pixel center (658, 1763). No interpolation, smoothing, coordinate conversion, or cross-study averaging."
McClure2001,Direct 3-dimensional measurement of scapular kinematics during dynamic movements in vivo,McClure PW; Michener LA; Sennett BJ; Karduna AR,2001,Figure 4C,Dynamic sagittal-plane flexion,Sagittal plane,Bone-fixed scapular electromagnetic sensor; humeral cuff sensor; thorax skin sensor,True,8,Raising,False,125,,,,-37.907,,,,,,-37.907,,,,Kinematics paper.pdf / McClure et.al (duplicate files),Digitized,"Variable: ST_InternalRotation_deg; estimated digitization uncertainty +/- 0.5 deg; value retained in the original paper convention; selected pixel center (680, 1757). No interpolation, smoothing, coordinate conversion, or cross-study averaging."
McClure2001,Direct 3-dimensional measurement of scapular kinematics during dynamic movements in vivo,McClure PW; Michener LA; Sennett BJ; Karduna AR,2001,Figure 4C,Dynamic sagittal-plane flexion,Sagittal plane,Bone-fixed scapular electromagnetic sensor; humeral cuff sensor; thorax skin sensor,True,8,Lowering,False,125,,,,-37.061,,,,,,-37.061,,,,Kinematics paper.pdf / McClure et.al (duplicate files),Digitized,"Variable: ST_InternalRotation_deg; estimated digitization uncertainty +/- 0.5 deg; value retained in the original paper convention; selected pixel center (680, 1747). No interpolation, smoothing, coordinate conversion, or cross-study averaging."
McClure2001,Direct 3-dimensional measurement of scapular kinematics during dynamic movements in vivo,McClure PW; Michener LA; Sennett BJ; Karduna AR,2001,Figure 4C,Dynamic sagittal-plane flexion,Sagittal plane,Bone-fixed scapular electromagnetic sensor; humeral cuff sensor; thorax skin sensor,True,8,Raising,False,130,,,,-36.131,,,,,,-36.131,,,,Kinematics paper.pdf / McClure et.al (duplicate files),Digitized,"Variable: ST_InternalRotation_deg; estimated digitization uncertainty +/- 0.5 deg; value retained in the original paper convention; selected pixel center (702, 1736). No interpolation, smoothing, coordinate conversion, or cross-study averaging."
McClure2001,Direct 3-dimensional measurement of scapular kinematics during dynamic movements in vivo,McClure PW; Michener LA; Sennett BJ; Karduna AR,2001,Figure 4C,Dynamic sagittal-plane flexion,Sagittal plane,Bone-fixed scapular electromagnetic sensor; humeral cuff sensor; thorax skin sensor,True,8,Lowering,False,130,,,,-35.370,,,,,,-35.370,,,,Kinematics paper.pdf / McClure et.al (duplicate files),Digitized,"Variable: ST_InternalRotation_deg; estimated digitization uncertainty +/- 0.5 deg; value retained in the original paper convention; selected pixel center (702, 1727). No interpolation, smoothing, coordinate conversion, or cross-study averaging."
McClure2001,Direct 3-dimensional measurement of scapular kinematics during dynamic movements in vivo,McClure PW; Michener LA; Sennett BJ; Karduna AR,2001,Figure 4C,Dynamic sagittal-plane flexion,Sagittal plane,Bone-fixed scapular electromagnetic sensor; humeral cuff sensor; thorax skin sensor,True,8,Raising,False,135,,,,-23.869,,,,,,-23.869,,,,Kinematics paper.pdf / McClure et.al (duplicate files),Digitized,"Variable: ST_InternalRotation_deg; estimated digitization uncertainty +/- 0.5 deg; value retained in the original paper convention; selected pixel center (723, 1591). No interpolation, smoothing, coordinate conversion, or cross-study averaging."
McClure2001,Direct 3-dimensional measurement of scapular kinematics during dynamic movements in vivo,McClure PW; Michener LA; Sennett BJ; Karduna AR,2001,Figure 4C,Dynamic sagittal-plane flexion,Sagittal plane,Bone-fixed scapular electromagnetic sensor; humeral cuff sensor; thorax skin sensor,True,8,Lowering,False,135,,,,-23.108,,,,,,-23.108,,,,Kinematics paper.pdf / McClure et.al (duplicate files),Digitized,"Variable: ST_InternalRotation_deg; estimated digitization uncertainty +/- 0.5 deg; value retained in the original paper convention; selected pixel center (723, 1582). No interpolation, smoothing, coordinate conversion, or cross-study averaging."
McClure2001,Direct 3-dimensional measurement of scapular kinematics during dynamic movements in vivo,McClure PW; Michener LA; Sennett BJ; Karduna AR,2001,Figure 4C,Dynamic sagittal-plane flexion,Sagittal plane,Bone-fixed scapular electromagnetic sensor; humeral cuff sensor; thorax skin sensor,True,8,Raising,False,140,,,,-21.163,,,,,,-21.163,,,,Kinematics paper.pdf / McClure et.al (duplicate files),Digitized,"Variable: ST_InternalRotation_deg; estimated digitization uncertainty +/- 0.5 deg; value retained in the original paper convention; selected pixel center (745, 1559). No interpolation, smoothing, coordinate conversion, or cross-study averaging."
McClure2001,Direct 3-dimensional measurement of scapular kinematics during dynamic movements in vivo,McClure PW; Michener LA; Sennett BJ; Karduna AR,2001,Figure 4C,Dynamic sagittal-plane flexion,Sagittal plane,Bone-fixed scapular electromagnetic sensor; humeral cuff sensor; thorax skin sensor,True,8,Lowering,False,140,,,,-20.402,,,,,,-20.402,,,,Kinematics paper.pdf / McClure et.al (duplicate files),Digitized,"Variable: ST_InternalRotation_deg; estimated digitization uncertainty +/- 0.5 deg; value retained in the original paper convention; selected pixel center (745, 1550). No interpolation, smoothing, coordinate conversion, or cross-study averaging."
McClure2001,Direct 3-dimensional measurement of scapular kinematics during dynamic movements in vivo,McClure PW; Michener LA; Sennett BJ; Karduna AR,2001,Figure 4C,Dynamic sagittal-plane flexion,Sagittal plane,Bone-fixed scapular electromagnetic sensor; humeral cuff sensor; thorax skin sensor,True,8,Raising,False,153,,,,-12.622,,,,,,-12.622,,,,Kinematics paper.pdf / McClure et.al (duplicate files),Digitized,"Variable: ST_InternalRotation_deg; estimated digitization uncertainty +/- 0.5 deg; value retained in the original paper convention; selected pixel center (802, 1458). No interpolation, smoothing, coordinate conversion, or cross-study averaging."
McClure2001,Direct 3-dimensional measurement of scapular kinematics during dynamic movements in vivo,McClure PW; Michener LA; Sennett BJ; Karduna AR,2001,Figure 4C,Dynamic sagittal-plane flexion,Sagittal plane,Bone-fixed scapular electromagnetic sensor; humeral cuff sensor; thorax skin sensor,True,8,Lowering,False,153,,,,-11.860,,,,,,-11.860,,,,Kinematics paper.pdf / McClure et.al (duplicate files),Digitized,"Variable: ST_InternalRotation_deg; estimated digitization uncertainty +/- 0.5 deg; value retained in the original paper convention; selected pixel center (802, 1449). No interpolation, smoothing, coordinate conversion, or cross-study averaging."
Braman2009,In Vivo Assessment of Scapulohumeral Rhythm During Unconstrained Overhead Reaching in Asymptomatic Subjects,Braman JP; Engel SC; LaPrade RF; Ludewig PM,2009,Figure 4A,Dynamic unconstrained overhead reaching,Self-selected; mean 63.3 degrees anterior to coronal,"Bone-fixed electromagnetic sensors on scapula, clavicle, and humerus; surface sternum reference",True,12,Raising,False,10,,,,39.589,,,,,,39.589,,,,nihms-156697.pdf,Digitized,"Variable: ST_InternalRotation_deg; estimated digitization uncertainty +/- 0.35 deg; value retained in the original paper convention; selected pixel center (272, 242). No interpolation, smoothing, coordinate conversion, or cross-study averaging."
Braman2009,In Vivo Assessment of Scapulohumeral Rhythm During Unconstrained Overhead Reaching in Asymptomatic Subjects,Braman JP; Engel SC; LaPrade RF; Ludewig PM,2009,Figure 4A,Dynamic unconstrained overhead reaching,Self-selected; mean 63.3 degrees anterior to coronal,"Bone-fixed electromagnetic sensors on scapula, clavicle, and humerus; surface sternum reference",True,12,Lowering,False,10,,,,37.537,,,,,,37.537,,,,nihms-156697.pdf,Digitized,"Variable: ST_InternalRotation_deg; estimated digitization uncertainty +/- 0.35 deg; value retained in the original paper convention; selected pixel center (272, 284). No interpolation, smoothing, coordinate conversion, or cross-study averaging."
Braman2009,In Vivo Assessment of Scapulohumeral Rhythm During Unconstrained Overhead Reaching in Asymptomatic Subjects,Braman JP; Engel SC; LaPrade RF; Ludewig PM,2009,Figure 4A,Dynamic unconstrained overhead reaching,Self-selected; mean 63.3 degrees anterior to coronal,"Bone-fixed electromagnetic sensors on scapula, clavicle, and humerus; surface sternum reference",True,12,Raising,False,15,,,,38.807,,,,,,38.807,,,,nihms-156697.pdf,Digitized,"Variable: ST_InternalRotation_deg; estimated digitization uncertainty +/- 0.35 deg; value retained in the original paper convention; selected pixel center (320, 258). No interpolation, smoothing, coordinate conversion, or cross-study averaging."
Braman2009,In Vivo Assessment of Scapulohumeral Rhythm During Unconstrained Overhead Reaching in Asymptomatic Subjects,Braman JP; Engel SC; LaPrade RF; Ludewig PM,2009,Figure 4A,Dynamic unconstrained overhead reaching,Self-selected; mean 63.3 degrees anterior to coronal,"Bone-fixed electromagnetic sensors on scapula, clavicle, and humerus; surface sternum reference",True,12,Lowering,False,15,,,,39.101,,,,,,39.101,,,,nihms-156697.pdf,Digitized,"Variable: ST_InternalRotation_deg; estimated digitization uncertainty +/- 0.35 deg; value retained in the original paper convention; selected pixel center (320, 252). No interpolation, smoothing, coordinate conversion, or cross-study averaging."
Braman2009,In Vivo Assessment of Scapulohumeral Rhythm During Unconstrained Overhead Reaching in Asymptomatic Subjects,Braman JP; Engel SC; LaPrade RF; Ludewig PM,2009,Figure 4A,Dynamic unconstrained overhead reaching,Self-selected; mean 63.3 degrees anterior to coronal,"Bone-fixed electromagnetic sensors on scapula, clavicle, and humerus; surface sternum reference",True,12,Raising,False,20,,,,39.589,,,,,,39.589,,,,nihms-156697.pdf,Digitized,"Variable: ST_InternalRotation_deg; estimated digitization uncertainty +/- 0.35 deg; value retained in the original paper convention; selected pixel center (369, 242). No interpolation, smoothing, coordinate conversion, or cross-study averaging."
Braman2009,In Vivo Assessment of Scapulohumeral Rhythm During Unconstrained Overhead Reaching in Asymptomatic Subjects,Braman JP; Engel SC; LaPrade RF; Ludewig PM,2009,Figure 4A,Dynamic unconstrained overhead reaching,Self-selected; mean 63.3 degrees anterior to coronal,"Bone-fixed electromagnetic sensors on scapula, clavicle, and humerus; surface sternum reference",True,12,Lowering,False,20,,,,40.958,,,,,,40.958,,,,nihms-156697.pdf,Digitized,"Variable: ST_InternalRotation_deg; estimated digitization uncertainty +/- 0.35 deg; value retained in the original paper convention; selected pixel center (369, 214). No interpolation, smoothing, coordinate conversion, or cross-study averaging."
Braman2009,In Vivo Assessment of Scapulohumeral Rhythm During Unconstrained Overhead Reaching in Asymptomatic Subjects,Braman JP; Engel SC; LaPrade RF; Ludewig PM,2009,Figure 4A,Dynamic unconstrained overhead reaching,Self-selected; mean 63.3 degrees anterior to coronal,"Bone-fixed electromagnetic sensors on scapula, clavicle, and humerus; surface sternum reference",True,12,Raising,False,25,,,,39.883,,,,,,39.883,,,,nihms-156697.pdf,Digitized,"Variable: ST_InternalRotation_deg; estimated digitization uncertainty +/- 0.35 deg; value retained in the original paper convention; selected pixel center (418, 236). No interpolation, smoothing, coordinate conversion, or cross-study averaging."
Braman2009,In Vivo Assessment of Scapulohumeral Rhythm During Unconstrained Overhead Reaching in Asymptomatic Subjects,Braman JP; Engel SC; LaPrade RF; Ludewig PM,2009,Figure 4A,Dynamic unconstrained overhead reaching,Self-selected; mean 63.3 degrees anterior to coronal,"Bone-fixed electromagnetic sensors on scapula, clavicle, and humerus; surface sternum reference",True,12,Lowering,False,25,,,,40.762,,,,,,40.762,,,,nihms-156697.pdf,Digitized,"Variable: ST_InternalRotation_deg; estimated digitization uncertainty +/- 0.35 deg; value retained in the original paper convention; selected pixel center (418, 218). No interpolation, smoothing, coordinate conversion, or cross-study averaging."
Braman2009,In Vivo Assessment of Scapulohumeral Rhythm During Unconstrained Overhead Reaching in Asymptomatic Subjects,Braman JP; Engel SC; LaPrade RF; Ludewig PM,2009,Figure 4A,Dynamic unconstrained overhead reaching,Self-selected; mean 63.3 degrees anterior to coronal,"Bone-fixed electromagnetic sensors on scapula, clavicle, and humerus; surface sternum reference",True,12,Raising,False,30,,,,39.736,,,,,,39.736,,,,nihms-156697.pdf,Digitized,"Variable: ST_InternalRotation_deg; estimated digitization uncertainty +/- 0.35 deg; value retained in the original paper convention; selected pixel center (467, 239). No interpolation, smoothing, coordinate conversion, or cross-study averaging."
Braman2009,In Vivo Assessment of Scapulohumeral Rhythm During Unconstrained Overhead Reaching in Asymptomatic Subjects,Braman JP; Engel SC; LaPrade RF; Ludewig PM,2009,Figure 4A,Dynamic unconstrained overhead reaching,Self-selected; mean 63.3 degrees anterior to coronal,"Bone-fixed electromagnetic sensors on scapula, clavicle, and humerus; surface sternum reference",True,12,Lowering,False,30,,,,40.616,,,,,,40.616,,,,nihms-156697.pdf,Digitized,"Variable: ST_InternalRotation_deg; estimated digitization uncertainty +/- 0.35 deg; value retained in the original paper convention; selected pixel center (467, 221). No interpolation, smoothing, coordinate conversion, or cross-study averaging."
Braman2009,In Vivo Assessment of Scapulohumeral Rhythm During Unconstrained Overhead Reaching in Asymptomatic Subjects,Braman JP; Engel SC; LaPrade RF; Ludewig PM,2009,Figure 4A,Dynamic unconstrained overhead reaching,Self-selected; mean 63.3 degrees anterior to coronal,"Bone-fixed electromagnetic sensors on scapula, clavicle, and humerus; surface sternum reference",True,12,Raising,False,35,,,,39.736,,,,,,39.736,,,,nihms-156697.pdf,Digitized,"Variable: ST_InternalRotation_deg; estimated digitization uncertainty +/- 0.35 deg; value retained in the original paper convention; selected pixel center (515, 239). No interpolation, smoothing, coordinate conversion, or cross-study averaging."
Braman2009,In Vivo Assessment of Scapulohumeral Rhythm During Unconstrained Overhead Reaching in Asymptomatic Subjects,Braman JP; Engel SC; LaPrade RF; Ludewig PM,2009,Figure 4A,Dynamic unconstrained overhead reaching,Self-selected; mean 63.3 degrees anterior to coronal,"Bone-fixed electromagnetic sensors on scapula, clavicle, and humerus; surface sternum reference",True,12,Lowering,False,35,,,,40.762,,,,,,40.762,,,,nihms-156697.pdf,Digitized,"Variable: ST_InternalRotation_deg; estimated digitization uncertainty +/- 0.35 deg; value retained in the original paper convention; selected pixel center (515, 218). No interpolation, smoothing, coordinate conversion, or cross-study averaging."
Braman2009,In Vivo Assessment of Scapulohumeral Rhythm During Unconstrained Overhead Reaching in Asymptomatic Subjects,Braman JP; Engel SC; LaPrade RF; Ludewig PM,2009,Figure 4A,Dynamic unconstrained overhead reaching,Self-selected; mean 63.3 degrees anterior to coronal,"Bone-fixed electromagnetic sensors on scapula, clavicle, and humerus; surface sternum reference",True,12,Raising,False,40,,,,39.932,,,,,,39.932,,,,nihms-156697.pdf,Digitized,"Variable: ST_InternalRotation_deg; estimated digitization uncertainty +/- 0.35 deg; value retained in the original paper convention; selected pixel center (564, 235). No interpolation, smoothing, coordinate conversion, or cross-study averaging."
Braman2009,In Vivo Assessment of Scapulohumeral Rhythm During Unconstrained Overhead Reaching in Asymptomatic Subjects,Braman JP; Engel SC; LaPrade RF; Ludewig PM,2009,Figure 4A,Dynamic unconstrained overhead reaching,Self-selected; mean 63.3 degrees anterior to coronal,"Bone-fixed electromagnetic sensors on scapula, clavicle, and humerus; surface sternum reference",True,12,Lowering,False,40,,,,40.909,,,,,,40.909,,,,nihms-156697.pdf,Digitized,"Variable: ST_InternalRotation_deg; estimated digitization uncertainty +/- 0.35 deg; value retained in the original paper convention; selected pixel center (564, 215). No interpolation, smoothing, coordinate conversion, or cross-study averaging."
Braman2009,In Vivo Assessment of Scapulohumeral Rhythm During Unconstrained Overhead Reaching in Asymptomatic Subjects,Braman JP; Engel SC; LaPrade RF; Ludewig PM,2009,Figure 4A,Dynamic unconstrained overhead reaching,Self-selected; mean 63.3 degrees anterior to coronal,"Bone-fixed electromagnetic sensors on scapula, clavicle, and humerus; surface sternum reference",True,12,Raising,False,45,,,,40.078,,,,,,40.078,,,,nihms-156697.pdf,Digitized,"Variable: ST_InternalRotation_deg; estimated digitization uncertainty +/- 0.35 deg; value retained in the original paper convention; selected pixel center (613, 232). No interpolation, smoothing, coordinate conversion, or cross-study averaging."
Braman2009,In Vivo Assessment of Scapulohumeral Rhythm During Unconstrained Overhead Reaching in Asymptomatic Subjects,Braman JP; Engel SC; LaPrade RF; Ludewig PM,2009,Figure 4A,Dynamic unconstrained overhead reaching,Self-selected; mean 63.3 degrees anterior to coronal,"Bone-fixed electromagnetic sensors on scapula, clavicle, and humerus; surface sternum reference",True,12,Lowering,False,45,,,,40.762,,,,,,40.762,,,,nihms-156697.pdf,Digitized,"Variable: ST_InternalRotation_deg; estimated digitization uncertainty +/- 0.35 deg; value retained in the original paper convention; selected pixel center (613, 218). No interpolation, smoothing, coordinate conversion, or cross-study averaging."
Braman2009,In Vivo Assessment of Scapulohumeral Rhythm During Unconstrained Overhead Reaching in Asymptomatic Subjects,Braman JP; Engel SC; LaPrade RF; Ludewig PM,2009,Figure 4A,Dynamic unconstrained overhead reaching,Self-selected; mean 63.3 degrees anterior to coronal,"Bone-fixed electromagnetic sensors on scapula, clavicle, and humerus; surface sternum reference",True,12,Raising,False,50,,,,40.323,,,,,,40.323,,,,nihms-156697.pdf,Digitized,"Variable: ST_InternalRotation_deg; estimated digitization uncertainty +/- 0.35 deg; value retained in the original paper convention; selected pixel center (662, 227). No interpolation, smoothing, coordinate conversion, or cross-study averaging."
Braman2009,In Vivo Assessment of Scapulohumeral Rhythm During Unconstrained Overhead Reaching in Asymptomatic Subjects,Braman JP; Engel SC; LaPrade RF; Ludewig PM,2009,Figure 4A,Dynamic unconstrained overhead reaching,Self-selected; mean 63.3 degrees anterior to coronal,"Bone-fixed electromagnetic sensors on scapula, clavicle, and humerus; surface sternum reference",True,12,Lowering,False,50,,,,41.007,,,,,,41.007,,,,nihms-156697.pdf,Digitized,"Variable: ST_InternalRotation_deg; estimated digitization uncertainty +/- 0.35 deg; value retained in the original paper convention; selected pixel center (662, 213). No interpolation, smoothing, coordinate conversion, or cross-study averaging."
Braman2009,In Vivo Assessment of Scapulohumeral Rhythm During Unconstrained Overhead Reaching in Asymptomatic Subjects,Braman JP; Engel SC; LaPrade RF; Ludewig PM,2009,Figure 4A,Dynamic unconstrained overhead reaching,Self-selected; mean 63.3 degrees anterior to coronal,"Bone-fixed electromagnetic sensors on scapula, clavicle, and humerus; surface sternum reference",True,12,Raising,False,55,,,,40.469,,,,,,40.469,,,,nihms-156697.pdf,Digitized,"Variable: ST_InternalRotation_deg; estimated digitization uncertainty +/- 0.35 deg; value retained in the original paper convention; selected pixel center (710, 224). No interpolation, smoothing, coordinate conversion, or cross-study averaging."
Braman2009,In Vivo Assessment of Scapulohumeral Rhythm During Unconstrained Overhead Reaching in Asymptomatic Subjects,Braman JP; Engel SC; LaPrade RF; Ludewig PM,2009,Figure 4A,Dynamic unconstrained overhead reaching,Self-selected; mean 63.3 degrees anterior to coronal,"Bone-fixed electromagnetic sensors on scapula, clavicle, and humerus; surface sternum reference",True,12,Lowering,False,55,,,,40.958,,,,,,40.958,,,,nihms-156697.pdf,Digitized,"Variable: ST_InternalRotation_deg; estimated digitization uncertainty +/- 0.35 deg; value retained in the original paper convention; selected pixel center (710, 214). No interpolation, smoothing, coordinate conversion, or cross-study averaging."
Braman2009,In Vivo Assessment of Scapulohumeral Rhythm During Unconstrained Overhead Reaching in Asymptomatic Subjects,Braman JP; Engel SC; LaPrade RF; Ludewig PM,2009,Figure 4A,Dynamic unconstrained overhead reaching,Self-selected; mean 63.3 degrees anterior to coronal,"Bone-fixed electromagnetic sensors on scapula, clavicle, and humerus; surface sternum reference",True,12,Raising,False,60,,,,40.665,,,,,,40.665,,,,nihms-156697.pdf,Digitized,"Variable: ST_InternalRotation_deg; estimated digitization uncertainty +/- 0.35 deg; value retained in the original paper convention; selected pixel center (759, 220). No interpolation, smoothing, coordinate conversion, or cross-study averaging."
Braman2009,In Vivo Assessment of Scapulohumeral Rhythm During Unconstrained Overhead Reaching in Asymptomatic Subjects,Braman JP; Engel SC; LaPrade RF; Ludewig PM,2009,Figure 4A,Dynamic unconstrained overhead reaching,Self-selected; mean 63.3 degrees anterior to coronal,"Bone-fixed electromagnetic sensors on scapula, clavicle, and humerus; surface sternum reference",True,12,Lowering,False,60,,,,41.056,,,,,,41.056,,,,nihms-156697.pdf,Digitized,"Variable: ST_InternalRotation_deg; estimated digitization uncertainty +/- 0.35 deg; value retained in the original paper convention; selected pixel center (759, 212). No interpolation, smoothing, coordinate conversion, or cross-study averaging."
Braman2009,In Vivo Assessment of Scapulohumeral Rhythm During Unconstrained Overhead Reaching in Asymptomatic Subjects,Braman JP; Engel SC; LaPrade RF; Ludewig PM,2009,Figure 4A,Dynamic unconstrained overhead reaching,Self-selected; mean 63.3 degrees anterior to coronal,"Bone-fixed electromagnetic sensors on scapula, clavicle, and humerus; surface sternum reference",True,12,Raising,False,65,,,,40.860,,,,,,40.860,,,,nihms-156697.pdf,Digitized,"Variable: ST_InternalRotation_deg; estimated digitization uncertainty +/- 0.35 deg; value retained in the original paper convention; selected pixel center (808, 216). No interpolation, smoothing, coordinate conversion, or cross-study averaging."
Braman2009,In Vivo Assessment of Scapulohumeral Rhythm During Unconstrained Overhead Reaching in Asymptomatic Subjects,Braman JP; Engel SC; LaPrade RF; Ludewig PM,2009,Figure 4A,Dynamic unconstrained overhead reaching,Self-selected; mean 63.3 degrees anterior to coronal,"Bone-fixed electromagnetic sensors on scapula, clavicle, and humerus; surface sternum reference",True,12,Lowering,False,65,,,,41.349,,,,,,41.349,,,,nihms-156697.pdf,Digitized,"Variable: ST_InternalRotation_deg; estimated digitization uncertainty +/- 0.35 deg; value retained in the original paper convention; selected pixel center (808, 206). No interpolation, smoothing, coordinate conversion, or cross-study averaging."
Braman2009,In Vivo Assessment of Scapulohumeral Rhythm During Unconstrained Overhead Reaching in Asymptomatic Subjects,Braman JP; Engel SC; LaPrade RF; Ludewig PM,2009,Figure 4A,Dynamic unconstrained overhead reaching,Self-selected; mean 63.3 degrees anterior to coronal,"Bone-fixed electromagnetic sensors on scapula, clavicle, and humerus; surface sternum reference",True,12,Raising,False,70,,,,41.007,,,,,,41.007,,,,nihms-156697.pdf,Digitized,"Variable: ST_InternalRotation_deg; estimated digitization uncertainty +/- 0.35 deg; value retained in the original paper convention; selected pixel center (857, 213). No interpolation, smoothing, coordinate conversion, or cross-study averaging."
Braman2009,In Vivo Assessment of Scapulohumeral Rhythm During Unconstrained Overhead Reaching in Asymptomatic Subjects,Braman JP; Engel SC; LaPrade RF; Ludewig PM,2009,Figure 4A,Dynamic unconstrained overhead reaching,Self-selected; mean 63.3 degrees anterior to coronal,"Bone-fixed electromagnetic sensors on scapula, clavicle, and humerus; surface sternum reference",True,12,Lowering,False,70,,,,41.300,,,,,,41.300,,,,nihms-156697.pdf,Digitized,"Variable: ST_InternalRotation_deg; estimated digitization uncertainty +/- 0.35 deg; value retained in the original paper convention; selected pixel center (857, 207). No interpolation, smoothing, coordinate conversion, or cross-study averaging."
Braman2009,In Vivo Assessment of Scapulohumeral Rhythm During Unconstrained Overhead Reaching in Asymptomatic Subjects,Braman JP; Engel SC; LaPrade RF; Ludewig PM,2009,Figure 4A,Dynamic unconstrained overhead reaching,Self-selected; mean 63.3 degrees anterior to coronal,"Bone-fixed electromagnetic sensors on scapula, clavicle, and humerus; surface sternum reference",True,12,Raising,False,75,,,,41.153,,,,,,41.153,,,,nihms-156697.pdf,Digitized,"Variable: ST_InternalRotation_deg; estimated digitization uncertainty +/- 0.35 deg; value retained in the original paper convention; selected pixel center (906, 210). No interpolation, smoothing, coordinate conversion, or cross-study averaging."
Braman2009,In Vivo Assessment of Scapulohumeral Rhythm During Unconstrained Overhead Reaching in Asymptomatic Subjects,Braman JP; Engel SC; LaPrade RF; Ludewig PM,2009,Figure 4A,Dynamic unconstrained overhead reaching,Self-selected; mean 63.3 degrees anterior to coronal,"Bone-fixed electromagnetic sensors on scapula, clavicle, and humerus; surface sternum reference",True,12,Lowering,False,75,,,,41.447,,,,,,41.447,,,,nihms-156697.pdf,Digitized,"Variable: ST_InternalRotation_deg; estimated digitization uncertainty +/- 0.35 deg; value retained in the original paper convention; selected pixel center (906, 204). No interpolation, smoothing, coordinate conversion, or cross-study averaging."
Braman2009,In Vivo Assessment of Scapulohumeral Rhythm During Unconstrained Overhead Reaching in Asymptomatic Subjects,Braman JP; Engel SC; LaPrade RF; Ludewig PM,2009,Figure 4A,Dynamic unconstrained overhead reaching,Self-selected; mean 63.3 degrees anterior to coronal,"Bone-fixed electromagnetic sensors on scapula, clavicle, and humerus; surface sternum reference",True,12,Raising,False,80,,,,41.500,,,,,,41.500,,,,nihms-156697.pdf,Digitized,"Variable: ST_InternalRotation_deg; estimated digitization uncertainty +/- 0.5 deg; value retained in the original paper convention; selected pixel center (954, 169); manual point selection after overlay review. No interpolation, smoothing, coordinate conversion, or cross-study averaging."
Braman2009,In Vivo Assessment of Scapulohumeral Rhythm During Unconstrained Overhead Reaching in Asymptomatic Subjects,Braman JP; Engel SC; LaPrade RF; Ludewig PM,2009,Figure 4A,Dynamic unconstrained overhead reaching,Self-selected; mean 63.3 degrees anterior to coronal,"Bone-fixed electromagnetic sensors on scapula, clavicle, and humerus; surface sternum reference",True,12,Lowering,False,80,,,,41.593,,,,,,41.593,,,,nihms-156697.pdf,Digitized,"Variable: ST_InternalRotation_deg; estimated digitization uncertainty +/- 0.35 deg; value retained in the original paper convention; selected pixel center (954, 201). No interpolation, smoothing, coordinate conversion, or cross-study averaging."
Braman2009,In Vivo Assessment of Scapulohumeral Rhythm During Unconstrained Overhead Reaching in Asymptomatic Subjects,Braman JP; Engel SC; LaPrade RF; Ludewig PM,2009,Figure 4A,Dynamic unconstrained overhead reaching,Self-selected; mean 63.3 degrees anterior to coronal,"Bone-fixed electromagnetic sensors on scapula, clavicle, and humerus; surface sternum reference",True,12,Raising,False,85,,,,41.800,,,,,,41.800,,,,nihms-156697.pdf,Digitized,"Variable: ST_InternalRotation_deg; estimated digitization uncertainty +/- 0.5 deg; value retained in the original paper convention; selected pixel center (1003, 231); manual point selection after overlay review. No interpolation, smoothing, coordinate conversion, or cross-study averaging."
Braman2009,In Vivo Assessment of Scapulohumeral Rhythm During Unconstrained Overhead Reaching in Asymptomatic Subjects,Braman JP; Engel SC; LaPrade RF; Ludewig PM,2009,Figure 4A,Dynamic unconstrained overhead reaching,Self-selected; mean 63.3 degrees anterior to coronal,"Bone-fixed electromagnetic sensors on scapula, clavicle, and humerus; surface sternum reference",True,12,Lowering,False,85,,,,41.887,,,,,,41.887,,,,nihms-156697.pdf,Digitized,"Variable: ST_InternalRotation_deg; estimated digitization uncertainty +/- 0.35 deg; value retained in the original paper convention; selected pixel center (1003, 195). No interpolation, smoothing, coordinate conversion, or cross-study averaging."
Braman2009,In Vivo Assessment of Scapulohumeral Rhythm During Unconstrained Overhead Reaching in Asymptomatic Subjects,Braman JP; Engel SC; LaPrade RF; Ludewig PM,2009,Figure 4A,Dynamic unconstrained overhead reaching,Self-selected; mean 63.3 degrees anterior to coronal,"Bone-fixed electromagnetic sensors on scapula, clavicle, and humerus; surface sternum reference",True,12,Raising,False,90,,,,42.033,,,,,,42.033,,,,nihms-156697.pdf,Digitized,"Variable: ST_InternalRotation_deg; estimated digitization uncertainty +/- 0.35 deg; value retained in the original paper convention; selected pixel center (1052, 192). No interpolation, smoothing, coordinate conversion, or cross-study averaging."
Braman2009,In Vivo Assessment of Scapulohumeral Rhythm During Unconstrained Overhead Reaching in Asymptomatic Subjects,Braman JP; Engel SC; LaPrade RF; Ludewig PM,2009,Figure 4A,Dynamic unconstrained overhead reaching,Self-selected; mean 63.3 degrees anterior to coronal,"Bone-fixed electromagnetic sensors on scapula, clavicle, and humerus; surface sternum reference",True,12,Lowering,False,90,,,,41.544,,,,,,41.544,,,,nihms-156697.pdf,Digitized,"Variable: ST_InternalRotation_deg; estimated digitization uncertainty +/- 0.35 deg; value retained in the original paper convention; selected pixel center (1052, 202). No interpolation, smoothing, coordinate conversion, or cross-study averaging."
Braman2009,In Vivo Assessment of Scapulohumeral Rhythm During Unconstrained Overhead Reaching in Asymptomatic Subjects,Braman JP; Engel SC; LaPrade RF; Ludewig PM,2009,Figure 4A,Dynamic unconstrained overhead reaching,Self-selected; mean 63.3 degrees anterior to coronal,"Bone-fixed electromagnetic sensors on scapula, clavicle, and humerus; surface sternum reference",True,12,Raising,False,95,,,,42.033,,,,,,42.033,,,,nihms-156697.pdf,Digitized,"Variable: ST_InternalRotation_deg; estimated digitization uncertainty +/- 0.35 deg; value retained in the original paper convention; selected pixel center (1101, 192). No interpolation, smoothing, coordinate conversion, or cross-study averaging."
Braman2009,In Vivo Assessment of Scapulohumeral Rhythm During Unconstrained Overhead Reaching in Asymptomatic Subjects,Braman JP; Engel SC; LaPrade RF; Ludewig PM,2009,Figure 4A,Dynamic unconstrained overhead reaching,Self-selected; mean 63.3 degrees anterior to coronal,"Bone-fixed electromagnetic sensors on scapula, clavicle, and humerus; surface sternum reference",True,12,Lowering,False,95,,,,41.496,,,,,,41.496,,,,nihms-156697.pdf,Digitized,"Variable: ST_InternalRotation_deg; estimated digitization uncertainty +/- 0.35 deg; value retained in the original paper convention; selected pixel center (1101, 203). No interpolation, smoothing, coordinate conversion, or cross-study averaging."
Braman2009,In Vivo Assessment of Scapulohumeral Rhythm During Unconstrained Overhead Reaching in Asymptomatic Subjects,Braman JP; Engel SC; LaPrade RF; Ludewig PM,2009,Figure 4A,Dynamic unconstrained overhead reaching,Self-selected; mean 63.3 degrees anterior to coronal,"Bone-fixed electromagnetic sensors on scapula, clavicle, and humerus; surface sternum reference",True,12,Raising,False,100,,,,42.180,,,,,,42.180,,,,nihms-156697.pdf,Digitized,"Variable: ST_InternalRotation_deg; estimated digitization uncertainty +/- 0.35 deg; value retained in the original paper convention; selected pixel center (1149, 189). No interpolation, smoothing, coordinate conversion, or cross-study averaging."
Braman2009,In Vivo Assessment of Scapulohumeral Rhythm During Unconstrained Overhead Reaching in Asymptomatic Subjects,Braman JP; Engel SC; LaPrade RF; Ludewig PM,2009,Figure 4A,Dynamic unconstrained overhead reaching,Self-selected; mean 63.3 degrees anterior to coronal,"Bone-fixed electromagnetic sensors on scapula, clavicle, and humerus; surface sternum reference",True,12,Lowering,False,100,,,,41.496,,,,,,41.496,,,,nihms-156697.pdf,Digitized,"Variable: ST_InternalRotation_deg; estimated digitization uncertainty +/- 0.35 deg; value retained in the original paper convention; selected pixel center (1149, 203). No interpolation, smoothing, coordinate conversion, or cross-study averaging."
Braman2009,In Vivo Assessment of Scapulohumeral Rhythm During Unconstrained Overhead Reaching in Asymptomatic Subjects,Braman JP; Engel SC; LaPrade RF; Ludewig PM,2009,Figure 4A,Dynamic unconstrained overhead reaching,Self-selected; mean 63.3 degrees anterior to coronal,"Bone-fixed electromagnetic sensors on scapula, clavicle, and humerus; surface sternum reference",True,12,Raising,False,105,,,,42.180,,,,,,42.180,,,,nihms-156697.pdf,Digitized,"Variable: ST_InternalRotation_deg; estimated digitization uncertainty +/- 0.35 deg; value retained in the original paper convention; selected pixel center (1198, 189). No interpolation, smoothing, coordinate conversion, or cross-study averaging."
Braman2009,In Vivo Assessment of Scapulohumeral Rhythm During Unconstrained Overhead Reaching in Asymptomatic Subjects,Braman JP; Engel SC; LaPrade RF; Ludewig PM,2009,Figure 4A,Dynamic unconstrained overhead reaching,Self-selected; mean 63.3 degrees anterior to coronal,"Bone-fixed electromagnetic sensors on scapula, clavicle, and humerus; surface sternum reference",True,12,Lowering,False,105,,,,41.251,,,,,,41.251,,,,nihms-156697.pdf,Digitized,"Variable: ST_InternalRotation_deg; estimated digitization uncertainty +/- 0.35 deg; value retained in the original paper convention; selected pixel center (1198, 208). No interpolation, smoothing, coordinate conversion, or cross-study averaging."
Braman2009,In Vivo Assessment of Scapulohumeral Rhythm During Unconstrained Overhead Reaching in Asymptomatic Subjects,Braman JP; Engel SC; LaPrade RF; Ludewig PM,2009,Figure 4A,Dynamic unconstrained overhead reaching,Self-selected; mean 63.3 degrees anterior to coronal,"Bone-fixed electromagnetic sensors on scapula, clavicle, and humerus; surface sternum reference",True,12,Raising,False,110,,,,41.984,,,,,,41.984,,,,nihms-156697.pdf,Digitized,"Variable: ST_InternalRotation_deg; estimated digitization uncertainty +/- 0.35 deg; value retained in the original paper convention; selected pixel center (1247, 193). No interpolation, smoothing, coordinate conversion, or cross-study averaging."
Braman2009,In Vivo Assessment of Scapulohumeral Rhythm During Unconstrained Overhead Reaching in Asymptomatic Subjects,Braman JP; Engel SC; LaPrade RF; Ludewig PM,2009,Figure 4A,Dynamic unconstrained overhead reaching,Self-selected; mean 63.3 degrees anterior to coronal,"Bone-fixed electromagnetic sensors on scapula, clavicle, and humerus; surface sternum reference",True,12,Lowering,False,110,,,,41.349,,,,,,41.349,,,,nihms-156697.pdf,Digitized,"Variable: ST_InternalRotation_deg; estimated digitization uncertainty +/- 0.35 deg; value retained in the original paper convention; selected pixel center (1247, 206). No interpolation, smoothing, coordinate conversion, or cross-study averaging."
Braman2009,In Vivo Assessment of Scapulohumeral Rhythm During Unconstrained Overhead Reaching in Asymptomatic Subjects,Braman JP; Engel SC; LaPrade RF; Ludewig PM,2009,Figure 4A,Dynamic unconstrained overhead reaching,Self-selected; mean 63.3 degrees anterior to coronal,"Bone-fixed electromagnetic sensors on scapula, clavicle, and humerus; surface sternum reference",True,12,Raising,False,115,,,,42.082,,,,,,42.082,,,,nihms-156697.pdf,Digitized,"Variable: ST_InternalRotation_deg; estimated digitization uncertainty +/- 0.35 deg; value retained in the original paper convention; selected pixel center (1296, 191). No interpolation, smoothing, coordinate conversion, or cross-study averaging."
Braman2009,In Vivo Assessment of Scapulohumeral Rhythm During Unconstrained Overhead Reaching in Asymptomatic Subjects,Braman JP; Engel SC; LaPrade RF; Ludewig PM,2009,Figure 4A,Dynamic unconstrained overhead reaching,Self-selected; mean 63.3 degrees anterior to coronal,"Bone-fixed electromagnetic sensors on scapula, clavicle, and humerus; surface sternum reference",True,12,Lowering,False,115,,,,40.958,,,,,,40.958,,,,nihms-156697.pdf,Digitized,"Variable: ST_InternalRotation_deg; estimated digitization uncertainty +/- 0.35 deg; value retained in the original paper convention; selected pixel center (1296, 214). No interpolation, smoothing, coordinate conversion, or cross-study averaging."
Braman2009,In Vivo Assessment of Scapulohumeral Rhythm During Unconstrained Overhead Reaching in Asymptomatic Subjects,Braman JP; Engel SC; LaPrade RF; Ludewig PM,2009,Figure 4A,Dynamic unconstrained overhead reaching,Self-selected; mean 63.3 degrees anterior to coronal,"Bone-fixed electromagnetic sensors on scapula, clavicle, and humerus; surface sternum reference",True,12,Raising,False,120,,,,42.082,,,,,,42.082,,,,nihms-156697.pdf,Digitized,"Variable: ST_InternalRotation_deg; estimated digitization uncertainty +/- 0.35 deg; value retained in the original paper convention; selected pixel center (1344, 191). No interpolation, smoothing, coordinate conversion, or cross-study averaging."
Braman2009,In Vivo Assessment of Scapulohumeral Rhythm During Unconstrained Overhead Reaching in Asymptomatic Subjects,Braman JP; Engel SC; LaPrade RF; Ludewig PM,2009,Figure 4A,Dynamic unconstrained overhead reaching,Self-selected; mean 63.3 degrees anterior to coronal,"Bone-fixed electromagnetic sensors on scapula, clavicle, and humerus; surface sternum reference",True,12,Lowering,False,120,,,,40.323,,,,,,40.323,,,,nihms-156697.pdf,Digitized,"Variable: ST_InternalRotation_deg; estimated digitization uncertainty +/- 0.35 deg; value retained in the original paper convention; selected pixel center (1344, 227). No interpolation, smoothing, coordinate conversion, or cross-study averaging."
Braman2009,In Vivo Assessment of Scapulohumeral Rhythm During Unconstrained Overhead Reaching in Asymptomatic Subjects,Braman JP; Engel SC; LaPrade RF; Ludewig PM,2009,Figure 4A,Dynamic unconstrained overhead reaching,Self-selected; mean 63.3 degrees anterior to coronal,"Bone-fixed electromagnetic sensors on scapula, clavicle, and humerus; surface sternum reference",True,12,Raising,False,125,,,,42.815,,,,,,42.815,,,,nihms-156697.pdf,Digitized,"Variable: ST_InternalRotation_deg; estimated digitization uncertainty +/- 0.35 deg; value retained in the original paper convention; selected pixel center (1393, 176). No interpolation, smoothing, coordinate conversion, or cross-study averaging."
Braman2009,In Vivo Assessment of Scapulohumeral Rhythm During Unconstrained Overhead Reaching in Asymptomatic Subjects,Braman JP; Engel SC; LaPrade RF; Ludewig PM,2009,Figure 4A,Dynamic unconstrained overhead reaching,Self-selected; mean 63.3 degrees anterior to coronal,"Bone-fixed electromagnetic sensors on scapula, clavicle, and humerus; surface sternum reference",True,12,Lowering,False,125,,,,40.420,,,,,,40.420,,,,nihms-156697.pdf,Digitized,"Variable: ST_InternalRotation_deg; estimated digitization uncertainty +/- 0.35 deg; value retained in the original paper convention; selected pixel center (1393, 225). No interpolation, smoothing, coordinate conversion, or cross-study averaging."
Braman2009,In Vivo Assessment of Scapulohumeral Rhythm During Unconstrained Overhead Reaching in Asymptomatic Subjects,Braman JP; Engel SC; LaPrade RF; Ludewig PM,2009,Figure 4A,Dynamic unconstrained overhead reaching,Self-selected; mean 63.3 degrees anterior to coronal,"Bone-fixed electromagnetic sensors on scapula, clavicle, and humerus; surface sternum reference",True,12,Raising,False,130,,,,41.496,,,,,,41.496,,,,nihms-156697.pdf,Digitized,"Variable: ST_InternalRotation_deg; estimated digitization uncertainty +/- 0.35 deg; value retained in the original paper convention; selected pixel center (1442, 203). No interpolation, smoothing, coordinate conversion, or cross-study averaging."
Braman2009,In Vivo Assessment of Scapulohumeral Rhythm During Unconstrained Overhead Reaching in Asymptomatic Subjects,Braman JP; Engel SC; LaPrade RF; Ludewig PM,2009,Figure 4A,Dynamic unconstrained overhead reaching,Self-selected; mean 63.3 degrees anterior to coronal,"Bone-fixed electromagnetic sensors on scapula, clavicle, and humerus; surface sternum reference",True,12,Lowering,False,130,,,,37.800,,,,,,37.800,,,,nihms-156697.pdf,Digitized,"Variable: ST_InternalRotation_deg; estimated digitization uncertainty +/- 0.5 deg; value retained in the original paper convention; selected pixel center (1442, 155); manual point selection after overlay review. No interpolation, smoothing, coordinate conversion, or cross-study averaging."
Braman2009,In Vivo Assessment of Scapulohumeral Rhythm During Unconstrained Overhead Reaching in Asymptomatic Subjects,Braman JP; Engel SC; LaPrade RF; Ludewig PM,2009,Figure 4A,Dynamic unconstrained overhead reaching,Self-selected; mean 63.3 degrees anterior to coronal,"Bone-fixed electromagnetic sensors on scapula, clavicle, and humerus; surface sternum reference",True,12,Raising,False,135,,,,36.217,,,,,,36.217,,,,nihms-156697.pdf,Digitized,"Variable: ST_InternalRotation_deg; estimated digitization uncertainty +/- 0.35 deg; value retained in the original paper convention; selected pixel center (1491, 311). No interpolation, smoothing, coordinate conversion, or cross-study averaging."
Braman2009,In Vivo Assessment of Scapulohumeral Rhythm During Unconstrained Overhead Reaching in Asymptomatic Subjects,Braman JP; Engel SC; LaPrade RF; Ludewig PM,2009,Figure 4A,Dynamic unconstrained overhead reaching,Self-selected; mean 63.3 degrees anterior to coronal,"Bone-fixed electromagnetic sensors on scapula, clavicle, and humerus; surface sternum reference",True,12,Lowering,False,135,,,,33.773,,,,,,33.773,,,,nihms-156697.pdf,Digitized,"Variable: ST_InternalRotation_deg; estimated digitization uncertainty +/- 0.35 deg; value retained in the original paper convention; selected pixel center (1491, 361). No interpolation, smoothing, coordinate conversion, or cross-study averaging."
Braman2009,In Vivo Assessment of Scapulohumeral Rhythm During Unconstrained Overhead Reaching in Asymptomatic Subjects,Braman JP; Engel SC; LaPrade RF; Ludewig PM,2009,Figure 4A,Dynamic unconstrained overhead reaching,Self-selected; mean 63.3 degrees anterior to coronal,"Bone-fixed electromagnetic sensors on scapula, clavicle, and humerus; surface sternum reference",True,12,Raising,False,140,,,,34.848,,,,,,34.848,,,,nihms-156697.pdf,Digitized,"Variable: ST_InternalRotation_deg; estimated digitization uncertainty +/- 0.35 deg; value retained in the original paper convention; selected pixel center (1539, 339). No interpolation, smoothing, coordinate conversion, or cross-study averaging."
Braman2009,In Vivo Assessment of Scapulohumeral Rhythm During Unconstrained Overhead Reaching in Asymptomatic Subjects,Braman JP; Engel SC; LaPrade RF; Ludewig PM,2009,Figure 4A,Dynamic unconstrained overhead reaching,Self-selected; mean 63.3 degrees anterior to coronal,"Bone-fixed electromagnetic sensors on scapula, clavicle, and humerus; surface sternum reference",True,12,Lowering,False,140,,,,33.431,,,,,,33.431,,,,nihms-156697.pdf,Digitized,"Variable: ST_InternalRotation_deg; estimated digitization uncertainty +/- 0.35 deg; value retained in the original paper convention; selected pixel center (1539, 368). No interpolation, smoothing, coordinate conversion, or cross-study averaging."
Braman2009,In Vivo Assessment of Scapulohumeral Rhythm During Unconstrained Overhead Reaching in Asymptomatic Subjects,Braman JP; Engel SC; LaPrade RF; Ludewig PM,2009,Figure 4A,Dynamic unconstrained overhead reaching,Self-selected; mean 63.3 degrees anterior to coronal,"Bone-fixed electromagnetic sensors on scapula, clavicle, and humerus; surface sternum reference",True,12,Raising,False,145,,,,34.018,,,,,,34.018,,,,nihms-156697.pdf,Digitized,"Variable: ST_InternalRotation_deg; estimated digitization uncertainty +/- 0.35 deg; value retained in the original paper convention; selected pixel center (1588, 356). No interpolation, smoothing, coordinate conversion, or cross-study averaging."
Braman2009,In Vivo Assessment of Scapulohumeral Rhythm During Unconstrained Overhead Reaching in Asymptomatic Subjects,Braman JP; Engel SC; LaPrade RF; Ludewig PM,2009,Figure 4A,Dynamic unconstrained overhead reaching,Self-selected; mean 63.3 degrees anterior to coronal,"Bone-fixed electromagnetic sensors on scapula, clavicle, and humerus; surface sternum reference",True,12,Lowering,False,145,,,,33.284,,,,,,33.284,,,,nihms-156697.pdf,Digitized,"Variable: ST_InternalRotation_deg; estimated digitization uncertainty +/- 0.35 deg; value retained in the original paper convention; selected pixel center (1588, 371). No interpolation, smoothing, coordinate conversion, or cross-study averaging."
Braman2009,In Vivo Assessment of Scapulohumeral Rhythm During Unconstrained Overhead Reaching in Asymptomatic Subjects,Braman JP; Engel SC; LaPrade RF; Ludewig PM,2009,Figure 4B,Dynamic unconstrained overhead reaching,Self-selected; mean 63.3 degrees anterior to coronal,"Bone-fixed electromagnetic sensors on scapula, clavicle, and humerus; surface sternum reference",True,12,Raising,False,10,,,-9.920,,,,,,,-9.920,,,,nihms-156697.pdf,Digitized,"Variable: ST_PosteriorTilt_deg; estimated digitization uncertainty +/- 0.3 deg; value retained in the original paper convention; selected pixel center (266, 957). No interpolation, smoothing, coordinate conversion, or cross-study averaging."
Braman2009,In Vivo Assessment of Scapulohumeral Rhythm During Unconstrained Overhead Reaching in Asymptomatic Subjects,Braman JP; Engel SC; LaPrade RF; Ludewig PM,2009,Figure 4B,Dynamic unconstrained overhead reaching,Self-selected; mean 63.3 degrees anterior to coronal,"Bone-fixed electromagnetic sensors on scapula, clavicle, and humerus; surface sternum reference",True,12,Lowering,False,10,,,-9.545,,,,,,,-9.545,,,,nihms-156697.pdf,Digitized,"Variable: ST_PosteriorTilt_deg; estimated digitization uncertainty +/- 0.3 deg; value retained in the original paper convention; selected pixel center (266, 943). No interpolation, smoothing, coordinate conversion, or cross-study averaging."
Braman2009,In Vivo Assessment of Scapulohumeral Rhythm During Unconstrained Overhead Reaching in Asymptomatic Subjects,Braman JP; Engel SC; LaPrade RF; Ludewig PM,2009,Figure 4B,Dynamic unconstrained overhead reaching,Self-selected; mean 63.3 degrees anterior to coronal,"Bone-fixed electromagnetic sensors on scapula, clavicle, and humerus; surface sternum reference",True,12,Raising,False,15,,,-11.604,,,,,,,-11.604,,,,nihms-156697.pdf,Digitized,"Variable: ST_PosteriorTilt_deg; estimated digitization uncertainty +/- 0.3 deg; value retained in the original paper convention; selected pixel center (317, 1020). No interpolation, smoothing, coordinate conversion, or cross-study averaging."
Braman2009,In Vivo Assessment of Scapulohumeral Rhythm During Unconstrained Overhead Reaching in Asymptomatic Subjects,Braman JP; Engel SC; LaPrade RF; Ludewig PM,2009,Figure 4B,Dynamic unconstrained overhead reaching,Self-selected; mean 63.3 degrees anterior to coronal,"Bone-fixed electromagnetic sensors on scapula, clavicle, and humerus; surface sternum reference",True,12,Lowering,False,15,,,-8.100,,,,,,,-8.100,,,,nihms-156697.pdf,Digitized,"Variable: ST_PosteriorTilt_deg; estimated digitization uncertainty +/- 0.5 deg; value retained in the original paper convention; selected pixel center (317, 980); manual point selection after overlay review. No interpolation, smoothing, coordinate conversion, or cross-study averaging."
Braman2009,In Vivo Assessment of Scapulohumeral Rhythm During Unconstrained Overhead Reaching in Asymptomatic Subjects,Braman JP; Engel SC; LaPrade RF; Ludewig PM,2009,Figure 4B,Dynamic unconstrained overhead reaching,Self-selected; mean 63.3 degrees anterior to coronal,"Bone-fixed electromagnetic sensors on scapula, clavicle, and humerus; surface sternum reference",True,12,Raising,False,20,,,-11.818,,,,,,,-11.818,,,,nihms-156697.pdf,Digitized,"Variable: ST_PosteriorTilt_deg; estimated digitization uncertainty +/- 0.3 deg; value retained in the original paper convention; selected pixel center (367, 1028). No interpolation, smoothing, coordinate conversion, or cross-study averaging."
Braman2009,In Vivo Assessment of Scapulohumeral Rhythm During Unconstrained Overhead Reaching in Asymptomatic Subjects,Braman JP; Engel SC; LaPrade RF; Ludewig PM,2009,Figure 4B,Dynamic unconstrained overhead reaching,Self-selected; mean 63.3 degrees anterior to coronal,"Bone-fixed electromagnetic sensors on scapula, clavicle, and humerus; surface sternum reference",True,12,Lowering,False,20,,,-10.134,,,,,,,-10.134,,,,nihms-156697.pdf,Digitized,"Variable: ST_PosteriorTilt_deg; estimated digitization uncertainty +/- 0.3 deg; value retained in the original paper convention; selected pixel center (367, 965). No interpolation, smoothing, coordinate conversion, or cross-study averaging."
Braman2009,In Vivo Assessment of Scapulohumeral Rhythm During Unconstrained Overhead Reaching in Asymptomatic Subjects,Braman JP; Engel SC; LaPrade RF; Ludewig PM,2009,Figure 4B,Dynamic unconstrained overhead reaching,Self-selected; mean 63.3 degrees anterior to coronal,"Bone-fixed electromagnetic sensors on scapula, clavicle, and humerus; surface sternum reference",True,12,Raising,False,25,,,-10.909,,,,,,,-10.909,,,,nihms-156697.pdf,Digitized,"Variable: ST_PosteriorTilt_deg; estimated digitization uncertainty +/- 0.3 deg; value retained in the original paper convention; selected pixel center (418, 994). No interpolation, smoothing, coordinate conversion, or cross-study averaging."
Braman2009,In Vivo Assessment of Scapulohumeral Rhythm During Unconstrained Overhead Reaching in Asymptomatic Subjects,Braman JP; Engel SC; LaPrade RF; Ludewig PM,2009,Figure 4B,Dynamic unconstrained overhead reaching,Self-selected; mean 63.3 degrees anterior to coronal,"Bone-fixed electromagnetic sensors on scapula, clavicle, and humerus; surface sternum reference",True,12,Lowering,False,25,,,-9.492,,,,,,,-9.492,,,,nihms-156697.pdf,Digitized,"Variable: ST_PosteriorTilt_deg; estimated digitization uncertainty +/- 0.3 deg; value retained in the original paper convention; selected pixel center (418, 941). No interpolation, smoothing, coordinate conversion, or cross-study averaging."
Braman2009,In Vivo Assessment of Scapulohumeral Rhythm During Unconstrained Overhead Reaching in Asymptomatic Subjects,Braman JP; Engel SC; LaPrade RF; Ludewig PM,2009,Figure 4B,Dynamic unconstrained overhead reaching,Self-selected; mean 63.3 degrees anterior to coronal,"Bone-fixed electromagnetic sensors on scapula, clavicle, and humerus; surface sternum reference",True,12,Raising,False,30,,,-10.134,,,,,,,-10.134,,,,nihms-156697.pdf,Digitized,"Variable: ST_PosteriorTilt_deg; estimated digitization uncertainty +/- 0.3 deg; value retained in the original paper convention; selected pixel center (469, 965). No interpolation, smoothing, coordinate conversion, or cross-study averaging."
Braman2009,In Vivo Assessment of Scapulohumeral Rhythm During Unconstrained Overhead Reaching in Asymptomatic Subjects,Braman JP; Engel SC; LaPrade RF; Ludewig PM,2009,Figure 4B,Dynamic unconstrained overhead reaching,Self-selected; mean 63.3 degrees anterior to coronal,"Bone-fixed electromagnetic sensors on scapula, clavicle, and humerus; surface sternum reference",True,12,Lowering,False,30,,,-8.663,,,,,,,-8.663,,,,nihms-156697.pdf,Digitized,"Variable: ST_PosteriorTilt_deg; estimated digitization uncertainty +/- 0.3 deg; value retained in the original paper convention; selected pixel center (469, 910). No interpolation, smoothing, coordinate conversion, or cross-study averaging."
Braman2009,In Vivo Assessment of Scapulohumeral Rhythm During Unconstrained Overhead Reaching in Asymptomatic Subjects,Braman JP; Engel SC; LaPrade RF; Ludewig PM,2009,Figure 4B,Dynamic unconstrained overhead reaching,Self-selected; mean 63.3 degrees anterior to coronal,"Bone-fixed electromagnetic sensors on scapula, clavicle, and humerus; surface sternum reference",True,12,Raising,False,35,,,-9.064,,,,,,,-9.064,,,,nihms-156697.pdf,Digitized,"Variable: ST_PosteriorTilt_deg; estimated digitization uncertainty +/- 0.3 deg; value retained in the original paper convention; selected pixel center (519, 925). No interpolation, smoothing, coordinate conversion, or cross-study averaging."
Braman2009,In Vivo Assessment of Scapulohumeral Rhythm During Unconstrained Overhead Reaching in Asymptomatic Subjects,Braman JP; Engel SC; LaPrade RF; Ludewig PM,2009,Figure 4B,Dynamic unconstrained overhead reaching,Self-selected; mean 63.3 degrees anterior to coronal,"Bone-fixed electromagnetic sensors on scapula, clavicle, and humerus; surface sternum reference",True,12,Lowering,False,35,,,-7.941,,,,,,,-7.941,,,,nihms-156697.pdf,Digitized,"Variable: ST_PosteriorTilt_deg; estimated digitization uncertainty +/- 0.3 deg; value retained in the original paper convention; selected pixel center (519, 883). No interpolation, smoothing, coordinate conversion, or cross-study averaging."
Braman2009,In Vivo Assessment of Scapulohumeral Rhythm During Unconstrained Overhead Reaching in Asymptomatic Subjects,Braman JP; Engel SC; LaPrade RF; Ludewig PM,2009,Figure 4B,Dynamic unconstrained overhead reaching,Self-selected; mean 63.3 degrees anterior to coronal,"Bone-fixed electromagnetic sensors on scapula, clavicle, and humerus; surface sternum reference",True,12,Raising,False,40,,,-8.342,,,,,,,-8.342,,,,nihms-156697.pdf,Digitized,"Variable: ST_PosteriorTilt_deg; estimated digitization uncertainty +/- 0.3 deg; value retained in the original paper convention; selected pixel center (570, 898). No interpolation, smoothing, coordinate conversion, or cross-study averaging."
Braman2009,In Vivo Assessment of Scapulohumeral Rhythm During Unconstrained Overhead Reaching in Asymptomatic Subjects,Braman JP; Engel SC; LaPrade RF; Ludewig PM,2009,Figure 4B,Dynamic unconstrained overhead reaching,Self-selected; mean 63.3 degrees anterior to coronal,"Bone-fixed electromagnetic sensors on scapula, clavicle, and humerus; surface sternum reference",True,12,Lowering,False,40,,,-7.193,,,,,,,-7.193,,,,nihms-156697.pdf,Digitized,"Variable: ST_PosteriorTilt_deg; estimated digitization uncertainty +/- 0.3 deg; value retained in the original paper convention; selected pixel center (570, 855). No interpolation, smoothing, coordinate conversion, or cross-study averaging."
Braman2009,In Vivo Assessment of Scapulohumeral Rhythm During Unconstrained Overhead Reaching in Asymptomatic Subjects,Braman JP; Engel SC; LaPrade RF; Ludewig PM,2009,Figure 4B,Dynamic unconstrained overhead reaching,Self-selected; mean 63.3 degrees anterior to coronal,"Bone-fixed electromagnetic sensors on scapula, clavicle, and humerus; surface sternum reference",True,12,Raising,False,45,,,-7.540,,,,,,,-7.540,,,,nihms-156697.pdf,Digitized,"Variable: ST_PosteriorTilt_deg; estimated digitization uncertainty +/- 0.3 deg; value retained in the original paper convention; selected pixel center (620, 868). No interpolation, smoothing, coordinate conversion, or cross-study averaging."
Braman2009,In Vivo Assessment of Scapulohumeral Rhythm During Unconstrained Overhead Reaching in Asymptomatic Subjects,Braman JP; Engel SC; LaPrade RF; Ludewig PM,2009,Figure 4B,Dynamic unconstrained overhead reaching,Self-selected; mean 63.3 degrees anterior to coronal,"Bone-fixed electromagnetic sensors on scapula, clavicle, and humerus; surface sternum reference",True,12,Lowering,False,45,,,-6.390,,,,,,,-6.390,,,,nihms-156697.pdf,Digitized,"Variable: ST_PosteriorTilt_deg; estimated digitization uncertainty +/- 0.3 deg; value retained in the original paper convention; selected pixel center (620, 825). No interpolation, smoothing, coordinate conversion, or cross-study averaging."
Braman2009,In Vivo Assessment of Scapulohumeral Rhythm During Unconstrained Overhead Reaching in Asymptomatic Subjects,Braman JP; Engel SC; LaPrade RF; Ludewig PM,2009,Figure 4B,Dynamic unconstrained overhead reaching,Self-selected; mean 63.3 degrees anterior to coronal,"Bone-fixed electromagnetic sensors on scapula, clavicle, and humerus; surface sternum reference",True,12,Raising,False,50,,,-6.818,,,,,,,-6.818,,,,nihms-156697.pdf,Digitized,"Variable: ST_PosteriorTilt_deg; estimated digitization uncertainty +/- 0.3 deg; value retained in the original paper convention; selected pixel center (671, 841). No interpolation, smoothing, coordinate conversion, or cross-study averaging."
Braman2009,In Vivo Assessment of Scapulohumeral Rhythm During Unconstrained Overhead Reaching in Asymptomatic Subjects,Braman JP; Engel SC; LaPrade RF; Ludewig PM,2009,Figure 4B,Dynamic unconstrained overhead reaching,Self-selected; mean 63.3 degrees anterior to coronal,"Bone-fixed electromagnetic sensors on scapula, clavicle, and humerus; surface sternum reference",True,12,Lowering,False,50,,,-5.615,,,,,,,-5.615,,,,nihms-156697.pdf,Digitized,"Variable: ST_PosteriorTilt_deg; estimated digitization uncertainty +/- 0.3 deg; value retained in the original paper convention; selected pixel center (671, 796). No interpolation, smoothing, coordinate conversion, or cross-study averaging."
Braman2009,In Vivo Assessment of Scapulohumeral Rhythm During Unconstrained Overhead Reaching in Asymptomatic Subjects,Braman JP; Engel SC; LaPrade RF; Ludewig PM,2009,Figure 4B,Dynamic unconstrained overhead reaching,Self-selected; mean 63.3 degrees anterior to coronal,"Bone-fixed electromagnetic sensors on scapula, clavicle, and humerus; surface sternum reference",True,12,Raising,False,55,,,-6.043,,,,,,,-6.043,,,,nihms-156697.pdf,Digitized,"Variable: ST_PosteriorTilt_deg; estimated digitization uncertainty +/- 0.3 deg; value retained in the original paper convention; selected pixel center (722, 812). No interpolation, smoothing, coordinate conversion, or cross-study averaging."
Braman2009,In Vivo Assessment of Scapulohumeral Rhythm During Unconstrained Overhead Reaching in Asymptomatic Subjects,Braman JP; Engel SC; LaPrade RF; Ludewig PM,2009,Figure 4B,Dynamic unconstrained overhead reaching,Self-selected; mean 63.3 degrees anterior to coronal,"Bone-fixed electromagnetic sensors on scapula, clavicle, and humerus; surface sternum reference",True,12,Lowering,False,55,,,-4.840,,,,,,,-4.840,,,,nihms-156697.pdf,Digitized,"Variable: ST_PosteriorTilt_deg; estimated digitization uncertainty +/- 0.3 deg; value retained in the original paper convention; selected pixel center (722, 767). No interpolation, smoothing, coordinate conversion, or cross-study averaging."
Braman2009,In Vivo Assessment of Scapulohumeral Rhythm During Unconstrained Overhead Reaching in Asymptomatic Subjects,Braman JP; Engel SC; LaPrade RF; Ludewig PM,2009,Figure 4B,Dynamic unconstrained overhead reaching,Self-selected; mean 63.3 degrees anterior to coronal,"Bone-fixed electromagnetic sensors on scapula, clavicle, and humerus; surface sternum reference",True,12,Raising,False,60,,,-5.241,,,,,,,-5.241,,,,nihms-156697.pdf,Digitized,"Variable: ST_PosteriorTilt_deg; estimated digitization uncertainty +/- 0.3 deg; value retained in the original paper convention; selected pixel center (772, 782). No interpolation, smoothing, coordinate conversion, or cross-study averaging."
Braman2009,In Vivo Assessment of Scapulohumeral Rhythm During Unconstrained Overhead Reaching in Asymptomatic Subjects,Braman JP; Engel SC; LaPrade RF; Ludewig PM,2009,Figure 4B,Dynamic unconstrained overhead reaching,Self-selected; mean 63.3 degrees anterior to coronal,"Bone-fixed electromagnetic sensors on scapula, clavicle, and humerus; surface sternum reference",True,12,Lowering,False,60,,,-4.091,,,,,,,-4.091,,,,nihms-156697.pdf,Digitized,"Variable: ST_PosteriorTilt_deg; estimated digitization uncertainty +/- 0.3 deg; value retained in the original paper convention; selected pixel center (772, 739). No interpolation, smoothing, coordinate conversion, or cross-study averaging."
Braman2009,In Vivo Assessment of Scapulohumeral Rhythm During Unconstrained Overhead Reaching in Asymptomatic Subjects,Braman JP; Engel SC; LaPrade RF; Ludewig PM,2009,Figure 4B,Dynamic unconstrained overhead reaching,Self-selected; mean 63.3 degrees anterior to coronal,"Bone-fixed electromagnetic sensors on scapula, clavicle, and humerus; surface sternum reference",True,12,Raising,False,65,,,-4.439,,,,,,,-4.439,,,,nihms-156697.pdf,Digitized,"Variable: ST_PosteriorTilt_deg; estimated digitization uncertainty +/- 0.3 deg; value retained in the original paper convention; selected pixel center (823, 752). No interpolation, smoothing, coordinate conversion, or cross-study averaging."
Braman2009,In Vivo Assessment of Scapulohumeral Rhythm During Unconstrained Overhead Reaching in Asymptomatic Subjects,Braman JP; Engel SC; LaPrade RF; Ludewig PM,2009,Figure 4B,Dynamic unconstrained overhead reaching,Self-selected; mean 63.3 degrees anterior to coronal,"Bone-fixed electromagnetic sensors on scapula, clavicle, and humerus; surface sternum reference",True,12,Lowering,False,65,,,-3.396,,,,,,,-3.396,,,,nihms-156697.pdf,Digitized,"Variable: ST_PosteriorTilt_deg; estimated digitization uncertainty +/- 0.3 deg; value retained in the original paper convention; selected pixel center (823, 713). No interpolation, smoothing, coordinate conversion, or cross-study averaging."
Braman2009,In Vivo Assessment of Scapulohumeral Rhythm During Unconstrained Overhead Reaching in Asymptomatic Subjects,Braman JP; Engel SC; LaPrade RF; Ludewig PM,2009,Figure 4B,Dynamic unconstrained overhead reaching,Self-selected; mean 63.3 degrees anterior to coronal,"Bone-fixed electromagnetic sensors on scapula, clavicle, and humerus; surface sternum reference",True,12,Raising,False,70,,,-3.610,,,,,,,-3.610,,,,nihms-156697.pdf,Digitized,"Variable: ST_PosteriorTilt_deg; estimated digitization uncertainty +/- 0.3 deg; value retained in the original paper convention; selected pixel center (873, 721). No interpolation, smoothing, coordinate conversion, or cross-study averaging."
Braman2009,In Vivo Assessment of Scapulohumeral Rhythm During Unconstrained Overhead Reaching in Asymptomatic Subjects,Braman JP; Engel SC; LaPrade RF; Ludewig PM,2009,Figure 4B,Dynamic unconstrained overhead reaching,Self-selected; mean 63.3 degrees anterior to coronal,"Bone-fixed electromagnetic sensors on scapula, clavicle, and humerus; surface sternum reference",True,12,Lowering,False,70,,,-1.390,,,,,,,-1.390,,,,nihms-156697.pdf,Digitized,"Variable: ST_PosteriorTilt_deg; estimated digitization uncertainty +/- 0.3 deg; value retained in the original paper convention; selected pixel center (873, 638). No interpolation, smoothing, coordinate conversion, or cross-study averaging."
Braman2009,In Vivo Assessment of Scapulohumeral Rhythm During Unconstrained Overhead Reaching in Asymptomatic Subjects,Braman JP; Engel SC; LaPrade RF; Ludewig PM,2009,Figure 4B,Dynamic unconstrained overhead reaching,Self-selected; mean 63.3 degrees anterior to coronal,"Bone-fixed electromagnetic sensors on scapula, clavicle, and humerus; surface sternum reference",True,12,Raising,False,75,,,-2.807,,,,,,,-2.807,,,,nihms-156697.pdf,Digitized,"Variable: ST_PosteriorTilt_deg; estimated digitization uncertainty +/- 0.3 deg; value retained in the original paper convention; selected pixel center (924, 691). No interpolation, smoothing, coordinate conversion, or cross-study averaging."
Braman2009,In Vivo Assessment of Scapulohumeral Rhythm During Unconstrained Overhead Reaching in Asymptomatic Subjects,Braman JP; Engel SC; LaPrade RF; Ludewig PM,2009,Figure 4B,Dynamic unconstrained overhead reaching,Self-selected; mean 63.3 degrees anterior to coronal,"Bone-fixed electromagnetic sensors on scapula, clavicle, and humerus; surface sternum reference",True,12,Lowering,False,75,,,-1.898,,,,,,,-1.898,,,,nihms-156697.pdf,Digitized,"Variable: ST_PosteriorTilt_deg; estimated digitization uncertainty +/- 0.3 deg; value retained in the original paper convention; selected pixel center (924, 657). No interpolation, smoothing, coordinate conversion, or cross-study averaging."
Braman2009,In Vivo Assessment of Scapulohumeral Rhythm During Unconstrained Overhead Reaching in Asymptomatic Subjects,Braman JP; Engel SC; LaPrade RF; Ludewig PM,2009,Figure 4B,Dynamic unconstrained overhead reaching,Self-selected; mean 63.3 degrees anterior to coronal,"Bone-fixed electromagnetic sensors on scapula, clavicle, and humerus; surface sternum reference",True,12,Raising,False,80,,,-1.925,,,,,,,-1.925,,,,nihms-156697.pdf,Digitized,"Variable: ST_PosteriorTilt_deg; estimated digitization uncertainty +/- 0.3 deg; value retained in the original paper convention; selected pixel center (975, 658). No interpolation, smoothing, coordinate conversion, or cross-study averaging."
Braman2009,In Vivo Assessment of Scapulohumeral Rhythm During Unconstrained Overhead Reaching in Asymptomatic Subjects,Braman JP; Engel SC; LaPrade RF; Ludewig PM,2009,Figure 4B,Dynamic unconstrained overhead reaching,Self-selected; mean 63.3 degrees anterior to coronal,"Bone-fixed electromagnetic sensors on scapula, clavicle, and humerus; surface sternum reference",True,12,Lowering,False,80,,,-1.203,,,,,,,-1.203,,,,nihms-156697.pdf,Digitized,"Variable: ST_PosteriorTilt_deg; estimated digitization uncertainty +/- 0.3 deg; value retained in the original paper convention; selected pixel center (975, 631). No interpolation, smoothing, coordinate conversion, or cross-study averaging."
Braman2009,In Vivo Assessment of Scapulohumeral Rhythm During Unconstrained Overhead Reaching in Asymptomatic Subjects,Braman JP; Engel SC; LaPrade RF; Ludewig PM,2009,Figure 4B,Dynamic unconstrained overhead reaching,Self-selected; mean 63.3 degrees anterior to coronal,"Bone-fixed electromagnetic sensors on scapula, clavicle, and humerus; surface sternum reference",True,12,Raising,False,85,,,-1.070,,,,,,,-1.070,,,,nihms-156697.pdf,Digitized,"Variable: ST_PosteriorTilt_deg; estimated digitization uncertainty +/- 0.3 deg; value retained in the original paper convention; selected pixel center (1025, 626). No interpolation, smoothing, coordinate conversion, or cross-study averaging."
Braman2009,In Vivo Assessment of Scapulohumeral Rhythm During Unconstrained Overhead Reaching in Asymptomatic Subjects,Braman JP; Engel SC; LaPrade RF; Ludewig PM,2009,Figure 4B,Dynamic unconstrained overhead reaching,Self-selected; mean 63.3 degrees anterior to coronal,"Bone-fixed electromagnetic sensors on scapula, clavicle, and humerus; surface sternum reference",True,12,Lowering,False,85,,,-0.401,,,,,,,-0.401,,,,nihms-156697.pdf,Digitized,"Variable: ST_PosteriorTilt_deg; estimated digitization uncertainty +/- 0.3 deg; value retained in the original paper convention; selected pixel center (1025, 601). No interpolation, smoothing, coordinate conversion, or cross-study averaging."
Braman2009,In Vivo Assessment of Scapulohumeral Rhythm During Unconstrained Overhead Reaching in Asymptomatic Subjects,Braman JP; Engel SC; LaPrade RF; Ludewig PM,2009,Figure 4B,Dynamic unconstrained overhead reaching,Self-selected; mean 63.3 degrees anterior to coronal,"Bone-fixed electromagnetic sensors on scapula, clavicle, and humerus; surface sternum reference",True,12,Raising,False,90,,,-0.187,,,,,,,-0.187,,,,nihms-156697.pdf,Digitized,"Variable: ST_PosteriorTilt_deg; estimated digitization uncertainty +/- 0.3 deg; value retained in the original paper convention; selected pixel center (1076, 593). No interpolation, smoothing, coordinate conversion, or cross-study averaging."
Braman2009,In Vivo Assessment of Scapulohumeral Rhythm During Unconstrained Overhead Reaching in Asymptomatic Subjects,Braman JP; Engel SC; LaPrade RF; Ludewig PM,2009,Figure 4B,Dynamic unconstrained overhead reaching,Self-selected; mean 63.3 degrees anterior to coronal,"Bone-fixed electromagnetic sensors on scapula, clavicle, and humerus; surface sternum reference",True,12,Lowering,False,90,,,0.428,,,,,,,0.428,,,,nihms-156697.pdf,Digitized,"Variable: ST_PosteriorTilt_deg; estimated digitization uncertainty +/- 0.3 deg; value retained in the original paper convention; selected pixel center (1076, 570). No interpolation, smoothing, coordinate conversion, or cross-study averaging."
Braman2009,In Vivo Assessment of Scapulohumeral Rhythm During Unconstrained Overhead Reaching in Asymptomatic Subjects,Braman JP; Engel SC; LaPrade RF; Ludewig PM,2009,Figure 4B,Dynamic unconstrained overhead reaching,Self-selected; mean 63.3 degrees anterior to coronal,"Bone-fixed electromagnetic sensors on scapula, clavicle, and humerus; surface sternum reference",True,12,Raising,False,95,,,0.668,,,,,,,0.668,,,,nihms-156697.pdf,Digitized,"Variable: ST_PosteriorTilt_deg; estimated digitization uncertainty +/- 0.3 deg; value retained in the original paper convention; selected pixel center (1126, 561). No interpolation, smoothing, coordinate conversion, or cross-study averaging."
Braman2009,In Vivo Assessment of Scapulohumeral Rhythm During Unconstrained Overhead Reaching in Asymptomatic Subjects,Braman JP; Engel SC; LaPrade RF; Ludewig PM,2009,Figure 4B,Dynamic unconstrained overhead reaching,Self-selected; mean 63.3 degrees anterior to coronal,"Bone-fixed electromagnetic sensors on scapula, clavicle, and humerus; surface sternum reference",True,12,Lowering,False,95,,,1.337,,,,,,,1.337,,,,nihms-156697.pdf,Digitized,"Variable: ST_PosteriorTilt_deg; estimated digitization uncertainty +/- 0.3 deg; value retained in the original paper convention; selected pixel center (1126, 536). No interpolation, smoothing, coordinate conversion, or cross-study averaging."
Braman2009,In Vivo Assessment of Scapulohumeral Rhythm During Unconstrained Overhead Reaching in Asymptomatic Subjects,Braman JP; Engel SC; LaPrade RF; Ludewig PM,2009,Figure 4B,Dynamic unconstrained overhead reaching,Self-selected; mean 63.3 degrees anterior to coronal,"Bone-fixed electromagnetic sensors on scapula, clavicle, and humerus; surface sternum reference",True,12,Raising,False,100,,,1.471,,,,,,,1.471,,,,nihms-156697.pdf,Digitized,"Variable: ST_PosteriorTilt_deg; estimated digitization uncertainty +/- 0.3 deg; value retained in the original paper convention; selected pixel center (1177, 531). No interpolation, smoothing, coordinate conversion, or cross-study averaging."
Braman2009,In Vivo Assessment of Scapulohumeral Rhythm During Unconstrained Overhead Reaching in Asymptomatic Subjects,Braman JP; Engel SC; LaPrade RF; Ludewig PM,2009,Figure 4B,Dynamic unconstrained overhead reaching,Self-selected; mean 63.3 degrees anterior to coronal,"Bone-fixed electromagnetic sensors on scapula, clavicle, and humerus; surface sternum reference",True,12,Lowering,False,100,,,1.898,,,,,,,1.898,,,,nihms-156697.pdf,Digitized,"Variable: ST_PosteriorTilt_deg; estimated digitization uncertainty +/- 0.3 deg; value retained in the original paper convention; selected pixel center (1177, 515). No interpolation, smoothing, coordinate conversion, or cross-study averaging."
Braman2009,In Vivo Assessment of Scapulohumeral Rhythm During Unconstrained Overhead Reaching in Asymptomatic Subjects,Braman JP; Engel SC; LaPrade RF; Ludewig PM,2009,Figure 4B,Dynamic unconstrained overhead reaching,Self-selected; mean 63.3 degrees anterior to coronal,"Bone-fixed electromagnetic sensors on scapula, clavicle, and humerus; surface sternum reference",True,12,Raising,False,105,,,2.299,,,,,,,2.299,,,,nihms-156697.pdf,Digitized,"Variable: ST_PosteriorTilt_deg; estimated digitization uncertainty +/- 0.3 deg; value retained in the original paper convention; selected pixel center (1228, 500). No interpolation, smoothing, coordinate conversion, or cross-study averaging."
Braman2009,In Vivo Assessment of Scapulohumeral Rhythm During Unconstrained Overhead Reaching in Asymptomatic Subjects,Braman JP; Engel SC; LaPrade RF; Ludewig PM,2009,Figure 4B,Dynamic unconstrained overhead reaching,Self-selected; mean 63.3 degrees anterior to coronal,"Bone-fixed electromagnetic sensors on scapula, clavicle, and humerus; surface sternum reference",True,12,Lowering,False,105,,,2.727,,,,,,,2.727,,,,nihms-156697.pdf,Digitized,"Variable: ST_PosteriorTilt_deg; estimated digitization uncertainty +/- 0.3 deg; value retained in the original paper convention; selected pixel center (1228, 484). No interpolation, smoothing, coordinate conversion, or cross-study averaging."
Braman2009,In Vivo Assessment of Scapulohumeral Rhythm During Unconstrained Overhead Reaching in Asymptomatic Subjects,Braman JP; Engel SC; LaPrade RF; Ludewig PM,2009,Figure 4B,Dynamic unconstrained overhead reaching,Self-selected; mean 63.3 degrees anterior to coronal,"Bone-fixed electromagnetic sensors on scapula, clavicle, and humerus; surface sternum reference",True,12,Raising,False,110,,,-13.075,,,,,,,-13.075,,,,nihms-156697.pdf,Digitized,"Variable: ST_PosteriorTilt_deg; estimated digitization uncertainty +/- 0.3 deg; value retained in the original paper convention; selected pixel center (1278, 1075). No interpolation, smoothing, coordinate conversion, or cross-study averaging."
Braman2009,In Vivo Assessment of Scapulohumeral Rhythm During Unconstrained Overhead Reaching in Asymptomatic Subjects,Braman JP; Engel SC; LaPrade RF; Ludewig PM,2009,Figure 4B,Dynamic unconstrained overhead reaching,Self-selected; mean 63.3 degrees anterior to coronal,"Bone-fixed electromagnetic sensors on scapula, clavicle, and humerus; surface sternum reference",True,12,Lowering,False,110,,,3.500,,,,,,,3.500,,,,nihms-156697.pdf,Digitized,"Variable: ST_PosteriorTilt_deg; estimated digitization uncertainty +/- 0.5 deg; value retained in the original paper convention; selected pixel center (1278, 1068); manual point selection after overlay review. No interpolation, smoothing, coordinate conversion, or cross-study averaging."
Braman2009,In Vivo Assessment of Scapulohumeral Rhythm During Unconstrained Overhead Reaching in Asymptomatic Subjects,Braman JP; Engel SC; LaPrade RF; Ludewig PM,2009,Figure 4B,Dynamic unconstrained overhead reaching,Self-selected; mean 63.3 degrees anterior to coronal,"Bone-fixed electromagnetic sensors on scapula, clavicle, and humerus; surface sternum reference",True,12,Raising,False,115,,,3.904,,,,,,,3.904,,,,nihms-156697.pdf,Digitized,"Variable: ST_PosteriorTilt_deg; estimated digitization uncertainty +/- 0.3 deg; value retained in the original paper convention; selected pixel center (1329, 440). No interpolation, smoothing, coordinate conversion, or cross-study averaging."
Braman2009,In Vivo Assessment of Scapulohumeral Rhythm During Unconstrained Overhead Reaching in Asymptomatic Subjects,Braman JP; Engel SC; LaPrade RF; Ludewig PM,2009,Figure 4B,Dynamic unconstrained overhead reaching,Self-selected; mean 63.3 degrees anterior to coronal,"Bone-fixed electromagnetic sensors on scapula, clavicle, and humerus; surface sternum reference",True,12,Lowering,False,115,,,4.171,,,,,,,4.171,,,,nihms-156697.pdf,Digitized,"Variable: ST_PosteriorTilt_deg; estimated digitization uncertainty +/- 0.3 deg; value retained in the original paper convention; selected pixel center (1329, 430). No interpolation, smoothing, coordinate conversion, or cross-study averaging."
Braman2009,In Vivo Assessment of Scapulohumeral Rhythm During Unconstrained Overhead Reaching in Asymptomatic Subjects,Braman JP; Engel SC; LaPrade RF; Ludewig PM,2009,Figure 4B,Dynamic unconstrained overhead reaching,Self-selected; mean 63.3 degrees anterior to coronal,"Bone-fixed electromagnetic sensors on scapula, clavicle, and humerus; surface sternum reference",True,12,Raising,False,120,,,-12.995,,,,,,,-12.995,,,,nihms-156697.pdf,Digitized,"Variable: ST_PosteriorTilt_deg; estimated digitization uncertainty +/- 0.3 deg; value retained in the original paper convention; selected pixel center (1379, 1072). No interpolation, smoothing, coordinate conversion, or cross-study averaging."
Braman2009,In Vivo Assessment of Scapulohumeral Rhythm During Unconstrained Overhead Reaching in Asymptomatic Subjects,Braman JP; Engel SC; LaPrade RF; Ludewig PM,2009,Figure 4B,Dynamic unconstrained overhead reaching,Self-selected; mean 63.3 degrees anterior to coronal,"Bone-fixed electromagnetic sensors on scapula, clavicle, and humerus; surface sternum reference",True,12,Lowering,False,120,,,5.000,,,,,,,5.000,,,,nihms-156697.pdf,Digitized,"Variable: ST_PosteriorTilt_deg; estimated digitization uncertainty +/- 0.5 deg; value retained in the original paper convention; selected pixel center (1379, 1063); manual point selection after overlay review. No interpolation, smoothing, coordinate conversion, or cross-study averaging."
Braman2009,In Vivo Assessment of Scapulohumeral Rhythm During Unconstrained Overhead Reaching in Asymptomatic Subjects,Braman JP; Engel SC; LaPrade RF; Ludewig PM,2009,Figure 4B,Dynamic unconstrained overhead reaching,Self-selected; mean 63.3 degrees anterior to coronal,"Bone-fixed electromagnetic sensors on scapula, clavicle, and humerus; surface sternum reference",True,12,Raising,False,125,,,5.267,,,,,,,5.267,,,,nihms-156697.pdf,Digitized,"Variable: ST_PosteriorTilt_deg; estimated digitization uncertainty +/- 0.3 deg; value retained in the original paper convention; selected pixel center (1430, 389). No interpolation, smoothing, coordinate conversion, or cross-study averaging."
Braman2009,In Vivo Assessment of Scapulohumeral Rhythm During Unconstrained Overhead Reaching in Asymptomatic Subjects,Braman JP; Engel SC; LaPrade RF; Ludewig PM,2009,Figure 4B,Dynamic unconstrained overhead reaching,Self-selected; mean 63.3 degrees anterior to coronal,"Bone-fixed electromagnetic sensors on scapula, clavicle, and humerus; surface sternum reference",True,12,Lowering,False,125,,,5.642,,,,,,,5.642,,,,nihms-156697.pdf,Digitized,"Variable: ST_PosteriorTilt_deg; estimated digitization uncertainty +/- 0.3 deg; value retained in the original paper convention; selected pixel center (1430, 375). No interpolation, smoothing, coordinate conversion, or cross-study averaging."
Braman2009,In Vivo Assessment of Scapulohumeral Rhythm During Unconstrained Overhead Reaching in Asymptomatic Subjects,Braman JP; Engel SC; LaPrade RF; Ludewig PM,2009,Figure 4B,Dynamic unconstrained overhead reaching,Self-selected; mean 63.3 degrees anterior to coronal,"Bone-fixed electromagnetic sensors on scapula, clavicle, and humerus; surface sternum reference",True,12,Raising,False,130,,,6.578,,,,,,,6.578,,,,nihms-156697.pdf,Digitized,"Variable: ST_PosteriorTilt_deg; estimated digitization uncertainty +/- 0.3 deg; value retained in the original paper convention; selected pixel center (1481, 340). No interpolation, smoothing, coordinate conversion, or cross-study averaging."
Braman2009,In Vivo Assessment of Scapulohumeral Rhythm During Unconstrained Overhead Reaching in Asymptomatic Subjects,Braman JP; Engel SC; LaPrade RF; Ludewig PM,2009,Figure 4B,Dynamic unconstrained overhead reaching,Self-selected; mean 63.3 degrees anterior to coronal,"Bone-fixed electromagnetic sensors on scapula, clavicle, and humerus; surface sternum reference",True,12,Lowering,False,130,,,7.754,,,,,,,7.754,,,,nihms-156697.pdf,Digitized,"Variable: ST_PosteriorTilt_deg; estimated digitization uncertainty +/- 0.3 deg; value retained in the original paper convention; selected pixel center (1481, 296). No interpolation, smoothing, coordinate conversion, or cross-study averaging."
Braman2009,In Vivo Assessment of Scapulohumeral Rhythm During Unconstrained Overhead Reaching in Asymptomatic Subjects,Braman JP; Engel SC; LaPrade RF; Ludewig PM,2009,Figure 4B,Dynamic unconstrained overhead reaching,Self-selected; mean 63.3 degrees anterior to coronal,"Bone-fixed electromagnetic sensors on scapula, clavicle, and humerus; surface sternum reference",True,12,Raising,False,135,,,7.540,,,,,,,7.540,,,,nihms-156697.pdf,Digitized,"Variable: ST_PosteriorTilt_deg; estimated digitization uncertainty +/- 0.3 deg; value retained in the original paper convention; selected pixel center (1531, 304). No interpolation, smoothing, coordinate conversion, or cross-study averaging."
Braman2009,In Vivo Assessment of Scapulohumeral Rhythm During Unconstrained Overhead Reaching in Asymptomatic Subjects,Braman JP; Engel SC; LaPrade RF; Ludewig PM,2009,Figure 4B,Dynamic unconstrained overhead reaching,Self-selected; mean 63.3 degrees anterior to coronal,"Bone-fixed electromagnetic sensors on scapula, clavicle, and humerus; surface sternum reference",True,12,Lowering,False,135,,,9.091,,,,,,,9.091,,,,nihms-156697.pdf,Digitized,"Variable: ST_PosteriorTilt_deg; estimated digitization uncertainty +/- 0.3 deg; value retained in the original paper convention; selected pixel center (1531, 246). No interpolation, smoothing, coordinate conversion, or cross-study averaging."
Braman2009,In Vivo Assessment of Scapulohumeral Rhythm During Unconstrained Overhead Reaching in Asymptomatic Subjects,Braman JP; Engel SC; LaPrade RF; Ludewig PM,2009,Figure 4B,Dynamic unconstrained overhead reaching,Self-selected; mean 63.3 degrees anterior to coronal,"Bone-fixed electromagnetic sensors on scapula, clavicle, and humerus; surface sternum reference",True,12,Raising,False,140,,,8.984,,,,,,,8.984,,,,nihms-156697.pdf,Digitized,"Variable: ST_PosteriorTilt_deg; estimated digitization uncertainty +/- 0.3 deg; value retained in the original paper convention; selected pixel center (1582, 250). No interpolation, smoothing, coordinate conversion, or cross-study averaging."
Braman2009,In Vivo Assessment of Scapulohumeral Rhythm During Unconstrained Overhead Reaching in Asymptomatic Subjects,Braman JP; Engel SC; LaPrade RF; Ludewig PM,2009,Figure 4B,Dynamic unconstrained overhead reaching,Self-selected; mean 63.3 degrees anterior to coronal,"Bone-fixed electromagnetic sensors on scapula, clavicle, and humerus; surface sternum reference",True,12,Lowering,False,140,,,9.144,,,,,,,9.144,,,,nihms-156697.pdf,Digitized,"Variable: ST_PosteriorTilt_deg; estimated digitization uncertainty +/- 0.3 deg; value retained in the original paper convention; selected pixel center (1582, 244). No interpolation, smoothing, coordinate conversion, or cross-study averaging."
Braman2009,In Vivo Assessment of Scapulohumeral Rhythm During Unconstrained Overhead Reaching in Asymptomatic Subjects,Braman JP; Engel SC; LaPrade RF; Ludewig PM,2009,Figure 4B,Dynamic unconstrained overhead reaching,Self-selected; mean 63.3 degrees anterior to coronal,"Bone-fixed electromagnetic sensors on scapula, clavicle, and humerus; surface sternum reference",True,12,Raising,False,145,,,9.439,,,,,,,9.439,,,,nihms-156697.pdf,Digitized,"Variable: ST_PosteriorTilt_deg; estimated digitization uncertainty +/- 0.3 deg; value retained in the original paper convention; selected pixel center (1632, 233). No interpolation, smoothing, coordinate conversion, or cross-study averaging."
Braman2009,In Vivo Assessment of Scapulohumeral Rhythm During Unconstrained Overhead Reaching in Asymptomatic Subjects,Braman JP; Engel SC; LaPrade RF; Ludewig PM,2009,Figure 4B,Dynamic unconstrained overhead reaching,Self-selected; mean 63.3 degrees anterior to coronal,"Bone-fixed electromagnetic sensors on scapula, clavicle, and humerus; surface sternum reference",True,12,Lowering,False,145,,,9.652,,,,,,,9.652,,,,nihms-156697.pdf,Digitized,"Variable: ST_PosteriorTilt_deg; estimated digitization uncertainty +/- 0.3 deg; value retained in the original paper convention; selected pixel center (1632, 225). No interpolation, smoothing, coordinate conversion, or cross-study averaging."
Braman2009,In Vivo Assessment of Scapulohumeral Rhythm During Unconstrained Overhead Reaching in Asymptomatic Subjects,Braman JP; Engel SC; LaPrade RF; Ludewig PM,2009,Figure 5A,Dynamic unconstrained overhead reaching,Self-selected; mean 63.3 degrees anterior to coronal,"Bone-fixed electromagnetic sensors on scapula, clavicle, and humerus; surface sternum reference",True,12,Raising,False,10,,,,,,,,5.922,,5.922,,,,nihms-156697.pdf,Digitized,"Variable: GH_Plane_deg; estimated digitization uncertainty +/- 0.35 deg; value retained in the original paper convention; selected pixel center (285, 574). No interpolation, smoothing, coordinate conversion, or cross-study averaging."
Braman2009,In Vivo Assessment of Scapulohumeral Rhythm During Unconstrained Overhead Reaching in Asymptomatic Subjects,Braman JP; Engel SC; LaPrade RF; Ludewig PM,2009,Figure 5A,Dynamic unconstrained overhead reaching,Self-selected; mean 63.3 degrees anterior to coronal,"Bone-fixed electromagnetic sensors on scapula, clavicle, and humerus; surface sternum reference",True,12,Lowering,False,10,,,,,,,,4.485,,4.485,,,,nihms-156697.pdf,Digitized,"Variable: GH_Plane_deg; estimated digitization uncertainty +/- 0.35 deg; value retained in the original paper convention; selected pixel center (285, 607). No interpolation, smoothing, coordinate conversion, or cross-study averaging."
Braman2009,In Vivo Assessment of Scapulohumeral Rhythm During Unconstrained Overhead Reaching in Asymptomatic Subjects,Braman JP; Engel SC; LaPrade RF; Ludewig PM,2009,Figure 5A,Dynamic unconstrained overhead reaching,Self-selected; mean 63.3 degrees anterior to coronal,"Bone-fixed electromagnetic sensors on scapula, clavicle, and humerus; surface sternum reference",True,12,Raising,False,15,,,,,,,,8.447,,8.447,,,,nihms-156697.pdf,Digitized,"Variable: GH_Plane_deg; estimated digitization uncertainty +/- 0.35 deg; value retained in the original paper convention; selected pixel center (316, 516). No interpolation, smoothing, coordinate conversion, or cross-study averaging."
Braman2009,In Vivo Assessment of Scapulohumeral Rhythm During Unconstrained Overhead Reaching in Asymptomatic Subjects,Braman JP; Engel SC; LaPrade RF; Ludewig PM,2009,Figure 5A,Dynamic unconstrained overhead reaching,Self-selected; mean 63.3 degrees anterior to coronal,"Bone-fixed electromagnetic sensors on scapula, clavicle, and humerus; surface sternum reference",True,12,Lowering,False,15,,,,,,,,5.051,,5.051,,,,nihms-156697.pdf,Digitized,"Variable: GH_Plane_deg; estimated digitization uncertainty +/- 0.35 deg; value retained in the original paper convention; selected pixel center (316, 594). No interpolation, smoothing, coordinate conversion, or cross-study averaging."
Braman2009,In Vivo Assessment of Scapulohumeral Rhythm During Unconstrained Overhead Reaching in Asymptomatic Subjects,Braman JP; Engel SC; LaPrade RF; Ludewig PM,2009,Figure 5A,Dynamic unconstrained overhead reaching,Self-selected; mean 63.3 degrees anterior to coronal,"Bone-fixed electromagnetic sensors on scapula, clavicle, and humerus; surface sternum reference",True,12,Raising,False,20,,,,,,,,10.450,,10.450,,,,nihms-156697.pdf,Digitized,"Variable: GH_Plane_deg; estimated digitization uncertainty +/- 0.35 deg; value retained in the original paper convention; selected pixel center (348, 470). No interpolation, smoothing, coordinate conversion, or cross-study averaging."
Braman2009,In Vivo Assessment of Scapulohumeral Rhythm During Unconstrained Overhead Reaching in Asymptomatic Subjects,Braman JP; Engel SC; LaPrade RF; Ludewig PM,2009,Figure 5A,Dynamic unconstrained overhead reaching,Self-selected; mean 63.3 degrees anterior to coronal,"Bone-fixed electromagnetic sensors on scapula, clavicle, and humerus; surface sternum reference",True,12,Lowering,False,20,,,,,,,,8.665,,8.665,,,,nihms-156697.pdf,Digitized,"Variable: GH_Plane_deg; estimated digitization uncertainty +/- 0.35 deg; value retained in the original paper convention; selected pixel center (348, 511). No interpolation, smoothing, coordinate conversion, or cross-study averaging."
Braman2009,In Vivo Assessment of Scapulohumeral Rhythm During Unconstrained Overhead Reaching in Asymptomatic Subjects,Braman JP; Engel SC; LaPrade RF; Ludewig PM,2009,Figure 5A,Dynamic unconstrained overhead reaching,Self-selected; mean 63.3 degrees anterior to coronal,"Bone-fixed electromagnetic sensors on scapula, clavicle, and humerus; surface sternum reference",True,12,Raising,False,25,,,,,,,,12.801,,12.801,,,,nihms-156697.pdf,Digitized,"Variable: GH_Plane_deg; estimated digitization uncertainty +/- 0.35 deg; value retained in the original paper convention; selected pixel center (379, 416). No interpolation, smoothing, coordinate conversion, or cross-study averaging."
Braman2009,In Vivo Assessment of Scapulohumeral Rhythm During Unconstrained Overhead Reaching in Asymptomatic Subjects,Braman JP; Engel SC; LaPrade RF; Ludewig PM,2009,Figure 5A,Dynamic unconstrained overhead reaching,Self-selected; mean 63.3 degrees anterior to coronal,"Bone-fixed electromagnetic sensors on scapula, clavicle, and humerus; surface sternum reference",True,12,Lowering,False,25,,,,,,,,9.536,,9.536,,,,nihms-156697.pdf,Digitized,"Variable: GH_Plane_deg; estimated digitization uncertainty +/- 0.35 deg; value retained in the original paper convention; selected pixel center (379, 491). No interpolation, smoothing, coordinate conversion, or cross-study averaging."
Braman2009,In Vivo Assessment of Scapulohumeral Rhythm During Unconstrained Overhead Reaching in Asymptomatic Subjects,Braman JP; Engel SC; LaPrade RF; Ludewig PM,2009,Figure 5A,Dynamic unconstrained overhead reaching,Self-selected; mean 63.3 degrees anterior to coronal,"Bone-fixed electromagnetic sensors on scapula, clavicle, and humerus; surface sternum reference",True,12,Raising,False,30,,,,,,,,14.978,,14.978,,,,nihms-156697.pdf,Digitized,"Variable: GH_Plane_deg; estimated digitization uncertainty +/- 0.35 deg; value retained in the original paper convention; selected pixel center (411, 366). No interpolation, smoothing, coordinate conversion, or cross-study averaging."
Braman2009,In Vivo Assessment of Scapulohumeral Rhythm During Unconstrained Overhead Reaching in Asymptomatic Subjects,Braman JP; Engel SC; LaPrade RF; Ludewig PM,2009,Figure 5A,Dynamic unconstrained overhead reaching,Self-selected; mean 63.3 degrees anterior to coronal,"Bone-fixed electromagnetic sensors on scapula, clavicle, and humerus; surface sternum reference",True,12,Lowering,False,30,,,,,,,,11.974,,11.974,,,,nihms-156697.pdf,Digitized,"Variable: GH_Plane_deg; estimated digitization uncertainty +/- 0.35 deg; value retained in the original paper convention; selected pixel center (411, 435). No interpolation, smoothing, coordinate conversion, or cross-study averaging."
Braman2009,In Vivo Assessment of Scapulohumeral Rhythm During Unconstrained Overhead Reaching in Asymptomatic Subjects,Braman JP; Engel SC; LaPrade RF; Ludewig PM,2009,Figure 5A,Dynamic unconstrained overhead reaching,Self-selected; mean 63.3 degrees anterior to coronal,"Bone-fixed electromagnetic sensors on scapula, clavicle, and humerus; surface sternum reference",True,12,Raising,False,35,,,,,,,,16.154,,16.154,,,,nihms-156697.pdf,Digitized,"Variable: GH_Plane_deg; estimated digitization uncertainty +/- 0.35 deg; value retained in the original paper convention; selected pixel center (442, 339). No interpolation, smoothing, coordinate conversion, or cross-study averaging."
Braman2009,In Vivo Assessment of Scapulohumeral Rhythm During Unconstrained Overhead Reaching in Asymptomatic Subjects,Braman JP; Engel SC; LaPrade RF; Ludewig PM,2009,Figure 5A,Dynamic unconstrained overhead reaching,Self-selected; mean 63.3 degrees anterior to coronal,"Bone-fixed electromagnetic sensors on scapula, clavicle, and humerus; surface sternum reference",True,12,Lowering,False,35,,,,,,,,13.977,,13.977,,,,nihms-156697.pdf,Digitized,"Variable: GH_Plane_deg; estimated digitization uncertainty +/- 0.35 deg; value retained in the original paper convention; selected pixel center (442, 389). No interpolation, smoothing, coordinate conversion, or cross-study averaging."
Braman2009,In Vivo Assessment of Scapulohumeral Rhythm During Unconstrained Overhead Reaching in Asymptomatic Subjects,Braman JP; Engel SC; LaPrade RF; Ludewig PM,2009,Figure 5A,Dynamic unconstrained overhead reaching,Self-selected; mean 63.3 degrees anterior to coronal,"Bone-fixed electromagnetic sensors on scapula, clavicle, and humerus; surface sternum reference",True,12,Raising,False,40,,,,,,,,17.808,,17.808,,,,nihms-156697.pdf,Digitized,"Variable: GH_Plane_deg; estimated digitization uncertainty +/- 0.35 deg; value retained in the original paper convention; selected pixel center (473, 301). No interpolation, smoothing, coordinate conversion, or cross-study averaging."
Braman2009,In Vivo Assessment of Scapulohumeral Rhythm During Unconstrained Overhead Reaching in Asymptomatic Subjects,Braman JP; Engel SC; LaPrade RF; Ludewig PM,2009,Figure 5A,Dynamic unconstrained overhead reaching,Self-selected; mean 63.3 degrees anterior to coronal,"Bone-fixed electromagnetic sensors on scapula, clavicle, and humerus; surface sternum reference",True,12,Lowering,False,40,,,,,,,,15.675,,15.675,,,,nihms-156697.pdf,Digitized,"Variable: GH_Plane_deg; estimated digitization uncertainty +/- 0.35 deg; value retained in the original paper convention; selected pixel center (473, 350). No interpolation, smoothing, coordinate conversion, or cross-study averaging."
Braman2009,In Vivo Assessment of Scapulohumeral Rhythm During Unconstrained Overhead Reaching in Asymptomatic Subjects,Braman JP; Engel SC; LaPrade RF; Ludewig PM,2009,Figure 5A,Dynamic unconstrained overhead reaching,Self-selected; mean 63.3 degrees anterior to coronal,"Bone-fixed electromagnetic sensors on scapula, clavicle, and humerus; surface sternum reference",True,12,Raising,False,45,,,,,,,,19.245,,19.245,,,,nihms-156697.pdf,Digitized,"Variable: GH_Plane_deg; estimated digitization uncertainty +/- 0.35 deg; value retained in the original paper convention; selected pixel center (505, 268). No interpolation, smoothing, coordinate conversion, or cross-study averaging."
Braman2009,In Vivo Assessment of Scapulohumeral Rhythm During Unconstrained Overhead Reaching in Asymptomatic Subjects,Braman JP; Engel SC; LaPrade RF; Ludewig PM,2009,Figure 5A,Dynamic unconstrained overhead reaching,Self-selected; mean 63.3 degrees anterior to coronal,"Bone-fixed electromagnetic sensors on scapula, clavicle, and humerus; surface sternum reference",True,12,Lowering,False,45,,,,,,,,17.112,,17.112,,,,nihms-156697.pdf,Digitized,"Variable: GH_Plane_deg; estimated digitization uncertainty +/- 0.35 deg; value retained in the original paper convention; selected pixel center (505, 317). No interpolation, smoothing, coordinate conversion, or cross-study averaging."
Braman2009,In Vivo Assessment of Scapulohumeral Rhythm During Unconstrained Overhead Reaching in Asymptomatic Subjects,Braman JP; Engel SC; LaPrade RF; Ludewig PM,2009,Figure 5A,Dynamic unconstrained overhead reaching,Self-selected; mean 63.3 degrees anterior to coronal,"Bone-fixed electromagnetic sensors on scapula, clavicle, and humerus; surface sternum reference",True,12,Raising,False,50,,,,,,,,20.552,,20.552,,,,nihms-156697.pdf,Digitized,"Variable: GH_Plane_deg; estimated digitization uncertainty +/- 0.35 deg; value retained in the original paper convention; selected pixel center (536, 238). No interpolation, smoothing, coordinate conversion, or cross-study averaging."
Braman2009,In Vivo Assessment of Scapulohumeral Rhythm During Unconstrained Overhead Reaching in Asymptomatic Subjects,Braman JP; Engel SC; LaPrade RF; Ludewig PM,2009,Figure 5A,Dynamic unconstrained overhead reaching,Self-selected; mean 63.3 degrees anterior to coronal,"Bone-fixed electromagnetic sensors on scapula, clavicle, and humerus; surface sternum reference",True,12,Lowering,False,50,,,,,,,,18.505,,18.505,,,,nihms-156697.pdf,Digitized,"Variable: GH_Plane_deg; estimated digitization uncertainty +/- 0.35 deg; value retained in the original paper convention; selected pixel center (536, 285). No interpolation, smoothing, coordinate conversion, or cross-study averaging."
Braman2009,In Vivo Assessment of Scapulohumeral Rhythm During Unconstrained Overhead Reaching in Asymptomatic Subjects,Braman JP; Engel SC; LaPrade RF; Ludewig PM,2009,Figure 5A,Dynamic unconstrained overhead reaching,Self-selected; mean 63.3 degrees anterior to coronal,"Bone-fixed electromagnetic sensors on scapula, clavicle, and humerus; surface sternum reference",True,12,Raising,False,55,,,,,,,,21.422,,21.422,,,,nihms-156697.pdf,Digitized,"Variable: GH_Plane_deg; estimated digitization uncertainty +/- 0.35 deg; value retained in the original paper convention; selected pixel center (568, 218). No interpolation, smoothing, coordinate conversion, or cross-study averaging."
Braman2009,In Vivo Assessment of Scapulohumeral Rhythm During Unconstrained Overhead Reaching in Asymptomatic Subjects,Braman JP; Engel SC; LaPrade RF; Ludewig PM,2009,Figure 5A,Dynamic unconstrained overhead reaching,Self-selected; mean 63.3 degrees anterior to coronal,"Bone-fixed electromagnetic sensors on scapula, clavicle, and humerus; surface sternum reference",True,12,Lowering,False,55,,,,,,,,19.594,,19.594,,,,nihms-156697.pdf,Digitized,"Variable: GH_Plane_deg; estimated digitization uncertainty +/- 0.35 deg; value retained in the original paper convention; selected pixel center (568, 260). No interpolation, smoothing, coordinate conversion, or cross-study averaging."
Braman2009,In Vivo Assessment of Scapulohumeral Rhythm During Unconstrained Overhead Reaching in Asymptomatic Subjects,Braman JP; Engel SC; LaPrade RF; Ludewig PM,2009,Figure 5A,Dynamic unconstrained overhead reaching,Self-selected; mean 63.3 degrees anterior to coronal,"Bone-fixed electromagnetic sensors on scapula, clavicle, and humerus; surface sternum reference",True,12,Raising,False,60,,,,,,,,22.163,,22.163,,,,nihms-156697.pdf,Digitized,"Variable: GH_Plane_deg; estimated digitization uncertainty +/- 0.35 deg; value retained in the original paper convention; selected pixel center (599, 201). No interpolation, smoothing, coordinate conversion, or cross-study averaging."
Braman2009,In Vivo Assessment of Scapulohumeral Rhythm During Unconstrained Overhead Reaching in Asymptomatic Subjects,Braman JP; Engel SC; LaPrade RF; Ludewig PM,2009,Figure 5A,Dynamic unconstrained overhead reaching,Self-selected; mean 63.3 degrees anterior to coronal,"Bone-fixed electromagnetic sensors on scapula, clavicle, and humerus; surface sternum reference",True,12,Lowering,False,60,,,,,,,,20.464,,20.464,,,,nihms-156697.pdf,Digitized,"Variable: GH_Plane_deg; estimated digitization uncertainty +/- 0.35 deg; value retained in the original paper convention; selected pixel center (599, 240). No interpolation, smoothing, coordinate conversion, or cross-study averaging."
Braman2009,In Vivo Assessment of Scapulohumeral Rhythm During Unconstrained Overhead Reaching in Asymptomatic Subjects,Braman JP; Engel SC; LaPrade RF; Ludewig PM,2009,Figure 5A,Dynamic unconstrained overhead reaching,Self-selected; mean 63.3 degrees anterior to coronal,"Bone-fixed electromagnetic sensors on scapula, clavicle, and humerus; surface sternum reference",True,12,Raising,False,65,,,,,,,,22.729,,22.729,,,,nihms-156697.pdf,Digitized,"Variable: GH_Plane_deg; estimated digitization uncertainty +/- 0.35 deg; value retained in the original paper convention; selected pixel center (631, 188). No interpolation, smoothing, coordinate conversion, or cross-study averaging."
Braman2009,In Vivo Assessment of Scapulohumeral Rhythm During Unconstrained Overhead Reaching in Asymptomatic Subjects,Braman JP; Engel SC; LaPrade RF; Ludewig PM,2009,Figure 5A,Dynamic unconstrained overhead reaching,Self-selected; mean 63.3 degrees anterior to coronal,"Bone-fixed electromagnetic sensors on scapula, clavicle, and humerus; surface sternum reference",True,12,Lowering,False,65,,,,,,,,21.205,,21.205,,,,nihms-156697.pdf,Digitized,"Variable: GH_Plane_deg; estimated digitization uncertainty +/- 0.35 deg; value retained in the original paper convention; selected pixel center (631, 223). No interpolation, smoothing, coordinate conversion, or cross-study averaging."
Braman2009,In Vivo Assessment of Scapulohumeral Rhythm During Unconstrained Overhead Reaching in Asymptomatic Subjects,Braman JP; Engel SC; LaPrade RF; Ludewig PM,2009,Figure 5A,Dynamic unconstrained overhead reaching,Self-selected; mean 63.3 degrees anterior to coronal,"Bone-fixed electromagnetic sensors on scapula, clavicle, and humerus; surface sternum reference",True,12,Raising,False,70,,,,,,,,23.033,,23.033,,,,nihms-156697.pdf,Digitized,"Variable: GH_Plane_deg; estimated digitization uncertainty +/- 0.35 deg; value retained in the original paper convention; selected pixel center (662, 181). No interpolation, smoothing, coordinate conversion, or cross-study averaging."
Braman2009,In Vivo Assessment of Scapulohumeral Rhythm During Unconstrained Overhead Reaching in Asymptomatic Subjects,Braman JP; Engel SC; LaPrade RF; Ludewig PM,2009,Figure 5A,Dynamic unconstrained overhead reaching,Self-selected; mean 63.3 degrees anterior to coronal,"Bone-fixed electromagnetic sensors on scapula, clavicle, and humerus; surface sternum reference",True,12,Lowering,False,70,,,,,,,,21.640,,21.640,,,,nihms-156697.pdf,Digitized,"Variable: GH_Plane_deg; estimated digitization uncertainty +/- 0.35 deg; value retained in the original paper convention; selected pixel center (662, 213). No interpolation, smoothing, coordinate conversion, or cross-study averaging."
Braman2009,In Vivo Assessment of Scapulohumeral Rhythm During Unconstrained Overhead Reaching in Asymptomatic Subjects,Braman JP; Engel SC; LaPrade RF; Ludewig PM,2009,Figure 5A,Dynamic unconstrained overhead reaching,Self-selected; mean 63.3 degrees anterior to coronal,"Bone-fixed electromagnetic sensors on scapula, clavicle, and humerus; surface sternum reference",True,12,Raising,False,75,,,,,,,,23.033,,23.033,,,,nihms-156697.pdf,Digitized,"Variable: GH_Plane_deg; estimated digitization uncertainty +/- 0.35 deg; value retained in the original paper convention; selected pixel center (694, 181). No interpolation, smoothing, coordinate conversion, or cross-study averaging."
Braman2009,In Vivo Assessment of Scapulohumeral Rhythm During Unconstrained Overhead Reaching in Asymptomatic Subjects,Braman JP; Engel SC; LaPrade RF; Ludewig PM,2009,Figure 5A,Dynamic unconstrained overhead reaching,Self-selected; mean 63.3 degrees anterior to coronal,"Bone-fixed electromagnetic sensors on scapula, clavicle, and humerus; surface sternum reference",True,12,Lowering,False,75,,,,,,,,21.945,,21.945,,,,nihms-156697.pdf,Digitized,"Variable: GH_Plane_deg; estimated digitization uncertainty +/- 0.35 deg; value retained in the original paper convention; selected pixel center (694, 206). No interpolation, smoothing, coordinate conversion, or cross-study averaging."
Braman2009,In Vivo Assessment of Scapulohumeral Rhythm During Unconstrained Overhead Reaching in Asymptomatic Subjects,Braman JP; Engel SC; LaPrade RF; Ludewig PM,2009,Figure 5A,Dynamic unconstrained overhead reaching,Self-selected; mean 63.3 degrees anterior to coronal,"Bone-fixed electromagnetic sensors on scapula, clavicle, and humerus; surface sternum reference",True,12,Raising,False,80,,,,,,,,22.903,,22.903,,,,nihms-156697.pdf,Digitized,"Variable: GH_Plane_deg; estimated digitization uncertainty +/- 0.35 deg; value retained in the original paper convention; selected pixel center (725, 184). No interpolation, smoothing, coordinate conversion, or cross-study averaging."
Braman2009,In Vivo Assessment of Scapulohumeral Rhythm During Unconstrained Overhead Reaching in Asymptomatic Subjects,Braman JP; Engel SC; LaPrade RF; Ludewig PM,2009,Figure 5A,Dynamic unconstrained overhead reaching,Self-selected; mean 63.3 degrees anterior to coronal,"Bone-fixed electromagnetic sensors on scapula, clavicle, and humerus; surface sternum reference",True,12,Lowering,False,80,,,,,,,,22.032,,22.032,,,,nihms-156697.pdf,Digitized,"Variable: GH_Plane_deg; estimated digitization uncertainty +/- 0.35 deg; value retained in the original paper convention; selected pixel center (725, 204). No interpolation, smoothing, coordinate conversion, or cross-study averaging."
Braman2009,In Vivo Assessment of Scapulohumeral Rhythm During Unconstrained Overhead Reaching in Asymptomatic Subjects,Braman JP; Engel SC; LaPrade RF; Ludewig PM,2009,Figure 5A,Dynamic unconstrained overhead reaching,Self-selected; mean 63.3 degrees anterior to coronal,"Bone-fixed electromagnetic sensors on scapula, clavicle, and humerus; surface sternum reference",True,12,Raising,False,85,,,,,,,,22.424,,22.424,,,,nihms-156697.pdf,Digitized,"Variable: GH_Plane_deg; estimated digitization uncertainty +/- 0.35 deg; value retained in the original paper convention; selected pixel center (756, 195). No interpolation, smoothing, coordinate conversion, or cross-study averaging."
Braman2009,In Vivo Assessment of Scapulohumeral Rhythm During Unconstrained Overhead Reaching in Asymptomatic Subjects,Braman JP; Engel SC; LaPrade RF; Ludewig PM,2009,Figure 5A,Dynamic unconstrained overhead reaching,Self-selected; mean 63.3 degrees anterior to coronal,"Bone-fixed electromagnetic sensors on scapula, clavicle, and humerus; surface sternum reference",True,12,Lowering,False,85,,,,,,,,21.901,,21.901,,,,nihms-156697.pdf,Digitized,"Variable: GH_Plane_deg; estimated digitization uncertainty +/- 0.35 deg; value retained in the original paper convention; selected pixel center (756, 207). No interpolation, smoothing, coordinate conversion, or cross-study averaging."
Braman2009,In Vivo Assessment of Scapulohumeral Rhythm During Unconstrained Overhead Reaching in Asymptomatic Subjects,Braman JP; Engel SC; LaPrade RF; Ludewig PM,2009,Figure 5A,Dynamic unconstrained overhead reaching,Self-selected; mean 63.3 degrees anterior to coronal,"Bone-fixed electromagnetic sensors on scapula, clavicle, and humerus; surface sternum reference",True,12,Raising,False,90,,,,,,,,21.814,,21.814,,,,nihms-156697.pdf,Digitized,"Variable: GH_Plane_deg; estimated digitization uncertainty +/- 0.35 deg; value retained in the original paper convention; selected pixel center (788, 209). No interpolation, smoothing, coordinate conversion, or cross-study averaging."
Braman2009,In Vivo Assessment of Scapulohumeral Rhythm During Unconstrained Overhead Reaching in Asymptomatic Subjects,Braman JP; Engel SC; LaPrade RF; Ludewig PM,2009,Figure 5A,Dynamic unconstrained overhead reaching,Self-selected; mean 63.3 degrees anterior to coronal,"Bone-fixed electromagnetic sensors on scapula, clavicle, and humerus; surface sternum reference",True,12,Lowering,False,90,,,,,,,,21.422,,21.422,,,,nihms-156697.pdf,Digitized,"Variable: GH_Plane_deg; estimated digitization uncertainty +/- 0.35 deg; value retained in the original paper convention; selected pixel center (788, 218). No interpolation, smoothing, coordinate conversion, or cross-study averaging."
Braman2009,In Vivo Assessment of Scapulohumeral Rhythm During Unconstrained Overhead Reaching in Asymptomatic Subjects,Braman JP; Engel SC; LaPrade RF; Ludewig PM,2009,Figure 5A,Dynamic unconstrained overhead reaching,Self-selected; mean 63.3 degrees anterior to coronal,"Bone-fixed electromagnetic sensors on scapula, clavicle, and humerus; surface sternum reference",True,12,Raising,False,95,,,,,,,,20.987,,20.987,,,,nihms-156697.pdf,Digitized,"Variable: GH_Plane_deg; estimated digitization uncertainty +/- 0.35 deg; value retained in the original paper convention; selected pixel center (819, 228). No interpolation, smoothing, coordinate conversion, or cross-study averaging."
Braman2009,In Vivo Assessment of Scapulohumeral Rhythm During Unconstrained Overhead Reaching in Asymptomatic Subjects,Braman JP; Engel SC; LaPrade RF; Ludewig PM,2009,Figure 5A,Dynamic unconstrained overhead reaching,Self-selected; mean 63.3 degrees anterior to coronal,"Bone-fixed electromagnetic sensors on scapula, clavicle, and humerus; surface sternum reference",True,12,Lowering,False,95,,,,,,,,20.726,,20.726,,,,nihms-156697.pdf,Digitized,"Variable: GH_Plane_deg; estimated digitization uncertainty +/- 0.35 deg; value retained in the original paper convention; selected pixel center (819, 234). No interpolation, smoothing, coordinate conversion, or cross-study averaging."
Braman2009,In Vivo Assessment of Scapulohumeral Rhythm During Unconstrained Overhead Reaching in Asymptomatic Subjects,Braman JP; Engel SC; LaPrade RF; Ludewig PM,2009,Figure 5A,Dynamic unconstrained overhead reaching,Self-selected; mean 63.3 degrees anterior to coronal,"Bone-fixed electromagnetic sensors on scapula, clavicle, and humerus; surface sternum reference",True,12,Raising,False,100,,,,,,,,19.985,,19.985,,,,nihms-156697.pdf,Digitized,"Variable: GH_Plane_deg; estimated digitization uncertainty +/- 0.35 deg; value retained in the original paper convention; selected pixel center (851, 251). No interpolation, smoothing, coordinate conversion, or cross-study averaging."
Braman2009,In Vivo Assessment of Scapulohumeral Rhythm During Unconstrained Overhead Reaching in Asymptomatic Subjects,Braman JP; Engel SC; LaPrade RF; Ludewig PM,2009,Figure 5A,Dynamic unconstrained overhead reaching,Self-selected; mean 63.3 degrees anterior to coronal,"Bone-fixed electromagnetic sensors on scapula, clavicle, and humerus; surface sternum reference",True,12,Lowering,False,100,,,,,,,,19.855,,19.855,,,,nihms-156697.pdf,Digitized,"Variable: GH_Plane_deg; estimated digitization uncertainty +/- 0.35 deg; value retained in the original paper convention; selected pixel center (851, 254). No interpolation, smoothing, coordinate conversion, or cross-study averaging."
Braman2009,In Vivo Assessment of Scapulohumeral Rhythm During Unconstrained Overhead Reaching in Asymptomatic Subjects,Braman JP; Engel SC; LaPrade RF; Ludewig PM,2009,Figure 5A,Dynamic unconstrained overhead reaching,Self-selected; mean 63.3 degrees anterior to coronal,"Bone-fixed electromagnetic sensors on scapula, clavicle, and humerus; surface sternum reference",True,12,Raising,False,105,,,,,,,,18.810,,18.810,,,,nihms-156697.pdf,Digitized,"Variable: GH_Plane_deg; estimated digitization uncertainty +/- 0.35 deg; value retained in the original paper convention; selected pixel center (882, 278). No interpolation, smoothing, coordinate conversion, or cross-study averaging."
Braman2009,In Vivo Assessment of Scapulohumeral Rhythm During Unconstrained Overhead Reaching in Asymptomatic Subjects,Braman JP; Engel SC; LaPrade RF; Ludewig PM,2009,Figure 5A,Dynamic unconstrained overhead reaching,Self-selected; mean 63.3 degrees anterior to coronal,"Bone-fixed electromagnetic sensors on scapula, clavicle, and humerus; surface sternum reference",True,12,Lowering,False,105,,,,,,,,18.679,,18.679,,,,nihms-156697.pdf,Digitized,"Variable: GH_Plane_deg; estimated digitization uncertainty +/- 0.35 deg; value retained in the original paper convention; selected pixel center (882, 281). No interpolation, smoothing, coordinate conversion, or cross-study averaging."
Braman2009,In Vivo Assessment of Scapulohumeral Rhythm During Unconstrained Overhead Reaching in Asymptomatic Subjects,Braman JP; Engel SC; LaPrade RF; Ludewig PM,2009,Figure 5A,Dynamic unconstrained overhead reaching,Self-selected; mean 63.3 degrees anterior to coronal,"Bone-fixed electromagnetic sensors on scapula, clavicle, and humerus; surface sternum reference",True,12,Raising,False,110,,,,,,,,17.068,,17.068,,,,nihms-156697.pdf,Digitized,"Variable: GH_Plane_deg; estimated digitization uncertainty +/- 0.35 deg; value retained in the original paper convention; selected pixel center (914, 318). No interpolation, smoothing, coordinate conversion, or cross-study averaging."
Braman2009,In Vivo Assessment of Scapulohumeral Rhythm During Unconstrained Overhead Reaching in Asymptomatic Subjects,Braman JP; Engel SC; LaPrade RF; Ludewig PM,2009,Figure 5A,Dynamic unconstrained overhead reaching,Self-selected; mean 63.3 degrees anterior to coronal,"Bone-fixed electromagnetic sensors on scapula, clavicle, and humerus; surface sternum reference",True,12,Lowering,False,110,,,,,,,,17.373,,17.373,,,,nihms-156697.pdf,Digitized,"Variable: GH_Plane_deg; estimated digitization uncertainty +/- 0.35 deg; value retained in the original paper convention; selected pixel center (914, 311). No interpolation, smoothing, coordinate conversion, or cross-study averaging."
Braman2009,In Vivo Assessment of Scapulohumeral Rhythm During Unconstrained Overhead Reaching in Asymptomatic Subjects,Braman JP; Engel SC; LaPrade RF; Ludewig PM,2009,Figure 5A,Dynamic unconstrained overhead reaching,Self-selected; mean 63.3 degrees anterior to coronal,"Bone-fixed electromagnetic sensors on scapula, clavicle, and humerus; surface sternum reference",True,12,Raising,False,115,,,,,,,,15.675,,15.675,,,,nihms-156697.pdf,Digitized,"Variable: GH_Plane_deg; estimated digitization uncertainty +/- 0.35 deg; value retained in the original paper convention; selected pixel center (945, 350). No interpolation, smoothing, coordinate conversion, or cross-study averaging."
Braman2009,In Vivo Assessment of Scapulohumeral Rhythm During Unconstrained Overhead Reaching in Asymptomatic Subjects,Braman JP; Engel SC; LaPrade RF; Ludewig PM,2009,Figure 5A,Dynamic unconstrained overhead reaching,Self-selected; mean 63.3 degrees anterior to coronal,"Bone-fixed electromagnetic sensors on scapula, clavicle, and humerus; surface sternum reference",True,12,Lowering,False,115,,,,,,,,15.849,,15.849,,,,nihms-156697.pdf,Digitized,"Variable: GH_Plane_deg; estimated digitization uncertainty +/- 0.35 deg; value retained in the original paper convention; selected pixel center (945, 346). No interpolation, smoothing, coordinate conversion, or cross-study averaging."
Braman2009,In Vivo Assessment of Scapulohumeral Rhythm During Unconstrained Overhead Reaching in Asymptomatic Subjects,Braman JP; Engel SC; LaPrade RF; Ludewig PM,2009,Figure 5A,Dynamic unconstrained overhead reaching,Self-selected; mean 63.3 degrees anterior to coronal,"Bone-fixed electromagnetic sensors on scapula, clavicle, and humerus; surface sternum reference",True,12,Raising,False,120,,,,,,,,14.325,,14.325,,,,nihms-156697.pdf,Digitized,"Variable: GH_Plane_deg; estimated digitization uncertainty +/- 0.35 deg; value retained in the original paper convention; selected pixel center (976, 381). No interpolation, smoothing, coordinate conversion, or cross-study averaging."
Braman2009,In Vivo Assessment of Scapulohumeral Rhythm During Unconstrained Overhead Reaching in Asymptomatic Subjects,Braman JP; Engel SC; LaPrade RF; Ludewig PM,2009,Figure 5A,Dynamic unconstrained overhead reaching,Self-selected; mean 63.3 degrees anterior to coronal,"Bone-fixed electromagnetic sensors on scapula, clavicle, and humerus; surface sternum reference",True,12,Lowering,False,120,,,,,,,,15.936,,15.936,,,,nihms-156697.pdf,Digitized,"Variable: GH_Plane_deg; estimated digitization uncertainty +/- 0.35 deg; value retained in the original paper convention; selected pixel center (976, 344). No interpolation, smoothing, coordinate conversion, or cross-study averaging."
Braman2009,In Vivo Assessment of Scapulohumeral Rhythm During Unconstrained Overhead Reaching in Asymptomatic Subjects,Braman JP; Engel SC; LaPrade RF; Ludewig PM,2009,Figure 5A,Dynamic unconstrained overhead reaching,Self-selected; mean 63.3 degrees anterior to coronal,"Bone-fixed electromagnetic sensors on scapula, clavicle, and humerus; surface sternum reference",True,12,Raising,False,125,,,,,,,,11.016,,11.016,,,,nihms-156697.pdf,Digitized,"Variable: GH_Plane_deg; estimated digitization uncertainty +/- 0.35 deg; value retained in the original paper convention; selected pixel center (1008, 457). No interpolation, smoothing, coordinate conversion, or cross-study averaging."
Braman2009,In Vivo Assessment of Scapulohumeral Rhythm During Unconstrained Overhead Reaching in Asymptomatic Subjects,Braman JP; Engel SC; LaPrade RF; Ludewig PM,2009,Figure 5A,Dynamic unconstrained overhead reaching,Self-selected; mean 63.3 degrees anterior to coronal,"Bone-fixed electromagnetic sensors on scapula, clavicle, and humerus; surface sternum reference",True,12,Lowering,False,125,,,,,,,,12.366,,12.366,,,,nihms-156697.pdf,Digitized,"Variable: GH_Plane_deg; estimated digitization uncertainty +/- 0.35 deg; value retained in the original paper convention; selected pixel center (1008, 426). No interpolation, smoothing, coordinate conversion, or cross-study averaging."
Braman2009,In Vivo Assessment of Scapulohumeral Rhythm During Unconstrained Overhead Reaching in Asymptomatic Subjects,Braman JP; Engel SC; LaPrade RF; Ludewig PM,2009,Figure 5A,Dynamic unconstrained overhead reaching,Self-selected; mean 63.3 degrees anterior to coronal,"Bone-fixed electromagnetic sensors on scapula, clavicle, and humerus; surface sternum reference",True,12,Raising,False,130,,,,,,,,8.882,,8.882,,,,nihms-156697.pdf,Digitized,"Variable: GH_Plane_deg; estimated digitization uncertainty +/- 0.35 deg; value retained in the original paper convention; selected pixel center (1039, 506). No interpolation, smoothing, coordinate conversion, or cross-study averaging."
Braman2009,In Vivo Assessment of Scapulohumeral Rhythm During Unconstrained Overhead Reaching in Asymptomatic Subjects,Braman JP; Engel SC; LaPrade RF; Ludewig PM,2009,Figure 5A,Dynamic unconstrained overhead reaching,Self-selected; mean 63.3 degrees anterior to coronal,"Bone-fixed electromagnetic sensors on scapula, clavicle, and humerus; surface sternum reference",True,12,Lowering,False,130,,,,,,,,10.842,,10.842,,,,nihms-156697.pdf,Digitized,"Variable: GH_Plane_deg; estimated digitization uncertainty +/- 0.35 deg; value retained in the original paper convention; selected pixel center (1039, 461). No interpolation, smoothing, coordinate conversion, or cross-study averaging."
Braman2009,In Vivo Assessment of Scapulohumeral Rhythm During Unconstrained Overhead Reaching in Asymptomatic Subjects,Braman JP; Engel SC; LaPrade RF; Ludewig PM,2009,Figure 5A,Dynamic unconstrained overhead reaching,Self-selected; mean 63.3 degrees anterior to coronal,"Bone-fixed electromagnetic sensors on scapula, clavicle, and humerus; surface sternum reference",True,12,Raising,False,135,,,,,,,,13.106,,13.106,,,,nihms-156697.pdf,Digitized,"Variable: GH_Plane_deg; estimated digitization uncertainty +/- 0.35 deg; value retained in the original paper convention; selected pixel center (1071, 409). No interpolation, smoothing, coordinate conversion, or cross-study averaging."
Braman2009,In Vivo Assessment of Scapulohumeral Rhythm During Unconstrained Overhead Reaching in Asymptomatic Subjects,Braman JP; Engel SC; LaPrade RF; Ludewig PM,2009,Figure 5A,Dynamic unconstrained overhead reaching,Self-selected; mean 63.3 degrees anterior to coronal,"Bone-fixed electromagnetic sensors on scapula, clavicle, and humerus; surface sternum reference",True,12,Lowering,False,135,,,,,,,,13.454,,13.454,,,,nihms-156697.pdf,Digitized,"Variable: GH_Plane_deg; estimated digitization uncertainty +/- 0.35 deg; value retained in the original paper convention; selected pixel center (1071, 401). No interpolation, smoothing, coordinate conversion, or cross-study averaging."
Braman2009,In Vivo Assessment of Scapulohumeral Rhythm During Unconstrained Overhead Reaching in Asymptomatic Subjects,Braman JP; Engel SC; LaPrade RF; Ludewig PM,2009,Figure 5A,Dynamic unconstrained overhead reaching,Self-selected; mean 63.3 degrees anterior to coronal,"Bone-fixed electromagnetic sensors on scapula, clavicle, and humerus; surface sternum reference",True,12,Raising,False,140,,,,,,,,11.147,,11.147,,,,nihms-156697.pdf,Digitized,"Variable: GH_Plane_deg; estimated digitization uncertainty +/- 0.35 deg; value retained in the original paper convention; selected pixel center (1102, 454). No interpolation, smoothing, coordinate conversion, or cross-study averaging."
Braman2009,In Vivo Assessment of Scapulohumeral Rhythm During Unconstrained Overhead Reaching in Asymptomatic Subjects,Braman JP; Engel SC; LaPrade RF; Ludewig PM,2009,Figure 5A,Dynamic unconstrained overhead reaching,Self-selected; mean 63.3 degrees anterior to coronal,"Bone-fixed electromagnetic sensors on scapula, clavicle, and humerus; surface sternum reference",True,12,Lowering,False,140,,,,,,,,14.107,,14.107,,,,nihms-156697.pdf,Digitized,"Variable: GH_Plane_deg; estimated digitization uncertainty +/- 0.35 deg; value retained in the original paper convention; selected pixel center (1102, 386). No interpolation, smoothing, coordinate conversion, or cross-study averaging."
Braman2009,In Vivo Assessment of Scapulohumeral Rhythm During Unconstrained Overhead Reaching in Asymptomatic Subjects,Braman JP; Engel SC; LaPrade RF; Ludewig PM,2009,Figure 5A,Dynamic unconstrained overhead reaching,Self-selected; mean 63.3 degrees anterior to coronal,"Bone-fixed electromagnetic sensors on scapula, clavicle, and humerus; surface sternum reference",True,12,Raising,False,145,,,,,,,,12.322,,12.322,,,,nihms-156697.pdf,Digitized,"Variable: GH_Plane_deg; estimated digitization uncertainty +/- 0.35 deg; value retained in the original paper convention; selected pixel center (1134, 427). No interpolation, smoothing, coordinate conversion, or cross-study averaging."
Braman2009,In Vivo Assessment of Scapulohumeral Rhythm During Unconstrained Overhead Reaching in Asymptomatic Subjects,Braman JP; Engel SC; LaPrade RF; Ludewig PM,2009,Figure 5A,Dynamic unconstrained overhead reaching,Self-selected; mean 63.3 degrees anterior to coronal,"Bone-fixed electromagnetic sensors on scapula, clavicle, and humerus; surface sternum reference",True,12,Lowering,False,145,,,,,,,,12.061,,12.061,,,,nihms-156697.pdf,Digitized,"Variable: GH_Plane_deg; estimated digitization uncertainty +/- 0.35 deg; value retained in the original paper convention; selected pixel center (1134, 433). No interpolation, smoothing, coordinate conversion, or cross-study averaging."
Braman2009,In Vivo Assessment of Scapulohumeral Rhythm During Unconstrained Overhead Reaching in Asymptomatic Subjects,Braman JP; Engel SC; LaPrade RF; Ludewig PM,2009,Figure 5B,Dynamic unconstrained overhead reaching,Self-selected; mean 63.3 degrees anterior to coronal,"Bone-fixed electromagnetic sensors on scapula, clavicle, and humerus; surface sternum reference",True,12,Raising,False,10,,,,,,,,,20.065,20.065,,,,nihms-156697.pdf,Digitized,"Variable: GH_ExternalRotation_deg; estimated digitization uncertainty +/- 0.6 deg; value retained in the original paper convention; selected pixel center (186, 483). No interpolation, smoothing, coordinate conversion, or cross-study averaging."
Braman2009,In Vivo Assessment of Scapulohumeral Rhythm During Unconstrained Overhead Reaching in Asymptomatic Subjects,Braman JP; Engel SC; LaPrade RF; Ludewig PM,2009,Figure 5B,Dynamic unconstrained overhead reaching,Self-selected; mean 63.3 degrees anterior to coronal,"Bone-fixed electromagnetic sensors on scapula, clavicle, and humerus; surface sternum reference",True,12,Lowering,False,10,,,,,,,,,21.618,21.618,,,,nihms-156697.pdf,Digitized,"Variable: GH_ExternalRotation_deg; estimated digitization uncertainty +/- 0.6 deg; value retained in the original paper convention; selected pixel center (186, 471). No interpolation, smoothing, coordinate conversion, or cross-study averaging."
Braman2009,In Vivo Assessment of Scapulohumeral Rhythm During Unconstrained Overhead Reaching in Asymptomatic Subjects,Braman JP; Engel SC; LaPrade RF; Ludewig PM,2009,Figure 5B,Dynamic unconstrained overhead reaching,Self-selected; mean 63.3 degrees anterior to coronal,"Bone-fixed electromagnetic sensors on scapula, clavicle, and humerus; surface sternum reference",True,12,Raising,False,15,,,,,,,,,29.385,29.385,,,,nihms-156697.pdf,Digitized,"Variable: GH_ExternalRotation_deg; estimated digitization uncertainty +/- 0.6 deg; value retained in the original paper convention; selected pixel center (221, 411). No interpolation, smoothing, coordinate conversion, or cross-study averaging."
Braman2009,In Vivo Assessment of Scapulohumeral Rhythm During Unconstrained Overhead Reaching in Asymptomatic Subjects,Braman JP; Engel SC; LaPrade RF; Ludewig PM,2009,Figure 5B,Dynamic unconstrained overhead reaching,Self-selected; mean 63.3 degrees anterior to coronal,"Bone-fixed electromagnetic sensors on scapula, clavicle, and humerus; surface sternum reference",True,12,Lowering,False,15,,,,,,,,,25.761,25.761,,,,nihms-156697.pdf,Digitized,"Variable: GH_ExternalRotation_deg; estimated digitization uncertainty +/- 0.6 deg; value retained in the original paper convention; selected pixel center (221, 439). No interpolation, smoothing, coordinate conversion, or cross-study averaging."
Braman2009,In Vivo Assessment of Scapulohumeral Rhythm During Unconstrained Overhead Reaching in Asymptomatic Subjects,Braman JP; Engel SC; LaPrade RF; Ludewig PM,2009,Figure 5B,Dynamic unconstrained overhead reaching,Self-selected; mean 63.3 degrees anterior to coronal,"Bone-fixed electromagnetic sensors on scapula, clavicle, and humerus; surface sternum reference",True,12,Raising,False,20,,,,,,,,,30.162,30.162,,,,nihms-156697.pdf,Digitized,"Variable: GH_ExternalRotation_deg; estimated digitization uncertainty +/- 0.6 deg; value retained in the original paper convention; selected pixel center (256, 405). No interpolation, smoothing, coordinate conversion, or cross-study averaging."
Braman2009,In Vivo Assessment of Scapulohumeral Rhythm During Unconstrained Overhead Reaching in Asymptomatic Subjects,Braman JP; Engel SC; LaPrade RF; Ludewig PM,2009,Figure 5B,Dynamic unconstrained overhead reaching,Self-selected; mean 63.3 degrees anterior to coronal,"Bone-fixed electromagnetic sensors on scapula, clavicle, and humerus; surface sternum reference",True,12,Lowering,False,20,,,,,,,,,26.667,26.667,,,,nihms-156697.pdf,Digitized,"Variable: GH_ExternalRotation_deg; estimated digitization uncertainty +/- 0.6 deg; value retained in the original paper convention; selected pixel center (256, 432). No interpolation, smoothing, coordinate conversion, or cross-study averaging."
Braman2009,In Vivo Assessment of Scapulohumeral Rhythm During Unconstrained Overhead Reaching in Asymptomatic Subjects,Braman JP; Engel SC; LaPrade RF; Ludewig PM,2009,Figure 5B,Dynamic unconstrained overhead reaching,Self-selected; mean 63.3 degrees anterior to coronal,"Bone-fixed electromagnetic sensors on scapula, clavicle, and humerus; surface sternum reference",True,12,Raising,False,25,,,,,,,,,31.974,31.974,,,,nihms-156697.pdf,Digitized,"Variable: GH_ExternalRotation_deg; estimated digitization uncertainty +/- 0.6 deg; value retained in the original paper convention; selected pixel center (291, 391). No interpolation, smoothing, coordinate conversion, or cross-study averaging."
Braman2009,In Vivo Assessment of Scapulohumeral Rhythm During Unconstrained Overhead Reaching in Asymptomatic Subjects,Braman JP; Engel SC; LaPrade RF; Ludewig PM,2009,Figure 5B,Dynamic unconstrained overhead reaching,Self-selected; mean 63.3 degrees anterior to coronal,"Bone-fixed electromagnetic sensors on scapula, clavicle, and humerus; surface sternum reference",True,12,Lowering,False,25,,,,,,,,,30.809,30.809,,,,nihms-156697.pdf,Digitized,"Variable: GH_ExternalRotation_deg; estimated digitization uncertainty +/- 0.6 deg; value retained in the original paper convention; selected pixel center (291, 400). No interpolation, smoothing, coordinate conversion, or cross-study averaging."
Braman2009,In Vivo Assessment of Scapulohumeral Rhythm During Unconstrained Overhead Reaching in Asymptomatic Subjects,Braman JP; Engel SC; LaPrade RF; Ludewig PM,2009,Figure 5B,Dynamic unconstrained overhead reaching,Self-selected; mean 63.3 degrees anterior to coronal,"Bone-fixed electromagnetic sensors on scapula, clavicle, and humerus; surface sternum reference",True,12,Raising,False,30,,,,,,,,,34.563,34.563,,,,nihms-156697.pdf,Digitized,"Variable: GH_ExternalRotation_deg; estimated digitization uncertainty +/- 0.6 deg; value retained in the original paper convention; selected pixel center (326, 371). No interpolation, smoothing, coordinate conversion, or cross-study averaging."
Braman2009,In Vivo Assessment of Scapulohumeral Rhythm During Unconstrained Overhead Reaching in Asymptomatic Subjects,Braman JP; Engel SC; LaPrade RF; Ludewig PM,2009,Figure 5B,Dynamic unconstrained overhead reaching,Self-selected; mean 63.3 degrees anterior to coronal,"Bone-fixed electromagnetic sensors on scapula, clavicle, and humerus; surface sternum reference",True,12,Lowering,False,30,,,,,,,,,33.657,33.657,,,,nihms-156697.pdf,Digitized,"Variable: GH_ExternalRotation_deg; estimated digitization uncertainty +/- 0.6 deg; value retained in the original paper convention; selected pixel center (326, 378). No interpolation, smoothing, coordinate conversion, or cross-study averaging."
Braman2009,In Vivo Assessment of Scapulohumeral Rhythm During Unconstrained Overhead Reaching in Asymptomatic Subjects,Braman JP; Engel SC; LaPrade RF; Ludewig PM,2009,Figure 5B,Dynamic unconstrained overhead reaching,Self-selected; mean 63.3 degrees anterior to coronal,"Bone-fixed electromagnetic sensors on scapula, clavicle, and humerus; surface sternum reference",True,12,Raising,False,35,,,,,,,,,36.764,36.764,,,,nihms-156697.pdf,Digitized,"Variable: GH_ExternalRotation_deg; estimated digitization uncertainty +/- 0.6 deg; value retained in the original paper convention; selected pixel center (361, 354). No interpolation, smoothing, coordinate conversion, or cross-study averaging."
Braman2009,In Vivo Assessment of Scapulohumeral Rhythm During Unconstrained Overhead Reaching in Asymptomatic Subjects,Braman JP; Engel SC; LaPrade RF; Ludewig PM,2009,Figure 5B,Dynamic unconstrained overhead reaching,Self-selected; mean 63.3 degrees anterior to coronal,"Bone-fixed electromagnetic sensors on scapula, clavicle, and humerus; surface sternum reference",True,12,Lowering,False,35,,,,,,,,,36.246,36.246,,,,nihms-156697.pdf,Digitized,"Variable: GH_ExternalRotation_deg; estimated digitization uncertainty +/- 0.6 deg; value retained in the original paper convention; selected pixel center (361, 358). No interpolation, smoothing, coordinate conversion, or cross-study averaging."
Braman2009,In Vivo Assessment of Scapulohumeral Rhythm During Unconstrained Overhead Reaching in Asymptomatic Subjects,Braman JP; Engel SC; LaPrade RF; Ludewig PM,2009,Figure 5B,Dynamic unconstrained overhead reaching,Self-selected; mean 63.3 degrees anterior to coronal,"Bone-fixed electromagnetic sensors on scapula, clavicle, and humerus; surface sternum reference",True,12,Raising,False,40,,,,,,,,,39.612,39.612,,,,nihms-156697.pdf,Digitized,"Variable: GH_ExternalRotation_deg; estimated digitization uncertainty +/- 0.6 deg; value retained in the original paper convention; selected pixel center (395, 332). No interpolation, smoothing, coordinate conversion, or cross-study averaging."
Braman2009,In Vivo Assessment of Scapulohumeral Rhythm During Unconstrained Overhead Reaching in Asymptomatic Subjects,Braman JP; Engel SC; LaPrade RF; Ludewig PM,2009,Figure 5B,Dynamic unconstrained overhead reaching,Self-selected; mean 63.3 degrees anterior to coronal,"Bone-fixed electromagnetic sensors on scapula, clavicle, and humerus; surface sternum reference",True,12,Lowering,False,40,,,,,,,,,38.706,38.706,,,,nihms-156697.pdf,Digitized,"Variable: GH_ExternalRotation_deg; estimated digitization uncertainty +/- 0.6 deg; value retained in the original paper convention; selected pixel center (395, 339). No interpolation, smoothing, coordinate conversion, or cross-study averaging."
Braman2009,In Vivo Assessment of Scapulohumeral Rhythm During Unconstrained Overhead Reaching in Asymptomatic Subjects,Braman JP; Engel SC; LaPrade RF; Ludewig PM,2009,Figure 5B,Dynamic unconstrained overhead reaching,Self-selected; mean 63.3 degrees anterior to coronal,"Bone-fixed electromagnetic sensors on scapula, clavicle, and humerus; surface sternum reference",True,12,Raising,False,45,,,,,,,,,41.424,41.424,,,,nihms-156697.pdf,Digitized,"Variable: GH_ExternalRotation_deg; estimated digitization uncertainty +/- 0.6 deg; value retained in the original paper convention; selected pixel center (430, 318). No interpolation, smoothing, coordinate conversion, or cross-study averaging."
Braman2009,In Vivo Assessment of Scapulohumeral Rhythm During Unconstrained Overhead Reaching in Asymptomatic Subjects,Braman JP; Engel SC; LaPrade RF; Ludewig PM,2009,Figure 5B,Dynamic unconstrained overhead reaching,Self-selected; mean 63.3 degrees anterior to coronal,"Bone-fixed electromagnetic sensors on scapula, clavicle, and humerus; surface sternum reference",True,12,Lowering,False,45,,,,,,,,,41.036,41.036,,,,nihms-156697.pdf,Digitized,"Variable: GH_ExternalRotation_deg; estimated digitization uncertainty +/- 0.6 deg; value retained in the original paper convention; selected pixel center (430, 321). No interpolation, smoothing, coordinate conversion, or cross-study averaging."
Braman2009,In Vivo Assessment of Scapulohumeral Rhythm During Unconstrained Overhead Reaching in Asymptomatic Subjects,Braman JP; Engel SC; LaPrade RF; Ludewig PM,2009,Figure 5B,Dynamic unconstrained overhead reaching,Self-selected; mean 63.3 degrees anterior to coronal,"Bone-fixed electromagnetic sensors on scapula, clavicle, and humerus; surface sternum reference",True,12,Raising,False,50,,,,,,,,,43.754,43.754,,,,nihms-156697.pdf,Digitized,"Variable: GH_ExternalRotation_deg; estimated digitization uncertainty +/- 0.6 deg; value retained in the original paper convention; selected pixel center (465, 300). No interpolation, smoothing, coordinate conversion, or cross-study averaging."
Braman2009,In Vivo Assessment of Scapulohumeral Rhythm During Unconstrained Overhead Reaching in Asymptomatic Subjects,Braman JP; Engel SC; LaPrade RF; Ludewig PM,2009,Figure 5B,Dynamic unconstrained overhead reaching,Self-selected; mean 63.3 degrees anterior to coronal,"Bone-fixed electromagnetic sensors on scapula, clavicle, and humerus; surface sternum reference",True,12,Lowering,False,50,,,,,,,,,43.107,43.107,,,,nihms-156697.pdf,Digitized,"Variable: GH_ExternalRotation_deg; estimated digitization uncertainty +/- 0.6 deg; value retained in the original paper convention; selected pixel center (465, 305). No interpolation, smoothing, coordinate conversion, or cross-study averaging."
Braman2009,In Vivo Assessment of Scapulohumeral Rhythm During Unconstrained Overhead Reaching in Asymptomatic Subjects,Braman JP; Engel SC; LaPrade RF; Ludewig PM,2009,Figure 5B,Dynamic unconstrained overhead reaching,Self-selected; mean 63.3 degrees anterior to coronal,"Bone-fixed electromagnetic sensors on scapula, clavicle, and humerus; surface sternum reference",True,12,Raising,False,55,,,,,,,,,46.084,46.084,,,,nihms-156697.pdf,Digitized,"Variable: GH_ExternalRotation_deg; estimated digitization uncertainty +/- 0.6 deg; value retained in the original paper convention; selected pixel center (500, 282). No interpolation, smoothing, coordinate conversion, or cross-study averaging."
Braman2009,In Vivo Assessment of Scapulohumeral Rhythm During Unconstrained Overhead Reaching in Asymptomatic Subjects,Braman JP; Engel SC; LaPrade RF; Ludewig PM,2009,Figure 5B,Dynamic unconstrained overhead reaching,Self-selected; mean 63.3 degrees anterior to coronal,"Bone-fixed electromagnetic sensors on scapula, clavicle, and humerus; surface sternum reference",True,12,Lowering,False,55,,,,,,,,,45.178,45.178,,,,nihms-156697.pdf,Digitized,"Variable: GH_ExternalRotation_deg; estimated digitization uncertainty +/- 0.6 deg; value retained in the original paper convention; selected pixel center (500, 289). No interpolation, smoothing, coordinate conversion, or cross-study averaging."
Braman2009,In Vivo Assessment of Scapulohumeral Rhythm During Unconstrained Overhead Reaching in Asymptomatic Subjects,Braman JP; Engel SC; LaPrade RF; Ludewig PM,2009,Figure 5B,Dynamic unconstrained overhead reaching,Self-selected; mean 63.3 degrees anterior to coronal,"Bone-fixed electromagnetic sensors on scapula, clavicle, and humerus; surface sternum reference",True,12,Raising,False,60,,,,,,,,,48.285,48.285,,,,nihms-156697.pdf,Digitized,"Variable: GH_ExternalRotation_deg; estimated digitization uncertainty +/- 0.6 deg; value retained in the original paper convention; selected pixel center (535, 265). No interpolation, smoothing, coordinate conversion, or cross-study averaging."
Braman2009,In Vivo Assessment of Scapulohumeral Rhythm During Unconstrained Overhead Reaching in Asymptomatic Subjects,Braman JP; Engel SC; LaPrade RF; Ludewig PM,2009,Figure 5B,Dynamic unconstrained overhead reaching,Self-selected; mean 63.3 degrees anterior to coronal,"Bone-fixed electromagnetic sensors on scapula, clavicle, and humerus; surface sternum reference",True,12,Lowering,False,60,,,,,,,,,47.379,47.379,,,,nihms-156697.pdf,Digitized,"Variable: GH_ExternalRotation_deg; estimated digitization uncertainty +/- 0.6 deg; value retained in the original paper convention; selected pixel center (535, 272). No interpolation, smoothing, coordinate conversion, or cross-study averaging."
Braman2009,In Vivo Assessment of Scapulohumeral Rhythm During Unconstrained Overhead Reaching in Asymptomatic Subjects,Braman JP; Engel SC; LaPrade RF; Ludewig PM,2009,Figure 5B,Dynamic unconstrained overhead reaching,Self-selected; mean 63.3 degrees anterior to coronal,"Bone-fixed electromagnetic sensors on scapula, clavicle, and humerus; surface sternum reference",True,12,Raising,False,65,,,,,,,,,50.874,50.874,,,,nihms-156697.pdf,Digitized,"Variable: GH_ExternalRotation_deg; estimated digitization uncertainty +/- 0.6 deg; value retained in the original paper convention; selected pixel center (570, 245). No interpolation, smoothing, coordinate conversion, or cross-study averaging."
Braman2009,In Vivo Assessment of Scapulohumeral Rhythm During Unconstrained Overhead Reaching in Asymptomatic Subjects,Braman JP; Engel SC; LaPrade RF; Ludewig PM,2009,Figure 5B,Dynamic unconstrained overhead reaching,Self-selected; mean 63.3 degrees anterior to coronal,"Bone-fixed electromagnetic sensors on scapula, clavicle, and humerus; surface sternum reference",True,12,Lowering,False,65,,,,,,,,,49.709,49.709,,,,nihms-156697.pdf,Digitized,"Variable: GH_ExternalRotation_deg; estimated digitization uncertainty +/- 0.6 deg; value retained in the original paper convention; selected pixel center (570, 254). No interpolation, smoothing, coordinate conversion, or cross-study averaging."
Braman2009,In Vivo Assessment of Scapulohumeral Rhythm During Unconstrained Overhead Reaching in Asymptomatic Subjects,Braman JP; Engel SC; LaPrade RF; Ludewig PM,2009,Figure 5B,Dynamic unconstrained overhead reaching,Self-selected; mean 63.3 degrees anterior to coronal,"Bone-fixed electromagnetic sensors on scapula, clavicle, and humerus; surface sternum reference",True,12,Raising,False,70,,,,,,,,,53.074,53.074,,,,nihms-156697.pdf,Digitized,"Variable: GH_ExternalRotation_deg; estimated digitization uncertainty +/- 0.6 deg; value retained in the original paper convention; selected pixel center (605, 228). No interpolation, smoothing, coordinate conversion, or cross-study averaging."
Braman2009,In Vivo Assessment of Scapulohumeral Rhythm During Unconstrained Overhead Reaching in Asymptomatic Subjects,Braman JP; Engel SC; LaPrade RF; Ludewig PM,2009,Figure 5B,Dynamic unconstrained overhead reaching,Self-selected; mean 63.3 degrees anterior to coronal,"Bone-fixed electromagnetic sensors on scapula, clavicle, and humerus; surface sternum reference",True,12,Lowering,False,70,,,,,,,,,51.909,51.909,,,,nihms-156697.pdf,Digitized,"Variable: GH_ExternalRotation_deg; estimated digitization uncertainty +/- 0.6 deg; value retained in the original paper convention; selected pixel center (605, 237). No interpolation, smoothing, coordinate conversion, or cross-study averaging."
Braman2009,In Vivo Assessment of Scapulohumeral Rhythm During Unconstrained Overhead Reaching in Asymptomatic Subjects,Braman JP; Engel SC; LaPrade RF; Ludewig PM,2009,Figure 5B,Dynamic unconstrained overhead reaching,Self-selected; mean 63.3 degrees anterior to coronal,"Bone-fixed electromagnetic sensors on scapula, clavicle, and humerus; surface sternum reference",True,12,Raising,False,75,,,,,,,,,55.275,55.275,,,,nihms-156697.pdf,Digitized,"Variable: GH_ExternalRotation_deg; estimated digitization uncertainty +/- 0.6 deg; value retained in the original paper convention; selected pixel center (640, 211). No interpolation, smoothing, coordinate conversion, or cross-study averaging."
Braman2009,In Vivo Assessment of Scapulohumeral Rhythm During Unconstrained Overhead Reaching in Asymptomatic Subjects,Braman JP; Engel SC; LaPrade RF; Ludewig PM,2009,Figure 5B,Dynamic unconstrained overhead reaching,Self-selected; mean 63.3 degrees anterior to coronal,"Bone-fixed electromagnetic sensors on scapula, clavicle, and humerus; surface sternum reference",True,12,Lowering,False,75,,,,,,,,,54.110,54.110,,,,nihms-156697.pdf,Digitized,"Variable: GH_ExternalRotation_deg; estimated digitization uncertainty +/- 0.6 deg; value retained in the original paper convention; selected pixel center (640, 220). No interpolation, smoothing, coordinate conversion, or cross-study averaging."
Braman2009,In Vivo Assessment of Scapulohumeral Rhythm During Unconstrained Overhead Reaching in Asymptomatic Subjects,Braman JP; Engel SC; LaPrade RF; Ludewig PM,2009,Figure 5B,Dynamic unconstrained overhead reaching,Self-selected; mean 63.3 degrees anterior to coronal,"Bone-fixed electromagnetic sensors on scapula, clavicle, and humerus; surface sternum reference",True,12,Raising,False,80,,,,,,,,,57.346,57.346,,,,nihms-156697.pdf,Digitized,"Variable: GH_ExternalRotation_deg; estimated digitization uncertainty +/- 0.6 deg; value retained in the original paper convention; selected pixel center (675, 195). No interpolation, smoothing, coordinate conversion, or cross-study averaging."
Braman2009,In Vivo Assessment of Scapulohumeral Rhythm During Unconstrained Overhead Reaching in Asymptomatic Subjects,Braman JP; Engel SC; LaPrade RF; Ludewig PM,2009,Figure 5B,Dynamic unconstrained overhead reaching,Self-selected; mean 63.3 degrees anterior to coronal,"Bone-fixed electromagnetic sensors on scapula, clavicle, and humerus; surface sternum reference",True,12,Lowering,False,80,,,,,,,,,56.311,56.311,,,,nihms-156697.pdf,Digitized,"Variable: GH_ExternalRotation_deg; estimated digitization uncertainty +/- 0.6 deg; value retained in the original paper convention; selected pixel center (675, 203). No interpolation, smoothing, coordinate conversion, or cross-study averaging."
Braman2009,In Vivo Assessment of Scapulohumeral Rhythm During Unconstrained Overhead Reaching in Asymptomatic Subjects,Braman JP; Engel SC; LaPrade RF; Ludewig PM,2009,Figure 5B,Dynamic unconstrained overhead reaching,Self-selected; mean 63.3 degrees anterior to coronal,"Bone-fixed electromagnetic sensors on scapula, clavicle, and humerus; surface sternum reference",True,12,Raising,False,85,,,,,,,,,59.288,59.288,,,,nihms-156697.pdf,Digitized,"Variable: GH_ExternalRotation_deg; estimated digitization uncertainty +/- 0.6 deg; value retained in the original paper convention; selected pixel center (710, 180). No interpolation, smoothing, coordinate conversion, or cross-study averaging."
Braman2009,In Vivo Assessment of Scapulohumeral Rhythm During Unconstrained Overhead Reaching in Asymptomatic Subjects,Braman JP; Engel SC; LaPrade RF; Ludewig PM,2009,Figure 5B,Dynamic unconstrained overhead reaching,Self-selected; mean 63.3 degrees anterior to coronal,"Bone-fixed electromagnetic sensors on scapula, clavicle, and humerus; surface sternum reference",True,12,Lowering,False,85,,,,,,,,,58.382,58.382,,,,nihms-156697.pdf,Digitized,"Variable: GH_ExternalRotation_deg; estimated digitization uncertainty +/- 0.6 deg; value retained in the original paper convention; selected pixel center (710, 187). No interpolation, smoothing, coordinate conversion, or cross-study averaging."
Braman2009,In Vivo Assessment of Scapulohumeral Rhythm During Unconstrained Overhead Reaching in Asymptomatic Subjects,Braman JP; Engel SC; LaPrade RF; Ludewig PM,2009,Figure 5B,Dynamic unconstrained overhead reaching,Self-selected; mean 63.3 degrees anterior to coronal,"Bone-fixed electromagnetic sensors on scapula, clavicle, and humerus; surface sternum reference",True,12,Raising,False,90,,,,,,,,,61.230,61.230,,,,nihms-156697.pdf,Digitized,"Variable: GH_ExternalRotation_deg; estimated digitization uncertainty +/- 0.6 deg; value retained in the original paper convention; selected pixel center (745, 165). No interpolation, smoothing, coordinate conversion, or cross-study averaging."
Braman2009,In Vivo Assessment of Scapulohumeral Rhythm During Unconstrained Overhead Reaching in Asymptomatic Subjects,Braman JP; Engel SC; LaPrade RF; Ludewig PM,2009,Figure 5B,Dynamic unconstrained overhead reaching,Self-selected; mean 63.3 degrees anterior to coronal,"Bone-fixed electromagnetic sensors on scapula, clavicle, and humerus; surface sternum reference",True,12,Lowering,False,90,,,,,,,,,60.583,60.583,,,,nihms-156697.pdf,Digitized,"Variable: GH_ExternalRotation_deg; estimated digitization uncertainty +/- 0.6 deg; value retained in the original paper convention; selected pixel center (745, 170). No interpolation, smoothing, coordinate conversion, or cross-study averaging."
Braman2009,In Vivo Assessment of Scapulohumeral Rhythm During Unconstrained Overhead Reaching in Asymptomatic Subjects,Braman JP; Engel SC; LaPrade RF; Ludewig PM,2009,Figure 5B,Dynamic unconstrained overhead reaching,Self-selected; mean 63.3 degrees anterior to coronal,"Bone-fixed electromagnetic sensors on scapula, clavicle, and humerus; surface sternum reference",True,12,Raising,False,95,,,,,,,,,59.806,59.806,,,,nihms-156697.pdf,Digitized,"Variable: GH_ExternalRotation_deg; estimated digitization uncertainty +/- 0.6 deg; value retained in the original paper convention; selected pixel center (780, 176). No interpolation, smoothing, coordinate conversion, or cross-study averaging."
Braman2009,In Vivo Assessment of Scapulohumeral Rhythm During Unconstrained Overhead Reaching in Asymptomatic Subjects,Braman JP; Engel SC; LaPrade RF; Ludewig PM,2009,Figure 5B,Dynamic unconstrained overhead reaching,Self-selected; mean 63.3 degrees anterior to coronal,"Bone-fixed electromagnetic sensors on scapula, clavicle, and humerus; surface sternum reference",True,12,Lowering,False,95,,,,,,,,,62.395,62.395,,,,nihms-156697.pdf,Digitized,"Variable: GH_ExternalRotation_deg; estimated digitization uncertainty +/- 0.6 deg; value retained in the original paper convention; selected pixel center (780, 156). No interpolation, smoothing, coordinate conversion, or cross-study averaging."
Braman2009,In Vivo Assessment of Scapulohumeral Rhythm During Unconstrained Overhead Reaching in Asymptomatic Subjects,Braman JP; Engel SC; LaPrade RF; Ludewig PM,2009,Figure 5B,Dynamic unconstrained overhead reaching,Self-selected; mean 63.3 degrees anterior to coronal,"Bone-fixed electromagnetic sensors on scapula, clavicle, and humerus; surface sternum reference",True,12,Raising,False,100,,,,,,,,,64.207,64.207,,,,nihms-156697.pdf,Digitized,"Variable: GH_ExternalRotation_deg; estimated digitization uncertainty +/- 0.6 deg; value retained in the original paper convention; selected pixel center (815, 142). No interpolation, smoothing, coordinate conversion, or cross-study averaging."
Braman2009,In Vivo Assessment of Scapulohumeral Rhythm During Unconstrained Overhead Reaching in Asymptomatic Subjects,Braman JP; Engel SC; LaPrade RF; Ludewig PM,2009,Figure 5B,Dynamic unconstrained overhead reaching,Self-selected; mean 63.3 degrees anterior to coronal,"Bone-fixed electromagnetic sensors on scapula, clavicle, and humerus; surface sternum reference",True,12,Lowering,False,100,,,,,,,,,64.078,64.078,,,,nihms-156697.pdf,Digitized,"Variable: GH_ExternalRotation_deg; estimated digitization uncertainty +/- 0.6 deg; value retained in the original paper convention; selected pixel center (815, 143). No interpolation, smoothing, coordinate conversion, or cross-study averaging."
Braman2009,In Vivo Assessment of Scapulohumeral Rhythm During Unconstrained Overhead Reaching in Asymptomatic Subjects,Braman JP; Engel SC; LaPrade RF; Ludewig PM,2009,Figure 5B,Dynamic unconstrained overhead reaching,Self-selected; mean 63.3 degrees anterior to coronal,"Bone-fixed electromagnetic sensors on scapula, clavicle, and humerus; surface sternum reference",True,12,Raising,False,105,,,,,,,,,65.500,65.500,,,,nihms-156697.pdf,Digitized,"Variable: GH_ExternalRotation_deg; estimated digitization uncertainty +/- 0.8 deg; value retained in the original paper convention; selected pixel center (850, 114); manual point selection after overlay review. No interpolation, smoothing, coordinate conversion, or cross-study averaging."
Braman2009,In Vivo Assessment of Scapulohumeral Rhythm During Unconstrained Overhead Reaching in Asymptomatic Subjects,Braman JP; Engel SC; LaPrade RF; Ludewig PM,2009,Figure 5B,Dynamic unconstrained overhead reaching,Self-selected; mean 63.3 degrees anterior to coronal,"Bone-fixed electromagnetic sensors on scapula, clavicle, and humerus; surface sternum reference",True,12,Lowering,False,105,,,,,,,,,65.502,65.502,,,,nihms-156697.pdf,Digitized,"Variable: GH_ExternalRotation_deg; estimated digitization uncertainty +/- 0.6 deg; value retained in the original paper convention; selected pixel center (850, 132). No interpolation, smoothing, coordinate conversion, or cross-study averaging."
Braman2009,In Vivo Assessment of Scapulohumeral Rhythm During Unconstrained Overhead Reaching in Asymptomatic Subjects,Braman JP; Engel SC; LaPrade RF; Ludewig PM,2009,Figure 5B,Dynamic unconstrained overhead reaching,Self-selected; mean 63.3 degrees anterior to coronal,"Bone-fixed electromagnetic sensors on scapula, clavicle, and humerus; surface sternum reference",True,12,Raising,False,110,,,,,,,,,65.761,65.761,,,,nihms-156697.pdf,Digitized,"Variable: GH_ExternalRotation_deg; estimated digitization uncertainty +/- 0.6 deg; value retained in the original paper convention; selected pixel center (885, 130). No interpolation, smoothing, coordinate conversion, or cross-study averaging."
Braman2009,In Vivo Assessment of Scapulohumeral Rhythm During Unconstrained Overhead Reaching in Asymptomatic Subjects,Braman JP; Engel SC; LaPrade RF; Ludewig PM,2009,Figure 5B,Dynamic unconstrained overhead reaching,Self-selected; mean 63.3 degrees anterior to coronal,"Bone-fixed electromagnetic sensors on scapula, clavicle, and humerus; surface sternum reference",True,12,Lowering,False,110,,,,,,,,,66.537,66.537,,,,nihms-156697.pdf,Digitized,"Variable: GH_ExternalRotation_deg; estimated digitization uncertainty +/- 0.6 deg; value retained in the original paper convention; selected pixel center (885, 124). No interpolation, smoothing, coordinate conversion, or cross-study averaging."
Braman2009,In Vivo Assessment of Scapulohumeral Rhythm During Unconstrained Overhead Reaching in Asymptomatic Subjects,Braman JP; Engel SC; LaPrade RF; Ludewig PM,2009,Figure 5B,Dynamic unconstrained overhead reaching,Self-selected; mean 63.3 degrees anterior to coronal,"Bone-fixed electromagnetic sensors on scapula, clavicle, and humerus; surface sternum reference",True,12,Raising,False,115,,,,,,,,,67.055,67.055,,,,nihms-156697.pdf,Digitized,"Variable: GH_ExternalRotation_deg; estimated digitization uncertainty +/- 0.6 deg; value retained in the original paper convention; selected pixel center (919, 120). No interpolation, smoothing, coordinate conversion, or cross-study averaging."
Braman2009,In Vivo Assessment of Scapulohumeral Rhythm During Unconstrained Overhead Reaching in Asymptomatic Subjects,Braman JP; Engel SC; LaPrade RF; Ludewig PM,2009,Figure 5B,Dynamic unconstrained overhead reaching,Self-selected; mean 63.3 degrees anterior to coronal,"Bone-fixed electromagnetic sensors on scapula, clavicle, and humerus; surface sternum reference",True,12,Lowering,False,115,,,,,,,,,67.184,67.184,,,,nihms-156697.pdf,Digitized,"Variable: GH_ExternalRotation_deg; estimated digitization uncertainty +/- 0.6 deg; value retained in the original paper convention; selected pixel center (919, 119). No interpolation, smoothing, coordinate conversion, or cross-study averaging."
Braman2009,In Vivo Assessment of Scapulohumeral Rhythm During Unconstrained Overhead Reaching in Asymptomatic Subjects,Braman JP; Engel SC; LaPrade RF; Ludewig PM,2009,Figure 5B,Dynamic unconstrained overhead reaching,Self-selected; mean 63.3 degrees anterior to coronal,"Bone-fixed electromagnetic sensors on scapula, clavicle, and humerus; surface sternum reference",True,12,Raising,False,120,,,,,,,,,65.243,65.243,,,,nihms-156697.pdf,Digitized,"Variable: GH_ExternalRotation_deg; estimated digitization uncertainty +/- 0.6 deg; value retained in the original paper convention; selected pixel center (954, 134). No interpolation, smoothing, coordinate conversion, or cross-study averaging."
Braman2009,In Vivo Assessment of Scapulohumeral Rhythm During Unconstrained Overhead Reaching in Asymptomatic Subjects,Braman JP; Engel SC; LaPrade RF; Ludewig PM,2009,Figure 5B,Dynamic unconstrained overhead reaching,Self-selected; mean 63.3 degrees anterior to coronal,"Bone-fixed electromagnetic sensors on scapula, clavicle, and humerus; surface sternum reference",True,12,Lowering,False,120,,,,,,,,,67.443,67.443,,,,nihms-156697.pdf,Digitized,"Variable: GH_ExternalRotation_deg; estimated digitization uncertainty +/- 0.6 deg; value retained in the original paper convention; selected pixel center (954, 117). No interpolation, smoothing, coordinate conversion, or cross-study averaging."
Braman2009,In Vivo Assessment of Scapulohumeral Rhythm During Unconstrained Overhead Reaching in Asymptomatic Subjects,Braman JP; Engel SC; LaPrade RF; Ludewig PM,2009,Figure 5B,Dynamic unconstrained overhead reaching,Self-selected; mean 63.3 degrees anterior to coronal,"Bone-fixed electromagnetic sensors on scapula, clavicle, and humerus; surface sternum reference",True,12,Raising,False,125,,,,,,,,,65.113,65.113,,,,nihms-156697.pdf,Digitized,"Variable: GH_ExternalRotation_deg; estimated digitization uncertainty +/- 0.6 deg; value retained in the original paper convention; selected pixel center (989, 135). No interpolation, smoothing, coordinate conversion, or cross-study averaging."
Braman2009,In Vivo Assessment of Scapulohumeral Rhythm During Unconstrained Overhead Reaching in Asymptomatic Subjects,Braman JP; Engel SC; LaPrade RF; Ludewig PM,2009,Figure 5B,Dynamic unconstrained overhead reaching,Self-selected; mean 63.3 degrees anterior to coronal,"Bone-fixed electromagnetic sensors on scapula, clavicle, and humerus; surface sternum reference",True,12,Lowering,False,125,,,,,,,,,66.796,66.796,,,,nihms-156697.pdf,Digitized,"Variable: GH_ExternalRotation_deg; estimated digitization uncertainty +/- 0.6 deg; value retained in the original paper convention; selected pixel center (989, 122). No interpolation, smoothing, coordinate conversion, or cross-study averaging."
Braman2009,In Vivo Assessment of Scapulohumeral Rhythm During Unconstrained Overhead Reaching in Asymptomatic Subjects,Braman JP; Engel SC; LaPrade RF; Ludewig PM,2009,Figure 5B,Dynamic unconstrained overhead reaching,Self-selected; mean 63.3 degrees anterior to coronal,"Bone-fixed electromagnetic sensors on scapula, clavicle, and humerus; surface sternum reference",True,12,Raising,False,130,,,,,,,,,63.948,63.948,,,,nihms-156697.pdf,Digitized,"Variable: GH_ExternalRotation_deg; estimated digitization uncertainty +/- 0.6 deg; value retained in the original paper convention; selected pixel center (1024, 144). No interpolation, smoothing, coordinate conversion, or cross-study averaging."
Braman2009,In Vivo Assessment of Scapulohumeral Rhythm During Unconstrained Overhead Reaching in Asymptomatic Subjects,Braman JP; Engel SC; LaPrade RF; Ludewig PM,2009,Figure 5B,Dynamic unconstrained overhead reaching,Self-selected; mean 63.3 degrees anterior to coronal,"Bone-fixed electromagnetic sensors on scapula, clavicle, and humerus; surface sternum reference",True,12,Lowering,False,130,,,,,,,,,65.890,65.890,,,,nihms-156697.pdf,Digitized,"Variable: GH_ExternalRotation_deg; estimated digitization uncertainty +/- 0.6 deg; value retained in the original paper convention; selected pixel center (1024, 129). No interpolation, smoothing, coordinate conversion, or cross-study averaging."
Braman2009,In Vivo Assessment of Scapulohumeral Rhythm During Unconstrained Overhead Reaching in Asymptomatic Subjects,Braman JP; Engel SC; LaPrade RF; Ludewig PM,2009,Figure 5B,Dynamic unconstrained overhead reaching,Self-selected; mean 63.3 degrees anterior to coronal,"Bone-fixed electromagnetic sensors on scapula, clavicle, and humerus; surface sternum reference",True,12,Raising,False,135,,,,,,,,,64.984,64.984,,,,nihms-156697.pdf,Digitized,"Variable: GH_ExternalRotation_deg; estimated digitization uncertainty +/- 0.6 deg; value retained in the original paper convention; selected pixel center (1059, 136). No interpolation, smoothing, coordinate conversion, or cross-study averaging."
Braman2009,In Vivo Assessment of Scapulohumeral Rhythm During Unconstrained Overhead Reaching in Asymptomatic Subjects,Braman JP; Engel SC; LaPrade RF; Ludewig PM,2009,Figure 5B,Dynamic unconstrained overhead reaching,Self-selected; mean 63.3 degrees anterior to coronal,"Bone-fixed electromagnetic sensors on scapula, clavicle, and humerus; surface sternum reference",True,12,Lowering,False,135,,,,,,,,,66.926,66.926,,,,nihms-156697.pdf,Digitized,"Variable: GH_ExternalRotation_deg; estimated digitization uncertainty +/- 0.6 deg; value retained in the original paper convention; selected pixel center (1059, 121). No interpolation, smoothing, coordinate conversion, or cross-study averaging."
Braman2009,In Vivo Assessment of Scapulohumeral Rhythm During Unconstrained Overhead Reaching in Asymptomatic Subjects,Braman JP; Engel SC; LaPrade RF; Ludewig PM,2009,Figure 5B,Dynamic unconstrained overhead reaching,Self-selected; mean 63.3 degrees anterior to coronal,"Bone-fixed electromagnetic sensors on scapula, clavicle, and humerus; surface sternum reference",True,12,Raising,False,140,,,,,,,,,65.502,65.502,,,,nihms-156697.pdf,Digitized,"Variable: GH_ExternalRotation_deg; estimated digitization uncertainty +/- 0.6 deg; value retained in the original paper convention; selected pixel center (1094, 132). No interpolation, smoothing, coordinate conversion, or cross-study averaging."
Braman2009,In Vivo Assessment of Scapulohumeral Rhythm During Unconstrained Overhead Reaching in Asymptomatic Subjects,Braman JP; Engel SC; LaPrade RF; Ludewig PM,2009,Figure 5B,Dynamic unconstrained overhead reaching,Self-selected; mean 63.3 degrees anterior to coronal,"Bone-fixed electromagnetic sensors on scapula, clavicle, and humerus; surface sternum reference",True,12,Lowering,False,140,,,,,,,,,69.773,69.773,,,,nihms-156697.pdf,Digitized,"Variable: GH_ExternalRotation_deg; estimated digitization uncertainty +/- 0.6 deg; value retained in the original paper convention; selected pixel center (1094, 99). No interpolation, smoothing, coordinate conversion, or cross-study averaging."
Braman2009,In Vivo Assessment of Scapulohumeral Rhythm During Unconstrained Overhead Reaching in Asymptomatic Subjects,Braman JP; Engel SC; LaPrade RF; Ludewig PM,2009,Figure 5B,Dynamic unconstrained overhead reaching,Self-selected; mean 63.3 degrees anterior to coronal,"Bone-fixed electromagnetic sensors on scapula, clavicle, and humerus; surface sternum reference",True,12,Raising,False,145,,,,,,,,,69.700,69.700,,,,nihms-156697.pdf,Digitized,"Variable: GH_ExternalRotation_deg; estimated digitization uncertainty +/- 0.8 deg; value retained in the original paper convention; selected pixel center (1129, 94); manual point selection after overlay review. No interpolation, smoothing, coordinate conversion, or cross-study averaging."
Braman2009,In Vivo Assessment of Scapulohumeral Rhythm During Unconstrained Overhead Reaching in Asymptomatic Subjects,Braman JP; Engel SC; LaPrade RF; Ludewig PM,2009,Figure 5B,Dynamic unconstrained overhead reaching,Self-selected; mean 63.3 degrees anterior to coronal,"Bone-fixed electromagnetic sensors on scapula, clavicle, and humerus; surface sternum reference",True,12,Lowering,False,145,,,,,,,,,68.091,68.091,,,,nihms-156697.pdf,Digitized,"Variable: GH_ExternalRotation_deg; estimated digitization uncertainty +/- 0.6 deg; value retained in the original paper convention; selected pixel center (1129, 112). No interpolation, smoothing, coordinate conversion, or cross-study averaging."
Lawrence2020,The Coupled Kinematics of Scapulothoracic Upward Rotation,Lawrence RL; Braman JP; Keefe DF; Ludewig PM,2020,Figure 3,Active scapular-plane abduction,40 degrees anterior to coronal,Single-plane fluoroscopy with MRI-based 2D/3D shape matching; optical trunk/humerus tracking,False,60,Raising,False,20,,,,,,,,,,57.669,,,,Lawerence et.al / ptj_100_2_283.pdf (duplicate files),Digitized,"Variable: AC internal rotation; estimated digitization uncertainty +/- 0.5 deg; value retained in the original paper convention; selected pixel center (146.8, 110.1). No interpolation, smoothing, coordinate conversion, or cross-study averaging."
Lawrence2020,The Coupled Kinematics of Scapulothoracic Upward Rotation,Lawrence RL; Braman JP; Keefe DF; Ludewig PM,2020,Figure 3,Active scapular-plane abduction,40 degrees anterior to coronal,Single-plane fluoroscopy with MRI-based 2D/3D shape matching; optical trunk/humerus tracking,False,60,Raising,False,20,,,,,,,-3.893,,,-3.893,,,,Lawerence et.al / ptj_100_2_283.pdf (duplicate files),Digitized,"Variable: AC_UpwardRotation_deg; estimated digitization uncertainty +/- 0.5 deg; value retained in the original paper convention; selected pixel center (146.6, 391.6). No interpolation, smoothing, coordinate conversion, or cross-study averaging."
Lawrence2020,The Coupled Kinematics of Scapulothoracic Upward Rotation,Lawrence RL; Braman JP; Keefe DF; Ludewig PM,2020,Figure 3,Active scapular-plane abduction,40 degrees anterior to coronal,Single-plane fluoroscopy with MRI-based 2D/3D shape matching; optical trunk/humerus tracking,False,60,Raising,False,20,,,,,,-1.150,,,,-1.150,,,,Lawerence et.al / ptj_100_2_283.pdf (duplicate files),Digitized,"Variable: SC_PosteriorRotation_deg; estimated digitization uncertainty +/- 0.5 deg; value retained in the original paper convention; selected pixel center (146.9, 379.1). No interpolation, smoothing, coordinate conversion, or cross-study averaging."
Lawrence2020,The Coupled Kinematics of Scapulothoracic Upward Rotation,Lawrence RL; Braman JP; Keefe DF; Ludewig PM,2020,Figure 3,Active scapular-plane abduction,40 degrees anterior to coronal,Single-plane fluoroscopy with MRI-based 2D/3D shape matching; optical trunk/humerus tracking,False,60,Raising,False,20,,,,,-1.150,,,,,-1.150,,,,Lawerence et.al / ptj_100_2_283.pdf (duplicate files),Digitized,"Variable: SC_Elevation_deg; estimated digitization uncertainty +/- 0.5 deg; value retained in the original paper convention; selected pixel center (146.9, 379.1). No interpolation, smoothing, coordinate conversion, or cross-study averaging."
Lawrence2020,The Coupled Kinematics of Scapulothoracic Upward Rotation,Lawrence RL; Braman JP; Keefe DF; Ludewig PM,2020,Figure 3,Active scapular-plane abduction,40 degrees anterior to coronal,Single-plane fluoroscopy with MRI-based 2D/3D shape matching; optical trunk/humerus tracking,False,60,Raising,False,20,,-6.002,,,,,,,,-6.002,,,,Lawerence et.al / ptj_100_2_283.pdf (duplicate files),Digitized,"Variable: ST_UpwardRotation_deg; estimated digitization uncertainty +/- 0.5 deg; value retained in the original paper convention; selected pixel center (147.6, 401.2). No interpolation, smoothing, coordinate conversion, or cross-study averaging."
Lawrence2020,The Coupled Kinematics of Scapulothoracic Upward Rotation,Lawrence RL; Braman JP; Keefe DF; Ludewig PM,2020,Figure 3,Active scapular-plane abduction,40 degrees anterior to coronal,Single-plane fluoroscopy with MRI-based 2D/3D shape matching; optical trunk/humerus tracking,False,60,Raising,False,30,,,,,,,,,,58.730,,,,Lawerence et.al / ptj_100_2_283.pdf (duplicate files),Digitized,"Variable: AC internal rotation; estimated digitization uncertainty +/- 0.5 deg; value retained in the original paper convention; selected pixel center (220.3, 105.3). No interpolation, smoothing, coordinate conversion, or cross-study averaging."
Lawrence2020,The Coupled Kinematics of Scapulothoracic Upward Rotation,Lawrence RL; Braman JP; Keefe DF; Ludewig PM,2020,Figure 3,Active scapular-plane abduction,40 degrees anterior to coronal,Single-plane fluoroscopy with MRI-based 2D/3D shape matching; optical trunk/humerus tracking,False,60,Raising,False,30,,,,,,,-5.018,,,-5.018,,,,Lawerence et.al / ptj_100_2_283.pdf (duplicate files),Digitized,"Variable: AC_UpwardRotation_deg; estimated digitization uncertainty +/- 0.5 deg; value retained in the original paper convention; selected pixel center (220.7, 396.7). No interpolation, smoothing, coordinate conversion, or cross-study averaging."
Lawrence2020,The Coupled Kinematics of Scapulothoracic Upward Rotation,Lawrence RL; Braman JP; Keefe DF; Ludewig PM,2020,Figure 3,Active scapular-plane abduction,40 degrees anterior to coronal,Single-plane fluoroscopy with MRI-based 2D/3D shape matching; optical trunk/humerus tracking,False,60,Raising,False,30,,,,,,-1.290,,,,-1.290,,,,Lawerence et.al / ptj_100_2_283.pdf (duplicate files),Digitized,"Variable: SC_PosteriorRotation_deg; estimated digitization uncertainty +/- 0.5 deg; value retained in the original paper convention; selected pixel center (220.5, 379.7). No interpolation, smoothing, coordinate conversion, or cross-study averaging."
Lawrence2020,The Coupled Kinematics of Scapulothoracic Upward Rotation,Lawrence RL; Braman JP; Keefe DF; Ludewig PM,2020,Figure 3,Active scapular-plane abduction,40 degrees anterior to coronal,Single-plane fluoroscopy with MRI-based 2D/3D shape matching; optical trunk/humerus tracking,False,60,Raising,False,30,,,,,-1.290,,,,,-1.290,,,,Lawerence et.al / ptj_100_2_283.pdf (duplicate files),Digitized,"Variable: SC_Elevation_deg; estimated digitization uncertainty +/- 0.5 deg; value retained in the original paper convention; selected pixel center (220.5, 379.7). No interpolation, smoothing, coordinate conversion, or cross-study averaging."
Lawrence2020,The Coupled Kinematics of Scapulothoracic Upward Rotation,Lawrence RL; Braman JP; Keefe DF; Ludewig PM,2020,Figure 3,Active scapular-plane abduction,40 degrees anterior to coronal,Single-plane fluoroscopy with MRI-based 2D/3D shape matching; optical trunk/humerus tracking,False,60,Raising,False,30,,-8.039,,,,,,,,-8.039,,,,Lawerence et.al / ptj_100_2_283.pdf (duplicate files),Digitized,"Variable: ST_UpwardRotation_deg; estimated digitization uncertainty +/- 0.5 deg; value retained in the original paper convention; selected pixel center (220.1, 410.6). No interpolation, smoothing, coordinate conversion, or cross-study averaging."
Lawrence2020,The Coupled Kinematics of Scapulothoracic Upward Rotation,Lawrence RL; Braman JP; Keefe DF; Ludewig PM,2020,Figure 3,Active scapular-plane abduction,40 degrees anterior to coronal,Single-plane fluoroscopy with MRI-based 2D/3D shape matching; optical trunk/humerus tracking,False,60,Raising,False,40,,,,,,,,,,60.119,,,,Lawerence et.al / ptj_100_2_283.pdf (duplicate files),Digitized,"Variable: AC internal rotation; estimated digitization uncertainty +/- 0.5 deg; value retained in the original paper convention; selected pixel center (293.8, 98.9). No interpolation, smoothing, coordinate conversion, or cross-study averaging."
Lawrence2020,The Coupled Kinematics of Scapulothoracic Upward Rotation,Lawrence RL; Braman JP; Keefe DF; Ludewig PM,2020,Figure 3,Active scapular-plane abduction,40 degrees anterior to coronal,Single-plane fluoroscopy with MRI-based 2D/3D shape matching; optical trunk/humerus tracking,False,60,Raising,False,40,,,,,,-1.493,,,,-1.493,,,,Lawerence et.al / ptj_100_2_283.pdf (duplicate files),Digitized,"Variable: SC_PosteriorRotation_deg; estimated digitization uncertainty +/- 0.5 deg; value retained in the original paper convention; selected pixel center (294, 380.6). No interpolation, smoothing, coordinate conversion, or cross-study averaging."
Lawrence2020,The Coupled Kinematics of Scapulothoracic Upward Rotation,Lawrence RL; Braman JP; Keefe DF; Ludewig PM,2020,Figure 3,Active scapular-plane abduction,40 degrees anterior to coronal,Single-plane fluoroscopy with MRI-based 2D/3D shape matching; optical trunk/humerus tracking,False,60,Raising,False,40,,,,,-8.290,,,,,-8.290,,,,Lawerence et.al / ptj_100_2_283.pdf (duplicate files),Digitized,"Variable: SC_Elevation_deg; estimated digitization uncertainty +/- 0.5 deg; value retained in the original paper convention; selected pixel center (294.2, 411.7). No interpolation, smoothing, coordinate conversion, or cross-study averaging."
Lawrence2020,The Coupled Kinematics of Scapulothoracic Upward Rotation,Lawrence RL; Braman JP; Keefe DF; Ludewig PM,2020,Figure 3,Active scapular-plane abduction,40 degrees anterior to coronal,Single-plane fluoroscopy with MRI-based 2D/3D shape matching; optical trunk/humerus tracking,False,60,Raising,False,40,,-10.970,,,,,,,,-10.970,,,,Lawerence et.al / ptj_100_2_283.pdf (duplicate files),Digitized,"Variable: ST_UpwardRotation_deg; estimated digitization uncertainty +/- 0.5 deg; value retained in the original paper convention; selected pixel center (294, 424). No interpolation, smoothing, coordinate conversion, or cross-study averaging."
Lawrence2020,The Coupled Kinematics of Scapulothoracic Upward Rotation,Lawrence RL; Braman JP; Keefe DF; Ludewig PM,2020,Figure 3,Active scapular-plane abduction,40 degrees anterior to coronal,Single-plane fluoroscopy with MRI-based 2D/3D shape matching; optical trunk/humerus tracking,False,60,Raising,False,50,,,,,,,,,,61.495,,,,Lawerence et.al / ptj_100_2_283.pdf (duplicate files),Digitized,"Variable: AC internal rotation; estimated digitization uncertainty +/- 0.5 deg; value retained in the original paper convention; selected pixel center (367.6, 92.6). No interpolation, smoothing, coordinate conversion, or cross-study averaging."
Lawrence2020,The Coupled Kinematics of Scapulothoracic Upward Rotation,Lawrence RL; Braman JP; Keefe DF; Ludewig PM,2020,Figure 3,Active scapular-plane abduction,40 degrees anterior to coronal,Single-plane fluoroscopy with MRI-based 2D/3D shape matching; optical trunk/humerus tracking,False,60,Raising,False,50,,,,,,,-11.201,,,-11.201,,,,Lawerence et.al / ptj_100_2_283.pdf (duplicate files),Digitized,"Variable: AC_UpwardRotation_deg; estimated digitization uncertainty +/- 0.5 deg; value retained in the original paper convention; selected pixel center (367.6, 425). No interpolation, smoothing, coordinate conversion, or cross-study averaging."
Lawrence2020,The Coupled Kinematics of Scapulothoracic Upward Rotation,Lawrence RL; Braman JP; Keefe DF; Ludewig PM,2020,Figure 3,Active scapular-plane abduction,40 degrees anterior to coronal,Single-plane fluoroscopy with MRI-based 2D/3D shape matching; optical trunk/humerus tracking,False,60,Raising,False,50,,,,,,-0.768,,,,-0.768,,,,Lawerence et.al / ptj_100_2_283.pdf (duplicate files),Digitized,"Variable: SC_PosteriorRotation_deg; estimated digitization uncertainty +/- 0.5 deg; value retained in the original paper convention; selected pixel center (367.6, 377.3). No interpolation, smoothing, coordinate conversion, or cross-study averaging."
Lawrence2020,The Coupled Kinematics of Scapulothoracic Upward Rotation,Lawrence RL; Braman JP; Keefe DF; Ludewig PM,2020,Figure 3,Active scapular-plane abduction,40 degrees anterior to coronal,Single-plane fluoroscopy with MRI-based 2D/3D shape matching; optical trunk/humerus tracking,False,60,Raising,False,50,,,,,-8.931,,,,,-8.931,,,,Lawerence et.al / ptj_100_2_283.pdf (duplicate files),Digitized,"Variable: SC_Elevation_deg; estimated digitization uncertainty +/- 0.5 deg; value retained in the original paper convention; selected pixel center (367.8, 414.6). No interpolation, smoothing, coordinate conversion, or cross-study averaging."
Lawrence2020,The Coupled Kinematics of Scapulothoracic Upward Rotation,Lawrence RL; Braman JP; Keefe DF; Ludewig PM,2020,Figure 3,Active scapular-plane abduction,40 degrees anterior to coronal,Single-plane fluoroscopy with MRI-based 2D/3D shape matching; optical trunk/humerus tracking,False,60,Raising,False,50,,-14.377,,,,,,,,-14.377,,,,Lawerence et.al / ptj_100_2_283.pdf (duplicate files),Digitized,"Variable: ST_UpwardRotation_deg; estimated digitization uncertainty +/- 0.5 deg; value retained in the original paper convention; selected pixel center (367.6, 439.5). No interpolation, smoothing, coordinate conversion, or cross-study averaging."
Lawrence2020,The Coupled Kinematics of Scapulothoracic Upward Rotation,Lawrence RL; Braman JP; Keefe DF; Ludewig PM,2020,Figure 3,Active scapular-plane abduction,40 degrees anterior to coronal,Single-plane fluoroscopy with MRI-based 2D/3D shape matching; optical trunk/humerus tracking,False,60,Raising,False,60,,,,,,,,,,62.453,,,,Lawerence et.al / ptj_100_2_283.pdf (duplicate files),Digitized,"Variable: AC internal rotation; estimated digitization uncertainty +/- 0.5 deg; value retained in the original paper convention; selected pixel center (441.2, 88.2). No interpolation, smoothing, coordinate conversion, or cross-study averaging."
Lawrence2020,The Coupled Kinematics of Scapulothoracic Upward Rotation,Lawrence RL; Braman JP; Keefe DF; Ludewig PM,2020,Figure 3,Active scapular-plane abduction,40 degrees anterior to coronal,Single-plane fluoroscopy with MRI-based 2D/3D shape matching; optical trunk/humerus tracking,False,60,Raising,False,60,,,,,,,-13.261,,,-13.261,,,,Lawerence et.al / ptj_100_2_283.pdf (duplicate files),Digitized,"Variable: AC_UpwardRotation_deg; estimated digitization uncertainty +/- 0.5 deg; value retained in the original paper convention; selected pixel center (441, 434.4). No interpolation, smoothing, coordinate conversion, or cross-study averaging."
Lawrence2020,The Coupled Kinematics of Scapulothoracic Upward Rotation,Lawrence RL; Braman JP; Keefe DF; Ludewig PM,2020,Figure 3,Active scapular-plane abduction,40 degrees anterior to coronal,Single-plane fluoroscopy with MRI-based 2D/3D shape matching; optical trunk/humerus tracking,False,60,Raising,False,60,,,,,,0.180,,,,0.180,,,,Lawerence et.al / ptj_100_2_283.pdf (duplicate files),Digitized,"Variable: SC_PosteriorRotation_deg; estimated digitization uncertainty +/- 0.5 deg; value retained in the original paper convention; selected pixel center (441.2, 373). No interpolation, smoothing, coordinate conversion, or cross-study averaging."
Lawrence2020,The Coupled Kinematics of Scapulothoracic Upward Rotation,Lawrence RL; Braman JP; Keefe DF; Ludewig PM,2020,Figure 3,Active scapular-plane abduction,40 degrees anterior to coronal,Single-plane fluoroscopy with MRI-based 2D/3D shape matching; optical trunk/humerus tracking,False,60,Raising,False,60,,,,,-10.143,,,,,-10.143,,,,Lawerence et.al / ptj_100_2_283.pdf (duplicate files),Digitized,"Variable: SC_Elevation_deg; estimated digitization uncertainty +/- 0.5 deg; value retained in the original paper convention; selected pixel center (441.2, 420.2). No interpolation, smoothing, coordinate conversion, or cross-study averaging."
Lawrence2020,The Coupled Kinematics of Scapulothoracic Upward Rotation,Lawrence RL; Braman JP; Keefe DF; Ludewig PM,2020,Figure 3,Active scapular-plane abduction,40 degrees anterior to coronal,Single-plane fluoroscopy with MRI-based 2D/3D shape matching; optical trunk/humerus tracking,False,60,Raising,False,60,,-18.100,,,,,,,,-18.100,,,,Lawerence et.al / ptj_100_2_283.pdf (duplicate files),Digitized,"Variable: ST_UpwardRotation_deg; estimated digitization uncertainty +/- 0.5 deg; value retained in the original paper convention; selected pixel center (441.2, 456.6). No interpolation, smoothing, coordinate conversion, or cross-study averaging."
Lawrence2020,The Coupled Kinematics of Scapulothoracic Upward Rotation,Lawrence RL; Braman JP; Keefe DF; Ludewig PM,2020,Figure 3,Active scapular-plane abduction,40 degrees anterior to coronal,Single-plane fluoroscopy with MRI-based 2D/3D shape matching; optical trunk/humerus tracking,False,60,Raising,False,70,,,,,,,,,,63.462,,,,Lawerence et.al / ptj_100_2_283.pdf (duplicate files),Digitized,"Variable: AC internal rotation; estimated digitization uncertainty +/- 0.5 deg; value retained in the original paper convention; selected pixel center (514.9, 83.6). No interpolation, smoothing, coordinate conversion, or cross-study averaging."
Lawrence2020,The Coupled Kinematics of Scapulothoracic Upward Rotation,Lawrence RL; Braman JP; Keefe DF; Ludewig PM,2020,Figure 3,Active scapular-plane abduction,40 degrees anterior to coronal,Single-plane fluoroscopy with MRI-based 2D/3D shape matching; optical trunk/humerus tracking,False,60,Raising,False,70,,,,,,,-14.899,,,-14.899,,,,Lawerence et.al / ptj_100_2_283.pdf (duplicate files),Digitized,"Variable: AC_UpwardRotation_deg; estimated digitization uncertainty +/- 0.5 deg; value retained in the original paper convention; selected pixel center (514.9, 441.9). No interpolation, smoothing, coordinate conversion, or cross-study averaging."
Lawrence2020,The Coupled Kinematics of Scapulothoracic Upward Rotation,Lawrence RL; Braman JP; Keefe DF; Ludewig PM,2020,Figure 3,Active scapular-plane abduction,40 degrees anterior to coronal,Single-plane fluoroscopy with MRI-based 2D/3D shape matching; optical trunk/humerus tracking,False,60,Raising,False,70,,,,,,2.084,,,,2.084,,,,Lawerence et.al / ptj_100_2_283.pdf (duplicate files),Digitized,"Variable: SC_PosteriorRotation_deg; estimated digitization uncertainty +/- 0.5 deg; value retained in the original paper convention; selected pixel center (514.9, 364.3). No interpolation, smoothing, coordinate conversion, or cross-study averaging."
Lawrence2020,The Coupled Kinematics of Scapulothoracic Upward Rotation,Lawrence RL; Braman JP; Keefe DF; Ludewig PM,2020,Figure 3,Active scapular-plane abduction,40 degrees anterior to coronal,Single-plane fluoroscopy with MRI-based 2D/3D shape matching; optical trunk/humerus tracking,False,60,Raising,False,70,,,,,-11.111,,,,,-11.111,,,,Lawerence et.al / ptj_100_2_283.pdf (duplicate files),Digitized,"Variable: SC_Elevation_deg; estimated digitization uncertainty +/- 0.5 deg; value retained in the original paper convention; selected pixel center (514.5, 424.6). No interpolation, smoothing, coordinate conversion, or cross-study averaging."
Lawrence2020,The Coupled Kinematics of Scapulothoracic Upward Rotation,Lawrence RL; Braman JP; Keefe DF; Ludewig PM,2020,Figure 3,Active scapular-plane abduction,40 degrees anterior to coronal,Single-plane fluoroscopy with MRI-based 2D/3D shape matching; optical trunk/humerus tracking,False,60,Raising,False,70,,-21.953,,,,,,,,-21.953,,,,Lawerence et.al / ptj_100_2_283.pdf (duplicate files),Digitized,"Variable: ST_UpwardRotation_deg; estimated digitization uncertainty +/- 0.5 deg; value retained in the original paper convention; selected pixel center (515.2, 474.2). No interpolation, smoothing, coordinate conversion, or cross-study averaging."
Lawrence2020,The Coupled Kinematics of Scapulothoracic Upward Rotation,Lawrence RL; Braman JP; Keefe DF; Ludewig PM,2020,Figure 3,Active scapular-plane abduction,40 degrees anterior to coronal,Single-plane fluoroscopy with MRI-based 2D/3D shape matching; optical trunk/humerus tracking,False,60,Raising,False,80,,,,,,,,,,64.479,,,,Lawerence et.al / ptj_100_2_283.pdf (duplicate files),Digitized,"Variable: AC internal rotation; estimated digitization uncertainty +/- 0.5 deg; value retained in the original paper convention; selected pixel center (588.8, 79). No interpolation, smoothing, coordinate conversion, or cross-study averaging."
Lawrence2020,The Coupled Kinematics of Scapulothoracic Upward Rotation,Lawrence RL; Braman JP; Keefe DF; Ludewig PM,2020,Figure 3,Active scapular-plane abduction,40 degrees anterior to coronal,Single-plane fluoroscopy with MRI-based 2D/3D shape matching; optical trunk/humerus tracking,False,60,Raising,False,80,,,,,,,-16.727,,,-16.727,,,,Lawerence et.al / ptj_100_2_283.pdf (duplicate files),Digitized,"Variable: AC_UpwardRotation_deg; estimated digitization uncertainty +/- 0.5 deg; value retained in the original paper convention; selected pixel center (588.9, 450.3). No interpolation, smoothing, coordinate conversion, or cross-study averaging."
Lawrence2020,The Coupled Kinematics of Scapulothoracic Upward Rotation,Lawrence RL; Braman JP; Keefe DF; Ludewig PM,2020,Figure 3,Active scapular-plane abduction,40 degrees anterior to coronal,Single-plane fluoroscopy with MRI-based 2D/3D shape matching; optical trunk/humerus tracking,False,60,Raising,False,80,,,,,,4.767,,,,4.767,,,,Lawerence et.al / ptj_100_2_283.pdf (duplicate files),Digitized,"Variable: SC_PosteriorRotation_deg; estimated digitization uncertainty +/- 0.5 deg; value retained in the original paper convention; selected pixel center (589.3, 352). No interpolation, smoothing, coordinate conversion, or cross-study averaging."
Lawrence2020,The Coupled Kinematics of Scapulothoracic Upward Rotation,Lawrence RL; Braman JP; Keefe DF; Ludewig PM,2020,Figure 3,Active scapular-plane abduction,40 degrees anterior to coronal,Single-plane fluoroscopy with MRI-based 2D/3D shape matching; optical trunk/humerus tracking,False,60,Raising,False,80,,,,,-12.186,,,,,-12.186,,,,Lawerence et.al / ptj_100_2_283.pdf (duplicate files),Digitized,"Variable: SC_Elevation_deg; estimated digitization uncertainty +/- 0.5 deg; value retained in the original paper convention; selected pixel center (588.8, 429.5). No interpolation, smoothing, coordinate conversion, or cross-study averaging."
Lawrence2020,The Coupled Kinematics of Scapulothoracic Upward Rotation,Lawrence RL; Braman JP; Keefe DF; Ludewig PM,2020,Figure 3,Active scapular-plane abduction,40 degrees anterior to coronal,Single-plane fluoroscopy with MRI-based 2D/3D shape matching; optical trunk/humerus tracking,False,60,Raising,False,80,,-26.044,,,,,,,,-26.044,,,,Lawerence et.al / ptj_100_2_283.pdf (duplicate files),Digitized,"Variable: ST_UpwardRotation_deg; estimated digitization uncertainty +/- 0.5 deg; value retained in the original paper convention; selected pixel center (588.9, 492.9). No interpolation, smoothing, coordinate conversion, or cross-study averaging."
Lawrence2020,The Coupled Kinematics of Scapulothoracic Upward Rotation,Lawrence RL; Braman JP; Keefe DF; Ludewig PM,2020,Figure 3,Active scapular-plane abduction,40 degrees anterior to coronal,Single-plane fluoroscopy with MRI-based 2D/3D shape matching; optical trunk/humerus tracking,False,60,Raising,False,90,,,,,,,,,,64.662,,,,Lawerence et.al / ptj_100_2_283.pdf (duplicate files),Digitized,"Variable: AC internal rotation; estimated digitization uncertainty +/- 0.5 deg; value retained in the original paper convention; selected pixel center (662.7, 78.1). No interpolation, smoothing, coordinate conversion, or cross-study averaging."
Lawrence2020,The Coupled Kinematics of Scapulothoracic Upward Rotation,Lawrence RL; Braman JP; Keefe DF; Ludewig PM,2020,Figure 3,Active scapular-plane abduction,40 degrees anterior to coronal,Single-plane fluoroscopy with MRI-based 2D/3D shape matching; optical trunk/humerus tracking,False,60,Raising,False,90,,,,,,,-18.732,,,-18.732,,,,Lawerence et.al / ptj_100_2_283.pdf (duplicate files),Digitized,"Variable: AC_UpwardRotation_deg; estimated digitization uncertainty +/- 0.5 deg; value retained in the original paper convention; selected pixel center (662.5, 459.4). No interpolation, smoothing, coordinate conversion, or cross-study averaging."
Lawrence2020,The Coupled Kinematics of Scapulothoracic Upward Rotation,Lawrence RL; Braman JP; Keefe DF; Ludewig PM,2020,Figure 3,Active scapular-plane abduction,40 degrees anterior to coronal,Single-plane fluoroscopy with MRI-based 2D/3D shape matching; optical trunk/humerus tracking,False,60,Raising,False,90,,,,,,6.774,,,,6.774,,,,Lawerence et.al / ptj_100_2_283.pdf (duplicate files),Digitized,"Variable: SC_PosteriorRotation_deg; estimated digitization uncertainty +/- 0.5 deg; value retained in the original paper convention; selected pixel center (662.3, 342.8). No interpolation, smoothing, coordinate conversion, or cross-study averaging."
Lawrence2020,The Coupled Kinematics of Scapulothoracic Upward Rotation,Lawrence RL; Braman JP; Keefe DF; Ludewig PM,2020,Figure 3,Active scapular-plane abduction,40 degrees anterior to coronal,Single-plane fluoroscopy with MRI-based 2D/3D shape matching; optical trunk/humerus tracking,False,60,Raising,False,90,,,,,-13.358,,,,,-13.358,,,,Lawerence et.al / ptj_100_2_283.pdf (duplicate files),Digitized,"Variable: SC_Elevation_deg; estimated digitization uncertainty +/- 0.5 deg; value retained in the original paper convention; selected pixel center (662.7, 434.9). No interpolation, smoothing, coordinate conversion, or cross-study averaging."
Lawrence2020,The Coupled Kinematics of Scapulothoracic Upward Rotation,Lawrence RL; Braman JP; Keefe DF; Ludewig PM,2020,Figure 3,Active scapular-plane abduction,40 degrees anterior to coronal,Single-plane fluoroscopy with MRI-based 2D/3D shape matching; optical trunk/humerus tracking,False,60,Raising,False,90,,-30.201,,,,,,,,-30.201,,,,Lawerence et.al / ptj_100_2_283.pdf (duplicate files),Digitized,"Variable: ST_UpwardRotation_deg; estimated digitization uncertainty +/- 0.5 deg; value retained in the original paper convention; selected pixel center (662.5, 511.9). No interpolation, smoothing, coordinate conversion, or cross-study averaging."
Lawrence2020,The Coupled Kinematics of Scapulothoracic Upward Rotation,Lawrence RL; Braman JP; Keefe DF; Ludewig PM,2020,Figure 3,Active scapular-plane abduction,40 degrees anterior to coronal,Single-plane fluoroscopy with MRI-based 2D/3D shape matching; optical trunk/humerus tracking,False,60,Raising,False,100,,,,,,,,,,64.742,,,,Lawerence et.al / ptj_100_2_283.pdf (duplicate files),Digitized,"Variable: AC internal rotation; estimated digitization uncertainty +/- 0.5 deg; value retained in the original paper convention; selected pixel center (736.2, 77.8). No interpolation, smoothing, coordinate conversion, or cross-study averaging."
Lawrence2020,The Coupled Kinematics of Scapulothoracic Upward Rotation,Lawrence RL; Braman JP; Keefe DF; Ludewig PM,2020,Figure 3,Active scapular-plane abduction,40 degrees anterior to coronal,Single-plane fluoroscopy with MRI-based 2D/3D shape matching; optical trunk/humerus tracking,False,60,Raising,False,100,,,,,,,-20.262,,,-20.262,,,,Lawerence et.al / ptj_100_2_283.pdf (duplicate files),Digitized,"Variable: AC_UpwardRotation_deg; estimated digitization uncertainty +/- 0.5 deg; value retained in the original paper convention; selected pixel center (736.1, 466.4). No interpolation, smoothing, coordinate conversion, or cross-study averaging."
Lawrence2020,The Coupled Kinematics of Scapulothoracic Upward Rotation,Lawrence RL; Braman JP; Keefe DF; Ludewig PM,2020,Figure 3,Active scapular-plane abduction,40 degrees anterior to coronal,Single-plane fluoroscopy with MRI-based 2D/3D shape matching; optical trunk/humerus tracking,False,60,Raising,False,100,,,,,,9.358,,,,9.358,,,,Lawerence et.al / ptj_100_2_283.pdf (duplicate files),Digitized,"Variable: SC_PosteriorRotation_deg; estimated digitization uncertainty +/- 0.5 deg; value retained in the original paper convention; selected pixel center (735.8, 331). No interpolation, smoothing, coordinate conversion, or cross-study averaging."
Lawrence2020,The Coupled Kinematics of Scapulothoracic Upward Rotation,Lawrence RL; Braman JP; Keefe DF; Ludewig PM,2020,Figure 3,Active scapular-plane abduction,40 degrees anterior to coronal,Single-plane fluoroscopy with MRI-based 2D/3D shape matching; optical trunk/humerus tracking,False,60,Raising,False,100,,,,,-14.768,,,,,-14.768,,,,Lawerence et.al / ptj_100_2_283.pdf (duplicate files),Digitized,"Variable: SC_Elevation_deg; estimated digitization uncertainty +/- 0.5 deg; value retained in the original paper convention; selected pixel center (736.2, 441.3). No interpolation, smoothing, coordinate conversion, or cross-study averaging."
Lawrence2020,The Coupled Kinematics of Scapulothoracic Upward Rotation,Lawrence RL; Braman JP; Keefe DF; Ludewig PM,2020,Figure 3,Active scapular-plane abduction,40 degrees anterior to coronal,Single-plane fluoroscopy with MRI-based 2D/3D shape matching; optical trunk/humerus tracking,False,60,Raising,False,100,,-34.527,,,,,,,,-34.527,,,,Lawerence et.al / ptj_100_2_283.pdf (duplicate files),Digitized,"Variable: ST_UpwardRotation_deg; estimated digitization uncertainty +/- 0.5 deg; value retained in the original paper convention; selected pixel center (736.4, 531.7). No interpolation, smoothing, coordinate conversion, or cross-study averaging."
Lawrence2020,The Coupled Kinematics of Scapulothoracic Upward Rotation,Lawrence RL; Braman JP; Keefe DF; Ludewig PM,2020,Figure 3,Active scapular-plane abduction,40 degrees anterior to coronal,Single-plane fluoroscopy with MRI-based 2D/3D shape matching; optical trunk/humerus tracking,False,60,Raising,False,110,,,,,,,,,,64.630,,,,Lawerence et.al / ptj_100_2_283.pdf (duplicate files),Digitized,"Variable: AC internal rotation; estimated digitization uncertainty +/- 0.5 deg; value retained in the original paper convention; selected pixel center (809.7, 78.3). No interpolation, smoothing, coordinate conversion, or cross-study averaging."
Lawrence2020,The Coupled Kinematics of Scapulothoracic Upward Rotation,Lawrence RL; Braman JP; Keefe DF; Ludewig PM,2020,Figure 3,Active scapular-plane abduction,40 degrees anterior to coronal,Single-plane fluoroscopy with MRI-based 2D/3D shape matching; optical trunk/humerus tracking,False,60,Raising,False,110,,,,,,,-22.051,,,-22.051,,,,Lawerence et.al / ptj_100_2_283.pdf (duplicate files),Digitized,"Variable: AC_UpwardRotation_deg; estimated digitization uncertainty +/- 0.5 deg; value retained in the original paper convention; selected pixel center (809.7, 474.6). No interpolation, smoothing, coordinate conversion, or cross-study averaging."
Lawrence2020,The Coupled Kinematics of Scapulothoracic Upward Rotation,Lawrence RL; Braman JP; Keefe DF; Ludewig PM,2020,Figure 3,Active scapular-plane abduction,40 degrees anterior to coronal,Single-plane fluoroscopy with MRI-based 2D/3D shape matching; optical trunk/humerus tracking,False,60,Raising,False,110,,,,,,11.522,,,,11.522,,,,Lawerence et.al / ptj_100_2_283.pdf (duplicate files),Digitized,"Variable: SC_PosteriorRotation_deg; estimated digitization uncertainty +/- 0.5 deg; value retained in the original paper convention; selected pixel center (809.4, 321.1). No interpolation, smoothing, coordinate conversion, or cross-study averaging."
Lawrence2020,The Coupled Kinematics of Scapulothoracic Upward Rotation,Lawrence RL; Braman JP; Keefe DF; Ludewig PM,2020,Figure 3,Active scapular-plane abduction,40 degrees anterior to coronal,Single-plane fluoroscopy with MRI-based 2D/3D shape matching; optical trunk/humerus tracking,False,60,Raising,False,110,,,,,-16.239,,,,,-16.239,,,,Lawerence et.al / ptj_100_2_283.pdf (duplicate files),Digitized,"Variable: SC_Elevation_deg; estimated digitization uncertainty +/- 0.5 deg; value retained in the original paper convention; selected pixel center (809.7, 448). No interpolation, smoothing, coordinate conversion, or cross-study averaging."
Lawrence2020,The Coupled Kinematics of Scapulothoracic Upward Rotation,Lawrence RL; Braman JP; Keefe DF; Ludewig PM,2020,Figure 3,Active scapular-plane abduction,40 degrees anterior to coronal,Single-plane fluoroscopy with MRI-based 2D/3D shape matching; optical trunk/humerus tracking,False,60,Raising,False,110,,-38.756,,,,,,,,-38.756,,,,Lawerence et.al / ptj_100_2_283.pdf (duplicate files),Digitized,"Variable: ST_UpwardRotation_deg; estimated digitization uncertainty +/- 0.5 deg; value retained in the original paper convention; selected pixel center (809.8, 551). No interpolation, smoothing, coordinate conversion, or cross-study averaging."
Lawrence2020,The Coupled Kinematics of Scapulothoracic Upward Rotation,Lawrence RL; Braman JP; Keefe DF; Ludewig PM,2020,Figure 3,Active scapular-plane abduction,40 degrees anterior to coronal,Single-plane fluoroscopy with MRI-based 2D/3D shape matching; optical trunk/humerus tracking,False,60,Raising,False,120,,,,,,,,,,64.227,,,,Lawerence et.al / ptj_100_2_283.pdf (duplicate files),Digitized,"Variable: AC internal rotation; estimated digitization uncertainty +/- 0.5 deg; value retained in the original paper convention; selected pixel center (883.4, 80.1). No interpolation, smoothing, coordinate conversion, or cross-study averaging."
Lawrence2020,The Coupled Kinematics of Scapulothoracic Upward Rotation,Lawrence RL; Braman JP; Keefe DF; Ludewig PM,2020,Figure 3,Active scapular-plane abduction,40 degrees anterior to coronal,Single-plane fluoroscopy with MRI-based 2D/3D shape matching; optical trunk/humerus tracking,False,60,Raising,False,120,,,,,,,-23.263,,,-23.263,,,,Lawerence et.al / ptj_100_2_283.pdf (duplicate files),Digitized,"Variable: AC_UpwardRotation_deg; estimated digitization uncertainty +/- 0.5 deg; value retained in the original paper convention; selected pixel center (883.4, 480.2). No interpolation, smoothing, coordinate conversion, or cross-study averaging."
Lawrence2020,The Coupled Kinematics of Scapulothoracic Upward Rotation,Lawrence RL; Braman JP; Keefe DF; Ludewig PM,2020,Figure 3,Active scapular-plane abduction,40 degrees anterior to coronal,Single-plane fluoroscopy with MRI-based 2D/3D shape matching; optical trunk/humerus tracking,False,60,Raising,False,120,,,,,,14.546,,,,14.546,,,,Lawerence et.al / ptj_100_2_283.pdf (duplicate files),Digitized,"Variable: SC_PosteriorRotation_deg; estimated digitization uncertainty +/- 0.5 deg; value retained in the original paper convention; selected pixel center (882.9, 307.3). No interpolation, smoothing, coordinate conversion, or cross-study averaging."
Lawrence2020,The Coupled Kinematics of Scapulothoracic Upward Rotation,Lawrence RL; Braman JP; Keefe DF; Ludewig PM,2020,Figure 3,Active scapular-plane abduction,40 degrees anterior to coronal,Single-plane fluoroscopy with MRI-based 2D/3D shape matching; optical trunk/humerus tracking,False,60,Raising,False,120,,,,,-17.866,,,,,-17.866,,,,Lawerence et.al / ptj_100_2_283.pdf (duplicate files),Digitized,"Variable: SC_Elevation_deg; estimated digitization uncertainty +/- 0.5 deg; value retained in the original paper convention; selected pixel center (882.5, 455.5). No interpolation, smoothing, coordinate conversion, or cross-study averaging."
Lawrence2020,The Coupled Kinematics of Scapulothoracic Upward Rotation,Lawrence RL; Braman JP; Keefe DF; Ludewig PM,2020,Figure 3,Active scapular-plane abduction,40 degrees anterior to coronal,Single-plane fluoroscopy with MRI-based 2D/3D shape matching; optical trunk/humerus tracking,False,60,Raising,False,120,,-42.856,,,,,,,,-42.856,,,,Lawerence et.al / ptj_100_2_283.pdf (duplicate files),Digitized,"Variable: ST_UpwardRotation_deg; estimated digitization uncertainty +/- 0.5 deg; value retained in the original paper convention; selected pixel center (883.5, 569.7). No interpolation, smoothing, coordinate conversion, or cross-study averaging."
Lawrence2020,The Coupled Kinematics of Scapulothoracic Upward Rotation,Lawrence RL; Braman JP; Keefe DF; Ludewig PM,2020,Figure 3,Active scapular-plane abduction,40 degrees anterior to coronal,Single-plane fluoroscopy with MRI-based 2D/3D shape matching; optical trunk/humerus tracking,False,60,Raising,False,130,,,,,,,,,,63.563,,,,Lawerence et.al / ptj_100_2_283.pdf (duplicate files),Digitized,"Variable: AC internal rotation; estimated digitization uncertainty +/- 0.5 deg; value retained in the original paper convention; selected pixel center (956.9, 83.2). No interpolation, smoothing, coordinate conversion, or cross-study averaging."
Lawrence2020,The Coupled Kinematics of Scapulothoracic Upward Rotation,Lawrence RL; Braman JP; Keefe DF; Ludewig PM,2020,Figure 3,Active scapular-plane abduction,40 degrees anterior to coronal,Single-plane fluoroscopy with MRI-based 2D/3D shape matching; optical trunk/humerus tracking,False,60,Raising,False,130,,,,,,,-24.327,,,-24.327,,,,Lawerence et.al / ptj_100_2_283.pdf (duplicate files),Digitized,"Variable: AC_UpwardRotation_deg; estimated digitization uncertainty +/- 0.5 deg; value retained in the original paper convention; selected pixel center (957, 485). No interpolation, smoothing, coordinate conversion, or cross-study averaging."
Lawrence2020,The Coupled Kinematics of Scapulothoracic Upward Rotation,Lawrence RL; Braman JP; Keefe DF; Ludewig PM,2020,Figure 3,Active scapular-plane abduction,40 degrees anterior to coronal,Single-plane fluoroscopy with MRI-based 2D/3D shape matching; optical trunk/humerus tracking,False,60,Raising,False,130,,,,,,17.053,,,,17.053,,,,Lawerence et.al / ptj_100_2_283.pdf (duplicate files),Digitized,"Variable: SC_PosteriorRotation_deg; estimated digitization uncertainty +/- 0.5 deg; value retained in the original paper convention; selected pixel center (957, 295.8). No interpolation, smoothing, coordinate conversion, or cross-study averaging."
Lawrence2020,The Coupled Kinematics of Scapulothoracic Upward Rotation,Lawrence RL; Braman JP; Keefe DF; Ludewig PM,2020,Figure 3,Active scapular-plane abduction,40 degrees anterior to coronal,Single-plane fluoroscopy with MRI-based 2D/3D shape matching; optical trunk/humerus tracking,False,60,Raising,False,130,,,,,-19.465,,,,,-19.465,,,,Lawerence et.al / ptj_100_2_283.pdf (duplicate files),Digitized,"Variable: SC_Elevation_deg; estimated digitization uncertainty +/- 0.5 deg; value retained in the original paper convention; selected pixel center (957.5, 462.8). No interpolation, smoothing, coordinate conversion, or cross-study averaging."
Lawrence2020,The Coupled Kinematics of Scapulothoracic Upward Rotation,Lawrence RL; Braman JP; Keefe DF; Ludewig PM,2020,Figure 3,Active scapular-plane abduction,40 degrees anterior to coronal,Single-plane fluoroscopy with MRI-based 2D/3D shape matching; optical trunk/humerus tracking,False,60,Raising,False,130,,-46.581,,,,,,,,-46.581,,,,Lawerence et.al / ptj_100_2_283.pdf (duplicate files),Digitized,"Variable: ST_UpwardRotation_deg; estimated digitization uncertainty +/- 0.5 deg; value retained in the original paper convention; selected pixel center (957, 586.8). No interpolation, smoothing, coordinate conversion, or cross-study averaging."
Lawrence2020,The Coupled Kinematics of Scapulothoracic Upward Rotation,Lawrence RL; Braman JP; Keefe DF; Ludewig PM,2020,Figure 3,Active scapular-plane abduction,40 degrees anterior to coronal,Single-plane fluoroscopy with MRI-based 2D/3D shape matching; optical trunk/humerus tracking,False,60,Raising,False,140,,,,,,,,,,63.640,,,,Lawerence et.al / ptj_100_2_283.pdf (duplicate files),Digitized,"Variable: AC internal rotation; estimated digitization uncertainty +/- 0.5 deg; value retained in the original paper convention; selected pixel center (1030.5, 82.8). No interpolation, smoothing, coordinate conversion, or cross-study averaging."
Lawrence2020,The Coupled Kinematics of Scapulothoracic Upward Rotation,Lawrence RL; Braman JP; Keefe DF; Ludewig PM,2020,Figure 3,Active scapular-plane abduction,40 degrees anterior to coronal,Single-plane fluoroscopy with MRI-based 2D/3D shape matching; optical trunk/humerus tracking,False,60,Raising,False,140,,,,,,,-25.731,,,-25.731,,,,Lawerence et.al / ptj_100_2_283.pdf (duplicate files),Digitized,"Variable: AC_UpwardRotation_deg; estimated digitization uncertainty +/- 0.5 deg; value retained in the original paper convention; selected pixel center (1030.7, 491.4). No interpolation, smoothing, coordinate conversion, or cross-study averaging."
Lawrence2020,The Coupled Kinematics of Scapulothoracic Upward Rotation,Lawrence RL; Braman JP; Keefe DF; Ludewig PM,2020,Figure 3,Active scapular-plane abduction,40 degrees anterior to coronal,Single-plane fluoroscopy with MRI-based 2D/3D shape matching; optical trunk/humerus tracking,False,60,Raising,False,140,,,,,,19.511,,,,19.511,,,,Lawerence et.al / ptj_100_2_283.pdf (duplicate files),Digitized,"Variable: SC_PosteriorRotation_deg; estimated digitization uncertainty +/- 0.5 deg; value retained in the original paper convention; selected pixel center (1030.6, 284.6). No interpolation, smoothing, coordinate conversion, or cross-study averaging."
Lawrence2020,The Coupled Kinematics of Scapulothoracic Upward Rotation,Lawrence RL; Braman JP; Keefe DF; Ludewig PM,2020,Figure 3,Active scapular-plane abduction,40 degrees anterior to coronal,Single-plane fluoroscopy with MRI-based 2D/3D shape matching; optical trunk/humerus tracking,False,60,Raising,False,140,,,,,-20.275,,,,,-20.275,,,,Lawerence et.al / ptj_100_2_283.pdf (duplicate files),Digitized,"Variable: SC_Elevation_deg; estimated digitization uncertainty +/- 0.5 deg; value retained in the original paper convention; selected pixel center (1030.8, 466.5). No interpolation, smoothing, coordinate conversion, or cross-study averaging."
Lawrence2020,The Coupled Kinematics of Scapulothoracic Upward Rotation,Lawrence RL; Braman JP; Keefe DF; Ludewig PM,2020,Figure 3,Active scapular-plane abduction,40 degrees anterior to coronal,Single-plane fluoroscopy with MRI-based 2D/3D shape matching; optical trunk/humerus tracking,False,60,Raising,False,140,,-50.220,,,,,,,,-50.220,,,,Lawerence et.al / ptj_100_2_283.pdf (duplicate files),Digitized,"Variable: ST_UpwardRotation_deg; estimated digitization uncertainty +/- 0.5 deg; value retained in the original paper convention; selected pixel center (1030.6, 603.4). No interpolation, smoothing, coordinate conversion, or cross-study averaging."
