  0
SECTION
  2
HEADER
  9
$ACADVER
  1
AC1024
  9
$ACADMAINTVER
 70
6
  9
$DWGCODEPAGE
  3
ANSI_1252
  9
$LASTSAVEDBY
  1
ezdxf
  9
$INSBASE
 10
0.0
 20
0.0
 30
0.0
  9
$EXTMIN
 10
1e+20
 20
1e+20
 30
1e+20
  9
$EXTMAX
 10
-1e+20
 20
-1e+20
 30
-1e+20
  9
$LIMMIN
 10
0.0
 20
0.0
  9
$LIMMAX
 10
420.0
 20
297.0
  9
$ORTHOMODE
 70
0
  9
$REGENMODE
 70
1
  9
$FILLMODE
 70
1
  9
$QTEXTMODE
 70
0
  9
$MIRRTEXT
 70
1
  9
$LTSCALE
 40
1.0
  9
$ATTMODE
 70
1
  9
$TEXTSIZE
 40
2.5
  9
$TRACEWID
 40
1.0
  9
$TEXTSTYLE
  7
Standard
  9
$CLAYER
  8
0
  9
$CELTYPE
  6
ByLayer
  9
$CECOLOR
 62
256
  9
$CELTSCALE
 40
1.0
  9
$DISPSILH
 70
0
  9
$DIMSCALE
 40
1.0
  9
$DIMASZ
 40
2.5
  9
$DIMEXO
 40
0.625
  9
$DIMDLI
 40
3.75
  9
$DIMRND
 40
0.0
  9
$DIMDLE
 40
0.0
  9
$DIMEXE
 40
1.25
  9
$DIMTP
 40
0.0
  9
$DIMTM
 40
0.0
  9
$DIMTXT
 40
2.5
  9
$DIMCEN
 40
2.5
  9
$DIMTSZ
 40
0.0
  9
$DIMTOL
 70
0
  9
$DIMLIM
 70
0
  9
$DIMTIH
 70
0
  9
$DIMTOH
 70
0
  9
$DIMSE1
 70
0
  9
$DIMSE2
 70
0
  9
$DIMTAD
 70
1
  9
$DIMZIN
 70
8
  9
$DIMBLK
  1

  9
$DIMASO
 70
1
  9
$DIMSHO
 70
1
  9
$DIMPOST
  1

  9
$DIMAPOST
  1

  9
$DIMALT
 70
0
  9
$DIMALTD
 70
3
  9
$DIMALTF
 40
0.03937007874
  9
$DIMLFAC
 40
1.0
  9
$DIMTOFL
 70
1
  9
$DIMTVP
 40
0.0
  9
$DIMTIX
 70
0
  9
$DIMSOXD
 70
0
  9
$DIMSAH
 70
0
  9
$DIMBLK1
  1

  9
$DIMBLK2
  1

  9
$DIMSTYLE
  2
ISO-25
  9
$DIMCLRD
 70
0
  9
$DIMCLRE
 70
0
  9
$DIMCLRT
 70
0
  9
$DIMTFAC
 40
1.0
  9
$DIMGAP
 40
0.625
  9
$DIMJUST
 70
0
  9
$DIMSD1
 70
0
  9
$DIMSD2
 70
0
  9
$DIMTOLJ
 70
0
  9
$DIMTZIN
 70
8
  9
$DIMALTZ
 70
0
  9
$DIMALTTZ
 70
0
  9
$DIMUPT
 70
0
  9
$DIMDEC
 70
2
  9
$DIMTDEC
 70
2
  9
$DIMALTU
 70
2
  9
$DIMALTTD
 70
3
  9
$DIMTXSTY
  7
Standard
  9
$DIMAUNIT
 70
0
  9
$DIMADEC
 70
0
  9
$DIMALTRND
 40
0.0
  9
$DIMAZIN
 70
0
  9
$DIMDSEP
 70
44
  9
$DIMATFIT
 70
3
  9
$DIMFRAC
 70
0
  9
$DIMLDRBLK
  1

  9
$DIMLUNIT
 70
2
  9
$DIMLWD
 70
-2
  9
$DIMLWE
 70
-2
  9
$DIMTMOVE
 70
0
  9
$DIMFXL
 40
1.0
  9
$DIMFXLON
 70
0
  9
$DIMJOGANG
 40
0.785398163397
  9
$DIMTFILL
 70
0
  9
$DIMTFILLCLR
 70
0
  9
$DIMARCSYM
 70
0
  9
$DIMLTYPE
  6

  9
$DIMLTEX1
  6

  9
$DIMLTEX2
  6

  9
$DIMTXTDIRECTION
 70
0
  9
$LUNITS
 70
2
  9
$LUPREC
 70
4
  9
$SKETCHINC
 40
1.0
  9
$FILLETRAD
 40
10.0
  9
$AUNITS
 70
0
  9
$AUPREC
 70
2
  9
$MENU
  1
.
  9
$ELEVATION
 40
0.0
  9
$PELEVATION
 40
0.0
  9
$THICKNESS
 40
0.0
  9
$LIMCHECK
 70
0
  9
$CHAMFERA
 40
0.0
  9
$CHAMFERB
 40
0.0
  9
$CHAMFERC
 40
0.0
  9
$CHAMFERD
 40
0.0
  9
$SKPOLY
 70
0
  9
$TDCREATE
 40
2461248.6300462964
  9
$TDUCREATE
 40
2458532.153996898
  9
$TDUPDATE
 40
2461248.6300462964
  9
$TDUUPDATE
 40
2458532.1544311
  9
$TDINDWG
 40
0.0
  9
$TDUSRTIMER
 40
0.0
  9
$USRTIMER
 70
1
  9
$ANGBASE
 50
0.0
  9
$ANGDIR
 70
0
  9
$PDMODE
 70
0
  9
$PDSIZE
 40
0.0
  9
$PLINEWID
 40
0.0
  9
$SPLFRAME
 70
0
  9
$SPLINETYPE
 70
6
  9
$SPLINESEGS
 70
8
  9
$HANDSEED
  5
35
  9
$SURFTAB1
 70
6
  9
$SURFTAB2
 70
6
  9
$SURFTYPE
 70
6
  9
$SURFU
 70
6
  9
$SURFV
 70
6
  9
$UCSBASE
  2

  9
$UCSNAME
  2

  9
$UCSORG
 10
0.0
 20
0.0
 30
0.0
  9
$UCSXDIR
 10
1.0
 20
0.0
 30
0.0
  9
$UCSYDIR
 10
0.0
 20
1.0
 30
0.0
  9
$UCSORTHOREF
  2

  9
$UCSORTHOVIEW
 70
0
  9
$UCSORGTOP
 10
0.0
 20
0.0
 30
0.0
  9
$UCSORGBOTTOM
 10
0.0
 20
0.0
 30
0.0
  9
$UCSORGLEFT
 10
0.0
 20
0.0
 30
0.0
  9
$UCSORGRIGHT
 10
0.0
 20
0.0
 30
0.0
  9
$UCSORGFRONT
 10
0.0
 20
0.0
 30
0.0
  9
$UCSORGBACK
 10
0.0
 20
0.0
 30
0.0
  9
$PUCSBASE
  2

  9
$PUCSNAME
  2

  9
$PUCSORG
 10
0.0
 20
0.0
 30
0.0
  9
$PUCSXDIR
 10
1.0
 20
0.0
 30
0.0
  9
$PUCSYDIR
 10
0.0
 20
1.0
 30
0.0
  9
$PUCSORTHOREF
  2

  9
$PUCSORTHOVIEW
 70
0
  9
$PUCSORGTOP
 10
0.0
 20
0.0
 30
0.0
  9
$PUCSORGBOTTOM
 10
0.0
 20
0.0
 30
0.0
  9
$PUCSORGLEFT
 10
0.0
 20
0.0
 30
0.0
  9
$PUCSORGRIGHT
 10
0.0
 20
0.0
 30
0.0
  9
$PUCSORGFRONT
 10
0.0
 20
0.0
 30
0.0
  9
$PUCSORGBACK
 10
0.0
 20
0.0
 30
0.0
  9
$USERI1
 70
0
  9
$USERI2
 70
0
  9
$USERI3
 70
0
  9
$USERI4
 70
0
  9
$USERI5
 70
0
  9
$USERR1
 40
0.0
  9
$USERR2
 40
0.0
  9
$USERR3
 40
0.0
  9
$USERR4
 40
0.0
  9
$USERR5
 40
0.0
  9
$WORLDVIEW
 70
1
  9
$SHADEDGE
 70
3
  9
$SHADEDIF
 70
70
  9
$TILEMODE
 70
1
  9
$MAXACTVP
 70
64
  9
$PINSBASE
 10
0.0
 20
0.0
 30
0.0
  9
$PLIMCHECK
 70
0
  9
$PEXTMIN
 10
1e+20
 20
1e+20
 30
1e+20
  9
$PEXTMAX
 10
-1e+20
 20
-1e+20
 30
-1e+20
  9
$PLIMMIN
 10
0.0
 20
0.0
  9
$PLIMMAX
 10
420.0
 20
297.0
  9
$UNITMODE
 70
0
  9
$VISRETAIN
 70
1
  9
$PLINEGEN
 70
0
  9
$PSLTSCALE
 70
1
  9
$TREEDEPTH
 70
3020
  9
$CMLSTYLE
  2
Standard
  9
$CMLJUST
 70
0
  9
$CMLSCALE
 40
20.0
  9
$PROXYGRAPHICS
 70
1
  9
$MEASUREMENT
 70
1
  9
$CELWEIGHT
370
-1
  9
$ENDCAPS
280
0
  9
$JOINSTYLE
280
0
  9
$LWDISPLAY
290
0
  9
$INSUNITS
 70
4
  9
$HYPERLINKBASE
  1

  9
$STYLESHEET
  1

  9
$XEDIT
290
1
  9
$CEPSNTYPE
380
0
  9
$PSTYLEMODE
290
1
  9
$FINGERPRINTGUID
  2
{8C88E9F4-97CA-411F-84D3-A6B3CC788F30}
  9
$VERSIONGUID
  2
{0546FF09-EF0E-4953-8BB8-60C01FBACBBA}
  9
$EXTNAMES
290
1
  9
$PSVPSCALE
 40
0.0
  9
$OLESTARTUP
290
0
  9
$SORTENTS
280
127
  9
$INDEXCTL
280
0
  9
$HIDETEXT
280
1
  9
$XCLIPFRAME
280
1
  9
$HALOGAP
280
0
  9
$OBSCOLOR
 70
257
  9
$OBSLTYPE
280
0
  9
$INTERSECTIONDISPLAY
280
0
  9
$INTERSECTIONCOLOR
 70
257
  9
$DIMASSOC
280
2
  9
$PROJECTNAME
  1

  9
$CAMERADISPLAY
290
0
  9
$LENSLENGTH
 40
50.0
  9
$CAMERAHEIGHT
 40
0.0
  9
$STEPSPERSEC
 40
24.0
  9
$STEPSIZE
 40
100.0
  9
$3DDWFPREC
 40
2.0
  9
$PSOLWIDTH
 40
0.005
  9
$PSOLHEIGHT
 40
0.08
  9
$LOFTANG1
 40
1.570796326795
  9
$LOFTANG2
 40
1.570796326795
  9
$LOFTMAG1
 40
0.0
  9
$LOFTMAG2
 40
0.0
  9
$LOFTPARAM
 70
7
  9
$LOFTNORMALS
280
1
  9
$LATITUDE
 40
37.795
  9
$LONGITUDE
 40
-122.394
  9
$NORTHDIRECTION
 40
0.0
  9
$TIMEZONE
 70
-8000
  9
$LIGHTGLYPHDISPLAY
280
1
  9
$TILEMODELIGHTSYNCH
280
1
  9
$CMATERIAL
347
20
  9
$SOLIDHIST
280
0
  9
$SHOWHIST
280
1
  9
$DWFFRAME
280
2
  9
$DGNFRAME
280
2
  9
$REALWORLDSCALE
290
1
  9
$INTERFERECOLOR
 62
256
  9
$CSHADOW
280
0
  9
$SHADOWPLANELOCATION
 40
0.0
  0
ENDSEC
  0
SECTION
  2
CLASSES
  0
CLASS
  1
ACDBDICTIONARYWDFLT
  2
AcDbDictionaryWithDefault
  3
ObjectDBX Classes
 90
0
 91
0
280
0
281
0
  0
CLASS
  1
SUN
  2
AcDbSun
  3
SCENEOE
 90
1153
 91
0
280
0
281
0
  0
CLASS
  1
VISUALSTYLE
  2
AcDbVisualStyle
  3
ObjectDBX Classes
 90
4095
 91
0
280
0
281
0
  0
CLASS
  1
MATERIAL
  2
AcDbMaterial
  3
ObjectDBX Classes
 90
1153
 91
0
280
0
281
0
  0
CLASS
  1
SCALE
  2
AcDbScale
  3
ObjectDBX Classes
 90
1153
 91
0
280
0
281
0
  0
CLASS
  1
TABLESTYLE
  2
AcDbTableStyle
  3
ObjectDBX Classes
 90
4095
 91
0
280
0
281
0
  0
CLASS
  1
MLEADERSTYLE
  2
AcDbMLeaderStyle
  3
ACDB_MLEADERSTYLE_CLASS
 90
4095
 91
0
280
0
281
0
  0
CLASS
  1
DICTIONARYVAR
  2
AcDbDictionaryVar
  3
ObjectDBX Classes
 90
0
 91
0
280
0
281
0
  0
CLASS
  1
CELLSTYLEMAP
  2
AcDbCellStyleMap
  3
ObjectDBX Classes
 90
1152
 91
0
280
0
281
0
  0
CLASS
  1
MENTALRAYRENDERSETTINGS
  2
AcDbMentalRayRenderSettings
  3
SCENEOE
 90
1024
 91
0
280
0
281
0
  0
CLASS
  1
ACDBDETAILVIEWSTYLE
  2
AcDbDetailViewStyle
  3
ObjectDBX Classes
 90
1025
 91
0
280
0
281
0
  0
CLASS
  1
ACDBSECTIONVIEWSTYLE
  2
AcDbSectionViewStyle
  3
ObjectDBX Classes
 90
1025
 91
0
280
0
281
0
  0
CLASS
  1
RASTERVARIABLES
  2
AcDbRasterVariables
  3
ISM
 90
0
 91
0
280
0
281
0
  0
CLASS
  1
LAYOUT
  2
AcDbLayout
  3
ObjectDBX Classes
 90
0
 91
0
280
0
281
0
  0
CLASS
  1
ACDBPLACEHOLDER
  2
AcDbPlaceHolder
  3
ObjectDBX Classes
 90
0
 91
0
280
0
281
0
  0
ENDSEC
  0
SECTION
  2
TABLES
  0
TABLE
  2
VPORT
  5
8
330
0
100
AcDbSymbolTable
 70
1
  0
VPORT
  5
23
330
8
100
AcDbSymbolTableRecord
100
AcDbViewportTableRecord
  2
*Active
 70
0
 10
0.0
 20
0.0
 11
1.0
 21
1.0
 12
0.0
 22
0.0
 13
0.0
 23
0.0
 14
0.5
 24
0.5
 15
0.5
 25
0.5
 16
0.0
 26
0.0
 36
1.0
 17
0.0
 27
0.0
 37
0.0
 40
1000.0
 41
1.34
 42
50.0
 43
0.0
 44
0.0
 50
0.0
 51
0.0
 71
0
 72
1000
 73
1
 74
3
 75
0
 76
0
 77
0
 78
0
281
0
 65
0
146
0.0
  0
ENDTAB
  0
TABLE
  2
LTYPE
  5
2
330
0
100
AcDbSymbolTable
 70
3
  0
LTYPE
  5
24
330
2
100
AcDbSymbolTableRecord
100
AcDbLinetypeTableRecord
  2
ByBlock
 70
0
  3

 72
65
 73
0
 40
0.0
  0
LTYPE
  5
25
330
2
100
AcDbSymbolTableRecord
100
AcDbLinetypeTableRecord
  2
ByLayer
 70
0
  3

 72
65
 73
0
 40
0.0
  0
LTYPE
  5
26
330
2
100
AcDbSymbolTableRecord
100
AcDbLinetypeTableRecord
  2
Continuous
 70
0
  3

 72
65
 73
0
 40
0.0
  0
ENDTAB
  0
TABLE
  2
LAYER
  5
1
330
0
100
AcDbSymbolTable
 70
3
  0
LAYER
  5
27
330
1
100
AcDbSymbolTableRecord
100
AcDbLayerTableRecord
  2
0
 70
0
 62
7
  6
Continuous
370
-3
390
13
347
21
  0
LAYER
  5
28
330
1
100
AcDbSymbolTableRecord
100
AcDbLayerTableRecord
  2
Defpoints
 70
0
 62
7
  6
Continuous
290
0
370
-3
390
13
347
21
  0
LAYER
  5
2F
330
1
100
AcDbSymbolTableRecord
100
AcDbLayerTableRecord
  2
PITCH_CURVE
 70
0
 62
7
  6
Continuous
370
-3
390
13
347
21
  0
ENDTAB
  0
TABLE
  2
STYLE
  5
5
330
0
100
AcDbSymbolTable
 70
1
  0
STYLE
  5
29
330
5
100
AcDbSymbolTableRecord
100
AcDbTextStyleTableRecord
  2
Standard
 70
0
 40
0.0
 41
1.0
 50
0.0
 71
0
 42
2.5
  3
txt
  4

  0
ENDTAB
  0
TABLE
  2
VIEW
  5
7
330
0
100
AcDbSymbolTable
 70
0
  0
ENDTAB
  0
TABLE
  2
UCS
  5
6
330
0
100
AcDbSymbolTable
 70
0
  0
ENDTAB
  0
TABLE
  2
APPID
  5
3
330
0
100
AcDbSymbolTable
 70
3
  0
APPID
  5
2A
330
3
100
AcDbSymbolTableRecord
100
AcDbRegAppTableRecord
  2
ACAD
 70
0
  0
APPID
  5
32
330
3
100
AcDbSymbolTableRecord
100
AcDbRegAppTableRecord
  2
HATCHBACKGROUNDCOLOR
 70
0
  0
APPID
  5
33
330
3
100
AcDbSymbolTableRecord
100
AcDbRegAppTableRecord
  2
EZDXF
 70
0
  0
ENDTAB
  0
TABLE
  2
DIMSTYLE
  5
4
330
0
100
AcDbSymbolTable
 70
1
100
AcDbDimStyleTable
  0
DIMSTYLE
105
2B
330
4
100
AcDbSymbolTableRecord
100
AcDbDimStyleTableRecord
  2
Standard
 70
0
 40
1.0
 41
2.5
 42
0.625
 43
3.75
 44
1.25
 45
0.0
 46
0.0
 47
0.0
 48
0.0
 49
2.5
140
2.5
141
2.5
142
0.0
143
0.03937007874
144
1.0
145
0.0
146
1.0
147
0.625
148
0.0
 69
0
 70
0
 71
0
 72
0
 73
0
 74
0
 75
0
 76
0
 77
1
 78
8
 79
3
170
0
171
3
172
1
173
0
174
0
175
0
176
0
177
0
178
0
179
2
271
2
272
2
273
2
274
3
275
0
276
0
277
2
278
44
279
0
280
0
281
0
282
0
283
0
284
8
285
0
286
0
288
0
289
3
290
0
371
-2
372
-2
  0
ENDTAB
  0
TABLE
  2
BLOCK_RECORD
  5
9
330
0
100
AcDbSymbolTable
 70
2
  0
BLOCK_RECORD
  5
17
330
9
100
AcDbSymbolTableRecord
100
AcDbBlockTableRecord
  2
*Model_Space
340
1A
 70
0
280
1
281
0
  0
BLOCK_RECORD
  5
1B
330
9
100
AcDbSymbolTableRecord
100
AcDbBlockTableRecord
  2
*Paper_Space
340
1E
 70
0
280
1
281
0
  0
ENDTAB
  0
ENDSEC
  0
SECTION
  2
BLOCKS
  0
BLOCK
  5
18
330
17
100
AcDbEntity
  8
0
100
AcDbBlockBegin
  2
*Model_Space
 70
0
 10
0.0
 20
0.0
 30
0.0
  3
*Model_Space
  1

  0
ENDBLK
  5
19
330
17
100
AcDbEntity
  8
0
100
AcDbBlockEnd
  0
BLOCK
  5
1C
330
1B
100
AcDbEntity
  8
0
100
AcDbBlockBegin
  2
*Paper_Space
 70
0
 10
0.0
 20
0.0
 30
0.0
  3
*Paper_Space
  1

  0
ENDBLK
  5
1D
330
1B
100
AcDbEntity
  8
0
100
AcDbBlockEnd
  0
ENDSEC
  0
SECTION
  2
ENTITIES
  0
SPLINE
  5
30
330
17
100
AcDbEntity
  8
PITCH_CURVE
100
AcDbSpline
 70
0
 71
3
 72
0
 73
0
 74
4001
 11
11.235827784624853
 21
-0.0
 31
0.0
 11
11.24090489769481
 21
-0.008828587876880761
 31
0.0
 11
11.249692838995303
 21
-0.017670990722874282
 31
0.0
 11
11.25747558995286
 21
-0.026524851044124984
 31
0.0
 11
11.26551661211225
 21
-0.03539178066187343
 31
0.0
 11
11.273477395075894
 21
-0.04427106977805664
 31
0.0
 11
11.281448610911966
 21
-0.053162967640515015
 31
0.0
 11
11.289405949632203
 21
-0.06206737623462784
 31
0.0
 11
11.29735590602216
 21
-0.07098431475729597
 31
0.0
 11
11.305296721972741
 21
-0.07991376450368458
 31
0.0
 11
11.313228850456778
 21
-0.08885571864243398
 31
0.0
 11
11.32115215212012
 21
-0.0978101666786476
 31
0.0
 11
11.329066646169121
 21
-0.10677709920480885
 31
0.0
 11
11.336972309546985
 21
-0.11575650647295053
 31
0.0
 11
11.344869130379571
 21
-0.12474837881632973
 31
0.0
 11
11.352757093829993
 21
-0.1337527065266632
 31
0.0
 11
11.360636185925319
 21
-0.14276947989055205
 31
0.0
 11
11.36850639245574
 21
-0.15179868917814185
 31
0.0
 11
11.376367699264232
 21
-0.16084032464626039
 31
0.0
 11
11.384220092165412
 21
-0.16989437653737985
 31
0.0
 11
11.39206355715169
 21
-0.17896083508271418
 31
0.0
 11
11.39989807995957
 21
-0.1880396904957342
 31
0.0
 11
11.407723646543632
 21
-0.19713093297931839
 31
0.0
 11
11.415540242816933
 21
-0.20623455272189237
 31
0.0
 11
11.423347854633352
 21
-0.21535053989689842
 31
0.0
 11
11.431146467963249
 21
-0.22447888466598262
 31
0.0
 11
11.438936068704194
 21
-0.2336195771755571
 31
0.0
 11
11.446716642836698
 21
-0.2427726075597821
 31
0.0
 11
11.454488176284805
 21
-0.25193796593779855
 31
0.0
 11
11.462250655015751
 21
-0.261115642415741
 31
0.0
 11
11.470004064998351
 21
-0.270305627085897
 31
0.0
 11
11.477748392230218
 21
-0.2795079100273461
 31
0.0
 11
11.485483622708488
 21
-0.2887224813053025
 31
0.0
 11
11.493209742403574
 21
-0.2979493309704025
 31
0.0
 11
11.5009267374021
 21
-0.30718844906238707
 31
0.0
 11
11.50863459367972
 21
-0.3164398256042771
 31
0.0
 11
11.51633329727819
 21
-0.3257034506069169
 31
0.0
 11
11.524022834267198
 21
-0.3349793140680892
 31
0.0
 11
11.531703190696946
 21
-0.3442674059711809
 31
0.0
 11
11.53937435263843
 21
-0.3535677162863058
 31
0.0
 11
11.547036306171066
 21
-0.3628802349699665
 31
0.0
 11
11.554689037421989
 21
-0.37220495196632314
 31
0.0
 11
11.562332532435907
 21
-0.38154185720305134
 31
0.0
 11
11.569966777378214
 21
-0.3908909405978495
 31
0.0
 11
11.577591758371488
 21
-0.4002521920532303
 31
0.0
 11
11.58520746152208
 21
-0.4096256014572568
 31
0.0
 11
11.592813873015636
 21
-0.4190111586869025
 31
0.0
 11
11.600410978940307
 21
-0.4284088536017993
 31
0.0
 11
11.60799876558213
 21
-0.4378186760549631
 31
0.0
 11
11.615577219052897
 21
-0.44724061587921343
 31
0.0
 11
11.623146325549548
 21
-0.45667466289664377
 31
0.0
 11
11.6307060712601
 21
-0.46612080691515734
 31
0.0
 11
11.63825644243411
 21
-0.475579037731276
 31
0.0
 11
11.645797425295866
 21
-0.4850493451267352
 31
0.0
 11
11.653329006026848
 21
-0.49453171886760916
 31
0.0
 11
11.660851170983927
 21
-0.5040261487135385
 31
0.0
 11
11.668363906307146
 21
-0.5135326244011268
 31
0.0
 11
11.675867198352943
 21
-0.5230511356624635
 31
0.0
 11
11.683361033342083
 21
-0.5325816722098909
 31
0.0
 11
11.690845397609156
 21
-0.5421242237470101
 31
0.0
 11
11.698320277467328
 21
-0.5516787799627142
 31
0.0
 11
11.705785659152982
 21
-0.5612453305284208
 31
0.0
 11
11.713241529111498
 21
-0.5708238651116606
 31
0.0
 11
11.720687873588231
 21
-0.5804143733566131
 31
0.0
 11
11.72812467894523
 21
-0.5900168448992201
 31
0.0
 11
11.735551931604295
 21
-0.599631269364702
 31
0.0
 11
11.742969617842475
 21
-0.6092576363571481
 31
0.0
 11
11.750377724120682
 21
-0.6188959354762255
 31
0.0
 11
11.757776236797367
 21
-0.6285461563025594
 31
0.0
 11
11.765165142275508
 21
-0.6382082884052709
 31
0.0
 11
11.772544426986162
 21
-0.6478823213412161
 31
0.0
 11
11.779914077324086
 21
-0.6575682446514659
 31
0.0
 11
11.78727407979795
 21
-0.6672660478696363
 31
0.0
 11
11.79462442077256
 21
-0.6769757205075043
 31
0.0
 11
11.801965086773036
 21
-0.6866972520721104
 31
0.0
 11
11.80929606423935
 21
-0.696430632051877
 31
0.0
 11
11.816617339658897
 21
-0.7061758499241637
 31
0.0
 11
11.823928899564816
 21
-0.7159328951553197
 31
0.0
 11
11.831230730379081
 21
-0.7257017571912036
 31
0.0
 11
11.838522818696257
 21
-0.7354824254743406
 31
0.0
 11
11.845805151050811
 21
-0.7452748894299323
 31
0.0
 11
11.853077713935692
 21
-0.7550791384667642
 31
0.0
 11
11.86034049390646
 21
-0.7648951619837289
 31
0.0
 11
11.867593477562478
 21
-0.7747229493688066
 31
0.0
 11
11.874836651472005
 21
-0.7845624899942585
 31
0.0
 11
11.882070002166685
 21
-0.7944137732160983
 31
0.0
 11
11.889293516316066
 21
-0.8042767883857211
 31
0.0
 11
11.896507180524608
 21
-0.8141515248365219
 31
0.0
 11
11.90371098136294
 21
-0.8240379718857656
 31
0.0
 11
11.910904905492048
 21
-0.8339361188431166
 31
0.0
 11
11.918088939580212
 21
-0.8438459550050796
 31
0.0
 11
11.925263070227231
 21
-0.8537674696495673
 31
0.0
 11
11.932427284120863
 21
-0.8637006520469201
 31
0.0
 11
11.939581568000373
 21
-0.8736454914575534
 31
0.0
 11
11.94672590847887
 21
-0.8836019771189821
 31
0.0
 11
11.95386029227667
 21
-0.8935700982627359
 31
0.0
 11
11.960984706133464
 21
-0.9035498441081108
 31
0.0
 11
11.968099136742673
 21
-0.9135412038572012
 31
0.0
 11
11.97520357087037
 21
-0.9235441667038526
 31
0.0
 11
11.982297995229466
 21
-0.933558721824113
 31
0.0
 11
11.989382396617636
 21
-0.9435848583868427
 31
0.0
 11
11.996456761782012
 21
-0.9536225655432564
 31
0.0
 11
12.003521077524338
 21
-0.9636718324351331
 31
0.0
 11
12.010575330606981
 21
-0.9737326481873773
 31
0.0
 11
12.017619507855517
 21
-0.9838050019162227
 31
0.0
 11
12.024653596117657
 21
-0.9938888827260557
 31
0.0
 11
12.031677582150841
 21
-1.0039842797000873
 31
0.0
 11
12.038691452892442
 21
-1.0140911819227212
 31
0.0
 11
12.045695195116862
 21
-1.024209578451073
 31
0.0
 11
12.052688795705336
 21
-1.0343394583374466
 31
0.0
 11
12.059672241565755
 21
-1.0444808106227759
 31
0.0
 11
12.066645519559524
 21
-1.0546336243303027
 31
0.0
 11
12.073608616576825
 21
-1.0647978884719942
 31
0.0
 11
12.080561519545356
 21
-1.0749735920494017
 31
0.0
 11
12.087504215426895
 21
-1.0851607240534602
 31
0.0
 11
12.094436691085129
 21
-1.0953592734526216
 31
0.0
 11
12.101358933505153
 21
-1.1055692292124832
 31
0.0
 11
12.108270929659435
 21
-1.1157905802838783
 31
0.0
 11
12.115172666472969
 21
-1.1260233155995565
 31
0.0
 11
12.12206413098408
 21
-1.1362674240890287
 31
0.0
 11
12.128945310147667
 21
-1.1465228946603836
 31
0.0
 11
12.135816190979792
 21
-1.1567897162137022
 31
0.0
 11
12.142676760504642
 21
-1.1670678776361674
 31
0.0
 11
12.14952700573651
 21
-1.177357367800315
 31
0.0
 11
12.15636691375175
 21
-1.1876581755709854
 31
0.0
 11
12.163196471578988
 21
-1.1979702897947233
 31
0.0
 11
12.170015666277006
 21
-1.2082936993072837
 31
0.0
 11
12.176824484931066
 21
-1.2186283929333472
 31
0.0
 11
12.18362291465827
 21
-1.2289743594871292
 31
0.0
 11
12.190410942507658
 21
-1.2393315877623148
 31
0.0
 11
12.197188555635062
 21
-1.2497000665496678
 31
0.0
 11
12.203955741143725
 21
-1.2600797846209584
 31
0.0
 11
12.210712486175481
 21
-1.2704707307382084
 31
0.0
 11
12.217458777901973
 21
-1.2808728936528866
 31
0.0
 11
12.224194603436818
 21
-1.291286262096711
 31
0.0
 11
12.230919950013577
 21
-1.301710824800323
 31
0.0
 11
12.23763480477905
 21
-1.3121465704715662
 31
0.0
 11
12.244339154911088
 21
-1.322593487807827
 31
0.0
 11
12.251032987673034
 21
-1.3330515655020463
 31
0.0
 11
12.257716290246371
 21
-1.3435207922246828
 31
0.0
 11
12.264389049897455
 21
-1.3540011566417547
 31
0.0
 11
12.27105125383489
 21
-1.3644926473992791
 31
0.0
 11
12.27770288931802
 21
-1.374995253135162
 31
0.0
 11
12.284343943661316
 21
-1.3855089624798531
 31
0.0
 11
12.290974404107875
 21
-1.3960337640421598
 31
0.0
 11
12.297594257974742
 21
-1.40656964642555
 31
0.0
 11
12.304203492532213
 21
-1.4171165982145075
 31
0.0
 11
12.310802095127968
 21
-1.4276746079887024
 31
0.0
 11
12.317390053083857
 21
-1.438243664311212
 31
0.0
 11
12.323967353740239
 21
-1.4488237557335943
 31
0.0
 11
12.330533984474307
 21
-1.4594148707980892
 31
0.0
 11
12.33708993263495
 21
-1.4700169980299709
 31
0.0
 11
12.343635185575732
 21
-1.4806301259413508
 31
0.0
 11
12.350169730720589
 21
-1.4912542430390936
 31
0.0
 11
12.356693555477671
 21
-1.5018893378145852
 31
0.0
 11
12.363206647240798
 21
-1.5125353987438113
 31
0.0
 11
12.369708993449136
 21
-1.523192414294614
 31
0.0
 11
12.376200581542244
 21
-1.5338603729212583
 31
0.0
 11
12.382681398966964
 21
-1.5445392630652608
 31
0.0
 11
12.389151433203724
 21
-1.5552290731586798
 31
0.0
 11
12.395610671694385
 21
-1.5659297916150976
 31
0.0
 11
12.402059101968922
 21
-1.5766414068455297
 31
0.0
 11
12.408496711513802
 21
-1.5873639072419068
 31
0.0
 11
12.414923487828922
 21
-1.5980972811841896
 31
0.0
 11
12.42133941847598
 21
-1.6088415170466461
 31
0.0
 11
12.4277444909326
 21
-1.6195966031790556
 31
0.0
 11
12.43413869281429
 21
-1.6303625279354357
 31
0.0
 11
12.44052201164396
 21
-1.6411392796441482
 31
0.0
 11
12.446894435009408
 21
-1.6519268466283914
 31
0.0
 11
12.453255950508087
 21
-1.6627252171990528
 31
0.0
 11
12.459606545711623
 21
-1.6735343796499356
 31
0.0
 11
12.465946208272669
 21
-1.6843543222720618
 31
0.0
 11
12.472274925767408
 21
-1.695185033332546
 31
0.0
 11
12.478592685897626
 21
-1.7060265011018816
 31
0.0
 11
12.484899476246348
 21
-1.716878713820795
 31
0.0
 11
12.491195284497532
 21
-1.7277416597301272
 31
0.0
 11
12.497480098362416
 21
-1.738615327060949
 31
0.0
 11
12.503753905482812
 21
-1.7494997040210956
 31
0.0
 11
12.510016693567144
 21
-1.7603947788140024
 31
0.0
 11
12.516268450352309
 21
-1.7713005396335282
 31
0.0
 11
12.522509163544052
 21
-1.7822169746555503
 31
0.0
 11
12.52873882084589
 21
-1.7931440720419316
 31
0.0
 11
12.53495741008836
 21
-1.8040818199590867
 31
0.0
 11
12.541164918967315
 21
-1.8150302065405652
 31
0.0
 11
12.547361335263599
 21
-1.8259892199184504
 31
0.0
 11
12.553546646797468
 21
-1.836958848216986
 31
0.0
 11
12.559720841318647
 21
-1.8479390795365225
 31
0.0
 11
12.565883906699373
 21
-1.858929901981748
 31
0.0
 11
12.57203583073047
 21
-1.8699313036318137
 31
0.0
 11
12.578176601223358
 21
-1.8809432725552226
 31
0.0
 11
12.584306206085046
 21
-1.891965796821143
 31
0.0
 11
12.590424633131594
 21
-1.9029988644715634
 31
0.0
 11
12.596531870268665
 21
-1.9140424635483198
 31
0.0
 11
12.602627905351753
 21
-1.925096582072067
 31
0.0
 11
12.608712726317973
 21
-1.936161208062271
 31
0.0
 11
12.614786321072717
 21
-1.9472363295200086
 31
0.0
 11
12.62084867748884
 21
-1.9583219344276663
 31
0.0
 11
12.626899783568309
 21
-1.9694180107739887
 31
0.0
 11
12.63293962723091
 21
-1.9805245465214278
 31
0.0
 11
12.638968196477126
 21
-1.9916415296314425
 31
0.0
 11
12.644985479239576
 21
-2.0027689480412487
 31
0.0
 11
12.650991463486566
 21
-2.0139067896799974
 31
0.0
 11
12.65698613731146
 21
-2.025055042483173
 31
0.0
 11
12.662969488637877
 21
-2.0362136943456504
 31
0.0
 11
12.668941505516285
 21
-2.0473827331689085
 31
0.0
 11
12.674902176019836
 21
-2.058562146844579
 31
0.0
 11
12.68085148817698
 21
-2.0697519232435027
 31
0.0
 11
12.686789430032034
 21
-2.080952050225437
 31
0.0
 11
12.69271598969881
 21
-2.0921625156479307
 31
0.0
 11
12.698631155256212
 21
-2.1033833073492554
 31
0.0
 11
12.704534914776964
 21
-2.114614413153024
 31
0.0
 11
12.710427256437038
 21
-2.12585582088641
 31
0.0
 11
12.716308168316418
 21
-2.137107518347055
 31
0.0
 11
12.722177638577318
 21
-2.148369493332725
 31
0.0
 11
12.728035655370611
 21
-2.159641733625731
 31
0.0
 11
12.733882206854114
 21
-2.1709242269959574
 31
0.0
 11
12.739717281227474
 21
-2.1822169612068265
 31
0.0
 11
12.745540866663505
 21
-2.19351992400361
 31
0.0
 11
12.751352951377742
 21
-2.2048331031253046
 31
0.0
 11
12.757153523592743
 21
-2.2161564862985665
 31
0.0
 11
12.76294257154462
 21
-2.2274900612388304
 31
0.0
 11
12.76872008345598
 21
-2.23883381564559
 31
0.0
 11
12.774486047589747
 21
-2.250187737211775
 31
0.0
 11
12.780240452248922
 21
-2.261551813623834
 31
0.0
 11
12.785983285669356
 21
-2.2729260325427925
 31
0.0
 11
12.791714536185427
 21
-2.2843103816335284
 31
0.0
 11
12.797434192089463
 21
-2.2957048485399105
 31
0.0
 11
12.803142241694776
 21
-2.307109420895945
 31
0.0
 11
12.808838673339709
 21
-2.318524086326554
 31
0.0
 11
12.814523475389462
 21
-2.3299488324479647
 31
0.0
 11
12.820196636202613
 21
-2.341383646861665
 31
0.0
 11
12.825858144115534
 21
-2.352828517151478
 31
0.0
 11
12.83150798757834
 21
-2.364283430908474
 31
0.0
 11
12.837146154937946
 21
-2.3757483756912467
 31
0.0
 11
12.842772634622369
 21
-2.387223339059708
 31
0.0
 11
12.84838741506119
 21
-2.3987083085605287
 31
0.0
 11
12.853990484696254
 21
-2.4102032717291078
 31
0.0
 11
12.859581831986132
 21
-2.4217082160904204
 31
0.0
 11
12.865161445359119
 21
-2.4332231291501576
 31
0.0
 11
12.870729313344595
 21
-2.4447479984195097
 31
0.0
 11
12.876285424405184
 21
-2.4562828113835162
 31
0.0
 11
12.881829767037521
 21
-2.467827555520066
 31
0.0
 11
12.887362329773154
 21
-2.4793822183001533
 31
0.0
 11
12.892883101140738
 21
-2.4909467871806865
 31
0.0
 11
12.89839206969117
 21
-2.5025212496093037
 31
0.0
 11
12.903889223956508
 21
-2.5141055930164202
 31
0.0
 11
12.909374552527083
 21
-2.525699804830193
 31
0.0
 11
12.914848043997594
 21
-2.53730387246613
 31
0.0
 11
12.920309686925178
 21
-2.5489177833187875
 31
0.0
 11
12.925759469944627
 21
-2.5605415247844077
 31
0.0
 11
12.93119738167704
 21
-2.572175084243015
 31
0.0
 11
12.936623410762568
 21
-2.5838184490648604
 31
0.0
 11
12.942037545828553
 21
-2.5954716066040686
 31
0.0
 11
12.947439775558138
 21
-2.607134544212355
 31
0.0
 11
12.952830088624943
 21
-2.6188072492260077
 31
0.0
 11
12.958208473701342
 21
-2.6304897089674832
 31
0.0
 11
12.963574919490938
 21
-2.64218191075198
 31
0.0
 11
12.968929414730402
 21
-2.653883841887898
 31
0.0
 11
12.974271948149115
 21
-2.66559548966864
 31
0.0
 11
12.979602508434542
 21
-2.6773168413653976
 31
0.0
 11
12.984921084407237
 21
-2.689047884263173
 31
0.0
 11
12.990227664796436
 21
-2.7007886056146337
 31
0.0
 11
12.995522238382474
 21
-2.7125389926694137
 31
0.0
 11
13.00080479400387
 21
-2.724299032675771
 31
0.0
 11
13.006075320394244
 21
-2.73606871284647
 31
0.0
 11
13.01133380643109
 21
-2.7478480204108484
 31
0.0
 11
13.01658024094591
 21
-2.7596369425751135
 31
0.0
 11
13.021814612743402
 21
-2.7714354665261878
 31
0.0
 11
13.027036910733104
 21
-2.7832435794596844
 31
0.0
 11
13.032247123761257
 21
-2.795061268544237
 31
0.0
 11
13.037445240730216
 21
-2.8068885209468997
 31
0.0
 11
13.042631250534436
 21
-2.818725323819502
 31
0.0
 11
13.047805142072773
 21
-2.830571664301241
 31
0.0
 11
13.052966904303569
 21
-2.842427529530649
 31
0.0
 11
13.058116526143797
 21
-2.854292906623755
 31
0.0
 11
13.063253996546772
 21
-2.866167782690911
 31
0.0
 11
13.068379304511566
 21
-2.8780521448389833
 31
0.0
 11
13.073492438975084
 21
-2.8899459801476315
 31
0.0
 11
13.078593388949328
 21
-2.9018492756994667
 31
0.0
 11
13.08368214347852
 21
-2.9137620185707713
 31
0.0
 11
13.088758691534466
 21
-2.9256841958081914
 31
0.0
 11
13.093823022146053
 21
-2.937615794457452
 31
0.0
 11
13.098875124405692
 21
-2.9495568015650027
 31
0.0
 11
13.103914987354006
 21
-2.961507204152167
 31
0.0
 11
13.108942600066287
 21
-2.9734669892344994
 31
0.0
 11
13.113957951626452
 21
-2.9854361438159573
 31
0.0
 11
13.118961031141064
 21
-2.997414654892088
 31
0.0
 11
13.12395182773119
 21
-3.009402509448222
 31
0.0
 11
13.12893033052184
 21
-3.021399694457045
 31
0.0
 11
13.13389652864877
 21
-3.0334061968801547
 31
0.0
 11
13.138850411270973
 21
-3.045422003670945
 31
0.0
 11
13.143791967579457
 21
-3.057447101776705
 31
0.0
 11
13.148721186709732
 21
-3.0694814781182775
 31
0.0
 11
13.15363805790127
 21
-3.0815251196271354
 31
0.0
 11
13.158542570358104
 21
-3.093578013213002
 31
0.0
 11
13.163434713301532
 21
-3.1056401457760896
 31
0.0
 11
13.168314475960697
 21
-3.117711504204899
 31
0.0
 11
13.1731818475831
 21
-3.1297920753787003
 31
0.0
 11
13.178036817452801
 21
-3.141881846171908
 31
0.0
 11
13.182879374825328
 21
-3.1539808034386074
 31
0.0
 11
13.187709509017287
 21
-3.1660889340339176
 31
0.0
 11
13.192527209302026
 21
-3.178206224789049
 31
0.0
 11
13.197332465041383
 21
-3.1903326625429385
 31
0.0
 11
13.202125265531246
 21
-3.202468234105106
 31
0.0
 11
13.206905600118292
 21
-3.214612926283747
 31
0.0
 11
13.211673458216893
 21
-3.226766725890031
 31
0.0
 11
13.216428829121401
 21
-3.238929619692331
 31
0.0
 11
13.221171702262154
 21
-3.2511015944786346
 31
0.0
 11
13.225902067056932
 21
-3.263282637020408
 31
0.0
 11
13.23061991287998
 21
-3.27547273406484
 31
0.0
 11
13.23532522918995
 21
-3.2876718723663827
 31
0.0
 11
13.240018005414386
 21
-3.2998800386582774
 31
0.0
 11
13.244698231002069
 21
-3.31209721966546
 31
0.0
 11
13.249365895462605
 21
-3.324323402114549
 31
0.0
 11
13.254020988235293
 21
-3.3365585727010254
 31
0.0
 11
13.258663498827788
 21
-3.3488027181239337
 31
0.0
 11
13.263293416767628
 21
-3.3610558250738256
 31
0.0
 11
13.267910731549577
 21
-3.3733178802194144
 31
0.0
 11
13.272515432746674
 21
-3.385588870235717
 31
0.0
 11
13.277107509896679
 21
-3.3978687817752737
 31
0.0
 11
13.281686952563673
 21
-3.4101576014837742
 31
0.0
 11
13.286253750306539
 21
-3.422455315991995
 31
0.0
 11
13.290807892765137
 21
-3.434761911938011
 31
0.0
 11
13.295349369526678
 21
-3.4470773759328353
 31
0.0
 11
13.299878170185973
 21
-3.4594016945758304
 31
0.0
 11
13.304394284414142
 21
-3.471734854472615
 31
0.0
 11
13.308897701832384
 21
-3.484076842202298
 31
0.0
 11
13.313388412121036
 21
-3.4964276443458617
 31
0.0
 11
13.317866404971479
 21
-3.5087872474736925
 31
0.0
 11
13.322331670036894
 21
-3.521155638132568
 31
0.0
 11
13.326784197030536
 21
-3.5335328028715014
 31
0.0
 11
13.331223975711707
 21
-3.545918728238221
 31
0.0
 11
13.335650995754355
 21
-3.5583134007442503
 31
0.0
 11
13.340065246941725
 21
-3.5707168069166113
 31
0.0
 11
13.344466719028986
 21
-3.5831289332613427
 31
0.0
 11
13.34885540175396
 21
-3.59554976626623
 31
0.0
 11
13.353231284981254
 21
-3.60797929243963
 31
0.0
 11
13.357594358438176
 21
-3.6204174982393775
 31
0.0
 11
13.361944611963876
 21
-3.632864370139898
 31
0.0
 11
13.366282035414761
 21
-3.6453198946068355
 31
0.0
 11
13.370606618596684
 21
-3.657784058078523
 31
0.0
 11
13.374918351376174
 21
-3.6702568469962573
 31
0.0
 11
13.37921722362241
 21
-3.6827382477885195
 31
0.0
 11
13.383503225267352
 21
-3.6952282468875555
 31
0.0
 11
13.387776346129964
 21
-3.7077268306808993
 31
0.0
 11
13.392036576191956
 21
-3.720233985587458
 31
0.0
 11
13.396283905355547
 21
-3.7327496979906494
 31
0.0
 11
13.400518323530347
 21
-3.7452739542623
 31
0.0
 11
13.404739820742254
 21
-3.7578067407931623
 31
0.0
 11
13.40894838689576
 21
-3.7703480439265165
 31
0.0
 11
13.413144012017677
 21
-3.7828978500263504
 31
0.0
 11
13.417326686057683
 21
-3.7954561454214075
 31
0.0
 11
13.421496399076005
 21
-3.808022916458063
 31
0.0
 11
13.425653141097431
 21
-3.820598149459201
 31
0.0
 11
13.42979690211636
 21
-3.8331818307254513
 31
0.0
 11
13.433927672222948
 21
-3.845773946571135
 31
0.0
 11
13.438045441462878
 21
-3.858374483284351
 31
0.0
 11
13.442150199970431
 21
-3.8709834271650663
 31
0.0
 11
13.4462419377686
 21
-3.8836007644677006
 31
0.0
 11
13.45032064499057
 21
-3.896226481464779
 31
0.0
 11
13.454386311805562
 21
-3.9088605644257934
 31
0.0
 11
13.45843892830207
 21
-3.921502999583289
 31
0.0
 11
13.462478484652056
 21
-3.9341537731804617
 31
0.0
 11
13.466504970998114
 21
-3.946812871438385
 31
0.0
 11
13.470518377572947
 21
-3.9594802805909617
 31
0.0
 11
13.474518694523239
 21
-3.9721559868333327
 31
0.0
 11
13.478505912068021
 21
-3.984839976368288
 31
0.0
 11
13.482480020460596
 21
-3.99753223539523
 31
0.0
 11
13.4864410098973
 21
-4.010232750083146
 31
0.0
 11
13.490388870650783
 21
-4.02294150661006
 31
0.0
 11
13.494323592969124
 21
-4.0356584911331375
 31
0.0
 11
13.498245167178858
 21
-4.048383689819435
 31
0.0
 11
13.502153583537215
 21
-4.061117088801735
 31
0.0
 11
13.50604883233463
 21
-4.073858674209128
 31
0.0
 11
13.509930903932103
 21
-4.086608432178407
 31
0.0
 11
13.513799788655012
 21
-4.099366348822102
 31
0.0
 11
13.517655476845134
 21
-4.1121324102441115
 31
0.0
 11
13.521497958871093
 21
-4.124906602542904
 31
0.0
 11
13.525327225116817
 21
-4.137688911808054
 31
0.0
 11
13.529143265994806
 21
-4.150479324124329
 31
0.0
 11
13.53294607187723
 21
-4.163277825550566
 31
0.0
 11
13.536735633189267
 21
-4.176084402148243
 31
0.0
 11
13.54051194040689
 21
-4.1888990399809725
 31
0.0
 11
13.544274983952421
 21
-4.201721725082268
 31
0.0
 11
13.548024754278943
 21
-4.214552443481525
 31
0.0
 11
13.551761241884725
 21
-4.227391181208595
 31
0.0
 11
13.555484437272815
 21
-4.240237924281303
 31
0.0
 11
13.559194330931675
 21
-4.253092658699332
 31
0.0
 11
13.562890913387589
 21
-4.265955370460605
 31
0.0
 11
13.566574175186926
 21
-4.278826045555794
 31
0.0
 11
13.570244106899636
 21
-4.2917046699694685
 31
0.0
 11
13.573900699036415
 21
-4.30459122965387
 31
0.0
 11
13.57754394220689
 21
-4.3174857105789215
 31
0.0
 11
13.58117382702677
 21
-4.330388098702983
 31
0.0
 11
13.584790344078364
 21
-4.34329837996021
 31
0.0
 11
13.588393483999331
 21
-4.35621654028882
 31
0.0
 11
13.591983237399944
 21
-4.369142565604668
 31
0.0
 11
13.595559594981586
 21
-4.3820764418392875
 31
0.0
 11
13.599122547370516
 21
-4.3950181548865
 31
0.0
 11
13.602672085240535
 21
-4.407967690641786
 31
0.0
 11
13.606208199327007
 21
-4.420925035007011
 31
0.0
 11
13.609730880308605
 21
-4.433890173852099
 31
0.0
 11
13.613240118934424
 21
-4.446863093056269
 31
0.0
 11
13.616735905891648
 21
-4.459843778464943
 31
0.0
 11
13.620218231995976
 21
-4.472832215951956
 31
0.0
 11
13.623687088000615
 21
-4.485828391357187
 31
0.0
 11
13.627142464640317
 21
-4.4988322905007525
 31
0.0
 11
13.63058435277211
 21
-4.511843899229479
 31
0.0
 11
13.634012743171914
 21
-4.524863203349868
 31
0.0
 11
13.637427626685751
 21
-4.537890188678022
 31
0.0
 11
13.640828994123469
 21
-4.550924841004425
 31
0.0
 11
13.644216836363322
 21
-4.563967146128732
 31
0.0
 11
13.64759114428901
 21
-4.577017089838889
 31
0.0
 11
13.650951908743025
 21
-4.590074657895423
 31
0.0
 11
13.654299120651126
 21
-4.603139836073174
 31
0.0
 11
13.657632770911023
 21
-4.616212610123978
 31
0.0
 11
13.660952850481427
 21
-4.6292929658066795
 31
0.0
 11
13.664259350262391
 21
-4.642380888846673
 31
0.0
 11
13.667552261216079
 21
-4.655476364976756
 31
0.0
 11
13.670831574351828
 21
-4.668579379932227
 31
0.0
 11
13.674097280623451
 21
-4.6816899194158905
 31
0.0
 11
13.677349371027534
 21
-4.694807969131498
 31
0.0
 11
13.68058783658556
 21
-4.707933514777731
 31
0.0
 11
13.68381266833989
 21
-4.721066542046877
 31
0.0
 11
13.687023857323224
 21
-4.734207036614297
 31
0.0
 11
13.690221394579229
 21
-4.747354984145493
 31
0.0
 11
13.693405271188043
 21
-4.760510370304959
 31
0.0
 11
13.696575478268265
 21
-4.773673180756995
 31
0.0
 11
13.699732006886796
 21
-4.786843401134314
 31
0.0
 11
13.702874848170433
 21
-4.800021017076851
 31
0.0
 11
13.706003993262808
 21
-4.813206014216859
 31
0.0
 11
13.709119433296486
 21
-4.826398378169098
 31
0.0
 11
13.712221159419494
 21
-4.8395980945401025
 31
0.0
 11
13.71530916282274
 21
-4.8528051489378985
 31
0.0
 11
13.718383434705403
 21
-4.866019526959863
 31
0.0
 11
13.72144396626547
 21
-4.879241214189342
 31
0.0
 11
13.724490748715908
 21
-4.892470196201353
 31
0.0
 11
13.72752377328973
 21
-4.905706458564416
 31
0.0
 11
13.730543031242957
 21
-4.918949986841646
 31
0.0
 11
13.733548513852847
 21
-4.932200766590159
 31
0.0
 11
13.73654021236002
 21
-4.945458783340297
 31
0.0
 11
13.739518118083502
 21
-4.958724022636906
 31
0.0
 11
13.742482222330072
 21
-4.971996470006853
 31
0.0
 11
13.745432516416647
 21
-4.985276110967026
 31
0.0
 11
13.748368991686547
 21
-4.998562931030241
 31
0.0
 11
13.751291639480174
 21
-5.011856915694624
 31
0.0
 11
13.754200451175992
 21
-5.025158050458507
 31
0.0
 11
13.75709541815721
 21
-5.038466320808353
 31
0.0
 11
13.759976531804854
 21
-5.05178171221617
 31
0.0
 11
13.762843783543941
 21
-5.065104210156445
 31
0.0
 11
13.76569716478738
 21
-5.078433800085588
 31
0.0
 11
13.768536666988746
 21
-5.09177046746135
 31
0.0
 11
13.771362281605212
 21
-5.105114197729185
 31
0.0
 11
13.774174000090374
 21
-5.118464976319575
 31
0.0
 11
13.776971813944888
 21
-5.131822788666803
 31
0.0
 11
13.77975571464657
 21
-5.1451876201830125
 31
0.0
 11
13.782525693757826
 21
-5.158559456298269
 31
0.0
 11
13.785281742748833
 21
-5.171938282394527
 31
0.0
 11
13.78802385318524
 21
-5.185324083875776
 31
0.0
 11
13.790752016661314
 21
-5.198716846143186
 31
0.0
 11
13.793466224695086
 21
-5.212116554555584
 31
0.0
 11
13.796166468912993
 21
-5.225523194498975
 31
0.0
 11
13.798852740905868
 21
-5.238936751332313
 31
0.0
 11
13.801525032293089
 21
-5.252357210411682
 31
0.0
 11
13.804183334713716
 21
-5.265784557087007
 31
0.0
 11
13.806827639812987
 21
-5.27921877669691
 31
0.0
 11
13.809457939244025
 21
-5.292659854569347
 31
0.0
 11
13.812074224679778
 21
-5.306107776026164
 31
0.0
 11
13.814676487867981
 21
-5.319562526404309
 31
0.0
 11
13.81726472044152
 21
-5.333024090982907
 31
0.0
 11
13.819838914151827
 21
-5.346492455072988
 31
0.0
 11
13.822399060774762
 21
-5.359967603981471
 31
0.0
 11
13.824945152004045
 21
-5.373449522969792
 31
0.0
 11
13.82747717964566
 21
-5.386938197329219
 31
0.0
 11
13.829995135461335
 21
-5.4004336123201835
 31
0.0
 11
13.832499011252638
 21
-5.413935753204941
 31
0.0
 11
13.834988798844
 21
-5.427444605241027
 31
0.0
 11
13.837464490051339
 21
-5.440960153668981
 31
0.0
 11
13.839926076719184
 21
-5.454482383726874
 31
0.0
 11
13.842373550719014
 21
-5.468011280649724
 31
0.0
 11
13.8448069039049
 21
-5.481546829652012
 31
0.0
 11
13.847226128150673
 21
-5.495089015942282
 31
0.0
 11
13.84963121540157
 21
-5.508637824743724
 31
0.0
 11
13.852022157538146
 21
-5.522193241240193
 31
0.0
 11
13.854398946508041
 21
-5.535755250628502
 31
0.0
 11
13.856761574254067
 21
-5.549323838089874
 31
0.0
 11
13.859110032748776
 21
-5.562898988803737
 31
0.0
 11
13.861444313973536
 21
-5.5764806879393936
 31
0.0
 11
13.863764409862728
 21
-5.590068920633491
 31
0.0
 11
13.866070312501448
 21
-5.603663672069652
 31
0.0
 11
13.868362013881697
 21
-5.617264927380363
 31
0.0
 11
13.870639506033266
 21
-5.630872671699614
 31
0.0
 11
13.872902781020827
 21
-5.6444868901618275
 31
0.0
 11
13.875151830891475
 21
-5.6581075678805846
 31
0.0
 11
13.877386647766302
 21
-5.671734689985905
 31
0.0
 11
13.879607223681894
 21
-5.6853682415595985
 31
0.0
 11
13.881813550816373
 21
-5.699008207727627
 31
0.0
 11
13.88400562127142
 21
-5.71265457357101
 31
0.0
 11
13.88618342716935
 21
-5.726307324165442
 31
0.0
 11
13.888346960704489
 21
-5.739966444602562
 31
0.0
 11
13.890496214026557
 21
-5.75363191994193
 31
0.0
 11
13.892631179330099
 21
-5.7673037352478875
 31
0.0
 11
13.89475184880858
 21
-5.780981875570603
 31
0.0
 11
13.896858214714383
 21
-5.794666325971034
 31
0.0
 11
13.898950269244974
 21
-5.808357071473568
 31
0.0
 11
13.901028004651332
 21
-5.822054097111115
 31
0.0
 11
13.903091413225237
 21
-5.835757387919978
 31
0.0
 11
13.905140487205117
 21
-5.849466928900358
 31
0.0
 11
13.907175218940132
 21
-5.863182705085242
 31
0.0
 11
13.909195600688783
 21
-5.8769047014557545
 31
0.0
 11
13.911201624784452
 21
-5.890632903010779
 31
0.0
 11
13.913193283611461
 21
-5.904367294757098
 31
0.0
 11
13.915170569449321
 21
-5.918107861643309
 31
0.0
 11
13.917133474745553
 21
-5.931854588675584
 31
0.0
 11
13.91908199183984
 21
-5.94560746080055
 31
0.0
 11
13.921016113129584
 21
-5.9593664629756
 31
0.0
 11
13.92293583104886
 21
-5.9731315801600875
 31
0.0
 11
13.924841138026778
 21
-5.986902797297523
 31
0.0
 11
13.926732026509994
 21
-6.00068009932519
 31
0.0
 11
13.928608488939771
 21
-6.01446347116428
 31
0.0
 11
13.93047051782525
 21
-6.0282528977514955
 31
0.0
 11
13.932318105627896
 21
-6.04204836398921
 31
0.0
 11
13.934151244891712
 21
-6.055849854801763
 31
0.0
 11
13.935969928101217
 21
-6.069657355073954
 31
0.0
 11
13.93777414779733
 21
-6.083470849701261
 31
0.0
 11
13.939563896568787
 21
-6.097290323586303
 31
0.0
 11
13.941339166936025
 21
-6.111115761588104
 31
0.0
 11
13.943099951526301
 21
-6.124947148598645
 31
0.0
 11
13.944846242901098
 21
-6.138784469467314
 31
0.0
 11
13.946578033699614
 21
-6.152627709063853
 31
0.0
 11
13.948295316538848
 21
-6.166476852234478
 31
0.0
 11
13.94999808406688
 21
-6.180331883825339
 31
0.0
 11
13.951686328948865
 21
-6.1941927886763635
 31
0.0
 11
13.953360043834753
 21
-6.208059551606935
 31
0.0
 11
13.955019221458986
 21
-6.2219321574602064
 31
0.0
 11
13.956663854486468
 21
-6.235810591034611
 31
0.0
 11
13.958293935658347
 21
-6.249694837148758
 31
0.0
 11
13.959909457719059
 21
-6.263584880608991
 31
0.0
 11
13.961510413398871
 21
-6.277480706201494
 31
0.0
 11
13.963096795463265
 21
-6.2913822987144234
 31
0.0
 11
13.96466859671057
 21
-6.305289642936932
 31
0.0
 11
13.966225809946668
 21
-6.319202723647828
 31
0.0
 11
13.967768427955468
 21
-6.333121525602165
 31
0.0
 11
13.96929644358719
 21
-6.347046033571183
 31
0.0
 11
13.970809849686445
 21
-6.360976232309823
 31
0.0
 11
13.972308639094729
 21
-6.374912106557769
 31
0.0
 11
13.97379280471677
 21
-6.388853641069717
 31
0.0
 11
13.975262339386738
 21
-6.402800820554313
 31
0.0
 11
13.976717236076297
 21
-6.416753629769271
 31
0.0
 11
13.978157487673037
 21
-6.4307120534200415
 31
0.0
 11
13.979583087088757
 21
-6.4446760762092605
 31
0.0
 11
13.980994027337923
 21
-6.458645682873049
 31
0.0
 11
13.982390301336117
 21
-6.4726208580881535
 31
0.0
 11
13.983771902082342
 21
-6.486601586555958
 31
0.0
 11
13.98513882255855
 21
-6.50058785295614
 31
0.0
 11
13.986491055812149
 21
-6.514579641984932
 31
0.0
 11
13.98782859484808
 21
-6.528576938305036
 31
0.0
 11
13.989151432700169
 21
-6.5425797265786985
 31
0.0
 11
13.990459562464313
 21
-6.5565879914833545
 31
0.0
 11
13.991752977157754
 21
-6.570601717645775
 31
0.0
 11
13.993031669936048
 21
-6.5846208897437295
 31
0.0
 11
13.994295633869209
 21
-6.598645492401022
 31
0.0
 11
13.995544862078077
 21
-6.6126755102514645
 31
0.0
 11
13.996779347725091
 21
-6.626710927934691
 31
0.0
 11
13.997999083910171
 21
-6.640751730046883
 31
0.0
 11
13.999204063847733
 21
-6.654797901224576
 31
0.0
 11
14.000394280695257
 21
-6.668849426063476
 31
0.0
 11
14.001569727687594
 21
-6.682906289182234
 31
0.0
 11
14.002730397985426
 21
-6.696968475150275
 31
0.0
 11
14.003876284859595
 21
-6.711035968575721
 31
0.0
 11
14.005007381568177
 21
-6.725108754046826
 31
0.0
 11
14.00612368128999
 21
-6.73918681609986
 31
0.0
 11
14.007225177401638
 21
-6.753270139352237
 31
0.0
 11
14.008311863134882
 21
-6.767358708337879
 31
0.0
 11
14.00938373181148
 21
-6.781452507620139
 31
0.0
 11
14.010440776755532
 21
-6.795551521749652
 31
0.0
 11
14.01148299129292
 21
-6.8096557352640135
 31
0.0
 11
14.012510368817365
 21
-6.823765132719897
 31
0.0
 11
14.013522902628045
 21
-6.837879698614075
 31
0.0
 11
14.014520586187903
 21
-6.851999417509204
 31
0.0
 11
14.015503412848393
 21
-6.866124273899703
 31
0.0
 11
14.016471376034819
 21
-6.880254252302122
 31
0.0
 11
14.017424469190209
 21
-6.8943893372278415
 31
0.0
 11
14.018362685733488
 21
-6.908529513162478
 31
0.0
 11
14.019286019182013
 21
-6.922674764626208
 31
0.0
 11
14.020194462939129
 21
-6.93682507606908
 31
0.0
 11
14.021088010558604
 21
-6.950980432001481
 31
0.0
 11
14.021966655531351
 21
-6.965140816888869
 31
0.0
 11
14.022830391377141
 21
-6.979306215197049
 31
0.0
 11
14.023679211649142
 21
-6.993476611394515
 31
0.0
 11
14.024513109877757
 21
-7.007651989924481
 31
0.0
 11
14.025332079656259
 21
-7.02183233524759
 31
0.0
 11
14.02613611456974
 21
-7.036017631806504
 31
0.0
 11
14.026925208236143
 21
-7.050207864046436
 31
0.0
 11
14.027699354228293
 21
-7.064403016375964
 31
0.0
 11
14.028458546214713
 21
-7.078603073237818
 31
0.0
 11
14.029202777857986
 21
-7.092808019057891
 31
0.0
 11
14.029932042788646
 21
-7.107017838231923
 31
0.0
 11
14.03064633471959
 21
-7.1212325151833396
 31
0.0
 11
14.031345647321167
 21
-7.135452034300088
 31
0.0
 11
14.032029974315162
 21
-7.149676379982231
 31
0.0
 11
14.032699309438348
 21
-7.163905536623545
 31
0.0
 11
14.033353646440617
 21
-7.1781394886105625
 31
0.0
 11
14.033992979048598
 21
-7.192378220303933
 31
0.0
 11
14.034617301055992
 21
-7.20662171608462
 31
0.0
 11
14.035226606288784
 21
-7.220869960336284
 31
0.0
 11
14.035820888478366
 21
-7.235122937379964
 31
0.0
 11
14.03640014151406
 21
-7.249380631603965
 31
0.0
 11
14.036964359212014
 21
-7.263643027344998
 31
0.0
 11
14.037513535396252
 21
-7.277910108929759
 31
0.0
 11
14.038047663992396
 21
-7.292181860723597
 31
0.0
 11
14.038566738841944
 21
-7.306458267034284
 31
0.0
 11
14.03907075386062
 21
-7.320739312194121
 31
0.0
 11
14.039559702967281
 21
-7.3350249805230785
 31
0.0
 11
14.040033580077045
 21
-7.34931525632516
 31
0.0
 11
14.040492379165478
 21
-7.363610123921979
 31
0.0
 11
14.040936094166893
 21
-7.377909567599563
 31
0.0
 11
14.041364719085632
 21
-7.392213571666646
 31
0.0
 11
14.04177824792179
 21
-7.406522120415799
 31
0.0
 11
14.04217667464466
 21
-7.420835198109296
 31
0.0
 11
14.042559993317104
 21
-7.435152789044738
 31
0.0
 11
14.042928197968358
 21
-7.449474877488013
 31
0.0
 11
14.043281282672403
 21
-7.463801447714664
 31
0.0
 11
14.043619241475305
 21
-7.478132483971399
 31
0.0
 11
14.043942068482167
 21
-7.49246797052226
 31
0.0
 11
14.044249757809338
 21
-7.5068078916233
 31
0.0
 11
14.044542303548507
 21
-7.521152231503355
 31
0.0
 11
14.044819699871912
 21
-7.5355009744202865
 31
0.0
 11
14.045081940910464
 21
-7.549854104595839
 31
0.0
 11
14.045329020827813
 21
-7.564211606255212
 31
0.0
 11
14.04556093381565
 21
-7.57857346362465
 31
0.0
 11
14.045777674101448
 21
-7.592939660935697
 31
0.0
 11
14.045979235847923
 21
-7.6073101823708535
 31
0.0
 11
14.04616561331381
 21
-7.62168501215043
 31
0.0
 11
14.046336800770607
 21
-7.636064134487684
 31
0.0
 11
14.046492792429314
 21
-7.650447533548954
 31
0.0
 11
14.04663358260394
 21
-7.664835193542463
 31
0.0
 11
14.046759165599852
 21
-7.679227098657765
 31
0.0
 11
14.04686953570304
 21
-7.693623233059742
 31
0.0
 11
14.04696468724249
 21
-7.708023580922665
 31
0.0
 11
14.04704461456797
 21
-7.722428126418141
 31
0.0
 11
14.04710931202869
 21
-7.736836853703373
 31
0.0
 11
14.047158774023238
 21
-7.751249746948683
 31
0.0
 11
14.047192994908483
 21
-7.7656667902872965
 31
0.0
 11
14.04721196910868
 21
-7.780087967875514
 31
0.0
 11
14.047215691048686
 21
-7.794513263855921
 31
0.0
 11
14.047204155146412
 21
-7.808942662353123
 31
0.0
 11
14.04717735588863
 21
-7.8233761475158765
 31
0.0
 11
14.047135287712594
 21
-7.8378137034513
 31
0.0
 11
14.047077945104572
 21
-7.852255314279652
 31
0.0
 11
14.047005322585091
 21
-7.866700964126233
 31
0.0
 11
14.046917414670233
 21
-7.881150637099791
 31
0.0
 11
14.04681421588278
 21
-7.895604317298688
 31
0.0
 11
14.046695720767866
 21
-7.910061988819674
 31
0.0
 11
14.046561923890984
 21
-7.9245236357568265
 31
0.0
 11
14.046412819831977
 21
-7.938989242198169
 31
0.0
 11
14.04624840321122
 21
-7.953458792240512
 31
0.0
 11
14.046068668614863
 21
-7.967932269947192
 31
0.0
 11
14.045873610666005
 21
-7.982409659388261
 31
0.0
 11
14.04566322402855
 21
-7.996890944642805
 31
0.0
 11
14.045437503366232
 21
-8.011376109775721
 31
0.0
 11
14.045196443315396
 21
-8.025865138822104
 31
0.0
 11
14.04494003861103
 21
-8.040358015859145
 31
0.0
 11
14.04466828396118
 21
-8.054854724934595
 31
0.0
 11
14.044381174040376
 21
-8.069355250062749
 31
0.0
 11
14.04407870364418
 21
-8.083859575313172
 31
0.0
 11
14.04376086749314
 21
-8.098367684698204
 31
0.0
 11
14.043427660373137
 21
-8.112879562253575
 31
0.0
 11
14.043079077081156
 21
-8.12739519200731
 31
0.0
 11
14.042715112386123
 21
-8.14191455795697
 31
0.0
 11
14.042335761147775
 21
-8.156437644138526
 31
0.0
 11
14.041941018179877
 21
-8.170964434547141
 31
0.0
 11
14.041530878331574
 21
-8.185494913184293
 31
0.0
 11
14.041105336473825
 21
-8.200029064049959
 31
0.0
 11
14.040664387499524
 21
-8.214566871142736
 31
0.0
 11
14.040208026297199
 21
-8.229108318444482
 31
0.0
 11
14.039736247777931
 21
-8.243653389935998
 31
0.0
 11
14.03924904688559
 21
-8.258202069603122
 31
0.0
 11
14.038746418562871
 21
-8.272754341416809
 31
0.0
 11
14.03822835777129
 21
-8.287310189344849
 31
0.0
 11
14.037694859477623
 21
-8.301869597343897
 31
0.0
 11
14.037145918698497
 21
-8.31643254938582
 31
0.0
 11
14.036581530425668
 21
-8.330999029413567
 31
0.0
 11
14.036001689715825
 21
-8.345569021394333
 31
0.0
 11
14.035406391571973
 21
-8.3601425092492
 31
0.0
 11
14.034795631080296
 21
-8.37471947693445
 31
0.0
 11
14.034169403314296
 21
-8.389299908384602
 31
0.0
 11
14.033527703339566
 21
-8.403883787515174
 31
0.0
 11
14.032870526312102
 21
-8.418471098281502
 31
0.0
 11
14.03219786729877
 21
-8.433061824571297
 31
0.0
 11
14.031509721482996
 21
-8.44765595032789
 31
0.0
 11
14.030806083997607
 21
-8.462253459450004
 31
0.0
 11
14.030086950015107
 21
-8.476854335845934
 31
0.0
 11
14.02935231472651
 21
-8.49145856342086
 31
0.0
 11
14.028602173350432
 21
-8.506066126082434
 31
0.0
 11
14.02783652107751
 21
-8.520677007707047
 31
0.0
 11
14.027055353138655
 21
-8.535291192181157
 31
0.0
 11
14.026258664845471
 21
-8.54990866342607
 31
0.0
 11
14.025446451399743
 21
-8.564529405281963
 31
0.0
 11
14.024618708117373
 21
-8.579153401644216
 31
0.0
 11
14.023775430275288
 21
-8.59378063637011
 31
0.0
 11
14.022916613206874
 21
-8.608411093337171
 31
0.0
 11
14.022042252249992
 21
-8.623044756411394
 31
0.0
 11
14.021152342733203
 21
-8.637681609438737
 31
0.0
 11
14.020246880032614
 21
-8.652321636280048
 31
0.0
 11
14.019325859524349
 21
-8.666964820781896
 31
0.0
 11
14.018389276618205
 21
-8.681611146797332
 31
0.0
 11
14.017437126698097
 21
-8.69626059814902
 31
0.0
 11
14.016469405214854
 21
-8.71091315868675
 31
0.0
 11
14.015486107604751
 21
-8.725568812236954
 31
0.0
 11
14.014487229324772
 21
-8.740227542624574
 31
0.0
 11
14.013472765861053
 21
-8.754889333678369
 31
0.0
 11
14.012442712701606
 21
-8.769554169213922
 31
0.0
 11
14.011397065359397
 21
-8.784222033048062
 31
0.0
 11
14.010335819347022
 21
-8.798892908982996
 31
0.0
 11
14.009258970219337
 21
-8.813566780833074
 31
0.0
 11
14.008166513521155
 21
-8.828243632391969
 31
0.0
 11
14.007058444832783
 21
-8.842923447461303
 31
0.0
 11
14.00593475975557
 21
-8.85760620984162
 31
0.0
 11
14.004795453862558
 21
-8.87229190330117
 31
0.0
 11
14.00364052279888
 21
-8.886980511639393
 31
0.0
 11
14.00246996221186
 21
-8.901672018642792
 31
0.0
 11
14.00128376773394
 21
-8.916366408074007
 31
0.0
 11
14.00008193503499
 21
-8.931063663705029
 31
0.0
 11
13.998864459830575
 21
-8.945763769322609
 31
0.0
 11
13.997631337786764
 21
-8.960466708667495
 31
0.0
 11
13.996382564617862
 21
-8.97517246549676
 31
0.0
 11
13.995118136106218
 21
-8.989881023596718
 31
0.0
 11
13.993838047957723
 21
-9.004592366690233
 31
0.0
 11
13.992542295969214
 21
-9.019306478544133
 31
0.0
 11
13.991230875897031
 21
-9.03402334288476
 31
0.0
 11
13.989903783553894
 21
-9.048742943460343
 31
0.0
 11
13.988561014773397
 21
-9.063465264018207
 31
0.0
 11
13.987202565341038
 21
-9.078190288260066
 31
0.0
 11
13.985828431141659
 21
-9.092917999937539
 31
0.0
 11
13.984438608042757
 21
-9.10764838277661
 31
0.0
 11
13.983033091895472
 21
-9.122381420478126
 31
0.0
 11
13.981611878607264
 21
-9.137117096765108
 31
0.0
 11
13.980174964104814
 21
-9.151855395358696
 31
0.0
 11
13.978722344296418
 21
-9.166596299953547
 31
0.0
 11
13.97725401514856
 21
-9.181339794267915
 31
0.0
 11
13.975769972608566
 21
-9.196085861993046
 31
0.0
 11
13.97427021264386
 21
-9.210834486818834
 31
0.0
 11
13.972754731270406
 21
-9.225585652452654
 31
0.0
 11
13.971223524492558
 21
-9.240339342579784
 31
0.0
 11
13.969676588311804
 21
-9.25509554086901
 31
0.0
 11
13.968113918797341
 21
-9.269854231019439
 31
0.0
 11
13.966535512010532
 21
-9.28461539671052
 31
0.0
 11
13.964941363990999
 21
-9.299379021592694
 31
0.0
 11
13.963331470872673
 21
-9.314145089364596
 31
0.0
 11
13.9617058287365
 21
-9.32891358367509
 31
0.0
 11
13.960064433705776
 21
-9.34368448818671
 31
0.0
 11
13.958407281932356
 21
-9.358457786566543
 31
0.0
 11
13.956734369568535
 21
-9.373233462467484
 31
0.0
 11
13.955045692768786
 21
-9.388011499529272
 31
0.0
 11
13.953341247728709
 21
-9.402791881404706
 31
0.0
 11
13.951621030686427
 21
-9.417574591760728
 31
0.0
 11
13.949885037813647
 21
-9.43235961420493
 31
0.0
 11
13.948133265361106
 21
-9.447146932383617
 31
0.0
 11
13.946365709614193
 21
-9.46193652995204
 31
0.0
 11
13.944582366797265
 21
-9.476728390509528
 31
0.0
 11
13.94278323320331
 21
-9.491522497687304
 31
0.0
 11
13.940968305171014
 21
-9.506318835133166
 31
0.0
 11
13.939137578978878
 21
-9.521117386439334
 31
0.0
 11
13.937291050967604
 21
-9.53591813522579
 31
0.0
 11
13.935428717510627
 21
-9.550721065120335
 31
0.0
 11
13.933550574950496
 21
-9.565526159715022
 31
0.0
 11
13.931656619686352
 21
-9.580333402626076
 31
0.0
 11
13.929746848093972
 21
-9.595142777439039
 31
0.0
 11
13.927821256602313
 21
-9.609954267761388
 31
0.0
 11
13.925879841668886
 21
-9.624767857205729
 31
0.0
 11
13.923922599689615
 21
-9.63958352932748
 31
0.0
 11
13.921949527167888
 21
-9.654401267741681
 31
0.0
 11
13.919960620583348
 21
-9.669221056032356
 31
0.0
 11
13.917955876419779
 21
-9.684042877771743
 31
0.0
 11
13.915935291186345
 21
-9.698866716535015
 31
0.0
 11
13.913898861414284
 21
-9.713692555898032
 31
0.0
 11
13.911846583655583
 21
-9.728520379436487
 31
0.0
 11
13.90977845448471
 21
-9.74335017072713
 31
0.0
 11
13.907694470452569
 21
-9.75818191331554
 31
0.0
 11
13.905594628164726
 21
-9.77301559077085
 31
0.0
 11
13.903478924254932
 21
-9.787851186667384
 31
0.0
 11
13.901347355310797
 21
-9.802688684532303
 31
0.0
 11
13.899199917998436
 21
-9.817528067933297
 31
0.0
 11
13.897036608970318
 21
-9.832369320413775
 31
0.0
 11
13.894857424914175
 21
-9.84721242552736
 31
0.0
 11
13.892662362511613
 21
-9.86205736680863
 31
0.0
 11
13.890451418468372
 21
-9.876904127794516
 31
0.0
 11
13.888224589520044
 21
-9.891752692028446
 31
0.0
 11
13.88598187239705
 21
-9.906603043035437
 31
0.0
 11
13.883723263880151
 21
-9.921455164361666
 31
0.0
 11
13.881448760704913
 21
-9.936309039506282
 31
0.0
 11
13.879158359695062
 21
-9.951164652016688
 31
0.0
 11
13.876852057641111
 21
-9.966021985401808
 31
0.0
 11
13.874529851362514
 21
-9.980881023176506
 31
0.0
 11
13.872191737716527
 21
-9.995741748868081
 31
0.0
 11
13.869837713544838
 21
-10.010604145977876
 31
0.0
 11
13.867467775718508
 21
-10.02546819801358
 31
0.0
 11
13.865081921120366
 21
-10.04033388847661
 31
0.0
 11
13.862680146684557
 21
-10.055201200890735
 31
0.0
 11
13.860262449286425
 21
-10.070070118722336
 31
0.0
 11
13.857828825906566
 21
-10.084940625499321
 31
0.0
 11
13.85537927347724
 21
-10.099812704699753
 31
0.0
 11
13.852913788963232
 21
-10.11468633981049
 31
0.0
 11
13.850432369371498
 21
-10.129561514334343
 31
0.0
 11
13.84793501167184
 21
-10.144438211732183
 31
0.0
 11
13.845421712909143
 21
-10.15931641550493
 31
0.0
 11
13.842892470103527
 21
-10.174196109120562
 31
0.0
 11
13.840347280352509
 21
-10.189077276089103
 31
0.0
 11
13.837786140663754
 21
-10.203959899839656
 31
0.0
 11
13.835209048124446
 21
-10.218843963844888
 31
0.0
 11
13.832615999889676
 21
-10.23372945161281
 31
0.0
 11
13.83000699301821
 21
-10.248616346565449
 31
0.0
 11
13.827382024671136
 21
-10.263504632185574
 31
0.0
 11
13.824741092001481
 21
-10.278394291935204
 31
0.0
 11
13.822084192162526
 21
-10.293285309261634
 31
0.0
 11
13.819411322342003
 21
-10.308177667622882
 31
0.0
 11
13.816722479756605
 21
-10.323071350483715
 31
0.0
 11
13.814017661583875
 21
-10.337966341264734
 31
0.0
 11
13.811296865082536
 21
-10.352862623432292
 31
0.0
 11
13.808560087496463
 21
-10.367760180426767
 31
0.0
 11
13.805807326068157
 21
-10.38265899567255
 31
0.0
 11
13.803038578130886
 21
-10.397559052647326
 31
0.0
 11
13.800253840933955
 21
-10.412460334750735
 31
0.0
 11
13.797453111788906
 21
-10.427362825414255
 31
0.0
 11
13.794636388053515
 21
-10.442266508089359
 31
0.0
 11
13.791803667075015
 21
-10.45717136620471
 31
0.0
 11
13.78895494620072
 21
-10.472077383174026
 31
0.0
 11
13.786090222792525
 21
-10.486984542407075
 31
0.0
 11
13.783209494283447
 21
-10.501892827352712
 31
0.0
 11
13.780312758064472
 21
-10.516802221412897
 31
0.0
 11
13.777400011554034
 21
-10.531712707995476
 31
0.0
 11
13.774471252223488
 21
-10.54662427053373
 31
0.0
 11
13.771526477524752
 21
-10.56153689243115
 31
0.0
 11
13.768565684922452
 21
-10.576450557085924
 31
0.0
 11
13.765588871911683
 21
-10.59136524790457
 31
0.0
 11
13.76259603601925
 21
-10.606280948303016
 31
0.0
 11
13.759587174759007
 21
-10.621197641672225
 31
0.0
 11
13.756562285669467
 21
-10.636115311407117
 31
0.0
 11
13.75352136632417
 21
-10.65103394091463
 31
0.0
 11
13.750464414301732
 21
-10.66595351359067
 31
0.0
 11
13.747391427163135
 21
-10.680874012802375
 31
0.0
 11
13.744302402547788
 21
-10.695795421962671
 31
0.0
 11
13.741197338079852
 21
-10.710717724457675
 31
0.0
 11
13.738076231379008
 21
-10.725640903654899
 31
0.0
 11
13.734939080119634
 21
-10.740564942949439
 31
0.0
 11
13.731785881980672
 21
-10.755489825724917
 31
0.0
 11
13.728616634639565
 21
-10.770415535348711
 31
0.0
 11
13.725431335796808
 21
-10.785342055191121
 31
0.0
 11
13.722229983206542
 21
-10.800269368649515
 31
0.0
 11
13.719012574583282
 21
-10.815197459075037
 31
0.0
 11
13.715779107678507
 21
-10.830126309832753
 31
0.0
 11
13.712529580287846
 21
-10.845055904307493
 31
0.0
 11
13.709263990195327
 21
-10.859986225859839
 31
0.0
 11
13.705982335193795
 21
-10.874917257842196
 31
0.0
 11
13.702684613099594
 21
-10.88984898361042
 31
0.0
 11
13.69937082176744
 21
-10.904781386535698
 31
0.0
 11
13.696040959068416
 21
-10.91971444998718
 31
0.0
 11
13.692695022832586
 21
-10.934648157286158
 31
0.0
 11
13.689333010966775
 21
-10.94958249179992
 31
0.0
 11
13.685954921397748
 21
-10.964517436896617
 31
0.0
 11
13.682560752007353
 21
-10.979452975893283
 31
0.0
 11
13.679150500754917
 21
-10.99438909215381
 31
0.0
 11
13.675724165589193
 21
-11.009325769018465
 31
0.0
 11
13.672281744487146
 21
-11.02426298983503
 31
0.0
 11
13.668823235427906
 21
-11.039200737937819
 31
0.0
 11
13.665348636393642
 21
-11.054138996648344
 31
0.0
 11
13.661857945455443
 21
-11.06907774934481
 31
0.0
 11
13.65835116061449
 21
-11.084016979333695
 31
0.0
 11
13.65482827990524
 21
-11.098956669933099
 31
0.0
 11
13.65128930142703
 21
-11.113896804498566
 31
0.0
 11
13.647734223266253
 21
-11.128837366359997
 31
0.0
 11
13.644163043504143
 21
-11.143778338827792
 31
0.0
 11
13.64057576026387
 21
-11.158719705231256
 31
0.0
 11
13.636972371705287
 21
-11.173661448914507
 31
0.0
 11
13.633352875943318
 21
-11.188603553169601
 31
0.0
 11
13.629717271160006
 21
-11.203546001328288
 31
0.0
 11
13.626065555537807
 21
-11.218488776707401
 31
0.0
 11
13.622397727293231
 21
-11.233431862636548
 31
0.0
 11
13.618713784610682
 21
-11.24837524240356
 31
0.0
 11
13.615013725730094
 21
-11.263318899326702
 31
0.0
 11
13.611297548947782
 21
-11.278262816755657
 31
0.0
 11
13.6075652524704
 21
-11.293206977950584
 31
0.0
 11
13.60381683460446
 21
-11.308151366238993
 31
0.0
 11
13.600052293649677
 21
-11.323095964927468
 31
0.0
 11
13.596271627920073
 21
-11.338040757319195
 31
0.0
 11
13.592474835751936
 21
-11.352985726720538
 31
0.0
 11
13.588661915482986
 21
-11.367930856423714
 31
0.0
 11
13.58483286548667
 21
-11.382876129735418
 31
0.0
 11
13.580987684133184
 21
-11.397821529944268
 31
0.0
 11
13.577126369833733
 21
-11.412767040357892
 31
0.0
 11
13.573248920998278
 21
-11.427712644267505
 31
0.0
 11
13.56935533606047
 21
-11.442658324968884
 31
0.0
 11
13.565445613452074
 21
-11.45760406574077
 31
0.0
 11
13.561519751653387
 21
-11.47254984988747
 31
0.0
 11
13.557577749142444
 21
-11.487495660695995
 31
0.0
 11
13.553619604404266
 21
-11.502441481443832
 31
0.0
 11
13.549645315962014
 21
-11.517387295425372
 31
0.0
 11
13.545654882346994
 21
-11.53233308592652
 31
0.0
 11
13.541648302093263
 21
-11.547278836220059
 31
0.0
 11
13.537625573771075
 21
-11.562224529594156
 31
0.0
 11
13.533586695962235
 21
-11.5771701493314
 31
0.0
 11
13.529531667250593
 21
-11.592115678700655
 31
0.0
 11
13.525460486265278
 21
-11.60706110099407
 31
0.0
 11
13.52137315161738
 21
-11.622006399472891
 31
0.0
 11
13.517269661971362
 21
-11.636951557428665
 31
0.0
 11
13.5131500159638
 21
-11.651896558113508
 31
0.0
 11
13.509014212282402
 21
-11.666841384808002
 31
0.0
 11
13.504862249628447
 21
-11.681786020789001
 31
0.0
 11
13.500694126713373
 21
-11.696730449326628
 31
0.0
 11
13.496509842259693
 21
-11.711674653685069
 31
0.0
 11
13.492309394991123
 21
-11.726618617113985
 31
0.0
 11
13.48809278370488
 21
-11.741562322911308
 31
0.0
 11
13.483860007147866
 21
-11.756505754315738
 31
0.0
 11
13.47961106412604
 21
-11.7714488946018
 31
0.0
 11
13.475345953449192
 21
-11.786391727031843
 31
0.0
 11
13.47106467393724
 21
-11.80133423486148
 31
0.0
 11
13.466767224446897
 21
-11.81627640136296
 31
0.0
 11
13.462453603810708
 21
-11.831218209771773
 31
0.0
 11
13.458123810933182
 21
-11.846159643370953
 31
0.0
 11
13.453777844683923
 21
-11.861100685397298
 31
0.0
 11
13.44941570398693
 21
-11.876041319119883
 31
0.0
 11
13.445037387755226
 21
-11.890981527782477
 31
0.0
 11
13.440642894940101
 21
-11.905921294647058
 31
0.0
 11
13.43623222448647
 21
-11.920860602954317
 31
0.0
 11
13.431805375370024
 21
-11.935799435956538
 31
0.0
 11
13.427362346613284
 21
-11.950737776932028
 31
0.0
 11
13.422903137178762
 21
-11.965675609090075
 31
0.0
 11
13.418427746107225
 21
-11.980612915693893
 31
0.0
 11
13.413936172452138
 21
-11.995549680002416
 31
0.0
 11
13.409428415255194
 21
-12.010485885248432
 31
0.0
 11
13.404904473574822
 21
-12.025421514663897
 31
0.0
 11
13.400364346550171
 21
-12.040356551537501
 31
0.0
 11
13.395808033250677
 21
-12.055290979079723
 31
0.0
 11
13.391235532781023
 21
-12.070224780516867
 31
0.0
 11
13.3866468443205
 21
-12.085157939126729
 31
0.0
 11
13.382041967010014
 21
-12.10009043813685
 31
0.0
 11
13.377420900018619
 21
-12.115022260784421
 31
0.0
 11
13.37278364253101
 21
-12.12995339030501
 31
0.0
 11
13.368130193761605
 21
-12.144883809945378
 31
0.0
 11
13.363460552922415
 21
-12.159813502934353
 31
0.0
 11
13.358774719256736
 21
-12.174742452513419
 31
0.0
 11
13.354072692030593
 21
-12.189670641929014
 31
0.0
 11
13.349354470492814
 21
-12.204598054396092
 31
0.0
 11
13.344620053947226
 21
-12.219524673164019
 31
0.0
 11
13.339869441685597
 21
-12.23445048145536
 31
0.0
 11
13.335102633022363
 21
-12.24937546249756
 31
0.0
 11
13.330319627330642
 21
-12.264299599556184
 31
0.0
 11
13.325520423930552
 21
-12.279222875832295
 31
0.0
 11
13.320705022191179
 21
-12.294145274556083
 31
0.0
 11
13.315873421519386
 21
-12.309066778976758
 31
0.0
 11
13.311025621312119
 21
-12.323987372318594
 31
0.0
 11
13.306161620977589
 21
-12.338907037800372
 31
0.0
 11
13.301281419948896
 21
-12.353825758648009
 31
0.0
 11
13.29638501770038
 21
-12.36874351810985
 31
0.0
 11
13.291472413690412
 21
-12.383660299403573
 31
0.0
 11
13.28654360738677
 21
-12.398576085739636
 31
0.0
 11
13.28159859831082
 21
-12.413490860362527
 31
0.0
 11
13.276637385994743
 21
-12.42840460651103
 31
0.0
 11
13.271659969928573
 21
-12.443317307368531
 31
0.0
 11
13.266666349700884
 21
-12.458228946194717
 31
0.0
 11
13.261656524879124
 21
-12.473139506213645
 31
0.0
 11
13.256630495018872
 21
-12.488048970622206
 31
0.0
 11
13.251588259745207
 21
-12.502957322666692
 31
0.0
 11
13.246529818665799
 21
-12.517864545561089
 31
0.0
 11
13.241455171428495
 21
-12.532770622541335
 31
0.0
 11
13.236364317657838
 21
-12.547675536805343
 31
0.0
 11
13.231257257034217
 21
-12.562579271587861
 31
0.0
 11
13.226133989255606
 21
-12.577481810124395
 31
0.0
 11
13.220994514000356
 21
-12.592383135615817
 31
0.0
 11
13.215838830979584
 21
-12.607283231278041
 31
0.0
 11
13.210666939951954
 21
-12.622182080356344
 31
0.0
 11
13.20547884064143
 21
-12.637079666046857
 31
0.0
 11
13.200274532820657
 21
-12.651975971576132
 31
0.0
 11
13.195054016297455
 21
-12.66687098018845
 31
0.0
 11
13.189817290826332
 21
-12.681764675060869
 31
0.0
 11
13.184564356238743
 21
-12.69665703942817
 31
0.0
 11
13.179295212388098
 21
-12.71154805653029
 31
0.0
 11
13.174009859106631
 21
-12.72643770957071
 31
0.0
 11
13.168708296247349
 21
-12.741325981756777
 31
0.0
 11
13.16339052369342
 21
-12.756212856308835
 31
0.0
 11
13.158056541358892
 21
-12.771098316461067
 31
0.0
 11
13.152706349154524
 21
-12.785982345428378
 31
0.0
 11
13.147339946990598
 21
-12.800864926409021
 31
0.0
 11
13.141957334838299
 21
-12.815746042644319
 31
0.0
 11
13.13655851264216
 21
-12.830625677333526
 31
0.0
 11
13.131143480395297
 21
-12.845503813707095
 31
0.0
 11
13.125712238088054
 21
-12.860380434976635
 31
0.0
 11
13.120264785721332
 21
-12.87525552434785
 31
0.0
 11
13.114801123347263
 21
-12.890129065060476
 31
0.0
 11
13.109321251003896
 21
-12.905001040324299
 31
0.0
 11
13.103825168746395
 21
-12.919871433349671
 31
0.0
 11
13.098312876651748
 21
-12.934740227352194
 31
0.0
 11
13.092784374828021
 21
-12.949607405561919
 31
0.0
 11
13.08723966336494
 21
-12.964472951174526
 31
0.0
 11
13.081678742413951
 21
-12.979336847430513
 31
0.0
 11
13.076101612118942
 21
-12.994199077546696
 31
0.0
 11
13.070508272619335
 21
-13.009059624719145
 31
0.0
 11
13.064898724092625
 21
-13.023918472165409
 31
0.0
 11
13.059272966760517
 21
-13.038775603130865
 31
0.0
 11
13.053631000822483
 21
-13.053631000822481
 31
0.0
 11
13.04797282649166
 21
-13.068484648444496
 31
0.0
 11
13.042298444011983
 21
-13.083336529215595
 31
0.0
 11
13.03660785366768
 21
-13.098186626378569
 31
0.0
 11
13.03090105570776
 21
-13.113034923124555
 31
0.0
 11
13.025178050423156
 21
-13.127881402670377
 31
0.0
 11
13.019438838163573
 21
-13.142726048275783
 31
0.0
 11
13.013683419208217
 21
-13.157568843113074
 31
0.0
 11
13.007911793907917
 21
-13.172409770410384
 31
0.0
 11
13.002123962645793
 21
-13.187248813412198
 31
0.0
 11
12.996319925774955
 21
-13.202085955316253
 31
0.0
 11
12.990499683692548
 21
-13.216921179348489
 31
0.0
 11
12.984663236811835
 21
-13.231754468734849
 31
0.0
 11
12.978810585543709
 21
-13.246585806682425
 31
0.0
 11
12.972941730334234
 21
-13.261415176417676
 31
0.0
 11
12.96705667163996
 21
-13.27624256116137
 31
0.0
 11
12.961155409959604
 21
-13.291067944160975
 31
0.0
 11
12.955237945754437
 21
-13.305891308609171
 31
0.0
 11
12.94930427952219
 21
-13.320712637719437
 31
0.0
 11
12.94335441180009
 21
-13.335531914729339
 31
0.0
 11
12.937388343150243
 21
-13.350349122885675
 31
0.0
 11
12.93140607410148
 21
-13.365164245384449
 31
0.0
 11
12.925407605212207
 21
-13.37997726543553
 31
0.0
 11
12.919392937111626
 21
-13.394788166305524
 31
0.0
 11
12.913362070384503
 21
-13.409596931198585
 31
0.0
 11
12.907315005644246
 21
-13.424403543331922
 31
0.0
 11
12.901251743526066
 21
-13.439207985928784
 31
0.0
 11
12.895172284718457
 21
-13.454010242251393
 31
0.0
 11
12.889076629864977
 21
-13.468810295498606
 31
0.0
 11
12.882964779630143
 21
-13.483608128874385
 31
0.0
 11
12.876836734780772
 21
-13.498403725673146
 31
0.0
 11
12.870692495990776
 21
-13.51319706907552
 31
0.0
 11
12.864532063986251
 21
-13.52798814230003
 31
0.0
 11
12.858355439567339
 21
-13.542776928626436
 31
0.0
 11
12.852162623473296
 21
-13.557563411253899
 31
0.0
 11
12.845953616480418
 21
-13.572347573403794
 31
0.0
 11
12.839728419418654
 21
-13.587129398337513
 31
0.0
 11
12.833487033090671
 21
-13.60190886927099
 31
0.0
 11
12.827229458348064
 21
-13.616685969455244
 31
0.0
 11
12.820955696007626
 21
-13.631460682087669
 31
0.0
 11
12.81466574696391
 21
-13.646232990431473
 31
0.0
 11
12.808359612107468
 21
-13.661002877729
 31
0.0
 11
12.802037292316596
 21
-13.67577032719277
 31
0.0
 11
12.795698788538253
 21
-13.69053532209182
 31
0.0
 11
12.789344101666668
 21
-13.70529784562209
 31
0.0
 11
12.78297323269118
 21
-13.720057881064516
 31
0.0
 11
12.776586182558637
 21
-13.734815411637804
 31
0.0
 11
12.770182952244369
 21
-13.749570420574358
 31
0.0
 11
12.763763542771146
 21
-13.764322891140834
 31
0.0
 11
12.757327955138695
 21
-13.77907280656232
 31
0.0
 11
12.750876190380042
 21
-13.793820150082931
 31
0.0
 11
12.744408249550544
 21
-13.808564904954121
 31
0.0
 11
12.737924133715927
 21
-13.823307054421747
 31
0.0
 11
12.731423843949024
 21
-13.838046581722491
 31
0.0
 11
12.724907381361913
 21
-13.852783470118798
 31
0.0
 11
12.718374747048628
 21
-13.86751770283659
 31
0.0
 11
12.711825942152748
 21
-13.882249263138851
 31
0.0
 11
12.705260967818408
 21
-13.896978134272285
 31
0.0
 11
12.69867982521556
 21
-13.911704299494932
 31
0.0
 11
12.69208251552921
 21
-13.926427742064398
 31
0.0
 11
12.685469039929458
 21
-13.941148445204986
 31
0.0
 11
12.67883939964104
 21
-13.955866392183953
 31
0.0
 11
12.67219359591255
 21
-13.970581566277929
 31
0.0
 11
12.665531629981583
 21
-13.985293950734535
 31
0.0
 11
12.658853503082197
 21
-14.000003528780384
 31
0.0
 11
12.65215921652437
 21
-14.014710283708974
 31
0.0
 11
12.6454487715993
 21
-14.029414198776115
 31
0.0
 11
12.638722169594148
 21
-14.044115257216065
 31
0.0
 11
12.631979411868327
 21
-14.058813442326239
 31
0.0
 11
12.625220499756852
 21
-14.073508737359994
 31
0.0
 11
12.618445434596985
 21
-14.088201125556054
 31
0.0
 11
12.611654217778895
 21
-14.102890590195017
 31
0.0
 11
12.604846850718783
 21
-14.117577114569619
 31
0.0
 11
12.598023334800775
 21
-14.132260681919645
 31
0.0
 11
12.591183671454939
 21
-14.146941275519188
 31
0.0
 11
12.58432786213173
 21
-14.161618878648127
 31
0.0
 11
12.577455908265927
 21
-14.176293474551594
 31
0.0
 11
12.570567811365946
 21
-14.190965046540486
 31
0.0
 11
12.563663572899955
 21
-14.205633577863242
 31
0.0
 11
12.556743194381248
 21
-14.22029905180203
 31
0.0
 11
12.549806677341286
 21
-14.234961451642466
 31
0.0
 11
12.54285402331176
 21
-14.249620760653224
 31
0.0
 11
12.535885233850255
 21
-14.26427696211516
 31
0.0
 11
12.528900310535423
 21
-14.278930039315881
 31
0.0
 11
12.521899254953759
 21
-14.293579975534744
 31
0.0
 11
12.51488206870421
 21
-14.308226754048011
 31
0.0
 11
12.5078487534263
 21
-14.322870358161087
 31
0.0
 11
12.500799310729318
 21
-14.337510771127532
 31
0.0
 11
12.49373374230162
 21
-14.35214797627418
 31
0.0
 11
12.486652049802514
 21
-14.36678195687739
 31
0.0
 11
12.479554234894218
 21
-14.38141269619942
 31
0.0
 11
12.472440299321494
 21
-14.396040177580291
 31
0.0
 11
12.465310244785414
 21
-14.410664384292435
 31
0.0
 11
12.458164073025586
 21
-14.425285299635387
 31
0.0
 11
12.451001785775865
 21
-14.439902906884651
 31
0.0
 11
12.443823384826443
 21
-14.454517189363612
 31
0.0
 11
12.436628871977307
 21
-14.469128130389809
 31
0.0
 11
12.429418248997932
 21
-14.48373571322789
 31
0.0
 11
12.42219151771727
 21
-14.498339921194255
 31
0.0
 11
12.41494867997292
 21
-14.51294073759802
 31
0.0
 11
12.407689737625958
 21
-14.527538145758363
 31
0.0
 11
12.400414692526295
 21
-14.542132128963946
 31
0.0
 11
12.393123546564572
 21
-14.556722670533658
 31
0.0
 11
12.385816301642876
 21
-14.571309753782415
 31
0.0
 11
12.378492959681223
 21
-14.585893362028738
 31
0.0
 11
12.371153522594826
 21
-14.600473478567993
 31
0.0
 11
12.363797992346079
 21
-14.615050086733639
 31
0.0
 11
12.356426370908762
 21
-14.629623169855156
 31
0.0
 11
12.349038660242364
 21
-14.644192711227575
 31
0.0
 11
12.341634862359218
 21
-14.658758694190936
 31
0.0
 11
12.334214979275991
 21
-14.67332110207297
 31
0.0
 11
12.326779013017585
 21
-14.687879918193609
 31
0.0
 11
12.319326965624208
 21
-14.702435125873404
 31
0.0
 11
12.311858839170874
 21
-14.716986708456815
 31
0.0
 11
12.30437463572116
 21
-14.731534649257048
 31
0.0
 11
12.296874357382862
 21
-14.746078931622566
 31
0.0
 11
12.289358006273194
 21
-14.760619538895552
 31
0.0
 11
12.281825584518865
 21
-14.775156454411968
 31
0.0
 11
12.274277094251811
 21
-14.789689661496356
 31
0.0
 11
12.266712537620167
 21
-14.804219143475002
 31
0.0
 11
12.259131916844668
 21
-14.818744883744126
 31
0.0
 11
12.251535234097108
 21
-14.833266865623266
 31
0.0
 11
12.243922491552604
 21
-14.847785072418095
 31
0.0
 11
12.236293691494083
 21
-14.86229948754717
 31
0.0
 11
12.22864883614202
 21
-14.876810094335754
 31
0.0
 11
12.220987927720541
 21
-14.891316876095578
 31
0.0
 11
12.213310968567443
 21
-14.905819816259028
 31
0.0
 11
12.205617960933486
 21
-14.920318898134761
 31
0.0
 11
12.197908907108975
 21
-14.9348141050617
 31
0.0
 11
12.19018380947418
 21
-14.949305420471116
 31
0.0
 11
12.18244267031682
 21
-14.96379282766316
 31
0.0
 11
12.174685492004699
 21
-14.978276310018238
 31
0.0
 11
12.166912276939927
 21
-14.992755850941224
 31
0.0
 11
12.159123027474106
 21
-15.007231433756981
 31
0.0
 11
12.151317746028656
 21
-15.021703041858453
 31
0.0
 11
12.143496435019768
 21
-15.036170658614322
 31
0.0
 11
12.135659096899381
 21
-15.05063426741961
 31
0.0
 11
12.127805734085612
 21
-15.065093851609472
 31
0.0
 11
12.119936349086785
 21
-15.079549394613045
 31
0.0
 11
12.112050944376028
 21
-15.09400087979792
 31
0.0
 11
12.104149522430575
 21
-15.108448290518682
 31
0.0
 11
12.096232085818595
 21
-15.12289161022541
 31
0.0
 11
12.088298637037674
 21
-15.137330822262143
 31
0.0
 11
12.08034917864326
 21
-15.151765910027148
 31
0.0
 11
12.072383713195979
 21
-15.166196856907169
 31
0.0
 11
12.06440224331264
 21
-15.180623646341509
 31
0.0
 11
12.056404771558183
 21
-15.195046261686283
 31
0.0
 11
12.048391300553604
 21
-15.209464686349966
 31
0.0
 11
12.040361832944187
 21
-15.223878903753668
 31
0.0
 11
12.032316371381013
 21
-15.238288897307818
 31
0.0
 11
12.024254918509381
 21
-15.252694650397377
 31
0.0
 11
12.016177477008599
 21
-15.267096146432182
 31
0.0
 11
12.008084049605369
 21
-15.281493368864206
 31
0.0
 11
11.99997463898065
 21
-15.29588630106915
 31
0.0
 11
11.991849247874995
 21
-15.310274926480327
 31
0.0
 11
11.9837078790443
 21
-15.324659228532541
 31
0.0
 11
11.975550535239412
 21
-15.33903919063597
 31
0.0
 11
11.967377219220843
 21
-15.353414796194853
 31
0.0
 11
11.959187933824923
 21
-15.36778602869243
 31
0.0
 11
11.950982681825375
 21
-15.382152871513433
 31
0.0
 11
11.942761466053499
 21
-15.39651530809821
 31
0.0
 11
11.934524289379942
 21
-15.410873321919638
 31
0.0
 11
11.926271154618235
 21
-15.425226896358632
 31
0.0
 11
11.918002064679094
 21
-15.439576014903281
 31
0.0
 11
11.909717022440006
 21
-15.453920660980495
 31
0.0
 11
11.901416030801313
 21
-15.468260818028398
 31
0.0
 11
11.893099092708082
 21
-15.48259646952487
 31
0.0
 11
11.884766211080185
 21
-15.496927598896734
 31
0.0
 11
11.876417388880725
 21
-15.51125418960867
 31
0.0
 11
11.868052629070313
 21
-15.525576225103721
 31
0.0
 11
11.859671934655552
 21
-15.53989368886665
 31
0.0
 11
11.851275308624844
 21
-15.554206564340026
 31
0.0
 11
11.842862753999354
 21
-15.568514834990852
 31
0.0
 11
11.83443427383918
 21
-15.582818484318897
 31
0.0
 11
11.82598987116064
 21
-15.597117495747892
 31
0.0
 11
11.81752954904392
 21
-15.611411852767082
 31
0.0
 11
11.809053310593505
 21
-15.625701538879412
 31
0.0
 11
11.800561158903347
 21
-15.639986537555483
 31
0.0
 11
11.792053097061727
 21
-15.654266832239715
 31
0.0
 11
11.783529128232946
 21
-15.668542406458775
 31
0.0
 11
11.774989255553985
 21
-15.682813243684574
 31
0.0
 11
11.766433482195598
 21
-15.697079327415373
 31
0.0
 11
11.757861811328906
 21
-15.711340641131304
 31
0.0
 11
11.749274246157295
 21
-15.725597168336938
 31
0.0
 11
11.740670789904884
 21
-15.739848892546009
 31
0.0
 11
11.73205144578285
 21
-15.754095797236289
 31
0.0
 11
11.723416217053304
 21
-15.768337865935134
 31
0.0
 11
11.714765106967045
 21
-15.782575082136125
 31
0.0
 11
11.70609811880584
 21
-15.796807429355777
 31
0.0
 11
11.697415255853993
 21
-15.811034891095286
 31
0.0
 11
11.688716521445105
 21
-15.825257450903749
 31
0.0
 11
11.680001918892287
 21
-15.83947509228388
 31
0.0
 11
11.671271451525243
 21
-15.853687798742014
 31
0.0
 11
11.662525122719213
 21
-15.867895553827484
 31
0.0
 11
11.653762935852773
 21
-15.88209834107549
 31
0.0
 11
11.64498489429441
 21
-15.896296143988641
 31
0.0
 11
11.636191001458595
 21
-15.910488946113318
 31
0.0
 11
11.627381260793813
 21
-15.924676731023698
 31
0.0
 11
11.618555675703472
 21
-15.93885948221343
 31
0.0
 11
11.609714249652795
 21
-15.953037183241824
 31
0.0
 11
11.600856986129571
 21
-15.967209817680452
 31
0.0
 11
11.591983888600257
 21
-15.98137736905263
 31
0.0
 11
11.583094960580134
 21
-15.995539820929952
 31
0.0
 11
11.574190205570797
 21
-16.00969715684618
 31
0.0
 11
11.56526962712943
 21
-16.023849360392934
 31
0.0
 11
11.556333228799392
 21
-16.037996415123835
 31
0.0
 11
11.547381014145055
 21
-16.052138304602558
 31
0.0
 11
11.538412986744783
 21
-16.066275012393195
 31
0.0
 11
11.529429150207184
 21
-16.0804065220829
 31
0.0
 11
11.520429508143335
 21
-16.094532817243255
 31
0.0
 11
11.511414064179567
 21
-16.108653881448017
 31
0.0
 11
11.502382821974892
 21
-16.122769698297606
 31
0.0
 11
11.493335785178456
 21
-16.13688025135952
 31
0.0
 11
11.48427295747973
 21
-16.150985524238664
 31
0.0
 11
11.475194342569827
 21
-16.165085500523194
 31
0.0
 11
11.46609994416539
 21
-16.17918016381801
 31
0.0
 11
11.456989765981792
 21
-16.193269497707078
 31
0.0
 11
11.447863811769686
 21
-16.207353485804934
 31
0.0
 11
11.438722085287056
 21
-16.22143211171733
 31
0.0
 11
11.4295645903183
 21
-16.235505359068267
 31
0.0
 11
11.420391330641522
 21
-16.24957321145354
 31
0.0
 11
11.411202310060524
 21
-16.263635652486176
 31
0.0
 11
11.401997532419276
 21
-16.27769266581717
 31
0.0
 11
11.39277700153346
 21
-16.29174423503791
 31
0.0
 11
11.38354072127388
 21
-16.305790343799146
 31
0.0
 11
11.37428869551118
 21
-16.319830975732174
 31
0.0
 11
11.365020928118453
 21
-16.333866114452405
 31
0.0
 11
11.355737422997759
 21
-16.34789574359738
 31
0.0
 11
11.346438184096009
 21
-16.361919846849872
 31
0.0
 11
11.337123215332761
 21
-16.375938407833967
 31
0.0
 11
11.327792520635223
 21
-16.389951410165192
 31
0.0
 11
11.318446104005984
 21
-16.403958837548593
 31
0.0
 11
11.309083969409444
 21
-16.417960673614598
 31
0.0
 11
11.29970612083623
 21
-16.43195690201209
 31
0.0
 11
11.290312562316535
 21
-16.445947506427927
 31
0.0
 11
11.28090329788777
 21
-16.459932470540103
 31
0.0
 11
11.27147833157486
 21
-16.473911777988842
 31
0.0
 11
11.262037667440412
 21
-16.48788541244969
 31
0.0
 11
11.25258130958791
 21
-16.501853357638552
 31
0.0
 11
11.24310926208838
 21
-16.515815597204217
 31
0.0
 11
11.233621529051847
 21
-16.52977211483299
 31
0.0
 11
11.224118114615326
 21
-16.54372289423127
 31
0.0
 11
11.214599022915237
 21
-16.557667919084974
 31
0.0
 11
11.205064258119483
 21
-16.571607173106813
 31
0.0
 11
11.195513824382301
 21
-16.585540639969615
 31
0.0
 11
11.1859477259055
 21
-16.599468303396822
 31
0.0
 11
11.176365966897462
 21
-16.61339014710202
 31
0.0
 11
11.166768551554206
 21
-16.62730615476061
 31
0.0
 11
11.157155484150255
 21
-16.64121631014498
 31
0.0
 11
11.147526768924035
 21
-16.655120596954163
 31
0.0
 11
11.137882410121003
 21
-16.669018998877675
 31
0.0
 11
11.12822241207309
 21
-16.682911499714596
 31
0.0
 11
11.118546779036397
 21
-16.696798083130652
 31
0.0
 11
11.108855515337423
 21
-16.710678732877145
 31
0.0
 11
11.099148625333646
 21
-16.724553432732208
 31
0.0
 11
11.089426113344297
 21
-16.738422166396514
 31
0.0
 11
11.079687983747133
 21
-16.752284917639
 31
0.0
 11
11.06993424091722
 21
-16.766141670204618
 31
0.0
 11
11.060164889249386
 21
-16.77999240784829
 31
0.0
 11
11.050379933163502
 21
-16.793837114342892
 31
0.0
 11
11.040579377086349
 21
-16.807675773451887
 31
0.0
 11
11.03076322544285
 21
-16.821508368915808
 31
0.0
 11
11.02093148269503
 21
-16.83533488451156
 31
0.0
 11
11.011084153355705
 21
-16.849155304073708
 31
0.0
 11
11.00122124187264
 21
-16.862969611317347
 31
0.0
 11
10.991342752756353
 21
-16.876777790033294
 31
0.0
 11
10.981448690554942
 21
-16.890579824050068
 31
0.0
 11
10.971539059783447
 21
-16.904375697125303
 31
0.0
 11
10.961613865002326
 21
-16.918165393066275
 31
0.0
 11
10.95167311077692
 21
-16.931948895667617
 31
0.0
 11
10.941716801702352
 21
-16.94572618874979
 31
0.0
 11
10.931744942370738
 21
-16.959497256108424
 31
0.0
 11
10.921757537404135
 21
-16.973262081565235
 31
0.0
 11
10.911754591433782
 21
-16.98702064893599
 31
0.0
 11
10.901736109107452
 21
-17.000772942041873
 31
0.0
 11
10.891702095087956
 21
-17.014518944707163
 31
0.0
 11
10.881652554050417
 21
-17.02825864075503
 31
0.0
 11
10.871587490705073
 21
-17.041992014043203
 31
0.0
 11
10.861506909752693
 21
-17.055719048394252
 31
0.0
 11
10.851410815916488
 21
-17.069439727645495
 31
0.0
 11
10.841299213954205
 21
-17.08315403566816
 31
0.0
 11
10.83117210861656
 21
-17.09686195630201
 31
0.0
 11
10.82102950466286
 21
-17.110563473379802
 31
0.0
 11
10.810871406909026
 21
-17.12425857080326
 31
0.0
 11
10.800697820150718
 21
-17.137947232421677
 31
0.0
 11
10.790508749193235
 21
-17.15162944207895
 31
0.0
 11
10.780304198896308
 21
-17.16530518368489
 31
0.0
 11
10.770084174111304
 21
-17.178974441115567
 31
0.0
 11
10.75984867969597
 21
-17.192637198236564
 31
0.0
 11
10.749597720527412
 21
-17.206293438923673
 31
0.0
 11
10.73933130152932
 21
-17.219943147106616
 31
0.0
 11
10.729049427603387
 21
-17.233586306659284
 31
0.0
 11
10.718752103682094
 21
-17.247222901484236
 31
0.0
 11
10.708439334710835
 21
-17.26085291548409
 31
0.0
 11
10.698111125653115
 21
-17.274476332569908
 31
0.0
 11
10.687767481496179
 21
-17.288093136670337
 31
0.0
 11
10.677408407218612
 21
-17.301703311679276
 31
0.0
 11
10.667033907836347
 21
-17.315306841530205
 31
0.0
 11
10.656643988386868
 21
-17.32890371017083
 31
0.0
 11
10.646238653897743
 21
-17.34249390151197
 31
0.0
 11
10.635817909415211
 21
-17.356077399473808
 31
0.0
 11
10.625381760041611
 21
-17.36965418804719
 31
0.0
 11
10.61493021084753
 21
-17.383224251150317
 31
0.0
 11
10.604463266929539
 21
-17.396787572722836
 31
0.0
 11
10.593980933422529
 21
-17.410344136746282
 31
0.0
 11
10.583483215446519
 21
-17.423893927156826
 31
0.0
 11
10.572970118164287
 21
-17.437436927939924
 31
0.0
 11
10.562441646733367
 21
-17.450973123051444
 31
0.0
 11
10.551897806337026
 21
-17.464502496468626
 31
0.0
 11
10.54133860218494
 21
-17.478025032191383
 31
0.0
 11
10.530764039463824
 21
-17.491540714160468
 31
0.0
 11
10.520174123424601
 21
-17.50504952640199
 31
0.0
 11
10.50956885931858
 21
-17.518551452921756
 31
0.0
 11
10.498948252373333
 21
-17.5320464776648
 31
0.0
 11
10.488312307879948
 21
-17.54553458466077
 31
0.0
 11
10.477661031148388
 21
-17.55901575794988
 31
0.0
 11
10.466994427452903
 21
-17.572489981491252
 31
0.0
 11
10.456312502139223
 21
-17.585957239342584
 31
0.0
 11
10.445615260532913
 21
-17.59941751550651
 31
0.0
 11
10.434902707991148
 21
-17.61287079401748
 31
0.0
 11
10.424174849887265
 21
-17.62631705891595
 31
0.0
 11
10.413431691587936
 21
-17.639756294209707
 31
0.0
 11
10.402673238518421
 21
-17.653188483984305
 31
0.0
 11
10.391899496073513
 21
-17.66661361225235
 31
0.0
 11
10.381110469691547
 21
-17.680031663078815
 31
0.0
 11
10.370306164819104
 21
-17.693442620521367
 31
0.0
 11
10.359486586918438
 21
-17.706846468642897
 31
0.0
 11
10.348651741460449
 21
-17.72024319149952
 31
0.0
 11
10.337801633943737
 21
-17.733632773173213
 31
0.0
 11
10.326936269889748
 21
-17.74701519776364
 31
0.0
 11
10.316055654798287
 21
-17.760390449311753
 31
0.0
 11
10.305159794214196
 21
-17.77375851191417
 31
0.0
 11
10.294248693704452
 21
-17.78711936968416
 31
0.0
 11
10.283322358833546
 21
-17.800473006709087
 31
0.0
 11
10.272380795184384
 21
-17.813819407086445
 31
0.0
 11
10.26142400835629
 21
-17.827158554920434
 31
0.0
 11
10.250452003971597
 21
-17.84049043433349
 31
0.0
 11
10.239464787662724
 21
-17.853815029443844
 31
0.0
 11
10.228462365080853
 21
-17.867132324380673
 31
0.0
 11
10.217444741874091
 21
-17.880442303245943
 31
0.0
 11
10.206411923734601
 21
-17.89374495019675
 31
0.0
 11
10.195363916356037
 21
-17.907040249371065
 31
0.0
 11
10.184300725435952
 21
-17.920328184891737
 31
0.0
 11
10.17322235671322
 21
-17.933608740932343
 31
0.0
 11
10.162128815923847
 21
-17.946881901639532
 31
0.0
 11
10.15102010881748
 21
-17.960147651162032
 31
0.0
 11
10.139896241174085
 21
-17.97340597368015
 31
0.0
 11
10.128757218785351
 21
-17.986656853373024
 31
0.0
 11
10.117603047424264
 21
-17.999900274364492
 31
0.0
 11
10.10643373293758
 21
-18.01313622088735
 31
0.0
 11
10.09524928115683
 21
-18.02636467712539
 31
0.0
 11
10.08404969791558
 21
-18.03958562724386
 31
0.0
 11
10.072834989079226
 21
-18.05279905544263
 31
0.0
 11
10.061605160539528
 21
-18.066004945946677
 31
0.0
 11
10.050360218185448
 21
-18.07920328295383
 31
0.0
 11
10.039100167916542
 21
-18.092394050658644
 31
0.0
 11
10.027825015670418
 21
-18.105577233301904
 31
0.0
 11
10.016534767377049
 21
-18.118752815088367
 31
0.0
 11
10.0052294290029
 21
-18.131920780266416
 31
0.0
 11
9.993909006514308
 21
-18.145081113061924
 31
0.0
 11
9.982573505902192
 21
-18.158233797722975
 31
0.0
 11
9.971222933155534
 21
-18.171378818471673
 31
0.0
 11
9.959857294301145
 21
-18.184516159576557
 31
0.0
 11
9.9484765953782
 21
-18.19764580530636
 31
0.0
 11
9.937080842417892
 21
-18.210767739892724
 31
0.0
 11
9.925670041496591
 21
-18.22388194762742
 31
0.0
 11
9.914244198683525
 21
-18.23698841276665
 31
0.0
 11
9.902803320082718
 21
-18.25008711960798
 31
0.0
 11
9.891347411799297
 21
-18.263178052428472
 31
0.0
 11
9.879876479948695
 21
-18.276261195501505
 31
0.0
 11
9.868390530683435
 21
-18.289336533146322
 31
0.0
 11
9.856889570152921
 21
-18.30240404965382
 31
0.0
 11
9.845373604526376
 21
-18.31546372932889
 31
0.0
 11
9.833842639985452
 21
-18.328515556476763
 31
0.0
 11
9.822296682747224
 21
-18.341559515445915
 31
0.0
 11
9.810735739003002
 21
-18.354595590513952
 31
0.0
 11
9.799159815006437
 21
-18.367623766052105
 31
0.0
 11
9.787568916995188
 21
-18.380644026378953
 31
0.0
 11
9.77596305122576
 21
-18.393656355825417
 31
0.0
 11
9.764342223985802
 21
-18.40666073875809
 31
0.0
 11
9.752706441553519
 21
-18.419657159502844
 31
0.0
 11
9.741055710254573
 21
-18.432645602452087
 31
0.0
 11
9.729390036393252
 21
-18.445626051934905
 31
0.0
 11
9.71770942631852
 21
-18.45859849234183
 31
0.0
 11
9.706013886384836
 21
-18.471562908050903
 31
0.0
 11
9.694303422961077
 21
-18.48451928344448
 31
0.0
 11
9.68257804241409
 21
-18.49746760287784
 31
0.0
 11
9.670837751154659
 21
-18.510407850766896
 31
0.0
 11
9.659082555610112
 21
-18.523340011536188
 31
0.0
 11
9.64731246219256
 21
-18.536264069557898
 31
0.0
 11
9.635527477338865
 21
-18.54918000922831
 31
0.0
 11
9.623727607528178
 21
-18.562087815001796
 31
0.0
 11
9.611912859234064
 21
-18.574987471298805
 31
0.0
 11
9.600083238917732
 21
-18.587878962492457
 31
0.0
 11
9.58823875311909
 21
-18.600762273084662
 31
0.0
 11
9.576379408348448
 21
-18.613637387496837
 31
0.0
 11
9.564505211128143
 21
-18.626504290150134
 31
0.0
 11
9.552616168025272
 21
-18.639362965529326
 31
0.0
 11
9.540712285585386
 21
-18.65221339805373
 31
0.0
 11
9.528793570412649
 21
-18.66505557223356
 31
0.0
 11
9.516860029081215
 21
-18.677889472496844
 31
0.0
 11
9.504911668211589
 21
-18.690715083338752
 31
0.0
 11
9.492948494442649
 21
-18.703532389267103
 31
0.0
 11
9.480970514389917
 21
-18.716341374720038
 31
0.0
 11
9.46897773471957
 21
-18.729142024211743
 31
0.0
 11
9.456970162113233
 21
-18.741934322263393
 31
0.0
 11
9.444947803253834
 21
-18.754718253375014
 31
0.0
 11
9.432910664819456
 21
-18.767493802013117
 31
0.0
 11
9.420858753561976
 21
-18.780260952767037
 31
0.0
 11
9.408792076193663
 21
-18.793019690123618
 31
0.0
 11
9.396710639451394
 21
-18.80576999859465
 31
0.0
 11
9.384614450119948
 21
-18.818511862763867
 31
0.0
 11
9.372503514960984
 21
-18.83124526714484
 31
0.0
 11
9.36037784077312
 21
-18.84397019630126
 31
0.0
 11
9.348237434358783
 21
-18.85668663478049
 31
0.0
 11
9.336082302536402
 21
-18.869394567138052
 31
0.0
 11
9.323912452152715
 21
-18.882093977962523
 31
0.0
 11
9.311727890048559
 21
-18.894784851806502
 31
0.0
 11
9.299528623097641
 21
-18.90746717326499
 31
0.0
 11
9.28731465817831
 21
-18.920140926918283
 31
0.0
 11
9.275086002194087
 21
-18.93280609737366
 31
0.0
 11
9.262842662050176
 21
-18.945462669217655
 31
0.0
 11
9.250584644670962
 21
-18.958110627051603
 31
0.0
 11
9.238311957006761
 21
-18.970749955505614
 31
0.0
 11
9.226024606007716
 21
-18.983380639185164
 31
0.0
 11
9.213722598645049
 21
-18.99600266271459
 31
0.0
 11
9.201405941910007
 21
-19.008616010735057
 31
0.0
 11
9.189074642802959
 21
-19.021220667882133
 31
0.0
 11
9.176728708335823
 21
-19.033816618790762
 31
0.0
 11
9.164368145543945
 21
-19.04640384811982
 31
0.0
 11
9.151992961479559
 21
-19.058982340538787
 31
0.0
 11
9.139603163192344
 21
-19.071552080687212
 31
0.0
 11
9.127198757753868
 21
-19.084113053225483
 31
0.0
 11
9.11477975228565
 21
-19.096665242893785
 31
0.0
 11
9.102346153860225
 21
-19.109208634305162
 31
0.0
 11
9.089897969614459
 21
-19.12174321218259
 31
0.0
 11
9.077435206688447
 21
-19.134268961231264
 31
0.0
 11
9.064957872216635
 21
-19.14678586611954
 31
0.0
 11
9.052465973375
 21
-19.159293911578498
 31
0.0
 11
9.039959517340248
 21
-19.17179308231593
 31
0.0
 11
9.027438511329116
 21
-19.184283363099595
 31
0.0
 11
9.014902962514828
 21
-19.19676473857993
 31
0.0
 11
9.002352878135442
 21
-19.209237193519925
 31
0.0
 11
8.98978826545723
 21
-19.221700712718015
 31
0.0
 11
8.977209131705623
 21
-19.2341552808604
 31
0.0
 11
8.964615484147995
 21
-19.246600882697603
 31
0.0
 11
8.952007330091055
 21
-19.259037503039472
 31
0.0
 11
8.939384676828796
 21
-19.27146512664357
 31
0.0
 11
8.926747531653351
 21
-19.28388373823796
 31
0.0
 11
8.914095901915157
 21
-19.29629332265121
 31
0.0
 11
8.901429794958684
 21
-19.308693864673906
 31
0.0
 11
8.888749218133022
 21
-19.321085349081226
 31
0.0
 11
8.876054178812796
 21
-19.33346776067833
 31
0.0
 11
8.86334468439039
 21
-19.345841084283645
 31
0.0
 11
8.850620742261842
 21
-19.358205304698103
 31
0.0
 11
8.837882359853092
 21
-19.37056040676242
 31
0.0
 11
8.825129544594393
 21
-19.38290637530132
 31
0.0
 11
8.81236230392424
 21
-19.395243195131954
 31
0.0
 11
8.799580645322209
 21
-19.40757085113616
 31
0.0
 11
8.78678457624302
 21
-19.419889328115456
 31
0.0
 11
8.773974104192767
 21
-19.432198610958885
 31
0.0
 11
8.761149236684043
 21
-19.444498684544385
 31
0.0
 11
8.748309981214327
 21
-19.456789533690472
 31
0.0
 11
8.735456345335425
 21
-19.469071143310423
 31
0.0
 11
8.722588336610434
 21
-19.481343498317067
 31
0.0
 11
8.709705962573027
 21
-19.493606583531587
 31
0.0
 11
8.696809230821376
 21
-19.50586038389321
 31
0.0
 11
8.683898148954688
 21
-19.51810488431777
 31
0.0
 11
8.670972724563542
 21
-19.530340069675617
 31
0.0
 11
8.658032965295364
 21
-19.542565924938863
 31
0.0
 11
8.645078878767306
 21
-19.554782434985416
 31
0.0
 11
8.632110472646312
 21
-19.56698958477939
 31
0.0
 11
8.61912775460177
 21
-19.579187359264402
 31
0.0
 11
8.60613073229596
 21
-19.591375743341597
 31
0.0
 11
8.5931194134465
 21
-19.603554722011612
 31
0.0
 11
8.5800938057662
 21
-19.615724280238
 31
0.0
 11
8.567053916964309
 21
-19.627884402949782
 31
0.0
 11
8.55399975478653
 21
-19.6400350751328
 31
0.0
 11
8.540931327006627
 21
-19.652176281811045
 31
0.0
 11
8.527848641378798
 21
-19.664308007937084
 31
0.0
 11
8.514751705680261
 21
-19.676430238489782
 31
0.0
 11
8.501640527729684
 21
-19.688542958517157
 31
0.0
 11
8.488515115333918
 21
-19.700646153013434
 31
0.0
 11
8.475375476315751
 21
-19.71273980698303
 31
0.0
 11
8.462221618517304
 21
-19.724823905448467
 31
0.0
 11
8.449053549810833
 21
-19.736898433475798
 31
0.0
 11
8.435871278057109
 21
-19.74896337607758
 31
0.0
 11
8.422674811140094
 21
-19.761018718293606
 31
0.0
 11
8.409464156970541
 21
-19.773064445199584
 31
0.0
 11
8.39623932346016
 21
-19.78510054184666
 31
0.0
 11
8.383000318538492
 21
-19.797126993300914
 31
0.0
 11
8.36974715014802
 21
-19.80914378463191
 31
0.0
 11
8.356479826259507
 21
-19.821150900949075
 31
0.0
 11
8.34319835483456
 21
-19.833148327313054
 31
0.0
 11
8.329902743866345
 21
-19.84513604883219
 31
0.0
 11
8.316593001360658
 21
-19.857114050617763
 31
0.0
 11
8.303269135334432
 21
-19.86908231778037
 31
0.0
 11
8.289931153811043
 21
-19.881040835418684
 31
0.0
 11
8.276579064847162
 21
-19.892989588683758
 31
0.0
 11
8.263212876508812
 21
-19.904928562721885
 31
0.0
 11
8.249832596844394
 21
-19.916857742609395
 31
0.0
 11
8.236438233974942
 21
-19.928777113570153
 31
0.0
 11
8.22302979599553
 21
-19.940686660738134
 31
0.0
 11
8.209607291015281
 21
-19.952586369253567
 31
0.0
 11
8.19617072717606
 21
-19.964476224308484
 31
0.0
 11
8.18272011262278
 21
-19.97635621107476
 31
0.0
 11
8.169255455520158
 21
-19.988226314744857
 31
0.0
 11
8.15577676404017
 21
-20.000086520501167
 31
0.0
 11
8.142284046383363
 21
-20.011936813568333
 31
0.0
 11
8.128777310742867
 21
-20.02377717912493
 31
0.0
 11
8.11525656534768
 21
-20.035607602409787
 31
0.0
 11
8.101721818425737
 21
-20.047428068631252
 31
0.0
 11
8.088173078219555
 21
-20.05923856300556
 31
0.0
 11
8.074610353015075
 21
-20.07103907082859
 31
0.0
 11
8.061033651070586
 21
-20.082829577299627
 31
0.0
 11
8.047442980674482
 21
-20.094610067664398
 31
0.0
 11
8.033838350150338
 21
-20.106380527228307
 31
0.0
 11
8.020219767806841
 21
-20.11814094123143
 31
0.0
 11
8.006587241969019
 21
-20.12989129492624
 31
0.0
 11
7.992940781007627
 21
-20.141631573651726
 31
0.0
 11
7.979280393274884
 21
-20.15336176267207
 31
0.0
 11
7.965606087143775
 21
-20.16508184727513
 31
0.0
 11
7.951917871014666
 21
-20.176791812789542
 31
0.0
 11
7.9382157532914315
 21
-20.18849164452439
 31
0.0
 11
7.924499742392443
 21
-20.20018132779687
 31
0.0
 11
7.910769846749365
 21
-20.211860847929344
 31
0.0
 11
7.897026074818913
 21
-20.223530190279405
 31
0.0
 11
7.88326843506065
 21
-20.235189340183247
 31
0.0
 11
7.869496935953766
 21
-20.24683828299849
 31
0.0
 11
7.8557115859874616
 21
-20.25847700407965
 31
0.0
 11
7.841912393668707
 21
-20.270105488798045
 31
0.0
 11
7.828099367520984
 21
-20.281723722538676
 31
0.0
 11
7.8142725160722675
 21
-20.293331690669127
 31
0.0
 11
7.800431847876779
 21
-20.30492937859596
 31
0.0
 11
7.786577371497266
 21
-20.316516771718778
 31
0.0
 11
7.7727090955065785
 21
-20.328093855434336
 31
0.0
 11
7.758827028499048
 21
-20.339660615166185
 31
0.0
 11
7.744931179083788
 21
-20.35121703634737
 31
0.0
 11
7.731021555877259
 21
-20.362763104400862
 31
0.0
 11
7.717098167509745
 21
-20.374298804756503
 31
0.0
 11
7.70316102263678
 21
-20.385824122881296
 31
0.0
 11
7.68921012990957
 21
-20.397339044201228
 31
0.0
 11
7.675245498021487
 21
-20.40884355422445
 31
0.0
 11
7.661267135652528
 21
-20.420337638394127
 31
0.0
 11
7.647275051496745
 21
-20.431821282160858
 31
0.0
 11
7.633269254299814
 21
-20.443294471083334
 31
0.0
 11
7.6192497527745715
 21
-20.454757190602855
 31
0.0
 11
7.60521655566997
 21
-20.466209426227348
 31
0.0
 11
7.5911696717602615
 21
-20.477651163502998
 31
0.0
 11
7.577109109799038
 21
-20.489082387890345
 31
0.0
 11
7.5630348785876
 21
-20.500503084948505
 31
0.0
 11
7.548946986943592
 21
-20.511913240251072
 31
0.0
 11
7.5348454436624595
 21
-20.52331283928122
 31
0.0
 11
7.520730257580889
 21
-20.53470186760386
 31
0.0
 11
7.506601437554659
 21
-20.546080310805785
 31
0.0
 11
7.492458992437889
 21
-20.557448154439093
 31
0.0
 11
7.478302931096443
 21
-20.568805384057484
 31
0.0
 11
7.464133262427302
 21
-20.580151985269637
 31
0.0
 11
7.449949995336725
 21
-20.59148794367946
 31
0.0
 11
7.435753138727331
 21
-20.60281324485018
 31
0.0
 11
7.42154270154207
 21
-20.61412787442592
 31
0.0
 11
7.407318692716107
 21
-20.625431817998606
 31
0.0
 11
7.393081121209161
 21
-20.636725061197552
 31
0.0
 11
7.378829995996777
 21
-20.6480075896655
 31
0.0
 11
7.364565326059533
 21
-20.65927938902833
 31
0.0
 11
7.350287120405116
 21
-20.67054044495694
 31
0.0
 11
7.3359953880435125
 21
-20.681790743097743
 31
0.0
 11
7.321690138000871
 21
-20.693030269111535
 31
0.0
 11
7.30737137931737
 21
-20.704259008667535
 31
0.0
 11
7.293039121054586
 21
-20.715476947464296
 31
0.0
 11
7.278693372277607
 21
-20.72668407117917
 31
0.0
 11
7.264334142074403
 21
-20.73788036552327
 31
0.0
 11
7.24996143953869
 21
-20.749065816192644
 31
0.0
 11
7.235575273783174
 21
-20.76024040890612
 31
0.0
 11
7.221175653935325
 21
-20.771404129393453
 31
0.0
 11
7.206762589131353
 21
-20.782556963377825
 31
0.0
 11
7.192336088526109
 21
-20.79369889660443
 31
0.0
 11
7.177896161287296
 21
-20.804829914823955
 31
0.0
 11
7.163442816595822
 21
-20.815950003793485
 31
0.0
 11
7.1489760636424675
 21
-20.827059149266884
 31
0.0
 11
7.134495911642421
 21
-20.83815733703708
 31
0.0
 11
7.120002369817682
 21
-20.849244552885043
 31
0.0
 11
7.105495447394376
 21
-20.860320782571623
 31
0.0
 11
7.090975153637456
 21
-20.871386011939336
 31
0.0
 11
7.076441497803074
 21
-20.88244022677284
 31
0.0
 11
7.0618944891655975
 21
-20.89348341287809
 31
0.0
 11
7.047334137028997
 21
-20.904515556116184
 31
0.0
 11
7.032760450686109
 21
-20.915536642282927
 31
0.0
 11
7.018173439461083
 21
-20.92654665723456
 31
0.0
 11
7.003573112692486
 21
-20.93754558683781
 31
0.0
 11
6.988959479716185
 21
-20.948533416918696
 31
0.0
 11
6.974332549899226
 21
-20.959510133363842
 31
0.0
 11
6.95969233262204
 21
-20.970475722067466
 31
0.0
 11
6.945038837260214
 21
-20.981430168876262
 31
0.0
 11
6.930372073224377
 21
-20.992373459709757
 31
0.0
 11
6.9156920499260615
 21
-21.0033055804573
 31
0.0
 11
6.9009987767942285
 21
-21.014226517028003
 31
0.0
 11
6.886292263280333
 21
-21.025136255366327
 31
0.0
 11
6.871572518829722
 21
-21.036034781364993
 31
0.0
 11
6.85683955291772
 21
-21.046922080975
 31
0.0
 11
6.8420933750327055
 21
-21.057798140154038
 31
0.0
 11
6.827333994669034
 21
-21.06866294484491
 31
0.0
 11
6.812561421336932
 21
-21.079516481005797
 31
0.0
 11
6.797775664562658
 21
-21.090358734610756
 31
0.0
 11
6.78297673388519
 21
-21.101189691639664
 31
0.0
 11
6.768164638858598
 21
-21.112009338085695
 31
0.0
 11
6.7533393890491125
 21
-21.122817659946044
 31
0.0
 11
6.738500994033145
 21
-21.133614643215818
 31
0.0
 11
6.72364946341031
 21
-21.14440027392895
 31
0.0
 11
6.708784806781966
 21
-21.155174538090815
 31
0.0
 11
6.693907033771247
 21
-21.165937421741226
 31
0.0
 11
6.679016154011349
 21
-21.17668891091758
 31
0.0
 11
6.664112177155093
 21
-21.187428991685263
 31
0.0
 11
6.649195112857338
 21
-21.19815765008178
 31
0.0
 11
6.634264970796191
 21
-21.208874872184158
 31
0.0
 11
6.619321760664469
 21
-21.21958064408201
 31
0.0
 11
6.604365492154311
 21
-21.23027495182823
 31
0.0
 11
6.589396174992373
 21
-21.2409577815517
 31
0.0
 11
6.5744138189055406
 21
-21.251629119347523
 31
0.0
 11
6.559418433632739
 21
-21.26228895131485
 31
0.0
 11
6.544410028926793
 21
-21.272937263562692
 31
0.0
 11
6.529388614568914
 21
-21.283574042257303
 31
0.0
 11
6.514354200343704
 21
-21.294199273541263
 31
0.0
 11
6.4993067960304
 21
-21.304812943504214
 31
0.0
 11
6.484246411456785
 21
-21.315415038359358
 31
0.0
 11
6.4691730564421475
 21
-21.32600554425697
 31
0.0
 11
6.454086740816919
 21
-21.33658444734848
 31
0.0
 11
6.438987474443252
 21
-21.34715173385452
 31
0.0
 11
6.423875267178803
 21
-21.357707389945418
 31
0.0
 11
6.408750128904367
 21
-21.368251401832556
 31
0.0
 11
6.393612069509729
 21
-21.378783755721653
 31
0.0
 11
6.378461098894515
 21
-21.389304437815216
 31
0.0
 11
6.363297226990773
 21
-21.399813434388516
 31
0.0
 11
6.348120463719798
 21
-21.410310731644987
 31
0.0
 11
6.332930819021939
 21
-21.420796315815732
 31
0.0
 11
6.317728302872287
 21
-21.43127017321314
 31
0.0
 11
6.302512925226805
 21
-21.4417322900488
 31
0.0
 11
6.287284696078167
 21
-21.452182652622312
 31
0.0
 11
6.272043625424097
 21
-21.462621247214237
 31
0.0
 11
6.256789723275125
 21
-21.473048060112244
 31
0.0
 11
6.241522999654826
 21
-21.483463077612093
 31
0.0
 11
6.226243464610575
 21
-21.493866286054683
 31
0.0
 11
6.210951128191189
 21
-21.504257671749194
 31
0.0
 11
6.195646000448426
 21
-21.514637220977807
 31
0.0
 11
6.18032809148008
 21
-21.52500492014533
 31
0.0
 11
6.164997411369907
 21
-21.535360755570917
 31
0.0
 11
6.149653970218822
 21
-21.545704713596106
 31
0.0
 11
6.134297778152728
 21
-21.556036780612665
 31
0.0
 11
6.118928845304802
 21
-21.566356943000606
 31
0.0
 11
6.103547181811463
 21
-21.57666518711377
 31
0.0
 11
6.088152797837384
 21
-21.58696149936809
 31
0.0
 11
6.072745703555647
 21
-21.597245866171768
 31
0.0
 11
6.05732590914541
 21
-21.60751827391661
 31
0.0
 11
6.0418934248119385
 21
-21.617778709049695
 31
0.0
 11
6.026448260759452
 21
-21.62802715797635
 31
0.0
 11
6.010990427217984
 21
-21.638263607156265
 31
0.0
 11
5.995519934429025
 21
-21.648488043052286
 31
0.0
 11
5.980036792632268
 21
-21.65870045208245
 31
0.0
 11
5.9645410120961575
 21
-21.66890082073022
 31
0.0
 11
5.949032603109103
 21
-21.679089135513113
 31
0.0
 11
5.933511575949495
 21
-21.689265382873852
 31
0.0
 11
5.917977940924624
 21
-21.699429549321664
 31
0.0
 11
5.902431708353875
 21
-21.709581621371335
 31
0.0
 11
5.886872888562356
 21
-21.719721585519732
 31
0.0
 11
5.871301491903775
 21
-21.72984942833024
 31
0.0
 11
5.855717528723226
 21
-21.739965136295282
 31
0.0
 11
5.8401210093951015
 21
-21.750068695976427
 31
0.0
 11
5.824511944302646
 21
-21.76016009392908
 31
0.0
 11
5.8088903438430455
 21
-21.770239316721185
 31
0.0
 11
5.793256218422133
 21
-21.780306350913524
 31
0.0
 11
5.777609578466195
 21
-21.790361183103926
 31
0.0
 11
5.7619504344084325
 21
-21.800403799876662
 31
0.0
 11
5.746278796686757
 21
-21.81043418779364
 31
0.0
 11
5.730594675785621
 21
-21.82045233355328
 31
0.0
 11
5.714898082162417
 21
-21.83045822371142
 31
0.0
 11
5.699189026304725
 21
-21.84045184489837
 31
0.0
 11
5.683467518722502
 21
-21.850433183789836
 31
0.0
 11
5.667733569917563
 21
-21.860402226989898
 31
0.0
 11
5.65198719042745
 21
-21.87035896119963
 31
0.0
 11
5.636228390788008
 21
-21.88030337307306
 31
0.0
 11
5.620457181549904
 21
-21.890235449280706
 31
0.0
 11
5.6046735732789745
 21
-21.900155176511245
 31
0.0
 11
5.588877576552898
 21
-21.91006254145843
 31
0.0
 11
5.573069201969031
 21
-21.919957530852034
 31
0.0
 11
5.5572484601259315
 21
-21.929840131385305
 31
0.0
 11
5.541415361647039
 21
-21.939710329808147
 31
0.0
 11
5.525569917154419
 21
-21.949568112823492
 31
0.0
 11
5.509712137295052
 21
-21.95941346719133
 31
0.0
 11
5.493842032731248
 21
-21.969246379691086
 31
0.0
 11
5.477959614125681
 21
-21.979066837061964
 31
0.0
 11
5.462064892160437
 21
-21.988874826078575
 31
0.0
 11
5.4461578775354065
 21
-21.99867033354511
 31
0.0
 11
5.430238580954644
 21
-22.008453346240504
 31
0.0
 11
5.414307013141059
 21
-22.018223850977424
 31
0.0
 11
5.398363184827587
 21
-22.02798183456678
 31
0.0
 11
5.382407106755829
 21
-22.037727283812156
 31
0.0
 11
5.36643878969985
 21
-22.047460185607125
 31
0.0
 11
5.350458244416489
 21
-22.057180526731987
 31
0.0
 11
5.3344654816963475
 21
-22.06688829406244
 31
0.0
 11
5.318460512341704
 21
-22.076583474479673
 31
0.0
 11
5.302443347158694
 21
-22.086266054837587
 31
0.0
 11
5.286413996971294
 21
-22.095936022020677
 31
0.0
 11
5.270372472617595
 21
-22.105593362928854
 31
0.0
 11
5.254318784946899
 21
-22.11523806446546
 31
0.0
 11
5.238252944817319
 21
-22.124870113526818
 31
0.0
 11
5.222174963113047
 21
-22.134489497075347
 31
0.0
 11
5.206084850711156
 21
-22.144096201999506
 31
0.0
 11
5.189982618514811
 21
-22.153690215253846
 31
0.0
 11
5.173868277444033
 21
-22.163271523820654
 31
0.0
 11
5.157741838417945
 21
-22.172840114634088
 31
0.0
 11
5.14160331237517
 21
-22.182395974667042
 31
0.0
 11
5.1254527102703635
 21
-22.19193909091661
 31
0.0
 11
5.109290043067008
 21
-22.201469450373427
 31
0.0
 11
5.093115321735695
 21
-22.210987040013617
 31
0.0
 11
5.076928557277315
 21
-22.220491846900043
 31
0.0
 11
5.060729760681461
 21
-22.229983858000946
 31
0.0
 11
5.044518942970556
 21
-22.2394630603827
 31
0.0
 11
5.028296115175981
 21
-22.248929441105957
 31
0.0
 11
5.012061288327751
 21
-22.25838298717921
 31
0.0
 11
4.9958144734863446
 21
-22.267823685699955
 31
0.0
 11
4.979555681707954
 21
-22.27725152370062
 31
0.0
 11
4.963284924082308
 21
-22.286666488316936
 31
0.0
 11
4.947002211693054
 21
-22.296068566611233
 31
0.0
 11
4.930707555645645
 21
-22.305457745697257
 31
0.0
 11
4.914400967055179
 21
-22.31483401268558
 31
0.0
 11
4.898082457047889
 21
-22.324197354690124
 31
0.0
 11
4.881752036770534
 21
-22.33354775887139
 31
0.0
 11
4.865409717371074
 21
-22.34288521234814
 31
0.0
 11
4.849055510019496
 21
-22.35220970229261
 31
0.0
 11
4.832689425890816
 21
-22.361521215852637
 31
0.0
 11
4.816311476180445
 21
-22.370819740222604
 31
0.0
 11
4.799921672091048
 21
-22.380105262582703
 31
0.0
 11
4.7835200248343765
 21
-22.38937777010726
 31
0.0
 11
4.7671065456449995
 21
-22.39863725002893
 31
0.0
 11
4.750681245763432
 21
-22.40788368956018
 31
0.0
 11
4.734244136439019
 21
-22.417117075906248
 31
0.0
 11
4.717795228943324
 21
-22.426337396328606
 31
0.0
 11
4.7013345345550235
 21
-22.43554463807395
 31
0.0
 11
4.684862064560458
 21
-22.444738788376153
 31
0.0
 11
4.668377830266896
 21
-22.45391983451977
 31
0.0
 11
4.651881842990762
 21
-22.463087763784227
 31
0.0
 11
4.635374114061612
 21
-22.472242563462565
 31
0.0
 11
4.618854654814424
 21
-22.481384220824214
 31
0.0
 11
4.60232347660894
 21
-22.490512723208784
 31
0.0
 11
4.585780590811512
 21
-22.499628057938395
 31
0.0
 11
4.569226008791997
 21
-22.508730212301696
 31
0.0
 11
4.552659741950896
 21
-22.517819173687457
 31
0.0
 11
4.53608180168786
 21
-22.526894929429883
 31
0.0
 11
4.519492199416216
 21
-22.535957466879985
 31
0.0
 11
4.502890946565995
 21
-22.545006773420656
 31
0.0
 11
4.486278054572092
 21
-22.554042836407792
 31
0.0
 11
4.469653534895411
 21
-22.56306564327649
 31
0.0
 11
4.453017398997288
 21
-22.572075181412554
 31
0.0
 11
4.436369658351869
 21
-22.581071438214483
 31
0.0
 11
4.419710324451017
 21
-22.590054401118795
 31
0.0
 11
4.403039408794779
 21
-22.599024057551457
 31
0.0
 11
4.3863569228994725
 21
-22.607980394969427
 31
0.0
 11
4.369662878292517
 21
-22.616923400834185
 31
0.0
 11
4.352957286506223
 21
-22.625853062579605
 31
0.0
 11
4.3362401590974065
 21
-22.63476936771337
 31
0.0
 11
4.31951150762802
 21
-22.643672303717047
 31
0.0
 11
4.302771343669809
 21
-22.652561858069724
 31
0.0
 11
4.286019678816708
 21
-22.66143801831353
 31
0.0
 11
4.269256524658432
 21
-22.670300771914306
 31
0.0
 11
4.252481892818244
 21
-22.679150106461396
 31
0.0
 11
4.235695794913333
 21
-22.68798600945807
 31
0.0
 11
4.218898242582709
 21
-22.696808468469204
 31
0.0
 11
4.202089247473822
 21
-22.705617471050353
 31
0.0
 11
4.185268821243845
 21
-22.714413004754476
 31
0.0
 11
4.1684369755756085
 21
-22.723195057218295
 31
0.0
 11
4.151593722143
 21
-22.731963615974724
 31
0.0
 11
4.134739072649215
 21
-22.74071866866062
 31
0.0
 11
4.117873038804549
 21
-22.74946020289638
 31
0.0
 11
4.100995632323575
 21
-22.758188206269693
 31
0.0
 11
4.084106864948846
 21
-22.76690266646665
 31
0.0
 11
4.067206748421259
 21
-22.775603571107983
 31
0.0
 11
4.050295294492612
 21
-22.784290907818114
 31
0.0
 11
4.03337251494579
 21
-22.792964664338726
 31
0.0
 11
4.016438421555197
 21
-22.80162482830712
 31
0.0
 11
3.999493026110957
 21
-22.8102713873915
 31
0.0
 11
3.9825363404281062
 21
-22.818904329343997
 31
0.0
 11
3.965568376316418
 21
-22.82752364182888
 31
0.0
 11
3.9485891456090703
 21
-22.836129312586266
 31
0.0
 11
3.9315986601508075
 21
-22.8447213293647
 31
0.0
 11
3.914596931792418
 21
-22.853299679888828
 31
0.0
 11
3.897583972401079
 21
-22.861864351919785
 31
0.0
 11
3.880559793855811
 21
-22.87041533322863
 31
0.0
 11
3.86352440804427
 21
-22.878952611577656
 31
0.0
 11
3.846477826869525
 21
-22.88747617476012
 31
0.0
 11
3.829420062247534
 21
-22.895986010585943
 31
0.0
 11
3.812351126098389
 21
-22.904482106829093
 31
0.0
 11
3.7952710303686583
 21
-22.912964451361578
 31
0.0
 11
3.7781797870049476
 21
-22.921433031995143
 31
0.0
 11
3.76107740796235
 21
-22.929887836531258
 31
0.0
 11
3.7439639052217983
 21
-22.938328852866718
 31
0.0
 11
3.7268392907690604
 21
-22.94675606886663
 31
0.0
 11
3.7097035765998774
 21
-22.955169472395433
 31
0.0
 11
3.692556774718115
 21
-22.96356905130475
 31
0.0
 11
3.6753988971532654
 21
-22.971954793542498
 31
0.0
 11
3.658229955935533
 21
-22.98032668699877
 31
0.0
 11
3.641049963108253
 21
-22.988684719582235
 31
0.0
 11
3.6238589307300524
 21
-22.997028879234364
 31
0.0
 11
3.6066568708679716
 21
-23.005359153886
 31
0.0
 11
3.589443795601415
 21
-23.013675531482455
 31
0.0
 11
3.5722197170279775
 21
-23.021978000020937
 31
0.0
 11
3.5549846472476063
 21
-23.030266547449333
 31
0.0
 11
3.5377385983710607
 21
-23.038541161719646
 31
0.0
 11
3.5204815825372187
 21
-23.046801830901366
 31
0.0
 11
3.503213611877518
 21
-23.05504854295005
 31
0.0
 11
3.485934698542437
 21
-23.06328128587944
 31
0.0
 11
3.4686448547000825
 21
-23.071500047753638
 31
0.0
 11
3.4513440925237515
 21
-23.079704816604615
 31
0.0
 11
3.4340324241935307
 21
-23.087895580442105
 31
0.0
 11
3.4167098619156304
 21
-23.096072327383656
 31
0.0
 11
3.399376417896064
 21
-23.104235045478127
 31
0.0
 11
3.3820321043534887
 21
-23.11238372279153
 31
0.0
 11
3.3646769335264253
 21
-23.120518347456752
 31
0.0
 11
3.347310917657193
 21
-23.128638907564397
 31
0.0
 11
3.329934069001156
 21
-23.136745391225322
 31
0.0
 11
3.312546399827415
 21
-23.144837786576115
 31
0.0
 11
3.295147922416465
 21
-23.152916081762893
 31
0.0
 11
3.2777386490592972
 21
-23.160980264935233
 31
0.0
 11
3.260318592055767
 21
-23.169030324234118
 31
0.0
 11
3.2428877637245233
 21
-23.177066247862584
 31
0.0
 11
3.2254461763944895
 21
-23.18508802402627
 31
0.0
 11
3.2079938423934347
 21
-23.193095640850178
 31
0.0
 11
3.1905307740771853
 21
-23.201089086588713
 31
0.0
 11
3.1730569838097633
 21
-23.209068349484166
 31
0.0
 11
3.155572483958407
 21
-23.217033417729127
 31
0.0
 11
3.138077286906433
 21
-23.224984279560164
 31
0.0
 11
3.1205714050540845
 21
-23.232920923265056
 31
0.0
 11
3.103054850805776
 21
-23.24084333708877
 31
0.0
 11
3.085527636581241
 21
-23.24875150931564
 31
0.0
 11
3.0679897748085216
 21
-23.25664542821739
 31
0.0
 11
3.0504412779302825
 21
-23.264525082100512
 31
0.0
 11
3.0328821584027508
 21
-23.272390459299178
 31
0.0
 11
3.015312428682805
 21
-23.280241548075608
 31
0.0
 11
2.9977321012552616
 21
-23.288078336830143
 31
0.0
 11
2.980141188602957
 21
-23.295900813871288
 31
0.0
 11
2.9625397032249294
 21
-23.30370896755527
 31
0.0
 11
2.9449276576325927
 21
-23.311502786257215
 31
0.0
 11
2.9273050643469407
 21
-23.319282258349407
 31
0.0
 11
2.9096719359036536
 21
-23.327047372241598
 31
0.0
 11
2.892028284843897
 21
-23.334798116307493
 31
0.0
 11
2.874374123725962
 21
-23.342534478978497
 31
0.0
 11
2.85670946511507
 21
-23.350256448661405
 31
0.0
 11
2.8390343215916114
 21
-23.35796401380535
 31
0.0
 11
2.8213487057471456
 21
-23.365657162869628
 31
0.0
 11
2.80365263018047
 21
-23.37333588429126
 31
0.0
 11
2.785946107504737
 21
-23.38100016654334
 31
0.0
 11
2.768229150345154
 21
-23.38864999811684
 31
0.0
 11
2.7505017713356477
 21
-23.39628536749235
 31
0.0
 11
2.7327639831267065
 21
-23.403906263206846
 31
0.0
 11
2.7150157983727006
 21
-23.411512673745573
 31
0.0
 11
2.697257229742398
 21
-23.419104587631537
 31
0.0
 11
2.679488289918437
 21
-23.426681993422132
 31
0.0
 11
2.661708991593525
 21
-23.434244879676065
 31
0.0
 11
2.6439193474693172
 21
-23.441793234943425
 31
0.0
 11
2.626119370259798
 21
-23.44932704779547
 31
0.0
 11
2.6083090726922475
 21
-23.456846306833402
 31
0.0
 11
2.590488467498351
 21
-23.464351000608826
 31
0.0
 11
2.572657567434006
 21
-23.471841117802153
 31
0.0
 11
2.5548163852564767
 21
-23.479316647017356
 31
0.0
 11
2.5369649337279645
 21
-23.486777576811512
 31
0.0
 11
2.519103225640789
 21
-23.494223895927917
 31
0.0
 11
2.501231273783426
 21
-23.50165559298339
 31
0.0
 11
2.483349090957036
 21
-23.509072656619928
 31
0.0
 11
2.465456689981322
 21
-23.51647507556077
 31
0.0
 11
2.44755408367938
 21
-23.523862838467807
 31
0.0
 11
2.429641284888746
 21
-23.53123593404618
 31
0.0
 11
2.411718306459919
 21
-23.538594351030603
 31
0.0
 11
2.3937851612512047
 21
-23.545938078135766
 31
0.0
 11
2.3758418621310806
 21
-23.553267104078877
 31
0.0
 11
2.3578884219860576
 21
-23.56058141765754
 31
0.0
 11
2.339924853703852
 21
-23.56788100758342
 31
0.0
 11
2.321951170190036
 21
-23.575165862647232
 31
0.0
 11
2.303967384361302
 21
-23.582435971652984
 31
0.0
 11
2.2859735091415962
 21
-23.589691323377902
 31
0.0
 11
2.2679695574699563
 21
-23.596931906652827
 31
0.0
 11
2.249955542290166
 21
-23.604157710255283
 31
0.0
 11
2.231931476564034
 21
-23.611368723047715
 31
0.0
 11
2.213897373262129
 21
-23.618564933881316
 31
0.0
 11
2.1958532453643915
 21
-23.625746331602063
 31
0.0
 11
2.1777991058625625
 21
-23.632912905076804
 31
0.0
 11
2.159734967757488
 21
-23.640064643163576
 31
0.0
 11
2.141660844067583
 21
-23.647201534804633
 31
0.0
 11
2.123576747814498
 21
-23.654323568870495
 31
0.0
 11
2.1054826920335796
 21
-23.661430734273043
 31
0.0
 11
2.0873786897723763
 21
-23.66852301995101
 31
0.0
 11
2.0692647540878983
 21
-23.67560041483855
 31
0.0
 11
2.051140898049304
 21
-23.682662907896336
 31
0.0
 11
2.033007134734124
 21
-23.689710488067856
 31
0.0
 11
2.014863477235179
 21
-23.696743144359967
 31
0.0
 11
1.9967099386506084
 21
-23.703760865726917
 31
0.0
 11
1.9785465320934672
 21
-23.710763641182126
 31
0.0
 11
1.9603732706873696
 21
-23.717751459748655
 31
0.0
 11
1.9421901675636573
 21
-23.72472431042362
 31
0.0
 11
1.923997235868165
 21
-23.73168218226104
 31
0.0
 11
1.9057944887559002
 21
-23.738625064306934
 31
0.0
 11
1.8875819393914732
 21
-23.74555294560435
 31
0.0
 11
1.869359600953916
 21
-23.752465815254354
 31
0.0
 11
1.8511274866272465
 21
-23.759363662296483
 31
0.0
 11
1.8328856096124193
 21
-23.76624647586117
 31
0.0
 11
1.8146339831192704
 21
-23.77311424506742
 31
0.0
 11
1.796372620363965
 21
-23.779966958988705
 31
0.0
 11
1.7781015345798326
 21
-23.78680460679478
 31
0.0
 11
1.759820739005317
 21
-23.79362717759318
 31
0.0
 11
1.7415302468947536
 21
-23.800434660573146
 31
0.0
 11
1.723230071510497
 21
-23.807227044900223
 31
0.0
 11
1.7049202261239016
 21
-23.81400431972898
 31
0.0
 11
1.6866007240210363
 21
-23.820766474281506
 31
0.0
 11
1.6682715784947844
 21
-23.827513497739087
 31
0.0
 11
1.649932802850392
 21
-23.834245379318403
 31
0.0
 11
1.6315844104050614
 21
-23.84096210826761
 31
0.0
 11
1.6132264144847752
 21
-23.847663673821135
 31
0.0
 11
1.5948588284236291
 21
-23.85435006518724
 31
0.0
 11
1.5764816655742846
 21
-23.861021271705404
 31
0.0
 11
1.5580949392933863
 21
-23.867677282629195
 31
0.0
 11
1.5396986629462444
 21
-23.87431808719353
 31
0.0
 11
1.5212928499161489
 21
-23.880943674759667
 31
0.0
 11
1.5028775135920605
 21
-23.88755403462582
 31
0.0
 11
1.4844526673745986
 21
-23.894149156119962
 31
0.0
 11
1.46601832467302
 21
-23.900729028551034
 31
0.0
 11
1.4475744989114778
 21
-23.907293641311522
 31
0.0
 11
1.4291212035209595
 21
-23.913842983746314
 31
0.0
 11
1.4106584519435819
 21
-23.92037704522224
 31
0.0
 11
1.3921862576332587
 21
-23.926895815140988
 31
0.0
 11
1.373704634054149
 21
-23.933399282912504
 31
0.0
 11
1.3552135946770238
 21
-23.939887437892263
 31
0.0
 11
1.3367131529903495
 21
-23.946360269573788
 31
0.0
 11
1.318203322486769
 21
-23.95281776735374
 31
0.0
 11
1.2996841166712823
 21
-23.959259920673695
 31
0.0
 11
1.2811555490633424
 21
-23.965686719062518
 31
0.0
 11
1.2626176331827728
 21
-23.972098151875464
 31
0.0
 11
1.2440703825716222
 21
-23.978494208700184
 31
0.0
 11
1.2255138107749834
 21
-23.984874878999744
 31
0.0
 11
1.2069479313503253
 21
-23.99124015228661
 31
0.0
 11
1.1883727578648884
 21
-23.997590018074522
 31
0.0
 11
1.1697883038972907
 21
-24.003924465909357
 31
0.0
 11
1.1511945830360721
 21
-24.01024348534133
 31
0.0
 11
1.1325916088789876
 21
-24.016547065910228
 31
0.0
 11
1.1139793950365542
 21
-24.022835197218654
 31
0.0
 11
1.095357955126832
 21
-24.029107868823974
 31
0.0
 11
1.076727302780419
 21
-24.03536507034338
 31
0.0
 11
1.05808745163657
 21
-24.04160679137092
 31
0.0
 11
1.039438415345828
 21
-24.047833021536174
 31
0.0
 11
1.0207802075691585
 21
-24.054043750484475
 31
0.0
 11
1.0021128419767047
 21
-24.0602389678497
 31
0.0
 11
0.9834363322497367
 21
-24.066418663298002
 31
0.0
 11
0.9647506920789473
 21
-24.07258282648909
 31
0.0
 11
0.9460559351665568
 21
-24.078731447127023
 31
0.0
 11
0.9273520752230578
 21
-24.084864514880156
 31
0.0
 11
0.9086391259712078
 21
-24.090982019481896
 31
0.0
 11
0.8899171011441575
 21
-24.097083950685345
 31
0.0
 11
0.8711860144812874
 21
-24.103170298150857
 31
0.0
 11
0.85244587973679
 21
-24.10924105167507
 31
0.0
 11
0.8336967106726221
 21
-24.115296201004018
 31
0.0
 11
0.8149385210620412
 21
-24.121335735928533
 31
0.0
 11
0.7961713246869966
 21
-24.127359646210355
 31
0.0
 11
0.7773951353404192
 21
-24.133367921649544
 31
0.0
 11
0.758609966825349
 21
-24.13936055205787
 31
0.0
 11
0.7398158329556725
 21
-24.145337527285996
 31
0.0
 11
0.721012747553266
 21
-24.15129883712893
 31
0.0
 11
0.7022007244510302
 21
-24.15724447142382
 31
0.0
 11
0.6833797774950064
 21
-24.163174420127593
 31
0.0
 11
0.664549920535011
 21
-24.169088672993464
 31
0.0
 11
0.6457111674360295
 21
-24.174987219965512
 31
0.0
 11
0.6268635320719382
 21
-24.18087005096316
 31
0.0
 11
0.6080070283242707
 21
-24.186737155829054
 31
0.0
 11
0.5891416700882618
 21
-24.192588524560083
 31
0.0
 11
0.570267471266159
 21
-24.198424147051217
 31
0.0
 11
0.5513844457712366
 21
-24.204244013249234
 31
0.0
 11
0.5324926075279476
 21
-24.210048113168597
 31
0.0
 11
0.5135919704680674
 21
-24.21583643672189
 31
0.0
 11
0.49468254853489
 21
-24.221608973900167
 31
0.0
 11
0.4757643556824576
 21
-24.227365714751787
 31
0.0
 11
0.45683740587296334
 21
-24.233106649250658
 31
0.0
 11
0.4379017130793336
 21
-24.23883176742259
 31
0.0
 11
0.4189572912850173
 21
-24.244541059344588
 31
0.0
 11
0.4000041544816778
 21
-24.250234515010543
 31
0.0
 11
0.3810423166726297
 21
-24.255912124530923
 31
0.0
 11
0.362071791869937
 21
-24.261573877962793
 31
0.0
 11
0.3430925940957621
 21
-24.2672197653923
 31
0.0
 11
0.3241047373823166
 21
-24.272849776931416
 31
0.0
 11
0.30510823577150836
 21
-24.278463902697396
 31
0.0
 11
0.28610310331477906
 21
-24.28406213280031
 31
0.0
 11
0.2670893540739064
 21
-24.289644457403
 31
0.0
 11
0.24806700212014368
 21
-24.29521086666184
 31
0.0
 11
0.22903606153422215
 21
-24.300761350710985
 31
0.0
 11
0.20999654640713372
 21
-24.306295899748473
 31
0.0
 11
0.19094847083949612
 21
-24.311814503972744
 31
0.0
 11
0.1718918489418135
 21
-24.31731715361885
 31
0.0
 11
0.15282669483343603
 21
-24.32280383881479
 31
0.0
 11
0.13375302264480335
 21
-24.328274549893273
 31
0.0
 11
0.11467084651493
 21
-24.333729277034237
 31
0.0
 11
0.09558018059303715
 21
-24.339168010503954
 31
0.0
 11
0.07648103903800817
 21
-24.34459074059798
 31
0.0
 11
0.0573734360182154
 21
-24.349997457570076
 31
0.0
 11
0.03825738571185041
 21
-24.35538815173392
 31
0.0
 11
0.019132902306637545
 21
-24.36076281338972
 31
0.0
 11
1.4919946310195244e-15
 21
-24.36612143286226
 31
0.0
 11
-0.019141309515082566
 21
-24.37146720143177
 31
0.0
 11
-0.03829102458989136
 21
-24.376803309003673
 31
0.0
 11
-0.05744914607401145
 21
-24.382129743762075
 31
0.0
 11
-0.07661567480032228
 21
-24.387446493783624
 31
0.0
 11
-0.09579061158563008
 21
-24.392753547292347
 31
0.0
 11
-0.11497395723019395
 21
-24.39805089242451
 31
0.0
 11
-0.13416571251748377
 21
-24.403338517255968
 31
0.0
 11
-0.15336587821496372
 21
-24.40861640995067
 31
0.0
 11
-0.17257445507307895
 21
-24.4138845585721
 31
0.0
 11
-0.19179144382610688
 21
-24.419142951234182
 31
0.0
 11
-0.21101684519134273
 21
-24.42439157598339
 31
0.0
 11
-0.23025065987007842
 21
-24.429630420930643
 31
0.0
 11
-0.24949288854619275
 21
-24.434859474080422
 31
0.0
 11
-0.26874353188764877
 21
-24.440078723510375
 31
0.0
 11
-0.2880025905451142
 21
-24.44528815722052
 31
0.0
 11
-0.30727006515299204
 21
-24.45048776324391
 31
0.0
 11
-0.326545956328791
 21
-24.45567752958559
 31
0.0
 11
-0.3458302646730304
 21
-24.460857444219855
 31
0.0
 11
-0.36512299077002097
 21
-24.466027495154297
 31
0.0
 11
-0.38442413518674046
 21
-24.471187670342978
 31
0.0
 11
-0.40373369847347695
 21
-24.47633795774182
 31
0.0
 11
-0.423051681163465
 21
-24.48147834528209
 31
0.0
 11
-0.4423780837745394
 21
-24.486608820968847
 31
0.0
 11
-0.4617129068048706
 21
-24.49172937263617
 31
0.0
 11
-0.4810561507377171
 21
-24.496839988223133
 31
0.0
 11
-0.5004078160395865
 21
-24.501940655663596
 31
0.0
 11
-0.5197679031581491
 21
-24.50703136278496
 31
0.0
 11
-0.5391364125265009
 21
-24.51211209752375
 31
0.0
 11
-0.5585133445586689
 21
-24.517182847704795
 31
0.0
 11
-0.5778986996524051
 21
-24.522243601180705
 31
0.0
 11
-0.5972924781893781
 21
-24.527294345833074
 31
0.0
 11
-0.6166946805319029
 21
-24.532335069435742
 31
0.0
 11
-0.6361053070270964
 21
-24.537365759833577
 31
0.0
 11
-0.655524358004887
 21
-24.54238640485343
 31
0.0
 11
-0.6749518337768382
 21
-24.547396992266027
 31
0.0
 11
-0.6943877346371254
 21
-24.55239750982615
 31
0.0
 11
-0.7138320608654142
 21
-24.557387945372984
 31
0.0
 11
-0.7332848127213205
 21
-24.562368286633287
 31
0.0
 11
-0.7527459904469921
 21
-24.567338521319048
 31
0.0
 11
-0.7722155942707543
 21
-24.572298637245588
 31
0.0
 11
-0.791693624399665
 21
-24.577248622085317
 31
0.0
 11
-0.8111800810253564
 21
-24.582188463563355
 31
0.0
 11
-0.8306749643224607
 21
-24.58711814940323
 31
0.0
 11
-0.8501782744471484
 21
-24.592037667283268
 31
0.0
 11
-0.8696900115384054
 21
-24.59694700487933
 31
0.0
 11
-0.8892101757182012
 21
-24.601846149866795
 31
0.0
 11
-0.9087387670917751
 21
-24.606735089930172
 31
0.0
 11
-0.9282757857449097
 21
-24.611613812687033
 31
0.0
 11
-0.9478212317471051
 21
-24.616482305778806
 31
0.0
 11
-0.967375105150915
 21
-24.62134055685009
 31
0.0
 11
-0.9869374059890486
 21
-24.62618855347481
 31
0.0
 11
-1.0065081342808615
 21
-24.631026283323088
 31
0.0
 11
-1.0260872900239066
 21
-24.635853733947265
 31
0.0
 11
-1.0456748731993717
 21
-24.640670892921822
 31
0.0
 11
-1.065270883772815
 21
-24.645477747856415
 31
0.0
 11
-1.0848753216878844
 21
-24.650274286251165
 31
0.0
 11
-1.1044881868759098
 21
-24.65506049571934
 31
0.0
 11
-1.1241094792471562
 21
-24.65983636378449
 31
0.0
 11
-1.1437391986925396
 21
-24.664601877926366
 31
0.0
 11
-1.1633773450905256
 21
-24.669357025728594
 31
0.0
 11
-1.183023918297012
 21
-24.674101794660565
 31
0.0
 11
-1.2026789181523905
 21
-24.67883617222943
 31
0.0
 11
-1.2223423444788566
 21
-24.683560145923895
 31
0.0
 11
-1.2420141970794294
 21
-24.68827370319521
 31
0.0
 11
-1.2616944757412094
 21
-24.69297683152281
 31
0.0
 11
-1.2813831802337061
 21
-24.697669518380952
 31
0.0
 11
-1.301080310306006
 21
-24.702351751183773
 31
0.0
 11
-1.3207858656904743
 21
-24.707023517359502
 31
0.0
 11
-1.3404998461041955
 21
-24.711684804375032
 31
0.0
 11
-1.3602222512398894
 21
-24.716335599567994
 31
0.0
 11
-1.379953080779306
 21
-24.720975890395955
 31
0.0
 11
-1.3996923343824315
 21
-24.725605664236024
 31
0.0
 11
-1.4194400116914876
 21
-24.73022490846116
 31
0.0
 11
-1.4391961123311787
 21
-24.734833610442912
 31
0.0
 11
-1.458960635908359
 21
-24.73943175754687
 31
0.0
 11
-1.4787335820096625
 21
-24.744019337092574
 31
0.0
 11
-1.4985149502073005
 21
-24.748596336451396
 31
0.0
 11
-1.5183047400527268
 21
-24.753162742940948
 31
0.0
 11
-1.538102951077979
 21
-24.7577185438484
 31
0.0
 11
-1.5579095828023206
 21
-24.76226372653896
 31
0.0
 11
-1.5777246347217029
 21
-24.766798278284348
 31
0.0
 11
-1.5975481063141055
 21
-24.771322186351835
 31
0.0
 11
-1.6173799970402336
 21
-24.775835438014326
 31
0.0
 11
-1.6372203063446755
 21
-24.78033802056758
 31
0.0
 11
-1.6570690336504843
 21
-24.78482992124785
 31
0.0
 11
-1.6769261783645655
 21
-24.78931112731391
 31
0.0
 11
-1.6967917398747951
 21
-24.793781626004584
 31
0.0
 11
-1.7166657175487356
 21
-24.79824140451985
 31
0.0
 11
-1.7365481107374663
 21
-24.802690450078575
 31
0.0
 11
-1.7564389187770137
 21
-24.807128749937007
 31
0.0
 11
-1.7763381409767887
 21
-24.811556291224505
 31
0.0
 11
-1.7962457766340858
 21
-24.815973061151627
 31
0.0
 11
-1.8161618250261713
 21
-24.820379046896186
 31
0.0
 11
-1.836086285412584
 21
-24.82477423563695
 31
0.0
 11
-1.8560191570322375
 21
-24.82915861451411
 31
0.0
 11
-1.8759604391075202
 21
-24.833532170685267
 31
0.0
 11
-1.8959101308382262
 21
-24.837894891245067
 31
0.0
 11
-1.9158682314123512
 21
-24.84224676336804
 31
0.0
 11
-1.9358347399977751
 21
-24.846587774197978
 31
0.0
 11
-1.9558096557350129
 21
-24.85091791075639
 31
0.0
 11
-1.9757929777556618
 21
-24.855237160181364
 31
0.0
 11
-1.9957847051720232
 21
-24.85954550959195
 31
0.0
 11
-2.0157848370701554
 21
-24.863842946002812
 31
0.0
 11
-2.03579337252501
 21
-24.86812945651494
 31
0.0
 11
-2.055810310593457
 21
-24.872405028225856
 31
0.0
 11
-2.0758356503065882
 21
-24.87666964813847
 31
0.0
 11
-2.0958693906808046
 21
-24.88092330329587
 31
0.0
 11
-2.115911530710968
 21
-24.885165980699686
 31
0.0
 11
-2.135962069382108
 21
-24.889397667447874
 31
0.0
 11
-2.156021005647806
 21
-24.893618350480136
 31
0.0
 11
-2.1760883384535528
 21
-24.89782801685304
 31
0.0
 11
-2.1961640667176017
 21
-24.90202665351675
 31
0.0
 11
-2.216248189343471
 21
-24.906214247460703
 31
0.0
 11
-2.2363407052166138
 21
-24.910390785673904
 31
0.0
 11
-2.2564416132000993
 21
-24.914556255097896
 31
0.0
 11
-2.276550912143905
 21
-24.918710642730034
 31
0.0
 11
-2.296668600871185
 21
-24.92285393547152
 31
0.0
 11
-2.3167946781916706
 21
-24.92698612027642
 31
0.0
 11
-2.3369291428953276
 21
-24.931107184080638
 31
0.0
 11
-2.3570719937505724
 21
-24.93521711378461
 31
0.0
 11
-2.3772232295074627
 21
-24.939315896287194
 31
0.0
 11
-2.397382848900964
 21
-24.94340351852038
 31
0.0
 11
-2.4175508506429395
 21
-24.947479967364792
 31
0.0
 11
-2.4377272334274624
 21
-24.951545229705676
 31
0.0
 11
-2.457911995927465
 21
-24.95559929239932
 31
0.0
 11
-2.4781051367972835
 21
-24.95964214229897
 31
0.0
 11
-2.4983066546762065
 21
-24.963673766290878
 31
0.0
 11
-2.518516548180449
 21
-24.967694151212836
 31
0.0
 11
-2.538734815903647
 21
-24.97170328386102
 31
0.0
 11
-2.5589614564331367
 21
-24.975701151150567
 31
0.0
 11
-2.5791964683181674
 21
-24.979687739802444
 31
0.0
 11
-2.599439850104321
 21
-24.983663036682334
 31
0.0
 11
-2.6196916003138986
 21
-24.98762702860712
 31
0.0
 11
-2.6399517174404683
 21
-24.991579702295702
 31
0.0
 11
-2.6602201999731716
 21
-24.995521044600668
 31
0.0
 11
-2.6804970463713986
 21
-24.99945104226666
 31
0.0
 11
-2.7007822550788427
 21
-25.003369682065117
 31
0.0
 11
-2.721075824520179
 21
-25.007276950761828
 31
0.0
 11
-2.741377753099304
 21
-25.011172835101714
 31
0.0
 11
-2.761688039197923
 21
-25.015057321796117
 31
0.0
 11
-2.7820066811878834
 21
-25.018930397635216
 31
0.0
 11
-2.8023336774083343
 21
-25.022792049280866
 31
0.0
 11
-2.822669026190196
 21
-25.026642263488096
 31
0.0
 11
-2.84301272583965
 21
-25.030481026956608
 31
0.0
 11
-2.863364774642234
 21
-25.03430832636784
 31
0.0
 11
-2.8837251708655987
 21
-25.038124148410205
 31
0.0
 11
-2.904093912760028
 21
-25.041928479782438
 31
0.0
 11
-2.924470998555107
 21
-25.045721307165294
 31
0.0
 11
-2.9448564264540793
 21
-25.049502617173797
 31
0.0
 11
-2.96525019465111
 21
-25.053272396504898
 31
0.0
 11
-2.9856523013174168
 21
-25.05703063181895
 31
0.0
 11
-3.0060627445959356
 21
-25.06077730969558
 31
0.0
 11
-3.0264815226225883
 21
-25.064512416813137
 31
0.0
 11
-3.0469086335090556
 21
-25.068235939803035
 31
0.0
 11
-3.067344075341497
 21
-25.071947865241192
 31
0.0
 11
-3.08778784619186
 21
-25.075648179741226
 31
0.0
 11
-3.108239944116236
 21
-25.079336869940057
 31
0.0
 11
-3.1287003671376175
 21
-25.08301392235903
 31
0.0
 11
-3.149169113275024
 21
-25.086679323639007
 31
0.0
 11
-3.1696461805225944
 21
-25.090333060371623
 31
0.0
 11
-3.1901315668363
 21
-25.09397511899595
 31
0.0
 11
-3.2106252701895652
 21
-25.09760548623774
 31
0.0
 11
-3.231127288502013
 21
-25.10122414854747
 31
0.0
 11
-3.251637619683758
 21
-25.1048310924501
 31
0.0
 11
-3.27215626163966
 21
-25.108426304575996
 31
0.0
 11
-3.292683212230792
 21
-25.112009771363105
 31
0.0
 11
-3.3132184693122673
 21
-25.115581479350094
 31
0.0
 11
-3.3337620307180034
 21
-25.119141415058085
 31
0.0
 11
-3.3543138942608612
 21
-25.122689564992182
 31
0.0
 11
-3.37487405773391
 21
-25.126225915651368
 31
0.0
 11
-3.3954425189070934
 21
-25.1297504535039
 31
0.0
 11
-3.4160192755329755
 21
-25.13326316503062
 31
0.0
 11
-3.4366043253457352
 21
-25.136764036716706
 31
0.0
 11
-3.4571976660563037
 21
-25.140253055016682
 31
0.0
 11
-3.477799295360919
 21
-25.14373020641682
 31
0.0
 11
-3.498409210925612
 21
-25.14719547732243
 31
0.0
 11
-3.519027410401485
 21
-25.150648854169855
 31
0.0
 11
-3.5396538914292517
 21
-25.15409032345716
 31
0.0
 11
-3.5602886516146595
 21
-25.157519871569324
 31
0.0
 11
-3.580931688543655
 21
-25.160937484887256
 31
0.0
 11
-3.601582999796431
 21
-25.164343149886566
 31
0.0
 11
-3.6222425829234433
 21
-25.167736852967987
 31
0.0
 11
-3.6429104354474706
 21
-25.171118580473426
 31
0.0
 11
-3.663586554884366
 21
-25.17448831883061
 31
0.0
 11
-3.6842709387252617
 21
-25.17784605442862
 31
0.0
 11
-3.7049635844369013
 21
-25.18119177362149
 31
0.0
 11
-3.725664489470478
 21
-25.18452546278857
 31
0.0
 11
-3.7463736512557713
 21
-25.18784710829453
 31
0.0
 11
-3.767091067201018
 21
-25.191156696488967
 31
0.0
 11
-3.7878167346910026
 21
-25.19445421369365
 31
0.0
 11
-3.8085506510984106
 21
-25.19773964627889
 31
0.0
 11
-3.8292928137714903
 21
-25.20101298058041
 31
0.0
 11
-3.850043220031852
 21
-25.20427420288634
 31
0.0
 11
-3.8708018671928577
 21
-25.207523299557945
 31
0.0
 11
-3.8915687525350915
 21
-25.210760256868564
 31
0.0
 11
-3.912343873328463
 21
-25.213985061148765
 31
0.0
 11
-3.933127226818377
 21
-25.217197698695635
 31
0.0
 11
-3.9539188102253613
 21
-25.220398155771726
 31
0.0
 11
-3.974718620754475
 21
-25.22358641866517
 31
0.0
 11
-3.995526655597669
 21
-25.226762473704262
 31
0.0
 11
-4.0163429119072696
 21
-25.22992630708954
 31
0.0
 11
-4.037167386832942
 21
-25.233077905128102
 31
0.0
 11
-4.058000077494398
 21
-25.23621725406135
 31
0.0
 11
-4.078840980989621
 21
-25.239344340117068
 31
0.0
 11
-4.099690094404278
 21
-25.242459149568234
 31
0.0
 11
-4.120547414799137
 21
-25.245561668654176
 31
0.0
 11
-4.141412939207972
 21
-25.24865188356912
 31
0.0
 11
-4.162286664655664
 21
-25.25172978057287
 31
0.0
 11
-4.183168588137857
 21
-25.25479534586613
 31
0.0
 11
-4.2040587066284845
 21
-25.257848565637612
 31
0.0
 11
-4.224957017094792
 21
-25.260889426153575
 31
0.0
 11
-4.2458635164570255
 21
-25.263917913516586
 31
0.0
 11
-4.266778201641936
 21
-25.26693401398582
 31
0.0
 11
-4.287701069543984
 21
-25.269937713745
 31
0.0
 11
-4.308632117031757
 21
-25.272928998941524
 31
0.0
 11
-4.329571340959638
 21
-25.27590785575555
 31
0.0
 11
-4.350518738156583
 21
-25.27887427033411
 31
0.0
 11
-4.371474305438172
 21
-25.281828228861187
 31
0.0
 11
-4.392438039599492
 21
-25.284769717516323
 31
0.0
 11
-4.413409937399278
 21
-25.287698722383585
 31
0.0
 11
-4.434389995593043
 21
-25.29061522964254
 31
0.0
 11
-4.455378210901475
 21
-25.29351922538707
 31
0.0
 11
-4.476374580039785
 21
-25.29641069579264
 31
0.0
 11
-4.497379099690993
 21
-25.299289626964644
 31
0.0
 11
-4.518391766516305
 21
-25.302156004997606
 31
0.0
 11
-4.539412577160097
 21
-25.305009816003608
 31
0.0
 11
-4.560441528253835
 21
-25.307851046133422
 31
0.0
 11
-4.581478616388184
 21
-25.310679681421494
 31
0.0
 11
-4.602523838147491
 21
-25.3134957079783
 31
0.0
 11
-4.623577190094995
 21
-25.316299111907576
 31
0.0
 11
-4.644638668764814
 21
-25.319089879262897
 31
0.0
 11
-4.665708270683649
 21
-25.321867996166286
 31
0.0
 11
-4.686785992331372
 21
-25.324633448594078
 31
0.0
 11
-4.707871830204638
 21
-25.32738622272216
 31
0.0
 11
-4.728965780740125
 21
-25.33012630451026
 31
0.0
 11
-4.7500678403746575
 21
-25.33285368002771
 31
0.0
 11
-4.7711780055305155
 21
-25.33556833537255
 31
0.0
 11
-4.792296272593654
 21
-25.338270256556235
 31
0.0
 11
-4.813422637924855
 21
-25.340959429563718
 31
0.0
 11
-4.8345570978835894
 21
-25.343635840479493
 31
0.0
 11
-4.855699648797009
 21
-25.34629947532342
 31
0.0
 11
-4.8768502869608605
 21
-25.348950320056783
 31
0.0
 11
-4.898009008674598
 21
-25.35158836076538
 31
0.0
 11
-4.919175810194619
 21
-25.35421358341577
 31
0.0
 11
-4.940350687760798
 21
-25.356825973994106
 31
0.0
 11
-4.961533637600432
 21
-25.359425518525672
 31
0.0
 11
-4.982724655911059
 21
-25.36201220298672
 31
0.0
 11
-5.003923738866714
 21
-25.36458601333731
 31
0.0
 11
-5.025130882632407
 21
-25.367146935594384
 31
0.0
 11
-5.046346083345502
 21
-25.369694955737447
 31
0.0
 11
-5.067569337107924
 21
-25.372230059669807
 31
0.0
 11
-5.088800640023913
 21
-25.374752233408817
 31
0.0
 11
-5.110039988163216
 21
-25.37726146290058
 31
0.0
 11
-5.131287377580122
 21
-25.379757734115362
 31
0.0
 11
-5.152542804296498
 21
-25.38224103296393
 31
0.0
 11
-5.173806264318025
 21
-25.38471134537797
 31
0.0
 11
-5.195077753646785
 21
-25.387168657371575
 31
0.0
 11
-5.216357268228656
 21
-25.38961295478325
 31
0.0
 11
-5.237644804020479
 21
-25.392044223605257
 31
0.0
 11
-5.258940356939072
 21
-25.394462449734164
 31
0.0
 11
-5.2802439228838445
 21
-25.396867619081622
 31
0.0
 11
-5.301555497734292
 21
-25.39925971756215
 31
0.0
 11
-5.32287507735401
 21
-25.401638731111944
 31
0.0
 11
-5.3442026575682835
 21
-25.404004645582337
 31
0.0
 11
-5.365538234199433
 21
-25.40635744690838
 31
0.0
 11
-5.386881803042852
 21
-25.40869712099458
 31
0.0
 11
-5.408233359853111
 21
-25.411023653650048
 31
0.0
 11
-5.4295929003993555
 21
-25.41333703084945
 31
0.0
 11
-5.4509604204047015
 21
-25.415637238447662
 31
0.0
 11
-5.472335915568905
 21
-25.417924262286913
 31
0.0
 11
-5.49371938157961
 21
-25.420198088249485
 31
0.0
 11
-5.515110814102892
 21
-25.422458702213067
 31
0.0
 11
-5.536510208782853
 21
-25.42470609004919
 31
0.0
 11
-5.5579175612279546
 21
-25.42694023756068
 31
0.0
 11
-5.579332867048615
 21
-25.42916113065436
 31
0.0
 11
-5.60075612181928
 21
-25.431368755167018
 31
0.0
 11
-5.622187321083531
 21
-25.433563096889536
 31
0.0
 11
-5.643626460393752
 21
-25.43574414174686
 31
0.0
 11
-5.6650735352420565
 21
-25.437911875485216
 31
0.0
 11
-5.68652854112918
 21
-25.44006628398348
 31
0.0
 11
-5.707991473518595
 21
-25.44220735304658
 31
0.0
 11
-5.729462327862926
 21
-25.444335068523756
 31
0.0
 11
-5.750941099580248
 21
-25.446449416203304
 31
0.0
 11
-5.7724277840763865
 21
-25.448550381911595
 31
0.0
 11
-5.793922376727261
 21
-25.45063795143522
 31
0.0
 11
-5.815424872893882
 21
-25.45271211058715
 31
0.0
 11
-5.836935267915748
 21
-25.454772845177462
 31
0.0
 11
-5.85845355710974
 21
-25.456820141008688
 31
0.0
 11
-5.8799797357680665
 21
-25.45885398386702
 31
0.0
 11
-5.901513799149635
 21
-25.46087435948549
 31
0.0
 11
-5.92305574252419
 21
-25.46288125373444
 31
0.0
 11
-5.944605561108444
 21
-25.464874652345785
 31
0.0
 11
-5.966163250110185
 21
-25.466854541103647
 31
0.0
 11
-5.987728804706743
 21
-25.468820905751684
 31
0.0
 11
-6.009302220074249
 21
-25.470773732118197
 31
0.0
 11
-6.030883491342177
 21
-25.472713005922245
 31
0.0
 11
-6.052472613632687
 21
-25.474638712941573
 31
0.0
 11
-6.074069582035827
 21
-25.476550838907222
 31
0.0
 11
-6.0956743916316585
 21
-25.478449369597133
 31
0.0
 11
-6.117287037472136
 21
-25.480334290759757
 31
0.0
 11
-6.138907514580054
 21
-25.482205588110165
 31
0.0
 11
-6.160535817982542
 21
-25.48406324746926
 31
0.0
 11
-6.182171942645455
 21
-25.485907254491487
 31
0.0
 11
-6.203815883531327
 21
-25.487737594905862
 31
0.0
 11
-6.225467635601518
 21
-25.48955425452341
 31
0.0
 11
-6.247127193763301
 21
-25.491357219019896
 31
0.0
 11
-6.268794552910406
 21
-25.493146474103174
 31
0.0
 11
-6.290469707930744
 21
-25.494922005543664
 31
0.0
 11
-6.312152653666096
 21
-25.49668379901088
 31
0.0
 11
-6.333843384949618
 21
-25.498431840225727
 31
0.0
 11
-6.355541896606168
 21
-25.500166114961324
 31
0.0
 11
-6.377248183402801
 21
-25.501886608844057
 31
0.0
 11
-6.398962240109114
 21
-25.503593307596386
 31
0.0
 11
-6.420684061484579
 21
-25.505286196985313
 31
0.0
 11
-6.442413642221076
 21
-25.50696526259376
 31
0.0
 11
-6.464150977039891
 21
-25.50863049020675
 31
0.0
 11
-6.4858960606143885
 21
-25.510281865503693
 31
0.0
 11
-6.5076488875900695
 21
-25.51191937413897
 31
0.0
 11
-6.529409452604201
 21
-25.51354300181893
 31
0.0
 11
-6.5511777502687965
 21
-25.515152734234835
 31
0.0
 11
-6.572953775162974
 21
-25.516748557033566
 31
0.0
 11
-6.594737521857008
 21
-25.51833045591118
 31
0.0
 11
-6.616528984899065
 21
-25.519898416561343
 31
0.0
 11
-6.638328158801028
 21
-25.521452424620502
 31
0.0
 11
-6.6601350380673905
 21
-25.522992465779907
 31
0.0
 11
-6.681949617169236
 21
-25.52451852568523
 31
0.0
 11
-6.703771890563311
 21
-25.52603059000977
 31
0.0
 11
-6.725601852680696
 21
-25.527528644411436
 31
0.0
 11
-6.747439497928972
 21
-25.529012674540756
 31
0.0
 11
-6.769284820701546
 21
-25.530482666076626
 31
0.0
 11
-6.79113781535558
 21
-25.531938604642612
 31
0.0
 11
-6.812998476231353
 21
-25.533380475880584
 31
0.0
 11
-6.834866797656259
 21
-25.53480826546529
 31
0.0
 11
-6.856742773923229
 21
-25.536221959023553
 31
0.0
 11
-6.878626399305968
 21
-25.537621542191715
 31
0.0
 11
-6.900517668057326
 21
-25.539007000609246
 31
0.0
 11
-6.922416574418713
 21
-25.54037831995375
 31
0.0
 11
-6.9443231125816505
 21
-25.541735485798867
 31
0.0
 11
-6.966237276737565
 21
-25.543078483798347
 31
0.0
 11
-6.9881590610476065
 21
-25.54440729957485
 31
0.0
 11
-7.010088459652612
 21
-25.545721918756396
 31
0.0
 11
-7.032025466679472
 21
-25.54702232699981
 31
0.0
 11
-7.053970076214708
 21
-25.548308509894248
 31
0.0
 11
-7.0759222823237895
 21
-25.54958045303235
 31
0.0
 11
-7.097882079080002
 21
-25.550838142113985
 31
0.0
 11
-7.11984946048962
 21
-25.552081562676047
 31
0.0
 11
-7.141824420564494
 21
-25.553310700354803
 31
0.0
 11
-7.163806953292929
 21
-25.55452554078047
 31
0.0
 11
-7.1857970526259605
 21
-25.55572606952864
 31
0.0
 11
-7.2077947125149855
 21
-25.556912272254344
 31
0.0
 11
-7.229799926860931
 21
-25.558084134511468
 31
0.0
 11
-7.251812689565578
 21
-25.5592416419351
 31
0.0
 11
-7.273832994493677
 21
-25.560384780107054
 31
0.0
 11
-7.295860835503313
 21
-25.561513534663415
 31
0.0
 11
-7.3178962064018735
 21
-25.562627891139627
 31
0.0
 11
-7.33993910100464
 21
-25.56372783517642
 31
0.0
 11
-7.36198951309541
 21
-25.564813352381165
 31
0.0
 11
-7.384047436414558
 21
-25.565884428287454
 31
0.0
 11
-7.406112864714881
 21
-25.566941048548813
 31
0.0
 11
-7.428185791697438
 21
-25.56798319871609
 31
0.0
 11
-7.450266211045785
 21
-25.569010864356606
 31
0.0
 11
-7.472354116441177
 21
-25.57002403110593
 31
0.0
 11
-7.494449501532593
 21
-25.57102268456473
 31
0.0
 11
-7.516552359916511
 21
-25.572006810230288
 31
0.0
 11
-7.538662685201355
 21
-25.572976393716957
 31
0.0
 11
-7.560780470980239
 21
-25.573931420662152
 31
0.0
 11
-7.582905710783591
 21
-25.574871876566196
 31
0.0
 11
-7.605038398155399
 21
-25.575797747051002
 31
0.0
 11
-7.6271785266017975
 21
-25.576709017685666
 31
0.0
 11
-7.649326089593819
 21
-25.577605673996718
 31
0.0
 11
-7.671481080615158
 21
-25.578487701627953
 31
0.0
 11
-7.693643493100363
 21
-25.57935508613312
 31
0.0
 11
-7.715813320453278
 21
-25.580207813038726
 31
0.0
 11
-7.737990556075799
 21
-25.581045867939256
 31
0.0
 11
-7.760175193350914
 21
-25.581869236440472
 31
0.0
 11
-7.782367225602765
 21
-25.58267790402794
 31
0.0
 11
-7.8045666461760455
 21
-25.583471856329165
 31
0.0
 11
-7.826773448375249
 21
-25.584251078912903
 31
0.0
 11
-7.848987625463086
 21
-25.58501555728493
 31
0.0
 11
-7.871209170712977
 21
-25.58576527705969
 31
0.0
 11
-7.893438077353079
 21
-25.586500223777165
 31
0.0
 11
-7.915674338594881
 21
-25.587220382996698
 31
0.0
 11
-7.937917947634861
 21
-25.587925740301774
 31
0.0
 11
-7.960168897632049
 21
-25.588616281227917
 31
0.0
 11
-7.982427181722859
 21
-25.589291991310795
 31
0.0
 11
-8.004692793038807
 21
-25.58995285614281
 31
0.0
 11
-8.02696572467815
 21
-25.590598861282214
 31
0.0
 11
-8.049245969711805
 21
-25.59122999227215
 31
0.0
 11
-8.071533521185474
 21
-25.591846234647907
 31
0.0
 11
-8.093828372135535
 21
-25.592447573987105
 31
0.0
 11
-8.11613051556718
 21
-25.593033995840432
 31
0.0
 11
-8.138439944462258
 21
-25.593605485756523
 31
0.0
 11
-8.16075665178394
 21
-25.59416202929679
 31
0.0
 11
-8.183080630466852
 21
-25.594703612004487
 31
0.0
 11
-8.205411873422625
 21
-25.595230219422074
 31
0.0
 11
-8.227750373548385
 21
-25.595741837118037
 31
0.0
 11
-8.250096123706022
 21
-25.596238450622035
 31
0.0
 11
-8.27244911674827
 21
-25.59672004550613
 31
0.0
 11
-8.294809345494174
 21
-25.597186607308828
 31
0.0
 11
-8.31717680273989
 21
-25.597638121568462
 31
0.0
 11
-8.339551481269094
 21
-25.598074573855556
 31
0.0
 11
-8.361933373832034
 21
-25.598495949708006
 31
0.0
 11
-8.384322473158216
 21
-25.59890223467053
 31
0.0
 11
-8.40671877195625
 21
-25.59929341429407
 31
0.0
 11
-8.429122262916028
 21
-25.599669474142335
 31
0.0
 11
-8.451532938686002
 21
-25.60003039972292
 31
0.0
 11
-8.473950791920915
 21
-25.600376176632263
 31
0.0
 11
-8.496375815228534
 21
-25.600706790394124
 31
0.0
 11
-8.518808001195916
 21
-25.60102222653932
 31
0.0
 11
-8.541247342404313
 21
-25.601322470650615
 31
0.0
 11
-8.563693831395216
 21
-25.601607508260443
 31
0.0
 11
-8.586147460687158
 21
-25.601877324901647
 31
0.0
 11
-8.608608222792858
 21
-25.60213190615875
 31
0.0
 11
-8.631076110178729
 21
-25.602371237546933
 31
0.0
 11
-8.65355111529882
 21
-25.602595304613725
 31
0.0
 11
-8.676033230597115
 21
-25.60280409294511
 31
0.0
 11
-8.69852244846715
 21
-25.60299758804649
 31
0.0
 11
-8.721018761300261
 21
-25.603175775485283
 31
0.0
 11
-8.7435221614564
 21
-25.603338640804747
 31
0.0
 11
-8.76603264128569
 21
-25.603486169587306
 31
0.0
 11
-8.788550193095118
 21
-25.603618347357056
 31
0.0
 11
-8.81107480916931
 21
-25.603735159641065
 31
0.0
 11
-8.833606481786571
 21
-25.603836592015597
 31
0.0
 11
-8.856145203203306
 21
-25.603922630060858
 31
0.0
 11
-8.87869096562103
 21
-25.603993259265646
 31
0.0
 11
-8.901243761259162
 21
-25.604048465237902
 31
0.0
 11
-8.923803582294115
 21
-25.604088233528785
 31
0.0
 11
-8.946370420864305
 21
-25.604112549647404
 31
0.0
 11
-8.968944269110956
 21
-25.604121399178247
 31
0.0
 11
-8.991525119142471
 21
-25.60411476767865
 31
0.0
 11
-9.014112963049833
 21
-25.604092640722868
 31
0.0
 11
-9.036707792877575
 21
-25.604055003819926
 31
0.0
 11
-9.059309600669089
 21
-25.604001842542306
 31
0.0
 11
-9.081918378458916
 21
-25.603933142503603
 31
0.0
 11
-9.10453411821324
 21
-25.603848889190665
 31
0.0
 11
-9.1271568119193
 21
-25.60374906821616
 31
0.0
 11
-9.149786451512686
 21
-25.603633665113502
 31
0.0
 11
-9.172423028911053
 21
-25.60350266543205
 31
0.0
 11
-9.19506653602879
 21
-25.603356054777876
 31
0.0
 11
-9.217716964731922
 21
-25.603193818687714
 31
0.0
 11
-9.24037430687538
 21
-25.603015942733354
 31
0.0
 11
-9.263038554290393
 21
-25.6028224124862
 31
0.0
 11
-9.285709698777474
 21
-25.602613213498184
 31
0.0
 11
-9.308387732122455
 21
-25.602388331346102
 31
0.0
 11
-9.331072646099903
 21
-25.60214775164064
 31
0.0
 11
-9.353764432417796
 21
-25.601891459874803
 31
0.0
 11
-9.37646308282036
 21
-25.60161944170603
 31
0.0
 11
-9.399168588973536
 21
-25.601331682642382
 31
0.0
 11
-9.421880942552553
 21
-25.60102816828231
 31
0.0
 11
-9.4446001352069
 21
-25.600708884218772
 31
0.0
 11
-9.467326158553274
 21
-25.6003738160202
 31
0.0
 11
-9.490059004182852
 21
-25.60002294925047
 31
0.0
 11
-9.512798663683395
 21
-25.59965626952866
 31
0.0
 11
-9.53554512859195
 21
-25.599273762401218
 31
0.0
 11
-9.558298390432334
 21
-25.598875413443523
 31
0.0
 11
-9.58105844074093
 21
-25.598461208328448
 31
0.0
 11
-9.603825270952354
 21
-25.598031132520408
 31
0.0
 11
-9.626598872555913
 21
-25.59758517169415
 31
0.0
 11
-9.64937923698866
 21
-25.597123311448367
 31
0.0
 11
-9.672166355631038
 21
-25.59664553729545
 31
0.0
 11
-9.694960219894858
 21
-25.596151834894506
 31
0.0
 11
-9.717760821153258
 21
-25.595642189865497
 31
0.0
 11
-9.740568150716712
 21
-25.595116587726597
 31
0.0
 11
-9.763382199928763
 21
-25.594575014146415
 31
0.0
 11
-9.786202960081347
 21
-25.594017454720856
 31
0.0
 11
-9.80903042241827
 21
-25.593443894983107
 31
0.0
 11
-9.83186457822709
 21
-25.592854320643735
 31
0.0
 11
-9.854705418722093
 21
-25.59224871728447
 31
0.0
 11
-9.877552935072412
 21
-25.591627070433
 31
0.0
 11
-9.900407118489529
 21
-25.59098936578963
 31
0.0
 11
-9.923267960131012
 21
-25.59033558897706
 31
0.0
 11
-9.946135451104483
 21
-25.589665725551757
 31
0.0
 11
-9.96900958252386
 21
-25.588979761148938
 31
0.0
 11
-9.991890345485473
 21
-25.58827768142079
 31
0.0
 11
-10.01477773104644
 21
-25.587559471980843
 31
0.0
 11
-10.037671730239751
 21
-25.586825118443162
 31
0.0
 11
-10.060572334083359
 21
-25.586074606445425
 31
0.0
 11
-10.08347953356748
 21
-25.585307921616483
 31
0.0
 11
-10.106393319657602
 21
-25.584525049584173
 31
0.0
 11
-10.129313683296054
 21
-25.583725975979362
 31
0.0
 11
-10.152240615414643
 21
-25.582910686467894
 31
0.0
 11
-10.17517410690754
 21
-25.58207916668192
 31
0.0
 11
-10.198114148642883
 21
-25.581231402249642
 31
0.0
 11
-10.221060731467139
 21
-25.5803673788063
 31
0.0
 11
-10.24401384622749
 21
-25.57948708204992
 31
0.0
 11
-10.266973483714333
 21
-25.57859049759767
 31
0.0
 11
-10.28993963470661
 21
-25.577677611099254
 31
0.0
 11
-10.31291228997338
 21
-25.576748408240753
 31
0.0
 11
-10.335891440233997
 21
-25.575802874645657
 31
0.0
 11
-10.358877076203878
 21
-25.5748409959885
 31
0.0
 11
-10.381869188576127
 21
-25.573862757949357
 31
0.0
 11
-10.404867768011906
 21
-25.572868146189972
 31
0.0
 11
-10.427872805156971
 21
-25.571857146394716
 31
0.0
 11
-10.4508842906102
 21
-25.570829744193293
 31
0.0
 11
-10.473902214984795
 21
-25.56978592531099
 31
0.0
 11
-10.496926568846998
 21
-25.568725675418232
 31
0.0
 11
-10.519957342735784
 21
-25.56764898017923
 31
0.0
 11
-10.542994527182262
 21
-25.566555825299208
 31
0.0
 11
-10.566038112676779
 21
-25.56544619644426
 31
0.0
 11
-10.589088089714634
 21
-25.56432007935248
 31
0.0
 11
-10.612144448722855
 21
-25.56317745965657
 31
0.0
 11
-10.63520718015604
 21
-25.562018323115666
 31
0.0
 11
-10.658276274417313
 21
-25.560842655424374
 31
0.0
 11
-10.681351721873368
 21
-25.559650442249442
 31
0.0
 11
-10.704433512885203
 21
-25.558441669303757
 31
0.0
 11
-10.727521637812629
 21
-25.557216322356442
 31
0.0
 11
-10.750616086950457
 21
-25.555974387080745
 31
0.0
 11
-10.773716850584341
 21
-25.554715849187552
 31
0.0
 11
-10.796823918989572
 21
-25.553440694422285
 31
0.0
 11
-10.819937282405908
 21
-25.552148908505057
 31
0.0
 11
-10.843056931048993
 21
-25.550840477157983
 31
0.0
 11
-10.866182855115156
 21
-25.54951538611658
 31
0.0
 11
-10.88931504479033
 21
-25.54817362115045
 31
0.0
 11
-10.91245349020726
 21
-25.54681516796305
 31
0.0
 11
-10.935598181489071
 21
-25.54544001229401
 31
0.0
 11
-10.95874910875215
 21
-25.544048139925735
 31
0.0
 11
-10.981906262064049
 21
-25.54263953658506
 31
0.0
 11
-11.005069631477358
 21
-25.541214188022398
 31
0.0
 11
-11.028239207041832
 21
-25.5397720800399
 31
0.0
 11
-11.0514149787486
 21
-25.538313198361788
 31
0.0
 11
-11.074596936582033
 21
-25.536837528755107
 31
0.0
 11
-11.097785070513838
 21
-25.53534505701562
 31
0.0
 11
-11.12097937047528
 21
-25.53383576890382
 31
0.0
 11
-11.144179826380718
 21
-25.53230965019931
 31
0.0
 11
-11.16738642812802
 21
-25.530766686701657
 31
0.0
 11
-11.190599165570621
 21
-25.52920686416653
 31
0.0
 11
-11.213818028561786
 21
-25.52763016840689
 31
0.0
 11
-11.237043006929193
 21
-25.526036585234902
 31
0.0
 11
-11.26027409046517
 21
-25.524426100439783
 31
0.0
 11
-11.283511268923567
 21
-25.522798699781003
 31
0.0
 11
-11.306754532082554
 21
-25.521154369130596
 31
0.0
 11
-11.330003869658603
 21
-25.519493094278086
 31
0.0
 11
-11.35325927135549
 21
-25.517814861041842
 31
0.0
 11
-11.37652072684865
 21
-25.516119655233457
 31
0.0
 11
-11.399788225801677
 21
-25.514407462695097
 31
0.0
 11
-11.423061757843188
 21
-25.51267826924748
 31
0.0
 11
-11.446341312588153
 21
-25.510932060737684
 31
0.0
 11
-11.469626879617048
 21
-25.50916882299264
 31
0.0
 11
-11.49291844848294
 21
-25.50738854183514
 31
0.0
 11
-11.516216008755965
 21
-25.50559120318251
 31
0.0
 11
-11.539519549920787
 21
-25.503776792818954
 31
0.0
 11
-11.56282906148428
 21
-25.501945296634677
 31
0.0
 11
-11.586144532908317
 21
-25.500096700476867
 31
0.0
 11
-11.609465953646742
 21
-25.49823099023133
 31
0.0
 11
-11.632793313120594
 21
-25.496348151768107
 31
0.0
 11
-11.65612660072458
 21
-25.494448170955593
 31
0.0
 11
-11.679465805839792
 21
-25.492531033688635
 31
0.0
 11
-11.702810917804351
 21
-25.490596725824307
 31
0.0
 11
-11.726161925961694
 21
-25.488645233287293
 31
0.0
 11
-11.749518819609168
 21
-25.486676541957824
 31
0.0
 11
-11.772881588029465
 21
-25.484690637740286
 31
0.0
 11
-11.796250220483305
 21
-25.482687506547197
 31
0.0
 11
-11.819624706193293
 21
-25.48066713426445
 31
0.0
 11
-11.843005034390545
 21
-25.478629506851917
 31
0.0
 11
-11.866391194257071
 21
-25.47657461021926
 31
0.0
 11
-11.88978317494
 21
-25.474502430256653
 31
0.0
 11
-11.913180965595707
 21
-25.472412952929847
 31
0.0
 11
-11.93658455535295
 21
-25.470306164200494
 31
0.0
 11
-11.95999393327316
 21
-25.46818204994187
 31
0.0
 11
-11.983409088446917
 21
-25.466040596144843
 31
0.0
 11
-12.006830009933093
 21
-25.463881788787713
 31
0.0
 11
-12.030256686722943
 21
-25.46170561376041
 31
0.0
 11
-12.053689107857732
 21
-25.459512057113923
 31
0.0
 11
-12.077127262279742
 21
-25.457301104744793
 31
0.0
 11
-12.100571138954258
 21
-25.455072742653126
 31
0.0
 11
-12.12402072681279
 21
-25.45282695682279
 31
0.0
 11
-12.147476014772577
 21
-25.450563733262133
 31
0.0
 11
-12.170936991689874
 21
-25.448283057906554
 31
0.0
 11
-12.19440364644174
 21
-25.445984916789687
 31
0.0
 11
-12.217875967873244
 21
-25.443669295932665
 31
0.0
 11
-12.241353944771207
 21
-25.44133618128981
 31
0.0
 11
-12.264837565963404
 21
-25.43898555895507
 31
0.0
 11
-12.288326820175497
 21
-25.436617414864614
 31
0.0
 11
-12.311821696172785
 21
-25.43423173509129
 31
0.0
 11
-12.335322182670593
 21
-25.431828505658686
 31
0.0
 11
-12.358828268364586
 21
-25.429407712603954
 31
0.0
 11
-12.382339941925665
 21
-25.426969341967375
 31
0.0
 11
-12.405857192006915
 21
-25.42451337980663
 31
0.0
 11
-12.429380007219631
 21
-25.422039812147695
 31
0.0
 11
-12.452908376193275
 21
-25.419548625107584
 31
0.0
 11
-12.476442287492066
 21
-25.417039804723757
 31
0.0
 11
-12.499981729652726
 21
-25.41451333703147
 31
0.0
 11
-12.523526691236212
 21
-25.411969208169218
 31
0.0
 11
-12.547077160742422
 21
-25.409407404204682
 31
0.0
 11
-12.570633126648792
 21
-25.406827911213913
 31
0.0
 11
-12.594194577428464
 21
-25.40423071531771
 31
0.0
 11
-12.617761501515442
 21
-25.401615802611218
 31
0.0
 11
-12.641333887309491
 21
-25.398983159174144
 31
0.0
 11
-12.664911723232686
 21
-25.396332771184344
 31
0.0
 11
-12.688494997648817
 21
-25.3936646247557
 31
0.0
 11
-12.71208369886215
 21
-25.390978705936302
 31
0.0
 11
-12.735677815244106
 21
-25.388275000961873
 31
0.0
 11
-12.75927733506856
 21
-25.38555349592603
 31
0.0
 11
-12.782882246617284
 21
-25.382814176991527
 31
0.0
 11
-12.806492538146413
 21
-25.380057030322927
 31
0.0
 11
-12.830108197852855
 21
-25.37728204202035
 31
0.0
 11
-12.853729214000557
 21
-25.37448919836945
 31
0.0
 11
-12.877355574716004
 21
-25.37167848543678
 31
0.0
 11
-12.900987268184679
 21
-25.368849889458318
 31
0.0
 11
-12.924624282532871
 21
-25.366003396605986
 31
0.0
 11
-12.948266605882313
 21
-25.363138993095333
 31
0.0
 11
-12.97191422631165
 21
-25.36025666511001
 31
0.0
 11
-12.995567131877154
 21
-25.3573563988424
 31
0.0
 11
-13.019225310647169
 21
-25.35443818056084
 31
0.0
 11
-13.042888750617191
 21
-25.351501996443893
 31
0.0
 11
-13.066557439789136
 21
-25.348547832735083
 31
0.0
 11
-13.090231366137026
 21
-25.34557567567591
 31
0.0
 11
-13.113910517600827
 21
-25.342585511494057
 31
0.0
 11
-13.13759488211916
 21
-25.339577326466834
 31
0.0
 11
-13.161284447593365
 21
-25.336551106851296
 31
0.0
 11
-13.184979201875013
 21
-25.33350683886099
 31
0.0
 11
-13.208679132851058
 21
-25.330444508829288
 31
0.0
 11
-13.232384228347215
 21
-25.327364103023832
 31
0.0
 11
-13.256094476156962
 21
-25.32426560770237
 31
0.0
 11
-13.279809864079073
 21
-25.321149009184598
 31
0.0
 11
-13.303530379880044
 21
-25.318014293780212
 31
0.0
 11
-13.327256011267217
 21
-25.314861447737975
 31
0.0
 11
-13.350986746000618
 21
-25.31169045745847
 31
0.0
 11
-13.37472257174842
 21
-25.308501309219196
 31
0.0
 11
-13.398463476172417
 21
-25.305293989337404
 31
0.0
 11
-13.422209446932204
 21
-25.302068484177497
 31
0.0
 11
-13.445960471655873
 21
-25.298824780095696
 31
0.0
 11
-13.469716537918945
 21
-25.295562863400594
 31
0.0
 11
-13.49347763330909
 21
-25.29228272047502
 31
0.0
 11
-13.517243745402125
 21
-25.28898433773053
 31
0.0
 11
-13.54101486168534
 21
-25.285667701464078
 31
0.0
 11
-13.564790969689128
 21
-25.282332798104477
 31
0.0
 11
-13.588572056911831
 21
-25.278979614071595
 31
0.0
 11
-13.612358110766614
 21
-25.27560813567759
 31
0.0
 11
-13.636149118734163
 21
-25.272218349411396
 31
0.0
 11
-13.659945068222624
 21
-25.268810241677794
 31
0.0
 11
-13.683745946583333
 21
-25.265383798827443
 31
0.0
 11
-13.707551741234276
 21
-25.261939007385024
 31
0.0
 11
-13.73136243949737
 21
-25.258475853748372
 31
0.0
 11
-13.755178028674704
 21
-25.25499432432974
 31
0.0
 11
-13.778998496088736
 21
-25.25149440562943
 31
0.0
 11
-13.802823829023442
 21
-25.24797608412751
 31
0.0
 11
-13.826654014681381
 21
-25.24443934620547
 31
0.0
 11
-13.850489040335361
 21
-25.240884178423975
 31
0.0
 11
-13.874328893192706
 21
-25.23731056727411
 31
0.0
 11
-13.898173560403075
 21
-25.23371849919247
 31
0.0
 11
-13.9220230291365
 21
-25.23010796070316
 31
0.0
 11
-13.94587728652913
 21
-25.226478938318937
 31
0.0
 11
-13.969736319709284
 21
-25.222831418588456
 31
0.0
 11
-13.99360011574765
 21
-25.219165388006285
 31
0.0
 11
-14.017468661705932
 21
-25.21548083310102
 31
0.0
 11
-14.04134194465368
 21
-25.211777740465347
 31
0.0
 11
-14.06521995157847
 21
-25.208056096594447
 31
0.0
 11
-14.08910266949557
 21
-25.204315888083293
 31
0.0
 11
-14.112990085366917
 21
-25.200557101481113
 31
0.0
 11
-14.136882186153432
 21
-25.19677972338516
 31
0.0
 11
-14.160778958782958
 21
-25.192983740383326
 31
0.0
 11
-14.184680390148612
 21
-25.189169139051412
 31
0.0
 11
-14.208586467150642
 21
-25.18533590602763
 31
0.0
 11
-14.23249717660439
 21
-25.181484027849
 31
0.0
 11
-14.256412505396494
 21
-25.177613491228673
 31
0.0
 11
-14.280332440318706
 21
-25.173724282761036
 31
0.0
 11
-14.304256968155784
 21
-25.169816389077955
 31
0.0
 11
-14.328186075660515
 21
-25.16588979680427
 31
0.0
 11
-14.352119749601032
 21
-25.161944492641314
 31
0.0
 11
-14.376057976680608
 21
-25.15798046322566
 31
0.0
 11
-14.400000743594326
 21
-25.153997695228952
 31
0.0
 11
-14.423948037051275
 21
-25.14999617539634
 31
0.0
 11
-14.447899843642139
 21
-25.145975890315466
 31
0.0
 11
-14.471856150035272
 21
-25.14193682675874
 31
0.0
 11
-14.495816942828707
 21
-25.13787897142488
 31
0.0
 11
-14.51978220859119
 21
-25.133802311011042
 31
0.0
 11
-14.543751933897966
 21
-25.129706832274515
 31
0.0
 11
-14.567726105270165
 21
-25.125592521927853
 31
0.0
 11
-14.591704709225477
 21
-25.12145936672661
 31
0.0
 11
-14.615687732263144
 21
-25.117307353443262
 31
0.0
 11
-14.639675160840824
 21
-25.11313646882745
 31
0.0
 11
-14.663666981387403
 21
-25.10894669962835
 31
0.0
 11
-14.687663180349222
 21
-25.10473803267354
 31
0.0
 11
-14.711663744115489
 21
-25.100510454741467
 31
0.0
 11
-14.735668659052495
 21
-25.09626395262
 31
0.0
 11
-14.759677911521269
 21
-25.09199851313661
 31
0.0
 11
-14.783691487838643
 21
-25.087714123092006
 31
0.0
 11
-14.807709374335436
 21
-25.083410769359038
 31
0.0
 11
-14.831731557265938
 21
-25.07908843872912
 31
0.0
 11
-14.85575802290518
 21
-25.07474711807722
 31
0.0
 11
-14.879788757490195
 21
-25.070386794262365
 31
0.0
 11
-14.90382374723783
 21
-25.066007454157578
 31
0.0
 11
-14.927862978329983
 21
-25.06160908462547
 31
0.0
 11
-14.951906436937696
 21
-25.057191672558393
 31
0.0
 11
-14.975954109209116
 21
-25.05275520485852
 31
0.0
 11
-15.000005981264115
 21
-25.048299668428637
 31
0.0
 11
-15.024062039219922
 21
-25.043825050215048
 31
0.0
 11
-15.04812226913566
 21
-25.039331337115033
 31
0.0
 11
-15.072186657053908
 21
-25.034818516046403
 31
0.0
 11
-15.09625518903787
 21
-25.030286574009043
 31
0.0
 11
-15.120327851081997
 21
-25.025735497936378
 31
0.0
 11
-15.14440462914974
 21
-25.021165274758495
 31
0.0
 11
-15.168485509250445
 21
-25.016575891528994
 31
0.0
 11
-15.192570477287184
 21
-25.011967335173562
 31
0.0
 11
-15.216659519193582
 21
-25.00733959271607
 31
0.0
 11
-15.240752620854147
 21
-25.002692651147083
 31
0.0
 11
-15.26484976815138
 21
-24.998026497501435
 31
0.0
 11
-15.288950946929127
 21
-24.993341118798117
 31
0.0
 11
-15.313056143015277
 21
-24.988636502077338
 31
0.0
 11
-15.337165342210985
 21
-24.98391263438322
 31
0.0
 11
-15.361278530306086
 21
-24.979169502788576
 31
0.0
 11
-15.385395693043243
 21
-24.974407094336943
 31
0.0
 11
-15.409516816160481
 21
-24.969625396111585
 31
0.0
 11
-15.433641885395893
 21
-24.964824395242992
 31
0.0
 11
-15.457770886414078
 21
-24.960004078789783
 31
0.0
 11
-15.481903804881593
 21
-24.955164433861057
 31
0.0
 11
-15.506040626469982
 21
-24.95030544762096
 31
0.0
 11
-15.530181336763524
 21
-24.94542710714006
 31
0.0
 11
-15.554325921366498
 21
-24.940529399568454
 31
0.0
 11
-15.578474365908244
 21
-24.93561231214299
 31
0.0
 11
-15.602626655884695
 21
-24.93067583193373
 31
0.0
 11
-15.626782776846037
 21
-24.925719946144635
 31
0.0
 11
-15.650942714291768
 21
-24.920744641945493
 31
0.0
 11
-15.67510645374176
 21
-24.915749906585273
 31
0.0
 11
-15.699273980620621
 21
-24.910735727208063
 31
0.0
 11
-15.723445280388637
 21
-24.905702091061514
 31
0.0
 11
-15.747620338460814
 21
-24.90064898536801
 31
0.0
 11
-15.771799140229962
 21
-24.89557639736146
 31
0.0
 11
-15.79598167107793
 21
-24.89048431430507
 31
0.0
 11
-15.820167916348788
 21
-24.8853727234489
 31
0.0
 11
-15.844357861369142
 21
-24.88024161206207
 31
0.0
 11
-15.868551491440304
 21
-24.875090967420437
 31
0.0
 11
-15.892748791881607
 21
-24.86992077687441
 31
0.0
 11
-15.916949747882581
 21
-24.864731027617502
 31
0.0
 11
-15.941154344740292
 21
-24.859521707057898
 31
0.0
 11
-15.965362567672326
 21
-24.854292802525705
 31
0.0
 11
-15.989574401829225
 21
-24.849044301292793
 31
0.0
 11
-16.01378983240777
 21
-24.843776190749512
 31
0.0
 11
-16.03800884456356
 21
-24.83848845826804
 31
0.0
 11
-16.062231423403464
 21
-24.83318109119132
 31
0.0
 11
-16.08645755403858
 21
-24.827854076914907
 31
0.0
 11
-16.110687221561417
 21
-24.82250740285159
 31
0.0
 11
-16.134920411008043
 21
-24.817141056373128
 31
0.0
 11
-16.159157107421212
 21
-24.81175502490767
 31
0.0
 11
-16.183397295826676
 21
-24.806349295903
 31
0.0
 11
-16.207640961212256
 21
-24.80092385679452
 31
0.0
 11
-16.231888088532074
 21
-24.795478695011994
 31
0.0
 11
-16.256138662733843
 21
-24.79001379802119
 31
0.0
 11
-16.280392668774855
 21
-24.784529153348124
 31
0.0
 11
-16.30465009150775
 21
-24.77902474840505
 31
0.0
 11
-16.32891091585014
 21
-24.77350057074887
 31
0.0
 11
-16.35317512664261
 21
-24.76795660786497
 31
0.0
 11
-16.377442708710877
 21
-24.762392847261932
 31
0.0
 11
-16.401713646885376
 21
-24.75680927650097
 31
0.0
 11
-16.425987925938145
 21
-24.751205883100642
 31
0.0
 11
-16.450265530661227
 21
-24.74558265465501
 31
0.0
 11
-16.4745464457711
 21
-24.7399395786899
 31
0.0
 11
-16.498830656028055
 21
-24.734276642842328
 31
0.0
 11
-16.523118146083984
 21
-24.72859383463199
 31
0.0
 11
-16.547408900650613
 21
-24.722891141713713
 31
0.0
 11
-16.571702904391643
 21
-24.717168551715517
 31
0.0
 11
-16.596000141906995
 21
-24.711426052215558
 31
0.0
 11
-16.620300597836895
 21
-24.70566363089731
 31
0.0
 11
-16.64460425676059
 21
-24.699881275398642
 31
0.0
 11
-16.668911103240337
 21
-24.69407897337723
 31
0.0
 11
-16.693221121836608
 21
-24.688256712533324
 31
0.0
 11
-16.71753429706343
 21
-24.682414480543297
 31
0.0
 11
-16.741850613413146
 21
-24.67655226509661
 31
0.0
 11
-16.766170055369162
 21
-24.67067005391453
 31
0.0
 11
-16.790492607413587
 21
-24.664767834761214
 31
0.0
 11
-16.814818253946164
 21
-24.65884559532458
 31
0.0
 11
-16.83914697938397
 21
-24.652903323363024
 31
0.0
 11
-16.8634787681349
 21
-24.646941006666214
 31
0.0
 11
-16.887813604557053
 21
-24.64095863299571
 31
0.0
 11
-16.912151472989095
 21
-24.634956190129472
 31
0.0
 11
-16.936492357773957
 21
-24.628933665896355
 31
0.0
 11
-16.96083624319921
 21
-24.62289104808927
 31
0.0
 11
-16.98518311352834
 21
-24.61682832451087
 31
0.0
 11
-17.009532953062322
 21
-24.61074548306273
 31
0.0
 11
-17.033885746009975
 21
-24.60464251155734
 31
0.0
 11
-17.05824147658837
 21
-24.598519397863864
 31
0.0
 11
-17.082600128972874
 21
-24.592376129835642
 31
0.0
 11
-17.1069616873567
 21
-24.586212695396355
 31
0.0
 11
-17.13132613590122
 21
-24.58002908246791
 31
0.0
 11
-17.155693458691
 21
-24.573825278906515
 31
0.0
 11
-17.180063639834774
 21
-24.567601272647487
 31
0.0
 11
-17.204436663456466
 21
-24.561357051692024
 31
0.0
 11
-17.228812513583105
 21
-24.555092603947003
 31
0.0
 11
-17.253191174257363
 21
-24.548807917386
 31
0.0
 11
-17.27757262948925
 21
-24.54250297998027
 31
0.0
 11
-17.301956863292908
 21
-24.536177779751014
 31
0.0
 11
-17.32634385962246
 21
-24.529832304678422
 31
0.0
 11
-17.35073360242619
 21
-24.523466542778404
 31
0.0
 11
-17.375126075662145
 21
-24.51708048212483
 31
0.0
 11
-17.399521263188955
 21
-24.510674110695057
 31
0.0
 11
-17.423919148932125
 21
-24.504247416604844
 31
0.0
 11
-17.448319716749605
 21
-24.4978003879186
 31
0.0
 11
-17.472722950463062
 21
-24.49133301269373
 31
0.0
 11
-17.497128833904117
 21
-24.484845279045526
 31
0.0
 11
-17.52153735087274
 21
-24.47833717508878
 31
0.0
 11
-17.54594848514892
 21
-24.471808688953942
 31
0.0
 11
-17.5703622204669
 21
-24.465259808751597
 31
0.0
 11
-17.594778540579497
 21
-24.45869052266185
 31
0.0
 11
-17.619197429192223
 21
-24.452100818842613
 31
0.0
 11
-17.643618869976393
 21
-24.445490685448068
 31
0.0
 11
-17.668042846640567
 21
-24.43886011072757
 31
0.0
 11
-17.692469342789202
 21
-24.432209082829882
 31
0.0
 11
-17.716898342064468
 21
-24.42553758999956
 31
0.0
 11
-17.74132982807268
 21
-24.418845620475196
 31
0.0
 11
-17.765763784379217
 21
-24.41213316248231
 31
0.0
 11
-17.790200194563337
 21
-24.405400204309174
 31
0.0
 11
-17.814639042134488
 21
-24.3986467341914
 31
0.0
 11
-17.839080310646377
 21
-24.391872740468845
 31
0.0
 11
-17.863523983557535
 21
-24.385078211394276
 31
0.0
 11
-17.88797004435794
 21
-24.378263135306874
 31
0.0
 11
-17.91241847650094
 21
-24.37142750053904
 31
0.0
 11
-17.93686926340874
 21
-24.364571295424017
 31
0.0
 11
-17.96132238849783
 21
-24.35769450833049
 31
0.0
 11
-17.98577783514713
 21
-24.35079712761927
 31
0.0
 11
-18.01023558672673
 21
-24.343879141682446
 31
0.0
 11
-18.034695626561305
 21
-24.33694053889374
 31
0.0
 11
-18.059157937992417
 21
-24.329981307692776
 31
0.0
 11
-18.08362250433491
 21
-24.323001436526095
 31
0.0
 11
-18.108089308829044
 21
-24.316000913782823
 31
0.0
 11
-18.13255833475997
 21
-24.308979727955546
 31
0.0
 11
-18.15702956536859
 21
-24.30193786752024
 31
0.0
 11
-18.181502983844588
 21
-24.294875320927225
 31
0.0
 11
-18.205978573414363
 21
-24.287792076718866
 31
0.0
 11
-18.230456317206077
 21
-24.28068812334905
 31
0.0
 11
-18.254936198396923
 21
-24.273563449380124
 31
0.0
 11
-18.279418200130007
 21
-24.26641804337155
 31
0.0
 11
-18.303902305490833
 21
-24.25925189384903
 31
0.0
 11
-18.328388497560038
 21
-24.25206498937465
 31
0.0
 11
-18.352876759436185
 21
-24.244857318576834
 31
0.0
 11
-18.37736707414915
 21
-24.237628870035696
 31
0.0
 11
-18.401859424687853
 21
-24.230379632320076
 31
0.0
 11
-18.426353794088527
 21
-24.223109594103878
 31
0.0
 11
-18.450850165341
 21
-24.215818744042117
 31
0.0
 11
-18.475348521371576
 21
-24.20850707074912
 31
0.0
 11
-18.499848845137517
 21
-24.201174562922287
 31
0.0
 11
-18.524351119554318
 21
-24.1938212092467
 31
0.0
 11
-18.54885532751949
 21
-24.18644699842636
 31
0.0
 11
-18.57336145189978
 21
-24.179051919167517
 31
0.0
 11
-18.59786947553741
 21
-24.171635960186883
 31
0.0
 11
-18.622379381295648
 21
-24.164199110270825
 31
0.0
 11
-18.646891151968855
 21
-24.15674135815838
 31
0.0
 11
-18.671404770317352
 21
-24.149262692586937
 31
0.0
 11
-18.695920219171605
 21
-24.141763102426825
 31
0.0
 11
-18.72043748123272
 21
-24.13424257642322
 31
0.0
 11
-18.744956539234426
 21
-24.126701103405747
 31
0.0
 11
-18.769477375899054
 21
-24.119138672231426
 31
0.0
 11
-18.793999973874083
 21
-24.11155527170311
 31
0.0
 11
-18.818524315877195
 21
-24.103950890755872
 31
0.0
 11
-18.843050384499964
 21
-24.096325518205123
 31
0.0
 11
-18.867578162400786
 21
-24.088679142993797
 31
0.0
 11
-18.892107632157963
 21
-24.0810117540045
 31
0.0
 11
-18.916638776343017
 21
-24.073323340153106
 31
0.0
 11
-18.941171577549735
 21
-24.06561389042584
 31
0.0
 11
-18.965706018273373
 21
-24.057883393725376
 31
0.0
 11
-18.99024208107163
 21
-24.05013183907563
 31
0.0
 11
-19.01477974841321
 21
-24.04235921542941
 31
0.0
 11
-19.039319002761026
 21
-24.03456551177417
 31
0.0
 11
-19.063859826603817
 21
-24.026750717171677
 31
0.0
 11
-19.088402202364147
 21
-24.018914820641807
 31
0.0
 11
-19.1129461124236
 21
-24.011057811194757
 31
0.0
 11
-19.137491539202756
 21
-24.003179677931396
 31
0.0
 11
-19.162038465088944
 21
-23.99528040995233
 31
0.0
 11
-19.186586872392585
 21
-23.987359996303404
 31
0.0
 11
-19.211136743465243
 21
-23.979418426123686
 31
0.0
 11
-19.23568806060321
 21
-23.971455688524646
 31
0.0
 11
-19.26024080609922
 21
-23.963471772654874
 31
0.0
 11
-19.284794962232215
 21
-23.955466667687205
 31
0.0
 11
-19.309350511228253
 21
-23.947440362770255
 31
0.0
 11
-19.33390743532634
 21
-23.939392847110074
 31
0.0
 11
-19.358465716714385
 21
-23.93132410989091
 31
0.0
 11
-19.383025337609823
 21
-23.923234140374806
 31
0.0
 11
-19.40758628013805
 21
-23.915122927751423
 31
0.0
 11
-19.432148526461276
 21
-23.90699046129728
 31
0.0
 11
-19.456712058702887
 21
-23.898836730282262
 31
0.0
 11
-19.481276858954455
 21
-23.890661723978422
 31
0.0
 11
-19.50584290930092
 21
-23.882465431690925
 31
0.0
 11
-19.530410191814738
 21
-23.874247842750837
 31
0.0
 11
-19.55497868852308
 21
-23.866008946474853
 31
0.0
 11
-19.579548381424317
 21
-23.857748732185893
 31
0.0
 11
-19.604119252573806
 21
-23.84946718931726
 31
0.0
 11
-19.62869128390549
 21
-23.841164307195484
 31
0.0
 11
-19.653264457373705
 21
-23.832840075213127
 31
0.0
 11
-19.67783875493917
 21
-23.82449448281144
 31
0.0
 11
-19.702414158527056
 21
-23.81612751942948
 31
0.0
 11
-19.72699064999754
 21
-23.807739174468704
 31
0.0
 11
-19.751568211245658
 21
-23.799329437413697
 31
0.0
 11
-19.7761468241228
 21
-23.79089829773732
 31
0.0
 11
-19.800726470487348
 21
-23.782445744961603
 31
0.0
 11
-19.82530713212496
 21
-23.773971768562014
 31
0.0
 11
-19.849888790844524
 21
-23.76547635808281
 31
0.0
 11
-19.8744714284127
 21
-23.756959503058418
 31
0.0
 11
-19.89905502657982
 21
-23.74842119304453
 31
0.0
 11
-19.923639567103624
 21
-23.739861417646335
 31
0.0
 11
-19.948225031680913
 21
-23.731280166437106
 31
0.0
 11
-19.972811401991923
 21
-23.722677429011036
 31
0.0
 11
-19.99739865973648
 21
-23.714053195026406
 31
0.0
 11
-20.02198678655343
 21
-23.705407454109494
 31
0.0
 11
-20.046575764063963
 21
-23.696740195906496
 31
0.0
 11
-20.07116557389957
 21
-23.688051410116294
 31
0.0
 11
-20.09575619764941
 21
-23.679341086428245
 31
0.0
 11
-20.120347616874167
 21
-23.67060921453868
 31
0.0
 11
-20.144939813138713
 21
-23.661855784189367
 31
0.0
 11
-20.16953276797347
 21
-23.653080785121983
 31
0.0
 11
-20.194126462862794
 21
-23.644284207064633
 31
0.0
 11
-20.218720879348602
 21
-23.63546603985335
 31
0.0
 11
-20.243315998870745
 21
-23.62662627324483
 31
0.0
 11
-20.26791180287821
 21
-23.617764897047106
 31
0.0
 11
-20.292508272820008
 21
-23.608881901108443
 31
0.0
 11
-20.317105390085565
 21
-23.59997727524801
 31
0.0
 11
-20.341703136075203
 21
-23.59105100933799
 31
0.0
 11
-20.36630149218839
 21
-23.582103093289714
 31
0.0
 11
-20.39090043971921
 21
-23.573133516932593
 31
0.0
 11
-20.4154999600551
 21
-23.56414227024446
 31
0.0
 11
-20.440100034489685
 21
-23.555129343134563
 31
0.0
 11
-20.464700644289966
 21
-23.546094725521876
 31
0.0
 11
-20.489301770764442
 21
-23.537038407413217
 31
0.0
 11
-20.51390339514661
 21
-23.527960378769144
 31
0.0
 11
-20.538505498666595
 21
-23.518860629586484
 31
0.0
 11
-20.563108062545687
 21
-23.509739149891978
 31
0.0
 11
-20.587711067980802
 21
-23.500595929724405
 31
0.0
 11
-20.612314496123933
 21
-23.491430959111216
 31
0.0
 11
-20.63691832814537
 21
-23.482244228140836
 31
0.0
 11
-20.661522545192785
 21
-23.473035726915555
 31
0.0
 11
-20.68612712832684
 21
-23.463805445478915
 31
0.0
 11
-20.710732058696156
 21
-23.454553374014058
 31
0.0
 11
-20.73533731737575
 21
-23.445279502660483
 31
0.0
 11
-20.7599428853592
 21
-23.435983821505424
 31
0.0
 11
-20.784548743765054
 21
-23.426666320817144
 31
0.0
 11
-20.80915487354046
 21
-23.417326990710162
 31
0.0
 11
-20.833761255706264
 21
-23.407965821421946
 31
0.0
 11
-20.858367871248156
 21
-23.398582803190045
 31
0.0
 11
-20.88297470112195
 21
-23.389177926258068
 31
0.0
 11
-20.90758172623948
 21
-23.379751180860136
 31
0.0
 11
-20.932188927554435
 21
-23.37030255731678
 31
0.0
 11
-20.956796285932487
 21
-23.360832045889758
 31
0.0
 11
-20.981403782261697
 21
-23.351339636905507
 31
0.0
 11
-21.00601139743714
 21
-23.341825320737684
 31
0.0
 11
-21.03061911222797
 21
-23.33228908765949
 31
0.0
 11
-21.055226907514054
 21
-23.3227309281067
 31
0.0
 11
-21.0798347640745
 21
-23.313150832442645
 31
0.0
 11
-21.10444266269343
 21
-23.303548791075844
 31
0.0
 11
-21.129050584126755
 21
-23.293924794422942
 31
0.0
 11
-21.153658509116973
 21
-23.28427883292532
 31
0.0
 11
-21.178266418394266
 21
-23.27461089705012
 31
0.0
 11
-21.202874292678263
 21
-23.264920977292164
 31
0.0
 11
-21.227482112622557
 21
-23.255209064113085
 31
0.0
 11
-21.252089858901133
 21
-23.245475148036327
 31
0.0
 11
-21.276697512176735
 21
-23.2357192196122
 31
0.0
 11
-21.301305053064254
 21
-23.225941269377927
 31
0.0
 11
-21.325912462161412
 21
-23.216141287891375
 31
0.0
 11
-21.35051972006706
 21
-23.20631926575073
 31
0.0
 11
-21.375126807362413
 21
-23.196475193574237
 31
0.0
 11
-21.399733704578228
 21
-23.18660906196441
 31
0.0
 11
-21.42434039225232
 21
-23.176720861570644
 31
0.0
 11
-21.44894685090889
 21
-23.166810583066646
 31
0.0
 11
-21.473553061027015
 21
-23.156878217116386
 31
0.0
 11
-21.49815900306046
 21
-23.14692375439572
 31
0.0
 11
-21.522764657515797
 21
-23.136947185676355
 31
0.0
 11
-21.547370004789446
 21
-23.1269485016504
 31
0.0
 11
-21.571975025294936
 21
-23.116927693067524
 31
0.0
 11
-21.59657969946411
 21
-23.106884750735897
 31
0.0
 11
-21.621184007646153
 21
-23.096819665414046
 31
0.0
 11
-21.6457879302006
 21
-23.086732427910604
 31
0.0
 11
-21.67039144749861
 21
-23.076623029085418
 31
0.0
 11
-21.69499453982525
 21
-23.06649145974544
 31
0.0
 11
-21.719597187496188
 21
-23.05633771076909
 31
0.0
 11
-21.744199370799624
 21
-23.046161773044467
 31
0.0
 11
-21.768801070017307
 21
-23.035963637491403
 31
0.0
 11
-21.793402265367046
 21
-23.02574329500095
 31
0.0
 11
-21.818002937068925
 21
-23.015500736505295
 31
0.0
 11
-21.842603065370568
 21
-23.005235953004494
 31
0.0
 11
-21.867202630438356
 21
-22.99494893545148
 31
0.0
 11
-21.891801612439323
 21
-22.984639674838657
 31
0.0
 11
-21.916399991544786
 21
-22.974308162201577
 31
0.0
 11
-21.94099774788186
 21
-22.963954388567977
 31
0.0
 11
-21.965594861531756
 21
-22.953578344956227
 31
0.0
 11
-21.99019131264897
 21
-22.94318002249988
 31
0.0
 11
-22.014787081284673
 21
-22.932759412263064
 31
0.0
 11
-22.03938214748049
 21
-22.922316505338564
 31
0.0
 11
-22.063976491292504
 21
-22.91185129287279
 31
0.0
 11
-22.088570092761802
 21
-22.901363766034933
 31
0.0
 11
-22.113162931864608
 21
-22.890853915965334
 31
0.0
 11
-22.13775498859121
 21
-22.88032173385745
 31
0.0
 11
-22.162346242914424
 21
-22.869767210925033
 31
0.0
 11
-22.186936674774035
 21
-22.859190338386096
 31
0.0
 11
-22.21152626412354
 21
-22.848591107511215
 31
0.0
 11
-22.23611499083189
 21
-22.837969509522132
 31
0.0
 11
-22.2607028348288
 21
-22.827325535741597
 31
0.0
 11
-22.28528977598938
 21
-22.81665917747439
 31
0.0
 11
-22.30987579412911
 21
-22.805970426002567
 31
0.0
 11
-22.334460869139313
 21
-22.79525927272409
 31
0.0
 11
-22.359044980793737
 21
-22.784525708954916
 31
0.0
 11
-22.383628108911385
 21
-22.77376972609554
 31
0.0
 11
-22.408210233271753
 21
-22.7629913155443
 31
0.0
 11
-22.432791333653764
 21
-22.75219046873719
 31
0.0
 11
-22.457371389790865
 21
-22.741367177102003
 31
0.0
 11
-22.481950381403745
 21
-22.730521432091958
 31
0.0
 11
-22.50652828822139
 21
-22.71965322520658
 31
0.0
 11
-22.531105089908696
 21
-22.70876254791886
 31
0.0
 11
-22.555680766179915
 21
-22.69784939178953
 31
0.0
 11
-22.580255296641152
 21
-22.686913748308424
 31
0.0
 11
-22.60482866095423
 21
-22.67595560905954
 31
0.0
 11
-22.629400838752257
 21
-22.664974965635896
 31
0.0
 11
-22.65397180959807
 21
-22.65397180959805
 31
0.0
 11
-22.67854155312336
 21
-22.642946132613513
 31
0.0
 11
-22.703110048845197
 21
-22.63189792627302
 31
0.0
 11
-22.727677276321447
 21
-22.620827182246096
 31
0.0
 11
-22.752243215126924
 21
-22.609733892256862
 31
0.0
 11
-22.776807844706482
 21
-22.59861804793803
 31
0.0
 11
-22.801371144597297
 21
-22.58747964105194
 31
0.0
 11
-22.825933094249823
 21
-22.57631866331265
 31
0.0
 11
-22.850493673128835
 21
-22.56513510648633
 31
0.0
 11
-22.875052860690353
 21
-22.55392896236805
 31
0.0
 11
-22.89961063632292
 21
-22.5427002227242
 31
0.0
 11
-22.924166979456885
 21
-22.531448879400006
 31
0.0
 11
-22.94872186946792
 21
-22.52017492422463
 31
0.0
 11
-22.973275285714884
 21
-22.50887834904841
 31
0.0
 11
-22.99782720757246
 21
-22.497559145774837
 31
0.0
 11
-23.022377614346677
 21
-22.486217306277794
 31
0.0
 11
-23.046926485369372
 21
-22.474852822494057
 31
0.0
 11
-23.071473799937564
 21
-22.46346568636395
 31
0.0
 11
-23.096019537291006
 21
-22.45205588980964
 31
0.0
 11
-23.120563676761776
 21
-22.44062342488072
 31
0.0
 11
-23.14510619754757
 21
-22.42916828353347
 31
0.0
 11
-23.169647078880892
 21
-22.417690457795757
 31
0.0
 11
-23.19418629996842
 21
-22.406189939707794
 31
0.0
 11
-23.2187238400054
 21
-22.394666721336257
 31
0.0
 11
-23.243259678172677
 21
-22.383120794771305
 31
0.0
 11
-23.267793793615542
 21
-22.371552152106247
 31
0.0
 11
-23.29232616548727
 21
-22.359960785479498
 31
0.0
 11
-23.31685677288344
 21
-22.348346687011404
 31
0.0
 11
-23.341385594930586
 21
-22.33670984888941
 31
0.0
 11
-23.36591261071384
 21
-22.32505026329859
 31
0.0
 11
-23.39043779928593
 21
-22.31336792243036
 31
0.0
 11
-23.41496113972018
 21
-22.301662818533103
 31
0.0
 11
-23.439482611024154
 21
-22.289934943829778
 31
0.0
 11
-23.46400219223436
 21
-22.27818429060818
 31
0.0
 11
-23.488519862363194
 21
-22.26641085117039
 31
0.0
 11
-23.513035600345805
 21
-22.254614617782348
 31
0.0
 11
-23.537549385212927
 21
-22.242795582837893
 31
0.0
 11
-23.562061195851083
 21
-22.230953738631406
 31
0.0
 11
-23.586571011216588
 21
-22.21908907756063
 31
0.0
 11
-23.611078810247708
 21
-22.207201592043095
 31
0.0
 11
-23.635584571782637
 21
-22.195291274439455
 31
0.0
 11
-23.66008827475246
 21
-22.18335811723475
 31
0.0
 11
-23.684589898003612
 21
-22.171402112871505
 31
0.0
 11
-23.70908942036922
 21
-22.159423253816936
 31
0.0
 11
-23.733586820696168
 21
-22.147421532588126
 31
0.0
 11
-23.758082077775622
 21
-22.135396941687127
 31
0.0
 11
-23.7825751704172
 21
-22.123349473670185
 31
0.0
 11
-23.807066077377016
 21
-22.11127912108074
 31
0.0
 11
-23.831554777459075
 21
-22.099185876543622
 31
0.0
 11
-23.856041249362683
 21
-22.08706973262337
 31
0.0
 11
-23.880525471811197
 21
-22.074930681943886
 31
0.0
 11
-23.90500742356827
 21
-22.062768717203102
 31
0.0
 11
-23.92948708324406
 21
-22.050583830994036
 31
0.0
 11
-23.95396442958831
 21
-22.038376016075414
 31
0.0
 11
-23.978439441244806
 21
-22.026145265144958
 31
0.0
 11
-24.002912096795146
 21
-22.013891570880286
 31
0.0
 11
-24.02738237494326
 21
-22.001614926107994
 31
0.0
 11
-24.05185025426432
 21
-21.989315323573372
 31
0.0
 11
-24.076315713314578
 21
-21.97699275604126
 31
0.0
 11
-24.10077873075469
 21
-21.964647216408558
 31
0.0
 11
-24.1252392850793
 21
-21.95227869745729
 31
0.0
 11
-24.14969735479883
 21
-21.939887192020812
 31
0.0
 11
-24.17415291853686
 21
-21.927472693071945
 31
0.0
 11
-24.19860595472829
 21
-21.915035193448638
 31
0.0
 11
-24.223056441859203
 21
-21.902574686072235
 31
0.0
 11
-24.247504358478576
 21
-21.890091163957308
 31
0.0
 11
-24.271949682957054
 21
-21.877584619993954
 31
0.0
 11
-24.296392393791088
 21
-21.86505504722245
 31
0.0
 11
-24.320832469389806
 21
-21.85250243864084
 31
0.0
 11
-24.345269888151844
 21
-21.839926787274326
 31
0.0
 11
-24.369704628506817
 21
-21.827328086212407
 31
0.0
 11
-24.394136668784117
 21
-21.81470632849119
 31
0.0
 11
-24.41856598738318
 21
-21.802061507246027
 31
0.0
 11
-24.442992562604562
 21
-21.789393615560304
 31
0.0
 11
-24.467416372818644
 21
-21.77670264661624
 31
0.0
 11
-24.491837396342586
 21
-21.76398859358485
 31
0.0
 11
-24.51625561140369
 21
-21.75125144959376
 31
0.0
 11
-24.540670996342264
 21
-21.73849120790742
 31
0.0
 11
-24.5650835294207
 21
-21.725707861757343
 31
0.0
 11
-24.589493188845534
 21
-21.712901404362015
 31
0.0
 11
-24.613899952870085
 21
-21.700071829017674
 31
0.0
 11
-24.638303799721324
 21
-21.687219129033544
 31
0.0
 11
-24.662704707566032
 21
-21.674343297702023
 31
0.0
 11
-24.687102654605916
 21
-21.661444328382675
 31
0.0
 11
-24.711497619024325
 21
-21.64852221445494
 31
0.0
 11
-24.735889578924187
 21
-21.635576949264138
 31
0.0
 11
-24.76027851247173
 21
-21.622608526247216
 31
0.0
 11
-24.78466439776723
 21
-21.609616938819606
 31
0.0
 11
-24.80904721292517
 21
-21.596602180445338
 31
0.0
 11
-24.833426936041246
 21
-21.583564244608162
 31
0.0
 11
-24.857803545153644
 21
-21.570503124777936
 31
0.0
 11
-24.88217701834104
 21
-21.557418814495865
 31
0.0
 11
-24.906547333640365
 21
-21.544311307302987
 31
0.0
 11
-24.930914469052045
 21
-21.531180596744825
 31
0.0
 11
-24.955278402601284
 21
-21.51802667642442
 31
0.0
 11
-24.97963911229159
 21
-21.504849539962027
 31
0.0
 11
-25.003996576048436
 21
-21.49164918094675
 31
0.0
 11
-25.02835077187794
 21
-21.47842559307312
 31
0.0
 11
-25.05270167771923
 21
-21.465178770013978
 31
0.0
 11
-25.077049271468272
 21
-21.451908705441163
 31
0.0
 11
-25.101393531053542
 21
-21.438615393090444
 31
0.0
 11
-25.12573443440345
 21
-21.425298826733197
 31
0.0
 11
-25.150071959343787
 21
-21.411959000089276
 31
0.0
 11
-25.17440608376698
 21
-21.398595906971245
 31
0.0
 11
-25.198736785535235
 21
-21.385209541201736
 31
0.0
 11
-25.22306404244909
 21
-21.37179989658687
 31
0.0
 11
-25.247387832356115
 21
-21.35836696700854
 31
0.0
 11
-25.27170813304418
 21
-21.344910746333888
 31
0.0
 11
-25.296024922308074
 21
-21.331431228471637
 31
0.0
 11
-25.320338177905345
 21
-21.317928407334993
 31
0.0
 11
-25.344647877619987
 21
-21.30440227689506
 31
0.0
 11
-25.3689539991664
 21
-21.290852831100256
 31
0.0
 11
-25.39325652028157
 21
-21.2772800639536
 31
0.0
 11
-25.4175554186809
 21
-21.263683969475824
 31
0.0
 11
-25.441850672052343
 21
-21.250064541700276
 31
0.0
 11
-25.466142258076577
 21
-21.236421774689934
 31
0.0
 11
-25.49043015442287
 21
-21.222755662533917
 31
0.0
 11
-25.514714338721674
 21
-21.20906619932465
 31
0.0
 11
-25.538994788632827
 21
-21.1953533792146
 31
0.0
 11
-25.563271481761856
 21
-21.181617196346757
 31
0.0
 11
-25.587544395740803
 21
-21.1678576449216
 31
0.0
 11
-25.611813508106035
 21
-21.154074719095984
 31
0.0
 11
-25.63607879645313
 21
-21.140268413111404
 31
0.0
 11
-25.660340238374875
 21
-21.12643872124244
 31
0.0
 11
-25.684597811371727
 21
-21.112585637723075
 31
0.0
 11
-25.70885149297353
 21
-21.098709156847097
 31
0.0
 11
-25.733101260733694
 21
-21.084809272963106
 31
0.0
 11
-25.757347092127855
 21
-21.07088598039119
 31
0.0
 11
-25.781588964601415
 21
-21.056939273462415
 31
0.0
 11
-25.805826855708386
 21
-21.04296914663187
 31
0.0
 11
-25.83006074280808
 21
-21.0289755942312
 31
0.0
 11
-25.854290603403825
 21
-21.014958610744884
 31
0.0
 11
-25.878516414919275
 21
-21.00091819062778
 31
0.0
 11
-25.902738154727427
 21
-20.986854328329045
 31
0.0
 11
-25.926955800254305
 21
-20.972767018376228
 31
0.0
 11
-25.951169328861774
 21
-20.958656255280182
 31
0.0
 11
-25.975378717911237
 21
-20.94452203358676
 31
0.0
 11
-25.999583944764993
 21
-20.930364347877887
 31
0.0
 11
-26.02378498678623
 21
-20.91618319277125
 31
0.0
 11
-26.047981821245582
 21
-20.901978562845496
 31
0.0
 11
-26.072174425466272
 21
-20.887750452756794
 31
0.0
 11
-26.096362776770935
 21
-20.873498857195973
 31
0.0
 11
-26.120546852392767
 21
-20.859223770817454
 31
0.0
 11
-26.14472662962774
 21
-20.844925188361106
 31
0.0
 11
-26.168902085707796
 21
-20.830603104550807
 31
0.0
 11
-26.193073197878856
 21
-20.81625751415674
 31
0.0
 11
-26.217239943330934
 21
-20.801888411939778
 31
0.0
 11
-26.241402299309623
 21
-20.787495792740117
 31
0.0
 11
-26.265560243012857
 21
-20.773079651395083
 31
0.0
 11
-26.289713751550664
 21
-20.75863998270761
 31
0.0
 11
-26.313862802160465
 21
-20.744176781616464
 31
0.0
 11
-26.338007371942055
 21
-20.72969004298673
 31
0.0
 11
-26.362147438056954
 21
-20.715179761767285
 31
0.0
 11
-26.38628297760719
 21
-20.7006459328951
 31
0.0
 11
-26.410413967695398
 21
-20.686088551342802
 31
0.0
 11
-26.434540385441668
 21
-20.671507612131517
 31
0.0
 11
-26.458662207903576
 21
-20.656903110268498
 31
0.0
 11
-26.482779412123783
 21
-20.64227504078426
 31
0.0
 11
-26.50689197518162
 21
-20.627623398772986
 31
0.0
 11
-26.530999874105365
 21
-20.61294817932388
 31
0.0
 11
-26.55510308590959
 21
-20.59824937755042
 31
0.0
 11
-26.579201587609813
 21
-20.583526988601733
 31
0.0
 11
-26.603295356193186
 21
-20.5687810076398
 31
0.0
 11
-26.627384368629045
 21
-20.55401142984772
 31
0.0
 11
-26.651468601879237
 21
-20.53921825043766
 31
0.0
 11
-26.675548032938813
 21
-20.5244014646822
 31
0.0
 11
-26.699622638690535
 21
-20.509561067802156
 31
0.0
 11
-26.72369239608875
 21
-20.49469705510834
 31
0.0
 11
-26.747757282020356
 21
-20.479809421894462
 31
0.0
 11
-26.771817273416783
 21
-20.464898163523166
 31
0.0
 11
-26.795872347132704
 21
-20.449963275333026
 31
0.0
 11
-26.819922480039427
 21
-20.435004752710135
 31
0.0
 11
-26.843967648981877
 21
-20.42002259105518
 31
0.0
 11
-26.86800783081478
 21
-20.405016785811064
 31
0.0
 11
-26.892043002386714
 21
-20.3899873324505
 31
0.0
 11
-26.91607314045913
 21
-20.374934226414886
 31
0.0
 11
-26.940098221878415
 21
-20.359857463244648
 31
0.0
 11
-26.964118223414133
 21
-20.344757038456617
 31
0.0
 11
-26.98813312181301
 21
-20.329632947585104
 31
0.0
 11
-27.01214289388443
 21
-20.314485186246227
 31
0.0
 11
-27.036147516343345
 21
-20.299313750019582
 31
0.0
 11
-27.06014696592268
 21
-20.284118634532817
 31
0.0
 11
-27.084141219347714
 21
-20.26889983544252
 31
0.0
 11
-27.108130253321747
 21
-20.253657348423197
 31
0.0
 11
-27.13211404453896
 21
-20.23839116917718
 31
0.0
 11
-27.15609256967549
 21
-20.223101293427774
 31
0.0
 11
-27.18006580542675
 21
-20.207787716947106
 31
0.0
 11
-27.20403372837647
 21
-20.1924504354587
 31
0.0
 11
-27.227996315220327
 21
-20.177089444803823
 31
0.0
 11
-27.251953542567286
 21
-20.161704740793727
 31
0.0
 11
-27.27590538704104
 21
-20.14629631928503
 31
0.0
 11
-27.29985182521283
 21
-20.130864176129986
 31
0.0
 11
-27.323792833703543
 21
-20.115408307251954
 31
0.0
 11
-27.347728389067825
 21
-20.099928708559762
 31
0.0
 11
-27.371658467859742
 21
-20.084425375996247
 31
0.0
 11
-27.39558304664619
 21
-20.068898305548004
 31
0.0
 11
-27.419502101935635
 21
-20.053347493193126
 31
0.0
 11
-27.443415610284983
 21
-20.037772934979472
 31
0.0
 11
-27.467323548154923
 21
-20.022174626918865
 31
0.0
 11
-27.491225892080365
 21
-20.006552565111715
 31
0.0
 11
-27.515122618523716
 21
-19.990906745639688
 31
0.0
 11
-27.539013703972312
 21
-19.975237164637008
 31
0.0
 11
-27.562899124878697
 21
-19.959543818246676
 31
0.0
 11
-27.586778857661997
 21
-19.943826702621912
 31
0.0
 11
-27.610652878761737
 21
-19.928085813964888
 31
0.0
 11
-27.63452116463345
 21
-19.912321148523453
 31
0.0
 11
-27.65838369164718
 21
-19.89653270251796
 31
0.0
 11
-27.682240436179185
 21
-19.880720472207518
 31
0.0
 11
-27.706091374665785
 21
-19.864884453928532
 31
0.0
 11
-27.729936483432787
 21
-19.849024643972115
 31
0.0
 11
-27.753775738826825
 21
-19.833141038678633
 31
0.0
 11
-27.77760911724572
 21
-19.81723363445903
 31
0.0
 11
-27.801436594944693
 21
-19.801302427656516
 31
0.0
 11
-27.825258148296207
 21
-19.785347414732076
 31
0.0
 11
-27.849073753601882
 21
-19.76936859213018
 31
0.0
 11
-27.87288338711218
 21
-19.753365956293106
 31
0.0
 11
-27.896687025136053
 21
-19.737339503738703
 31
0.0
 11
-27.920484643961082
 21
-19.72128923100357
 31
0.0
 11
-27.944276219808824
 21
-19.705215134611734
 31
0.0
 11
-27.9680617289383
 21
-19.689117211147565
 31
0.0
 11
-27.991841147598286
 21
-19.672995457222257
 31
0.0
 11
-28.015614451942216
 21
-19.656849869413886
 31
0.0
 11
-28.039381618251262
 21
-19.640680444424245
 31
0.0
 11
-28.06314262267415
 21
-19.624487178896068
 31
0.0
 11
-28.086897441401643
 21
-19.60827006953554
 31
0.0
 11
-28.11064605061623
 21
-19.592029113076975
 31
0.0
 11
-28.13438842648174
 21
-19.57576430627538
 31
0.0
 11
-28.15812454510633
 21
-19.559475645881076
 31
0.0
 11
-28.18185438264633
 21
-19.543163128711637
 31
0.0
 11
-28.205577915239363
 21
-19.52682675160556
 31
0.0
 11
-28.229295118953363
 21
-19.51046651138676
 31
0.0
 11
-28.25300596993764
 21
-19.494082404969408
 31
0.0
 11
-28.276710444233913
 21
-19.477674429227047
 31
0.0
 11
-28.300408517914125
 21
-19.461242581087973
 31
0.0
 11
-28.32410016709047
 21
-19.44478685754188
 31
0.0
 11
-28.347785367754327
 21
-19.428307255529166
 31
0.0
 11
-28.3714640959825
 21
-19.41180377208267
 31
0.0
 11
-28.395136327774942
 21
-19.395276404216247
 31
0.0
 11
-28.41880203916181
 21
-19.378725148998214
 31
0.0
 11
-28.442461206136322
 21
-19.362150003505306
 31
0.0
 11
-28.46611380470604
 21
-19.345550964857726
 31
0.0
 11
-28.489759810841626
 21
-19.32892803018422
 31
0.0
 11
-28.513399200479913
 21
-19.312281196624298
 31
0.0
 11
-28.537031949634507
 21
-19.295610461403136
 31
0.0
 11
-28.560658034197647
 21
-19.278915821697396
 31
0.0
 11
-28.58427743015208
 21
-19.262197274778437
 31
0.0
 11
-28.60789011334446
 21
-19.24545481785958
 31
0.0
 11
-28.631496059765087
 21
-19.228688448284366
 31
0.0
 11
-28.655095245280148
 21
-19.211898163346444
 31
0.0
 11
-28.678687645752287
 21
-19.195083960370702
 31
0.0
 11
-28.702273237088285
 21
-19.178245836745194
 31
0.0
 11
-28.72585199515187
 21
-19.161383789862597
 31
0.0
 11
-28.74942389578482
 21
-19.1444978171345
 31
0.0
 11
-28.772988914802454
 21
-19.127587915988432
 31
0.0
 11
-28.796547028102225
 21
-19.11065408393999
 31
0.0
 11
-28.820098211452077
 21
-19.09369631845221
 31
0.0
 11
-28.843642440652154
 21
-19.07671461704297
 31
0.0
 11
-28.867179691530307
 21
-19.059708977282032
 31
0.0
 11
-28.890709939879326
 21
-19.042679396749257
 31
0.0
 11
-28.914233161407246
 21
-19.025625873002113
 31
0.0
 11
-28.937749331968018
 21
-19.008548403727627
 31
0.0
 11
-28.961258427257135
 21
-18.991446986541867
 31
0.0
 11
-28.984760423006872
 21
-18.974321619118605
 31
0.0
 11
-29.008255294990896
 21
-18.95717229919206
 31
0.0
 11
-29.03174301890521
 21
-18.939999024478887
 31
0.0
 11
-29.055223570464026
 21
-18.9228017927411
 31
0.0
 11
-29.078696925333862
 21
-18.90558060174293
 31
0.0
 11
-29.102163059247594
 21
-18.888335449325112
 31
0.0
 11
-29.125621947845868
 21
-18.871066333301723
 31
0.0
 11
-29.14907356681237
 21
-18.853773251548066
 31
0.0
 11
-29.172517891813815
 21
-18.83645620196175
 31
0.0
 11
-29.195954898441844
 21
-18.819115182425026
 31
0.0
 11
-29.219384562379638
 21
-18.801750190912674
 31
0.0
 11
-29.24280685924228
 21
-18.78436122538856
 31
0.0
 11
-29.26622176461718
 21
-18.76694828383221
 31
0.0
 11
-29.28962925410984
 21
-18.749511364267846
 31
0.0
 11
-29.31302930333619
 21
-18.732050464759652
 31
0.0
 11
-29.336421887844732
 21
-18.714565583361793
 31
0.0
 11
-29.35980698322345
 21
-18.697056718186836
 31
0.0
 11
-29.383184565035172
 21
-18.679523867364455
 31
0.0
 11
-29.406554608790625
 21
-18.66196702902434
 31
0.0
 11
-29.429917090074508
 21
-18.644386201376317
 31
0.0
 11
-29.45327198438287
 21
-18.62678138260703
 31
0.0
 11
-29.476619267258613
 21
-18.60915257096597
 31
0.0
 11
-29.49995891416414
 21
-18.591499764684805
 31
0.0
 11
-29.523290900642046
 21
-18.57382296207892
 31
0.0
 11
-29.546615202158613
 21
-18.55612216144861
 31
0.0
 11
-29.569931794196272
 21
-18.53839736113742
 31
0.0
 11
-29.593240652211954
 21
-18.520648559505922
 31
0.0
 11
-29.616541751638643
 21
-18.50287575493277
 31
0.0
 11
-29.639835067967446
 21
-18.485078945865943
 31
0.0
 11
-29.66312057659793
 21
-18.467258130729288
 31
0.0
 11
-29.68639825299483
 21
-18.449413308020123
 31
0.0
 11
-29.709668072522923
 21
-18.431544476206692
 31
0.0
 11
-29.732930010600892
 21
-18.413651633823697
 31
0.0
 11
-29.756184042665524
 21
-18.395734779449917
 31
0.0
 11
-29.779430144040298
 21
-18.377793911626945
 31
0.0
 11
-29.802668290130597
 21
-18.359829028979977
 31
0.0
 11
-29.825898456319393
 21
-18.34184013015327
 31
0.0
 11
-29.849120617924818
 21
-18.32382721378394
 31
0.0
 11
-29.872334750302272
 21
-18.305790278565112
 31
0.0
 11
-29.895540828807263
 21
-18.287729323222656
 31
0.0
 11
-29.91873882874529
 21
-18.26964434648477
 31
0.0
 11
-29.941928725426266
 21
-18.251535347115187
 31
0.0
 11
-29.965110494193404
 21
-18.233402323930775
 31
0.0
 11
-29.988284110300466
 21
-18.21524527572671
 31
0.0
 11
-30.011449549070868
 21
-18.197064201373358
 31
0.0
 11
-30.034606785726837
 21
-18.178859099712483
 31
0.0
 11
-30.057755795597892
 21
-18.160629969683672
 31
0.0
 11
-30.080896553917594
 21
-18.142376810201096
 31
0.0
 11
-30.1040290359293
 21
-18.124099620217745
 31
0.0
 11
-30.127153216861924
 21
-18.105798398710608
 31
0.0
 11
-30.15026907196915
 21
-18.087473144704315
 31
0.0
 11
-30.173376576507188
 21
-18.069123857257622
 31
0.0
 11
-30.19647570554348
 21
-18.05075053534898
 31
0.0
 11
-30.219566434451668
 21
-18.032353178172823
 31
0.0
 11
-30.24264873833965
 21
-18.013931784797244
 31
0.0
 11
-30.265722592367705
 21
-17.995486354354547
 31
0.0
 11
-30.288787971779374
 21
-17.97701688605907
 31
0.0
 11
-30.311844851679908
 21
-17.958523379075693
 31
0.0
 11
-30.334893207245056
 21
-17.94000583264373
 31
0.0
 11
-30.357933013646903
 21
-17.921464246032965
 31
0.0
 11
-30.38096424597111
 21
-17.902898618494667
 31
0.0
 11
-30.40398687937583
 21
-17.884308949355564
 31
0.0
 11
-30.427000888990822
 21
-17.865695237958164
 31
0.0
 11
-30.45000624989323
 21
-17.847057483646623
 31
0.0
 11
-30.473002937208253
 21
-17.828395685825928
 31
0.0
 11
-30.495990926036036
 21
-17.809709843918828
 31
0.0
 11
-30.51897019142379
 21
-17.790999957349754
 31
0.0
 11
-30.541940708465365
 21
-17.77226602560289
 31
0.0
 11
-30.5649024522479
 21
-17.753508048190948
 31
0.0
 11
-30.587855397795856
 21
-17.734726024622695
 31
0.0
 11
-30.610799520164242
 21
-17.715919954457195
 31
0.0
 11
-30.633734794393728
 21
-17.697089837277638
 31
0.0
 11
-30.656661195523625
 21
-17.67823567269889
 31
0.0
 11
-30.679578698557936
 21
-17.65935746034786
 31
0.0
 11
-30.70248727852821
 21
-17.640455199899872
 31
0.0
 11
-30.72538691042121
 21
-17.621528891036764
 31
0.0
 11
-30.74827756926063
 21
-17.602578533494114
 31
0.0
 11
-30.771159229986303
 21
-17.583604126991784
 31
0.0
 11
-30.794031867613857
 21
-17.564605671325463
 31
0.0
 11
-30.816895457108767
 21
-17.5455831662945
 31
0.0
 11
-30.839749973409635
 21
-17.526536611715304
 31
0.0
 11
-30.86259539149917
 21
-17.507466007461854
 31
0.0
 11
-30.885431686315165
 21
-17.488371353414752
 31
0.0
 11
-30.908258832768944
 21
-17.46925264947214
 31
0.0
 11
-30.93107680579595
 21
-17.450109895578024
 31
0.0
 11
-30.953885580358875
 21
-17.43094309172418
 31
0.0
 11
-30.976685131335564
 21
-17.41175223788665
 31
0.0
 11
-30.999475433593673
 21
-17.392537334068283
 31
0.0
 11
-31.022256462088077
 21
-17.373298380353138
 31
0.0
 11
-31.045028191688147
 21
-17.35403537680947
 31
0.0
 11
-31.067790597234634
 21
-17.33474832352189
 31
0.0
 11
-31.090543653667673
 21
-17.315437220662737
 31
0.0
 11
-31.11328733577978
 21
-17.296102068354227
 31
0.0
 11
-31.136021618462376
 21
-17.27674286680591
 31
0.0
 11
-31.158746476577974
 21
-17.257359616243445
 31
0.0
 11
-31.181461884920083
 21
-17.237952316886386
 31
0.0
 11
-31.204167818325384
 21
-17.218520969010484
 31
0.0
 11
-31.226864251662832
 21
-17.19906557294141
 31
0.0
 11
-31.249551159701824
 21
-17.17958612898205
 31
0.0
 11
-31.27222851725687
 21
-17.160082637492344
 31
0.0
 11
-31.294896299149325
 21
-17.14055509886816
 31
0.0
 11
-31.317554480137336
 21
-17.121003513502696
 31
0.0
 11
-31.340203035018053
 21
-17.101427881842824
 31
0.0
 11
-31.362841938593846
 21
-17.081828204370133
 31
0.0
 11
-31.3854711655858
 21
-17.062204481554133
 31
0.0
 11
-31.408090690767125
 21
-17.04255671392481
 31
0.0
 11
-31.43070048893195
 21
-17.02288490205549
 31
0.0
 11
-31.453300534779025
 21
-17.003189046499827
 31
0.0
 11
-31.47589080305778
 21
-16.98346914787102
 31
0.0
 11
-31.49847126850024
 21
-16.963725206804945
 31
0.0
 11
-31.521041905833894
 21
-16.943957223966922
 31
0.0
 11
-31.54360268977715
 21
-16.924165200049522
 31
0.0
 11
-31.56615359501978
 21
-16.904349135761816
 31
0.0
 11
-31.588694596253767
 21
-16.884509031846225
 31
0.0
 11
-31.611225668232986
 21
-16.864644889110142
 31
0.0
 11
-31.633746785571528
 21
-16.844756708318236
 31
0.0
 11
-31.656257922979286
 21
-16.824844490318345
 31
0.0
 11
-31.678759055147417
 21
-16.80490823598016
 31
0.0
 11
-31.701250156702688
 21
-16.784947946171144
 31
0.0
 11
-31.723731202307604
 21
-16.764963621809695
 31
0.0
 11
-31.746202166647855
 21
-16.74495526385831
 31
0.0
 11
-31.768663024324848
 21
-16.724922873266912
 31
0.0
 11
-31.791113749969686
 21
-16.704866451033023
 31
0.0
 11
-31.81355431827291
 21
-16.684785998217247
 31
0.0
 11
-31.83598470378517
 21
-16.664681515838563
 31
0.0
 11
-31.85840488114456
 21
-16.644553004993778
 31
0.0
 11
-31.880814824984608
 21
-16.62440046680906
 31
0.0
 11
-31.903214509874132
 21
-16.6042239024086
 31
0.0
 11
-31.92560391041941
 21
-16.584023312968064
 31
0.0
 11
-31.947983001204214
 21
-16.563798699683076
 31
0.0
 11
-31.970351756812352
 21
-16.543550063781247
 31
0.0
 11
-31.992710151805777
 21
-16.523277406510513
 31
0.0
 11
-32.015058160765385
 21
-16.502980729160516
 31
0.0
 11
-32.03739575826515
 21
-16.48266003304898
 31
0.0
 11
-32.059722918802805
 21
-16.462315319486194
 31
0.0
 11
-32.082039616988226
 21
-16.44194658987188
 31
0.0
 11
-32.10434582733749
 21
-16.42155384558926
 31
0.0
 11
-32.12664152436748
 21
-16.40113708805379
 31
0.0
 11
-32.1489266826214
 21
-16.38069631872609
 31
0.0
 11
-32.17120127661765
 21
-16.36023153908586
 31
0.0
 11
-32.19346528087268
 21
-16.339742750643435
 31
0.0
 11
-32.21571866990098
 21
-16.31922995493988
 31
0.0
 11
-32.23796141817725
 21
-16.298693153527747
 31
0.0
 11
-32.26019350022121
 21
-16.278132348014093
 31
0.0
 11
-32.28241489052278
 21
-16.2575475400225
 31
0.0
 11
-32.30462556353375
 21
-16.236938731189024
 31
0.0
 11
-32.326825493772716
 21
-16.216305923214968
 31
0.0
 11
-32.349014655679035
 21
-16.19564911779347
 31
0.0
 11
-32.371193023710404
 21
-16.174968316658433
 31
0.0
 11
-32.393360572357
 21
-16.154263521591712
 31
0.0
 11
-32.415517276068925
 21
-16.13353473438659
 31
0.0
 11
-32.437663109238606
 21
-16.112781956839314
 31
0.0
 11
-32.459798046368796
 21
-16.092005190832566
 31
0.0
 11
-32.48192206186119
 21
-16.07120443823035
 31
0.0
 11
-32.504035130116684
 21
-16.050379700927987
 31
0.0
 11
-32.526137225632574
 21
-16.029530980899832
 31
0.0
 11
-32.5482283227484
 21
-16.00865828007401
 31
0.0
 11
-32.57030839590204
 21
-15.98776160045858
 31
0.0
 11
-32.59237741952986
 21
-15.966840944092391
 31
0.0
 11
-32.61443536795547
 21
-15.945896312990447
 31
0.0
 11
-32.63648221564998
 21
-15.924927709271506
 31
0.0
 11
-32.658517936959825
 21
-15.903935135024792
 31
0.0
 11
-32.68054250624627
 21
-15.882918592378344
 31
0.0
 11
-32.702555897901796
 21
-15.861878083506873
 31
0.0
 11
-32.724558086343954
 21
-15.840813610628594
 31
0.0
 11
-32.746549045870964
 21
-15.819725175935307
 31
0.0
 11
-32.76852875084177
 21
-15.798612781679811
 31
0.0
 11
-32.79049717565962
 21
-15.777476430167583
 31
0.0
 11
-32.812454294620615
 21
-15.756316123683872
 31
0.0
 11
-32.83440008212004
 21
-15.735131864593043
 31
0.0
 11
-32.85633451242948
 21
-15.713923655231481
 31
0.0
 11
-32.87825755993501
 21
-15.69269149802183
 31
0.0
 11
-32.90016919892589
 21
-15.671435395371752
 31
0.0
 11
-32.922069403748154
 21
-15.650155349747465
 31
0.0
 11
-32.94395814868686
 21
-15.628851363617368
 31
0.0
 11
-32.96583540807369
 21
-15.607523439503531
 31
0.0
 11
-32.98770115622863
 21
-15.586171579953591
 31
0.0
 11
-33.00955536739062
 21
-15.564795787508347
 31
0.0
 11
-33.03139801592913
 21
-15.543396064801474
 31
0.0
 11
-33.053229076086325
 21
-15.521972414437903
 31
0.0
 11
-33.07504852214037
 21
-15.500524839070863
 31
0.0
 11
-33.09685632841412
 21
-15.47905334140584
 31
0.0
 11
-33.118652469130616
 21
-15.457557924132802
 31
0.0
 11
-33.140436918588456
 21
-15.436038590008302
 31
0.0
 11
-33.162209651061154
 21
-15.414495341808431
 31
0.0
 11
-33.18397064075555
 21
-15.39292818230951
 31
0.0
 11
-33.20571986198225
 21
-15.371337114367355
 31
0.0
 11
-33.22745728898136
 21
-15.349722140836212
 31
0.0
 11
-33.249182895960686
 21
-15.328083264586654
 31
0.0
 11
-33.270896657182114
 21
-15.306420488545445
 31
0.0
 11
-33.29259854691046
 21
-15.284733815671844
 31
0.0
 11
-33.31428853932498
 21
-15.263023248916923
 31
0.0
 11
-33.33596660866652
 21
-15.241288791291366
 31
0.0
 11
-33.357632729186605
 21
-15.219530445841675
 31
0.0
 11
-33.379286875063194
 21
-15.197748215612096
 31
0.0
 11
-33.40092902051358
 21
-15.175942103695828
 31
0.0
 11
-33.422559139794195
 21
-15.154112113235037
 31
0.0
 11
-33.44417720701277
 21
-15.132258247335534
 31
0.0
 11
-33.46578319644
 21
-15.110380509208085
 31
0.0
 11
-33.487377082290884
 21
-15.088478902069367
 31
0.0
 11
-33.50895883866367
 21
-15.066553429114387
 31
0.0
 11
-33.53052843981237
 21
-15.044604093639602
 31
0.0
 11
-33.55208585991577
 21
-15.02263089893852
 31
0.0
 11
-33.57363107312222
 21
-15.000633848322172
 31
0.0
 11
-33.59516405360167
 21
-14.978612945142325
 31
0.0
 11
-33.61668477557558
 21
-14.956568192804733
 31
0.0
 11
-33.63819321313793
 21
-14.934499594689445
 31
0.0
 11
-33.65968934049065
 21
-14.912407154255536
 31
0.0
 11
-33.68117313176511
 21
-14.890290874961824
 31
0.0
 11
-33.702644561150656
 21
-14.868150760323767
 31
0.0
 11
-33.72410360277527
 21
-14.845986813860625
 31
0.0
 11
-33.74555023073104
 21
-14.823799039107003
 31
0.0
 11
-33.76698441924865
 21
-14.801587439689404
 31
0.0
 11
-33.788406142392546
 21
-14.779352019192292
 31
0.0
 11
-33.80981537432881
 21
-14.757092781275656
 31
0.0
 11
-33.83121208919368
 21
-14.734809729617373
 31
0.0
 11
-33.85259626107651
 21
-14.712502867905828
 31
0.0
 11
-33.87396786411017
 21
-14.690172199879292
 31
0.0
 11
-33.89532687242866
 21
-14.667817729307469
 31
0.0
 11
-33.91667326012787
 21
-14.645439459974417
 31
0.0
 11
-33.938007001334306
 21
-14.623037395708424
 31
0.0
 11
-33.95932807011617
 21
-14.600611540343404
 31
0.0
 11
-33.980636440606716
 21
-14.578161897772395
 31
0.0
 11
-34.001932086924135
 21
-14.555688471912578
 31
0.0
 11
-34.023214983083804
 21
-14.5331912666681
 31
0.0
 11
-34.04448510328277
 21
-14.510670286051692
 31
0.0
 11
-34.06574242153043
 21
-14.488125534026658
 31
0.0
 11
-34.08698691191131
 21
-14.465557014619476
 31
0.0
 11
-34.10821854857409
 21
-14.442964731914454
 31
0.0
 11
-34.12943730552494
 21
-14.420348689966387
 31
0.0
 11
-34.15064315688914
 21
-14.397708892911293
 31
0.0
 11
-34.171836076686304
 21
-14.375045344871406
 31
0.0
 11
-34.1930160390217
 21
-14.352358050035834
 31
0.0
 11
-34.21418301795116
 21
-14.32964701260368
 31
0.0
 11
-34.23533698755085
 21
-14.30691223681338
 31
0.0
 11
-34.25647792184298
 21
-14.284153726911521
 31
0.0
 11
-34.27760579488588
 21
-14.261371487190694
 31
0.0
 11
-34.29872058078758
 21
-14.238565521994822
 31
0.0
 11
-34.319822253525345
 21
-14.215735835644162
 31
0.0
 11
-34.340910787184015
 21
-14.192882432534487
 31
0.0
 11
-34.36198615581231
 21
-14.170005317077232
 31
0.0
 11
-34.38304833343117
 21
-14.147104493703143
 31
0.0
 11
-34.40409729406271
 21
-14.124179966874165
 31
0.0
 11
-34.425133011769475
 21
-14.101231741099623
 31
0.0
 11
-34.44615546059317
 21
-14.078259820910892
 31
0.0
 11
-34.46716461452324
 21
-14.055264210848636
 31
0.0
 11
-34.488160447615286
 21
-14.032244915511304
 31
0.0
 11
-34.509142933877335
 21
-14.009201939508573
 31
0.0
 11
-34.53011204732854
 21
-13.986135287485395
 31
0.0
 11
-34.551067762021425
 21
-13.963044964130729
 31
0.0
 11
-34.57201005190792
 21
-13.939930974123682
 31
0.0
 11
-34.592938891051986
 21
-13.916793322219107
 31
0.0
 11
-34.6138542534517
 21
-13.89363201317595
 31
0.0
 11
-34.634756113094646
 21
-13.870447051779609
 31
0.0
 11
-34.6556444440168
 21
-13.847238442865414
 31
0.0
 11
-34.67651922018585
 21
-13.824006191272124
 31
0.0
 11
-34.6973804156247
 21
-13.800750301890993
 31
0.0
 11
-34.71822800434986
 21
-13.777470779641371
 31
0.0
 11
-34.73906196029324
 21
-13.754167629439559
 31
0.0
 11
-34.75988225751294
 21
-13.730840856282514
 31
0.0
 11
-34.78068886998822
 21
-13.707490465166414
 31
0.0
 11
-34.80148177165385
 21
-13.684116461100555
 31
0.0
 11
-34.822260936567346
 21
-13.660718849173161
 31
0.0
 11
-34.843026338672615
 21
-13.63729763445819
 31
0.0
 11
-34.86377795196696
 21
-13.613852822081197
 31
0.0
 11
-34.8845157504198
 21
-13.590384417187291
 31
0.0
 11
-34.9052397080164
 21
-13.566892424958255
 31
0.0
 11
-34.92594979872431
 21
-13.543376850599529
 31
0.0
 11
-34.94664599653372
 21
-13.51983769935579
 31
0.0
 11
-34.96732827540568
 21
-13.496274976490955
 31
0.0
 11
-34.98799660930285
 21
-13.472688687299994
 31
0.0
 11
-35.00865097220964
 21
-13.449078837116799
 31
0.0
 11
-35.029291338070664
 21
-13.42544543129038
 31
0.0
 11
-35.04991768087634
 21
-13.401788475217739
 31
0.0
 11
-35.07052997459389
 21
-13.378107974317443
 31
0.0
 11
-35.0911281931312
 21
-13.354403934015853
 31
0.0
 11
-35.11171231050162
 21
-13.330676359810067
 31
0.0
 11
-35.13228230066592
 21
-13.306925257207334
 31
0.0
 11
-35.15283813754013
 21
-13.283150631728603
 31
0.0
 11
-35.17337979509651
 21
-13.259352488946382
 31
0.0
 11
-35.19390724731234
 21
-13.235530834465482
 31
0.0
 11
-35.21442046811051
 21
-13.211685673900613
 31
0.0
 11
-35.23491943142099
 21
-13.187817012899531
 31
0.0
 11
-35.255404111262166
 21
-13.163924857173528
 31
0.0
 11
-35.275874481519196
 21
-13.140009212414428
 31
0.0
 11
-35.2963305161452
 21
-13.116070084369744
 31
0.0
 11
-35.31677218910773
 21
-13.092107478822737
 31
0.0
 11
-35.33719947436196
 21
-13.068121401582358
 31
0.0
 11
-35.357612345804434
 21
-13.04411185846615
 31
0.0
 11
-35.37801077741015
 21
-13.020078855351054
 31
0.0
 11
-35.39839474311348
 21
-12.9960223981293
 31
0.0
 11
-35.41876421681095
 21
-12.97194249270958
 31
0.0
 11
-35.43911917251647
 21
-12.94783914507388
 31
0.0
 11
-35.459459584117404
 21
-12.923712361188125
 31
0.0
 11
-35.47978542555356
 21
-12.8995621470677
 31
0.0
 11
-35.50009667076481
 21
-12.875388508758327
 31
0.0
 11
-35.52039329367178
 21
-12.851191452328974
 31
0.0
 11
-35.54067526823772
 21
-12.826970983894325
 31
0.0
 11
-35.56094256838021
 21
-12.80272710958277
 31
0.0
 11
-35.58119516800778
 21
-12.778459835549693
 31
0.0
 11
-35.60143304106626
 21
-12.7541691679942
 31
0.0
 11
-35.621656161478576
 21
-12.729855113137322
 31
0.0
 11
-35.641864503206385
 21
-12.705517677244186
 31
0.0
 11
-35.662058040139044
 21
-12.68115686658427
 31
0.0
 11
-35.682236746208375
 21
-12.656772687472486
 31
0.0
 11
-35.7024005953558
 21
-12.63236514625733
 31
0.0
 11
-35.72254956149453
 21
-12.607934249307437
 31
0.0
 11
-35.74268361854772
 21
-12.583480003025151
 31
0.0
 11
-35.76280274044596
 21
-12.559002413845645
 31
0.0
 11
-35.78290690112979
 21
-12.534501488237689
 31
0.0
 11
-35.80299607449818
 21
-12.509977232685703
 31
0.0
 11
-35.82307023446936
 21
-12.485429653710902
 31
0.0
 11
-35.84312935498546
 21
-12.460858757873174
 31
0.0
 11
-35.86317340995738
 21
-12.436264551751464
 31
0.0
 11
-35.88320237333653
 21
-12.411647041968974
 31
0.0
 11
-35.90321621900032
 21
-12.387006235153407
 31
0.0
 11
-35.92321492088156
 21
-12.362342137981695
 31
0.0
 11
-35.94319845292388
 21
-12.337654757164733
 31
0.0
 11
-35.96316678903677
 21
-12.31294409943155
 31
0.0
 11
-35.98311990314087
 21
-12.288210171545252
 31
0.0
 11
-36.00305776913145
 21
-12.263452980290321
 31
0.0
 11
-36.02298036098459
 21
-12.23867253250888
 31
0.0
 11
-36.04288765256296
 21
-12.213868835034456
 31
0.0
 11
-36.06277961782789
 21
-12.189041894764205
 31
0.0
 11
-36.082656230695
 21
-12.164191718609834
 31
0.0
 11
-36.10251746507944
 21
-12.139318313512874
 31
0.0
 11
-36.12236329488099
 21
-12.114421686439831
 31
0.0
 11
-36.14219369404822
 21
-12.089501844403586
 31
0.0
 11
-36.16200863649193
 21
-12.064558794434378
 31
0.0
 11
-36.18180809613562
 21
-12.039592543596664
 31
0.0
 11
-36.201592046918186
 21
-12.014603098990056
 31
0.0
 11
-36.22136046271569
 21
-11.989590467723348
 31
0.0
 11
-36.241113317506205
 21
-11.964554656969081
 31
0.0
 11
-36.26085058518789
 21
-11.939495673903354
 31
0.0
 11
-36.28057223966419
 21
-11.914413525734032
 31
0.0
 11
-36.30027825488971
 21
-11.889308219715742
 31
0.0
 11
-36.319968604772605
 21
-11.864179763117841
 31
0.0
 11
-36.339643263234564
 21
-11.839028163244075
 31
0.0
 11
-36.359302204228534
 21
-11.81385342743838
 31
0.0
 11
-36.378945401661504
 21
-11.788655563059503
 31
0.0
 11
-36.398572829433476
 21
-11.763434577494133
 31
0.0
 11
-36.41818446150841
 21
-11.738190478179407
 31
0.0
 11
-36.43778027182098
 21
-11.712923272572933
 31
0.0
 11
-36.45736023424822
 21
-11.687632968143742
 31
0.0
 11
-36.47692432278199
 21
-11.662319572427553
 31
0.0
 11
-36.496472511329685
 21
-11.636983092963034
 31
0.0
 11
-36.51600477378908
 21
-11.611623537315557
 31
0.0
 11
-36.53552108412337
 21
-11.586240913101394
 31
0.0
 11
-36.5550214162864
 21
-11.560835227963551
 31
0.0
 11
-36.57450574417354
 21
-11.535406489556424
 31
0.0
 11
-36.593974041739514
 21
-11.509954705583029
 31
0.0
 11
-36.61342628289228
 21
-11.48447988376153
 31
0.0
 11
-36.63286244161022
 21
-11.458982031862115
 31
0.0
 11
-36.65228249183182
 21
-11.433461157672138
 31
0.0
 11
-36.671686407428474
 21
-11.407917268987996
 31
0.0
 11
-36.69107416242293
 21
-11.382350373683073
 31
0.0
 11
-36.710445730721645
 21
-11.356760479624272
 31
0.0
 11
-36.72980108626279
 21
-11.33114759471827
 31
0.0
 11
-36.74914020298177
 21
-11.30551172690069
 31
0.0
 11
-36.768463054863716
 21
-11.279852884152286
 31
0.0
 11
-36.78776961581816
 21
-11.254171074460274
 31
0.0
 11
-36.807059859802756
 21
-11.228466305856537
 31
0.0
 11
-36.826333760779164
 21
-11.202738586403893
 31
0.0
 11
-36.84559129269132
 21
-11.176987924189485
 31
0.0
 11
-36.86483242947082
 21
-11.151214327326555
 31
0.0
 11
-36.88405714510033
 21
-11.125417803973555
 31
0.0
 11
-36.90326541354329
 21
-11.099598362312884
 31
0.0
 11
-36.922457208709915
 21
-11.073756010540553
 31
0.0
 11
-36.94163250461488
 21
-11.047890756913908
 31
0.0
 11
-36.96079127518125
 21
-11.02200260969235
 31
0.0
 11
-36.97993349439084
 21
-10.99609157718268
 31
0.0
 11
-36.999059136180485
 21
-10.970157667708026
 31
0.0
 11
-37.018168174543106
 21
-10.944200889637816
 31
0.0
 11
-37.03726058346703
 21
-10.918221251369914
 31
0.0
 11
-37.056336336874985
 21
-10.892218761312334
 31
0.0
 11
-37.07539540875562
 21
-10.866193427922408
 31
0.0
 11
-37.09443777307382
 21
-10.840145259680082
 31
0.0
 11
-37.113463403821925
 21
-10.814074265103047
 31
0.0
 11
-37.13247227498166
 21
-10.78798045273547
 31
0.0
 11
-37.15146436053613
 21
-10.761863831151608
 31
0.0
 11
-37.17043963442454
 21
-10.735724408942723
 31
0.0
 11
-37.1893980706583
 21
-10.709562194750594
 31
0.0
 11
-37.20833964325579
 21
-10.683377197248637
 31
0.0
 11
-37.2272643261359
 21
-10.657169425111263
 31
0.0
 11
-37.246172093357075
 21
-10.63093888708256
 31
0.0
 11
-37.265062918872374
 21
-10.60468559190608
 31
0.0
 11
-37.283936776678644
 21
-10.578409548367508
 31
0.0
 11
-37.30279364078148
 21
-10.552110765284672
 31
0.0
 11
-37.321633485182204
 21
-10.525789251503703
 31
0.0
 11
-37.34045628389337
 21
-10.499445015903554
 31
0.0
 11
-37.35926201088916
 21
-10.473078067381952
 31
0.0
 11
-37.37805064021104
 21
-10.446688414885083
 31
0.0
 11
-37.396822145824665
 21
-10.420276067367519
 31
0.0
 11
-37.41557650179483
 21
-10.39384103384107
 31
0.0
 11
-37.43431368209662
 21
-10.367383323322171
 31
0.0
 11
-37.453033660764504
 21
-10.340902944873195
 31
0.0
 11
-37.47173641181524
 21
-10.31439990758134
 31
0.0
 11
-37.49042190928079
 21
-10.28787422056736
 31
0.0
 11
-37.509090127176535
 21
-10.261325892977075
 31
0.0
 11
-37.527741039525345
 21
-10.23475493398792
 31
0.0
 11
-37.546374620351514
 21
-10.208161352807178
 31
0.0
 11
-37.56499084371031
 21
-10.181545158680217
 31
0.0
 11
-37.58358968366231
 21
-10.154906360883235
 31
0.0
 11
-37.60217111417921
 21
-10.12824496869785
 31
0.0
 11
-37.620735109338575
 21
-10.101560991463918
 31
0.0
 11
-37.63928164320367
 21
-10.074854438546847
 31
0.0
 11
-37.65781068981869
 21
-10.048125319336334
 31
0.0
 11
-37.6763222231977
 21
-10.021373643243608
 31
0.0
 11
-37.6948162174402
 21
-9.994599419732177
 31
0.0
 11
-37.713292646591576
 21
-9.967802658280574
 31
0.0
 11
-37.7317514846672
 21
-9.940983368388892
 31
0.0
 11
-37.75019270581451
 21
-9.914141559621571
 31
0.0
 11
-37.76861628405462
 21
-9.8872772415391
 31
0.0
 11
-37.78702219343754
 21
-9.860390423739176
 31
0.0
 11
-37.80541040807986
 21
-9.833481115866295
 31
0.0
 11
-37.82378090205089
 21
-9.806549327582013
 31
0.0
 11
-37.84213364942653
 21
-9.77959506857907
 31
0.0
 11
-37.860468624268506
 21
-9.752618348575952
 31
0.0
 11
-37.87878580069802
 21
-9.725619177335956
 31
0.0
 11
-37.897085152786424
 21
-9.698597564638861
 31
0.0
 11
-37.91536665465224
 21
-9.671553520306025
 31
0.0
 11
-37.93363028035727
 21
-9.64448705417366
 31
0.0
 11
-37.95187600404276
 21
-9.617398176127669
 31
0.0
 11
-37.9701037997997
 21
-9.59028689607053
 31
0.0
 11
-37.98831364170638
 21
-9.563153223930934
 31
0.0
 11
-38.00650550392833
 21
-9.535997169688917
 31
0.0
 11
-38.024679360570616
 21
-9.508818743338635
 31
0.0
 11
-38.042835185726275
 21
-9.481617954900665
 31
0.0
 11
-38.060972953530644
 21
-9.454394814435469
 31
0.0
 11
-38.07909263813845
 21
-9.427149332037704
 31
0.0
 11
-38.097194213647086
 21
-9.3998815178172
 31
0.0
 11
-38.11527765423035
 21
-9.372591381931887
 31
0.0
 11
-38.133342934001824
 21
-9.345278934554244
 31
0.0
 11
-38.1513900270921
 21
-9.317944185890331
 31
0.0
 11
-38.169418907694265
 21
-9.2905871461907
 31
0.0
 11
-38.18742954992734
 21
-9.263207825717286
 31
0.0
 11
-38.20542192794999
 21
-9.235806234770841
 31
0.0
 11
-38.22339601595125
 21
-9.208382383688878
 31
0.0
 11
-38.24135178807312
 21
-9.180936282826758
 31
0.0
 11
-38.25928921849739
 21
-9.153467942578775
 31
0.0
 11
-38.27720828136265
 21
-9.125977373358113
 31
0.0
 11
-38.295108950887204
 21
-9.098464585626342
 31
0.0
 11
-38.312991201258356
 21
-9.070929589866873
 31
0.0
 11
-38.33085500663975
 21
-9.043372396586724
 31
0.0
 11
-38.34870034121228
 21
-9.01579301632638
 31
0.0
 11
-38.36652717920255
 21
-8.988191459666284
 31
0.0
 11
-38.38433549479454
 21
-8.960567737206123
 31
0.0
 11
-38.40212526219337
 21
-8.932921859579746
 31
0.0
 11
-38.419896455635026
 21
-8.905253837457442
 31
0.0
 11
-38.437649049282626
 21
-8.877563681521863
 31
0.0
 11
-38.455383017393316
 21
-8.849851402506625
 31
0.0
 11
-38.47309833416379
 21
-8.82211701116066
 31
0.0
 11
-38.49079497385632
 21
-8.794360518277161
 31
0.0
 11
-38.508472910690074
 21
-8.766581934668578
 31
0.0
 11
-38.52613211888937
 21
-8.738781271177837
 31
0.0
 11
-38.54377257270002
 21
-8.71095853868194
 31
0.0
 11
-38.56139424640076
 21
-8.683113748094565
 31
0.0
 11
-38.57899711420074
 21
-8.655246910342731
 31
0.0
 11
-38.59658115037505
 21
-8.627358036397727
 31
0.0
 11
-38.61414632919856
 21
-8.599447137259734
 31
0.0
 11
-38.63169262491602
 21
-8.57151422395148
 31
0.0
 11
-38.64922001181831
 21
-8.543559307535144
 31
0.0
 11
-38.66672846416682
 21
-8.515582399095427
 31
0.0
 11
-38.68421795627103
 21
-8.487583509756972
 31
0.0
 11
-38.70168846238731
 21
-8.459562650661693
 31
0.0
 11
-38.719139956808554
 21
-8.43151983298885
 31
0.0
 11
-38.73657241388023
 21
-8.403455067958188
 31
0.0
 11
-38.75398580786164
 21
-8.37536836679985
 31
0.0
 11
-38.77138011305732
 21
-8.347259740782953
 31
0.0
 11
-38.788755303803114
 21
-8.319129201212496
 31
0.0
 11
-38.806111354417055
 21
-8.290976759418779
 31
0.0
 11
-38.8234482392184
 21
-8.2628024267614
 31
0.0
 11
-38.840765932537956
 21
-8.234606214631627
 31
0.0
 11
-38.85806440873138
 21
-8.206388134455041
 31
0.0
 11
-38.87534364208062
 21
-8.178148197670717
 31
0.0
 11
-38.892603607017456
 21
-8.149886415778484
 31
0.0
 11
-38.90984427782415
 21
-8.121602800275738
 31
0.0
 11
-38.92706562888807
 21
-8.093297362711104
 31
0.0
 11
-38.944267634586694
 21
-8.06497011466007
 31
0.0
 11
-38.961450269257114
 21
-8.036621067718904
 31
0.0
 11
-38.97861350728294
 21
-8.008250233522574
 31
0.0
 11
-38.995757323089414
 21
-7.979857623743573
 31
0.0
 11
-39.012881691019636
 21
-7.9514432500666254
 31
0.0
 11
-39.029986585433804
 21
-7.92300712420909
 31
0.0
 11
-39.04707198081313
 21
-7.894549257942026
 31
0.0
 11
-39.06413785152352
 21
-7.866069663041908
 31
0.0
 11
-39.08118417194988
 21
-7.837568351318385
 31
0.0
 11
-39.09821091654264
 21
-7.80904533462314
 31
0.0
 11
-39.11521805973386
 21
-7.780500624833211
 31
0.0
 11
-39.13220557589763
 21
-7.751934233843147
 31
0.0
 11
-39.1491734395391
 21
-7.72334617360247
 31
0.0
 11
-39.1661216250545
 21
-7.694736456068264
 31
0.0
 11
-39.18305010688569
 21
-7.666105093235504
 31
0.0
 11
-39.199958859528785
 21
-7.637452097138904
 31
0.0
 11
-39.216847857394264
 21
-7.608777479825355
 31
0.0
 11
-39.23371707499714
 21
-7.580081253391136
 31
0.0
 11
-39.250566486779235
 21
-7.551363429947226
 31
0.0
 11
-39.26739606720279
 21
-7.522624021637636
 31
0.0
 11
-39.28420579078328
 21
-7.493863040645608
 31
0.0
 11
-39.30099563201629
 21
-7.465080499179404
 31
0.0
 11
-39.31776556537963
 21
-7.436276409472966
 31
0.0
 11
-39.334515565372485
 21
-7.407450783793251
 31
0.0
 11
-39.351245606566444
 21
-7.378603634449742
 31
0.0
 11
-39.36795566339248
 21
-7.349734973754463
 31
0.0
 11
-39.384645710422134
 21
-7.320844814074838
 31
0.0
 11
-39.401315722184584
 21
-7.291933167799194
 31
0.0
 11
-39.41796567320468
 21
-7.263000047344009
 31
0.0
 11
-39.434595538055596
 21
-7.23404546516366
 31
0.0
 11
-39.451205291237024
 21
-7.205069433727906
 31
0.0
 11
-39.46779490737883
 21
-7.1760719655592355
 31
0.0
 11
-39.484364360984614
 21
-7.14705307318601
 31
0.0
 11
-39.500913626634976
 21
-7.118012769179618
 31
0.0
 11
-39.517442678935666
 21
-7.088951066144812
 31
0.0
 11
-39.5339514924807
 21
-7.059867976712998
 31
0.0
 11
-39.55044004180303
 21
-7.030763513533779
 31
0.0
 11
-39.56690830156047
 21
-7.0016376893077785
 31
0.0
 11
-39.583356246353226
 21
-6.9724905167542595
 31
0.0
 11
-39.59978385073937
 21
-6.943322008613977
 31
0.0
 11
-39.61619108943053
 21
-6.914132177683605
 31
0.0
 11
-39.63257793697169
 21
-6.884921036759424
 31
0.0
 11
-39.64894436804352
 21
-6.855688598690263
 31
0.0
 11
-39.66529035729094
 21
-6.826434876347634
 31
0.0
 11
-39.68161587933515
 21
-6.797159882627774
 31
0.0
 11
-39.69792090886443
 21
-6.767863630467351
 31
0.0
 11
-39.714205420523
 21
-6.738546132824218
 31
0.0
 11
-39.73046938899377
 21
-6.709207402691865
 31
0.0
 11
-39.74671278895849
 21
-6.67984745309222
 31
0.0
 11
-39.76293559508425
 21
-6.65046629707367
 31
0.0
 11
-39.77913778207016
 21
-6.621063947718867
 31
0.0
 11
-39.795319324644744
 21
-6.591640418144125
 31
0.0
 11
-39.81148019752234
 21
-6.562195721492122
 31
0.0
 11
-39.82762037537514
 21
-6.532729870927472
 31
0.0
 11
-39.843739832939995
 21
-6.503242879654349
 31
0.0
 11
-39.859838544971765
 21
-6.473734760908573
 31
0.0
 11
-39.87591648620765
 21
-6.44420552795185
 31
0.0
 11
-39.891973631362866
 21
-6.4146551940712255
 31
0.0
 11
-39.90800995525382
 21
-6.385083772598801
 31
0.0
 11
-39.92402543259913
 21
-6.355491276879693
 31
0.0
 11
-39.940020038166736
 21
-6.325877720295789
 31
0.0
 11
-39.95599374675626
 21
-6.296243116262822
 31
0.0
 11
-39.971946533152156
 21
-6.266587478222818
 31
0.0
 11
-39.98787837214023
 21
-6.236910819646741
 31
0.0
 11
-40.00378923854265
 21
-6.207213154040187
 31
0.0
 11
-40.01967910715489
 21
-6.177494494933158
 31
0.0
 11
-40.03554795278324
 21
-6.147754855886224
 31
0.0
 11
-40.05139575029978
 21
-6.1179942504987865
 31
0.0
 11
-40.067222474484616
 21
-6.088212692384948
 31
0.0
 11
-40.08302810021244
 21
-6.058410195201941
 31
0.0
 11
-40.09881260236514
 21
-6.028586772636785
 31
0.0
 11
-40.1145759557554
 21
-5.998742438394834
 31
0.0
 11
-40.130318135241296
 21
-5.968877206217045
 31
0.0
 11
-40.146039115756565
 21
-5.9389910898843645
 31
0.0
 11
-40.161738872143786
 21
-5.9090841031927965
 31
0.0
 11
-40.17741737932413
 21
-5.879156259978894
 31
0.0
 11
-40.19307461218333
 21
-5.849207574102501
 31
0.0
 11
-40.208710545620015
 21
-5.819238059454187
 31
0.0
 11
-40.22432515457327
 21
-5.78924772995913
 31
0.0
 11
-40.239918413978565
 21
-5.759236599570604
 31
0.0
 11
-40.25549029873739
 21
-5.7292046822656975
 31
0.0
 11
-40.271040783853906
 21
-5.6991519920648805
 31
0.0
 11
-40.28656984421503
 21
-5.669078543000672
 31
0.0
 11
-40.30207745482003
 21
-5.638984349150167
 31
0.0
 11
-40.317563590655396
 21
-5.60886942461726
 31
0.0
 11
-40.3330282266567
 21
-5.578733783527493
 31
0.0
 11
-40.34847133782828
 21
-5.5485774400446575
 31
0.0
 11
-40.36389289919611
 21
-5.518400408364075
 31
0.0
 11
-40.37929288576546
 21
-5.4882027027069515
 31
0.0
 11
-40.394671272479854
 21
-5.45798433731475
 31
0.0
 11
-40.41002803447059
 21
-5.427745326483091
 31
0.0
 11
-40.425363146686166
 21
-5.397485684511417
 31
0.0
 11
-40.44067658421711
 21
-5.3672054257471355
 31
0.0
 11
-40.45596832210603
 21
-5.336904564559655
 31
0.0
 11
-40.47123833537278
 21
-5.306583115344148
 31
0.0
 11
-40.4864865991414
 21
-5.276241092538181
 31
0.0
 11
-40.501713088462004
 21
-5.245878510598183
 31
0.0
 11
-40.51691777844853
 21
-5.215495384017485
 31
0.0
 11
-40.5321006441733
 21
-5.185091727312697
 31
0.0
 11
-40.54726166075582
 21
-5.154667555035164
 31
0.0
 11
-40.562400803285946
 21
-5.124222881761026
 31
0.0
 11
-40.57751804692738
 21
-5.093757722104396
 31
0.0
 11
-40.59261336679089
 21
-5.0632720907013375
 31
0.0
 11
-40.60768673802946
 21
-5.0327660022218
 31
0.0
 11
-40.62273813579874
 21
-5.002239471364619
 31
0.0
 11
-40.63776753524488
 21
-4.971692512856093
 31
0.0
 11
-40.65277491159429
 21
-4.9411251414609785
 31
0.0
 11
-40.66776023992922
 21
-4.910537371955019
 31
0.0
 11
-40.682723495537495
 21
-4.879929219167456
 31
0.0
 11
-40.697664653587466
 21
-4.849300697941767
 31
0.0
 11
-40.71258368927782
 21
-4.818651823153533
 31
0.0
 11
-40.72748057782738
 21
-4.787982609709415
 31
0.0
 11
-40.74235529448757
 21
-4.757293072548437
 31
0.0
 11
-40.75720781450337
 21
-4.726583226637444
 31
0.0
 11
-40.77203811308589
 21
-4.6958530869678965
 31
0.0
 11
-40.7868461655434
 21
-4.665102668571013
 31
0.0
 11
-40.80163194709652
 21
-4.634331986496579
 31
0.0
 11
-40.81639543307662
 21
-4.60354105583552
 31
0.0
 11
-40.83113659872711
 21
-4.572729891697341
 31
0.0
 11
-40.845855419384456
 21
-4.541898509230505
 31
0.0
 11
-40.86055187034483
 21
-4.511046923607649
 31
0.0
 11
-40.87522592689742
 21
-4.480175150029055
 31
0.0
 11
-40.88987756445398
 21
-4.4492832037370516
 31
0.0
 11
-40.9045067582611
 21
-4.41837109998445
 31
0.0
 11
-40.91911348371785
 21
-4.3874388540692095
 31
0.0
 11
-40.933697716193464
 21
-4.356486481314453
 31
0.0
 11
-40.948259431024375
 21
-4.325513997068383
 31
0.0
 11
-40.96279860361192
 21
-4.294521416714677
 31
0.0
 11
-40.97731520935011
 21
-4.263508755664654
 31
0.0
 11
-40.99180922365213
 21
-4.232476029360129
 31
0.0
 11
-41.00628062188978
 21
-4.201423253267205
 31
0.0
 11
-41.0207293795386
 21
-4.170350442891142
 31
0.0
 11
-41.03515547196938
 21
-4.139257613754938
 31
0.0
 11
-41.04955887467603
 21
-4.1081447814226495
 31
0.0
 11
-41.063939563109194
 21
-4.07701196148242
 31
0.0
 11
-41.078297512697304
 21
-4.0458591695486765
 31
0.0
 11
-41.09263269895928
 21
-4.014686421273226
 31
0.0
 11
-41.106945097348614
 21
-3.9834937323300736
 31
0.0
 11
-41.1212346833996
 21
-3.952281118429393
 31
0.0
 11
-41.13550143256124
 21
-3.9210485953016914
 31
0.0
 11
-41.14974532040143
 21
-3.8897961787173405
 31
0.0
 11
-41.163966322444
 21
-3.858523884470979
 31
0.0
 11
-41.17816441419904
 21
-3.827231728384347
 31
0.0
 11
-41.192339571235316
 21
-3.795919726313214
 31
0.0
 11
-41.20649176912855
 21
-3.7645878941424313
 31
0.0
 11
-41.22062098342459
 21
-3.73323624778251
 31
0.0
 11
-41.23472718974171
 21
-3.701864803179009
 31
0.0
 11
-41.248810363618674
 21
-3.6704735762988148
 31
0.0
 11
-41.26287048070272
 21
-3.639062583146975
 31
0.0
 11
-41.27690751665485
 21
-3.6076318397580223
 31
0.0
 11
-41.29092144697969
 21
-3.5761813621812903
 31
0.0
 11
-41.30491224741368
 21
-3.5447111665148787
 31
0.0
 11
-41.318879893581375
 21
-3.5132212688754674
 31
0.0
 11
-41.332824361138584
 21
-3.4817116854108168
 31
0.0
 11
-41.34674562576518
 21
-3.45018243229933
 31
0.0
 11
-41.36064366312024
 21
-3.418633525745917
 31
0.0
 11
-41.37451844895093
 21
-3.387064981991297
 31
0.0
 11
-41.388369958924805
 21
-3.355476817297959
 31
0.0
 11
-41.40219816875605
 21
-3.3238690479607356
 31
0.0
 11
-41.41600305417818
 21
-3.2922416903043916
 31
0.0
 11
-41.42978459095675
 21
-3.2605947606845596
 31
0.0
 11
-41.44354275479812
 21
-3.2289282754807043
 31
0.0
 11
-41.457277521527004
 21
-3.1972422511099
 31
0.0
 11
-41.470988866875054
 21
-3.1655367040103695
 31
0.0
 11
-41.484676766596834
 21
-3.1338116506505136
 31
0.0
 11
-41.498341196605814
 21
-3.102067107539298
 31
0.0
 11
-41.511982132574715
 21
-3.0703030911957363
 31
0.0
 11
-41.52559955041084
 21
-3.0385196181849046
 31
0.0
 11
-41.53919342594746
 21
-3.0067167050946826
 31
0.0
 11
-41.55276373499402
 21
-2.9748943685395957
 31
0.0
 11
-41.56631045341569
 21
-2.943052625166575
 31
0.0
 11
-41.579833557085415
 21
-2.911191491651493
 31
0.0
 11
-41.59333302190014
 21
-2.8793109847002865
 31
0.0
 11
-41.60680882373273
 21
-2.847411121045514
 31
0.0
 11
-41.62026093849278
 21
-2.815491917450658
 31
0.0
 11
-41.63368934210895
 21
-2.783553390708884
 31
0.0
 11
-41.64709401050589
 21
-2.7515955576413855
 31
0.0
 11
-41.66047491958985
 21
-2.7196184350964994
 31
0.0
 11
-41.673832045359724
 21
-2.6876220399570405
 31
0.0
 11
-41.68716536376806
 21
-2.6556063891311252
 31
0.0
 11
-41.700474850796276
 21
-2.6235714995570465
 31
0.0
 11
-41.71376048241838
 21
-2.591517388200898
 31
0.0
 11
-41.72702223460918
 21
-2.559444072057412
 31
0.0
 11
-41.74026008345749
 21
-2.5273515681564667
 31
0.0
 11
-41.75347400496649
 21
-2.495239893551026
 31
0.0
 11
-41.76666397509593
 21
-2.4631090653198697
 31
0.0
 11
-41.77982996998684
 21
-2.430959100580969
 31
0.0
 11
-41.79297196571043
 21
-2.3987900164763025
 31
0.0
 11
-41.806089938257486
 21
-2.3666018301715495
 31
0.0
 11
-41.81918386377241
 21
-2.3343945588696737
 31
0.0
 11
-41.8322537183616
 21
-2.302168219799625
 31
0.0
 11
-41.84529947811636
 21
-2.2699228302178796
 31
0.0
 11
-41.85832111919746
 21
-2.237658407412925
 31
0.0
 11
-41.871318617667384
 21
-2.2053749686964683
 31
0.0
 11
-41.88429194975515
 21
-2.173072531417229
 31
0.0
 11
-41.89724109161779
 21
-2.14075111294839
 31
0.0
 11
-41.910166019395035
 21
-2.1084107306906366
 31
0.0
 11
-41.92306670928734
 21
-2.0760514020760477
 31
0.0
 11
-41.93594313749779
 21
-2.043673144565065
 31
0.0
 11
-41.948795280275284
 21
-2.011275975648666
 31
0.0
 11
-41.961623113800925
 21
-1.9788599128428601
 31
0.0
 11
-41.97442661432556
 21
-1.946424973695284
 31
0.0
 11
-41.98720575809699
 21
-1.9139711757816982
 31
0.0
 11
-41.99996052145776
 21
-1.881498536710475
 31
0.0
 11
-42.01269088058257
 21
-1.849007074110615
 31
0.0
 11
-42.02539681178085
 21
-1.816496805645523
 31
0.0
 11
-42.038078291445274
 21
-1.783967749010408
 31
0.0
 11
-42.05073529581224
 21
-1.7514199219220157
 31
0.0
 11
-42.06336780121838
 21
-1.7188533421296919
 31
0.0
 11
-42.07597578406059
 21
-1.6862680274133852
 31
0.0
 11
-42.0885592206446
 21
-1.6536639955777628
 31
0.0
 11
-42.10111808735883
 21
-1.621041264458928
 31
0.0
 11
-42.11365236060911
 21
-1.5883998519219327
 31
0.0
 11
-42.126162016756716
 21
-1.5557397758584246
 31
0.0
 11
-42.138647032246034
 21
-1.5230610541913983
 31
0.0
 11
-42.15110738351163
 21
-1.4903637048716252
 31
0.0
 11
-42.16354304692209
 21
-1.4576477458758637
 31
0.0
 11
-42.175953999003404
 21
-1.4249131952147054
 31
0.0
 11
-42.18834021623458
 21
-1.3921600709251585
 31
0.0
 11
-42.200701675000666
 21
-1.359388391069415
 31
0.0
 11
-42.21303835183798
 21
-1.3265981737430244
 31
0.0
 11
-42.22535022331574
 21
-1.293789437070617
 31
0.0
 11
-42.23763726590357
 21
-1.26096219920186
 31
0.0
 11
-42.249899456082545
 21
-1.2281164783151932
 31
0.0
 11
-42.26213677051178
 21
-1.1952522926225353
 31
0.0
 11
-42.27434918564377
 21
-1.1623696603579738
 31
0.0
 11
-42.286536678122445
 21
-1.1294685997892118
 31
0.0
 11
-42.29869922452708
 21
-1.0965491292104803
 31
0.0
 11
-42.310836801428664
 21
-1.0636112669438773
 31
0.0
 11
-42.322949385489295
 21
-1.03065503134214
 31
0.0
 11
-42.33503695328303
 21
-0.9976804407839781
 31
0.0
 11
-42.34709948148525
 21
-0.9646875136788668
 31
0.0
 11
-42.35913694678088
 21
-0.9316762684645791
 31
0.0
 11
-42.371149325831304
 21
-0.898646723606468
 31
0.0
 11
-42.38313659526025
 21
-0.865598897597484
 31
0.0
 11
-42.39509873183879
 21
-0.8325328089618077
 31
0.0
 11
-42.40703571225659
 21
-0.7994484762501137
 31
0.0
 11
-42.41894751322332
 21
-0.7663459180416349
 31
0.0
 11
-42.430834111530075
 21
-0.7332251529454682
 31
0.0
 11
-42.44269548390223
 21
-0.7000861995974934
 31
0.0
 11
-42.4545316070782
 21
-0.6669290766621763
 31
0.0
 11
-42.46634245792834
 21
-0.6337538028342947
 31
0.0
 11
-42.47812801318377
 21
-0.6005603968345556
 31
0.0
 11
-42.489888249664205
 21
-0.5673488774132264
 31
0.0
 11
-42.501623144245265
 21
-0.534119263349494
 31
0.0
 11
-42.5133326737146
 21
-0.5008715734495943
 31
0.0
 11
-42.525016814914885
 21
-0.4676058265486785
 31
0.0
 11
-42.53667554495858
 21
-0.43432204151288956
 31
0.0
 11
-42.54830883980277
 21
-0.4010202372249711
 31
0.0
 11
-42.55991667977785
 21
-0.3677004326365196
 31
0.0
 11
-42.57149902902003
 21
-0.33436264658931264
 31
0.0
 11
-42.58305591204121
 21
-0.3010068984202763
 31
0.0
 11
-42.594587128425005
 21
-0.2676332059317815
 31
0.0
 11
-42.60609331681892
 21
-0.2342415921245997
 31
0.0
 11
-42.61757198549754
 21
-0.2008320631971456
 31
0.0
 11
-42.62903232192276
 21
-0.1674046789963082
 31
0.0
 11
-42.64043993913141
 21
-0.13395933356744164
 31
0.0
 11
-42.65192302526687
 21
-0.10049641200202776
 31
0.0
 11
-42.66300320490343
 21
-0.06701494384187444
 31
0.0
 11
-42.67546516093636
 21
-0.03351723885122168
 31
0.0
 11
-42.68265006170276
 21
-5.227117077719086e-15
 31
0.0
  0
LINE
  5
31
330
17
100
AcDbEntity
  8
PITCH_CURVE
100
AcDbLine
 10
-42.68265006170276
 20
-5.227117077719086e-15
 30
0.0
 11
11.235827784624853
 21
-0.0
 31
0.0
  0
ENDSEC
  0
SECTION
  2
OBJECTS
  0
DICTIONARY
  5
A
330
0
100
AcDbDictionary
281
1
  3
ACAD_COLOR
350
B
  3
ACAD_GROUP
350
C
  3
ACAD_LAYOUT
350
D
  3
ACAD_MATERIAL
350
E
  3
ACAD_MLEADERSTYLE
350
F
  3
ACAD_MLINESTYLE
350
10
  3
ACAD_PLOTSETTINGS
350
11
  3
ACAD_PLOTSTYLENAME
350
12
  3
ACAD_SCALELIST
350
14
  3
ACAD_TABLESTYLE
350
15
  3
ACAD_VISUALSTYLE
350
16
  3
EZDXF_META
350
2D
  0
DICTIONARY
  5
B
330
A
100
AcDbDictionary
281
1
  0
DICTIONARY
  5
C
330
A
100
AcDbDictionary
281
1
  0
DICTIONARY
  5
D
330
A
100
AcDbDictionary
281
1
  3
Model
350
1A
  3
Layout1
350
1E
  0
DICTIONARY
  5
E
330
A
100
AcDbDictionary
281
1
  3
ByBlock
350
1F
  3
ByLayer
350
20
  3
Global
350
21
  0
DICTIONARY
  5
F
330
A
100
AcDbDictionary
281
1
  3
Standard
350
2C
  0
DICTIONARY
  5
10
330
A
100
AcDbDictionary
281
1
  3
Standard
350
22
  0
DICTIONARY
  5
11
330
A
100
AcDbDictionary
281
1
  0
ACDBDICTIONARYWDFLT
  5
12
330
A
100
AcDbDictionary
281
1
  3
Normal
350
13
100
AcDbDictionaryWithDefault
340
13
  0
ACDBPLACEHOLDER
  5
13
330
12
  0
DICTIONARY
  5
14
330
A
100
AcDbDictionary
281
1
  0
DICTIONARY
  5
15
330
A
100
AcDbDictionary
281
1
  0
DICTIONARY
  5
16
330
A
100
AcDbDictionary
281
1
  0
LAYOUT
  5
1A
330
D
100
AcDbPlotSettings
  1

  4
A3
  6

 40
7.5
 41
20.0
 42
7.5
 43
20.0
 44
420.0
 45
297.0
 46
0.0
 47
0.0
 48
0.0
 49
0.0
140
0.0
141
0.0
142
1.0
143
1.0
 70
1024
 72
1
 73
0
 74
5
  7

 75
16
 76
0
 77
2
 78
300
147
1.0
148
0.0
149
0.0
100
AcDbLayout
  1
Model
 70
1
 71
0
 10
0.0
 20
0.0
 11
420.0
 21
297.0
 12
0.0
 22
0.0
 32
0.0
 14
1e+20
 24
1e+20
 34
1e+20
 15
-1e+20
 25
-1e+20
 35
-1e+20
146
0.0
 13
0.0
 23
0.0
 33
0.0
 16
1.0
 26
0.0
 36
0.0
 17
0.0
 27
1.0
 37
0.0
 76
1
330
17
  0
LAYOUT
  5
1E
330
D
100
AcDbPlotSettings
  1

  4
A3
  6

 40
7.5
 41
20.0
 42
7.5
 43
20.0
 44
420.0
 45
297.0
 46
0.0
 47
0.0
 48
0.0
 49
0.0
140
0.0
141
0.0
142
1.0
143
1.0
 70
0
 72
1
 73
0
 74
5
  7

 75
16
 76
0
 77
2
 78
300
147
1.0
148
0.0
149
0.0
100
AcDbLayout
  1
Layout1
 70
1
 71
1
 10
0.0
 20
0.0
 11
420.0
 21
297.0
 12
0.0
 22
0.0
 32
0.0
 14
1e+20
 24
1e+20
 34
1e+20
 15
-1e+20
 25
-1e+20
 35
-1e+20
146
0.0
 13
0.0
 23
0.0
 33
0.0
 16
1.0
 26
0.0
 36
0.0
 17
0.0
 27
1.0
 37
0.0
 76
1
330
1B
  0
MATERIAL
  5
1F
102
{ACAD_REACTORS
330
E
102
}
330
E
100
AcDbMaterial
  1
ByBlock
  2

 70
0
 40
1.0
 71
1
 41
1.0
 91
-1023410177
 42
1.0
 72
1
  3

 73
1
 74
1
 75
1
 44
0.5
 73
0
 45
1.0
 46
1.0
 77
1
  4

 78
1
 79
1
170
1
 48
1.0
171
1
  6

172
1
173
1
174
1
140
1.0
141
1.0
175
1
  7

176
1
177
1
178
1
143
1.0
179
1
  8

270
1
271
1
272
1
145
1.0
146
1.0
273
1
  9

274
1
275
1
276
1
 42
1.0
 72
1
  3

 73
1
 74
1
 75
1
 94
63
  0
MATERIAL
  5
20
102
{ACAD_REACTORS
330
E
102
}
330
E
100
AcDbMaterial
  1
ByLayer
  2

 70
0
 40
1.0
 71
1
 41
1.0
 91
-1023410177
 42
1.0
 72
1
  3

 73
1
 74
1
 75
1
 44
0.5
 73
0
 45
1.0
 46
1.0
 77
1
  4

 78
1
 79
1
170
1
 48
1.0
171
1
  6

172
1
173
1
174
1
140
1.0
141
1.0
175
1
  7

176
1
177
1
178
1
143
1.0
179
1
  8

270
1
271
1
272
1
145
1.0
146
1.0
273
1
  9

274
1
275
1
276
1
 42
1.0
 72
1
  3

 73
1
 74
1
 75
1
 94
63
  0
MATERIAL
  5
21
102
{ACAD_REACTORS
330
E
102
}
330
E
100
AcDbMaterial
  1
Global
  2

 70
0
 40
1.0
 71
1
 41
1.0
 91
-1023410177
 42
1.0
 72
1
  3

 73
1
 74
1
 75
1
 44
0.5
 73
0
 45
1.0
 46
1.0
 77
1
  4

 78
1
 79
1
170
1
 48
1.0
171
1
  6

172
1
173
1
174
1
140
1.0
141
1.0
175
1
  7

176
1
177
1
178
1
143
1.0
179
1
  8

270
1
271
1
272
1
145
1.0
146
1.0
273
1
  9

274
1
275
1
276
1
 42
1.0
 72
1
  3

 73
1
 74
1
 75
1
 94
63
  0
MLINESTYLE
  5
22
102
{ACAD_REACTORS
330
10
102
}
330
10
100
AcDbMlineStyle
  2
Standard
 70
0
  3

 62
256
 51
90.0
 52
90.0
 71
2
 49
0.5
 62
256
  6
BYLAYER
 49
-0.5
 62
256
  6
BYLAYER
  0
MLEADERSTYLE
  5
2C
102
{ACAD_REACTORS
330
F
102
}
330
F
100
AcDbMLeaderStyle
179
2
170
2
171
1
172
0
 90
2
 40
0.0
 41
0.0
173
1
 91
-1056964608
 92
-2
290
1
 42
2.0
291
1
 43
8.0
  3
Standard
 44
4.0
300

342
29
174
1
175
1
176
0
178
1
 93
-1056964608
 45
4.0
292
0
297
0
 46
4.0
 94
-1056964608
 47
1.0
 49
1.0
140
1.0
294
1
141
0.0
177
0
142
1.0
295
0
296
0
143
3.75
271
0
272
9
273
9
  0
DICTIONARY
  5
2D
330
A
100
AcDbDictionary
280
1
281
1
  3
CREATED_BY_EZDXF
350
2E
  3
WRITTEN_BY_EZDXF
350
34
  0
DICTIONARYVAR
  5
2E
330
2D
100
DictionaryVariables
280
0
  1
1.4.4 @ 2026-07-26T19:07:16.850354+00:00
  0
DICTIONARYVAR
  5
34
330
2D
100
DictionaryVariables
280
0
  1
1.4.4 @ 2026-07-26T19:07:16.852238+00:00
  0
ENDSEC
  0
EOF
