ArcLength_mm,X_mm,Y_mm,TangentAngle_deg,Curvature
0.0,11.235827784624853,-0.0,-63.89029936307308,-2.8067450665760425e-14
0.010184352754344954,11.24090489769481,-0.008828587876880761,-52.336115210168266,40.533872765074236
0.022650948135272034,11.249692838995303,-0.017670990722874282,-45.12830916975907,-19.398724330292808
0.03443916492389453,11.25747558995286,-0.026524851044124984,-49.19678667967531,7.527822577424815
0.046409147305415586,11.26551661211225,-0.03539178066187343,-47.57568195437764,-2.7916675253867145
0.058334575624893185,11.273477395075894,-0.04427106977805664,-48.26049200394458,0.788620132254803
0.07027635645949394,11.281448610911966,-0.053162967640515015,-48.124082246307886,-0.38980902687541524
0.08221820438682464,11.289405949632203,-0.06206737623462784,-48.26269947822968,-0.015364843083743392
0.09416448410978727,11.29735590602216,-0.07098431475729597,-48.31289981878101,-0.1313188578457868
0.10611402932014098,11.305296721972741,-0.07991376450368458,-48.39070597810657,-0.09596553814053178
0.11806715468996601,11.313228850456778,-0.08885571864243398,-48.460031499150105,-0.10648508752138001
0.13002377833050874,11.32115215212012,-0.0978101666786476,-48.5318852589135,-0.10328729830040093
0.1419839244408366,11.329066646169121,-0.10677709920480885,-48.60295836770759,-0.10414492376675755
0.15394758894345673,11.336972309546985,-0.11575650647295053,-48.67423342601992,-0.10381552553837463
0.16591477522518558,11.344869130379571,-0.12474837881632973,-48.745421880698814,-0.10383111314397551
0.17788548468245127,11.352757093829993,-0.1337527065266632,-48.816607657233995,-0.10374660240285921
0.18985971927771306,11.360636185925319,-0.14276947989055205,-48.8877663971788,-0.1036911880357358
0.20183748080441705,11.36850639245574,-0.15179868917814185,-48.958905207376624,-0.10362744006095688
0.21381877108032538,11.376367699264232,-0.16084032464626039,-49.03002230555083,-0.1035668718520081
0.22580359189340315,11.384220092165412,-0.16989437653737985,-49.10111776676036,-0.10350338481539251
0.2377919451391679,11.39206355715169,-0.17896083508271418,-49.17219179014398,-0.10344343678461973
0.2497838325318058,11.39989807995957,-0.1880396904957342,-49.24324465628278,-0.10338080963534088
0.2617792559197864,11.407723646543632,-0.19713093297931839,-49.31427576393241,-0.10331915236065888
0.27377821711303835,11.415540242816933,-0.20623455272189237,-49.38528566512528,-0.10325817324143072
0.28578071787124565,11.423347854633352,-0.21535053989689842,-49.456274147834776,-0.10319594136058219
0.297786760020618,11.431146467963249,-0.22447888466598262,-49.52724121178515,-0.10313500270454976
0.3097963453281102,11.438936068704194,-0.2336195771755571,-49.598186920354,-0.10307299733663898
0.32180947560485035,11.446716642836698,-0.2427726075597821,-49.669111229574874,-0.10301197237945654
0.3338261526135962,11.454488176284805,-0.25193796593779855,-49.74001428709801,-0.10295043828894791
0.34584637813486524,11.462250655015751,-0.261115642415741,-49.81089600709995,-0.10288920593596886
0.357870153939328,11.470004064998351,-0.270305627085897,-49.88175642487008,-0.10282781646378138
0.36989748180584614,11.477748392230218,-0.2795079100273461,-49.9525954792141,-0.10276644849171468
0.38192836350206816,11.485483622708488,-0.2887224813053025,-50.02341339621373,-0.10270575727603584
0.39396280076706514,11.493209742403574,-0.2979493309704025,-50.094209944357395,-0.10264376020461986
0.4060007954059126,11.5009267374021,-0.30718844906238707,-50.164985185146655,-0.10258328902701347
0.4180423491393919,11.50863459367972,-0.3164398256042771,-50.23573936929586,-0.10252206178825413
0.43008746372110723,11.51633329727819,-0.3257034506069169,-50.30647223435656,-0.10246087211359445
0.4421361409122191,11.524022834267198,-0.3349793140680892,-50.377183893114214,-0.10240001404282642
0.45418838245013465,11.531703190696946,-0.3442674059711809,-50.447874388506264,-0.10233899136598335
0.46624419007509577,11.53937435263843,-0.3535677162863058,-50.51854374430294,-0.10227824465326954
0.4783035655220172,11.547036306171066,-0.3628802349699665,-50.589191831915976,-0.10221689236669848
0.49036651054638825,11.554689037421989,-0.37220495196632314,-50.65981886300249,-0.10215680061134673
0.5024330268384846,11.562332532435907,-0.38154185720305134,-50.73042481544185,-0.10209542757399724
0.5145031161572113,11.569966777378214,-0.3908909405978495,-50.80100947908476,-0.102034770198477
0.5265767802223847,11.577591758371488,-0.4002521920532303,-50.871573205696286,-0.1019744573294473
0.538654020732262,11.58520746152208,-0.4096256014572568,-50.94211575638288,-0.10191315242536646
0.5507348394263847,11.592813873015636,-0.4190111586869025,-51.012637382841916,-0.10185360948558989
0.5628192379693052,11.600410978940307,-0.4284088536017993,-51.0831378378707,-0.10179163403412848
0.5749072181447477,11.60799876558213,-0.4378186760549631,-51.15361710626921,-0.10173208914364266
0.5869987816110814,11.615577219052897,-0.44724061587921343,-51.224075568744254,-0.10167125683288337
0.599093930071714,11.623146325549548,-0.45667466289664377,-51.29451300017403,-0.10161110493613373
0.6111926652133188,11.6307060712601,-0.46612080691515734,-51.364929428411266,-0.10155039636098519
0.6232949887520576,11.63825644243411,-0.475579037731276,-51.43532472900997,-0.1014899283701214
0.6354009023766368,11.645797425295866,-0.4850493451267352,-51.5056993098633,-0.101430439460691
0.647510407736845,11.653329006026848,-0.49453171886760916,-51.57605272264662,-0.10136872263484846
0.6596235065864697,11.660851170983927,-0.5040261487135385,-51.64638525620613,-0.1013101086356453
0.6717402005264624,11.668363906307146,-0.5135326244011268,-51.71669697750756,-0.10124862933954767
0.6838604912885158,11.675867198352943,-0.5230511356624635,-51.786987662609185,-0.10118941270430341
0.6959843805046997,11.683361033342083,-0.5325816722098909,-51.85725760219927,-0.101128814726467
0.7081118698706327,11.690845397609156,-0.5421242237470101,-51.92750642134059,-0.10106856173804057
0.7202429610570495,11.698320277467328,-0.5516787799627142,-51.99773466577211,-0.1010095779975043
0.7323776556736732,11.705785659152982,-0.5612453305284208,-52.067941913270126,-0.10094815443421225
0.7445159554557935,11.713241529111498,-0.5708238651116606,-52.13812821544354,-0.10088936174211785
0.7566578619972999,11.720687873588231,-0.5804143733566131,-52.208294022887856,-0.10082927850039793
0.7688033769573364,11.72812467894523,-0.5900168448992201,-52.2784387083215,-0.10076872604243031
0.7809525020231197,11.735551931604295,-0.599631269364702,-52.3485627639644,-0.10071010071777955
0.7931052387766799,11.742969617842475,-0.6092576363571481,-52.41866609453562,-0.10064931917492165
0.8052615889089368,11.750377724120682,-0.6188959354762255,-52.4887484997132,-0.10059016159136748
0.8174215540332324,11.757776236797367,-0.6285461563025594,-52.55881033298785,-0.10053043938298123
0.8295851357810216,11.765165142275508,-0.6382082884052709,-52.628851336661135,-0.10047058596644663
0.8417523357911569,11.772544426986162,-0.6478823213412161,-52.69887173965348,-0.10041156454026204
0.8539231556680309,11.779914077324086,-0.6575682446514659,-52.768871305840904,-0.1003510781210405
0.8660975970791851,11.78727407979795,-0.6672660478696363,-52.83885024894589,-0.10029271306634978
0.8782756615878666,11.79462442077256,-0.6769757205075043,-52.90880860692397,-0.10023238038920408
0.8904573508505332,11.801965086773036,-0.6866972520721104,-52.978746171066156,-0.1001734606337462
0.9026426664575301,11.80929606423935,-0.696430632051877,-53.048663263817254,-0.10011409645579114
0.914831610019103,11.816617339658897,-0.7061758499241637,-53.118559545163194,-0.10005424690678487
0.9270241831642868,11.823928899564816,-0.7159328951553197,-53.18843538464932,-0.09999598493273176
0.939220387439236,11.831230730379081,-0.7257017571912036,-53.258290684593874,-0.09993590076378729
0.9514202244910268,11.838522818696257,-0.7354824254743406,-53.32812513993747,-0.09987680941436454
0.9636236959169676,11.845805151050811,-0.7452748894299323,-53.397939193243225,-0.09981803596180754
0.975830803276648,11.853077713935692,-0.7550791384667642,-53.467732810971,-0.09975889338758878
0.9880415481593072,11.86034049390646,-0.7648951619837289,-53.53750579401461,-0.09969959501710768
1.0002559321716413,11.867593477562478,-0.7747229493688066,-53.60725816263332,-0.09964055466358757
1.0124739568893926,11.874836651472005,-0.7845624899942585,-53.67699023582633,-0.09958221246770295
1.0246956238538099,11.882070002166685,-0.7944137732160983,-53.746701785208224,-0.09952256464188751
1.036920934684317,11.889293516316066,-0.8042767883857211,-53.81639265113112,-0.0994638105533239
1.049149890947481,11.896507180524608,-0.8141515248365219,-53.88606325427501,-0.09940540861126522
1.0613824941772045,11.90371098136294,-0.8240379718857656,-53.9557134772107,-0.0993463643347377
1.073618745954799,11.910904905492048,-0.8339361188431166,-54.025343098124786,-0.09928737395959641
1.085858647855421,11.918088939580212,-0.8438459550050796,-54.094952407986604,-0.09922920431209192
1.0981022013992778,11.925263070227231,-0.8537674696495673,-54.164541464760326,-0.0991704244171727
1.1103494081523615,11.932427284120863,-0.8637006520469201,-54.23410987522735,-0.09911117841553811
1.1226002697029587,11.939581568000373,-0.8736454914575534,-54.30365798990284,-0.0990534419498667
1.1348547875473673,11.94672590847887,-0.8836019771189821,-54.37318594657935,-0.09899463404212344
1.1471129632399757,11.95386029227667,-0.8935700982627359,-54.442693388753106,-0.09893592681474538
1.159374798336778,11.960984706133464,-0.9035498441081108,-54.51218057964608,-0.09887791324998609
1.1716402943532047,11.968099136742673,-0.9135412038572012,-54.58164745506357,-0.09881906855053514
1.1839094528404963,11.97520357087037,-0.9235441667038526,-54.65109406553265,-0.09876124349538243
1.1961822753049365,11.982297995229466,-0.933558721824113,-54.72052040503566,-0.09870242707840396
1.2084587632963453,11.989382396617636,-0.9435848583868427,-54.78992644831889,-0.09864457492828345
1.2207389183212976,11.996456761782012,-0.9536225655432564,-54.85931227580489,-0.09858603256678797
1.2330227419105326,12.003521077524338,-0.9636718324351331,-54.92867789023579,-0.09852823313847392
1.2453102355587338,12.010575330606981,-0.9737326481873773,-54.998023379218566,-0.09846998516055284
1.2576014007902236,12.017619507855517,-0.9838050019162227,-55.06734847571463,-0.09841147223339361
1.2698962391326538,12.024653596117657,-0.9938888827260557,-55.13665358229551,-0.09835441249595701
1.282194752045102,12.031677582150841,-1.0039842797000873,-55.20593843660127,-0.09829520062173049
1.2944969410908678,12.038691452892442,-1.0140911819227212,-55.27520306082584,-0.09823824834239671
1.3068028077182565,12.045695195116862,-1.024209578451073,-55.34444779063294,-0.09818003489331216
1.3191123534330045,12.052688795705336,-1.0343394583374466,-55.413672213047306,-0.09812195632602173
1.3314255797470358,12.059672241565755,-1.0444808106227759,-55.482876546695074,-0.09806440806280593
1.3437424881317777,12.066645519559524,-1.0546336243303027,-55.55206089060163,-0.0980066558179295
1.356063080066195,12.073608616576825,-1.0647978884719942,-55.62122516761308,-0.0979489343568141
1.368387357042353,12.080561519545356,-1.0749735920494017,-55.690369216787964,-0.09789077158695743
1.3807153205632132,12.087504215426895,-1.0851607240534602,-55.759493331510335,-0.09783392626059308
1.393046972058416,12.094436691085129,-1.0953592734526216,-55.82859753896492,-0.09777588652676843
1.4053823130241097,12.101358933505153,-1.1055692292124832,-55.89768153184509,-0.09771821656655065
1.4177213449375747,12.108270929659435,-1.1157905802838783,-55.96674568296495,-0.0976612773139032
1.4300640692350715,12.115172666472969,-1.1260233155995565,-56.03578980689842,-0.09760312877037496
1.442410487414122,12.12206413098408,-1.1362674240890287,-56.10481390780338,-0.09754624644066957
1.4547606009083902,12.128945310147667,-1.1465228946603836,-56.17381817964269,-0.09748869228818802
1.467114411179596,12.135816190979792,-1.1567897162137022,-56.24280243217175,-0.09743131780584263
1.479471919683803,12.142676760504642,-1.1670678776361674,-56.3117668313869,-0.09737427835697997
1.491833127859982,12.14952700573651,-1.177357367800315,-56.380711272239445,-0.09731665302615397
1.5041980371756718,12.15636691375175,-1.1876581755709854,-56.449635793701674,-0.09725976912115138
1.5165666490573266,12.163196471578988,-1.1979702897947233,-56.518540539887816,-0.09720259661200907
1.528938964939711,12.170015666277006,-1.2082936993072837,-56.587425435981515,-0.09714554735204327
1.541314986263564,12.176824484931066,-1.2186283929333472,-56.656290374159695,-0.09708811648623827
1.553694714478986,12.18362291465827,-1.2289743594871292,-56.7251355796171,-0.09703174799214337
1.5660781509821688,12.190410942507658,-1.2393315877623148,-56.7939610032759,-0.09697422504116583
1.5784652972261006,12.197188555635062,-1.2497000665496678,-56.86276654780813,-0.09691762772686885
1.5908561546196844,12.203955741143725,-1.2600797846209584,-56.93155241606773,-0.09686072254173576
1.60325072458543,12.210712486175481,-1.2704707307382084,-57.0003183977233,-0.09680357861683343
1.6156490085538844,12.217458777901973,-1.2808728936528866,-57.069064742113994,-0.09674742140134823
1.6280510079081298,12.224194603436818,-1.291286262096711,-57.137791320906814,-0.0966899625584267
1.6404567240962051,12.230919950013577,-1.301710824800323,-57.206498079386854,-0.096633696876612
1.6528661585005713,12.23763480477905,-1.3121465704715662,-57.275185358408976,-0.09657724342868455
1.6652793125124903,12.244339154911088,-1.322593487807827,-57.3438528068653,-0.096520036292319
1.677696187566352,12.251032987673034,-1.3330515655020463,-57.41250057780564,-0.09646405890555758
1.6901167850341372,12.257716290246371,-1.3435207922246828,-57.481128725041366,-0.09640704951202127
1.70254110633052,12.264389049897455,-1.3540011566417547,-57.54973720183663,-0.09635098657377375
1.7149691528229987,12.27105125383489,-1.3644926473992791,-57.61832620175197,-0.09629456739622672
1.7274009259002319,12.27770288931802,-1.374995253135162,-57.686895428163965,-0.09623771748657824
1.739836426974787,12.284343943661316,-1.3855089624798531,-57.75544508015575,-0.09618190316841915
1.7522756574035279,12.290974404107875,-1.3960337640421598,-57.82397519002352,-0.0961251904406058
1.7647186185790404,12.297594257974742,-1.40656964642555,-57.8924857571883,-0.09606942044069405
1.7771653118537327,12.304203492532213,-1.4171165982145075,-57.96097681245865,-0.09601284067492999
1.789615738617852,12.310802095127968,-1.4276746079887024,-58.029448256714005,-0.09595683869511558
1.8020699002346343,12.317390053083857,-1.438243664311212,-58.09790025241461,-0.09590076077267669
1.8145277980681538,12.323967353740239,-1.4488237557335943,-58.16633268521516,-0.09584448460848209
1.8269894334948138,12.330533984474307,-1.4594148707980892,-58.23474560594971,-0.09578859528415824
1.8394548078624786,12.33708993263495,-1.4700169980299709,-58.30313919053084,-0.09573285827916021
1.8519239225111668,12.343635185575732,-1.4806301259413508,-58.371513298811905,-0.0956766229956094
1.8643967788142246,12.350169730720589,-1.4912542430390936,-58.439867857770544,-0.09562072772155611
1.8768733781243252,12.356693555477671,-1.5018893378145852,-58.508203064842114,-0.09556509134297718
1.8893537217743896,12.363206647240798,-1.5125353987438113,-58.57651888915769,-0.09550915622301533
1.9018378111149519,12.369708993449136,-1.523192414294614,-58.644815278276155,-0.09545341948302435
1.9143256474860126,12.376200581542244,-1.5338603729212583,-58.7130923346599,-0.09539781728330528
1.9268172322213544,12.382681398966964,-1.5445392630652608,-58.78134997678278,-0.09534189915479477
1.9393125666649857,12.389151433203724,-1.5552290731586798,-58.849588343465875,-0.0952867311655065
1.9518116521260411,12.395610671694385,-1.5659297916150976,-58.917807374997416,-0.09523069297515369
1.964314489957925,12.402059101968922,-1.5766414068455297,-58.98600699249018,-0.09517535085616582
1.9768210814761062,12.408496711513802,-1.5873639072419068,-59.054187446538755,-0.09512005890978989
1.9893314279936678,12.414923487828922,-1.5980972811841896,-59.12234850151362,-0.09506410576117354
2.001845530851482,12.42133941847598,-1.6088415170466461,-59.19049039163386,-0.09500951353614634
2.014363391327222,12.4277444909326,-1.6195966031790556,-59.25861301936841,-0.09495333537310223
2.0268850107737575,12.43413869281429,-1.6303625279354357,-59.32671631623766,-0.09489859821698346
2.0394103904754854,12.44052201164396,-1.6411392796441482,-59.39480052272808,-0.09484313737544096
2.05193953174646,12.446894435009408,-1.6519268466283914,-59.46286540888446,-0.09478780581269215
2.064472435895988,12.453255950508087,-1.6627252171990528,-59.530911204771606,-0.09473303245406547
2.077009104206538,12.459606545711623,-1.6735343796499356,-59.59893775875357,-0.09467732540099312
2.0895495380002327,12.465946208272669,-1.6843543222720618,-59.66694520885063,-0.09462298259211155
2.1020937385408773,12.472274925767408,-1.695185033332546,-59.734933468200445,-0.094567080836342
2.114641707159602,12.478592685897626,-1.7060265011018816,-59.80290257421791,-0.09451288823996783
2.127193445102982,12.484899476246348,-1.716878713820795,-59.870852753338305,-0.09445766353930532
2.139748953669534,12.491195284497532,-1.7277416597301272,-59.93878362022598,-0.094402445803134
2.152308234163958,12.497480098362416,-1.738615327060949,-60.00669545694087,-0.0943480517530528
2.16487128783711,12.503753905482812,-1.7494997040210956,-60.07458834438787,-0.09429310584947823
2.177438115970425,12.510016693567144,-1.7603947788140024,-60.14246207195084,-0.09423817320917073
2.190008719852242,12.516268450352309,-1.7713005396335282,-60.210316729635885,-0.09418352391208965
2.202583100740844,12.522509163544052,-1.7822169746555503,-60.278152562518144,-0.09412931856824004
2.2151612598823793,12.52873882084589,-1.7931440720419316,-60.345969229532734,-0.09407376948406904
2.227743198590933,12.53495741008836,-1.8040818199590867,-60.4137668545909,-0.09401995418440963
2.2403289180864485,12.541164918967315,-1.8150302065405652,-60.48154573292392,-0.0939652713914782
2.252918419630732,12.547361335263599,-1.8259892199184504,-60.549305467618865,-0.0939104019163133
2.2655117044992266,12.553546646797468,-1.836958848216986,-60.61704636048021,-0.09385660246405626
2.278108773913018,12.559720841318647,-1.8479390795365225,-60.684768307523534,-0.09380149192995893
2.290709629158182,12.565883906699373,-1.858929901981748,-60.75247122245616,-0.0937474997097416
2.3033142714597497,12.57203583073047,-1.8699313036318137,-60.82015547332476,-0.09369345574630386
2.315922702044737,12.578176601223358,-1.8809432725552226,-60.88782070531583,-0.0936385278877655
2.3285349221884397,12.584306206085046,-1.891965796821143,-60.95546706905997,-0.09358494735413526
2.3411509330992897,12.590424633131594,-1.9029988644715634,-61.0230946343101,-0.09353025975514562
2.353770736030261,12.596531870268665,-1.9140424635483198,-61.09070335419041,-0.09347659603847827
2.3663943321926584,12.602627905351753,-1.925096582072067,-61.15829328440166,-0.0934221096246698
2.3790217228373662,12.608712726317973,-1.936161208062271,-61.22586427410365,-0.0933680754034575
2.3916529091849936,12.614786321072717,-1.9472363295200086,-61.293416695102884,-0.0933146636476077
2.404287892425378,12.62084867748884,-1.9583219344276663,-61.36095028207938,-0.0932599434140246
2.416926673817126,12.626899783568309,-1.9694180107739887,-61.428465038728945,-0.09320658826591345
2.4295692545575363,12.63293962723091,-1.9805245465214278,-61.495961072752095,-0.09315221268594333
2.4422156358828317,12.638968196477126,-1.9916415296314425,-61.56343833567692,-0.09309877026899739
2.4548658189767703,12.644985479239576,-2.0027689480412487,-61.63089714380073,-0.0930453148396503
2.4675198050343305,12.650991463486566,-2.0139067896799974,-61.69833700234209,-0.09299055420868448
2.4801775953166185,12.65698613731146,-2.025055042483173,-61.76575818762044,-0.092937907292247
2.4928391909697467,12.662969488637877,-2.0362136943456504,-61.83316094893317,-0.0928838816683211
2.5055045932070006,12.668941505516285,-2.0473827331689085,-61.90054485262549,-0.09283008588253734
2.518173803244871,12.674902176019836,-2.058562146844579,-61.96791012033782,-0.09277671790001675
2.5308468222617058,12.68085148817698,-2.0697519232435027,-62.035256911790704,-0.09272340919857733
2.5435236514348647,12.686789430032034,-2.080952050225437,-62.102585053625106,-0.09266961074660125
2.5562042919736063,12.69271598969881,-2.0921625156479307,-62.16989451783256,-0.09261627164032055
2.5688887450550757,12.698631155256212,-2.1033833073492554,-62.23718558393499,-0.09256328961015085
2.581577011841927,12.704534914776964,-2.114614413153024,-62.304457984007776,-0.09250926035349405
2.5942690935493253,12.710427256437038,-2.12585582088641,-62.3717118207746,-0.09245660744121474
2.6069649913229735,12.716308168316418,-2.137107518347055,-62.43894724509874,-0.09240304040493914
2.6196647063481793,12.722177638577318,-2.148369493332725,-62.50616407461266,-0.09234993282554797
2.6323682397926103,12.728035655370611,-2.159641733625731,-62.57336248549273,-0.09229689702152107
2.6450755928174714,12.733882206854114,-2.1709242269959574,-62.64054237739195,-0.09224356071899366
2.657786766598833,12.739717281227474,-2.1822169612068265,-62.70770381547891,-0.09219075074008369
2.6705017622856677,12.745540866663505,-2.19351992400361,-62.77484684953966,-0.09213759825128419
2.6832205810423373,12.751352951377742,-2.2048331031253046,-62.841971415765954,-0.09208465996838304
2.6959432240267946,12.757153523592743,-2.2161564862985665,-62.90907754948163,-0.09203165139800551
2.708669692394559,12.76294257154462,-2.2274900612388304,-62.97616532278984,-0.09197895784741916
2.7213999872822185,12.76872008345598,-2.23883381564559,-63.04323478672441,-0.09192613631912626
2.7341341098402503,12.774486047589747,-2.250187737211775,-63.11028574663497,-0.09187295600247375
2.746872061232866,12.780240452248922,-2.261551813623834,-63.17731842474233,-0.09182079035705558
2.7596138425726653,12.785983285669356,-2.2729260325427925,-63.24433279963221,-0.09176759865576248
2.7723594550215713,12.791714536185427,-2.2843103816335284,-63.311328766826904,-0.09171519346664223
2.785108899705212,12.797434192089463,-2.2957048485399105,-63.37830652300587,-0.09166258752507814
2.7978621777512958,12.803142241694776,-2.307109420895945,-63.445265993539905,-0.09161002497397186
2.8106192902920766,12.808838673339709,-2.318524086326554,-63.512207152479434,-0.0915573949750099
2.823380238465452,12.814523475389462,-2.3299488324479647,-63.57912998629632,-0.09150484231266218
2.8361450233946095,12.820196636202613,-2.341383646861665,-63.64603473054534,-0.09145290357560078
2.848913646178555,12.825858144115534,-2.352828517151478,-63.712921150366945,-0.09139975591618489
2.861686107974718,12.83150798757834,-2.364283430908474,-63.77978932299147,-0.0913480748384035
2.8744624098671654,12.837146154937946,-2.3757483756912467,-63.84663943690458,-0.09129548964842236
2.8872425529785217,12.842772634622369,-2.387223339059708,-63.91347128159769,-0.09124328022883711
2.9000265384216823,12.84838741506119,-2.3987083085605287,-63.98028498182874,-0.09119108278428768
2.9128143673063045,12.853990484696254,-2.4102032717291078,-64.04708047601166,-0.09113875217428305
2.9256060407415094,12.859581831986132,-2.4217082160904204,-64.11385794644654,-0.09108709921422532
2.9384015598073905,12.865161445359119,-2.4332231291501576,-64.18061725353415,-0.09103443488543837
2.951200925634624,12.870729313344595,-2.4447479984195097,-64.24735837504501,-0.09098276790689408
2.9640041393027703,12.876285424405184,-2.4562828113835162,-64.31408154229072,-0.09093078157929005
2.9768112019013193,12.881829767037521,-2.467827555520066,-64.38078659175757,-0.09087871574981377
2.9896221145302166,12.887362329773154,-2.4793822183001533,-64.44747356903846,-0.0908269005737449
3.0024368782769946,12.892883101140738,-2.4909467871806865,-64.5141424838509,-0.09077490822178268
3.0152554942319685,12.89839206969117,-2.5025212496093037,-64.58079341967759,-0.0907233673154922
3.028077963463397,12.903889223956508,-2.5141055930164202,-64.647426376274,-0.09067142139401413
3.0409042870640945,12.909374552527083,-2.525699804830193,-64.7140412186147,-0.09061955975071052
3.053734466118853,12.914848043997594,-2.53730387246613,-64.78063817974133,-0.09056829490868845
3.066568501679108,12.920309686925178,-2.5489177833187875,-64.84721720896206,-0.09051634251591639
3.079406394832529,12.925759469944627,-2.5605415247844077,-64.91377821668654,-0.0904648807548258
3.092248146647856,12.93119738167704,-2.572175084243015,-64.98032129055014,-0.09041321365031621
3.105093758194668,12.936623410762568,-2.5838184490648604,-65.04684649278256,-0.09036196789696552
3.1179432305241583,12.942037545828553,-2.5954716066040686,-65.11335380053274,-0.09031028576140684
3.1307965647105083,12.947439775558138,-2.607134544212355,-65.17984315249416,-0.09025892025683145
3.1436537618115064,12.952830088624943,-2.6188072492260077,-65.24631469037685,-0.09020766991294793
3.156514822873535,12.958208473701342,-2.6304897089674832,-65.31276841018231,-0.09015634052430084
3.1693797489511333,12.963574919490938,-2.64218191075198,-65.37920423939815,-0.09010494027478305
3.1822485411081,12.968929414730402,-2.653883841887898,-65.44562214776711,-0.09005357562791645
3.195121200393198,12.974271948149115,-2.66559548966864,-65.5120224287936,-0.09000301832820623
3.2079977278193197,12.979602508434542,-2.6773168413653976,-65.57840486440533,-0.08995110957879923
3.2208781244687543,12.984921084407237,-2.689047884263173,-65.64476941332975,-0.08990048685942136
3.233762391358247,12.990227664796436,-2.7007886056146337,-65.71111638324469,-0.08984945908134215
3.2466505295246044,12.995522238382474,-2.7125389926694137,-65.77744541213069,-0.0897979024553918
3.2595425400289537,13.00080479400387,-2.724299032675771,-65.84375682126745,-0.0897477914106482
3.2724384238587723,13.006075320394244,-2.73606871284647,-65.91005058740075,-0.08969621915664006
3.285338182077279,13.01133380643109,-2.7478480204108484,-65.97632643773052,-0.08964541619912338
3.2982418157094537,13.01658024094591,-2.7596369425751135,-66.04258479358613,-0.08959503095584571
3.3111493257535503,13.021814612743402,-2.7714354665261878,-66.10882543047633,-0.08954366779985917
3.3240607132600677,13.027036910733104,-2.7832435794596844,-66.17504835046859,-0.08949333467566382
3.3369759792309215,13.032247123761257,-2.795061268544237,-66.24125369799332,-0.08944240905971329
3.3498951246910234,13.037445240730216,-2.8068885209468997,-66.3074413586792,-0.08939181352254522
3.36281815064992,13.042631250534436,-2.818725323819502,-66.37361150039638,-0.08934138833447358
3.3757450581091604,13.047805142072773,-2.830571664301241,-66.43976399132754,-0.08929048366042763
3.3886758480952803,13.052966904303569,-2.842427529530649,-66.50589887299441,-0.08924021722018108
3.40161052159943,13.058116526143797,-2.854292906623755,-66.57201629848309,-0.0891897727409752
3.414549079623869,13.063253996546772,-2.866167782690911,-66.63811605666358,-0.08913898334105666
3.427491523187606,13.068379304511566,-2.8780521448389833,-66.70419832049748,-0.08908905208648138
3.4404378532618494,13.073492438975084,-2.8899459801476315,-66.77026317830611,-0.08903854791858101
3.453388070852071,13.078593388949328,-2.9018492756994667,-66.8363103489408,-0.0889879053040987
3.466342176972378,13.08368214347852,-2.9137620185707713,-66.90234007207937,-0.0889380937603641
3.4793001725829957,13.088758691534466,-2.9256841958081914,-66.96835250255522,-0.08888791535298128
3.492262058667609,13.093823022146053,-2.937615794457452,-67.03434733916787,-0.08883733919085214
3.505227836237213,13.098875124405692,-2.9495568015650027,-67.1003246886345,-0.08878749470304048
3.5181975062612763,13.103914987354006,-2.961507204152167,-67.16628468483641,-0.08873732586087471
3.531171069719335,13.108942600066287,-2.9734669892344994,-67.23222726382303,-0.08868735592603638
3.5441485275854534,13.113957951626452,-2.9854361438159573,-67.29815245860213,-0.08863732264426855
3.5571298808365794,13.118961031141064,-2.997414654892088,-67.36406024516756,-0.08858733482197943
3.5701151304476975,13.12395182773119,-3.009402509448222,-67.42995066580767,-0.08853746192886268
3.5831042773855235,13.12893033052184,-3.021399694457045,-67.49582376159465,-0.08848763121820956
3.5960973226125694,13.13389652864877,-3.0334061968801547,-67.56167955382529,-0.08843786224694578
3.609094267094569,13.138850411270973,-3.045422003670945,-67.6275179309374,-0.08838777851607175
3.622095111805705,13.143791967579457,-3.057447101776705,-67.69333909759023,-0.08833860569848442
3.635099857676535,13.148721186709732,-3.0694814781182775,-67.75914299744464,-0.08828841764228472
3.6481085056888407,13.15363805790127,-3.0815251196271354,-67.82492950605048,-0.08823895715453733
3.6611210567927355,13.158542570358104,-3.093578013213002,-67.89069881087202,-0.08818931886005077
3.67413751193799,13.163434713301532,-3.1056401457760896,-67.95645087911413,-0.08813981698929693
3.687157872068439,13.168314475960697,-3.117711504204899,-68.02218576833741,-0.08809037968872366
3.7001821381282154,13.1731818475831,-3.1297920753787003,-68.08790338300419,-0.0880406683259129
3.713210311072569,13.178036817452801,-3.141881846171908,-68.15360383192873,-0.08799156911731953
3.726242391829211,13.182879374825328,-3.1539808034386074,-68.21928707890218,-0.08794180748913666
3.739278381351507,13.187709509017287,-3.1660889340339176,-68.28495319205942,-0.08789293713788483
3.7523182805565614,13.192527209302026,-3.178206224789049,-68.35060213053946,-0.08784311289982001
3.765362090403365,13.197332465041383,-3.1903326625429385,-68.41623388152975,-0.08779425451174087
3.778409811801223,13.202125265531246,-3.202468234105106,-68.48184868073899,-0.08774510778726641
3.791461445678943,13.206905600118292,-3.214612926283747,-68.54744615934021,-0.08769530922887428
3.804516992994859,13.211673458216893,-3.226766725890031,-68.61302663761184,-0.0876470652661393
3.8175764546256254,13.216428829121401,-3.238929619692331,-68.67859017708405,-0.08759747816739276
3.8306398315178263,13.221171702262154,-3.2511015944786346,-68.74413642811871,-0.08754834587396694
3.8437071246000287,13.225902067056932,-3.263282637020408,-68.80966575373358,-0.0874997752220983
3.8567783347644595,13.23061991287998,-3.27547273406484,-68.87517806782563,-0.08745045959309053
3.869853462942685,13.23532522918995,-3.2876718723663827,-68.94067329302014,-0.08740172856650837
3.882932510037301,13.240018005414386,-3.2998800386582774,-69.00615162866772,-0.08735299166641207
3.89601547695287,13.244698231002069,-3.31209721966546,-69.07161285914349,-0.087303731647438
3.9091023646193306,13.249365895462605,-3.324323402114549,-69.13705713234582,-0.0872554355370569
3.922193173914501,13.254020988235293,-3.3365585727010254,-69.20248457296913,-0.0872065547536125
3.9352879057459957,13.258663498827788,-3.3488027181239337,-69.26789495145336,-0.08715769282473286
3.948386561022593,13.263293416767628,-3.3610558250738256,-69.33328847783226,-0.08710941821058449
3.961489140623155,13.267910731549577,-3.3733178802194144,-69.39866508057561,-0.08706041220823689
3.974595645462156,13.272515432746674,-3.385588870235717,-69.46402472669337,-0.08701209584129987
3.98770607642269,13.277107509896679,-3.3978687817752737,-69.52936753872945,-0.08696346267049934
4.000820434392805,13.281686952563673,-3.4101576014837742,-69.59469355545998,-0.08691529578877603
4.013938720246908,13.286253750306539,-3.422455315991995,-69.66000266136894,-0.08686640161141886
4.027060934896566,13.290807892765137,-3.434761911938011,-69.72529483483831,-0.08681822326434599
4.040187079211765,13.295349369526678,-3.4470773759328353,-69.79057036038897,-0.08677013232366286
4.0533171540563995,13.299878170185973,-3.4594016945758304,-69.85582901937686,-0.08672141891532203
4.066451160328726,13.304394284414142,-3.471734854472615,-69.92107086681116,-0.08667352025550727
4.079589098887061,13.308897701832384,-3.484076842202298,-69.9862960058421,-0.0866251274095263
4.092730970613951,13.313388412121036,-3.4964276443458617,-70.0515042641798,-0.08657681711668269
4.105876776387889,13.317866404971479,-3.5087872474736925,-70.11669584564618,-0.08652901178597752
4.119026517054342,13.322331670036894,-3.521155638132568,-70.18187080760032,-0.0864809001423686
4.132180193483531,13.326784197030536,-3.5335328028715014,-70.24702887189245,-0.08643240261754163
4.145337806562192,13.331223975711707,-3.545918728238221,-70.31217031202783,-0.08638506272208367
4.158499357116352,13.335650995754355,-3.5583134007442503,-70.37729514841091,-0.08633666580356669
4.171664846025685,13.340065246941725,-3.5707168069166113,-70.44240315840476,-0.08628878134498008
4.184834274142825,13.344466719028986,-3.5831289332613427,-70.50749470767767,-0.08624140007619983
4.198007642299671,13.34885540175396,-3.59554976626623,-70.57256946118352,-0.08619267390155183
4.211184951391976,13.353231284981254,-3.60797929243963,-70.63762757471365,-0.08614575108054609
4.224366202224403,13.357594358438176,-3.6204174982393775,-70.70266927724688,-0.08609767796802077
4.237551395656653,13.361944611963876,-3.632864370139898,-70.76769418036578,-0.08604977242032619
4.2507405325480025,13.366282035414761,-3.6453198946068355,-70.83270257128652,-0.08600250563208406
4.263933613717552,13.370606618596684,-3.657784058078523,-70.89769446089433,-0.0859546751029911
4.277130640009414,13.374918351376174,-3.6702568469962573,-70.96266980617325,-0.08590734038825987
4.290331612258705,13.37921722362241,-3.6827382477885195,-71.02762846353207,-0.08585917618256271
4.303536531326778,13.383503225267352,-3.6952282468875555,-71.09257072213593,-0.08581265174016046
4.316745397998289,13.387776346129964,-3.7077268306808993,-71.15749652988953,-0.08576439625758399
4.3299582131426,13.392036576191956,-3.720233985587458,-71.2224056525424,-0.08571729830621248
4.34317497757204,13.396283905355547,-3.7327496979906494,-71.28729855268486,-0.08567031100441563
4.356395692092709,13.400518323530347,-3.7452739542623,-71.35217481985646,-0.08562217508108533
4.369620357568188,13.404739820742254,-3.7578067407931623,-71.41703465581794,-0.08557576597439617
4.382848974780547,13.40894838689576,-3.7703480439265165,-71.48187812331238,-0.0855278419716553
4.396081544572809,13.413144012017677,-3.7828978500263504,-71.54670516154032,-0.08548131792808678
4.409318067732403,13.417326686057683,-3.7954561454214075,-71.61151584939567,-0.08543364821933605
4.422558545100794,13.421496399076005,-3.808022916458063,-71.67630996169594,-0.08538657590702835
4.435802977488239,13.425653141097431,-3.820598149459201,-71.74108788493945,-0.08533997096877532
4.449051365676715,13.42979690211636,-3.8331818307254513,-71.80584943616425,-0.08529246245038978
4.462303710493562,13.433927672222948,-3.845773946571135,-71.87059463400121,-0.08524595212471671
4.475560012729646,13.438045441462878,-3.858374483284351,-71.93532341775992,-0.0851983297509779
4.488820273216995,13.442150199970431,-3.8709834271650663,-72.00003592222147,-0.08515221972343648
4.502084492712217,13.4462419377686,-3.8836007644677006,-72.06473232633464,-0.08510511450908292
4.51535267202563,13.45032064499057,-3.896226481464779,-72.12941219554673,-0.08505790647281496
4.528624811978038,13.454386311805562,-3.9088605644257934,-72.19407585941794,-0.08501171378419033
4.541900913332699,13.45843892830207,-3.921502999583289,-72.25872333811601,-0.08496460473039012
4.555180976890967,13.462478484652056,-3.9341537731804617,-72.32335459508552,-0.08491836136802679
4.568465003426576,13.466504970998114,-3.946812871438385,-72.38796955642906,-0.08487110393185004
4.581752993755203,13.470518377572947,-3.9594802805909617,-72.45256827994702,-0.08482505776088184
4.595044948631958,13.474518694523239,-3.9721559868333327,-72.51715096774423,-0.08477837709485384
4.608340868843522,13.478505912068021,-3.984839976368288,-72.58171731162291,-0.08473156706127319
4.621640755186003,13.482480020460596,-3.99753223539523,-72.64626755505253,-0.08468557100765016
4.634944608411879,13.4864410098973,-4.010232750083146,-72.71080169193745,-0.08463879073762244
4.648252429307475,13.490388870650783,-4.02294150661006,-72.77531969238015,-0.08459276157364792
4.661564218634333,13.494323592969124,-4.0356584911331375,-72.83982150901954,-0.08454590276069024
4.674879977189075,13.498245167178858,-4.048383689819435,-72.90430716406838,-0.0844999770789192
4.688199705717567,13.502153583537215,-4.061117088801735,-72.9687769200191,-0.084453852010214
4.701523404974442,13.50604883233463,-4.073858674209128,-73.03323051534169,-0.084407286439812
4.714851075744802,13.509930903932103,-4.086608432178407,-73.09766797817976,-0.08436128037184544
4.728182718782576,13.513799788655012,-4.099366348822102,-73.16208947305824,-0.08431519119678925
4.74151833484071,13.517655476845134,-4.1121324102441115,-73.22649493609327,-0.08426906325598413
4.7548579246772205,13.521497958871093,-4.124906602542904,-73.29088438092646,-0.08422305513462927
4.768201489048503,13.525327225116817,-4.137688911808054,-73.35525775192399,-0.08417682698767241
4.781549028717027,13.529143265994806,-4.150479324124329,-73.41961517374696,-0.08413119019748892
4.794900544411388,13.53294607187723,-4.163277825550566,-73.48395674301769,-0.08408526018732267
4.808256036880401,13.536735633189267,-4.176084402148243,-73.54828221435582,-0.08403902715185388
4.821615506891816,13.54051194040689,-4.1888990399809725,-73.61259171665624,-0.0839934791405453
4.834978955171827,13.544274983952421,-4.201721725082268,-73.676885420142,-0.08394773625376244
4.848346382453944,13.548024754278943,-4.214552443481525,-73.7411631802593,-0.08390185589412379
4.8617177894873365,13.551761241884725,-4.227391181208595,-73.80542496148908,-0.08385606541380518
4.875093177013463,13.555484437272815,-4.240237924281303,-73.86967089861726,-0.08381058207112449
4.888472545754854,13.559194330931675,-4.253092658699332,-73.93390100712688,-0.08376487724602161
4.901855896445431,13.562890913387589,-4.265955370460605,-73.99811523861348,-0.0837193127221528
4.915243229820244,13.566574175186926,-4.278826045555794,-74.06231353042337,-0.08367348963513348
4.9286345466174994,13.570244106899636,-4.2917046699694685,-74.12649610074153,-0.08362853898150593
4.94202984753067,13.573900699036415,-4.30459122965387,-74.19066294994195,-0.08358276220018768
4.955429133299909,13.57754394220689,-4.3174857105789215,-74.25481382242677,-0.08353719040789645
4.968832404658406,13.58117382702677,-4.330388098702983,-74.31894897050724,-0.08349211590985657
4.982239662309588,13.584790344078364,-4.34329837996021,-74.38306835775585,-0.08344649441026881
4.995650906978363,13.588393483999331,-4.35621654028882,-74.44717204119455,-0.08340161322595939
5.009066139363348,13.591983237399944,-4.369142565604668,-74.51125992551931,-0.08335578885485612
5.022485360205268,13.595559594981586,-4.3820764418392875,-74.57533202914112,-0.08331100027085078
5.035908570191042,13.599122547370516,-4.3950181548865,-74.63938860499975,-0.08326587898513518
5.049335770024518,13.602672085240535,-4.407967690641786,-74.70342934418196,-0.08322033201685286
5.0627669604345895,13.606208199327007,-4.420925035007011,-74.76745441338795,-0.08317568881005594
5.076202142106994,13.609730880308605,-4.433890173852099,-74.83146381142134,-0.08313018382177824
5.089641315757589,13.613240118934424,-4.446863093056269,-74.8954576334131,-0.08308583239824706
5.1030844820560946,13.616735905891648,-4.459843778464943,-74.95943581618691,-0.08304020845613899
5.1165316417357785,13.620218231995976,-4.472832215951956,-75.0233981793708,-0.08299543319213451
5.129982795483485,13.623687088000615,-4.485828391357187,-75.08734517657406,-0.08295103159782696
5.1434379439649485,13.627142464640317,-4.4988322905007525,-75.15127649757115,-0.08290549625385564
5.156897087905826,13.63058435277211,-4.511843899229479,-75.21519217275213,-0.08286121792724521
5.170360227974645,13.634012743171914,-4.524863203349868,-75.27909233982798,-0.08281608471492752
5.183827364869805,13.637427626685751,-4.537890188678022,-75.3429769542976,-0.08277173551733139
5.197298499258438,13.640828994123469,-4.550924841004425,-75.40684608726602,-0.0827268314556166
5.210773631836548,13.644216836363322,-4.563967146128732,-75.47069954861902,-0.08268203418879307
5.224252763292826,13.64759114428901,-4.577017089838889,-75.53453760857485,-0.08263787467343309
5.237735894281821,13.650951908743025,-4.590074657895423,-75.59836019313626,-0.08259293057907248
5.2512230254954675,13.654299120651126,-4.603139836073174,-75.6621672674175,-0.08254872514878803
5.264714157599138,13.657632770911023,-4.616212610123978,-75.72595883613836,-0.08250383799293524
5.278209291282796,13.660952850481427,-4.6292929658066795,-75.78973495751688,-0.08245982754196297
5.2917084271922645,13.664259350262391,-4.642380888846673,-75.85349578181217,-0.08241537374877193
5.305211565998575,13.667552261216079,-4.655476364976756,-75.91724102512241,-0.082370673641604
5.318718708389385,13.670831574351828,-4.668579379932227,-75.9809708538539,-0.08232669435126316
5.332229855010054,13.674097280623451,-4.6816899194158905,-76.04468539532047,-0.08228236785623042
5.3457450065200245,13.677349371027534,-4.694807969131498,-76.10838453268485,-0.08223813109997694
5.359264163582575,13.68058783658556,-4.707933514777731,-76.17206825682698,-0.08219382546115847
5.372787326862513,13.68381266833989,-4.721066542046877,-76.23573661927888,-0.08214976609487787
5.386314497008669,13.687023857323224,-4.734207036614297,-76.29938971169025,-0.08210574141821073
5.399845674665718,13.690221394579229,-4.747354984145493,-76.36302751671943,-0.0820616816610813
5.413380860488781,13.693405271188043,-4.760510370304959,-76.42664989174234,-0.08201733338204731
5.426920055144583,13.696575478268265,-4.773673180756995,-76.49025699343171,-0.08197372182635443
5.440463259259813,13.699732006886796,-4.786843401134314,-76.55384890350122,-0.08192962864669343
5.454010473485001,13.702874848170433,-4.800021017076851,-76.61742546187388,-0.08188564867456886
5.4675616984698925,13.706003993262808,-4.813206014216859,-76.68098677576042,-0.08184187593453299
5.481116934847462,13.709119433296486,-4.826398378169098,-76.74453292774162,-0.08179815290697849
5.4946761832490925,13.712221159419494,-4.8395980945401025,-76.80806384729043,-0.0817542427576905
5.508239444320266,13.71530916282274,-4.8528051489378985,-76.87157949062903,-0.08171045112772778
5.521806718700771,13.718383434705403,-4.866019526959863,-76.93507994148867,-0.08166680057961448
5.535378007019289,13.72144396626547,-4.879241214189342,-76.99856524581877,-0.08162317128849461
5.548953309902629,13.724490748715908,-4.892470196201353,-77.062035397361,-0.0815795487262261
5.562532627978631,13.72752377328973,-4.905706458564416,-77.1254903961108,-0.0815359634718503
5.576115961877859,13.730543031242957,-4.918949986841646,-77.18893017844137,-0.08149222138906594
5.58970331223258,13.733548513852847,-4.932200766590159,-77.25235491545537,-0.08144911974455725
5.603294679643726,13.73654021236002,-4.945458783340297,-77.31576457899872,-0.08140534948063713
5.616890064746555,13.739518118083502,-4.958724022636906,-77.37915905541911,-0.08136199976064769
5.630489468158931,13.742482222330072,-4.971996470006853,-77.44253849598282,-0.08131866184852608
5.644092890494078,13.745432516416647,-4.985276110967026,-77.50590285166784,-0.08127523022068285
5.657700332369868,13.748368991686547,-4.998562931030241,-77.56925217166493,-0.08123206237099566
5.671311794392092,13.751291639480174,-5.011856915694624,-77.63258646082032,-0.0811886870892453
5.684927277177829,13.754200451175992,-5.025158050458507,-77.69590567085301,-0.08114543920805234
5.698546781336459,13.75709541815721,-5.038466320808353,-77.75920992357337,-0.08110242001122396
5.712170307465696,13.759976531804854,-5.05178171221617,-77.82249917034693,-0.08105909133094412
5.725797856177916,13.762843783543941,-5.065104210156445,-77.8857734288833,-0.08101616118239618
5.739429428068184,13.76569716478738,-5.078433800085588,-77.9490327347624,-0.08097296744971379
5.753065023744328,13.768536666988746,-5.09177046746135,-78.01227702347697,-0.08092991576937328
5.766704643805808,13.771362281605212,-5.105114197729185,-78.07550643481298,-0.08088712355228304
5.7803482888396465,13.774174000090374,-5.118464976319575,-78.13872089409186,-0.08084392449335913
5.7939959594492505,13.776971813944888,-5.131822788666803,-78.20192048655706,-0.08080139387773513
5.807647656214616,13.77975571464657,-5.1451876201830125,-78.26510509126504,-0.08075792926844591
5.821303379753487,13.782525693757826,-5.158559456298269,-78.32827482540382,-0.08071574161139274
5.834963130620715,13.785281742748833,-5.171938282394527,-78.3914298490387,-0.08067272998235424
5.848626909415063,13.78802385318524,-5.185324083875776,-78.45456978875248,-0.08062963151831817
5.862294716741168,13.790752016661314,-5.198716846143186,-78.51769498806235,-0.08058754082993022
5.875966553149928,13.793466224695086,-5.212116554555584,-78.58080540937624,-0.0805443900972779
5.889642419243454,13.796166468912993,-5.225523194498975,-78.64390091489098,-0.08050199081260634
5.903322315593241,13.798852740905868,-5.238936751332313,-78.70698168674897,-0.08045934852440363
5.917006242776591,13.801525032293089,-5.252357210411682,-78.77004763626591,-0.08041676631953197
5.930694201371606,13.804183334713716,-5.265784557087007,-78.83309880896357,-0.08037428352263506
5.9443861919495,13.806827639812987,-5.27921877669691,-78.89613523915571,-0.08033183218556456
5.95808221507557,13.809457939244025,-5.292659854569347,-78.9591570062373,-0.08028959511838224
5.971782271315967,13.812074224679778,-5.306107776026164,-79.02216386512225,-0.08024656254319067
5.985486361268929,13.814676487867981,-5.319562526404309,-79.08515606131664,-0.08020499400642152
5.999194485457107,13.81726472044152,-5.333024090982907,-79.14813373737854,-0.08016236811845331
6.012906644460019,13.819838914151827,-5.346492455072988,-79.21109645822777,-0.08011973477880013
6.02662283886068,13.822399060774762,-5.359967603981471,-79.27404461480018,-0.08007814714272174
6.040343069185113,13.824945152004045,-5.373449522969792,-79.33697815985767,-0.08003543702444037
6.0540673360126185,13.82747717964566,-5.386938197329219,-79.39989697110259,-0.0799935811582708
6.0677956398870245,13.829995135461335,-5.4004336123201835,-79.46280123292969,-0.07995138328940117
6.081527981364358,13.832499011252638,-5.413935753204941,-79.52569080413379,-0.07990921143739141
6.09526436100322,13.834988798844,-5.427444605241027,-79.5885657734448,-0.07986728214829115
6.109004779347015,13.837464490051339,-5.440960153668981,-79.65142618743728,-0.07982527173317795
6.1227492369449665,13.839926076719184,-5.454482383726874,-79.71427196581025,-0.07978318145685002
6.13649773435119,13.842373550719014,-5.468011280649724,-79.7771031730964,-0.07974137787371365
6.150250272099569,13.8448069039049,-5.481546829652012,-79.8399199470718,-0.07969968039813562
6.1640068507247845,13.847226128150673,-5.495089015942282,-79.90272206994274,-0.07965736702953383
6.177767470791571,13.84963121540157,-5.508637824743724,-79.9655096582088,-0.07961600788283833
6.191532132817687,13.852022157538146,-5.522193241240193,-80.02828281194856,-0.0795739914555586
6.20530083734847,13.854398946508041,-5.535755250628502,-80.09104141192162,-0.07953237265873947
6.219073584916156,13.856761574254067,-5.549323838089874,-80.15378554860206,-0.07949062848661362
6.2328503760594325,13.859110032748776,-5.562898988803737,-80.21651511988563,-0.07944879369901099
6.246631211311613,13.861444313973536,-5.5764806879393936,-80.27923042830683,-0.07940785874162842
6.26041609116905,13.863764409862728,-5.590068920633491,-80.34193122852369,-0.0793654455371724
6.2742050162029415,13.866070312501448,-5.603663672069652,-80.40461743821194,-0.07932434449833856
6.287997986921513,13.868362013881697,-5.617264927380363,-80.46728939869897,-0.07928283825127275
6.30179500384397,13.870639506033266,-5.630872671699614,-80.52994688631573,-0.07924121380697768
6.315596067498855,13.872902781020827,-5.6444868901618275,-80.59259004877835,-0.07920012385094126
6.329401178394422,13.875151830891475,-5.6581075678805846,-80.65521874734158,-0.07915819124743453
6.343210337070363,13.877386647766302,-5.671734689985905,-80.71783316964823,-0.07911761809204096
6.357023544008271,13.879607223681894,-5.6853682415595985,-80.78043325135694,-0.0790755657341091
6.370840799759299,13.881813550816373,-5.699008207727627,-80.84301883544238,-0.07903463799380511
6.384662104821099,13.88400562127142,-5.71265457357101,-80.90559029551977,-0.07899357215248848
6.398487459692596,13.88618342716935,-5.726307324165442,-80.96814736136255,-0.07895200446699405
6.412316864902995,13.888346960704489,-5.739966444602562,-81.03069010530616,-0.07891116356292452
6.426150320945984,13.890496214026557,-5.75363191994193,-81.09321862164954,-0.07886987645263005
6.4399878283301755,13.892631179330099,-5.7673037352478875,-81.15573288617276,-0.07882901673959766
6.453829387553213,13.89475184880858,-5.780981875570603,-81.21823282751765,-0.07878759209431489
6.467674999135624,13.896858214714383,-5.794666325971034,-81.28071851953014,-0.0787469607939658
6.481524663556618,13.898950269244974,-5.808357071473568,-81.34319012067134,-0.07870597810386885
6.4953783813151995,13.901028004651332,-5.822054097111115,-81.40564736780496,-0.07866472587322793
6.509236152923042,13.903091413225237,-5.835757387919978,-81.46809050041149,-0.07862438871467109
6.5230979788513865,13.905140487205117,-5.849466928900358,-81.53051939676467,-0.07858287233168568
6.536963859623531,13.907175218940132,-5.863182705085242,-81.59293407368472,-0.07854261945414749
6.550833795701345,13.909195600688783,-5.8769047014557545,-81.65533478422198,-0.07850178250660575
6.564707787578515,13.911201624784452,-5.890632903010779,-81.71772110989856,-0.078460518567796
6.578585835767095,13.913193283611461,-5.904367294757098,-81.78009345421627,-0.07842073872319891
6.592467940709755,13.915170569449321,-5.918107861643309,-81.84245167093836,-0.07837914943275036
6.606354102933417,13.917133474745553,-5.931854588675584,-81.90479564397711,-0.07833911936634479
6.6202443228939645,13.91908199183984,-5.94560746080055,-81.96712572163426,-0.07829844791128568
6.634138601069403,13.921016113129584,-5.9593664629756,-82.02944163355815,-0.07825778039043436
6.648036937948047,13.92293583104886,-5.9731315801600875,-82.09174345651198,-0.07821734373464664
6.661939334005075,13.924841138026778,-5.986902797297523,-82.1540312190396,-0.07817678989255067
6.675845789715195,13.926732026509994,-6.00068009932519,-82.21630501576774,-0.07813663270460892
6.689756305539743,13.928608488939771,-6.01446347116428,-82.27856473032718,-0.07809582877714845
6.703670881967883,13.93047051782525,-6.0282528977514955,-82.34081044440227,-0.07805591826328148
6.7175895194516455,13.932318105627896,-6.04204836398921,-82.40304214587432,-0.0780151259697024
6.731512218479116,13.934151244891712,-6.055849854801763,-82.46525983059668,-0.07797524667037396
6.745438979494624,13.935969928101217,-6.069657355073954,-82.52746369286646,-0.07793498345066192
6.759369802963841,13.93777414779733,-6.083470849701261,-82.58965342665033,-0.07789437884736718
6.773304689368985,13.939563896568787,-6.097290323586303,-82.65182929113735,-0.07785480665270747
6.787243639143572,13.941339166936025,-6.111115761588104,-82.71399122373013,-0.07781408718823382
6.801186652770787,13.943099951526301,-6.124947148598645,-82.77613920284894,-0.07777450237466854
6.8151337306865445,13.944846242901098,-6.138784469467314,-82.83827333579117,-0.07773409339050279
6.829084873360068,13.946578033699614,-6.152627709063853,-82.90039350914961,-0.0776942662053473
6.843040081237788,13.948295316538848,-6.166476852234478,-82.96249986055312,-0.07765424324835953
6.856999354773266,13.94999808406688,-6.180331883825339,-83.02459228274434,-0.07761418931748537
6.870962694419307,13.951686328948865,-6.1941927886763635,-83.08667094340458,-0.07757462714223108
6.884930100609861,13.953360043834753,-6.208059551606935,-83.14873569030918,-0.0775342343148489
6.8989015738159685,13.955019221458986,-6.2219321574602064,-83.21078659660506,-0.07749489620819786
6.91287711445933,13.956663854486468,-6.235810591034611,-83.27282378227294,-0.0774548447853859
6.926856722994089,13.958293935658347,-6.249694837148758,-83.33484704984195,-0.07741505476685043
6.940840399865921,13.959909457719059,-6.263584880608991,-83.39685658265886,-0.07737550254046831
6.954828145502227,13.961510413398871,-6.277480706201494,-83.4588524042845,-0.07733581274439265
6.96881996033983,13.963096795463265,-6.2913822987144234,-83.52083442734667,-0.0772960838018963
6.982815844823648,13.96466859671057,-6.305289642936932,-83.58280262378247,-0.07725636528287709
6.996815799392523,13.966225809946668,-6.319202723647828,-83.64475715938941,-0.07721709107654814
7.010819824462663,13.967768427955468,-6.333121525602165,-83.7066980002359,-0.07717732930693157
7.0248279204771125,13.96929644358719,-6.347046033571183,-83.76862503694251,-0.0771378235914123
7.038840087865467,13.970809849686445,-6.360976232309823,-83.83053847216053,-0.07709860798989958
7.0528563270452524,13.972308639094729,-6.374912106557769,-83.89243814035453,-0.07705873115909571
7.066876638459108,13.97379280471677,-6.388853641069717,-83.9543242388618,-0.07702004794750644
7.080901022499835,13.975262339386738,-6.402800820554313,-84.01619666392263,-0.07697995416881183
7.094929479626914,13.976717236076297,-6.416753629769271,-84.07805529180905,-0.07694100378641648
7.108962010242462,13.978157487673037,-6.4307120534200415,-84.13990053686005,-0.07690198217509185
7.122998614751813,13.979583087088757,-6.4446760762092605,-84.20173199543602,-0.07686206882560705
7.13703929360747,13.980994027337923,-6.458645682873049,-84.26354983065742,-0.07682349360215648
7.1510840471962975,13.982390301336117,-6.4726208580881535,-84.32535418553091,-0.0767839769865916
7.165132875941515,13.983771902082342,-6.486601586555958,-84.38714494021586,-0.07674514467403794
7.1791857802465024,13.98513882255855,-6.50058785295614,-84.44892209636959,-0.07670567321088818
7.193242760540946,13.986491055812149,-6.514579641984932,-84.51068564083042,-0.07666684893198122
7.207303817220493,13.98782859484808,-6.528576938305036,-84.57243579376336,-0.0766279651084357
7.221368950686619,13.989151432700169,-6.5425797265786985,-84.63417228201392,-0.07658850358837285
7.23543816136522,13.990459562464313,-6.5565879914833545,-84.69589535710396,-0.07655028457507049
7.249511449627901,13.991752977157754,-6.570601717645775,-84.75760491585129,-0.07651060809592501
7.263588815913302,13.993031669936048,-6.5846208897437295,-84.819300862204,-0.07647219126850206
7.277670260601942,13.994295633869209,-6.598645492401022,-84.88098350672217,-0.07643332573977642
7.291755784092448,13.995544862078077,-6.6126755102514645,-84.94265254431568,-0.07639419326878927
7.3058453867964035,13.996779347725091,-6.626710927934691,-85.00430824625478,-0.07635604050252152
7.319939069080141,13.997999083910171,-6.640751730046883,-85.06595051381366,-0.07631670428126162
7.334036831363673,13.999204063847733,-6.654797901224576,-85.12757930279521,-0.07627848238234188
7.348138674024913,14.000394280695257,-6.668849426063476,-85.18919465607627,-0.07623929308658173
7.362244597474701,14.001569727687594,-6.682906289182234,-85.25079664595857,-0.07620129045098838
7.37635460207215,14.002730397985426,-6.696968475150275,-85.31238534132522,-0.07616231233672893
7.390468688227597,14.003876284859595,-6.711035968575721,-85.37396041284508,-0.07612353529815195
7.4045868563339745,14.005007381568177,-6.725108754046826,-85.43552241165148,-0.07608596056145134
7.418709106729644,14.00612368128999,-6.73918681609986,-85.4970709746558,-0.07604632655288558
7.432835439853102,14.007225177401638,-6.753270139352237,-85.55860605865101,-0.07600868495455976
7.446965856051715,14.008311863134882,-6.767358708337879,-85.62012802077606,-0.07596997411141009
7.461100355712775,14.00938373181148,-6.781452507620139,-85.6816365546681,-0.0759316158679554
7.475238939214596,14.010440776755532,-6.795551521749652,-85.74313188980142,-0.07589351202744346
7.489381606926193,14.01148299129292,-6.8096557352640135,-85.80461380577339,-0.07585464998969359
7.503528359244157,14.012510368817365,-6.823765132719897,-85.8660825806924,-0.07581727256065734
7.517679196502033,14.013522902628045,-6.837879698614075,-85.92753807439482,-0.07577810521333021
7.531834119114435,14.014520586187903,-6.851999417509204,-85.98898019982231,-0.07574055283638537
7.545993127423522,14.015503412848393,-6.866124273899703,-86.05040927430247,-0.0757022084191177
7.560156221802333,14.016471376034819,-6.880254252302122,-86.11182499563536,-0.07566395103610347
7.574323402623518,14.017424469190209,-6.8943893372278415,-86.17322762441204,-0.07562628889869497
7.588494670236,14.018362685733488,-6.908529513162478,-86.23461693551761,-0.0755875170743145
7.6026700250333,14.019286019182013,-6.922674764626208,-86.29599313918312,-0.07555041250468567
7.616849467335101,14.020194462939129,-6.93682507606908,-86.35735624292637,-0.07551169952385066
7.63103299753464,14.021088010558604,-6.950980432001481,-86.41870602067442,-0.07547407808672343
7.645220615979858,14.021966655531351,-6.965140816888869,-86.48004278456119,-0.07543617335490191
7.659412323024491,14.022830391377141,-6.979306215197049,-86.54136635143055,-0.07539814117208732
7.673608119030609,14.023679211649142,-6.993476611394515,-86.60267685348127,-0.07536060140610909
7.687808004337312,14.024513109877757,-7.007651989924481,-86.66397426194358,-0.07532253842502203
7.702011979308451,14.025332079656259,-7.02183233524759,-86.72525853095468,-0.07528492562401717
7.716220044293045,14.02613611456974,-7.036017631806504,-86.78652967302003,-0.0752469332338536
7.730432199648146,14.026925208236143,-7.050207864046436,-86.8477878362336,-0.07520972390366183
7.744648445695387,14.027699354228293,-7.064403016375964,-86.90903300187287,-0.0751717254148163
7.7588687827994125,14.028458546214713,-7.078603073237818,-86.97026494513845,-0.07513400368525011
7.773093211311309,14.029202777857986,-7.092808019057891,-87.0314839723403,-0.07509679672587749
7.787321731554039,14.029932042788646,-7.107017838231923,-87.09268997161388,-0.07505884024358843
7.801554343886136,14.03064633471959,-7.1212325151833396,-87.15388293557119,-0.07502165460140799
7.815791048632189,14.031345647321167,-7.135452034300088,-87.21506298067334,-0.07498402344371284
7.830031846135131,14.032029974315162,-7.149676379982231,-87.27622998684387,-0.07494658286377029
7.844276736735981,14.032699309438348,-7.163905536623545,-87.33738398000526,-0.07490905477906039
7.858525720772791,14.033353646440617,-7.1781394886105625,-87.39852508907575,-0.07487196953476112
7.872778798560392,14.033992979048598,-7.192378220303933,-87.45965333525506,-0.07483453292009781
7.887035970440656,14.034617301055992,-7.20662171608462,-87.52076843284874,-0.07479678740214131
7.901297236763173,14.035226606288784,-7.220869960336284,-87.58187077751361,-0.07476035871783193
7.915562597814634,14.035820888478366,-7.235122937379964,-87.64296024984367,-0.07472236059416916
7.929832053959297,14.03640014151406,-7.249380631603965,-87.70403662969167,-0.07468543227583313
7.944105605510488,14.036964359212014,-7.263643027344998,-87.76510036283807,-0.0746485640436079
7.958383252775621,14.037513535396252,-7.277910108929759,-87.8261510999528,-0.07461082078940422
7.972664996108357,14.038047663992396,-7.292181860723597,-87.88718894658565,-0.07457424963595093
7.986950835805318,14.038566738841944,-7.306458267034284,-87.94821406847164,-0.07453695086459922
8.001240772194132,14.03907075386062,-7.320739312194121,-88.00922625837545,-0.07449991242304396
8.015534805593907,14.039559702967281,-7.3350249805230785,-88.07022571195171,-0.07446313073326764
8.029832936311406,14.040033580077045,-7.34931525632516,-88.13121230596255,-0.07442583053655931
8.044135164676739,14.040492379165478,-7.363610123921979,-88.19218611338296,-0.07438926596395622
8.058441490986832,14.040936094166893,-7.377909567599563,-88.25314718433293,-0.07435212728312339
8.07275191556726,14.041364719085632,-7.392213571666646,-88.31409535082477,-0.07431519177649834
8.087066438730998,14.04177824792179,-7.406522120415799,-88.37503090314384,-0.07427880013602994
8.101385060763638,14.04217667464466,-7.420835198109296,-88.43595370813449,-0.07424157903241826
8.115707781992485,14.042559993317104,-7.435152789044738,-88.49686371210768,-0.07420509528435913
8.130034602715947,14.042928197968358,-7.449474877488013,-88.55776100035108,-0.07416812106654948
8.144365523247,14.043281282672403,-7.463801447714664,-88.6186455999061,-0.07413174197255894
8.158700543872877,14.043619241475305,-7.478132483971399,-88.67951756466051,-0.07409493796276394
8.17303966490334,14.043942068482167,-7.49246797052226,-88.74037673021452,-0.07405819731102987
8.187382886644153,14.044249757809338,-7.5068078916233,-88.80122331497404,-0.07402196372139021
8.201730209377125,14.044542303548507,-7.521152231503355,-88.86205721532463,-0.0739850097858971
8.216081633418538,14.044819699871912,-7.5355009744202865,-88.92287841222306,-0.07394876844526255
8.230437159051501,14.045081940910464,-7.549854104595839,-88.98368706794936,-0.07391224801363434
8.244796786567019,14.045329020827813,-7.564211606255212,-89.04448310138147,-0.07387584804608648
8.259160516261426,14.04556093381565,-7.57857346362465,-89.10526640169523,-0.07383909689101072
8.273528348440687,14.045777674101448,-7.592939660935697,-89.16603718391468,-0.07380325795078453
8.287900283364557,14.045979235847923,-7.6073101823708535,-89.22679549017903,-0.07376664791823218
8.302276321335833,14.04616561331381,-7.62168501215043,-89.28754101381406,-0.07373010258443667
8.316656462654162,14.046336800770607,-7.636064134487684,-89.34827409637538,-0.07369436032454202
8.33104070757537,14.046492792429314,-7.650447533548954,-89.40899469309831,-0.07365774498110379
8.345429056402185,14.04663358260394,-7.664835193542463,-89.46970258488264,-0.07362150935112707
8.359821509422318,14.046759165599852,-7.679227098657765,-89.53039802042457,-0.07358553578416727
8.374218066902475,14.04686953570304,-7.693623233059742,-89.59108100540304,-0.07354935236870822
8.388618729122966,14.04696468724249,-7.708023580922665,-89.6517514364657,-0.07351316654958684
8.403023496365396,14.04704461456797,-7.722428126418141,-89.71240941204898,-0.07347726004271421
8.417432368900803,14.04710931202869,-7.736836853703373,-89.77305485022224,-0.07344091405408666
8.431845347017404,14.047158774023238,-7.751249746948683,-89.8336878485527,-0.07340528206729449
8.446262430970009,14.047192994908483,-7.7656667902872965,-89.89430845695915,-0.07336909534264222
8.460683621040568,14.04721196910868,-7.780087967875514,-89.95491652209046,-0.07333313019442367
8.475108917501133,14.047215691048686,-7.794513263855921,-90.0155122475827,-0.07329747454287706
8.48953832060965,14.047204155146412,-7.808942662353123,-90.07609549753234,-0.07326121877045261
8.503971830652036,14.04717735588863,-7.8233761475158765,-90.13666632406324,-0.07322572719644622
8.518409447876492,14.047135287712594,-7.8378137034513,-90.19722487422463,-0.07318986525447302
8.53285117254816,14.047077945104572,-7.852255314279652,-90.25777096391091,-0.07315396658356663
8.547297004940942,14.047005322585091,-7.866700964126233,-90.31830463988027,-0.07311825566168942
8.561746945316052,14.046917414670233,-7.881150637099791,-90.37882599395942,-0.0730826168863003
8.576200993928179,14.04681421588278,-7.895604317298688,-90.43933503574769,-0.07304696712849557
8.590659151034151,14.046695720767866,-7.910061988819674,-90.49983173913276,-0.07301130322778633
8.605121416891862,14.046561923890984,-7.9245236357568265,-90.56031614010743,-0.07297577825841581
8.619587791756915,14.046412819831977,-7.938989242198169,-90.62078815737618,-0.07293995605582876
8.634058275897159,14.04624840321122,-7.953458792240512,-90.68124787552891,-0.07290467295905757
8.648532869551245,14.046068668614863,-7.967932269947192,-90.74169541353795,-0.07286917563709723
8.663011572968049,14.045873610666005,-7.982409659388261,-90.8021306299723,-0.07283358924011868
8.677494386408839,14.04566322402855,-7.996890944642805,-90.8625534935894,-0.07279805433253314
8.691981310124564,14.045437503366232,-8.011376109775721,-90.92296423643289,-0.07276306488409097
8.706472344340762,14.045196443315396,-8.025865138822104,-90.98336274341136,-0.07272729048262967
8.720967489327384,14.04494003861103,-8.040358015859145,-91.04374884212089,-0.07269192328381795
8.73546674532926,14.04466828396118,-8.054854724934595,-91.10412293105583,-0.07265714613339228
8.749970112562384,14.044381174040376,-8.069355250062749,-91.16448476517722,-0.07262122677782336
8.764477591299594,14.04407870364418,-8.083859575313172,-91.22483433027855,-0.07258645278302779
8.778989181761943,14.04376086749314,-8.098367684698204,-91.28517182964482,-0.07255106026300501
8.793504884196443,14.043427660373137,-8.112879562253575,-91.34549703301822,-0.07251576983796192
8.80802469884605,14.043079077081156,-8.12739519200731,-91.40581019466958,-0.072481026210737
8.822548625927917,14.042715112386123,-8.14191455795697,-91.46611118443428,-0.07244546044074181
8.837076665699302,14.042335761147775,-8.156437644138526,-91.5263999689396,-0.07241067386833508
8.851608818381768,14.041941018179877,-8.170964434547141,-91.58667672722922,-0.07237557577884479
8.866145084206247,14.041530878331574,-8.185494913184293,-91.64694135719857,-0.07234058126544163
8.88068546340552,14.041105336473825,-8.200029064049959,-91.70719385520383,-0.072305511767892
8.895229956214303,14.040664387499524,-8.214566871142736,-91.76743426618184,-0.07227066239915228
8.90977856285468,14.040208026297199,-8.229108318444482,-91.82766265689504,-0.07223579041863186
8.924331283550982,14.039736247777931,-8.243653389935998,-91.88787895100832,-0.07220079514178807
8.938888118535486,14.03924904688559,-8.258202069603122,-91.94808317595479,-0.07216602613295098
8.953449068029602,14.038746418562871,-8.272754341416809,-92.00827537251512,-0.07213116584890768
8.968014132254932,14.03822835777129,-8.287310189344849,-92.0684555924232,-0.0720965579706464
8.982583311425774,14.037694859477623,-8.301869597343897,-92.12862375301991,-0.0720615367605793
8.997156605773803,14.037145918698497,-8.31643254938582,-92.18877992455234,-0.07202713417213792
9.011734015506718,14.036581530425668,-8.330999029413567,-92.24892406297272,-0.0719920446309633
9.026315540857942,14.036001689715825,-8.345569021394333,-92.30905624655904,-0.07195786635316888
9.040901182020951,14.035406391571973,-8.3601425092492,-92.36917652626336,-0.07192293593344108
9.055490939225065,14.034795631080296,-8.37471947693445,-92.42928471988138,-0.0718883584549064
9.070084812682358,14.034169403314296,-8.389299908384602,-92.48938111083358,-0.0718541430588258
9.08468280259031,14.033527703339566,-8.403883787515174,-92.54946545192786,-0.07181901134795059
9.099284909186238,14.032870526312102,-8.418471098281502,-92.60953790875935,-0.07178522857540699
9.113891132647897,14.03219786729877,-8.433061824571297,-92.66959850717679,-0.0717501957386432
9.128501473207344,14.031509721482996,-8.44765595032789,-92.72964710302249,-0.07171610505115902
9.143115931058425,14.030806083997607,-8.462253459450004,-92.78968390685847,-0.07168161218570705
9.157734506406728,14.030086950015107,-8.476854335845934,-92.84970880910724,-0.07164729646323435
9.172357199457855,14.02935231472651,-8.49145856342086,-92.90972179098833,-0.07161279550239956
9.186984010422515,14.028602173350432,-8.506066126082434,-92.9697229363011,-0.0715787164487293
9.201614939485683,14.02783652107751,-8.520677007707047,-93.0297123903455,-0.07154459894068292
9.216249986844405,14.027055353138655,-8.535291192181157,-93.08968979676425,-0.07150970637855313
9.230889152730217,14.026258664845471,-8.54990866342607,-93.14965542849141,-0.07147627623929621
9.245532437303634,14.025446451399743,-8.564529405281963,-93.20960936040146,-0.07144159902839499
9.26017984077813,14.024618708117373,-8.579153401644216,-93.26955142554581,-0.07140780724971205
9.274831363335371,14.023775430275288,-8.59378063637011,-93.3294817645271,-0.07137350174489615
9.28948700517809,14.022916613206874,-8.608411093337171,-93.38940022777214,-0.07133939001888356
9.304146766501276,14.022042252249992,-8.623044756411394,-93.44930699219057,-0.07130554230912813
9.318810647484566,14.021152342733203,-8.637681609438737,-93.50920201651304,-0.07127136877988428
9.333478648323688,14.020246880032614,-8.652321636280048,-93.56908528326005,-0.07123751578035731
9.348150769204182,14.019325859524349,-8.666964820781896,-93.6289567849656,-0.07120336089025898
9.36282701032003,14.018389276618205,-8.681611146797332,-93.68881661848776,-0.07116977456385953
9.377507371840641,14.017437126698097,-8.69626059814902,-93.7486647682269,-0.0711356189640908
9.392191853962288,14.016469405214854,-8.71091315868675,-93.80850116016774,-0.07110189281034993
9.40688045686296,14.015486107604751,-8.725568812236954,-93.86832592884105,-0.07106809327829064
9.421573180721902,14.014487229324772,-8.740227542624574,-93.92813899457755,-0.07103421399150345
9.436270025724294,14.013472765861053,-8.754889333678369,-93.98794039451896,-0.07100053883950076
9.450970992046143,14.012442712701606,-8.769554169213922,-94.04773014189368,-0.07096672713827086
9.465676079867068,14.011397065359397,-8.784222033048062,-94.10750827983047,-0.0709331904595156
9.480385289356262,14.010335819347022,-8.798892908982996,-94.16727478326509,-0.07089935538838084
9.495098620696115,14.009258970219337,-8.813566780833074,-94.2270296591791,-0.07086587126151939
9.509816074053242,14.008166513521155,-8.828243632391969,-94.2867729725033,-0.07083222629576662
9.524537649603706,14.007058444832783,-8.842923447461303,-94.346504606675,-0.07079850168282084
9.539263347525015,14.00593475975557,-8.85760620984162,-94.40622473415537,-0.07076530154011558
9.553993167968786,14.004795453862558,-8.87229190330117,-94.46593333108764,-0.07073155639490028
9.568727111116347,14.00364052279888,-8.886980511639393,-94.52563024706753,-0.07069803564680945
9.583465177140042,14.00246996221186,-8.901672018642792,-94.58531566189077,-0.07066475232140212
9.598207366193762,14.00128376773394,-8.916366408074007,-94.64498962282258,-0.07063137937860275
9.61295367844191,14.00008193503499,-8.931063663705029,-94.70465194699347,-0.0705976988745758
9.627704114063999,13.998864459830575,-8.945763769322609,-94.76430276439577,-0.0705646693248853
9.642458673201917,13.997631337786764,-8.960466708667495,-94.82394224606071,-0.07053142937913752
9.657217356014039,13.996382564617862,-8.97517246549676,-94.88357005515805,-0.07049763869021919
9.671980162686244,13.995118136106218,-8.989881023596718,-94.94318640755738,-0.07046494483988205
9.686747093351856,13.993838047957723,-9.004592366690233,-95.00279134156324,-0.0704312805577607
9.701518148184359,13.992542295969214,-9.019306478544133,-95.0623847727743,-0.07039842265165665
9.716293327324598,13.991230875897031,-9.03402334288476,-95.12196684544601,-0.0703651349703885
9.731072630934442,13.989903783553894,-9.048742943460343,-95.18153733481358,-0.07033178157762518
9.745856059177118,13.988561014773397,-9.063465264018207,-95.24109651166563,-0.07029916891426367
9.760643612179004,13.987202565341038,-9.078190288260066,-95.30064431426854,-0.07026570539485089
9.775435290111297,13.985828431141659,-9.092917999937539,-95.36018055327781,-0.07023268112619951
9.790231093125389,13.984438608042757,-9.10764838277661,-95.41970550506602,-0.07019990526707032
9.80503102135341,13.983033091895472,-9.122381420478126,-95.47921913028257,-0.07016682361416149
9.819835074948466,13.981611878607264,-9.137117096765108,-95.53872128293453,-0.0701337387689763
9.834643254064115,13.980174964104814,-9.151855395358696,-95.59821212235242,-0.07010106811036536
9.849455558833537,13.978722344296418,-9.166596299953547,-95.65769161059664,-0.07006792922499086
9.864271989411927,13.97725401514856,-9.181339794267915,-95.71715971473513,-0.07003521616231992
9.879092545933686,13.975769972608566,-9.196085861993046,-95.77661658877419,-0.0700024753998897
9.89391722853412,13.97427021264386,-9.210834486818834,-95.8360621022782,-0.06996949036596471
9.908746037365232,13.972754731270406,-9.225585652452654,-95.89549624295492,-0.0699367558098011
9.923578972562417,13.971223524492558,-9.240339342579784,-95.95491920031255,-0.0699042520362935
9.938416034249231,13.969676588311804,-9.25509554086901,-96.01433087158624,-0.06987131083216178
9.953257222576578,13.968113918797341,-9.269854231019439,-96.07373114457114,-0.06983857812429005
9.968102537680819,13.966535512010532,-9.28461539671052,-96.13312029800677,-0.06980632756464884
9.98295197967605,13.964941363990999,-9.299379021592694,-96.19249815886677,-0.06977322316961013
9.997805548718434,13.963331470872673,-9.314145089364596,-96.25186471094845,-0.06974096938227257
10.012663244924576,13.9617058287365,-9.32891358367509,-96.31122014789595,-0.06970835514891784
10.027525068424346,13.960064433705776,-9.34368448818671,-96.37056430807424,-0.0696757565322658
10.042391019353222,13.958407281932356,-9.358457786566543,-96.42989723493532,-0.06964327926922803
10.057261097836763,13.956734369568535,-9.373233462467484,-96.48921902399296,-0.06961093981507004
10.0721353039915,13.955045692768786,-9.388011499529272,-96.54852968354132,-0.06957851689934207
10.08701363794656,13.953341247728709,-9.402791881404706,-96.6078290161115,-0.06954574888236759
10.101896099844465,13.951621030686427,-9.417574591760728,-96.66711723523501,-0.06951386163282051
10.11678268978071,13.949885037813647,-9.43235961420493,-96.72639444631807,-0.06948137574148046
10.131673407884389,13.948133265361106,-9.447146932383617,-96.78566032492293,-0.06944876243629404
10.14656825429361,13.946365709614193,-9.46193652995204,-96.844915123155,-0.0694169021606219
10.161467229102465,13.944582366797265,-9.476728390509528,-96.90415895064214,-0.06938458055396578
10.17637033243286,13.94278323320331,-9.491522497687304,-96.96339148989176,-0.06935201105909891
10.191277564421872,13.940968305171014,-9.506318835133166,-97.02261295182258,-0.06932021800523602
10.206188925162994,13.939137578978878,-9.521117386439334,-97.08182345725027,-0.06928796610494622
10.221104414774006,13.937291050967604,-9.53591813522579,-97.14102275463638,-0.06925561873994293
10.236024033380652,13.935428717510627,-9.550721065120335,-97.20021101941772,-0.06922381188704087
10.25094778108134,13.933550574950496,-9.565526159715022,-97.2593882463465,-0.06919148683411389
10.265875657995675,13.931656619686352,-9.580333402626076,-97.31855442982867,-0.06915970126989202
10.280807664220086,13.929746848093972,-9.595142777439039,-97.3777096533122,-0.06912760585836936
10.295743799870307,13.927821256602313,-9.609954267761388,-97.43685368649518,-0.06909531631571855
10.310684065067726,13.925879841668886,-9.624767857205729,-97.49598681958398,-0.06906393341473753
10.325628459889352,13.923922599689615,-9.63958352932748,-97.55510900166472,-0.06903155942645167
10.34057698446162,13.921949527167888,-9.654401267741681,-97.61422004428398,-0.0689997705229242
10.355529638887589,13.919960620583348,-9.669221056032356,-97.6733201794367,-0.06896797261247894
10.370486423262431,13.917955876419779,-9.684042877771743,-97.73240938065449,-0.06893615617360101
10.385447337685187,13.915935291186345,-9.698866716535015,-97.79148762363359,-0.06890433576685556
10.400412382256938,13.913898861414284,-9.713692555898032,-97.85055491053977,-0.06887255857414655
10.415381557080101,13.911846583655583,-9.728520379436487,-97.90961119284715,-0.06884065916220096
10.430354862259367,13.90977845448471,-9.74335017072713,-97.9686565930521,-0.06880920170653619
10.445332297876156,13.907694470452569,-9.75818191331554,-98.02769115330592,-0.06877743472924848
10.460313864032003,13.905594628164726,-9.77301559077085,-98.08671466459717,-0.06874552421290772
10.475299560833925,13.903478924254932,-9.787851186667384,-98.14572735678878,-0.06871432678362867
10.490289388353116,13.901347355310797,-9.802688684532303,-98.20472921417453,-0.06868241382014267
10.505283346694135,13.899199917998436,-9.817528067933297,-98.26372013597678,-0.06865101559106347
10.520281435943783,13.897036608970318,-9.832369320413775,-98.32270020131192,-0.06861932084382111
10.535283656198247,13.894857424914175,-9.84721242552736,-98.38166939485234,-0.06858792081688335
10.550290007540113,13.892662362511613,-9.86205736680863,-98.44062780545133,-0.06855646673656392
10.565300490055154,13.890451418468372,-9.876904127794516,-98.49957533898335,-0.06852488163541327
10.580315103835543,13.888224589520044,-9.891752692028446,-98.55851207863705,-0.068493654804349
10.595333848960374,13.88598187239705,-9.906603043035437,-98.6174379482622,-0.0684619265489617
10.610356725526518,13.883723263880151,-9.921455164361666,-98.67635307484417,-0.06843102851961419
10.625383733595527,13.881448760704913,-9.936309039506282,-98.73525743420086,-0.06839927796674815
10.64041487326773,13.879158359695062,-9.951164652016688,-98.79415092926682,-0.06836818805031329
10.655450144614822,13.876852057641111,-9.966021985401808,-98.85303375549461,-0.06833692515405684
10.670489547714356,13.874529851362514,-9.980881023176506,-98.91190575404626,-0.0683055001278203
10.685533082654715,13.872191737716527,-9.995741748868081,-98.97076699938222,-0.068274443640152
10.70058074950543,13.869837713544838,-10.010604145977876,-99.02961754586549,-0.06824317840349278
10.71563254834214,13.867467775718508,-10.02546819801358,-99.08845740099599,-0.06821217283948718
10.730688479236845,13.865081921120366,-10.04033388847661,-99.14728643640973,-0.06818064352292774
10.745748542279864,13.862680146684557,-10.055201200890735,-99.20610483766771,-0.06815010155511847
10.760812737518636,13.860262449286425,-10.070070118722336,-99.26491255856405,-0.0681184987942646
10.775881065048901,13.857828825906566,-10.084940625499321,-99.32370948701067,-0.06808773038663467
10.790953524929357,13.85537927347724,-10.099812704699753,-99.38249587468768,-0.06805674416635937
10.806030117226562,13.852913788963232,-10.11468633981049,-99.44127149979727,-0.0680254954852176
10.82111084202033,13.850432369371498,-10.129561514334343,-99.50003653059342,-0.0679949321016167
10.836195699359626,13.84793501167184,-10.144438211732183,-99.55879092687226,-0.067963623813441
10.851284689324961,13.845421712909143,-10.15931641550493,-99.61753467701004,-0.06793306670525501
10.86637781197287,13.842892470103527,-10.174196109120562,-99.6762677074437,-0.06790162165388317
10.881475067392788,13.840347280352509,-10.189077276089103,-99.7349901336751,-0.06787136473954655
10.896576455613937,13.837786140663754,-10.203959899839656,-99.79370219955,-0.06784051684299877
10.911681976699553,13.835209048124446,-10.218843963844888,-99.85240341994728,-0.06780917175385039
10.926791630740489,13.832615999889676,-10.23372945161281,-99.91109410325275,-0.06777906950363034
10.941905417763808,13.83000699301821,-10.248616346565449,-99.96977433554564,-0.06774795658554707
10.957023337843289,13.827382024671136,-10.263504632185574,-100.02844386356027,-0.06771730236515047
10.972145391038056,13.824741092001481,-10.278394291935204,-100.08710289717347,-0.06768670714528807
10.98727157739716,13.822084192162526,-10.293285309261634,-100.14575142454542,-0.06765605863508646
11.002401896978625,13.819411322342003,-10.308177667622882,-100.20438931957081,-0.06762520542341986
11.017536349846441,13.816722479756605,-10.323071350483715,-100.26301677087216,-0.06759502497909592
11.032674936032548,13.814017661583875,-10.337966341264734,-100.32163375564173,-0.0675641522201735
11.04781765560392,13.811296865082536,-10.352862623432292,-100.38024011985982,-0.06753364946575915
11.062964508609058,13.808560087496463,-10.367760180426767,-100.43883613742508,-0.06750344098364362
11.078115495085493,13.805807326068157,-10.38265899567255,-100.49742154941687,-0.06747237448921473
11.093270615111138,13.803038578130886,-10.397559052647326,-100.55599645902552,-0.0674424364153516
11.108429868706924,13.800253840933955,-10.412460334750735,-100.61456110313658,-0.06741194847054477
11.123593255918237,13.797453111788906,-10.427362825414255,-100.67311518445082,-0.06738135854514646
11.138760776806032,13.794636388053515,-10.442266508089359,-100.73165875360921,-0.06735101989564779
11.15393243141523,13.791803667075015,-10.45717136620471,-100.7901919285041,-0.06732073401664229
11.169108219780558,13.78895494620072,-10.472077383174026,-100.84871479765694,-0.06729063169882543
11.18428814193467,13.786090222792525,-10.486984542407075,-100.90722718065602,-0.0672599635587342
11.199472197939683,13.783209494283447,-10.501892827352712,-100.9657290969466,-0.06722993848230205
11.21466038782407,13.780312758064472,-10.516802221412897,-101.02422075663716,-0.06719978601524057
11.229852711621414,13.777400011554034,-10.531712707995476,-101.08270196405691,-0.06716934380821422
11.245049169384608,13.774471252223488,-10.54662427053373,-101.14117274527196,-0.06713928371552011
11.260249761145513,13.771526477524752,-10.56153689243115,-101.1996332430285,-0.0671092019376089
11.275454486932876,13.768565684922452,-10.576450557085924,-101.25808342497635,-0.06707910002625299
11.290663346782216,13.765588871911683,-10.59136524790457,-101.31652320561106,-0.06704885440762957
11.305876340736571,13.76259603601925,-10.606280948303016,-101.37495264398368,-0.06701892040933591
11.321093468821541,13.759587174759007,-10.621197641672225,-101.43337182885872,-0.0669889108810279
11.336314731066286,13.756562285669467,-10.636115311407117,-101.49178067593691,-0.06695881586584153
11.351540127509303,13.75352136632417,-10.65103394091463,-101.55017914976305,-0.06692875735284809
11.366769658181754,13.750464414301732,-10.66595351359067,-101.60856744281648,-0.06689913589154504
11.382003323094718,13.747391427163135,-10.680874012802375,-101.6669454616085,-0.06686889545302876
11.39724112229287,13.744302402547788,-10.695795421962671,-101.72531308902013,-0.0668390377873426
11.412483055802188,13.741197338079852,-10.710717724457675,-101.78367055751536,-0.06680936210553323
11.427729123635912,13.738076231379008,-10.725640903654899,-101.84201778779091,-0.06677935504265053
11.442979325827658,13.734939080119634,-10.740564942949439,-101.90035470113327,-0.06674953125698883
11.458233662403376,13.731785881980672,-10.755489825724917,-101.9586814119368,-0.0667198181681641
11.473492133377984,13.728616634639565,-10.770415535348711,-102.01699798294933,-0.066690170063258
11.488754738769055,13.725431335796808,-10.785342055191121,-102.0753042532673,-0.06666012098371547
11.504021478613971,13.722229983206542,-10.800269368649515,-102.13360029921625,-0.06663067939997938
11.519292352917743,13.719012574583282,-10.815197459075037,-102.19188627767255,-0.06660102108263778
11.534567361695823,13.715779107678507,-10.830126309832753,-102.25016200083068,-0.06657118218191786
11.54984650497818,13.712529580287846,-10.845055904307493,-102.30842750096139,-0.06654162952839617
11.565129782778076,13.709263990195327,-10.859986225859839,-102.36668289956813,-0.06651210015674448
11.580417195103491,13.705982335193795,-10.874917257842196,-102.424928196414,-0.0664825788504391
11.595708741965337,13.702684613099594,-10.88984898361042,-102.48316333714284,-0.06645295723547726
11.611004423385786,13.69937082176744,-10.904781386535698,-102.54138822423886,-0.06642324516695564
11.626304239386,13.696040959068416,-10.91971444998718,-102.59960307830754,-0.06639415874899349
11.641608189953935,13.692695022832586,-10.934648157286158,-102.65780791561608,-0.06636451565930966
11.656916275110309,13.689333010966775,-10.94958249179992,-102.71600247221185,-0.06633485890210464
11.672228494876814,13.685954921397748,-10.964517436896617,-102.77418702159339,-0.06630587113165073
11.687544849239769,13.682560752007353,-10.979452975893283,-102.83236153989941,-0.06627619177375813
11.702865338218674,13.679150500754917,-10.99438909215381,-102.89052591159624,-0.0662469722651297
11.71818996181689,13.675724165589193,-11.009325769018465,-102.94868024112327,-0.06621756255355281
11.733518720043394,13.672281744487146,-11.02426298983503,-103.00682448161446,-0.06618826787208873
11.748851612898143,13.668823235427906,-11.039200737937819,-103.06495880690417,-0.06615928556963473
11.764188640372575,13.665348636393642,-11.054138996648344,-103.12308298569457,-0.0661294959561978
11.779529802497793,13.661857945455443,-11.06907774934481,-103.18119706153428,-0.06610064415371275
11.794875099255481,13.65835116061449,-11.084016979333695,-103.23930132957202,-0.06607155768639379
11.810224530635749,13.65482827990524,-11.098956669933099,-103.29739552586311,-0.06604213693759478
11.82557809665487,13.65128930142703,-11.113896804498566,-103.35547962222961,-0.0660130177787126
11.840935797311689,13.647734223266253,-11.128837366359997,-103.41355380571784,-0.06598405369887218
11.856297632591911,13.644163043504143,-11.143778338827792,-103.47161807670706,-0.0659549667908908
11.871663602494541,13.64057576026387,-11.158719705231256,-103.52967225436554,-0.06592562316745093
11.887033707028996,13.636972371705287,-11.173661448914507,-103.58771652462714,-0.06589698988413685
11.902407946169228,13.633352875943318,-11.188603553169601,-103.64575091776031,-0.06586774639072505
11.917786319916653,13.629717271160006,-11.203546001328288,-103.70377532398453,-0.06583889503138565
11.933168828262694,13.626065555537807,-11.218488776707401,-103.76178975903359,-0.06580971854533348
11.948555471207715,13.622397727293231,-11.233431862636548,-103.81979430660333,-0.06578108824344496
11.963946248723794,13.618713784610682,-11.24837524240356,-103.87778907754671,-0.06575219447162736
11.97934116080397,13.615013725730094,-11.263318899326702,-103.93577372617248,-0.06572281130268708
11.994740207462801,13.611297548947782,-11.278262816755657,-103.99374855055507,-0.0656946243768882
12.0101433886542,13.6075652524704,-11.293206977950584,-104.05171362565954,-0.0656654423928007
12.025550704377986,13.60381683460446,-11.308151366238993,-104.10966870755779,-0.06563673361786791
12.040962154619926,13.600052293649677,-11.323095964927468,-104.16761396869693,-0.06560797340572459
12.056377739363647,13.596271627920073,-11.338040757319195,-104.22554935228933,-0.0655791670084732
12.071797458595043,13.592474835751936,-11.352985726720538,-104.28347492228131,-0.06555058254650378
12.087221312290605,13.588661915482986,-11.367930856423714,-104.34139065764606,-0.06552175953011523
12.102649300436694,13.58483286548667,-11.382876129735418,-104.39929658003597,-0.06549325494230773
12.118081423007613,13.580987684133184,-11.397821529944268,-104.45719268685843,-0.06546445699712317
12.133517679990536,13.577126369833733,-11.412767040357892,-104.51507896029291,-0.06543594291550751
12.148958071361697,13.573248920998278,-11.427712644267505,-104.57295544140452,-0.06540726870138733
12.164402597100466,13.56935533606047,-11.442658324968884,-104.63082217790304,-0.06537889324248375
12.179851257174887,13.565445613452074,-11.45760406574077,-104.6886791409086,-0.06535018457921937
12.195304051570146,13.561519751653387,-11.47254984988747,-104.74652627475388,-0.0653217140428857
12.210760980259911,13.557577749142444,-11.487495660695995,-104.80436371232334,-0.06529333628489832
12.226222043211559,13.553619604404266,-11.502441481443832,-104.86219140521494,-0.06526478714876392
12.24168724040374,13.549645315962014,-11.517387295425372,-104.92000931032555,-0.06523634271870395
12.257156571809464,13.545654882346994,-11.53233308592652,-104.97781752922404,-0.06520805346418944
12.27263003739305,13.541648302093263,-11.547278836220059,-105.03561604541714,-0.06517960244404704
12.288107637129011,13.537625573771075,-11.562224529594156,-105.0934048005075,-0.06515121201204006
12.303589370988144,13.533586695962235,-11.5771701493314,-105.1511839056846,-0.06512304229339656
12.31907523893216,13.529531667250593,-11.592115678700655,-105.20895328597263,-0.0650945133794207
12.334565240938089,13.525460486265278,-11.60706110099407,-105.26671299641004,-0.06506649814693896
12.350059376962564,13.52137315161738,-11.622006399472891,-105.3244630232914,-0.06503796889384172
12.365557646982086,13.517269661971362,-11.636951557428665,-105.38220339074961,-0.06501003837809416
12.3810600509472,13.5131500159638,-11.651896558113508,-105.43993417078434,-0.06498170177285523
12.39656658882706,13.509014212282402,-11.666841384808002,-105.49765523545682,-0.06495351351473963
12.412077260588283,13.504862249628447,-11.681786020789001,-105.55536666046183,-0.06492537766947462
12.427592066192975,13.500694126713373,-11.696730449326628,-105.61306844850752,-0.06489722583629041
12.443111005599267,13.496509842259693,-11.711674653685069,-105.67076072401383,-0.06486940018493349
12.458634078755727,13.492309394991123,-11.726618617113985,-105.72844331645348,-0.06484089513175613
12.474161285642229,13.48809278370488,-11.741562322911308,-105.78611628566073,-0.06481323415502414
12.489692626199968,13.483860007147866,-11.756505754315738,-105.84377974811744,-0.06478502128248176
12.5052281003933,13.47961106412604,-11.7714488946018,-105.90143355459811,-0.06475705504231719
12.520767708178507,13.475345953449192,-11.786391727031843,-105.9590778437991,-0.06472918397580536
12.536311449507359,13.47106467393724,-11.80133423486148,-106.01671251787528,-0.06470102810393136
12.551859324342205,13.466767224446897,-11.81627640136296,-106.07433769920642,-0.0646734618968362
12.567411332621479,13.462453603810708,-11.831218209771773,-106.13195332193882,-0.06464518834799624
12.582967474314103,13.458123810933182,-11.846159643370953,-106.18955938481295,-0.06461764924725748
12.598527749358995,13.453777844683923,-11.861100685397298,-106.24715595960356,-0.06458956687121956
12.614092157715653,13.44941570398693,-11.876041319119883,-106.30474299470741,-0.06456194191697677
12.629660699327077,13.445037387755226,-11.890981527782477,-106.36232054073757,-0.06453400307406951
12.645233374147743,13.440642894940101,-11.905921294647058,-106.41988857733782,-0.06450636236299312
12.660810182118244,13.43623222448647,-11.920860602954317,-106.47744720472588,-0.06447867808896328
12.676391123186358,13.431805375370024,-11.935799435956538,-106.53499621170471,-0.0644505940087275
12.691976197316217,13.427362346613284,-11.950737776932028,-106.59253580122919,-0.0644233941777597
12.707565404427642,13.422903137178762,-11.965675609090075,-106.65006604403274,-0.0643954984571521
12.723158744474587,13.418427746107225,-11.980612915693893,-106.70758670584874,-0.06436780379255637
12.738756217407964,13.413936172452138,-11.995549680002416,-106.76509793232836,-0.06434026389952915
12.754357823161786,13.409428415255194,-12.010485885248432,-106.82259985820713,-0.06431290049610412
12.769963561669256,13.404904473574822,-12.025421514663897,-106.88009222868101,-0.06428482029261022
12.785573432899215,13.400364346550171,-12.040356551537501,-106.93757511864277,-0.06425765397764414
12.801187436770645,13.395808033250677,-12.055290979079723,-106.99504883198478,-0.06423028306693014
12.816805573212264,13.391235532781023,-12.070224780516867,-107.05251303720637,-0.06420240529412527
12.832427842184952,13.3866468443205,-12.085157939126729,-107.10996777932286,-0.06417516451779892
12.848054243617524,13.382041967010014,-12.10009043813685,-107.16741322020283,-0.06414767806831739
12.86368477744454,13.377420900018619,-12.115022260784421,-107.22484930165736,-0.06412033681752541
12.879319443599178,13.37278364253101,-12.12995339030501,-107.28227600363341,-0.06409283512789705
12.894958242021275,13.368130193761605,-12.144883809945378,-107.33969335201877,-0.06406558113572872
12.910601172639035,13.363460552922415,-12.159813502934353,-107.39710139347817,-0.06403821309357279
12.926248235388213,13.358774719256736,-12.174742452513419,-107.45450002448936,-0.06401075753199474
12.941899430207245,13.354072692030593,-12.189670641929014,-107.51188938285713,-0.06398372628569939
12.957554757014496,13.349354470492814,-12.204598054396092,-107.569269444651,-0.06395624679596854
12.9732142157494,13.344620053947226,-12.219524673164019,-107.62664015646182,-0.06392912575648318
12.988877806334262,13.339869441685597,-12.23445048145536,-107.68400167533305,-0.06390202568166392
13.004545528694004,13.335102633022363,-12.24937546249756,-107.7413537822186,-0.06387444583274512
13.020217382776773,13.330319627330642,-12.264299599556184,-107.79869659621968,-0.06384764029201397
13.035893368490232,13.325520423930552,-12.279222875832295,-107.8560302822739,-0.0638204571396148
13.051573485759668,13.320705022191179,-12.294145274556083,-107.91335461553543,-0.0637931801133301
13.067257734521656,13.315873421519386,-12.309066778976758,-107.97066965668265,-0.06376616121356907
13.082946114696869,13.311025621312119,-12.323987372318594,-108.02797551019589,-0.06373914589777908
13.09863862620212,13.306161620977589,-12.338907037800372,-108.08527217910316,-0.06371216286071511
13.114335268958143,13.301281419948896,-12.353825758648009,-108.14255955738065,-0.06368494083427302
13.13003604289896,13.29638501770038,-12.36874351810985,-108.19983766968392,-0.06365804167283765
13.145740947939217,13.291472413690412,-12.383660299403573,-108.25710668087751,-0.06363121524862937
13.161449983988636,13.28654360738677,-12.398576085739636,-108.31436649676185,-0.06360413575729486
13.177163150977275,13.28159859831082,-12.413490860362527,-108.37161697478558,-0.06357702156687767
13.192880448831144,13.276637385994743,-12.42840460651103,-108.42885840491988,-0.06355061515929927
13.208601877441835,13.271659969928573,-12.443317307368531,-108.48609069733047,-0.06352333050983147
13.224327436747023,13.266666349700884,-12.458228946194717,-108.54331365566087,-0.06349651695265332
13.240057126662046,13.261656524879124,-12.473139506213645,-108.60052760304202,-0.06346997847703183
13.255790947085144,13.256630495018872,-12.488048970622206,-108.65773239451818,-0.06344287215885665
13.27152889794405,13.251588259745207,-12.502957322666692,-108.71492800358907,-0.06341630364722141
13.287270979146264,13.246529818665799,-12.517864545561089,-108.77211447331709,-0.06338932172770337
13.303017190612014,13.241455171428495,-12.532770622541335,-108.8292918493405,-0.0633628831233965
13.318767532237885,13.236364317657838,-12.547675536805343,-108.8864601786774,-0.06333603425681622
13.334522003942165,13.231257257034217,-12.562579271587861,-108.94361928601865,-0.06330923582265453
13.350280605642958,13.226133989255606,-12.577481810124395,-109.00076932492837,-0.06328275589156515
13.366043337236835,13.220994514000356,-12.592383135615817,-109.05791038742022,-0.06325618997096184
13.381810198628822,13.215838830979584,-12.607283231278041,-109.11504227582849,-0.06322930097428554
13.39758118974098,13.210666939951954,-12.622182080356344,-109.17216509281869,-0.06320299090805566
13.413356310465145,13.20547884064143,-12.637079666046857,-109.22927895324857,-0.06317638478453404
13.429135560710796,13.200274532820657,-12.651975971576132,-109.28638360746129,-0.06314955085366732
13.444918940397354,13.195054016297455,-12.66687098018845,-109.34347929309402,-0.06312349889812875
13.460706449403293,13.189817290826332,-12.681764675060869,-109.40056606282648,-0.06309681008131965
13.476498087640978,13.184564356238743,-12.69665703942817,-109.45764364862946,-0.06307019394303184
13.492293855025137,13.179295212388098,-12.71154805653029,-109.51471221588967,-0.06304389915999117
13.508093751448026,13.174009859106631,-12.72643770957071,-109.57177186500812,-0.06301753335170142
13.523897776803528,13.168708296247349,-12.741325981756777,-109.62882253996658,-0.06299114320328322
13.539705930992554,13.16339052369342,-12.756212856308835,-109.68586416934538,-0.06296464803876146
13.555518213923515,13.158056541358892,-12.771098316461067,-109.74289675969202,-0.06293830069176495
13.571334625492623,13.152706349154524,-12.785982345428378,-109.79992048155916,-0.06291221034871503
13.587155165585502,13.147339946990598,-12.800864926409021,-109.85693520434499,-0.06288560311896083
13.602979834112537,13.141957334838299,-12.815746042644319,-109.91394095257198,-0.06285959507723408
13.618808630958467,13.13655851264216,-12.830625677333526,-109.9709377925533,-0.0628331624466346
13.634641556025716,13.131143480395297,-12.845503813707095,-110.02792563800199,-0.06280699229046634
13.650478609204805,13.125712238088054,-12.860380434976635,-110.08490464160293,-0.06278092448623517
13.666319790382019,13.120264785721332,-12.87525552434785,-110.14187467846065,-0.0627545072453298
13.682165099462878,13.114801123347263,-12.890129065060476,-110.19883574773131,-0.06272846567705766
13.698014536334494,13.109321251003896,-12.905001040324299,-110.2557879706361,-0.06270234363073202
13.713868100883523,13.103825168746395,-12.919871433349671,-110.31273132874249,-0.06267628953752447
13.729725792998902,13.098312876651748,-12.934740227352194,-110.36966574297394,-0.0626500214648463
13.745587612577207,13.092784374828021,-12.949607405561919,-110.42659132227791,-0.06262423517623389
13.76145355949409,13.08723966336494,-12.964472951174526,-110.48350804165058,-0.06259794015761827
13.77732363365056,13.081678742413951,-12.979336847430513,-110.54041579799086,-0.06257195496609451
13.793197834932952,13.076101612118942,-12.994199077546696,-110.59731478465334,-0.06254611320617177
13.809076163214684,13.070508272619335,-13.009059624719145,-110.6542050075072,-0.06252016885639575
13.824958618380837,13.064898724092625,-13.023918472165409,-110.71108629179935,-0.06249397083974726
13.840845200331794,13.059272966760517,-13.038775603130865,-110.76795869428346,-0.06246817906519982
13.856735908944753,13.053631000822483,-13.053631000822481,-110.82482236565083,-0.06244234003576881
13.87263074409448,13.04797282649166,-13.068484648444496,-110.88167727564986,-0.06241650961861675
13.88852970566323,13.042298444011983,-13.083336529215595,-110.93852328491944,-0.062390392363758956
13.904432793546292,13.03660785366768,-13.098186626378569,-110.99536049894392,-0.06236482125962849
13.920340007608226,13.03090105570776,-13.113034923124555,-111.05218907466393,-0.0623390762712464
13.936251347727529,13.025178050423156,-13.127881402670377,-111.10900869596784,-0.06231283924184974
13.952166813806492,13.019438838163573,-13.142726048275783,-111.16581957285064,-0.06228758254253108
13.96808640569616,13.013683419208217,-13.157568843113074,-111.22262185667596,-0.06226170526279933
13.984010123278782,13.007911793907917,-13.172409770410384,-111.27941522767138,-0.06223577500374647
13.999937966445028,13.002123962645793,-13.187248813412198,-111.33619986943259,-0.06221032777555354
14.015869935057824,12.996319925774955,-13.202085955316253,-111.39297584682895,-0.062184567322589215
14.031806028995312,12.990499683692548,-13.216921179348489,-111.4497430318401,-0.06215886714044525
14.047746248134674,12.984663236811835,-13.231754468734849,-111.50650153968355,-0.062133386589888144
14.063690592341368,12.978810585543709,-13.246585806682425,-111.56325135681243,-0.06210768428143264
14.079639061490932,12.972941730334234,-13.261415176417676,-111.61999247394445,-0.06208221086085087
14.09559165545469,12.96705667163996,-13.27624256116137,-111.67672481257434,-0.06205636423822032
14.111548374118156,12.961155409959604,-13.291067944160975,-111.73344846746896,-0.062031125550432505
14.127509217334712,12.955237945754437,-13.305891308609171,-111.79016358485512,-0.062005626271070625
14.143474184968582,12.94930427952219,-13.320712637719437,-111.8468700127392,-0.061980082527609635
14.159443276896639,12.94335441180009,-13.335531914729339,-111.90356765612401,-0.06195440291708382
14.175416492999943,12.937388343150243,-13.350349122885675,-111.9602566520814,-0.0619291860938935
14.19139383312981,12.93140607410148,-13.365164245384449,-112.01693717959746,-0.06190392495233054
14.20737529714439,12.925407605212207,-13.37997726543553,-112.07360895273399,-0.06187811073514395
14.2233608849328,12.919392937111626,-13.394788166305524,-112.13027203214553,-0.06185300925144411
14.239350596347904,12.913362070384503,-13.409596931198585,-112.18692660269541,-0.06182762600358003
14.255344431248888,12.907315005644246,-13.424403543331922,-112.24357260261293,-0.0618024168261931
14.271342389497288,12.901251743526066,-13.439207985928784,-112.3002098956269,-0.06177676339280686
14.287344470975446,12.895172284718457,-13.454010242251393,-112.35683853939555,-0.06175170710995247
14.30335067552909,12.889076629864977,-13.468810295498606,-112.4134588365606,-0.061726740999055695
14.319361003005765,12.882964779630143,-13.483608128874385,-112.47007037553827,-0.061700814297590875
14.335375453302525,12.876836734780772,-13.498403725673146,-112.52667326565289,-0.06167611347822123
14.351394026251732,12.870692495990776,-13.51319706907552,-112.58326786380547,-0.06165099186314648
14.367416721705842,12.864532063986251,-13.52798814230003,-112.63985372866455,-0.0616253563448953
14.38344353955033,12.858355439567339,-13.542776928626436,-112.69643098972557,-0.06160054376512587
14.399474479624663,12.852162623473296,-13.557563411253899,-112.75299989958653,-0.06157548544615265
14.41550954177958,12.845953616480418,-13.572347573403794,-112.80956017525635,-0.06155008361234276
14.431548725886913,12.839728419418654,-13.587129398337513,-112.86611192096616,-0.06152527905527522
14.447592031792137,12.833487033090671,-13.60190886927099,-112.92265514396928,-0.0614999199866484
14.463639459359033,12.827229458348064,-13.616685969455244,-112.9791899194374,-0.06147530575708206
14.479691008420573,12.820955696007626,-13.631460682087669,-113.03571625641662,-0.061449993303803595
14.495746678844975,12.81466574696391,-13.646232990431473,-113.09223394777958,-0.06142495539985704
14.511806470487748,12.808359612107468,-13.661002877729,-113.14874327648045,-0.06140028490650279
14.527870383186809,12.802037292316596,-13.67577032719277,-113.20524406905038,-0.06137489680182944
14.543938416810033,12.795698788538253,-13.69053532209182,-113.26173644737439,-0.06135051778156113
14.560010571183907,12.789344101666668,-13.70529784562209,-113.31822038876287,-0.06132510724304494
14.576086846180452,12.78297323269118,-13.720057881064516,-113.3746957732789,-0.06130049430309325
14.592167241636322,12.776586182558637,-13.734815411637804,-113.43116286816867,-0.06127569077306194
14.608251757394507,12.770182952244369,-13.749570420574358,-113.4876214452883,-0.061250609229903476
14.624340393315544,12.763763542771146,-13.764322891140834,-113.5440715791939,-0.06122599407295758
14.640433149236017,12.757327955138695,-13.77907280656232,-113.60051336922876,-0.061201154704741
14.656530025001702,12.750876190380042,-13.793820150082931,-113.65694671636192,-0.061176351284040094
14.672631020461157,12.744408249550544,-13.808564904954121,-113.71337163731715,-0.06115157472794213
14.688736135458653,12.737924133715927,-13.823307054421747,-113.76978821382437,-0.06112697499811915
14.704845369832237,12.731423843949024,-13.838046581722491,-113.82619637157512,-0.061102063907621525
14.720958723432727,12.724907381361913,-13.852783470118798,-113.88259617865184,-0.06107763811178198
14.737076196089852,12.718374747048628,-13.86751770283659,-113.93898765293541,-0.06105279225597122
14.753197787652208,12.711825942152748,-13.882249263138851,-113.99537072156453,-0.06102823502422777
14.769323497958295,12.705260967818408,-13.896978134272285,-114.05174545607679,-0.061003570482683775
14.78545332685149,12.69867982521556,-13.911704299494932,-114.10811178363744,-0.06097888195072831
14.801587274173642,12.69208251552921,-13.926427742064398,-114.16446985474084,-0.06095456940389471
14.817725339747366,12.685469039929458,-13.941148445204986,-114.22081966130864,-0.0609298897482191
14.833867523417164,12.67883939964104,-13.955866392183953,-114.27716103252271,-0.06090523398819203
14.850013825031267,12.67219359591255,-13.970581566277929,-114.33349404417896,-0.06088074450580134
14.866164244421002,12.665531629981583,-13.985293950734535,-114.3898189001167,-0.06085655564555955
14.88231878140512,12.658853503082197,-14.000003528780384,-114.44613544461306,-0.06083175585990349
14.898477435836968,12.65215921652437,-14.014710283708974,-114.5024435686307,-0.06080735752321935
14.914640207548345,12.6454487715993,-14.029414198776115,-114.55874355681202,-0.0607831988091891
14.93080709635821,12.638722169594148,-14.044115257216065,-114.61503523631319,-0.060758453371575635
14.946978102117965,12.631979411868327,-14.058813442326239,-114.67131854477586,-0.060734186069504044
14.963153224654125,12.625220499756852,-14.073508737359994,-114.72759373170176,-0.06071000531962318
14.979332463784077,12.618445434596985,-14.088201125556054,-114.7838607098335,-0.060685575785398516
14.995515819346187,12.611654217778895,-14.102890590195017,-114.84011929946962,-0.0606610333717023
15.011703291183903,12.604846850718783,-14.117577114569619,-114.8963696787183,-0.060637013989177084
15.027894879111159,12.598023334800775,-14.132260681919645,-114.95261192871409,-0.060612672573721764
15.044090582958765,12.591183671454939,-14.146941275519188,-115.00884587016216,-0.06058829260429962
15.060290402559206,12.58432786213173,-14.161618878648127,-115.06507169473903,-0.060564390215062075
15.076494337725201,12.577455908265927,-14.176293474551594,-115.12128927289316,-0.06053975709158997
15.092702388302886,12.570567811365946,-14.190965046540486,-115.17749860785162,-0.060515887449860674
15.108914554103974,12.563663572899955,-14.205633577863242,-115.2336998536689,-0.060491612053156014
15.125130834956606,12.556743194381248,-14.22029905180203,-115.28989284644709,-0.060467415327742656
15.14135123068934,12.549806677341286,-14.234961451642466,-115.34607768548955,-0.06044337950633436
15.157575741120388,12.54285402331176,-14.249620760653224,-115.40225439472646,-0.06041926008576128
15.173804366072972,12.535885233850255,-14.26427696211516,-115.45842292294212,-0.060395139838127776
15.190037105372436,12.528900310535423,-14.278930039315881,-115.51458328791443,-0.060371084400873604
15.206273958838374,12.521899254953759,-14.293579975534744,-115.57073557217888,-0.06034716734757557
15.222514926287314,12.51488206870421,-14.308226754048011,-115.62687965752508,-0.060322883509447894
15.23876000754962,12.5078487534263,-14.322870358161087,-115.68301568071378,-0.060299285993559486
15.255009202427093,12.500799310729318,-14.337510771127532,-115.73914358976896,-0.06027491621530587
15.27126251075837,12.49373374230162,-14.35214797627418,-115.7952632634315,-0.060251083752700295
15.287519932354275,12.486652049802514,-14.36678195687739,-115.85137502878896,-0.060227442064537014
15.303781467016837,12.479554234894218,-14.38141269619942,-115.90747861582236,-0.060203055468439175
15.320047114587117,12.472440299321494,-14.396040177580291,-115.96357404221878,-0.06017947720346512
15.336316874869524,12.465310244785414,-14.410664384292435,-116.01966146175906,-0.06015544623975853
15.352590747681083,12.458164073025586,-14.425285299635387,-116.07574084845236,-0.06013183764150775
15.368868732824867,12.451001785775865,-14.439902906884651,-116.13181219774032,-0.060107822429373306
15.385150830127289,12.443823384826443,-14.454517189363612,-116.18787533379272,-0.06008386221274759
15.401437039410219,12.436628871977307,-14.469128130389809,-116.24393051237287,-0.06006042072488048
15.417727360466666,12.429418248997932,-14.48373571322789,-116.29997772613623,-0.06003647022671137
15.434021793114896,12.42219151771727,-14.498339921194255,-116.35601684992473,-0.060012785877093654
15.450320337167891,12.41494867997292,-14.51294073759802,-116.4120479094483,-0.059988915852277384
15.466622992442298,12.407689737625958,-14.527538145758363,-116.4680709800261,-0.059965418107798825
15.48292975873752,12.400414692526295,-14.542132128963946,-116.5240860838614,-0.05994162097127015
15.499240635866988,12.393123546564572,-14.556722670533658,-116.58009314858731,-0.059917993567312505
15.51555562364056,12.385816301642876,-14.571309753782415,-116.63609219514811,-0.059894266537160325
15.53187472186839,12.378492959681223,-14.585893362028738,-116.69208330613496,-0.05987084104559811
15.548197930347222,12.371153522594826,-14.600473478567993,-116.7480664679375,-0.059847110148462196
15.564525248891766,12.363797992346079,-14.615050086733639,-116.80404155182597,-0.059823434542474414
15.580856677313118,12.356426370908762,-14.629623169855156,-116.86000874268986,-0.05980012407105265
15.597192215403217,12.349038660242364,-14.644192711227575,-116.91596800787957,-0.05977640386317782
15.613531862975409,12.341634862359218,-14.658758694190936,-116.97191924933648,-0.05975290893111825
15.629875619835184,12.334214979275991,-14.67332110207297,-117.02786256805678,-0.05972942959401858
15.646223485782478,12.326779013017585,-14.687879918193609,-117.08379800425611,-0.059706045609157196
15.662575460615969,12.319326965624208,-14.702435125873404,-117.1397254778274,-0.059682420289593495
15.678931544144884,12.311858839170874,-14.716986708456815,-117.19564505034917,-0.059659192734458924
15.695291736160987,12.30437463572116,-14.731534649257048,-117.25155673991827,-0.05963563107851989
15.711656036472332,12.296874357382862,-14.746078931622566,-117.30746045445777,-0.059612232007395655
15.728024444882163,12.289358006273194,-14.760619538895552,-117.36335627121905,-0.059588860100819846
15.744396961188965,12.281825584518865,-14.775156454411968,-117.41924422413311,-0.05956555830881813
15.76077358518384,12.274277094251811,-14.789689661496356,-117.47512441517982,-0.05954242870591514
15.777154316657164,12.266712537620167,-14.804219143475002,-117.53099661665512,-0.05951866649694051
15.793539155432933,12.259131916844668,-14.818744883744126,-117.58686083033898,-0.05949556547494743
15.80992810129486,12.251535234097108,-14.833266865623266,-117.64271745595728,-0.059472679696227576
15.826321154018082,12.243922491552604,-14.847785072418095,-117.69856612322755,-0.059448814885965824
15.842718313432812,12.236293691494083,-14.86229948754717,-117.75440676587665,-0.05942581267317873
15.859119579320751,12.22864883614202,-14.876810094335754,-117.81023986894482,-0.059403005219335864
15.87552495145519,12.220987927720541,-14.891316876095578,-117.86606499131028,-0.059379088982649625
15.891934429668192,12.213310968567443,-14.905819816259028,-117.92188216735163,-0.0593563792586998
15.908348013728212,12.205617960933486,-14.920318898134761,-117.9776918348316,-0.05933341901042117
15.9247657034172,12.197908907108975,-14.9348141050617,-118.03349347173632,-0.05930962382073794
15.941187498561531,12.19018380947418,-14.949305420471116,-118.08928729406361,-0.059287147336140995
15.957613398920467,12.18244267031682,-14.96379282766316,-118.14507353977444,-0.059263882703693704
15.974043404291614,12.174685492004699,-14.978276310018238,-118.2008517719708,-0.05924050231851609
15.99047751448303,12.166912276939927,-14.992755850941224,-118.25662229318185,-0.0592179049546043
16.006915729261305,12.159123027474106,-15.007231433756981,-118.31238511891569,-0.05919458214462008
16.023358048425134,12.151317746028656,-15.021703041858453,-118.36814013060398,-0.0591717574389117
16.039804471759478,12.143496435019768,-15.036170658614322,-118.42388733991515,-0.05914848397490968
16.05625499906062,12.135659096899381,-15.05063426741961,-118.47962689216277,-0.05912599207834884
16.072709630093506,12.127805734085612,-15.065093851609472,-118.53535870784523,-0.05910257447864203
16.089168364667824,12.119936349086785,-15.079549394613045,-118.59108263611503,-0.05907978691623666
16.105631202561124,12.112050944376028,-15.09400087979792,-118.64679905732837,-0.059057200426998684
16.122098143542814,12.104149522430575,-15.108448290518682,-118.70250762236466,-0.05903369706569689
16.138569187427628,12.096232085818595,-15.12289161022541,-118.75820842759907,-0.05901133911217182
16.15504433397633,12.088298637037674,-15.137330822262143,-118.81390166683298,-0.05898827092183998
16.17152358297463,12.08034917864326,-15.151765910027148,-118.8695872083772,-0.05896565817466653
16.188006934200814,12.072383713195979,-15.166196856907169,-118.92526495775289,-0.05894241423202249
16.2044943874572,12.06440224331264,-15.180623646341509,-118.98093502068906,-0.058920049562600385
16.220985942503546,12.056404771558183,-15.195046261686283,-119.03659754686234,-0.058897146835848214
16.2374815991235,12.048391300553604,-15.209464686349966,-119.09225231229227,-0.05887433225643151
16.25398135710512,12.040361832944187,-15.223878903753668,-119.14789936525149,-0.0588515558958168
16.27048521622943,12.032316371381013,-15.238288897307818,-119.20353881542327,-0.05882899752369724
16.286993176263273,12.024254918509381,-15.252694650397377,-119.25917072152615,-0.058806369512211416
16.30350523698382,12.016177477008599,-15.267096146432182,-119.31479484785724,-0.0587833368943019
16.320021398186974,12.008084049605369,-15.281493368864206,-119.3704113604198,-0.05876108385364361
16.336541659629713,11.99997463898065,-15.29588630106915,-119.42602035189462,-0.058738271275611334
16.35306602109523,11.991849247874995,-15.310274926480327,-119.48162161709979,-0.05871560870722621
16.36959448236562,11.9837078790443,-15.324659228532541,-119.53721526486451,-0.05869305007556474
16.386127043209218,11.975550535239412,-15.33903919063597,-119.59280145186982,-0.058670742394069685
16.402663703389678,11.967377219220843,-15.353414796194853,-119.64837991902345,-0.05864766077649589
16.41920446270705,11.959187933824923,-15.36778602869243,-119.70395075965608,-0.058625573970045086
16.435749320911928,11.950982681825375,-15.382152871513433,-119.75951420169439,-0.05860299738461844
16.452298277779942,11.942761466053499,-15.39651530809821,-119.81506986740031,-0.05858013753100408
16.46885133310057,11.934524289379942,-15.410873321919638,-119.87061807229452,-0.05855825029718068
16.48540848661712,11.926271154618235,-15.425226896358632,-119.92615875983527,-0.05853529520792837
16.501969738122668,11.918002064679094,-15.439576014903281,-119.98169176193095,-0.05851307733791019
16.518535087378993,11.909717022440006,-15.453920660980495,-120.03721735454536,-0.058490727794152354
16.535104534151415,11.901416030801313,-15.468260818028398,-120.09273531463707,-0.05846806374630733
16.551678078222462,11.893099092708082,-15.48259646952487,-120.1482457470087,-0.05844595872585028
16.56825571934832,11.884766211080185,-15.496927598896734,-120.20374869910329,-0.05842341842497616
16.584837457301425,11.876417388880725,-15.51125418960867,-120.25924414336477,-0.05840127906087382
16.601423291842003,11.868052629070313,-15.525576225103721,-120.31473205285286,-0.058378705822304706
16.61801322274832,11.859671934655552,-15.53989368886665,-120.3702124282728,-0.058356591584043806
16.634607249776618,11.851275308624844,-15.554206564340026,-120.42568540720853,-0.058334331539516136
16.651205372692903,11.842862753999354,-15.568514834990852,-120.48115076089644,-0.05831175974664007
16.66780759127688,11.83443427383918,-15.582818484318897,-120.53660868580367,-0.05828993644766957
16.684413905270173,11.82598987116064,-15.597117495747892,-120.59205925451379,-0.05826754093789303
16.70102431444366,11.81752954904392,-15.611411852767082,-120.64750221552583,-0.058245212524291004
16.7176388185728,11.809053310593505,-15.625701538879412,-120.70293765849004,-0.05822302898845403
16.734257417415787,11.800561158903347,-15.639986537555483,-120.75836581075923,-0.058201201749364474
16.750880110716494,11.792053097061727,-15.654266832239715,-120.81378648512026,-0.05817864855361118
16.76750689825582,11.783529128232946,-15.668542406458775,-120.86919963992926,-0.05815675727737991
16.78413777978682,11.774989255553985,-15.682813243684574,-120.92460540926278,-0.058134509105137996
16.800772755073073,11.766433482195598,-15.697079327415373,-120.98000374999341,-0.058112550709037925
16.817411823867662,11.757861811328906,-15.711340641131304,-121.0353947123622,-0.05809043141296026
16.834054985933257,11.749274246157295,-15.725597168336938,-121.09077817387158,-0.05806823943485591
16.85070224103488,11.740670789904884,-15.739848892546009,-121.14615428404727,-0.058046457099792594
16.8673535889187,11.73205144578285,-15.754095797236289,-121.20152299891916,-0.05802419633404033
16.88400902935221,11.723416217053304,-15.768337865935134,-121.25688429397222,-0.05800238588558007
16.9006685620851,11.714765106967045,-15.782575082136125,-121.312238234288,-0.057980284880251406
16.91733218687586,11.70609811880584,-15.796807429355777,-121.367584825941,-0.057958510404499106
16.933999903473815,11.697415255853993,-15.811034891095286,-121.4229240006138,-0.05793628961119239
16.950671711648745,11.688716521445105,-15.825257450903749,-121.47825575105445,-0.05791452314694927
16.967347611146753,11.680001918892287,-15.83947509228388,-121.53358026973707,-0.05789272859635496
16.98402760171366,11.671271451525243,-15.853687798742014,-121.58889741519033,-0.05787068920521065
17.000711683113362,11.662525122719213,-15.867895553827484,-121.64420712040685,-0.057848777595509285
17.017399855101168,11.653762935852773,-15.88209834107549,-121.69950956655092,-0.05782714038908714
17.034092117415216,11.64498489429441,-15.896296143988641,-121.75480476401057,-0.05780527366103774
17.050788469812012,11.636191001458595,-15.910488946113318,-121.81009247122965,-0.057783154440523544
17.06748891205897,11.627381260793813,-15.924676731023698,-121.86537291191227,-0.05776177844460264
17.084193443884097,11.618555675703472,-15.93885948221343,-121.92064617151564,-0.057739860978330566
17.100902065043847,11.609714249652795,-15.953037183241824,-121.97591197478133,-0.05771793280557958
17.117614775298346,11.600856986129571,-15.967209817680452,-122.03117053218378,-0.05769647805512123
17.13433157438334,11.591983888600257,-15.98137736905263,-122.08642181778336,-0.05767451876463933
17.15105246205488,11.583094960580134,-15.995539820929952,-122.1416658404708,-0.05765310548957035
17.16777743804952,11.574190205570797,-16.00969715684618,-122.19690258275637,-0.05763113271823016
17.18450650212846,11.56526962712943,-16.023849360392934,-122.25213198659556,-0.05760962117908177
17.201239654033355,11.556333228799392,-16.037996415123835,-122.30735418468198,-0.05758794824225239
17.21797689350842,11.547381014145055,-16.052138304602558,-122.362569149831,-0.057566402862146836
17.234718220296042,11.538412986744783,-16.066275012393195,-122.41777685145439,-0.05754468902267891
17.25146363414714,11.529429150207184,-16.0804065220829,-122.47297728092268,-0.05752314848365117
17.268213134803425,11.520429508143335,-16.094532817243255,-122.52817053305122,-0.05750165512588252
17.28496672200554,11.511414064179567,-16.108653881448017,-122.5833565118489,-0.057479937361260634
17.301724395504287,11.502382821974892,-16.122769698297606,-122.63853528681354,-0.0574586115535749
17.318486155033323,11.493335785178456,-16.13688025135952,-122.69370686732607,-0.05743693613716695
17.335252000341324,11.48427295747973,-16.150985524238664,-122.74887121240944,-0.05741554769662473
17.352021931167258,11.475194342569827,-16.165085500523194,-122.80402835377981,-0.057393961068254486
17.368795947255627,11.46609994416539,-16.17918016381801,-122.85917832492261,-0.05737266499304994
17.38557404833932,11.456989765981792,-16.193269497707078,-122.91432112797041,-0.05735110551051866
17.40235623416304,11.447863811769686,-16.207353485804934,-122.96945672800807,-0.05732975942053442
17.419142504465416,11.438722085287056,-16.22143211171733,-123.02458512811221,-0.05730822900166492
17.435932858991258,11.4295645903183,-16.235505359068267,-123.07970636126657,-0.057286974086182864
17.452727297470453,11.420391330641522,-16.24957321145354,-123.13482052824983,-0.05726567578413932
17.46952581963862,11.411202310060524,-16.263635652486176,-123.18992744069355,-0.05724405194002221
17.48632842524646,11.401997532419276,-16.27769266581717,-123.24502723082946,-0.05722305090476055
17.503135114015564,11.39277700153346,-16.29174423503791,-123.30011993010287,-0.057201514979109414
17.51994588569226,11.38354072127388,-16.305790343799146,-123.35520540474556,-0.057180258571370074
17.53676074001195,11.37428869551118,-16.319830975732174,-123.41028381687464,-0.05715908177146673
17.55357967670075,11.365020928118453,-16.333866114452405,-123.4653551830341,-0.05713788216142751
17.570402695492614,11.355737422997759,-16.34789574359738,-123.52041932385912,-0.05711635556540103
17.587229796139738,11.346438184096009,-16.361919846849872,-123.575476283341,-0.057095269623824586
17.604060978365744,11.337123215332761,-16.375938407833967,-123.63052634342081,-0.0570743502958804
17.620896241888293,11.327792520635223,-16.389951410165192,-123.68556923149518,-0.05705272141406118
17.637735586463084,11.318446104005984,-16.403958837548593,-123.74060494385442,-0.05703181667591211
17.654579011810174,11.309083969409444,-16.417960673614598,-123.79563371900217,-0.05701070457977134
17.671426517655757,11.29970612083623,-16.43195690201209,-123.85065537775789,-0.056989450802017685
17.688278103740853,11.290312562316535,-16.445947506427927,-123.90566987133161,-0.05696825991013488
17.705133769800348,11.28090329788777,-16.459932470540103,-123.9606773632413,-0.05694736710457348
17.72199351555009,11.27147833157486,-16.473911777988842,-124.01567790891235,-0.056926313253455756
17.738857340719512,11.262037667440412,-16.48788541244969,-124.07067127478881,-0.05690495912954643
17.75572524505389,11.25258130958791,-16.501853357638552,-124.12565759491225,-0.056884204896258526
17.772597228266374,11.24310926208838,-16.515815597204217,-124.1806369987895,-0.056863141005151024
17.789473290084665,11.233621529051847,-16.52977211483299,-124.23560929872116,-0.056842020581926805
17.8063534302432,11.224118114615326,-16.54372289423127,-124.29057458049478,-0.05682115626523453
17.82323764846511,11.214599022915237,-16.557667919084974,-124.34553281868963,-0.05680000543265334
17.84012594448323,11.205064258119483,-16.571607173106813,-124.4004840830724,-0.05677930740525784
17.85701831801051,11.195513824382301,-16.585540639969615,-124.45542839527687,-0.05675822341104377
17.873914768780107,11.1859477259055,-16.599468303396822,-124.5103656022934,-0.056737231237137635
17.890815296518614,11.176365966897462,-16.61339014710202,-124.56529595527823,-0.05671668812186534
17.907719900933532,11.166768551554206,-16.62730615476061,-124.6202192774177,-0.056695352839489475
17.92462858177298,11.157155484150255,-16.64121631014498,-124.67513548100287,-0.05667465053851105
17.94154133875047,11.147526768924035,-16.655120596954163,-124.73004495152932,-0.056654133073257416
17.958458171573106,11.137882410121003,-16.669018998877675,-124.78494730588753,-0.056632662079604726
17.97537907999404,11.12822241207309,-16.682911499714596,-124.8398426799185,-0.056612446724826876
17.992304063705458,11.118546779036397,-16.696798083130652,-124.89473131121335,-0.05659148788181803
18.00923312243499,11.108855515337423,-16.710678732877145,-124.94961278470305,-0.05657043832587931
18.026166255919772,11.099148625333646,-16.724553432732208,-125.00448737438477,-0.056550066286222736
18.043103463860707,11.089426113344297,-16.738422166396514,-125.0593551025552,-0.05652908460982957
18.060044745986396,11.079687983747133,-16.752284917639,-125.11421583925598,-0.056508466500024376
18.07699010201266,11.06993424091722,-16.766141670204618,-125.16906970836969,-0.05648776191467124
18.09393953165745,11.060164889249386,-16.77999240784829,-125.2239166324433,-0.056467006037611095
18.110893034644278,11.050379933163502,-16.793837114342892,-125.27875661069038,-0.05644632159887569
18.12785061069029,11.040579377086349,-16.807675773451887,-125.33358975679839,-0.056425821534915
18.144812259500377,11.03076322544285,-16.821508368915808,-125.38841611203578,-0.056405243768269185
18.161777980792998,11.02093148269503,-16.83533488451156,-125.44323537502422,-0.05638414521859386
18.178747774309446,11.011084153355705,-16.849155304073708,-125.49804777955082,-0.05636407007070318
18.195721639736757,11.00122124187264,-16.862969611317347,-125.55285351979768,-0.05634339268904284
18.2126995767926,10.991342752756353,-16.876777790033294,-125.60765220862373,-0.056322543001056165
18.22968158520873,10.981448690554942,-16.890579824050068,-125.6624440532281,-0.05630231321067695
18.24666766468386,10.971539059783447,-16.904375697125303,-125.71722911710393,-0.056281615691227714
18.26365781493592,10.961613865002326,-16.918165393066275,-125.77200730953776,-0.05626122100991035
18.280652035675075,10.95167311077692,-16.931948895667617,-125.8267786448073,-0.05624057442259471
18.297650326620357,10.941716801702352,-16.94572618874979,-125.88154314048843,-0.05622023734854232
18.314652687477764,10.931744942370738,-16.959497256108424,-125.93630083296476,-0.05619968702465129
18.331659117962243,10.921757537404135,-16.973262081565235,-125.99105167725658,-0.05617927908095655
18.348669617783862,10.911754591433782,-16.98702064893599,-126.04579572333725,-0.056158852818186535
18.36568418665272,10.901736109107452,-17.000772942041873,-126.10053295517638,-0.0561384334326276
18.382702824277914,10.891702095087956,-17.014518944707163,-126.1552634242901,-0.0561181342844878
18.399725530365753,10.881652554050417,-17.02825864075503,-126.20998705135742,-0.05609757364502515
18.416752304635065,10.871587490705073,-17.041992014043203,-126.26470386174982,-0.05607734788984638
18.433783146787242,10.861506909752693,-17.055719048394252,-126.31941397342044,-0.05605705045997793
18.450818056527684,10.851410815916488,-17.069439727645495,-126.37411725082515,-0.056036568250492656
18.467857033573978,10.841299213954205,-17.08315403566816,-126.4288137093519,-0.056016323672174635
18.484900077627895,10.83117210861656,-17.09686195630201,-126.48350352998263,-0.05599623353873512
18.50194718838587,10.82102950466286,-17.110563473379802,-126.53818653618767,-0.055975648727917514
18.518998365571463,10.810871406909026,-17.12425857080326,-126.59286269782368,-0.05595551810265159
18.53605360888349,10.800697820150718,-17.137947232421677,-126.64753226294599,-0.05593546237267505
18.553112918016105,10.790508749193235,-17.15162944207895,-126.70219504750773,-0.055914976314653725
18.570176292689215,10.780304198896308,-17.16530518368489,-126.75685100213445,-0.05589484073497605
18.587243732605977,10.770084174111304,-17.178974441115567,-126.81150028689072,-0.05587470334008575
18.604315237462718,10.75984867969597,-17.192637198236564,-126.8661429376873,-0.055854662355972556
18.621390806957752,10.749597720527412,-17.206293438923673,-126.9207787891501,-0.05583420799918241
18.63847044080991,10.73933130152932,-17.219943147106616,-126.97540789235806,-0.05581429252011505
18.655554138711956,10.729049427603387,-17.233586306659284,-127.03003036583351,-0.0557941015522645
18.672641900366425,10.718752103682094,-17.247222901484236,-127.08464612186405,-0.055774027915257415
18.6897337254735,10.708439334710835,-17.26085291548409,-127.13925521140428,-0.05575396211502126
18.70682961373454,10.698111125653115,-17.274476332569908,-127.193857561377,-0.05573376029644768
18.723929564855958,10.687767481496179,-17.288093136670337,-127.2484532629858,-0.05571390172235549
18.741033578527084,10.677408407218612,-17.301703311679276,-127.30304235125996,-0.05569379244839367
18.758141654451563,10.667033907836347,-17.315306841530205,-127.35762467912174,-0.055673654693982645
18.775253792336617,10.656643988386868,-17.32890371017083,-127.41220034440363,-0.055653765999125644
18.79236999187154,10.646238653897743,-17.34249390151197,-127.46676949094977,-0.05563394261724549
18.809490252747164,10.635817909415211,-17.356077399473808,-127.52133188640484,-0.05561360102329446
18.826614574681606,10.625381760041611,-17.36965418804719,-127.57588757429981,-0.05559388725822309
18.84374295736005,10.61493021084753,-17.383224251150317,-127.63043677359934,-0.05557401293820659
18.860875400474267,10.604463266929539,-17.396787572722836,-127.68497926649668,-0.05555387616679341
18.878011903731174,10.593980933422529,-17.410344136746282,-127.73951514858776,-0.05553421743437976
18.895152466816253,10.583483215446519,-17.423893927156826,-127.79404443257195,-0.05551412741556262
18.912297089433174,10.572970118164287,-17.437436927939924,-127.84856706881429,-0.05549438836968473
18.92944577127082,10.562441646733367,-17.450973123051444,-127.90308316679537,-0.055474542071735015
18.94659851202456,10.551897806337026,-17.464502496468626,-127.95759256834799,-0.055454501854465266
18.963755311396785,10.54133860218494,-17.478025032191383,-128.0120954547823,-0.05543504523946322
18.980916169062773,10.530764039463824,-17.491540714160468,-128.06659179816833,-0.05541496899067808
18.998081084730917,10.520174123424601,-17.50504952640199,-128.12108138320443,-0.05539509511344051
19.015250058098697,10.50956885931858,-17.518551452921756,-128.1755645292919,-0.055375689083062146
19.0324230888359,10.498948252373333,-17.5320464776648,-128.23004120030103,-0.055355762458560734
19.049600176644987,10.488312307879948,-17.54553458466077,-128.28451110190855,-0.05533577881495814
19.06678132123035,10.477661031148388,-17.55901575794988,-128.3389745513389,-0.05531651744137474
19.08396652226029,10.466994427452903,-17.572489981491252,-128.39343148415006,-0.055296423566693516
19.101155779441488,10.456312502139223,-17.585957239342584,-128.44788179244685,-0.055276963549249124
19.118349092455357,10.445615260532913,-17.59941751550651,-128.50232564040513,-0.05525722370258085
19.135546460993996,10.434902707991148,-17.61287079401748,-128.5567628745051,-0.05523747254400589
19.152747884749516,10.424174849887265,-17.62631705891595,-128.61119367587065,-0.05521812084803636
19.169953363398058,10.413431691587936,-17.639756294209707,-128.66561790564268,-0.05519810848190209
19.187162896645354,10.402673238518421,-17.653188483984305,-128.7200355916607,-0.055178833690866236
19.204376484164598,10.391899496073513,-17.66661361225235,-128.7744468519105,-0.05515908118513436
19.221594125648043,10.381110469691547,-17.680031663078815,-128.8288515531206,-0.05513955655395073
19.238815820782456,10.370306164819104,-17.693442620521367,-128.8832497652944,-0.055119966435044625
19.256041569254254,10.359486586918438,-17.706846468642897,-128.93764150829048,-0.05510050246137722
19.27327137074457,10.348651741460449,-17.72024319149952,-128.99202679293595,-0.05508095469177114
19.29050522494265,10.337801633943737,-17.733632773173213,-129.0464054936973,-0.05506125678970572
19.307743131542473,10.326936269889748,-17.74701519776364,-129.100777775859,-0.05504206412784387
19.32498509021148,10.316055654798287,-17.760390449311753,-129.1551436913138,-0.05502249168724247
19.342231100637377,10.305159794214196,-17.77375851191417,-129.20950304436417,-0.05500292313468864
19.359481162512154,10.294248693704452,-17.78711936968416,-129.26385593046763,-0.054983564209372254
19.3767352755147,10.283322358833546,-17.800473006709087,-129.3182024087403,-0.054964135581278446
19.39399343932553,10.272380795184384,-17.813819407086445,-129.3725424624645,-0.05494476308716787
19.41125565362536,10.26142400835629,-17.827158554920434,-129.42687606329824,-0.05492529738987169
19.42852191809982,10.250452003971597,-17.84049043433349,-129.48120321861728,-0.054905960029159026
19.44579223243028,10.239464787662724,-17.853815029443844,-129.53552392226845,-0.05488650212062196
19.46306659630003,10.228462365080853,-17.867132324380673,-129.5898382653338,-0.054867369013565176
19.480345009378787,10.217444741874091,-17.880442303245943,-129.64414621031293,-0.05484785553162104
19.49762747135609,10.206411923734601,-17.89374495019675,-129.6984476628303,-0.05482855188719477
19.51491398191118,10.195363916356037,-17.907040249371065,-129.75274279836364,-0.05480941296532774
19.532204540714638,10.184300725435952,-17.920328184891737,-129.80703152330148,-0.054789940426371996
19.54949914745502,10.17322235671322,-17.933608740932343,-129.86131380216415,-0.05477074994291273
19.566797801807436,10.162128815923847,-17.946881901639532,-129.91558976287405,-0.05475155568755686
19.584100503445296,10.15102010881748,-17.960147651162032,-129.96985934260576,-0.054732258484845524
19.60140725205219,10.139896241174085,-17.97340597368015,-130.02412245240515,-0.05471290481835607
19.61871804730867,10.128757218785351,-17.986656853373024,-130.07837933393756,-0.05469411501609318
19.636032888870453,10.117603047424264,-17.999900274364492,-130.13262986014473,-0.054674525204650555
19.653351776434565,10.10643373293758,-18.01313622088735,-130.18687387318045,-0.054655437106004685
19.670674709675723,10.09524928115683,-18.02636467712539,-130.24111164036842,-0.05463640608561454
19.688001688258638,10.08404969791558,-18.03958562724386,-130.29534311931698,-0.05461725250023835
19.705332711859345,10.072834989079226,-18.05279905544263,-130.34956818930303,-0.054597998197789786
19.72266778016137,10.061605160539528,-18.066004945946677,-130.4037868886266,-0.054578941652217834
19.740006892834774,10.050360218185448,-18.07920328295383,-130.45799935603685,-0.05455998662597365
19.757350049545725,10.039100167916542,-18.092394050658644,-130.51220547099373,-0.05454070729758402
19.77469724997631,10.027825015670418,-18.105577233301904,-130.56640526982522,-0.054521845197140054
19.7920484937916,10.016534767377049,-18.118752815088367,-130.6205987688327,-0.05450261854551269
19.80940378067152,10.0052294290029,-18.131920780266416,-130.67478593612537,-0.054483712060879666
19.826763110284404,9.993909006514308,-18.145081113061924,-130.7289668090862,-0.05446458042432565
19.844126482304848,9.982573505902192,-18.158233797722975,-130.7831414238625,-0.05444576636259216
19.861493896394485,9.971222933155534,-18.171378818471673,-130.83730978838858,-0.05442667045863204
19.87886535223084,9.959857294301145,-18.184516159576557,-130.89147176892573,-0.05440760732150577
19.8962408494889,9.9484765953782,-18.19764580530636,-130.94562755013834,-0.054388902188043896
19.9136203878263,9.937080842417892,-18.210767739892724,-130.99977706837808,-0.054369730921460545
19.931003966921935,9.925670041496591,-18.22388194762742,-131.05392030135846,-0.05435100065444378
19.94839158643798,9.914244198683525,-18.23698841276665,-131.10805729351748,-0.05433193832723215
19.96578324605038,9.902803320082718,-18.25008711960798,-131.16218798034538,-0.0543130981677951
19.983178945424328,9.891347411799297,-18.263178052428472,-131.21631250713745,-0.05429434708896313
20.000578684220947,9.879876479948695,-18.276261195501505,-131.27043076417397,-0.05427530638440074
20.017982462116855,9.868390530683435,-18.289336533146322,-131.32454275264462,-0.05425657725172752
20.035390278774845,9.856889570152921,-18.30240404965382,-131.378648545445,-0.05423770234794187
20.052802133860595,9.845373604526376,-18.31546372932889,-131.43274815369404,-0.0542190150335496
20.07021802703729,9.833842639985452,-18.328515556476763,-131.48684146165206,-0.05419992766969115
20.0876379579825,9.822296682747224,-18.341559515445915,-131.54092861628928,-0.05418155437805006
20.105061926343254,9.810735739003002,-18.354595590513952,-131.59500958846775,-0.05416242819700261
20.122489931800768,9.799159815006437,-18.367623766052105,-131.6490842625185,-0.0541438425870271
20.139921974012914,9.787568916995188,-18.380644026378953,-131.70315285365706,-0.054125166954492376
20.15735805263975,9.77596305122576,-18.393656355825417,-131.75721519326163,-0.054106263131088995
20.174798167352694,9.764342223985802,-18.40666073875809,-131.8112713911281,-0.05408782668990683
20.192242317804524,9.752706441553519,-18.419657159502844,-131.8653213835576,-0.05406881483388222
20.20969050367143,9.741055710254573,-18.432645602452087,-131.91936519982275,-0.0540504562848542
20.22714272460215,9.729390036393252,-18.445626051934905,-131.9734029070542,-0.05403159815593689
20.244598980266787,9.71770942631852,-18.45859849234183,-132.02743438193144,-0.054013012254966825
20.262059270327892,9.706013886384836,-18.471562908050903,-132.0814596936703,-0.05399431189490666
20.279523594447035,9.694303422961077,-18.48451928344448,-132.13547892961296,-0.05397591988713405
20.296991952272542,9.68257804241409,-18.49746760287784,-132.18949206342833,-0.05395718621522264
20.314464343473706,9.670837751154659,-18.510407850766896,-132.24349891823206,-0.05393846000906018
20.331940767720482,9.659082555610112,-18.523340011536188,-132.2974996616436,-0.053920080460075896
20.349421224659775,9.64731246219256,-18.536264069557898,-132.35149441179402,-0.05390160944901497
20.36690571394518,9.635527477338865,-18.54918000922831,-132.40548297831756,-0.05388286898170934
20.384394235250173,9.623727607528178,-18.562087815001796,-132.4594653050773,-0.0538643050943822
20.40188678823235,9.611912859234064,-18.574987471298805,-132.51344171228112,-0.05384622291156778
20.41938337252828,9.600083238917732,-18.587878962492457,-132.56741197609216,-0.053827231582830794
20.436883987821734,9.58823875311909,-18.600762273084662,-132.62137598203637,-0.053808940095839176
20.454388633762612,9.576379408348448,-18.613637387496837,-132.67533406723183,-0.0537906403487348
20.471897309998013,9.564505211128143,-18.626504290150134,-132.7292859930558,-0.05377189214077473
20.489410016196924,9.552616168025272,-18.639362965529326,-132.78323187670293,-0.05375384507232206
20.506926752000346,9.540712285585386,-18.65221339805373,-132.83717166408658,-0.053735008216445376
20.52444751708164,9.528793570412649,-18.66505557223356,-132.89110534884168,-0.05371696743584102
20.54197231107977,9.516860029081215,-18.677889472496844,-132.94503307759433,-0.05369844180662432
20.559501133656855,9.504911668211589,-18.690715083338752,-132.99895458411467,-0.05367988973913463
20.577033984477154,9.492948494442649,-18.703532389267103,-133.05287011966723,-0.05366188345368067
20.594570863175406,9.480970514389917,-18.716341374720038,-133.10677969308966,-0.053643368006799495
20.612111769412856,9.46897773471957,-18.729142024211743,-133.16068311019762,-0.05362499413705111
20.62965670285071,9.456970162113233,-18.741934322263393,-133.2145804402746,-0.053606635540201474
20.64720566313931,9.444947803253834,-18.754718253375014,-133.26847190582237,-0.05358872324330998
20.664758649913445,9.432910664819456,-18.767493802013117,-133.32235726967681,-0.053569911883349114
20.682315662852197,9.420858753561976,-18.780260952767037,-133.37623649694163,-0.05355194900823213
20.699876701592693,9.408792076193663,-18.793019690123618,-133.43010991421653,-0.05353380591558516
20.71744176577885,9.396710639451394,-18.80576999859465,-133.4839772078884,-0.053515238525571655
20.735010855079352,9.384614450119948,-18.818511862763867,-133.5378384683621,-0.05349729389152191
20.752583969133326,9.372503514960984,-18.83124526714484,-133.59169378931352,-0.05347893149866106
20.770161107596287,9.36037784077312,-18.84397019630126,-133.64554307208616,-0.053460809664686776
20.787742270114773,9.348237434358783,-18.85668663478049,-133.69938643039274,-0.05344269189524976
20.805327456335675,9.336082302536402,-18.869394567138052,-133.75322375230414,-0.053424366613487664
20.8229166659157,9.323912452152715,-18.882093977962523,-133.80705510951896,-0.05340640989158657
20.840509898495128,9.311727890048559,-18.894784851806502,-133.86088051779583,-0.05338813465455994
20.858107153727584,9.299528623097641,-18.90746717326499,-133.91469993775783,-0.053370118490650556
20.87570843125835,9.28731465817831,-18.920140926918283,-133.96851338834153,-0.05335189954752721
20.89331373074016,9.275086002194087,-18.93280609737366,-134.02232086896265,-0.05333390088684859
20.91092305181514,9.262842662050176,-18.945462669217655,-134.0761224606324,-0.05331586124217618
20.92853639412824,9.250584644670962,-18.958110627051603,-134.12991806229948,-0.053297680921349753
20.946153757332517,9.238311957006761,-18.970749955505614,-134.18370771343928,-0.053279738125766515
20.96377514106895,9.226024606007716,-18.983380639185164,-134.23749147697882,-0.0532617011146797
20.98140054498286,9.213722598645049,-18.99600266271459,-134.29126928289432,-0.05324363819686438
20.99902996872314,9.201405941910007,-19.008616010735057,-134.34504114642823,-0.05322564995099175
21.016663411933777,9.189074642802959,-19.021220667882133,-134.39880712468423,-0.05320771865939438
21.034300874255763,9.176728708335823,-19.033816618790762,-134.4525672001186,-0.05318971422983553
21.05194235533628,9.164368145543945,-19.04640384811982,-134.50632131109205,-0.05317167947563126
21.069587854823727,9.151992961479559,-19.058982340538787,-134.5600695332083,-0.053153843141059746
21.08723737235245,9.139603163192344,-19.071552080687212,-134.6138119856346,-0.05313606260801954
21.104890907561845,9.127198757753868,-19.084113053225483,-134.66754837153667,-0.0531176577218067
21.122548460118434,9.11477975228565,-19.096665242893785,-134.72127890017921,-0.05310030934994678
21.14021002963826,9.102346153860225,-19.109208634305162,-134.77500367578654,-0.05308212902760549
21.157875615775772,9.089897969614459,-19.12174321218259,-134.8287224110443,-0.053064231166191585
21.175545218175948,9.077435206688447,-19.134268961231264,-134.88243537975393,-0.053046610277950795
21.193218836467164,9.064957872216635,-19.14678586611954,-134.9361424921877,-0.05302855357144331
21.210896470298447,9.052465973375,-19.159293911578498,-134.98984373530783,-0.05301092525377121
21.22857811930731,9.039959517340248,-19.17179308231593,-135.0435390158848,-0.05299270287786535
21.24626378315082,9.027438511329116,-19.184283363099595,-135.09722851401676,-0.05297544835701933
21.263953461439485,9.014902962514828,-19.19676473857993,-135.15091234740126,-0.05295747666698164
21.281647153822927,9.002352878135442,-19.209237193519925,-135.20459007811507,-0.052939376280666854
21.299344859961142,8.98978826545723,-19.221700712718015,-135.258262009442,-0.05292202117877916
21.317046579469544,8.977209131705623,-19.2341552808604,-135.3119283079376,-0.05290426760653007
21.334752311984634,8.964615484147995,-19.246600882697603,-135.36558865306228,-0.05288629865358136
21.352462057162114,8.952007330091055,-19.259037503039472,-135.4192430779737,-0.05286862868162918
21.370175814635456,8.939384676828796,-19.27146512664357,-135.47289186617948,-0.05285123674069182
21.387893584024336,8.926747531653351,-19.28388373823796,-135.5265348407204,-0.05283323628166996
21.40561536498286,8.914095901915157,-19.29629332265121,-135.5801718764462,-0.05281561591870303
21.42334115714822,8.901429794958684,-19.308693864673906,-135.63380318793025,-0.05279805629413159
21.44107096014905,8.888749218133022,-19.321085349081226,-135.68742874626426,-0.05278039714572325
21.45880477362225,8.876054178812796,-19.33346776067833,-135.74104847236617,-0.052762699950579695
21.476542597206755,8.86334468439039,-19.345841084283645,-135.7946624435227,-0.05274521103204995
21.4942844305322,8.850620742261842,-19.358205304698103,-135.84827063918797,-0.052727491521124235
21.512030273240036,8.837882359853092,-19.37056040676242,-135.9018730077027,-0.052709919028366505
21.52978012496297,8.825129544594393,-19.38290637530132,-135.95546970483431,-0.05269252397230485
21.54753398532806,8.81236230392424,-19.395243195131954,-136.00906056318377,-0.052674640354635135
21.565291853983304,8.799580645322209,-19.40757085113616,-136.06264569172754,-0.05265747752893486
21.58305373054432,8.78678457624302,-19.419889328115456,-136.11622514619455,-0.05263972152923536
21.600819614656007,8.773974104192767,-19.432198610958885,-136.16979869084093,-0.052622113370439504
21.618589505956322,8.761149236684043,-19.444498684544385,-136.22336661607875,-0.05260494594160106
21.636363404058553,8.748309981214327,-19.456789533690472,-136.2769288700611,-0.05258725392886663
21.65414130860786,8.735456345335425,-19.469071143310423,-136.33048518471375,-0.052569577952900085
21.671923219246356,8.722588336610434,-19.481343498317067,-136.3840359105574,-0.052552592079791655
21.689709135579744,8.709705962573027,-19.493606583531587,-136.43758100241908,-0.052534845391497186
21.70749905725401,8.696809230821376,-19.50586038389321,-136.49112019572686,-0.052517358118724135
21.725292983903724,8.683898148954688,-19.51810488431777,-136.54465381851634,-0.052500272961371205
21.74309091514396,8.670972724563542,-19.530340069675617,-136.59818167974814,-0.05248242883806446
21.76089285062402,8.658032965295364,-19.542565924938863,-136.65170382414027,-0.052465449147538305
21.778698789955996,8.645078878767306,-19.554782434985416,-136.70522035789796,-0.05244783117614857
21.796508732780485,8.632110472646312,-19.56698958477939,-136.75873106146918,-0.05243043884652214
21.814322678727727,8.61912775460177,-19.579187359264402,-136.8122362226317,-0.052413402691530914
21.832140627409633,8.60613073229596,-19.591375743341597,-136.8657357063614,-0.052395763592555995
21.84996257847137,8.5931194134465,-19.603554722011612,-136.91922936837915,-0.052378462510343615
21.867788531541724,8.5800938057662,-19.615724280238,-136.97271747109087,-0.052361355122831924
21.885618486234076,8.567053916964309,-19.627884402949782,-137.0261999913721,-0.0523440264854219
21.90345244217949,8.55399975478653,-19.6400350751328,-137.07967670848686,-0.05232650466813874
21.921290399019956,8.540931327006627,-19.652176281811045,-137.13314775735986,-0.05230945779568297
21.939132356368685,8.527848641378798,-19.664308007937084,-137.1866133204009,-0.05229231062210386
21.956978313845504,8.514751705680261,-19.676430238489782,-137.24007315138098,-0.052274799685096164
21.974828271092324,8.501640527729684,-19.688542958517157,-137.29352727855206,-0.05225772539031339
21.9926822277287,8.488515115333918,-19.700646153013434,-137.34697585479898,-0.05224053108429626
22.010540183374967,8.475375476315751,-19.71273980698303,-137.40041884384968,-0.05222340345926992
22.02840213765506,8.462221618517304,-19.724823905448467,-137.45385612947658,-0.05220599958315043
22.046268090205686,8.449053549810833,-19.736898433475798,-137.50728777575904,-0.05218901473693729
22.064138040641357,8.435871278057109,-19.74896337607758,-137.56071391349423,-0.05217188399558136
22.08201198858347,8.422674811140094,-19.761018718293606,-137.61413438718344,-0.05215461294198542
22.0998899336634,8.409464156970541,-19.773064445199584,-137.66754923694617,-0.05213757806884034
22.117771875500768,8.39623932346016,-19.78510054184666,-137.72095851863008,-0.05212043358753558
22.135657813717632,8.383000318538492,-19.797126993300914,-137.77436223673,-0.05210342496433791
22.15354774793436,8.36974715014802,-19.80914378463191,-137.82776030866256,-0.052086136816880395
22.17144167778268,8.356479826259507,-19.821150900949075,-137.88115280668885,-0.05206928661889837
22.189339602873897,8.34319835483456,-19.833148327313054,-137.9345397853964,-0.0520521224380653
22.207241522833456,8.329902743866345,-19.84513604883219,-137.9879211384181,-0.05203508219687566
22.22514743728491,8.316593001360658,-19.857114050617763,-138.04129691217648,-0.05201802596411117
22.24305734584862,8.303269135334432,-19.86908231778037,-138.09466717914788,-0.05200114439416835
22.26097124813774,8.289931153811043,-19.881040835418684,-138.14803190068727,-0.051984030237959826
22.278889143781175,8.276579064847162,-19.892989588683758,-138.20139093572942,-0.05196689116027572
22.296811032403173,8.263212876508812,-19.904928562721885,-138.25474459417404,-0.051950398041625136
22.314736913600107,8.249832596844394,-19.916857742609395,-138.3080926848931,-0.051932904107482324
22.332666787017917,8.236438233974942,-19.928777113570153,-138.36143507638576,-0.05191617216452305
22.35060065226761,8.22302979599553,-19.940686660738134,-138.41477209543672,-0.05189933177631992
22.36853850895945,8.209607291015281,-19.952586369253567,-138.46810356126366,-0.051882265232449744
22.386480356719154,8.19617072717606,-19.964476224308484,-138.52142947629258,-0.051865446815020234
22.40442619516231,8.18272011262278,-19.97635621107476,-138.57474987700144,-0.05184846851773288
22.422376023908846,8.169255455520158,-19.988226314744857,-138.62806478652115,-0.05183171230539652
22.440329842572147,8.15577676404017,-20.000086520501167,-138.68137414835638,-0.051814641394759595
22.458287650777606,8.142284046383363,-20.011936813568333,-138.7346780267948,-0.051798027338275945
22.476249448131327,8.128777310742867,-20.02377717912493,-138.78797643417732,-0.05178099764638395
22.494215234257748,8.11525656534768,-20.035607602409787,-138.8412692944589,-0.05176425294306395
22.51218500876757,8.101721818425737,-20.047428068631252,-138.8945567848302,-0.051747584683600766
22.530158771271292,8.088173078219555,-20.05923856300556,-138.94783866917183,-0.0517303984870058
22.548136521404544,8.074610353015075,-20.07103907082859,-139.00111503816262,-0.05171392341124437
22.566118258765908,8.061033651070586,-20.082829577299627,-139.05438610709353,-0.05169717238062661
22.58410398296734,8.047442980674482,-20.094610067664398,-139.10765158928103,-0.05168015787309235
22.60209369363883,8.033838350150338,-20.106380527228307,-139.16091155978123,-0.051663569570320915
22.620087390384402,8.020219767806841,-20.11814094123143,-139.21416623736155,-0.051646996620221
22.638085072809425,8.006587241969019,-20.12989129492624,-139.26741536380314,-0.05162992445394765
22.65608674054669,7.992940781007627,-20.141631573651726,-139.32065896889716,-0.051613426275672766
22.67409239319973,7.979280393274884,-20.15336176267207,-139.3738972556776,-0.051596764853988716
22.692102030377367,7.965606087143775,-20.16508184727513,-139.42713005665064,-0.05157995895117766
22.71011565169974,7.951917871014666,-20.176791812789542,-139.48035739054978,-0.05156335081193094
22.72813325677714,7.9382157532914315,-20.18849164452439,-139.53357932222687,-0.0515466875580116
22.746154845219674,7.924499742392443,-20.20018132779687,-139.586795862688,-0.05153011767644234
22.76418041663627,7.910769846749365,-20.211860847929344,-139.64000695231255,-0.051513355890523124
22.78220997064515,7.897026074818913,-20.223530190279405,-139.69321260578923,-0.05149683135549831
22.80024350685407,7.88326843506065,-20.235189340183247,-139.7464128687016,-0.05148017474539109
22.81828102487523,7.869496935953766,-20.24683828299849,-139.79960772258477,-0.051463631340775945
22.836322524316756,7.8557115859874616,-20.25847700407965,-139.85279719719475,-0.05144704919251372
22.854368004789603,7.841912393668707,-20.270105488798045,-139.90598123865826,-0.05143041841234493
22.872417465906477,7.828099367520984,-20.281723722538676,-139.95915991724226,-0.05141398901404388
22.890470907271006,7.8142725160722675,-20.293331690669127,-140.01233322103127,-0.05139735203139522
22.908528328497354,7.800431847876779,-20.30492937859596,-140.0655010988633,-0.051380840505412397
22.926589729194234,7.786577371497266,-20.316516771718778,-140.11866363781746,-0.051364388652222606
22.944655108966355,7.7727090955065785,-20.328093855434336,-140.1718208151323,-0.051347849915463574
22.962724467424692,7.758827028499048,-20.339660615166185,-140.22497258377413,-0.051331323942420855
22.980797804180494,7.744931179083788,-20.35121703634737,-140.27811898501702,-0.051314881687577904
22.99887511883847,7.731021555877259,-20.362763104400862,-140.33126008675978,-0.05129850357907441
23.016956411002685,7.717098167509745,-20.374298804756503,-140.38439578717518,-0.05128188143023121
23.03504168028704,7.70316102263678,-20.385824122881296,-140.43752618246577,-0.051265705708340846
23.053130926288198,7.68921012990957,-20.397339044201228,-140.49065120716864,-0.05124897394417993
23.071224148628183,7.675245498021487,-20.40884355422445,-140.5437708124367,-0.051232720589732605
23.08932134690354,7.661267135652528,-20.420337638394127,-140.5968852750197,-0.051216539410719526
23.10742252071033,7.647275051496745,-20.431821282160858,-140.649994270538,-0.051199677051180066
23.125527669678853,7.633269254299814,-20.443294471083334,-140.70309789179663,-0.051183691401529445
23.143636793395906,7.6192497527745715,-20.454757190602855,-140.75619636268613,-0.05116727736337862
23.161749891468173,7.60521655566997,-20.466209426227348,-140.80928936353504,-0.051150692100815826
23.179866963512456,7.5911696717602615,-20.477651163502998,-140.86237712489964,-0.0511347389230124
23.197988009113065,7.577109109799038,-20.489082387890345,-140.9154596801621,-0.05111823458144278
23.216113027885118,7.5630348785876,-20.500503084948505,-140.96853672337198,-0.051101708582086944
23.234242019445656,7.548946986943592,-20.511913240251072,-141.02160854472754,-0.05108577964146764
23.252374983377617,7.5348454436624595,-20.52331283928122,-141.07467519861788,-0.051069374913888466
23.270511919288936,7.520730257580889,-20.53470186760386,-141.12773644269453,-0.051052995916893495
23.288652826791953,7.506601437554659,-20.546080310805785,-141.18079238346638,-0.05103681267091413
23.306797705484087,7.492458992437889,-20.557448154439093,-141.2338431426984,-0.051020684440645975
23.324946554960228,7.478302931096443,-20.568805384057484,-141.28688862583,-0.05100433573925602
23.343099374831006,7.464133262427302,-20.580151985269637,-141.3399287318186,-0.05098802960688674
23.361256164702343,7.449949995336725,-20.59148794367946,-141.39296366351263,-0.05097208737808317
23.379416924163202,7.435753138727331,-20.60281324485018,-141.44599332756238,-0.050955618225166775
23.397581652827085,7.42154270154207,-20.61412787442592,-141.49901769451094,-0.05093963572407529
23.415750350286604,7.407318692716107,-20.625431817998606,-141.552036885342,-0.05092341547408552
23.43392301614404,7.393081121209161,-20.636725061197552,-141.60505077048683,-0.05090720038768593
23.452099650003177,7.378829995996777,-20.6480075896655,-141.65805944712537,-0.050891183145067166
23.47028025145897,7.364565326059533,-20.65927938902833,-141.7110628728887,-0.05087490304766038
23.488464820118608,7.350287120405116,-20.67054044495694,-141.764061036444,-0.0508588803418939
23.506653355577864,7.3359953880435125,-20.681790743097743,-141.81705401450856,-0.050842763828717635
23.52484585743432,7.321690138000871,-20.693030269111535,-141.87004179204183,-0.050826728528532324
23.54304232528533,7.30737137931737,-20.704259008667535,-141.9230243202086,-0.05081053459959945
23.561242758735087,7.293039121054586,-20.715476947464296,-141.97600163551655,-0.05079458557304163
23.579447157377523,7.278693372277607,-20.72668407117917,-142.0289737484005,-0.050778427922290134
23.597655520814918,7.264334142074403,-20.73788036552327,-142.08194064682667,-0.05076247202754183
23.61586784864134,7.24996143953869,-20.749065816192644,-142.1349023760918,-0.050746417439561146
23.634084140455464,7.235575273783174,-20.76024040890612,-142.1878588790356,-0.050730368180802045
23.65230439585658,7.221175653935325,-20.771404129393453,-142.24081020526356,-0.05071442482775805
23.67052861443863,7.206762589131353,-20.782556963377825,-142.2937563578509,-0.050698397634914814
23.688756795799897,7.192336088526109,-20.79369889660443,-142.34669731425384,-0.050682427247532205
23.706988939537418,7.177896161287296,-20.804829914823955,-142.39963308726766,-0.05066644070136425
23.725225045247267,7.163442816595822,-20.815950003793485,-142.45256372187507,-0.05065057254897091
23.743465112521335,7.1489760636424675,-20.827059149266884,-142.50548918129192,-0.05063453171253029
23.76170914096154,7.134495911642421,-20.83815733703708,-142.55840941518582,-0.050618583325312425
23.779957130162675,7.120002369817682,-20.849244552885043,-142.61132459219843,-0.05060288121944097
23.79820907970966,7.105495447394376,-20.860320782571623,-142.66423457745094,-0.05058669091617316
23.81646498921172,7.090975153637456,-20.871386011939336,-142.7171393475855,-0.05057096015086987
23.83472485825554,7.076441497803074,-20.88244022677284,-142.77003909310199,-0.05055515015239718
23.852988686431857,7.0618944891655975,-20.89348341287809,-142.8229336072915,-0.05053904025715672
23.87125647334674,7.047334137028997,-20.904515556116184,-142.875822993081,-0.05052344294990296
23.889528218581273,7.032760450686109,-20.915536642282927,-142.92870732813455,-0.05050749748082488
23.907803921733663,7.018173439461083,-20.92654665723456,-142.98158643222484,-0.05049157182325207
23.92608358240248,7.003573112692486,-20.93754558683781,-143.03446046846332,-0.05047595384856754
23.944367200169552,6.988959479716185,-20.948533416918696,-143.0873294365231,-0.05046004353083975
23.962654774633855,6.974332549899226,-20.959510133363842,-143.14019317536332,-0.05044413402455802
23.98094630539375,6.95969233262204,-20.970475722067466,-143.19305187644673,-0.0504286050655199
23.999241792028595,6.945038837260214,-20.981430168876262,-143.24590549804657,-0.050412631862400914
24.01754123413893,6.930372073224377,-20.992373459709757,-143.2987539661956,-0.050396977629672934
24.035844631312074,6.9156920499260615,-21.0033055804573,-143.35159740626062,-0.05038125945708463
24.054151983138812,6.9009987767942285,-21.014226517028003,-143.40443567701553,-0.05036535175571802
24.07246328921853,6.886292263280333,-21.025136255366327,-143.45726888970432,-0.05034986150982014
24.090778549130277,6.871572518829722,-21.036034781364993,-143.51009708293634,-0.05033404326492362
24.109097762469347,6.85683955291772,-21.046922080975,-143.5629201188312,-0.05031830603082974
24.12742092883006,6.8420933750327055,-21.057798140154038,-143.6157380904555,-0.05030268092771587
24.14574804779869,6.827333994669034,-21.06866294484491,-143.66855102946334,-0.05028701978313057
24.164079118963464,6.812561421336932,-21.079516481005797,-143.7213589010595,-0.05027134417288415
24.1824141419147,6.797775664562658,-21.090358734610756,-143.77416170956917,-0.050255707018567984
24.200753116241486,6.78297673388519,-21.101189691639664,-143.82695945900105,-0.05024005478492803
24.219096041534193,6.768164638858598,-21.112009338085695,-143.87975214026267,-0.050224416051854015
24.237442917381337,6.7533393890491125,-21.122817659946044,-143.9325398137571,-0.05020889447005783
24.255793743367587,6.738500994033145,-21.133614643215818,-143.98532241866403,-0.05019315573424194
24.2741485190873,6.72364946341031,-21.14440027392895,-144.0380999851928,-0.050177707277035855
24.29250724412223,6.708784806781966,-21.155174538090815,-144.0908725477146,-0.05016204959877321
24.31086991806234,6.693907033771247,-21.165937421741226,-144.14364007407104,-0.050146555629984324
24.329236540493614,6.679016154011349,-21.17668891091758,-144.19640255024967,-0.050130886976277225
24.347607111008113,6.664112177155093,-21.187428991685263,-144.2491600169935,-0.050115486046663014
24.365981629185537,6.649195112857338,-21.19815765008178,-144.3019125150549,-0.050099910455591555
24.38436009461543,6.634264970796191,-21.208874872184158,-144.35465992316182,-0.05008429473605204
24.4027425068883,6.619321760664469,-21.21958064408201,-144.40740239164865,-0.05006902024381379
24.421128865579426,6.604365492154311,-21.23027495182823,-144.46013985629938,-0.050053298184143
24.439519170285855,6.589396174992373,-21.2409577815517,-144.51287224968138,-0.050037911194584145
24.457913420590373,6.5744138189055406,-21.251629119347523,-144.56559970457167,-0.050022456721596234
24.476311616073936,6.559418433632739,-21.26228895131485,-144.6183222256427,-0.05000709410338577
24.494713756317534,6.544410028926793,-21.272937263562692,-144.67103972352936,-0.04999148560659675
24.51311984091772,6.529388614568914,-21.283574042257303,-144.72375211965544,-0.04997598943710072
24.531529869460144,6.514354200343704,-21.294199273541263,-144.77645969857272,-0.04996093604669943
24.549943841509936,6.4993067960304,-21.304812943504214,-144.82916230354033,-0.049945158195614736
24.56836175666944,6.484246411456785,-21.315415038359358,-144.8818598140593,-0.04992989178835566
24.58678361451724,6.4691730564421475,-21.32600554425697,-144.9345524989947,-0.049914638969304884
24.605209414629137,6.454086740816919,-21.33658444734848,-144.98724016860092,-0.049899028458741945
24.6236391566003,6.438987474443252,-21.34715173385452,-145.03992285385027,-0.049883849698049126
24.64207284000631,6.423875267178803,-21.357707389945418,-145.0926006383408,-0.049868412955808385
24.660510464432924,6.408750128904367,-21.368251401832556,-145.14527343544862,-0.04985308552665816
24.67895202946089,6.393612069509729,-21.378783755721653,-145.19794137362055,-0.049837907326443866
24.69739753466668,6.378461098894515,-21.389304437815216,-145.25060430078642,-0.04982230743942021
24.715846979647242,6.363297226990773,-21.399813434388516,-145.30326224716836,-0.0498072017426118
24.734300363972995,6.348120463719798,-21.410310731644987,-145.3559154290447,-0.049792026399970706
24.75275768722012,6.332930819021939,-21.420796315815732,-145.40856355256932,-0.04977638019132549
24.771218948987986,6.317728302872287,-21.43127017321314,-145.4612067643655,-0.0497614973967165
24.789684148840077,6.302512925226805,-21.4417322900488,-145.5138451458047,-0.04974602038854707
24.808153286365183,6.287284696078167,-21.452182652622312,-145.56647853703876,-0.049730850642900296
24.826626361142733,6.272043625424097,-21.462621247214237,-145.6191070537392,-0.049715607536501116
24.84510337275123,6.256789723275125,-21.473048060112244,-145.671730697425,-0.04970045588950603
24.8635843207686,6.241522999654826,-21.483463077612093,-145.72434940052685,-0.04968510037816982
24.882069204784152,6.226243464610575,-21.493866286054683,-145.77696313623747,-0.049669913309187255
24.900558024373726,6.210951128191189,-21.504257671749194,-145.82957215048887,-0.04965503739663461
24.919050779101227,6.195646000448426,-21.514637220977807,-145.88217622126373,-0.049639446388877115
24.937547468566933,6.18032809148008,-21.52500492014533,-145.93477530589598,-0.04962450506643855
24.95604809234026,6.164997411369907,-21.535360755570917,-145.9873696520054,-0.04960939655974198
24.974552649994624,6.149653970218822,-21.545704713596106,-146.03995908863058,-0.04959414780391016
24.993061141116417,6.134297778152728,-21.556036780612665,-146.0925435798861,-0.049578986739223334
25.011573565285,6.118928845304802,-21.566356943000606,-146.1451232824836,-0.04956404865042265
25.030089922068097,6.103547181811463,-21.57666518711377,-146.19769814912283,-0.04954881351718331
25.048610211050182,6.088152797837384,-21.58696149936809,-146.25026807820754,-0.04953369897905754
25.06713443181001,6.072745703555647,-21.597245866171768,-146.30283322054837,-0.0495187631672553
25.085662583917824,6.05732590914541,-21.60751827391661,-146.35539349157884,-0.04950350435838004
25.104194666958406,6.0418934248119385,-21.617778709049695,-146.4079489184902,-0.04948863479218343
25.122730680499902,6.026448260759452,-21.62802715797635,-146.4604995492828,-0.049473481460669606
25.141270624124648,6.010990427217984,-21.638263607156265,-146.51304524559427,-0.04945836634740136
25.159814497412746,5.995519934429025,-21.648488043052286,-146.56558618265458,-0.049443557934390106
25.178362299926732,5.980036792632268,-21.65870045208245,-146.6181223756318,-0.04942848637876132
25.19691403124685,5.9645410120961575,-21.66890082073022,-146.67065359665037,-0.049413264092772434
25.215469690960937,5.949032603109103,-21.679089135513113,-146.72318002890069,-0.049398552174939096
25.234029278629748,5.933511575949495,-21.689265382873852,-146.7757017370481,-0.049383466520431483
25.25259279383201,5.917977940924624,-21.699429549321664,-146.82821855231927,-0.04936845209427769
25.271160236144983,5.902431708353875,-21.709581621371335,-146.8807306235995,-0.049353661324586844
25.28973160513695,5.886872888562356,-21.719721585519732,-146.93323783424046,-0.049338442546423104
25.30830690039418,5.871301491903775,-21.72984942833024,-146.98574025612848,-0.04932380175041109
25.326886121477063,5.855717528723226,-21.739965136295282,-147.03823795633804,-0.049308723945515796
25.345469267964756,5.8401210093951015,-21.750068695976427,-147.09073080887507,-0.04929386127154585
25.364056339431215,5.824511944302646,-21.76016009392908,-147.14321887404353,-0.04927891162356328
25.382647335451125,5.8088903438430455,-21.770239316721185,-147.1957021767614,-0.04926411057827286
25.40124225559364,5.793256218422133,-21.780306350913524,-147.24818070602385,-0.04924915511268344
25.419841099436415,5.777609578466195,-21.790361183103926,-147.30065440695986,-0.04923426587718972
25.438443866549555,5.7619504344084325,-21.800403799876662,-147.3531234945458,-0.049219728662628554
25.457050556492813,5.746278796686757,-21.81043418779364,-147.4055876888664,-0.049204329037370896
25.47566116886594,5.730594675785621,-21.82045233355328,-147.4580470549183,-0.04918992846877162
25.49427570322028,5.714898082162417,-21.83045822371142,-147.51050186652276,-0.049175057252329846
25.51289415912748,5.699189026304725,-21.84045184489837,-147.56295178168,-0.049160030083780414
25.53151653617028,5.683467518722502,-21.850433183789836,-147.6153970038603,-0.04914555505575984
25.5501428339055,5.667733569917563,-21.860402226989898,-147.66783749836947,-0.04913047762838673
25.568773051917375,5.65198719042745,-21.87035896119963,-147.72027316973123,-0.04911583834176853
25.58740718977198,5.636228390788008,-21.88030337307306,-147.7727041804558,-0.0491010801292902
25.606045247037333,5.620457181549904,-21.890235449280706,-147.82513045265839,-0.049086309615711664
25.624687223283924,5.6046735732789745,-21.900155176511245,-147.8775520205555,-0.049071630151146385
25.64333311808055,5.588877576552898,-21.91006254145843,-147.92996881417767,-0.049056743298003205
25.6619829310041,5.573069201969031,-21.919957530852034,-147.98238090659518,-0.04904221524808661
25.680636661616667,5.5572484601259315,-21.929840131385305,-148.03478828001258,-0.049027309753524116
25.699294309494913,5.541415361647039,-21.939710329808147,-148.08719095047027,-0.049012826298874775
25.717955874197433,5.525569917154419,-21.949568112823492,-148.1395889838304,-0.04899805865659096
25.736621355297487,5.509712137295052,-21.95941346719133,-148.19198220965527,-0.048983270979929563
25.755290752371145,5.493842032731248,-21.969246379691086,-148.2443707522316,-0.048968750343722764
25.7739640649786,5.477959614125681,-21.979066837061964,-148.29675467363208,-0.048954093300424245
25.79264129268783,5.462064892160437,-21.988874826078575,-148.3491338454268,-0.048939347134318203
25.81132243507281,5.4461578775354065,-21.99867033354511,-148.40150833252304,-0.048924825929687416
25.83000749169634,5.430238580954644,-22.008453346240504,-148.4538781658182,-0.04891015203747488
25.84869646212847,5.414307013141059,-22.018223850977424,-148.50624328140375,-0.0488955259459963
25.867389345935404,5.398363184827587,-22.02798183456678,-148.55860381629583,-0.0488811224526121
25.886086142677794,5.382407106755829,-22.037727283812156,-148.61095956958468,-0.04886613571500343
25.9047868519411,5.36643878969985,-22.047460185607125,-148.6633106639171,-0.048851975618735215
25.92349147327213,5.350458244416489,-22.057180526731987,-148.71565722096364,-0.048837230503208984
25.942200006244146,5.3344654816963475,-22.06688829406244,-148.76799899424518,-0.04882262483952971
25.960912450428854,5.318460512341704,-22.076583474479673,-148.82033614045196,-0.04880818652294012
25.979628805386145,5.302443347158694,-22.086266054837587,-148.87266867786508,-0.04879362938789618
25.99834907068214,5.286413996971294,-22.095936022020677,-148.9249965487976,-0.04877909788189994
26.017073245884458,5.270372472617595,-22.105593362928854,-148.97731975359628,-0.04876455579546269
26.03580133055851,5.254318784946899,-22.11523806446546,-149.0296383814576,-0.048750204942007665
26.05453332426419,5.238252944817319,-22.124870113526818,-149.08195230974934,-0.048735448683998366
26.073269226578642,5.222174963113047,-22.134489497075347,-149.13426161116024,-0.04872124760135107
26.092009037052748,5.206084850711156,-22.144096201999506,-149.18656639093123,-0.04870670178965879
26.110752755254573,5.189982618514811,-22.153690215253846,-149.2388664288636,-0.04869210486112903
26.129500380757495,5.173868277444033,-22.163271523820654,-149.291161860386,-0.04867782557160307
26.148251913116667,5.157741838417945,-22.172840114634088,-149.3434527503843,-0.04866336377354252
26.167007351895933,5.14160331237517,-22.182395974667042,-149.39573899138014,-0.04864889868802653
26.18576669666329,5.1254527102703635,-22.19193909091661,-149.4480205865603,-0.048634457107278484
26.204529946981467,5.109290043067008,-22.201469450373427,-149.5002976750761,-0.04862026519674573
26.223297102405365,5.093115321735695,-22.210987040013617,-149.55257008864146,-0.04860552482982152
26.242068162513398,5.076928557277315,-22.220491846900043,-149.60483791750687,-0.04859151496994363
26.260843126851405,5.060729760681461,-22.229983858000946,-149.65710124304195,-0.04857694019528371
26.27962199499223,5.044518942970556,-22.2394630603827,-149.7093598220788,-0.04856249242441272
26.298404766503648,5.028296115175981,-22.248929441105957,-149.7616139225392,-0.048548429864634424
26.317191440933975,5.012061288327751,-22.25838298717921,-149.81386343806173,-0.048533798650147675
26.33598201785568,4.9958144734863446,-22.267823685699955,-149.866108400615,-0.048519809605125155
26.354776496817863,4.979555681707954,-22.27725152370062,-149.91834877867427,-0.048505134053966795
26.373574877398088,4.963284924082308,-22.286666488316936,-149.97058452920245,-0.0484910791728947
26.392377159148005,4.947002211693054,-22.296068566611233,-150.02281579287853,-0.048476679029688975
26.411183341631773,4.930707555645645,-22.305457745697257,-150.07504245150233,-0.0484624188062092
26.429993424409236,4.914400967055179,-22.31483401268558,-150.1272646109371,-0.048448229272336184
26.44880740703791,4.898082457047889,-22.324197354690124,-150.17948216903974,-0.04843379361136584
26.467625289086328,4.881752036770534,-22.33354775887139,-150.23169518800273,-0.04841973352826512
26.48644707010685,4.865409717371074,-22.34288521234814,-150.28390368320518,-0.04840534049896661
26.50527274966491,4.849055510019496,-22.35220970229261,-150.3361076315816,-0.04839125166813421
26.52410232731513,4.832689425890816,-22.361521215852637,-150.38830705584306,-0.04837691482397192
26.54293580262306,4.816311476180445,-22.370819740222604,-150.4405018964987,-0.04836272972902328
26.56177317514655,4.799921672091048,-22.380105262582703,-150.49269228611533,-0.048348652611049474
26.580614444438325,4.7835200248343765,-22.38937777010726,-150.54487813817204,-0.04833432120849392
26.59945961006561,4.7671065456449995,-22.39863725002893,-150.59705940483968,-0.04832016946548108
26.618308671586135,4.750681245763432,-22.40788368956018,-150.64923623048406,-0.04830611945709226
26.637161628552047,4.734244136439019,-22.417117075906248,-150.70140853553647,-0.04829183434136369
26.656018480529323,4.717795228943324,-22.426337396328606,-150.75357626399528,-0.04827769459588202
26.67487922707611,4.7013345345550235,-22.43554463807395,-150.8057395572252,-0.048263685113503284
26.69374386774328,4.684862064560458,-22.444738788376153,-150.85789835758507,-0.04824945263086653
26.712612402093786,4.668377830266896,-22.45391983451977,-150.9100526241357,-0.048235381303581966
26.731484829685712,4.651881842990762,-22.463087763784227,-150.96220238029792,-0.04822120607799308
26.750361150077907,4.635374114061612,-22.472242563462565,-151.0143477049652,-0.048207294547703054
26.769241362818693,4.618854654814424,-22.481384220824214,-151.0664885545609,-0.048193052644221336
26.78812546747437,4.60232347660894,-22.490512723208784,-151.11862481817002,-0.048178949910434705
26.807013463602587,4.585780590811512,-22.499628057938395,-151.17075672272696,-0.048165141338161244
26.82590535074745,4.569226008791997,-22.508730212301696,-151.22288413062302,-0.04815079816730061
26.84480112848012,4.552659741950896,-22.517819173687457,-151.27500698174674,-0.04813689232905136
26.863700796351832,4.53608180168786,-22.526894929429883,-151.3271254577827,-0.04812289863513313
26.88260435391558,4.519492199416216,-22.535957466879985,-151.37923943453006,-0.048108777210528995
26.901511800730628,4.502890946565995,-22.545006773420656,-151.43134900336597,-0.04809496602596034
26.920423136344713,4.486278054572092,-22.554042836407792,-151.4834540872304,-0.04808071615293388
26.93933836032621,4.469653534895411,-22.56306564327649,-151.53555464910258,-0.04806685038139748
26.95825747222519,4.453017398997288,-22.572075181412554,-151.58765085756153,-0.048052925387179396
26.977180471592185,4.436369658351869,-22.581071438214483,-151.63974260720136,-0.04803887887911498
26.996107357985892,4.419710324451017,-22.590054401118795,-151.69182991073552,-0.04802499106244124
27.01503813095842,4.403039408794779,-22.599024057551457,-151.74391278823904,-0.048010995314547
27.033972790067885,4.3863569228994725,-22.607980394969427,-151.79599117461552,-0.04799700117798054
27.05291133487038,4.369662878292517,-22.616923400834185,-151.84806520510824,-0.04798326844060918
27.071853764910315,4.352957286506223,-22.625853062579605,-151.90013481639676,-0.047969171301917024
27.090800079750966,4.3362401590974065,-22.63476936771337,-151.9521999273838,-0.0479553027763227
27.10975027894437,4.31951150762802,-22.643672303717047,-152.00426071375182,-0.04794154298071097
27.128704362038444,4.302771343669809,-22.652561858069724,-152.05631701533326,-0.04792739309462229
27.14766232859671,4.286019678816708,-22.66143801831353,-152.10836897216458,-0.04791390478536189
27.166624178156344,4.269256524658432,-22.670300771914306,-152.16041651011693,-0.04789963209585864
27.185589910288275,4.252481892818244,-22.679150106461396,-152.21245957900913,-0.047886064962075085
27.20455952453422,4.235695794913333,-22.68798600945807,-152.2644983333473,-0.04787209029408801
27.223533020450976,4.218898242582709,-22.696808468469204,-152.31653263072496,-0.04785827467346233
27.24251039758917,4.202089247473822,-22.705617471050353,-152.36856263518501,-0.04784461537765095
27.261491655495288,4.185268821243845,-22.714413004754476,-152.42058814782337,-0.04783044749343927
27.280476793737517,4.1684369755756085,-22.723195057218295,-152.4726092959727,-0.04781703586702431
27.299465811849576,4.151593722143,-22.731963615974724,-152.52462615549496,-0.047803021055617616
27.318458709392896,4.134739072649215,-22.74071866866062,-152.57663850478403,-0.04778921555713384
27.33745548592062,4.117873038804549,-22.74946020289638,-152.62864659525954,-0.04777567634027787
27.356456140972714,4.100995632323575,-22.758188206269693,-152.68065028561324,-0.0477616247186112
27.375460674115153,4.084106864948846,-22.76690266646665,-152.73264952292425,-0.04774800174220165
27.394469084891007,4.067206748421259,-22.775603571107983,-152.7846445804299,-0.047734465474956765
27.413481372841066,4.050295294492612,-22.784290907818114,-152.83663517056593,-0.047720327913724166
27.432497537537692,4.03337251494579,-22.792964664338726,-152.88862131923787,-0.04770685263015668
27.451517578518743,4.016438421555197,-22.80162482830712,-152.94060330832028,-0.04769324595471269
27.47054149532789,3.999493026110957,-22.8102713873915,-152.99258084050805,-0.04767923847588478
27.489569287530408,3.9825363404281062,-22.818904329343997,-153.0445540268428,-0.047665848935066465
27.508600954661997,3.965568376316418,-22.82752364182888,-153.09652296617855,-0.047652036250609056
27.527636496277562,3.9485891456090703,-22.836129312586266,-153.14848746905463,-0.04763831258743974
27.546675911931104,3.9315986601508075,-22.8447213293647,-153.20044766733707,-0.047624755103034724
27.56571920116609,3.914596931792418,-22.853299679888828,-153.2524035702166,-0.04761106166930946
27.584766363533465,3.897583972401079,-22.861864351919785,-153.30435511063396,-0.047597394618174
27.603817398583704,3.880559793855811,-22.87041533322863,-153.35630235314758,-0.047583832843376944
27.622872305861275,3.86352440804427,-22.878952611577656,-153.40824530842193,-0.04757019867122588
27.641931084916415,3.846477826869525,-22.88747617476012,-153.46018388701808,-0.04755648638281458
27.660993735300917,3.829420062247534,-22.895986010585943,-153.51211823159394,-0.047543126783408884
27.680060256552483,3.812351126098389,-22.904482106829093,-153.56404824193885,-0.047529244330078345
27.699130648234473,3.7952710303686583,-22.912964451361578,-153.61597384595837,-0.04751576600357375
27.718204909888986,3.7781797870049476,-22.921433031995143,-153.66789531465753,-0.04750239288438602
27.73728304105167,3.76107740796235,-22.929887836531258,-153.71981246515324,-0.04748859314845036
27.756365041282944,3.7439639052217983,-22.938328852866718,-153.7717252275876,-0.04747510544654342
27.77545091013045,3.7268392907690604,-22.94675606886663,-153.82363372139832,-0.04746153746660801
27.794540647138234,3.7097035765998774,-22.955169472395433,-153.8755380346025,-0.0474482239414566
27.813634251843116,3.692556774718115,-22.96356905130475,-153.92743802613725,-0.04743441126631103
27.832731723806923,3.6753988971532654,-22.971954793542498,-153.97933365695533,-0.0474210395338041
27.85183306257103,3.658229955935533,-22.98032668699877,-154.03122510227143,-0.04740756033806387
27.87093826767884,3.641049963108253,-22.988684719582235,-154.08311225613323,-0.04739400815726248
27.89004733868003,3.6238589307300524,-22.997028879234364,-154.13499513260058,-0.04738056781695148
27.9091602751177,3.6066568708679716,-23.005359153886,-154.18687380175896,-0.04736715681963565
27.928277076535796,3.589443795601415,-23.013675531482455,-154.23874814949306,-0.047353521227513656
27.94739774249011,3.5722197170279775,-23.021978000020937,-154.29061819813293,-0.04734016412978675
27.966522272518507,3.5549846472476063,-23.030266547449333,-154.34248416403034,-0.04732693662525608
27.985650666156623,3.5377385983710607,-23.038541161719646,-154.39434576691414,-0.04731308111055757
28.00478292297121,3.5204815825372187,-23.046801830901366,-154.4462030675899,-0.04729997762603096
28.02391904249211,3.503213611877518,-23.05504854295005,-154.49805628644114,-0.04728653732636765
28.04305902426281,3.485934698542437,-23.06328128587944,-154.549905180427,-0.04727300356438976
28.062202867838167,3.4686448547000825,-23.071500047753638,-154.60174977201956,-0.047259617322265475
28.081350572760165,3.4513440925237515,-23.079704816604615,-154.65359027072768,-0.047246478617787926
28.100502138560827,3.4340324241935307,-23.087895580442105,-154.70542650300598,-0.0472327890677992
28.119657564800352,3.4167098619156304,-23.096072327383656,-154.75725842504423,-0.04721958351198503
28.138816851015378,3.399376417896064,-23.104235045478127,-154.80908626076217,-0.047206315046974444
28.157979996744125,3.3820321043534887,-23.11238372279153,-154.86090982085418,-0.04719277760147622
28.177147001540924,3.3646769335264253,-23.120518347456752,-154.91272912434047,-0.047179556765581394
28.196317864944337,3.347310917657193,-23.128638907564397,-154.96454428636974,-0.0471662420283535
28.21549258649537,3.329934069001156,-23.136745391225322,-155.01635523391462,-0.04715290118734323
28.234671165739126,3.312546399827415,-23.144837786576115,-155.06816196048055,-0.047139587590457104
28.253853602220033,3.295147922416465,-23.152916081762893,-155.1199644750159,-0.04712627599248511
28.27303989548011,3.2777386490592972,-23.160980264935233,-155.1717628514549,-0.0471131098628809
28.292230045055394,3.260318592055767,-23.169030324234118,-155.22355704527692,-0.04709973020317374
28.31142405049657,3.2428877637245233,-23.177066247862584,-155.27534691333548,-0.04708631661622881
28.330621911351663,3.2254461763944895,-23.18508802402627,-155.3271327290826,-0.04707344714130681
28.349823627141742,3.2079938423934347,-23.193095640850178,-155.37891443357694,-0.04705993930808508
28.369029197422076,3.1905307740771853,-23.201089086588713,-155.430691783015,-0.047046639482096884
28.388238621741003,3.1730569838097633,-23.209068349484166,-155.48246501297427,-0.04703357270142478
28.407451899628935,3.155572483958407,-23.217033417729127,-155.53423417652468,-0.04702038216915663
28.426669030625618,3.138077286906433,-23.224984279560164,-155.58599909162365,-0.04700699750330112
28.445890014282206,3.1205714050540845,-23.232920923265056,-155.6377598268941,-0.0469939444446028
28.465114850133993,3.103054850805776,-23.24084333708877,-155.68951643418166,-0.04698066678293585
28.48434353772422,3.085527636581241,-23.24875150931564,-155.7412688842649,-0.046967573459033365
28.50357607658903,3.0679897748085216,-23.25664542821739,-155.79301722781233,-0.046954400587380714
28.522812466271176,3.0504412779302825,-23.264525082100512,-155.84476131709354,-0.04694105193937046
28.542052706318,3.0328821584027508,-23.272390459299178,-155.89650137052385,-0.046928288152317935
28.561296796252506,3.015312428682805,-23.280241548075608,-155.94823726141277,-0.04691472247721494
28.580544735634238,2.9977321012552616,-23.288078336830143,-155.99996892457185,-0.04690185314886236
28.599796523992733,2.980141188602957,-23.295900813871288,-156.0516965656239,-0.04688867316464464
28.61905216086783,2.9625397032249294,-23.30370896755527,-156.10342002556783,-0.04687552825380849
28.638311645801373,2.9449276576325927,-23.311502786257215,-156.15513937772312,-0.046862493907176214
28.657574978330942,2.9273050643469407,-23.319282258349407,-156.2068545673313,-0.046849262478574405
28.676842158001463,2.9096719359036536,-23.327047372241598,-156.25856565982136,-0.04683635937373849
28.696113184343965,2.892028284843897,-23.334798116307493,-156.31027265380678,-0.04682313814753546
28.715388056902697,2.874374123725962,-23.342534478978497,-156.36197552113467,-0.046810196699211506
28.734666775211316,2.85670946511507,-23.350256448661405,-156.41367430900374,-0.046797073636065466
28.753949338812223,2.8390343215916114,-23.35796401380535,-156.46536892252453,-0.04678397302968977
28.773235747247263,2.8213487057471456,-23.365657162869628,-156.51705946066866,-0.046771041775341256
28.79252600004842,2.80365263018047,-23.37333588429126,-156.5687459452695,-0.04675799332367395
28.811820096754555,2.785946107504737,-23.38100016654334,-156.62042828995197,-0.04674491838849605
28.831118036906226,2.768229150345154,-23.38864999811684,-156.67210657308038,-0.04673202431659162
28.850419820037512,2.7505017713356477,-23.39628536749235,-156.7237807219645,-0.04671883052157142
28.869725445695245,2.7327639831267065,-23.403906263206846,-156.77545077276224,-0.046706014406015864
28.889034913407897,2.7150157983727006,-23.411512673745573,-156.82711683255113,-0.04669302681242413
28.908348222711304,2.697257229742398,-23.419104587631537,-156.87877877596253,-0.04667999661798732
28.927665373147715,2.679488289918437,-23.426681993422132,-156.93043659692862,-0.04666701061986732
28.94698636425625,2.661708991593525,-23.434244879676065,-156.9820903580469,-0.04665410608870912
28.96631119557009,2.6439193474693172,-23.441793234943425,-157.03374009720557,-0.04664120107325407
28.985639866625004,2.626119370259798,-23.44932704779547,-157.08538571215405,-0.04662812437835993
29.00497237696185,2.6083090726922475,-23.456846306833402,-157.1370273551739,-0.046615506856340805
29.024308726103804,2.590488467498351,-23.464351000608826,-157.1886649075527,-0.04660222835993043
29.043648913607406,2.572657567434006,-23.471841117802153,-157.24029823259488,-0.046589376536685934
29.062992939003873,2.5548163852564767,-23.479316647017356,-157.2919277669482,-0.046576898605726995
29.082340801807504,2.5369649337279645,-23.486777576811512,-157.34355317799287,-0.046563459071066654
29.101692501582324,2.519103225640789,-23.494223895927917,-157.39517438570238,-0.04655084916447784
29.121048037852763,2.501231273783426,-23.50165559298339,-157.446791751244,-0.04653807358983765
29.14040741014695,2.483349090957036,-23.509072656619928,-157.49840499839516,-0.046524977959743995
29.15977061801268,2.465456689981322,-23.51647507556077,-157.55001417988132,-0.0465123098584497
29.17913766097677,2.44755408367938,-23.523862838467807,-157.60161941121626,-0.04649943490427028
29.198508538574895,2.429641284888746,-23.53123593404618,-157.65322055347795,-0.04648652880660755
29.21788325034764,2.411718306459919,-23.538594351030603,-157.7048176444521,-0.04647373433872471
29.237261795826388,2.3937851612512047,-23.545938078135766,-157.7564108111928,-0.046461069521156605
29.256644174539773,2.3758418621310806,-23.553267104078877,-157.80799987847828,-0.04644797181937013
29.27603038603578,2.3578884219860576,-23.56058141765754,-157.8595849323575,-0.04643547429430043
29.29542042983448,2.339924853703852,-23.56788100758342,-157.91116607242304,-0.04642256829952491
29.314814305474886,2.321951170190036,-23.575165862647232,-157.96274309452883,-0.046409715582729785
29.33421201249632,2.303967384361302,-23.582435971652984,-158.01431614796297,-0.04639709061614388
29.353613550426974,2.2859735091415962,-23.589691323377902,-158.06588517668345,-0.046384149389124635
29.37301891880678,2.2679695574699563,-23.596931906652827,-158.11745024816693,-0.046371658093697886
29.392428117157017,2.249955542290166,-23.604157710255283,-158.16901136755632,-0.04635873844167547
29.41184114501958,2.231931476564034,-23.611368723047715,-158.22056839895143,-0.04634601499788441
29.43125800192963,2.213897373262129,-23.618564933881316,-158.27212147399123,-0.04633334433329898
29.450678687417366,2.1958532453643915,-23.625746331602063,-158.32367056472404,-0.04632058290414298
29.470103201015405,2.1777991058625625,-23.632912905076804,-158.37521574001795,-0.046308048252491414
29.489531542250337,2.159734967757488,-23.640064643163576,-158.42675687156844,-0.046295068525447916
29.508963710669075,2.141660844067583,-23.647201534804633,-158.47829398322065,-0.046282588917526055
29.528399705794772,2.123576747814498,-23.654323568870495,-158.52982722406873,-0.04626988925736928
29.547839527158718,2.1054826920335796,-23.661430734273043,-158.5813564553754,-0.046257172673483
29.56728317429632,2.0873786897723763,-23.66852301995101,-158.6328817243097,-0.04624456990784341
29.586730646738147,2.0692647540878983,-23.67560041483855,-158.68440301404334,-0.046231835312533144
29.606181944018765,2.051140898049304,-23.682662907896336,-158.73592038076941,-0.04621934556703934
29.62563706566436,2.033007134734124,-23.689710488067856,-158.78743376002592,-0.04620650748236544
29.645096011215493,2.014863477235179,-23.696743144359967,-158.83894318353128,-0.04619408677238183
29.664558780194383,1.9967099386506084,-23.703760865726917,-158.89044872040395,-0.04618138484509031
29.684025372136375,1.9785465320934672,-23.710763641182126,-158.94195022990905,-0.04616872384878253
29.70349578657606,1.9603732706873696,-23.717751459748655,-158.9934478438961,-0.046156270468489864
29.722970023037163,1.9421901675636573,-23.72472431042362,-159.0449415378638,-0.046143577671257596
29.74244808105594,1.923997235868165,-23.73168218226104,-159.09643123837083,-0.04613100474210927
29.76192996016285,1.9057944887559002,-23.738625064306934,-159.14791707162414,-0.04611855021153046
29.781415659883997,1.8875819393914732,-23.74555294560435,-159.19939892318789,-0.046105784340947004
29.8009051797583,1.869359600953916,-23.752465815254354,-159.2508768809343,-0.04609349926292902
29.82039851930383,1.8511274866272465,-23.759363662296483,-159.30235096144423,-0.046080775180906315
29.839895678060692,1.8328856096124193,-23.76624647586117,-159.35382098533046,-0.04606818091074403
29.859396655562236,1.8146339831192704,-23.77311424506742,-159.40528720298863,-0.046055917156783734
29.878901451325532,1.796372620363965,-23.779966958988705,-159.45674950003325,-0.04604313019137337
29.89841006489111,1.7781015345798326,-23.78680460679478,-159.50820787735788,-0.046030880010767945
29.91792249577853,1.759820739005317,-23.79362717759318,-159.55966238100544,-0.0460181874775005
29.93743874352673,1.7415302468947536,-23.800434660573146,-159.6111128853332,-0.04600572450466392
29.956958807664464,1.723230071510497,-23.807227044900223,-159.662559579476,-0.04599338224898811
29.97648268771392,1.7049202261239016,-23.81400431972898,-159.71400235148522,-0.045980731072407195
29.996010383212596,1.6866007240210363,-23.820766474281506,-159.76544120549596,-0.04596840815403649
30.015541893683107,1.6682715784947844,-23.827513497739087,-159.81687623534827,-0.04595593669208078
30.035077218654383,1.649932802850392,-23.834245379318403,-159.86830733256627,-0.04594343184403901
30.054616357660617,1.6315844104050614,-23.84096210826761,-159.91973449572325,-0.045930969775456104
30.074159310228676,1.6132264144847752,-23.847663673821135,-159.97115791417815,-0.045918815119327286
30.09370607587454,1.5948588284236291,-23.85435006518724,-160.0225773949377,-0.04590602028270597
30.1132566541473,1.5764816655742846,-23.861021271705404,-160.0739928567289,-0.045893732366880546
30.13281104456854,1.5580949392933863,-23.867677282629195,-160.12540465982053,-0.045881592673631656
30.152369246651098,1.5396986629462444,-23.87431808719353,-160.1768125549393,-0.04586887167382389
30.171931259939495,1.5212928499161489,-23.880943674759667,-160.228216493418,-0.04585665696255905
30.191497083957135,1.5028775135920605,-23.88755403462582,-160.27961660957047,-0.04584418753462484
30.211066718232196,1.4844526673745986,-23.894149156119962,-160.33101292252488,-0.0458320187661498
30.230640162283983,1.46601832467302,-23.900729028551034,-160.38240535659773,-0.04581942621015328
30.250217415651534,1.4475744989114778,-23.907293641311522,-160.43379387628187,-0.045807205926420604
30.26979847785709,1.4291212035209595,-23.913842983746314,-160.48517862169987,-0.04579487505206639
30.289383348425442,1.4106584519435819,-23.92037704522224,-160.53655951107402,-0.045782520785245966
30.308972026887552,1.3921862576332587,-23.926895815140988,-160.58793647793476,-0.04577008325420115
30.32856451277309,1.373704634054149,-23.933399282912504,-160.63930973240684,-0.04575811518641323
30.348160805593107,1.3552135946770238,-23.939887437892263,-160.69067911727558,-0.04574540937779408
30.36776090489335,1.3367131529903495,-23.946360269573788,-160.7420445724307,-0.04573334596226144
30.387364810189215,1.318203322486769,-23.95281776735374,-160.79340637458,-0.045721144737501974
30.406972521004967,1.2996841166712823,-23.959259920673695,-160.84476414253464,-0.045708414349046766
30.426584036885505,1.2811555490633424,-23.965686719062518,-160.89611823582845,-0.045696864856778374
30.44619935732413,1.2626176331827728,-23.972098151875464,-160.94746855277936,-0.04568396529961358
30.46581848187488,1.2440703825716222,-23.978494208700184,-160.9988148721806,-0.045672033792011055
30.485441410053813,1.2255138107749834,-23.984874878999744,-161.05015749839643,-0.04565968753906568
30.50506814138706,1.2069479313503253,-23.99124015228661,-161.1014962969258,-0.045647528432481314
30.52469867539759,1.1883727578648884,-23.997590018074522,-161.1528313016119,-0.04563525407230645
30.54433301161367,1.1697883038972907,-24.003924465909357,-161.20416245765503,-0.045623009197599346
30.56397114956121,1.1511945830360721,-24.01024348534133,-161.2554898706947,-0.04561093430783703
30.583613088759712,1.1325916088789876,-24.016547065910228,-161.30681345223218,-0.0455985438032536
30.60325882874243,1.1139793950365542,-24.022835197218654,-161.35813323728078,-0.045586542759385104
30.622908369026607,1.095357955126832,-24.029107868823974,-161.40944925420015,-0.045574214310162973
30.64256170914241,1.076727302780419,-24.03536507034338,-161.46076145998842,-0.04556214847781544
30.662218848610056,1.05808745163657,-24.04160679137092,-161.51206991752238,-0.04554994333828638
30.681879786956028,1.039438415345828,-24.047833021536174,-161.56337454250541,-0.045537739417560806
30.70154452370755,1.0207802075691585,-24.054043750484475,-161.61467540607399,-0.04552567217146048
30.72121305838517,1.0021128419767047,-24.0602389678497,-161.66597250039104,-0.04551346593564331
30.74088539051472,0.9834363322497367,-24.066418663298002,-161.7172658391698,-0.045501434588710386
30.76056151961672,0.9647506920789473,-24.07258282648909,-161.7685553867663,-0.045489176691191145
30.7802414452203,0.9460559351665568,-24.078731447127023,-161.81984118219924,-0.045477226101268364
30.799925166841238,0.9273520752230578,-24.084864514880156,-161.87112326113404,-0.04546504302781017
30.819612684009602,0.9086391259712078,-24.090982019481896,-161.92240142433852,-0.0454527506692729
30.8393039962573,0.8899171011441575,-24.097083950685345,-161.97367595005616,-0.04544107243171044
30.858999103087243,0.8711860144812874,-24.103170298150857,-162.02494676749953,-0.04542866614435314
30.87869800403612,0.85244587973679,-24.10924105167507,-162.07621374515358,-0.04541676627653145
30.898400698623224,0.8336967106726221,-24.115296201004018,-162.12747698946188,-0.04540456014882682
30.918107186376524,0.8149385210620412,-24.121335735928533,-162.17873648469765,-0.04539264387964822
30.93781746681245,0.7961713246869966,-24.127359646210355,-162.2299922848547,-0.04538054488565632
30.95753153945439,0.7773951353404192,-24.133367921649544,-162.28124434199543,-0.04536855517060999
30.97724940382532,0.758609966825349,-24.13936055205787,-162.33249260365346,-0.04535637475548133
30.996971059455333,0.7398158329556725,-24.145337527285996,-162.38373713304054,-0.045344508378010996
31.0166965058557,0.721012747553266,-24.15129883712893,-162.43497810033767,-0.04533264060964778
31.036425742545635,0.7022007244510302,-24.15724447142382,-162.48621510488616,-0.04532007668304281
31.056158769073537,0.6833797774950064,-24.163174420127593,-162.5374484516247,-0.04530875979357765
31.075895584928567,0.664549920535011,-24.169088672993464,-162.58867825530118,-0.045296410326875675
31.095636189648427,0.6457111674360295,-24.174987219965512,-162.63990409022287,-0.045284351907157634
31.115380582760515,0.6268635320719382,-24.18087005096316,-162.6911263815228,-0.0452727655789952
31.135128763767717,0.6080070283242707,-24.186737155829054,-162.74234493504568,-0.045260375323667015
31.154880732211378,0.5891416700882618,-24.192588524560083,-162.793559683902,-0.045248682083084225
31.174636487601525,0.570267471266159,-24.198424147051217,-162.84477088206245,-0.045236752049160986
31.19439602945868,0.5513844457712366,-24.204244013249234,-162.89597823123495,-0.045224543104774424
31.21415935731824,0.5324926075279476,-24.210048113168597,-162.94718190083074,-0.045212923665838095
31.233926470684306,0.5135919704680674,-24.21583643672189,-162.99838202885434,-0.04520096981872109
31.2536973690787,0.49468254853489,-24.221608973900167,-163.0495783208595,-0.045188841731875415
31.273472052035313,0.4757643556824576,-24.227365714751787,-163.10077091142279,-0.04517713679062909
31.293250519064166,0.45683740587296334,-24.233106649250658,-163.1519599315591,-0.04516525128824455
31.313032769685805,0.4379017130793336,-24.23883176742259,-163.20314514261608,-0.04515313644882958
31.33281880343114,0.4189572912850173,-24.244541059344588,-163.25432673732615,-0.04514160228560187
31.35260861980488,0.4000041544816778,-24.250234515010543,-163.30550468187542,-0.04512943910391518
31.372402218339825,0.3810423166726297,-24.255912124530923,-163.3566788707544,-0.04511773005889435
31.392199598550672,0.362071791869937,-24.261573877962793,-163.40784946324425,-0.04510585905385921
31.412000759956456,0.3430925940957621,-24.2672197653923,-163.45901636300712,-0.0450939913766314
31.431805702079597,0.3241047373823166,-24.272849776931416,-163.51017956917028,-0.045082130072164384
31.451614424440358,0.30510823577150836,-24.278463902697396,-163.5613391536061,-0.045070400288764675
31.471426926553494,0.28610310331477906,-24.28406213280031,-163.6124950777401,-0.04505848223166392
31.491243207944425,0.2670893540739064,-24.289644457403,-163.66364727549828,-0.04504664723715205
31.511063268133277,0.24806700212014368,-24.29521086666184,-163.71479589534187,-0.04503500188590509
31.53088710663052,0.22903606153422215,-24.300761350710985,-163.76594088142613,-0.04502307973307601
31.55071472296035,0.20999654640713372,-24.306295899748473,-163.8170821933161,-0.04501137433869275
31.570546116643463,0.19094847083949612,-24.311814503972744,-163.86821974454617,-0.04499931116887403
31.59038128720686,0.1718918489418135,-24.31731715361885,-163.9193538453848,-0.04498816299473962
31.61022023414503,0.15282669483343603,-24.32280383881479,-163.9704841616277,-0.044975522921390954
31.630062957004146,0.13375302264480335,-24.328274549893273,-164.02161113811957,-0.04496516841891322
31.649909455285552,0.11467084651493,-24.333729277034237,-164.07273312901557,-0.04494964457703488
31.66975972851027,0.09558018059303715,-24.339168010503954,-164.12385706092886,-0.044951482554801275
31.689613776203668,0.07648103903800817,-24.34459074059798,-164.17495613963985,-0.04488885736809254
31.709471597876206,0.0573734360182154,-24.349997457570076,-164.22613096219968,-0.04506755325057893
31.729333193050902,0.03825738571185041,-24.35538815173392,-164.27700598300936,-0.044344866574834635
31.749198561243578,0.019132902306637545,-24.36076281338972,-164.32898275916585,-0.04698653093626749
31.76906770197303,1.4919946310195244e-15,-24.36612143286226,-164.37683028460089,-0.0370731581151773
31.788941477949198,-0.019141309515082566,-24.37146720143177,-164.41341199351243,-0.027179479676750877
31.808820754381333,-0.03829102458989136,-24.376803309003673,-164.4458825153398,-0.02983643054915885
31.828705535648318,-0.05744914607401145,-24.382129743762075,-164.47947398588065,-0.029131456959862433
31.84859582609889,-0.07661567480032228,-24.387446493783624,-164.51278419092827,-0.029326488753850077
31.868491630120467,-0.09579061158563008,-24.392753547292347,-164.54618863316756,-0.029280593412866925
31.888392952075755,-0.11497395723019395,-24.39805089242451,-164.57958698463906,-0.029299555919808103
31.908299796309972,-0.13416571251748377,-24.403338517255968,-164.61300602473764,-0.029300620384020225
31.9282121671911,-0.15336587821496372,-24.40861640995067,-164.6464385323009,-0.029306900129052318
31.948130069058806,-0.17257445507307895,-24.4138845585721,-164.6798864978047,-0.02931143611002465
31.96805350626534,-0.19179144382610688,-24.419142951234182,-164.71334938386087,-0.029316755516256867
31.987982483143554,-0.21101684519134273,-24.42439157598339,-164.7468272769149,-0.029321424687978045
32.00791700404267,-0.23025065987007842,-24.429630420930643,-164.78032018086802,-0.029326732578230767
32.02785707328194,-0.24949288854619275,-24.434859474080422,-164.81382812923465,-0.02933144216558007
32.047802695199344,-0.26874353188764877,-24.440078723510375,-164.84735104805154,-0.029336602280605042
32.06775387411068,-0.2880025905451142,-24.44528815722052,-164.88088902410897,-0.029341445529538362
32.08771061433958,-0.30727006515299204,-24.45048776324391,-164.91444194243195,-0.02934638625462851
32.10767292020094,-0.326545956328791,-24.45567752958559,-164.94800992265138,-0.02935142055409912
32.127640796000186,-0.3458302646730304,-24.460857444219855,-164.98159287692962,-0.029356189507607
32.147614246050644,-0.36512299077002097,-24.466027495154297,-165.01519080492997,-0.029361205071169818
32.167593274649974,-0.38442413518674046,-24.471187670342978,-165.0488037525934,-0.02936603619818163
32.18757788609516,-0.40373369847347695,-24.47633795774182,-165.08243175399866,-0.029371093159664477
32.20756808467534,-0.423051681163465,-24.48147834528209,-165.11607460513054,-0.029375549910427262
32.22756387469868,-0.4423780837745394,-24.486608820968847,-165.1497324719268,-0.029380878573096143
32.247565260425475,-0.4617129068048706,-24.49172937263617,-165.1834054887634,-0.02938555184970494
32.26757224614355,-0.4810561507377171,-24.496839988223133,-165.21709328875997,-0.02939022221714937
32.287584836138194,-0.5004078160395865,-24.501940655663596,-165.25079617095528,-0.029395399269932974
32.30760303466438,-0.5197679031581491,-24.50703136278496,-165.28451402032368,-0.029399851051120467
32.32762684600583,-0.5391364125265009,-24.51211209752375,-165.31824676780712,-0.029404889744056795
32.34765627441449,-0.5585133445586689,-24.517182847704795,-165.35199461750253,-0.029409679413893344
32.36769132414875,-0.5778986996524051,-24.522243601180705,-165.38575730730304,-0.029414243430323003
32.387731999473814,-0.5972924781893781,-24.527294345833074,-165.41953500546765,-0.02941930840287723
32.40777830462411,-0.6166946805319029,-24.532335069435742,-165.45332774373418,-0.029423909850271875
32.42783024385239,-0.6361053070270964,-24.537365759833577,-165.4871353230592,-0.029428610416484084
32.44788782140536,-0.655524358004887,-24.54238640485343,-165.52095786405758,-0.029433404083973817
32.46795104151303,-0.6749518337768382,-24.547396992266027,-165.55479548839537,-0.029438298580047626
32.48801990839983,-0.6943877346371254,-24.55239750982615,-165.58864797638,-0.02944269228506526
32.508094426312326,-0.7138320608654142,-24.557387945372984,-165.62251531563294,-0.029447547573709435
32.52817459946488,-0.7332848127213205,-24.562368286633287,-165.65639780077493,-0.02945243586872822
32.54826043206654,-0.7527459904469921,-24.567338521319048,-165.69029510775997,-0.029456710175512723
32.56835192835375,-0.7722155942707543,-24.572298637245588,-165.72420730455588,-0.029461698971503057
32.58844909252227,-0.791693624399665,-24.577248622085317,-165.75813456434486,-0.029466256553307504
32.60855192878119,-0.8111800810253564,-24.582188463563355,-165.79207666448448,-0.029470841029432107
32.628660441338006,-0.8306749643224607,-24.58711814940323,-165.82603369790974,-0.02947554244665524
32.64877463438649,-0.8501782744471484,-24.592037667283268,-165.86000569679746,-0.02948016523006425
32.668894512118484,-0.8696900115384054,-24.59694700487933,-165.8939926279337,-0.02948479147344054
32.68902007872453,-0.8892101757182012,-24.601846149866795,-165.92799441312016,-0.029489261121834913
32.70915133839648,-0.9087387670917751,-24.606735089930172,-165.9620111249341,-0.029493995788065
32.72928829530638,-0.9282757857449097,-24.611613812687033,-165.9960428235112,-0.029498552252411766
32.74943095363167,-0.9478212317471051,-24.616482305778806,-166.03008934730155,-0.029502989465289134
32.769579317549464,-0.967375105150915,-24.62134055685009,-166.06415085884137,-0.029507810196188745
32.78973339121597,-0.9869374059890486,-24.62618855347481,-166.09822722171378,-0.02951199372387796
32.809893178812985,-1.0065081342808615,-24.631026283323088,-166.1323184090871,-0.029516750650752946
32.83005868448825,-1.0260872900239066,-24.635853733947265,-166.1664246406628,-0.029521297273042917
32.850229912394404,-1.0456748731993717,-24.640670892921822,-166.20054564786935,-0.029525572002493956
32.87040686669273,-1.065270883772815,-24.645477747856415,-166.23468161567902,-0.02953042144791072
32.8905895515126,-1.0848753216878844,-24.650274286251165,-166.26883248168784,-0.02953457098539065
32.91077797101381,-1.1044881868759098,-24.65506049571934,-166.30299808176477,-0.029539119360738268
32.93097212932986,-1.1241094792471562,-24.65983636378449,-166.3371787438639,-0.02954381874956288
32.95117203058063,-1.1437391986925396,-24.664601877926366,-166.37137421384605,-0.029547910650865164
32.971377678913946,-1.1633773450905256,-24.669357025728594,-166.405584490477,-0.029552590778012807
32.9915890784443,-1.183023918297012,-24.674101794660565,-166.43980971917128,-0.029556916799368733
33.01180623329555,-1.2026789181523905,-24.67883617222943,-166.474049747057,-0.02956131579757221
33.0320291475851,-1.2223423444788566,-24.683560145923895,-166.50830468467774,-0.029565815622891626
33.05225782541853,-1.2420141970794294,-24.68827370319521,-166.54257450204435,-0.029570145802283645
33.07249227090812,-1.2616944757412094,-24.69297683152281,-166.576859087439,-0.029574435852067923
33.09273248816341,-1.2813831802337061,-24.697669518380952,-166.61115853335562,-0.029578908624711776
33.11297848127575,-1.301080310306006,-24.702351751183773,-166.64547291823115,-0.02958331695761576
33.133230254339146,-1.3207858656904743,-24.707023517359502,-166.67980201544137,-0.029587382086011877
33.15348781145726,-1.3404998461041955,-24.711684804375032,-166.71414602717883,-0.029592122001443268
33.17375115669598,-1.3602222512398894,-24.716335599567994,-166.74850491456658,-0.029596103255441035
33.19402029415374,-1.379953080779306,-24.720975890395955,-166.78287851223152,-0.029600541422342953
33.21429522790501,-1.3996923343824315,-24.725605664236024,-166.8172670039284,-0.029604822331405527
33.23457596202176,-1.4194400116914876,-24.73022490846116,-166.85167031531608,-0.029609115671829788
33.25486250057426,-1.4391961123311787,-24.734833610442912,-166.88608841118352,-0.029613319208419774
33.27515484762981,-1.458960635908359,-24.73943175754687,-166.92052137312092,-0.02961773616636735
33.29545300724129,-1.4787335820096625,-24.744019337092574,-166.95496913983774,-0.029621817540050943
33.315756983475055,-1.4985149502073005,-24.748596336451396,-166.9894316350243,-0.029626086574854195
33.33606678038083,-1.5183047400527268,-24.753162742940948,-167.02390904813072,-0.029630476959329598
33.35638240199842,-1.538102951077979,-24.7577185438484,-167.0584011901194,-0.029634404439848366
33.376703852388445,-1.5579095828023206,-24.76226372653896,-167.09290804890298,-0.02963875744933521
33.39703113558368,-1.5777246347217029,-24.766798278284348,-167.127429795728,-0.029642962489737947
33.41736425561426,-1.5975481063141055,-24.771322186351835,-167.16196636227687,-0.02964718155414904
33.43770321651058,-1.6173799970402336,-24.775835438014326,-167.19651764965423,-0.029651200280486345
33.45804802230825,-1.6372203063446755,-24.78033802056758,-167.23108369986082,-0.02965547491347761
33.47839867702454,-1.6570690336504843,-24.78482992124785,-167.2656645509759,-0.029659542482807954
33.49875518468186,-1.6769261783645655,-24.78931112731391,-167.30026011912554,-0.029663656775731496
33.51911754929553,-1.6967917398747951,-24.793781626004584,-167.3348704910903,-0.029667856707055646
33.53948577486845,-1.7166657175487356,-24.79824140451985,-167.3694956912012,-0.02967199625455247
33.55985986540754,-1.7365481107374663,-24.802690450078575,-167.4041355081704,-0.029675817720096774
33.58023982492907,-1.7564389187770137,-24.807128749937007,-167.43879011808895,-0.029680242595214852
33.60062565741167,-1.7763381409767887,-24.811556291224505,-167.47345956495255,-0.029684123060484433
33.621017366855774,-1.7962457766340858,-24.815973061151627,-167.50814367903166,-0.029688240960247032
33.64141495725114,-1.8161618250261713,-24.820379046896186,-167.54284251487084,-0.029692198544545693
33.66181843258641,-1.836086285412584,-24.82477423563695,-167.5775560944333,-0.029696337754224283
33.68222779683775,-1.8560191570322375,-24.82915861451411,-167.61228439289735,-0.029700236644370524
33.702643053985,-1.8759604391075202,-24.833532170685267,-167.6470274724228,-0.029704465918773827
33.723064207988465,-1.8959101308382262,-24.837894891245067,-167.6817852910841,-0.02970827693117881
33.74349126283006,-1.9158682314123512,-24.84224676336804,-167.71655763180328,-0.029712119028436266
33.763924222481506,-1.9358347399977751,-24.846587774197978,-167.75134482193343,-0.029716473301900227
33.78436309087788,-1.9558096557350129,-24.85091791075639,-167.78614682088494,-0.02972022989884256
33.80480787198642,-1.9757929777556618,-24.855237160181364,-167.8209633249177,-0.029724049355442764
33.82525856976752,-1.9957847051720232,-24.85954550959195,-167.85579461675619,-0.029728272631124514
33.84571518815004,-2.0157848370701554,-24.863842946002812,-167.89064068207537,-0.02973205157159645
33.86617773108631,-2.03579337252501,-24.86812945651494,-167.92550125750373,-0.029735809450681515
33.886646202526336,-2.055810310593457,-24.872405028225856,-167.96037655848875,-0.02973993997139471
33.907120606391295,-2.0758356503065882,-24.87666964813847,-167.9952665951302,-0.02974369910881507
33.92760094661258,-2.0958693906808046,-24.88092330329587,-168.0301713680507,-0.029747814700278152
33.94808722710811,-2.115911530710968,-24.885165980699686,-168.06509069206436,-0.029751242356338477
33.96857945182232,-2.135962069382108,-24.889397667447874,-168.10002468310338,-0.02975553960030526
33.98907762465236,-2.156021005647806,-24.893618350480136,-168.13497337993556,-0.029759017479190894
34.009581749527804,-2.1760883384535528,-24.89782801685304,-168.1699366641849,-0.029763097279258317
34.030091830345924,-2.1961640667176017,-24.90202665351675,-168.20491470481636,-0.029766847025674684
34.05060787101391,-2.216248189343471,-24.906214247460703,-168.23990730456546,-0.0297705753093194
34.07112987543743,-2.2363407052166138,-24.910390785673904,-168.2749145903072,-0.029774525186113784
34.091657847506845,-2.2564416132000993,-24.914556255097896,-168.30993645741694,-0.02977805981447912
34.11219179112733,-2.276550912143905,-24.918710642730034,-168.3449729508701,-0.02978207046939435
34.132731710174625,-2.296668600871185,-24.92285393547152,-168.38002414055896,-0.02978570824901034
34.15327760853834,-2.3167946781916706,-24.92698612027642,-168.4150898713579,-0.029789439624948115
34.173829490101376,-2.3369291428953276,-24.931107184080638,-168.4501702361821,-0.029793219672521642
34.19438735873478,-2.3570719937505724,-24.93521711378461,-168.485265271509,-0.029796997392889404
34.21495121830766,-2.3772232295074627,-24.939315896287194,-168.52037485827654,-0.02980055972167177
34.235521072697324,-2.397382848900964,-24.94340351852038,-168.5554990053583,-0.029804336989599767
34.25609692576458,-2.4175508506429395,-24.947479967364792,-168.59063776564332,-0.02980797358136887
34.27667878137013,-2.4377272334274624,-24.951545229705676,-168.62579111755375,-0.02981169874853874
34.29726664336465,-2.457911995927465,-24.95559929239932,-168.66095911334918,-0.029815408501017104
34.31786051559644,-2.4781051367972835,-24.95964214229897,-168.69614164624758,-0.02981893719213552
34.33846040192197,-2.4983066546762065,-24.963673766290878,-168.73133867508972,-0.02982256181089633
34.359066306182,-2.518516548180449,-24.967694151212836,-168.76655041998302,-0.029826448072583906
34.379678232203545,-2.538734815903647,-24.97170328386102,-168.80177658899862,-0.029829562843286608
34.400296183847054,-2.5589614564331367,-24.975701151150567,-168.83701733536833,-0.02983369326880225
34.420920164914406,-2.5791964683181674,-24.979687739802444,-168.87227276629025,-0.029836974241541015
34.44155017924846,-2.599439850104321,-24.983663036682334,-168.9075425225446,-0.029840481407704227
34.46218623067626,-2.6196916003138986,-24.98762702860712,-168.94282699172246,-0.029844402966514368
34.4828283229944,-2.6399517174404683,-24.991579702295702,-168.9781259851431,-0.029847575741646554
34.50347646003733,-2.6602201999731716,-24.995521044600668,-169.01343941140837,-0.029851327550484173
34.524130645606164,-2.6804970463713986,-24.99945104226666,-169.04876744611374,-0.029854782049407627
34.54479088350834,-2.7007822550788427,-25.003369682065117,-169.08410995594764,-0.029858293397272393
34.56545717754812,-2.721075824520179,-25.007276950761828,-169.11946695758758,-0.029861760992103074
34.586129531522005,-2.741377753099304,-25.011172835101714,-169.1548385585436,-0.02986543881958838
34.60680794921502,-2.761688039197923,-25.015057321796117,-169.19022457641825,-0.02986858339294269
34.62749243443393,-2.7820066811878834,-25.018930397635216,-169.22562510113337,-0.029872397975614674
34.64818299094599,-2.8023336774083343,-25.022792049280866,-169.26104018046627,-0.02987560819268484
34.66887962254443,-2.822669026190196,-25.026642263488096,-169.29646964478613,-0.029879121605731526
34.68958233300452,-2.84301272583965,-25.030481026956608,-169.3319136528044,-0.02988258458039544
34.71029112609456,-2.863364774642234,-25.03430832636784,-169.367372158137,-0.029886004837178657
34.73100600558326,-2.8837251708655987,-25.038124148410205,-169.40284510890336,-0.029889365470647102
34.75172697524087,-2.904093912760028,-25.041928479782438,-169.43833245264767,-0.029892682499059804
34.77245403883068,-2.924470998555107,-25.045721307165294,-169.47383434441457,-0.029896289464700777
34.79318720009481,-2.9448564264540793,-25.049502617173797,-169.50935071657065,-0.029899477762097528
34.813926462798186,-2.96525019465111,-25.053272396504898,-169.54488138833466,-0.02990276559944599
34.83467183069319,-2.9856523013174168,-25.05703063181895,-169.58042662215496,-0.029906380870672544
34.855423307506584,-3.0060627445959356,-25.06077730969558,-169.61598631787604,-0.029909485429503068
34.87618089699287,-3.0264815226225883,-25.064512416813137,-169.65156030426573,-0.029912797976096632
34.89694460289101,-3.0469086335090556,-25.068235939803035,-169.6871487879716,-0.029916235385497366
34.91771442892171,-3.067344075341497,-25.071947865241192,-169.72275176440536,-0.029919525526310095
34.93849037881531,-3.08778784619186,-25.075648179741226,-169.7583690219892,-0.029922592746220392
34.959272456307495,-3.108239944116236,-25.079336869940057,-169.7940007614279,-0.02992620549571853
34.98006066509772,-3.1287003671376175,-25.08301392235903,-169.82964696162148,-0.02992922269580808
35.00085500891956,-3.149169113275024,-25.086679323639007,-169.86530731134818,-0.02993229835252857
35.02165549149023,-3.1696461805225944,-25.090333060371623,-169.90098235393913,-0.029936213057669407
35.04246211647951,-3.1901315668363,-25.09397511899595,-169.9366716690193,-0.029938568779537003
35.06327488764151,-3.2106252701895652,-25.09760548623774,-169.9723751660701,-0.029942317167242192
35.08409380864611,-3.231127288502013,-25.10122414854747,-170.0080933740516,-0.02994554562326611
35.10491888318383,-3.251637619683758,-25.1048310924501,-170.04382570216268,-0.02994828898631054
35.12575011497517,-3.27215626163966,-25.108426304575996,-170.07957239358097,-0.029951910705338914
35.1465875076812,-3.292683212230792,-25.112009771363105,-170.1153335963848,-0.02995488784068095
35.16743106499147,-3.3132184693122673,-25.115581479350094,-170.15110904293263,-0.029958046835421675
35.188280790588614,-3.3337620307180034,-25.119141415058085,-170.18689883455104,-0.02996117939982011
35.20913668814875,-3.3543138942608612,-25.122689564992182,-170.22270294024162,-0.029964272228282268
35.22999876134446,-3.37487405773391,-25.126225915651368,-170.25852139890233,-0.029967455643064855
35.25086701383734,-3.3954425189070934,-25.1297504535039,-170.29435421907357,-0.029970548525544774
35.27174144929104,-3.4160192755329755,-25.13326316503062,-170.3302013126937,-0.02997357044560915
35.29262207136885,-3.4366043253457352,-25.136764036716706,-170.36606273088182,-0.029976734646051238
35.31350888372304,-3.4571976660563037,-25.140253055016682,-170.4019384078875,-0.029979632533567457
35.334401890013766,-3.477799295360919,-25.14373020641682,-170.43782838942874,-0.029982859019721635
35.35530109387499,-3.498409210925612,-25.14719547732243,-170.47373279104326,-0.02998593582497372
35.37620649894826,-3.519027410401485,-25.150648854169855,-170.50965134355363,-0.029988698670221303
35.39711810889212,-3.5396538914292517,-25.15409032345716,-170.54558411699037,-0.029991878416430084
35.418035927329115,-3.5602886516146595,-25.157519871569324,-170.58153135115128,-0.029995027510045406
35.438959957878765,-3.580931688543655,-25.160937484887256,-170.6174927886952,-0.02999776381228391
35.45989020418755,-3.601582999796431,-25.164343149886566,-170.65346834641804,-0.03000076019511316
35.48082666987751,-3.6222425829234433,-25.167736852967987,-170.68945830272662,-0.030003946889906367
35.50176935855103,-3.6429104354474706,-25.171118580473426,-170.72546253065315,-0.030006717651978407
35.522718273834755,-3.663586554884366,-25.17448831883061,-170.76148089196437,-0.030009660083121874
35.54367341934185,-3.6842709387252617,-25.17784605442862,-170.7975135396068,-0.03001267187561058
35.56463479867301,-3.7049635844369013,-25.18119177362149,-170.83356042956592,-0.030015527159062534
35.58560241543486,-3.725664489470478,-25.18452546278857,-170.86962150891634,-0.030018437027217872
35.60657627322776,-3.7463736512557713,-25.18784710829453,-170.90569679675602,-0.030021310359647446
35.627556375645646,-3.767091067201018,-25.191156696488967,-170.94178635263887,-0.030024305586870262
35.6485427262722,-3.7878167346910026,-25.19445421369365,-170.97789010625408,-0.0300270482242537
35.66953532870404,-3.8085506510984106,-25.19773964627889,-171.0140079644133,-0.030029874792310462
35.690534186525504,-3.8292928137714903,-25.20101298058041,-171.05014010910267,-0.030032906378781917
35.71153930330449,-3.850043220031852,-25.20427420288634,-171.08628640371703,-0.030035492241995667
35.73255068262943,-3.8708018671928577,-25.207523299557945,-171.12244686101107,-0.030038531411765452
35.75356832806008,-3.8915687525350915,-25.210760256868564,-171.1586215333972,-0.03004119079482294
35.774592243171796,-3.912343873328463,-25.213985061148765,-171.19481029148096,-0.030044001512313828
35.795622431527924,-3.933127226818377,-25.217197698695635,-171.23101326406973,-0.03004686125072519
35.81665889667931,-3.9539188102253613,-25.220398155771726,-171.26723045311397,-0.03004966167878779
35.8377016421828,-3.974718620754475,-25.22358641866517,-171.3034616443271,-0.030052152413788544
35.85875067160572,-3.995526655597669,-25.226762473704262,-171.3397070272111,-0.03005525375773099
35.87980598847431,-4.0163429119072696,-25.22992630708954,-171.37596660077813,-0.03005772944974163
35.90086759634566,-4.037167386832942,-25.233077905128102,-171.41224019972395,-0.030060543342335554
35.92193549875479,-4.058000077494398,-25.23621725406135,-171.4485280176143,-0.03006332649878327
35.94300969923066,-4.078840980989621,-25.239344340117068,-171.4848299240697,-0.03006591102277077
35.9640902013142,-4.099690094404278,-25.242459149568234,-171.52114585264832,-0.030068570851917786
35.98517700853417,-4.120547414799137,-25.245561668654176,-171.55747596333816,-0.030071407017582243
36.006270124403486,-4.141412939207972,-25.24865188356912,-171.59382015746343,-0.030073890247635196
36.02736955245335,-4.162286664655664,-25.25172978057287,-171.630178364184,-0.030076595968564167
36.04847529619489,-4.183168588137857,-25.25479534586613,-171.66655077040372,-0.030079375206022167
36.069587359133536,-4.2040587066284845,-25.257848565637612,-171.70293711467622,-0.03008163538172386
36.090705744796836,-4.224957017094792,-25.260889426153575,-171.73933759742908,-0.030084732840371175
36.111830456659746,-4.2458635164570255,-25.263917913516586,-171.77575221233644,-0.030086969457932464
36.13296149824374,-4.266778201641936,-25.26693401398582,-171.81218069774067,-0.03008962145924039
36.15409887304502,-4.287701069543984,-25.269937713745,-171.8486233266976,-0.03009229612343687
36.17524258454661,-4.308632117031757,-25.272928998941524,-171.88508000527938,-0.030094779951591055
36.1963926362397,-4.329571340959638,-25.27590785575555,-171.92155072281372,-0.030097423975063646
36.21754903160324,-4.350518738156583,-25.27887427033411,-171.9580354777219,-0.030099892226255167
36.238711774125726,-4.371474305438172,-25.281828228861187,-171.99453411674804,-0.030102270475208425
36.259880867292296,-4.392438039599492,-25.284769717516323,-172.0310468594712,-0.030105087980963972
36.28105631455645,-4.413409937399278,-25.287698722383585,-172.0675736251088,-0.03010732012770514
36.30223811939941,-4.434389995593043,-25.29061522964254,-172.10411437803913,-0.03011006600428308
36.323426285273726,-4.455378210901475,-25.29351922538707,-172.1406691254229,-0.03011229714759086
36.34462081565537,-4.476374580039785,-25.29641069579264,-172.17723776832108,-0.030114867210299767
36.3658217139965,-4.497379099690993,-25.299289626964644,-172.2138204670572,-0.030117349630955293
36.38702898374391,-4.518391766516305,-25.302156004997606,-172.25041717634045,-0.030119832321642122
36.4082426283478,-4.539412577160097,-25.305009816003608,-172.2870277273052,-0.030122024097228674
36.42946265126846,-4.560441528253835,-25.307851046133422,-172.32365226345274,-0.030124730212381032
36.450689055927874,-4.581478616388184,-25.310679681421494,-172.3602908514422,-0.030127018951359257
36.4719218457697,-4.602523838147491,-25.3134957079783,-172.3969432609965,-0.030129333716853588
36.49316102423347,-4.623577190094995,-25.316299111907576,-172.43360966843585,-0.03013189971136136
36.51440659474101,-4.644638668764814,-25.319089879262897,-172.4702899091951,-0.03013393145358896
36.53565856073353,-4.665708270683649,-25.321867996166286,-172.50698418772288,-0.03013682073230265
36.55691692560455,-4.686785992331372,-25.324633448594078,-172.54369232071133,-0.030138538897044192
36.57818169280802,-4.707871830204638,-25.32738622272216,-172.58041428215077,-0.03014137291619837
36.599452865728175,-4.728965780740125,-25.33012630451026,-172.617150355513,-0.030143543934914495
36.62073044778142,-4.7500678403746575,-25.33285368002771,-172.6539001336494,-0.03014569731880611
36.64201444239119,-4.7711780055305155,-25.33556833537255,-172.69066374748277,-0.030148070753898474
36.663304852951654,-4.792296272593654,-25.338270256556235,-172.72744140107125,-0.03015054636051323
36.684601682846534,-4.813422637924855,-25.340959429563718,-172.76423289941354,-0.030152587675618445
36.70590493548873,-4.8345570978835894,-25.343635840479493,-172.8010381164392,-0.030154844324715206
36.72721461426877,-4.855699648797009,-25.34629947532342,-172.83785734780653,-0.030157357760070943
36.7485307225566,-4.8768502869608605,-25.348950320056783,-172.8746903690624,-0.030159234439628924
36.76985326375927,-4.898009008674598,-25.35158836076538,-172.91153713756142,-0.030161665775566927
36.791182241244194,-4.919175810194619,-25.35421358341577,-172.9483978774083,-0.030163897097626024
36.81251765838275,-4.940350687760798,-25.356825973994106,-172.98527238380873,-0.030165981025931054
36.8338595185566,-4.961533637600432,-25.359425518525672,-173.02216066465112,-0.030168213085979122
36.855207825129774,-4.982724655911059,-25.36201220298672,-173.0590628421927,-0.03017048480377929
36.87656258145902,-5.003923738866714,-25.36458601333731,-173.09597880054633,-0.03017251522966645
36.89792379091695,-5.025130882632407,-25.367146935594384,-173.1329084361887,-0.03017460565286833
36.91929145686216,-5.046346083345502,-25.369694955737447,-173.1698520005353,-0.030177034820535374
36.94066558262702,-5.067569337107924,-25.372230059669807,-173.20680935088927,-0.030178880061602163
36.962046171577754,-5.088800640023913,-25.374752233408817,-173.2437803854816,-0.030181130992067352
36.98343322705589,-5.110039988163216,-25.37726146290058,-173.28076519456488,-0.03018311163041608
37.00482675240847,-5.131287377580122,-25.379757734115362,-173.3177637609596,-0.0301853225274135
37.02622675096143,-5.152542804296498,-25.38224103296393,-173.35477621344188,-0.030187501301294627
37.04763322604515,-5.173806264318025,-25.38471134537797,-173.3918022301025,-0.030189175226984746
37.06904618101399,-5.195077753646785,-25.387168657371575,-173.42884204119807,-0.03019171756732953
37.09046561916434,-5.216357268228656,-25.38961295478325,-173.46589564947516,-0.030193384124890643
37.11189154383921,-5.237644804020479,-25.392044223605257,-173.5029628608812,-0.030195598350055277
37.13332395834899,-5.258940356939072,-25.394462449734164,-173.54004387384285,-0.030197576404436866
37.154762866006635,-5.2802439228838445,-25.396867619081622,-173.57713859408588,-0.030199625262080428
37.17620827012376,-5.301555497734292,-25.39925971756215,-173.61424693858203,-0.030201456406014043
37.19766017401669,-5.32287507735401,-25.401638731111944,-173.65136902149843,-0.030203679348422493
37.21911858097241,-5.3442026575682835,-25.404004645582337,-173.68850483962123,-0.030205493554951376
37.24058349430239,-5.365538234199433,-25.40635744690838,-173.7256541801372,-0.03020735865067813
37.26205491730608,-5.386881803042852,-25.40869712099458,-173.762817363876,-0.030209682923562
37.28353285325018,-5.408233359853111,-25.411023653650048,-173.79999417967696,-0.030211193105340185
37.305017305452026,-5.4295929003993555,-25.41333703084945,-173.83718448695717,-0.030213277312938942
37.3265082771884,-5.4509604204047015,-25.415637238447662,-173.87438858456943,-0.030215261511734114
37.348005771729774,-5.472335915568905,-25.417924262286913,-173.91160632861914,-0.03021710040857008
37.369509792357064,-5.49371938157961,-25.420198088249485,-173.9488376648265,-0.030218984957157916
37.39102034234749,-5.515110814102892,-25.422458702213067,-173.98608256126724,-0.030220760580639425
37.41253742497397,-5.536510208782853,-25.42470609004919,-174.02334116649317,-0.03022287470576111
37.43406104348508,-5.5579175612279546,-25.42694023756068,-174.06061338280506,-0.0302244803979514
37.455591201160445,-5.579332867048615,-25.42916113065436,-174.09789906238237,-0.030226343396388355
37.47712790125488,-5.60075612181928,-25.431368755167018,-174.13519851476062,-0.030228439539991284
37.49867114700614,-5.622187321083531,-25.433563096889536,-174.1725114341339,-0.03022979554879713
37.5202209416927,-5.643626460393752,-25.43574414174686,-174.20983793544846,-0.03023206658819156
37.541777288533225,-5.6650735352420565,-25.437911875485216,-174.24717809638452,-0.030233537153815954
37.563340190786725,-5.68652854112918,-25.44006628398348,-174.2845317350447,-0.030235502319798182
37.584909651686004,-5.707991473518595,-25.44220735304658,-174.32189893221394,-0.03023709247047243
37.606485674475834,-5.729462327862926,-25.444335068523756,-174.35927966363272,-0.030239007132048808
37.62806826237893,-5.750941099580248,-25.446449416203304,-174.39667396171055,-0.030240638538246205
37.64965741862794,-5.7724277840763865,-25.448550381911595,-174.4340817862465,-0.030242476987620996
37.67125314644024,-5.793922376727261,-25.45063795143522,-174.47150316692523,-0.030244145252733085
37.69285544903934,-5.815424872893882,-25.45271211058715,-174.50893801772673,-0.030245833544933935
37.71446432964544,-5.836935267915748,-25.454772845177462,-174.54638636022676,-0.03024752560570852
37.73607979147388,-5.85845355710974,-25.456820141008688,-174.5838481646789,-0.030249154804213068
37.75770183773233,-5.8799797357680665,-25.45885398386702,-174.62132360350492,-0.0302511142253692
37.779330471608766,-5.901513799149635,-25.46087435948549,-174.65881244513372,-0.030252358586695626
37.80096569633325,-5.92305574252419,-25.46288125373444,-174.6963146830903,-0.030254296576584475
37.82260751508856,-5.944605561108444,-25.464874652345785,-174.73383047465595,-0.030255783783358855
37.84425593107194,-5.966163250110185,-25.466854541103647,-174.77135975647602,-0.03025760859429217
37.86591094746506,-5.987728804706743,-25.468820905751684,-174.80890242578093,-0.030258919233237685
37.88757256747458,-6.009302220074249,-25.470773732118197,-174.84645850814493,-0.03026077438598907
37.90924079426929,-6.030883491342177,-25.472713005922245,-174.88402808726917,-0.030262209083402266
37.93091563103451,-6.052472613632687,-25.474638712941573,-174.92161108758327,-0.030263931632138964
37.952597080937934,-6.074069582035827,-25.476550838907222,-174.95920752880724,-0.030265387309717097
37.974285147159996,-6.0956743916316585,-25.478449369597133,-174.99681730072663,-0.030266921655119447
37.99597983286906,-6.117287037472136,-25.480334290759757,-175.03444058474446,-0.030268658544412404
38.017681141220116,-6.138907514580054,-25.482205588110165,-175.0720771467438,-0.030269805515254728
38.039389075400145,-6.160535817982542,-25.48406324746926,-175.10972707798138,-0.030271678498657358
38.061103638539365,-6.182171942645455,-25.485907254491487,-175.14739061197744,-0.030273190287285718
38.08282483378971,-6.203815883531327,-25.487737594905862,-175.18506733008618,-0.030274379642636132
38.10455266432741,-6.225467635601518,-25.48955425452341,-175.22275736109137,-0.030276087827003237
38.12628713328203,-6.247127193763301,-25.491357219019896,-175.26046091731962,-0.030277607700722537
38.14802824379098,-6.268794552910406,-25.493146474103174,-175.29817771555955,-0.030278850462830104
38.169775999009666,-6.290469707930744,-25.494922005543664,-175.33590784404868,-0.030280501489858388
38.191530402057865,-6.312152653666096,-25.49668379901088,-175.37365142784137,-0.030281934458035065
38.213291456069626,-6.333843384949618,-25.498431840225727,-175.41140816023346,-0.030283082898559598
38.235059164193544,-6.355541896606168,-25.500166114961324,-175.44917824340124,-0.030284829737258396
38.25683352952754,-6.377248183402801,-25.501886608844057,-175.48696180482725,-0.03028617215862443
38.27861455519844,-6.398962240109114,-25.503593307596386,-175.52475842417527,-0.030287234775818656
38.30040224434508,-6.420684061484579,-25.505286196985313,-175.56256847190022,-0.03028916051505799
38.32219660004332,-6.442413642221076,-25.50696526259376,-175.60039186421113,-0.030290078552770522
38.3439976254327,-6.464150977039891,-25.50863049020675,-175.63822832930603,-0.030291558634082637
38.365805323615525,-6.4858960606143885,-25.510281865503693,-175.67607819663627,-0.030292993924331976
38.3876196976832,-6.5076488875900695,-25.51191937413897,-175.71394133059007,-0.03029424663479371
38.409440750741595,-6.529409452604201,-25.51354300181893,-175.75181763992202,-0.030295525693244202
38.431268485889,-6.5511777502687965,-25.515152734234835,-175.78970724506064,-0.030296960841310547
38.4531029062064,-6.572953775162974,-25.516748557033566,-175.82761011816797,-0.030298185183635654
38.474944014788356,-6.594737521857008,-25.51833045591118,-175.8655261181341,-0.030299384595079967
38.49679181472597,-6.616528984899065,-25.519898416561343,-175.90345538222888,-0.030300818197934076
38.51864630908882,-6.638328158801028,-25.521452424620502,-175.941397867429,-0.030301938767006813
38.54050750096187,-6.6601350380673905,-25.522992465779907,-175.97935353354603,-0.030303298082772597
38.562375393412346,-6.681949617169236,-25.52451852568523,-176.0173224198939,-0.030304471386801347
38.58424998951393,-6.703771890563311,-25.52603059000977,-176.05530445493636,-0.03030570647964539
38.60613129233247,-6.725601852680696,-25.527528644411436,-176.09329969892264,-0.03030696592926337
38.628019304928735,-6.747439497928972,-25.529012674540756,-176.13130806578138,-0.0303080537521328
38.64991403037011,-6.769284820701546,-25.530482666076626,-176.16932958668613,-0.030309352970451113
38.671815471702985,-6.79113781535558,-25.531938604642612,-176.2073643394705,-0.03031055494965769
38.69372363197701,-6.812998476231353,-25.533380475880584,-176.24541217601305,-0.030311608191693245
38.715638514250045,-6.834866797656259,-25.53480826546529,-176.28347312720675,-0.03031284953599595
38.73756012156132,-6.856742773923229,-25.536221959023553,-176.32154724377244,-0.03031397373029284
38.75948845695042,-6.878626399305968,-25.537621542191715,-176.35963449821887,-0.030315161457449682
38.78142352345524,-6.900517668057326,-25.539007000609246,-176.397734763833,-0.030316074190449682
38.80336532412358,-6.922416574418713,-25.54037831995375,-176.4358481697153,-0.030317457588867766
38.825313861965896,-6.9443231125816505,-25.541735485798867,-176.47397474434115,-0.030318405882906286
38.84726914001649,-6.966237276737565,-25.543078483798347,-176.5121143409626,-0.030319546156015155
38.86923116129651,-6.9881590610476065,-25.54440729957485,-176.55026705441153,-0.030320635552779772
38.89119992882611,-7.010088459652612,-25.545721918756396,-176.58843276356924,-0.030321573672543158
38.913175445632234,-7.032025466679472,-25.54702232699981,-176.62661150984013,-0.03032271923911327
38.935157714716475,-7.053970076214708,-25.548308509894248,-176.66480346182837,-0.030323915532338524
38.95714673907869,-7.0759222823237895,-25.54958045303235,-176.70300831178574,-0.03032456284990175
38.97914252175174,-7.097882079080002,-25.550838142113985,-176.7412261874809,-0.030325952412800394
39.00114506571124,-7.11984946048962,-25.552081562676047,-176.77945722947467,-0.030326813273488355
39.02315437396311,-7.141824420564494,-25.553310700354803,-176.817701152833,-0.030327741266336045
39.04517044950841,-7.163806953292929,-25.55452554078047,-176.8559581570475,-0.030328909054747992
39.06719329532706,-7.1857970526259605,-25.55572606952864,-176.89422811228218,-0.030329621759304724
39.08922291442271,-7.2077947125149855,-25.556912272254344,-176.9325110659688,-0.030330855278304317
39.111259309762254,-7.229799926860931,-25.558084134511468,-176.970807042955,-0.03033159797866867
39.133302484336866,-7.251812689565578,-25.5592416419351,-177.00911596849443,-0.03033270368583121
39.15535244111702,-7.273832994493677,-25.560384780107054,-177.0474378215247,-0.03033340373373929
39.17740918308845,-7.295860835503313,-25.561513534663415,-177.08577267340044,-0.03033461304244154
39.19947271320022,-7.3178962064018735,-25.562627891139627,-177.1241205354776,-0.030335321773026613
39.221543034433786,-7.33993910100464,-25.56372783517642,-177.16248117622104,-0.030336155507827502
39.24362014975655,-7.36198951309541,-25.564813352381165,-177.20085487994152,-0.030337304664234593
39.26570406210809,-7.384047436414558,-25.565884428287454,-177.2392414840591,-0.030337872123054097
39.287794774465404,-7.406112864714881,-25.566941048548813,-177.2776409230201,-0.03033890846146797
39.309892289768,-7.428185791697438,-25.56798319871609,-177.31605341174088,-0.03033980635677825
39.33199661095793,-7.450266211045785,-25.569010864356606,-177.3544787399763,-0.030340501414095163
39.35410774099729,-7.472354116441177,-25.57002403110593,-177.39291680808128,-0.030341232891141497
39.37622568283348,-7.494449501532593,-25.57102268456473,-177.43136789346858,-0.030342356797010958
39.39835043937598,-7.516552359916511,-25.572006810230288,-177.46983197006034,-0.030343038007970845
39.42048201357077,-7.538662685201355,-25.572976393716957,-177.50830868490888,-0.030343596043972767
39.44262040836865,-7.560780470980239,-25.573931420662152,-177.54679832786957,-0.03034472543063316
39.4647656266711,-7.582905710783591,-25.574871876566196,-177.58530089174647,-0.030345263132854794
39.48691767141764,-7.605038398155399,-25.575797747051002,-177.62381616075612,-0.03034604341304559
39.50907654552696,-7.6271785266017975,-25.576709017685666,-177.6623444053114,-0.030346998287165576
39.531242251900224,-7.649326089593819,-25.577605673996718,-177.7008854171834,-0.03034744163472179
39.553414793475284,-7.671481080615158,-25.578487701627953,-177.73943911494473,-0.03034825941245799
39.57559417315652,-7.693643493100363,-25.57935508613312,-177.77800575242296,-0.030349093516241196
39.59778039383588,-7.715813320453278,-25.580207813038726,-177.81658522226238,-0.03034973345594398
39.61997345842537,-7.737990556075799,-25.581045867939256,-177.85517731750932,-0.03035023317722609
39.64217336983774,-7.760175193350914,-25.581869236440472,-177.89378229666926,-0.030351270917483353
39.66438013094184,-7.782367225602765,-25.58267790402794,-177.9324000961369,-0.030351661868090584
39.68659374465159,-7.8045666461760455,-25.583471856329165,-177.97103047633303,-0.030352314288093117
39.70881421385792,-7.826773448375249,-25.584251078912903,-178.00967375387424,-0.030353194076896906
39.731041541427174,-7.848987625463086,-25.58501555728493,-178.0483297646405,-0.03035357998328768
39.753275730259546,-7.871209170712977,-25.58576527705969,-178.08699843126183,-0.03035432960533201
39.77551678322679,-7.893438077353079,-25.586500223777165,-178.1256798982298,-0.030354933747315287
39.79776470320407,-7.915674338594881,-25.587220382996698,-178.1643740194934,-0.030355445536591242
39.82001949307167,-7.937917947634861,-25.587925740301774,-178.20308083573119,-0.03035610493672426
39.84228115569035,-7.960168897632049,-25.588616281227917,-178.24180044639306,-0.030356764140049234
39.86454969391771,-7.982427181722859,-25.589291991310795,-178.28053271303514,-0.030357197920219778
39.8868251106276,-8.004692793038807,-25.58995285614281,-178.3192775902904,-0.03035777752346033
39.909107408678985,-8.02696572467815,-25.590598861282214,-178.3580351609287,-0.030358332551880148
39.93139659092253,-8.049245969711805,-25.59122999227215,-178.39680545173024,-0.03035894562895132
39.95369266020295,-8.071533521185474,-25.591846234647907,-178.43558838470219,-0.030359370084018775
39.975995619376256,-8.093828372135535,-25.592447573987105,-178.47438391855664,-0.030359910124660165
39.998305471286024,-8.11613051556718,-25.593033995840432,-178.51319211618696,-0.03036042464952661
40.020622218771905,-8.138439944462258,-25.593605485756523,-178.5520129267146,-0.0303608767309352
40.042945864674714,-8.16075665178394,-25.59416202929679,-178.59084634725554,-0.030361378421665353
40.06527641182574,-8.183080630466852,-25.594703612004487,-178.62969242016743,-0.03036188842735814
40.087613863052816,-8.205411873422625,-25.595230219422074,-178.668551063008,-0.03036225297338305
40.10995822118939,-8.227750373548385,-25.595741837118037,-178.7074223104156,-0.0303628088506295
40.132309489052304,-8.250096123706022,-25.596238450622035,-178.7463061442821,-0.030363136894809076
40.15466766946975,-8.27244911674827,-25.59672004550613,-178.7852025160154,-0.030363608679881585
40.177032765255035,-8.294809345494174,-25.597186607308828,-178.8241115118434,-0.03036406317199224
40.19940477921814,-8.31717680273989,-25.597638121568462,-178.863033034691,-0.03036437529248449
40.22178371417681,-8.339551481269094,-25.598074573855556,-178.90196708455628,-0.030364821661135213
40.24416957293425,-8.361933373832034,-25.598495949708006,-178.9409137046275,-0.030365193052001895
40.26656235829267,-8.384322473158216,-25.59890223467053,-178.9798728623831,-0.030365580619538552
40.2889620730531,-8.40671877195625,-25.59929341429407,-179.01884448887284,-0.030365836498017006
40.311368720017654,-8.429122262916028,-25.599669474142335,-179.0578286918402,-0.030366383922739007
40.3337823019657,-8.451532938686002,-25.60003039972292,-179.0968253845718,-0.03036649672701207
40.356202821703945,-8.473950791920915,-25.600376176632263,-179.13583450188872,-0.030366934663108688
40.378630282010604,-8.496375815228534,-25.600706790394124,-179.17485621351403,-0.030367303763910378
40.40106468566296,-8.518808001195916,-25.60102222653932,-179.21389035241467,-0.030367473788363287
40.423506035452874,-8.541247342404313,-25.601322470650615,-179.25293691379548,-0.030367827541052658
40.44595433415139,-8.563693831395216,-25.601607508260443,-179.29199601865346,-0.030368177891676045
40.4684095845263,-8.586147460687158,-25.601877324901647,-179.33106751611058,-0.030368289182963446
40.49087178935987,-8.608608222792858,-25.60213190615875,-179.37015143977857,-0.03036868395784027
40.513340951406946,-8.631076110178729,-25.602371237546933,-179.40924788929274,-0.03036894227596745
40.535817073430074,-8.65355111529882,-25.602595304613725,-179.44835666369735,-0.03036901708627927
40.55830015820181,-8.676033230597115,-25.60280409294511,-179.48747787717207,-0.030369444980192856
40.580790208463206,-8.69852244846715,-25.60299758804649,-179.52661154505626,-0.030369535884540343
40.603287226973414,-8.721018761300261,-25.603175775485283,-179.56575758406103,-0.03036982677600897
40.62579121647971,-8.7435221614564,-25.603338640804747,-179.60491597451582,-0.03036987951723182
40.64830217973957,-8.76603264128569,-25.603486169587306,-179.64408671575146,-0.030370161717828217
40.67082011948664,-8.788550193095118,-25.603618347357056,-179.68326992818882,-0.030370393550432025
40.69334503845208,-8.81107480916931,-25.603735159641065,-179.72246550514333,-0.03037050273990133
40.71587693938072,-8.833606481786571,-25.603836592015597,-179.7616733085866,-0.030370513127262907
40.73841582501525,-8.856145203203306,-25.603922630060858,-179.80089354618065,-0.030370936462977303
40.76096169806291,-8.87869096562103,-25.603993259265646,-179.84012614549198,-0.030370827143005936
40.783514561269044,-8.901243761259162,-25.604048465237902,-179.8793709321032,-0.03037097293238216
40.806074417355596,-8.923803582294115,-25.604088233528785,-179.91862815615949,-0.030371243307771693
40.82864126902628,-8.946370420864305,-25.604112549647404,-179.95789769968502,-0.030371199075610655
40.85121511900755,-8.968944269110956,-25.604121399178247,-179.99717948676036,-0.030371344578123627
40.87379597001283,-8.991525119142471,-25.60411476767865,179.9635264716631,-0.030371309913125175
40.896383824757926,-9.014112963049833,-25.604092640722868,179.924220108427,-0.030371551828229423
40.91897868593212,-9.036707792877575,-25.604055003819926,179.8849013778536,-0.03037158037208767
40.94158055624335,-9.059309600669089,-25.604001842542306,179.84557055819334,-0.03037138510857034
40.964189438410436,-9.081918378458916,-25.603933142503603,179.80622741953997,-0.030371761411126172
40.986805335104044,-9.10453411821324,-25.603848889190665,179.76687199253968,-0.03037151156119926
41.009428249035395,-9.1271568119193,-25.60374906821616,179.72750441770987,-0.030371663690700528
41.03205818288423,-9.149786451512686,-25.603633665113502,179.6881244968572,-0.030371712421121896
41.05469513933223,-9.172423028911053,-25.60350266543205,179.64873243983726,-0.030371533628886383
41.07733912107739,-9.19506653602879,-25.603356054777876,179.6093281972532,-0.03037165134978752
41.09999013078964,-9.217716964731922,-25.603193818687714,179.56991169928693,-0.03037157302935919
41.12264817114755,-9.24037430687538,-25.603015942733354,179.53048305163256,-0.030371520714515626
41.145313244825914,-9.263038554290393,-25.6028224124862,179.49104220263467,-0.030371514861236213
41.167985354488906,-9.285709698777474,-25.602613213498184,179.4515891390703,-0.03037147580322506
41.190664502805774,-9.308387732122455,-25.602388331346102,179.41212404296172,-0.030371182669011378
41.21335069245408,-9.331072646099903,-25.60214775164064,179.37264668226962,-0.030371493680370003
41.23604392606602,-9.353764432417796,-25.601891459874803,179.33315720139194,-0.03037097137744289
41.25874420632821,-9.37646308282036,-25.60161944170603,179.29365564506554,-0.030371206538281414
41.28145153587069,-9.399168588973536,-25.601331682642382,179.25414183914833,-0.030370945076345135
41.3041659173517,-9.421880942552553,-25.60102816828231,179.2146160206305,-0.03037080894742761
41.32688735342381,-9.4446001352069,-25.600708884218772,179.17507809487347,-0.03037068603301955
41.3496158467271,-9.467326158553274,-25.6003738160202,179.13552800800235,-0.030370625750807227
41.372351399896274,-9.490059004182852,-25.60002294925047,179.09596588151535,-0.030370309371137393
41.39509401558179,-9.512798663683395,-25.59965626952866,179.0563917002372,-0.03037026553592553
41.417843696404574,-9.53554512859195,-25.599273762401218,179.0168053023684,-0.030370190643718556
41.44060044499195,-9.558298390432334,-25.598875413443523,178.9772070489751,-0.030369586029777997
41.46336426400211,-9.58105844074093,-25.598461208328448,178.93759664893642,-0.03036995087881822
41.4861351560153,-9.603825270952354,-25.598031132520408,178.89797409236553,-0.030369354687208285
41.50891312368268,-9.626598872555913,-25.59758517169415,178.85833975326275,-0.030369139465375228
41.5316981696246,-9.64937923698866,-25.597123311448367,178.8186931952532,-0.03036920531737778
41.5544902964267,-9.672166355631038,-25.59664553729545,178.77903458422566,-0.03036872923575032
41.57728950672307,-9.694960219894858,-25.596151834894506,178.73936417990552,-0.030368390674388655
41.60009580312999,-9.717760821153258,-25.595642189865497,178.69968162249538,-0.03036845882572468
41.62290918822349,-9.740568150716712,-25.595116587726597,178.65998704738823,-0.030367906410428025
41.6457296646294,-9.763382199928763,-25.594575014146415,178.6202806686715,-0.030367640402051276
41.66855723494371,-9.786202960081347,-25.594017454720856,178.58056211125043,-0.030367655161730626
41.69139190173603,-9.80903042241827,-25.593443894983107,178.5408316578183,-0.03036695033090265
41.71423366763544,-9.83186457822709,-25.592854320643735,178.50108944855108,-0.030366744313287206
41.7370825352211,-9.854705418722093,-25.59224871728447,178.46133503336483,-0.030366720793668013
41.759938507048744,-9.877552935072412,-25.591627070433,178.42156870684192,-0.030366058229018722
41.78280158573197,-9.900407118489529,-25.59098936578963,178.38179066475112,-0.0303657292999433
41.8056717738527,-9.923267960131012,-25.59033558897706,178.3420005741492,-0.030365568663990986
41.82854907396505,-9.946135451104483,-25.589665725551757,178.30219850065768,-0.030365133132582104
41.85143348864738,-9.96900958252386,-25.588979761148938,178.26238463153513,-0.030364680390965557
41.874325020480136,-9.991890345485473,-25.58827768142079,178.22255890053106,-0.030364339589522008
41.89722367202594,-10.01477773104644,-25.587559471980843,178.18272124141606,-0.030363981504724743
41.92012944584351,-10.037671730239751,-25.586825118443162,178.14287171607094,-0.03036354005267804
41.94304234449603,-10.060572334083359,-25.586074606445425,178.1030103463635,-0.03036314235713427
41.96596237053947,-10.08347953356748,-25.585307921616483,178.06313711444162,-0.03036272184324717
41.9888895265254,-10.106393319657602,-25.584525049584173,178.0232520138513,-0.030362327724424702
42.011823815002366,-10.129313683296054,-25.583725975979362,177.98335512181222,-0.030361783438862543
42.03476523852746,-10.152240615414643,-25.582910686467894,177.94344644214848,-0.030361377316548917
42.0577137996416,-10.17517410690754,-25.58207916668192,177.9035259093107,-0.03036092660464641
42.08066950088011,-10.198114148642883,-25.581231402249642,177.86359351255453,-0.030360530646643697
42.10363234477674,-10.221060731467139,-25.5803673788063,177.82364940000593,-0.030359848590067427
42.12660233388386,-10.24401384622749,-25.57948708204992,177.78369353561635,-0.03035950133705792
42.14957947072045,-10.266973483714333,-25.57859049759767,177.74372579353314,-0.0303590044580666
42.17256375781314,-10.28993963470661,-25.577677611099254,177.7037463608729,-0.03035836687840961
42.19555519769754,-10.31291228997338,-25.576748408240753,177.6637551523003,-0.03035799356892362
42.21855379288245,-10.335891440233997,-25.575802874645657,177.62375213667715,-0.030357397255395217
42.241559545891015,-10.358877076203878,-25.5748409959885,177.58373744925515,-0.030356812673206706
42.26457245924416,-10.381869188576127,-25.573862757949357,177.54371102235052,-0.0303563131079929
42.28759253545202,-10.404867768011906,-25.572868146189972,177.50367290637328,-0.030355646140616314
42.31061977702873,-10.427872805156971,-25.571857146394716,177.4636230114637,-0.030355276889576864
42.333654186464344,-10.4508842906102,-25.570829744193293,177.42356141454437,-0.030354487434682883
42.3566957662794,-10.473902214984795,-25.56978592531099,177.38348821873396,-0.03035395604509309
42.37974451897032,-10.496926568846998,-25.568725675418232,177.34340325386955,-0.030353418543029018
42.40280044702698,-10.519957342735784,-25.56764898017923,177.30330664327394,-0.030352694552427863
42.42586355294993,-10.542994527182262,-25.566555825299208,177.2631983368691,-0.030352227047891735
42.448933839221205,-10.566038112676779,-25.56544619644426,177.22307843447325,-0.03035134623748156
42.47201130834479,-10.589088089714634,-25.56432007935248,177.18294684414596,-0.0303510120531673
42.495095962782,-10.612144448722855,-25.56317745965657,177.14280358793624,-0.03035009218626278
42.518187805035915,-10.63520718015604,-25.562018323115666,177.1026488360354,-0.03034949493433045
42.5412868375818,-10.658276274417313,-25.560842655424374,177.06248236192963,-0.030348911808490617
42.56439306288044,-10.681351721873368,-25.559650442249442,177.02230420607282,-0.03034824771329944
42.587506483405065,-10.704433512885203,-25.558441669303757,176.9821145772581,-0.03034734354323128
42.61062710164519,-10.727521637812629,-25.557216322356442,176.9419133815547,-0.030346815701834173
42.63375492005093,-10.750616086950457,-25.555974387080745,176.90170048945188,-0.03034610146275402
42.656889941081765,-10.773716850584341,-25.554715849187552,176.86147607464295,-0.030345305870350822
42.68003216720544,-10.796823918989572,-25.553440694422285,176.82124012284962,-0.03034460763620257
42.703181600876086,-10.819937282405908,-25.552148908505057,176.7809925902532,-0.03034387261326791
42.72633824454415,-10.843056931048993,-25.550840477157983,176.74073349173185,-0.030343146421902698
42.749502100660564,-10.866182855115156,-25.54951538611658,176.70046293014695,-0.030342250881410498
42.77267317168442,-10.88931504479033,-25.54817362115045,176.66018084072402,-0.030341616840375004
42.795851460046045,-10.91245349020726,-25.54681516796305,176.61988713708092,-0.030340845981322678
42.81903696818463,-10.935598181489071,-25.54544001229401,176.57958200208637,-0.030339931115769273
42.84222969855063,-10.95874910875215,-25.544048139925735,176.53926538943392,-0.030339224589425492
42.8654296535696,-10.981906262064049,-25.54263953658506,176.49893720344775,-0.030338448343064275
42.88863683567132,-11.005069631477358,-25.541214188022398,176.4585976288658,-0.030337458517561512
42.91185124730011,-11.028239207041832,-25.5397720800399,176.4182465919854,-0.030336787805929275
42.93507289086716,-11.0514149787486,-25.538313198361788,176.37788400171354,-0.030335929644975744
42.95830176879484,-11.074596936582033,-25.536837528755107,176.3375100266208,-0.030335000243126374
42.98153788351164,-11.097785070513838,-25.53534505701562,176.29712462283248,-0.030334202765676055
43.00478123742853,-11.12097937047528,-25.53383576890382,176.25672774358506,-0.03033333837519185
43.02803183295898,-11.144179826380718,-25.53230965019931,176.21631949252938,-0.030332380022109223
43.05128967251929,-11.16738642812802,-25.530766686701657,176.17589979320522,-0.030331625219781017
43.07455475850495,-11.190599165570621,-25.52920686416653,176.13546866058977,-0.030330639215981198
43.09782709332811,-11.213818028561786,-25.52763016840689,176.0950262066532,-0.030329711264191157
43.121106679396,-11.237043006929193,-25.526036585234902,176.05457239060775,-0.030328781339218642
43.14439351910281,-11.26027409046517,-25.524426100439783,176.01410707619286,-0.030328052560480687
43.16768761482709,-11.283511268923567,-25.522798699781003,175.9736304416941,-0.03032685031121391
43.19098896898443,-11.306754532082554,-25.521154369130596,175.93314253029166,-0.0303260517613346
43.21429758395531,-11.330003869658603,-25.519493094278086,175.89264321040352,-0.030325041618897982
43.23761346212618,-11.35325927135549,-25.517814861041842,175.85213254849916,-0.030324138475424964
43.26093660587639,-11.37652072684865,-25.516119655233457,175.81161056795844,-0.03032308834606137
43.28426701759195,-11.399788225801677,-25.514407462695097,175.77107727899883,-0.030322164929739843
43.30760469964623,-11.423061757843188,-25.51267826924748,175.73053267572223,-0.030321118684344086
43.33094965441773,-11.446341312588153,-25.510932060737684,175.68997679731115,-0.030320131728571932
43.35430188427277,-11.469626879617048,-25.50916882299264,175.64940952815843,-0.030319253413012837
43.377661391571394,-11.49291844848294,-25.50738854183514,175.6088310947607,-0.030317923034185398
43.40102817870415,-11.516216008755965,-25.50559120318251,175.56824137961848,-0.03031721541825496
43.42440224800729,-11.539519549920787,-25.503776792818954,175.52764031995903,-0.0303159739928736
43.44778360185179,-11.56282906148428,-25.501945296634677,175.4870280643749,-0.030315039605133993
43.47117224258783,-11.586144532908317,-25.500096700476867,175.44640454476635,-0.03031389507904131
43.49456817257531,-11.609465953646742,-25.49823099023133,175.40576983635341,-0.030312843643162928
43.517971394163396,-11.632793313120594,-25.496348151768107,175.36512386416757,-0.030311806217311353
43.541381909695914,-11.65612660072458,-25.494448170955593,175.32446670453393,-0.03031063620760178
43.56479972152175,-11.679465805839792,-25.492531033688635,175.28379829868553,-0.03030968167445468
43.588224831970834,-11.702810917804351,-25.490596725824307,175.2431187021584,-0.03030842420278009
43.61165724339361,-11.726161925961694,-25.488645233287293,175.20242796022103,-0.030307397532099947
43.63509695811905,-11.749518819609168,-25.486676541957824,175.16172599380573,-0.030306253209088477
43.65854397848032,-11.772881588029465,-25.484690637740286,175.1210129009468,-0.03030507591157018
43.68199830680878,-11.796250220483305,-25.482687506547197,175.08028859429098,-0.030304057016376267
43.705459945420934,-11.819624706193293,-25.48066713426445,175.03955316492707,-0.030302739579622377
43.72892889665621,-11.843005034390545,-25.478629506851917,174.99880667484032,-0.030301623904831498
43.75240516283023,-11.866391194257071,-25.47657461021926,174.95804894453588,-0.03030056889518514
43.77588874624648,-11.88978317494,-25.474502430256653,174.9172800793799,-0.030299292009581792
43.79937964923184,-11.913180965595707,-25.472412952929847,174.87650024111403,-0.03029799210810914
43.82287787410682,-11.93658455535295,-25.470306164200494,174.83570919750176,-0.03029705583120452
43.846383423153696,-11.95999393327316,-25.46818204994187,174.79490699063416,-0.030295688932817217
43.869896298694044,-11.983409088446917,-25.466040596144843,174.75409388244057,-0.030294359254821043
43.893416503039816,-12.006830009933093,-25.463881788787713,174.7132695564043,-0.030293457826894844
43.91694403846462,-12.030256686722943,-25.46170561376041,174.67243422561492,-0.030291807534045073
43.940478907297894,-12.053689107857732,-25.459512057113923,174.63158788074983,-0.03029091552659171
43.96402111180573,-12.077127262279742,-25.457301104744793,174.59073037063226,-0.030289485139812715
43.98757065428836,-12.100571138954258,-25.455072742653126,174.54986189643986,-0.030288290464207522
44.011127537034824,-12.12402072681279,-25.45282695682279,174.50898244099196,-0.030286881285011506
44.03469176233849,-12.147476014772577,-25.450563733262133,174.46809190703772,-0.03028582639782817
44.058263332459966,-12.170936991689874,-25.448283057906554,174.4271903048075,-0.030284397794924617
44.08184224969202,-12.19440364644174,-25.445984916789687,174.38627785405848,-0.030283013233573536
44.105428516317694,-12.217875967873244,-25.443669295932665,174.3453542877913,-0.030281975667665023
44.12902213458955,-12.241353944771207,-25.44133618128981,174.30441982236079,-0.030280266737790797
44.152623106808065,-12.264837565963404,-25.43898555895507,174.26347438223564,-0.03027933669310849
44.17623143520873,-12.288326820175497,-25.436617414864614,174.222517884841,-0.030277745766014663
44.19984712207379,-12.311821696172785,-25.43423173509129,174.18155054442306,-0.03027649476020368
44.223470169661674,-12.335322182670593,-25.431828505658686,174.14057221907368,-0.03027510950531419
44.247100580230835,-12.358828268364586,-25.429407712603954,174.0995829587292,-0.030273780589545135
44.270738356035764,-12.382339941925665,-25.426969341967375,174.0585827996894,-0.030272337645904826
44.29438349933241,-12.405857192006915,-25.42451337980663,174.01757166942235,-0.030271111757178493
44.318036012359464,-12.429380007219631,-25.422039812147695,173.97654967927713,-0.030269500416102664
44.34169589738515,-12.452908376193275,-25.419548625107584,173.9355168727942,-0.030268206253807422
44.36536315664215,-12.476442287492066,-25.417039804723757,173.8944730168868,-0.030266934789514262
44.38903779235709,-12.499981729652726,-25.41451333703147,173.85341834359656,-0.03026529440304911
44.41271980679073,-12.523526691236212,-25.411969208169218,173.81235288959266,-0.030263964925215703
44.436409202171696,-12.547077160742422,-25.409407404204682,173.7712764861406,-0.030262569326966637
44.46010598072642,-12.570633126648792,-25.406827911213913,173.73018925982026,-0.030261049401353643
44.483810144693244,-12.594194577428464,-25.40423071531771,173.68909123911615,-0.030259607958287322
44.50752169629545,-12.617761501515442,-25.401615802611218,173.64798229056345,-0.03025828068138263
44.531240637745064,-12.641333887309491,-25.398983159174144,173.6068625684541,-0.030256608251518533
44.55496697128646,-12.664911723232686,-25.396332771184344,173.5657321785357,-0.03025512154149333
44.57870069913422,-12.688494997648817,-25.3936646247557,173.52459076367236,-0.03025397069446955
44.6024418234723,-12.71208369886215,-25.390978705936302,173.48343861977597,-0.0302520449817093
44.626190346551304,-12.735677815244106,-25.388275000961873,173.44227580562924,-0.030250803915986436
44.64994627056206,-12.75927733506856,-25.38555349592603,173.40110209518346,-0.030249206749119406
44.67370959771648,-12.782882246617284,-25.382814176991527,173.3599177369827,-0.03024759672676138
44.697480330221865,-12.806492538146413,-25.380057030322927,173.31872245986727,-0.030246394130326083
44.72125847025531,-12.830108197852855,-25.37728204202035,173.27751658064795,-0.030244315239158992
44.745044020059936,-12.853729214000557,-25.37448919836945,173.23629998042702,-0.030243283471267087
44.768836981789114,-12.877355574716004,-25.37167848543678,173.1950725188509,-0.030241406955788253
44.792637357656034,-12.900987268184679,-25.368849889458318,173.15383445347004,-0.030239993641246295
44.81644514984378,-12.924624282532871,-25.366003396605986,173.11258565084643,-0.030238309273765827
44.84026036054684,-12.948266605882313,-25.363138993095333,173.07132618602262,-0.030236782324114506
44.864082991941906,-12.97191422631165,-25.36025666511001,173.0300559351904,-0.030235275843835275
44.887913046203565,-12.995567131877154,-25.3573563988424,172.98877509540588,-0.030233456614830782
44.91175052553031,-13.019225310647169,-25.35443818056084,172.94748359924228,-0.030232045366065916
44.93559543208042,-13.042888750617191,-25.351501996443893,172.90618136633202,-0.03023034032645471
44.95944776803178,-13.066557439789136,-25.348547832735083,172.86486854815257,-0.030228703819088987
44.983307535555994,-13.090231366137026,-25.34557567567591,172.8235450491867,-0.030227135098775084
45.00717473681379,-13.113910517600827,-25.342585511494057,172.78221092988784,-0.030225406699455875
45.03104937397952,-13.13759488211916,-25.339577326466834,172.74086626632362,-0.03022372331004075
45.054931449214266,-13.161284447593365,-25.336551106851296,172.6995108667837,-0.030222271773967992
45.078820964656494,-13.184979201875013,-25.33350683886099,172.65814488546178,-0.030220359623254072
45.10271792248573,-13.208679132851058,-25.330444508829288,172.61676842637704,-0.030218752727158522
45.12662232485032,-13.232384228347215,-25.327364103023832,172.5753812789524,-0.03021714483315615
45.15053417388917,-13.256094476156962,-25.32426560770237,172.53398355278767,-0.030215374538749753
45.17445347175966,-13.279809864079073,-25.321149009184598,172.49257536302784,-0.0302135952613462
45.19838022060966,-13.303530379880044,-25.318014293780212,172.45115648113838,-0.030212155160346265
45.22231442255762,-13.327256011267217,-25.314861447737975,172.4097271114188,-0.03021007458083321
45.246256079775534,-13.350986746000618,-25.31169045745847,172.36828730230738,-0.030208560568168168
45.27020519438176,-13.37472257174842,-25.308501309219196,172.32683681917928,-0.03020681885601172
45.294161768504395,-13.398463476172417,-25.305293989337404,172.28537586109846,-0.030205011452118943
45.318125804284314,-13.422209446932204,-25.302068484177497,172.2439044717684,-0.030203202893248668
45.342097303853485,-13.445960471655873,-25.298824780095696,172.20242251701433,-0.030201587749487058
45.36607626931952,-13.469716537918945,-25.295562863400594,172.16093000682736,-0.030199761468864994
45.3900627028133,-13.49347763330909,-25.29228272047502,172.11942717973386,-0.030197795983068695
45.41405660647127,-13.517243745402125,-25.28898433773053,172.07791379746175,-0.03019631332603209
45.438057982379206,-13.54101486168534,-25.285667701464078,172.03638986075035,-0.030194343663387815
45.46206683266875,-13.564790969689128,-25.282332798104477,171.99485567628065,-0.030192411908482975
45.48608315946225,-13.588572056911831,-25.278979614071595,171.95331089300421,-0.030190949570621108
45.51010696483409,-13.612358110766614,-25.27560813567759,171.91175565819137,-0.030188800730750448
45.53413825092207,-13.636149118734163,-25.272218349411396,171.87019019854483,-0.030187005972894823
45.558177019825266,-13.659945068222624,-25.268810241677794,171.8286141040798,-0.030185449653087986
45.582223273615575,-13.683745946583333,-25.265383798827443,171.78702767096675,-0.03018322184514545
45.60627701442745,-13.707551741234276,-25.261939007385024,171.74543097539822,-0.03018155195383485
45.63033824433963,-13.73136243949737,-25.258475853748372,171.70382371254107,-0.03017976359044626
45.65440696543063,-13.755178028674704,-25.25499432432974,171.66220610355091,-0.030177769899439467
45.67848317980772,-13.778998496088736,-25.25149440562943,171.62057828523115,-0.030175780264386245
45.702566889564324,-13.802823829023442,-25.24797608412751,171.57893994110555,-0.030174242502638365
45.72665809674913,-13.826654014681381,-25.24443934620547,171.53729122780942,-0.030172022976265825
45.75075680347543,-13.850489040335361,-25.240884178423975,171.4956323834331,-0.030170137390693547
45.77486301182329,-13.874328893192706,-25.23731056727411,171.45396306828076,-0.030168407103145254
45.79897672384522,-13.898173560403075,-25.23371849919247,171.4122833885288,-0.03016636493244754
45.8230979416223,-13.9220230291365,-25.23010796070316,171.37059344275494,-0.030164489132042453
45.84722666722518,-13.94587728652913,-25.226478938318937,171.32889324297085,-0.030162426844710148
45.87136290273273,-13.969736319709284,-25.222831418588456,171.2871827606225,-0.030160589594290316
45.89550665019641,-13.99360011574765,-25.219165388006285,171.24546188923026,-0.030158678553981043
45.91965791167511,-14.017468661705932,-25.21548083310102,171.2037308594935,-0.030156505056203275
45.94381668924707,-14.04134194465368,-25.211777740465347,171.16198953326074,-0.030154790981172495
45.96798298494588,-14.06521995157847,-25.208056096594447,171.1202379057354,-0.03015262175504558
45.992156800838586,-14.08910266949557,-25.204315888083293,171.07847607945345,-0.030150756878679835
46.016338138968045,-14.112990085366917,-25.200557101481113,171.0367039892281,-0.03014867916710175
46.040527001390096,-14.136882186153432,-25.19677972338516,170.99492173737656,-0.03014666396569617
46.06472339015077,-14.160778958782958,-25.192983740383326,170.95312920146287,-0.03014476033212439
46.08892730728516,-14.184680390148612,-25.189169139051412,170.9113265306094,-0.03014252743639456
46.11313875484704,-14.208586467150642,-25.18533590602763,170.86951356022243,-0.030140858562707356
46.137357734843825,-14.23249717660439,-25.181484027849,170.82769042779387,-0.030138424931375304
46.16158424934682,-14.256412505396494,-25.177613491228673,170.78585724452603,-0.030136593230344212
46.18581830037399,-14.280332440318706,-25.173724282761036,170.7440137901791,-0.03013447446466164
46.21005988995193,-14.304256968155784,-25.169816389077955,170.7021601358761,-0.03013253776831659
46.23430902009832,-14.328186075660515,-25.16588979680427,170.6602963724129,-0.03013028580934522
46.25856569285509,-14.352119749601032,-25.161944492641314,170.61842251836208,-0.030128319917720053
46.28282991023216,-14.376057976680608,-25.15798046322566,170.5765384195135,-0.030126287437294782
46.307101674247164,-14.400000743594326,-25.153997695228952,170.53464436767942,-0.03012389935107813
46.33138098694098,-14.423948037051275,-25.14999617539634,170.49274010042646,-0.030122241857574058
46.35566785028513,-14.447899843642139,-25.145975890315466,170.45082565257715,-0.030119801346800635
46.3799622663188,-14.471856150035272,-25.14193682675874,170.40890127452576,-0.03011778157401347
46.40426423704548,-14.495816942828707,-25.13787897142488,170.36696669830164,-0.03011572377478514
46.428573764461625,-14.51978220859119,-25.133802311011042,170.3250220873051,-0.03011346695965754
46.45289085058155,-14.543751933897966,-25.129706832274515,170.28306742134427,-0.030111435838207454
46.477215497395264,-14.567726105270165,-25.125592521927853,170.24110265237076,-0.03010924571224964
46.501547706903715,-14.591704709225477,-25.12145936672661,170.19912789556824,-0.03010704702156047
46.525887481108306,-14.615687732263144,-25.117307353443262,170.15714311259967,-0.030104909652414132
46.55023482199489,-14.639675160840824,-25.11313646882745,170.11514821139042,-0.030102840752223425
46.57458973154268,-14.663666981387403,-25.10894669962835,170.07314333448542,-0.0301004968020928
46.59895221175615,-14.687663180349222,-25.10473803267354,170.0311285145524,-0.030098378884450862
46.623322264613506,-14.711663744115489,-25.100510454741467,169.98910361597657,-0.030096227068975613
46.647699892090365,-14.735668659052495,-25.09626395262,169.94706875703784,-0.030093937559820958
46.672085096171855,-14.759677911521269,-25.09199851313661,169.9050238880472,-0.030091854731998477
46.696477878825846,-14.783691487838643,-25.087714123092006,169.86296909946344,-0.030089433635529576
46.72087824204289,-14.807709374335436,-25.083410769359038,169.82090433798285,-0.030087424951421683
46.74528618777417,-14.831731557265938,-25.07908843872912,169.7788295656539,-0.030085056071986954
46.76970171799811,-14.85575802290518,-25.07474711807722,169.73674491367237,-0.03008285766227867
46.794124834680176,-14.879788757490195,-25.070386794262365,169.694650322965,-0.030080571208042403
46.81855553978507,-14.90382374723783,-25.066007454157578,169.6525457925771,-0.03007837210975254
46.84299383526661,-14.927862978329983,-25.06160908462547,169.61043132107932,-0.030076085673609965
46.86743972308422,-14.951906436937696,-25.057191672558393,169.56830697101148,-0.03007379523809879
46.891893205194656,-14.975954109209116,-25.05275520485852,169.52617270428007,-0.030071561208548224
46.9163542835484,-15.000005981264115,-25.048299668428637,169.48402859723052,-0.03006915983995632
46.94082296010703,-15.024062039219922,-25.043825050215048,169.44187462730193,-0.030066956052600985
46.96529923680556,-15.04812226913566,-25.039331337115033,169.39971067157438,-0.030064728090405748
46.989783115580735,-15.072186657053908,-25.034818516046403,169.3575369302433,-0.03006223688012735
47.01427459839605,-15.09625518903787,-25.030286574009043,169.31535341742364,-0.030059986910074547
47.03877368718135,-15.120327851081997,-25.025735497936378,169.27315990017954,-0.03005782579720701
47.063280383858356,-15.14440462914974,-25.021165274758495,169.23095666315223,-0.030055168417062496
47.087794690392535,-15.168485509250445,-25.016575891528994,169.18874362623106,-0.030053119547464317
47.1123166086905,-15.192570477287184,-25.011967335173562,169.146520693567,-0.030050596854891053
47.13684614069217,-15.216659519193582,-25.00733959271607,169.1042880015975,-0.030048351912999833
47.16138328831719,-15.240752620854147,-25.002692651147083,169.06204549975195,-0.03004589941973716
47.18592805349654,-15.26484976815138,-24.998026497501435,169.01979323844702,-0.030043580964771943
47.21048043814794,-15.288950946929127,-24.993341118798117,168.97753118478724,-0.030041173507097882
47.23504044419112,-15.313056143015277,-24.988636502077338,168.93525936040743,-0.030038822539155352
47.25960807354053,-15.337165342210985,-24.98391263438322,168.89297780346743,-0.03003635913358396
47.28418332811568,-15.361278530306086,-24.979169502788576,168.85068648842926,-0.030034042734530173
47.30876620981719,-15.385395693043243,-24.974407094336943,168.80838537222115,-0.03003163881024101
47.33335672055519,-15.409516816160481,-24.969625396111585,168.76607462979987,-0.03002907232029149
47.35795486225235,-15.433641885395893,-24.964824395242992,168.72375416979082,-0.030026796452326168
47.38256063679502,-15.457770886414078,-24.960004078789783,168.68142388890539,-0.03002437489094863
47.40717404608337,-15.481903804881593,-24.955164433861057,168.63908402211564,-0.030021764064726796
47.431795092033354,-15.506040626469982,-24.95030544762096,168.59673443962785,-0.03001952496771999
47.456423776515564,-15.530181336763524,-24.94542710714006,168.55437502312242,-0.03001708028543206
47.481060101426294,-15.554325921366498,-24.940529399568454,168.51200616074973,-0.03001428951138536
47.505704068690825,-15.578474365908244,-24.93561231214299,168.46962759165743,-0.0300122128667202
47.5303556801587,-15.602626655884695,-24.93067583193373,168.42723924721906,-0.030009517781938312
47.555014937727684,-15.626782776846037,-24.925719946144635,168.3848413009461,-0.030007193861575597
47.5796818432745,-15.650942714291768,-24.920744641945493,168.34243378685184,-0.030004449189519194
47.60435639870161,-15.67510645374176,-24.915749906585273,168.30001663285688,-0.030002225753860242
47.62903860586117,-15.699273980620621,-24.910735727208063,168.25758978532525,-0.029999555513046068
47.65372846664108,-15.723445280388637,-24.905702091061514,168.2151534100076,-0.029997096184341106
47.678425982911804,-15.747620338460814,-24.90064898536801,168.1727073900581,-0.029994589724957447
47.70313115654155,-15.771799140229962,-24.89557639736146,168.13025180944524,-0.02999201029636351
47.727843989403574,-15.79598167107793,-24.89048431430507,168.08778665165553,-0.029989525767215988
47.752564483358654,-15.820167916348788,-24.8853727234489,168.04531191055406,-0.029986953624727454
47.77729264026838,-15.844357861369142,-24.88024161206207,168.00282755935183,-0.029984505529813882
47.80202846199001,-15.868551491440304,-24.875090967420437,167.96033379637396,-0.02998165212365851
47.826771950404726,-15.892748791881607,-24.86992077687441,167.9178303678916,-0.029979560699584504
47.851523107321334,-15.916949747882581,-24.864731027617502,167.87531733976525,-0.029976613092208258
47.87628193463074,-15.941154344740292,-24.859521707057898,167.8327950324445,-0.029974068420179596
47.90104843418425,-15.965362567672326,-24.854292802525705,167.79026303677642,-0.029971696405562104
47.925822607801805,-15.989574401829225,-24.849044301292793,167.74772149942171,-0.02996894373180396
47.950604457345385,-16.01378983240777,-24.843776190749512,167.70517059055967,-0.02996633068096018
47.97539398466234,-16.03800884456356,-24.83848845826804,167.66261013975767,-0.029963816853413174
48.000191191580505,-16.062231423403464,-24.83318109119132,167.6200401737507,-0.029961164925804574
48.0249960799425,-16.08645755403858,-24.827854076914907,167.57746081735814,-0.029958474194228684
48.04980865159089,-16.110687221561417,-24.82250740285159,167.53487196476897,-0.02995596998137289
48.07462890834385,-16.134920411008043,-24.817141056373128,167.4922736101711,-0.02995328625140569
48.09945685203581,-16.159157107421212,-24.81175502490767,167.44966588029033,-0.029950602655473047
48.12429248450217,-16.183397295826676,-24.806349295903,167.40704874057283,-0.0299479663869434
48.14913580756588,-16.207640961212256,-24.80092385679452,167.36442213666697,-0.029945358056845135
48.173986823040124,-16.231888088532074,-24.795478695011994,167.32178605834457,-0.029942735031790537
48.19884553274589,-16.256138662733843,-24.79001379802119,167.27914071253716,-0.029939834979281713
48.2237119385221,-16.280392668774855,-24.784529153348124,167.23648590301687,-0.02993748640220081
48.248586042152574,-16.30465009150775,-24.77902474840505,167.19382166913903,-0.02993453007524561
48.27346784547447,-16.32891091585014,-24.77350057074887,167.1511481637761,-0.029931965896086415
48.29835735028753,-16.35317512664261,-24.76795660786497,167.10846517697587,-0.029929303106328693
48.32325455839382,-16.377442708710877,-24.762392847261932,167.06577289517432,-0.02992647643987352
48.34815947161015,-16.401713646885376,-24.75680927650097,167.0230712433217,-0.02992391786934147
48.373072091727884,-16.425987925938145,-24.751205883100642,166.9803602851751,-0.029921000896891103
48.39799242056284,-16.450265530661227,-24.74558265465501,166.9376399675128,-0.029918515901973454
48.4229204598945,-16.4745464457711,-24.7399395786899,166.89491036738383,-0.029915490107995803
48.44785621154183,-16.498830656028055,-24.734276642842328,166.85217143376772,-0.02991307557840415
48.47279967726679,-16.523118146083984,-24.72859383463199,166.8094231165732,-0.029910119022037572
48.49775085888082,-16.547408900650613,-24.722891141713713,166.76666567498248,-0.02990734087606605
48.522709758176596,-16.571702904391643,-24.717168551715517,166.72389883206972,-0.02990477086758495
48.54767637691812,-16.596000141906995,-24.711426052215558,166.68112271009682,-0.02990182086441547
48.572650716906395,-16.620300597836895,-24.70566363089731,166.63833739528448,-0.029899129445248977
48.59763277991553,-16.64460425676059,-24.699881275398642,166.59554275146576,-0.029896368944451652
48.622622567720505,-16.668911103240337,-24.69407897337723,166.55273890373036,-0.02989350191861264
48.64762008210665,-16.693221121836608,-24.688256712533324,166.50992583859653,-0.0298907594521139
48.67262532484163,-16.71753429706343,-24.682414480543297,166.4671034958665,-0.029887975701415444
48.69763829769099,-16.741850613413146,-24.67655226509661,166.42427191113313,-0.029885182759426258
48.72265900242613,-16.766170055369162,-24.67067005391453,166.38143121550695,-0.029882215309863996
48.74768744082902,-16.790492607413587,-24.664767834761214,166.33858129358686,-0.029879582619195526
48.77272361464158,-16.814818253946164,-24.65884559532458,166.29572208006644,-0.029876705525069092
48.79776752562795,-16.83914697938397,-24.652903323363024,166.25285376946758,-0.02987380090155719
48.8228191755579,-16.8634787681349,-24.646941006666214,166.20997630248624,-0.029871005791341085
48.84787856618151,-16.887813604557053,-24.64095863299571,166.16708960807358,-0.029868199484162406
48.87294569924809,-16.912151472989095,-24.634956190129472,166.124193799717,-0.0298652456308632
48.89802057652094,-16.936492357773957,-24.628933665896355,166.08128887868324,-0.029862436917285264
48.923103199740225,-16.96083624319921,-24.62289104808927,166.03837470262138,-0.029859680583728922
48.94819357064246,-16.98518311352834,-24.61682832451087,165.9954514949025,-0.02985656041159486
48.97329169099865,-17.009532953062322,-24.61074548306273,165.95251920926935,-0.02985386782770337
48.998397562533945,-17.033885746009975,-24.60464251155734,165.9095777422697,-0.02985089097886096
49.02351118698982,-17.05824147658837,-24.598519397863864,165.86662715888622,-0.029848107432389217
49.0486325660932,-17.082600128972874,-24.592376129835642,165.8236674777848,-0.029845104099126402
49.07376170159317,-17.1069616873567,-24.586212695396355,165.78069884054,-0.029842123309980217
49.09889859523036,-17.13132613590122,-24.58002908246791,165.73772105264928,-0.02983938963497827
49.12404324870918,-17.155693458691,-24.573825278906515,165.6947340796554,-0.02983645616170702
49.149195663760075,-17.180063639834774,-24.567601272647487,165.65173821270204,-0.029833317828138632
49.17435584213393,-17.204436663456466,-24.561357051692024,165.60873330683742,-0.02983058505152495
49.19952378553315,-17.228812513583105,-24.555092603947003,165.56571928240734,-0.029827556780718457
49.224699495680845,-17.253191174257363,-24.548807917386,165.52269624015594,-0.029824683791484882
49.249882974291125,-17.27757262948925,-24.54250297998027,165.47966421139,-0.02982161170669425
49.275074223091686,-17.301956863292908,-24.536177779751014,165.43662319370458,-0.029818741626356924
49.30027324378445,-17.32634385962246,-24.529832304678422,165.39357308619282,-0.02981580895821581
49.325480038078844,-17.35073360242619,-24.523466542778404,165.350514104021,-0.029812640448220674
49.35069460770114,-17.375126075662145,-24.51708048212483,165.30744606927937,-0.029809953755184283
49.375916954327984,-17.399521263188955,-24.510674110695057,165.26436902630607,-0.029806723530151975
49.40114707968768,-17.423919148932125,-24.504247416604844,165.22128315183426,-0.029803791885900432
49.426384985478315,-17.448319716749605,-24.4978003879186,165.17818822334908,-0.029800869209814295
49.4516306733868,-17.472722950463062,-24.49133301269373,165.13508434536,-0.029797792688775485
49.47688414511701,-17.497128833904117,-24.484845279045526,165.0919715671781,-0.029794801529337455
49.50214540236441,-17.52153735087274,-24.47833717508878,165.0488498822591,-0.02979173379117771
49.527414446823244,-17.54594848514892,-24.471808688953942,165.0057192320604,-0.029788823241252024
49.55269128017082,-17.5703622204669,-24.465259808751597,164.9625796693834,-0.029785682316097968
49.577975904106516,-17.594778540579497,-24.45869052266185,164.9194312747456,-0.029782660332797115
49.60326832031189,-17.619197429192223,-24.452100818842613,164.87627388804003,-0.029779740211250502
49.628568530458615,-17.643618869976393,-24.445490685448068,164.8331077093193,-0.029776441941319925
49.653876536251566,-17.668042846640567,-24.43886011072757,164.78993265783924,-0.029773633006372428
49.67919233934361,-17.692469342789202,-24.432209082829882,164.74674865621728,-0.029770441308801833
49.704515941421036,-17.716898342064468,-24.42553758999956,164.70355589861785,-0.02976736446390611
49.729847344159225,-17.74132982807268,-24.418845620475196,164.66035423103125,-0.029764384913992387
49.75518654921969,-17.765763784379217,-24.41213316248231,164.61714376649283,-0.029761152180404305
49.78053355828284,-17.790200194563337,-24.405400204309174,164.5739244363926,-0.029758266995205895
49.805888372997956,-17.814639042134488,-24.3986467341914,164.53069632041212,-0.029754924456986423
49.831250995051356,-17.839080310646377,-24.391872740468845,164.48745941203447,-0.029752048117832736
49.85662142608303,-17.863523983557535,-24.385078211394276,164.44421363020885,-0.02974881707681607
49.88199966776235,-17.88797004435794,-24.378263135306874,164.40095913775426,-0.029745716632659555
49.90738572174737,-17.91241847650094,-24.37142750053904,164.3576958267892,-0.029742633942668906
49.932779589688074,-17.93686926340874,-24.364571295424017,164.3144237556132,-0.029739453299150252
49.95818127324158,-17.96132238849783,-24.35769450833049,164.2711429196092,-0.029736376927176966
49.98359077405313,-17.98577783514713,-24.35079712761927,164.2278533307094,-0.029733179890282832
50.00900809377318,-18.01023558672673,-24.343879141682446,164.18455496419662,-0.029730137460881368
50.034433234035696,-18.034695626561305,-24.33694053889374,164.14124784216347,-0.029726910109379556
50.05986619649509,-18.059157937992417,-24.329981307692776,164.0979321082551,-0.029723670516336835
50.085306982800354,-18.08362250433491,-24.323001436526095,164.05460757153767,-0.02972070526376048
50.110755594566676,-18.108089308829044,-24.316000913782823,164.01127428655823,-0.029717390893857203
50.13621203344625,-18.13255833475997,-24.308979727955546,163.9679324199681,-0.02971419712768942
50.16167630107543,-18.15702956536859,-24.30193786752024,163.92458176545773,-0.029711165750660063
50.187148399070686,-18.181502983844588,-24.294875320927225,163.88122247886295,-0.02970775848507567
50.21262832908047,-18.205978573414363,-24.287792076718866,163.83785449582743,-0.029704815387568022
50.23811609270565,-18.230456317206077,-24.28068812334905,163.7944777750829,-0.02970146481208448
50.26361169158627,-18.254936198396923,-24.273563449380124,163.75109253181728,-0.029698227142521873
50.289115127352574,-18.279418200130007,-24.26641804337155,163.7076986070248,-0.0296950944501274
50.31462640161121,-18.303902305490833,-24.25925189384903,163.66429595984806,-0.029691912858755432
50.340145515976204,-18.328388497560038,-24.25206498937465,163.6208847597904,-0.029688548432718287
50.36567247208234,-18.352876759436185,-24.244857318576834,163.57746500654147,-0.029685367484213
50.3912072715343,-18.37736707414915,-24.237628870035696,163.5340364996736,-0.029682277336349924
50.41674991592301,-18.401859424687853,-24.230379632320076,163.4905993952893,-0.029678883211938623
50.44230040687723,-18.426353794088527,-24.223109594103878,163.4471538342064,-0.029675600879767287
50.46785874600875,-18.450850165341,-24.215818744042117,163.40369960185532,-0.029672500162883957
50.49342493490237,-18.475348521371576,-24.20850707074912,163.36023676782972,-0.029669123051970874
50.5189989751711,-18.499848845137517,-24.201174562922287,163.3167654255084,-0.02966589511441273
50.544580868413675,-18.524351119554318,-24.1938212092467,163.27328551323853,-0.029662602475710422
50.57017061622844,-18.54885532751949,-24.18644699842636,163.22979705768182,-0.029659338466111688
50.5957682202059,-18.57336145189978,-24.179051919167517,163.18630000181616,-0.029656123924749585
50.62137368193236,-18.59786947553741,-24.171635960186883,163.1427944675047,-0.029652694086626224
50.64698700301635,-18.622379381295648,-24.164199110270825,163.09928047798923,-0.029649448223225742
50.67260818503644,-18.646891151968855,-24.15674135815838,163.05575781413145,-0.029646317383893655
50.69823722956146,-18.671404770317352,-24.149262692586937,163.0122267591437,-0.029642686069554343
50.72387413821081,-18.695920219171605,-24.141763102426825,162.96868725720213,-0.029639631641645053
50.74951891253901,-18.72043748123272,-24.13424257642322,162.925139127204,-0.029636247344243655
50.775171554129386,-18.744956539234426,-24.126701103405747,162.88158264290638,-0.029632820694094286
50.800832064568574,-18.769477375899054,-24.119138672231426,162.83801759299482,-0.029629724364870214
50.82650044540995,-18.793999973874083,-24.11155527170311,162.79444415160222,-0.029626061323488044
50.8521766982572,-18.818524315877195,-24.103950890755872,162.75086226751736,-0.029623035058746895
50.87786082465127,-18.843050384499964,-24.096325518205123,162.70727188489371,-0.029619448462963115
50.903552826181404,-18.867578162400786,-24.088679142993797,162.6636731541499,-0.02961621821997561
50.9292527044006,-18.892107632157963,-24.0810117540045,162.62006587570693,-0.029612903299032326
50.954960460867824,-18.916638776343017,-24.073323340153106,162.57645029445956,-0.029609340951464284
50.980676097164555,-18.941171577549735,-24.06561389042584,162.53282626538274,-0.02960622346092422
51.00639961482559,-18.965706018273373,-24.057883393725376,162.4891938294753,-0.029602606037972507
51.03213101543123,-18.99024208107163,-24.05013183907563,162.4455530778624,-0.0295993654190203
51.0578703005206,-19.01477974841321,-24.04235921542941,162.40190381339647,-0.02959601602084829
51.083617471639236,-19.039319002761026,-24.03456551177417,162.35824625221264,-0.029592482860904334
51.10937253035713,-19.063859826603817,-24.026750717171677,162.31458040257675,-0.029589122866989077
51.13513547821618,-19.088402202364147,-24.018914820641807,162.27090608144687,-0.029585838392471225
51.160906316744594,-19.1129461124236,-24.011057811194757,162.22722340885474,-0.02958231637500081
51.18668504750245,-19.137491539202756,-24.003179677931396,162.1835325393957,-0.029578823151723346
51.212471672040515,-19.162038465088944,-23.99528040995233,162.139833261375,-0.029575588436086257
51.23826619187546,-19.186586872392585,-23.987359996303404,162.0961256336887,-0.029572016151280304
51.26406860855692,-19.211136743465243,-23.979418426123686,162.05240974367152,-0.029568663899402523
51.289878923612726,-19.23568806060321,-23.971455688524646,162.00868551049814,-0.02956520166196961
51.31569713857828,-19.26024080609922,-23.963471772654874,161.96495304968428,-0.02956169388423864
51.34152325499068,-19.284794962232215,-23.955466667687205,161.92121227274006,-0.0295583519953129
51.367357274366626,-19.309350511228253,-23.947440362770255,161.87746322044427,-0.029554789837238287
51.393199198239664,-19.33390743532634,-23.939392847110074,161.83370588511505,-0.029551459040087966
51.41904902812395,-19.358465716714385,-23.93132410989091,161.78994034227105,-0.02954779565832696
51.44490676555976,-19.383025337609823,-23.923234140374806,161.7461665454678,-0.029544528315701386
51.470772412044944,-19.40758628013805,-23.915122927751423,161.70238444808643,-0.029540928663924312
51.496645969107526,-19.432148526461276,-23.90699046129728,161.658594197829,-0.02953746276227335
51.52252743826308,-19.456712058702887,-23.898836730282262,161.6147956908008,-0.029534004094351102
51.548416821018705,-19.481276858954455,-23.890661723978422,161.57098895711002,-0.02953049839215774
51.57431411888715,-19.50584290930092,-23.882465431690925,161.52717405988562,-0.029526955439989438
51.60021933338351,-19.530410191814738,-23.874247842750837,161.48335098571295,-0.029523468667424523
51.62613246600684,-19.55497868852308,-23.866008946474853,161.43951961366136,-0.029520089496099574
51.65205351824938,-19.579548381424317,-23.857748732185893,161.39568017079924,-0.029516297737619563
51.6779824916446,-19.604119252573806,-23.84946718931726,161.35183259936596,-0.02951299721552176
51.70391938766732,-19.62869128390549,-23.841164307195484,161.3079767266866,-0.029509438823570648
51.729864207813065,-19.653264457373705,-23.832840075213127,161.26411276775613,-0.02950584983069315
51.75581695359017,-19.67783875493917,-23.82449448281144,161.22024074861042,-0.02950225735556739
51.781777626496364,-19.702414158527056,-23.81612751942948,161.17636051591916,-0.029498875510870007
51.80774622800241,-19.72699064999754,-23.807739174468704,161.13247212914845,-0.029495204019086646
51.833722759607674,-19.751568211245658,-23.799329437413697,161.08857566032964,-0.029491726281511477
51.859707222796416,-19.7761468241228,-23.79089829773732,161.044671125891,-0.029488033715167967
51.88569961906595,-19.800726470487348,-23.782445744961603,161.00075847909167,-0.029484619727313477
51.911699949882376,-19.82530713212496,-23.773971768562014,160.95683770077216,-0.029480953895229964
51.93770821673381,-19.849888790844524,-23.76547635808281,160.91290888162092,-0.029477419137494507
51.96372442109407,-19.8744714284127,-23.756959503058418,160.86897194016845,-0.029473863668537163
51.98974856443704,-19.89905502657982,-23.74842119304453,160.82502699096048,-0.029470176255643694
52.015780648249795,-19.923639567103624,-23.739861417646335,160.78107401394612,-0.029466648724006846
52.041820673994735,-19.948225031680913,-23.731280166437106,160.7371129024102,-0.02946310545316422
52.067868643134226,-19.972811401991923,-23.722677429011036,160.69314380011494,-0.02945938627120987
52.09392455715041,-19.99739865973648,-23.714053195026406,160.64916670863104,-0.029455841972871814
52.11998841750088,-20.02198678655343,-23.705407454109494,160.6051815209113,-0.02945226729001968
52.14606022564245,-20.046575764063963,-23.696740195906496,160.5611883497071,-0.029448573081196996
52.1721399830466,-20.07116557389957,-23.688051410116294,160.51718721956348,-0.02944496665349651
52.19822769117048,-20.09575619764941,-23.679341086428245,160.47317805044096,-0.029441380701303328
52.22432335146455,-20.120347616874167,-23.67060921453868,160.42916089908158,-0.029437699483336455
52.25042696539048,-20.144939813138713,-23.661855784189367,160.38513582292418,-0.029434037853103886
52.27653853439997,-20.16953276797347,-23.653080785121983,160.34110268230842,-0.02943054453741514
52.302658059928355,-20.194126462862794,-23.644284207064633,160.29706164775556,-0.029426656143336366
52.32878554345133,-20.218720879348602,-23.63546603985335,160.2530127188542,-0.029423164549306408
52.35492098639767,-20.243315998870745,-23.62662627324483,160.20895573684547,-0.029419489471663975
52.381064390209936,-20.26791180287821,-23.617764897047106,160.16489088854226,-0.029415749563008797
52.40721575633953,-20.292508272820008,-23.608881901108443,160.120818103621,-0.02941216960200111
52.43337508621416,-20.317105390085565,-23.59997727524801,160.07673734359324,-0.029408482297574708
52.459542381276265,-20.341703136075203,-23.59105100933799,160.03264880247264,-0.029404644707977313
52.485717642976546,-20.36630149218839,-23.582103093289714,159.98855226497835,-0.029401245816577874
52.51190087271717,-20.39090043971921,-23.573133516932593,159.94444782631095,-0.029397282563664515
52.53809207195972,-20.4154999600551,-23.56414227024446,159.90033563420334,-0.029393687978319344
52.56429124212359,-20.440100034489685,-23.555129343134563,159.85621542383814,-0.029390078969654752
52.5904983846224,-20.464700644289966,-23.546094725521876,159.81208740212114,-0.029386210007598446
52.61671350090096,-20.489301770764442,-23.537038407413217,159.76795157025498,-0.029382600706920066
52.6429365923721,-20.51390339514661,-23.527960378769144,159.7238078260329,-0.029378869178316024
52.66916766045549,-20.538505498666595,-23.518860629586484,159.67965626697548,-0.0293751313875011
52.69540670657463,-20.563108062545687,-23.509739149891978,159.6354969132957,-0.029371374323216067
52.721653732148454,-20.587711067980802,-23.500595929724405,159.5913296975191,-0.02936772764916571
52.74790873858027,-20.612314496123933,-23.491430959111216,159.54715464426883,-0.029363939209143267
52.77417172729179,-20.63691832814537,-23.482244228140836,159.50297189464646,-0.029360106334269234
52.80044269970113,-20.661522545192785,-23.473035726915555,159.45878123684417,-0.029356600788091197
52.82672165718807,-20.68612712832684,-23.463805445478915,159.41458277863387,-0.02935262613505431
52.853008601188264,-20.710732058696156,-23.454553374014058,159.3703767257598,-0.029348848718200666
52.87930353310627,-20.73533731737575,-23.445279502660483,159.32616269553267,-0.029345383660408002
52.905606454311425,-20.7599428853592,-23.435983821505424,159.28194099630832,-0.029341198368115506
52.931917366248584,-20.784548743765054,-23.426666320817144,159.23771159209358,-0.02933778248610777
52.95823627027917,-20.80915487354046,-23.417326990710162,159.1934743050206,-0.029333834679512786
52.98456316781254,-20.833761255706264,-23.407965821421946,159.1492293947143,-0.029330075893572102
53.010898060247605,-20.858367871248156,-23.398582803190045,159.10497676750666,-0.029326253805347355
53.03724094897575,-20.88297470112195,-23.389177926258068,159.06071635099318,-0.02932259246535501
53.06359183537322,-20.90758172623948,-23.379751180860136,159.01644826178227,-0.029318617386980016
53.08995072084698,-20.932188927554435,-23.37030255731678,158.9721724953414,-0.029314963553609276
53.116317606765406,-20.956796285932487,-23.360832045889758,158.92788893941548,-0.02931113867378185
53.142692494517135,-20.981403782261697,-23.351339636905507,158.8835978553678,-0.029307140382654705
53.16907538550284,-21.00601139743714,-23.341825320737684,158.83929898470217,-0.02930365914700054
53.19546628106455,-21.03061911222797,-23.33228908765949,158.79499242248133,-0.029299536675017654
53.22186518261136,-21.055226907514054,-23.3227309281067,158.75067831322167,-0.02929586583259701
53.248272091507175,-21.0798347640745,-23.313150832442645,158.70635647920795,-0.029291979977099637
53.27468700912676,-21.10444266269343,-23.303548791075844,158.6620270198479,-0.029288179302713088
53.301109936838195,-21.129050584126755,-23.293924794422942,158.6176899079992,-0.029284330931014794
53.327540876010644,-21.153658509116973,-23.28427883292532,158.5733451774268,-0.029280487266799438
53.35397982801496,-21.178266418394266,-23.27461089705012,158.52899288888418,-0.029276560309318796
53.380426794224576,-21.202874292678263,-23.264920977292164,158.4846329583541,-0.029272829205195746
53.406881775986214,-21.227482112622557,-23.255209064113085,158.4402653690736,-0.029268926025858163
53.43334477466551,-21.252089858901133,-23.245475148036327,158.39589025954817,-0.02926501382689669
53.45981579163027,-21.276697512176735,-23.2357192196122,158.35150757318806,-0.02926118698071191
53.48629482823123,-21.301305053064254,-23.225941269377927,158.30711726258258,-0.02925733898393929
53.51278188581813,-21.325912462161412,-23.216141287891375,158.2627193864475,-0.02925343642361333
53.53927696574944,-21.35051972006706,-23.20631926575073,158.21831400892486,-0.029249505614394957
53.565780069382356,-21.375126807362413,-23.196475193574237,158.17390106123034,-0.029245695395101797
53.592291198055655,-21.399733704578228,-23.18660906196441,158.12948053856255,-0.029241772639962107
53.61881035311983,-21.42434039225232,-23.176720861570644,158.08505253354517,-0.029237842204253135
53.64533753592623,-21.44894685090889,-23.166810583066646,158.04061701466344,-0.02923396269215666
53.67187274781058,-21.473553061027015,-23.156878217116386,157.99617388234375,-0.02923016502653071
53.69841599010331,-21.49815900306046,-23.14692375439572,157.95172332986473,-0.029226033051301094
53.72496726417043,-21.522764657515797,-23.136947185676355,157.90726531837004,-0.029222288259012633
53.751526571328334,-21.547370004789446,-23.1269485016504,157.86279968908843,-0.02921836682265492
53.77809391291025,-21.571975025294936,-23.116927693067524,157.81832667782143,-0.029214313916391493
53.80466929026689,-21.59657969946411,-23.106884750735897,157.77384620264544,-0.029210501938486785
53.83125270471374,-21.621184007646153,-23.096819665414046,157.72935817161348,-0.02920657163158444
53.85784415757958,-21.6457879302006,-23.086732427910604,157.68486278034973,-0.029202504619234685
53.88444365020707,-21.67039144749861,-23.076623029085418,157.64035991815393,-0.029198721470292413
53.91105118390195,-21.69499453982525,-23.06649145974544,157.59584955908858,-0.02919469036399591
53.93766675999368,-21.719597187496188,-23.05633771076909,157.55133181160394,-0.02919076678666525
53.964290379805256,-21.744199370799624,-23.046161773044467,157.50680667942422,-0.029186732702598323
53.990922044664146,-21.768801070017307,-23.035963637491403,157.46227412169205,-0.02918286457508209
54.01756175587238,-21.793402265367046,-23.02574329500095,157.41773406080296,-0.02917893409842784
54.044209514741006,-21.818002937068925,-23.015500736505295,157.37318668779483,-0.029174817563876444
54.070865322603,-21.842603065370568,-23.005235953004494,157.32863195771375,-0.029170947897154232
54.09752918075707,-21.867202630438356,-22.99494893545148,157.28406976791817,-0.02916696771429005
54.12420109050997,-21.891801612439323,-22.984639674838657,157.23950024616784,-0.02916293272422444
54.15088105317835,-21.916399991544786,-22.974308162201577,157.19492340542735,-0.029158937538508418
54.177569070063726,-21.94099774788186,-22.963954388567977,157.15033909417934,-0.02915510272804567
54.204265142451604,-21.965594861531756,-22.953578344956227,157.10574749607335,-0.02915086932730001
54.2309692716729,-21.99019131264897,-22.94318002249988,157.0611486416398,-0.029146996570781687
54.25768145901292,-22.014787081284673,-22.932759412263064,157.01654233840674,-0.02914301677116492
54.284401705759734,-22.03938214748049,-22.922316505338564,156.97192871785123,-0.029138974183344466
54.311130013216385,-22.063976491292504,-22.91185129287279,156.92730786295323,-0.02913488801074486
54.33786638268581,-22.088570092761802,-22.901363766034933,156.88267967772873,-0.02913097280022433
54.36461081544521,-22.113162931864608,-22.890853915965334,156.83804414234237,-0.029126914558301256
54.391363312786545,-22.13775498859121,-22.88032173385745,156.79340136344214,-0.029122862187166112
54.418123876000344,-22.162346242914424,-22.869767210925033,156.74875127532857,-0.029118891723698997
54.44489250636776,-22.186936674774035,-22.859190338386096,156.70409396701618,-0.029114725324297364
54.471669205184384,-22.21152626412354,-22.848591107511215,156.65942934996724,-0.029110872365966545
54.49845397371016,-22.23611499083189,-22.837969509522132,156.6147574468784,-0.029106678480518604
54.52524681324346,-22.2607028348288,-22.827325535741597,156.57007841752161,-0.02910261939245862
54.55204772506225,-22.28528977598938,-22.81665917747439,156.52539201985036,-0.029098742953681467
54.57885671042152,-22.30987579412911,-22.805970426002567,156.48069844620306,-0.029094435486404134
54.6056737706223,-22.334460869139313,-22.79525927272409,156.43599767321035,-0.029090591571282118
54.63249890691318,-22.359044980793737,-22.784525708954916,156.39128960904088,-0.029086405800539273
54.65933212057312,-22.383628108911385,-22.77376972609554,156.3465743880352,-0.029082389186244884
54.68617341286838,-22.408210233271753,-22.7629913155443,156.30185197708312,-0.029078248667750432
54.71302278507223,-22.432791333653764,-22.75219046873719,156.25712239330966,-0.029074211940323322
54.73988023844226,-22.457371389790865,-22.741367177102003,156.2123855691469,-0.029070161437430134
54.766745774236824,-22.481950381403745,-22.730521432091958,156.16764162199195,-0.029065974317104497
54.793619393725834,-22.50652828822139,-22.71965322520658,156.12289047150693,-0.029062030374775054
54.82050109815398,-22.531105089908696,-22.70876254791886,156.07813220618436,-0.029057730543689767
54.84739088879822,-22.555680766179915,-22.69784939178953,156.03336678495708,-0.029053842109822297
54.874288766888064,-22.580255296641152,-22.686913748308424,155.9885941423893,-0.029049629465076433
54.901194733688406,-22.60482866095423,-22.67595560905954,155.94381449334583,-0.029045464414004928
54.928108790456854,-22.629400838752257,-22.664974965635896,155.8990276285796,-0.02904152547697234
54.95503093842277,-22.65397180959807,-22.65397180959805,155.85423368785482,-0.029037181429433966
54.98196117885738,-22.67854155312336,-22.642946132613513,155.80943266363246,-0.029033254500340756
55.00889951298138,-22.703110048845197,-22.63189792627302,155.76462441439645,-0.029029096167168145
55.035845942043125,-22.727677276321447,-22.620827182246096,155.71980924383365,-0.02902477800728296
55.06280046730661,-22.752243215126924,-22.609733892256862,155.67498691720746,-0.029020926031857797
55.08976308997766,-22.776807844706482,-22.59861804793803,155.63015747054342,-0.029016563543101722
55.11673381131555,-22.801371144597297,-22.58747964105194,155.5853210284881,-0.029012552468183458
55.143712632543135,-22.825933094249823,-22.57631866331265,155.54047745434238,-0.029008369245081402
55.17069955489748,-22.850493673128835,-22.56513510648633,155.49562691218037,-0.029004148206089878
55.19769457961837,-22.875052860690353,-22.55392896236805,155.45076927723443,-0.02900012869711316
55.22469770791879,-22.89961063632292,-22.5427002227242,155.40590459462663,-0.028995851669451712
55.2517089410397,-22.924166979456885,-22.531448879400006,155.36103294108585,-0.028991735317631894
55.27872828020169,-22.94872186946792,-22.52017492422463,155.31615420359105,-0.028987606719638674
55.30575572662396,-22.973275285714884,-22.50887834904841,155.27126850696533,-0.028983331486215735
55.332791281540565,-22.99782720757246,-22.497559145774837,155.226375801316,-0.02897926970083576
55.359834946158294,-23.022377614346677,-22.486217306277794,155.18147606610785,-0.028975023386656813
55.38688672170371,-23.046926485369372,-22.474852822494057,155.1365694203032,-0.028970810450632108
55.41394660939297,-23.071473799937564,-22.46346568636395,155.09165567666116,-0.028966808139856148
55.44101461042066,-23.096019537291006,-22.45205588980964,155.04673504368358,-0.028962328689721654
55.468090726034085,-23.120563676761776,-22.44062342488072,155.00180750618398,-0.028958348372294152
55.49517495742075,-23.14510619754757,-22.42916828353347,154.95687290853138,-0.028954072031997232
55.52226730579223,-23.169647078880892,-22.417690457795757,154.91193140430042,-0.028949896201479447
55.54936777235415,-23.19418629996842,-22.406189939707794,154.86698294944497,-0.028945679082141282
55.5764763583133,-23.2187238400054,-22.394666721336257,154.8220275970381,-0.028941437361544774
55.60359306487612,-23.243259678172677,-22.383120794771305,154.77706530350113,-0.028937278830348724
55.63071789323826,-23.267793793615542,-22.371552152106247,154.73209611548592,-0.028932979552879406
55.65785084460608,-23.29232616548727,-22.359960785479498,154.68711999930844,-0.02892886684713898
55.6849919201642,-23.31685677288344,-22.348346687011404,154.6421369705222,-0.028924550076008394
55.71214112111926,-23.341385594930586,-22.33670984888941,154.5971471156406,-0.028920328611238992
55.73929844866417,-23.36591261071384,-22.32505026329859,154.55215032172808,-0.02891615957036586
55.76646390398261,-23.39043779928593,-22.31336792243036,154.50714668269967,-0.028911819928473026
55.793637488275074,-23.41496113972018,-22.301662818533103,154.46213617166492,-0.028907687966155674
55.82081920271638,-23.439482611024154,-22.289934943829778,154.41711876548453,-0.02890338060809274
55.84800904850223,-23.46400219223436,-22.27818429060818,154.3720946139541,-0.028899058841551938
55.875207026823084,-23.488519862363194,-22.26641085117039,154.32706351110528,-0.028895018458800877
55.90241313883816,-23.513035600345805,-22.254614617782348,154.28202563484882,-0.028890470962284056
55.92962738576013,-23.537549385212927,-22.242795582837893,154.23698095748682,-0.02888646866542663
55.95684976873759,-23.562061195851083,-22.230953738631406,154.19192934572996,-0.028882094754968817
55.984080288959866,-23.586571011216588,-22.21908907756063,154.1468710831155,-0.028877731476381483
56.01131894761405,-23.611078810247708,-22.207201592043095,154.1018059157366,-0.028873685653526004
56.038565745844785,-23.635584571782637,-22.195291274439455,154.05673394451617,-0.028869195677550242
56.065820684848674,-23.66008827475246,-22.18335811723475,154.01165528729055,-0.02886500150002842
56.09308376578747,-23.684589898003612,-22.171402112871505,153.9665697631975,-0.028860745819568864
56.12035498982293,-23.70908942036922,-22.159423253816936,153.92147751009952,-0.02885637776750704
56.14763435813,-23.733586820696168,-22.147421532588126,153.87637848476237,-0.028852180072441443
56.17492187186293,-23.758082077775622,-22.135396941687127,153.83127270684918,-0.028847789539468167
56.20221753219141,-23.7825751704172,-22.123349473670185,153.78616016249273,-0.028843612231738678
56.22952134026552,-23.807066077377016,-22.11127912108074,153.7410409274083,-0.02883912758347439
56.25683329726504,-23.831554777459075,-22.099185876543622,153.6959149873714,-0.02883497113245594
56.28415340432527,-23.856041249362683,-22.08706973262337,153.65078218745396,-0.028830687192650733
56.311481662599576,-23.880525471811197,-22.074930681943886,153.60564283415465,-0.028826141849262545
56.33881807326725,-23.90500742356827,-22.062768717203102,153.5604966904883,-0.02882216330089654
56.366162637439494,-23.92948708324406,-22.050583830994036,153.51534380988804,-0.0288175524878181
56.3935153563015,-23.95396442958831,-22.038376016075414,153.4701844209375,-0.028813284852537976
56.42087623099344,-23.978439441244806,-22.026145265144958,153.4250181412193,-0.02880916481295866
56.44824526263173,-24.002912096795146,-22.013891570880286,153.37984524572153,-0.028804549105470173
56.475622452398234,-24.02738237494326,-22.001614926107994,153.33466581144677,-0.028800333604252108
56.503007801418825,-24.05185025426432,-21.989315323573372,153.28947951872652,-0.028796128254550246
56.53040131081655,-24.076315713314578,-21.97699275604126,153.24428670795788,-0.028791481652450494
56.55780298177103,-24.10077873075469,-21.964647216408558,153.19908732930398,-0.028787342582845165
56.5852128153881,-24.1252392850793,-21.95227869745729,153.1538810649582,-0.028783103619020093
56.61263081278739,-24.14969735479883,-21.939887192020812,153.10866835600015,-0.028778405636793156
56.64005697514919,-24.17415291853686,-21.927472693071945,153.0634490888923,-0.028774314021295478
56.66749130356924,-24.19860595472829,-21.915035193448638,153.01822298875746,-0.02876996871795939
56.69493379917399,-24.223056441859203,-21.902574686072235,152.97299049077054,-0.02876532622346423
56.72238446312628,-24.247504358478576,-21.890091163957308,152.927751339333,-0.02876130885359211
56.74984329650947,-24.271949682957054,-21.877584619993954,152.88250551876558,-0.028756689174090497
56.77731030047336,-24.296392393791088,-21.86505504722245,152.83725324048328,-0.028752405856442897
56.80478547613202,-24.320832469389806,-21.85250243864084,152.79199428519507,-0.028748067745084593
56.83226882460056,-24.345269888151844,-21.839926787274326,152.74672885452196,-0.02874353114274428
56.85976034701498,-24.369704628506817,-21.827328086212407,152.70145682773108,-0.028739349230047832
56.88726004446941,-24.394136668784117,-21.81470632849119,152.65617824742318,-0.028734761448802663
56.91476791809745,-24.41856598738318,-21.802061507246027,152.6108931307117,-0.02873056066407289
56.94228396899156,-24.442992562604562,-21.789393615560304,152.56560144492013,-0.028726017277712384
56.96980819828345,-24.467416372818644,-21.77670264661624,152.52030337837397,-0.028721580489567314
56.997340607085484,-24.491837396342586,-21.76398859358485,152.47499864220126,-0.02871740636010303
57.02488119647315,-24.51625561140369,-21.75125144959376,152.4296873869722,-0.02871278160249284
57.05242996758173,-24.540670996342264,-21.73849120790742,152.38436978099136,-0.02870839707631063
57.07998692151533,-24.5650835294207,-21.725707861757343,152.33904557420868,-0.028704092108429707
57.10755205935744,-24.589493188845534,-21.712901404362015,152.29371485505504,-0.028699598502154273
57.1351253822197,-24.613899952870085,-21.700071829017674,152.24837774838218,-0.028695138386463596
57.16270689120707,-24.638303799721324,-21.687219129033544,152.203034123597,-0.028690813071456975
57.19029658740192,-24.662704707566032,-21.674343297702023,152.15768400281576,-0.02868632793663927
57.21789447190893,-24.687102654605916,-21.661444328382675,152.11232752894622,-0.028681824798877625
57.24550054583002,-24.711497619024325,-21.64852221445494,152.06696453247076,-0.028677557053766463
57.273114810234794,-24.735889578924187,-21.635576949264138,152.0215950788893,-0.028672974099792997
57.300737266228644,-24.76027851247173,-21.622608526247216,151.97621923821742,-0.028668620829850996
57.32836791489158,-24.78466439776723,-21.609616938819606,151.93083693862525,-0.028664131678272652
57.35600675731609,-24.80904721292517,-21.596602180445338,151.8854482907238,-0.02865964168785247
57.38365379459155,-24.833426936041246,-21.583564244608162,151.8400531811668,-0.02865529870898348
57.41130902778598,-24.857803545153644,-21.570503124777936,151.79465165666105,-0.02865075278671926
57.4389724579922,-24.88217701834104,-21.557418814495865,151.74924380395552,-0.028646303348795487
57.466644086289065,-24.906547333640365,-21.544311307302987,151.70382951070746,-0.02864190223779609
57.49432391374397,-24.930914469052045,-21.531180596744825,151.6584088280313,-0.02863739137427151
57.52201194144165,-24.955278402601284,-21.51802667642442,151.61298186314934,-0.028632858121311045
57.54970817046229,-24.97963911229159,-21.504849539962027,151.56754844818857,-0.028628561956839844
57.57741260185509,-25.003996576048436,-21.49164918094675,151.52210867150245,-0.02862392044097629
57.60512523671274,-25.02835077187794,-21.47842559307312,151.4766626547354,-0.02861947408771851
57.63284607610211,-25.05270167771923,-21.465178770013978,151.4312102141832,-0.02861506707189318
57.66057512107548,-25.077049271468272,-21.451908705441163,151.3857514070792,-0.028610551737999087
57.688312372705894,-25.101393531053542,-21.438615393090444,151.34028639296102,-0.028605947013903826
57.716057832072,-25.12573443440345,-21.425298826733197,151.2948150079322,-0.028601641049477246
57.74381150020995,-25.150071959343787,-21.411959000089276,151.2493372498043,-0.02859704221277126
57.77157337819262,-25.17440608376698,-21.398595906971245,151.20385330112643,-0.028592509774855966
57.799343467084284,-25.198736785535235,-21.385209541201736,151.15836299345764,-0.028588125873561677
57.82712176792594,-25.22306404244909,-21.37179989658687,151.1128664019304,-0.028583502151761593
57.85490828178604,-25.247387832356115,-21.35836696700854,151.06736356466348,-0.0285790734901928
57.88270300971064,-25.27170813304418,-21.344910746333888,151.0218544393728,-0.02857450607061805
57.91050595275456,-25.296024922308074,-21.331431228471637,150.97633903670908,-0.028570067184492384
57.93831711196065,-25.320338177905345,-21.317928407334993,150.93081740688646,-0.028565439918123194
57.96613648838957,-25.344647877619987,-21.30440227689506,150.88528953519528,-0.028561022666059848
57.99396408307498,-25.3689539991664,-21.290852831100256,150.83975538278614,-0.028556447351932294
58.0217998970665,-25.39325652028157,-21.2772800639536,150.79421504235378,-0.028551917015514197
58.04964393140906,-25.4175554186809,-21.263683969475824,150.74866846652714,-0.02854740432098949
58.077496187140255,-25.441850672052343,-21.250064541700276,150.70311565912786,-0.028542872406079358
58.10535666529967,-25.466142258076577,-21.236421774689934,150.65755666619742,-0.028538305233882157
58.13322536692692,-25.49043015442287,-21.222755662533917,150.61199143442857,-0.028533843328588274
58.161102293049005,-25.514714338721674,-21.20906619932465,150.56642002833465,-0.028529198599617875
58.18898744471183,-25.538994788632827,-21.1953533792146,150.52084244562377,-0.028524742795275327
58.216880822941434,-25.563271481761856,-21.181617196346757,150.47525871749104,-0.02852006229662184
58.244782428781434,-25.587544395740803,-21.1678576449216,150.42966878495326,-0.02851568353824243
58.27269226323653,-25.611813508106035,-21.154074719095984,150.38407260727664,-0.028511057273258183
58.300610327343975,-25.63607879645313,-21.140268413111404,150.3384704051747,-0.028506405741579158
58.32853662214498,-25.660340238374875,-21.12643872124244,150.29286202825284,-0.028501970805672096
58.35647114864342,-25.684597811371727,-21.112585637723075,150.24724741704372,-0.028497396889767927
58.38441390786192,-25.70885149297353,-21.098709156847097,150.20162675991335,-0.028492729865819293
58.4123649008391,-25.733101260733694,-21.084809272963106,150.15600002604057,-0.028488197767219534
58.440324128583036,-25.757347092127855,-21.07088598039119,150.11036701413528,-0.02848378541445995
58.468291592093,-25.781588964601415,-21.056939273462415,150.06472802512548,-0.02847888095509635
58.496267292423376,-25.805826855708386,-21.04296914663187,150.01908290478778,-0.028474664373221673
58.524251230544216,-25.83006074280808,-21.0289755942312,149.97343159692733,-0.028469833405596563
58.5522434074968,-25.854290603403825,-21.014958610744884,149.92777436962422,-0.02846528573171832
58.58024382429097,-25.878516414919275,-21.00091819062778,149.88211094796085,-0.028460800955016227
58.60825248191841,-25.902738154727427,-20.986854328329045,149.83644146295794,-0.028456093292069693
58.6362693814002,-25.926955800254305,-20.972767018376228,149.79076594657863,-0.028451572025748755
58.66429452373306,-25.951169328861774,-20.958656255280182,149.74508432070567,-0.02844696506604672
58.69232790991859,-25.975378717911237,-20.94452203358676,149.69939665098028,-0.028442365400180705
58.72036954096375,-25.999583944764993,-20.930364347877887,149.65370301817964,-0.02843766125856364
58.74841941788099,-26.02378498678623,-20.91618319277125,149.60800330652046,-0.0284332090957482
58.776477541645434,-26.047981821245582,-20.901978562845496,149.56229748433313,-0.028428547759351247
58.80454391326121,-26.072174425466272,-20.887750452756794,149.51658576040106,-0.028423839250846388
58.83261853373713,-26.096362776770935,-20.873498857195973,149.47086797178773,-0.028419383964605922
58.86070140404621,-26.120546852392767,-20.859223770817454,149.4251441592158,-0.028414628252738366
58.888792525194965,-26.14472662962774,-20.844925188361106,149.37941438472052,-0.028410099254231637
58.91689189816569,-26.168902085707796,-20.830603104550807,149.33367860778284,-0.028405397343888306
58.94499952395195,-26.193073197878856,-20.81625751415674,149.28793681809432,-0.0284008845591878
58.97311540352679,-26.217239943330934,-20.801888411939778,149.24218904720104,-0.02839614692760285
59.00123953789333,-26.241402299309623,-20.787495792740117,149.19643543189872,-0.02839146776134883
59.029371928037946,-26.265560243012857,-20.773079651395083,149.15067570539665,-0.02838706469851379
59.057512574911996,-26.289713751550664,-20.75863998270761,149.10491006371024,-0.028382145797936704
59.085661479529364,-26.313862802160465,-20.744176781616464,149.05913853038848,-0.02837771695716386
59.11381864284644,-26.338007371942055,-20.72969004298673,149.01336099404367,-0.028372939699722675
59.1419840658523,-26.362147438056954,-20.715179761767285,148.96757757616015,-0.028368363704511804
59.170157749513955,-26.38628297760719,-20.7006459328951,148.92178817013627,-0.028363722061372356
59.19833969480338,-26.410413967695398,-20.686088551342802,148.8759929043581,-0.02835899049242829
59.22652990270525,-26.434540385441668,-20.671507612131517,148.83019175284338,-0.02835438453501785
59.25472837418069,-26.458662207903576,-20.656903110268498,148.78438461411145,-0.028349782127258805
59.28293511018886,-26.482779412123783,-20.64227504078426,148.73857160877412,-0.028345030376987712
59.31115011171012,-26.50689197518162,-20.627623398772986,148.6927527615823,-0.028340400858630158
59.33937337970652,-26.530999874105365,-20.61294817932388,148.64692799686452,-0.028335746262071432
59.367604915138635,-26.55510308590959,-20.59824937755042,148.60109737155187,-0.02833104986044168
59.39584471897209,-26.579201587609813,-20.583526988601733,148.5552608881885,-0.028326395657009455
59.424092792164416,-26.603295356193186,-20.5687810076398,148.50941852797155,-0.028321726044239954
59.45234913566975,-26.627384368629045,-20.55401142984772,148.46357027640173,-0.028317093297319348
59.48061375044349,-26.651468601879237,-20.53921825043766,148.41771627315416,-0.028312254716425782
59.50888663746049,-26.675548032938813,-20.5244014646822,148.37185640239144,-0.02830776857528254
59.537167797649886,-26.699622638690535,-20.509561067802156,148.32599066340907,-0.02830293445922632
59.565457231977405,-26.72369239608875,-20.49469705510834,148.28011912532256,-0.028298366554902483
59.59375494138315,-26.747757282020356,-20.479809421894462,148.23424178489273,-0.028293540052649346
59.62206092683167,-26.771817273416783,-20.464898163523166,148.1883586626441,-0.028288950402477697
59.65037518925771,-26.795872347132704,-20.449963275333026,148.1424696903304,-0.028284211672994598
59.67869772960794,-26.819922480039427,-20.435004752710135,148.09657493068715,-0.028279548264848013
59.70702854882176,-26.843967648981877,-20.42002259105518,148.05067437164826,-0.02827482802146203
59.73536764784737,-26.86800783081478,-20.405016785811064,148.0047681196386,-0.02827003711521193
59.763715027634746,-26.892043002386714,-20.3899873324505,147.95885602476127,-0.02826550511461866
59.79207068909941,-26.91607314045913,-20.374934226414886,147.91293815388977,-0.028260635505220223
59.82043463319918,-26.940098221878415,-20.359857463244648,147.86701461122902,-0.028255978844638215
59.84880686086207,-26.964118223414133,-20.344757038456617,147.82108520741255,-0.028251345928335756
59.877187373010344,-26.98813312181301,-20.329632947585104,147.77515012376608,-0.028246469832908832
59.90557617059849,-27.01214289388443,-20.314485186246227,147.72920934225994,-0.028241862736303747
59.9339732545434,-27.036147516343345,-20.299313750019582,147.68326276344183,-0.028237112601216415
59.962378625774335,-27.06014696592268,-20.284118634532817,147.63731049512896,-0.028232376622833222
59.99079228522143,-27.084141219347714,-20.26889983544252,147.59135251271073,-0.02822766040753545
60.01921423380948,-27.108130253321747,-20.253657348423197,147.54538883012825,-0.028222910983182845
60.04764447246346,-27.13211404453896,-20.23839116917718,147.4994194286819,-0.028218221410668896
60.076083002104696,-27.15609256967549,-20.223101293427774,147.45344440960872,-0.028213351398782463
60.1045298236673,-27.18006580542675,-20.207787716947106,147.4074636257569,-0.028208846113248923
60.13298493804026,-27.20403372837647,-20.1924504354587,147.36147714444783,-0.028203897218177995
60.16144834616628,-27.227996315220327,-20.177089444803823,147.31548507525864,-0.02819926119161454
60.189920048954,-27.251953542567286,-20.161704740793727,147.2694873198877,-0.028194436599783025
60.21840004732276,-27.27590538704104,-20.14629631928503,147.22348388388562,-0.0281897974607005
60.24688834217298,-27.29985182521283,-20.130864176129986,147.17747480702238,-0.02818492786870416
60.27538493443113,-27.323792833703543,-20.115408307251954,147.13146013244594,-0.028180239580105605
60.30388982499868,-27.347728389067825,-20.099928708559762,147.08543975862247,-0.028175498106784245
60.33240301478099,-27.371658467859742,-20.084425375996247,147.03941380649704,-0.028170665453673086
60.36092450469323,-27.39558304664619,-20.068898305548004,146.99338220546596,-0.028166014154281237
60.38945429562895,-27.419502101935635,-20.053347493193126,146.94734502353424,-0.028161102050132305
60.41799238850715,-27.443415610284983,-20.037772934979472,146.9013022135946,-0.02815651212046701
60.44653878420865,-27.467323548154923,-20.022174626918865,146.85525378690238,-0.028151590042589627
60.47509348365089,-27.491225892080365,-20.006552565111715,146.80919981549118,-0.028146915778381486
60.50365648772363,-27.515122618523716,-19.990906745639688,146.7631402348812,-0.028142076327004217
60.53222779733155,-27.539013703972312,-19.975237164637008,146.7170751214129,-0.028137312543419325
60.560807413368195,-27.562899124878697,-19.959543818246676,146.671004387172,-0.028132584291233696
60.58939533671642,-27.586778857661997,-19.943826702621912,146.62492805444856,-0.02812779706931261
60.61799156827206,-27.610652878761737,-19.928085813964888,146.57884625274517,-0.02812291450350719
60.64659610894193,-27.63452116463345,-19.912321148523453,146.53275891354184,-0.028118214731782096
60.675208959599445,-27.65838369164718,-19.89653270251796,146.48666591878663,-0.028113480034068338
60.70383012112472,-27.682240436179185,-19.880720472207518,146.44056747896792,-0.02810852729843856
60.73245959442801,-27.706091374665785,-19.864884453928532,146.39446354698705,-0.028103853863188852
60.76109738037532,-27.729936483432787,-19.849024643972115,146.34835396913806,-0.028099092367849177
60.7897434798456,-27.753775738826825,-19.833141038678633,146.30223900466555,-0.028094106782684907
60.818397893744056,-27.77760911724572,-19.81723363445903,146.25611848375223,-0.028089556038463144
60.84706062291766,-27.801436594944693,-19.801302427656516,146.20999241164083,-0.02808456794120104
60.875731668268294,-27.825258148296207,-19.785347414732076,146.1638609772002,-0.0280797910179538
60.90441103067087,-27.849073753601882,-19.76936859213018,146.1177239540221,-0.028075082439710315
60.933098710981916,-27.87288338711218,-19.753365956293106,146.07158143322516,-0.028070198468904125
60.9617947100872,-27.896687025136053,-19.737339503738703,146.02543354088021,-0.028065340362886947
60.99049902886701,-27.920484643961082,-19.72128923100357,145.97928014900754,-0.02806061595040877
61.01921166817678,-27.944276219808824,-19.705215134611734,145.93312125589233,-0.028055763810557705
61.04793262889202,-27.9680617289383,-19.689117211147565,145.8869570118827,-0.02805086050774016
61.07666191188751,-27.991841147598286,-19.672995457222257,145.84078721475146,-0.028046258020898347
61.10539951800053,-28.015614451942216,-19.656849869413886,145.79461201137983,-0.02804118017781411
61.13414544812738,-28.039381618251262,-19.640680444424245,145.74843144729488,-0.02803652626413654
61.16289970311078,-28.06314262267415,-19.624487178896068,145.70224537111082,-0.028031636189045018
61.19166228381536,-28.086897441401643,-19.60827006953554,145.6560539335788,-0.02802680316148112
61.22043319110582,-28.11064605061623,-19.592029113076975,145.6098571222228,-0.028021932165829204
61.24921242584256,-28.13438842648174,-19.57576430627538,145.5636548592821,-0.028017197394824084
61.27799998886553,-28.15812454510633,-19.559475645881076,145.51744716927413,-0.02801230059309349
61.30679588103921,-28.18185438264633,-19.543163128711637,145.47123418743334,-0.028007405779156593
61.33560010322354,-28.205577915239363,-19.52682675160556,145.4250157544299,-0.028002706053199967
61.364412656252185,-28.229295118953363,-19.51046651138676,145.37879197688122,-0.027997685998903368
61.39323354099734,-28.25300596993764,-19.494082404969408,145.33256287120912,-0.027992970308185847
61.42206275828857,-28.276710444233913,-19.477674429227047,145.28632829210304,-0.02798813021345468
61.45090030897198,-28.300408517914125,-19.461242581087973,145.24008848310118,-0.027983123610143937
61.47974619391456,-28.32410016709047,-19.44478685754188,145.19384329561277,-0.02797846733362631
61.50860041393494,-28.347785367754327,-19.428307255529166,145.1475927376671,-0.027973455011380585
61.53746296989197,-28.3714640959825,-19.41180377208267,145.10133688787698,-0.027968707579610425
61.56633386261504,-28.395136327774942,-19.395276404216247,145.0550756834411,-0.02796377521686364
61.59521309294999,-28.41880203916181,-19.378725148998214,145.0088091824004,-0.0279589615812127
61.62410066173033,-28.442461206136322,-19.362150003505306,144.9625373703517,-0.027954050635376215
61.65299656979919,-28.46611380470604,-19.345550964857726,144.91626029358375,-0.027949185063413075
61.68190081798737,-28.489759810841626,-19.32892803018422,144.86997782841647,-0.027944427516461885
61.71081340711464,-28.513399200479913,-19.312281196624298,144.82369014606337,-0.027939359203008288
61.73973433803704,-28.537031949634507,-19.295610461403136,144.77739717157587,-0.027934696130342725
61.768663611562125,-28.560658034197647,-19.278915821697396,144.73109893171386,-0.0279295995806791
61.79760122853958,-28.58427743015208,-19.262197274778437,144.68479538284782,-0.027924993124123686
61.826547189764305,-28.60789011334446,-19.24545481785958,144.6384865642785,-0.027919853240974162
61.85550149609594,-28.631496059765087,-19.228688448284366,144.5921726078522,-0.027915091793616658
61.8844641483445,-28.655095245280148,-19.211898163346444,144.54585327275913,-0.027910246285520676
61.91343514732188,-28.678687645752287,-19.195083960370702,144.49952873062793,-0.027905282017203784
61.94241449386207,-28.702273237088285,-19.178245836745194,144.4531990011465,-0.027900416839228937
61.97140218878408,-28.72585199515187,-19.161383789862597,144.40686403430607,-0.027895516875379237
62.000398232900885,-28.74942389578482,-19.1444978171345,144.36052376896382,-0.027890729362677773
62.02940262701749,-28.772988914802454,-19.127587915988432,144.3141783696465,-0.02788563542106242
62.05841537197707,-28.796547028102225,-19.11065408393999,144.26782780139365,-0.02788089403827835
62.08743646857105,-28.820098211452077,-19.09369631845221,144.2214719153312,-0.027875983302107877
62.11646591760782,-28.843642440652154,-19.07671461704297,144.17511088469539,-0.027871037611833988
62.14550371991068,-28.867179691530307,-19.059708977282032,144.12874475393681,-0.027866077531254193
62.17454987629132,-28.890709939879326,-19.042679396749257,144.0823733122246,-0.02786138934998377
62.203604387528756,-28.914233161407246,-19.025625873002113,144.03599675202784,-0.027856202088045172
62.232667254466904,-28.937749331968018,-19.008548403727627,143.9896151078776,-0.027851476492708294
62.26173847788585,-28.961258427257135,-18.991446986541867,143.94322815403328,-0.027846564487432317
62.29081805858438,-28.984760423006872,-18.974321619118605,143.89683613999009,-0.027841543411861954
62.3199059973819,-29.008255294990896,-18.95717229919206,143.8504389976337,-0.0278367172856889
62.34900229506819,-29.03174301890521,-18.939999024478887,143.80403669572118,-0.027831737838269456
62.37810695244376,-29.055223570464026,-18.9228017927411,143.7576292198176,-0.027826933126130653
62.40721997029215,-29.078696925333862,-18.90558060174293,143.711216649853,-0.02782186196352818
62.43634134942795,-29.102163059247594,-18.888335449325112,143.66479898741062,-0.027817059467724052
62.46547109062995,-29.125621947845868,-18.871066333301723,143.61837615978376,-0.027812079611709443
62.494609194698135,-29.14907356681237,-18.853773251548066,143.57194831502682,-0.027807103838636604
62.52375566242835,-29.172517891813815,-18.83645620196175,143.52551528806228,-0.027802325878659506
62.55291049458796,-29.195954898441844,-18.819115182425026,143.47907716803164,-0.02779724751058504
62.58207369198575,-29.219384562379638,-18.801750190912674,143.432634053093,-0.027792356173606377
62.61124525540495,-29.24280685924228,-18.78436122538856,143.38618579636318,-0.027787457790897918
62.64042518562009,-29.26622176461718,-18.76694828383221,143.3397324392255,-0.027782521087461546
62.66961348341635,-29.28962925410984,-18.749511364267846,143.293274080465,-0.02777750871054242
62.69881014958615,-29.31302930333619,-18.732050464759652,143.24681064933534,-0.02777266078415299
62.728015184896634,-29.336421887844732,-18.714565583361793,143.2003421361642,-0.027767664159818805
62.75722859013441,-29.35980698322345,-18.697056718186836,143.1538686453549,-0.027762695628866733
62.78645036607845,-29.383184565035172,-18.679523867364455,143.10739004036503,-0.02775786633860707
62.81568051348883,-29.406554608790625,-18.66196702902434,143.06090643596264,-0.027752764919974793
62.84491903315945,-29.429917090074508,-18.644386201376317,143.01441782859672,-0.0277479440487708
62.87416592585003,-29.45327198438287,-18.62678138260703,142.9679241982124,-0.027742870805364944
62.90342119234268,-29.476619267258613,-18.60915257096597,142.92142553140852,-0.027738070104247205
62.93268483338878,-29.49995891416414,-18.591499764684805,142.8749218584115,-0.027732965032337208
62.96195684977598,-29.523290900642046,-18.57382296207892,142.82841324362056,-0.027728091711556276
62.991237242262926,-29.546615202158613,-18.55612216144861,142.78189959842115,-0.027723096552976535
63.02052601161778,-29.569931794196272,-18.53839736113742,142.73538099506993,-0.027718141306575322
63.04982315860089,-29.593240652211954,-18.520648559505922,142.6888573455039,-0.027713255323760757
63.079128683965365,-29.616541751638643,-18.50287575493277,142.6423287816031,-0.027708147193859157
63.108442588491286,-29.639835067967446,-18.485078945865943,142.5957952567131,-0.027703321004898317
63.137764872923356,-29.66312057659793,-18.467258130729288,142.5492567807097,-0.0276982053891175
63.16709553803618,-29.68639825299483,-18.449413308020123,142.50271335975472,-0.027693376084875373
63.19643458456545,-29.709668072522923,-18.431544476206692,142.4561649050384,-0.027688370424717154
63.225782013272,-29.732930010600892,-18.413651633823697,142.40961163800574,-0.027683281910036474
63.25513782492684,-29.756184042665524,-18.395734779449917,142.36305339490806,-0.027678475271746113
63.28450202025666,-29.779430144040298,-18.377793911626945,142.3164901638435,-0.027673405185430863
63.31387460002476,-29.802668290130597,-18.359829028979977,142.26992212151097,-0.02766839275659201
63.34325556498776,-29.825898456319393,-18.34184013015327,142.2233491237563,-0.02766349826503132
63.37264491587812,-29.849120617924818,-18.32382721378394,142.17677117546745,-0.02765848430491253
63.40204265344627,-29.872334750302272,-18.305790278565112,142.1301883904202,-0.027653458958105434
63.43144877844536,-29.895540828807263,-18.287729323222656,142.0836007145236,-0.027648513516770216
63.460863291610366,-29.91873882874529,-18.26964434648477,142.0370080949315,-0.027643555187992344
63.490286193680724,-29.941928725426266,-18.251535347115187,141.99041066955246,-0.027638450392843922
63.51971748541214,-29.965110494193404,-18.233402323930775,141.94380834508246,-0.027633607043693376
63.54915716752595,-29.988284110300466,-18.21524527572671,141.89720116095896,-0.027628459803443663
63.578605240774756,-30.011449549070868,-18.197064201373358,141.85058908858397,-0.027623654634205096
63.60806170587197,-30.034606785726837,-18.178859099712483,141.80397216446568,-0.02761846846315378
63.63752656357767,-30.057755795597892,-18.160629969683672,141.75735047166893,-0.027613569154819745
63.66699981461496,-30.080896553917594,-18.142376810201096,141.71072387520363,-0.02760854724789776
63.69648145971338,-30.1040290359293,-18.124099620217745,141.66409244285668,-0.027603571961868915
63.72597149959905,-30.127153216861924,-18.105798398710608,141.61745616969193,-0.027598560229877514
63.755469935010666,-30.15026907196915,-18.087473144704315,141.57081523293567,-0.027593379527483152
63.78497676669041,-30.173376576507188,-18.069123857257622,141.52416926112886,-0.027588811643856712
63.81449199530538,-30.19647570554348,-18.05075053534898,141.4775185378412,-0.02758329987307558
63.844015621650705,-30.219566434451668,-18.032353178172823,141.43086320422802,-0.0275785693456481
63.873547646414934,-30.24264873833965,-18.013931784797244,141.38420282719267,-0.02757357403061476
63.90308807031041,-30.265722592367705,-17.995486354354547,141.33753780035747,-0.027568382577644525
63.932636894086016,-30.288787971779374,-17.97701688605907,141.2908679994792,-0.02756353842736719
63.96219411843628,-30.311844851679908,-17.958523379075693,141.24419333532717,-0.027558456763175747
63.99175974408698,-30.334893207245056,-17.94000583264373,141.1975140150205,-0.02755337236578573
64.02133377176465,-30.357933013646903,-17.921464246032965,141.15082987733632,-0.027548485417175545
64.05091620216281,-30.38096424597111,-17.902898618494667,141.10414094505012,-0.027543378517838092
64.08050703600692,-30.40398687937583,-17.884308949355564,141.05744735396667,-0.02753833569344775
64.11010627401308,-30.427000888990822,-17.865695237958164,141.01074897021218,-0.02753339110337246
64.13971391687818,-30.45000624989323,-17.847057483646623,140.96404583502468,-0.02752830403440193
64.16932996532097,-30.473002937208253,-17.828395685825928,140.91733804097024,-0.027523254700134465
64.19895442005222,-30.495990926036036,-17.809709843918828,140.87062547329046,-0.027518307283021202
64.22858728176331,-30.51897019142379,-17.790999957349754,140.8239081588576,-0.027513230681763524
64.25822855116685,-30.541940708465365,-17.77226602560289,140.77718621629967,-0.02750814792752013
64.2878782289749,-30.5649024522479,-17.753508048190948,140.7304595453019,-0.027503193867596466
64.31753631587621,-30.587855397795856,-17.734726024622695,140.68372814223048,-0.027498119804050196
64.34720281257408,-30.610799520164242,-17.715919954457195,140.63699206957273,-0.027493096600761553
64.37687771976817,-30.633734794393728,-17.697089837277638,140.59025133163277,-0.027488021901083886
64.40656103815968,-30.656661195523625,-17.67823567269889,140.54350589824733,-0.02748303859255943
64.43625276843763,-30.679578698557936,-17.65935746034786,140.4967558037531,-0.027477927948504
64.46595291130426,-30.70248727852821,-17.640455199899872,140.45000103965452,-0.027472959043491424
64.49566146744583,-30.72538691042121,-17.621528891036764,140.40324164436183,-0.027467807707896485
64.52537843756556,-30.74827756926063,-17.602578533494114,140.3564775693159,-0.027462900272563026
64.55510382233483,-30.771159229986303,-17.583604126991784,140.30970882346983,-0.027457742877419013
64.5848376224577,-30.794031867613857,-17.564605671325463,140.2629355139155,-0.02745271411576964
64.61457983862,-30.816895457108767,-17.5455831662945,140.2161575080138,-0.027447716889242444
64.64433047149873,-30.839749973409635,-17.526536611715304,140.16937489291308,-0.027442590299275614
64.67408952179066,-30.86259539149917,-17.507466007461854,140.1225877038123,-0.02743755622687474
64.70385699017649,-30.885431686315165,-17.488371353414752,140.07579585049447,-0.027432539920775337
64.73363287732813,-30.908258832768944,-17.46925264947214,140.02899935717625,-0.027427481903794855
64.76341718392929,-30.93107680579595,-17.450109895578024,139.98219834489097,-0.027422328185212168
64.79320991067651,-30.953885580358875,-17.43094309172418,139.93539276544868,-0.02741733111939863
64.82301105823414,-30.976685131335564,-17.41175223788665,139.88858247380404,-0.02741235180874614
64.85282062726432,-30.999475433593673,-17.392537334068283,139.8417676496185,-0.027407148780571114
64.88263861846622,-31.022256462088077,-17.373298380353138,139.79494833698718,-0.027402122316063676
64.91246503250649,-31.045028191688147,-17.35403537680947,139.74812432944452,-0.027397165472100676
64.94229987004218,-31.067790597234634,-17.33474832352189,139.70129584142555,-0.02739189254989811
64.97214313177211,-31.090543653667673,-17.315437220662737,139.6544627975007,-0.027387028425382463
65.00199481833769,-31.11328733577978,-17.296102068354227,139.6076251251188,-0.0273818448844111
65.03185493042189,-31.136021618462376,-17.27674286680591,139.56078302596967,-0.027376749400859674
65.06172346869783,-31.158746476577974,-17.257359616243445,139.51393633491966,-0.027371763412735776
65.09160043381284,-31.181461884920083,-17.237952316886386,139.46708504326867,-0.027366682594534862
65.12148582643333,-31.204167818325384,-17.218520969010484,139.42022932769945,-0.027361494694902077
65.1513796472404,-31.226864251662832,-17.19906557294141,139.37336909003662,-0.02735653305783338
65.18128189687711,-31.249551159701824,-17.17958612898205,139.32650426691077,-0.0273514236779091
65.21119257600628,-31.27222851725687,-17.160082637492344,139.27963500933478,-0.027346290268449598
65.24111168529521,-31.294896299149325,-17.14055509886816,139.23276123005635,-0.0273412872376789
65.27103922538771,-31.317554480137336,-17.121003513502696,139.18588291400948,-0.027336175935100803
65.30097519694482,-31.340203035018053,-17.101427881842824,139.1390001930482,-0.02733102364683987
65.33091960063145,-31.362841938593846,-17.081828204370133,139.09211295806205,-0.02732604410196196
65.36087243708165,-31.3854711655858,-17.062204481554133,139.04522117923912,-0.02732093110375613
65.39083370695201,-31.408090690767125,-17.04255671392481,138.99832503809003,-0.027315744572553206
65.4208034109091,-31.43070048893195,-17.02288490205549,138.95142441566242,-0.027310774703233977
65.45078154958313,-31.453300534779025,-17.003189046499827,138.90451928107186,-0.027305628700523537
65.48076812362613,-31.47589080305778,-16.98346914787102,138.8576097333463,-0.027300548058805697
65.51076313368479,-31.49847126850024,-16.963725206804945,138.81069574022496,-0.02729544417443569
65.54076658040566,-31.521041905833894,-16.943957223966922,138.7637773260999,-0.027290339705318675
65.57077846443318,-31.54360268977715,-16.924165200049522,138.7168544707876,-0.02728526386368466
65.60079878640208,-31.56615359501978,-16.904349135761816,138.6699271285999,-0.02728021708796558
65.63082754694946,-31.588694596253767,-16.884509031846225,138.62299546892734,-0.02727494887162375
65.6608647467386,-31.611225668232986,-16.864644889110142,138.5760593765478,-0.02727004058804364
65.69091038637879,-31.633746785571528,-16.844756708318236,138.52911879542876,-0.027264842080497908
65.72096446651886,-31.656257922979286,-16.824844490318345,138.48217392323943,-0.027259708711348224
65.75102698780177,-31.678759055147417,-16.80490823598016,138.4352246187119,-0.027254678870447677
65.78109795084636,-31.701250156702688,-16.784947946171144,138.3882708693034,-0.02724956464518782
65.81117735628719,-31.723731202307604,-16.764963621809695,138.34131281709705,-0.0272443744636469
65.84126520476946,-31.746202166647855,-16.74495526385831,138.29435038688672,-0.027239352103576493
65.8713614969064,-31.768663024324848,-16.724922873266912,138.2473834907284,-0.027234268542159955
65.90146623332451,-31.791113749969686,-16.704866451033023,138.20041234809736,-0.027228996234988107
65.93157941467518,-31.81355431827291,-16.684785998217247,138.15343682993938,-0.0272240669005393
65.96170104155594,-31.83598470378517,-16.664681515838563,138.10645686861102,-0.02721887762279097
65.99183111460025,-31.85840488114456,-16.644553004993778,138.05947266811762,-0.027213716470038028
66.02196963444115,-31.880814824984608,-16.62440046680906,138.01248410122196,-0.027208679217252067
66.05211660168756,-31.903214509874132,-16.6042239024086,137.96549117488874,-0.027203514616164357
66.08227201696445,-31.92560391041941,-16.584023312968064,137.91849394417417,-0.027198418220932913
66.11243588088938,-31.947983001204214,-16.563798699683076,137.87149239114544,-0.02719327900631354
66.14260819408113,-31.970351756812352,-16.543550063781247,137.82448651592347,-0.027188187088055638
66.17278895715133,-31.992710151805777,-16.523277406510513,137.77747632310147,-0.027183047187719193
66.20297817072023,-32.015058160765385,-16.502980729160516,137.730461894184,-0.027177865639779197
66.23317583540674,-32.03739575826515,-16.48266003304898,137.6834430880358,-0.027172893545671373
66.26338195180104,-32.059722918802805,-16.462315319486194,137.6364200053469,-0.027167600258939346
66.29359652053866,-32.082039616988226,-16.44194658987188,137.5893927159627,-0.02716255207310496
66.32381954221952,-32.10434582733749,-16.42155384558926,137.5423610656177,-0.02715744166415994
66.35405101744512,-32.12664152436748,-16.40113708805379,137.49532515953703,-0.0271522765809757
66.38429094682847,-32.1489266826214,-16.38069631872609,137.44828500845693,-0.027147158423261337
66.4145393309741,-32.17120127661765,-16.36023153908586,137.4012405876794,-0.02714202650467395
66.44479617048694,-32.19346528087268,-16.339742750643435,137.3541919388842,-0.027136864905174314
66.47506146597237,-32.21571866990098,-16.31922995493988,137.30713900985208,-0.027131797879822537
66.50533521802134,-32.23796141817725,-16.298693153527747,137.2600818315541,-0.02712660522481558
66.5356174272436,-32.26019350022121,-16.278132348014093,137.21302047577635,-0.027121460088672344
66.56590809423832,-32.28241489052278,-16.2575475400225,137.16595482695058,-0.027116405313018413
66.59620721959097,-32.30462556353375,-16.236938731189024,137.11888498216484,-0.02711115297154373
66.62651480391419,-32.326825493772716,-16.216305923214968,137.07181095017643,-0.02710609276684489
66.65683084779077,-32.349014655679035,-16.19564911779347,137.02473263552048,-0.027100955058755937
66.68715535181181,-32.371193023710404,-16.174968316658433,136.97765015871022,-0.02709576076445425
66.71748831658208,-32.393360572357,-16.154263521591712,136.93056354469283,-0.02709059903059021
66.74782974269183,-32.415517276068925,-16.13353473438659,136.883472636878,-0.02708558960881577
66.77817963070984,-32.437663109238606,-16.112781956839314,136.83637756495293,-0.02708028337284255
66.80853798124897,-32.459798046368796,-16.092005190832566,136.78927838693292,-0.027075211901305987
66.8389047948837,-32.48192206186119,-16.07120443823035,136.74217490357375,-0.027070139456050663
66.86928007218918,-32.504035130116684,-16.050379700927987,136.69506735766552,-0.02706479360293644
66.89966381377916,-32.526137225632574,-16.029530980899832,136.64795564927877,-0.027059840673359214
66.93005602020688,-32.5482283227484,-16.00865828007401,136.60083967865145,-0.027054614152164733
66.96045669206491,-32.57030839590204,-15.98776160045858,136.55371969874344,-0.027049375383542924
66.9908658299461,-32.59237741952986,-15.966840944092391,136.50659547467328,-0.027044423254740536
67.02128343440049,-32.61443536795547,-15.945896312990447,136.4594671232067,-0.027039055182939996
67.05170950603629,-32.63648221564998,-15.924927709271506,136.41233472059375,-0.027034020238117688
67.08214404541425,-32.658517936959825,-15.903935135024792,136.36519808370755,-0.02702886699439569
67.11258705310179,-32.68054250624627,-15.882918592378344,136.3180573244373,-0.027023708415231197
67.14303852967929,-32.702555897901796,-15.861878083506873,136.27091255254842,-0.027018434052365554
67.17349847573774,-32.724558086343954,-15.840813610628594,136.22376365000557,-0.027013415492860605
67.20396689182279,-32.746549045870964,-15.819725175935307,136.1766105263259,-0.027008249547978976
67.23444377850439,-32.76852875084177,-15.798612781679811,136.12945341858497,-0.02700296410552628
67.26492913637051,-32.79049717565962,-15.777476430167583,136.0822921867203,-0.02699796330276403
67.29542296596851,-32.812454294620615,-15.756316123683872,136.03512688508124,-0.026992620391925844
67.32592526788488,-32.83440008212004,-15.735131864593043,135.98795748888736,-0.02698765265549916
67.35643604265911,-32.85633451242948,-15.713923655231481,135.94078399903538,-0.0269823134905802
67.38695529087569,-32.87825755993501,-15.69269149802183,135.89360648120342,-0.02697727532393426
67.41748301308252,-32.90016919892589,-15.671435395371752,135.84642487390505,-0.026972011257482543
67.4480192098501,-32.922069403748154,-15.650155349747465,135.79923922074386,-0.026966927956733576
67.47856388172627,-32.94395814868686,-15.628851363617368,135.75204948175875,-0.026961714332530126
67.50911702927745,-32.96583540807369,-15.607523439503531,135.70485578607952,-0.026956488215398446
67.53967865306637,-32.98770115622863,-15.586171579953591,135.65765795752498,-0.026951480618240486
67.57024875362517,-33.00955536739062,-15.564795787508347,135.61045612644872,-0.026946110393147683
67.60082733153696,-33.03139801592913,-15.543396064801474,135.5632503316216,-0.026941063263687774
67.63141438733656,-33.053229076086325,-15.521972414437903,135.51604040151014,-0.026935893628760418
67.66200992157329,-33.07504852214037,-15.500524839070863,135.46882654588435,-0.02693061186641531
67.69261393481423,-33.09685632841412,-15.47905334140584,135.42160866117612,-0.0269255651531165
67.72322642758884,-33.118652469130616,-15.457557924132802,135.37438672497711,-0.02692031373269295
67.7538474004562,-33.140436918588456,-15.436038590008302,135.32716088206178,-0.02691510670315764
67.78447685396632,-33.162209651061154,-15.414495341808431,135.27993096176218,-0.02691005460760433
67.8151147886443,-33.18397064075555,-15.39292818230951,135.23269706150438,-0.026904741335188567
67.84576120505552,-33.20571986198225,-15.371337114367355,135.18545926915905,-0.026899593898398216
67.87641610373899,-33.22745728898136,-15.349722140836212,135.13821742003387,-0.026894473003349177
67.90707948522186,-33.249182895960686,-15.328083264586654,135.0909715797107,-0.026889255665606116
67.93775135005255,-33.270896657182114,-15.306420488545445,135.04372186716267,-0.026884004128238166
67.96843169878115,-33.29259854691046,-15.284733815671844,134.99646816062952,-0.02687893014895394
67.9991205319255,-33.31428853932498,-15.263023248916923,134.9492104393963,-0.026873706975394276
68.02981785002747,-33.33596660866652,-15.241288791291366,134.90194885868186,-0.02686846123677855
68.06052365363361,-33.357632729186605,-15.219530445841675,134.85468332411187,-0.02686335017806433
68.09123794326268,-33.379286875063194,-15.197748215612096,134.80741378279214,-0.026858169368546073
68.12196071944909,-33.40092902051358,-15.175942103695828,134.76014043070893,-0.0268528403854902
68.15269198274255,-33.422559139794195,-15.154112113235037,134.71286307587562,-0.026847882490986668
68.18343173363647,-33.44417720701277,-15.132258247335534,134.66558174605586,-0.026842526799555715
68.2141799726869,-33.46578319644,-15.110380509208085,134.61829668983802,-0.026837291420743967
68.24493670042898,-33.487377082290884,-15.088478902069367,134.57100758846778,-0.026832302403872802
68.27570191735384,-33.50895883866367,-15.066553429114387,134.52371456137993,-0.026826936298477794
68.30647562401226,-33.53052843981237,-15.044604093639602,134.4764177584172,-0.026821782067969095
68.33725782092681,-33.55208585991577,-15.02263089893852,134.42911700812712,-0.026816615279739137
68.3680485086088,-33.57363107312222,-15.000633848322172,134.3818123230379,-0.026811451647705934
68.39884768757813,-33.59516405360167,-14.978612945142325,134.33450385736023,-0.026806114873707147
68.4296553583746,-33.61668477557558,-14.956568192804733,134.28719148344481,-0.026801100723612394
68.4604715214899,-33.63819321313793,-14.934499594689445,134.23987520508288,-0.02679576450479024
68.49129617745699,-33.65968934049065,-14.912407154255536,134.1925551044354,-0.026790662090092367
68.52212932678238,-33.68117313176511,-14.890290874961824,134.14523114493366,-0.02678537214159702
68.55297096999485,-33.702644561150656,-14.868150760323767,134.0979033994128,-0.026780192097475647
68.58382110760017,-33.72410360277527,-14.845986813860625,134.0505716739392,-0.026775126470150474
68.61467974009078,-33.74555023073104,-14.823799039107003,134.00323619600127,-0.0267696938823785
68.64554686801186,-33.76698441924865,-14.801587439689404,133.95589691567605,-0.026764689544032518
68.67642249184584,-33.788406142392546,-14.779352019192292,133.90855372682253,-0.02675938186186427
68.70730661211387,-33.80981537432881,-14.757092781275656,133.86120681357082,-0.026754174181770743
68.73819922932599,-33.83121208919368,-14.734809729617373,133.8138560332735,-0.02674903258250207
68.7691003439747,-33.85259626107651,-14.712502867905828,133.76650141305672,-0.02674379909912072
68.80000995656916,-33.87396786411017,-14.690172199879292,133.71914304497446,-0.026738558365546092
68.83092806761908,-33.89532687242866,-14.667817729307469,133.67178086469747,-0.02673340238636202
68.86185467761999,-33.91667326012787,-14.645439459974417,133.62441490357793,-0.026728131123059853
68.892789787079,-33.938007001334306,-14.623037395708424,133.57704513375458,-0.026723011435259618
68.92373339648148,-33.95932807011617,-14.600611540343404,133.52967155361696,-0.026717746858765663
68.95468550633733,-33.980636440606716,-14.578161897772395,133.48229431087896,-0.02671246540807051
68.98564611715096,-34.001932086924135,-14.555688471912578,133.4349131743366,-0.026707466423533863
69.01661522938808,-34.023214983083804,-14.5331912666681,133.38752832679324,-0.026701983768238333
69.04759284358289,-34.04448510328277,-14.510670286051692,133.3401397886368,-0.026696966642158447
69.0785789601991,-34.06574242153043,-14.488125534026658,133.2927473349409,-0.026691742334694013
69.10957357972855,-34.08698691191131,-14.465557014619476,133.245351280997,-0.02668637489455844
69.14057670268743,-34.10821854857409,-14.442964731914454,133.19795145069043,-0.026681353796776802
69.17158832953827,-34.12943730552494,-14.420348689966387,133.15054786193897,-0.026675971089827714
69.20260846078841,-34.15064315688914,-14.397708892911293,133.10314055816403,-0.026670905962121193
69.23363709690548,-34.171836076686304,-14.375045344871406,133.0557294950723,-0.026665578007565603
69.26467423838928,-34.1930160390217,-14.352358050035834,133.00831476357334,-0.026660415473603035
69.29571988572098,-34.21418301795116,-14.32964701260368,132.96089631870385,-0.026655142995849573
69.32677403938938,-34.23533698755085,-14.30691223681338,132.91347415486638,-0.02664999163103568
69.35783669986296,-34.25647792184298,-14.284153726911521,132.866048219148,-0.0266447835193067
69.38890786762367,-34.27760579488588,-14.261371487190694,132.8186186972856,-0.02663942833617441
69.41998754317201,-34.29872058078758,-14.238565521994822,132.77118545029484,-0.026634381247466647
69.45107572695944,-34.319822253525345,-14.215735835644162,132.72374845998579,-0.02662905140831018
69.48217241947756,-34.340910787184015,-14.192882432534487,132.67630787500948,-0.02662384229266533
69.51327762120434,-34.36198615581231,-14.170005317077232,132.6288635874718,-0.02661863848125566
69.54439133260719,-34.38304833343117,-14.147104493703143,132.5814155878112,-0.02661344498853704
69.57551355415387,-34.40409729406271,-14.124179966874165,132.5339639390765,-0.026608175347716184
69.60664428632705,-34.425133011769475,-14.101231741099623,132.4865086974843,-0.026602923715338924
69.63778352960145,-34.44615546059317,-14.078259820910892,132.4390497498387,-0.026597785905569486
69.66893128443215,-34.46716461452324,-14.055264210848636,132.3915871477115,-0.02659248137833678
69.70008755129864,-34.488160447615286,-14.032244915511304,132.3441209399776,-0.026587293697584297
69.73125233066251,-34.509142933877335,-14.009201939508573,132.29665104752212,-0.026582082728233234
69.76242562298924,-34.53011204732854,-13.986135287485395,132.2491775974926,-0.026576757558012677
69.79360742875659,-34.551067762021425,-13.963044964130729,132.20170047143458,-0.02657168413173212
69.82479774840445,-34.57201005190792,-13.939930974123682,132.1542197034405,-0.026566325734261036
69.85599658241432,-34.592938891051986,-13.916793322219107,132.10673540124836,-0.026561136639520453
69.88720393124282,-34.6138542534517,-13.89363201317595,132.0592474185586,-0.02655594686180723
69.9184197953424,-34.634756113094646,-13.870447051779609,132.01175586828933,-0.026550636390841372
69.94964417518325,-34.6556444440168,-13.847238442865414,131.9642607165574,-0.02654548941952296
69.98087707120975,-34.67651922018585,-13.824006191272124,131.9167619358028,-0.026540214697480514
70.0121184838866,-34.6973804156247,-13.800750301890993,131.86925965692646,-0.026534926360467344
70.04336841367571,-34.71822800434986,-13.777470779641371,131.8217537144648,-0.026529841436720852
70.07462686100725,-34.73906196029324,-13.754167629439559,131.77424419286777,-0.026524463716460927
70.10589382635787,-34.75988225751294,-13.730840856282514,131.7267312089165,-0.02651925330936361
70.13716931017461,-34.78068886998822,-13.707490465166414,131.67921453186048,-0.0265141381393619
70.16845331288762,-34.80148177165385,-13.684116461100555,131.63169434109003,-0.026508732463283783
70.19974583497209,-34.822260936567346,-13.660718849173161,131.5841706411031,-0.026503617199007765
70.23104687686079,-34.843026338672615,-13.63729763445819,131.53664334174078,-0.02649831706150358
70.26235643900577,-34.86377795196696,-13.613852822081197,131.48911252143353,-0.026493119259532964
70.29367452184836,-34.8845157504198,-13.590384417187291,131.44157815408713,-0.026487853171585807
70.3250011258353,-34.9052397080164,-13.566892424958255,131.3940402539437,-0.026482644436850493
70.3563362514063,-34.92594979872431,-13.543376850599529,131.34649883484428,-0.026477367884092468
70.387679899009,-34.94664599653372,-13.51983769935579,131.298953908776,-0.026472150744743374
70.4190320690797,-34.96732827540568,-13.496274976490955,131.2514054321502,-0.026466927690322356
70.4503927620549,-34.98799660930285,-13.472688687299994,131.2038534688575,-0.02646164437412238
70.48176197837853,-35.00865097220964,-13.449078837116799,131.15629798892152,-0.026456459636551147
70.51313971847932,-35.029291338070664,-13.42544543129038,131.10873900180485,-0.026451170757764344
70.54452598280244,-35.04991768087634,-13.401788475217739,131.06117658455886,-0.0264459052649384
70.57592077178386,-35.07052997459389,-13.378107974317443,131.01361059579904,-0.026440778582981446
70.60732408583715,-35.0911281931312,-13.354403934015853,130.9660411213085,-0.026435422682872398
70.63873592541414,-35.11171231050162,-13.330676359810067,130.9184682642771,-0.02643018626011854
70.67015629094678,-35.13228230066592,-13.306925257207334,130.87089186707513,-0.026425010501023243
70.70158518284983,-35.15283813754013,-13.283150631728603,130.82331197223692,-0.026419731789086125
70.73302260155822,-35.17337979509651,-13.259352488946382,130.77572868036373,-0.02641444926722712
70.76446854750806,-35.19390724731234,-13.235530834465482,130.72814193159846,-0.026409241994602182
70.79592302111483,-35.21442046811051,-13.211685673900613,130.6805516428196,-0.026404056706651198
70.82738602279599,-35.23491943142099,-13.187817012899531,130.63295799519614,-0.02639865336931728
70.85885755300077,-35.255404111262166,-13.163924857173528,130.58536091835973,-0.02639355111525183
70.89033761212879,-35.275874481519196,-13.140009212414428,130.53776031511728,-0.026388260572582086
70.92182620060397,-35.2963305161452,-13.116070084369744,130.49015633387424,-0.026382998723567173
70.95332331885483,-35.31677218910773,-13.092107478822737,130.4425489757822,-0.02637771190185521
70.98482896730458,-35.33719947436196,-13.068121401582358,130.39493814516354,-0.026372561061909657
71.01634314635427,-35.357612345804434,-13.04411185846615,130.34732388105377,-0.026367235981997375
71.04786585643294,-35.37801077741015,-13.020078855351054,130.29970627658204,-0.02636198696788746
71.07939709795396,-35.39839474311348,-12.9960223981293,130.25208517194721,-0.0263568438262488
71.11093687131608,-35.41876421681095,-12.97194249270958,130.2044607295808,-0.026351419996993926
71.1424851769603,-35.43911917251647,-12.94783914507388,130.156832937036,-0.026346295605922943
71.17404201528048,-35.459459584117404,-12.923712361188125,130.10920167541263,-0.026341008344522313
71.20560738668887,-35.47978542555356,-12.8995621470677,130.06156707188242,-0.02633574826136975
71.23718129159694,-35.50009667076481,-12.875388508758327,130.01392906566164,-0.026330533214234165
71.2687637304083,-35.52039329367178,-12.851191452328974,129.9662877106573,-0.026325218538072372
71.30035470354126,-35.54067526823772,-12.826970983894325,129.9186430208722,-0.02631999301016239
71.3319542113966,-35.56094256838021,-12.80272710958277,129.87099491140765,-0.026314777143695116
71.363562254371,-35.58119516800778,-12.778459835549693,129.823343451398,-0.026309480245065894
71.39517883287378,-35.60143304106626,-12.7541691679942,129.77568864340574,-0.026304266544266715
71.4268039473051,-35.621656161478576,-12.729855113137322,129.72803052645625,-0.026298931578854687
71.45843759807829,-35.641864503206385,-12.705517677244186,129.68036906707638,-0.02629375982006751
71.49007978557945,-35.662058040139044,-12.68115686658427,129.63270421754726,-0.026288482523947315
71.5217305102092,-35.682236746208375,-12.656772687472486,129.58503607946875,-0.02628320368496998
71.55338977237068,-35.7024005953558,-12.63236514625733,129.53736461491513,-0.02627797322837548
71.58505757245588,-35.72254956149453,-12.607934249307437,129.4896898111448,-0.026272713450197976
71.61673391085942,-35.74268361854772,-12.583480003025151,129.4420116956106,-0.026267457741729353
71.64841878797765,-35.76280274044596,-12.559002413845645,129.39433030254202,-0.026262165263716303
71.68011220420954,-35.78290690112979,-12.534501488237689,129.34664559820314,-0.026256951734157236
71.71181415993792,-35.80299607449818,-12.509977232685703,129.29895754900411,-0.026251701267005666
71.74352465555171,-35.82307023446936,-12.485429653710902,129.25126623835638,-0.026246400910926213
71.77524369144733,-35.84312935498546,-12.460858757873174,129.20357163482842,-0.026241190059402536
71.80697126800897,-35.86317340995738,-12.436264551751464,129.15587377641418,-0.02623585292558892
71.83870738563438,-35.88320237333653,-12.411647041968974,129.10817262656934,-0.026230687288945148
71.87045204469344,-35.90321621900032,-12.387006235153407,129.0604681477526,-0.02622539647627504
71.90220524557509,-35.92321492088156,-12.362342137981695,129.01276046016235,-0.026220103687299632
71.93396698867096,-35.94319845292388,-12.337654757164733,128.96504951063596,-0.02621487634725857
71.96573727435938,-35.96316678903677,-12.31294409943155,128.91733529895876,-0.026209588826975022
71.9975161030215,-35.98311990314087,-12.288210171545252,128.86961778783981,-0.02620440747270142
72.02930347502819,-36.00305776913145,-12.263452980290321,128.82189708293882,-0.026199008940105083
72.06109939077841,-36.02298036098459,-12.23867253250888,128.77417312799065,-0.0261938943837358
72.09290385062901,-36.04288765256296,-12.213868835034456,128.72644589880642,-0.026188527459938295
72.12471685497133,-36.06277961782789,-12.189041894764205,128.6787154998972,-0.02618330321534029
72.15653840417893,-36.082656230695,-12.164191718609834,128.6309818521525,-0.026178028144797985
72.18836849862414,-36.10251746507944,-12.139318313512874,128.5832449496889,-0.026172815376928407
72.22020713867246,-36.12236329488099,-12.114421686439831,128.53550484022483,-0.026167493018690584
72.25205432470581,-36.14219369404822,-12.089501844403586,128.48776154691296,-0.02616225990033395
72.28391005709128,-36.16200863649193,-12.064558794434378,128.4400150171873,-0.02615700020287442
72.3157743361993,-36.18180809613562,-12.039592543596664,128.39226533219215,-0.026151683213261202
72.3476471624046,-36.201592046918186,-12.014603098990056,128.34451239794853,-0.026146531497516338
72.37952853605799,-36.22136046271569,-11.989590467723348,128.29675628380133,-0.026141143620615044
72.4114184575458,-36.241113317506205,-11.964554656969081,128.24899704236748,-0.02613593932712118
72.44331692722426,-36.26085058518789,-11.939495673903354,128.20123453855513,-0.026130704374759665
72.4752239454502,-36.28057223966419,-11.914413525734032,128.15346888830112,-0.02612537825424061
72.5071395125976,-36.30027825488971,-11.889308219715742,128.10570008977749,-0.026120150346593284
72.5390636290224,-36.319968604772605,-11.864179763117841,128.05792808490867,-0.026114892797372297
72.57099629508404,-36.339643263234564,-11.839028163244075,128.01015295752637,-0.02610957827734042
72.60293751115186,-36.359302204228534,-11.81385342743838,127.96237469361404,-0.026104341101802202
72.6348872775774,-36.378945401661504,-11.788655563059503,127.91459321107163,-0.02609912135282455
72.6668455947082,-36.398572829433476,-11.763434577494133,127.86680859484946,-0.026093796417864284
72.6988124629135,-36.41818446150841,-11.738190478179407,127.81902091364871,-0.026088506688258746
72.73078788255056,-36.43778027182098,-11.712923272572933,127.77123001444579,-0.026083353898901433
72.76277185395459,-36.45736023424822,-11.687632968143742,127.72343600199346,-0.02607795488163496
72.7947643775006,-36.47692432278199,-11.662319572427553,127.67563893557335,-0.026072742440837817
72.82676545353176,-36.496472511329685,-11.636983092963034,127.62783865645106,-0.026067521682679468
72.85877508238653,-36.51600477378908,-11.611623537315557,127.58003526266054,-0.026062207359584044
72.8907932644252,-36.53552108412337,-11.586240913101394,127.5322288375053,-0.026056900824784665
72.92282000000334,-36.5550214162864,-11.560835227963551,127.484419267402,-0.026051715392937394
72.95485528945407,-36.57450574417354,-11.535406489556424,127.43660658405686,-0.02604637937110828
72.98689913313028,-36.593974041739514,-11.509954705583029,127.38879079851915,-0.026041186946507533
73.01895153136664,-36.61342628289228,-11.48447988376153,127.34097192107875,-0.0260358447944881
73.05101248452142,-36.63286244161022,-11.458982031862115,127.29315004355705,-0.02603055743855928
73.08308199293721,-36.65228249183182,-11.433461157672138,127.24532496783682,-0.026025436045582155
73.115160056931,-36.671686407428474,-11.407917268987996,127.19749684770599,-0.02601998637901031
73.14724667687231,-36.69107416242293,-11.382350373683073,127.14966572875912,-0.02601482042230997
73.17934185308764,-36.710445730721645,-11.356760479624272,127.10183147693391,-0.026009521692144155
73.21144558591315,-36.72980108626279,-11.33114759471827,127.05399415340726,-0.026004294250710595
73.24355787568251,-36.74914020298177,-11.30551172690069,127.00615381701037,-0.02599893663938501
73.27567872274543,-36.768463054863716,-11.279852884152286,126.95831043455942,-0.025993750333320426
73.30780812742314,-36.78776961581816,-11.254171074460274,126.91046395928859,-0.025988448626936705
73.33994609005235,-36.807059859802756,-11.228466305856537,126.8626144819386,-0.025983168803819016
73.37209261096959,-36.826333760779164,-11.202738586403893,126.81476197562299,-0.02597790138246785
73.40424769050344,-36.84559129269132,-11.176987924189485,126.76690639912196,-0.025972671389816793
73.43641132897642,-36.86483242947082,-11.151214327326555,126.71904780034478,-0.0259673570393691
73.46858352672754,-36.88405714510033,-11.125417803973555,126.6711862459285,-0.025962059809031414
73.50076428408727,-36.90326541354329,-11.099598362312884,126.62332160184498,-0.025956895951206593
73.53295360136556,-36.922457208709915,-11.073756010540553,126.57545397004422,-0.02595149322832131
73.56515147890762,-36.94163250461488,-11.047890756913908,126.52758335788904,-0.02594632645016387
73.59735791702455,-36.96079127518125,-11.02200260969235,126.47970971360277,-0.025940984962304986
73.62957291604651,-36.97993349439084,-10.99609157718268,126.43183307576513,-0.025935781434130802
73.66179647628596,-36.999059136180485,-10.970157667708026,126.38395342570051,-0.025930465277093587
73.69402859807356,-37.018168174543106,-10.944200889637816,126.33607086811574,-0.025925153410113394
73.72626928173644,-37.03726058346703,-10.918221251369914,126.28818528281994,-0.025919972500962854
73.75851852757685,-37.056336336874985,-10.892218761312334,126.24029668856758,-0.025914645419710645
73.79077633591852,-37.07539540875562,-10.866193427922408,126.19240514172715,-0.025909408571692775
73.823042707075,-37.09443777307382,-10.840145259680082,126.14451062805259,-0.025904102005400245
73.85531764136772,-37.113463403821925,-10.814074265103047,126.09661317587924,-0.025898839590176716
73.88760113911256,-37.13247227498166,-10.78798045273547,126.04871278224675,-0.025893541324825155
73.91989320062407,-37.15146436053613,-10.761863831151608,126.00080939025958,-0.025888345508397893
73.95219382619935,-37.17043963442454,-10.735724408942723,125.95290301667146,-0.02588303422607409
73.98450301615924,-37.1893980706583,-10.709562194750594,125.90499380609225,-0.02587768723034483
74.0168207708251,-37.20833964325579,-10.683377197248637,125.85708158256669,-0.025872571132764925
74.04914709048134,-37.2272643261359,-10.657169425111263,125.80916642992582,-0.02586713870375856
74.08148197545972,-37.246172093357075,-10.63093888708256,125.76124840290993,-0.02586196856962921
74.1138254260529,-37.265062918872374,-10.60468559190608,125.71332738246424,-0.025856669778021986
74.14617744256705,-37.283936776678644,-10.578409548367508,125.66540347474347,-0.025851390161028227
74.1785380253095,-37.30279364078148,-10.552110765284672,125.61747665229001,-0.025846126096668566
74.21090717458416,-37.321633485182204,-10.525789251503703,125.56954694629233,-0.02584081794160747
74.2432848906969,-37.34045628389337,-10.499445015903554,125.52161429942915,-0.025835620781936675
74.27567117393812,-37.35926201088916,-10.473078067381952,125.47367877279198,-0.02583025187561311
74.30806602461999,-37.37805064021104,-10.446688414885083,125.42574033221979,-0.025825096616542725
74.34046944302594,-37.396822145824665,-10.420276067367519,125.37779901206132,-0.025819695821391972
74.37288142947232,-37.41557650179483,-10.39384103384107,125.32985483228269,-0.025814524136316446
74.40530198424185,-37.43431368209662,-10.367383323322171,125.28190772987804,-0.025809196316268296
74.43773110763621,-37.453033660764504,-10.340902944873195,125.23395778098023,-0.02580394775024195
74.4701687999487,-37.47173641181524,-10.31439990758134,125.18600496138893,-0.025798651093577134
74.502615061476,-37.49042190928079,-10.28787422056736,125.1380492795019,-0.02579339859099747
74.53506989250691,-37.509090127176535,-10.261325892977075,125.09009071898281,-0.025788124616648783
74.56753329333071,-37.527741039525345,-10.23475493398792,125.04212929019018,-0.02578286607374221
74.60000526423521,-37.546374620351514,-10.208161352807178,124.99416501356045,-0.02577757523323032
74.63248580551685,-37.56499084371031,-10.181545158680217,124.94619796368966,-0.025772241618754323
74.66497491747191,-37.58358968366231,-10.154906360883235,124.89822800791796,-0.02576709844466829
74.69747260036343,-37.60217111417921,-10.12824496869785,124.85025516928481,-0.02576174519188985
74.72997885448933,-37.620735109338575,-10.101560991463918,124.8022795741656,-0.02575647137353523
74.76249368014042,-37.63928164320367,-10.074854438546847,124.75430116399183,-0.025751186139722677
74.79501707759874,-37.65781068981869,-10.048125319336334,124.70631987150415,-0.025745989628310418
74.82754904713353,-37.6763222231977,-10.021373643243608,124.65833576798461,-0.025740633006921018
74.86008958904176,-37.6948162174402,-9.994599419732177,124.61034891690007,-0.02573537350393375
74.8926387035993,-37.713292646591576,-9.967802658280574,124.56235915052133,-0.025730201915970457
74.92519639106933,-37.7317514846672,-9.940983368388892,124.51436663929813,-0.02572476474297973
74.95776265175897,-37.75019270581451,-9.914141559621571,124.4663713890217,-0.02571959204803425
74.990337485929,-37.76861628405462,-9.8872772415391,124.41837323051037,-0.025714341339960593
75.02292089384804,-37.78702219343754,-9.860390423739176,124.37037232870777,-0.02570899700224007
75.05551287580572,-37.80541040807986,-9.833481115866295,124.32236867774547,-0.025703757696877546
75.08811343207289,-37.82378090205089,-9.806549327582013,124.27436222883478,-0.02569847073903233
75.12072256292042,-37.84213364942653,-9.77959506857907,124.22635296750332,-0.02569325203424395
75.153340268612,-37.860468624268506,-9.752618348575952,124.178340954798,-0.02568790485386765
75.18596654942972,-37.87878580069802,-9.725619177335956,124.13032618576644,-0.025682696557243558
75.21860140563604,-37.897085152786424,-9.698597564638861,124.0823086606897,-0.025677354210292335
75.25124483750749,-37.91536665465224,-9.671553520306025,124.03428836131852,-0.02567217053635929
75.28389684529856,-37.93363028035727,-9.64448705417366,123.98626530322608,-0.02566681666998373
75.31655742928902,-37.95187600404276,-9.617398176127669,123.93823954953045,-0.025661570631583506
75.3492265897388,-37.9701037997997,-9.59028689607053,123.89021097233606,-0.02565635857698183
75.38190432690105,-37.98831364170638,-9.563153223930934,123.84217968859406,-0.02565099270276005
75.41459064105695,-38.00650550392833,-9.535997169688917,123.79414572903048,-0.02564575294475883
75.44728553246419,-38.024679360570616,-9.508818743338635,123.7461089800153,-0.02564051354755274
75.47998900137392,-38.042835185726275,-9.481617954900665,123.69806948448516,-0.025635233063384066
75.51270104804962,-38.060972953530644,-9.454394814435469,123.65002732761359,-0.025629907882605007
75.54542167275902,-38.07909263813845,-9.427149332037704,123.60198242866525,-0.02562471866873562
75.57815087574747,-38.097194213647086,-9.3998815178172,123.55393482038248,-0.025619363694650458
75.6108886572845,-38.11527765423035,-9.372591381931887,123.50588453687263,-0.02561414321788502
75.64363501761628,-38.133342934001824,-9.345278934554244,123.4578314786429,-0.02560889945586031
75.67638995699232,-38.1513900270921,-9.317944185890331,123.40977577674573,-0.025603544409006807
75.70915347568148,-38.169418907694265,-9.2905871461907,123.36171739725462,-0.02559834192314731
75.74192557392425,-38.18742954992734,-9.263207825717286,123.31365627230275,-0.025593064315217535
75.77470625197255,-38.20542192794999,-9.235806234770841,123.26559251788765,-0.02558774340168201
75.80749551008618,-38.22339601595125,-9.208382383688878,123.2175260788997,-0.025582529603108684
75.84029334850621,-38.24135178807312,-9.180936282826758,123.16945696016265,-0.025577208691465514
75.87309976748489,-38.25928921849739,-9.153467942578775,123.1213851451906,-0.025572017551483566
75.90591476725702,-38.27720828136265,-9.125977373358113,123.07331066209967,-0.025566671863172907
75.93873834808241,-38.295108950887204,-9.098464585626342,123.02523358385906,-0.0255614082276667
75.97157051020754,-38.312991201258356,-9.070929589866873,122.97715382112474,-0.02555616269042164
76.00441125386818,-38.33085500663975,-9.043372396586724,122.92907136395401,-0.02555091474824669
76.03726057930342,-38.34870034121228,-9.01579301632638,122.88098629186204,-0.025545589826707342
76.07011848676558,-38.36652717920255,-8.988191459666284,122.83289859796172,-0.025540354331635106
76.10298497648961,-38.38433549479454,-8.960567737206123,122.78480822776945,-0.025535092425376226
76.13586004871519,-38.40212526219337,-8.932921859579746,122.73671527873759,-0.025529758564536875
76.16874370368998,-38.419896455635026,-8.905253837457442,122.68861965961135,-0.025524598673228257
76.20163594163381,-38.437649049282626,-8.877563681521863,122.64052140676135,-0.025519231349709386
76.23453676279635,-38.455383017393316,-8.849851402506625,122.59242055311732,-0.02551404162632329
76.26744616740369,-38.47309833416379,-8.82211701116066,122.54431708040124,-0.02550869884647004
76.30036415570187,-38.49079497385632,-8.794360518277161,122.49621103421192,-0.025503465880931036
76.33329072791942,-38.508472910690074,-8.766581934668578,122.44810234296729,-0.02549820414790807
76.36622588428388,-38.52613211888937,-8.738781271177837,122.3999910347449,-0.025492946542287936
76.39916962502751,-38.54377257270002,-8.71095853868194,122.35187718190133,-0.025487613264146364
76.43212195039114,-38.56139424640076,-8.683113748094565,122.30376071938257,-0.025482429716124192
76.46508286058898,-38.57899711420074,-8.655246910342731,122.25564162793619,-0.025477121973948528
76.49805235585505,-38.59658115037505,-8.627358036397727,122.2075200087849,-0.025471836357872014
76.53103043642068,-38.61414632919856,-8.599447137259734,122.15939578425467,-0.025466615990209315
76.56401710250398,-38.63169262491602,-8.57151422395148,122.11126898744224,-0.025461300482851737
76.59701235433613,-38.64922001181831,-8.543559307535144,122.06313962068388,-0.02545608276999146
76.63001619213546,-38.66672846416682,-8.515582399095427,122.0150077010106,-0.025450754393187294
76.66302861613386,-38.68421795627103,-8.487583509756972,121.96687322693931,-0.025445543376715132
76.69604962654233,-38.70168846238731,-8.459562650661693,121.91873613740471,-0.02544028470810795
76.72907922358146,-38.719139956808554,-8.43151983298885,121.87059656953969,-0.02543493386935478
76.7621174074871,-38.73657241388023,-8.403455067958188,121.82245445759486,-0.025429749820163345
76.79516417846263,-38.75398580786164,-8.37536836679985,121.77430973277227,-0.025424476812999117
76.82821953672416,-38.77138011305732,-8.347259740782953,121.72616250432915,-0.02541918248838344
76.86128348249562,-38.788755303803114,-8.319129201212496,121.67801276122357,-0.025413926283363624
76.8943560159919,-38.806111354417055,-8.290976759418779,121.62986047896855,-0.025408662952260873
76.92743713742549,-38.8234482392184,-8.2628024267614,121.58170565580447,-0.025403413739479738
76.96052684700985,-38.840765932537956,-8.234606214631627,121.53354835944721,-0.02539808410318868
76.99362514496407,-38.85806440873138,-8.206388134455041,121.48538847482341,-0.02539296140455215
77.02673203147911,-38.87534364208062,-8.178148197670717,121.43722612145474,-0.025387510879240852
77.05984750679421,-38.892603607017456,-8.149886415778484,121.38906128790588,-0.025382405352125013
77.09297157109454,-38.90984427782415,-8.121602800275738,121.34089387295944,-0.02537706668150509
77.12610422459818,-38.92706562888807,-8.093297362711104,121.2927240411265,-0.025371792916122318
77.15924546751694,-38.944267634586694,-8.06497011466007,121.24455168122326,-0.02536657652838459
77.19239530004577,-38.961450269257114,-8.036621067718904,121.19637679191774,-0.025361309303394457
77.22555372239255,-38.97861350728294,-8.008250233522574,121.1481994897479,-0.025355975347182706
77.25872073477638,-38.995757323089414,-7.979857623743573,121.10001971826985,-0.025350772682673463
77.29189633738527,-39.012881691019636,-7.9514432500666254,121.05183735308273,-0.02534557478726227
77.32508053041003,-39.029986585433804,-7.92300712420909,121.00365259226055,-0.02534016886112077
77.35827331407971,-39.04707198081313,-7.894549257942026,120.95546542407297,-0.025334988440607747
77.39147468858106,-39.06413785152352,-7.866069663041908,120.90727569286567,-0.025329751356587136
77.42468465410407,-39.08118417194988,-7.837568351318385,120.85908352044821,-0.02532444800321788
77.45790321085815,-39.09821091654264,-7.80904533462314,120.81088896286114,-0.02531915716365146
77.4911303590433,-39.11521805973386,-7.780500624833211,120.76269187464979,-0.025314011790639954
77.52436609883665,-39.13220557589763,-7.751934233843147,120.7144923680484,-0.025308608200207926
77.55761043045695,-39.1491734395391,-7.72334617360247,120.66629046820013,-0.025303441546281086
77.59086335408257,-39.1661216250545,-7.694736456068264,120.61808603789261,-0.02529818718265139
77.62412486990446,-39.18305010688569,-7.666105093235504,120.56987925097512,-0.025292843174500822
77.65739497812878,-39.199958859528785,-7.637452097138904,120.52167000968063,-0.02528769654750761
77.69067367892941,-39.216847857394264,-7.608777479825355,120.47345833977214,-0.025282330669182708
77.72396097251266,-39.23371707499714,-7.580081253391136,120.42524429307535,-0.02527713480925686
77.75725685905677,-39.250566486779235,-7.551363429947226,120.37702775549315,-0.025271893728446206
77.79056133874371,-39.26739606720279,-7.522624021637636,120.32880883283106,-0.025266592082717886
77.82387441177033,-39.28420579078328,-7.493863040645608,120.28058754391974,-0.02526133641097231
77.85719607832354,-39.30099563201629,-7.465080499179404,120.23236383483278,-0.025256096418538692
77.89052633858095,-39.31776556537963,-7.436276409472966,120.18413767775303,-0.025250875022547362
77.92386519272425,-39.334515565372485,-7.407450783793251,120.13590921746429,-0.0252454885559465
77.95721264095644,-39.351245606566444,-7.378603634449742,120.08767832745657,-0.02524040474501211
77.99056868342956,-39.36795566339248,-7.349734973754463,120.0394449925498,-0.025235039329437197
78.02393332034,-39.384645710422134,-7.320844814074838,119.99120936025335,-0.025229806277856166
78.0573065518666,-39.401315722184584,-7.291933167799194,119.94297130136232,-0.02522458119220457
78.09068837818342,-39.41796567320468,-7.263000047344009,119.89473091385842,-0.025219250805388563
78.12407879947753,-39.434595538055596,-7.23404546516366,119.84648811180983,-0.025214120705043537
78.15747781590787,-39.451205291237024,-7.205069433727906,119.79824297593119,-0.02520871110417781
78.19088542767413,-39.46779490737883,-7.1760719655592355,119.74999550725106,-0.02520358505106696
78.22430163492994,-39.484364360984614,-7.14705307318601,119.70174559872714,-0.025198292454965413
78.25772643785157,-39.500913626634976,-7.118012769179618,119.6534933925335,-0.025193023017688367
78.29115983662051,-39.517442678935666,-7.088951066144812,119.60523888829647,-0.02518773596909949
78.32460183141094,-39.5339514924807,-7.059867976712998,119.55698196810323,-0.02518259477326194
78.35805242237292,-39.55044004180303,-7.030763513533779,119.50872270255581,-0.02517723918316484
78.39151160969543,-39.56690830156047,-7.0016376893077785,119.46046119781396,-0.025171992344478235
78.42497939354453,-39.583356246353226,-6.9724905167542595,119.41219724563713,-0.025166859144152568
78.45845577406868,-39.59978385073937,-6.943322008613977,119.36393103788954,-0.02516141735200844
78.49194075146471,-39.61619108943053,-6.914132177683605,119.31566251868601,-0.025156347543706336
78.52543432586981,-39.63257793697169,-6.884921036759424,119.26739161073247,-0.02515099149653841
78.55893649746355,-39.64894436804352,-6.855688598690263,119.21911848110588,-0.025145752688387188
78.5924472664099,-39.66529035729094,-6.826434876347634,119.17084298438067,-0.025140553314498004
78.62596663286146,-39.68161587933515,-6.797159882627774,119.12256519709366,-0.025135239927564345
78.6594945969899,-39.69792090886443,-6.767863630467351,119.074285124964,-0.025130039733612396
78.69303115894866,-39.714205420523,-6.738546132824218,119.02600273468123,-0.025124766178690396
78.72657631890054,-39.73046938899377,-6.709207402691865,118.97771808039583,-0.025119514761565088
78.76013007700463,-39.74671278895849,-6.67984745309222,118.92943111554575,-0.025114294801881976
78.79369243341148,-39.76293559508425,-6.65046629707367,118.88114184657093,-0.025109041826762355
78.82726338827887,-39.77913778207016,-6.621063947718867,118.83285033147187,-0.025103766687798724
78.86084294177097,-39.795319324644744,-6.591640418144125,118.78455658422186,-0.025098504333312354
78.89443109404367,-39.81148019752234,-6.562195721492122,118.73626051623833,-0.025093326416446207
78.92802784523509,-39.82762037537514,-6.532729870927472,118.68796214290039,-0.025088053221099606
78.96163319550148,-39.843739832939995,-6.503242879654349,118.63966155223453,-0.025082788984515634
78.9952471450016,-39.859838544971765,-6.473734760908573,118.59135873119507,-0.02507753449082059
79.0288696938847,-39.87591648620765,-6.44420552795185,118.5430535949961,-0.025072363436151594
79.062500842289,-39.891973631362866,-6.4146551940712255,118.49474625163332,-0.025067001976494196
79.09614059038311,-39.90800995525382,-6.385083772598801,118.44643668981202,-0.025061847775516555
79.12978893829923,-39.92402543259913,-6.355491276879693,118.39812481192581,-0.02505659275043969
79.16344588618242,-39.940020038166736,-6.325877720295789,118.34981073126161,-0.02505132615972821
79.19711143418469,-39.95599374675626,-6.296243116262822,118.30149443587585,-0.025046088667812105
79.23078558244939,-39.971946533152156,-6.266587478222818,118.25317588833168,-0.02504086603632365
79.26446833111666,-39.98787837214023,-6.236910819646741,118.20485512987769,-0.025035590930260865
79.29815968033503,-40.00378923854265,-6.207213154040187,118.15653216400722,-0.02503036981819222
79.33185963024054,-40.01967910715489,-6.177494494933158,118.10820692910706,-0.02502516368693341
79.36556818096908,-40.03554795278324,-6.147754855886224,118.05987953677194,-0.02501983213311475
79.39928533267488,-40.05139575029978,-6.1179942504987865,118.01154992127843,-0.025014699190970456
79.4330110854776,-40.067222474484616,-6.088212692384948,117.96321805208756,-0.025009404405422413
79.46674543952494,-40.08302810021244,-6.058410195201941,117.91488407472684,-0.0250041259771764
79.5004883949632,-40.09881260236514,-6.028586772636785,117.86654787750459,-0.0249989519086484
79.53423995191176,-40.1145759557554,-5.998742438394834,117.81820940454769,-0.02499373641625182
79.56800011050143,-40.130318135241296,-5.968877206217045,117.76986881953125,-0.02498839821502501
79.60176887088454,-40.146039115756565,-5.9389910898843645,117.7215260556511,-0.02498325692884784
79.63554623317924,-40.161738872143786,-5.9090841031927965,117.6731810843125,-0.024977953440968526
79.66933219752599,-40.17741737932413,-5.879156259978894,117.62483396880027,-0.024972751881800568
79.70312676404977,-40.19307461218333,-5.849207574102501,117.57648463684437,-0.024967528205212003
79.73692993287597,-40.208710545620015,-5.819238059454187,117.5281331469451,-0.02496227135690133
79.77074170413961,-40.22432515457327,-5.78924772995913,117.4797795385543,-0.024957012084554038
79.80456207797074,-40.239918413978565,-5.759236599570604,117.43142371550927,-0.024951859645244254
79.83839105448425,-40.25549029873739,-5.7292046822656975,117.38306578195126,-0.024946498040005108
79.87222863382534,-40.271040783853906,-5.6991519920648805,117.33470569116197,-0.0249413989270177
79.90607481609628,-40.28656984421503,-5.669078543000672,117.28634339622892,-0.024936090871004655
79.9399296014329,-40.30207745482003,-5.638984349150167,117.23797904793025,-0.024930841384584002
79.9737929899629,-40.317563590655396,-5.60886942461726,117.18961251194906,-0.024925676959558427
80.00766498179308,-40.3330282266567,-5.578733783527493,117.1412438061644,-0.024920414180929995
80.04154557704925,-40.34847133782828,-5.5485774400446575,117.09287301903308,-0.024915163730913122
80.07543477586056,-40.36389289919611,-5.518400408364075,117.04450015474737,-0.02490990178213845
80.10933257834523,-40.37929288576546,-5.4882027027069515,116.99612505101413,-0.0249048236177645
80.14323898459706,-40.394671272479854,-5.45798433731475,116.94774789282249,-0.02489937633262191
80.17715399476833,-40.41002803447059,-5.427745326483091,116.89936864898387,-0.02489433538553137
80.21107760894664,-40.425363146686166,-5.397485684511417,116.8509872208341,-0.02488899481508846
80.24500982726266,-40.44067658421711,-5.3672054257471355,116.8026037744486,-0.02488378809665021
80.27895064982734,-40.45596832210603,-5.336904564559655,116.75421813545708,-0.024878632043219967
80.31290007673995,-40.47123833537278,-5.306583115344148,116.70583043043607,-0.024873300286682304
80.3468581081304,-40.4864865991414,-5.276241092538181,116.65744065653323,-0.024868152289869324
80.38082474410004,-40.501713088462004,-5.245878510598183,116.60904878036098,-0.024862860005964167
80.4147999847674,-40.51691777844853,-5.215495384017485,116.56065482464577,-0.024857693774424625
80.44878383023314,-40.5321006441733,-5.185091727312697,116.51225877408167,-0.02485242236103492
80.48277628060949,-40.54726166075582,-5.154667555035164,116.4638606288679,-0.02484726104514274
80.51677733599482,-40.562400803285946,-5.124222881761026,116.41546042241832,-0.024841960464762787
80.55078699650795,-40.57751804692738,-5.093757722104396,116.36705816744191,-0.02483679122528298
80.58480526224601,-40.59261336679089,-5.0632720907013375,116.31865381425669,-0.024831546779305862
80.61883213331605,-40.60768673802946,-5.0327660022218,116.27024743054828,-0.024826313215093748
80.65286760982195,-40.62273813579874,-5.002239471364619,116.22183894410249,-0.024821147978516464
80.68691169186029,-40.63776753524488,-4.971692512856093,116.1734284759538,-0.02481579542959656
80.7209643795501,-40.65277491159429,-4.9411251414609785,116.1250158864504,-0.02481077848920577
80.75502567295852,-40.66776023992922,-4.910537371955019,116.07660123857606,-0.024805366535510867
80.78909557221674,-40.682723495537495,-4.879929219167456,116.02818464618113,-0.02480023802613595
80.82317407741205,-40.697664653587466,-4.849300697941767,115.97976593596806,-0.02479500877763692
80.85726118863778,-40.71258368927782,-4.818651823153533,115.93134519025719,-0.024789801063118573
80.89135690598965,-40.72748057782738,-4.787982609709415,115.88292242584006,-0.02478455975334251
80.92546122957005,-40.74235529448757,-4.757293072548437,115.83449767659123,-0.024779322492089993
80.95957415947495,-40.75720781450337,-4.726583226637444,115.78607084556853,-0.024774185527767407
80.99369569578498,-40.77203811308589,-4.6958530869678965,115.73764202316906,-0.0247688609057802
81.0278258386087,-40.7868461655434,-4.665102668571013,115.6892111769855,-0.02476376220454508
81.0619645880214,-40.80163194709652,-4.634331986496579,115.64077832105005,-0.02475842838108007
81.09611194413075,-40.81639543307662,-4.60354105583552,115.59234347082943,-0.024753318971941208
81.13026790701112,-40.83113659872711,-4.572729891697341,115.5439065878671,-0.024748029605546246
81.16443247676341,-40.845855419384456,-4.541898509230505,115.4954677624794,-0.024742833011485204
81.1986056534708,-40.86055187034483,-4.511046923607649,115.44702685224357,-0.024737694286152506
81.23278743721005,-40.87522592689742,-4.480175150029055,115.39858403778743,-0.024732318327873124
81.266977828094,-40.88987756445398,-4.4492832037370516,115.35013921805523,-0.024727287905783792
81.30117682617666,-40.9045067582611,-4.41837109998445,115.30169234004194,-0.024721971209406095
81.33538443155805,-40.91911348371785,-4.3874388540692095,115.25324358242122,-0.024716763524917976
81.36960064432411,-40.933697716193464,-4.356486481314453,115.20479279516078,-0.02471160505902286
81.40382546454555,-40.948259431024375,-4.325513997068383,115.15634002611395,-0.024706353679866833
81.43805889231011,-40.96279860361192,-4.294521416714677,115.10788531261448,-0.02470116225422666
81.47230092769883,-40.97731520935011,-4.263508755664654,115.05942865709592,-0.02469591352748329
81.50655157079467,-40.99180922365213,-4.232476029360129,115.01096999337868,-0.024690794676707983
81.54081082166257,-41.00628062188978,-4.201423253267205,114.962509402282,-0.024685468719801373
81.57507868039727,-41.0207293795386,-4.170350442891142,114.91404684782779,-0.02468039162852472
81.60935514705466,-41.03515547196938,-4.139257613754938,114.86558231197371,-0.024675089190261224
81.6436402217267,-41.04955887467603,-4.1081447814226495,114.81711591338625,-0.02466989636079163
81.67793390448668,-41.063939563109194,-4.07701196148242,114.76864749894646,-0.0246647549415619
81.7122361953962,-41.078297512697304,-4.0458591695486765,114.72017717325372,-0.02465946076809828
81.74654709454225,-41.09263269895928,-4.014686421273226,114.67170491798366,-0.024654343102653888
81.78086660198568,-41.106945097348614,-3.9834937323300736,114.62323074336847,-0.024649043657680343
81.81519471780962,-41.1212346833996,-3.952281118429393,114.57475462128168,-0.024643959697791113
81.84953144206462,-41.13550143256124,-3.9210485953016914,114.52627655392986,-0.024638663143444442
81.88387677483584,-41.14974532040143,-3.8897961787173405,114.47779664127151,-0.0246334826729886
81.91823071618943,-41.163966322444,-3.858523884470979,114.42931475759538,-0.02462831900803023
81.95259326618262,-41.17816441419904,-3.827231728384347,114.38083095131034,-0.024623094463156036
81.98696442488735,-41.192339571235316,-3.795919726313214,114.33234528777449,-0.024617869522623702
82.02134419237329,-41.20649176912855,-3.7645878941424313,114.28385768850904,-0.024612729792417846
82.05573256869583,-41.22062098342459,-3.73323624778251,114.23536821253423,-0.024607450052435073
82.0901295539296,-41.23472718974171,-3.701864803179009,114.18687682290869,-0.02460235291950857
82.12453514811853,-41.248810363618674,-3.6704735762988148,114.13838349360836,-0.024597104712893402
82.15894935133758,-41.26287048070272,-3.639062583146975,114.08988842132285,-0.02459181314472277
82.19337216366173,-41.27690751665485,-3.6076318397580223,114.04139134248085,-0.02458683737862421
82.22780358511008,-41.29092144697969,-3.5761813621812903,113.9928923564796,-0.024581450148571955
82.26224361577304,-41.30491224741368,-3.5447111665148787,113.94439160421177,-0.024576336633002623
82.29669225569985,-41.318879893581375,-3.5132212688754674,113.8958889078443,-0.024571134778505893
82.3311495049454,-41.332824361138584,-3.4817116854108168,113.84738437211857,-0.02456592023201283
82.3656153635677,-41.34674562576518,-3.45018243229933,113.7988779344529,-0.02456078688063854
82.40008983161347,-41.36064366312024,-3.418633525745917,113.75036967192162,-0.02455549939557948
82.43457290915354,-41.37451844895093,-3.387064981991297,113.7018595724754,-0.024550383344219648
82.46906459622811,-41.388369958924805,-3.355476817297959,113.65334756282404,-0.024545175167376043
82.50356489288788,-41.40219816875605,-3.3238690479607356,113.60483370722945,-0.02453999917805068
82.53807379918524,-41.41600305417818,-3.2922416903043916,113.55631804851606,-0.024534752790163917
82.57259131517846,-41.42978459095675,-3.2605947606845596,113.50780050798137,-0.024529661506986745
82.60711744090163,-41.44354275479812,-3.2289282754807043,113.45928114349535,-0.024524361718705163
82.6416521764229,-41.457277521527004,-3.1972422511099,113.41075999517874,-0.024519234967143574
82.67619552177528,-41.470988866875054,-3.1655367040103695,113.36223687754782,-0.02451412776376743
82.71074747699463,-41.484676766596834,-3.1338116506505136,113.3137120743098,-0.024508719442412886
82.74530804216376,-41.498341196605814,-3.102067107539298,113.26518540673142,-0.024503797883796627
82.77987721728238,-41.511982132574715,-3.0703030911957363,113.21665683254541,-0.024498437388221703
82.81445500242188,-41.52559955041084,-3.0385196181849046,113.16812658205838,-0.02449328835239428
82.84904139762476,-41.53919342594746,-3.0067167050946826,113.11959444541041,-0.024488144831887777
82.88363640292097,-41.55276373499402,-2.9748943685395957,113.071060481694,-0.0244829412521744
82.91824001835388,-41.56631045341569,-2.943052625166575,113.02252472567395,-0.024477767750367394
82.95285224396461,-41.579833557085415,-2.911191491651493,112.97398718922663,-0.024472557297850504
82.98747307979724,-41.59333302190014,-2.8793109847002865,112.92544785020799,-0.024467411225523115
83.02210252588326,-41.60680882373273,-2.847411121045514,112.87690669487647,-0.024462219730120072
83.05674058226128,-41.62026093849278,-2.815491917450658,112.8283637696303,-0.024457031984758015
83.09138724897129,-41.63368934210895,-2.783553390708884,112.77981907477293,-0.024451845285965952
83.12604252604712,-41.64709401050589,-2.7515955576413855,112.73127254248331,-0.02444673096095647
83.16070641351179,-41.66047491958985,-2.7196184350964994,112.68272424718715,-0.02444147440032234
83.19537891141363,-41.673832045359724,-2.6876220399570405,112.63417421650281,-0.024436337353294278
83.23006001978094,-41.68716536376806,-2.6556063891311252,112.5856223913999,-0.02443114532786651
83.26474973864659,-41.700474850796276,-2.6235714995570465,112.53706880601142,-0.024425979015845596
83.29944806803621,-41.71376048241838,-2.591517388200898,112.4885133909829,-0.02442086186594787
83.33415500797061,-41.72702223460918,-2.559444072057412,112.43995626610987,-0.024415580142523683
83.36887055850295,-41.74026008345749,-2.5273515681564667,112.39139746732846,-0.024410431942333725
83.40359471965353,-41.75347400496649,-2.495239893551026,112.34283677048424,-0.024405380695300787
83.43832749142365,-41.76666397509593,-2.4631090653198697,112.29427433709947,-0.02440007521958798
83.47306887386851,-41.77982996998684,-2.430959100580969,112.24571029792881,-0.02439489765245928
83.50781886701573,-41.79297196571043,-2.3987900164763025,112.19714439661357,-0.024389854847160265
83.5425774708619,-41.806089938257486,-2.3666018301715495,112.14857672849558,-0.024384586600745294
83.5773446854484,-41.81918386377241,-2.3343945588696737,112.10000741676869,-0.024379425157147444
83.61212051079936,-41.8322537183616,-2.302168219799625,112.05143631978797,-0.024374304219325606
83.646904946929,-41.84529947811636,-2.2699228302178796,112.00286353630888,-0.024369048744327458
83.68169799386918,-41.85832111919746,-2.237658407412925,111.95428897139719,-0.024364028141960536
83.71649965161468,-41.871318617667384,-2.2053749686964683,111.90571267512856,-0.024358727532708135
83.75130992020944,-41.88429194975515,-2.173072531417229,111.85713476483129,-0.02435359432209507
83.78612879966896,-41.89724109161779,-2.14075111294839,111.80855506640668,-0.0243484733890782
83.82095628999807,-41.910166019395035,-2.1084107306906366,111.75997364392072,-0.02434328103077739
83.85579239121626,-41.92306670928734,-2.0760514020760477,111.71139052086806,-0.02433814162684571
83.89063710333885,-41.93594313749779,-2.043673144565065,111.66280573744164,-0.024332914089226717
83.9254904263909,-41.948795280275284,-2.011275975648666,111.61421923740862,-0.02432783609167481
83.96035236037041,-41.961623113800925,-1.9788599128428601,111.56563100437626,-0.02432263006146636
83.99522290529289,-41.97442661432556,-1.946424973695284,111.51704107029232,-0.02431752514064439
84.03010206116781,-41.98720575809699,-1.9139711757816982,111.46844953622502,-0.024312223040544464
84.06498982803012,-41.99996052145776,-1.881498536710475,111.41985629438031,-0.024307231060574988
84.0998862058554,-42.01269088058257,-1.849007074110615,111.3712612339153,-0.024302044950184648
84.13479119465768,-42.02539681178085,-1.816496805645523,111.32266465125348,-0.024296761535294364
84.16970479447279,-42.038078291445274,-1.783967749010408,111.27406638806882,-0.024291738833637676
84.20462700528083,-42.05073529581224,-1.7514199219220157,111.22546633982336,-0.02428656502028066
84.23955782708917,-42.06336780121838,-1.7188533421296919,111.1768647205565,-0.024281333444422803
84.27449725991957,-42.07597578406059,-1.6862680274133852,111.12826142541284,-0.024276269486770752
84.30944530375899,-42.0885592206446,-1.6536639955777628,111.0796564141371,-0.024271083210004322
84.34440195861607,-42.10111808735883,-1.621041264458928,111.03104981100644,-0.024265900191152066
84.37936722449984,-42.11365236060911,-1.5883998519219327,110.98244152302802,-0.024260811846057904
84.41434110139969,-42.126162016756716,-1.5557397758584246,110.93383156894937,-0.024255615188363944
84.44932358932664,-42.138647032246034,-1.5230610541913983,110.88522004324695,-0.024250437619681417
84.48431468828339,-42.15110738351163,-1.4903637048716252,110.83660678698156,-0.02424540461978829
84.51931439824605,-42.16354304692209,-1.4576477458758637,110.78799188515603,-0.024240147331758097
84.55432271923625,-42.175953999003404,-1.4249131952147054,110.73937547817212,-0.024234979370291548
84.58933965125527,-42.18834021623458,-1.3921600709251585,110.69075732871732,-0.02422996377262769
84.6243651942688,-42.200701675000666,-1.359388391069415,110.64213748559268,-0.02422475223058962
84.659399348286,-42.21303835183798,-1.3265981737430244,110.59351615266146,-0.024219538526559833
84.69444211332137,-42.22535022331574,-1.293789437070617,110.54489321651982,-0.02421444505129824
84.7294934893521,-42.23763726590357,-1.26096219920186,110.49626851111383,-0.024209401811177162
84.76455347635367,-42.249899456082545,-1.2281164783151932,110.44764229889967,-0.02420405204105198
84.7996220743536,-42.26213677051178,-1.1952522926225353,110.39901447023207,-0.02419912300568618
84.8346992833076,-42.27434918564377,-1.1623696603579738,110.35038496221084,-0.024193840937667292
84.86978510322773,-42.286536678122445,-1.1294685997892118,110.301753958357,-0.02418873431403815
84.90487953409972,-42.29869922452708,-1.0965491292104803,110.25312126919937,-0.02418364582096058
84.93998257590147,-42.310836801428664,-1.0636112669438773,110.20448702320748,-0.024178416478941634
84.97509422863476,-42.322949385489295,-1.03065503134214,110.15585117227495,-0.02417338086965306
85.01021449226769,-42.33503695328303,-0.9976804407839781,110.10721368677899,-0.024168186047723108
85.04534336679554,-42.34709948148525,-0.9646875136788668,110.05857468659961,-0.024163036338911984
85.08048085221128,-42.35913694678088,-0.9316762684645791,110.00993412713846,-0.02415789090200548
85.115626948495,-42.371149325831304,-0.898646723606468,109.96129189279502,-0.024152861078058113
85.15078165560917,-42.38313659526025,-0.865598897597484,109.91264809801928,-0.024147607035227392
85.18594497355822,-42.39509873183879,-0.8325328089618077,109.86400279924258,-0.024142526222355312
85.22111690231502,-42.40703571225659,-0.7994484762501137,109.81535585170012,-0.024137420950022657
85.25629744185348,-42.41894751322332,-0.7663459180416349,109.76670738341285,-0.024132218135054916
85.29148659216804,-42.430834111530075,-0.7332251529454682,109.71805738622898,-0.02412712600153651
85.32668435322681,-42.44269548390223,-0.7000861995974934,109.66940572652807,-0.02412206078244107
85.36189072499648,-42.4545316070782,-0.6669290766621763,109.62075259210336,-0.02411678746891497
85.39710570748063,-42.46634245792834,-0.6337538028342947,109.57209792461846,-0.024111785126382616
85.4323293006327,-42.47812801318377,-0.6005603968345556,109.52344162419715,-0.02410661587777912
85.46756150442907,-42.489888249664205,-0.5673488774132264,109.47478380237585,-0.02410150803451102
85.50280231885856,-42.501623144245265,-0.534119263349494,109.42612466854206,-0.02409613641878981
85.53805174387618,-42.5133326737146,-0.5008715734495943,109.37746301274284,-0.024092231951881846
85.57330977944913,-42.525016814914885,-0.4676058265486785,109.32880320076995,-0.02408254260314393
85.60857642562566,-42.53667554495858,-0.43432204151288956,109.28013036407845,-0.024093361567413357
85.64385168207778,-42.54830883980277,-0.4010202372249711,109.23149541622792,-0.024033290274756144
85.67913554987454,-42.55991667977785,-0.3677004326365196,109.18272428532089,-0.024216343722070648
85.7144280248869,-42.57149902902003,-0.33436264658931264,109.13440776966483,-0.023571875242885853
85.74972912233558,-42.58305591204121,-0.3010068984202763,109.08456016796853,-0.025718658167197636
85.78503878534171,-42.594587128425005,-0.2676332059317815,109.03977538759705,-0.018554859507368585
85.82035722590757,-42.60609331681892,-0.2342415921245997,108.97849196873122,-0.04201408317632293
85.85568365309442,-42.61757198549754,-0.2008320631971456,108.96980884631714,0.033433757574173294
85.89102101753335,-42.62903232192276,-0.1674046789963082,108.79825292351802,-0.20290620530668615
85.92635831880601,-42.64043993913141,-0.13395933356744164,109.10968977418139,0.5104611232021578
85.96173667923844,-42.65192302526687,-0.10049641200202776,108.08330525252076,-1.523630088494751
85.99700393162557,-42.66300320490343,-0.06701494384187444,110.30439488408832,3.712757089040355
86.03274461695486,-42.67546516093636,-0.03351723885122168,106.7895042256437,-7.1979655752666165
86.06702329982384,-42.68265006170276,-5.227117077719086e-15,99.77173826923126,8.30141791298825e-15
