ArcLength_mm,X_mm,Y_mm,TangentAngle_deg,Curvature
0.0,-108.76417221537514,1.3319769536547065e-14,-63.871343812101806,5.494815472218891e-17
0.010183717251868963,-108.7590912772317,-0.008825653780222353,-52.29208794731423,40.62963405612447
0.022650452693256787,-108.75029184884708,-0.01765682316312398,-45.02792019028869,-19.32790134044349
0.0344386306681428,-108.74248993374329,-0.026493749137733006,-49.048171430004125,7.602082682687267
0.04640862418428893,-108.73442205281445,-0.0353362624735856,-47.37699580833356,-2.7191549696574326
0.05833405039647756,-108.72642670089705,-0.04418443392644888,-48.012226650540846,0.861300503710698
0.07027583268349283,-108.7184131892245,-0.05303823507987821,-47.82612640620803,-0.3172182739885296
0.08221768110974664,-108.71040581163867,-0.06189767343867914,-47.915077379768185,0.057221188595208805
0.09416396158714939,-108.70239805699073,-0.07076274437710135,-47.91560134619696,-0.058751745436834035
0.10611350748331319,-108.69439166712425,-0.07963344719201097,-47.94372908692932,-0.023413866650005374
0.11806663355722123,-108.68638617277884,-0.08850977994964936,-47.963372136374964,-0.0339495338227068
0.13002325789681224,-108.67838169704231,-0.09739174109465826,-47.985539870267395,-0.030767714756244215
0.1419834047074379,-108.67037820444833,-0.10627932895806287,-48.006923270707965,-0.03164134398756406
0.15394706990989976,-108.66237570180489,-0.11517254190493438,-48.02850497216412,-0.03132794553553195
0.16591425689149925,-108.65437418474713,-0.12407137829105129,-48.0499964128986,-0.03135953566559047
0.17788496704844708,-108.64637365188315,-0.13297583647524877,-48.07148152101962,-0.03129102959376595
0.18985920234335274,-108.63837410096707,-0.141885914816025,-48.092935937551886,-0.0312516214522112
0.20183696456959566,-108.63037553000008,-0.15080161167238113,-48.11436676984385,-0.031203882346576985
0.21381825554497985,-108.6223779369407,-0.1597229254037372,-48.13577223578749,-0.031159324019417102
0.2258030770573764,-108.61438131978599,-0.16864985436979915,-48.15715241084346,-0.031111849757915932
0.23779143100240396,-108.60638567636528,-0.1775823969305744,-48.17850749390382,-0.03106791492151932
0.24978331909420298,-108.59839100477403,-0.18652055144671006,-48.19983776661591,-0.03102130547054511
0.2617787431812364,-108.59039730289989,-0.19546431627898975,-48.2211426274074,-0.030975663862784
0.27377770507345545,-108.58240456868202,-0.2044136897885431,-48.24242262853566,-0.030930706036001
0.2857802065305224,-108.5744128001292,-0.2133686703370946,-48.263677558740085,-0.03088449437087772
0.2977862493786885,-108.56642199514374,-0.2223292562864869,-48.28490741739408,-0.030839579089631204
0.30979583538489414,-108.5584321517111,-0.23129544599908822,-48.30611226846008,-0.030793598010292883
0.32180896636021344,-108.55044326774401,-0.2402672378374332,-48.327292068002585,-0.030748599405615713
0.33382564406745335,-108.5424553412219,-0.24924463016465706,-48.348446964134766,-0.030703093236216755
0.34584587028712355,-108.53446837009128,-0.258227621344141,-48.369576871205034,-0.030657890220562437
0.3578696467899005,-108.52648235230737,-0.2672162097396489,-48.390681824729725,-0.03061253167784786
0.36989697535463323,-108.5184972858069,-0.2762103937152608,-48.41176176396289,-0.030567196777064907
0.3819278577489986,-108.51051316853737,-0.28521017163549023,-48.432816914895035,-0.030522538504513155
0.39396229571201113,-108.50252999848331,-0.29421554186516663,-48.45384704625667,-0.030476577129489885
0.4060002910487843,-108.49454777352334,-0.30322650276933966,-48.47485222020521,-0.03043214349251725
0.4180418454801006,-108.48656649165747,-0.31224305271374414,-48.495832687504375,-0.03038695376144375
0.4300869607596053,-108.47858615082987,-0.3212651900642774,-48.516788185818584,-0.030341804001389198
0.44213563864838235,-108.47060674896724,-0.33029291318709214,-48.537718828325595,-0.030296986695509252
0.4541878808838388,-108.4626282840261,-0.3393262204488328,-48.55862465809214,-0.03025200612805797
0.4662436892062872,-108.45465075395249,-0.34836511021651856,-48.5795056992437,-0.030207303046127794
0.47830306535056866,-108.44667415669458,-0.35740958085743474,-48.600361823464844,-0.03016199541807978
0.4903660110722263,-108.4386984901631,-0.36645963073919263,-48.62119324251632,-0.030117949580786806
0.5024325280615377,-108.43072375236173,-0.3755152582300205,-48.64199993470019,-0.03007262361839996
0.5145026180773398,-108.42274994118388,-0.38457646169808074,-48.66278169013144,-0.030028014924269247
0.5265762828395434,-108.41477705457618,-0.39364323951220975,-48.68353886057819,-0.02998375065157639
0.5386535240463155,-108.40680509051202,-0.4027155900415041,-48.70427120764444,-0.029938497112087462
0.5507343434372802,-108.39883404689591,-0.41179351165535333,-48.72497898314153,-0.029895004815058874
0.5628187426769193,-108.39086392174043,-0.4208770027237125,-48.745661940114616,-0.029849082256238637
0.5749067235489995,-108.38289471287062,-0.42996606161631107,-48.76632006370975,-0.029805591222806748
0.5869982877119062,-108.37492641829643,-0.4390606867039383,-48.78695373484395,-0.029760813116551692
0.5990934368689993,-108.36695903595313,-0.44816087635735063,-48.80756272864272,-0.029716717020276992
0.6111921727069489,-108.3589925637955,-0.45726662894778136,-48.828147073138354,-0.02967206418095797
0.6232944969419438,-108.3510269997272,-0.466377942846597,-48.84870664426992,-0.029627654451802623
0.6354004112627563,-108.3430623416878,-0.4754948164257522,-48.86924185008105,-0.029584222718232245
0.6475099173190348,-108.33509858767036,-0.4846172480575472,-48.88975224253885,-0.029538565529711697
0.659623016864656,-108.32713573550289,-0.4937452361141346,-48.9102381106314,-0.029496010864529628
0.6717397115005812,-108.31917378324106,-0.5028787789689355,-48.930699521736585,-0.029450592316906617
0.6838600029584316,-108.31121272873462,-0.5120178749947336,-48.951136252091736,-0.02940743699210321
0.6959838928703392,-108.30325256997968,-0.5211625225654276,-48.97154859255597,-0.02936290051695691
0.7081113829318834,-108.29529330486909,-0.5303127200546771,-48.991936168577425,-0.02931871095339379
0.7202424748138715,-108.28733493132779,-0.5394684658367738,-49.01229952606824,-0.029275789905092876
0.7323771701259387,-108.2793774473683,-0.5486297582865984,-49.0326382430793,-0.029230430516489103
0.7445154706034148,-108.27142085080456,-0.5577965957785206,-49.05295237158833,-0.02918770300573697
0.7566573778402109,-108.26346513966145,-0.5669689766883135,-49.073242362105795,-0.029143683434933294
0.7688028934954245,-108.25551031185772,-0.5761468993914121,-49.09350758800841,-0.029099198554631348
0.7809520192562929,-108.2475563652631,-0.5853303622635122,-49.113748541485016,-0.029056637626492875
0.7931047567048715,-108.2396032979028,-0.5945193636813361,-49.13396512741726,-0.0290119236920803
0.8052611075320453,-108.23165110762888,-0.6037139020210575,-49.15415714606279,-0.028968833004262347
0.8174210733511401,-108.22369979240665,-0.612913975659801,-49.174324950998006,-0.028925178553700817
0.8295846557936574,-108.21574935016761,-0.6221195829748928,-49.194468284982655,-0.028881393454621526
0.8417518564984438,-108.20779977882594,-0.6313307223438454,-49.214587376530844,-0.028838438797720443
0.8539226770698544,-108.19985107634291,-0.6405473921446833,-49.234681990390804,-0.02879402295999772
0.8660971191755024,-108.1919032405766,-0.6497695907553963,-49.25475234057261,-0.0287517259872925
0.8782751843785508,-108.18395626953995,-0.6589973165549864,-49.274798464734026,-0.028707462288005674
0.890456874335478,-108.17601016109616,-0.6682305679219881,-49.29482015503466,-0.02866461343771932
0.9026421906366767,-108.16806491320459,-0.6774693432359441,-49.31481773381997,-0.028621317493400994
0.9148311348923459,-108.1601205237879,-0.686713640876314,-49.33479086132295,-0.028577539323256056
0.9270237087315703,-108.15217699073384,-0.695963459222854,-49.354739907508765,-0.02853534675392727
0.9392199137004253,-108.1442343120524,-0.7052187966562417,-49.37466477465115,-0.028491332823341316
0.951419751446075,-108.13629248559151,-0.7144796515565862,-49.39456515821688,-0.02844831254222265
0.9636232235657629,-108.1283515092703,-0.7237460223047274,-49.41444150103754,-0.028405609655173584
0.9758303316190664,-108.12041138106039,-0.7330179072821859,-49.434293769741146,-0.028362537737079047
0.9880410771953071,-108.11247209888153,-0.7422953048705185,-49.454121765373486,-0.028319309808044826
1.0002554619011348,-108.10453366062056,-0.7515782134512818,-49.473925508463,-0.02827634051347752
1.0124734873122625,-108.0965960642065,-0.7608666314066906,-49.493705318345256,-0.028234068977697823
1.0246951549700158,-108.08865930761591,-0.7701605571196732,-49.51346096687641,-0.028190491744984777
1.0369204664937013,-108.0807233886983,-0.7794599889724411,-49.533192294661255,-0.028147808783372343
1.0491494234500227,-108.07278830537922,-0.7887649253482996,-49.55289972265681,-0.02810547733837517
1.0613820273727739,-108.06485405562927,-0.7980753646309707,-49.57258313337121,-0.028062502733266072
1.0736182798433116,-108.05692063733939,-0.8073913052040171,-49.59224230575486,-0.028019584297963467
1.0858581824368154,-108.04898804840435,-0.8167127454514378,-49.61187753085637,-0.027977483726126736
1.0981017366734234,-108.04105628679856,-0.8260396837579608,-49.63148886659465,-0.0279347741695968
1.1103489441192111,-108.03312535041925,-0.8353721185082011,-49.65107592015713,-0.027891597451361768
1.122599806362394,-108.02519523712316,-0.8447100480866728,-49.67063904253771,-0.02784993198447388
1.1348543248993095,-108.01726594490458,-0.8540534708794192,-49.690178371654746,-0.027807191932522676
1.1471125012843668,-108.00933747166133,-0.8634023852719132,-49.709693551013764,-0.02776455461111655
1.1593743370735186,-108.001409815283,-0.8727567896499201,-49.72918484443988,-0.027722609504844432
1.1716398337821965,-107.99348297371665,-0.8821166823999818,-49.74865218773287,-0.027679833100239613
1.1839089929616515,-107.9855569448476,-0.8914820619084577,-49.76809563170071,-0.02763807611108356
1.19618181611816,-107.97763172662565,-0.9008529265625494,-49.78751517075812,-0.027595327494880587
1.2084583048015292,-107.96970731692673,-0.9102292747491635,-49.80691077971953,-0.02755354237380161
1.2207384605183973,-107.96178371368859,-0.9196111048560809,-49.82628253936071,-0.02751106707402874
1.2330222847994772,-107.95386091480545,-0.9289984152709819,-49.84563045273737,-0.02746933409278812
1.2453097791393926,-107.94593891822221,-0.938391204382245,-49.86495460733218,-0.027427150920755376
1.257600945062525,-107.93801772183147,-0.9477894705781613,-49.88425473677872,-0.027384704781435693
1.2698957840965053,-107.93009732351497,-0.9571932122472773,-49.903531243665775,-0.027343708355227456
1.282194297700408,-107.92217772125613,-0.966602427779254,-49.92278386612742,-0.027300562327076946
1.294496487437582,-107.91425891286916,-0.9760171155627017,-49.942012626264386,-0.027259671941929603
1.3068023547562742,-107.90634089634295,-0.9854372739879091,-49.96121786020133,-0.02721752315597001
1.319111901162212,-107.89842366957062,-0.9948629014447612,-49.980399155401635,-0.027175505890845254
1.3314251281673666,-107.8905072304296,-1.0042939963232522,-49.99955673014097,-0.02713401951886927
1.3437420372431552,-107.88259157685539,-1.0137305570142163,-50.018690684282696,-0.027092328698252573
1.356062629868521,-107.87467670676591,-1.0231725819086384,-50.037800940745946,-0.027050667157956898
1.3683869075355504,-107.86676261805269,-1.0326200693975587,-50.056887338721985,-0.02700856415240795
1.3807148717471807,-107.8588493085844,-1.042073017872096,-50.07595017194549,-0.02696777781811045
1.3930465239331107,-107.85093677633947,-1.051531425724779,-50.09498946766639,-0.026925795258521436
1.4053818655893968,-107.84302501918587,-1.0609952913472334,-50.11400491939234,-0.026884184577147398
1.4177208981933997,-107.83511403501562,-1.0704646131318531,-50.13299689952075,-0.026843299070917707
1.4300636231813286,-107.82720382177963,-1.0799393894716327,-50.151965223016774,-0.026801208187350854
1.4424100420507262,-107.81929437732659,-1.0894196187590899,-50.17090989475286,-0.02676037959087171
1.4547601562352854,-107.8113856996002,-1.0989052993878976,-50.18983110825586,-0.02671887908899583
1.467113967196678,-107.80347778649424,-1.1083964297514801,-50.20872867412311,-0.026677558256779366
1.4794714763909835,-107.79557063590578,-1.1178930082436884,-50.22760275826863,-0.026636569687230244
1.491832685257163,-107.78766424575315,-1.1273950332587976,-50.24645325589189,-0.026594995964781678
1.5041975952627833,-107.77975861390387,-1.136902503190945,-50.265280206364714,-0.02655416164164848
1.5165662078342943,-107.77185373828482,-1.1464154164351374,-50.284083754009075,-0.026513038422253405
1.5289385244064402,-107.76394961680413,-1.1559337713864857,-50.30286382434009,-0.026472036860735116
1.541314546419973,-107.75604624735473,-1.1654575664402353,-50.321620309528754,-0.026430652508654718
1.5536942753249947,-107.74814362780907,-1.1749867999917007,-50.340353435257704,-0.026390330426337934
1.5660777125176673,-107.74024175611956,-1.1845214704373614,-50.35906315250994,-0.0263488508751382
1.5784648594510309,-107.73234063014267,-1.194061576172945,-50.37774936439247,-0.026308298551498813
1.590855717533975,-107.72444024779944,-1.2036071155952262,-50.3964122739322,-0.026267434094310076
1.6032502881889519,-107.71654060698353,-1.2131580871008305,-50.415051671081294,-0.026226332947502307
1.615648572846612,-107.70864170557024,-1.2227144890867028,-50.433667805342225,-0.02618621398899551
1.6280505728899317,-107.70074354150478,-1.2322763199505846,-50.452260548585166,-0.026144795018905456
1.6404562897670234,-107.69284611262331,-1.2418435780895074,-50.47082984646506,-0.026104565887255043
1.6528657248603074,-107.68494941686086,-1.2514162619017755,-50.489376040019245,-0.026064149322136798
1.6652788795610736,-107.67705345213285,-1.260994369785863,-50.507898778767064,-0.026022977091308356
1.677695755303703,-107.66915821628035,-1.2705779001396145,-50.5263982154201,-0.0259830327060562
1.6901163534601462,-107.66126370723833,-1.2801668513622113,-50.54487440418593,-0.025942055686363655
1.7025406754451204,-107.65336992286807,-1.2897612218523493,-50.56332729885558,-0.025902024061371844
1.7149687226260957,-107.64547686110062,-1.2993610100097936,-50.58175709301212,-0.025861633607339556
1.7274004963917833,-107.63758451982758,-1.308966214234129,-50.6001634901984,-0.025820811998022164
1.7398359981546616,-107.6296928968969,-1.3185768329246415,-50.61854669014374,-0.0257810249995361
1.7522752292716648,-107.62180199023993,-1.3281928644820584,-50.63690672507347,-0.025740336515851198
1.764718191135364,-107.61391179772531,-1.3378143073064828,-50.65524359456703,-0.02570059082006599
1.777164885098142,-107.6060223172805,-1.3474411597990752,-50.67355732997009,-0.025660032882706515
1.7896153125502692,-107.59813354676677,-1.3570734203604582,-50.69184783213198,-0.02562005162061181
1.802069474854972,-107.59024548408314,-1.366711087392004,-50.710115264082035,-0.025579993306013477
1.814527373376356,-107.58235812712175,-1.37635415929533,-50.72835951153495,-0.025539734214768073
1.8269890094907884,-107.57447147374941,-1.3860026344719112,-50.746580625401414,-0.02549986103113017
1.8394543845461135,-107.56658552187324,-1.3956565113240655,-50.76477878220752,-0.025460138806264795
1.8519234998823895,-107.55870026940741,-1.405315788254537,-50.78295384198479,-0.025419916054826932
1.8643963568729878,-107.55081571420702,-1.4149804636655325,-50.80110573157063,-0.02538003143034173
1.8768729568705347,-107.54293185415489,-1.4246505359598425,-50.81923464906855,-0.02534040547452866
1.8893533012079593,-107.53504868716014,-1.4343260035409806,-50.837340563785034,-0.025300477286151972
1.9018373912357667,-107.52716621109802,-1.444006864812194,-50.85542342343687,-0.025260747393777063
1.914325228294046,-107.5192844238552,-1.4536931181772987,-50.873483330786506,-0.025221148820932845
1.92681681371649,-107.51140332332292,-1.4633847620402571,-50.891520204400805,-0.025181233581221932
1.9393121488471445,-107.50352290737045,-1.4730817948051502,-50.90953418371291,-0.025142066816830608
1.9518112349951813,-107.4956431739178,-1.4827842148770274,-50.927525208962955,-0.025102026870286388
1.9643140735139297,-107.48776412080808,-1.4924920206600114,-50.945493201428235,-0.025062682416733595
1.9768206657188865,-107.47988574594017,-1.502205210559406,-50.96343841228593,-0.025023385886933678
1.9893310129231803,-107.4720080472113,-1.5119237829807683,-50.98136060602617,-0.024983426252512642
2.001845116467566,-107.46413102246845,-1.521647736329077,-50.999260016848574,-0.02494482520899876
2.0143629776299194,-107.45625466965507,-1.5313770690111812,-51.01713654792059,-0.024904637612310692
2.0268845977628818,-107.44837898658788,-1.5411117794321174,-51.034990130765,-0.02486588758572862
2.0394099781510002,-107.44050397118865,-1.5508518659989228,-51.05282100597686,-0.024826412779129035
2.0519391201082726,-107.43262962132583,-1.5605973271179994,-51.07062894409624,-0.0247870652205161
2.0644720249440343,-107.42475593487012,-1.57034816119614,-51.08841417555716,-0.024748274357524035
2.077008693940734,-107.4168829097303,-1.5801043666409142,-51.106176548602384,-0.024708546099214024
2.08954912842049,-107.40901054374535,-1.5898659418590864,-51.123916201563354,-0.024670182216272877
2.1020933296471287,-107.40113883484351,-1.5996328852590966,-51.141633048026776,-0.02463025541255673
2.11464129895174,-107.39326778083829,-1.6094051952478534,-51.15932712561241,-0.024592037964592858
2.127193037580951,-107.38539737967514,-1.619182870234637,-51.17699866109275,-0.024552783856452966
2.139748546833223,-107.3775276292097,-1.6289659086274628,-51.194647269039514,-0.024513536289333806
2.152307828013353,-107.36965852728207,-1.6387543088345558,-51.21227323194114,-0.024475109361397917
2.164870882372077,-107.36179007181468,-1.6485480692654613,-51.22987663119594,-0.024436129733119514
2.177437711190913,-107.35392226067474,-1.6583471883293406,-51.24745725611748,-0.02439715908883226
2.190008315758129,-107.3460550917128,-1.6681516644351633,-51.265015197074746,-0.024358472215040693
2.2025826973321156,-107.33818856282302,-1.6779614959930695,-51.28255069942174,-0.024320224441304612
2.2151608571589185,-107.33032267191398,-1.6877766814134068,-51.3000634221395,-0.024280632569935356
2.227742796552645,-107.3224574167781,-1.6975972191051458,-51.317553489733704,-0.024242771898641123
2.2403285167332614,-107.314592795356,-1.7074231074798443,-51.33502119757124,-0.024204041052409527
2.2529180189625975,-107.30672880551465,-1.7172543449481152,-51.35246614880621,-0.024165121211312132
2.2655113045160435,-107.29886544509337,-1.7270909299203319,-51.36988864560921,-0.02412726968427899
2.2781083746147295,-107.29100271201494,-1.736932860808559,-51.38728858428997,-0.024088103956236853
2.2907092305446857,-107.28314060409059,-1.7467801360232231,-51.40466587872315,-0.024050055196768907
2.3033138735309686,-107.27527911922601,-1.7566327539766242,-51.42202089721859,-0.02401195115696101
2.3159223048005693,-107.26741825531835,-1.7664907130810938,-51.43935328529242,-0.02397296208194856
2.328534525628868,-107.25955801018033,-1.7763540117479708,-51.456663193902486,-0.023935317312672417
2.341150537224164,-107.251698381729,-1.7862226483903707,-51.473950692829696,-0.02389656276782255
2.3537703408395765,-107.24383936780289,-1.7960966214205556,-51.49121573542878,-0.023858830132816786
2.3663939376862797,-107.23598096630376,-1.805975929251901,-51.508458377945466,-0.023820272495528927
2.37902132901526,-107.22812317506296,-1.8158605702970423,-51.52567846952183,-0.02378216395447258
2.3916525160470683,-107.22026599195632,-1.8257505429694663,-51.5428763822755,-0.023744676142482036
2.4042874999715442,-107.21240941490491,-1.8356458456837328,-51.56005185108679,-0.023705876109126132
2.4169262820472732,-107.20455344171147,-1.845546476852586,-51.57720488004883,-0.023668440720044412
2.4295688634716597,-107.19669807027425,-1.8554524348908377,-51.594335577251,-0.023629980451646188
2.4422152454808246,-107.18884329842224,-1.8653637182121139,-51.61144389392955,-0.023592451451393964
2.4548654292585312,-107.18098912406543,-1.8752803252317862,-51.628530147066755,-0.023554907103769864
2.4675194159998153,-107.1731355450901,-1.8852022543651186,-51.64559384214693,-0.023516054624575667
2.480177206965711,-107.16528255926836,-1.8951295040255143,-51.66263525552469,-0.02347931360874795
2.4928388033024365,-107.15743016455647,-1.9050620726300023,-51.679654636782715,-0.02344119037777757
2.5055042062231374,-107.14957835879483,-1.91499995859358,-51.696651552641164,-0.02340329571709155
2.5181734169444416,-107.14172713981314,-1.9249431603315736,-51.713626224894064,-0.02336582476900645
2.5308464366445858,-107.13387650549895,-1.934891676260345,-51.730578813585254,-0.0233284118813383
2.54352326650097,-107.12602645373613,-1.9448455047965831,-51.74750914546662,-0.02329050455246507
2.5562039077228955,-107.11817698235056,-1.9548046443561198,-51.7644171929716,-0.023253056605213908
2.568888361487487,-107.11032808921611,-1.9647690933559405,-51.78130323581784,-0.023215960009342337
2.5815766289573485,-107.1024797722253,-1.9747388502134775,-51.798167006091155,-0.02317781555230817
2.5942687113476777,-107.09463202917853,-1.984713913344848,-51.815008607062836,-0.02314104376206419
2.606964609804226,-107.08678485798599,-1.99469428116843,-51.83182818972141,-0.023103355287333604
2.619664325512177,-107.07893825648716,-2.0046799521013914,-51.84862557209084,-0.023066123755307096
2.632367859639358,-107.07109222254539,-2.014670924561816,-51.865400930365354,-0.02302896021210792
2.64507521334683,-107.06324675402966,-2.0246671969678465,-51.88215416446699,-0.02299149427496105
2.6577863878107615,-107.05540184877903,-2.0346687677375335,-51.898885340081655,-0.022954551713345404
2.6705013841801075,-107.04755750467238,-2.044675635289822,-51.91559450695987,-0.02291726293014305
2.6832202036192006,-107.03971371955785,-2.054687798043259,-51.93228160164461,-0.022880186630954324
2.695942847285969,-107.03187049128907,-2.0647052544167765,-51.94894665961144,-0.022843035711850996
2.708669316336005,-107.02402781771843,-2.074728002829561,-51.96558975368373,-0.02280619961965293
2.721399611905868,-107.01618569672485,-2.084756041701545,-51.982210934521916,-0.022769228008340883
2.734133735145995,-107.00834412615872,-2.094789369452155,-51.99881000786615,-0.022731899660433798
2.7468716872206547,-107.0005031038426,-2.104827984500782,-52.01538719668892,-0.022695579575687307
2.759613469242429,-106.99266262767978,-2.11487188526844,-52.0319424790071,-0.022658231305822406
2.772359082373206,-106.98482269548619,-2.124921070174657,-52.04847575118676,-0.022621667543113472
2.7851085277386733,-106.97698330513317,-2.134975537640422,-52.06498721011786,-0.022584898765136766
2.797861806466501,-106.96914445448347,-2.145035286086644,-52.08147678118672,-0.022548170860100383
2.810618919688949,-106.96130614138707,-2.155100313934254,-52.09794443876921,-0.022511372138914867
2.823379868543918,-106.9534683636794,-2.165170619604113,-52.11439016968433,-0.022474648354280202
2.83614465415456,-106.94563111921542,-2.175246201517699,-52.13081420970321,-0.022438534606085404
2.8489132776199577,-106.93779440588527,-2.1853270580974824,-52.147216324136245,-0.022401209145279155
2.8616857400974807,-106.92995822147635,-2.1954131877639695,-52.16359659047574,-0.0223653472574582
2.8744620426712335,-106.9221225638937,-2.205504588940386,-52.17995519765107,-0.022328578167580587
2.887242186463831,-106.91428743097269,-2.215601260048712,-52.196291935248105,-0.022292181300446034
2.9000261725881304,-106.90645282055992,-2.225703199511328,-52.212606927978186,-0.022255792824692873
2.9128140021538145,-106.89861873050224,-2.2358104057508914,-52.228900114989585,-0.02221926973218446
2.925605676270051,-106.89078515864239,-2.245922877190287,-52.2451716787553,-0.02218341916266042
2.9384011960168492,-106.88295210286674,-2.256040612253347,-52.26142147969526,-0.022146555040774455
2.9512005625249333,-106.87511956097161,-2.266163609362373,-52.27764949600913,-0.022110684801864487
2.964003776873859,-106.86728753083412,-2.276291866941539,-52.29385595899848,-0.022074491279724114
2.976810840153083,-106.85945601030963,-2.286425383414735,-52.31004070574867,-0.022038216555447687
2.989621753462617,-106.85162499723089,-2.296564157205729,-52.32620378215559,-0.02200218785151698
3.002436517889951,-106.84379448944644,-2.306708186738699,-52.342345197586276,-0.021965978356509062
3.0152551345254253,-106.83596448479504,-2.316857470437876,-52.35846503648126,-0.021930219265760224
3.02807760443728,-106.8281349811477,-2.327012006728453,-52.37456329843503,-0.021894048258093452
3.0409039287183073,-106.82030597632881,-2.337171794034687,-52.39063984860422,-0.021857961684362423
3.053734108453329,-106.81247746817141,-2.3473368307814204,-52.40669492083155,-0.021822466605354314
3.0665681446937914,-106.80464945455967,-2.3575071153947373,-52.42272846400282,-0.021786280443361648
3.079406038527354,-106.79682193331158,-2.367682646299439,-52.438740388925886,-0.021750582226130532
3.0922477910227304,-106.78899490227214,-2.377863421921176,-52.45473078400032,-0.02171467592285843
3.1050934032495014,-106.78116835927992,-2.3880494406857133,-52.4706997111855,-0.02167918547899829
3.1179428762589243,-106.7733423021994,-2.3982407010195637,-52.486647147899426,-0.02164325717773572
3.13079621112509,-106.76551672885137,-2.408437201348422,-52.50257303333766,-0.021607640893748968
3.14365340890585,-106.7576916370792,-2.4186389400987935,-52.518477509221725,-0.02157213678487664
3.1565144706475765,-106.74986702474067,-2.428845915697672,-52.53436057211393,-0.02153655038651995
3.1693793974047937,-106.74204288967472,-2.4390581265718367,-52.55022214942621,-0.02150088849942916
3.1822481902413324,-106.73421922969956,-2.449275571147798,-52.5660622112713,-0.021465260277317523
3.1951208502059067,-106.726396042654,-2.4594982478527387,-52.58188105132608,-0.02143043407631673
3.2079973783113958,-106.71857332643263,-2.4697261551152914,-52.59767845190894,-0.021394254697206537
3.2208777756401634,-106.71075107880735,-2.479959291361607,-52.613454372110304,-0.021359356684148786
3.233762043208954,-106.70292929765633,-2.4901976550204,-52.62920911941856,-0.021324049686706086
3.2466501820544913,-106.69510798081875,-2.500441244519597,-52.64494233255761,-0.021288211920343556
3.2595421932379436,-106.68728712608751,-2.510690058286427,-52.66065433283446,-0.021253814123934203
3.272438077746843,-106.67946673137567,-2.520944094751052,-52.6763450969209,-0.021217952140481902
3.2853378366443087,-106.67164679446262,-2.5312033523405972,-52.69201435290397,-0.02118285724961251
3.2982414709554173,-106.66382731318784,-2.5414678294840365,-52.707662521923986,-0.021148173771917727
3.3111489816783166,-106.65600828543138,-2.551737524611233,-52.723289379858855,-0.02111251140683191
3.3240603698636297,-106.64818970897934,-2.562012436150291,-52.73889492907048,-0.021077873121503398
3.336975636513183,-106.64037158169573,-2.5722925625311426,-52.754479314211174,-0.02104264065845461
3.3498947826519045,-106.63255390140043,-2.5825779021829995,-52.77004242108515,-0.02100773244039402
3.362817809289328,-106.62473666593453,-2.592868453535689,-52.785584417778175,-0.02097299282928843
3.375744717427081,-106.61691987314795,-2.6031642150195955,-52.80110517304779,-0.020937768783994774
3.388675508091585,-106.60910352084304,-2.61346518506395,-52.81660472830243,-0.020903179636240627
3.401610182274096,-106.6012876068776,-2.623771362099724,-52.83208323710591,-0.020868408720661712
3.4145487409768247,-106.59347212908567,-2.634082744557363,-52.847540488248626,-0.020833288163043848
3.427491185218751,-106.58565708526763,-2.644399330866674,-52.862976655253554,-0.02079902392621318
3.4404375159711353,-106.57784247330088,-2.654721119459706,-52.87839182676323,-0.020764180901644603
3.453387734239429,-106.5700282909992,-2.665048108766986,-52.89378572171672,-0.02072919733895977
3.466341841037747,-106.56221453615676,-2.6753802972188288,-52.909158579990574,-0.020695039361120465
3.4792998373262933,-106.55440120665511,-2.6857176832478364,-52.92451055653778,-0.020660511647279826
3.492261724088756,-106.54658830033081,-2.69606026528573,-52.93984135094632,-0.020625582742634336
3.5052275023361514,-106.53877581496866,-2.706408041763157,-52.95515106960712,-0.02059137992345961
3.518197173037932,-106.53096374841982,-2.716761011112535,-52.97043984690914,-0.020556851122882327
3.531170737173633,-106.52315209851344,-2.7271191717660104,-52.98570761923966,-0.02052251528926547
3.5441481957173546,-106.51534086308307,-2.737482522155985,-53.00095441954306,-0.020488113344412202
3.557129549645977,-106.5075300399526,-2.747851060714754,-53.01618022444745,-0.020453752826214432
3.570114799934523,-106.49971962694438,-2.7582247858748534,-53.03138507616398,-0.02041950253862497
3.5831039475497257,-106.49190962189014,-2.7686036960691993,-53.0465690162934,-0.02038529194216536
3.596096993454116,-106.48410002262409,-2.7789877897310094,-53.061732066096006,-0.020351136824290815
3.6090939386133725,-106.47629082696999,-2.7893770652932726,-53.076874114438446,-0.020316665740489136
3.6220947840016597,-106.46848203273233,-2.7997715211887977,-53.091995366323374,-0.020283099166958654
3.6350995305495823,-106.46067363778587,-2.8101711558523776,-53.10709576527388,-0.02024851440092778
3.6481081792389243,-106.45286563991228,-2.820575967716539,-53.122175187617806,-0.02021465379512805
3.6611207310198086,-106.44505803694307,-2.83098595521535,-53.137233820657755,-0.020180609575033252
3.674137186841929,-106.43725082670554,-2.8414011167828064,-53.1522716320356,-0.02014669997479081
3.6871575476492358,-106.42944400703244,-2.8518214508534716,-53.16728867957308,-0.0201128486024566
3.700181814385743,-106.42163757575126,-2.8622469558616657,-53.182284867723105,-0.020078720644263193
3.7132099880067893,-106.4138315306654,-2.872677630241479,-53.1972603059825,-0.02004520046737257
3.7262420694400733,-106.40602586962122,-2.883113472428241,-53.21221495800461,-0.020011012863281136
3.7392780596389237,-106.39822059041582,-2.8935544808560834,-53.22714889248215,-0.019977714294755512
3.752317959520449,-106.39041569090445,-2.904000653960987,-53.24206206865164,-0.01994345522140213
3.765361770043702,-106.3826111688648,-2.914451990176953,-53.25695447367961,-0.019910159877702824
3.7784094921178935,-106.37480702215618,-2.9249084879403364,-53.27182634402024,-0.019876571112782633
3.791461126671896,-106.36700324859918,-2.935370145686712,-53.28667731088541,-0.01984232670875647
3.8045166746640766,-106.35919984595839,-2.945836961850276,-53.30150769474131,-0.019809632519196707
3.817576136970981,-106.3513968121356,-2.9563089348690528,-53.31631755734799,-0.01977559065446093
3.830639514539268,-106.34359414490626,-2.9667860631778873,-53.3311065496248,-0.01974200081822317
3.8437068082975117,-106.33579184207245,-2.9772683452125284,-53.345875034315476,-0.01970896567339824
3.8567780191378898,-106.32798990149467,-2.987755779410388,-53.3606229259664,-0.019675184867917486
3.869853147992006,-106.32018832096036,-2.9982483642071993,-53.37535014738074,-0.019641980863323145
3.8829321957624607,-106.3123870983025,-3.008746098039999,-53.39005689801405,-0.019608769807659625
3.89601516335377,-106.30458623134612,-3.0192489793458224,-53.40474296262868,-0.01957502860786492
3.909102051695906,-106.29678571786715,-3.029757006560479,-53.41940848942476,-0.019542250173429768
3.9221928616667214,-106.28898555572783,-3.040270178122493,-53.43405360325703,-0.019508879125343
3.935287594173744,-106.28118574273363,-3.0507884924687114,-53.448678074673104,-0.019475525959719697
3.9483862501258598,-106.2733862766833,-3.0613119480362356,-53.46328211428735,-0.01944275343975039
3.9614888304018554,-106.26558715542318,-3.0718405432634652,-53.47786565036236,-0.019409246153883813
3.9745953359161996,-106.25778837673268,-3.0823742765871325,-53.49242865068507,-0.019376424825545885
3.987705767552052,-106.24998993844139,-3.0929131464456763,-53.50697123771599,-0.01934328070030225
4.000820126197384,-106.24219183836556,-3.103457151277129,-53.521493450510384,-0.019310600205481716
4.0139384127266355,-106.23439407434066,-3.1140062895203937,-53.53599517393877,-0.019277186568271567
4.027060628051392,-106.22659664413236,-3.124560559612445,-53.55047638650064,-0.019244485771944698
4.040186773041654,-106.21879954557457,-3.1351199599924637,-53.56493737295694,-0.019211866432916728
4.053316848561247,-106.21100277650721,-3.145684489099838,-53.57937791488761,-0.01917862153549492
4.066450855508463,-106.2032063347053,-3.1562541453723414,-53.59379806774582,-0.019146186376136968
4.079588794741664,-106.19541021800924,-3.166828927249844,-53.60819793488909,-0.01911325290122731
4.09273066714333,-106.18761442421236,-3.1774088331708854,-53.62257734423486,-0.019080397221627576
4.105876473591954,-106.17981895111035,-3.1879938615742756,-53.636936499546,-0.01904804162613503
4.119026214933034,-106.17202379655231,-3.1985840109005874,-53.65127545872672,-0.019015376227456887
4.132179892036818,-106.16422895833927,-3.2091792795891614,-53.66559394426882,-0.018982320581870864
4.145337505789993,-106.15643443423859,-3.2197796660784244,-53.67989222927038,-0.018950416462259093
4.158499057018597,-106.14864022211974,-3.230385168810002,-53.69417033434049,-0.01891745195771153
4.171664546602296,-106.1408463197532,-3.240995786222729,-53.708428037772414,-0.018884996287023274
4.184833975393773,-106.13305272495248,-3.2516115167569897,-53.72266570499128,-0.018853037054677405
4.19800734422488,-106.125259435563,-3.2622323588541198,-53.73688300124505,-0.01881973050820485
4.2111846539913795,-106.117466449313,-3.2728583109521514,-53.751080082690166,-0.018788221405595242
4.22436590549794,-106.10967376408682,-3.283489371494022,-53.765257178439846,-0.018755558061814757
4.237551099604265,-106.10188137766708,-3.2941255389196953,-53.779413900497225,-0.01872305769881436
4.250740237169617,-106.09408928783256,-3.304766811669159,-53.79355053605607,-0.01869119096762915
4.263933319013109,-106.0862974924284,-3.3154131881846127,-53.80766709652603,-0.018658756952598898
4.2771303459788275,-106.07850598925106,-3.3260646669069,-53.821763539004316,-0.018626812793126526
4.290331318901932,-106.07071477610819,-3.336721246277362,-53.83583972007871,-0.01859403568586871
4.303536238643732,-106.06292385075658,-3.3473829247358857,-53.84989592942444,-0.01856289352617266
4.316745105988929,-106.05513321108418,-3.358049700726687,-53.86393211485984,-0.0185300145149285
4.3299579218068756,-106.04734285482432,-3.3687215726891604,-53.87794804266282,-0.018498290709998724
4.34317468690987,-106.03955277980698,-3.3793985390659897,-53.891944175659724,-0.01846667039013875
4.356395402104029,-106.03176298386849,-3.3900805983001314,-53.90592010324719,-0.018433898065429374
4.369620068252919,-106.02397346473872,-3.4007677488313304,-53.919876027888115,-0.018402848209093946
4.382848686138682,-106.01618422028768,-3.411459989104051,-53.93381201254702,-0.0183702779790106
4.396081256604246,-106.00839524827266,-3.422157317559106,-53.94772799629771,-0.018339103064199787
4.409317780437057,-106.00060654654513,-3.432859732640576,-53.96162405865772,-0.01830677842282734
4.4225582584786105,-105.992818112856,-3.443567232789486,-53.97549997468392,-0.01827504607312311
4.4358026915392035,-105.98502994500714,-3.454279816448648,-53.98935613076266,-0.018243775793695873
4.449051080400728,-105.97724204084629,-3.4649974820623712,-54.00319234467013,-0.01821159878905809
4.462303425890583,-105.96945439813592,-3.475720228072518,-54.0170086350417,-0.018180413200591817
4.475559728799583,-105.9616670146989,-3.4864480529228787,-54.03080494105592,-0.018148111697493058
4.488819989959798,-105.95387988828024,-3.497180955054962,-54.044581398488454,-0.01811731914624823
4.502084210127821,-105.94609301675507,-3.5079189329147025,-54.05833818614703,-0.018085523791395736
4.515352390114002,-105.93830639789803,-3.5186619849447767,-54.072074869630576,-0.018053623539424093
4.5286245307390836,-105.93052002946072,-3.5294101095872636,-54.08579177892406,-0.018022731843329833
4.541900632766347,-105.92273390929292,-3.5401633052876478,-54.0994889344305,-0.017990920631242704
4.555180696997174,-105.9149480351719,-3.5509215704891863,-54.113166299680906,-0.01795996831563579
4.568464724205287,-105.90716240491983,-3.561684903636679,-54.12682380135582,-0.01792799979129165
4.581752715206338,-105.89937701627949,-3.5724533031724888,-54.14046149735618,-0.01789723490903051
4.595044670755491,-105.89159186709739,-3.5832267675425564,-54.15407958966183,-0.017865832196579993
4.608340591639364,-105.88380695515923,-3.594005295190864,-54.167677770978194,-0.01783429551681132
4.621640478654083,-105.87602227822933,-3.6047888845608904,-54.18125628453443,-0.017803566575564412
4.634944332552165,-105.86823783414566,-3.6155775340987044,-54.19481512456344,-0.01777204987700363
4.648252154119861,-105.86045362068121,-3.6263712422482497,-54.208354261610594,-0.01774127868695095
4.6615639441188295,-105.85266963564887,-3.6371700074551065,-54.22187364850093,-0.017709673386789675
4.6748797033455585,-105.84488587679424,-3.647973828162486,-54.23537330751898,-0.017678995677347292
4.688199432545974,-105.83710234194953,-3.6587827028168456,-54.24885350163254,-0.01764811467041418
4.701523132474749,-105.82931902892686,-3.6695966298640914,-54.262313969503445,-0.017616786971378258
4.714850803916957,-105.8215359354791,-3.6804156077481123,-54.27575473936955,-0.01758601491663552
4.728182447626501,-105.81375305941084,-3.691239634914758,-54.289175976185994,-0.017555154135891104
4.74151806435633,-105.80597039852398,-3.7020687098099208,-54.30257761624973,-0.017524250071913626
4.754857654864456,-105.79818795060692,-3.712902830879147,-54.315959673453435,-0.017493460446818973
4.768201219907337,-105.7904057134465,-3.7237419965681045,-54.32932209247964,-0.017462446436701126
4.781548760247406,-105.78262368481434,-3.734586205321995,-54.3426649981722,-0.017432018117988012
4.794900276613227,-105.77484186253866,-3.7454354555881,-54.355988487180944,-0.01740129147908301
4.808255769753634,-105.76706024440685,-3.7562897458124342,-54.3692923148638,-0.017370258214377828
4.821615240436376,-105.75927882816778,-3.767149074439812,-54.382576610107755,-0.01733990311454969
4.834978689387674,-105.75149761164089,-3.7780134399176264,-54.39584154318477,-0.017309349277085186
4.848346117341031,-105.7437165926281,-3.7888828406927813,-54.40908697015191,-0.01727865265286783
4.861717525045559,-105.73593576889871,-3.799757275211083,-54.422312855565785,-0.017248040807942604
4.875092913242824,-105.72815513823146,-3.8106367419189366,-54.43551933435846,-0.017217730897274387
4.888472282655255,-105.7203746984351,-3.821521239263759,-54.44870642236301,-0.017187194752518693
4.90185563401681,-105.71259444729337,-3.83241076569233,-54.46187407172489,-0.017156794344112415
4.915242968062566,-105.70481438258365,-3.8433053196513147,-54.47502221952799,-0.017126128517541566
4.928634285530666,-105.69703450207317,-3.8542048995869838,-54.48815108428231,-0.017096332126575183
4.942029587114656,-105.68925480360599,-3.865109503948714,-54.501260667053096,-0.01706570326721633
4.955428873554638,-105.6814752849372,-3.876019131182618,-54.5143507121924,-0.017035274935767133
4.9688321455838524,-105.67369594383013,-3.886933779735311,-54.527421471986976,-0.017005337557899656
4.982239403905649,-105.66591677809781,-3.897853448055207,-54.54047291073831,-0.01697485039081572
4.995650649245028,-105.65813778551002,-3.9087781345894808,-54.55350508557598,-0.016945095795771775
5.0090658823005025,-105.65035896387995,-3.9197078377867443,-54.56651790115848,-0.016914394593730755
5.022485103812871,-105.6425803109399,-3.9306425560929608,-54.57951137677489,-0.01688472423910442
5.035908314469065,-105.63480182451582,-3.9415822879576305,-54.59248576485333,-0.016854713617268438
5.049335514972869,-105.62702350239842,-3.952527031828881,-54.60544075713247,-0.016824275574703725
5.062766706053249,-105.61924534232864,-3.9634767861533673,-54.618376520800766,-0.016794733551156654
5.076201888395859,-105.61146734212171,-3.974431549380396,-54.631293054318874,-0.016764325427574993
5.089641062716618,-105.60368949953362,-3.9853913199573068,-54.644190453501174,-0.016735066094335862
5.1030842296852255,-105.5959118124003,-3.996356096334514,-54.65706865530548,-0.01670452804588541
5.116531390034982,-105.58813427843737,-4.007325876958001,-54.66992747965951,-0.01667483496416375
5.129982544452668,-105.58035689544103,-4.018300660276896,-54.68276738027755,-0.016645508394294607
5.143437693604064,-105.57257966124166,-4.029280444741745,-54.69558804745263,-0.016615045235743853
5.156896838214833,-105.56480257355598,-4.040265228798922,-54.70838951148346,-0.016585830947599814
5.17035997895346,-105.55702563020077,-4.051255010898577,-54.72117191037119,-0.016555759367456395
5.183827116518388,-105.54924882893404,-4.062249789488912,-54.733935200352654,-0.016526465114174892
5.19729825157675,-105.54147216756674,-4.073249563020169,-54.746679452208255,-0.01649661053290289
5.210773384824476,-105.53369564385268,-4.0842543299404035,-54.75940447617178,-0.01646685809220817
5.22425251695034,-105.52591925555481,-4.0952640886983085,-54.7721105430456,-0.01643773848129566
5.237735648608865,-105.51814300049452,-4.1062788377448545,-54.78479757878581,-0.016407827674136375
5.251222780492025,-105.51036687642026,-4.1172985755282845,-54.79746554877816,-0.016378651805202392
5.264713913265106,-105.50259088112519,-4.128323300498633,-54.81011445814317,-0.016348787671855554
5.278209047618131,-105.4948150123529,-4.139353011104194,-54.822744365131335,-0.01631979581064821
5.29170818419692,-105.48703926792396,-4.150387705796327,-54.83535542039572,-0.016290354575556283
5.305211323672466,-105.47926364560838,-4.161427383024469,-54.847947340229624,-0.016260662332681114
5.318718466732458,-105.47148814314139,-4.172472041236872,-54.860520291539316,-0.016231685828954456
5.332229614022278,-105.46371275833181,-4.183521678884787,-54.87307440143423,-0.01620235519821526
5.345744766201313,-105.45593748895834,-4.1945762944182405,-54.88560955365133,-0.01617311138405646
5.3592639239329,-105.44816233278847,-4.205635886287096,-54.89812573919083,-0.016143790634079322
5.3727870878817825,-105.44038728758261,-4.216700452940842,-54.91062300990162,-0.016114713762374326
5.386314258696886,-105.4326123511265,-4.227769992830302,-54.92310145769529,-0.016085663233766666
5.39984543702278,-105.42483752120931,-4.238844504406261,-54.9355610652462,-0.016056574561167613
5.4133806235146205,-105.41706279559683,-4.24992398611885,-54.94800169058487,-0.01602719077511431
5.426919818839174,-105.40928817202918,-4.261008436417248,-54.960423490488935,-0.015998539348014183
5.4404630236231,-105.40151364831632,-4.272097853753503,-54.972826546578965,-0.015969398810888172
5.454010238516946,-105.39373922221989,-4.283192236577759,-54.98521069945348,-0.01594036933631621
5.467561464170416,-105.38596489149901,-4.294291583340234,-54.997576056439165,-0.01591153816230421
5.481116701216496,-105.37819065393947,-4.305395892492234,-55.00992270026769,-0.01588275448842979
5.494675950286569,-105.37041650732601,-4.316505162485207,-55.02225056086301,-0.015853775524144416
5.508239212026173,-105.36264244941297,-4.327619391769405,-55.03455959445718,-0.01582491187344711
5.521806487075055,-105.35486847796125,-4.3387385787954305,-55.04684988520905,-0.015796182161476706
5.53537777606185,-105.34709459074811,-4.349862722014599,-55.059121479289644,-0.015767469867836573
5.54895307961345,-105.33932078555019,-4.360991819878431,-55.07137437056113,-0.01573875688730248
5.562532398357628,-105.33154706013804,-4.372125870838099,-55.0836085594824,-0.015710078273866248
5.576115732924993,-105.32377341227313,-4.38326487334467,-55.09582398256454,-0.015681234610796048
5.589703083947817,-105.31599983970949,-4.394408825848845,-55.10802081099796,-0.01565302833830363
5.603294452026977,-105.30822634025547,-4.4055577268037185,-55.120199017191,-0.015624146147361026
5.616889837797766,-105.30045291165133,-4.416711574659635,-55.13235848757435,-0.015595680559145873
5.630489241878067,-105.29267955166567,-4.427870367868248,-55.14449937363122,-0.01556721966018027
5.64409266488108,-105.28490625807156,-4.439034104881392,-55.15662162670607,-0.015538661449880954
5.657700107424689,-105.2771330286294,-4.450202784150539,-55.1687252960159,-0.015510359076179031
5.6713115701146855,-105.26935986111788,-4.461376404127927,-55.18081038691271,-0.015481846794377946
5.684927053568132,-105.26158675329076,-4.472554963264911,-55.19287685134085,-0.015453453366659148
5.698546558394404,-105.25381370291188,-4.48373846001326,-55.20492481108394,-0.015425285432416693
5.712170085191229,-105.24604070776292,-4.494926892825674,-55.21695421822107,-0.01539680125968851
5.725797634570991,-105.238267765594,-4.506120260153543,-55.22896509014764,-0.015368709940625903
5.73942920712873,-105.23049487418356,-4.517318560449499,-55.24095746310677,-0.015340350625914056
5.753064803472334,-105.22272203128215,-4.528521792165196,-55.25293127291075,-0.015312126933745174
5.7667044242011585,-105.2149492346519,-4.539729953752672,-55.26488665918562,-0.01528415699104458
5.780348069902359,-105.20717648207403,-4.550943043665055,-55.27682354772685,-0.015255775286203399
5.793995741179206,-105.19940377129527,-4.56216106035387,-55.288742024168855,-0.015228056261328948
5.807647438611805,-105.19163110010194,-4.573384002272624,-55.300641967621566,-0.015199397240294121
5.82130316281785,-105.1838584662057,-4.584611867871509,-55.3125234954358,-0.01517201005656385
5.834962914352181,-105.17608586743205,-4.59584465560579,-55.32438676831156,-0.015143793506163837
5.848626693813604,-105.1683133015201,-4.607082363927099,-55.33623141272434,-0.015115483538247694
5.862294501806675,-105.1605407661939,-4.618324991286327,-55.34805777245879,-0.015088176970113491
5.875966338882419,-105.15276825927434,-4.629572536138916,-55.359865810446514,-0.015059803920696644
5.889642205642857,-105.14499577848215,-4.640824996935754,-55.371655388786515,-0.015032176854248723
5.903322102659477,-105.13722332159158,-4.65208237213024,-55.38342669011995,-0.015004301581930711
5.917006030509622,-105.1294508863619,-4.663344660175232,-55.39517962597214,-0.01497648025246798
5.9306939897714,-105.12167847054688,-4.6746118595233686,-55.40691424195889,-0.014948752847140338
5.944385981015962,-105.11390607190933,-4.6858839686277065,-55.41863057290696,-0.014921051770898142
5.958082004808695,-105.1061336882191,-4.69716098594183,-55.43032869823916,-0.014893558192107057
5.971782061715681,-105.0983613172405,-4.708442909918956,-55.44200837318104,-0.014865264714318127
5.985486152335168,-105.09058895667339,-4.71972973900962,-55.453669843493486,-0.014838428668594946
5.9991942771898215,-105.0828166043561,-4.731021471670584,-55.465313251950334,-0.014810530066535528
6.012906436859166,-105.07504425801577,-4.742318106353689,-55.47693816392728,-0.014782618568358366
6.026622631926183,-105.06727191536898,-4.7536196415103555,-55.488544970325286,-0.014755746356211264
6.040342862916964,-105.05949957423586,-4.764926075596787,-55.50013362430856,-0.01472774679537483
6.054067130410746,-105.05172723233204,-4.7762374070644364,-55.51170400378227,-0.014700595075170856
6.067795434951371,-105.04395488743616,-4.78755363436772,-55.52325629325494,-0.014673095927498308
6.081527777094869,-105.03618253729985,-4.798874755959892,-55.53479035213092,-0.014645617769061559
6.095264157399856,-105.02841017966597,-4.810200770293905,-55.54630626917274,-0.014618375312411265
6.109004576409703,-105.02063781230214,-4.82153167582382,-55.55780409115892,-0.01459104699999815
6.122749034673672,-105.01286543296104,-4.83286747100316,-55.56928373809047,-0.014563632276404219
6.136497532745896,-105.00509303938207,-4.844208154284853,-55.580745274634694,-0.014536499144027538
6.15025007116018,-104.99732062933921,-4.855553724123429,-55.59218883914448,-0.014509466506159582
6.164006650451247,-104.98954820060091,-4.866904178973319,-55.60361421383058,-0.01448181143544387
6.177767271183866,-104.98177575087458,-4.878259517286139,-55.61502151524955,-0.014455105397842711
6.191531933875718,-104.97400327795303,-4.88961973751747,-55.62641084420597,-0.014427736798827934
6.205300639072232,-104.96623077957271,-4.9009848381204755,-55.637782081341456,-0.014400758768871104
6.219073387305563,-104.95845825349106,-4.912354817549162,-55.64913531753155,-0.014373651282201598
6.232850179114468,-104.95068569744934,-4.923729674257022,-55.66047045088244,-0.014346445702988498
6.246631015032224,-104.94291310919513,-4.935109406697751,-55.67178778416483,-0.014320135892309327
6.260415895555166,-104.93514048654252,-4.946494013328281,-55.68308707228779,-0.014292340054538064
6.274204821254486,-104.92736782715907,-4.957883492598654,-55.69436823324822,-0.014265853211371487
6.287997792638493,-104.91959512882852,-4.969277842964613,-55.70563160853357,-0.01423895238281396
6.301794810226284,-104.91182238930973,-4.980677062880508,-55.716876974792406,-0.014211930697636238
6.315595874546506,-104.90404960633994,-4.992081150799994,-55.7281044799719,-0.014185434597444483
6.329400986107307,-104.89627677769116,-5.003490105178148,-55.73931398552863,-0.014158092933793177
6.34321014544848,-104.88850390107154,-5.014903924467335,-55.75050567935897,-0.014132102247308358
6.357023353051516,-104.88073097429634,-5.0263226071248,-55.761679497394184,-0.014104628951872308
6.3708406094676855,-104.872957995044,-5.037746151601577,-55.772835283011666,-0.014078272792875945
6.384661915194534,-104.86518496109144,-5.049174556353219,-55.78397340969921,-0.014051773289672049
6.398487270731048,-104.85741187020923,-5.0606078198351785,-55.7950936079395,-0.01402476659535457
6.412316676606413,-104.8496387201062,-5.072045940499925,-55.8061959498699,-0.013998479438057172
6.4261501333142945,-104.84186550855526,-5.083488916803018,-55.817280530361685,-0.013971742346837212
6.439987641363357,-104.83409223329699,-5.094936747198644,-55.82834732545458,-0.013945424765973801
6.453829201251179,-104.82631889208908,-5.106389430141674,-55.8393962637631,-0.013918537705720104
6.467674813498371,-104.8185454826415,-5.117846964084886,-55.85042741961639,-0.013892437612796998
6.481524478584074,-104.81077200273972,-5.129309347484638,-55.86144095168394,-0.013865980509076399
6.4953781970073035,-104.80299845012738,-5.140776578795341,-55.87243659706368,-0.01383924774656144
6.509235969279791,-104.79522482251987,-5.15224865647011,-55.88341459525888,-0.013813424026346156
6.52309779587268,-104.78745111770658,-5.163725578965587,-55.89437482523915,-0.013786416289193859
6.536963677309327,-104.77967733337299,-5.175207344733531,-55.905317303833485,-0.013760664790765214
6.550833614051625,-104.77190346731882,-5.186693952231275,-55.91624228418238,-0.01373432406686185
6.564707606593222,-104.76412951727887,-5.198185399912951,-55.927149348375806,-0.013707550594315833
6.578585655446186,-104.75635548094877,-5.209681686230866,-55.9380389000283,-0.013682255091154085
6.592467761053143,-104.74858135615398,-5.22118280964372,-55.94891079302078,-0.013655143758898702
6.606353923941092,-104.74080714055373,-5.23268876860208,-55.95976491166115,-0.013629587017779731
6.620244144565864,-104.73303283194058,-5.244199561563137,-55.97060160457393,-0.013603381665194548
6.634138423405494,-104.72525842806051,-5.255715186981805,-55.98142060152818,-0.013577175321610294
6.648036760948282,-104.71748392663592,-5.267235643311842,-55.99222197947543,-0.013551192892288733
6.661939157669375,-104.70970932541073,-5.278760929008078,-56.00300576731686,-0.013525088661537158
6.67584561404355,-104.70193462212602,-5.290291042525366,-56.01377205999636,-0.013499374035740735
6.689756130532058,-104.69415981454499,-5.3018259823195315,-56.02452074113791,-0.013473007125876029
6.7036707076241715,-104.68638490037317,-5.313365746843698,-56.035251893098085,-0.013447528549907899
6.717589345771812,-104.67860987738437,-5.324910334554338,-56.04596550376428,-0.013421160640908673
6.7315120454631145,-104.67083474327863,-5.336459743904253,-56.05666156885841,-0.013395700644691755
6.7454388071424525,-104.66305949583706,-5.348013973350452,-56.067340283605766,-0.013369851431683738
6.7593696312754155,-104.6552841327958,-5.35957302134759,-56.078001341850545,-0.01334365332740439
6.773304518344255,-104.64750865185499,-5.37113688634855,-56.08864500310456,-0.01331848360966449
6.787243468782493,-104.63973305080565,-5.382705566810948,-56.09927120502576,-0.013292158503520966
6.801186483073303,-104.63195732733854,-5.394279061187187,-56.10987992620577,-0.013266964282847977
6.815133561652605,-104.62418147923262,-5.405857367934327,-56.120471274408224,-0.013240938081157078
6.829084704989653,-104.61640550419828,-5.417440485505874,-56.1310451361472,-0.013215488865227202
6.843039913530872,-104.60862939998658,-5.429028412357459,-56.14160164949666,-0.013189837174220901
6.856999187729764,-104.60085316433101,-5.440621146943781,-56.152140707505296,-0.013164149422488579
6.870962528039163,-104.59307679496281,-5.452218687719539,-56.162662478114854,-0.013138946608341865
6.884929934893028,-104.58530028964618,-5.463821033141128,-56.17316680923025,-0.013112907563013202
6.898901408762451,-104.5775236460694,-5.475428181661051,-56.18365377420185,-0.013087916954396324
6.912876950069035,-104.56974686201319,-5.48704013173652,-56.19412349320896,-0.013062206991278408
6.926856559266984,-104.56196993519133,-5.49865688182141,-56.20457576941015,-0.013036753531618985
6.940840236801973,-104.55419286333048,-5.510278430370285,-56.215010786060645,-0.01301152995430324
6.954827983101337,-104.54641564418922,-5.521904775839269,-56.225428567089466,-0.012986164894228852
6.96881979860202,-104.53863827550407,-5.533535916683586,-56.235829025401685,-0.012960752645655335
6.982815683748821,-104.53086075499206,-5.545171851357162,-56.24621213301928,-0.012935346509696152
6.996815638980654,-104.52308308037843,-5.556812578314606,-56.25657805614537,-0.012910377395881726
7.010819664713693,-104.51530524942898,-5.56845809601256,-56.266926761006644,-0.012884915591279012
7.0248277613910215,-104.50752725985338,-5.580108402904794,-56.277258138570225,-0.012859703274322546
7.038839929442172,-104.49974910938398,-5.591763497446204,-56.28757239176963,-0.012834775667143427
7.052856169284766,-104.49197079577307,-5.6034233780929075,-56.29786935514441,-0.01280917964570083
7.066876481361357,-104.4841923167201,-5.615088043298024,-56.30814922633949,-0.012784772656612486
7.080900866064772,-104.47641367001859,-5.626757491519875,-56.31841190202479,-0.012758947770286895
7.094929323854462,-104.46863485332763,-5.638431721209477,-56.32865725844722,-0.012734261181189572
7.108961855132621,-104.4608558644152,-5.650110730823854,-56.33888571037796,-0.012709496651450517
7.122998460304492,-104.45307670103938,-5.661794518819336,-56.349096854395704,-0.01268383479280533
7.137039139822626,-104.44529736086196,-5.673483083647188,-56.35929085378327,-0.012659504646635981
7.151083894073927,-104.43751784167003,-5.685176423765471,-56.369467851941835,-0.01263422750298571
7.16513272348156,-104.42973814117569,-5.696874537628105,-56.37962772911022,-0.01260962780684691
7.179185628448918,-104.42195825712636,-5.70857742369098,-56.38977048739339,-0.012584384095709713
7.193242609405661,-104.41417818721418,-5.72028508040698,-56.39989611379278,-0.012559780255002121
7.207303666747497,-104.40639792919454,-5.731997506232499,-56.41000482854374,-0.012535111471733296
7.221368800875851,-104.39861748080789,-5.743714699623035,-56.42009635906315,-0.012509858984963413
7.235438012216651,-104.39083683974289,-5.755436659031333,-56.4301709569284,-0.01248584255509495
7.249511301141464,-104.38305600379167,-5.7671633829157525,-56.44022851916912,-0.012460362555509885
7.263588668088989,-104.37527497061048,-5.7788948697272575,-56.45026895004539,-0.01243613662470625
7.277670113439666,-104.36749373796678,-5.790631117922862,-56.46029256050315,-0.012411455549497177
7.291755637592173,-104.35971230358864,-5.802372125957501,-56.47029904548239,-0.012386501242089603
7.305845240958096,-104.35193066517492,-5.814117892284446,-56.480288676524786,-0.012362520918638192
7.319938923903763,-104.3441488205104,-5.82586841536175,-56.49026135544404,-0.012337351112789328
7.334036686849178,-104.33636676727015,-5.837623693641359,-56.500217037904115,-0.012313288723156183
7.3481385301722275,-104.3285845032089,-5.849383725579617,-56.51015576717078,-0.012288253842748044
7.362244454283828,-104.32080202601267,-5.861148509629161,-56.52007761592569,-0.012264399000799932
7.376354459543039,-104.31301933346639,-5.872918044248038,-56.529982653158605,-0.012239562448750954
7.390468546360151,-104.30523642324994,-5.884692327888399,-56.53987054994148,-0.01221492155845418
7.404586715128211,-104.2974532930741,-5.896471359004301,-56.54974185743721,-0.012191475662152514
7.418708966185471,-104.28966994075437,-5.908255136055449,-56.55959621285004,-0.012165965248715433
7.432835299970524,-104.28188636390398,-5.920043657490339,-56.569433573381495,-0.012142441136498348
7.446965716830652,-104.27410256031362,-5.931836921767364,-56.57925429629157,-0.012117841007119254
7.461100217153168,-104.26631852769107,-5.943634927340267,-56.58905807554578,-0.012093588251627093
7.47523880131647,-104.25853426375842,-5.955437672663692,-56.5988451408184,-0.012069582734878907
7.489381469689433,-104.2507497662528,-5.9672451561929,-56.60861527198328,-0.012044813910624282
7.503528222668774,-104.24296503285287,-5.979057376380084,-56.618368747349365,-0.012021522598458501
7.517679060587965,-104.23518006135927,-5.990874331684187,-56.62810542691623,-0.01199643560701076
7.53183398386161,-104.22739484940777,-6.002696020554775,-56.63782522423341,-0.0119729583254056
7.545992992831925,-104.21960939477492,-6.014522441449588,-56.64752845641118,-0.011948680561091513
7.560156087871918,-104.21182369517214,-6.026353592822433,-56.657214821785914,-0.011924486718257743
7.57432326935426,-104.20403774830831,-6.038189473127133,-56.666884581293424,-0.0119008792083362
7.588494537627818,-104.196251551936,-6.050030080819857,-56.67653750977557,-0.011876157740010967
7.602669893086187,-104.18846510371532,-6.061875414351578,-56.68617381785226,-0.011853096086121359
7.616849336049013,-104.18067840145031,-6.0737254721814855,-56.695793513362204,-0.011828420927641801
7.63103286690952,-104.17289144279465,-6.085580252760056,-56.70539637026543,-0.01180482983385287
7.645220486015673,-104.16510422548896,-6.097439754542814,-56.71498270114091,-0.01178095096651465
7.659412193721162,-104.15731674725895,-6.109303975984404,-56.724552323100404,-0.011756936795026506
7.67360799038813,-104.14952900581001,-6.121172915538316,-56.734105368509525,-0.011733410395325501
7.687807876355655,-104.14174099889019,-6.133046571660483,-56.74364180883035,-0.011709352890366755
7.702011851987519,-104.13395272419442,-6.144924942803608,-56.75316159838963,-0.01168574104719474
7.716219917632865,-104.12616417944389,-6.156808027422154,-56.762664750238216,-0.011661742474434801
7.730432073648633,-104.11837536234032,-6.168695823969185,-56.772151412309405,-0.011638520789192508
7.744648320356524,-104.11058627065287,-6.180588330901881,-56.781621566455414,-0.011614504302954286
7.758868658121118,-104.10279690206112,-6.192485546672004,-56.79107498798769,-0.011590757658536103
7.773093087293563,-104.09500725426824,-6.204387469732789,-56.800511983379124,-0.01156752015568423
7.787321608196802,-104.08721732503058,-6.216294098540565,-56.80993244127806,-0.011543526830167546
7.801554221189359,-104.07942711202955,-6.22820543154718,-56.81933635439788,-0.011520298032179866
7.815790926595874,-104.07163661301132,-6.240121467208376,-56.82872383932396,-0.011496617180497971
7.830031724759197,-104.0638458256818,-6.252042203977327,-56.83809477634595,-0.011473121360436355
7.844276616020384,-104.05605474774728,-6.2639676403073485,-56.84744919163444,-0.011449531199291195
7.8585256007174795,-104.04826337691664,-6.275897774651832,-56.85678721444566,-0.011426378534318922
7.872778679165344,-104.0404717109421,-6.287832605466813,-56.86610886608971,-0.011402866907182917
7.887035851705843,-104.03267974751795,-6.299772131204723,-56.87541386116899,-0.0113790417400684
7.901297118688515,-104.02488748431959,-6.311716350316854,-56.88470259561853,-0.01135652584476352
7.9155624804001254,-104.01709491914579,-6.323665261262005,-56.893974950157364,-0.011332434948906487
7.929831937204882,-104.00930204963547,-6.33561886248916,-56.90323070526567,-0.011309408224768414
7.944105489416164,-104.00150887352696,-6.347577152453448,-56.91247030645323,-0.011286433382361365
7.958383137341302,-103.9937153885671,-6.359540129610269,-56.92169340474418,-0.011262579372339153
7.972664881334019,-103.98592159240593,-6.371507792409316,-56.93090010640557,-0.011239890563390545
7.986950721690912,-103.97812748280546,-6.383480139307002,-56.94009057701669,-0.01121646735972491
8.001240658739636,-103.97033305746152,-6.395457168755666,-56.949264609473076,-0.011193298571925055
8.015534692799244,-103.96253831408386,-6.407438879208422,-56.95842240005906,-0.011170380909729839
8.029832824176578,-103.95474325040385,-6.419425269119824,-56.96756382560566,-0.011146937356995191
8.04413505320167,-103.9469478641022,-6.431416336941088,-56.97668895921367,-0.011124224156709396
8.058441380171525,-103.93915215292348,-6.4434120811275255,-56.98579785146517,-0.011100930000670316
8.07275180541163,-103.93135611455088,-6.455412500130439,-56.99489033447627,-0.011077833135844326
8.087066329235041,-103.92355974668969,-6.46741759240264,-57.00396669880173,-0.011055273589805386
8.1013849519273,-103.91576304709754,-6.479427356400031,-57.01302681170447,-0.011031878829535725
8.115707673815708,-103.90796601344397,-6.491441790573046,-57.022070619586444,-0.011009214455979242
8.130034495198728,-103.90016864345382,-6.503460893375577,-57.031098207775365,-0.010986053490982056
8.144365416389244,-103.89237093481907,-6.515484663259279,-57.04010960409506,-0.010963482627818658
8.158700437674584,-103.8845728852807,-6.527513098679083,-57.049104862381704,-0.010940478476270762
8.173039559364463,-103.87677449253047,-6.539546198086562,-57.058083818271975,-0.010917533084943944
8.187382781764672,-103.86897575426498,-6.551583959933692,-57.067046690683156,-0.010895087511140863
8.201730105156978,-103.8611766682263,-6.563626382675182,-57.075993376264705,-0.01087191619085315
8.216081529857693,-103.85337723208296,-6.575673464761157,-57.084923856236855,-0.010849450531280686
8.230437056149919,-103.84557744356778,-6.587725204645719,-57.093838292968506,-0.010826699672831591
8.244796684324672,-103.83777730039412,-6.599781600781699,-57.10273660562591,-0.010804062908163945
8.259160414678249,-103.82997680026124,-6.611842651620952,-57.11161868367923,-0.010781068918803056
8.273528247516632,-103.82217594084537,-6.623908355613907,-57.12048474252048,-0.010758981045599381
8.287900183099618,-103.81437471991387,-6.635978711216766,-57.12933482440034,-0.010736115023522537
8.302276221729983,-103.80657313514281,-6.648053716879777,-57.1381686228418,-0.010713308197618305
8.316656363707349,-103.79877118421145,-6.660133371053376,-57.146986479828634,-0.010691297929906071
8.331040609287532,-103.79096886488539,-6.6722176721935,-57.155788350632434,-0.010668407750325185
8.3454289587733,-103.78316617483088,-6.684306618749671,-57.16457401647414,-0.010645891880705948
8.359821412452325,-103.77536311174177,-6.696400209173122,-57.17334372645884,-0.010623631334843404
8.374217970591353,-103.76755967335157,-6.708498441917651,-57.18209748645796,-0.010601154838018724
8.388618633470696,-103.75975585736268,-6.720601315434959,-57.190835193132735,-0.010578668892871667
8.40302340137193,-103.75195166147152,-6.732708828176267,-57.19955694536345,-0.010556457220848104
8.417432274566073,-103.74414708339303,-6.744820978593991,-57.208262661569826,-0.010533798713017559
8.431845253341384,-103.73634212080353,-6.756937765138041,-57.21695243939164,-0.010511848653524787
8.44626233795272,-103.7285367714447,-6.769059186262521,-57.22562632901499,-0.010489336691114981
8.460683528681894,-103.72073103299927,-6.781185240417471,-57.234284177384524,-0.010467041068360796
8.475108825801088,-103.71292490316699,-6.793315926054263,-57.242926188385276,-0.01044504758446739
8.48953822956817,-103.70511837967342,-6.805451241625678,-57.251552226269055,-0.010422448404347457
8.503971740269074,-103.69731146018334,-6.8175911855805955,-57.26016234379497,-0.010400607478120138
8.518409358152033,-103.68950414243592,-6.829735756372728,-57.26875668765242,-0.010378387882192587
8.532851083482152,-103.68169642413213,-6.841884952453095,-57.277335074365325,-0.010356128163189092
8.547296916533371,-103.6738883029518,-6.854038772271446,-57.28589755102828,-0.010334047267010992
8.561746857566833,-103.66607977659758,-6.866197214278796,-57.29444420932904,-0.010312033873975395
8.576200906837352,-103.65827084278239,-6.878360276927012,-57.30297505952214,-0.010290002443350032
8.590659064601608,-103.65046149921156,-6.890527958667134,-57.31149007549276,-0.01026795066621767
8.6051213311176,-103.64265174358493,-6.902700257950014,-57.3199892935794,-0.010246031624030262
8.619587706640884,-103.63484157360394,-6.914877173226411,-57.32847263265436,-0.01022380870566421
8.634058191439305,-103.62703098694143,-6.927058702945166,-57.33694017775037,-0.010202119475670431
8.648532785751579,-103.6192199813275,-6.939244845558973,-57.345392047909975,-0.010180208234152503
8.663011489826518,-103.61140855446783,-6.951435599518659,-57.353828101964844,-0.010158203063459369
8.67749430392536,-103.60359670403933,-6.963630963273153,-57.362248309061776,-0.010136242017600144
8.69198122829917,-103.59578442773696,-6.975830935272623,-57.37065290125578,-0.010114820584592427
8.70647226317337,-103.58797172330529,-6.988035513970335,-57.379041763917826,-0.010092607711874039
8.720967408817977,-103.58015858839353,-7.000244697813205,-57.3874147248218,-0.010070795903146204
8.73546666547779,-103.57234502069988,-7.012458485251342,-57.39577218263906,-0.01004956744501849
8.749970033368825,-103.56453101797915,-7.024676874738628,-57.40411389274363,-0.010027190973403904
8.764477512763904,-103.55671657786502,-7.036899864720676,-57.41243984100726,-0.010005952858329274
8.778989103884085,-103.54890169809549,-7.049127453650109,-57.42075023104606,-0.00998409058040841
8.793504806976369,-103.54108637635154,-7.061359639975616,-57.429044833032,-0.009962323865168855
8.808024622283742,-103.53327061031938,-7.073596422146215,-57.43732390105183,-0.009941096806517849
8.822548550023297,-103.52545439773567,-7.085837798614168,-57.4455873055532,-0.009919042776124007
8.837076590452408,-103.51763773625055,-7.098083767825989,-57.45383501330037,-0.009897760013919645
8.8516087437925,-103.5098206235853,-7.110334328232709,-57.46206720347697,-0.009876160614806067
8.866145010274588,-103.50200305743853,-7.12258947828398,-57.470283774540455,-0.009854657966674608
8.880685390131452,-103.49418503550186,-7.134849216428804,-57.47848472271989,-0.009833073584754963
8.89522988359778,-103.48636655545971,-7.147113541115577,-57.48667009344181,-0.009811704013842485
8.90977849089566,-103.4785476150198,-7.159382450794319,-57.49483995371847,-0.009790304406181751
8.92433121224945,-103.47072821188193,-7.171655943914393,-57.50299422726509,-0.009768775735338065
8.938888047891371,-103.46290834372626,-7.18393401892368,-57.51113294198911,-0.009747467001446394
8.953448998042917,-103.45508800825245,-7.196216674271482,-57.519256138832596,-0.009726060391948942
8.9680140629256,-103.44726720315671,-7.2085039084066045,-57.527363869613154,-0.00970489968182231
8.982583242753769,-103.43944592614737,-7.220795719778761,-57.535456052330076,-0.009683320364481768
8.997156537759118,-103.43162417489334,-7.233092106834846,-57.543532757157486,-0.009662351566976443
9.011733948149276,-103.42380194711056,-7.245393068024826,-57.551593940228244,-0.009640690954472645
9.026315474157697,-103.41597924045801,-7.257698601794738,-57.55963968035356,-0.009619934576915116
9.040901115977908,-103.40815605267524,-7.270008706596197,-57.56767002856519,-0.009598419776966727
9.055490873839174,-103.40033238142362,-7.282323380875164,-57.57568480295528,-0.009577251725773703
9.070084747953617,-103.39250822439756,-7.2946426230799295,-57.58368428718459,-0.009556439202550497
9.084682738518659,-103.38468357931903,-7.306966431660563,-57.59166823428866,-0.009534704028921304
9.099284845771626,-103.37685844382327,-7.319294805060979,-57.59963681005418,-0.009514311500975692
9.113891069890315,-103.3690328156675,-7.3316277417336835,-57.607590040711756,-0.00949266252994741
9.128501411106727,-103.36120669249183,-7.343965240122716,-57.615527782433844,-0.009471949765140639
9.143115869614789,-103.35338007201359,-7.35630729867765,-57.62345024571911,-0.009450827186246442
9.157734445619969,-103.34555295192234,-7.36865391584578,-57.631357321395456,-0.009429877037799714
9.172357139328003,-103.33772532990452,-7.38100509007437,-57.639248991082674,-0.009408734011681678
9.186983950949488,-103.32989720363283,-7.393360819809391,-57.647125338681604,-0.009388007519949159
9.201614880669483,-103.32206857083104,-7.405721103500562,-57.65498650967401,-0.009367234916884687
9.216249928684984,-103.31423942919443,-7.41808593959531,-57.662832148026276,-0.009345682338964049
9.230889095227532,-103.3064097763426,-7.430455326535669,-57.670662527046154,-0.009325584947367552
9.245532380457687,-103.2985796100418,-7.442829262774126,-57.67847772162897,-0.009304234128888705
9.260179784588825,-103.29074892794357,-7.455207746754699,-57.686277565305566,-0.00928376305935253
9.274831307802708,-103.28291772776348,-7.467590776926118,-57.694062198693565,-0.009262770540414392
9.289486950302047,-103.27508600716958,-7.479978351733461,-57.701831472672204,-0.009241967348255078
9.30414671228183,-103.26725376384334,-7.49237046962277,-57.70958556440305,-0.009221419914865067
9.318810593921663,-103.25942099549557,-7.504767129042036,-57.71732443257962,-0.009200541401971189
9.333478595417283,-103.25158769980004,-7.517168328436524,-57.72504806024971,-0.009179976650624014
9.348150716954219,-103.24375387444907,-7.529574066252757,-57.732756440202756,-0.009159104025343557
9.362826958726531,-103.23591951711407,-7.541984340935733,-57.74044966935676,-0.00913879281122659
9.377507320903558,-103.22808462551548,-7.5543991509337545,-57.74812773256249,-0.009117907071298321
9.392191803681584,-103.22024919731388,-7.5668184946908,-57.75579055591104,-0.00909744304382124
9.406880407238582,-103.21241323020548,-7.57924237065327,-57.7634382741489,-0.009076900500371127
9.421573131753822,-103.20457672188094,-7.591670777267157,-57.771070808170066,-0.009056271315396916
9.436269977412527,-103.19673967001525,-7.604103712977206,-57.77868819497371,-0.009035839509848617
9.45097094439062,-103.18890207229991,-7.616541176229155,-57.78629044822589,-0.009015265579610207
9.465676032867743,-103.18106392641579,-7.628983165467987,-57.79387761131223,-0.008994959526503988
9.480385243013105,-103.17322523006284,-7.641429679139963,-57.80144965929426,-0.008974349116921134
9.495098575009086,-103.16538598091005,-7.653880715688958,-57.80900659961244,-0.008954083417628378
9.509816029022343,-103.15754617665694,-7.666336273561058,-57.816548497366036,-0.008933650102773838
9.524537605228888,-103.14970581497998,-7.6787963512004485,-57.82407523607583,-0.008913130795562715
9.539263303806235,-103.14186489354955,-7.6912609470508055,-57.83158698855945,-0.008893129849948871
9.553993124906048,-103.13402341008822,-7.703730059559646,-57.83908373132644,-0.008872577372955345
9.568727068709547,-103.12618136225235,-7.716203687169314,-57.846565314147085,-0.008852242989338866
9.58346513538922,-103.11833874771438,-7.728681828323475,-57.8540319170484,-0.00883213956789849
9.598207325098851,-103.11049556418322,-7.741164481468196,-57.86148358744838,-0.008811939894683478
9.612953638002859,-103.10265180934239,-7.753651645047641,-57.868920142884555,-0.008791426900008578
9.627704074280832,-103.09480748084016,-7.766143317503308,-57.876341713557274,-0.008771557890188577
9.642458634074558,-103.08696257640229,-7.778639497282234,-57.88374847073033,-0.008751472476447154
9.657217317542472,-103.07911709371629,-7.791140182828629,-57.891140077860506,-0.008730829627952736
9.671980124870448,-103.07127103040797,-7.803645372581878,-57.89851675090168,-0.008711277369754763
9.68674705619176,-103.06342438421261,-7.816155064989494,-57.90587852858232,-0.008690748361979117
9.701518111679976,-103.05557715277659,-7.828669258492296,-57.91322532687201,-0.008671019701910886
9.716293291475877,-103.04772933381332,-7.841187951535939,-57.92055728989207,-0.008650853492064826
9.731072595741322,-103.03988092498814,-7.853711142562326,-57.927874193375295,-0.0086306172221222
9.74585602463964,-103.03203192396062,-7.866238830012992,-57.93517630848293,-0.008611113630877751
9.760643578297076,-103.02418232846644,-7.878771012334891,-57.94246357333968,-0.008590753323813243
9.775435256884888,-103.01633213614217,-7.891307687967494,-57.94973579924196,-0.008570826448988095
9.790231060554483,-103.00848134466402,-7.90384885535318,-57.9569932627236,-0.008551140834703048
9.805030989437997,-103.00062995174662,-7.916394512937126,-57.96423592447508,-0.008531143175004629
9.819835043688505,-102.99277795505664,-7.928944659160678,-57.97146363889101,-0.008511136176484664
9.834643223459546,-102.98492535225691,-7.941499292464807,-57.97867656570057,-0.0084915371516952
9.849455528884336,-102.97707214105117,-7.954058411293581,-57.985874666968336,-0.008471462664246044
9.864271960118097,-102.96921831909282,-7.966622014087021,-57.99305791008845,-0.008451808739187806
9.879092517295142,-102.9613638840773,-7.979190099288238,-58.000226449435225,-0.008432119813093384
9.8939172005509,-102.95350883369503,-7.991762665339982,-58.007380154607695,-0.008412180588260465
9.908746010037275,-102.94565316559769,-8.004339710681702,-58.014519013729306,-0.008392485585881532
9.923578945889675,-102.93779687746989,-8.016921233755419,-58.021643216574795,-0.008373014858667455
9.93841600823168,-102.92993996701883,-8.029507233004761,-58.028752660575655,-0.008353100192936246
9.95325719721419,-102.92208243188985,-8.04209770686842,-58.03584723357375,-0.008333387401122643
9.968102512973575,-102.9142242697568,-8.054692653787187,-58.04292721488471,-0.00831415138314722
9.982951955623893,-102.90636547833886,-8.067292072205285,-58.049992431747505,-0.008294054002709746
9.997805525321372,-102.89850605526131,-8.079895960559519,-58.05704286797616,-0.008274801629326969
10.012663222182551,-102.89064599823219,-8.092504317292958,-58.064078717453874,-0.008255181487802053
10.027525046337324,-102.8827853049279,-8.10511714084613,-58.07109981884237,-0.008235571618356613
10.042390997921165,-102.87492397300994,-8.11773442965826,-58.078106215921665,-0.008216075909446242
10.057261077059668,-102.86706200015838,-8.130356182169963,-58.08509800455546,-0.008196712644368265
10.072135283869335,-102.8591993840701,-8.142982396823015,-58.09207519315888,-0.008177258122109848
10.087013618479283,-102.85133612241171,-8.155613072056642,-58.099037584445455,-0.008157453392869636
10.101896081032049,-102.84347221281806,-8.168248206307506,-58.10598539232376,-0.008138522211622715
10.11678267162314,-102.83560765302306,-8.180887798019967,-58.11291872222165,-0.008118986071180364
10.13167339038161,-102.82774244068497,-8.193531845632208,-58.11983725021334,-0.008099316735849876
10.146568237445607,-102.81987657343961,-8.20618034758059,-58.12674122855327,-0.008080393344258325
10.161467212909201,-102.81201004901561,-8.21883330230869,-58.133630767190944,-0.008061002892900113
10.176370316894303,-102.80414286507835,-8.231490708254933,-58.14050554883354,-0.008041357422240328
10.191277549537999,-102.79627501925735,-8.244152563854737,-58.14736578445856,-0.008022482467074536
10.206188910933768,-102.78840650927417,-8.256818867550756,-58.154211595544936,-0.00800314260180803
10.221104401199431,-102.78053733279471,-8.269489617781117,-58.1610427303521,-0.007983699530770454
10.236024020460663,-102.77266748746469,-8.282164812982046,-58.16785936482766,-0.007964792651389345
10.250947768815921,-102.76479697098664,-8.294844451594397,-58.17466149406711,-0.007945359224419322
10.265875646384782,-102.75692578101403,-8.307528532054803,-58.18144911239207,-0.00792646015003634
10.280807653263725,-102.74905391524808,-8.32021705280372,-58.18822230373937,-0.007907244040651408
10.295743789568439,-102.74118137134515,-8.33291001227775,-58.19498083810508,-0.007887828386878843
10.310684055420277,-102.7333081469465,-8.345607408912182,-58.20172500578374,-0.007869311751673705
10.325628450896332,-102.72543423978735,-8.358309241149847,-58.20845475616784,-0.007849798773159613
10.340576976123009,-102.71755964749235,-8.371015507424413,-58.21516990111418,-0.007830863680441566
10.355529631203332,-102.70968436773437,-8.383726206173288,-58.22187067272011,-0.007811913657172791
10.3704864162325,-102.70180839820077,-8.396441335835016,-58.228557045017176,-0.007792938780824708
10.385447331309596,-102.69393173656768,-8.409160894847098,-58.23522899369485,-0.0077739528718917825
10.400412376535584,-102.686054380504,-8.421884881646132,-58.24188652119674,-0.007755004543312023
10.415381552013011,-102.67817632767293,-8.434613294668376,-58.248529579482735,-0.007735927436608831
10.430354857846504,-102.67029757572996,-8.447346132349132,-58.25515829102034,-0.007717285480771117
10.44533229411749,-102.6624181223788,-8.460083393127581,-58.261772698381996,-0.007698328313894827
10.460313860927501,-102.6545379652763,-8.472825075438912,-58.268372592680066,-0.007679220284299753
10.475299558383561,-102.64665710206455,-8.48557117771695,-58.274958204188124,-0.007660820374153506
10.490289386556867,-102.63877553046156,-8.498321698401696,-58.281529517357015,-0.007641696734510678
10.505283345551982,-102.63089324810922,-8.511076635926637,-58.28808643159602,-0.007623083213408105
10.52028143545567,-102.62301025268583,-8.52383598872817,-58.294629026346804,-0.007604165165661781
10.535283656364136,-102.61512654184622,-8.536599755240601,-58.30115728658731,-0.007585537263094105
10.550290008360026,-102.60724211327248,-8.54936793390046,-58.30767130130656,-0.007566846802934404
10.565300491529014,-102.59935696463687,-8.562140523143084,-58.31417097667497,-0.007548021156007212
10.580315105963368,-102.59147109359493,-8.574917521402545,-58.32065639619213,-0.0075295453712005194
10.59533385174207,-102.58358449782824,-8.587698927114676,-58.32712748375233,-0.007510563281567709
10.610356728962117,-102.57569717497647,-8.60048473871193,-58.33358436682847,-0.00749240419313294
10.62538373768501,-102.56780912275445,-8.613274954632729,-58.34002702141118,-0.007473386693145905
10.640414878011017,-102.55992033878887,-8.626069573307957,-58.3464553507261,-0.007455023204399164
10.655450150011932,-102.55203082076675,-8.638868593173559,-58.35286955032904,-0.007436480188996169
10.670489553765227,-102.54414056635953,-8.651672012663838,-58.359269461614225,-0.007417768776243693
10.68553308935933,-102.53624957321205,-8.664479830210844,-58.3656551595639,-0.007399420124647281
10.70058075686378,-102.52835783900812,-8.677292044249763,-58.37202669868526,-0.00738085543788508
10.715632556354192,-102.52046536141532,-8.690108653214176,-58.378384086526424,-0.007362544483380908
10.73068848790256,-102.5125721381066,-8.702929655538018,-58.384727195165766,-0.007343703385572234
10.745748551599206,-102.50467816671171,-8.715755049651403,-58.39105621032308,-0.007325843196114401
10.760812747491608,-102.49678344495258,-8.72858483399217,-58.39737108613524,-0.0073069159129151165
10.775881075675462,-102.48888797044157,-8.741419006988597,-58.40367171063872,-0.0072888164378577276
10.790953536209457,-102.48099174087038,-8.754257567075614,-58.40995833586266,-0.007270493079558657
10.806030129160188,-102.47309475391064,-8.767100512686328,-58.41623074033457,-0.007251900735074472
10.821110854607472,-102.46519700720191,-8.77994784225091,-58.422489092371045,-0.00723398712508729
10.836195712600274,-102.4572984984495,-8.792799554205011,-58.4287333521216,-0.0072153225207134885
10.851284703219052,-102.44939922528611,-8.805655646977847,-58.434963508093645,-0.0071974022831750376
10.866377826520367,-102.44149918539493,-8.81851611900287,-58.44117948724044,-0.007178588720797625
10.881475082593692,-102.4335983763835,-8.831380968706945,-58.4473814051085,-0.00716095566568444
10.89657647146822,-102.42569679599043,-8.844250194527936,-58.45356950561785,-0.007142725840929935
10.911681993207157,-102.41779444187614,-8.857123794896824,-58.45974330435738,-0.007123992948933498
10.92679164790143,-102.40989131163693,-8.870001768239014,-58.465903109680724,-0.00710649562303264
10.941905435578045,-102.40198740300843,-8.882884112991668,-58.472049007914336,-0.007087981898440661
10.957023356310794,-102.39408271361964,-8.89577082758261,-58.47818074601346,-0.007069919924494139
10.972145410158802,-102.38617724112952,-8.90866191044209,-58.484298534255196,-0.007051911525414727
10.98727159717114,-102.37827098321691,-8.921557360001975,-58.49040236099255,-0.007033842339951808
11.002401917405766,-102.37036393753796,-8.93445717469186,-58.496492100109315,-0.007015562639841303
11.017536370926749,-102.3624561017329,-8.947361352939971,-58.502567940975254,-0.006997950017234189
11.032674957766,-102.35454747351093,-8.960269893180302,-58.50862986072671,-0.006979637168001217
11.047817677990471,-102.34663805050033,-8.973182793839564,-58.51467770562814,-0.0069616897091263705
11.06296453164874,-102.33872783036806,-8.986100053347833,-58.520711749793676,-0.006944028313118445
11.078115518778223,-102.33081681080297,-8.99902167013671,-58.52673173447134,-0.006925504106777758
11.0932706394569,-102.32290498940105,-9.011947642629696,-58.53273776345441,-0.006908101444189922
11.108429893705683,-102.31499236388315,-9.024877969261018,-58.53873007351454,-0.0068901420157316045
11.123593281569992,-102.30707893191271,-9.037812648459697,-58.544708367746395,-0.0068720751061921515
11.138760803110717,-102.29916469111583,-9.05075167865123,-58.55067269702979,-0.006854252354158683
11.153932458372875,-102.29124963915183,-9.063695058264022,-58.55662317950665,-0.006836476779383556
11.169108247391119,-102.28333377370036,-9.076642785727966,-58.562559903952625,-0.006818877586362204
11.184288170198126,-102.27541709244309,-9.089594859473026,-58.56848269019711,-0.00680070694227276
11.199472226855997,-102.26749959299306,-9.102551277922899,-58.574391557949625,-0.006783172480167226
11.214660417393214,-102.25958127303616,-9.11551203950758,-58.58028671751444,-0.006765504583072168
11.229852741843345,-102.25166213024431,-9.12847714265566,-58.58616797363023,-0.006747540607084569
11.245049200259333,-102.24374216224342,-9.141446585791497,-58.59203535237036,-0.0067299519399931515
11.260249792673,-102.2358213667041,-9.154420367343176,-58.59788899688938,-0.006712336013381896
11.275454519113103,-102.22789974130146,-9.167398485739097,-58.60372887507808,-0.006694692748901534
11.290663379615149,-102.21997728369271,-9.180380939405811,-58.609554901565865,-0.006676900021161938
11.305876374222159,-102.21205399151569,-9.193367726767988,-58.615367135833544,-0.006659412458016063
11.321093502959823,-102.20412986244483,-9.206358846253506,-58.621165666853855,-0.00664184297211975
11.336314765857194,-102.19620489414412,-9.219354296288945,-58.626950410381774,-0.006624181229655621
11.3515401629528,-102.18827908425381,-9.232354075298664,-58.63272133144896,-0.006606550672421574
11.366769694277851,-102.18035243042826,-9.245358181708204,-58.63847862274079,-0.006589349705230774
11.382003359843397,-102.17242493036451,-9.25836661394665,-58.64422219083772,-0.006571523981352201
11.397241159694072,-102.16449658168132,-9.27137937043584,-58.649951919158546,-0.006554074919380732
11.412483093855917,-102.15656738203707,-9.284396449601136,-58.65566804023161,-0.006536800838151387
11.4277291623421,-102.14863732911637,-9.297417849869936,-58.661370474881174,-0.006519189320436472
11.44297936518634,-102.14070642055523,-9.310443569665223,-58.66705914484304,-0.006501754984157577
11.458233702414464,-102.13277465400459,-9.323473607410966,-58.67273416489031,-0.006484425077421363
11.473492174041521,-102.1248420271377,-9.336507961533222,-58.678395597784366,-0.006467153145726932
11.488754780084964,-102.11690853761934,-9.349546630456825,-58.684043282799564,-0.006449474380424203
11.504021520582265,-102.10897418306685,-9.362589612602306,-58.68967729667833,-0.00643239681462658
11.519292395538368,-102.10103896116848,-9.375636906396371,-58.695297796633994,-0.00641509622758404
11.534567404968783,-102.09310286958625,-9.388688510263238,-58.700904594918335,-0.006397608215191167
11.549846548903428,-102.08516590594677,-9.40174442262359,-58.70649772410879,-0.006380400856276417
11.565129827355593,-102.07722806791205,-9.414804641901265,-58.71207730600728,-0.006363209797138935
11.580417240333272,-102.06928935315354,-9.42786916652075,-58.71764334049076,-0.006346020756916137
11.595708787847327,-102.06134975933361,-9.440937994905466,-58.723195773674504,-0.00632872527542528
11.611004469919974,-102.05340928408651,-9.454011125476136,-58.728734508130344,-0.0063113325169670866
11.62630428657237,-102.04546792504631,-9.467088556653225,-58.73425976475523,-0.006294559743163333
11.641608237792452,-102.0375256799201,-9.48017028686378,-58.73977156005868,-0.006277223111317512
11.656916323600967,-102.02958254633789,-9.49325631452752,-58.7452696302831,-0.006259867307272363
11.67222854401959,-102.0216385219251,-9.506346638063532,-58.750754249296534,-0.006243173717668422
11.687544899034625,-102.01369360438515,-9.519441255897972,-58.75622539356715,-0.006225782677844502
11.702865388665614,-102.00574779134344,-9.532540166449593,-58.761682947460045,-0.006208844003946455
11.71819001291586,-101.99780108045958,-9.545643368140004,-58.76712701592867,-0.006191710550107732
11.733518771794378,-101.98985346937806,-9.558750859389386,-58.77255755242098,-0.006174684241065168
11.748851665301109,-101.98190495576134,-9.571862638619281,-58.777974730687895,-0.006157964768629581
11.76418869342754,-101.97395553728889,-9.584978704252727,-58.78337832011492,-0.00614043178967865
11.779529856204697,-101.96600521154728,-9.598099054703749,-58.78876836422461,-0.006123829784655123
11.794875153614319,-101.95805397623334,-9.611223688396622,-58.79414515833322,-0.006106986982955164
11.810224585646479,-101.95010182902229,-9.624352603753328,-58.799508439000086,-0.006089803905893176
11.82557815231749,-101.94214876752704,-9.637485799189857,-58.80485817832774,-0.006072915991616511
11.840935853626174,-101.93419478939799,-9.650623273125486,-58.81019456320599,-0.006056176043759849
11.856297689558222,-101.92623989231305,-9.663765023981863,-58.815517594589764,-0.0060393084124024405
11.871663660112658,-101.91828407391735,-9.676911050177425,-58.82082709197788,-0.006022176510218378
11.887033765298893,-101.91032733182969,-9.690061350127863,-58.82612324137074,-0.006005749583468005
11.902408005090914,-101.9023696637477,-9.703215922256195,-58.83140607326958,-0.005988705003333561
11.917786379490074,-101.89441106730362,-9.716374764978903,-58.83667547806065,-0.005972047267261306
11.933168888487833,-101.88645154015018,-9.729537876714344,-58.84193147211926,-0.005955057970729374
11.948555532084566,-101.87849107991721,-9.742705255878485,-58.847174139039744,-0.0059386079615073055
11.963946310252332,-101.870529684297,-9.755876900892979,-58.85240358992059,-0.005921888626648961
11.979341222984178,-101.86256735093129,-9.769052810174484,-58.85761947956357,-0.0059046737330809024
11.994740270294628,-101.85460407741004,-9.782232982134492,-58.86282210613854,-0.005888648501188162
12.010143452137646,-101.8466398614601,-9.795417415197457,-58.86801154476659,-0.005871621726647588
12.025550768513016,-101.8386747007004,-9.80860610777719,-58.873187551910966,-0.005855062480516548
12.040962219406548,-101.83070859277974,-9.82179905829026,-58.878350300303254,-0.005838444970555459
12.0563778048018,-101.82274153534958,-9.834996265153181,-58.88349973333432,-0.005821775349213229
12.071797524684715,-101.81477352605361,-9.848197726781615,-58.88863591519079,-0.0058053210037024485
12.087221379031789,-101.80680456255486,-9.861403441592834,-58.893758825056494,-0.005788622048055892
12.102649367829382,-101.79883464249119,-9.874613408001473,-58.89886848483731,-0.005772235045041082
12.118081491051756,-101.7908637635259,-9.887827624424377,-58.90396489233613,-0.0057555488671426755
12.133517748686108,-101.78289192329026,-9.901046089275164,-58.9090480298433,-0.005739139542741261
12.148958140708693,-101.7749191194383,-9.914268800969408,-58.91411793872196,-0.005722564617136399
12.164402667098889,-101.76694534961452,-9.927495757921589,-58.91917466705319,-0.005706281636570049
12.179851327824663,-101.75897061148719,-9.94072695854816,-58.92421818578037,-0.005689658667480792
12.19530412287127,-101.7509949026825,-9.9539624012614,-58.929248439957746,-0.005673269187515014
12.210761052212373,-101.7430182208511,-9.967202084475748,-58.934265562723816,-0.005656964565993056
12.226222115815329,-101.73504056365563,-9.980446006606531,-58.93926950534923,-0.005640482578000692
12.241687313658804,-101.72706192873034,-9.99369416606612,-58.94426022555361,-0.0056241000703164375
12.257156645715812,-101.71908231372025,-10.006946561267771,-58.94923782513132,-0.005607865367241542
12.272630111950637,-101.7111017162881,-10.020203190626178,-58.954202287546245,-0.005591463011242985
12.288107712337844,-101.70312013407062,-10.033464052553356,-58.95915355474067,-0.005575114824283983
12.303589446848179,-101.69513756471086,-10.046729145461631,-58.96409173833365,-0.005558981647323686
12.319075315443381,-101.68715400587061,-10.059998467765055,-58.96901676337075,-0.0055424818757505755
12.334565318100463,-101.67916945517368,-10.073272017873618,-58.973928685249675,-0.005526490972263786
12.35005945477611,-101.671183910289,-10.086549794201696,-58.97882749059381,-0.005509978433609711
12.365557725446756,-101.66319736883695,-10.09983179515845,-58.98371320355122,-0.005494059275153857
12.38106013006297,-101.65520982849591,-10.113118019158712,-58.98858589657143,-0.005477727202165762
12.396566668593927,-101.64722128689866,-10.126408464612531,-58.99344544196399,-0.00546153781899269
12.41207734100621,-101.6392317416816,-10.139703129930085,-58.998291915627185,-0.00544539391293845
12.427592147261947,-101.63124119048922,-10.15300201352214,-59.00312532041595,-0.0054292282099914
12.443111087319254,-101.62324963097299,-10.166305113799927,-59.00794578107471,-0.005413382132292243
12.458634161126751,-101.61525706080432,-10.179612429176514,-59.01275312748774,-0.005396850976935334
12.474161368664197,-101.60726347757945,-10.192923958057072,-59.01754741952365,-0.005381156742959933
12.489692709872912,-101.59926887898227,-10.206239698855523,-59.02232877390848,-0.005364905122803858
12.505228184717177,-101.59127326264056,-10.21955964997979,-59.02709704194309,-0.005348893802495555
12.520767793153317,-101.58327662619851,-10.232883809839318,-59.03185236221097,-0.005332970676432263
12.536311535133068,-101.57527896730856,-10.246212176844061,-59.036594637296545,-0.005316757607744551
12.551859410618807,-101.56728028359618,-10.259544749401119,-59.04132398991563,-0.00530112710459702
12.567411419548966,-101.55928057274038,-10.27288152592273,-59.046040354277295,-0.005284783336638186
12.582967561892428,-101.55127983234664,-10.286222504813425,-59.050743729459825,-0.0052691677782971446
12.598527837588154,-101.54327806008827,-10.299567684484462,-59.05543418741489,-0.005253002441135009
12.614092246595584,-101.53527525358822,-10.312917063341676,-59.06011167700681,-0.0052372891066953114
12.62966078885781,-101.5272714105057,-10.326270639794489,-59.06477624886139,-0.005221254244235669
12.645233464329229,-101.5192665284708,-10.339628412248954,-59.069427882889336,-0.005205512762765058
12.660810272950497,-101.51126060514385,-10.352990379114154,-59.07406667987341,-0.005189720650456169
12.676391214669309,-101.5032536381661,-10.366356538796811,-59.07869242841493,-0.005173522329083345
12.691976289449904,-101.49524562513807,-10.379726889699448,-59.08330533195857,-0.005158202871929031
12.707565497212016,-101.48723656376212,-10.393101430234609,-59.087905461535925,-0.00514218036620029
12.72315883790962,-101.47922645165814,-10.406480158806229,-59.09249258293926,-0.005126353266339484
12.738756311493638,-101.47121528645086,-10.419863073818505,-59.09706684217854,-0.005110674436429528
12.754357917898107,-101.46320306580253,-10.433250173679285,-59.10162837435158,-0.005095166335748623
12.769963657056184,-101.45518978737506,-10.446641456796067,-59.106176924707555,-0.005078934246212156
12.785573528936716,-101.44717544874423,-10.460036921567289,-59.11071256855843,-0.005063611384100672
12.80118753345874,-101.43916004760094,-10.473436566403098,-59.115235609921406,-0.0050480757102798765
12.816805670550933,-101.43114358161081,-10.486840389710634,-59.119745717423264,-0.005032028604588708
12.832427940174142,-101.42312604836165,-10.500248389888844,-59.12424293675588,-0.005016611759736586
12.84805434225722,-101.41510744551447,-10.513660565344045,-59.128727429584245,-0.005000942472032518
12.863684876734743,-101.40708777071445,-10.527076914480643,-59.13319913824234,-0.004985413324779299
12.87931954353986,-101.39906702160795,-10.54049743570292,-59.1376580428706,-0.004969716232524498
12.894958342612385,-101.39104519582324,-10.553922127412994,-59.14210416946612,-0.004954261652446676
12.910601273880607,-101.38302229101386,-10.567350988015514,-59.14653756518194,-0.0049386862838580485
12.926248337280219,-101.37499830481335,-10.58078401591266,-59.15095812652348,-0.004923017250448605
12.941899532749664,-101.36697323484663,-10.59422120950552,-59.15536599165183,-0.0049077665568516265
12.9575548602073,-101.35894707878386,-10.607662567199661,-59.159761136890644,-0.004892061105199907
12.973214319592564,-101.35091983424316,-10.621108087394974,-59.16414350904358,-0.004876708205801357
12.988877910827796,-101.34289149888096,-10.634557768495153,-59.168513265425794,-0.004861369767792914
13.004545633837836,-101.33486207034531,-10.648011608902642,-59.172870187377654,-0.0048455459444631845
13.020217488570953,-101.32683154622701,-10.661469607013855,-59.17721439395107,-0.004830489139124755
13.035893474934674,-101.31879992421061,-10.674931761234529,-59.181546050571626,-0.00481505001331291
13.051573592854414,-101.31076720193664,-10.688398069965812,-59.185864932466664,-0.004799508943120731
13.067257842266645,-101.30273337701666,-10.701868531605275,-59.19017110071732,-0.004784222118677731
13.082946223092117,-101.29469844709787,-10.715343144554264,-59.194464660206485,-0.004768930697606724
13.098638735247569,-101.28666240983432,-10.728821907214384,-59.19874561366784,-0.004753666105532425
13.1143353786538,-101.27862526286854,-10.742304817985909,-59.203013855814326,-0.004738156676984967
13.130036153244816,-101.27058700380942,-10.755791875265256,-59.20726941149109,-0.004722963556043741
13.145741058935249,-101.26254763030965,-10.769283077453222,-59.21151244550503,-0.004707836640256242
13.161450095634796,-101.25450714003144,-10.782778422951342,-59.215742864245,-0.004692451509704234
13.177163263273586,-101.24646553058646,-10.796277910155649,-59.219960525468395,-0.0046770246889254975
13.192880561777573,-101.23842279959389,-10.809781537462582,-59.22416571892119,-0.004662299296425837
13.208601991038373,-101.23037894475254,-10.823289303276871,-59.22835835538271,-0.004646690286622089
13.224327550993646,-101.22233396364946,-10.836801205991067,-59.23253823880709,-0.004631545697077066
13.240057241558711,-101.21428785392268,-10.850317244002902,-59.23670569236821,-0.004616670061538629
13.255791062631864,-101.2062406132488,-10.863837415714034,-59.24086057139019,-0.004601220320444228
13.271529014140798,-101.19819223923194,-10.877361719518017,-59.24500284981897,-0.004586302857664711
13.287271095993033,-101.1901427295224,-10.89089015381318,-59.249132570681155,-0.004570964513440451
13.303017308108782,-101.18209208173784,-10.904422716994,-59.253249779926094,-0.004556164831028221
13.318767650384643,-101.1740402935503,-10.917959407460653,-59.257354525126004,-0.00454094778461698
13.33452212273887,-101.16598736257785,-10.93150022360714,-59.26144663081471,-0.004525775113662621
13.350280725089615,-101.15793328643674,-10.945045163827094,-59.26552625100293,-0.004510915189763895
13.366043457333419,-101.14987806279271,-10.958594226519194,-59.26959347802877,-0.0044959627985727505
13.381810319375285,-101.14182168928903,-10.972147410079396,-59.27364811426083,-0.004480681006201894
13.397581311137367,-101.13376416352607,-10.985704712898867,-59.27769026282772,-0.004465972752281073
13.413356432511378,-101.12570548317454,-10.999266133375968,-59.28172003869343,-0.004450961110997464
13.429135683406887,-101.1176456458606,-11.012831669904108,-59.28573719252111,-0.004435716885440428
13.444919063743304,-101.10958464918463,-11.0264013208736,-59.28974196222071,-0.004421247284020051
13.460706573399085,-101.1015224908429,-11.039975084684873,-59.29373440052975,-0.004406135274579431
13.476498212286554,-101.09345916844836,-11.053552959729004,-59.297714239926115,-0.004391089848983465
13.492293980320513,-101.08539467960617,-11.067134944396082,-59.30168164607604,-0.004376359754539389
13.508093877393192,-101.07732902197331,-11.080721037081501,-59.305636719307884,-0.004361551606441313
13.52389790339846,-101.0692621932007,-11.094311236179696,-59.309579403983165,-0.004346714115506401
13.539706058237226,-101.06119419092032,-11.107905540082806,-59.31350962909765,-0.004331764720859046
13.555518341817885,-101.053125012744,-11.12150394718048,-59.31742740133193,-0.004316957583693841
13.571334754036739,-101.04505465631078,-11.135106455865184,-59.321332891473105,-0.004302400705353469
13.587155294779274,-101.03698311928314,-11.148713064531472,-59.32522596913049,-0.004287321261247056
13.602979963956015,-101.02891039926173,-11.162323771567088,-59.32910665924717,-0.004272834915512694
13.618808761451591,-101.02083649390705,-11.175938575365882,-59.33297502827323,-0.004257917495579086
13.634641687168482,-101.01276140083476,-11.189557474316619,-59.336830990060335,-0.004243256606004423
13.650478740997201,-101.00468511768716,-11.20318046681069,-59.3406746977769,-0.0042286922649479915
13.666319922824021,-100.99660764211472,-11.21680755124013,-59.34450602662991,-0.00421377168196775
13.68216523255449,-100.98852897171933,-11.230438725991307,-59.3483249758972,-0.004199221162890541
13.698014670075704,-100.98044910414531,-11.244073989455027,-59.35213166735185,-0.004184584182247402
13.713868235274296,-100.972368037036,-11.257713340021713,-59.35592608262377,-0.004170008474416399
13.729725928039217,-100.96428576802714,-11.271356776080674,-59.359708142955206,-0.0041552133952588565
13.745587748267075,-100.95620229473393,-11.2850042960187,-59.3634779574742,-0.004140893181740211
13.761453695833449,-100.94811761482009,-11.298655898227588,-59.367235501421476,-0.004126058843222592
13.777323770639425,-100.94003172588596,-11.312311581091954,-59.37098067215703,-0.004111528086404597
13.793197972571317,-100.93194462556532,-11.325971342999779,-59.37471366291625,-0.004097133991400528
13.809076301502516,-100.92385631152115,-11.339635182342006,-59.37843448014698,-0.004082632511081812
13.82495875731814,-100.91576678138615,-11.353303097506002,-59.3821429491951,-0.00406786963554158
13.840845339918546,-100.90767603275384,-11.366975086874351,-59.38583912699612,-0.004053508511055456
13.85673604918094,-100.89958406327197,-11.380651148835547,-59.389523164695056,-0.0040390928403321895
13.872630884980047,-100.89149087059211,-11.394331281778145,-59.39319503206816,-0.004024680347243781
13.888529847198223,-100.88339645234555,-11.408015484088283,-59.39685459024899,-0.004009974815499403
13.904432935730652,-100.87530080613001,-11.421703754147831,-59.400501944730415,-0.003995809038245185
13.920340150441945,-100.86720392961571,-11.435396090346718,-59.40413725282733,-0.00398146376252168
13.936251491210596,-100.85910582043702,-11.449092491070491,-59.407760198716886,-0.003966619975263187
13.95216695793889,-100.85100647616842,-11.462792954697614,-59.411370992440276,-0.003952750555260334
13.968086550477866,-100.84290589450698,-11.476497479620186,-59.414969785926395,-0.0039382548569664045
13.98401026870981,-100.83480407307187,-11.490206064221223,-59.41855625940507,-0.003923699221556169
13.999938112525326,-100.82670100945964,-11.503918706880745,-59.422130596699546,-0.003909621483714022
14.01587008178741,-100.81859670133247,-11.517635405986136,-59.425692863167434,-0.0038952239418957365
14.031806176374149,-100.81049114631344,-11.531356159919902,-59.429242930929206,-0.003880880897846391
14.047746396162763,-100.80238434202593,-11.54508096706439,-59.43278091531011,-0.0038667508361124175
14.063690741018675,-100.7942762861199,-11.558809825804607,-59.43630680309956,-0.003852393669107176
14.07963921081748,-100.78616697621867,-11.572542734522326,-59.439820585344776,-0.0038382588085408243
14.095591805430436,-100.77805640995393,-11.586279691599886,-59.44332218380985,-0.003823745246671274
14.11154852474309,-100.76994458492068,-11.600020695415209,-59.446811693370734,-0.003809832800603322
14.127509368608834,-100.76183149879034,-11.613765744354676,-59.45028926043556,-0.0037956541974554737
14.143474336891842,-100.75371714920594,-11.627514836801073,-59.45375473351855,-0.00378142511450004
14.159443429469041,-100.74560153377752,-11.641267971133184,-59.45720801780321,-0.003767053985662798
14.175416646221473,-100.73748465010291,-11.655025145728032,-59.46064925053475,-0.0037531396526069715
14.191393987000437,-100.72936649585077,-11.66878635897053,-59.464078610848134,-0.0037391745620566482
14.207375451664126,-100.72124706867092,-11.68255160924315,-59.46749581320516,-0.0037246510135262078
14.223361040101626,-100.7131263661355,-11.696320894919042,-59.470900918703,-0.0037108340868594607
14.239350752165818,-100.70500438590345,-11.710094214381176,-59.474294111974984,-0.0036967282911608192
14.255344587715838,-100.69688112561617,-11.723871566010072,-59.477675331776226,-0.0036827921609877516
14.271342546613294,-100.6887565829074,-11.73765294818524,-59.481044442228324,-0.003668404405784837
14.28734462874048,-100.68063075535783,-11.751438359279572,-59.484401500967095,-0.003654608651799572
14.303350833943147,-100.67250364063605,-11.765227797676006,-59.487746810977825,-0.003640896242226312
14.319361162068834,-100.6643752364042,-11.77902126175635,-59.49107996096142,-0.0036262179891217187
14.33537561301457,-100.65624554020087,-11.79281874988771,-59.494401060454166,-0.003612758999797444
14.351394186612747,-100.64811454972167,-11.806620260455302,-59.497710466686165,-0.003598873757388732
14.36741688271583,-100.63998226261084,-11.820425791838007,-59.50100773853397,-0.0035844678868963207
14.383443701209254,-100.63184867642944,-11.834235342404586,-59.504293005620795,-0.0035708795706744503
14.399474641932507,-100.62371378884981,-11.848048910536653,-59.50756652096955,-0.0035570391140773263
14.415509704736351,-100.61557759751456,-11.861866494612002,-59.5108280017467,-0.0035428492687738697
14.431548889492609,-100.60744010001241,-11.875688093001765,-59.51407755242944,-0.003529250653247322
14.447592196046696,-100.59930129399514,-11.889513704084159,-59.51731518057689,-0.003515091602006231
14.463639624262479,-100.59116117706736,-11.903343326231667,-59.520540961571534,-0.003501671278019083
14.479691173972888,-100.58301974690782,-11.91717695782511,-59.52375490477598,-0.003487546823470165
14.495746845046137,-100.57487700110633,-11.93101459723451,-59.52695680312505,-0.003473690518535998
14.511806637337749,-100.56673293728208,-11.944856242833076,-59.530146940066324,-0.003460196571775377
14.527870550685657,-100.55858755309589,-11.958701892998684,-59.533325142132085,-0.0034459774278587014
14.543938584957672,-100.55044084613252,-11.97255154609974,-59.536491531696164,-0.0034327636011568996
14.560010739980372,-100.54229281407723,-11.986405200516526,-59.53964608629111,-0.0034185098025250747
14.576087015625685,-100.53414345450064,-12.000262854615091,-59.54278868589091,-0.0034050494975088044
14.592167411730324,-100.52599276505902,-12.01412450677161,-59.54591959848017,-0.0033913917003283744
14.608251928137287,-100.517840743391,-12.027990155359763,-59.54903859586277,-0.0033774501246131195
14.62434056470706,-100.50968738708991,-12.041859798747451,-59.55214575294616,-0.003363969044544927
14.64043332127627,-100.50153269380644,-12.055733435309229,-59.55524116920455,-0.003350257347008833
14.656530197690659,-100.4933766611666,-12.06961106341629,-59.5583247460049,-0.0033365763621968593
14.67263119379885,-100.48521928678761,-12.083492681438592,-59.56139650027499,-0.003322915444585544
14.688736309445037,-100.47706056829546,-12.097378287746666,-59.56445651394805,-0.003309426095965741
14.704845544467295,-100.46890050332964,-12.111267880712477,-59.567504713030615,-0.003295618796521699
14.720958898716438,-100.46073908949604,-12.125161458703595,-59.57054116585893,-0.003282291503404818
14.737076372022242,-100.45257632445104,-12.139059020093402,-59.57356589038779,-0.0032685370290623334
14.753197964233234,-100.44441220580224,-12.152960563248955,-59.576578814237614,-0.0032550669188032423
14.769323675187971,-100.43624673118047,-12.166866086539976,-59.57958000914733,-0.0032414817072861477
14.785453504729757,-100.42807989820255,-12.180775588333995,-59.582569402414656,-0.0032278681420423064
14.801587452700554,-100.41991170448718,-12.194689066998674,-59.585547144907565,-0.00321462329007459
14.817725518922845,-100.4117421476991,-12.20860652090668,-59.58851322868736,-0.0032010063325126365
14.833867703241232,-100.40357122544664,-12.222527948423748,-59.59146748329983,-0.0031874066503975135
14.850014005503901,-100.39539893532695,-12.236453347913784,-59.594409984689854,-0.0031739678204382423
14.866164425542198,-100.3872252749775,-12.250382717745373,-59.597340937044436,-0.0031608233108466415
14.88231896317488,-100.37905024206518,-12.264316056290324,-59.60026018480832,-0.003147061981250249
14.89847761825526,-100.37087383416876,-12.278253361909352,-59.603167619187104,-0.0031336962189289553
14.914640390615173,-100.36269604891889,-12.292194632969242,-59.606063525117555,-0.003120564150950778
14.930807280073514,-100.35451688397649,-12.306139867840093,-59.60894773011333,-0.003106839532850577
14.946978286481787,-100.34633633691946,-12.320089064881651,-59.611820171872175,-0.0030935867119288142
14.963153409666408,-100.33815440538615,-12.334042222460557,-59.614681100164326,-0.0030804149073510945
14.979332649444853,-100.32997108703579,-12.347999338945886,-59.61753042810118,-0.0030669881416426617
14.99551600565541,-100.32178637947335,-12.361960412699549,-59.620367976128954,-0.003053442642741293
15.011703478141564,-100.31360028028921,-12.37592544208145,-59.62319392273148,-0.0030404145355941523
15.027895066717273,-100.3054127871458,-12.38989442546005,-59.62600834911605,-0.0030270576881299663
15.044090771213314,-100.29722389766142,-12.403867361197962,-59.62881107632157,-0.003013657340739757
15.060290591462156,-100.2890336094484,-12.417844247656767,-59.631602296445955,-0.0030007280752875135
15.076494527276568,-100.2808419201667,-12.431825083203673,-59.634381879893866,-0.00298706199740539
15.09270257850265,-100.27264882739065,-12.445809866194857,-59.637149830212586,-0.0029741539346274425
15.108914744952099,-100.2644543287792,-12.459798594996697,-59.63990630187917,-0.0029608340233105417
15.125131026453104,-100.25625842194812,-12.473791267969942,-59.6426511311353,-0.0029475868346072916
15.141351422834212,-100.2480611045104,-12.48778788347461,-59.64538441745667,-0.002934494538810499
15.1575759339136,-100.23986237410314,-12.50178843987335,-59.648106185113086,-0.0029213129922053375
15.173804559514528,-100.23166222834905,-12.515792935526774,-59.65081638310781,-0.0029081243927960234
15.190037299462297,-100.2234606648637,-12.529801368794185,-59.65351502955205,-0.0028949952228210177
15.206274153576562,-100.2152576812753,-12.54381373803627,-59.656202207157285,-0.0028819978414364915
15.222515121673787,-100.20705327521796,-12.557830041613936,-59.65887779788997,-0.002868628284500243
15.238760203584368,-100.19884744428913,-12.571850277883305,-59.66154193891805,-0.002855939056884736
15.255009399110143,-100.19064018615643,-12.585874445208965,-59.66419457842773,-0.0028424714574148673
15.27126270808967,-100.18243149839283,-12.599902541943152,-59.666835595340814,-0.0028295354915558084
15.28752013033385,-100.17422137863961,-12.61393456644653,-59.66946531716979,-0.002816784526665668
15.303781665644662,-100.16600982455849,-12.627970517081863,-59.672083474029876,-0.0028032822963555064
15.32004731386318,-100.1577968337108,-12.642010392198989,-59.67469008378525,-0.0027905830004421725
15.336317074793795,-100.14958240374872,-12.656054190158851,-59.677285300621584,-0.002777424887873721
15.352590948253575,-100.14136653229069,-12.670101909317845,-59.67986909869323,-0.002764683285998346
15.368868934045548,-100.13314921698866,-12.68415354803618,-59.68244147382458,-0.0027515293728345067
15.385151031996179,-100.12493045543376,-12.698209104666127,-59.685002250321354,-0.0027384242457599854
15.401437241927274,-100.11671024522687,-12.712268577560739,-59.68755168409057,-0.002725832143720565
15.417727563631894,-100.10848858404006,-12.726331965081863,-59.690089768287535,-0.0027127253920616276
15.434021996928296,-100.10026546947975,-12.740399265582631,-59.69261637784316,-0.0026998783921864038
15.450320541629427,-100.09204089916392,-12.75447047741725,-59.69513153873334,-0.002686840429485251
15.466623197551959,-100.08381487069953,-12.76854559893827,-59.69763532655379,-0.0026741684084617967
15.482929964495307,-100.07558738173542,-12.782624628503196,-59.70012776378445,-0.0026611915963186575
15.49924084227289,-100.06735842988314,-12.79670756446443,-59.7026087782473,-0.0026483780981958293
15.515555830694575,-100.05912801276153,-12.810794405174967,-59.705078391152455,-0.0026354597242965
15.531874929570492,-100.05089612798695,-12.824885148987125,-59.70753668541634,-0.0026228366090072152
15.54819813869744,-100.04266277320795,-12.83897979425706,-59.70998364752546,-0.0026099022656400927
15.564525457890046,-100.03442794602582,-12.853078339334392,-59.71241914915916,-0.002597017737160879
15.580856886959474,-100.02619164404918,-12.867180782569498,-59.71484337535691,-0.0025844919503636254
15.597192425697628,-100.01795386493363,-12.881287122318321,-59.71725629365587,-0.002571550905223991
15.613532073917861,-100.00971460627858,-12.895397356929273,-59.71965780649454,-0.0025588295658374896
15.62987583142568,-100.00147386570171,-12.90951148475281,-59.72204801486705,-0.002546117187336345
15.646223698020995,-99.99323164083305,-12.923629504140548,-59.72442695933229,-0.002533495299319326
15.662575673502499,-99.98498792930414,-12.937751413444035,-59.72679456010973,-0.002520625407906914
15.678931757679392,-99.97674272871788,-12.951877211010684,-59.729150878910836,-0.0025081480886675993
15.695291950343528,-99.9684960367199,-12.966006895193216,-59.73149593410631,-0.00249533018875839
15.711656251302825,-99.96024785091265,-12.980140464338184,-59.73382963383951,-0.0024826696904650053
15.728024660360658,-99.95199816890904,-12.994277916793415,-59.73615205578098,-0.002470030276705808
15.744397177315397,-99.9437469883325,-13.008419250907515,-59.738463233898194,-0.002457454954744915
15.760773801958248,-99.93549430682346,-13.022564465031135,-59.740763270519714,-0.0024450463652897765
15.777154534079498,-99.92724012202258,-13.03671355751444,-59.74305193825549,-0.0024319990781814503
15.793539373503231,-99.91898443148284,-13.050866526695977,-59.74532923904791,-0.002419607441773773
15.809928320013087,-99.91072723285852,-13.065023370927,-59.74759557276023,-0.0024074246323157987
15.826321373384244,-99.90246852382404,-13.079184088561124,-59.74985056950764,-0.0023942577602378934
15.842718533446847,-99.89420830191132,-13.093348677932907,-59.75209416343742,-0.002381947510174868
15.859119799982704,-99.88594656477466,-13.107517137392739,-59.75432683949665,-0.0023698255656524497
15.875525172765002,-99.87768331008819,-13.121689465293008,-59.756548156987535,-0.0023565899161719903
15.891934651625883,-99.8694185353738,-13.135865659965981,-59.758758150497115,-0.0023445542846451083
15.908348236333792,-99.86115223831466,-13.15004571976465,-59.76095725800866,-0.0023322627991287977
15.924765926670641,-99.85288441655771,-13.164229643036865,-59.76314495803191,-0.0023191306272168227
15.941187722462823,-99.84461506763425,-13.178417428114958,-59.765321466400934,-0.002307310685190977
15.957613623469584,-99.83634418924598,-13.192609073353276,-59.767487021418845,-0.00229469747037688
15.974043629488573,-99.82807177899456,-13.206804577092708,-59.769641186669986,-0.0022819626017735327
15.990477740327828,-99.81979783445314,-13.221003937669948,-59.771784264855846,-0.002270005051255322
16.00691595575392,-99.81152235329975,-13.235207153435208,-59.773916271480324,-0.002257315501298689
16.023358275565542,-99.80324533312809,-13.249414222727133,-59.7760370886655,-0.0022451200600972273
16.03980469954768,-99.79496677156568,-13.26362514388861,-59.77814672796863,-0.002232467519014083
16.05625522749663,-99.78668666620901,-13.277839915257916,-59.780245334952916,-0.002220593403600267
16.072709859177298,-99.77840501473378,-13.292058535183536,-59.78233283059625,-0.002207785524123936
16.08916859439936,-99.77012181469863,-13.30628100199797,-59.78440906414563,-0.0021956040426173275
16.10563143294045,-99.76183706374346,-13.320507314044342,-59.78647441631122,-0.0021836159096624494
16.122098374569887,-99.75355075952736,-13.33473746966772,-59.78852853803436,-0.002170706600768361
16.138569419102463,-99.74526289959098,-13.348971467197197,-59.79057152614125,-0.0021589361217436128
16.155044566298894,-99.73697348161252,-13.363209304979756,-59.7926035746376,-0.002146450215649167
16.171523815944926,-99.72868250320413,-13.377450981353263,-59.79462455203085,-0.0021344133406234903
16.18800716781883,-99.7203899619954,-13.391696494657474,-59.7966343639837,-0.0021217399215566197
16.2044946217229,-99.71209585555229,-13.405945843223261,-59.79863311675708,-0.0021099403650353134
16.220986177416965,-99.70380018154907,-13.42019902539577,-59.80062096011174,-0.0020975961704551714
16.23748183468461,-99.69550293759654,-13.434456039511069,-59.802597670276924,-0.0020853351528185263
16.253981593313927,-99.68720412129252,-13.448716883903247,-59.80456329576288,-0.0020731058720839363
16.270485453085893,-99.67890373025133,-13.462981556908124,-59.8065179466521,-0.0020610899121247116
16.286993413767412,-99.67060176212244,-13.477250056866056,-59.80846168185309,-0.0020489972998183037
16.303505475135598,-99.66229821452683,-13.491522382112985,-59.81039426582889,-0.002036495443716766
16.32002163698642,-99.65399308503538,-13.505798530977888,-59.81231586495476,-0.0020247667252784253
16.336541899076813,-99.6456863713182,-13.520078501802654,-59.814226571954826,-0.0020124728790955363
16.353066261189937,-99.63737807097581,-13.534362292919381,-59.816126182137054,-0.002000323737016993
16.369594723107955,-99.62906818160995,-13.548649902660078,-59.81801480453615,-0.0019882723412228557
16.3861272845992,-99.62075670085642,-13.562941329360918,-59.819892595921054,-0.001976466256736473
16.402663945427246,-99.61244362636158,-13.577236571359048,-59.82175929751097,-0.001963880496025938
16.41920470539224,-99.60412895567559,-13.59153562697832,-59.823615003139146,-0.0019522845688425467
16.43574956424472,-99.59581268647563,-13.605838494559409,-59.82545994061869,-0.0019401914927101927
16.452298521760287,-99.58749481637197,-13.620145172433425,-59.82729373263646,-0.0019278114890688243
16.468851577728508,-99.57917534293745,-13.634455658926179,-59.8291166949114,-0.001916396359887181
16.485408731892637,-99.57085426386325,-13.648769952379078,-59.830928771215326,-0.001903909652638752
16.501969984045754,-99.56253157670962,-13.663088051115356,-59.83272979380808,-0.0018921528500658693
16.518535333949657,-99.55420727911648,-13.677409953468732,-59.83452003848405,-0.0018802593470501911
16.535104781369625,-99.54588136871305,-13.691735657771039,-59.83629928291922,-0.0018680459290027233
16.55167832608821,-99.5375538430821,-13.706065162347423,-59.8380676319698,-0.0018563852392128012
16.56825596786159,-99.52922469987342,-13.720398465531824,-59.83982513331936,-0.001844284081382939
16.584837706462206,-99.52089393669289,-13.734735565651757,-59.8415717597832,-0.0018325779571946416
16.60142354165033,-99.51256155117657,-13.749076461038557,-59.843307484403596,-0.0018204318780938183
16.61801347320415,-99.50422754091191,-13.763421150016326,-59.84503230839185,-0.0018087401309018424
16.634607500879966,-99.4958919035423,-13.777769630916685,-59.84674636943903,-0.001796895515721879
16.65120562444372,-99.48755463668397,-13.792121902066945,-59.84844943916756,-0.00178473514759675
16.66780784367522,-99.47921573791581,-13.806477961789069,-59.850141714180005,-0.0017733157859184322
16.684414158315967,-99.47087520491469,-13.820837808417943,-59.8518232672864,-0.0017613201510042267
16.701024568136933,-99.46253303527938,-13.835201440277473,-59.853493847337845,-0.0017493845976102609
16.717639072913542,-99.45418922659505,-13.849568855689133,-59.85515354417788,-0.0017375895654884598
16.734257672403974,-99.44584377649062,-13.86394005298017,-59.856802585460315,-0.0017261439335883922
16.75088036635215,-99.43749668263078,-13.878315030482405,-59.85844078409756,-0.0017139675322928429
16.767507154538905,-99.42914794258178,-13.892693786513487,-59.860068098904236,-0.0017024471143632677
16.784138036717383,-99.42079755398117,-13.907076319400753,-59.861684663955735,-0.0016905638419887493
16.800773012651025,-99.41244551443747,-13.921462627466868,-59.86329043647302,-0.0016789652247183944
16.81741208209306,-99.40409182158503,-13.935852709038004,-59.86488546705622,-0.0016671997089708435
16.834055244806095,-99.3957364730316,-13.950246562436012,-59.86646963339576,-0.0016553561059573154
16.850702500555105,-99.3873794663772,-13.964644185981278,-59.86804308518637,-0.0016439161323382441
16.86735384908634,-99.37902079926974,-13.97904557800064,-59.86960577881743,-0.001631992604025595
16.884009290167253,-99.37066046929958,-13.993450736812326,-59.87115768990455,-0.0016205130530874711
16.900668823547544,-99.36229847410232,-14.007859660740575,-59.87269888380566,-0.0016087380156775053
16.917332448985675,-99.35393481128895,-14.022272348105762,-59.87422936701612,-0.0015972835393567699
16.934000166230987,-99.34556947849295,-14.036688797231044,-59.87574907127478,-0.0015853769991087125
16.950671975053307,-99.3372024732924,-14.051109006431394,-59.87725798962152,-0.0015739194607089467
16.967347875198666,-99.32883379332628,-14.065532974029901,-59.878756314823576,-0.001562427940582989
16.984027866412937,-99.32046343623273,-14.079960698349232,-59.880243905681056,-0.0015506862155266307
17.000711948459976,-99.31209139960072,-14.094392177704606,-59.88172069534597,-0.001539066273116147
17.017400121095132,-99.3037176810403,-14.108827410413905,-59.88318686519257,-0.0015277154262947849
17.034092384056535,-99.29534227820534,-14.123266394800796,-59.88464242607325,-0.0015161294844374003
17.050788737100653,-99.28696518869971,-14.137709129181395,-59.88608713655861,-0.0015042851704166363
17.067489179994933,-99.27858641009693,-14.152155611867183,-59.887521220478874,-0.0014931785875493722
17.08419371246738,-99.27020594007311,-14.166605841183799,-59.88894476373972,-0.0014815250730535535
17.10090233427441,-99.26182377622764,-14.181059815445506,-59.89035749125511,-0.0014698549822627096
17.11761504517623,-99.25343991614871,-14.195517532964695,-59.89175961370712,-0.0014586529596037681
17.134331844908534,-99.24505435748748,-14.209978992062208,-59.89315110544412,-0.0014469405409052697
17.151052733227374,-99.23666709783986,-14.224444191050628,-59.894531975638344,-0.0014357689148248786
17.167777709869295,-99.2282781348519,-14.238913128249317,-59.89590220703806,-0.001424031723687234
17.18450677459552,-99.21988746610282,-14.25338580196765,-59.89726174175688,-0.0014127505503991789
17.201239927147707,-99.21149508922217,-14.267862210521844,-59.89861071283359,-0.001401302178737201
17.217977167270003,-99.20310100183119,-14.282342352226399,-59.89994909331142,-0.0013899759306254386
17.234718494704925,-99.19470520155443,-14.296826225396101,-59.901276852921484,-0.0013784756107363592
17.251463909203242,-99.18630768599243,-14.311313828341602,-59.90259398310331,-0.00136714270201449
17.268213410506814,-99.1779084527685,-14.325805159376689,-59.90390057902954,-0.0013558519105214522
17.284966998356186,-99.16950749950746,-14.340300216814738,-59.905196545076095,-0.0013443308455845888
17.301724672502143,-99.1611048238056,-14.35479899896468,-59.90648195075731,-0.0013331960196035337
17.318486432678405,-99.15270042330323,-14.36930150414145,-59.90775680583832,-0.0013217063791344337
17.335252278633643,-99.14429429559928,-14.383807730653526,-59.90902106965767,-0.0013104979630291205
17.352022210106806,-99.13588643831709,-14.398317676812518,-59.91027477404293,-0.0012990856723008313
17.368796226842406,-99.12747684906368,-14.412831340927246,-59.91151795277572,-0.0012879586141445062
17.385574328573316,-99.11906552547562,-14.427348721310416,-59.91275060821627,-0.0012765622507173006
17.40235651504422,-99.11065246515643,-14.441869816269474,-59.913972705730856,-0.0012653741587213031
17.41914278599382,-99.10223766572443,-14.456394624113727,-59.91518424873508,-0.0012539959285774106
17.435933141166856,-99.09382112478,-14.470923143149317,-59.91638527031083,-0.0012428876297970826
17.452727580293235,-99.08540283996177,-14.485455371687594,-59.91757587147098,-0.0012317303276145391
17.469526103108578,-99.07698280889166,-14.499991308037066,-59.91875586430496,-0.0012202424237690128
17.486328709363608,-99.0685610291499,-14.514530950499761,-59.91992538115328,-0.0012093710957522142
17.503135398779882,-99.06013749839295,-14.529074297388346,-59.92108445353266,-0.0011979595555225851
17.519946171103733,-99.05171221420972,-14.543621347005233,-59.92223294833778,-0.001186822702615454
17.536761026070575,-99.04328517421695,-14.558172097656533,-59.92337102765263,-0.0011757586259413812
17.55357996340654,-99.03485637605463,-14.572726547651298,-59.92449870824467,-0.0011646673890475746
17.57040298284555,-99.02642581734044,-14.587284695294862,-59.925615811144546,-0.0011532427527917205
17.587230084139843,-99.01799349564172,-14.601846538884795,-59.92672238049813,-0.0011422540513074165
17.604061267013005,-99.00955940860095,-14.61641207672926,-59.92781869859172,-0.0011314257639558263
17.620896531182655,-99.00112355387509,-14.630981307138109,-59.928904492955574,-0.0011198827343697206
17.637735876404612,-98.99268592901767,-14.645554228405638,-59.92997976013283,-0.0011090581578633964
17.654579302398815,-98.98424653167642,-14.660130838839436,-59.93104473901424,-0.001098021084900992
17.671426808891493,-98.97580535948117,-14.674711136744177,-59.932099250579995,-0.0010868362209583648
17.68827839562375,-98.96736241002043,-14.689295120417993,-59.933143246248235,-0.001075709309855073
17.70513406233034,-98.95891768089791,-14.70388278816068,-59.93417688975025,-0.0010648743545429247
17.72199380872721,-98.95047116976689,-14.718474138279161,-59.93520023700891,-0.0010538738916420767
17.73885763454373,-98.9420228742428,-14.733069169074184,-59.936213054517914,-0.0010425661980351527
17.755725539525198,-98.93357279189702,-14.74766787883955,-59.937215476505706,-0.0010318543302432334
17.772597523384785,-98.9251209203859,-14.76227026588132,-59.93820763281836,-0.0010208259584911924
17.78947358585013,-98.9166672573252,-14.776876328498961,-59.93918933606289,-0.0010097370273749304
17.806353726655765,-98.90821180031124,-14.79148606498882,-59.94016067232003,-0.0009988973823554872
17.82323794552476,-98.89975454696923,-14.806099473650912,-59.941121616168786,-0.0009877665217018997
17.84012624218993,-98.89129549489697,-14.8207165527808,-59.9420722378045,-0.0009770826058111528
17.857018616364304,-98.88283464174428,-14.835337300681498,-59.943012559155456,-0.0009660076231694772
17.87391506778096,-98.87437198510524,-14.849961715647066,-59.943942427355246,-0.0009550184309073131
17.89081559616653,-98.86590752259013,-14.864589795973679,-59.944862093800715,-0.0009444733634348419
17.907720201228514,-98.85744125185938,-14.87922153996458,-59.94577138197726,-0.0009331301029056982
17.924628882715,-98.8489731704624,-14.893856945905842,-59.94667020454072,-0.0009224153027084655
17.94154164033954,-98.84050327604066,-14.908496012097066,-59.94755894703579,-0.0009118784399613093
17.95845847380925,-98.8320315662514,-14.923138736839697,-59.94843722667013,-0.0009003840500485128
17.97537938287717,-98.82355803862636,-14.937785118415784,-59.949305179591775,-0.0008901386900406551
17.99230436723567,-98.81508269086025,-14.952435155131745,-59.95016304354492,-0.0008791451331248602
18.00923342661222,-98.80660552055093,-14.967088845278651,-59.95101040381211,-0.0008680549072683868
18.026166560744006,-98.79812652526897,-14.981746187143177,-59.95184753449234,-0.0008576370438468864
18.04310376933197,-98.78964570268161,-14.996407179026198,-59.95267445840151,-0.0008466042192150022
18.060045052104705,-98.78116305037983,-15.011071819216562,-59.953491045527144,-0.0008359288171493255
18.076990408777956,-98.77267856598773,-15.025740106007593,-59.95429742016953,-0.0008251625113443675
18.093939839069787,-98.76419224712235,-15.040412037691345,-59.95509350513331,-0.0008143384636271067
18.110893342703584,-98.75570409138423,-15.05508761255663,-59.95587929975349,-0.0008035811904042578
18.127850919396618,-98.7472140963898,-15.06976682889452,-59.956654918164915,-0.0007930024799091479
18.144812568853723,-98.73872225978741,-15.084449685000333,-59.95742040164822,-0.0007823404355142433
18.16177829079331,-98.73022857918716,-15.099136179163075,-59.95817544925118,-0.0007711527465511606
18.178748084956766,-98.72173305213585,-15.113826309661832,-59.958920295002784,-0.0007609826063912237
18.19572195103106,-98.71323567632629,-15.128520074797404,-59.959655133269166,-0.0007502049053572772
18.2126998887339,-98.70473644936662,-15.143217472857248,-59.96037957722743,-0.0007392495312660271
18.22968189779702,-98.69623536882541,-15.157918502122293,-59.96109383417129,-0.000728908367948942
18.246667977919127,-98.6877324323597,-15.1726231608866,-59.96179796803756,-0.0007180946194118912
18.263658128818147,-98.67922763757291,-15.187331447435552,-59.96249188823488,-0.00070757749625596
18.280652350204264,-98.67072098208818,-15.20204336005712,-59.96317560934864,-0.000696803949590982
18.29765064179653,-98.66221246350327,-15.216758897034948,-59.963849149224174,-0.0006863336919404538
18.3146530033009,-98.65370207945001,-15.23147805665741,-59.96451254433836,-0.0006756452286874596
18.33165943443233,-98.64518982753455,-15.246200837208505,-59.96516575028267,-0.0006650939697525124
18.34866993490091,-98.63667570537498,-15.260927236973675,-59.96580881690913,-0.0006545179913711013
18.365684504416713,-98.62815971058795,-15.27565725423759,-59.96644172863351,-0.0006439448881984292
18.382703142688857,-98.61964184079156,-15.290390887284797,-59.96706453729584,-0.000633485373092409
18.399725849423614,-98.61112209361013,-15.30512813440026,-59.96767716364245,-0.0006227598292613939
18.416752624339903,-98.6026004666325,-15.319868993863125,-59.968279633391944,-0.0006123631842364442
18.433783467139023,-98.59407695749377,-15.334613463959075,-59.9688720646779,-0.0006018898805394278
18.45081837752637,-98.58555156381684,-15.349361542971552,-59.9694543224384,-0.0005912264651518074
18.467857355219603,-98.5770242831899,-15.364113229178217,-59.97002642196037,-0.0005807945899516139
18.48490039992047,-98.56849511324306,-15.378868520862682,-59.970588544696966,-0.0005705129053788019
18.501947511325373,-98.5599640516198,-15.393627416310219,-59.97114051433105,-0.0005597298973416948
18.518998689157865,-98.55143109588793,-15.408389913793817,-59.971682300857914,-0.0005493968538688753
18.53605393311681,-98.5428962436818,-15.423156011596506,-59.97221415280065,-0.0005391325808819694
18.55311324289634,-98.53435949264711,-15.43792570800252,-59.972735886360525,-0.0005284332884835104
18.570176618216387,-98.52582084035781,-15.452699001284492,-59.97324745210026,-0.0005180778889926282
18.58724405878003,-98.51728028443233,-15.467475889721415,-59.97374901045556,-0.0005077167705191891
18.60431556428367,-98.5087378225066,-15.482256371594762,-59.97424059789696,-0.0004974458277251609
18.621391134425632,-98.50019345220977,-15.497040445184396,-59.97472204890687,-0.0004867561919664396
18.638470768924698,-98.4916471711134,-15.511828108760616,-59.975193415081364,-0.0004766006911263615
18.65555446747365,-98.48309897685934,-15.526619360604403,-59.97565481502039,-0.0004661633224137994
18.672642229775008,-98.47454886706122,-15.54141419899175,-59.97610616127106,-0.00045583898563909066
18.68973405552898,-98.46599683933792,-15.556212622199109,-59.976547505126085,-0.00044551626032805666
18.706829944436894,-98.45744289130376,-15.571014628501654,-59.97697877379093,-0.0004350531213339149
18.72392989620521,-98.44888702055792,-15.585820216171829,-59.97740005858649,-0.0004249267044669325
18.74103391052321,-98.44032922474521,-15.600629383488675,-59.977811394828336,-0.0004145454357670787
18.7581419870946,-98.43176950146983,-15.6154421287245,-59.97821263579434,-0.00040412940725541226
18.775254125626528,-98.4232078483248,-15.630258450149197,-59.97860387937721,-0.0003939577148578895
18.79237032580831,-98.41464426295127,-15.645078346039968,-59.978985269846646,-0.0003838456944167546
18.809490587330842,-98.40607874298485,-15.65990181467267,-59.979356575093526,-0.00037321039140144355
18.826614909912124,-98.39751128598473,-15.674728854310409,-59.97971783875936,-0.00036319718398904703
18.843743293237445,-98.38894188959954,-15.689559463230225,-59.980069280087406,-0.00035301848977221
18.860875736998526,-98.38037055145853,-15.704393639705483,-59.980410681695105,-0.0003425719594545156
18.878012240902308,-98.37179726914789,-15.71923138200229,-59.98074213923304,-0.0003325978884574681
18.895152804634247,-98.3632220403117,-15.734072688395447,-59.981063665649486,-0.0003221874134344813
18.91229742789801,-98.35464486254251,-15.748917557151088,-59.98137521182328,-0.0003121229964460067
18.92944611038255,-98.34606573347256,-15.763765986541314,-59.98167688714701,-0.000301944897898691
18.946598851783126,-98.33748465071479,-15.778617974834445,-59.98196853372447,-0.0002915687463264486
18.963755651802234,-98.32890161186153,-15.793473520295287,-59.982250333448754,-0.0002817704560875391
18.980916510115065,-98.3203166145789,-15.808332621199797,-59.982522258392954,-0.00027134705207925716
18.998081426430023,-98.31172965644004,-15.823195275808612,-59.98278409346437,-0.0002611209202861069
19.01525040044467,-98.30314073504702,-15.838061482386628,-59.983036158412304,-0.00025135737537274245
19.03242343182872,-98.29454984807755,-15.852931239210308,-59.983278417457335,-0.0002410679728165369
19.04960052028467,-98.28595699311737,-15.867804544540888,-59.983510576193744,-0.00023071562982786853
19.066781665516853,-98.27736216774568,-15.882681396638006,-59.983732952407884,-0.00022108162382544454
19.083966867193634,-98.26876536964059,-15.897561793776926,-59.98394548187725,-0.00021060827638866522
19.101156125021674,-98.26016659637239,-15.912445734214892,-59.984148056749554,-0.00020076474954143245
19.118349438682372,-98.25156584558034,-15.927333216219862,-59.98434084155394,-0.00019063502947070485
19.135546807867843,-98.24296311487274,-15.942224238054301,-59.98452368327321,-0.00018049034162633099
19.152748232270227,-98.23435840185672,-15.957118797980094,-59.984696762931165,-0.00017073753678199216
19.1699537115656,-98.22575170418241,-15.97201689426541,-59.984859941843595,-0.0001603208712387249
19.187163245459697,-98.2171430194166,-15.986918525164572,-59.98501324867723,-0.00015063572161804037
19.20437683362578,-98.20853234521527,-16.00182368894597,-59.98515680110477,-0.0001404671543407874
19.221594475756053,-98.19991967918011,-16.016732383868494,-59.98529046623724,-0.00013052194381287899
19.238816171537266,-98.19130501892695,-16.031644608192963,-59.98541431443196,-0.00012050545765062626
19.25604192065592,-98.18268836207129,-16.046560360179726,-59.98552836573488,-0.00011061026785605831
19.27327172279306,-98.17406970624222,-16.061479638090702,-59.98563263128118,-0.00010062571315595266
19.290505577637923,-98.16544904904497,-16.076402440183514,-59.98572698571465,-9.048597286534099e-05
19.307743484884575,-98.15682638807029,-16.091328764713015,-59.9858115945349,-8.0846018679221e-05
19.324985444200404,-98.14820172098186,-16.106258609945385,-59.985886510104855,-7.082158846612253e-05
19.34223145527311,-98.13957504538557,-16.1211919741369,-59.98595153664488,-6.079461179184102e-05
19.359481517794723,-98.13094635887403,-16.136128855541163,-59.986006770061785,-5.0973676768832755e-05
19.376735631444074,-98.12231565907543,-16.15106925241712,-59.98605226982813,-4.10763407638008e-05
19.393993795901704,-98.11368294361206,-16.166013163022285,-59.986088019178474,-3.12307543530356e-05
19.411256010848373,-98.1050482101045,-16.180960585613434,-59.986113990271114,-2.1286385357696534e-05
19.4285222759696,-98.09641145615846,-16.195911518444266,-59.98613019061474,-1.1465264719338538e-05
19.44579259094691,-98.08777267939023,-16.210865959769976,-59.98613661436688,-1.5183578015377862e-06
19.463066955463432,-98.07913187740968,-16.225823907843917,-59.98613335285464,8.108947726050686e-06
19.48034536918902,-98.07048904786339,-16.240785360925297,-59.98612036867505,1.8122243190045277e-05
19.497627831813098,-98.06184418834127,-16.255750317263203,-59.98609756791693,2.793002501154124e-05
19.51491434301501,-98.05319729646091,-16.270718775111064,-59.986065126248924,3.757930939234765e-05
19.53220490246526,-98.04454836986298,-16.285690732725424,-59.98602295019345,4.756669597544076e-05
19.549499509852442,-98.03589740613656,-16.300666188353915,-59.98597100462644,5.727768193973862e-05
19.56679816485168,-98.02724440290723,-16.31564514024969,-59.98590941769674,6.699726308066307e-05
19.584100867136303,-98.0185893578043,-16.330627586665965,-59.98583812689341,7.682527096245166e-05
19.601407616390016,-98.00993226842716,-16.345613525850652,-59.98575704342222,8.67148047404333e-05
19.6187184122933,-98.00127313238266,-16.360602956052233,-59.985666409161865,9.604585708826961e-05
19.63603325450185,-97.99261194734625,-16.37559587553017,-59.98556609742662,0.00010618180840119941
19.653352142712766,-97.98394871087605,-16.39059228252397,-59.98545595056707,0.00011582151383123613
19.670675076600723,-97.97528342059178,-16.40559217528278,-59.98533623609343,0.0001254091853393457
19.688002055830417,-97.96661607414018,-16.42059555205983,-59.98520691198091,0.00013512457948771067
19.70533308007794,-97.95794666913488,-16.43560241110236,-59.98506785770247,0.00014494599958755216
19.722668149026767,-97.94927520316733,-16.45061275065329,-59.9849191117197,0.00015457483367168178
19.740007262346943,-97.94060167386573,-16.465626568961238,-59.98476081318459,0.00016410704904641258
19.757350419704682,-97.93192607886809,-16.480643864276047,-59.984592841766464,0.00017396914265212313
19.774697620782067,-97.92324841576638,-16.495664634839255,-59.98441523391658,0.0001834189735938198
19.792048865244144,-97.9145686821994,-16.51068887889974,-59.98422800632238,0.0001932385019802764
19.80940415277087,-97.90588687576292,-16.525716594698714,-59.98403112728474,0.00020274311796982292
19.82676348303052,-97.8972029940843,-16.540747780482118,-59.983824634512786,0.00021247782642178304
19.84412685569777,-97.88851703477202,-16.55578243449235,-59.98360856423917,0.00022190065094898726
19.86149427043419,-97.87982899547005,-16.57082055497711,-59.983382924779875,0.00023160973577485792
19.878865726917322,-97.87113887377636,-16.58586214017596,-59.983147582805145,0.000241291581515059
19.896241224822194,-97.8624466672949,-16.600907188328954,-59.98290272281513,0.000250621001901262
19.913620763806374,-97.85375237367758,-16.61595569768365,-59.98264828170068,0.00026042077009545234
19.931004343548775,-97.84505599051504,-16.63100766647682,-59.98238423738245,0.00026978564221915934
19.948391963711636,-97.83635751544404,-16.64606309295258,-59.98211063447861,0.0002794869403172557
19.965783623970825,-97.82765694606135,-16.66112197534764,-59.98182740889514,0.0002889716063063804
19.983179323991553,-97.818954279993,-16.676184311903228,-59.98153470586821,0.00029837257009573964
20.00057906343494,-97.81024951487538,-16.691250100861822,-59.98123241627323,0.00030806739916083224
20.017982841977638,-97.80154264829993,-16.706319340457785,-59.98092054138895,0.00031745694561037573
20.035390659282445,-97.79283367789608,-16.721392028931398,-59.98059915440158,0.00032699617625522707
20.05280251501496,-97.78412260128411,-16.736468164520808,-59.98026826657895,0.0003363543646672481
20.07021840883842,-97.77540941609004,-16.75154774546472,-59.97992776230983,0.0003461165636771335
20.087638340430413,-97.76669411989809,-16.766630769994176,-59.97957778937606,0.00035516977079387194
20.105062309437987,-97.75797671037812,-16.781717236354392,-59.97921831834544,0.00036498222747271983
20.12249031554226,-97.74925718510163,-16.79680714277303,-59.978849233833884,0.0003742578101884925
20.139922358401204,-97.74053554170547,-16.811900487488707,-59.97847075159065,0.0003836294159948498
20.15735843767481,-97.73181177781913,-16.82699726873806,-59.978082703105464,0.00039323373284048116
20.174798553034552,-97.72308589103872,-16.842097484751637,-59.97768519846134,0.00040237623746512214
20.192242704133175,-97.71435787901224,-16.857201133768257,-59.97727817394935,0.000412099380162665
20.209690890646844,-97.70562773931994,-16.872308214014573,-59.976861659466785,0.0004211733611172617
20.227143112224343,-97.69689546961924,-16.887418723730146,-59.97643572223268,0.00043075338164433774
20.244599368535777,-97.68816106750543,-16.902532661143173,-59.97600023901392,0.0004400651797834785
20.26205965924366,-97.67942453059443,-16.917650024484924,-59.97555527972158,0.00044949672018211655
20.27952398400959,-97.6706858565038,-16.932770811986487,-59.97510093143397,0.0004586258297527551
20.296992342481925,-97.66194504288765,-16.947895021884722,-59.974637168319326,0.0004681004349885017
20.31446473432985,-97.65320208733944,-16.963022652405375,-59.97416381389035,0.00047757356167446737
20.33194115922341,-97.6444569874494,-16.978153701773262,-59.97368103559045,0.00048670499543805877
20.349421616809504,-97.63570974087263,-16.993288168223863,-59.97318895224895,0.0004959322680352174
20.366906106741713,-97.62696034524407,-17.008426049988646,-59.97268737353323,0.0005054352389058893
20.384394628693446,-97.6182087981407,-17.023567345288377,-59.97217624349151,0.0005147655714483275
20.401887182322458,-97.60945509718378,-17.03871205235127,-59.97165588277465,0.0005236200182563254
20.419383767265142,-97.60069924005381,-17.053860169414985,-59.97112606759765,0.0005333884546873138
20.436884383205424,-97.59194122429493,-17.0690116946932,-59.97058668380904,0.0005424620267981772
20.45438902979307,-97.58318104754738,-17.084166626415584,-59.97003806896418,0.0005515486771802688
20.471897706675268,-97.57441870745828,-17.099324962812698,-59.96947998448641,0.0005610895542690911
20.48941041352098,-97.5656542016109,-17.11448670210326,-59.96891254770947,0.00056993378128818
20.506927149971197,-97.55688752766775,-17.129651842519394,-59.96833570506361,0.0005795729735618097
20.524447915699277,-97.54811868319747,-17.144820382276215,-59.96774945023033,0.0005884213088568504
20.54197271034419,-97.5393476658663,-17.159992319605465,-59.96715393021296,0.0005977592171085732
20.55950153356809,-97.53057447327299,-17.175167652726532,-59.9665488790474,0.0006071288517874708
20.577034385035173,-97.52179910300912,-17.19034637985692,-59.96593454809051,0.0006159577539593861
20.59457126438023,-97.51302155274992,-17.205528499228418,-59.965310946595366,0.0006253006360186641
20.612112171264478,-97.50424182009348,-17.220714009058625,-59.96467788049062,0.0006345074211392544
20.629657105349107,-97.49545990263695,-17.235902907564462,-59.96403541944303,0.0006437032055781032
20.64720606628453,-97.48667579800765,-17.251095192967735,-59.96338378619582,0.0006524585126489408
20.66475905370546,-97.47788950387664,-17.266290863497286,-59.96272274358827,0.0006621177154813729
20.682316067290987,-97.46910101778639,-17.281489917358755,-59.96205225733733,0.00067093276161104
20.699877106678333,-97.46031033739922,-17.296692352778603,-59.96137265411885,0.0006799341783696242
20.717442171511273,-97.45151746035678,-17.311898167978782,-59.96068362032501,0.0006893643097642524
20.735011261458574,-97.44272238422835,-17.327107361168146,-59.95998524715676,0.0006981761069778473
20.75258437615937,-97.43392510666742,-17.342319930569904,-59.95927762813703,0.0007074121400877004
20.770161515269127,-97.4251256252791,-17.357535874398017,-59.95856066481415,0.0007164112161765423
20.787742678434434,-97.41632393769345,-17.372755190870507,-59.95783447153261,0.0007254119043543495
20.805327865302136,-97.40752004153849,-17.387977878204374,-59.95709893625437,0.0007346251674010139
20.82291707552897,-97.39871393441277,-17.40320393461088,-59.95635413099604,0.0007434746308656573
20.840510308755235,-97.38990561396135,-17.418433358309063,-59.95560007186884,0.0007526476970185424
20.85810756463447,-97.38109507778974,-17.433666147510255,-59.95483671973956,0.0007615665758445493
20.875708842812077,-97.37228232352646,-17.44890230042957,-59.954064093671455,0.0007706935974260573
20.893314142940678,-97.36346734877752,-17.46414181527728,-59.95328219348253,0.0007796046216569192
20.910923464662496,-97.35465015117862,-17.479384690268713,-59.952491100405176,0.0007885624102349381
20.92853680762241,-97.34583072835623,-17.494630923616775,-59.95169071341857,0.0007976655123546295
20.94615417147348,-97.33700907791234,-17.509880513529517,-59.95088107250995,0.0008065358578179809
20.96377555585676,-97.32818519748294,-17.525133458220655,-59.950062240796186,0.0008155057609618128
20.981400960417485,-97.31935908469045,-17.540389755900744,-59.94923414848217,0.0008245062274461677
20.99903038480458,-97.31053073714591,-17.55564940477787,-59.94839681102294,0.0008334373664928384
21.01666382866205,-97.30170015247354,-17.570912403061914,-59.94755028581745,0.0008423160662164766
21.034301291630847,-97.29286732830539,-17.586178748963608,-59.94669455553586,0.0008512734199402468
21.051942773358196,-97.28403226225434,-17.601448440689705,-59.94582955878152,0.0008602655104394288
21.06958827349246,-97.27519495192892,-17.61672147644559,-59.94495537150041,0.0008690644851119692
21.08723779166804,-97.2663553949774,-17.631997854443366,-59.944072113080686,0.0008778123889469654
21.104891327524285,-97.25751358903243,-17.647277572891664,-59.943179486744164,0.000887190235899184
21.12254888072768,-97.24866953164675,-17.662560629984068,-59.94227770224778,0.0008955152640731072
21.140210450894372,-97.239823220519,-17.67784702394026,-59.94136686407975,0.0009046785845514589
21.157876037678697,-97.23097465323504,-17.693136752958647,-59.94044668489616,0.0009135634764998688
21.175545640725744,-97.22212382740732,-17.708429815242166,-59.93951743903674,0.0009221766659705704
21.19321925966381,-97.21327074069566,-17.723726209001608,-59.938579036882565,0.0009312306476278064
21.21089689414193,-97.20441539069876,-17.739025932436174,-59.93763146566716,0.0009398610560662101
21.228578543797642,-97.19555777504786,-17.754328983750483,-59.93667463248738,0.0009490904506567998
21.246264208288007,-97.18669789131627,-17.76963536113798,-59.93570871758432,0.0009573570409912409
21.263953887223526,-97.17783573721209,-17.78494506281618,-59.93473383886823,0.0009663458668542474
21.281647580253814,-97.16897131032827,-17.800258086980975,-59.93374955883772,0.000975467779867959
21.299345287038868,-97.16010460822665,-17.81557443182205,-59.93275618097182,0.0009838498523172376
21.317047007194144,-97.15123562859814,-17.830894095552203,-59.93175387189451,0.000992635299243704
21.334752740356087,-97.14236436907116,-17.846217076372096,-59.930742311494754,0.001001640723915819
21.352462486180418,-97.13349082721705,-17.86154337247147,-59.929721533249655,0.0010103521625528437
21.370176244300627,-97.12461500067121,-17.876872982051285,-59.92869182070326,0.0010187908529187511
21.38789401433638,-97.11573688710833,-17.892205903319077,-59.92765299724527,0.0010278425159883189
21.405615795941774,-97.1068564841015,-17.907542134463192,-59.926604938070106,0.0010365191571713166
21.42334158875402,-97.09797378927237,-17.92288167368037,-59.925547857981904,0.0010451398346398013
21.441071392401714,-97.08908880026665,-17.93822451917115,-59.92448172796749,0.00105386581434159
21.458805206521788,-97.08020151470483,-17.953570669130926,-59.92340646963309,0.0010626329961193437
21.476543030753163,-97.07131193020066,-17.9689201217533,-59.92232216051026,0.0010711985332242015
21.494284864725504,-97.06242004439405,-17.984272875236115,-59.921228779889866,0.0010799986692443845
21.512030708080218,-97.05352585488936,-17.999628927770043,-59.920126276803394,0.001088656658984995
21.529780560450032,-97.0446293593157,-18.014988277549843,-59.91901480698435,0.0010971426902545221
21.547534421461982,-97.03573055531778,-18.030350922772534,-59.91789420350006,0.0011061211965926999
21.565292290764127,-97.02682944047791,-18.045716861623106,-59.916764575461684,0.0011143849077833667
21.583054167972055,-97.01792601247254,-18.061086092303356,-59.915625978727476,0.0011232459047590803
21.600820052730626,-97.00902026889119,-18.07645861299835,-59.91447817794992,0.0011319643477528674
21.618589944677822,-97.00011220734284,-18.091834421896284,-59.91332146385472,0.0011402463697754758
21.63636384342697,-96.99120182550807,-18.10721351719814,-59.91215578477026,0.0011490586760514016
21.65414174862316,-96.98228912097278,-18.12259589708655,-59.91098087274196,0.0011578591625994485
21.671923659908565,-96.97337409133092,-18.137981559745235,-59.909797078817235,0.0011659744590529766
21.689709576888884,-96.96445673428273,-18.153370503377136,-59.90860435781817,0.0011748560435181857
21.707499499210044,-96.95553704740881,-18.168762726162168,-59.907402445519956,0.0011834821825304981
21.72529342650667,-96.94661502832257,-18.18415822628598,-59.90619167014569,0.0011917120542855107
21.743091358393812,-96.93769067469388,-18.19955700194411,-59.90497184109047,0.0012007044871557015
21.76089329452079,-96.92876398409086,-18.214959051312523,-59.9037430032145,0.001208838694729168
21.77869923449972,-96.91983495419038,-18.230364372586983,-59.90250526282428,0.0012176150752716056
21.796509177971128,-96.91090358258437,-18.24577296394668,-59.901258400803506,0.0012261711855301551
21.814323124565263,-96.90196986689438,-18.261184823575846,-59.90000270512552,0.0012343755404336002
21.832141073894114,-96.89303380479518,-18.276599949668253,-59.898738041063005,0.0012431881136250535
21.849963025602765,-96.88409539386242,-18.292018340398243,-59.89746426447333,0.001251667196253101
21.86778897932009,-96.87515463171918,-18.307439993948694,-59.89618163812295,0.001259957510258138
21.88561893465936,-96.86621151603333,-18.3228649085102,-59.89489013906249,0.0012684740492556357
21.903452891251714,-96.85726604441936,-18.338293082262844,-59.89358954682916,0.0012771883875156852
21.921290848739115,-96.84831821445869,-18.353724513379795,-59.8922799966336,0.0012854326579871819
21.939132806734808,-96.83936802381693,-18.36915920004964,-59.890961671164334,0.001293782028896909
21.956978764858587,-96.83041547013927,-18.384597140456453,-59.88963432428125,0.0013025003634421555
21.97482872275232,-96.82146055100455,-18.400038332771125,-59.888297984614745,0.0013107861490680738
21.99268268003569,-96.81250326405694,-18.415482775176553,-59.886952805284345,0.0013191975540252207
22.010540636328887,-96.80354360693752,-18.4309304658542,-59.88559875022965,0.001327546403718275
22.02840259125594,-96.79458157727571,-18.446381402982958,-59.88423570354136,0.0013361768748334937
22.046268544453557,-96.78561717266216,-18.46183558473367,-59.882863729478025,0.0013443926298135481
22.06413849553619,-96.7766503907526,-18.477293009288946,-59.881482959128384,0.0013527595564920246
22.082012444125287,-96.76768122918132,-18.492753674826822,-59.88009323720269,0.001361271220801692
22.099890389852167,-96.7587096855522,-18.508217579518853,-59.87869460420354,0.0013695515745948254
22.117772332336497,-96.74973575750312,-18.523684721542597,-59.877287116024355,0.0013779466832083112
22.13565827120035,-96.74075944266379,-18.539155099073437,-59.87587077744895,0.001386210306537834
22.15354820606408,-96.73178073866815,-18.55462871028696,-59.874445506285625,0.0013947584028569577
22.1714421365594,-96.7227996431155,-18.57010555335153,-59.873011374954004,0.0014028733023886246
22.189340062297617,-96.71381615366498,-18.585585626446427,-59.87156843834618,0.001411306963271507
22.207241982904133,-96.70483026793283,-18.601068927742045,-59.8701165902133,0.0014196217079792339
22.225147898002593,-96.69584198353998,-18.616555455409227,-59.86865587730995,0.0014279568101809796
22.243057807213294,-96.6868512981161,-18.63204520761978,-59.867186372501166,0.0014361221737911004
22.260971710149438,-96.67785820931141,-18.64753818254897,-59.865708037064536,0.0014445254338336933
22.278889606439908,-96.6688627147283,-18.66303437836218,-59.864220730459074,0.0014529572653038283
22.29681149570891,-96.65986481198235,-18.678533793226766,-59.86272476277808,0.0014607491131187163
22.314737377552827,-96.65086449877127,-18.694036425325372,-59.86121994311118,0.0014695455374427579
22.332667251617664,-96.64186177264402,-18.70954227281136,-59.85970614013662,0.0014775857181849013
22.35060111751441,-96.63285663125303,-18.725051333857433,-59.85818368105329,0.001485737849129826
22.36853897485326,-96.62384907225223,-18.740563606635973,-59.85665238522594,0.0014941223989216176
22.38648082326001,-96.61483909324826,-18.756079089309708,-59.85511225519262,0.0015022622969795088
22.404426662350183,-96.60582669187745,-18.771597780046424,-59.85356332802993,0.0015105674433805718
22.42237649174374,-96.59681186576219,-18.787119677010693,-59.85200562688179,0.0015186550858056023
22.440330311054083,-96.58779461254359,-18.802644778370105,-59.85043909543797,0.001527062492069338
22.45828811990659,-96.57877492982601,-18.81817308228449,-59.8488637983786,0.0015350171424391914
22.476249917907396,-96.56975281527077,-18.833704586924217,-59.847279748353266,0.0015433927648634427
22.49421570468086,-96.56072826648341,-18.84923929044807,-59.84568686937024,0.0015514878759567562
22.512185479837726,-96.55170128110977,-18.864777191022227,-59.84408533890767,0.0015595114993508681
22.530159242988503,-96.54267185679547,-18.88031828681218,-59.84247492127045,0.0015680572647421322
22.548136993768846,-96.53363999110998,-18.89586257596799,-59.84085570727667,0.001575897263485672
22.566118731777273,-96.5246056817331,-18.911410056660586,-59.839227912386306,0.001584017575903705
22.584104456625763,-96.51556892630362,-18.926960727052347,-59.837591250273306,0.0015924062664889797
22.602094167944355,-96.50652972240532,-18.942514585294315,-59.83594579623657,0.0016003732199297116
22.620087865336988,-96.49748806769932,-18.958071629551988,-59.834291769182,0.00160833007098768
22.638085548409116,-96.48844395984166,-18.97363185798938,-59.83262891129523,0.0016167900738096597
22.656087216793463,-96.47939739640532,-18.989195268753484,-59.830957252583026,0.00162468153601626
22.67409287009359,-96.47034837505036,-19.0047618600079,-59.82927699618324,0.0016327405597720884
22.692102507918346,-96.4612968934201,-19.020331629912295,-59.82758797507647,0.0016409487544028177
22.710116129887805,-96.45224294912306,-19.035904576618837,-59.82589020809372,0.0016489641606169567
22.72813373561229,-96.44318653979657,-19.051480698284838,-59.82418376028841,0.0016570392199600713
22.746155324701924,-96.43412766307766,-19.067059993066927,-59.82246864314351,0.0016650253425127205
22.764180896765666,-96.42506631660618,-19.082642459121725,-59.82074479708414,0.0016732087428111588
22.78221045142167,-96.41600249799309,-19.0982280945994,-59.819012237049165,0.0016811588694694067
22.8002439882777,-96.40693620488022,-19.11381689765574,-59.81727100903561,0.0016892461829629201
22.81828150694597,-96.39786743489509,-19.129408866443065,-59.815521094699406,0.0016972248008877624
22.836323007034647,-96.38879618567674,-19.14500399911542,-59.81376252399577,0.001705247139594314
22.854368488154595,-96.37972245485491,-19.16060229382425,-59.811995243470925,0.001713322169915845
22.872417949918646,-96.37064624005323,-19.17620374871941,-59.81021932355192,0.0017212012795859142
22.890471391930287,-96.361567538922,-19.191808361955164,-59.808434752505214,0.0017292920370710306
22.90852881380378,-96.35248634907884,-19.207416131678922,-59.80664147951613,0.0017372624098442953
22.926590215147833,-96.34340266815707,-19.223027056040483,-59.804839591911346,0.0017451773916038892
22.944655595567095,-96.3343164938014,-19.238641133191276,-59.80302906707773,0.0017531845364589383
22.96272495467262,-96.32522782363665,-19.25425836127826,-59.80120985833933,0.001761182750424939
22.980798292075562,-96.31613665528627,-19.26987873844738,-59.79938200726469,0.0017691026394838277
22.998875607380736,-96.30704298639249,-19.285502262847878,-59.7975455818425,0.001776962641198571
23.016956900192117,-96.29794681459884,-19.301128932628462,-59.795700480521184,0.0017850717141489813
23.03504217012366,-96.28884813751824,-19.31675874593124,-59.79384679984947,0.0017927384182012678
23.053131416772004,-96.27974695281512,-19.332391700907962,-59.791984474604206,0.0018009664946347936
23.071224639759144,-96.27064325807618,-19.348027795694147,-59.79011345614389,0.0018087201292557027
23.089321838681734,-96.26153705096468,-19.363667028440233,-59.78823402145671,0.0018164069978404418
23.107423013135723,-96.25242832914456,-19.379309397295927,-59.78634584648525,0.0018247788479424274
23.125528162751436,-96.24331709017511,-19.394954900389433,-59.78444902415461,0.0018322795800948914
23.143637287115677,-96.23420333174688,-19.41060353587472,-59.78254377862621,0.0018402124589917122
23.161750385835163,-96.2250870514893,-19.426255301892873,-59.78062979079102,0.001848321467391756
23.17986745852668,-96.21596824700028,-19.441910196577947,-59.778707291035495,0.0018558034953213484
23.197988504774525,-96.20684691597573,-19.457568218083143,-59.776776313013265,0.001863840923920706
23.216113524193766,-96.19772305601714,-19.47322936454194,-59.7748365513642,0.001871904312960628
23.23424251640154,-96.1885966647194,-19.488893634086036,-59.77288829636949,0.001879375839664572
23.252375480980756,-96.17946773978039,-19.50456102486718,-59.77093160246282,0.0018873277214474446
23.270512417539315,-96.1703362788212,-19.520231535020965,-59.76896622776701,0.0018952580937641832
23.288653325689552,-96.16120227944869,-19.535905162679498,-59.76699227906613,0.001902997628899061
23.30679820502895,-96.15206573931448,-19.55158190598343,-59.76500987831623,0.0019106866105046924
23.324947055152364,-96.14292665607717,-19.56726176307409,-59.76301893114599,0.0019186009883302812
23.343099875670383,-96.13378502734656,-19.582944732082257,-59.7610193367703,0.0019264770287878582
23.361256666189014,-96.12464085074609,-19.598630811140993,-59.759011298327486,0.0019339940495458306
23.379417426297127,-96.11549412395027,-19.614319998392954,-59.75699472276115,0.0019420423102443482
23.3975821556083,-96.10634484455791,-19.63001229196492,-59.754969580825154,0.001949608812086073
23.415750853715096,-96.0971930102309,-19.645707689995767,-59.75293599372501,0.001957417471984267
23.433923520219818,-96.0880386186008,-19.661406190617633,-59.750893832174874,0.001965225679951886
23.45210015472623,-96.07888166729394,-19.677107791960918,-59.7488431934887,0.001972840724011299
23.470280756829354,-96.0697221539628,-19.692812492160815,-59.746784035778354,0.0019807227125770554
23.488465326136286,-96.06056007622188,-19.708520289343994,-59.744716347763664,0.001988352732964471
23.506653862242835,-96.0513954317197,-19.72423118164354,-59.74264020650191,0.001996080158580782
23.52484636474659,-96.04222821809867,-19.739945167190676,-59.74055559722875,0.0020037318991344404
23.54304283324492,-96.03305843300109,-19.755662244115946,-59.73846247128926,0.0020115460443046918
23.56124326734202,-96.02388607404758,-19.771382410544803,-59.736360865423045,0.0020191206695809026
23.57944766663179,-96.01471113888951,-19.78710566460834,-59.73425079031191,0.002026907718400921
23.597656030716518,-96.00553362515201,-19.802832004431707,-59.732132234293154,0.002034498099866303
23.615868359190287,-95.99635353048458,-19.818561428144402,-59.73000524282159,0.002042191423615419
23.63408465165173,-95.98717085252193,-19.834293933872193,-59.727869759038136,0.0020498841977576766
23.6523049077002,-95.97798558889615,-19.850029519739795,-59.72572583266264,0.002057475663220771
23.67052912692962,-95.968797737255,-19.865768183874412,-59.72357346717802,0.0020651552096496535
23.688757308938253,-95.95960729523229,-19.88150992439975,-59.721412640165795,0.0020727830569497873
23.706989453323104,-95.95041426046491,-19.897254739439497,-59.71924336482075,0.002080430778657498
23.72522555968035,-95.941218630592,-19.91300262711732,-59.71706568630197,0.0020879656389461644
23.74346562760177,-95.93202040326489,-19.928753585558525,-59.71487956787873,0.002095677151251483
23.761709656689376,-95.92281957610325,-19.94450761288144,-59.7126849598357,0.002103300602984042
23.77995764653788,-95.9136161467482,-19.96026470720805,-59.71048203086516,0.002110682859966807
23.798209596732264,-95.90441011287035,-19.97602486666594,-59.70827064623651,0.0021185575652557897
23.816465506881716,-95.89520147206485,-19.991788089366274,-59.70605078308525,0.0021259770120597384
23.834725376572948,-95.88599022199561,-20.007554373433948,-59.70382263196862,0.0021334809006289313
23.852989205396696,-95.87677636031334,-20.023323716990458,-59.70158598648003,0.0021412884651547544
23.871256992958983,-95.86755988462083,-20.039096118146595,-59.699340949839886,0.002148588573048561
23.88952873884094,-95.85834079259715,-20.05487157502853,-59.69708759984385,0.002156241067956026
23.907804442640767,-95.84911908186795,-20.070650085750586,-59.69482575674141,0.0021638781172188372
23.92608410395702,-95.83989475005708,-20.086431648426057,-59.692555583688225,0.0021712125264789863
23.944367722371553,-95.83066779483927,-20.10221626117825,-59.690277080588565,0.002178843376810536
23.962655297483273,-95.82143821383579,-20.118003922118586,-59.68799008686065,0.002186477917416773
23.98094682889062,-95.81220600466904,-20.1337946293582,-59.685694794050676,0.002193736723146301
23.99924231617292,-95.80297116501941,-20.14958838101962,-59.683391160658914,0.002201444102369848
24.017541758930705,-95.79373369250128,-20.16538517521091,-59.68107911309754,0.0022088369039591276
24.03584515675134,-95.78449358476911,-20.18118501004797,-59.67875877692164,0.0022162984093636005
24.05415250922556,-95.77525083946607,-20.19698788364357,-59.67643001106273,0.002223953866922395
24.07246381595275,-95.76600545420796,-20.2127937941041,-59.674092927203034,0.0022311960420683405
24.090779076511957,-95.75675742667296,-20.22860273954849,-59.67174756409503,0.002238771312260376
24.109098290498547,-95.74750675448821,-20.244414718084297,-59.66939378396259,0.0022462697176054854
24.12742145750674,-95.7382534352832,-20.26022972781873,-59.66703168046003,0.002253660166479455
24.1457485771229,-95.72899746671175,-20.276047766863737,-59.664661285253324,0.002261091938569472
24.16407964893518,-95.71973884642097,-20.29186883332899,-59.66228256375405,0.0022685419615743876
24.182414672533927,-95.71047757205076,-20.307692925322105,-59.65989552064685,0.0022759585008199504
24.20075364750822,-95.7012136412442,-20.323520040950633,-59.65750016028243,0.002283393937641297
24.219096573448468,-95.69194705163981,-20.339350178320647,-59.65509647363841,0.0022908213499990603
24.237443449943125,-95.68267780088114,-20.355183335538428,-59.65268452136199,0.002298135101505811
24.25579427657695,-95.67340588662302,-20.37101951071221,-59.65026424311034,0.0023056710540995786
24.274149052944185,-95.66413130648965,-20.386858701942856,-59.64783566906251,0.0023129211225262087
24.292507778626685,-95.65485405814364,-20.40270090733894,-59.64539883408207,0.002320384530067838
24.310870453214342,-95.64557413922155,-20.41854612500269,-59.6429537061021,0.0023276893311683713
24.329237076293175,-95.6362915473715,-20.43439435303819,-59.64050027128681,0.0023351727888406637
24.347607647455273,-95.62700628022218,-20.450245589544764,-59.638038570851066,0.0023423930229647984
24.365982166280283,-95.61771833544013,-20.46609983262907,-59.6355686456956,0.002349792568871389
24.38436063235775,-95.60842771066056,-20.481957080390455,-59.63309037472622,0.0023572366242941853
24.40274304527818,-95.59913440351505,-20.49781733092682,-59.63060390865587,0.002364343709957075
24.421129404616924,-95.58983841168204,-20.513680582345557,-59.62810918352304,0.0023719030588087403
24.439519709970956,-95.58053973277141,-20.529546832738504,-59.62560613189161,0.002379131954270619
24.457913960923065,-95.57123836443691,-20.545416080206326,-59.62309488710198,0.0023864320276924607
24.476312157054256,-95.56193430433746,-20.56128832285025,-59.6205754539534,0.0023936456947265938
24.494714297945468,-95.55262755013112,-20.577163558770476,-59.61804774329452,0.0024011087634145563
24.513120383193286,-95.54331809942677,-20.593041786056077,-59.61551167682904,0.002408464731378336
24.531530412383347,-95.53400594986677,-20.60892300280263,-59.61296753930446,0.0024153816594548265
24.54994438508078,-95.52469109915698,-20.62480720711875,-59.610415174374474,0.00242302800646352
24.568362300887923,-95.51537354488627,-20.640694397087127,-59.60785446169506,0.002430166885421983
24.58678415938341,-95.50605328471718,-20.656584570805755,-59.60528567034293,0.0024372971554259275
24.605209960142957,-95.49673031632042,-20.672477726373597,-59.602708610853306,0.002444788969892093
24.623639702761803,-95.4874046373054,-20.68837386187584,-59.600123314517354,0.0024518538252998553
24.642073386815447,-95.47807624534231,-20.70427297541001,-59.59752986502889,0.002459181042259738
24.660511011889746,-95.46874513806873,-20.72017506506607,-59.59492817621156,0.002466403006171401
24.678952577565394,-95.45941131313755,-20.73608012893653,-59.592318376659314,0.002473480711810319
24.697398083418925,-95.45007476821422,-20.751988165115996,-59.58970031444588,0.002480984187502883
24.715847529047164,-95.44073550089954,-20.767899171684224,-59.587074020259465,0.0024879977110564755
24.734300914020643,-95.4313935088769,-20.783813146738506,-59.58443971054144,0.0024950856816516784
24.75275823791548,-95.42204878981094,-20.79973008837116,-59.581797091504384,0.0025026489129722053
24.77121950033105,-95.41270134129293,-20.81564999465793,-59.579146310338864,0.0025094524320737046
24.789684700830882,-95.40335116102634,-20.83157286369844,-59.57648744847453,0.0025168557190087416
24.808153839003715,-95.39399824663438,-20.847498693573957,-59.57382034628677,0.0025239549816779504
24.82662691442899,-95.38464259576926,-20.863427482371534,-59.57114511990315,0.002531132767393119
24.845103926685265,-95.37528420608534,-20.879359228178018,-59.56846177087657,0.0025382231272799705
24.863584875350384,-95.36592307523833,-20.895293929079756,-59.56577023189957,0.0025455220796677287
24.88206976001369,-95.35655920084747,-20.911231583154557,-59.56307047662698,0.0025526561742990135
24.900558580251037,-95.3471925805739,-20.927172188488726,-59.56036275106111,0.002559484650499795
24.91905133562632,-95.33782321211561,-20.9431157431759,-59.55764683332286,0.00256703173802611
24.937548025739808,-95.32845109305556,-20.959062245283842,-59.55492268130135,0.00257393367935499
24.956048650160895,-95.31907622107336,-20.975011692900843,-59.552190542555344,0.002581007652083255
24.97455320846308,-95.3096985938353,-20.99096408411166,-59.54945024663581,0.0025882253010425862
24.993061700232655,-95.30031820896643,-21.006919416991185,-59.54670175782468,0.002595360677857366
25.011574125049055,-95.29093506411316,-21.022877689618426,-59.54394523286864,0.0026022767876316653
25.030090482479956,-95.28154915695816,-21.038838900079625,-59.5411806251091,0.0026094942764486786
25.04861077210986,-95.2721604851307,-21.05480304644865,-59.53840783294381,0.0026165959986066308
25.067134993517517,-95.26276904627744,-21.070770126802472,-59.53562700739097,0.0026235229524280814
25.0856631462732,-95.25337483807135,-21.08674013922321,-59.53283806430435,0.002630777371952282
25.104195229961608,-95.24397785813903,-21.10271308178198,-59.53004103096015,0.00263764705021132
25.122731244150945,-95.23457810415898,-21.118688952560813,-59.5272359558031,0.0026448043723737522
25.141271188423573,-95.22517557376433,-21.13466774963099,-59.52442270054224,0.002651928593377677
25.159815062359527,-95.21577026459464,-21.150649471064398,-59.521601440664014,0.002658749650495748
25.178362865521372,-95.20636217434459,-21.166634114944618,-59.518772191761336,0.0026658387424326395
25.196914597489382,-95.19695130065223,-21.182621679341967,-59.51593472604346,0.002673082634849986
25.215470257851337,-95.1875376411309,-21.198612162320437,-59.51308922695488,0.0026798206835069037
25.234029846168053,-95.17812119347931,-21.214605561962504,-59.510235759535554,0.002686936457872487
25.252593362018246,-95.16870195533866,-21.230601876337072,-59.50737415524323,0.0026939856905836713
25.27116080497913,-95.15927992435421,-21.24660110351321,-59.50450456296495,0.0027008156890736246
25.289732174618976,-95.14985509819907,-21.26260324156552,-59.50162686655807,0.0027080774783887814
25.308307470524138,-95.14042747448887,-21.278608288555247,-59.49874113817629,0.002714766049171285
25.32688669225498,-95.13099705092077,-21.294616242560988,-59.495847444925104,0.002721895993293206
25.34546983939058,-95.12156382513179,-21.310627101647167,-59.49294566132952,0.0027288145412246033
25.364056911505003,-95.11212779477496,-21.326640863881313,-59.490035847706665,0.002735825401067124
25.382647908172856,-95.10268895750043,-21.342657527329393,-59.48711802934968,0.0027426907021601784
25.401242828963362,-95.09324731097544,-21.358677090060702,-59.484192195480745,0.0027497160642594638
25.41984167345406,-95.0838028528396,-21.3746995501374,-59.481258291451375,0.0027566781938186307
25.43844444121521,-95.07435558075602,-21.39072490562657,-59.47831653258833,0.002763293739921738
25.457051131806452,-95.06490549242025,-21.406753154601564,-59.47536663907334,0.0027707752202293556
25.475661744827576,-95.05545258539993,-21.422784295106446,-59.47240867626489,0.002777262354456142
25.494276279829904,-95.04599685741641,-21.43881832521913,-59.46944291812835,0.002784224333229072
25.512894736385093,-95.03653830612576,-21.45485524300216,-59.46646902302965,0.002791346437962507
25.53151711407591,-95.0270769291482,-21.470895046509305,-59.463487194719676,0.00279792069088698
25.550143412459164,-95.01761272418601,-21.486937733812116,-59.460497398577736,0.002805102043161547
25.568773631119054,-95.00814568885362,-21.50298330296159,-59.45749953947539,0.0028118488695869936
25.587407769621706,-94.9986758208228,-21.51903175202107,-59.454493780217895,0.002818719515862858
25.606045827535095,-94.98920311775859,-21.535083079051578,-59.45148004309199,0.0028256062918288307
25.624687804429737,-94.97972757731772,-21.55113728211164,-59.44845836267794,0.002832406532937536
25.643333699874447,-94.97024919716168,-21.56719435926013,-59.44542866903893,0.002839418613828019
25.661983513446064,-94.96076797492569,-21.58325430854921,-59.442391035682625,0.0028460755964335735
25.68063724470671,-94.95128390829171,-21.59931712804103,-59.43934544502765,0.0028531149687671398
25.699294893233006,-94.94179699489464,-21.615382815786262,-59.436291913298234,0.0028597359752490555
25.717956458583625,-94.93230723242661,-21.631451369848023,-59.43323050681684,0.002866645691552593
25.736621940331748,-94.92281461853239,-21.64752278827779,-59.43016105509576,0.0028735799821096235
25.755291338053553,-94.91331915084707,-21.66359706912429,-59.427083682745184,0.002880251034248307
25.77396465130909,-94.90382082705642,-21.679674210446905,-59.42399845234159,0.0028870627782152584
25.792641879666444,-94.89431964482047,-21.69575421029865,-59.42090523540061,0.002893968440417937
25.811323022699575,-94.88481560177956,-21.711837066727185,-59.4178040971211,0.0029006527396098544
25.83000807997124,-94.87530869560956,-21.72792277778763,-59.41469506888767,0.0029074942120311453
25.848697051051484,-94.86579892396244,-21.744011341528932,-59.41157808679358,0.0029142923421818278
25.867389935506594,-94.85628628450195,-21.76010275600208,-59.40845328818609,0.002920871760002838
25.886086732897137,-94.84677077490934,-21.77619701926127,-59.40532047241415,0.0029280390393489715
25.90478744280864,-94.83725239278559,-21.792294129341666,-59.40217976237412,0.002934383437192308
25.92349206478782,-94.82773113585549,-21.808394084306045,-59.3990312800131,0.002941317628483395
25.942200598408032,-94.8182070017581,-21.824496882196893,-59.39587477896609,0.0029481162778050413
25.960913043240918,-94.8086799881372,-21.840602521056965,-59.39271041628918,0.0029547518871748547
25.979629398846402,-94.79915009267401,-21.856710998937,-59.38953821054801,0.0029615104351945853
25.998349664790606,-94.78961731302924,-21.872822313882278,-59.38635810436555,0.002968247573513905
26.017073840641142,-94.78008164685828,-21.888936463936123,-59.3831700981115,0.0029749999326754914
26.035801925963423,-94.77054309182317,-21.90505344714269,-59.37997428125511,0.0029815648183279097
26.05453392031735,-94.7610016456032,-21.92117326154941,-59.37677053157871,0.0029885395084027545
26.073269823280018,-94.75145730582167,-21.937295905189995,-59.37355892204631,0.002994962941183447
26.09200963440241,-94.74191007018607,-21.953421376117102,-59.37033955803883,0.0030017358933382516
26.11075335325244,-94.73235993634792,-21.96954967236942,-59.36711221945775,0.0030085638528708136
26.129500979403634,-94.72280690194113,-21.98568079198114,-59.363877042277785,0.003015078098165853
26.148252512411098,-94.71325096465809,-22.00181473299915,-59.360634091489935,0.0030217796577680514
26.167007951838638,-94.70369212216258,-22.017951493462956,-59.35738325981508,0.0030284881997981765
26.185767297254284,-94.69413037210444,-22.034091071408156,-59.35412455085082,0.0030351776199006053
26.20453054822076,-94.6845657121502,-22.050233464873525,-59.35085810384705,0.0030416216689282995
26.223297704292953,-94.67499813999113,-22.06637867190283,-59.34758375074083,0.0030486183615489252
26.242068765049307,-94.66542765324206,-22.082526690521366,-59.3443015822338,0.003054888286688727
26.260843730035656,-94.6558542496227,-22.098677518778132,-59.341011679767895,0.0030617281915665453
26.279622598824773,-94.64627792676495,-22.114831154700823,-59.33771380051568,0.0030684441780516173
26.29840537098456,-94.63669868231672,-22.130987596320423,-59.334408212569066,0.0030747803577587884
26.317192046063205,-94.6271165139883,-22.1471468416814,-59.3310948097621,0.0030816883299625056
26.33598262363328,-94.61753141941143,-22.16330888880946,-59.327773624622196,0.003087958723356953
26.35477710324383,-94.60794339629318,-22.17947373574703,-59.32444462557193,0.003094920019238617
26.37357548447244,-94.59835244224774,-22.19564138051411,-59.32110776983307,0.0031012644933310902
26.392377766870716,-94.58875855497298,-22.21181182114953,-59.31776319841988,0.0031079586211812146
26.41118395000288,-94.57916173212575,-22.227985055681913,-59.31441079353553,0.003114516475326922
26.42999403342876,-94.56956197137653,-22.24416108214227,-59.31105066104995,0.0031210087859742273
26.448808016705833,-94.55995927040269,-22.26033989856242,-59.30768269906813,0.0031277504276881352
26.467625899402673,-94.55035362684563,-22.276521502965167,-59.304306970261415,0.0031341211430043823
26.486447681071606,-94.54074503839875,-22.29270589338469,-59.30092348998659,0.0031408290205234483
26.505273361278125,-94.53113350271248,-22.308893067844412,-59.29753223559127,0.0031472364655206466
26.524102939576782,-94.52151901747206,-22.325083024375143,-59.29413323005491,0.003153896461661944
26.542936415533124,-94.51190158032675,-22.34127576099852,-59.290726414104526,0.0031604085015090365
26.56177378870509,-94.50228118895033,-22.35747127574133,-59.28731192044688,0.0031668172830568286
26.580615058645336,-94.49265784103288,-22.3736695666333,-59.28388966286885,0.00317348385227117
26.59946022492107,-94.4830315342169,-22.389870631692265,-59.28045959392369,0.003179975257215858
26.618309287090092,-94.4734022661754,-22.406074468942634,-59.27702185812161,0.003186368917494999
26.637162244704516,-94.46377003459905,-22.422281076412148,-59.273576376098575,0.0031930020925023945
26.656019097330287,-94.45413483713307,-22.438490452117016,-59.27012309211196,0.0031994937050271234
26.674879844525563,-94.44449667144787,-22.45470259407879,-59.26666214793954,0.0032058592134010075
26.693744485841258,-94.43485553523706,-22.470917500323804,-59.26319348595922,0.0032124522923935067
26.71261302084028,-94.4252114261544,-22.487135168868054,-59.25971706561722,0.0032188876249390633
26.73148544908075,-94.41556434186928,-22.50335559773068,-59.25623291056028,0.003225431741770584
26.750361770121486,-94.40591428004805,-22.51957878492923,-59.252741099960154,0.003231715464644034
26.76924198351084,-94.39626123839108,-22.53580472848874,-59.2492415903766,0.0032383347607560205
26.788126088815055,-94.38660521453951,-22.552033426419214,-59.2457342712628,0.003244817655225488
26.807014085591863,-94.37694620616251,-22.568264876736848,-59.24221936982045,0.0032510118165179186
26.82590597338528,-94.36728421097295,-22.584499077467278,-59.23869674852222,0.0032577437549193102
26.84480175176653,-94.35761922659492,-22.60073602661438,-59.2351663476802,0.0032640430034925117
26.863701420286855,-94.34795125071722,-22.6169757221967,-59.23162834913139,0.0032704338896918247
26.88260497849922,-94.3382802810226,-22.63321816223058,-59.22808262897908,0.0032769568530325545
26.901512425962867,-94.3286063151728,-22.649463344726552,-59.22452927885783,0.003283173404675586
26.92042376222558,-94.3189293508669,-22.66571126770346,-59.220968221922725,0.003289833125855393
26.939338986855713,-94.30924938573604,-22.681961929163037,-59.21739942139148,0.0032961124122900956
26.95825809940333,-94.29956641747094,-22.69821532712059,-59.21382304613254,0.0033024554019315407
26.977181099418978,-94.28988044376031,-22.71447145959019,-59.2102389909494,0.0033089237111035954
26.996107986461343,-94.28019146226585,-22.730730324578694,-59.20664726875908,0.003315237769613137
27.015038760082547,-94.27049947067033,-22.746991920097265,-59.20304789997218,0.0033216633515832606
27.033973419840684,-94.26080446663659,-22.76325624415153,-59.19944081986809,0.003328091649553484
27.052911965291838,-94.2511064478336,-22.779523294747825,-59.19582616365828,0.0033342628972449014
27.071854395980523,-94.24140541196829,-22.79579306990102,-59.19220386837016,0.003340802230998433
27.090800711469832,-94.23170135668536,-22.812065567609928,-59.18857385332625,0.003347117059606911
27.109750911311966,-94.22199427966595,-22.828340785881768,-59.184936294224634,0.003353327642653437
27.128704995054772,-94.21228417860438,-22.844618722725954,-59.18129103126412,0.0033599317938092575
27.147662962261773,-94.20257105114338,-22.860899376138768,-59.17763820474295,0.0033658789551137395
27.16662481247014,-94.19285489501182,-22.877182744136565,-59.17397774069948,0.00337261428448293
27.185590545250797,-94.18313570782719,-22.893468824707945,-59.17030958929008,0.0033786481431352265
27.204560160145512,-94.17341348730284,-22.909757615864123,-59.16663390532978,0.0033850935287015158
27.22353365671105,-94.16368823110199,-22.926049115603263,-59.162950546416056,0.0033913844248155225
27.242511034498023,-94.15395993690778,-22.942343321927613,-59.1592596769557,0.0033975223544938757
27.26149229305292,-94.1442286024168,-22.958640232842033,-59.15556109858806,0.0034041731161370166
27.280477431943936,-94.13449422525363,-22.974939846333044,-59.151854938415525,0.0034100722785856533
27.299466450704795,-94.1247568031561,-22.99124216041402,-59.14814127273797,0.0034165778205816405
27.31845934889693,-94.11501633377033,-23.00754717307521,-59.144419880430945,0.003422878471996915
27.337456126073505,-94.10527281476944,-23.023854882312737,-59.14069101289045,0.003428917004534141
27.356456781774394,-94.0955262438697,-23.04016528613239,-59.13695452910685,0.003435471836518254
27.37546131556568,-94.08577661870102,-23.05647838251825,-59.1332103764076,0.003441602132139214
27.39446972699038,-94.07602393696872,-23.072794169471972,-59.12945882833607,0.003447649625254643
27.41348201558931,-94.06626819638534,-23.089112644996316,-59.1256995976447,0.00345430250713971
27.4324981809348,-94.05650939455857,-23.105433807067474,-59.121932710254264,0.003460297395903404
27.451518222564754,-94.04674752920992,-23.121757653688906,-59.11815844849398,0.0034664271447271164
27.47054214002277,-94.0369825980414,-23.13808418285843,-59.11437651523407,0.003472962456201508
27.489569932874186,-94.02721459868302,-23.154413392555504,-59.110587021736144,0.003478883094149716
27.508601600654703,-94.01744352886242,-23.1707452807828,-59.106790067216025,0.0034852315279801246
27.527637142919176,-94.00766938624335,-23.187079845526455,-59.102985462372104,0.0034914944673823606
27.546676559221623,-93.99789216849221,-23.203417084772568,-59.09917333935012,0.003497595658089104
27.565719849105548,-93.98811187330982,-23.21975699651494,-59.09535370754504,0.003503836513726494
27.584767012121873,-93.97832849837204,-23.236099578740436,-59.09152650017492,0.0035100552369406886
27.60381804782106,-93.96854204135587,-23.252444829435444,-59.08769178205531,0.0035161724330445314
27.622872955747578,-93.95875249995798,-23.26879274659045,-59.083849564178436,0.003522366173483762
27.64193173545172,-93.94895987185541,-23.285143328190372,-59.07999975713011,0.0035286422977797226
27.660994386485182,-93.93916415471985,-23.301496572217893,-59.076142504062105,0.0035345690062866357
27.680060908385748,-93.92936534626936,-23.31785247666661,-59.0722777049672,0.003541023437816629
27.699131300716747,-93.91956344413649,-23.334211039508,-59.06840528780793,0.0035470771403687904
27.71820556302026,-93.9097584460241,-23.35057225873027,-59.06452552398737,0.0035530299887109144
27.737283694831966,-93.89995034965617,-23.36693613232616,-59.060638231008056,0.00355941290246668
27.756365695712294,-93.89013915267398,-23.38330265826704,-59.05674333906241,0.003565488610768116
27.775451565208805,-93.88032485276098,-23.399671834533898,-59.05284096779649,0.0035716478189481244
27.794541302865643,-93.8705074476123,-23.416043659110088,-59.048931205716016,0.0035775569018256115
27.8136349082196,-93.86068693494674,-23.432418129983933,-59.045013911716325,0.003583969358738542
27.83273238083249,-93.85086331239951,-23.448795245122124,-59.04108904729842,0.003589943984528626
27.851833720245665,-93.8410365776738,-23.465175002507628,-59.03715678771486,0.0035960313342457495
27.870938926002538,-93.83120672846547,-23.481557400120735,-59.03321702720242,0.003602194486583849
27.890047997652836,-93.82137376244935,-23.497942435935833,-59.029269780360515,0.0036082503800769932
27.90916093473962,-93.81153767732181,-23.51433010793179,-59.02531511730623,0.0036142807049894254
27.92827773680684,-93.80169847077609,-23.530720414085977,-59.02135292421827,0.00362053971692085
27.94739840341029,-93.7918561404656,-23.54711335236499,-59.01738322369714,0.0036265239825683452
27.966522934087806,-93.78201068410333,-23.56350892074958,-59.013406232302856,0.0036323829509371337
27.985651328375063,-93.77216209940929,-23.57990711722154,-59.0094216700888,0.003638873470832546
28.004783585838812,-93.7623103839994,-23.59630793973573,-59.005429598031846,0.003644616364765758
28.023919706008865,-93.75245553561253,-23.612711386277063,-59.00143023675917,0.0036506996740384846
28.043059688428773,-93.74259755194156,-23.629117454818225,-58.997423343566325,0.0036568806017227757
28.06220353265327,-93.73273643064127,-23.64552614332136,-58.99340894109297,0.0036629178517192614
28.08135123822448,-93.722872169409,-23.661937449758792,-58.98938723920639,0.0036687114348768215
28.100502804674385,-93.71300476597519,-23.67835137211024,-58.985358064426066,0.0036750602877440764
28.119658231563097,-93.70313421797572,-23.69476790833074,-58.98132137333057,0.003680928271125053
28.13881751842736,-93.69326052312505,-23.7111870563946,-58.97727739016422,0.0036868638250131774
28.157980664805315,-93.68338367913204,-23.727608814273726,-58.97322592561612,0.0036930720699768355
28.177147670251404,-93.67350368365116,-23.74403317992566,-58.969166999159135,0.003698967441350611
28.196318534304055,-93.66362053438974,-23.760460151320338,-58.965100726194905,0.003704960866782081
28.21549325650435,-93.65373422904634,-23.77688972642487,-58.96102703382333,0.003710984341705312
28.23467183639737,-93.64384476530563,-23.793321903201985,-58.9569459159091,0.003716984275100843
28.25385427352755,-93.63395214085425,-23.809756679614132,-58.95285738153609,0.0037229865608464936
28.273040567436944,-93.62405635338664,-23.82619405362501,-58.94876150501737,0.003728846644636774
28.29223071766154,-93.61415740061706,-23.842634023202482,-58.94465824206087,0.0037349249093946704
28.311424723751998,-93.60425528021024,-23.85907658630102,-58.940547449625434,0.0037410405082803524
28.33062258525644,-93.59434998983964,-23.875521740876692,-58.93642940154424,0.0037466161530077006
28.349824301695847,-93.58444152726904,-23.8919694849076,-58.93230403921998,0.003752833767437221
28.369029872625518,-93.57452989014686,-23.90841981634174,-58.9281711188616,0.0037588479478139715
28.388239297593813,-93.56461507614468,-23.924872733132226,-58.92403087641011,0.00376463208804463
28.407452576131128,-93.55469708299411,-23.94132823324671,-58.91988336528976,0.003770544658348853
28.426669707777176,-93.54477590839505,-23.9577863146439,-58.91572840352262,0.003776654838757714
28.445890692083157,-93.53485155000868,-23.974246975271885,-58.911566060048536,0.003782437565781835
28.465115528584313,-93.52492400554942,-23.99071021309151,-58.90739638697942,0.003788448542921773
28.484344216823974,-93.51499327270456,-24.007176026056012,-58.90321935539659,0.0037942792216868514
28.503576756338184,-93.50505934918516,-24.02364441212376,-58.899035016211656,0.003800193235784428
28.52281314666974,-93.49512223267965,-24.040115369246642,-58.89484322181638,0.003806287244187678
28.542053387366025,-93.48518192086077,-24.056588895371743,-58.890644190935696,0.003811799809220303
28.561297477949996,-93.47523841148306,-24.07306498846627,-58.88643779723563,0.003818118517836435
28.580545417981167,-93.46529170217755,-24.089543646464886,-58.88222397564745,0.0038237445285850677
28.599797206989127,-93.45534179067634,-24.106024867327587,-58.87800293210196,0.0038296852617652013
28.61905284451369,-93.44538867467641,-24.12250864900441,-58.87377450782653,0.003835594654327181
28.638312330096753,-93.43543235186769,-24.138994989442867,-58.86953877638146,0.003841397510865856
28.657575663275786,-93.42547281995442,-24.155483886593224,-58.86529568324106,0.003847401213336734
28.676842843595843,-93.41551007661565,-24.171975338398667,-58.86104529420623,0.003853080323963269
28.696113870587872,-93.40554411957717,-24.18846934281345,-58.85678760800573,0.003859081852318268
28.715388743796108,-93.3955749465199,-24.204965897779495,-58.852522596760444,0.0038648069720417836
28.734667462754267,-93.38560255516026,-24.221465001247193,-58.848250307954245,0.003870718032814662
28.75395002700473,-93.37562694318488,-24.237966651158338,-58.8439706470149,0.0038766098959821175
28.77323643608934,-93.36564810828206,-24.254470845454367,-58.839683713025536,0.0038823371033904577
28.792526689540043,-93.35566604817322,-24.270977582084477,-58.83538952806215,0.003888184575792625
28.81182078689579,-93.34568076055619,-24.287486858991063,-58.83108800608661,0.0038940630156132816
28.831118727697042,-93.33569224312295,-24.303998674114013,-58.82677922575773,0.0038997637222553485
28.850420511477918,-93.32570049358714,-24.320513025398192,-58.82246311454838,0.003905768901973609
28.869726137785285,-93.3157055096189,-24.337029910776323,-58.818139708801596,0.003911399419500873
28.88903560614753,-93.3057072889505,-24.353549328196397,-58.81380911600206,0.0039172058549211755
28.908348916100586,-93.29570582928886,-24.37007127559915,-58.809471210968276,0.003923058261368134
28.92766606718664,-93.28570112831909,-24.386595750918715,-58.80512598781024,0.003928870889251917
28.946987058944817,-93.27569318373652,-24.403122752091097,-58.80077350948625,0.003934605100468671
28.966311890908333,-93.26568199325656,-24.41965227705681,-58.79641381412542,0.003940344455858843
28.985640562612915,-93.25566755458556,-24.436184323753093,-58.79204679957937,0.003946258772200879
29.004973073599448,-93.24564986541233,-24.45271889011188,-58.787672618538515,0.003951717989629507
29.024309423391134,-93.2356289234856,-24.469255974079967,-58.78329115247649,0.003957841951968911
29.043649611544417,-93.22560472644044,-24.485795573573427,-58.778902264980935,0.003963542959882068
29.062993637590605,-93.21557727199783,-24.50233768653027,-58.77450639284652,0.0039688742191644755
29.082341501043953,-93.2055465579361,-24.518882310902594,-58.7701032038751,0.003975170387395482
29.101693201468514,-93.1955125818641,-24.535429444597234,-58.765692618135645,0.0039806413940647
29.121048738388705,-93.18547534152529,-24.551979085555576,-58.761274997146316,0.003986281115569169
29.14040811133264,-93.17543483465046,-24.568531231714875,-58.75685006489892,0.003992245579229041
29.159771319848147,-93.16539105890293,-24.5850858809938,-58.75241787429528,0.0039977855218935494
29.179138363462016,-93.1553440120175,-24.601643031329033,-58.74797854128886,0.00400353663327864
29.19850924170996,-93.14529369169853,-24.618202680648473,-58.74353192698063,0.004009322594938049
29.21788395413249,-93.13524009563342,-24.634764826874594,-58.73907806952353,0.004015000591420663
29.23726250026108,-93.12518322154071,-24.65132946793745,-58.73461709623554,0.004020552872946935
29.256644879624247,-93.11512306714829,-24.66789660176857,-58.7301488320963,0.004026541824469244
29.276031091770125,-93.10505963011755,-24.684466226281316,-58.72567336347945,0.004031934206416862
29.29542113621866,-93.0949929082053,-24.70103833941325,-58.721190790150985,0.0040377392563119615
29.31481501250892,-93.08492289910315,-24.717612939083963,-58.71670090814377,0.004043494520657519
29.334212720180194,-93.07484960050166,-24.734190023211927,-58.7122038672259,0.004049025684671036
29.35361425876075,-93.06477301012917,-24.75076958972489,-58.707699611393444,0.004054877448722146
29.37301962779045,-93.05469312567371,-24.767351636538937,-58.70318820838653,0.004060282459279805
29.392428826790603,-93.04460994488691,-24.783936161586354,-58.69866966385315,0.004066119822969511
29.41184185530303,-93.03452346544981,-24.800523162779733,-58.69414384180126,0.004071765116986567
29.431258712863038,-93.02443368506599,-24.81711263803701,-58.689610874245325,0.004077360817897431
29.45067939900069,-93.01434060145615,-24.833704585279637,-58.68507073363032,0.004083051403870521
29.470103913248686,-93.00424421233244,-24.850299002426166,-58.68052348881359,0.004088519113013566
29.489532255133554,-92.99414451542741,-24.866895887399615,-58.67596901200246,0.004094435104277621
29.508964424202283,-92.98404150840378,-24.883495238103666,-58.671407327055284,0.004099855662349495
29.528400419977967,-92.97393518900566,-24.900097052462815,-58.66683858345853,0.004105498916274588
29.5478402419919,-92.96382555494903,-24.91670132839326,-58.662262642787624,0.004111163874878113
29.56728388977948,-92.95371260393556,-24.933308063806535,-58.65767955221357,0.004116718190105492
29.586731362871326,-92.94359633368329,-24.949917256617784,-58.65308929534955,0.004122408346470361
29.606182660801963,-92.93347674189647,-24.96652890473754,-58.64849192863306,0.0041278571558273905
29.62563778309757,-92.92335382630793,-24.983143006083214,-58.64388738784295,0.004133658359767458
29.64509672929875,-92.9132275846009,-24.999759558558118,-58.63927570486309,0.004139045747268448
29.664559498927698,-92.90309801452159,-25.01637856008161,-58.63465694914232,0.00414471820120148
29.684026091519755,-92.89296511377076,-25.033000008559974,-58.63003098013766,0.004150353457139407
29.70349650660951,-92.88282888005176,-25.04962390189942,-58.62539793000239,0.004155784744783543
29.722970743720712,-92.87268931110506,-25.066250238015307,-58.62075777460755,0.00416145910963875
29.742448802389582,-92.86254640462796,-25.082879014810512,-58.61611044042702,0.004167018003178243
29.761930682146577,-92.85240015833737,-25.09951023019234,-58.61145605412823,0.004172461206118003
29.78141638251786,-92.84225056996517,-25.11614388207142,-58.606794501616335,0.004178220376733844
29.800905903042267,-92.83209763719898,-25.132779968345435,-58.60212587080736,0.004183501923942318
29.820399243237954,-92.82194135779798,-25.149418486930742,-58.59745017869707,0.004189226539930353
29.839896402644975,-92.81178172944536,-25.166059435722183,-58.592767246000584,0.004194824953818685
29.859397380796686,-92.80161874984736,-25.182702812620043,-58.588077323520245,0.004200096401529813
29.878902177210133,-92.79145241676638,-25.19934861553899,-58.58338029701159,0.0042058952236925665
29.8984107914259,-92.78128272788351,-25.215996842370856,-58.578676167601735,0.004211160519721302
29.917923222963555,-92.77110968095221,-25.23264749102625,-58.57396498175523,0.004216872097276986
29.937439471361934,-92.76093327365892,-25.249300559396623,-58.56924661381464,0.004222358048414266
29.956959536149895,-92.75075350372494,-25.26595604538225,-58.56452125334329,0.004227726465956882
29.97648341684959,-92.74057036889437,-25.28261394688869,-58.55978878865293,0.004233408067126376
29.99601111299851,-92.73038386685799,-25.299274261806108,-58.5550492239906,0.004238764775168858
30.01554262411927,-92.72019399535816,-25.315936988037947,-58.5503026536182,0.00424427380660964
30.035077949740813,-92.71000075211508,-25.332602123480754,-58.54554896927629,0.004249819918524071
30.0546170893973,-92.69980413483061,-25.34926966602517,-58.54078816954097,0.004255327380129278
30.074160042615667,-92.68960414123191,-25.365939613568028,-58.53602044437347,0.0042605300850030395
30.093706808911843,-92.67940076908371,-25.38261196401548,-58.53124560085242,0.004266378097239946
30.113257387834864,-92.66919401603586,-25.399286715241374,-58.52646355788818,0.004271721470107015
30.132811778906476,-92.65898387983341,-25.41596386514503,-58.521674676198955,0.004276921408502978
30.15236998163933,-92.64877035825167,-25.432643411632828,-58.516878706562494,0.004282705685023514
30.17193199557807,-92.63855344895585,-25.449325352580466,-58.51207560066257,0.004287987758201524
30.191497820246067,-92.62833314968432,-25.46600968588268,-58.50726549310616,0.004293527785654143
30.211067455171506,-92.61810945815888,-25.482696409428886,-58.50244840321413,0.004298771388565713
30.23064089987367,-92.60788237213183,-25.49938552111597,-58.497624255430125,0.004304442173465005
30.250218153891602,-92.59765188928694,-25.51607701882118,-58.49279301471829,0.004309744200788205
30.26979921674756,-92.5874180073662,-25.53277090043695,-58.48795482135621,0.004315160858000848
30.289384087966305,-92.57718072410256,-25.549467163852306,-58.48310959374885,0.004320604354552325
30.308972767078842,-92.5669400372075,-25.566165806949616,-58.47825726573056,0.0043261349018206795
30.328565253614826,-92.55669594439678,-25.582866827611483,-58.47339804777884,0.004331199347121859
30.34816154708529,-92.54644844345098,-25.599570223737615,-58.46853178278254,0.004337005853358655
30.36776164703599,-92.53619753202958,-25.61627599319334,-58.463658410851856,0.004342172936997293
30.38736555298231,-92.52594320789784,-25.632984133872466,-58.45877820907392,0.004347482016976468
30.40697326444854,-92.5156854687899,-25.649694643659313,-58.453890796544336,0.004353323349048927
30.426584780979603,-92.50542431236794,-25.666407520417437,-58.44899653286059,0.004357988255261371
30.446200102068712,-92.49515973647391,-25.683122762059263,-58.444095316737105,0.004364005980151739
30.46581922726996,-92.48489173873783,-25.699840366437705,-58.439186927185915,0.004369060126170495
30.48544215609944,-92.4746203169221,-25.716560331441563,-58.434271668676864,0.004374532162360755
30.505068888083205,-92.46434546875389,-25.733282654948862,-58.429349407256936,0.004379820678426096
30.52469942274427,-92.45406719197138,-25.750007334840006,-58.42442017673275,0.004385228643748156
30.544333759610936,-92.44378548429397,-25.766734368989255,-58.419483922710356,0.004390609931012736
30.56397189820905,-92.43350034344938,-25.783463755272255,-58.414540751094776,0.004395825685443473
30.583613838058117,-92.42321176718757,-25.800195491570054,-58.409590573455624,0.004401360239423897
30.60325957869144,-92.41291975321026,-25.816929575749437,-58.40463342530595,0.004406508943298042
30.62290911962623,-92.40262429927522,-25.833666005691914,-58.39966933505451,0.004411989114093103
30.642562460392643,-92.39232540309479,-25.850404779265432,-58.39469826004947,0.00441720967302036
30.662219600510916,-92.38202306241607,-25.86714589434684,-58.389720263414425,0.0044225738294971055
30.681880539507546,-92.37171727496417,-25.883889348805987,-58.38473526097869,0.004427939949697062
30.701545276909705,-92.3614080384615,-25.90063514051101,-58.379743324367176,0.004433173033123726
30.721213812238002,-92.35109535065385,-25.917383267335893,-58.37474444582489,0.004438549038916729
30.740886145018198,-92.34077920926829,-25.934133727148325,-58.36973863928508,0.0044437535167899805
30.7605622747709,-92.33045961205048,-25.950886517820546,-58.36472586947101,0.00444918823835763
30.78024220102519,-92.3201365567158,-25.967641637215266,-58.35970617552956,0.004454319388282841
30.79992592329685,-92.30981004102641,-25.984399083207563,-58.354679593526136,0.0044596862960372815
30.819613441115937,-92.2994800626943,-26.00115885365751,-58.34964592439359,0.004465166562982639
30.83930475401436,-92.28914661942483,-26.017920946422443,-58.34460544648753,0.004470036063388641
30.858999861495054,-92.27880970902515,-26.034685359387566,-58.33955808951142,0.004475637157363481
30.878698763094693,-92.26846932918369,-26.051452090403675,-58.334503722130925,0.004480735559902606
30.898401458332575,-92.25812547764998,-26.068221137337996,-58.32944245093311,0.004486143915305204
30.91810794673665,-92.24777815214293,-26.084992498048177,-58.32437426052047,0.004491265761445157
30.93781822782339,-92.23742735042191,-26.101766170402506,-58.319299205168285,0.004496574163881377
30.9575323011161,-92.22707307022193,-26.118542152261426,-58.314217237151716,0.004501776717947046
30.97725016613784,-92.21671530927917,-26.135320441484943,-58.30912830419934,0.004507173831610799
30.99697182241869,-92.20635406530484,-26.15210103592508,-58.30403246978674,0.00451226017519529
31.016697269469898,-92.19598933607632,-26.16888393345172,-58.29892990452363,0.004517351568152576
31.0364265068107,-92.18562111934294,-26.18566913192595,-58.293820207791924,0.004523143027302592
31.05615953398944,-92.17524941275121,-26.202456629178727,-58.28870368473475,0.0045276906660983865
31.075896350495352,-92.16487421415626,-26.219246423099534,-58.28358045060933,0.004533274545045667
31.09563695586611,-92.15449552124211,-26.23603851152825,-58.278450079810185,0.0045385710890744994
31.1153813496291,-92.14411333172905,-26.25283289231418,-58.27331299758849,0.004543399197731086
31.135129531287205,-92.13372764342377,-26.2696295633304,-58.268169010380404,0.004549034226865283
31.154881500381777,-92.12333845399723,-26.28642852241043,-58.26301805127609,0.004553976779862299
31.17463725642287,-92.11294576123088,-26.30322976741844,-58.25786037453875,0.0045591587197948745
31.19439679893096,-92.10254956286904,-26.320033296207075,-58.25269568222606,0.004564623949038397
31.21416012744151,-92.09214985660343,-26.336839106613144,-58.24752414378693,0.004569502738039323
31.233927241458527,-92.08174664023643,-26.353647196504124,-58.24234589774365,0.004574719619004653
31.253698140503925,-92.07133991150754,-26.370457563728742,-58.23716064980012,0.00458011435892523
31.273472824111504,-92.06092966811379,-26.387270206122572,-58.23196853467148,0.004585089592354675
31.2932512917914,-92.05051590783634,-26.40408512154456,-58.22676968374355,0.004590248711091384
31.313033543064027,-92.04009862841926,-26.42090230784191,-58.2215638585708,0.004595641036929921
31.332819577460405,-92.02967782756984,-26.437721762850664,-58.216351252162774,0.004600455830157066
31.3526093944852,-92.0192535030881,-26.45454348443242,-58.21113183094268,0.004605903708849157
31.37240299367117,-92.00882565267455,-26.471367470419324,-58.205905489558454,0.004610900588567997
31.39220037453311,-91.99839427409371,-26.488193718661165,-58.20067238776172,0.004616063029880088
31.412001536589976,-91.98795936509492,-26.505022227002346,-58.19543242929933,0.004621225933779296
31.43180647936421,-91.97752092341528,-26.521852993282923,-58.19018561349444,0.004626385848593742
31.451615202376075,-91.96707894679955,-26.538686015344254,-58.18493201257629,0.004631417754896154
31.47142770514031,-91.95663343301209,-26.555521291032488,-58.179671588181684,0.00463664159760873
31.49124398718236,-91.94618437977927,-26.572358818181918,-58.174404274571614,0.004641785613763871
31.51106404802234,-91.93573178484642,-26.589198594631455,-58.169130220417074,0.004646743891951936
31.53088788717076,-91.9252756459929,-26.606040618228935,-58.163849369969306,0.004651982450812734
31.550715504151757,-91.91481596094944,-26.622884886807203,-58.158561683209435,0.004657007519522366
31.570546898486032,-91.90435272745918,-26.639731398201846,-58.153267073909696,0.004662394168703756
31.590382069700617,-91.8938859432428,-26.656580150241073,-58.14796585251887,0.004666869156470508
31.61022101728999,-91.88341560613655,-26.673431140785713,-58.14265768517701,0.004672839714493492
31.630063740800296,-91.87294171379291,-26.69028436764232,-58.13734301688808,0.00467652810564149
31.64991023973294,-91.86246426402377,-26.707139828662967,-58.13202020208122,0.004685389500474355
31.669760513608885,-91.85198325457097,-26.72399752167833,-58.12669616765181,0.004676892440146759
31.68961456195357,-91.84149868316094,-26.74085744451389,-58.12134411946234,0.0047328622912834375
31.70947238427735,-91.83101054757316,-26.757719595009462,-58.11606465531046,0.0045475140458118134
31.729333980103313,-91.82051884554231,-26.77458397099109,-58.11048222892533,0.005263552659600582
31.74919934894725,-91.81002357482885,-26.791450570291392,-58.10599839883261,0.0026152437361713844
31.769068490328014,-91.79952473318245,-26.808319390738973,-58.097382158770955,0.01252197372236631
31.78894226644931,-91.78901924563331,-26.825189533259838,-58.077496941321506,0.022404707388264763
31.808821543027005,-91.7785040380705,-26.842060100741797,-58.053497374890846,0.019736811897855745
31.82870632443997,-91.76797910960734,-26.858931093975357,-58.03061559082391,0.020430838301899547
31.848596615036968,-91.7574444594476,-26.875802513774676,-58.00744937137889,0.020224858094897557
31.868492419205364,-91.74690008664088,-26.89267436090592,-57.98437421596455,0.020259802539824737
31.888393741307958,-91.73634599030835,-26.909546636153646,-57.96128979300561,0.020229888273025028
31.90830058568988,-91.7257821696165,-26.926419340312624,-57.93822287813775,0.020217870065047383
31.92821295671914,-91.71520862363458,-26.94329247414648,-57.915166246945624,0.02020063467768167
31.948130858735443,-91.70462535151574,-26.960166038440658,-57.892121886357145,0.020185141762523333
31.968054296090987,-91.69403235235211,-26.977040033959785,-57.869089255310286,0.020168863693271314
31.987983273118623,-91.68342962528794,-26.99391446148106,-57.846068436802916,0.02015323428530859
32.00791779416762,-91.67281716939311,-27.01078932175702,-57.82305943115309,0.02013696460247525
32.02785786355721,-91.66219498382712,-27.027664615563744,-57.80006226850445,0.020121291443361333
32.047803485625366,-91.6515630676668,-27.044540343650127,-57.777076871132664,0.020105166807595016
32.067754664687875,-91.64092142005089,-27.0614165067805,-57.75410332237077,0.020089356853669135
32.08771140506837,-91.6302700400741,-27.078293105703395,-57.73114150392795,0.020073448205046734
32.107673711081794,-91.61960892684549,-27.095170141168794,-57.70819153150754,0.020057444927915922
32.127641587033516,-91.60893807949121,-27.112047613928812,-57.685253314087085,0.020041704542648097
32.14761503723691,-91.5982574970932,-27.128925524719747,-57.662326847701685,0.020025717246530315
32.16759406598961,-91.58756717877223,-27.1458038742865,-57.63941217463813,0.02000991207187472
32.187578677588576,-91.57686712363508,-27.16268266336698,-57.61650932561756,0.019993880263846558
32.20756887632296,-91.56615733079975,-27.179561892699642,-57.59361809296196,0.01997844693976111
32.227564666500946,-91.55543779930126,-27.19644156299544,-57.570738639152104,0.019962140467729355
32.24756605238288,-91.54470852832623,-27.213321675007577,-57.547871094984224,0.019946488122317054
32.26757303825648,-91.53396951694846,-27.2302022294527,-57.52501509010685,0.019930837140652947
32.287585628407065,-91.52322076423451,-27.247083227042587,-57.502170920029016,0.019914678345738936
32.30760382708968,-91.51246226934072,-27.263964668512934,-57.479338466104934,0.019899243599981176
32.32762763858798,-91.50169403130671,-27.280846554561666,-57.45651765580607,0.019883220428381008
32.34765706715391,-91.49091604926704,-27.297728885912232,-57.433708689728746,0.019867445282615737
32.36769211704588,-91.48012832231746,-27.314611663273634,-57.41091130218258,0.01985189440489549
32.387732792529086,-91.46933084951384,-27.331494887340103,-57.38812565793029,0.019835841404755576
32.407779097837974,-91.45852363000326,-27.34837855883025,-57.36535178510151,0.019820250905970078
32.42783103722526,-91.44770666285267,-27.365262678435798,-57.34258948128533,0.019804559629461028
32.447888614937696,-91.43687994713424,-27.382147246847307,-57.319838863441,0.019788774775001364
32.4679518352053,-91.4260434819619,-27.39903226476482,-57.297100049665474,0.01977288738012692
32.48802070225242,-91.41519726645292,-27.41591773288649,-57.27437281686696,0.019757500047339865
32.508095220325686,-91.40434129963167,-27.432803651879837,-57.251657149046835,0.019741649710595666
32.52817539363948,-91.39347558061831,-27.44969002243821,-57.22895333733388,0.019725765589527742
32.548261226402765,-91.38260010853529,-27.46657684525264,-57.206261053968056,0.01971049446353953
32.568352722852055,-91.37171488239404,-27.48346412097804,-57.18358036381729,0.019694506885072554
32.58844988718312,-91.36081990133123,-27.500351850304106,-57.16091143615081,0.019678951155090912
32.60855272360502,-91.34991516442093,-27.517240033898656,-57.13825404484877,0.019663365760858753
32.628661236325215,-91.3390006707272,-27.53412867242364,-57.11560827951646,0.019647663827055503
32.648775429537565,-91.32807641934532,-27.551017766547638,-57.09297416854424,0.019632038632274494
32.668895307433864,-91.31714240936135,-27.56790731693338,-57.0703516753679,0.01961640964727537
32.68902087420465,-91.30619863984997,-27.584797324237318,-57.047740718219096,0.019600935765123163
32.70915213404176,-91.29524510986543,-27.601687789106798,-57.02514136606536,0.019585196613002606
32.72928909111724,-91.28428181851433,-27.618578712202076,-57.002553675529164,0.019569634114760228
32.74943174960857,-91.27330876486877,-27.63547009417011,-56.979977481648746,0.019554190429066663
32.76958011369287,-91.26232594798616,-27.652361935650436,-56.95741294338123,0.019538361984370416
32.78973418752631,-91.25133336697998,-27.66925423729664,-56.93485992072258,0.019523170434756834
32.809893975290684,-91.24033102085991,-27.686146999727903,-56.91231838323349,0.01950740417076839
32.83005948113378,-91.22931890873687,-27.70304022359126,-56.889788547294735,0.019491847586932242
32.85023070920816,-91.21829702968907,-27.719933909520748,-56.86727014070594,0.01947656210608158
32.87040766367516,-91.2072653827494,-27.736828058133856,-56.844763344862066,0.019460701167932005
32.890590348664176,-91.19622396704415,-27.753722670073454,-56.822268093825464,0.01944553944247962
32.91077876833497,-91.1851727815798,-27.77061774594297,-56.79978422001106,0.01942997786716081
32.930972926821035,-91.17411182543728,-27.787513286365623,-56.77731204790548,0.019414264749021106
32.95117282824227,-91.163041097728,-27.80440929197093,-56.75485131961041,0.019399158691088856
32.971378476746466,-91.15196059745244,-27.82130576335162,-56.73240203048816,0.019383463142597437
32.99158987644817,-91.14087032370914,-27.838202701127457,-56.709964322522794,0.019368121495617726
33.01180703147119,-91.12977027554906,-27.85510010590065,-56.68753803919037,0.019352705959011104
33.032029945932976,-91.1186604520295,-27.87199797827242,-56.66512328745581,0.019337189309960607
33.052258623939075,-91.10754085223226,-27.888896318848452,-56.64272003385789,0.01932184128179891
33.072493069601805,-91.0964114752009,-27.90579512821987,-56.62032816327736,0.019306532957966163
33.09273328703063,-91.08527231997267,-27.922694406972756,-56.59794776450228,0.019291041439739805
33.11297928031695,-91.07412338563108,-27.93959415570451,-56.57557891250623,0.01927561361940684
33.13323105355481,-91.06296467123492,-27.956494375001977,-56.55322137712506,0.019260528665493538
33.15348861084778,-91.05179617579482,-27.9733950654341,-56.53087535694371,0.019244768267677993
33.173751956261825,-91.0406178984339,-27.99029622760157,-56.508540809745035,0.019229765928125968
33.19402109389536,-91.02942983814938,-28.007197862063276,-56.48621756649596,0.019214306427458635
33.214296027822854,-91.01823199400434,-28.02409996939543,-56.46390580742195,0.019199003485890452
33.234576762116234,-91.00702436505475,-28.041002550168994,-56.44160545468757,0.0191836878306737
33.254863300845855,-90.99580695034676,-28.05790560494905,-56.41931646940738,0.01916846161244404
33.27515564807892,-90.98457974892128,-28.074809134295876,-56.397038929903644,0.019153021020109146
33.29545380786841,-90.97334275985223,-28.09171313877712,-56.37477277119308,0.019137916458605027
33.31575778428058,-90.96209598215289,-28.108617618938528,-56.3525179133722,0.01912262306275106
33.336067581365285,-90.950839414877,-28.12552257533555,-56.33027454256029,0.019107208405090118
33.35638320316217,-90.93957305709657,-28.142428008526014,-56.30804246604346,0.019092256133831698
33.37670465373196,-90.92829690779787,-28.159333919038442,-56.285821668185704,0.01907687811536035
33.39703193710742,-90.9170109660458,-28.176240307422564,-56.26361231679608,0.019061647505361545
33.417365057318655,-90.90571523089862,-28.193147174223053,-56.241414339942985,0.019046402982369107
33.4377040183961,-90.89440970139833,-28.210054519976534,-56.21922763528985,0.019031357952407065
33.45804882437526,-90.88309437655431,-28.226962345206413,-56.19705224124522,0.01901605737493469
33.478399479273556,-90.8717692554219,-28.243870650447498,-56.17488819232254,0.01900096307163438
33.498755987113334,-90.86043433702424,-28.260779436221455,-56.15273540124657,0.018985822111139132
33.519118351909896,-90.8490896203928,-28.277688703049456,-56.13059395114529,0.018970595200801466
33.539486577666146,-90.83773510458545,-28.294598451457933,-56.10846386284976,0.018955428551822404
33.559860668388986,-90.82637078863127,-28.311508681961268,-56.08634492149463,0.018940579800361162
33.58024062809479,-90.81499667151283,-28.328419395056414,-56.06423729973855,0.01892512723667003
33.600626460762065,-90.80361275232363,-28.3453305912717,-56.042141038091344,0.018910219183528497
33.62101817039125,-90.79221903006874,-28.362242271104865,-56.02005596312708,0.018895073562577788
33.64141576097219,-90.78081550377387,-28.379154435057167,-55.99798212591101,0.018880088050156524
33.66181923649348,-90.76940217245333,-28.396067083623127,-55.97591954501928,0.018864920639733575
33.682228600931275,-90.75797903514781,-28.412980217302433,-55.95386819183606,0.01884999411088384
33.70264385826544,-90.74654609087068,-28.42989383658324,-55.93182812520861,0.018834736096779946
33.72306501245626,-90.7351033386852,-28.446807941966238,-55.909799299654935,0.018819897430151365
33.74349206748559,-90.72365077756761,-28.463722533921683,-55.88778149439498,0.0188050267366251
33.76392502732535,-90.71218840651302,-28.48063761292298,-55.86577503351026,0.01878964427751797
33.78436389591039,-90.70071622462335,-28.497553179473552,-55.84377987268184,0.018774859522816614
33.80480867720805,-90.68923423087834,-28.514469234035683,-55.82179570464869,0.01876001182238596
33.82525937517875,-90.67774242426565,-28.531385777070987,-55.7998228087865,0.018744760082469072
33.84571599375132,-90.6662408038625,-28.54830280906615,-55.777861167032654,0.01872995341768655
33.86617853687805,-90.65472936865311,-28.56522033047543,-55.75591051260873,0.018715166930716187
33.88664700850905,-90.64320811761473,-28.582138341748024,-55.73397105741316,0.018700008808708275
33.907121412565395,-90.63167704980488,-28.599056843355047,-55.71204280787752,0.01868522153827097
33.92760175297852,-90.62013616423233,-28.615975835749364,-55.69012576126112,0.018670078264889076
33.9480880336663,-90.60858545993537,-28.632895319389913,-55.66821972881116,0.01865562281830576
33.968580258573255,-90.59702493584982,-28.649815294700314,-55.64632482293284,0.018640298054210757
33.98907843159648,-90.58545459105281,-28.666735762145645,-55.62444107886347,0.018625792788361257
34.009582556665535,-90.57387442449948,-28.68365672214928,-55.60256837456914,0.018610685947890213
34.030092637677726,-90.56228443523659,-28.700578175160558,-55.580706875594004,0.018595909055341208
34.050608678540236,-90.55068462226332,-28.71750012161058,-55.558856381276506,0.01858115389708953
34.07113068315875,-90.53907498456913,-28.734422561924315,-55.537017014767315,0.01856617761630054
34.09165865542357,-90.52745552117885,-28.751345496534704,-55.51518866788964,0.0185516166472424
34.11219259923992,-90.51582623105386,-28.768268925851533,-55.49337138224098,0.01853657976774949
34.13273251848357,-90.50418711323755,-28.78519285030757,-55.47156522403101,0.01852191649567921
34.15327841704404,-90.49253816671278,-28.802117270312998,-55.44977003478429,0.018507159124842243
34.173830298804305,-90.48087939046984,-28.819042186277485,-55.42798590378033,0.018492354343604592
34.19438816763541,-90.46921078352294,-28.835967598615028,-55.40621286377535,0.018477551599857343
34.214952027406405,-90.45753234487803,-28.852893507733842,-55.384450792551114,0.01846296457065698
34.23552188199463,-90.44584407349946,-28.869819914025832,-55.36269969533644,0.018448163115574297
34.25609773526093,-90.43414596839081,-28.886746817892263,-55.34095962125138,0.01843350295932546
34.27667959106596,-90.42243802854144,-28.903674219726636,-55.31923054537241,0.018418754035184733
34.29726745326042,-90.41072025295867,-28.920602119925125,-55.29751251647787,0.01840402143726602
34.31786132569261,-90.39899264064293,-28.93753051887852,-55.275805424217104,0.01838946987891945
34.33846121221895,-90.38725519055339,-28.9544594169612,-55.254109223807475,0.01837482337080261
34.35906711668027,-90.37550790168572,-28.971388814556168,-55.232424131838876,0.018359915103654725
34.379679042903554,-90.36375077306589,-28.988318712052923,-55.21074985305706,0.018345779055637317
34.40029699474924,-90.35198380359628,-29.005249109798175,-55.18908653693084,0.018330627833355505
34.42092097601924,-90.34020699235545,-29.02218000819203,-55.1674342871564,0.018316326634825058
34.44155099055636,-90.32842033827387,-29.03911140758378,-55.14579274106684,0.018301799450394618
34.46218704218771,-90.31662384031911,-29.05604330833163,-55.124162282738666,0.018286858644522095
34.48282913470986,-90.30481749754298,-29.072975710817566,-55.10254271992648,0.018272667067091575
34.50347727195722,-90.29300130885983,-29.08990861537615,-55.08093395760354,0.018257897170576392
34.52413145773096,-90.28117527327771,-29.106842022369026,-55.059336167914445,0.018243424894533306
34.544791695838484,-90.26933938976966,-29.123775932143307,-55.03774921411022,0.018228896443383807
34.56545799008405,-90.25749365730461,-29.140710345041626,-55.01617310918577,0.01821441249603451
34.5861303442642,-90.24563807486201,-29.15764526140683,-54.99460795722761,0.01819971859953726
34.60680876216394,-90.23377264144413,-29.174580681585923,-54.9730535722044,0.018185559127203016
34.627493247589996,-90.22189735596834,-29.191516605895178,-54.95151004055208,0.01817072958968137
34.64818380430968,-90.21001221746549,-29.208453034684585,-54.92997740663176,0.018156505664517323
34.66888043611616,-90.19811722486797,-29.225389968268853,-54.908455497142846,0.018141978805597682
34.68958314678479,-90.18621237715176,-29.242327406973775,-54.88694446725679,0.01812750350730676
34.71029194008381,-90.17429767330108,-29.259265351124473,-54.865444267104294,0.018113071139598216
34.731006819781946,-90.16237311228429,-29.276203801037752,-54.84395484132682,0.018098699514480295
34.75172778964942,-90.15043869305056,-29.293142757021005,-54.8224761338932,0.018084371874756616
34.77245485344955,-90.13849441455714,-29.310082219381023,-54.80100829627459,0.018069755456850103
34.793188014924496,-90.12654027581499,-29.32702218843883,-54.77955125733982,0.018055558068661066
34.813927277839085,-90.11457627574758,-29.343962664483715,-54.75810483284923,0.01804126213834237
34.83467264594577,-90.10260241330423,-29.36090364781024,-54.73666928157067,0.018026639578124455
34.855424122971336,-90.09061868750244,-29.377845138731942,-54.715244499888364,0.018012528486387742
34.8761817126702,-90.07862509725626,-29.394787137525277,-54.693830313160525,0.01799821000819179
34.89694541878143,-90.06662164151552,-29.411729644475358,-54.67242692432002,0.017983768018484433
34.917715245025626,-90.05460831927425,-29.428672659878213,-54.651034325253825,0.017969473673882592
34.938491195133196,-90.04258512948137,-29.445616184012124,-54.629652301037225,0.01795540326837338
34.9592732728398,-90.03055207105456,-29.462560217141824,-54.60828104876629,0.017940788135577233
34.98006148184491,-90.01850914301325,-29.479504759562083,-54.58692054363567,0.017926769909967905
35.00085582588206,-90.00645634425346,-29.496449811523988,-54.56557047106447,0.01791269330147793
35.02165630866851,-89.99439367370958,-29.513395373288034,-54.54423137089117,0.0178977793123141
35.04246293387405,-89.98232113045319,-29.530341445156353,-54.52290281909534,0.017884424864636803
35.063275705252735,-89.97023871327252,-29.54728802733489,-54.50158472166577,0.01786967878487003
35.08409462647449,-89.95814642121064,-29.56423512010999,-54.480277604002644,0.017855453705214127
35.1049197012298,-89.94604425323054,-29.5811827237384,-54.458980871824416,0.01784171453385313
35.12575093323921,-89.9339322081855,-29.59813083843759,-54.43769476486108,0.017827097892627344
35.146588326163716,-89.92181028510444,-29.61507946447946,-54.41641942750944,0.01781312732528613
35.167431883692984,-89.909678482911,-29.632028602098092,-54.395154588578094,0.017798975442424175
35.188281609509545,-89.89753680053714,-29.648978251526852,-54.37390034596712,0.01778485131570357
35.20913750728959,-89.88538523692138,-29.66592841299817,-54.35265666512491,0.017770767720548586
35.22999958070563,-89.87322379099963,-29.6828790867402,-54.33142358142697,0.01775659483939988
35.25086783341931,-89.86105246172858,-29.699830272984755,-54.310201099832355,0.017742513444384742
35.27174226909425,-89.84887124804436,-29.716781971953488,-54.288989128833684,0.017728504085764686
35.29262289139375,-89.83668014887041,-29.73373418386065,-54.26778771593072,0.01771435370218718
35.31350970397009,-89.82447916315104,-29.750686908924045,-54.2465967918762,0.01770047056049933
35.33440271048343,-89.81226828979169,-29.76764014734531,-54.22541639886733,0.017686260089365673
35.35530191456775,-89.8000475277669,-29.784593899345722,-54.20424664887885,0.017672200427564826
35.37620731986456,-89.78781687601315,-29.801548165130544,-54.18308726924997,0.0176584558365143
35.397118930032406,-89.77557633339933,-29.818502944879366,-54.161938326438275,0.017644295554948043
35.418036748693844,-89.76332589889434,-29.83545823880167,-54.14080005676093,0.01763016705583794
35.4389607794684,-89.75106557146268,-29.85241404710217,-54.11967219928926,0.017616452759929693
35.45989102600249,-89.7387953499698,-29.869370369949227,-54.098554667332614,0.017602479231576137
35.480827491918284,-89.72651523334459,-29.886327207529217,-54.07744773576729,0.01758831699672878
35.50177018081808,-89.7142252205641,-29.90328456004101,-54.056351274006204,0.0175745717893246
35.52271909632854,-89.70192531051494,-29.92024242765008,-54.03526514037887,0.017560656113656745
35.54367424206281,-89.68961550211255,-29.937200810528203,-54.0141894843781,0.01754667226943423
35.56463562162162,-89.6772957942978,-29.954159708852327,-53.99312425826304,0.01753284665480484
35.58560323861155,-89.66496618597915,-29.971119122785154,-53.97206940565432,0.017518967176820603
35.606577096633025,-89.65262667607102,-29.988079052488203,-53.95102494224029,0.01750512591834652
35.62755719927992,-89.64027726349426,-30.00503949812159,-53.92999092381687,0.017491164105011277
35.648543550135926,-89.62791794718825,-30.022000459848435,-53.90896727673618,0.017477455919592263
35.6695361527977,-89.61554872603791,-30.038961937810246,-53.88795390427905,0.017463665416308095
35.690535010849544,-89.60316959895326,-30.05592393215359,-53.86695098469717,0.01744967133581572
35.71154012785941,-89.59078056488195,-30.072886443034296,-53.84595837806411,0.017436123987331242
35.732551507415614,-89.57838162269374,-30.08984947057859,-53.824976093568246,0.017422125097062674
35.75356915307804,-89.56597277133456,-30.106813014935145,-53.80400417994509,0.017408507323909826
35.77459306842198,-89.55355400968772,-30.12377707622801,-53.783042504414745,0.01739473943529796
35.79562325701077,-89.54112533666076,-30.140741654586133,-53.76209119229708,0.017380924088557785
35.81665972239531,-89.52868675118648,-30.157706750143603,-53.741150241887446,0.01736716961431115
35.83770246813237,-89.51623825216541,-30.174672363020154,-53.72021943534633,0.01735372620760873
35.85875149778935,-89.50377983845168,-30.191638493316656,-53.69929895882743,0.01733967337598701
35.87980681489247,-89.49131150901434,-30.208605141169276,-53.6783888076483,0.01732624833902111
35.900868422998784,-89.4788332627124,-30.22557230667363,-53.657488812937714,0.017312485942822864
35.921936325643344,-89.46634509846028,-30.24253998994073,-53.63659916492328,0.017298756154201317
35.9430105263551,-89.45384701517779,-30.259508191080016,-53.61571972962448,0.017285226310538478
35.96409102867501,-89.44133901173373,-30.276476910180257,-53.594850436886645,0.017271623172795632
35.98517783613175,-89.42882108702157,-30.29344614733513,-53.57399144335418,0.017257844462456498
36.006270952238346,-89.41629323997051,-30.3104159026472,-53.553142646892205,0.01724442096935523
36.02737038052591,-89.4037554694393,-30.327386176191514,-53.53230397292362,0.017230776135400534
36.048476124505655,-89.3912077743358,-30.344356968056594,-53.511475604910956,0.017217059675280793
36.06958818768291,-89.37865015357198,-30.36132827832872,-53.49065727790246,0.017203863566831425
36.09070657358536,-89.36608260597782,-30.378300107063218,-53.46984918875726,0.017189832078838833
36.11183128568779,-89.35350513053314,-30.395272454362548,-53.44905132763768,0.01717666287189191
36.13296232751182,-89.34091772605984,-30.41224532027242,-53.42826342937018,0.017163079990652724
36.15409970255359,-89.32832039144502,-30.429218704857067,-53.4074857634714,0.01714947604658942
36.17524341429609,-89.31571312560324,-30.44619260818673,-53.38671823242507,0.017136064795703992
36.196393466230575,-89.30309592741025,-30.463167030315045,-53.365960822122354,0.017122494670098066
36.217549861836005,-89.2904687957664,-30.480141971300576,-53.34521352740444,0.017109102473389252
36.238712604600764,-89.27783172952927,-30.497117431183764,-53.32447619143234,0.017095801569932824
36.25988169801012,-89.26518472755339,-30.514093410000786,-53.30374903040253,0.01708206325764721
36.281057145517515,-89.25252778877788,-30.531069907813098,-53.28303195984405,0.017068912248914853
36.30223895060416,-89.23986091204289,-30.548046924644957,-53.2623249406525,0.01705524890305608
36.32342711672267,-89.22718409626374,-30.56502446054293,-53.24162797658829,0.017042102234439735
36.344621647348895,-89.21449734027034,-30.582002515520752,-53.220940964965834,0.017028618513141455
36.365822545935146,-89.20180064295263,-30.598981089609502,-53.20026406264827,0.01701522401977909
36.387029815928045,-89.18909400320416,-30.615960182837775,-53.179597220979375,0.017001830998372536
36.408243460777946,-89.17637741989441,-30.632939795222743,-53.158940267389326,0.016988731027315986
36.429463483945035,-89.16365089184875,-30.649919926762717,-53.13829334183634,0.016975118156694433
36.45068988885142,-89.15091441799726,-30.66690057748877,-53.11765650748814,0.016961924889449604
36.471922678940594,-89.13816799719017,-30.683881747400747,-53.097029530604544,0.01694870690075999
36.4931618576522,-89.12541162827715,-30.700863436495137,-53.07641258389528,0.016935240177674768
36.514407428408035,-89.11264531014919,-30.71784564477902,-53.0558054993616,0.016922308807116482
36.535659394649336,-89.09986904162469,-30.734828372231085,-53.035208477793724,0.016908522685595173
36.55691775976958,-89.08708282165517,-30.751811618872317,-53.01462133240228,0.016895908705817208
36.57818252722271,-89.07428664899365,-30.768795384651792,-52.99404403363989,0.016882181488867776
36.59945370039301,-89.06148052259398,-30.785779669584542,-52.97347686149487,0.01686911852717546
36.62073128269684,-89.04866444129813,-30.802764473643293,-52.95291940530721,0.016856075727628823
36.64201527755768,-89.03583840391353,-30.81974979678551,-52.93237179233753,0.016842814355139207
36.663305688369654,-89.02300240932432,-30.836735638991545,-52.911834223254886,0.016829453026924204
36.68460251851656,-89.01015645643336,-30.853722000244908,-52.89130649940498,0.01681652795388937
36.705905771411196,-88.99730054404128,-30.87070888048996,-52.87078849120393,0.016803389412114393
36.72721545044415,-88.98443467100415,-30.88769627968701,-52.850280491009514,0.016789995804969204
36.74853155898535,-88.97155883622793,-30.90468419781006,-52.829782270487485,0.016777241866546132
36.769854100441826,-88.95867303849211,-30.921672634785683,-52.809293783694876,0.016763933880922233
36.79118307818106,-88.94577727668451,-30.93866159057473,-52.78881525118428,0.016750829419856332
36.812518495574366,-88.93287154966752,-30.955651065125455,-52.76834646442671,0.01673787324973108
36.833860356003434,-88.9199558562595,-30.972641058367476,-52.74788742810884,0.016724771547857384
36.855208662832304,-88.90703019531952,-30.989631570240995,-52.72743826069867,0.016711632130960895
36.8765634194177,-88.89409456571585,-31.006622600685848,-52.70699884280018,0.016698736185222624
36.897924629132206,-88.88114896625564,-31.023614149617092,-52.68656906759008,0.016685781781055235
36.919292295334486,-88.86819339577576,-31.04060621695668,-52.66614918267589,0.01667249170963682
36.94066642135687,-88.85522785318003,-31.0575988026463,-52.64573904190607,0.016659786647781866
36.96204701056559,-88.84225233725634,-31.074591906583663,-52.625338540138635,0.016646678698456662
36.98343406630218,-88.82926684685484,-31.091585528684686,-52.60494776391351,0.01663384279330394
37.00482759191367,-88.8162713807962,-31.108579668851466,-52.584566692589206,0.016620779004724535
37.026227590726016,-88.80326593795218,-31.125574327000407,-52.56419545137205,0.01660774936558692
37.04763406606958,-88.79025051716827,-31.142569503035165,-52.54383371484753,0.01659522683144836
37.06904702129868,-88.77722511720448,-31.159565196825852,-52.52348170976716,0.01658183781018271
37.09046645970983,-88.76418973698374,-31.176561408296344,-52.50313943540077,0.016569327041731197
37.11189238464592,-88.75114437527493,-31.193558137312635,-52.482806694009994,0.01655627067652874
37.13332479941737,-88.73808903093298,-31.210555383767538,-52.46248368052764,0.01654345278784371
37.15476370733713,-88.7250237027923,-31.227553147543055,-52.442170297300954,0.01653056597369773
37.176209111716915,-88.71194838967854,-31.244551428514654,-52.42186645764017,0.0165178996514793
37.19766101587288,-88.69886309039056,-31.261550226544536,-52.40157227208465,0.016504843339604926
37.219119423092174,-88.68576780380297,-31.27854954151832,-52.38128773418714,0.01649219803330873
37.24058433668611,-88.67266252870398,-31.29554937328734,-52.36101262728238,0.016479504552889795
37.26205575995428,-88.65954726390513,-31.312549721707793,-52.34074726888599,0.016466353347535802
37.2835336961633,-88.64642200830433,-31.32955058666263,-52.32049144430086,0.016454019458998527
37.305018148630545,-88.63328676063391,-31.3465519679728,-52.300245009195145,0.016441113127131812
37.32650912063275,-88.62014151973601,-31.363553865494428,-52.28000825913566,0.0164283094602636
37.348006615440426,-88.60698628445914,-31.380556279082395,-52.25978104657477,0.0164156533065987
37.36951063633451,-88.59382105360753,-31.397559208572254,-52.23956331370768,0.01640295391006752
37.391021186592155,-88.58064582598416,-31.414562653795475,-52.219355025173584,0.01639036552769425
37.412538269486355,-88.56746060039227,-31.43156661458015,-52.19915632592085,0.01637744134832122
37.4340618882656,-88.55426537569575,-31.44857109077211,-52.17896711463469,0.01636502782113788
37.45559204620956,-88.54106015065256,-31.465576082176117,-52.158787240123424,0.01635235916676486
37.477128746573136,-88.52784492408263,-31.482581588615382,-52.13861700829756,0.016339460111711186
37.49867199259392,-88.51461969484475,-31.499587609923076,-52.118456109833495,0.016327303275208656
37.52022178755048,-88.50138446166277,-31.516594145881005,-52.098304656205876,0.016314233907557766
37.54177813466149,-88.48813922342751,-31.53360119632668,-52.07816272142907,0.016301967675847965
37.56334103718594,-88.47488397889636,-31.550608761046483,-52.05803012028693,0.016289208612277232
37.58491049835664,-88.46161872689272,-31.567616839846696,-52.03790692980016,0.016276828065721363
37.60648652141832,-88.44834346619172,-31.584625432512706,-52.01779312229791,0.016264124159417095
37.62806910959378,-88.43505819562203,-31.60163453884555,-51.997688726691116,0.0162517072514592
37.64965826611556,-88.42176291397024,-31.618644158627347,-51.977593699115914,0.016239084680177908
37.671253994201145,-88.40845762005604,-31.635654291648674,-51.95750806593602,0.016226635553341615
37.69285629707393,-88.39514231266844,-31.652664937685238,-51.93743173743653,0.01621416836314077
37.71446517795423,-88.3818169905939,-31.669676096508464,-51.91736473165102,0.01620170043674544
37.736080640057274,-88.36848165262107,-31.68668776788662,-51.89730701534604,0.016189297273338493
37.75770268659085,-88.35513629754911,-31.70369995158841,-51.87725875750064,0.0161765668860142
37.77933132074288,-88.34178092422349,-31.72071264739524,-51.8572197229237,0.01616455383502629
37.800966545743414,-88.32841553135188,-31.73772585503552,-51.83718990160448,0.016151849842625236
37.82260836477521,-88.31504011777061,-31.75473957428015,-51.817169447265435,0.01613959915480443
37.84425678103557,-88.30165468226048,-31.7717538048765,-51.797158293197704,0.016127013162714702
37.86591179770612,-88.28825922363646,-31.788768546580503,-51.77715633285479,0.016114944617466792
37.88757341799353,-88.27485374062661,-31.80578379911312,-51.75716358836142,0.01610233322788322
37.909241645066615,-88.26143823205972,-31.822799562228017,-51.737180140064844,0.016090145581684374
37.930916482110625,-88.2480126967029,-31.83981583565281,-51.717205908614986,0.016077672373616122
37.95259793229338,-88.23457713336343,-31.85683261912615,-51.697240910307585,0.016065468831878652
37.974285998795146,-88.22113154079855,-31.873849912364626,-51.67728503144526,0.0160531889570314
37.995980684784435,-88.20767591778902,-31.890867715089982,-51.65733844984698,0.016040709552252036
38.017681993416176,-88.19421026314313,-31.90788602703,-51.6374009278161,0.016028822454996487
38.03938992787736,-88.18073457556206,-31.92490484787012,-51.61747255319901,0.016016211955279698
38.06110449129817,-88.16724885390323,-31.9419241773486,-51.59755355588233,0.016003965644973493
38.08282568683059,-88.15375309694721,-31.9589440151722,-51.57764351369419,0.015992044116434165
38.104553517650835,-88.14024730339058,-31.975964361013546,-51.557742552035386,0.015979606425093544
38.12628798688846,-88.12673147205612,-31.992985214587307,-51.537850879515744,0.015967360132355585
38.14802909768085,-88.11320560173094,-32.010006575591454,-51.517968209430585,0.015955393229184683
38.16977685318348,-88.09966969113697,-32.02702844369675,-51.498094626596625,0.015943020960532295
38.19153125651606,-88.08612373908933,-32.04405081860391,-51.47823025240357,0.01593086957588615
38.21329231081269,-88.07256774434879,-32.0610736999903,-51.45837477661511,0.015919005349236827
38.2350600192219,-88.05900170562113,-32.07809708750948,-51.43852839806009,0.01590654519587397
38.256834384841724,-88.04542562174969,-32.095120980861516,-51.418691240560406,0.015894492811888372
38.27861541079882,-88.03183949148043,-32.11214537970701,-51.398862880156784,0.015882722524471017
38.30040310023221,-88.0182433135116,-32.12917028368577,-51.379043683924664,0.015870092029892643
38.32219745621762,-88.00463708671558,-32.14619569249713,-51.35923356454634,0.01585847203680449
38.343998481894644,-87.9910208097645,-32.16322160576373,-51.339432246563454,0.015846292856061244
38.365806180365574,-87.97739448142853,-32.180248023140244,-51.31964005591655,0.015834161195399845
38.38762055472181,-87.96375810049781,-32.197274944284906,-51.29985685362458,0.015822214793993757
38.40944160806925,-87.95011166570791,-32.214302368832286,-51.28008254476115,0.01581024521524633
38.431269343506145,-87.93645517580475,-32.231330296416935,-51.26031724629212,0.015798121913128755
38.45310376411353,-87.92278862957313,-32.24835872668397,-51.24056092673254,0.015786212958814032
38.47494487298589,-87.909112025746,-32.265387659255616,-51.22081344157531,0.01577433084897569
38.49679267321439,-87.89542536305453,-32.28241709374988,-51.201074924567756,0.015762218308650676
38.5186471678686,-87.88172864028121,-32.29944702979972,-51.18134532899688,0.015750421077214413
38.54050836003348,-87.86802185615142,-32.3164774670134,-51.16162461135157,0.01573838821279604
38.562376252776254,-87.85430500943066,-32.33350840501014,-51.141912807251245,0.015726544307488266
38.584250849170594,-87.84057809885365,-32.35053984339409,-51.1222098416794,0.015714641361118855
38.60613215228233,-87.82684112316612,-32.36757178176961,-51.102515771361006,0.015702717112619228
38.62802016517228,-87.8130940811169,-32.38460421973861,-51.082830506728,0.015690967219434127
38.64991489090779,-87.79933697142354,-32.4016371568875,-51.06315407538326,0.015679009079373883
38.67181633253531,-87.78556979285328,-32.418670592817406,-51.04348655166607,0.015667150876837635
38.69372449310441,-87.77179254415191,-32.435704527117565,-51.02382778386741,0.015655444698686675
38.71563937567298,-87.75800522402936,-32.4527389593603,-51.00417779938433,0.015643552939396975
38.73756098328027,-87.74420783123837,-32.46977388913002,-50.984536645405726,0.015631781756668947
38.75948931896586,-87.73040036451867,-32.48680931600241,-50.96490429092954,0.015619949529866011
38.78142438576757,-87.71658282260334,-32.5038452395469,-50.94528060565086,0.015608395864107928
38.80336618673332,-87.70275520418453,-32.5208816593141,-50.925665715124715,0.015596373909006929
38.82531472487351,-87.68891750805192,-32.53791857488684,-50.90605964451717,0.015584790409526308
38.84727000322245,-87.67506973291367,-32.55495598581397,-50.886462243216684,0.015573018091899364
38.86923202480126,-87.66121187750457,-32.57199389165034,-50.86687360274334,0.015561299182820199
38.89120079263013,-87.64734394055068,-32.58903229194384,-50.84729359843716,0.015549735083846364
38.91317630973595,-87.63346592074652,-32.60607118622672,-50.82772226808152,0.015537966171732429
38.93515857912041,-87.6195778168488,-32.623110574050735,-50.80815977680462,0.015526149944904498
38.95714760378327,-87.60567962760756,-32.640150454961066,-50.7886058132679,0.015514885518973535
38.97914338675743,-87.59177135166503,-32.65719082845911,-50.769060501843654,0.015502881817190919
39.001145931018534,-87.57785298781856,-32.67423169410024,-50.74952397948794,0.015491410215828082
39.023155239572446,-87.56392453476552,-32.69127305139861,-50.72999595767132,0.0154798743127975
39.045171315420276,-87.54998599120579,-32.70831489986557,-50.710476632439104,0.01546810179991812
39.06719416154187,-87.53603735588915,-32.72535723902717,-50.69096587039736,0.015456787468891564
39.08922378094098,-87.52207862748472,-32.74240006837564,-50.671463715422824,0.015444955408821782
39.11126017658443,-87.5081098047569,-32.75944338743483,-50.65197018885382,0.0154336173487927
39.13330335146342,-87.49413088638784,-32.77648719569404,-50.63248521244948,0.015421919245612101
39.15535330854843,-87.48014187110834,-32.793531492656975,-50.61300876154022,0.015410630250571322
39.17741005082517,-87.46614275759327,-32.81057627780243,-50.593540904043515,0.015398834628551485
39.19947358124274,-87.45213354461238,-32.82762155064105,-50.57408164774175,0.015387543404348876
39.22154390278253,-87.43811423082981,-32.84466731063981,-50.55463075746367,0.015376129776915895
39.243621018412,-87.42408481493909,-32.86171355727308,-50.53518851412971,0.015364404219895073
39.26570493107071,-87.41004529570269,-32.8787602900371,-50.51575475160009,0.015353263347403518
39.287795643735656,-87.39599567176325,-32.895807508379264,-50.49632940084638,0.015341656800555978
39.30989315934635,-87.38193594186048,-32.91285521177961,-50.47691267313515,0.015330192118264268
39.33199748084484,-87.36786610471512,-32.92990339970712,-50.45750435468795,0.01531893328664649
39.35410861119322,-87.35378615897855,-32.9469520716008,-50.438104342371375,0.015307641305809356
39.376226553338896,-87.33969610333327,-32.964001226907506,-50.4187129101937,0.0152959598397316
39.39835131019135,-87.32559593655981,-32.981050865107214,-50.399330028369334,0.015284724976729665
39.42048288469656,-87.31148565732171,-32.99810098563179,-50.37995534041114,0.015273615818156437
39.44262127980532,-87.29736526425735,-33.01515158789973,-50.36058913283162,0.015261938889910934
39.464766498419124,-87.28323475613603,-33.03220267137517,-50.34123139476334,0.015250856899514076
39.48691854347747,-87.26909413160578,-33.04925423547239,-50.32188190683409,0.015239535626857034
39.509077417899114,-87.25494338936345,-33.066306279620385,-50.30254093602862,0.01522804284907731
39.53124312458511,-87.24078252814495,-33.08335880325884,-50.28320827063317,0.015217065057178838
39.55341566647339,-87.22661154656905,-33.10041180577931,-50.263883825606776,0.015205715977991745
39.57559504646828,-87.21243044333985,-33.11746528660173,-50.24456785117797,0.01519435414908597
39.597781267461784,-87.19823921718553,-33.13451924515127,-50.22526023660622,0.015183189342986077
39.619974332365906,-87.18403786676545,-33.1515736808231,-50.20596077135528,0.015172168562831712
39.642174244093326,-87.16982639072549,-33.1686285930032,-50.18666971035727,0.015160612606940316
39.664381005512965,-87.15560478782645,-33.18568398111754,-50.16738698661867,0.015149707139326316
39.686594619538724,-87.14137305668815,-33.20273984453435,-50.148112356773865,0.015138543488527334
39.70881508906155,-87.12713119598537,-33.21979618263892,-50.128846134066976,0.015127155613489615
39.731042416947716,-87.11287920445221,-33.23685299483516,-50.109588150941256,0.015116265110922313
39.75327660609748,-87.0986170807142,-33.25391028048175,-50.09033832632228,0.015105014320495583
39.7755176593826,-87.08434482346738,-33.27096803896028,-50.071096801214765,0.015093912277417137
39.79776557967823,-87.07006243138666,-33.28802626964031,-50.05186342608487,0.015082905996275042
39.820020369864615,-87.05576990312119,-33.30508497187761,-50.03263823807777,0.015071755431921895
39.84228203280256,-87.04146723736478,-33.322144145041136,-50.0134213330678,0.01506060862136572
39.86455057134963,-87.02715443280906,-33.33920378849497,-49.99421256918077,0.015049690348446968
39.88682598837974,-87.01283148808797,-33.3562639015773,-49.975011897297286,0.015038630249764883
39.90910828675175,-86.99849840186687,-33.37332448363413,-49.955819396852604,0.015027597248229276
39.93139746931645,-86.98415517282382,-33.39038553401272,-49.936635091153235,0.01501651044895487
39.953693538918436,-86.96980179964264,-33.40744705205827,-49.91745889845547,0.015005615253828288
39.9759964984138,-86.95543828096368,-33.424509037095504,-49.898290774084046,0.014994608110526995
39.9983063506461,-86.94106461545175,-33.4415714884545,-49.879130777347775,0.014983629826305142
40.02062309845498,-86.92668080177178,-33.45863440546143,-49.859978853864064,0.014972717514247775
40.04294674468122,-86.91228683857435,-33.47569778743292,-49.84083499728725,0.014961758866831829
40.06527729215615,-86.89788272452594,-33.49276163368783,-49.821699246329565,0.014950795760919561
40.08761474370759,-86.88346845829201,-33.50982594354056,-49.802571514993694,0.014939981262567119
40.109959102169,-86.8690440385108,-33.526890716291085,-49.78345183452461,0.014928979015655559
40.13231037035725,-86.8546094638568,-33.54395595124937,-49.76434018317777,0.014918208198257297
40.154668551100485,-86.84016473296133,-33.56102164770467,-49.74523650889009,0.014907296919740496
40.17703364721199,-86.82570984448691,-33.5780878049543,-49.72614089433984,0.014896406715215147
40.19940566150181,-86.81124479709453,-33.595154422291074,-49.707053238930314,0.0148856621327447
40.22178459678765,-86.79676958941211,-33.61222149899093,-49.68797353906819,0.014874787162291113
40.244170455872705,-86.78228422009792,-33.62928903433753,-49.668901834447595,0.014863990328429048
40.26656324155923,-86.76778868780207,-33.646357027607465,-49.649838089099724,0.014853181110189724
40.28896295664825,-86.75328299116703,-33.663425478070266,-49.6307822303821,0.014842507127742662
40.311369603941834,-86.7387671288213,-33.68049438498603,-49.61173436266639,0.014831544888889043
40.33378318621935,-86.72424109944703,-33.69756374763168,-49.59269439562279,0.014821021291445056
40.35620370628756,-86.70970490163769,-33.714633565245734,-49.57366226049114,0.014810175687742809
40.37863116692466,-86.69515853405683,-33.731703837089825,-49.554638123631335,0.014799402717161635
40.40106557090788,-86.68060199535972,-33.74877456241835,-49.53562181431728,0.014788832466599868
40.42350692102913,-86.66603528414927,-33.76584574046135,-49.51661332427595,0.014778081893036317
40.445955220059496,-86.65145839907657,-33.78291737046361,-49.49761277096743,0.01476733854217406
40.46841047076666,-86.63687133879115,-33.79998945166513,-49.4786200000752,0.014756837516825915
40.49087267593299,-86.62227410189051,-33.817061983281754,-49.45963504160248,0.014746057035691103
40.51334183831327,-86.6076666870391,-33.8341349645513,-49.44065799155612,0.014735416419607655
40.535817960670094,-86.5930490928685,-33.85120839469472,-49.42168864557278,0.014724962965759699
40.558301045775984,-86.57842131797136,-33.86828227291373,-49.40272711428435,0.014714160015412254
40.580791096371954,-86.56378336101857,-33.885356598436495,-49.38377340950534,0.014703697800618788
40.60328811521725,-86.54913522061888,-33.902431370462985,-49.36482744443003,0.014693039101508282
40.62579210505906,-86.53447689540397,-33.91950658819789,-49.345889195841984,0.014682622392312985
40.648303068654926,-86.51980838396587,-33.936582250826454,-49.3269586594253,0.014671979842783804
40.670821008738486,-86.50512968495312,-33.95365835755194,-49.30803595227044,0.014661391106603078
40.693345928040856,-86.49044079701055,-33.97073490757204,-49.28912096402232,0.014650929170600603
40.71587782930687,-86.47574171873359,-33.98781190006103,-49.27021355314357,0.014640569177655749
40.73841671527924,-86.46103244871301,-34.00488933418732,-49.251313923830565,0.014629800335559873
40.76096258866523,-86.44631298562878,-34.021967209150226,-49.23242200003351,0.014619567665679345
40.78351545221016,-86.43158332804279,-34.0390455240986,-49.21353760391298,0.01460908353325185
40.80607530863596,-86.41684347457216,-34.05612427819886,-49.194660981933716,0.01459847882570392
40.82864216064637,-86.40209342387466,-34.07320347062944,-49.175792012711184,0.014588192024638002
40.85121601096782,-86.38733317453328,-34.09028310053513,-49.15693061682389,0.014577719554887996
40.873796862313775,-86.37256272515702,-34.10736316706696,-49.138076801511836,0.01456743092698811
40.89638471739996,-86.35778207433768,-34.12444366936493,-49.119230630504134,0.014556869340223218
40.91897957891572,-86.34299122073078,-34.14152460659026,-49.10039214609605,0.014546524832725111
40.94158144956901,-86.32819016292882,-34.15860597787511,-49.081561066307316,0.014536408216575319
40.964190332078594,-86.31337889948318,-34.17568778233121,-49.06273761749266,0.014525723424321948
40.9868062291152,-86.29855742906985,-34.19277001911557,-49.0439217656492,0.014515668759204316
41.00942914338995,-86.28372575024034,-34.20985268733166,-49.02511336663941,0.01450521575085234
41.032059077582716,-86.26888386162385,-34.22693578610983,-49.006312615061155,0.014494870203166607
41.05469603437505,-86.25403176183364,-34.24401931456971,-48.987519297627685,0.014484755553596336
41.07734001646506,-86.23916944942658,-34.26110327180472,-48.968733460181234,0.014474348578377764
41.09999102652258,-86.22429692302778,-34.278187656930996,-48.94995516901725,0.014464141082289435
41.122649067226284,-86.20941418122743,-34.29527246904687,-48.93118431489146,0.014453911776363204
41.14531414125083,-86.19452122261596,-34.31235770724641,-48.9124209458186,0.014443639601321586
41.167986251260515,-86.17961804580277,-34.32944337062733,-48.89366507168893,0.014433404394520285
41.19066539992454,-86.16470464937268,-34.346529458273245,-48.8749165069111,0.014423427200318233
41.213351589920464,-86.14978103187681,-34.363615969250276,-48.85617547986153,0.014412849736256172
41.23604482388047,-86.13484719198259,-34.38070290266669,-48.83744184273804,0.01440310930344151
41.25874510449119,-86.11990312819479,-34.397790257561816,-48.81871554714395,0.014392615461228091
41.281452434382686,-86.10494883916591,-34.41487803302973,-48.79999676386836,0.014382621710237312
41.30416681621315,-86.08998432345919,-34.431966228124686,-48.781285252338485,0.014372506922413887
41.326888252635214,-86.0750095796432,-34.449054841898985,-48.76258110352669,0.014362382539139526
41.34961674628888,-86.060024606311,-34.4661438734104,-48.74388436786729,0.014352199522569407
41.37235229980895,-86.04502940206021,-34.48323332171457,-48.725194920384766,0.014342276299736645
41.39509491584577,-86.03002396543413,-34.50032318584097,-48.706512772697224,0.014332084592477753
41.417844597020355,-86.01500829504796,-34.51741346484395,-48.687838082948176,0.01432192790555468
41.44060134595999,-85.99998238948868,-34.53450415776217,-48.669170486747156,0.014312304466251145
41.46336516532286,-85.98494624724692,-34.55159526359155,-48.65051027156098,0.014301715912081686
41.48613605768922,-85.96989986702009,-34.568686781406825,-48.6318574437416,0.01429209204722685
41.50891402571024,-85.9548432472976,-34.585778710194965,-48.613211625797476,0.014282091215129102
41.531699072006255,-85.93977638664455,-34.6028710489692,-48.59457325054522,0.014271813181792223
41.55449119916296,-85.92469928371204,-34.61996379677316,-48.57594214859654,0.014262081129774841
41.577290409814374,-85.90961193700622,-34.63705695258786,-48.55731805665493,0.01425221534968028
41.60009670657675,-85.89451434507247,-34.65415051540594,-48.538701331039086,0.014241946832897269
41.622910092026224,-85.87940650655761,-34.67124448425683,-48.52009183278874,0.014232302967494967
41.645730568788586,-85.86428841995988,-34.6883388581057,-48.5014893442762,0.014222376434249721
41.66855813945979,-85.8491600838502,-34.705433635942846,-48.4828942370875,0.014212173286586442
41.69139280660945,-85.83402149686236,-34.722528816779786,-48.4643062249864,0.014202693622644421
41.71423457286667,-85.81887265745478,-34.73962439955291,-48.44572516427984,0.014192719027282572
41.73708344081059,-85.80371356421439,-34.756720383246396,-48.427151501529856,0.01418256602899107
41.75993941299703,-85.78854421578258,-34.773816766862275,-48.40858493858422,0.014173056121208335
41.782802492039416,-85.77336461063018,-34.790913549329034,-48.3900252762288,0.014163216257118845
41.80567268051983,-85.75817474730567,-34.80801072960276,-48.37147284370406,0.014153212661100137
41.82854998099233,-85.7429746244243,-34.825108306662116,-48.35292757204325,0.014143487201717856
41.85143439603525,-85.72776424052405,-34.842206279450245,-48.33438927041125,0.01413378377164743
41.87432592822904,-85.71254359412677,-34.85930464689945,-48.315858001427806,0.014123971716741344
41.89722458013638,-85.6973126837937,-34.87640340795397,-48.29733382787095,0.014114181559198804
41.92013035431593,-85.68207150808658,-34.89350256155377,-48.278816684350126,0.0141044781879153
41.94304325333089,-85.66682006554471,-34.910602106625554,-48.260306545445594,0.014094735720311027
41.96596327973726,-85.65155835471712,-34.92770204209572,-48.24180342542859,0.014085019561452033
41.988890436086564,-85.63628637415505,-34.94480236688728,-48.22330732736012,0.014075281397786509
42.01182472492738,-85.62100412240775,-34.96190307991821,-48.204818170273356,0.014065697441539527
42.03476614881676,-85.60571159799088,-34.97900418008841,-48.186335946984556,0.014055979088416807
42.05771471029567,-85.59040879945474,-34.99610566630785,-48.16786071949201,0.014046309718995658
42.080670411899405,-85.57509572535487,-35.01320753748418,-48.149392494965305,0.014036589418483883
42.10363325616176,-85.55977237424106,-35.03030979251853,-48.13093112173556,0.014027159567571069
42.12660324563501,-85.54443874460183,-35.047412430282584,-48.11247663238491,0.014017398546836077
42.1495803828382,-85.52909483500761,-35.06451544967738,-48.094029149188934,0.014007791799486169
42.17256467029795,-85.51374064399772,-35.081618849586874,-48.075588481458574,0.013998329348622525
42.19555611054991,-85.49837617007667,-35.09872262887651,-48.05715471111727,0.013988606995879053
42.21855470610283,-85.48300141181285,-35.115826786433544,-48.03872786573926,0.013979111576130916
42.24156045947987,-85.46761636772517,-35.13293132112074,-48.02030780638493,0.013969608925289532
42.26457337320193,-85.45222103632854,-35.15003623179477,-48.00189459740826,0.013960024650473853
42.287593449779195,-85.4368154161577,-35.16714151731636,-47.98348818478838,0.013950612744721227
42.31062069172574,-85.42139950572637,-35.18424717653306,-47.96508865479814,0.013940906463213706
42.33365510153168,-85.40597330360451,-35.20135320831147,-47.9466959271575,0.013931625095799042
42.356696681717516,-85.3905368082683,-35.218459611475055,-47.928309895023354,0.01392208944181836
42.379745434779686,-85.37509001825032,-35.23556638486636,-47.90993072514246,0.013912564234676988
42.40280136320804,-85.35963293209117,-35.25267352732681,-47.89155829056736,0.013903229634817275
42.42586446950314,-85.3441655482922,-35.26978103767736,-47.8731926379476,0.013893642543833684
42.448934756147025,-85.32868786539566,-35.28688891475155,-47.85483366388307,0.013884473179698391
42.47201222564372,-85.31319988187366,-35.30399715734957,-47.83648145682874,0.013874760953022536
42.49509688045448,-85.2977015963056,-35.32110576431165,-47.81813599113526,0.013865639166019551
42.518188723082396,-85.28219300714628,-35.33821473442208,-47.7997970930782,0.013856198264437026
42.54128775600277,-85.266674112917,-35.35532406648844,-47.78146498570622,0.013846747996378512
42.56439398167633,-85.25114491216894,-35.37243375932625,-47.76313962499421,0.013837382412582283
42.58750740257638,-85.23560540340914,-35.38954381172847,-47.74482079869409,0.013828261438462407
42.61062802119237,-85.22005558509036,-35.4066542224611,-47.72650859705789,0.013818768125035793
42.633755839974434,-85.20449545576344,-35.42376499032655,-47.70820314618468,0.013809465489975392
42.656890861382024,-85.18892501394367,-35.440876114108086,-47.68990426880366,0.01380024841066763
42.68003308788297,-85.17334425811387,-35.457987592571186,-47.671611975685664,0.013790938115040523
42.703182521931296,-85.15775318678449,-35.47509942448831,-47.6533263070798,0.013781668955105688
42.726339165977535,-85.14215179846609,-35.49221160862777,-47.63504724462482,0.013772394987257653
42.749503022472595,-85.12654009165819,-35.50932414374878,-47.61677468193991,0.013763294767002407
42.77267409387552,-85.11091806482834,-35.526437028592866,-47.59850868013251,0.01375393726085401
42.79585238261671,-85.09528571651278,-35.543550261925894,-47.58024932224321,0.013744720588743289
42.8190378911353,-85.07964304521391,-35.56066384249518,-47.56199642179374,0.013735652504911117
42.84223062188179,-85.06399004939355,-35.57777776902672,-47.54375002154261,0.013726379960891367
42.865430577281714,-85.0483267275718,-35.59489204026644,-47.52551021360308,0.013717181833297643
42.888637759764805,-85.03265307824755,-35.61200665494699,-47.50727680978034,0.013708200987527295
42.91185217177547,-85.01696909987024,-35.629121611776064,-47.489049880271374,0.01369890574051195
42.935073815724856,-85.00127479097013,-35.646236909490675,-47.470829512449114,0.013689802092224784
42.958302694035325,-84.9855701500371,-35.663352546806514,-47.45261553440302,0.01368077378146693
42.98153880913536,-84.96985517553485,-35.680468522423915,-47.43440798649607,0.013671617929544343
43.00478216343594,-84.95412986596509,-35.69758483505478,-47.41620691181402,0.013662533400816556
43.028032759350545,-84.93839421981306,-35.714701483399665,-47.3980122032619,0.013653546855922984
43.051290599295506,-84.92264823554667,-35.73181846614745,-47.379823933723344,0.013644361356648285
43.07455568566625,-84.90689191168082,-35.748935782002235,-47.3616420847384,0.01363541101652244
43.09782802087491,-84.89112524667554,-35.766053429640735,-47.34346654085272,0.013626407157827567
43.12110760732881,-84.87534823899448,-35.78317140773677,-47.32529733917733,0.013617409535409006
43.1443944474221,-84.85956088712729,-35.80028971497061,-47.30713461255253,0.01360821496314105
43.167688543533316,-84.84376318959654,-35.81740835003202,-47.28897817914296,0.013599498375766293
43.19098989807802,-84.82795514481444,-35.83452731155966,-47.27082799220406,0.013590382165607467
43.21429851343678,-84.81213675127914,-35.851646598224264,-47.25268417977041,0.013581482166995043
43.23761439199593,-84.79630800746297,-35.86876620868091,-47.23454667201554,0.013572478936962262
43.26093753613493,-84.78046891184803,-35.88588614158468,-47.2164154417987,0.013563627940917342
43.28426794823969,-84.76461946288876,-35.90300639557418,-47.19829047550246,0.013554653432011066
43.30760563068369,-84.74875965906436,-35.92012696929437,-47.180171775473866,0.013545807272024962
43.330950585845315,-84.73288949883063,-35.93724786137551,-47.16205929887708,0.013536905154015042
43.35430281609098,-84.7170089806669,-35.954369070453666,-47.14395315805522,0.01352789937742657
43.37766232378065,-84.70111810306001,-35.97149059516342,-47.125853122782566,0.013519349712344635
43.401029111304965,-84.68521686440457,-35.98861243409588,-47.107759306978195,0.013510181926921048
43.42440318100007,-84.66930526323297,-36.00573458589604,-47.08967177001566,0.013501551930388675
43.44778453523702,-84.65338329797396,-36.02285704916055,-47.07159035981259,0.013492619541382613
43.47117317636598,-84.63745096710312,-36.03997982250138,-47.05351514080177,0.013483901610669799
43.49456910674684,-84.62150826906043,-36.05710290451092,-47.03544603426727,0.013475094940782336
43.51797232872875,-84.60555520230533,-36.0742262937853,-47.01738311171812,0.0134662785645329
43.541382844655544,-84.5895917653024,-36.09134998891843,-46.999326293243755,0.013457599328821328
43.564800656876116,-84.57361795649304,-36.108473988489784,-46.98127563398343,0.013448708962012572
43.58822576772042,-84.55763377436043,-36.1255982910922,-46.963231075036454,0.013440125766566904
43.61165817953886,-84.54163921732305,-36.14272289528638,-46.94519256763656,0.013431316235459631
43.635097894660426,-84.52563428384799,-36.159847799649306,-46.92716018715458,0.013422628963973037
43.658544915418275,-84.50961897238156,-36.17697300274452,-46.909133831998396,0.013413978906684412
43.68199924414375,-84.49359328136562,-36.19409850312916,-46.89111358620489,0.0134051746997284
43.70546088315345,-84.47755720927275,-36.21122429936914,-46.87309935501796,0.013396673849073112
43.728929834786676,-84.46151075450443,-36.22835038999518,-46.855091072874565,0.013387975268233555
43.75240610135913,-84.44545391551686,-36.245476773557044,-46.837088915871725,0.01337922065565609
43.775889685174235,-84.42938669078988,-36.26260344861013,-46.81909277503148,0.013370692311524037
43.799380588558925,-84.41330907873066,-36.27973041367409,-46.80110248512429,0.013362191342746558
43.82287881383371,-84.39722107775445,-36.296857667267524,-46.78311827476951,0.013353331355656401
43.84638436328081,-84.38112268637018,-36.31398520794472,-46.76514009843242,0.01334490623114661
43.869897239221885,-84.3650139029715,-36.33111303420595,-46.74716769062961,0.01333644850761127
43.89341744396885,-84.34889472596889,-36.34824114455408,-46.72920136430849,0.01332756683152114
43.91694497979527,-84.33276515386672,-36.365369537527855,-46.7112409029286,0.013319438605202094
43.94047984903061,-84.31662518500987,-36.38249821159284,-46.693286312184334,0.01331055644459468
43.96402205394102,-84.3004748179043,-36.39962716527948,-46.67533773982465,0.013302217183192227
43.98757159682665,-84.28431405095509,-36.41675639707005,-46.65739498104802,0.013293646723367802
44.011128479976584,-84.26814288258798,-36.43388590545128,-46.63945804959842,0.013285295048012792
44.03469270568415,-84.25196131120818,-36.45101568889642,-46.62152703915172,0.013276593780048281
44.05826427621002,-84.23576933529935,-36.46814574590811,-46.60360193577289,0.013268270818872302
44.08184319384692,-84.21956695324971,-36.48527607494305,-46.58568251651329,0.013259907634132815
44.10542946087791,-84.20335416346461,-36.50240667446091,-46.56776904463913,0.013251202880235586
44.129023079555466,-84.18713096442181,-36.51953754294794,-46.54986130026752,0.013243173114707915
44.152624052180215,-84.1708973544614,-36.53666867882643,-46.53195935544478,0.013234369646490034
44.17623238098755,-84.1546533320887,-36.55380008058549,-46.51406328911261,0.013226231141489875
44.19984806825972,-84.13839889567443,-36.570931746651326,-46.496172883697916,0.01321775726953485
44.22347111625518,-84.12213404364407,-36.588063675469364,-46.47828827743643,0.013209422323344605
44.24710152723241,-84.10585877441387,-36.605195865476404,-46.46040941681132,0.013201035453325802
44.27073930344581,-84.0895730864017,-36.62232831510525,-46.4425362621168,0.013192767041998725
44.29438444715142,-84.07327697801227,-36.63946102277857,-46.42466888227235,0.013184286287494063
44.31803696058791,-84.05697044768749,-36.65659398693047,-46.40680716243104,0.01317619530776593
44.341696846023424,-84.0406534937812,-36.67372720595206,-46.3889510555407,0.013167791769899025
44.36536410569078,-84.02432611473314,-36.69086067826747,-46.3711007911282,0.013159370055199264
44.38903874181649,-84.00798830899032,-36.70799440229918,-46.35325613362947,0.013151321847256571
44.412720756661386,-83.9916400748992,-36.72512837642124,-46.33541704282574,0.013142967163601093
44.43641015245403,-83.97528141088345,-36.742262599036835,-46.317583683906356,0.013134683293522695
44.4601069314209,-83.95891231536326,-36.759397068542945,-46.299755926815465,0.013126528086431643
44.483811095800334,-83.94253278671813,-36.77653178331415,-46.28193373961853,0.013118299005396261
44.50752264781562,-83.92614282335879,-36.793666741734086,-46.264117252037586,0.01310996057707954
44.53124158967875,-83.90974242371689,-36.81080194219082,-46.246306306286264,0.013101971582497016
44.5549679236341,-83.89333158612887,-36.827937383026125,-46.228500793322084,0.013093801272054109
44.578701651896296,-83.87691030900172,-36.84507306260812,-46.21070106650055,0.013085300199760562
44.60244277664929,-83.86047859081499,-36.86220897933205,-46.1929068264341,0.013077578057164068
44.62619130014362,-83.84403642986162,-36.87934513150645,-46.17511801092283,0.013069176036648353
44.64994722457021,-83.82758382458503,-36.896481517501606,-46.1573348423859,0.0130611347084483
44.67371055214089,-83.81112077336344,-36.91361813565416,-46.13955706869905,0.013053110851775547
44.69748128506297,-83.79464727457842,-36.93075498429774,-46.12178495756938,0.013044683987250491
44.7212594255136,-83.77816332668307,-36.94789206179285,-46.104018188729135,0.013037138145908917
44.745044975735844,-83.76166892794578,-36.965029366413766,-46.08625687738059,0.013028549706442455
44.76883793788312,-83.74516407686497,-36.982166896531666,-46.06850116041699,0.013020810721161099
44.79263831416857,-83.72864877177095,-36.99930465043877,-46.05075077682792,0.013012612838574312
44.816446106775345,-83.71212301106524,-37.016442626454186,-46.03300585642019,0.013004691072933302
44.840261317897834,-83.69558679311024,-37.033580822874846,-46.015266320625855,0.012996615993445643
44.86408394971282,-83.67904011630667,-37.05071923801017,-45.99753228980755,0.012988525452619411
44.887914004394815,-83.66248297905207,-37.06785787016327,-45.97980356332866,0.01298075196659696
44.911751484142364,-83.6459153796716,-37.084996717600696,-45.962080205049126,0.012972575398332183
44.93559639111375,-83.62933731658843,-37.10213577862761,-45.94436229191851,0.012964696851453843
44.95944872748685,-83.61274878816482,-37.11927505151752,-45.92664966873284,0.012956755047452721
44.983308495433214,-83.59614979277089,-37.13641453454258,-45.90894242762479,0.012948749205956199
45.00717569711367,-83.57954032879685,-37.15355422597944,-45.89124050465701,0.012940908499827045
45.03105033470246,-83.56292039458788,-37.17069412407965,-45.87354382004056,0.01293302682785
45.05493241036077,-83.54628998851575,-37.18783422710225,-45.85585256221958,0.012924918138110105
45.07882192622702,-83.52964910900324,-37.20497453332396,-45.838166573223134,0.012917274932080077
45.1027188844807,-83.51299775435565,-37.22211504096459,-45.820485745570565,0.01290933069387247
45.12662328727017,-83.4963359229521,-37.23925574827207,-45.802810286389615,0.012901392414217788
45.150535136734426,-83.47966361318792,-37.25639665349696,-45.785140082507695,0.012893620967784526
45.17445443503072,-83.46298082340094,-37.27353775485919,-45.767475015172884,0.012885863445246932
45.198381184306974,-83.44628755194529,-37.29067905058142,-45.74981530950152,0.012877770934042748
45.22231538668169,-83.42958379724429,-37.307820538912445,-45.73216075763743,0.012870324146624992
45.24625704432674,-83.41286955757093,-37.32496221802897,-45.714511307518954,0.012862314881072675
45.270206159360626,-83.39614483133136,-37.3421040861628,-45.69686719042681,0.012854538342629387
45.294162733911335,-83.37940961689725,-37.35924614152521,-45.679228203533924,0.012846832156899834
45.31812677011981,-83.36266391259781,-37.376388382303965,-45.66159429976058,0.012839131539826073
45.34209827011797,-83.34590771677723,-37.393530806688645,-45.64396560976367,0.012831242403931619
45.36607723601347,-83.32914102783532,-37.410673412889054,-45.6263421199223,0.012823569065117193
45.39006366993713,-83.31236384410172,-37.427816199078684,-45.608723588183864,0.012816039589811075
45.41405757402546,-83.29557616388283,-37.44495916341594,-45.591110249443844,0.012808031704431682
45.43805895036424,-83.27877798561022,-37.4621023041106,-45.573502099262775,0.01280051613180836
45.46206780108502,-83.26196930758569,-37.47924561930925,-45.555898827442626,0.01279296663558149
45.48608412831024,-83.24515012812692,-37.49638910716099,-45.538300781630376,0.012784952891201453
45.51010793411424,-83.22832044566977,-37.513532765863246,-45.52070781093267,0.012777630122742304
45.53413922063482,-83.2114802584739,-37.53067659352927,-45.50311968512271,0.012769958066657412
45.55817798997111,-83.19462956489274,-37.54782058830987,-45.48553681054449,0.012762052350923571
45.582224244194926,-83.17776836334276,-37.56496474837934,-45.467958887798694,0.012754822412408919
45.606277985440784,-83.16089665206695,-37.58210907182905,-45.45038583686941,0.012747039971775719
45.6303392157874,-83.14401442944654,-37.599253556807845,-45.43281795913562,0.012739379951594444
45.65440793731329,-83.12712169385492,-37.61639820145631,-45.415255029984564,0.012731930674590811
45.67848415212571,-83.11021844358103,-37.633543003871985,-45.39769690906649,0.012724481312929576
45.70256786231811,-83.0933046769419,-37.650687962160305,-45.38014390924308,0.012716585638223381
45.72665906993916,-83.07638039236377,-37.66783307447137,-45.36259587038943,0.012709375673406288
45.75075777710213,-83.05944558809423,-37.68497833886942,-45.34505255096536,0.012701837036479521
45.774863985887144,-83.04250026245997,-37.70212375344987,-45.32751428702329,0.012694147441908436
45.79897769834669,-83.02554441385162,-37.71926931633221,-45.309980968905506,0.01268677485799915
45.82309891656183,-83.0085780405761,-37.736415025593075,-45.29245249451995,0.01267924018679174
45.84722764260321,-82.99160114095939,-37.75356087931297,-45.27492884823982,0.012671897308937098
45.8713638785497,-82.97461371329733,-37.77070687555382,-45.25741005518197,0.01266433338622813
45.8955076264528,-82.95761575594946,-37.78785301240176,-45.239896218397895,0.012656848640329146
45.91965888837133,-82.94060726724727,-37.804999287925185,-45.222387103310524,0.012649630963533923
45.943817666383595,-82.9235882454629,-37.82214570016066,-45.2048828448677,0.012641958203822152
45.96798396252315,-82.90655868897754,-37.83929224718963,-45.187383444249235,0.012634745958129247
45.99215777885708,-82.88951859607589,-37.85643892704462,-45.169888795280556,0.012627233611145218
46.016339117428224,-82.87246796509788,-37.87358573777853,-45.15239895975646,0.012619939188157287
46.04052798029236,-82.85540679434101,-37.8907326774199,-45.134913831780516,0.012612586723520893
46.0647243694956,-82.83833508212003,-37.90787974400047,-45.11743353019106,0.012605127836967241
46.08892828707299,-82.82125282677002,-37.92502693555623,-45.09995790242613,0.01259800248754418
46.11313973507835,-82.8041600265687,-37.94217425009216,-45.08248710956822,0.012590318295156873
46.137358715519056,-82.78705667990704,-37.95932168566015,-45.0650210104721,0.012583403499926898
46.161585230466414,-82.76994278500004,-37.97646924022652,-45.047559490494315,0.012575891417801082
46.185819281938386,-82.7528183401944,-37.9936169118132,-45.03010276635094,0.012568671343054613
46.21006087196162,-82.73568334380556,-38.010764698422825,-45.0126507633119,0.01256127392746736
46.234310002553705,-82.71853779416429,-38.02791259806012,-44.99520338712846,0.012554196522528236
46.25856667575665,-82.70138168952927,-38.04506060869187,-44.97776061567821,0.012546837828569279
46.28283089358033,-82.68421502823489,-38.06220872831471,-44.96032259963191,0.01253955056514858
46.30710265804239,-82.6670378085869,-38.07935695490716,-44.942889043664394,0.012532623615955075
46.331381971183724,-82.64985002882212,-38.096505286411194,-44.925460206673584,0.012524970862564381
46.35566883497585,-82.63265168735036,-38.11365372084348,-44.908036050217696,0.012518106194460555
46.37996325145794,-82.6154427823962,-38.13080225613031,-44.890616320462776,0.012510825076808778
46.40426522263349,-82.59822331226948,-38.14795089023255,-44.873201281904,0.012503587226334536
46.42857475049891,-82.58099327529,-38.16509962111053,-44.85579076750125,0.012496552936468947
46.4528918370686,-82.56375266972267,-38.1822484466945,-44.838384793965275,0.012489297898526373
46.47721648433255,-82.54650149388769,-38.1993973649352,-44.82098340577987,0.012482206610807917
46.50154869429165,-82.52923974606853,-38.2165463737614,-44.803586484254964,0.01247512870708821
46.52588846894736,-82.5119674245392,-38.23369547109269,-44.78619406424335,0.012467994189598854
46.550235810285514,-82.49468452760614,-38.25084465485863,-44.76880623419344,0.012460796276456115
46.5745907202853,-82.47739105358481,-38.267993922987955,-44.75142284808149,0.012453877928075029
46.59895320095121,-82.46008700071677,-38.28514327337031,-44.734043869753364,0.012446738538797427
46.62332325426148,-82.44277236730373,-38.30229270391822,-44.71666943124143,0.012439637786969167
46.647700882191685,-82.42544715164614,-38.31944221253863,-44.69929941069801,0.012432679704400491
46.672086086726985,-82.40811135201137,-38.3365917971182,-44.68193385429284,0.012425519572242595
46.69647886983524,-82.3907649667037,-38.353741455555735,-44.66457266810017,0.012418702665860147
46.72087923350694,-82.3734079939602,-38.37089118571375,-44.647215901907096,0.012411477966031932
46.74528717969338,-82.35604043211231,-38.388040985493916,-44.62986359007865,0.012404618651349772
46.7697027103729,-82.3386622794124,-38.40519085275584,-44.61251559784539,0.012397593367851135
46.794125827511,-82.32127353413846,-38.42234078536618,-44.595171980836625,0.012390661174010347
46.81855653307239,-82.30387419456248,-38.439490781183885,-44.57783273641017,0.012383646341988266
46.842994829010856,-82.28646425897654,-38.45664083807211,-44.560497862583354,0.012376723661790606
46.86744071728586,-82.26904372565015,-38.47379095387866,-44.54316729303458,0.012369810202884206
46.89189419985412,-82.25161259285156,-38.490941126445556,-44.52584106266493,0.01236284431511453
46.91635527866614,-82.23417085885745,-38.50809135361393,-44.50851909138489,0.012356051793051154
46.9408239556835,-82.21671852190747,-38.525241633202434,-44.49120139808836,0.012349065513510834
46.96530023284121,-82.1992555803023,-38.54239196305337,-44.473888102598856,0.012342108709181236
46.989784112076016,-82.18178203233012,-38.559542340998135,-44.45657900075103,0.012335420211729266
47.014275595351364,-82.16429787620153,-38.57669276482665,-44.439274075165855,0.012328494670520935
47.03877468459718,-82.1468031102066,-38.59384323236131,-44.42197355513105,0.012321485990527934
47.06328138173516,-82.12929773264827,-38.61099374142526,-44.40467715246865,0.012314977638710084
47.08779568873073,-82.11178174170821,-38.62814428977979,-44.38738494390516,0.012307866121412294
47.11231760749054,-82.09425513571269,-38.64529487524911,-44.37009702154699,0.012301233197352457
47.136847139954504,-82.07671791289353,-38.66244549560791,-44.352813245589296,0.012294327213420275
47.161384288042306,-82.05917007152726,-38.67959614864699,-44.33553366299246,0.012287633962266613
47.18592905368481,-82.04161160985308,-38.696746832134295,-44.318258219775934,0.012280811253512448
47.21048143879988,-82.02404252613638,-38.71389754384532,-44.30098694543744,0.012274082533777488
47.235041445307104,-82.0064628186298,-38.73104828154426,-44.283719814698244,0.012267302243353824
47.25960907512108,-81.98887248559127,-38.74819904299296,-44.26645678585963,0.012260639240724722
47.28418433016118,-81.9712715252581,-38.76534982593825,-44.24919788107957,0.012253833902882169
47.308767212328135,-81.9536599359083,-38.78250062814131,-44.231943139677625,0.012247121529198386
47.33335772353198,-81.93603771578748,-38.799651447342725,-44.214692383317,0.01224057582646273
47.35795586569548,-81.91840486310086,-38.816802281259115,-44.197445699816804,0.012233745141653752
47.38256164070486,-81.90076137613985,-38.833953127642566,-44.18020318888312,0.012227064414259132
47.40717505046044,-81.88310725315205,-38.85110398421965,-44.16296461212996,0.012220578299437547
47.43179609687806,-81.86544249233653,-38.8682548486885,-44.14573009563288,0.012213725092486742
47.45642478182837,-81.84776709200172,-38.88540571879429,-44.12849975438493,0.012207082413781515
47.48106110720762,-81.83008105038164,-38.90255659224159,-44.11127319657124,0.012200790849659577
47.50570507494113,-81.81238436562778,-38.91970746669081,-44.094050679546484,0.012193789758899228
47.53035668687843,-81.79467703607939,-38.93685833988641,-44.076832268410556,0.012187412426116493
47.5550159449173,-81.77695905994322,-38.95400920950477,-44.0596177861438,0.012180668335884883
47.57968285093442,-81.7592304354727,-38.9711600732393,-44.04240719520143,0.012174350415131662
47.60435740683229,-81.74149116084688,-38.98831092874294,-44.02520056401597,0.01216751573504988
47.629039614463075,-81.72374123436695,-39.00546177372173,-44.00799794286635,0.012161133035230474
47.653729475714606,-81.70598065423405,-39.02261260582873,-43.9907991624016,0.012154544117195857
47.67842699245741,-81.68820941868647,-39.039763422729784,-43.97360433588058,0.012148007540294584
47.70313216655967,-81.67042752596059,-39.05691422208457,-43.95641337585886,0.012141548472667733
47.72784499989466,-81.65263497427199,-39.07406500153775,-43.93922629540241,0.012134999653370723
47.75256549432316,-81.63483176186068,-39.09121575874049,-43.92204309692515,0.012128543411459606
47.777293651706756,-81.61701788695682,-39.108366491334095,-43.90486380378753,0.012121967848894692
47.80202947390272,-81.59919334779394,-39.12551719695636,-43.887688214213384,0.012115802603016243
47.82677296279216,-81.58135814253644,-39.142667873206726,-43.87051657826239,0.012108880323390511
47.85152412018395,-81.56351226952711,-39.1598185177651,-43.85334882653702,0.012102819287312105
47.876282947968974,-81.54565572688975,-39.17696912820114,-43.83618463523814,0.012096359714905152
47.90104944799856,-81.52778851284245,-39.19411970212458,-43.81902440983304,0.012089733149699213
47.925823622092636,-81.50991062567631,-39.211270237175086,-43.80186800017524,0.012083491461628555
47.950605472113196,-81.49202206356651,-39.2284207309314,-43.784715232561624,0.012077115721175495
47.97539499990752,-81.47412282471834,-39.24557118098152,-43.76756627376256,0.012070645215075207
48.000192207303556,-81.45621290737937,-39.262721584928755,-43.75042109378602,0.012064317869640651
48.02499709614384,-81.43829230975176,-39.27987194034922,-43.7332795640801,0.01205803440047376
48.04980966827097,-81.42036103003001,-39.29702224481019,-43.71614178688148,0.012051569244985134
48.0746299255031,-81.40241906646371,-39.31417249590033,-43.69900776467886,0.012045288403419339
48.099457869674666,-81.38446641725304,-39.331322691179246,-43.681877367013314,0.012039012776567904
48.12429350262107,-81.36650308058803,-39.34847282819643,-43.664750625003265,0.012032694191672617
48.14913682616526,-81.34852905468325,-39.365622904508086,-43.64762758956679,0.012026353051615542
48.17398784212046,-81.33054433777048,-39.38277291767347,-43.63050826718984,0.01202003143732353
48.198846552307614,-81.31254892805401,-39.39992286523332,-43.61339244754482,0.012013991715543728
48.22371295856564,-81.29454282368458,-39.41707274469722,-43.59628032327406,0.012007405550023104
48.248587062678354,-81.27652602294664,-39.434222553634335,-43.57917185151644,0.012001432067731025
48.273468866482965,-81.25849852398025,-39.451372289538654,-43.56206687591281,0.011995071257287548
48.29835837177917,-81.24046032501394,-39.46852194994176,-43.54496560284652,0.011988814227416173
48.32325558036903,-81.22241142426267,-39.485671532363426,-43.52786784231246,0.011982725880592966
48.3481604940694,-81.20435181989608,-39.50282103429627,-43.510773665847836,0.011976374473735533
48.3730731146716,-81.18628151014141,-39.51997045325551,-43.49368300618629,0.011970386350923205
48.39799344399146,-81.16820049315594,-39.537119786717234,-43.47659591302179,0.011963971224635004
48.422921483808445,-81.15010876718227,-39.554269032193666,-43.45951230576381,0.011958101915726821
48.4478572359416,-81.13200633035449,-39.57141818713909,-43.44243223187897,0.011951626195618374
48.47280070215279,-81.11389318094521,-39.58856724906988,-43.42535573803067,0.011945697530644474
48.49775188425347,-81.09576931709279,-39.605716215431734,-43.40828256134244,0.011939595509492196
48.52271078403633,-81.07763473697618,-39.62286508368492,-43.391212975342974,0.01193329002121085
48.54767740326541,-81.05948943884019,-39.640013851316624,-43.37414685415133,0.011927369982957006
48.57265174374165,-81.04133342082756,-39.657162515758735,-43.35708410808557,0.011921195680861614
48.59763380723923,-81.02316668114229,-39.67431107446799,-43.34002486978659,0.011915096091261387
48.62262359553306,-81.00498921797883,-39.69145952489104,-43.32296901052016,0.011909107503746396
48.64762111040848,-80.98680102949763,-39.70860786445262,-43.305916540391884,0.011902999573092505
48.672626353633184,-80.96860211389689,-39.725756090590735,-43.28886751591635,0.011896937885992935
48.69763932697273,-80.9503924693728,-39.74290420073707,-43.27182189808568,0.011890890233488617
48.722660032198505,-80.9321720940992,-39.76005219230706,-43.25477955224124,0.01188502220871754
48.747688471092445,-80.91394098621555,-39.77720006269385,-43.2377405902269,0.011878824240441482
48.77272464539649,-80.89569914395621,-39.794347809332045,-43.22070507380453,0.01187287590611906
48.797768556874786,-80.87744656549131,-39.81149542961929,-43.20367280494504,0.01186695978484615
48.82282020729712,-80.85918324896934,-39.828642920937305,-43.18664383945541,0.011860939342453481
48.84787959841353,-80.84090919258168,-39.845790280683495,-43.16961824478244,0.011854934987173958
48.87294673197337,-80.82262439451418,-39.862937506247356,-43.15259590391897,0.011849083252335526
48.89802160973989,-80.80432885290986,-39.88008459499182,-43.135576812149495,0.011843091117126153
48.9231042334533,-80.78602256596328,-39.89723154430001,-43.11856110819947,0.011837051993711212
48.94819460485009,-80.76770553187092,-39.914378351550575,-43.1015485651982,0.011831381279322893
48.973292725701256,-80.74937774873413,-39.931525014069884,-43.0845392259155,0.011825288231691896
48.99839859773197,-80.73103921476383,-39.9486715292331,-43.06753319021211,0.011819484310977178
49.02351222268374,-80.71268992812186,-39.96581789438579,-43.05053038956282,0.011813492214703548
49.04863360228342,-80.69432988700007,-39.982964106882925,-43.03353080184511,0.01180772469071685
49.073762738280124,-80.67595908952632,-40.0001101640425,-43.01653428196613,0.011801939755846076
49.09889963241449,-80.65757753384302,-40.01725606318442,-42.999541020744665,0.011795912744766183
49.124044286390934,-80.63918521817727,-40.034401801665055,-42.982551049221826,0.011790090407782939
49.14919670193986,-80.6207821406827,-40.05154737679903,-42.96556407276625,0.011784477976582722
49.174356880812226,-80.60236829945373,-40.06869278586628,-42.94858023275087,0.01177846491737136
49.19952482471036,-80.5839436927009,-40.0858380261989,-42.931599605264,0.011772752534848732
49.224700535357414,-80.56550831857476,-40.102983095093876,-42.91462208603379,0.011766889672380175
49.249884014467476,-80.54706217524154,-40.120127989850545,-42.897647640266435,0.011761231055530291
49.27507526376825,-80.52860526082578,-40.13727270774217,-42.88067626679733,0.011755375300012801
49.300274284961745,-80.51013757351014,-40.15441724606554,-42.86370806309045,0.011749587185822518
49.32548107975717,-80.49165911145138,-40.171561602099,-42.846742810325544,0.011744040041665935
49.35069564988105,-80.47316987275576,-40.18870577309057,-42.829780682894345,0.011738015884278273
49.37591799700985,-80.45466985564885,-40.205849756342126,-42.81282163309866,0.011732540326377649
49.40114812287195,-80.43615905821761,-40.22299354908112,-42.79586548047678,0.01172677132513551
49.42638602916541,-80.4176374786187,-40.24013714856426,-42.778912444058626,0.011720998180443065
49.4516317175772,-80.39910511502983,-40.25728055205351,-42.761962415840216,0.011715384061966623
49.47688518981112,-80.38056196557868,-40.274423756780216,-42.74501534295947,0.011709689423621565
49.502146447562644,-80.36200802840698,-40.291566759977364,-42.72807122847813,0.011704076472018115
49.527415492526046,-80.3434433016526,-40.30870955887071,-42.71113012735746,0.01169831130910922
49.55269232637867,-80.324867783489,-40.32585215069828,-42.6941919832966,0.011692781565821764
49.577976950819796,-80.30628147202678,-40.34299453266107,-42.67725671216218,0.011687137940399592
49.60326936753105,-80.2876843654145,-40.360136701973836,-42.66032447062539,0.011681397301563517
49.62856957818411,-80.26907646181867,-40.377278655854816,-42.643395055087744,0.011676040049180055
49.65387758448382,-80.25045775931466,-40.39442039147094,-42.62646854273454,0.011670198213804163
49.67919338808303,-80.23182825610249,-40.41156190604642,-42.60954500744685,0.01166474446443926
49.70451699066807,-80.21318795029039,-40.428703196753844,-42.592624251480665,0.01165918060645859
49.72984839391431,-80.19453684000715,-40.445844260770585,-42.57570642540143,0.01165352462065588
49.75518759948325,-80.17587492340978,-40.46298509528288,-42.55879141258473,0.011648126801417101
49.78053460905535,-80.15720219860012,-40.48012569744356,-42.54187927805382,0.011642386530080387
49.80588942427982,-80.1385186637521,-40.49726606443641,-42.524969938757536,0.01163710839155723
49.831252046842984,-80.11982431693865,-40.514406193388666,-42.50806339750407,0.011631369490288783
49.856622478384885,-80.10111915634289,-40.531546081477835,-42.49115973184059,0.011625989933581467
49.88200072057483,-80.08240318006675,-40.54868572583478,-42.47425877557249,0.011620484938527
49.90738677507093,-80.06367638623371,-40.5658251235959,-42.45736063298554,0.011614967165930079
49.932780643523145,-80.04493877298064,-40.582964271898746,-42.440465242126685,0.011609552605103927
49.95818232758858,-80.02619033841941,-40.600103167862706,-42.4235726041347,0.011604038479368256
49.9835918289125,-80.00743108068494,-40.61724180861342,-42.40668270361744,0.01159865028415242
50.00900914914538,-79.98866099789191,-40.634380191260675,-42.38979556177818,0.011593112239436574
50.034434289921116,-79.96988008818987,-40.65151831292641,-42.372911152910085,0.011587764568015534
50.0598672528942,-79.95108834966955,-40.66865617069727,-42.356029329789145,0.011582433774783893
50.08530803971353,-79.93228578042869,-40.68579376165776,-42.33915028001292,0.011576833771535754
50.11075665199443,-79.91347237864316,-40.70293108292685,-42.32227394531733,0.011571588147926297
50.13621309138893,-79.89464814238875,-40.720068131566684,-42.30540015555356,0.011566226624001487
50.16167735953353,-79.87581306977411,-40.737204904650945,-42.28852911365616,0.011560707850839506
50.18714945804459,-79.85696715895132,-40.75434139926964,-42.271660660011,0.011555570280910709
50.212629388570605,-79.83811040798469,-40.77147761246256,-42.254794855628354,0.011549972980728717
50.23811715271247,-79.81924281505181,-40.78861354132185,-42.23793173823531,0.011544788888819425
50.263612752110205,-79.80036437822443,-40.80574918287986,-42.221071088970966,0.011539496376068922
50.289116188394054,-79.78147509559231,-40.82288453417268,-42.204213063475905,0.011534104221163216
50.31462746317068,-79.76257496529774,-40.8400195922577,-42.18735769900322,0.011528765847769093
50.34014657805405,-79.74366398545754,-40.857154354173595,-42.17050482248282,0.011523615562579168
50.36567353467903,-79.72474215412939,-40.87428881692334,-42.153654430767205,0.01151828646034341
50.39120833465026,-79.70580946944003,-40.8914229775396,-42.136806720724344,0.011512872041751507
50.416750979558685,-79.68686592954384,-40.90855683306366,-42.119961532656504,0.0115077663465912
50.442301471033005,-79.66791153249322,-40.9256903804788,-42.103118722381694,0.01150255390021158
50.4678598106851,-79.64894627637655,-40.9428236167814,-42.086278500774554,0.011497165085308701
50.493426000099696,-79.62997015934316,-40.95995653899328,-42.06944079474723,0.011492057512754303
50.51900004088983,-79.61098317946471,-40.9770891440909,-42.052605507462204,0.011486805867533815
50.54458193465426,-79.59198533484194,-40.99422142906003,-42.03577269695638,0.011481624026882168
50.570171682991244,-79.57297662356986,-41.01135339087778,-42.018942333043455,0.011476418528028482
50.595769287491414,-79.55395704375626,-41.02848502652243,-42.002114469318855,0.011471168549912938
50.621374749741015,-79.53492659351285,-41.0456163329685,-41.9852889803206,0.011466139081573736
50.64698807134855,-79.51588527088872,-41.062747307152556,-41.968465839178485,0.011460930590326893
50.672609253892595,-79.4968330740015,-41.079877946040995,-41.95164526162884,0.011455612069480583
50.698238298942044,-79.47777000098641,-41.09700824660368,-41.93482696094325,0.011450799155868292
50.72387520811622,-79.4586960498451,-41.11413820573568,-41.918010989311,0.011445414343587198
50.74951998296968,-79.43961121873535,-41.13126782040727,-41.90119752437326,0.011440364499159736
50.77517262508573,-79.42051550573592,-41.14839708754213,-41.88438628886708,0.011435361957068613
50.80083313605107,-79.4014089089105,-41.16552600405056,-41.8675774904521,0.011430034378438723
50.826501517418954,-79.38229142639962,-41.182654566876835,-41.85077095158451,0.011425278229842831
50.852177770793176,-79.36316305621085,-41.199782772890856,-41.83396671994422,0.011419890585688838
50.877861897714666,-79.34402379650243,-41.21691061903486,-41.81716484773581,0.0114150683353214
50.903553899772625,-79.32487364530493,-41.23403810217919,-41.80036518113362,0.011409894533250453
50.929253778520064,-79.30571260073302,-41.25116521923216,-41.78356791617828,0.011404810760234743
50.95496153551596,-79.2865406608798,-41.26829196708529,-41.76677280434031,0.011399979319979624
50.98067717234179,-79.26735782377524,-41.285418342591456,-41.74997998716325,0.011394708088300004
51.00640069053236,-79.24816408755972,-41.30254434265537,-41.73318942014761,0.011389941863337387
51.03213209166793,-79.22895945025297,-41.31966996411318,-41.71640100867741,0.011384803735576434
51.057871377287675,-79.20974390997127,-41.33679520384572,-41.69961494624483,0.011379779809580349
51.08361854893714,-79.19051746480805,-41.35392005871614,-41.682831013307,0.011374944183820124
51.10937360818625,-79.1712801127892,-41.37104452554662,-41.66604919796858,0.011369941031319879
51.13513655657693,-79.15203185200417,-41.38816860118685,-41.64926967980754,0.011364866756521737
51.16090739563746,-79.13277268056999,-41.40529228249526,-41.63249233521036,0.011360035860845975
51.186686126927796,-79.11350259651749,-41.42241556627931,-41.61571700612856,0.011355180286257694
51.21247275199883,-79.09422159789428,-41.439538449349804,-41.5989439007199,0.011350072177306157
51.23826727236712,-79.0749296828266,-41.45666092855265,-41.58217295633787,0.011345306143475132
51.26406968958236,-79.05562684935171,-41.47378300068162,-41.5654040824565,0.011340325181986265
51.28988000517236,-79.03631309555483,-41.49090466254982,-41.54863735613675,0.011335459550912039
51.31569822067253,-79.01698841949573,-41.508025910951275,-41.531872658459235,0.011330644046811795
51.34152433761997,-78.99765281922348,-41.525146742668646,-41.51511007428605,0.011325668290280857
51.367358357531394,-78.9783062928314,-41.542267154502035,-41.498349559364186,0.011320917240159047
51.39320028194035,-78.95894883836449,-41.55938714322048,-41.48159111785132,0.01131594047339827
51.419050112360935,-78.93958045390946,-41.57650670560901,-41.464834670603295,0.011311300920383351
51.44490785033351,-78.92020113748136,-41.59362583840941,-41.448080260715784,0.011306270509710857
51.47077349735586,-78.90081088719474,-41.61074453840991,-41.4313279311008,0.011301577648861498
51.49664705495603,-78.88140970108225,-41.62786280234987,-41.41457753059295,0.011296755788634023
51.52252852464959,-78.86199757720122,-41.644980626975865,-41.39782915957286,0.011291932036892192
51.54841790794362,-78.84257451362365,-41.66209800903641,-41.381082784381405,0.011287160140480373
51.57431520635095,-78.82314050840091,-41.67921494526347,-41.36433833838447,0.011282430749782415
51.600220421386595,-78.80369555957219,-41.696331432376525,-41.3475958314172,0.011277650087597199
51.626133554549625,-78.78423966521024,-41.71344746710719,-41.33085538088279,0.01127276705368288
51.65205460733229,-78.76477282339816,-41.73056304618665,-41.31411675629094,0.011268301387624462
51.67798358126805,-78.74529503211022,-41.74767816628278,-41.297380011775864,0.01126334985437591
51.70392047783176,-78.72580628946014,-41.764792824131405,-41.280645316378354,0.011258661159957445
51.72986529851888,-78.70630659350374,-41.7819070164318,-41.26391245180129,0.011254007917228801
51.7558180448378,-78.68679594225857,-41.799020739857276,-41.24718138836416,0.011249363540009154
51.781778718286205,-78.66727433376222,-41.81613399108578,-41.23045227582271,0.011244513315880422
51.807747320334926,-78.64774176611297,-41.83324676682183,-41.21372505123609,0.011239958065892708
51.83372385248324,-78.62819823733162,-41.850359063722735,-41.19699963904331,0.011235213822862395
51.85970831621551,-78.60864374547002,-41.86747087845667,-41.18027601927515,0.011230689791757838
51.885700713028946,-78.58907828854143,-41.884582207665204,-41.16355423510108,0.011225891936797945
51.91170104438973,-78.56950186463028,-41.90169304802217,-41.14683430225493,0.011221351205073718
51.9377093117859,-78.54991447175998,-41.91880339616284,-41.130116126388536,0.011216684392348988
51.963725516691355,-78.53031610798303,-41.935913248732305,-41.11339978553543,0.011212043307723633
51.98974966057993,-78.51070677134555,-41.953022602366254,-41.096685161584624,0.011207539327393226
52.01578174493869,-78.49108645985464,-41.97013145367373,-41.07997227110372,0.011202880324830987
52.04182177123007,-78.47145517157225,-41.98723979928717,-41.06326121716663,0.011198242504344117
52.0678697409164,-78.45181290455422,-42.004347635829895,-41.04655185251791,0.01119378524916974
52.09392565547987,-78.43215965680088,-42.02145495988963,-41.029844172208975,0.011189158330464034
52.11998951637803,-78.4124954263675,-42.03856176807764,-41.0131382795577,0.011184566991543778
52.146061325067706,-78.39282021130471,-42.05566805699675,-40.99643405832742,0.011180100067301349
52.172141083020406,-78.3731340096206,-42.07277382322116,-40.97973148050353,0.011175550484189495
52.19822879169322,-78.35343681935265,-42.08987906333482,-40.96303062261278,0.01117098541046654
52.22432445253668,-78.33372863854859,-42.10698377392142,-40.946331424262866,0.011166520922820845
52.25042806701239,-78.31400946522214,-42.124087951540304,-40.929633824576435,0.01116204150752671
52.2765396365721,-78.29427929740558,-42.14119159275502,-40.912937959684825,0.011157399243913088
52.30265916265108,-78.27453813316548,-42.15829469414149,-40.89624365546691,0.011153156857424787
52.328786646725135,-78.25478597046201,-42.17539725221259,-40.87955090889008,0.011148522796958403
52.354922090222935,-78.23502280736582,-42.19249926353466,-40.86285987510539,0.011144077377121349
52.38106549458708,-78.21524864190685,-42.20960072464616,-40.846170363807545,0.011139701710632714
52.407216861268964,-78.19546347208708,-42.22670163206458,-40.82948244183985,0.01113517120323021
52.4333761916963,-78.17566729596103,-42.24380198232979,-40.81279614407315,0.01113075321214122
52.45954348731155,-78.15586011154049,-42.26090177195267,-40.7961112730064,0.011126490386584195
52.48571874956536,-78.13604191681073,-42.27800099742369,-40.77942804036516,0.011121794094466878
52.51190197985996,-78.11621270987096,-42.29509965528916,-40.76274634740466,0.011117667172951439
52.538093179656876,-78.09637248866713,-42.31219774200624,-40.74606604297741,0.011113176452054965
52.564292350375545,-78.07652125124365,-42.32929525407972,-40.72938738824602,0.011108705608209002
52.590499493429554,-78.05665899565288,-42.34639218801246,-40.71271017275999,0.011104499449951899
52.61671461026375,-78.03678571986399,-42.363488540256405,-40.69603439189648,0.01110003881530378
52.64293770229094,-78.01690142191916,-42.380584307297056,-40.67936014427981,0.011095705449270854
52.669168770930774,-77.99700609983758,-42.397679485601415,-40.6626873287782,0.011091383540684233
52.69540781760679,-77.97709975162275,-42.41477407162203,-40.6460159218033,0.011087085614179973
52.721654843737916,-77.9571823752835,-42.43186806180831,-40.62934598716695,0.011082682882217062
52.74790985072743,-77.93725396886117,-42.44896145262131,-40.61267749676169,0.011078426429276717
52.77417283999706,-77.91731453034548,-42.46605424048799,-40.59601030598416,0.011074219955688067
52.80044381296495,-77.89736405772909,-42.48314642183101,-40.57934462312164,0.011069690696169164
52.826722771010864,-77.87740254909322,-42.50023799311509,-40.56268033681096,0.01106563629310257
52.85300971557039,-77.85743000237511,-42.517328950720454,-40.546017237738745,0.011061388988493135
52.87930464804819,-77.83744641558269,-42.53441929106001,-40.52935570522823,0.011056834894109623
52.905607569813554,-77.81745178680485,-42.55150901058466,-40.51269542720338,0.011053005940324028
52.93191848231133,-77.79744611393804,-42.56859810563419,-40.49603643628067,0.011048412451046893
52.95823738690294,-77.77742939507868,-42.585686572651674,-40.47937890672333,0.01104435634458136
52.98456428499772,-77.75740162819882,-42.60277440800607,-40.46272257531401,0.011040115921987724
53.01089917799464,-77.73736281129023,-42.619861608071126,-40.44606753230523,0.011035944050721235
53.03724206728499,-77.71731294235748,-42.63694816922145,-40.429413846579266,0.011031616293916609
53.06359295424517,-77.69725201943622,-42.654034087842795,-40.4127613978775,0.011027607733562176
53.08995184028202,-77.67718004048058,-42.671119360269884,-40.39611018731585,0.011023282380684321
53.11631872676394,-77.65709700353385,-42.688203982880495,-40.379460323548436,0.011019133887987658
53.14269361507956,-77.63700290658329,-42.70528795201541,-40.36281154167953,0.01101516309965975
53.169076506629644,-77.61689774758065,-42.72237126399003,-40.34616409676194,0.011010680908164408
53.19546740275607,-77.59678152461636,-42.73945391518962,-40.329517890087814,0.011006844685594649
53.22186630486804,-77.57665423560941,-42.75653590189924,-40.312872773650724,0.011002562068896559
53.248273214329394,-77.55651587858446,-42.77361722045596,-40.29622892168854,0.010998499312514785
53.27468813251494,-77.53636645153333,-42.79069786717264,-40.27958623123691,0.010994356675249941
53.30111106079278,-77.51620595245846,-42.807777838361964,-40.26294472583329,0.010990266660117133
53.327542000532034,-77.49603437935373,-42.82485713032564,-40.24630436826929,0.010986177014328987
53.35398095310355,-77.47585173020296,-42.84193573935378,-40.2296650942194,0.010982175744560068
53.38042791988081,-77.45565800297774,-42.85901366172363,-40.213026984230446,0.010977983549491185
53.40688290221047,-77.43545319570961,-42.876090893739395,-40.19639005142555,0.010973968810978181
53.43334590145818,-77.41523730637755,-42.893167431670086,-40.17975415384815,0.010969967706008143
53.45981691899181,-77.3950103329494,-42.91024327177248,-40.16311934454669,0.010965886735678434
53.486295956162024,-77.37477227342924,-42.92731841031716,-40.146485667399325,0.010961831563791899
53.512783014318636,-77.35452312581756,-42.94439284356668,-40.12985306013988,0.010957836462038711
53.539278094819984,-77.33426288808782,-42.96146656776228,-40.11322145513395,0.010953874147701506
53.565781199023384,-77.31399155821052,-42.9785395791376,-40.09659091760853,0.010949796832547683
53.59229232826759,-77.29370913419575,-42.995611873942,-40.07996144877507,0.010945836683967555
53.618811483903094,-77.27341561401902,-43.01268344839946,-40.06333295265059,0.010941889458941003
53.645338667281194,-77.2531109956479,-43.0297542987233,-40.04670545700479,0.010937896439418109
53.67187387973769,-77.23279527708256,-43.046824421138936,-40.03007905800076,0.01093382641674809
53.69841712260296,-77.21246845633037,-43.06389381186952,-40.01345355892205,0.01093009587805141
53.72496839724303,-77.19213053130558,-43.08096246708013,-39.99682899484695,0.010925983332466208
53.751527704974286,-77.17178150003852,-43.098030382994374,-39.98020552119284,0.010922052191361381
53.77809504712996,-77.15142136051236,-43.11509755580336,-39.96358289869745,0.010918257778540776
53.80467042506077,-77.13105011066166,-43.13216398166485,-39.946961205563255,0.010914227480665712
53.831253840082205,-77.11066774850167,-43.14922965677546,-39.93034053024247,0.010910320572064067
53.857845293523006,-77.0902742720093,-43.16629457730412,-39.91372067364945,0.010906555321573934
53.8844447867259,-77.06986967912165,-43.18335873939138,-39.89710174298573,0.01090251126832574
53.91105232099661,-77.04945396786073,-43.20042213921901,-39.880483760569035,0.01089872038851829
53.93766789766452,-77.02902713618464,-43.217484772926674,-39.86386661448663,0.01089482675554175
53.96429151805273,-77.0085891820615,-43.234546636653604,-39.84725029742016,0.010891049030943522
53.99092318348865,-76.98814010344304,-43.25160772652344,-39.83063484669408,0.010887110024668962
54.017562895274324,-76.96767989833741,-43.26866803868528,-39.814020336471174,0.010883238719723715
54.04421065472079,-76.94720856472513,-43.285727569266506,-39.79740657214846,0.01087955827488705
54.070866463161046,-76.92672610052722,-43.30278631435473,-39.78079359508196,0.010875636285033248
54.09753032189375,-76.90623250374308,-43.31984427007535,-39.76418150439838,0.010871829600531801
54.124202232225706,-76.8857277723467,-43.33690143253333,-39.747570168859966,0.010868082967144888
54.15088219547354,-76.8652119042822,-43.35395779781044,-39.73095957200737,0.010864301303516023
54.177570212938804,-76.84468489752517,-43.37101336199996,-39.714349861682166,0.010860364784566142
54.20426628590695,-76.82414675008464,-43.38806812120762,-39.697740850820104,0.010856831329118357
54.230970415708924,-76.80359745985302,-43.40512207146725,-39.68113250538956,0.01085294271969227
54.25768260363001,-76.78303702482864,-43.42217520886597,-39.6645250141822,0.010849165990797301
54.28440285095832,-76.7624654429975,-43.43922752947786,-39.64791824240016,0.01084545705498568
54.31113115899687,-76.74188271230332,-43.45627902934664,-39.6313121032823,0.010841797091245161
54.3378675290486,-76.72128883068456,-43.47332970450674,-39.61470668944559,0.010837970622994998
54.364611962390704,-76.70068379613706,-43.49037955101885,-39.59810201722059,0.010834292823290985
54.39136446031513,-76.6800676066149,-43.50742856491359,-39.58149797631716,0.010830613738600527
54.41812502411248,-76.65944026007014,-43.52447674221423,-39.564894629018475,0.010826858086130028
54.4448936550638,-76.63880175447231,-43.541524078947475,-39.54829188265549,0.01082330328736647
54.47167035446476,-76.61815208774988,-43.55857057111044,-39.53168982227335,0.010819440126120416
54.498455123575255,-76.59749125791315,-43.575616214740414,-39.51508842175804,0.010815922811116535
54.525247963693666,-76.57681926287283,-43.5926610058117,-39.49848751770899,0.01081227593128464
54.552048876098006,-76.556136100584,-43.60970494031753,-39.4818873485193,0.010808451407399396
54.57885786204319,-76.53544176905235,-43.626748014273474,-39.46528771861843,0.010805062657480805
54.6056749228303,-76.51473626616568,-43.64379022362172,-39.44868864763691,0.010801215876395456
54.63250005970796,-76.49401958993423,-43.660831564367854,-39.432090223839715,0.010797715621052431
54.659333273955,-76.47329173828871,-43.677872032465565,-39.41549230951445,0.010794051379790212
54.686174566837806,-76.45255270918526,-43.69491162387695,-39.39889493411651,0.010790516111870528
54.71302393962962,-76.43180250055742,-43.71195033454458,-39.382298077095975,0.010786881896696018
54.73988139358801,-76.41104111037178,-43.728988160423675,-39.36570180232623,0.010783266916285832
54.766746929971326,-76.39026853658723,-43.7460250974585,-39.349105989007114,0.01077979300885423
54.79362055004945,-76.3694847771294,-43.763061141568045,-39.3325107140331,0.010776081394479492
54.82050225506715,-76.34868982997962,-43.78009628869675,-39.315915885139304,0.010772730619057012
54.84739204630136,-76.32788369303537,-43.797130534734556,-39.29932154004034,0.010768973269867633
54.87428992498158,-76.3070663643043,-43.81416387562818,-39.282727740585315,0.010765545519567859
54.90119589237265,-76.2862378417024,-43.83119630726524,-39.26613426837174,0.01076207482332439
54.92810994973228,-76.26539812315798,-43.848227825534224,-39.24954132917277,0.010758383333305883
54.95503209828975,-76.24454720666283,-43.865258426353414,-39.23294877954222,0.010755101947964333
54.98196233931632,-76.22368509010128,-43.88228810557299,-39.21635662373414,0.010751408118593543
55.0089006740327,-76.20281177147548,-43.89931685910452,-39.19976499954326,0.01074795139595504
55.035847103687196,-76.1819272487147,-43.916344682811,-39.18317359975505,0.010744658834278283
55.062801629543806,-76.16103151970493,-43.933371572524194,-39.166582655716184,0.010740905559939128
55.08976425280843,-76.14012458246823,-43.95039752414783,-39.14999212769512,0.010737667706585822
55.11673497474029,-76.11920643489134,-43.96742253350105,-39.133401887622824,0.010734083379712676
55.14371379656221,-76.0982770749443,-43.98444659644462,-39.11681206866285,0.010730676355470346
55.170700719511316,-76.07733650055708,-44.0014697088097,-39.100222503198324,0.010727312047949461
55.19769574482734,-76.05638470964799,-44.01849186641426,-39.083633312437016,0.010723751371940851
55.224698873723334,-76.03542170019486,-44.035513065104176,-39.06704444771248,0.010720453167292537
55.25171010744017,-76.01444747010252,-44.05253330067656,-39.05045582891442,0.010716999148374734
55.2787294471985,-75.99346201731981,-44.06955256894758,-39.0338675653205,0.010713562849350286
55.30575689421751,-75.97246533979367,-44.08657086572571,-39.01727952871353,0.010710277592600258
55.33279244973126,-75.95145743542976,-44.10358818678908,-39.00069176540688,0.010706784550337866
55.35983611494654,-75.93043830219462,-44.12060452794456,-38.98410429242414,0.010703480429665011
55.386887891089906,-75.90940793800156,-44.13761988496163,-38.96751698729771,0.010700148519937669
55.41394777937749,-75.88836634078389,-44.15463425361479,-38.95093003357363,0.010696610645879531
55.44101578100391,-75.86731350852197,-44.1716476296995,-38.934343219479814,0.010693555008758595
55.46809189721646,-75.84624943906297,-44.188660008927044,-38.91775655656513,0.010690005212285268
55.495176129202676,-75.82517413039412,-44.205671387083896,-38.901170196829405,0.010686756696083695
55.52226847817408,-75.80408758043879,-44.22268175991255,-38.88458398326512,0.010683412310080978
55.5493689453363,-75.78298978712972,-44.23969112315455,-38.867997956396046,0.010680114596524688
55.57647753189614,-75.76188074839153,-44.25669947254013,-38.851412059547215,0.01067684621585074
55.603594239060115,-75.74076046214448,-44.27370680379048,-38.834826332829785,0.010673499850516245
55.63071906802378,-75.71962892632992,-44.290713112632375,-38.818240726029345,0.010670299110001516
55.65785201999348,-75.698486138858,-44.30771839476785,-38.80165526938534,0.010666916812476461
55.6849930961539,-75.67733209768633,-44.32472264592024,-38.78506994362142,0.010663743872897726
55.71214229771162,-75.65616680071405,-44.341725861771856,-38.76848465887265,0.010660480093076654
55.73929962585963,-75.63499024586834,-44.358728038015066,-38.751899524509504,0.01065716948986915
55.766465081781554,-75.61380243109366,-44.375729170345586,-38.73531444302436,0.010654034008460548
55.79363866667791,-75.5926033542886,-44.39272925442574,-38.71872943783847,0.010650696233724334
55.82082038172347,-75.57139301340878,-44.40972828594463,-38.7021445284867,0.010647538617048508
55.84801022811399,-75.55017140635411,-44.42672626055213,-38.68555956174575,0.01064440049994653
55.8752082070399,-75.52893853103207,-44.443723173895805,-38.66897474000367,0.01064098596609862
55.90241431966042,-75.50769438542073,-44.46071902165828,-38.652389881777204,0.010638083710308131
55.92962856718823,-75.48643896736357,-44.47771379943617,-38.63580501127836,0.010634640948823468
55.956850950771944,-75.46517227485417,-44.49470750290802,-38.61922025826289,0.01063157520527031
55.98408147160087,-75.44389430578227,-44.511700127684364,-38.602635335603466,0.010628503470792056
56.01132013086207,-75.42260505803823,-44.52869166936959,-38.58605049381279,0.01062511943369364
56.03856692970023,-75.40130452960976,-44.54568212361883,-38.569465628370274,0.010622184567227366
56.06582186931194,-75.37999271835396,-44.562671486003424,-38.55288061786537,0.010618958867545757
56.09308495085892,-75.35866962220717,-44.57965975213485,-38.536295639565324,0.010615799809191551
56.120356175502984,-75.33733523910057,-44.596646917614926,-38.51971055224587,0.010612757781798734
56.147635544419025,-75.31598956692856,-44.613632978017,-38.50312539557602,0.010609550750938687
56.174923058761344,-75.29463260363042,-44.63061792893432,-38.48654014626454,0.010606541351003146
56.20221871969959,-75.27326434710317,-44.64760176592839,-38.46995481472516,0.010603323803950768
56.229522528383846,-75.25188479528613,-44.66458448457911,-38.453369321684434,0.010600418573938784
56.25683448599391,-75.23049394604195,-44.68156608041421,-38.436783677861136,0.01059719006496139
56.284154593665114,-75.20909179733566,-44.69854654901552,-38.42019803460555,0.010594094234844637
56.31148285255073,-75.1876783470837,-44.71552588592914,-38.40361208195476,0.010591264522090943
56.33881926383016,-75.16625359313493,-44.73250408665455,-38.387026053252406,0.010587873349232302
56.366163828614525,-75.14481753349759,-44.74948114677905,-38.370439891655856,0.010585119047673267
56.39351654808902,-75.12337016599643,-44.76645706177415,-38.353853365035484,0.01058202685717919
56.42087742339389,-75.10191148855984,-44.78343182716636,-38.33726685216383,0.010578791926620134
56.448246455645446,-75.08044149916859,-44.80040543850651,-38.32068007469909,0.01057605764250508
56.47562364602563,-75.05896019564065,-44.81737789124186,-38.3040929519576,0.010572928229483239
56.50300899566028,-75.03746757592408,-44.83434918089029,-38.28750580010074,0.010569793576440929
56.53040250567246,-75.01596363796882,-44.85131930296422,-38.27091827530442,0.010567105151277375
56.55780417724177,-74.99444837958356,-44.86828825288481,-38.254330423785696,0.01056391418179101
56.585214011474065,-74.97292179874995,-44.88525602616995,-38.237742559788565,0.010560828213919446
56.61263200948898,-74.95138389341136,-44.902222618307796,-38.22115423880272,0.010558206037536702
56.64005817246679,-74.92983466136023,-44.91918802468936,-38.20456557077713,0.010554982621877916
56.66749250150325,-74.90827410058789,-44.93615224081811,-38.18797682703191,0.010552017862806282
56.69493499772476,-74.88670220900661,-44.95311526214314,-38.17138756891281,0.01054935522777771
56.72238566229423,-74.86511898443634,-44.97007708405161,-38.15479804849595,0.0105460723805324
56.749844496295,-74.8435244248835,-44.98703770203566,-38.138208277862866,0.01054339709231314
56.777311500876806,-74.82191852818967,-45.00399711148153,-38.121618042146864,0.010540389971174473
56.804786677153814,-74.80030129227765,-45.02095530781772,-38.1050275570476,0.010537443166437411
56.83227002624106,-74.77867271506288,-45.03791228646122,-38.08843661740322,0.010534699306936382
56.85976154927462,-74.7570327944057,-45.05486804278926,-38.07184534054742,0.010531606033917765
56.887261247348526,-74.73538152826251,-45.07182257222986,-38.05525368017549,0.010528923583329068
56.91476912159646,-74.71371891448969,-45.08877587014412,-38.03866161571156,0.010525858985543365
56.942285173110825,-74.69204495103804,-45.10572793194314,-38.0220691763024,0.01052314213938661
56.969809403023355,-74.67035963575896,-45.122678752971176,-38.005476170127196,0.010520323381273095
56.9973418124464,-74.6486629665458,-45.13962832859103,-37.98888288250389,0.010517247237316197
57.0248824024555,-74.6269549413756,-45.1565766542092,-37.97228915932383,0.010514626486056262
57.0524311741859,-74.60523555807703,-45.17352372513556,-37.95569482874494,0.010511770597132175
57.07998812874167,-74.5835048145489,-45.190469536715526,-37.939100137277386,0.010508839999523708
57.10755326720638,-74.56176270873479,-45.20741408431488,-37.92250499303558,0.010506103077637208
57.13512659069157,-74.54000923850599,-45.22435736324854,-37.90590926753476,0.010503337653367044
57.1627081003023,-74.51824440174488,-45.24129936883138,-37.889313087820234,0.010500442369657605
57.1902977971209,-74.49646819638369,-45.25824009640163,-37.8727164283927,0.010497711742767368
57.21789568225203,-74.4746806202961,-45.27517954125494,-37.85611914273203,0.01049500427945093
57.2455017567976,-74.45288167135794,-45.292117698681515,-37.839521396793494,0.010492066198203528
57.27311602182726,-74.43107134751772,-45.30905456400875,-37.82292312154456,0.01048944853328114
57.30073847844641,-74.40924964663337,-45.325990132502035,-37.806324243467735,0.010486605811656448
57.328369127734994,-74.38741656661924,-45.342924399454134,-37.78972483095621,0.01048390416158193
57.35600797078554,-74.36557210535487,-45.35985736012976,-37.77312476971459,0.010481208247956978
57.38365500868743,-74.34371626072267,-45.37678900978836,-37.75652416954406,0.01047837033868643
57.411310242508655,-74.32184903065168,-45.393719343710906,-37.73992298034815,0.01047574012748383
57.43897367334201,-74.29997041300678,-45.41064835713225,-37.72332111183705,0.01047301856125035
57.46664530226649,-74.27808040568154,-45.42757604529795,-37.70671867266978,0.010470253635386128
57.49432513034932,-74.25617900659265,-45.444502403460405,-37.690115608377944,0.010467603200956065
57.52201315867531,-74.23426621361041,-45.46142742683701,-37.67351180807946,0.010464980452495875
57.549709388324644,-74.21234202461146,-45.47835111064188,-37.65690743615461,0.010462125149797684
57.577413820346564,-74.1904064375421,-45.495273450124934,-37.64030240076305,0.01045962056784846
57.60512645583368,-74.16845945023982,-45.51219444046225,-37.62369657668216,0.010456925342613672
57.63284729585292,-74.14650106059939,-45.529114076858214,-37.607090144122,0.010454196109608292
57.660576341456505,-74.124531266546,-45.546032354528755,-37.590483042286806,0.010451579833471185
57.688313593717545,-74.10255006595033,-45.5629492686494,-37.573875108104644,0.010449058176363657
57.71605905371463,-74.08055745666533,-45.579864814377736,-37.55726650192218,0.010446242395127436
57.74381272248397,-74.05855343664098,-45.596778986924036,-37.54065722250319,0.01044372466974445
57.771574601098365,-74.03653800373486,-45.6136917814346,-37.524047083664236,0.010441145334522908
57.79934469062218,-74.01451115582054,-45.63060319305871,-37.50743625034402,0.010438422497130333
57.82712299209635,-73.99247289082284,-45.64751321697002,-37.49082464388653,0.010435944354543947
57.85490950658932,-73.97042320659634,-45.664421848291916,-37.47421222262179,0.010433276136378806
57.88270423514723,-73.94836210104454,-45.68132908217094,-37.45759902532683,0.010430751550898839
57.91050717882479,-73.92628957204579,-45.698234913730985,-37.44098503785339,0.010428103372924005
57.938318338664885,-73.90420561750223,-45.715139338103604,-37.4243702063132,0.01042564869806076
57.96613771572823,-73.8821102352691,-45.73204235038439,-37.40775454207086,0.010422988479570995
57.99396531104845,-73.86000342326167,-45.74894394569886,-37.391138080399294,0.010420491805348184
58.0218011256751,-73.83788517935268,-45.765844119139146,-37.37452072491282,0.010417954715456574
58.04964516065322,-73.81575550142138,-45.78274286579443,-37.35790251966827,0.010415404999341737
58.077497417020325,-73.79361438736032,-45.79964018075493,-37.341283457212235,0.010412879477549184
58.105357895816034,-73.77146183505275,-45.81653605909808,-37.3246634879873,0.010410394070541038
58.133226598079986,-73.74929784237736,-45.833430495891356,-37.30804266171593,0.010407808449729912
58.16110352483912,-73.72712240723864,-45.85032348621109,-37.29142091040116,0.010405410411556654
58.18898867713937,-73.70493552749147,-45.86721502509578,-37.27479823281101,0.010402828492092705
58.21688205600676,-73.68273720103369,-45.884105107603375,-37.2581745942631,0.010400476028282608
58.244783662484934,-73.66052742571685,-45.90099372875605,-37.24155005015238,0.010397826938294413
58.2726934975786,-73.63830619948097,-45.91788088362386,-37.22492463762152,0.010395430220686315
58.30061156232496,-73.61607352018393,-45.93476656721847,-37.20829813255676,0.010393063547352777
58.3285378577653,-73.59382938566984,-45.951650774535956,-37.19167068174438,0.010390485386170106
58.35647238490342,-73.57157379386754,-45.968533500617966,-37.17504234114286,0.010388050955086223
58.38441514476199,-73.54930674265673,-45.985414740468414,-37.15841291878569,0.010385714794896543
58.412366138379575,-73.52702822987453,-46.002294489057306,-37.14178244208422,0.010383248169865602
58.440325366764355,-73.50473825342675,-46.0191727413907,-37.12515110877976,0.01038066721316803
58.468292830915495,-73.48243681123563,-46.03604949247737,-37.10851861431593,0.010378582940135132
58.4962685318874,-73.46012390108791,-46.05292473723439,-37.09188510946099,0.010375815827245127
58.5242524706502,-73.43779952096676,-46.06979847069461,-37.07525064687783,0.010373668000373166
58.55224464824505,-73.41546366868151,-46.086670687774564,-37.0586149549111,0.010371241766155725
58.580245065681915,-73.39311634211197,-46.10354138342805,-37.04197830495143,0.010368757555144558
58.60825372395243,-73.37075753917692,-46.12041055262592,-37.025340562559556,0.010366501024704718
58.63627062407765,-73.34838725772094,-46.137278190285265,-37.00870169209958,0.010364063246290479
58.66429576705433,-73.32600549564218,-46.1541442913496,-36.992061768178786,0.010361715813048343
58.69232915388402,-73.30361225082304,-46.17100885074536,-36.97542072175901,0.01035936607317682
58.72037078557373,-73.28120752112869,-46.18787186338085,-36.95877846836646,0.010357125811910419
58.74842066313589,-73.25879130440725,-46.204733324146446,-36.94213512026077,0.01035463832164681
58.77647878754559,-73.23636359859124,-46.221593227978346,-36.92549070575529,0.010352364895504467
58.804545159807034,-73.21392440153991,-46.238451569759484,-36.908845012369454,0.010350143727698522
58.832619780928994,-73.19147371109723,-46.25530834435572,-36.892198199530604,0.010347673974698702
58.86070265188448,-73.16901152518808,-46.27216354667682,-36.875550223115376,0.010345509690376922
58.88879377368,-73.14653784165343,-46.28901717157222,-36.8589010173536,0.010343123645289562
58.916893147297884,-73.12405265838755,-46.305869213917816,-36.8422506193764,0.0103409151837487
58.94500077373167,-73.10155597325391,-46.322719668562684,-36.82559903595186,0.010338522700158559
58.973116653954406,-73.07904778416041,-46.33956853037677,-36.80894623192131,0.01033635987449873
59.001240788969184,-73.0565280889393,-46.35641579417473,-36.792292067067734,0.01033414335948528
59.029373179762466,-73.0339968854585,-46.37326145478668,-36.77563680452988,0.010331655877355099
59.05751382728549,-73.01145417166504,-46.39010550708536,-36.75898024487463,0.010329688807334442
59.08566273255223,-72.98889994535307,-46.40694794583942,-36.7423223610171,0.010327236781562662
59.11381989651906,-72.9663342044493,-46.42378876589424,-36.72566326070315,0.010325138028940983
59.14198532017503,-72.94375694679856,-46.44062796203575,-36.709002818965075,0.01032284282465379
59.170159004487154,-72.92116817029411,-46.45746552907351,-36.69234113897241,0.010320618114940085
59.19834095042742,-72.89856787281309,-46.47430146179937,-36.67567808867796,0.010318488404167185
59.2265311589805,-72.87595605219857,-46.49113575497619,-36.65901369058576,0.010316237660342419
59.25472963110755,-72.85333270634528,-46.50796840339237,-36.64234804270699,0.010313988486426654
59.282936367767654,-72.83069783314865,-46.52479940182932,-36.62568102073771,0.010311893507422036
59.311151369941236,-72.8080514304495,-46.541628745026344,-36.60901259658809,0.010309680913624764
59.33937463859034,-72.7853934961282,-46.55845642774059,-36.59234284234529,0.01030749859724241
59.36760617467549,-72.76272402806453,-46.57528244472136,-36.575671697367994,0.010305362855337633
59.395845979162395,-72.74004302412207,-46.59210679070037,-36.558999155816835,0.010303189580295736
59.4240940530085,-72.71735048217981,-46.608929460411616,-36.54232523289751,0.010301036872727926
59.45235039716794,-72.69464640012052,-46.62575044858418,-36.52564993945633,0.010298852035049565
59.480615012596225,-72.6719307758199,-46.64256974993536,-36.50897313247186,0.010296877799968204
59.50888790026814,-72.64920360710366,-46.65938735914275,-36.49229492413565,0.010294556170678662
59.537169061112785,-72.62646489190186,-46.67620327094354,-36.47561531165443,0.010292587220038837
59.56545849609592,-72.60371462805368,-46.69301748000919,-36.45893422232583,0.010290357105627682
59.59375620615765,-72.5809528134551,-46.70982998104019,-36.442251655966096,0.010288390153605049
59.622062192262526,-72.5581794459402,-46.726640768689805,-36.425567588475836,0.010286191511196068
59.65037645534529,-72.53539452340965,-46.74344983764667,-36.40888208452612,0.010284146586941195
59.67869899635261,-72.51259804373188,-46.76025718257121,-36.39219507785279,0.010282031405763652
59.70702981622388,-72.48979000478859,-46.77706279812493,-36.375506577097376,0.010279977583473862
59.7353689159073,-72.46697040443661,-46.793866678945825,-36.35881647217405,0.010277999748147824
59.76371629635285,-72.44413924052475,-46.81066881965926,-36.34212490949407,0.01027576730337053
59.792071958476086,-72.42129651097927,-46.827469214933174,-36.32543181871416,0.010273877858028106
59.82043590323473,-72.39844221362254,-46.84426785936067,-36.308737091986096,0.010271779851832176
59.84880813155692,-72.3755763463434,-46.86106474757065,-36.29204091529171,0.010269663247623307
59.87718864436481,-72.35269890704045,-46.877859874190555,-36.27534310356808,0.010267794652360053
59.905577442612916,-72.3298098935321,-46.894653233788524,-36.25864367151792,0.010265661605463368
59.933974527218226,-72.30690930372175,-46.911444820980314,-36.24194271495511,0.01026367690496091
59.96237989910988,-72.28399713547984,-46.928234630352584,-36.225240122625486,0.010261682306255012
59.99079355921808,-72.26107338667059,-46.9450226564806,-36.20853591546836,0.01025967353093998
60.019215508467546,-72.23813805516721,-46.96180889393779,-36.19183007606329,0.010257701994636345
60.04764574778337,-72.21519113883838,-46.97859333728729,-36.175122619645194,0.010255676167441947
60.07608427808676,-72.19223263555773,-46.99537598108763,-36.1584134413735,0.010253834982806256
60.10453110031192,-72.16926254316476,-47.01215681986786,-36.14170268496322,0.010251634386163617
60.13298621534778,-72.14628085960175,-47.02893584821617,-36.12499027943256,0.010249881991838166
60.161449624137056,-72.12328758268018,-47.04571306062807,-36.10827611178734,0.010247821591937099
60.189921327588394,-72.10028271028825,-47.062488451641464,-36.09156027668168,0.010245954718174884
60.21840132662109,-72.07726624028506,-47.079262015767625,-36.07484276514209,0.010243906942756271
60.24688962213569,-72.05423817057047,-47.096033747537106,-36.05812353383871,0.010242094793071298
60.275386215058504,-72.0311984989792,-47.11280364142988,-36.04140253602206,0.010240105864784705
60.30389110629115,-72.00814722340101,-47.129571691954716,-36.02467986982442,0.010238175109179942
60.33240429673889,-71.98508434171286,-47.146337893604105,-36.00795541070244,0.010236340281438388
60.36092578731686,-71.96200985176479,-47.163102240845355,-35.991229225633326,0.010234329089274451
60.38945557891874,-71.9389237514538,-47.17986472816907,-35.97450124328412,0.010232583135004577
60.41799367246347,-71.91582603861346,-47.196625350016504,-35.95777150710475,0.010230520323508581
60.44654006883182,-71.89271671116347,-47.21338410087773,-35.94104000229245,0.010228794054134828
60.47509476894125,-71.86959576693339,-47.23014097517601,-35.924306653302544,0.010226825138374081
60.503657773681574,-71.84646320381434,-47.24689596736757,-35.9075715211196,0.010225025851557476
60.532229083957446,-71.82331901965856,-47.26364907187519,-35.89083452585979,0.01022315607586221
60.56080870066236,-71.80016321234095,-47.280400283129005,-35.87409575187967,0.010221255250995757
60.589396624679246,-71.77699577975766,-47.29714959556545,-35.85735517346231,0.010219418436139861
60.61799285690387,-71.75381671977068,-47.313897003590725,-35.8406126573879,0.010217681760180466
60.64659739824313,-71.73062603021239,-47.33064250158393,-35.823868268796836,0.010215766881535705
60.67521024957039,-71.70742370899026,-47.34738608396588,-35.80712212213784,0.010213892079670717
60.70383141176572,-71.68420975399225,-47.364127745136784,-35.790374003417966,0.010212239760984324
60.732460885739435,-71.66098416303163,-47.38086747943998,-35.77362395623264,0.010210313203667628
60.761098672357555,-71.63774693402229,-47.39760528127751,-35.756872130694134,0.010208479373192761
60.78974477249897,-71.6144980648439,-47.41434114502093,-35.74011826407849,0.01020687451311866
60.81839918706892,-71.59123755331078,-47.43107506499098,-35.723362522617045,0.010204839531420462
60.84706191691441,-71.56796539737059,-47.44780703558894,-35.70660489760666,0.010203246778907521
60.875732962937235,-71.54468159483827,-47.464537051120274,-35.68984519665043,0.010201447500177943
60.90441232601241,-71.52138614358849,-47.48126510592252,-35.67308364255574,0.010199584906247467
60.933100006996376,-71.49807904153563,-47.49799119435154,-35.65632014069691,0.010197902280480313
60.961796006774925,-71.47476028652166,-47.51471531070754,-35.63955456145807,0.010196198780599706
60.99050032622836,-71.45142987639785,-47.531437449289065,-35.62278702937411,0.010194366048345588
61.01921296621215,-71.42808780907032,-47.54815760442339,-35.60601754259077,0.010192666244652973
61.047933927601704,-71.40473408239457,-47.5648757703962,-35.589245947113135,0.010191022098643471
61.07666321127189,-71.38136869422402,-47.581591941484156,-35.5724724418006,0.010189081993764284
61.10540081806,-71.3579916424968,-47.598306112012494,-35.5556968761524,0.010187622138224698
61.13414674886222,-71.33460292500884,-47.61501827620372,-35.53891920111363,0.010185742935081829
61.1629010045214,-71.31120253967829,-47.63172842835429,-35.522139564560185,0.010184104899819869
61.191663585902084,-71.28779048436846,-47.64843656271602,-35.505357812264904,0.010182414292410588
61.22043449386903,-71.2643667569388,-47.66514267353043,-35.48857395307097,0.01018076684248124
61.24921372928256,-71.2409313552556,-47.6818467550357,-35.471788061206134,0.010178987526486256
61.278001292982744,-71.21748427722933,-47.69854880149182,-35.455000108773696,0.010177375291406715
61.306797185833894,-71.1940255207098,-47.71524880711014,-35.438209956834974,0.010175765748883504
61.335601408696135,-71.17055508355348,-47.73194676609886,-35.42141776121883,0.010173965926933972
61.36441396240295,-71.14707296367558,-47.74864267269743,-35.40462341191021,0.010172491051282167
61.39323484782671,-71.12357915889696,-47.76533652107441,-35.38782688882586,0.010170716830720475
61.42206406579686,-71.10007366713535,-47.78202830545521,-35.37102833372803,0.010169071601165322
61.45090161715954,-71.07655648626606,-47.79871802002905,-35.35422749973336,0.010167597601474619
61.47974750278178,-71.05302761411205,-47.81540565894208,-35.33742453167302,0.010165778301910382
61.508601723482116,-71.02948704860628,-47.832091216406326,-35.320619418032344,0.010164319557829328
61.537464280119444,-71.00593478758394,-47.8487746865603,-35.303812076853326,0.010162600667387035
61.5663351735232,-70.98237082894586,-47.86545606357881,-35.28700256721515,0.010161071744249144
61.595214404539185,-70.95879517055089,-47.8821353416003,-35.27019082756672,0.01015942853109463
61.62410197400093,-70.93520781028342,-47.89881251477262,-35.25337686883095,0.01015788765396277
61.65299788275147,-70.91160874600197,-47.91548757721808,-35.23656064124632,0.010156305798436458
61.681902131621776,-70.88799797559045,-47.93216052306849,-35.219742264854474,0.01015462116926778
61.710814721431454,-70.86437549695532,-47.94883134646253,-35.20292156490498,0.010153251601422322
61.739735653036604,-70.84074130791473,-47.965500041471536,-35.1860986129298,0.010151481796219917
61.768664927244814,-70.81709540639686,-47.98216660223317,-35.16927337848516,0.010150150206070708
61.797602544905715,-70.7934377902282,-47.998831022808304,-35.152445901827406,0.010148333033126088
61.826548506814284,-70.7697684573598,-48.01549329733424,-35.135616140031736,0.010147054464773392
61.85550281383007,-70.7460874055882,-48.03215341983544,-35.11878395770474,0.010145401700625669
61.884465466763174,-70.72239463282251,-48.048811384404885,-35.10194959223692,0.010143838144392427
61.91343646642539,-70.6986901369643,-48.06546718512223,-35.08511286832807,0.010142397880747452
61.94241581365082,-70.67497391585994,-48.08212081602185,-35.068273762850225,0.010140863329394133
61.971403509258344,-70.65124596738781,-48.09877227115162,-35.05143232226852,0.010139368253515139
62.00039955406107,-70.62750628943691,-48.11542154455886,-35.0345886041154,0.010137765618261489
62.02940394886389,-70.6037548799117,-48.132068630293126,-35.01774244046214,0.010136473864218945
62.058416694510065,-70.57999173662414,-48.14871352233315,-35.00089386268884,0.010134834550937444
62.08743779179097,-70.55621685750384,-48.165356214729606,-34.98404301608964,0.01013336917120313
62.11646724151502,-70.5324302404376,-48.18199670149609,-34.96718972396401,0.01013194355428812
62.145505044505526,-70.50863188327402,-48.19863497661191,-34.95033393828647,0.010130536995012292
62.1745512015741,-70.48482178388576,-48.215271034064735,-34.93347586637862,0.010128863289625747
62.20360571349987,-70.46099994021843,-48.23190486788421,-34.91661531222496,0.010127693454821425
62.23266858112666,-70.43716635006292,-48.2485364719858,-34.8997522377938,0.010126066475194635
62.261739805234626,-70.413321011356,-48.26516584037692,-34.88288686522971,0.010124630969707926
62.29081938662247,-70.38946392198754,-48.28179296702459,-34.86601894159215,0.010123308819242699
62.3199073261097,-70.36559507979605,-48.298417845852725,-34.84914853144754,0.010121796845792263
62.349003624486016,-70.34171448268617,-48.315040470822304,-34.832275662437056,0.010120442613385131
62.378108282551985,-70.31782212853413,-48.33166083586675,-34.815400345516764,0.010118918589445485
62.407221301091084,-70.29391801525274,-48.348278934936396,-34.798522497222194,0.01011766553953226
62.43634268091794,-70.27000214067918,-48.364894761921576,-34.78164211252532,0.010116148570971997
62.46547242281137,-70.24607450273096,-48.3815083107597,-34.764759260414834,0.010114813900235867
62.49461052757128,-70.2221350992731,-48.39811957534376,-34.747873789413255,0.010113479478613078
62.5237569959936,-70.19818392817704,-48.414728549563165,-34.73098586114039,0.010111952227115526
62.55291182884563,-70.17422098737771,-48.431335227342814,-34.71409538273052,0.010110730101578246
62.582075026936174,-70.15024627471009,-48.4479396025305,-34.69720225267007,0.010109325372106825
62.6112465910485,-70.1262597880659,-48.464541669005115,-34.68030661429693,0.010107932692611307
62.64042652195708,-70.10226152535385,-48.48114142064885,-34.66340842261715,0.010106582854990052
62.66961482044716,-70.07825148445491,-48.497738851316775,-34.64650757530519,0.010105313576103113
62.698811487311076,-70.05422966322999,-48.514333954841625,-34.629604139674484,0.01010388421350338
62.72801652331607,-70.03019605959585,-48.53092672508683,-34.61269812182585,0.010102608658409512
62.75722992924861,-70.00615067142098,-48.547517155873855,-34.59578941374858,0.010101309361920618
62.78645170588783,-69.98209349658839,-48.564105241026354,-34.578878148546266,0.010099875745584328
62.815681853993695,-69.95802453302224,-48.580690974387956,-34.561964207912126,0.010098718770983643
62.84492037436017,-69.93394377856482,-48.597274349737454,-34.54504759184231,0.010097286094197125
62.874167267746905,-69.9098512311351,-48.61385536089845,-34.52812831688692,0.010096110325065813
62.90342253493608,-69.8857468885967,-48.63043400164797,-34.51120639280945,0.01009466695195281
62.93268617667901,-69.86163074888194,-48.647010265802386,-34.49428178599391,0.010093532261614222
62.96195819376339,-69.8375028098357,-48.66358414710909,-34.47735442848978,0.010092170850821149
62.991238586947865,-69.81336306936734,-48.680155639352044,-34.460424405294184,0.01009093573622224
63.02052735700059,-69.78921152536117,-48.69672473628939,-34.44349164072059,0.010089665485179767
63.04982450468191,-69.76504817571669,-48.71329143168164,-34.4265562192218,0.01008833065682926
63.07913003074494,-69.74087301834719,-48.72985571929056,-34.409618005414934,0.010087222634893164
63.10844393596973,-69.71668605110044,-48.746417592823846,-34.39267704239233,0.010085837352398173
63.13776622110098,-69.69248727190337,-48.762977046036134,-34.375733316859794,0.01008474606914179
63.16709688691336,-69.66827667861068,-48.779534072623456,-34.35878681900674,0.010083373344714652
63.196435934142514,-69.64405426916437,-48.796088666334256,-34.341837634122086,0.01008218148970183
63.2257833635493,-69.61982004144521,-48.81264082086597,-34.32488553731366,0.010081077199993892
63.255139175904645,-69.59557399330751,-48.829190529889004,-34.30793068872421,0.010079695703254274
63.28450337193538,-69.57131612270545,-48.84573778713561,-34.290973096771765,0.010078582326896146
63.31387595240471,-69.54704642750549,-48.86228258626791,-34.27401258116582,0.01007741598924698
63.343256918069265,-69.52276490558657,-48.878824920948446,-34.25704928257541,0.010076136270603294
63.372646269661516,-69.49847155488102,-48.895364784868995,-34.240083192598405,0.010074980806019733
63.402044007931934,-69.47416637327638,-48.91190217168135,-34.223114193864006,0.010073841327169594
63.431450133633554,-69.44984935865135,-48.928437075022636,-34.20614233698158,0.010072626579876065
63.46086464750145,-69.42552050892364,-48.944969488549134,-34.18916767127571,0.010071429406026658
63.49028755027506,-69.40117982199796,-48.96149940589954,-34.17219005531074,0.010070383323476408
63.51971884271004,-69.37682729573845,-48.9780268206754,-34.15520957877322,0.01006908053982306
63.549158525527744,-69.35246292808611,-48.994551726524115,-34.13822619879749,0.01006808612832495
63.578606599480786,-69.32808671690668,-49.011074117031534,-34.12123994041516,0.01006675446768665
63.60806306528257,-69.30369866015394,-49.027593985837214,-34.10425076356241,0.010065808370373196
63.63752792369317,-69.27929875567068,-49.04411132649376,-34.087258581681525,0.010064580031556294
63.66700117543571,-69.25488700138273,-49.06062613260414,-34.07026352618469,0.01006347904095025
63.69648282123965,-69.23046339519813,-49.07713839775005,-34.05326552587013,0.01006233583417637
63.72597286183126,-69.20602793503008,-49.0936481155087,-34.036264581968595,0.010061234168758681
63.75547129794905,-69.18158061876001,-49.11015527942581,-34.019260513859074,0.010060305471371125
63.784978130335396,-69.15712144425842,-49.12665988303137,-34.002253689443805,0.010058769226827734
63.814493359657256,-69.13265040956708,-49.14316191996797,-33.985243821523014,0.0100581811380329
63.84401698670979,-69.10816751242845,-49.15966138365733,-33.96823076559353,0.010056816410090338
63.873549012181556,-69.08367275082922,-49.1761582676862,-33.95121495102226,0.010055721455159958
63.903089436784924,-69.05916612269802,-49.192652565591416,-33.934195980821066,0.010054826743769953
63.932638261268735,-69.03464762587654,-49.20914427083953,-33.91717397563655,0.010053589888250758
63.962195486327516,-69.01011725832934,-49.22563337697584,-33.90014902111632,0.010052594767619459
63.9917611126871,-68.9855750179461,-49.242119877484015,-33.88312090669003,0.010051607296253396
64.02133514107393,-68.96102090261209,-49.25860376583566,-33.8660897900344,0.01005042670048274
64.05091757218163,-68.93645491028622,-49.27508503554665,-33.8490556448334,0.010049471041748997
64.08050840673559,-68.91187703885095,-49.291563680069515,-33.832018331668124,0.01004845563081885
64.11010764545193,-68.88728728620772,-49.30803969286181,-33.814977981065276,0.010047346674156186
64.13971528902756,-68.86268565029978,-49.32451306740239,-33.79793454808856,0.010046384974775549
64.16933133818117,-68.83807212901722,-49.340983797123364,-33.78088793669311,0.010045389908028165
64.19895579362358,-68.81344672026597,-49.35745187545976,-33.76383825822775,0.010044297634272987
64.22858865604618,-68.78880942199413,-49.373917295868026,-33.74678548210807,0.010043339310646382
64.25822992616153,-68.76416023209818,-49.39038005175896,-33.729729486190585,0.010042391557685052
64.28787960468173,-68.73949914847329,-49.40684013653387,-33.7126703673868,0.010041319738670656
64.3175376922955,-68.71482616906597,-49.42329754362224,-33.69560812570807,0.010040372651184688
64.34720418970622,-68.69014129178639,-49.43975226641882,-33.678542695169476,0.010039379140581265
64.37687909761343,-68.66544451455083,-49.456204298313956,-33.66147406795895,0.010038441869164933
64.40656241671836,-68.64073583526925,-49.47265363268485,-33.64440227057418,0.010037417817962366
64.43625414771009,-68.61601525187726,-49.48910026291857,-33.627327265293644,0.010036525538650216
64.46595429129083,-68.59128276227737,-49.505544182369476,-33.610249057095196,0.010035496247828918
64.49566284814684,-68.56653836440664,-49.52198538440829,-33.593167603949745,0.010034653976077664
64.52537981898129,-68.5417820561603,-49.53842386236666,-33.57608295085128,0.01003357241851868
64.55510520446566,-68.51701383550459,-49.554859609619044,-33.55899508548265,0.010032745246691392
64.58483900530389,-68.49223370032794,-49.57129261947466,-33.5419038970695,0.010031794340219636
64.61458122218194,-68.4674416485582,-49.58772288526275,-33.52480951473861,0.01003081616380676
64.6443318557767,-68.44263767814134,-49.60415040031675,-33.50771184790884,0.010029972171726569
64.674090906785,-68.417821786975,-49.62057515792638,-33.490610857705946,0.010029040154751324
64.70385837588752,-68.39299397299169,-49.63699715139794,-33.47350663096083,0.010028094886939707
64.73363426375617,-68.36815423414154,-49.65341637404162,-33.45639913983973,0.010027196108545822
64.76341857107471,-68.34330256834515,-49.66983281913762,-33.43928825981687,0.010026397364599596
64.79321129853959,-68.31843897349111,-49.68624647993377,-33.42217403550019,0.010025446812002774
64.82301244681518,-68.29356344753982,-49.70265734972153,-33.40505660846248,0.010024482783063999
64.85282201656368,-68.26867598845423,-49.71906542178541,-33.38793579547277,0.010023747427666395
64.88264000848419,-68.24377659410968,-49.73547068933719,-33.37081154891388,0.010022839631891153
64.91246642324342,-68.218865262454,-49.75187314563283,-33.353684071767404,0.010021867202073936
64.94230126149839,-68.19394199145478,-49.76827278393371,-33.33655314595981,0.010021215171363214
64.9721445239479,-68.16900677898103,-49.784669597420475,-33.31941884349667,0.010020158966914182
65.00199621123343,-68.14405962303158,-49.8010635793598,-33.30228123337692,0.010019426786948116
65.03185632403783,-68.11910052150736,-49.817454722937825,-33.2851401103535,0.010018611068035805
65.06172486303434,-68.09412947232936,-49.833843021346624,-33.26799563597962,0.010017690506665304
65.0916018288702,-68.06914647347585,-49.850228467811164,-33.250847815549584,0.010016869147490752
65.12148722221191,-68.04415152287869,-49.86661105551379,-33.23369646879125,0.010016159682338042
65.15138104374049,-68.01914461843374,-49.88299077760128,-33.21654169027635,0.010015228299747115
65.18128329409902,-67.99412575812208,-49.89936762727421,-33.19938353996062,0.010014449339212857
65.21119397395033,-67.96909493987695,-49.91574159768908,-33.18222186320463,0.010013698945153172
65.24111308396176,-67.94405216161898,-49.93211268198421,-33.16505674380937,0.010012822629277203
65.27104062477703,-67.91899742132078,-49.948480873327156,-33.14788819330792,0.01001205926903898
65.30097659705727,-67.89393071691272,-49.964846164845554,-33.13071607621722,0.01001134141338519
65.33092100146729,-67.8688520463144,-49.98120854965009,-33.113540498190176,0.01001045528175032
65.36087383864124,-67.84376140751374,-49.997568020892885,-33.09636148553504,0.01000970724614678
65.39083510923565,-67.81865879844483,-50.01392457167736,-33.07917885315893,0.01000903723947385
65.42080481391714,-67.79354421701655,-50.03027819507946,-33.06199271653049,0.010008155066957649
65.45078295331587,-67.76841766121916,-50.046628884226095,-33.044803102873445,0.010007453813670837
65.48076952808384,-67.74327912899051,-50.06297663219652,-33.02760990981742,0.010006691263372284
65.51076453886783,-67.71812861827847,-50.07932143206852,-33.01041316605202,0.010005957014448126
65.54076798631436,-67.69296612702917,-50.09566327690947,-32.99321284348246,0.01000522756067835
65.57077987106784,-67.66779165319127,-50.112002159779514,-32.97600895895647,0.010004474109616501
65.60080019376299,-67.64260519473372,-50.12833807374497,-32.95880155453243,0.01000369616220296
65.63082895503695,-67.61740674961763,-50.144671011857255,-32.94159045737324,0.010003144059940296
65.66086615555298,-67.59219631574209,-50.161000967112784,-32.924375779029084,0.010002236784211426
65.69091179592039,-67.56697389112779,-50.177327932589066,-32.90715757214702,0.010001623931493878
65.72096587678799,-67.54173947370263,-50.19365190128573,-32.88993563548625,0.010000950810787274
65.75102839879872,-67.51649306140594,-50.209972866201795,-32.872710106680096,0.010000178441740377
65.78109936257147,-67.49123465223005,-50.2262908203666,-32.85548099492629,0.009999495044178328
65.81117876874077,-67.46596424412927,-50.242605756772186,-32.83824815444159,0.009998892249051908
65.8412666179518,-67.44068183503147,-50.25891766838171,-32.82101165700461,0.009998125870191945
65.87136291081785,-67.41538742293554,-50.27522654820222,-32.80377158701979,0.009997425541035932
65.90146764796538,-67.390081005808,-50.291532389207475,-32.786527721400304,0.009996918238956539
65.93158083004579,-67.36476258155626,-50.30783518431805,-32.76928018572885,0.00999607258175085
65.96170245765659,-67.33943214820911,-50.32413492653592,-32.752029044133266,0.009995491326958247
65.99183253143121,-67.3140897037109,-50.3404316087909,-32.73477408905743,0.009994886509339653
66.02197105200277,-67.2887352460049,-50.35672522400289,-32.71751544421916,0.00999416220881694
66.05211801998016,-67.2633687730877,-50.373015765122524,-32.70025309914321,0.009993569861366482
66.08227343598834,-67.23799028291694,-50.38930322506196,-32.68298699511542,0.009992913849249866
66.11243730064484,-67.21259977346544,-50.40558759673573,-32.66571714674759,0.009992304882648543
66.14260961456853,-67.18719724270098,-50.42186887304533,-32.64844355023574,0.009991653569921584
66.17279037837093,-67.16178268860597,-50.438147046894024,-32.63116619746189,0.00999105429319577
66.20297959267232,-67.13635610914089,-50.454422111159374,-32.61388500342414,0.009990501554355217
66.23317725809167,-67.11091750226738,-50.47069405871074,-32.59660010575944,0.009989743413201174
66.26338337521914,-67.08546686601092,-50.48696288245615,-32.57931140028602,0.009989311411362592
66.29359794469018,-67.06000419829127,-50.503228575214806,-32.56201881342922,0.009988638515988147
66.32382096710482,-67.0345294971076,-50.51949112985664,-32.54472249612748,0.00998803240661928
66.35405244306448,-67.0090427604537,-50.53575053923808,-32.527422339493604,0.009987485554976116
66.38429237318219,-66.98354398629492,-50.55200679618499,-32.510118329380916,0.009986896015146084
66.41454075806253,-66.95803317261421,-50.56825989352726,-32.492810486911765,0.009986325024392747
66.44479759831037,-66.93251031739167,-50.5845098240832,-32.47549876675753,0.009985788028336738
66.47506289453109,-66.90697541860452,-50.60075658065975,-32.45818321776606,0.009985160918428026
66.50533664731567,-66.88142847426099,-50.61700015607806,-32.44086380539113,0.00998466401575817
66.53561885727382,-66.85586948232458,-50.63324054311605,-32.42354045429402,0.009984123975169368
66.56590952500478,-66.83029844078092,-50.64947773455917,-32.406213276541294,0.009983498112368686
66.59620865109395,-66.8047153476453,-50.66571172320587,-32.38888217142571,0.009983074358293414
66.62651623615399,-66.77912020086892,-50.68194250179679,-32.37154712673717,0.00998246274078669
66.65683228076773,-66.75351299846935,-50.698170063113565,-32.35420823443325,0.009981933298514226
66.68715678552618,-66.72789373844351,-50.71439439991277,-32.33686537042133,0.00998146477177035
66.7174897510342,-66.70226241875507,-50.730615504916415,-32.31951850625036,0.009980968229136532
66.74783117788199,-66.67661903739919,-50.74683337086103,-32.30216779493484,0.009980323815255147
66.77818106663835,-66.65096359241814,-50.76304799050959,-32.28481310337516,0.009979980617747877
66.80853941791618,-66.62529608175188,-50.77925935653795,-32.26745436985741,0.009979407311308452
66.83890623228986,-66.59961650342619,-50.79546746167765,-32.25009179012871,0.009978839236175346
66.86928151033462,-66.57392485546332,-50.811672298648396,-32.23272511802854,0.009978549069948266
66.89966525266414,-66.54822113579613,-50.8278738600922,-32.21535444984574,0.009977870447698075
66.93005745983177,-66.52250534249322,-50.844072138745275,-32.19797988173503,0.009977470020524654
66.96045813242999,-66.4967774735322,-50.86026712726484,-32.18060115728681,0.009977086024301612
66.99086727105166,-66.47103752688814,-50.87645881829674,-32.16321850787851,0.009976420047184768
67.02128487624684,-66.44528550063191,-50.89264720455073,-32.145831813177345,0.00997617436584286
67.05171094862371,-66.41952139270023,-50.90883227862432,-32.128440993417534,0.009975600009507977
67.08214548874307,-66.39374520113616,-50.92501403318707,-32.11104622816689,0.009975148463142847
67.1125884971723,-66.3679569239659,-50.9411924608861,-32.093647402021084,0.009974706630780048
67.14303997449181,-66.34215655918443,-50.95736755433509,-32.07624440170143,0.009974385052656284
67.17349992129253,-66.31634410476101,-50.97353930611843,-32.0588373416941,0.00997381205859892
67.2039683381202,-66.29051955876635,-50.98970770888909,-32.04142630891025,0.00997339104933758
67.23444522554466,-66.2646829192142,-51.00587275524644,-32.02401106286787,0.009973093670142987
67.26493058415403,-66.23883418407561,-51.022034437747884,-32.00659173994062,0.009972516523606527
67.2954244144955,-66.21297335141261,-51.03819274901084,-31.989168282380426,0.009972285377164488
67.32592671715568,-66.18710041919641,-51.05434768157366,-31.971740711371098,0.009971684053562468
67.35643749267402,-66.16121538550352,-51.07049922804601,-31.95430902246212,0.009971458108472296
67.386956741635,-66.13531824830659,-51.086647380948,-31.936873146534076,0.009970935918078905
67.4174844645865,-66.10940900565987,-51.10279213285308,-31.91943314147191,0.009970643842553301
67.44802066209907,-66.08348765556448,-51.11893347628413,-31.901988960121948,0.009970175633893777
67.47856533472056,-66.0575541960717,-51.13507140379326,-31.884540638997272,0.009969841895265955
67.50911848301733,-66.0316086251889,-51.15120590788883,-31.867088045385326,0.009969525384302388
67.53968010755214,-66.00565094093035,-51.167336981075096,-31.849631351914326,0.009968994468348301
67.57025020885713,-65.9796811413782,-51.18346461589915,-31.83217042476601,0.009968830881244027
67.60082878751543,-65.95369922449729,-51.199588804807576,-31.814705221560114,0.009968348348655181
67.63141584406179,-65.92770518836073,-51.21570954032126,-31.797235910339616,0.00996799299702502
67.6620113790456,-65.90169903100707,-51.231826814924666,-31.77976227784925,0.009967753874710685
67.69261539303392,-65.87568075043302,-51.24794062106,-31.762284424062873,0.009967284454101853
67.72322788655623,-65.84965034471924,-51.26405095122514,-31.744802367839522,0.00996702387512524
67.75384886017153,-65.82360781187782,-51.28015779785483,-31.727315961007406,0.009966723404245877
67.78447831442992,-65.79755314993972,-51.29626115338893,-31.70982537050116,0.009966272532392604
67.81511624985644,-65.7714863569911,-51.31236101030055,-31.692330495514476,0.009966086987100236
67.84576266701652,-65.7454074310252,-51.32845736098057,-31.67483124459257,0.009965740267741026
67.87641756644913,-65.71931637009372,-51.34455019785583,-31.657327778939788,0.009965371103879283
67.90708094868147,-65.69321317227377,-51.36063951336329,-31.639820029422513,0.009965103138322034
67.93775281426187,-65.66709783559284,-51.37672529989127,-31.62230787341326,0.009964873528598848
67.96843316374051,-65.64097035807319,-51.39280754981446,-31.604791429319917,0.009964470762209287
67.99912199763517,-65.61483073780886,-51.40888625555375,-31.587270714354343,0.00996422158851176
68.02981931648779,-65.58867897283783,-51.424961409476474,-31.56974556958558,0.009963999554452761
68.06052512084483,-65.56251506118642,-51.44103300393097,-31.552216085898905,0.009963646967571094
68.09123941122513,-65.53633900094212,-51.457101031303765,-31.534682312793773,0.0099633686584823
68.12196218816302,-65.51015079015605,-51.47316548394305,-31.517144050590066,0.009963242946077628
68.15269345220828,-65.48395042684304,-51.489226354158745,-31.499601487896655,0.009962750269316019
68.1834332038543,-65.4577379091441,-51.50528363435006,-31.482054593277816,0.009962660275517345
68.2141814436571,-65.43151323505721,-51.521337316793854,-31.464503114654534,0.009962453729853092
68.24493817215185,-65.40527640262623,-51.53738739379331,-31.44694736738237,0.009962005648019138
68.27570338982966,-65.3790274099934,-51.5534338577192,-31.4293872282944,0.009961938892315676
68.30647709724133,-65.35276625516455,-51.569476700824914,-31.411822544094317,0.009961664621831337
68.33725929490939,-65.32649293620825,-51.58551591540344,-31.39425348277923,0.00996140720951891
68.36804998334522,-65.30020745121706,-51.60155149375691,-31.37668002821072,0.009961151197185675
68.39884916306866,-65.27390979826296,-51.617583428161176,-31.359102022654564,0.009961072501461348
68.42965683461955,-65.24759997537166,-51.63361171084573,-31.341519590264777,0.009960675651939418
68.46047299848955,-65.22127798067635,-51.64963633411503,-31.32393272364202,0.009960605282038165
68.4912976552116,-65.1949438122157,-51.665657290188804,-31.306341337192855,0.009960305273636179
68.5221308052923,-65.16859746808684,-51.68167457132338,-31.28874546392162,0.009960197415818047
68.55297244926031,-65.1422389463356,-51.69768816972405,-31.271145027408227,0.009959983782927681
68.5838225876215,-65.11586824505835,-51.71369807762668,-31.25354021815449,0.009959660224784948
68.61468122086823,-65.08948536238051,-51.72970428727995,-31.235930805048735,0.00995970799810523
68.64554834954575,-65.06309029630712,-51.74570679082707,-31.218316834539795,0.009959331712551452
68.67642397413643,-65.03668304498379,-51.76170558051287,-31.200698409239248,0.009959263347462161
68.70730809516148,-65.01026360646743,-51.77770064850179,-31.183075341357462,0.009959099218354014
68.73820071313088,-64.983831978839,-51.79369198696722,-31.16544777019156,0.009958873256008607
68.76910182853717,-64.95738816021785,-51.80967958810322,-31.147815665066943,0.009958743674672595
68.80001144188951,-64.9309321486846,-51.82566344406302,-31.130178930313313,0.009958625621289461
68.83092955369756,-64.90446394231752,-51.841643546987726,-31.112537626667454,0.009958427275842906
68.86185616445691,-64.87798353922572,-51.857619889033266,-31.09489171946928,0.009958348197744422
68.89279127467468,-64.85149093749104,-51.87359246232353,-31.077241232866054,0.009958122430943371
68.92373488483615,-64.8249861352434,-51.88956125901079,-31.059586164963985,0.009958045344274871
68.95468699545133,-64.7984691305561,-51.90552627119203,-31.041926364605608,0.009957989885227468
68.98564760702449,-64.77193992151402,-51.921487490963266,-31.02426205939189,0.009957655937800814
69.0166167200215,-64.7453985062879,-51.937444910479485,-31.00659306295446,0.009957810456610941
69.04759433497644,-64.71884488289326,-51.95339852176071,-30.988919351431466,0.009957503152660767
69.07858045235307,-64.69227904950354,-51.96934831694396,-30.97124114625154,0.009957408012662514
69.1095750726432,-64.66570100422733,-51.98529428810364,-30.953558128535004,0.009957459740389899
69.14057819636311,-64.63911074511775,-52.00123642725988,-30.93587047087024,0.009957169974324309
69.1715898239752,-64.6125082703476,-52.017174726518434,-30.918178151790045,0.009957245699151296
69.2026099559869,-64.5858935779878,-52.033109177893266,-30.900481124465728,0.009957008420519171
69.23363859286583,-64.55926666619764,-52.04903977345915,-30.8827794294525,0.009957038309849117
69.26467573511174,-64.5326275330631,-52.06496650522161,-30.865072972492232,0.009956906833744892
69.29572138320587,-64.50597617671102,-52.08088936520902,-30.847361794965614,0.009956889943051649
69.32677553763695,-64.47931259525018,-52.0968083454248,-30.829645898865305,0.009956755995001416
69.35783819887348,-64.45263678683409,-52.1127234378984,-30.811925333671134,0.009956683283701953
69.38890936739747,-64.42594874958489,-52.12863463462372,-30.794199910050832,0.009956761843469069
69.41998904370935,-64.39924848158229,-52.14454192754994,-30.77646976349649,0.00995653663259278
69.45107722826059,-64.37253598101529,-52.16044530870458,-30.758734908638864,0.009956598555769018
69.48217392154275,-64.34581124598171,-52.17634477003098,-30.74099519335397,0.009956543881330156
69.51327912403391,-64.31907427460905,-52.19224030348644,-30.72325072194859,0.009956488440226797
69.5443928362014,-64.2923250650477,-52.208131901036225,-30.70550150041112,0.009956426808550111
69.575515058513,-64.2655636154464,-52.22401955463421,-30.687747462253277,0.009956445705283385
69.60664579145138,-64.23878992391946,-52.239903256195916,-30.669988547742243,0.009956450766025377
69.63778503549129,-64.21200398859824,-52.25578299764043,-30.652224866445497,0.009956346522657504
69.66893279108776,-64.18520580765745,-52.27165877091173,-30.634456363300522,0.009956413054013166
69.70008905872024,-64.15839537921603,-52.28753056789804,-30.616682985905676,0.009956367234180067
69.73125383885046,-64.13157270143222,-52.30339838050945,-30.598904809910678,0.00995634872658215
69.76242713194382,-64.10473777245484,-52.31926220063777,-30.581121704565923,0.009956449052706753
69.79360893847802,-64.07789059040445,-52.335122020141455,-30.563333784719752,0.009956301627903341
69.82479925889305,-64.0510311534854,-52.350977830937005,-30.54554101291513,0.009956443618852083
69.85599809367031,-64.02415945980835,-52.36682962485394,-30.527743277776388,0.009956420501589975
69.88720544326655,-63.99727550753864,-52.382677393756296,-30.50994072213797,0.009956402370571346
69.9184213081341,-63.97037929485045,-52.39852112950457,-30.49213322943426,0.009956509334730116
69.94964568874317,-63.943470819877376,-52.41436082391588,-30.47432083012345,0.00995645680527068
69.98087858553824,-63.916550080809905,-52.430196468843434,-30.456503548296396,0.009956536531910512
70.01211999898388,-63.88961707579259,-52.44602805609232,-30.43868124934586,0.009956634090556221
70.04336992954205,-63.862671802975285,-52.461855577461485,-30.420854095288014,0.009956532452083172
70.07462837764295,-63.83571426057828,-52.477679024797325,-30.4030219981701,0.009956727956394457
70.10589534376321,-63.808744446717085,-52.49349838984961,-30.38518483765671,0.009956760306289938
70.13717082834985,-63.78176235957291,-52.50931366441167,-30.367342840969602,0.009956701799499
70.16845483183302,-63.75476799736402,-52.5251248402968,-30.349495825192218,0.00995693798757388
70.19974735468796,-63.72776135820706,-52.54093190922411,-30.331643782263313,0.009956888073788995
70.23104839734737,-63.70074244031324,-52.55673486298008,-30.313786798852465,0.00995702723224617
70.26235796026336,-63.673711241849716,-52.572533693304386,-30.295924792984767,0.009957068374944804
70.29367604387721,-63.64666776100716,-52.58832839194548,-30.278057787190594,0.009957182042767068
70.32500264863567,-63.61961199596349,-52.60411895063079,-30.260185763787334,0.00995724252062262
70.3563377749785,-63.59254394491165,-52.619905361089664,-30.242308705337965,0.009957375238668022
70.38768142335324,-63.56546360602641,-52.63568761502566,-30.22442659629093,0.00995745264651485
70.4190335941963,-63.53837097750703,-52.65146570415216,-30.206539476728615,0.009957540346537553
70.45039428794412,-63.511266057552035,-52.66723962017126,-30.18864727930019,0.009957692353510081
70.48176350504065,-63.48414884434258,-52.68300935476009,-30.170750030411867,0.009957750257571906
70.51314124591461,-63.45701933609324,-52.698774899612786,-30.1528477169972,0.00995791641430965
70.54452751101115,-63.42987753098147,-52.71453624638218,-30.134940258569554,0.009958063428292694
70.57592230076627,-63.40272342720458,-52.73029338672684,-30.11702779291655,0.009958075937990972
70.60732561559352,-63.3755570230094,-52.746046312335885,-30.099110230763525,0.009958321836895608
70.63873745594476,-63.34837831655677,-52.76179501481619,-30.081187465384165,0.009958452520157658
70.67015782225192,-63.32118730605159,-52.77753948580075,-30.06325965089681,0.00995852672241714
70.70158671492975,-63.29398398973644,-52.79327971694302,-30.045326741225207,0.009958708206465175
70.7330241344132,-63.26676836580845,-52.80901569984811,-30.027388632131114,0.009958897735542663
70.76447008113833,-63.23954043246172,-52.824747426107656,-30.00944538014724,0.009959015987966469
70.79592455552073,-63.21230018793578,-52.8404748873408,-29.991497064711382,0.00995911693104218
70.82738755797772,-63.18504763046548,-52.856198075151674,-29.97354350109218,0.009959439750343609
70.8588590889586,-63.157782758214175,-52.871916981074186,-29.955584756313844,0.00995946583968488
70.89033914886303,-63.13050556945544,-52.88763159672354,-29.937620923859452,0.009959684558477485
70.9218277381149,-63.103216062408336,-52.90334191365855,-29.919651851910043,0.009959878545594596
70.95332485714265,-63.07591423528134,-52.91904792341836,-29.901677535686005,0.009960102066834144
70.98483050636959,-63.04860008629409,-52.93474961754075,-29.883698067373654,0.009960193422713282
71.01634468619672,-63.021273613715515,-52.95044698759402,-29.865713404446065,0.009960463624913632
71.04786739705308,-62.99393481575164,-52.9661400250828,-29.84772345015691,0.009960661645600364
71.0793986393521,-62.966583690643,-52.981828721529965,-29.8297283609326,0.009960758161924849
71.11093841349249,-62.93922023666238,-52.99751306847452,-29.81172797064678,0.00996113963132608
71.1424867199152,-62.911844451988216,-53.0131930573653,-29.793722288225982,0.00996122573391807
71.17404355901412,-62.884456334903476,-53.02886867972833,-29.77571142916055,0.009961478952234419
71.20560893120155,-62.857055883649885,-53.04453992704405,-29.75769526271988,0.009961709179671494
71.23718283688895,-62.82964309647059,-53.06020679078315,-29.739673846004486,0.009961898749492434
71.26876527647985,-62.802217971625986,-53.07586926241988,-29.721647121737423,0.009962191800982782
71.30035625039262,-62.7747805073434,-53.09152733338979,-29.703615072386885,0.009962400218072237
71.33195575902806,-62.74733070188882,-53.10718099515012,-29.68557777918669,0.009962603010504337
71.36356380278279,-62.719868553537275,-53.12283023915482,-29.66753516962027,0.009962891039729325
71.3951803820662,-62.692394060535186,-53.138475056822735,-29.649487237512936,0.009963100126393608
71.42680549727838,-62.66490722114932,-53.154115439578895,-29.631433940309556,0.009963434605847215
71.4584391488327,-62.6374080336168,-53.1697513788123,-29.61337530796163,0.009963610088449686
71.49008133711527,-62.60989649623509,-53.185382865952185,-29.595311384681697,0.009963895275799741
71.52173206252668,-62.58237260726918,-53.20100989238912,-29.577242065354366,0.009964186186095653
71.55339132547009,-62.554836364978165,-53.21663244949768,-29.559167384258537,0.009964433014072007
71.58505912633746,-62.52728776764584,-53.232250528662426,-29.54108735077041,0.0099647130525678
71.61673546552343,-62.49972681354994,-53.247864121251865,-29.523001933819916,0.009964993586793395
71.64842034342436,-62.47215350096416,-53.26347321861986,-29.504911095569383,0.009965314758812271
71.68011376043921,-62.444567828156266,-53.279077812104234,-29.48681486639638,0.009965561260596187
71.71181571695082,-62.4169697934296,-53.29467789306203,-29.468713276224744,0.009965848937381776
71.74352621334809,-62.38935939507406,-53.31027345282784,-29.450606238182125,0.009966190535175994
71.77524525002744,-62.36173663136249,-53.325864482710465,-29.4324937801163,0.00996644697776524
71.80697282737304,-62.334101500595004,-53.34145097403101,-29.414375860531205,0.009966833666036807
71.8387089457827,-62.3064540010414,-53.35703291807357,-29.396252512508717,0.009967053125863065
71.87045360562631,-62.27879413103321,-53.372610306163885,-29.378123769911433,0.009967402020125896
71.90220680729266,-62.25112188885982,-53.388183129580376,-29.35998950914041,0.009967756803653553
71.93396855117358,-62.22343727280411,-53.40375137958496,-29.341849779731024,0.009968050633309798
71.96573883764725,-62.19574028117891,-53.41931504745384,-29.323704578445206,0.009968408388549295
71.99751766709491,-62.168030912290426,-53.434874124446566,-29.305553939032272,0.009968664557722948
72.02930503988736,-62.1403091644677,-53.4504286018309,-29.287397752237062,0.009969141726458661
72.06110095642363,-62.11257503597748,-53.46597847081006,-29.26923607086537,0.009969339279409578
72.0929054170605,-62.08482852517989,-53.48152372265626,-29.251068915547258,0.009969793219669775
72.12471842218937,-62.05706963035859,-53.49706434856481,-29.232896178239884,0.009970108726632248
72.15653997218382,-62.0292983498365,-53.51260033975342,-29.214717934524128,0.009970479111215232
72.18837006741609,-62.001514681939575,-53.52813168743122,-29.196534186771007,0.009970791416568195
72.2202087082517,-61.97371862500866,-53.54365838280893,-29.178344883669297,0.009971217461272826
72.2520558950726,-61.945910177348345,-53.55918041705476,-29.160149998606435,0.0099715583003173
72.2839116282459,-61.91808933729613,-53.57469778135409,-29.141949580622803,0.009971929966637793
72.31577590814199,-61.89025610318227,-53.59021046687461,-29.12374354498466,0.00997236301561358
72.3476487351356,-61.86241047332746,-53.60571846476455,-29.105531982149348,0.009972634948450033
72.37953010957754,-61.83455244610541,-53.6212217662066,-29.08731481929787,0.009973147128700385
72.4114200318542,-61.80668201981141,-53.636720362304374,-29.069092000222444,0.009973479924408167
72.44331850232174,-61.778799192807426,-53.6522142442077,-29.05086365653959,0.009973847400676675
72.47522552133701,-61.750903963454135,-53.66770340305406,-29.03262966872668,0.009974310356971173
72.507141089274,-61.72299633007451,-53.68318782993687,-29.01439003507294,0.009974679025763086
72.53906520648862,-61.695076291031576,-53.69866751597289,-28.99614481021768,0.009975081570343193
72.57099787334035,-61.66714384468065,-53.714142452260845,-28.97789390667405,0.009975545236107563
72.60293909019849,-61.63919898935542,-53.729612629869095,-28.9596373350343,0.009975935510732168
72.63488885741464,-61.611241723429146,-53.74507803988931,-28.941375173821058,0.009976312710298574
72.66684717533624,-61.58327204528391,-53.76053867340902,-28.923107334511695,0.009976799046485168
72.69881404433264,-61.55528995325425,-53.77599452146326,-28.904833744968027,0.00997725432562103
72.73078946476103,-61.527295445701306,-53.79144557509855,-28.886554554563663,0.00997757686871282
72.76277343695664,-61.49928852103506,-53.80689182539267,-28.868269655168653,0.009978149533339035
72.79476596129444,-61.47126917757811,-53.82233326333564,-28.849978983901718,0.009978539972764848
72.82676703811771,-61.44323741372314,-53.837769879967134,-28.831682695834175,0.009978942757706959
72.85877666776479,-61.41519322787393,-53.8532016663251,-28.81338068960791,0.009979443093600994
72.89079485059604,-61.38713661838602,-53.868628613393746,-28.79507287826028,0.009979939979078136
72.92282158696699,-61.3590675836259,-53.884050712155236,-28.77675937188676,0.009980319565361596
72.95485687721077,-61.330986122009705,-53.89946795362386,-28.758440135271083,0.009980854148030373
72.9869007216803,-61.30289223191033,-53.914880328764355,-28.740115153803238,0.009981248941593504
73.01895312071024,-61.27478591174115,-53.93028782856549,-28.72178441366922,0.009981797863840538
73.05101407465882,-61.24666715986379,-53.94569044395875,-28.703447819485103,0.009982295780659655
73.08308358386867,-61.21853597467493,-53.96108816589515,-28.685105565881557,0.009982632082131196
73.11516164865672,-61.19039235462778,-53.976480985363594,-28.6667574955423,0.009983300544537468
73.14724826939259,-61.16223629806028,-53.99186889324006,-28.64840355934133,0.009983689523654506
73.1793434464027,-61.134067803405614,-54.00725188047271,-28.630043887758912,0.009984215309427258
73.21144718002324,-61.10588686907587,-54.02262993797949,-28.611678416146344,0.009984673884703405
73.24355947058785,-61.0776934934892,-54.03800305667203,-28.593307082111924,0.00998526675921241
73.27568031844628,-61.049487675028686,-54.05337122741927,-28.57492991530144,0.009985692340021153
73.30780972391977,-61.02126941214058,-54.06873444113444,-28.556546959010202,0.009986237434581364
73.33994768734497,-60.993038703237545,-54.08409268868914,-28.53815811890068,0.009986764753859519
73.37209420905846,-60.964795546733,-54.0994459609441,-28.519763418314618,0.009987283722354606
73.40424928938879,-60.93653994105838,-54.114794248764255,-28.501362895010487,0.009987769291262468
73.43641292865851,-60.908271884658824,-54.13013754301498,-28.482956497514873,0.009988343387821697
73.46858512720658,-60.879991375943796,-54.14547583451812,-28.464544155667454,0.009988904305880602
73.50076588536356,-60.85169841334183,-54.16080911410086,-28.446125999943714,0.009989336066202142
73.53295520343929,-60.82339299532737,-54.17613737261924,-28.42770192487871,0.009990010631848107
73.56515308177904,-60.795075120297504,-54.191460600848785,-28.409271919586114,0.009990453391799518
73.59735952069391,-60.766744786725084,-54.20677878962071,-28.390836032249958,0.009991074946758832
73.62957452051407,-60.738401993041485,-54.22209192971741,-28.372394220893707,0.009991562419984945
73.66179808155194,-60.71004673771755,-54.237400011944636,-28.353946500551334,0.009992166906150178
73.69403020413813,-60.68167901918479,-54.2527030270612,-28.335492763001305,0.009992770795507084
73.72627088859994,-60.65329883588273,-54.26800096582129,-28.317033124932596,0.009993248099370362
73.7585201352395,-60.624906186306454,-54.28329381901674,-28.298567564029753,0.00999387538167358
73.79077794438051,-60.596501068904324,-54.29858157738575,-28.28009602042856,0.009994416678279295
73.82304431633658,-60.56808348214759,-54.31386423167521,-28.26161850478202,0.009995031621473244
73.8553192514292,-60.53965342449085,-54.32914177260517,-28.243134985333096,0.009995606451886687
73.88760274997409,-60.5112108944017,-54.34441419089522,-28.224645461416248,0.009996221287995119
73.91989481228592,-60.48275589035111,-54.3596814772563,-28.20614998643817,0.009996737561863641
73.95219543866178,-60.454288410848875,-54.37494362242213,-28.187648540070086,0.009997373583204332
73.98450462942245,-60.4258084543536,-54.39020061706842,-28.169140974241518,0.009998049021785464
74.01682238488935,-60.3973160193233,-54.40545245185846,-28.150627461335144,0.009998497957699595
74.04914870534684,-60.3688111042977,-54.42069911751701,-28.132107913969914,0.00999926698032117
74.08148359112676,-60.34029370771346,-54.43594060466419,-28.113582273885054,0.009999777960153305
74.11382704252165,-60.311763828093675,-54.451176903985704,-28.09505065665783,0.010000421387449764
74.14617905983775,-60.28322146393246,-54.46640800612935,-28.0765129525755,0.01000104994259249
74.17853964338242,-60.25466661372209,-54.48163390172912,-28.057969185497736,0.010001666769579661
74.21090879345951,-60.22609927596324,-54.4968545814145,-28.039419320802413,0.010002331813975241
74.24328651037493,-60.1975194491529,-54.512070035799624,-28.020863412211767,0.010002889855422092
74.27567279441904,-60.16892713182272,-54.52728025551784,-28.00230139517754,0.010003623644819657
74.30806764590407,-60.14032232245755,-54.542485231148206,-27.98373330019027,0.01000414795544819
74.3404710651134,-60.11170501960585,-54.557684953315054,-27.965159089542144,0.0100049215254063
74.37288305236338,-60.08307522174497,-54.572879412566294,-27.946578739690334,0.010005470309365227
74.40530360793676,-60.05443292742639,-54.58806859950485,-27.927992309949026,0.010006179143369178
74.43773273213517,-60.025778135161254,-54.60325250468495,-27.909399720886967,0.010006812576152598
74.47017042525198,-59.997110843479604,-54.618431118665775,-27.890800993047204,0.01000749841339234
74.50261668758382,-59.96843105090512,-54.633604431988545,-27.87219611449206,0.010008143809201618
74.53507151941947,-59.939738755979576,-54.6487724351988,-27.853585098118053,0.010008814894639216
74.56753492104829,-59.91103395724436,-54.66393511882951,-27.83496792993287,0.01000947446231308
74.60000689275802,-59.882316653245255,-54.679092473405426,-27.81634458601785,0.010010170380038222
74.63248743484512,-59.85358684250979,-54.694244489422324,-27.79771498822358,0.010010913036160512
74.66497654760586,-59.82484452356697,-54.70939115736512,-27.779079265747395,0.010011469201625434
74.6974742313033,-59.796089695019255,-54.724532467773734,-27.76043739196902,0.010012239604085305
74.72998048623536,-59.76732235539377,-54.73966841110674,-27.74178923688494,0.01001293448975359
74.76249531269283,-59.73854250323424,-54.75479897782564,-27.7231348557225,0.010013644650734425
74.79501871095775,-59.70975013710458,-54.769924158398226,-27.704474312123384,0.010014270317007766
74.82755068129937,-59.680945255597344,-54.785043943306164,-27.685807531233504,0.01001505992618823
74.86009122401467,-59.65212785724572,-54.80015832296428,-27.66713444608424,0.01001575650203854
74.89264033937953,-59.62329794062987,-54.81526728781821,-27.648455220908247,0.010016369030789606
74.92519802765703,-59.59445550435869,-54.830370828327595,-27.62976968172585,0.01001725128699683
74.95776428915443,-59.56560054694621,-54.84546893485261,-27.611077819150303,0.010017872901064574
74.99033912413245,-59.536733067008605,-54.860561597834916,-27.59237979883882,0.010018576690106066
75.02292253285965,-59.50785306314596,-54.875648807688876,-27.57367545236146,0.01001937788037013
75.0555145156258,-59.47896053391355,-54.890730554775466,-27.554964782132938,0.010020078113285043
75.08811507270158,-59.45005547790887,-54.905806829481676,-27.536247833230526,0.01002083008152372
75.120724204358,-59.4211378937301,-54.920877622183085,-27.517524616706158,0.010021517553588238
75.15334191085869,-59.3922077799924,-54.93594292325836,-27.49879506795279,0.010022337743648278
75.18596819248572,-59.36326513527189,-54.951002723037526,-27.480059188411797,0.010023022707920022
75.2186030495016,-59.33430995818858,-54.96605701187893,-27.461316974299912,0.010023845992325857
75.25124648218282,-59.30534224733293,-54.98110578010086,-27.442568440241367,0.01002451435621348
75.28389849078387,-59.27636200134456,-54.99614901805473,-27.42381356722732,0.01002535702224493
75.31655907558454,-59.247369218809176,-55.01118671602941,-27.40505228857376,0.010026095690552177
75.34922823684477,-59.2183638983568,-55.02621886434233,-27.386284728621124,0.010026804510565477
75.38190597481767,-59.18934603863336,-55.04124545331311,-27.367510766893183,0.010027670957337675
75.41459228978445,-59.160315638225164,-55.05626647319351,-27.34873036917392,0.010028415318285643
75.44728718200282,-59.13127269577063,-55.07128191427107,-27.329943645543143,0.010029163235477957
75.47999065172391,-59.102217209923666,-55.086291766835124,-27.311150549531515,0.0100299562594563
75.51270269921115,-59.0731491793127,-55.101296021138715,-27.29235099238545,0.010030797914674741
75.5454233247323,-59.04406860255803,-55.116294667414664,-27.2735450513966,0.010031507462234416
75.57815252853275,-59.0149754783297,-55.13128769592952,-27.254732690280576,0.010032386852175246
75.610890310882,-58.98586980524682,-55.146275096889624,-27.23591387131272,0.010033135625699748
75.6436366720262,-58.956751581980335,-55.16125686053712,-27.217088690525728,0.010033911643896989
75.6763916122149,-58.92762080719509,-55.17623297709571,-27.19825701334107,0.010034802884694936
75.70915513171693,-58.89847747951556,-55.19120343673873,-27.17941887013904,0.010035545497639633
75.74192723077279,-58.8693215976287,-55.20616822968507,-27.160574325233952,0.010036367232467938
75.77470790963443,-58.84015316019826,-55.221127346119424,-27.14172325910236,0.010037236147141724
75.80749716856157,-58.8109721658722,-55.23608077619862,-27.122865723372886,0.010038001875716487
75.84029500779536,-58.78177861334037,-55.251028510106366,-27.104001709660878,0.010038878711220684
75.873101427588,-58.752572501269796,-55.26597053799187,-27.08513123091917,0.010039629644188173
75.90591642817432,-58.72335382836663,-55.2809068500286,-27.066254255496577,0.010040539153402918
75.9387400098141,-58.69412259328434,-55.29583743632742,-27.047370706810185,0.010041370502092922
75.97157217275382,-58.66487879470653,-55.31076228701482,-27.028480670836675,0.010042187541636851
76.00441291722933,-58.63562243134148,-55.32568139222785,-27.009584153947053,0.010043011112914838
76.03726224347962,-58.6063535018917,-55.34059474208498,-26.99068107298221,0.010043915516266171
76.07012015175701,-58.577072005032505,-55.355502326666354,-26.971771431422358,0.010044734333423011
76.10298664229653,-58.547777939478166,-55.37040413607604,-26.952855280169175,0.010045583631981138
76.13586171533778,-58.518471303934355,-55.38530016039699,-26.933932518240532,0.010046508654018406
76.1687453711285,-58.48915209709084,-55.400190389684305,-26.915003233309424,0.010047263808592112
76.20163760988844,-58.459820317699,-55.4150748140383,-26.896067385616846,0.010048230013377984
76.23453843186732,-58.43047596444733,-55.429953423487035,-26.877124938567714,0.01004902294341048
76.26744783729119,-58.40111903607669,-55.44482620809496,-26.85817590695472,0.010049972402105962
76.30036582640615,-58.37174953128638,-55.45969315787442,-26.839220241706435,0.010050816309046232
76.33329239944068,-58.34236744881518,-55.47455426286205,-26.8202580106882,0.01005169274679826
76.36622755662229,-58.312972787405435,-55.4894095130849,-26.801289182529857,0.010052568866091375
76.39917129818335,-58.28356554579083,-55.504258898549026,-26.78231368124406,0.01005352476347367
76.43212362436462,-58.2541457226882,-55.51910240923104,-26.76333156825166,0.010054334717865585
76.46508453538029,-58.224713316873505,-55.53394003515102,-26.744342859470052,0.010055272707766589
76.4980540314644,-58.19526832708129,-55.54877176627645,-26.72534744997546,0.010056192697573234
76.53103211284825,-58.16581075205382,-55.56359759256913,-26.70634541396124,0.010057051047004356
76.56401877974999,-58.136340590563314,-55.57841750400643,-26.68733671496366,0.010058008564057985
76.59701403240086,-58.10685784135539,-55.59323149052722,-26.668321346829224,0.010058872337527882
76.63001787101905,-58.077362503205315,-55.608039542085336,-26.649299289141283,0.01005985036771655
76.66303029583652,-58.04785457486042,-55.62284164859496,-26.630270539939012,0.010060715115026786
76.69605130706432,-58.01833405511497,-55.63763780000216,-26.611235156590652,0.01006163141424514
76.72908090492294,-57.988800942744184,-55.65242798622128,-26.592192998510587,0.010062643675918295
76.76211908964825,-57.95925523649215,-55.66721219712387,-26.5731441279616,0.010063493045037333
76.79516586144375,-57.92969693517441,-55.68199042263688,-26.554088610133636,0.010064435356641926
76.82822122052545,-57.9001260375811,-55.696762652649504,-26.535026332334755,0.010065402666435245
76.86128516711723,-57.8705425424872,-55.71152887702317,-26.51595730188908,0.010066336117519654
76.89435770143403,-57.84094644868868,-55.72628908562623,-26.49688153994885,0.010067279984157917
76.92743882368836,-57.811337754988706,-55.74104326832087,-26.477799044688144,0.010068214257765934
76.96052853409368,-57.78171646018989,-55.75579141495527,-26.458709744818943,0.010069232222015475
76.99362683286911,-57.7520825630847,-55.77053351535468,-26.439613751926768,0.010070047667232865
77.02673372020553,-57.72243606252788,-55.785269559391004,-26.4205109428959,0.010071194372522256
77.0598491963422,-57.69277695727219,-55.79999953682446,-26.401401325675717,0.010072000275045503
77.09297326146431,-57.663105246188366,-55.814723437515916,-26.382284998017393,0.010073042843626796
77.12610591578992,-57.63342092807829,-55.82944125124624,-26.363161791807226,0.01007402476968428
77.15924715953088,-57.60372400175918,-55.84415296779786,-26.34403181459535,0.010074952881206608
77.19239699288211,-57.574014466086325,-55.85885857697659,-26.324895064427164,0.010075935757095
77.2255554160515,-57.544292319889124,-55.87355806854986,-26.305751421039528,0.010076989355718376
77.25872242925811,-57.51455756197487,-55.88825143225013,-26.28660093737306,0.010077915326422776
77.29189803269004,-57.484810191219346,-55.90293865786308,-26.267443734383654,0.010078840518677157
77.325082226538,-57.45505020649434,-55.91761973515689,-26.248279610418578,0.010079977534456093
77.35827501103111,-57.425277606591465,-55.93229465380841,-26.229108573653185,0.010080892922630513
77.39147638635605,-57.3954923903952,-55.9469634035714,-26.209930776213902,0.010081868823397334
77.42468635270292,-57.36569455678461,-55.96162597418081,-26.190746092788906,0.010082914831353705
77.457904910281,-57.33588410459958,-55.97628235531984,-26.171554463808803,0.010083952155736957
77.49113205929038,-57.30606103270188,-55.99093253667965,-26.15235603120098,0.01008484786389108
77.52436779990818,-57.27622534000426,-56.00557650798756,-26.133150679152,0.010086005717098535
77.55761213235306,-57.246377025332585,-56.02021425887241,-26.113938379004278,0.010086930321581589
77.59086505680352,-57.21651608760078,-56.034845779035585,-26.094719264476257,0.01008794662218586
77.62412657345044,-57.18664252569828,-56.049471058140995,-26.07549315821893,0.010089056228609724
77.65739668249996,-57.156756338483845,-56.06409008580877,-26.056260154353716,0.010089972555040362
77.69067538412602,-57.12685752488727,-56.07870285171512,-26.037020223637988,0.010091111682896661
77.7239626785349,-57.09694608377124,-56.093309345456795,-26.01777331078206,0.01009208480244605
77.7572585659048,-57.06702201406053,-56.10790955667779,-25.99851952625723,0.01009310691664863
77.79056304641777,-57.03708531467389,-56.12250347500265,-25.9792587607851,0.01009419343142097
77.82387612027064,-57.007135984500465,-56.13709109001298,-25.959990991989844,0.010095237784700095
77.85719778765022,-56.977174022452886,-56.15167239129974,-25.94071627021941,0.010096270344475687
77.89052804873425,-56.94719942746552,-56.16624736846177,-25.921434619887673,0.010097287950599972
77.92386690370435,-56.91721219846646,-56.18081601107786,-25.90214589256894,0.01009847474872733
77.95721435276354,-56.88721233434031,-56.19537830867019,-25.882850211223623,0.010099362386280439
77.99057039606387,-56.85719983408271,-56.20993425085682,-25.86354758758271,0.010100535747165105
78.02393503380172,-56.82717469659667,-56.2244838271504,-25.84423787057182,0.010101580260283856
78.05730826615591,-56.7971369208251,-56.23902702708935,-25.82492118589045,0.010102620895794811
78.0906900933005,-56.767086505723235,-56.253563840210376,-25.805597431955196,0.010103770453232033
78.12408051542258,-56.73702345022064,-56.268094256011,-25.786266691255875,0.01010472361243088
78.15747953268111,-56.706947753309265,-56.282618264036714,-25.766928879499297,0.010105960089561952
78.19088714527572,-56.67685941389649,-56.29713585373518,-25.74758399208529,0.01010691680784891
78.22430335336011,-56.64675843099003,-56.31164701463995,-25.728232132634417,0.010108043821604061
78.25772815711049,-56.61664480355166,-56.326151736224816,-25.708873155367655,0.010109151603331454
78.2911615567084,-56.58651853053429,-56.340650007941015,-25.689507057071392,0.010110280713371026
78.32460355232794,-56.556379610908934,-56.355141819243734,-25.67013395228284,0.010111267686516838
78.3580541441193,-56.52622804369994,-56.36962715962746,-25.650753766759646,0.010112473092077079
78.3915133322713,-56.496063827851444,-56.384106018492616,-25.63136639080701,0.010113573264614928
78.42498111695014,-56.465886962358525,-56.398578385276636,-25.611972029189165,0.010114563818137618
78.45845749830414,-56.435697446256256,-56.41304424944266,-25.59257048645859,0.010115866624868856
78.49194247653028,-56.40549527847891,-56.42750360033937,-25.57316181503338,0.01011680123832032
78.5254360517657,-56.37528045809023,-56.44195642743065,-25.553746088653963,0.010118025962198495
78.5589382241899,-56.345052984066264,-56.45640272007865,-25.534323136641614,0.010119137192637417
78.59244899396695,-56.31481285541842,-56.470842467666884,-25.514893100959295,0.010120212742778713
78.62596836124933,-56.284560071184984,-56.48527565959164,-25.49545590154189,0.010121406138001625
78.65949632620884,-56.254294630365884,-56.49970228519678,-25.476011529124317,0.010122490066832666
78.69303288899883,-56.224016532002544,-56.51412233385366,-25.45656001351171,0.010123651179024624
78.72657804978213,-56.193725775118615,-56.52853579490148,-25.43710129695619,0.010124793950357175
78.76013180871786,-56.163422358748406,-56.54294265767622,-25.41763542252182,0.010125908985453493
78.79369416595647,-56.13310628194681,-56.55734291152023,-25.398162380320723,0.010127060793086893
78.82726512165587,-56.102777543755664,-56.571736545748756,-25.378682108724497,0.01012823865199296
78.86084467598015,-56.072436143206,-56.58612354965165,-25.359194590219584,0.010129407373240976
78.89443282908522,-56.04208207934893,-56.60050391252506,-25.339699909906944,0.01013049549525788
78.92802958110917,-56.011715351275804,-56.61487762369136,-25.32019804883815,0.010131682665170325
78.9616349322083,-55.98133595804195,-56.62924467242234,-25.300688915553444,0.010132864529633785
78.99524888254133,-55.95094389870009,-56.64360504797288,-25.281172519474083,0.010134040608275694
79.02887143225755,-55.920539172325654,-56.65795873960656,-25.261648941761386,0.010135136915716008
79.06250258149514,-55.89012177802003,-56.672305736598865,-25.24211807113138,0.010136427253365735
79.09614233042272,-55.859691714822894,-56.68664602814851,-25.2225799152114,0.01013751432437455
79.12979067917253,-55.82924898185366,-56.70097960352078,-25.2030345680716,0.010138705779350592
79.16344762788955,-55.798793578207196,-56.71530645194152,-25.18348191287921,0.010139912769188233
79.19711317672584,-55.76832550296612,-56.72962656260982,-25.163921958056203,0.010141094174783807
79.23078732582478,-55.73784475523423,-56.74393992473207,-25.144354737575057,0.01014226464244252
79.26447007532644,-55.70735133412487,-56.7582465275098,-25.12478020660502,0.010143491222316557
79.29816142537939,-55.67684523873611,-56.77254636011449,-25.105198358123364,0.01014466765274191
79.33186137611965,-55.64632646819537,-56.78683941173327,-25.085609250249036,0.010145832724277003
79.36556992768314,-55.61579502163297,-56.801125671541755,-25.06601276782899,0.010147127123721091
79.3992870802241,-55.58525089814322,-56.815405128664246,-25.0464089729334,0.01014822658783813
79.43301283386211,-55.554694096896284,-56.82967777228785,-25.026797892769604,0.010149491534366617
79.46674718874495,-55.524124617005846,-56.84394359152788,-25.007179378280977,0.01015074394005947
79.50049014501887,-55.49354245759137,-56.85820257549067,-24.98755353745044,0.01015189580847709
79.53424170280326,-55.46294761783187,-56.87245471332903,-24.967920422669028,0.010153092732966247
79.56800186222894,-55.432340096885056,-56.88669999415944,-24.948279866890477,0.010154416044663689
79.6017706234483,-55.401719893866,-56.900938407040165,-24.928631933241714,0.0101555463396449
79.63554798657937,-55.371087007965,-56.915169941091854,-24.90897664677967,0.01015684243603979
79.66933395176268,-55.340441438327744,-56.92939458537477,-24.889313940746653,0.010158040382889495
79.70312851912321,-55.30978318413573,-56.943612328971554,-24.869643883922787,0.010159264091184946
79.73693168878631,-55.27911224457242,-56.95782316095199,-24.84996641418711,0.010160524878881113
79.77074346088702,-55.24842861880368,-56.97202707035307,-24.830281488547843,0.010161791625654325
79.80456383555547,-55.21773230600886,-56.98622404621122,-24.810589199727566,0.010162955348842161
79.83839281290643,-55.18702330540237,-57.00041407758407,-24.790889439972332,0.010164331976887807
79.87223039308515,-55.15630161613745,-57.01459715345147,-24.7711822525209,0.010165449716375174
79.90607657619387,-55.12556723746082,-57.0287732628751,-24.75146768077092,0.010166780257688105
79.93993136236844,-55.09482016855142,-57.04294239483181,-24.73174557035303,0.010168055836548506
79.9737947517366,-55.064060408608306,-57.05710453830454,-24.712016052046387,0.010169250169096155
80.00766674440511,-55.03328795687754,-57.07125968230992,-24.692279104542077,0.010170546388930812
80.04154734049982,-55.00250281256811,-57.08540781581158,-24.67253463575059,0.01017183425929751
80.07543654014978,-54.9717049748852,-57.099548927754135,-24.652782637975296,0.010173137017312942
80.10933434347334,-54.94089444305972,-57.11368300709427,-24.633023269977738,0.010174260015327358
80.14324075056417,-54.910071216377204,-57.12781004283032,-24.61325634326739,0.010175755536750713
80.17715576157467,-54.87923529400313,-57.14193002382116,-24.593481885540413,0.010176848608838501
80.21107937659231,-54.84838667524227,-57.15604293905553,-24.573699991807572,0.0101782450009312
80.24501159574788,-54.8175253593115,-57.17014877741571,-24.55391049252011,0.010179511149374694
80.27895241915226,-54.78665134547272,-57.184247527816005,-24.534113558550054,0.010180730391005427
80.31290184690475,-54.755764633015154,-57.198339179184295,-24.514309059782327,0.010182129003539413
80.34685987913528,-54.724865221166894,-57.21242372036962,-24.494496995507077,0.010183347570309344
80.38082651594519,-54.69395310921917,-57.22650114027198,-24.474677395608243,0.0101847140851985
80.4148017574529,-54.66302829643041,-57.24057142774197,-24.454850233778675,0.010185958299857887
80.44878560375922,-54.63209078209949,-57.25463457165772,-24.435015521855323,0.010187311273898055
80.4827780549763,-54.6011405655043,-57.268690560860065,-24.41517325611729,0.01018855792736545
80.51677911120255,-54.570177645954956,-57.28273938420873,-24.395323399530803,0.010189947546717613
80.55078877255674,-54.53920202272202,-57.29678103050672,-24.375465935950693,0.010191209365924062
80.58480703913608,-54.50821369512458,-57.31081548859302,-24.35560091152188,0.010192550235690372
80.6188339110475,-54.47721266246432,-57.32484274727296,-24.335728254930967,0.010193883831533156
80.65286938839502,-54.44619892405269,-57.338862795347346,-24.315848034955696,0.010195152748560213
80.68691347127512,-54.41517247921985,-57.35287562162121,-24.29596012703212,0.010196612690677499
80.72096615980684,-54.384133327252115,-57.36688121483827,-24.276064667208644,0.010197740697241832
80.7550274540574,-54.353081467547625,-57.380879563845056,-24.256161589008805,0.010199267417591645
80.78909735415783,-54.32201689937416,-57.3948706573352,-24.23625077511753,0.010200514200719489
80.8231758601956,-54.290939622094164,-57.40885448408716,-24.216332395162713,0.010201865718176781
80.85726297226388,-54.259849635061244,-57.42283103285458,-24.196406363436594,0.01020319890174961
80.89135869045852,-54.22874693762704,-57.43680029237411,-24.17647265956722,0.010204569863048575
80.92546301488184,-54.19763152913277,-57.45076225135579,-24.156531246041652,0.010205940015944352
80.95957594562982,-54.166503408936386,-57.46471689851207,-24.136582216456215,0.01020721376284756
80.9936974827831,-54.135362576431305,-57.47866422257776,-24.11662547674207,0.010208678766930407
81.02782762645023,-54.10420903095609,-57.49260421221413,-24.096661055827084,0.010209921481667402
81.06196637670651,-54.07304277192207,-57.50653685614428,-24.076688936168637,0.010211403012638757
81.09611373365959,-54.04186379867646,-57.52046214300778,-24.05670909872618,0.010212663753655031
81.1302696973839,-54.010672110639405,-57.534380061506425,-24.03672157849047,0.010214108098368771
81.16443426798018,-53.979467707179396,-57.54829060027148,-24.01672628155687,0.0102154633603158
81.19860744553188,-53.94825058770483,-57.562193747961466,-23.996723346777795,0.010216764412561663
81.23278923011547,-53.917020751641616,-57.57608949323778,-23.976712590111127,0.010218306235679455
81.266979621844,-53.88577819834352,-57.5899778246698,-23.956694108990863,0.010219506313976529
81.30117862077138,-53.854522927290596,-57.60385873094581,-23.9366679529138,0.010220996203932423
81.33538622699763,-53.82325493787052,-57.617732200640035,-23.916633939688648,0.010222380782775434
81.36960244060876,-53.79197422950392,-57.631598222346575,-23.896592215806642,0.010223719728216722
81.4038272616754,-53.76068080164672,-57.64545678468145,-23.8765427299138,0.010225155271986237
81.43806069028531,-53.729374653722836,-57.6593078762109,-23.85648544107856,0.010226534506148124
81.47230272651952,-53.69805578517384,-57.67315148550456,-23.83642034339348,0.01022797460851693
81.50655337046105,-53.66672419544084,-57.68698760111598,-23.816347499542758,0.010229288491304903
81.54081262217478,-53.63537988400612,-57.70081621162711,-23.796266825049837,0.010230813243843803
81.57508048175546,-53.604022850293575,-57.71463730554155,-23.776178352478105,0.010232092473579984
81.60935694925902,-53.572653093811596,-57.72845087143829,-23.756082096290132,0.010233601055975311
81.64364202477735,-53.54127061399722,-57.742256897803514,-23.73597793428028,0.010235003251994255
81.67793570838377,-53.50987541032991,-57.756055373153565,-23.715866016047215,0.010236358056985372
81.71223800013993,-53.478467482317114,-57.76984628601922,-23.695746233514644,0.010237868812725478
81.74654890013275,-53.44704682941751,-57.78362962486289,-23.67561860142348,0.010239207131112623
81.78086840842312,-53.41561345114734,-57.797405378193176,-23.655483105945915,0.010240730485653646
81.81519652509414,-53.38416734698071,-57.81117353445757,-23.635339771831028,0.01024204215311466
81.84953325019639,-53.352708516462904,-57.82493408216467,-23.615188593239633,0.010243569992008346
81.88387858381499,-53.321236959071236,-57.838687009733604,-23.595029466698342,0.010244985349664405
81.91823252601615,-53.28975267432612,-57.85243230561435,-23.57486251435848,0.010246387557658762
81.95259507685705,-53.25825566177044,-57.8661699582654,-23.554687684329153,0.010247854181926586
81.98696623640963,-53.22674592092032,-57.87989995610032,-23.534504907721438,0.010249324871985415
82.0213460047436,-53.1952234513003,-57.893622287525886,-23.514314259477473,0.010250713893216325
82.05573438191432,-53.16368825246854,-57.907336940969415,-23.49411567702946,0.010252246629133484
82.09013136799639,-53.13214032394713,-57.92104390480312,-23.47390919373991,0.010253600286512812
82.1245369630338,-53.1005796653255,-57.93474316745653,-23.453694832270326,0.010255108560317918
82.15895116710148,-53.06900627613281,-57.94843471727744,-23.433472392206994,0.010256664022337773
82.19337398027443,-53.03742015590212,-57.96211854260198,-23.41324213365722,0.010257906956111933
82.22780540257172,-53.00582130428604,-57.975794631880675,-23.393003953769494,0.010259565278308212
82.26224543408372,-52.974209720793446,-57.98946297339086,-23.372757708000467,0.010260953209216689
82.2966940748598,-52.94258540502236,-58.00312355549155,-23.352503570703163,0.010262433308525202
82.33115132495469,-52.910948356563296,-58.016776366517135,-23.33224143369614,0.010263929365892769
82.36561718442655,-52.87929857500387,-58.03042139478298,-23.311971355945552,0.010265348223536608
82.40009165332198,-52.84763605995942,-58.04405862861839,-23.29169325672786,0.010266924532592656
82.43457473171188,-52.81596081099922,-58.05768805628623,-23.271407144771974,0.010268333016357756
82.46906641963643,-52.784272827759985,-58.07130966610721,-23.25111308972212,0.010269837329348833
82.50356671714631,-52.75257210986066,-58.08492344636611,-23.230811023841333,0.010271312863850477
82.538075624294,-52.72085865692071,-58.09852938533234,-23.210500900729873,0.010272862593179537
82.5725931411376,-52.68913246855181,-58.112127471250226,-23.190182795534955,0.010274260589695869
82.60711926771135,-52.65739354441921,-58.125717692407065,-23.16985664697224,0.01027587078814412
82.64165400408332,-52.625641884122274,-58.13930003700105,-23.149522411221014,0.010277311536784968
82.67619735028661,-52.59387748733674,-58.1528744932985,-23.12918027036113,0.010278736200150924
82.71074930635696,-52.56210035373689,-58.16644104954774,-23.108829937191487,0.010280465648323387
82.74530987237725,-52.53031048290396,-58.179999693877775,-23.088471586747502,0.010281711902996506
82.77987904834717,-52.49850787459489,-58.19355041459585,-23.068105257899617,0.0102834006192373
82.8144568343381,-52.466692528422996,-58.207093199833665,-23.047730716795147,0.010284881446188669
82.84904323039258,-52.434864444065276,-58.22062803777709,-23.027348169718273,0.010286360365194706
82.88363823654055,-52.40302362122874,-58.23415491662884,-23.006957554044583,0.01028790288947041
82.91824185282536,-52.371170059597034,-58.2476738245493,-22.986558831504627,0.010289418883693294
82.95285407928809,-52.33930375886272,-58.2611847496922,-22.966151986733383,0.010290975357497333
82.98747491597291,-52.30742471871628,-58.274687680192606,-22.945737038287078,0.010292471087858836
83.02210436291121,-52.27553293887861,-58.28818260420271,-22.925313996373696,0.010294015735555013
83.0567424201417,-52.243628419060016,-58.30166950984663,-22.90488281107735,0.010295560234141939
83.09138908770429,-52.21171115897242,-58.31514838523345,-22.88444347857116,0.010297107178439856
83.12604436563285,-52.17978115834458,-58.328619218474635,-22.863996063149138,0.010298585360343188
83.16070825395042,-52.147838416931805,-58.34208199769473,-22.84354048687366,0.010300209271419733
83.19538075270526,-52.11588293444185,-58.35553671094842,-22.823076718480063,0.010301717359688744
83.23006186192572,-52.08391471062776,-58.368983346324356,-22.802604813644724,0.010303283660376686
83.26475158164469,-52.05193374523767,-58.3824218918892,-22.782124734613408,0.01030482819312968
83.29944991188776,-52.01994003803901,-58.395852335714466,-22.761636547135865,0.010306326790369406
83.33415685267575,-51.98793358881325,-58.40927466587056,-22.7411401280402,0.010307993681209009
83.36887240406179,-51.9559143972802,-58.42268887034219,-22.720635437763033,0.010309530457700194
83.40359656606623,-51.923882463231294,-58.43609493717766,-22.700122696913695,0.010310973979270156
83.43832933869038,-51.89183778650133,-58.44949285445732,-22.67960174049549,0.010312675099700368
83.47307072198933,-51.85978036681922,-58.46288261012538,-22.65907243425487,0.010314251921739674
83.50782071599085,-51.82771020397471,-58.47626419217802,-22.638535030886064,0.010315697568265704
83.54257932069143,-51.79562729782572,-58.4896375886713,-22.61798943162114,0.010317372083332487
83.57734653613247,-51.76353164814281,-58.50300278754582,-22.597435509713815,0.010318943414130638
83.61212236233808,-51.731423254736434,-58.516359776770386,-22.576873403303765,0.010320477648342095
83.64690679932257,-51.69930211744177,-58.52970854432491,-22.556303009970126,0.010322150213666455
83.68169984711767,-51.6671682360627,-58.543049078136875,-22.535724421365398,0.01032359089022853
83.71650150571831,-51.63502161048307,-58.556381366207525,-22.515137583719827,0.010325315849758529
83.75131177516825,-51.60286224049123,-58.56970539641256,-22.494542376069393,0.010326876233071521
83.78613065548315,-51.57069012593792,-58.583021156681966,-22.473938969234155,0.01032842830794707
83.82095814666776,-51.538505266700426,-58.596328634958354,-22.45332729540977,0.010330055107715893
83.85579424874159,-51.506307662630654,-58.60962781913874,-22.432707327715683,0.010331632534348672
83.89063896171996,-51.47409731359371,-58.62291869711812,-22.412079022351115,0.010333301620041927
83.9254922856279,-51.44187421943947,-58.636201256756955,-22.39144243199755,0.010334824665587156
83.9603542204634,-51.40963838007763,-58.6494754859667,-22.370797569583765,0.01033647923026134
83.99522476624205,-51.3773897953868,-58.66274137260643,-22.350144399601174,0.010338036242475498
84.03010392297328,-51.34512846526268,-58.67599890453756,-22.329482817414014,0.010339793933876584
84.06499169069197,-51.3128543895538,-58.68924806955013,-22.30881292735396,0.010341244901162325
84.09988806937385,-51.28056756823418,-58.70248885556096,-22.288134836724268,0.010342893688829
84.13479305903279,-51.24826800120452,-58.715721250385286,-22.267448245502106,0.010344643155031573
84.16970665970476,-51.21595568832565,-58.72894524177593,-22.246753308513416,0.010346135450272975
84.20462887136972,-51.18363062957682,-58.74216081760361,-22.226050126823406,0.010347782309653405
84.23955969403515,-51.15129282488635,-58.75536796566382,-22.205338482791323,0.010349490542509934
84.27449912772272,-51.11894227415834,-58.76856667370677,-22.18461847775387,0.010351034493885705
84.30944717241951,-51.086578977372156,-58.78175692955182,-22.163890148537153,0.010352704349330968
84.34440382813403,-51.05420293446825,-58.794938720956196,-22.143153367164267,0.010354374505918468
84.3793690948754,-51.02181414539093,-58.808112035664315,-22.122408223139033,0.010355953357253556
84.41434297263297,-50.9894126101293,-58.82127686145466,-22.101654694320565,0.010357644018543135
84.44932546141776,-50.956998328633404,-58.834433186043356,-22.080892682588185,0.010359319161475122
84.48431656123249,-50.92457130087515,-58.847580997154346,-22.060122343325396,0.01036085315638055
84.51931627205325,-50.89213152688528,-58.860720282561964,-22.039343588066373,0.010362614964852433
84.55432459390164,-50.859679006607045,-58.87385102992193,-22.01855627283407,0.010364290884255514
84.58934152677901,-50.827213740029954,-58.88697322692611,-21.997760631463077,0.010365817903479227
84.62436707065099,-50.794735727220704,-58.90008686133806,-21.976956611588548,0.010367544455278231
84.65940122552685,-50.7622449681626,-58.91319192080735,-21.95614400578529,0.010369276539593651
84.69444399142093,-50.729741462833424,-58.926288392959165,-21.935322923947613,0.010370891915851978
84.72949536831048,-50.69722521129146,-58.93937626549496,-21.914493528615626,0.010372460500224643
84.764555356171,-50.66469621360337,-58.95245552610815,-21.893655553872595,0.010374339080234848
84.79962395503006,-50.63215446973543,-58.965526162357826,-21.87280910566115,0.010375800502220582
84.83470116484325,-50.59959997980456,-58.97858816196048,-21.85195424346391,0.01037761827533383
84.86978698562274,-50.56703274381856,-58.99164151248831,-21.831090780246505,0.010379264159474037
84.90488141735419,-50.53445276184352,-59.004686201563146,-21.810218901898136,0.010380895347117025
84.93998446001552,-50.501860033966594,-59.01772221681413,-21.789338476414837,0.010382670901733771
84.9750961136085,-50.469254560231704,-59.030749545801946,-21.76844954839465,0.010384256079827283
85.01021637810129,-50.43663634075594,-59.04376817615518,-21.747552143953737,0.010386004047962704
85.04534525348905,-50.404005375606694,-59.05677809542617,-21.726646139618143,0.010387710287537108
85.08048273976485,-50.37136166486105,-59.06977929116104,-21.705731576551646,0.010389415673506236
85.1156288369088,-50.33870520862743,-59.082771750924856,-21.684808566714352,0.010391009055923588
85.15078354488324,-50.30603600705501,-59.09575546231216,-21.663876992171556,0.010392829950532891
85.18594686369272,-50.273354060213286,-59.10873041280655,-21.642936792966804,0.01039448117674917
85.22111879331005,-50.24065936824085,-59.121696589954595,-21.62198811034855,0.010396160204499651
85.25629933370915,-50.207951931279446,-59.13465398128881,-21.601030812761156,0.01039794034708377
85.29148848488451,-50.17523174943438,-59.147602574280654,-21.580064904774098,0.010399613152447995
85.32668624680416,-50.142498822869754,-59.16054235645297,-21.559090516580714,0.010401262508084106
85.36189261943491,-50.1097531517574,-59.17347331531986,-21.5381074567512,0.010403123507784497
85.39710760278014,-50.07699473620048,-59.1863954382958,-21.51711578013567,0.010404716774992159
85.4323311967935,-50.04422357640812,-59.199308712903026,-21.496115583102544,0.010406480612091295
85.46756340145119,-50.01143967254891,-59.21221312659722,-21.475106750476137,0.01040818636361475
85.50280421674218,-49.97864302477147,-59.225108666792835,-21.454089069536256,0.010410159214596672
85.53805364262139,-49.94583363329798,-59.23799532097279,-21.433063746513024,0.01041066869697431
85.57331167905603,-49.91301149833138,-59.2508730765793,-21.41202641230549,0.010416965905394078
85.60857832609437,-49.880176619917286,-59.263741920849796,-21.39099193114551,0.010402759563266108
85.64385358340861,-49.84732899886202,-59.27660184190692,-21.369909389238746,0.010459442495708886
85.67913745206668,-49.81446863317379,-59.289452824527544,-21.348952841342275,0.01027302123052553
85.71442992794384,-49.781595531294194,-59.30229486588993,-21.327531541001004,0.010914056721747263
85.74973102624497,-49.748709662865146,-59.315127916927516,-21.30763096392781,0.008764119192021072
85.78504069015023,-49.71581114207981,-59.32795210092646,-21.28265807894071,0.015923680041964438
85.82035913144162,-49.682899544262376,-59.34076689801252,-21.274170873976786,-0.007535456825555927
85.85568556000233,-49.64997645417742,-59.35357418867499,-21.213083910161668,0.06789592046386561
85.89102292339626,-49.61703596350028,-59.36636689462737,-21.314817288472803,-0.16839320662974774
85.92636023265214,-49.58410010574526,-59.379171374288276,-20.933707493197407,0.5447835624003733
85.96173856740174,-49.55108671848049,-59.391889189783136,-21.889770555382132,-1.488454426473935
85.99700592004655,-49.518302189305565,-59.40488768236311,-19.600716819140487,3.745206443788458
86.03274624016983,-49.48460400023427,-59.41679576935601,-23.038290405924567,-7.153601794896477
86.06702634861911,-49.45425271221973,-59.432730798416294,-30.01386188215779,3.085891952842913e-15
