  0
SECTION
  2
HEADER
  9
$ACADVER
  1
AC1024
  9
$ACADMAINTVER
 70
6
  9
$DWGCODEPAGE
  3
ANSI_1252
  9
$LASTSAVEDBY
  1
ezdxf
  9
$INSBASE
 10
0.0
 20
0.0
 30
0.0
  9
$EXTMIN
 10
1e+20
 20
1e+20
 30
1e+20
  9
$EXTMAX
 10
-1e+20
 20
-1e+20
 30
-1e+20
  9
$LIMMIN
 10
0.0
 20
0.0
  9
$LIMMAX
 10
420.0
 20
297.0
  9
$ORTHOMODE
 70
0
  9
$REGENMODE
 70
1
  9
$FILLMODE
 70
1
  9
$QTEXTMODE
 70
0
  9
$MIRRTEXT
 70
1
  9
$LTSCALE
 40
1.0
  9
$ATTMODE
 70
1
  9
$TEXTSIZE
 40
2.5
  9
$TRACEWID
 40
1.0
  9
$TEXTSTYLE
  7
Standard
  9
$CLAYER
  8
0
  9
$CELTYPE
  6
ByLayer
  9
$CECOLOR
 62
256
  9
$CELTSCALE
 40
1.0
  9
$DISPSILH
 70
0
  9
$DIMSCALE
 40
1.0
  9
$DIMASZ
 40
2.5
  9
$DIMEXO
 40
0.625
  9
$DIMDLI
 40
3.75
  9
$DIMRND
 40
0.0
  9
$DIMDLE
 40
0.0
  9
$DIMEXE
 40
1.25
  9
$DIMTP
 40
0.0
  9
$DIMTM
 40
0.0
  9
$DIMTXT
 40
2.5
  9
$DIMCEN
 40
2.5
  9
$DIMTSZ
 40
0.0
  9
$DIMTOL
 70
0
  9
$DIMLIM
 70
0
  9
$DIMTIH
 70
0
  9
$DIMTOH
 70
0
  9
$DIMSE1
 70
0
  9
$DIMSE2
 70
0
  9
$DIMTAD
 70
1
  9
$DIMZIN
 70
8
  9
$DIMBLK
  1

  9
$DIMASO
 70
1
  9
$DIMSHO
 70
1
  9
$DIMPOST
  1

  9
$DIMAPOST
  1

  9
$DIMALT
 70
0
  9
$DIMALTD
 70
3
  9
$DIMALTF
 40
0.03937007874
  9
$DIMLFAC
 40
1.0
  9
$DIMTOFL
 70
1
  9
$DIMTVP
 40
0.0
  9
$DIMTIX
 70
0
  9
$DIMSOXD
 70
0
  9
$DIMSAH
 70
0
  9
$DIMBLK1
  1

  9
$DIMBLK2
  1

  9
$DIMSTYLE
  2
ISO-25
  9
$DIMCLRD
 70
0
  9
$DIMCLRE
 70
0
  9
$DIMCLRT
 70
0
  9
$DIMTFAC
 40
1.0
  9
$DIMGAP
 40
0.625
  9
$DIMJUST
 70
0
  9
$DIMSD1
 70
0
  9
$DIMSD2
 70
0
  9
$DIMTOLJ
 70
0
  9
$DIMTZIN
 70
8
  9
$DIMALTZ
 70
0
  9
$DIMALTTZ
 70
0
  9
$DIMUPT
 70
0
  9
$DIMDEC
 70
2
  9
$DIMTDEC
 70
2
  9
$DIMALTU
 70
2
  9
$DIMALTTD
 70
3
  9
$DIMTXSTY
  7
Standard
  9
$DIMAUNIT
 70
0
  9
$DIMADEC
 70
0
  9
$DIMALTRND
 40
0.0
  9
$DIMAZIN
 70
0
  9
$DIMDSEP
 70
44
  9
$DIMATFIT
 70
3
  9
$DIMFRAC
 70
0
  9
$DIMLDRBLK
  1

  9
$DIMLUNIT
 70
2
  9
$DIMLWD
 70
-2
  9
$DIMLWE
 70
-2
  9
$DIMTMOVE
 70
0
  9
$DIMFXL
 40
1.0
  9
$DIMFXLON
 70
0
  9
$DIMJOGANG
 40
0.785398163397
  9
$DIMTFILL
 70
0
  9
$DIMTFILLCLR
 70
0
  9
$DIMARCSYM
 70
0
  9
$DIMLTYPE
  6

  9
$DIMLTEX1
  6

  9
$DIMLTEX2
  6

  9
$DIMTXTDIRECTION
 70
0
  9
$LUNITS
 70
2
  9
$LUPREC
 70
4
  9
$SKETCHINC
 40
1.0
  9
$FILLETRAD
 40
10.0
  9
$AUNITS
 70
0
  9
$AUPREC
 70
2
  9
$MENU
  1
.
  9
$ELEVATION
 40
0.0
  9
$PELEVATION
 40
0.0
  9
$THICKNESS
 40
0.0
  9
$LIMCHECK
 70
0
  9
$CHAMFERA
 40
0.0
  9
$CHAMFERB
 40
0.0
  9
$CHAMFERC
 40
0.0
  9
$CHAMFERD
 40
0.0
  9
$SKPOLY
 70
0
  9
$TDCREATE
 40
2461248.6300462964
  9
$TDUCREATE
 40
2458532.153996898
  9
$TDUPDATE
 40
2461248.6300462964
  9
$TDUUPDATE
 40
2458532.1544311
  9
$TDINDWG
 40
0.0
  9
$TDUSRTIMER
 40
0.0
  9
$USRTIMER
 70
1
  9
$ANGBASE
 50
0.0
  9
$ANGDIR
 70
0
  9
$PDMODE
 70
0
  9
$PDSIZE
 40
0.0
  9
$PLINEWID
 40
0.0
  9
$SPLFRAME
 70
0
  9
$SPLINETYPE
 70
6
  9
$SPLINESEGS
 70
8
  9
$HANDSEED
  5
35
  9
$SURFTAB1
 70
6
  9
$SURFTAB2
 70
6
  9
$SURFTYPE
 70
6
  9
$SURFU
 70
6
  9
$SURFV
 70
6
  9
$UCSBASE
  2

  9
$UCSNAME
  2

  9
$UCSORG
 10
0.0
 20
0.0
 30
0.0
  9
$UCSXDIR
 10
1.0
 20
0.0
 30
0.0
  9
$UCSYDIR
 10
0.0
 20
1.0
 30
0.0
  9
$UCSORTHOREF
  2

  9
$UCSORTHOVIEW
 70
0
  9
$UCSORGTOP
 10
0.0
 20
0.0
 30
0.0
  9
$UCSORGBOTTOM
 10
0.0
 20
0.0
 30
0.0
  9
$UCSORGLEFT
 10
0.0
 20
0.0
 30
0.0
  9
$UCSORGRIGHT
 10
0.0
 20
0.0
 30
0.0
  9
$UCSORGFRONT
 10
0.0
 20
0.0
 30
0.0
  9
$UCSORGBACK
 10
0.0
 20
0.0
 30
0.0
  9
$PUCSBASE
  2

  9
$PUCSNAME
  2

  9
$PUCSORG
 10
0.0
 20
0.0
 30
0.0
  9
$PUCSXDIR
 10
1.0
 20
0.0
 30
0.0
  9
$PUCSYDIR
 10
0.0
 20
1.0
 30
0.0
  9
$PUCSORTHOREF
  2

  9
$PUCSORTHOVIEW
 70
0
  9
$PUCSORGTOP
 10
0.0
 20
0.0
 30
0.0
  9
$PUCSORGBOTTOM
 10
0.0
 20
0.0
 30
0.0
  9
$PUCSORGLEFT
 10
0.0
 20
0.0
 30
0.0
  9
$PUCSORGRIGHT
 10
0.0
 20
0.0
 30
0.0
  9
$PUCSORGFRONT
 10
0.0
 20
0.0
 30
0.0
  9
$PUCSORGBACK
 10
0.0
 20
0.0
 30
0.0
  9
$USERI1
 70
0
  9
$USERI2
 70
0
  9
$USERI3
 70
0
  9
$USERI4
 70
0
  9
$USERI5
 70
0
  9
$USERR1
 40
0.0
  9
$USERR2
 40
0.0
  9
$USERR3
 40
0.0
  9
$USERR4
 40
0.0
  9
$USERR5
 40
0.0
  9
$WORLDVIEW
 70
1
  9
$SHADEDGE
 70
3
  9
$SHADEDIF
 70
70
  9
$TILEMODE
 70
1
  9
$MAXACTVP
 70
64
  9
$PINSBASE
 10
0.0
 20
0.0
 30
0.0
  9
$PLIMCHECK
 70
0
  9
$PEXTMIN
 10
1e+20
 20
1e+20
 30
1e+20
  9
$PEXTMAX
 10
-1e+20
 20
-1e+20
 30
-1e+20
  9
$PLIMMIN
 10
0.0
 20
0.0
  9
$PLIMMAX
 10
420.0
 20
297.0
  9
$UNITMODE
 70
0
  9
$VISRETAIN
 70
1
  9
$PLINEGEN
 70
0
  9
$PSLTSCALE
 70
1
  9
$TREEDEPTH
 70
3020
  9
$CMLSTYLE
  2
Standard
  9
$CMLJUST
 70
0
  9
$CMLSCALE
 40
20.0
  9
$PROXYGRAPHICS
 70
1
  9
$MEASUREMENT
 70
1
  9
$CELWEIGHT
370
-1
  9
$ENDCAPS
280
0
  9
$JOINSTYLE
280
0
  9
$LWDISPLAY
290
0
  9
$INSUNITS
 70
4
  9
$HYPERLINKBASE
  1

  9
$STYLESHEET
  1

  9
$XEDIT
290
1
  9
$CEPSNTYPE
380
0
  9
$PSTYLEMODE
290
1
  9
$FINGERPRINTGUID
  2
{FD0867E8-0C9E-4759-A62D-3A3FFBC237F9}
  9
$VERSIONGUID
  2
{6143D4B6-C2F4-4501-BE10-6B221810AC6D}
  9
$EXTNAMES
290
1
  9
$PSVPSCALE
 40
0.0
  9
$OLESTARTUP
290
0
  9
$SORTENTS
280
127
  9
$INDEXCTL
280
0
  9
$HIDETEXT
280
1
  9
$XCLIPFRAME
280
1
  9
$HALOGAP
280
0
  9
$OBSCOLOR
 70
257
  9
$OBSLTYPE
280
0
  9
$INTERSECTIONDISPLAY
280
0
  9
$INTERSECTIONCOLOR
 70
257
  9
$DIMASSOC
280
2
  9
$PROJECTNAME
  1

  9
$CAMERADISPLAY
290
0
  9
$LENSLENGTH
 40
50.0
  9
$CAMERAHEIGHT
 40
0.0
  9
$STEPSPERSEC
 40
24.0
  9
$STEPSIZE
 40
100.0
  9
$3DDWFPREC
 40
2.0
  9
$PSOLWIDTH
 40
0.005
  9
$PSOLHEIGHT
 40
0.08
  9
$LOFTANG1
 40
1.570796326795
  9
$LOFTANG2
 40
1.570796326795
  9
$LOFTMAG1
 40
0.0
  9
$LOFTMAG2
 40
0.0
  9
$LOFTPARAM
 70
7
  9
$LOFTNORMALS
280
1
  9
$LATITUDE
 40
37.795
  9
$LONGITUDE
 40
-122.394
  9
$NORTHDIRECTION
 40
0.0
  9
$TIMEZONE
 70
-8000
  9
$LIGHTGLYPHDISPLAY
280
1
  9
$TILEMODELIGHTSYNCH
280
1
  9
$CMATERIAL
347
20
  9
$SOLIDHIST
280
0
  9
$SHOWHIST
280
1
  9
$DWFFRAME
280
2
  9
$DGNFRAME
280
2
  9
$REALWORLDSCALE
290
1
  9
$INTERFERECOLOR
 62
256
  9
$CSHADOW
280
0
  9
$SHADOWPLANELOCATION
 40
0.0
  0
ENDSEC
  0
SECTION
  2
CLASSES
  0
CLASS
  1
ACDBDICTIONARYWDFLT
  2
AcDbDictionaryWithDefault
  3
ObjectDBX Classes
 90
0
 91
0
280
0
281
0
  0
CLASS
  1
SUN
  2
AcDbSun
  3
SCENEOE
 90
1153
 91
0
280
0
281
0
  0
CLASS
  1
VISUALSTYLE
  2
AcDbVisualStyle
  3
ObjectDBX Classes
 90
4095
 91
0
280
0
281
0
  0
CLASS
  1
MATERIAL
  2
AcDbMaterial
  3
ObjectDBX Classes
 90
1153
 91
0
280
0
281
0
  0
CLASS
  1
SCALE
  2
AcDbScale
  3
ObjectDBX Classes
 90
1153
 91
0
280
0
281
0
  0
CLASS
  1
TABLESTYLE
  2
AcDbTableStyle
  3
ObjectDBX Classes
 90
4095
 91
0
280
0
281
0
  0
CLASS
  1
MLEADERSTYLE
  2
AcDbMLeaderStyle
  3
ACDB_MLEADERSTYLE_CLASS
 90
4095
 91
0
280
0
281
0
  0
CLASS
  1
DICTIONARYVAR
  2
AcDbDictionaryVar
  3
ObjectDBX Classes
 90
0
 91
0
280
0
281
0
  0
CLASS
  1
CELLSTYLEMAP
  2
AcDbCellStyleMap
  3
ObjectDBX Classes
 90
1152
 91
0
280
0
281
0
  0
CLASS
  1
MENTALRAYRENDERSETTINGS
  2
AcDbMentalRayRenderSettings
  3
SCENEOE
 90
1024
 91
0
280
0
281
0
  0
CLASS
  1
ACDBDETAILVIEWSTYLE
  2
AcDbDetailViewStyle
  3
ObjectDBX Classes
 90
1025
 91
0
280
0
281
0
  0
CLASS
  1
ACDBSECTIONVIEWSTYLE
  2
AcDbSectionViewStyle
  3
ObjectDBX Classes
 90
1025
 91
0
280
0
281
0
  0
CLASS
  1
RASTERVARIABLES
  2
AcDbRasterVariables
  3
ISM
 90
0
 91
0
280
0
281
0
  0
CLASS
  1
LAYOUT
  2
AcDbLayout
  3
ObjectDBX Classes
 90
0
 91
0
280
0
281
0
  0
CLASS
  1
ACDBPLACEHOLDER
  2
AcDbPlaceHolder
  3
ObjectDBX Classes
 90
0
 91
0
280
0
281
0
  0
ENDSEC
  0
SECTION
  2
TABLES
  0
TABLE
  2
VPORT
  5
8
330
0
100
AcDbSymbolTable
 70
1
  0
VPORT
  5
23
330
8
100
AcDbSymbolTableRecord
100
AcDbViewportTableRecord
  2
*Active
 70
0
 10
0.0
 20
0.0
 11
1.0
 21
1.0
 12
0.0
 22
0.0
 13
0.0
 23
0.0
 14
0.5
 24
0.5
 15
0.5
 25
0.5
 16
0.0
 26
0.0
 36
1.0
 17
0.0
 27
0.0
 37
0.0
 40
1000.0
 41
1.34
 42
50.0
 43
0.0
 44
0.0
 50
0.0
 51
0.0
 71
0
 72
1000
 73
1
 74
3
 75
0
 76
0
 77
0
 78
0
281
0
 65
0
146
0.0
  0
ENDTAB
  0
TABLE
  2
LTYPE
  5
2
330
0
100
AcDbSymbolTable
 70
3
  0
LTYPE
  5
24
330
2
100
AcDbSymbolTableRecord
100
AcDbLinetypeTableRecord
  2
ByBlock
 70
0
  3

 72
65
 73
0
 40
0.0
  0
LTYPE
  5
25
330
2
100
AcDbSymbolTableRecord
100
AcDbLinetypeTableRecord
  2
ByLayer
 70
0
  3

 72
65
 73
0
 40
0.0
  0
LTYPE
  5
26
330
2
100
AcDbSymbolTableRecord
100
AcDbLinetypeTableRecord
  2
Continuous
 70
0
  3

 72
65
 73
0
 40
0.0
  0
ENDTAB
  0
TABLE
  2
LAYER
  5
1
330
0
100
AcDbSymbolTable
 70
3
  0
LAYER
  5
27
330
1
100
AcDbSymbolTableRecord
100
AcDbLayerTableRecord
  2
0
 70
0
 62
7
  6
Continuous
370
-3
390
13
347
21
  0
LAYER
  5
28
330
1
100
AcDbSymbolTableRecord
100
AcDbLayerTableRecord
  2
Defpoints
 70
0
 62
7
  6
Continuous
290
0
370
-3
390
13
347
21
  0
LAYER
  5
2F
330
1
100
AcDbSymbolTableRecord
100
AcDbLayerTableRecord
  2
PITCH_CURVE
 70
0
 62
7
  6
Continuous
370
-3
390
13
347
21
  0
ENDTAB
  0
TABLE
  2
STYLE
  5
5
330
0
100
AcDbSymbolTable
 70
1
  0
STYLE
  5
29
330
5
100
AcDbSymbolTableRecord
100
AcDbTextStyleTableRecord
  2
Standard
 70
0
 40
0.0
 41
1.0
 50
0.0
 71
0
 42
2.5
  3
txt
  4

  0
ENDTAB
  0
TABLE
  2
VIEW
  5
7
330
0
100
AcDbSymbolTable
 70
0
  0
ENDTAB
  0
TABLE
  2
UCS
  5
6
330
0
100
AcDbSymbolTable
 70
0
  0
ENDTAB
  0
TABLE
  2
APPID
  5
3
330
0
100
AcDbSymbolTable
 70
3
  0
APPID
  5
2A
330
3
100
AcDbSymbolTableRecord
100
AcDbRegAppTableRecord
  2
ACAD
 70
0
  0
APPID
  5
32
330
3
100
AcDbSymbolTableRecord
100
AcDbRegAppTableRecord
  2
HATCHBACKGROUNDCOLOR
 70
0
  0
APPID
  5
33
330
3
100
AcDbSymbolTableRecord
100
AcDbRegAppTableRecord
  2
EZDXF
 70
0
  0
ENDTAB
  0
TABLE
  2
DIMSTYLE
  5
4
330
0
100
AcDbSymbolTable
 70
1
100
AcDbDimStyleTable
  0
DIMSTYLE
105
2B
330
4
100
AcDbSymbolTableRecord
100
AcDbDimStyleTableRecord
  2
Standard
 70
0
 40
1.0
 41
2.5
 42
0.625
 43
3.75
 44
1.25
 45
0.0
 46
0.0
 47
0.0
 48
0.0
 49
2.5
140
2.5
141
2.5
142
0.0
143
0.03937007874
144
1.0
145
0.0
146
1.0
147
0.625
148
0.0
 69
0
 70
0
 71
0
 72
0
 73
0
 74
0
 75
0
 76
0
 77
1
 78
8
 79
3
170
0
171
3
172
1
173
0
174
0
175
0
176
0
177
0
178
0
179
2
271
2
272
2
273
2
274
3
275
0
276
0
277
2
278
44
279
0
280
0
281
0
282
0
283
0
284
8
285
0
286
0
288
0
289
3
290
0
371
-2
372
-2
  0
ENDTAB
  0
TABLE
  2
BLOCK_RECORD
  5
9
330
0
100
AcDbSymbolTable
 70
2
  0
BLOCK_RECORD
  5
17
330
9
100
AcDbSymbolTableRecord
100
AcDbBlockTableRecord
  2
*Model_Space
340
1A
 70
0
280
1
281
0
  0
BLOCK_RECORD
  5
1B
330
9
100
AcDbSymbolTableRecord
100
AcDbBlockTableRecord
  2
*Paper_Space
340
1E
 70
0
280
1
281
0
  0
ENDTAB
  0
ENDSEC
  0
SECTION
  2
BLOCKS
  0
BLOCK
  5
18
330
17
100
AcDbEntity
  8
0
100
AcDbBlockBegin
  2
*Model_Space
 70
0
 10
0.0
 20
0.0
 30
0.0
  3
*Model_Space
  1

  0
ENDBLK
  5
19
330
17
100
AcDbEntity
  8
0
100
AcDbBlockEnd
  0
BLOCK
  5
1C
330
1B
100
AcDbEntity
  8
0
100
AcDbBlockBegin
  2
*Paper_Space
 70
0
 10
0.0
 20
0.0
 30
0.0
  3
*Paper_Space
  1

  0
ENDBLK
  5
1D
330
1B
100
AcDbEntity
  8
0
100
AcDbBlockEnd
  0
ENDSEC
  0
SECTION
  2
ENTITIES
  0
SPLINE
  5
30
330
17
100
AcDbEntity
  8
PITCH_CURVE
100
AcDbSpline
 70
0
 71
3
 72
0
 73
0
 74
4001
 11
-108.76417221537514
 21
1.3319769536547065e-14
 31
0.0
 11
-108.7590912772317
 21
-0.008825653780222353
 31
0.0
 11
-108.75029184884708
 21
-0.01765682316312398
 31
0.0
 11
-108.74248993374329
 21
-0.026493749137733006
 31
0.0
 11
-108.73442205281445
 21
-0.0353362624735856
 31
0.0
 11
-108.72642670089705
 21
-0.04418443392644888
 31
0.0
 11
-108.7184131892245
 21
-0.05303823507987821
 31
0.0
 11
-108.71040581163867
 21
-0.06189767343867914
 31
0.0
 11
-108.70239805699073
 21
-0.07076274437710135
 31
0.0
 11
-108.69439166712425
 21
-0.07963344719201097
 31
0.0
 11
-108.68638617277884
 21
-0.08850977994964936
 31
0.0
 11
-108.67838169704231
 21
-0.09739174109465826
 31
0.0
 11
-108.67037820444833
 21
-0.10627932895806287
 31
0.0
 11
-108.66237570180489
 21
-0.11517254190493438
 31
0.0
 11
-108.65437418474713
 21
-0.12407137829105129
 31
0.0
 11
-108.64637365188315
 21
-0.13297583647524877
 31
0.0
 11
-108.63837410096707
 21
-0.141885914816025
 31
0.0
 11
-108.63037553000008
 21
-0.15080161167238113
 31
0.0
 11
-108.6223779369407
 21
-0.1597229254037372
 31
0.0
 11
-108.61438131978599
 21
-0.16864985436979915
 31
0.0
 11
-108.60638567636528
 21
-0.1775823969305744
 31
0.0
 11
-108.59839100477403
 21
-0.18652055144671006
 31
0.0
 11
-108.59039730289989
 21
-0.19546431627898975
 31
0.0
 11
-108.58240456868202
 21
-0.2044136897885431
 31
0.0
 11
-108.5744128001292
 21
-0.2133686703370946
 31
0.0
 11
-108.56642199514374
 21
-0.2223292562864869
 31
0.0
 11
-108.5584321517111
 21
-0.23129544599908822
 31
0.0
 11
-108.55044326774401
 21
-0.2402672378374332
 31
0.0
 11
-108.5424553412219
 21
-0.24924463016465706
 31
0.0
 11
-108.53446837009128
 21
-0.258227621344141
 31
0.0
 11
-108.52648235230737
 21
-0.2672162097396489
 31
0.0
 11
-108.5184972858069
 21
-0.2762103937152608
 31
0.0
 11
-108.51051316853737
 21
-0.28521017163549023
 31
0.0
 11
-108.50252999848331
 21
-0.29421554186516663
 31
0.0
 11
-108.49454777352334
 21
-0.30322650276933966
 31
0.0
 11
-108.48656649165747
 21
-0.31224305271374414
 31
0.0
 11
-108.47858615082987
 21
-0.3212651900642774
 31
0.0
 11
-108.47060674896724
 21
-0.33029291318709214
 31
0.0
 11
-108.4626282840261
 21
-0.3393262204488328
 31
0.0
 11
-108.45465075395249
 21
-0.34836511021651856
 31
0.0
 11
-108.44667415669458
 21
-0.35740958085743474
 31
0.0
 11
-108.4386984901631
 21
-0.36645963073919263
 31
0.0
 11
-108.43072375236173
 21
-0.3755152582300205
 31
0.0
 11
-108.42274994118388
 21
-0.38457646169808074
 31
0.0
 11
-108.41477705457618
 21
-0.39364323951220975
 31
0.0
 11
-108.40680509051202
 21
-0.4027155900415041
 31
0.0
 11
-108.39883404689591
 21
-0.41179351165535333
 31
0.0
 11
-108.39086392174043
 21
-0.4208770027237125
 31
0.0
 11
-108.38289471287062
 21
-0.42996606161631107
 31
0.0
 11
-108.37492641829643
 21
-0.4390606867039383
 31
0.0
 11
-108.36695903595313
 21
-0.44816087635735063
 31
0.0
 11
-108.3589925637955
 21
-0.45726662894778136
 31
0.0
 11
-108.3510269997272
 21
-0.466377942846597
 31
0.0
 11
-108.3430623416878
 21
-0.4754948164257522
 31
0.0
 11
-108.33509858767036
 21
-0.4846172480575472
 31
0.0
 11
-108.32713573550289
 21
-0.4937452361141346
 31
0.0
 11
-108.31917378324106
 21
-0.5028787789689355
 31
0.0
 11
-108.31121272873462
 21
-0.5120178749947336
 31
0.0
 11
-108.30325256997968
 21
-0.5211625225654276
 31
0.0
 11
-108.29529330486909
 21
-0.5303127200546771
 31
0.0
 11
-108.28733493132779
 21
-0.5394684658367738
 31
0.0
 11
-108.2793774473683
 21
-0.5486297582865984
 31
0.0
 11
-108.27142085080456
 21
-0.5577965957785206
 31
0.0
 11
-108.26346513966145
 21
-0.5669689766883135
 31
0.0
 11
-108.25551031185772
 21
-0.5761468993914121
 31
0.0
 11
-108.2475563652631
 21
-0.5853303622635122
 31
0.0
 11
-108.2396032979028
 21
-0.5945193636813361
 31
0.0
 11
-108.23165110762888
 21
-0.6037139020210575
 31
0.0
 11
-108.22369979240665
 21
-0.612913975659801
 31
0.0
 11
-108.21574935016761
 21
-0.6221195829748928
 31
0.0
 11
-108.20779977882594
 21
-0.6313307223438454
 31
0.0
 11
-108.19985107634291
 21
-0.6405473921446833
 31
0.0
 11
-108.1919032405766
 21
-0.6497695907553963
 31
0.0
 11
-108.18395626953995
 21
-0.6589973165549864
 31
0.0
 11
-108.17601016109616
 21
-0.6682305679219881
 31
0.0
 11
-108.16806491320459
 21
-0.6774693432359441
 31
0.0
 11
-108.1601205237879
 21
-0.686713640876314
 31
0.0
 11
-108.15217699073384
 21
-0.695963459222854
 31
0.0
 11
-108.1442343120524
 21
-0.7052187966562417
 31
0.0
 11
-108.13629248559151
 21
-0.7144796515565862
 31
0.0
 11
-108.1283515092703
 21
-0.7237460223047274
 31
0.0
 11
-108.12041138106039
 21
-0.7330179072821859
 31
0.0
 11
-108.11247209888153
 21
-0.7422953048705185
 31
0.0
 11
-108.10453366062056
 21
-0.7515782134512818
 31
0.0
 11
-108.0965960642065
 21
-0.7608666314066906
 31
0.0
 11
-108.08865930761591
 21
-0.7701605571196732
 31
0.0
 11
-108.0807233886983
 21
-0.7794599889724411
 31
0.0
 11
-108.07278830537922
 21
-0.7887649253482996
 31
0.0
 11
-108.06485405562927
 21
-0.7980753646309707
 31
0.0
 11
-108.05692063733939
 21
-0.8073913052040171
 31
0.0
 11
-108.04898804840435
 21
-0.8167127454514378
 31
0.0
 11
-108.04105628679856
 21
-0.8260396837579608
 31
0.0
 11
-108.03312535041925
 21
-0.8353721185082011
 31
0.0
 11
-108.02519523712316
 21
-0.8447100480866728
 31
0.0
 11
-108.01726594490458
 21
-0.8540534708794192
 31
0.0
 11
-108.00933747166133
 21
-0.8634023852719132
 31
0.0
 11
-108.001409815283
 21
-0.8727567896499201
 31
0.0
 11
-107.99348297371665
 21
-0.8821166823999818
 31
0.0
 11
-107.9855569448476
 21
-0.8914820619084577
 31
0.0
 11
-107.97763172662565
 21
-0.9008529265625494
 31
0.0
 11
-107.96970731692673
 21
-0.9102292747491635
 31
0.0
 11
-107.96178371368859
 21
-0.9196111048560809
 31
0.0
 11
-107.95386091480545
 21
-0.9289984152709819
 31
0.0
 11
-107.94593891822221
 21
-0.938391204382245
 31
0.0
 11
-107.93801772183147
 21
-0.9477894705781613
 31
0.0
 11
-107.93009732351497
 21
-0.9571932122472773
 31
0.0
 11
-107.92217772125613
 21
-0.966602427779254
 31
0.0
 11
-107.91425891286916
 21
-0.9760171155627017
 31
0.0
 11
-107.90634089634295
 21
-0.9854372739879091
 31
0.0
 11
-107.89842366957062
 21
-0.9948629014447612
 31
0.0
 11
-107.8905072304296
 21
-1.0042939963232522
 31
0.0
 11
-107.88259157685539
 21
-1.0137305570142163
 31
0.0
 11
-107.87467670676591
 21
-1.0231725819086384
 31
0.0
 11
-107.86676261805269
 21
-1.0326200693975587
 31
0.0
 11
-107.8588493085844
 21
-1.042073017872096
 31
0.0
 11
-107.85093677633947
 21
-1.051531425724779
 31
0.0
 11
-107.84302501918587
 21
-1.0609952913472334
 31
0.0
 11
-107.83511403501562
 21
-1.0704646131318531
 31
0.0
 11
-107.82720382177963
 21
-1.0799393894716327
 31
0.0
 11
-107.81929437732659
 21
-1.0894196187590899
 31
0.0
 11
-107.8113856996002
 21
-1.0989052993878976
 31
0.0
 11
-107.80347778649424
 21
-1.1083964297514801
 31
0.0
 11
-107.79557063590578
 21
-1.1178930082436884
 31
0.0
 11
-107.78766424575315
 21
-1.1273950332587976
 31
0.0
 11
-107.77975861390387
 21
-1.136902503190945
 31
0.0
 11
-107.77185373828482
 21
-1.1464154164351374
 31
0.0
 11
-107.76394961680413
 21
-1.1559337713864857
 31
0.0
 11
-107.75604624735473
 21
-1.1654575664402353
 31
0.0
 11
-107.74814362780907
 21
-1.1749867999917007
 31
0.0
 11
-107.74024175611956
 21
-1.1845214704373614
 31
0.0
 11
-107.73234063014267
 21
-1.194061576172945
 31
0.0
 11
-107.72444024779944
 21
-1.2036071155952262
 31
0.0
 11
-107.71654060698353
 21
-1.2131580871008305
 31
0.0
 11
-107.70864170557024
 21
-1.2227144890867028
 31
0.0
 11
-107.70074354150478
 21
-1.2322763199505846
 31
0.0
 11
-107.69284611262331
 21
-1.2418435780895074
 31
0.0
 11
-107.68494941686086
 21
-1.2514162619017755
 31
0.0
 11
-107.67705345213285
 21
-1.260994369785863
 31
0.0
 11
-107.66915821628035
 21
-1.2705779001396145
 31
0.0
 11
-107.66126370723833
 21
-1.2801668513622113
 31
0.0
 11
-107.65336992286807
 21
-1.2897612218523493
 31
0.0
 11
-107.64547686110062
 21
-1.2993610100097936
 31
0.0
 11
-107.63758451982758
 21
-1.308966214234129
 31
0.0
 11
-107.6296928968969
 21
-1.3185768329246415
 31
0.0
 11
-107.62180199023993
 21
-1.3281928644820584
 31
0.0
 11
-107.61391179772531
 21
-1.3378143073064828
 31
0.0
 11
-107.6060223172805
 21
-1.3474411597990752
 31
0.0
 11
-107.59813354676677
 21
-1.3570734203604582
 31
0.0
 11
-107.59024548408314
 21
-1.366711087392004
 31
0.0
 11
-107.58235812712175
 21
-1.37635415929533
 31
0.0
 11
-107.57447147374941
 21
-1.3860026344719112
 31
0.0
 11
-107.56658552187324
 21
-1.3956565113240655
 31
0.0
 11
-107.55870026940741
 21
-1.405315788254537
 31
0.0
 11
-107.55081571420702
 21
-1.4149804636655325
 31
0.0
 11
-107.54293185415489
 21
-1.4246505359598425
 31
0.0
 11
-107.53504868716014
 21
-1.4343260035409806
 31
0.0
 11
-107.52716621109802
 21
-1.444006864812194
 31
0.0
 11
-107.5192844238552
 21
-1.4536931181772987
 31
0.0
 11
-107.51140332332292
 21
-1.4633847620402571
 31
0.0
 11
-107.50352290737045
 21
-1.4730817948051502
 31
0.0
 11
-107.4956431739178
 21
-1.4827842148770274
 31
0.0
 11
-107.48776412080808
 21
-1.4924920206600114
 31
0.0
 11
-107.47988574594017
 21
-1.502205210559406
 31
0.0
 11
-107.4720080472113
 21
-1.5119237829807683
 31
0.0
 11
-107.46413102246845
 21
-1.521647736329077
 31
0.0
 11
-107.45625466965507
 21
-1.5313770690111812
 31
0.0
 11
-107.44837898658788
 21
-1.5411117794321174
 31
0.0
 11
-107.44050397118865
 21
-1.5508518659989228
 31
0.0
 11
-107.43262962132583
 21
-1.5605973271179994
 31
0.0
 11
-107.42475593487012
 21
-1.57034816119614
 31
0.0
 11
-107.4168829097303
 21
-1.5801043666409142
 31
0.0
 11
-107.40901054374535
 21
-1.5898659418590864
 31
0.0
 11
-107.40113883484351
 21
-1.5996328852590966
 31
0.0
 11
-107.39326778083829
 21
-1.6094051952478534
 31
0.0
 11
-107.38539737967514
 21
-1.619182870234637
 31
0.0
 11
-107.3775276292097
 21
-1.6289659086274628
 31
0.0
 11
-107.36965852728207
 21
-1.6387543088345558
 31
0.0
 11
-107.36179007181468
 21
-1.6485480692654613
 31
0.0
 11
-107.35392226067474
 21
-1.6583471883293406
 31
0.0
 11
-107.3460550917128
 21
-1.6681516644351633
 31
0.0
 11
-107.33818856282302
 21
-1.6779614959930695
 31
0.0
 11
-107.33032267191398
 21
-1.6877766814134068
 31
0.0
 11
-107.3224574167781
 21
-1.6975972191051458
 31
0.0
 11
-107.314592795356
 21
-1.7074231074798443
 31
0.0
 11
-107.30672880551465
 21
-1.7172543449481152
 31
0.0
 11
-107.29886544509337
 21
-1.7270909299203319
 31
0.0
 11
-107.29100271201494
 21
-1.736932860808559
 31
0.0
 11
-107.28314060409059
 21
-1.7467801360232231
 31
0.0
 11
-107.27527911922601
 21
-1.7566327539766242
 31
0.0
 11
-107.26741825531835
 21
-1.7664907130810938
 31
0.0
 11
-107.25955801018033
 21
-1.7763540117479708
 31
0.0
 11
-107.251698381729
 21
-1.7862226483903707
 31
0.0
 11
-107.24383936780289
 21
-1.7960966214205556
 31
0.0
 11
-107.23598096630376
 21
-1.805975929251901
 31
0.0
 11
-107.22812317506296
 21
-1.8158605702970423
 31
0.0
 11
-107.22026599195632
 21
-1.8257505429694663
 31
0.0
 11
-107.21240941490491
 21
-1.8356458456837328
 31
0.0
 11
-107.20455344171147
 21
-1.845546476852586
 31
0.0
 11
-107.19669807027425
 21
-1.8554524348908377
 31
0.0
 11
-107.18884329842224
 21
-1.8653637182121139
 31
0.0
 11
-107.18098912406543
 21
-1.8752803252317862
 31
0.0
 11
-107.1731355450901
 21
-1.8852022543651186
 31
0.0
 11
-107.16528255926836
 21
-1.8951295040255143
 31
0.0
 11
-107.15743016455647
 21
-1.9050620726300023
 31
0.0
 11
-107.14957835879483
 21
-1.91499995859358
 31
0.0
 11
-107.14172713981314
 21
-1.9249431603315736
 31
0.0
 11
-107.13387650549895
 21
-1.934891676260345
 31
0.0
 11
-107.12602645373613
 21
-1.9448455047965831
 31
0.0
 11
-107.11817698235056
 21
-1.9548046443561198
 31
0.0
 11
-107.11032808921611
 21
-1.9647690933559405
 31
0.0
 11
-107.1024797722253
 21
-1.9747388502134775
 31
0.0
 11
-107.09463202917853
 21
-1.984713913344848
 31
0.0
 11
-107.08678485798599
 21
-1.99469428116843
 31
0.0
 11
-107.07893825648716
 21
-2.0046799521013914
 31
0.0
 11
-107.07109222254539
 21
-2.014670924561816
 31
0.0
 11
-107.06324675402966
 21
-2.0246671969678465
 31
0.0
 11
-107.05540184877903
 21
-2.0346687677375335
 31
0.0
 11
-107.04755750467238
 21
-2.044675635289822
 31
0.0
 11
-107.03971371955785
 21
-2.054687798043259
 31
0.0
 11
-107.03187049128907
 21
-2.0647052544167765
 31
0.0
 11
-107.02402781771843
 21
-2.074728002829561
 31
0.0
 11
-107.01618569672485
 21
-2.084756041701545
 31
0.0
 11
-107.00834412615872
 21
-2.094789369452155
 31
0.0
 11
-107.0005031038426
 21
-2.104827984500782
 31
0.0
 11
-106.99266262767978
 21
-2.11487188526844
 31
0.0
 11
-106.98482269548619
 21
-2.124921070174657
 31
0.0
 11
-106.97698330513317
 21
-2.134975537640422
 31
0.0
 11
-106.96914445448347
 21
-2.145035286086644
 31
0.0
 11
-106.96130614138707
 21
-2.155100313934254
 31
0.0
 11
-106.9534683636794
 21
-2.165170619604113
 31
0.0
 11
-106.94563111921542
 21
-2.175246201517699
 31
0.0
 11
-106.93779440588527
 21
-2.1853270580974824
 31
0.0
 11
-106.92995822147635
 21
-2.1954131877639695
 31
0.0
 11
-106.9221225638937
 21
-2.205504588940386
 31
0.0
 11
-106.91428743097269
 21
-2.215601260048712
 31
0.0
 11
-106.90645282055992
 21
-2.225703199511328
 31
0.0
 11
-106.89861873050224
 21
-2.2358104057508914
 31
0.0
 11
-106.89078515864239
 21
-2.245922877190287
 31
0.0
 11
-106.88295210286674
 21
-2.256040612253347
 31
0.0
 11
-106.87511956097161
 21
-2.266163609362373
 31
0.0
 11
-106.86728753083412
 21
-2.276291866941539
 31
0.0
 11
-106.85945601030963
 21
-2.286425383414735
 31
0.0
 11
-106.85162499723089
 21
-2.296564157205729
 31
0.0
 11
-106.84379448944644
 21
-2.306708186738699
 31
0.0
 11
-106.83596448479504
 21
-2.316857470437876
 31
0.0
 11
-106.8281349811477
 21
-2.327012006728453
 31
0.0
 11
-106.82030597632881
 21
-2.337171794034687
 31
0.0
 11
-106.81247746817141
 21
-2.3473368307814204
 31
0.0
 11
-106.80464945455967
 21
-2.3575071153947373
 31
0.0
 11
-106.79682193331158
 21
-2.367682646299439
 31
0.0
 11
-106.78899490227214
 21
-2.377863421921176
 31
0.0
 11
-106.78116835927992
 21
-2.3880494406857133
 31
0.0
 11
-106.7733423021994
 21
-2.3982407010195637
 31
0.0
 11
-106.76551672885137
 21
-2.408437201348422
 31
0.0
 11
-106.7576916370792
 21
-2.4186389400987935
 31
0.0
 11
-106.74986702474067
 21
-2.428845915697672
 31
0.0
 11
-106.74204288967472
 21
-2.4390581265718367
 31
0.0
 11
-106.73421922969956
 21
-2.449275571147798
 31
0.0
 11
-106.726396042654
 21
-2.4594982478527387
 31
0.0
 11
-106.71857332643263
 21
-2.4697261551152914
 31
0.0
 11
-106.71075107880735
 21
-2.479959291361607
 31
0.0
 11
-106.70292929765633
 21
-2.4901976550204
 31
0.0
 11
-106.69510798081875
 21
-2.500441244519597
 31
0.0
 11
-106.68728712608751
 21
-2.510690058286427
 31
0.0
 11
-106.67946673137567
 21
-2.520944094751052
 31
0.0
 11
-106.67164679446262
 21
-2.5312033523405972
 31
0.0
 11
-106.66382731318784
 21
-2.5414678294840365
 31
0.0
 11
-106.65600828543138
 21
-2.551737524611233
 31
0.0
 11
-106.64818970897934
 21
-2.562012436150291
 31
0.0
 11
-106.64037158169573
 21
-2.5722925625311426
 31
0.0
 11
-106.63255390140043
 21
-2.5825779021829995
 31
0.0
 11
-106.62473666593453
 21
-2.592868453535689
 31
0.0
 11
-106.61691987314795
 21
-2.6031642150195955
 31
0.0
 11
-106.60910352084304
 21
-2.61346518506395
 31
0.0
 11
-106.6012876068776
 21
-2.623771362099724
 31
0.0
 11
-106.59347212908567
 21
-2.634082744557363
 31
0.0
 11
-106.58565708526763
 21
-2.644399330866674
 31
0.0
 11
-106.57784247330088
 21
-2.654721119459706
 31
0.0
 11
-106.5700282909992
 21
-2.665048108766986
 31
0.0
 11
-106.56221453615676
 21
-2.6753802972188288
 31
0.0
 11
-106.55440120665511
 21
-2.6857176832478364
 31
0.0
 11
-106.54658830033081
 21
-2.69606026528573
 31
0.0
 11
-106.53877581496866
 21
-2.706408041763157
 31
0.0
 11
-106.53096374841982
 21
-2.716761011112535
 31
0.0
 11
-106.52315209851344
 21
-2.7271191717660104
 31
0.0
 11
-106.51534086308307
 21
-2.737482522155985
 31
0.0
 11
-106.5075300399526
 21
-2.747851060714754
 31
0.0
 11
-106.49971962694438
 21
-2.7582247858748534
 31
0.0
 11
-106.49190962189014
 21
-2.7686036960691993
 31
0.0
 11
-106.48410002262409
 21
-2.7789877897310094
 31
0.0
 11
-106.47629082696999
 21
-2.7893770652932726
 31
0.0
 11
-106.46848203273233
 21
-2.7997715211887977
 31
0.0
 11
-106.46067363778587
 21
-2.8101711558523776
 31
0.0
 11
-106.45286563991228
 21
-2.820575967716539
 31
0.0
 11
-106.44505803694307
 21
-2.83098595521535
 31
0.0
 11
-106.43725082670554
 21
-2.8414011167828064
 31
0.0
 11
-106.42944400703244
 21
-2.8518214508534716
 31
0.0
 11
-106.42163757575126
 21
-2.8622469558616657
 31
0.0
 11
-106.4138315306654
 21
-2.872677630241479
 31
0.0
 11
-106.40602586962122
 21
-2.883113472428241
 31
0.0
 11
-106.39822059041582
 21
-2.8935544808560834
 31
0.0
 11
-106.39041569090445
 21
-2.904000653960987
 31
0.0
 11
-106.3826111688648
 21
-2.914451990176953
 31
0.0
 11
-106.37480702215618
 21
-2.9249084879403364
 31
0.0
 11
-106.36700324859918
 21
-2.935370145686712
 31
0.0
 11
-106.35919984595839
 21
-2.945836961850276
 31
0.0
 11
-106.3513968121356
 21
-2.9563089348690528
 31
0.0
 11
-106.34359414490626
 21
-2.9667860631778873
 31
0.0
 11
-106.33579184207245
 21
-2.9772683452125284
 31
0.0
 11
-106.32798990149467
 21
-2.987755779410388
 31
0.0
 11
-106.32018832096036
 21
-2.9982483642071993
 31
0.0
 11
-106.3123870983025
 21
-3.008746098039999
 31
0.0
 11
-106.30458623134612
 21
-3.0192489793458224
 31
0.0
 11
-106.29678571786715
 21
-3.029757006560479
 31
0.0
 11
-106.28898555572783
 21
-3.040270178122493
 31
0.0
 11
-106.28118574273363
 21
-3.0507884924687114
 31
0.0
 11
-106.2733862766833
 21
-3.0613119480362356
 31
0.0
 11
-106.26558715542318
 21
-3.0718405432634652
 31
0.0
 11
-106.25778837673268
 21
-3.0823742765871325
 31
0.0
 11
-106.24998993844139
 21
-3.0929131464456763
 31
0.0
 11
-106.24219183836556
 21
-3.103457151277129
 31
0.0
 11
-106.23439407434066
 21
-3.1140062895203937
 31
0.0
 11
-106.22659664413236
 21
-3.124560559612445
 31
0.0
 11
-106.21879954557457
 21
-3.1351199599924637
 31
0.0
 11
-106.21100277650721
 21
-3.145684489099838
 31
0.0
 11
-106.2032063347053
 21
-3.1562541453723414
 31
0.0
 11
-106.19541021800924
 21
-3.166828927249844
 31
0.0
 11
-106.18761442421236
 21
-3.1774088331708854
 31
0.0
 11
-106.17981895111035
 21
-3.1879938615742756
 31
0.0
 11
-106.17202379655231
 21
-3.1985840109005874
 31
0.0
 11
-106.16422895833927
 21
-3.2091792795891614
 31
0.0
 11
-106.15643443423859
 21
-3.2197796660784244
 31
0.0
 11
-106.14864022211974
 21
-3.230385168810002
 31
0.0
 11
-106.1408463197532
 21
-3.240995786222729
 31
0.0
 11
-106.13305272495248
 21
-3.2516115167569897
 31
0.0
 11
-106.125259435563
 21
-3.2622323588541198
 31
0.0
 11
-106.117466449313
 21
-3.2728583109521514
 31
0.0
 11
-106.10967376408682
 21
-3.283489371494022
 31
0.0
 11
-106.10188137766708
 21
-3.2941255389196953
 31
0.0
 11
-106.09408928783256
 21
-3.304766811669159
 31
0.0
 11
-106.0862974924284
 21
-3.3154131881846127
 31
0.0
 11
-106.07850598925106
 21
-3.3260646669069
 31
0.0
 11
-106.07071477610819
 21
-3.336721246277362
 31
0.0
 11
-106.06292385075658
 21
-3.3473829247358857
 31
0.0
 11
-106.05513321108418
 21
-3.358049700726687
 31
0.0
 11
-106.04734285482432
 21
-3.3687215726891604
 31
0.0
 11
-106.03955277980698
 21
-3.3793985390659897
 31
0.0
 11
-106.03176298386849
 21
-3.3900805983001314
 31
0.0
 11
-106.02397346473872
 21
-3.4007677488313304
 31
0.0
 11
-106.01618422028768
 21
-3.411459989104051
 31
0.0
 11
-106.00839524827266
 21
-3.422157317559106
 31
0.0
 11
-106.00060654654513
 21
-3.432859732640576
 31
0.0
 11
-105.992818112856
 21
-3.443567232789486
 31
0.0
 11
-105.98502994500714
 21
-3.454279816448648
 31
0.0
 11
-105.97724204084629
 21
-3.4649974820623712
 31
0.0
 11
-105.96945439813592
 21
-3.475720228072518
 31
0.0
 11
-105.9616670146989
 21
-3.4864480529228787
 31
0.0
 11
-105.95387988828024
 21
-3.497180955054962
 31
0.0
 11
-105.94609301675507
 21
-3.5079189329147025
 31
0.0
 11
-105.93830639789803
 21
-3.5186619849447767
 31
0.0
 11
-105.93052002946072
 21
-3.5294101095872636
 31
0.0
 11
-105.92273390929292
 21
-3.5401633052876478
 31
0.0
 11
-105.9149480351719
 21
-3.5509215704891863
 31
0.0
 11
-105.90716240491983
 21
-3.561684903636679
 31
0.0
 11
-105.89937701627949
 21
-3.5724533031724888
 31
0.0
 11
-105.89159186709739
 21
-3.5832267675425564
 31
0.0
 11
-105.88380695515923
 21
-3.594005295190864
 31
0.0
 11
-105.87602227822933
 21
-3.6047888845608904
 31
0.0
 11
-105.86823783414566
 21
-3.6155775340987044
 31
0.0
 11
-105.86045362068121
 21
-3.6263712422482497
 31
0.0
 11
-105.85266963564887
 21
-3.6371700074551065
 31
0.0
 11
-105.84488587679424
 21
-3.647973828162486
 31
0.0
 11
-105.83710234194953
 21
-3.6587827028168456
 31
0.0
 11
-105.82931902892686
 21
-3.6695966298640914
 31
0.0
 11
-105.8215359354791
 21
-3.6804156077481123
 31
0.0
 11
-105.81375305941084
 21
-3.691239634914758
 31
0.0
 11
-105.80597039852398
 21
-3.7020687098099208
 31
0.0
 11
-105.79818795060692
 21
-3.712902830879147
 31
0.0
 11
-105.7904057134465
 21
-3.7237419965681045
 31
0.0
 11
-105.78262368481434
 21
-3.734586205321995
 31
0.0
 11
-105.77484186253866
 21
-3.7454354555881
 31
0.0
 11
-105.76706024440685
 21
-3.7562897458124342
 31
0.0
 11
-105.75927882816778
 21
-3.767149074439812
 31
0.0
 11
-105.75149761164089
 21
-3.7780134399176264
 31
0.0
 11
-105.7437165926281
 21
-3.7888828406927813
 31
0.0
 11
-105.73593576889871
 21
-3.799757275211083
 31
0.0
 11
-105.72815513823146
 21
-3.8106367419189366
 31
0.0
 11
-105.7203746984351
 21
-3.821521239263759
 31
0.0
 11
-105.71259444729337
 21
-3.83241076569233
 31
0.0
 11
-105.70481438258365
 21
-3.8433053196513147
 31
0.0
 11
-105.69703450207317
 21
-3.8542048995869838
 31
0.0
 11
-105.68925480360599
 21
-3.865109503948714
 31
0.0
 11
-105.6814752849372
 21
-3.876019131182618
 31
0.0
 11
-105.67369594383013
 21
-3.886933779735311
 31
0.0
 11
-105.66591677809781
 21
-3.897853448055207
 31
0.0
 11
-105.65813778551002
 21
-3.9087781345894808
 31
0.0
 11
-105.65035896387995
 21
-3.9197078377867443
 31
0.0
 11
-105.6425803109399
 21
-3.9306425560929608
 31
0.0
 11
-105.63480182451582
 21
-3.9415822879576305
 31
0.0
 11
-105.62702350239842
 21
-3.952527031828881
 31
0.0
 11
-105.61924534232864
 21
-3.9634767861533673
 31
0.0
 11
-105.61146734212171
 21
-3.974431549380396
 31
0.0
 11
-105.60368949953362
 21
-3.9853913199573068
 31
0.0
 11
-105.5959118124003
 21
-3.996356096334514
 31
0.0
 11
-105.58813427843737
 21
-4.007325876958001
 31
0.0
 11
-105.58035689544103
 21
-4.018300660276896
 31
0.0
 11
-105.57257966124166
 21
-4.029280444741745
 31
0.0
 11
-105.56480257355598
 21
-4.040265228798922
 31
0.0
 11
-105.55702563020077
 21
-4.051255010898577
 31
0.0
 11
-105.54924882893404
 21
-4.062249789488912
 31
0.0
 11
-105.54147216756674
 21
-4.073249563020169
 31
0.0
 11
-105.53369564385268
 21
-4.0842543299404035
 31
0.0
 11
-105.52591925555481
 21
-4.0952640886983085
 31
0.0
 11
-105.51814300049452
 21
-4.1062788377448545
 31
0.0
 11
-105.51036687642026
 21
-4.1172985755282845
 31
0.0
 11
-105.50259088112519
 21
-4.128323300498633
 31
0.0
 11
-105.4948150123529
 21
-4.139353011104194
 31
0.0
 11
-105.48703926792396
 21
-4.150387705796327
 31
0.0
 11
-105.47926364560838
 21
-4.161427383024469
 31
0.0
 11
-105.47148814314139
 21
-4.172472041236872
 31
0.0
 11
-105.46371275833181
 21
-4.183521678884787
 31
0.0
 11
-105.45593748895834
 21
-4.1945762944182405
 31
0.0
 11
-105.44816233278847
 21
-4.205635886287096
 31
0.0
 11
-105.44038728758261
 21
-4.216700452940842
 31
0.0
 11
-105.4326123511265
 21
-4.227769992830302
 31
0.0
 11
-105.42483752120931
 21
-4.238844504406261
 31
0.0
 11
-105.41706279559683
 21
-4.24992398611885
 31
0.0
 11
-105.40928817202918
 21
-4.261008436417248
 31
0.0
 11
-105.40151364831632
 21
-4.272097853753503
 31
0.0
 11
-105.39373922221989
 21
-4.283192236577759
 31
0.0
 11
-105.38596489149901
 21
-4.294291583340234
 31
0.0
 11
-105.37819065393947
 21
-4.305395892492234
 31
0.0
 11
-105.37041650732601
 21
-4.316505162485207
 31
0.0
 11
-105.36264244941297
 21
-4.327619391769405
 31
0.0
 11
-105.35486847796125
 21
-4.3387385787954305
 31
0.0
 11
-105.34709459074811
 21
-4.349862722014599
 31
0.0
 11
-105.33932078555019
 21
-4.360991819878431
 31
0.0
 11
-105.33154706013804
 21
-4.372125870838099
 31
0.0
 11
-105.32377341227313
 21
-4.38326487334467
 31
0.0
 11
-105.31599983970949
 21
-4.394408825848845
 31
0.0
 11
-105.30822634025547
 21
-4.4055577268037185
 31
0.0
 11
-105.30045291165133
 21
-4.416711574659635
 31
0.0
 11
-105.29267955166567
 21
-4.427870367868248
 31
0.0
 11
-105.28490625807156
 21
-4.439034104881392
 31
0.0
 11
-105.2771330286294
 21
-4.450202784150539
 31
0.0
 11
-105.26935986111788
 21
-4.461376404127927
 31
0.0
 11
-105.26158675329076
 21
-4.472554963264911
 31
0.0
 11
-105.25381370291188
 21
-4.48373846001326
 31
0.0
 11
-105.24604070776292
 21
-4.494926892825674
 31
0.0
 11
-105.238267765594
 21
-4.506120260153543
 31
0.0
 11
-105.23049487418356
 21
-4.517318560449499
 31
0.0
 11
-105.22272203128215
 21
-4.528521792165196
 31
0.0
 11
-105.2149492346519
 21
-4.539729953752672
 31
0.0
 11
-105.20717648207403
 21
-4.550943043665055
 31
0.0
 11
-105.19940377129527
 21
-4.56216106035387
 31
0.0
 11
-105.19163110010194
 21
-4.573384002272624
 31
0.0
 11
-105.1838584662057
 21
-4.584611867871509
 31
0.0
 11
-105.17608586743205
 21
-4.59584465560579
 31
0.0
 11
-105.1683133015201
 21
-4.607082363927099
 31
0.0
 11
-105.1605407661939
 21
-4.618324991286327
 31
0.0
 11
-105.15276825927434
 21
-4.629572536138916
 31
0.0
 11
-105.14499577848215
 21
-4.640824996935754
 31
0.0
 11
-105.13722332159158
 21
-4.65208237213024
 31
0.0
 11
-105.1294508863619
 21
-4.663344660175232
 31
0.0
 11
-105.12167847054688
 21
-4.6746118595233686
 31
0.0
 11
-105.11390607190933
 21
-4.6858839686277065
 31
0.0
 11
-105.1061336882191
 21
-4.69716098594183
 31
0.0
 11
-105.0983613172405
 21
-4.708442909918956
 31
0.0
 11
-105.09058895667339
 21
-4.71972973900962
 31
0.0
 11
-105.0828166043561
 21
-4.731021471670584
 31
0.0
 11
-105.07504425801577
 21
-4.742318106353689
 31
0.0
 11
-105.06727191536898
 21
-4.7536196415103555
 31
0.0
 11
-105.05949957423586
 21
-4.764926075596787
 31
0.0
 11
-105.05172723233204
 21
-4.7762374070644364
 31
0.0
 11
-105.04395488743616
 21
-4.78755363436772
 31
0.0
 11
-105.03618253729985
 21
-4.798874755959892
 31
0.0
 11
-105.02841017966597
 21
-4.810200770293905
 31
0.0
 11
-105.02063781230214
 21
-4.82153167582382
 31
0.0
 11
-105.01286543296104
 21
-4.83286747100316
 31
0.0
 11
-105.00509303938207
 21
-4.844208154284853
 31
0.0
 11
-104.99732062933921
 21
-4.855553724123429
 31
0.0
 11
-104.98954820060091
 21
-4.866904178973319
 31
0.0
 11
-104.98177575087458
 21
-4.878259517286139
 31
0.0
 11
-104.97400327795303
 21
-4.88961973751747
 31
0.0
 11
-104.96623077957271
 21
-4.9009848381204755
 31
0.0
 11
-104.95845825349106
 21
-4.912354817549162
 31
0.0
 11
-104.95068569744934
 21
-4.923729674257022
 31
0.0
 11
-104.94291310919513
 21
-4.935109406697751
 31
0.0
 11
-104.93514048654252
 21
-4.946494013328281
 31
0.0
 11
-104.92736782715907
 21
-4.957883492598654
 31
0.0
 11
-104.91959512882852
 21
-4.969277842964613
 31
0.0
 11
-104.91182238930973
 21
-4.980677062880508
 31
0.0
 11
-104.90404960633994
 21
-4.992081150799994
 31
0.0
 11
-104.89627677769116
 21
-5.003490105178148
 31
0.0
 11
-104.88850390107154
 21
-5.014903924467335
 31
0.0
 11
-104.88073097429634
 21
-5.0263226071248
 31
0.0
 11
-104.872957995044
 21
-5.037746151601577
 31
0.0
 11
-104.86518496109144
 21
-5.049174556353219
 31
0.0
 11
-104.85741187020923
 21
-5.0606078198351785
 31
0.0
 11
-104.8496387201062
 21
-5.072045940499925
 31
0.0
 11
-104.84186550855526
 21
-5.083488916803018
 31
0.0
 11
-104.83409223329699
 21
-5.094936747198644
 31
0.0
 11
-104.82631889208908
 21
-5.106389430141674
 31
0.0
 11
-104.8185454826415
 21
-5.117846964084886
 31
0.0
 11
-104.81077200273972
 21
-5.129309347484638
 31
0.0
 11
-104.80299845012738
 21
-5.140776578795341
 31
0.0
 11
-104.79522482251987
 21
-5.15224865647011
 31
0.0
 11
-104.78745111770658
 21
-5.163725578965587
 31
0.0
 11
-104.77967733337299
 21
-5.175207344733531
 31
0.0
 11
-104.77190346731882
 21
-5.186693952231275
 31
0.0
 11
-104.76412951727887
 21
-5.198185399912951
 31
0.0
 11
-104.75635548094877
 21
-5.209681686230866
 31
0.0
 11
-104.74858135615398
 21
-5.22118280964372
 31
0.0
 11
-104.74080714055373
 21
-5.23268876860208
 31
0.0
 11
-104.73303283194058
 21
-5.244199561563137
 31
0.0
 11
-104.72525842806051
 21
-5.255715186981805
 31
0.0
 11
-104.71748392663592
 21
-5.267235643311842
 31
0.0
 11
-104.70970932541073
 21
-5.278760929008078
 31
0.0
 11
-104.70193462212602
 21
-5.290291042525366
 31
0.0
 11
-104.69415981454499
 21
-5.3018259823195315
 31
0.0
 11
-104.68638490037317
 21
-5.313365746843698
 31
0.0
 11
-104.67860987738437
 21
-5.324910334554338
 31
0.0
 11
-104.67083474327863
 21
-5.336459743904253
 31
0.0
 11
-104.66305949583706
 21
-5.348013973350452
 31
0.0
 11
-104.6552841327958
 21
-5.35957302134759
 31
0.0
 11
-104.64750865185499
 21
-5.37113688634855
 31
0.0
 11
-104.63973305080565
 21
-5.382705566810948
 31
0.0
 11
-104.63195732733854
 21
-5.394279061187187
 31
0.0
 11
-104.62418147923262
 21
-5.405857367934327
 31
0.0
 11
-104.61640550419828
 21
-5.417440485505874
 31
0.0
 11
-104.60862939998658
 21
-5.429028412357459
 31
0.0
 11
-104.60085316433101
 21
-5.440621146943781
 31
0.0
 11
-104.59307679496281
 21
-5.452218687719539
 31
0.0
 11
-104.58530028964618
 21
-5.463821033141128
 31
0.0
 11
-104.5775236460694
 21
-5.475428181661051
 31
0.0
 11
-104.56974686201319
 21
-5.48704013173652
 31
0.0
 11
-104.56196993519133
 21
-5.49865688182141
 31
0.0
 11
-104.55419286333048
 21
-5.510278430370285
 31
0.0
 11
-104.54641564418922
 21
-5.521904775839269
 31
0.0
 11
-104.53863827550407
 21
-5.533535916683586
 31
0.0
 11
-104.53086075499206
 21
-5.545171851357162
 31
0.0
 11
-104.52308308037843
 21
-5.556812578314606
 31
0.0
 11
-104.51530524942898
 21
-5.56845809601256
 31
0.0
 11
-104.50752725985338
 21
-5.580108402904794
 31
0.0
 11
-104.49974910938398
 21
-5.591763497446204
 31
0.0
 11
-104.49197079577307
 21
-5.6034233780929075
 31
0.0
 11
-104.4841923167201
 21
-5.615088043298024
 31
0.0
 11
-104.47641367001859
 21
-5.626757491519875
 31
0.0
 11
-104.46863485332763
 21
-5.638431721209477
 31
0.0
 11
-104.4608558644152
 21
-5.650110730823854
 31
0.0
 11
-104.45307670103938
 21
-5.661794518819336
 31
0.0
 11
-104.44529736086196
 21
-5.673483083647188
 31
0.0
 11
-104.43751784167003
 21
-5.685176423765471
 31
0.0
 11
-104.42973814117569
 21
-5.696874537628105
 31
0.0
 11
-104.42195825712636
 21
-5.70857742369098
 31
0.0
 11
-104.41417818721418
 21
-5.72028508040698
 31
0.0
 11
-104.40639792919454
 21
-5.731997506232499
 31
0.0
 11
-104.39861748080789
 21
-5.743714699623035
 31
0.0
 11
-104.39083683974289
 21
-5.755436659031333
 31
0.0
 11
-104.38305600379167
 21
-5.7671633829157525
 31
0.0
 11
-104.37527497061048
 21
-5.7788948697272575
 31
0.0
 11
-104.36749373796678
 21
-5.790631117922862
 31
0.0
 11
-104.35971230358864
 21
-5.802372125957501
 31
0.0
 11
-104.35193066517492
 21
-5.814117892284446
 31
0.0
 11
-104.3441488205104
 21
-5.82586841536175
 31
0.0
 11
-104.33636676727015
 21
-5.837623693641359
 31
0.0
 11
-104.3285845032089
 21
-5.849383725579617
 31
0.0
 11
-104.32080202601267
 21
-5.861148509629161
 31
0.0
 11
-104.31301933346639
 21
-5.872918044248038
 31
0.0
 11
-104.30523642324994
 21
-5.884692327888399
 31
0.0
 11
-104.2974532930741
 21
-5.896471359004301
 31
0.0
 11
-104.28966994075437
 21
-5.908255136055449
 31
0.0
 11
-104.28188636390398
 21
-5.920043657490339
 31
0.0
 11
-104.27410256031362
 21
-5.931836921767364
 31
0.0
 11
-104.26631852769107
 21
-5.943634927340267
 31
0.0
 11
-104.25853426375842
 21
-5.955437672663692
 31
0.0
 11
-104.2507497662528
 21
-5.9672451561929
 31
0.0
 11
-104.24296503285287
 21
-5.979057376380084
 31
0.0
 11
-104.23518006135927
 21
-5.990874331684187
 31
0.0
 11
-104.22739484940777
 21
-6.002696020554775
 31
0.0
 11
-104.21960939477492
 21
-6.014522441449588
 31
0.0
 11
-104.21182369517214
 21
-6.026353592822433
 31
0.0
 11
-104.20403774830831
 21
-6.038189473127133
 31
0.0
 11
-104.196251551936
 21
-6.050030080819857
 31
0.0
 11
-104.18846510371532
 21
-6.061875414351578
 31
0.0
 11
-104.18067840145031
 21
-6.0737254721814855
 31
0.0
 11
-104.17289144279465
 21
-6.085580252760056
 31
0.0
 11
-104.16510422548896
 21
-6.097439754542814
 31
0.0
 11
-104.15731674725895
 21
-6.109303975984404
 31
0.0
 11
-104.14952900581001
 21
-6.121172915538316
 31
0.0
 11
-104.14174099889019
 21
-6.133046571660483
 31
0.0
 11
-104.13395272419442
 21
-6.144924942803608
 31
0.0
 11
-104.12616417944389
 21
-6.156808027422154
 31
0.0
 11
-104.11837536234032
 21
-6.168695823969185
 31
0.0
 11
-104.11058627065287
 21
-6.180588330901881
 31
0.0
 11
-104.10279690206112
 21
-6.192485546672004
 31
0.0
 11
-104.09500725426824
 21
-6.204387469732789
 31
0.0
 11
-104.08721732503058
 21
-6.216294098540565
 31
0.0
 11
-104.07942711202955
 21
-6.22820543154718
 31
0.0
 11
-104.07163661301132
 21
-6.240121467208376
 31
0.0
 11
-104.0638458256818
 21
-6.252042203977327
 31
0.0
 11
-104.05605474774728
 21
-6.2639676403073485
 31
0.0
 11
-104.04826337691664
 21
-6.275897774651832
 31
0.0
 11
-104.0404717109421
 21
-6.287832605466813
 31
0.0
 11
-104.03267974751795
 21
-6.299772131204723
 31
0.0
 11
-104.02488748431959
 21
-6.311716350316854
 31
0.0
 11
-104.01709491914579
 21
-6.323665261262005
 31
0.0
 11
-104.00930204963547
 21
-6.33561886248916
 31
0.0
 11
-104.00150887352696
 21
-6.347577152453448
 31
0.0
 11
-103.9937153885671
 21
-6.359540129610269
 31
0.0
 11
-103.98592159240593
 21
-6.371507792409316
 31
0.0
 11
-103.97812748280546
 21
-6.383480139307002
 31
0.0
 11
-103.97033305746152
 21
-6.395457168755666
 31
0.0
 11
-103.96253831408386
 21
-6.407438879208422
 31
0.0
 11
-103.95474325040385
 21
-6.419425269119824
 31
0.0
 11
-103.9469478641022
 21
-6.431416336941088
 31
0.0
 11
-103.93915215292348
 21
-6.4434120811275255
 31
0.0
 11
-103.93135611455088
 21
-6.455412500130439
 31
0.0
 11
-103.92355974668969
 21
-6.46741759240264
 31
0.0
 11
-103.91576304709754
 21
-6.479427356400031
 31
0.0
 11
-103.90796601344397
 21
-6.491441790573046
 31
0.0
 11
-103.90016864345382
 21
-6.503460893375577
 31
0.0
 11
-103.89237093481907
 21
-6.515484663259279
 31
0.0
 11
-103.8845728852807
 21
-6.527513098679083
 31
0.0
 11
-103.87677449253047
 21
-6.539546198086562
 31
0.0
 11
-103.86897575426498
 21
-6.551583959933692
 31
0.0
 11
-103.8611766682263
 21
-6.563626382675182
 31
0.0
 11
-103.85337723208296
 21
-6.575673464761157
 31
0.0
 11
-103.84557744356778
 21
-6.587725204645719
 31
0.0
 11
-103.83777730039412
 21
-6.599781600781699
 31
0.0
 11
-103.82997680026124
 21
-6.611842651620952
 31
0.0
 11
-103.82217594084537
 21
-6.623908355613907
 31
0.0
 11
-103.81437471991387
 21
-6.635978711216766
 31
0.0
 11
-103.80657313514281
 21
-6.648053716879777
 31
0.0
 11
-103.79877118421145
 21
-6.660133371053376
 31
0.0
 11
-103.79096886488539
 21
-6.6722176721935
 31
0.0
 11
-103.78316617483088
 21
-6.684306618749671
 31
0.0
 11
-103.77536311174177
 21
-6.696400209173122
 31
0.0
 11
-103.76755967335157
 21
-6.708498441917651
 31
0.0
 11
-103.75975585736268
 21
-6.720601315434959
 31
0.0
 11
-103.75195166147152
 21
-6.732708828176267
 31
0.0
 11
-103.74414708339303
 21
-6.744820978593991
 31
0.0
 11
-103.73634212080353
 21
-6.756937765138041
 31
0.0
 11
-103.7285367714447
 21
-6.769059186262521
 31
0.0
 11
-103.72073103299927
 21
-6.781185240417471
 31
0.0
 11
-103.71292490316699
 21
-6.793315926054263
 31
0.0
 11
-103.70511837967342
 21
-6.805451241625678
 31
0.0
 11
-103.69731146018334
 21
-6.8175911855805955
 31
0.0
 11
-103.68950414243592
 21
-6.829735756372728
 31
0.0
 11
-103.68169642413213
 21
-6.841884952453095
 31
0.0
 11
-103.6738883029518
 21
-6.854038772271446
 31
0.0
 11
-103.66607977659758
 21
-6.866197214278796
 31
0.0
 11
-103.65827084278239
 21
-6.878360276927012
 31
0.0
 11
-103.65046149921156
 21
-6.890527958667134
 31
0.0
 11
-103.64265174358493
 21
-6.902700257950014
 31
0.0
 11
-103.63484157360394
 21
-6.914877173226411
 31
0.0
 11
-103.62703098694143
 21
-6.927058702945166
 31
0.0
 11
-103.6192199813275
 21
-6.939244845558973
 31
0.0
 11
-103.61140855446783
 21
-6.951435599518659
 31
0.0
 11
-103.60359670403933
 21
-6.963630963273153
 31
0.0
 11
-103.59578442773696
 21
-6.975830935272623
 31
0.0
 11
-103.58797172330529
 21
-6.988035513970335
 31
0.0
 11
-103.58015858839353
 21
-7.000244697813205
 31
0.0
 11
-103.57234502069988
 21
-7.012458485251342
 31
0.0
 11
-103.56453101797915
 21
-7.024676874738628
 31
0.0
 11
-103.55671657786502
 21
-7.036899864720676
 31
0.0
 11
-103.54890169809549
 21
-7.049127453650109
 31
0.0
 11
-103.54108637635154
 21
-7.061359639975616
 31
0.0
 11
-103.53327061031938
 21
-7.073596422146215
 31
0.0
 11
-103.52545439773567
 21
-7.085837798614168
 31
0.0
 11
-103.51763773625055
 21
-7.098083767825989
 31
0.0
 11
-103.5098206235853
 21
-7.110334328232709
 31
0.0
 11
-103.50200305743853
 21
-7.12258947828398
 31
0.0
 11
-103.49418503550186
 21
-7.134849216428804
 31
0.0
 11
-103.48636655545971
 21
-7.147113541115577
 31
0.0
 11
-103.4785476150198
 21
-7.159382450794319
 31
0.0
 11
-103.47072821188193
 21
-7.171655943914393
 31
0.0
 11
-103.46290834372626
 21
-7.18393401892368
 31
0.0
 11
-103.45508800825245
 21
-7.196216674271482
 31
0.0
 11
-103.44726720315671
 21
-7.2085039084066045
 31
0.0
 11
-103.43944592614737
 21
-7.220795719778761
 31
0.0
 11
-103.43162417489334
 21
-7.233092106834846
 31
0.0
 11
-103.42380194711056
 21
-7.245393068024826
 31
0.0
 11
-103.41597924045801
 21
-7.257698601794738
 31
0.0
 11
-103.40815605267524
 21
-7.270008706596197
 31
0.0
 11
-103.40033238142362
 21
-7.282323380875164
 31
0.0
 11
-103.39250822439756
 21
-7.2946426230799295
 31
0.0
 11
-103.38468357931903
 21
-7.306966431660563
 31
0.0
 11
-103.37685844382327
 21
-7.319294805060979
 31
0.0
 11
-103.3690328156675
 21
-7.3316277417336835
 31
0.0
 11
-103.36120669249183
 21
-7.343965240122716
 31
0.0
 11
-103.35338007201359
 21
-7.35630729867765
 31
0.0
 11
-103.34555295192234
 21
-7.36865391584578
 31
0.0
 11
-103.33772532990452
 21
-7.38100509007437
 31
0.0
 11
-103.32989720363283
 21
-7.393360819809391
 31
0.0
 11
-103.32206857083104
 21
-7.405721103500562
 31
0.0
 11
-103.31423942919443
 21
-7.41808593959531
 31
0.0
 11
-103.3064097763426
 21
-7.430455326535669
 31
0.0
 11
-103.2985796100418
 21
-7.442829262774126
 31
0.0
 11
-103.29074892794357
 21
-7.455207746754699
 31
0.0
 11
-103.28291772776348
 21
-7.467590776926118
 31
0.0
 11
-103.27508600716958
 21
-7.479978351733461
 31
0.0
 11
-103.26725376384334
 21
-7.49237046962277
 31
0.0
 11
-103.25942099549557
 21
-7.504767129042036
 31
0.0
 11
-103.25158769980004
 21
-7.517168328436524
 31
0.0
 11
-103.24375387444907
 21
-7.529574066252757
 31
0.0
 11
-103.23591951711407
 21
-7.541984340935733
 31
0.0
 11
-103.22808462551548
 21
-7.5543991509337545
 31
0.0
 11
-103.22024919731388
 21
-7.5668184946908
 31
0.0
 11
-103.21241323020548
 21
-7.57924237065327
 31
0.0
 11
-103.20457672188094
 21
-7.591670777267157
 31
0.0
 11
-103.19673967001525
 21
-7.604103712977206
 31
0.0
 11
-103.18890207229991
 21
-7.616541176229155
 31
0.0
 11
-103.18106392641579
 21
-7.628983165467987
 31
0.0
 11
-103.17322523006284
 21
-7.641429679139963
 31
0.0
 11
-103.16538598091005
 21
-7.653880715688958
 31
0.0
 11
-103.15754617665694
 21
-7.666336273561058
 31
0.0
 11
-103.14970581497998
 21
-7.6787963512004485
 31
0.0
 11
-103.14186489354955
 21
-7.6912609470508055
 31
0.0
 11
-103.13402341008822
 21
-7.703730059559646
 31
0.0
 11
-103.12618136225235
 21
-7.716203687169314
 31
0.0
 11
-103.11833874771438
 21
-7.728681828323475
 31
0.0
 11
-103.11049556418322
 21
-7.741164481468196
 31
0.0
 11
-103.10265180934239
 21
-7.753651645047641
 31
0.0
 11
-103.09480748084016
 21
-7.766143317503308
 31
0.0
 11
-103.08696257640229
 21
-7.778639497282234
 31
0.0
 11
-103.07911709371629
 21
-7.791140182828629
 31
0.0
 11
-103.07127103040797
 21
-7.803645372581878
 31
0.0
 11
-103.06342438421261
 21
-7.816155064989494
 31
0.0
 11
-103.05557715277659
 21
-7.828669258492296
 31
0.0
 11
-103.04772933381332
 21
-7.841187951535939
 31
0.0
 11
-103.03988092498814
 21
-7.853711142562326
 31
0.0
 11
-103.03203192396062
 21
-7.866238830012992
 31
0.0
 11
-103.02418232846644
 21
-7.878771012334891
 31
0.0
 11
-103.01633213614217
 21
-7.891307687967494
 31
0.0
 11
-103.00848134466402
 21
-7.90384885535318
 31
0.0
 11
-103.00062995174662
 21
-7.916394512937126
 31
0.0
 11
-102.99277795505664
 21
-7.928944659160678
 31
0.0
 11
-102.98492535225691
 21
-7.941499292464807
 31
0.0
 11
-102.97707214105117
 21
-7.954058411293581
 31
0.0
 11
-102.96921831909282
 21
-7.966622014087021
 31
0.0
 11
-102.9613638840773
 21
-7.979190099288238
 31
0.0
 11
-102.95350883369503
 21
-7.991762665339982
 31
0.0
 11
-102.94565316559769
 21
-8.004339710681702
 31
0.0
 11
-102.93779687746989
 21
-8.016921233755419
 31
0.0
 11
-102.92993996701883
 21
-8.029507233004761
 31
0.0
 11
-102.92208243188985
 21
-8.04209770686842
 31
0.0
 11
-102.9142242697568
 21
-8.054692653787187
 31
0.0
 11
-102.90636547833886
 21
-8.067292072205285
 31
0.0
 11
-102.89850605526131
 21
-8.079895960559519
 31
0.0
 11
-102.89064599823219
 21
-8.092504317292958
 31
0.0
 11
-102.8827853049279
 21
-8.10511714084613
 31
0.0
 11
-102.87492397300994
 21
-8.11773442965826
 31
0.0
 11
-102.86706200015838
 21
-8.130356182169963
 31
0.0
 11
-102.8591993840701
 21
-8.142982396823015
 31
0.0
 11
-102.85133612241171
 21
-8.155613072056642
 31
0.0
 11
-102.84347221281806
 21
-8.168248206307506
 31
0.0
 11
-102.83560765302306
 21
-8.180887798019967
 31
0.0
 11
-102.82774244068497
 21
-8.193531845632208
 31
0.0
 11
-102.81987657343961
 21
-8.20618034758059
 31
0.0
 11
-102.81201004901561
 21
-8.21883330230869
 31
0.0
 11
-102.80414286507835
 21
-8.231490708254933
 31
0.0
 11
-102.79627501925735
 21
-8.244152563854737
 31
0.0
 11
-102.78840650927417
 21
-8.256818867550756
 31
0.0
 11
-102.78053733279471
 21
-8.269489617781117
 31
0.0
 11
-102.77266748746469
 21
-8.282164812982046
 31
0.0
 11
-102.76479697098664
 21
-8.294844451594397
 31
0.0
 11
-102.75692578101403
 21
-8.307528532054803
 31
0.0
 11
-102.74905391524808
 21
-8.32021705280372
 31
0.0
 11
-102.74118137134515
 21
-8.33291001227775
 31
0.0
 11
-102.7333081469465
 21
-8.345607408912182
 31
0.0
 11
-102.72543423978735
 21
-8.358309241149847
 31
0.0
 11
-102.71755964749235
 21
-8.371015507424413
 31
0.0
 11
-102.70968436773437
 21
-8.383726206173288
 31
0.0
 11
-102.70180839820077
 21
-8.396441335835016
 31
0.0
 11
-102.69393173656768
 21
-8.409160894847098
 31
0.0
 11
-102.686054380504
 21
-8.421884881646132
 31
0.0
 11
-102.67817632767293
 21
-8.434613294668376
 31
0.0
 11
-102.67029757572996
 21
-8.447346132349132
 31
0.0
 11
-102.6624181223788
 21
-8.460083393127581
 31
0.0
 11
-102.6545379652763
 21
-8.472825075438912
 31
0.0
 11
-102.64665710206455
 21
-8.48557117771695
 31
0.0
 11
-102.63877553046156
 21
-8.498321698401696
 31
0.0
 11
-102.63089324810922
 21
-8.511076635926637
 31
0.0
 11
-102.62301025268583
 21
-8.52383598872817
 31
0.0
 11
-102.61512654184622
 21
-8.536599755240601
 31
0.0
 11
-102.60724211327248
 21
-8.54936793390046
 31
0.0
 11
-102.59935696463687
 21
-8.562140523143084
 31
0.0
 11
-102.59147109359493
 21
-8.574917521402545
 31
0.0
 11
-102.58358449782824
 21
-8.587698927114676
 31
0.0
 11
-102.57569717497647
 21
-8.60048473871193
 31
0.0
 11
-102.56780912275445
 21
-8.613274954632729
 31
0.0
 11
-102.55992033878887
 21
-8.626069573307957
 31
0.0
 11
-102.55203082076675
 21
-8.638868593173559
 31
0.0
 11
-102.54414056635953
 21
-8.651672012663838
 31
0.0
 11
-102.53624957321205
 21
-8.664479830210844
 31
0.0
 11
-102.52835783900812
 21
-8.677292044249763
 31
0.0
 11
-102.52046536141532
 21
-8.690108653214176
 31
0.0
 11
-102.5125721381066
 21
-8.702929655538018
 31
0.0
 11
-102.50467816671171
 21
-8.715755049651403
 31
0.0
 11
-102.49678344495258
 21
-8.72858483399217
 31
0.0
 11
-102.48888797044157
 21
-8.741419006988597
 31
0.0
 11
-102.48099174087038
 21
-8.754257567075614
 31
0.0
 11
-102.47309475391064
 21
-8.767100512686328
 31
0.0
 11
-102.46519700720191
 21
-8.77994784225091
 31
0.0
 11
-102.4572984984495
 21
-8.792799554205011
 31
0.0
 11
-102.44939922528611
 21
-8.805655646977847
 31
0.0
 11
-102.44149918539493
 21
-8.81851611900287
 31
0.0
 11
-102.4335983763835
 21
-8.831380968706945
 31
0.0
 11
-102.42569679599043
 21
-8.844250194527936
 31
0.0
 11
-102.41779444187614
 21
-8.857123794896824
 31
0.0
 11
-102.40989131163693
 21
-8.870001768239014
 31
0.0
 11
-102.40198740300843
 21
-8.882884112991668
 31
0.0
 11
-102.39408271361964
 21
-8.89577082758261
 31
0.0
 11
-102.38617724112952
 21
-8.90866191044209
 31
0.0
 11
-102.37827098321691
 21
-8.921557360001975
 31
0.0
 11
-102.37036393753796
 21
-8.93445717469186
 31
0.0
 11
-102.3624561017329
 21
-8.947361352939971
 31
0.0
 11
-102.35454747351093
 21
-8.960269893180302
 31
0.0
 11
-102.34663805050033
 21
-8.973182793839564
 31
0.0
 11
-102.33872783036806
 21
-8.986100053347833
 31
0.0
 11
-102.33081681080297
 21
-8.99902167013671
 31
0.0
 11
-102.32290498940105
 21
-9.011947642629696
 31
0.0
 11
-102.31499236388315
 21
-9.024877969261018
 31
0.0
 11
-102.30707893191271
 21
-9.037812648459697
 31
0.0
 11
-102.29916469111583
 21
-9.05075167865123
 31
0.0
 11
-102.29124963915183
 21
-9.063695058264022
 31
0.0
 11
-102.28333377370036
 21
-9.076642785727966
 31
0.0
 11
-102.27541709244309
 21
-9.089594859473026
 31
0.0
 11
-102.26749959299306
 21
-9.102551277922899
 31
0.0
 11
-102.25958127303616
 21
-9.11551203950758
 31
0.0
 11
-102.25166213024431
 21
-9.12847714265566
 31
0.0
 11
-102.24374216224342
 21
-9.141446585791497
 31
0.0
 11
-102.2358213667041
 21
-9.154420367343176
 31
0.0
 11
-102.22789974130146
 21
-9.167398485739097
 31
0.0
 11
-102.21997728369271
 21
-9.180380939405811
 31
0.0
 11
-102.21205399151569
 21
-9.193367726767988
 31
0.0
 11
-102.20412986244483
 21
-9.206358846253506
 31
0.0
 11
-102.19620489414412
 21
-9.219354296288945
 31
0.0
 11
-102.18827908425381
 21
-9.232354075298664
 31
0.0
 11
-102.18035243042826
 21
-9.245358181708204
 31
0.0
 11
-102.17242493036451
 21
-9.25836661394665
 31
0.0
 11
-102.16449658168132
 21
-9.27137937043584
 31
0.0
 11
-102.15656738203707
 21
-9.284396449601136
 31
0.0
 11
-102.14863732911637
 21
-9.297417849869936
 31
0.0
 11
-102.14070642055523
 21
-9.310443569665223
 31
0.0
 11
-102.13277465400459
 21
-9.323473607410966
 31
0.0
 11
-102.1248420271377
 21
-9.336507961533222
 31
0.0
 11
-102.11690853761934
 21
-9.349546630456825
 31
0.0
 11
-102.10897418306685
 21
-9.362589612602306
 31
0.0
 11
-102.10103896116848
 21
-9.375636906396371
 31
0.0
 11
-102.09310286958625
 21
-9.388688510263238
 31
0.0
 11
-102.08516590594677
 21
-9.40174442262359
 31
0.0
 11
-102.07722806791205
 21
-9.414804641901265
 31
0.0
 11
-102.06928935315354
 21
-9.42786916652075
 31
0.0
 11
-102.06134975933361
 21
-9.440937994905466
 31
0.0
 11
-102.05340928408651
 21
-9.454011125476136
 31
0.0
 11
-102.04546792504631
 21
-9.467088556653225
 31
0.0
 11
-102.0375256799201
 21
-9.48017028686378
 31
0.0
 11
-102.02958254633789
 21
-9.49325631452752
 31
0.0
 11
-102.0216385219251
 21
-9.506346638063532
 31
0.0
 11
-102.01369360438515
 21
-9.519441255897972
 31
0.0
 11
-102.00574779134344
 21
-9.532540166449593
 31
0.0
 11
-101.99780108045958
 21
-9.545643368140004
 31
0.0
 11
-101.98985346937806
 21
-9.558750859389386
 31
0.0
 11
-101.98190495576134
 21
-9.571862638619281
 31
0.0
 11
-101.97395553728889
 21
-9.584978704252727
 31
0.0
 11
-101.96600521154728
 21
-9.598099054703749
 31
0.0
 11
-101.95805397623334
 21
-9.611223688396622
 31
0.0
 11
-101.95010182902229
 21
-9.624352603753328
 31
0.0
 11
-101.94214876752704
 21
-9.637485799189857
 31
0.0
 11
-101.93419478939799
 21
-9.650623273125486
 31
0.0
 11
-101.92623989231305
 21
-9.663765023981863
 31
0.0
 11
-101.91828407391735
 21
-9.676911050177425
 31
0.0
 11
-101.91032733182969
 21
-9.690061350127863
 31
0.0
 11
-101.9023696637477
 21
-9.703215922256195
 31
0.0
 11
-101.89441106730362
 21
-9.716374764978903
 31
0.0
 11
-101.88645154015018
 21
-9.729537876714344
 31
0.0
 11
-101.87849107991721
 21
-9.742705255878485
 31
0.0
 11
-101.870529684297
 21
-9.755876900892979
 31
0.0
 11
-101.86256735093129
 21
-9.769052810174484
 31
0.0
 11
-101.85460407741004
 21
-9.782232982134492
 31
0.0
 11
-101.8466398614601
 21
-9.795417415197457
 31
0.0
 11
-101.8386747007004
 21
-9.80860610777719
 31
0.0
 11
-101.83070859277974
 21
-9.82179905829026
 31
0.0
 11
-101.82274153534958
 21
-9.834996265153181
 31
0.0
 11
-101.81477352605361
 21
-9.848197726781615
 31
0.0
 11
-101.80680456255486
 21
-9.861403441592834
 31
0.0
 11
-101.79883464249119
 21
-9.874613408001473
 31
0.0
 11
-101.7908637635259
 21
-9.887827624424377
 31
0.0
 11
-101.78289192329026
 21
-9.901046089275164
 31
0.0
 11
-101.7749191194383
 21
-9.914268800969408
 31
0.0
 11
-101.76694534961452
 21
-9.927495757921589
 31
0.0
 11
-101.75897061148719
 21
-9.94072695854816
 31
0.0
 11
-101.7509949026825
 21
-9.9539624012614
 31
0.0
 11
-101.7430182208511
 21
-9.967202084475748
 31
0.0
 11
-101.73504056365563
 21
-9.980446006606531
 31
0.0
 11
-101.72706192873034
 21
-9.99369416606612
 31
0.0
 11
-101.71908231372025
 21
-10.006946561267771
 31
0.0
 11
-101.7111017162881
 21
-10.020203190626178
 31
0.0
 11
-101.70312013407062
 21
-10.033464052553356
 31
0.0
 11
-101.69513756471086
 21
-10.046729145461631
 31
0.0
 11
-101.68715400587061
 21
-10.059998467765055
 31
0.0
 11
-101.67916945517368
 21
-10.073272017873618
 31
0.0
 11
-101.671183910289
 21
-10.086549794201696
 31
0.0
 11
-101.66319736883695
 21
-10.09983179515845
 31
0.0
 11
-101.65520982849591
 21
-10.113118019158712
 31
0.0
 11
-101.64722128689866
 21
-10.126408464612531
 31
0.0
 11
-101.6392317416816
 21
-10.139703129930085
 31
0.0
 11
-101.63124119048922
 21
-10.15300201352214
 31
0.0
 11
-101.62324963097299
 21
-10.166305113799927
 31
0.0
 11
-101.61525706080432
 21
-10.179612429176514
 31
0.0
 11
-101.60726347757945
 21
-10.192923958057072
 31
0.0
 11
-101.59926887898227
 21
-10.206239698855523
 31
0.0
 11
-101.59127326264056
 21
-10.21955964997979
 31
0.0
 11
-101.58327662619851
 21
-10.232883809839318
 31
0.0
 11
-101.57527896730856
 21
-10.246212176844061
 31
0.0
 11
-101.56728028359618
 21
-10.259544749401119
 31
0.0
 11
-101.55928057274038
 21
-10.27288152592273
 31
0.0
 11
-101.55127983234664
 21
-10.286222504813425
 31
0.0
 11
-101.54327806008827
 21
-10.299567684484462
 31
0.0
 11
-101.53527525358822
 21
-10.312917063341676
 31
0.0
 11
-101.5272714105057
 21
-10.326270639794489
 31
0.0
 11
-101.5192665284708
 21
-10.339628412248954
 31
0.0
 11
-101.51126060514385
 21
-10.352990379114154
 31
0.0
 11
-101.5032536381661
 21
-10.366356538796811
 31
0.0
 11
-101.49524562513807
 21
-10.379726889699448
 31
0.0
 11
-101.48723656376212
 21
-10.393101430234609
 31
0.0
 11
-101.47922645165814
 21
-10.406480158806229
 31
0.0
 11
-101.47121528645086
 21
-10.419863073818505
 31
0.0
 11
-101.46320306580253
 21
-10.433250173679285
 31
0.0
 11
-101.45518978737506
 21
-10.446641456796067
 31
0.0
 11
-101.44717544874423
 21
-10.460036921567289
 31
0.0
 11
-101.43916004760094
 21
-10.473436566403098
 31
0.0
 11
-101.43114358161081
 21
-10.486840389710634
 31
0.0
 11
-101.42312604836165
 21
-10.500248389888844
 31
0.0
 11
-101.41510744551447
 21
-10.513660565344045
 31
0.0
 11
-101.40708777071445
 21
-10.527076914480643
 31
0.0
 11
-101.39906702160795
 21
-10.54049743570292
 31
0.0
 11
-101.39104519582324
 21
-10.553922127412994
 31
0.0
 11
-101.38302229101386
 21
-10.567350988015514
 31
0.0
 11
-101.37499830481335
 21
-10.58078401591266
 31
0.0
 11
-101.36697323484663
 21
-10.59422120950552
 31
0.0
 11
-101.35894707878386
 21
-10.607662567199661
 31
0.0
 11
-101.35091983424316
 21
-10.621108087394974
 31
0.0
 11
-101.34289149888096
 21
-10.634557768495153
 31
0.0
 11
-101.33486207034531
 21
-10.648011608902642
 31
0.0
 11
-101.32683154622701
 21
-10.661469607013855
 31
0.0
 11
-101.31879992421061
 21
-10.674931761234529
 31
0.0
 11
-101.31076720193664
 21
-10.688398069965812
 31
0.0
 11
-101.30273337701666
 21
-10.701868531605275
 31
0.0
 11
-101.29469844709787
 21
-10.715343144554264
 31
0.0
 11
-101.28666240983432
 21
-10.728821907214384
 31
0.0
 11
-101.27862526286854
 21
-10.742304817985909
 31
0.0
 11
-101.27058700380942
 21
-10.755791875265256
 31
0.0
 11
-101.26254763030965
 21
-10.769283077453222
 31
0.0
 11
-101.25450714003144
 21
-10.782778422951342
 31
0.0
 11
-101.24646553058646
 21
-10.796277910155649
 31
0.0
 11
-101.23842279959389
 21
-10.809781537462582
 31
0.0
 11
-101.23037894475254
 21
-10.823289303276871
 31
0.0
 11
-101.22233396364946
 21
-10.836801205991067
 31
0.0
 11
-101.21428785392268
 21
-10.850317244002902
 31
0.0
 11
-101.2062406132488
 21
-10.863837415714034
 31
0.0
 11
-101.19819223923194
 21
-10.877361719518017
 31
0.0
 11
-101.1901427295224
 21
-10.89089015381318
 31
0.0
 11
-101.18209208173784
 21
-10.904422716994
 31
0.0
 11
-101.1740402935503
 21
-10.917959407460653
 31
0.0
 11
-101.16598736257785
 21
-10.93150022360714
 31
0.0
 11
-101.15793328643674
 21
-10.945045163827094
 31
0.0
 11
-101.14987806279271
 21
-10.958594226519194
 31
0.0
 11
-101.14182168928903
 21
-10.972147410079396
 31
0.0
 11
-101.13376416352607
 21
-10.985704712898867
 31
0.0
 11
-101.12570548317454
 21
-10.999266133375968
 31
0.0
 11
-101.1176456458606
 21
-11.012831669904108
 31
0.0
 11
-101.10958464918463
 21
-11.0264013208736
 31
0.0
 11
-101.1015224908429
 21
-11.039975084684873
 31
0.0
 11
-101.09345916844836
 21
-11.053552959729004
 31
0.0
 11
-101.08539467960617
 21
-11.067134944396082
 31
0.0
 11
-101.07732902197331
 21
-11.080721037081501
 31
0.0
 11
-101.0692621932007
 21
-11.094311236179696
 31
0.0
 11
-101.06119419092032
 21
-11.107905540082806
 31
0.0
 11
-101.053125012744
 21
-11.12150394718048
 31
0.0
 11
-101.04505465631078
 21
-11.135106455865184
 31
0.0
 11
-101.03698311928314
 21
-11.148713064531472
 31
0.0
 11
-101.02891039926173
 21
-11.162323771567088
 31
0.0
 11
-101.02083649390705
 21
-11.175938575365882
 31
0.0
 11
-101.01276140083476
 21
-11.189557474316619
 31
0.0
 11
-101.00468511768716
 21
-11.20318046681069
 31
0.0
 11
-100.99660764211472
 21
-11.21680755124013
 31
0.0
 11
-100.98852897171933
 21
-11.230438725991307
 31
0.0
 11
-100.98044910414531
 21
-11.244073989455027
 31
0.0
 11
-100.972368037036
 21
-11.257713340021713
 31
0.0
 11
-100.96428576802714
 21
-11.271356776080674
 31
0.0
 11
-100.95620229473393
 21
-11.2850042960187
 31
0.0
 11
-100.94811761482009
 21
-11.298655898227588
 31
0.0
 11
-100.94003172588596
 21
-11.312311581091954
 31
0.0
 11
-100.93194462556532
 21
-11.325971342999779
 31
0.0
 11
-100.92385631152115
 21
-11.339635182342006
 31
0.0
 11
-100.91576678138615
 21
-11.353303097506002
 31
0.0
 11
-100.90767603275384
 21
-11.366975086874351
 31
0.0
 11
-100.89958406327197
 21
-11.380651148835547
 31
0.0
 11
-100.89149087059211
 21
-11.394331281778145
 31
0.0
 11
-100.88339645234555
 21
-11.408015484088283
 31
0.0
 11
-100.87530080613001
 21
-11.421703754147831
 31
0.0
 11
-100.86720392961571
 21
-11.435396090346718
 31
0.0
 11
-100.85910582043702
 21
-11.449092491070491
 31
0.0
 11
-100.85100647616842
 21
-11.462792954697614
 31
0.0
 11
-100.84290589450698
 21
-11.476497479620186
 31
0.0
 11
-100.83480407307187
 21
-11.490206064221223
 31
0.0
 11
-100.82670100945964
 21
-11.503918706880745
 31
0.0
 11
-100.81859670133247
 21
-11.517635405986136
 31
0.0
 11
-100.81049114631344
 21
-11.531356159919902
 31
0.0
 11
-100.80238434202593
 21
-11.54508096706439
 31
0.0
 11
-100.7942762861199
 21
-11.558809825804607
 31
0.0
 11
-100.78616697621867
 21
-11.572542734522326
 31
0.0
 11
-100.77805640995393
 21
-11.586279691599886
 31
0.0
 11
-100.76994458492068
 21
-11.600020695415209
 31
0.0
 11
-100.76183149879034
 21
-11.613765744354676
 31
0.0
 11
-100.75371714920594
 21
-11.627514836801073
 31
0.0
 11
-100.74560153377752
 21
-11.641267971133184
 31
0.0
 11
-100.73748465010291
 21
-11.655025145728032
 31
0.0
 11
-100.72936649585077
 21
-11.66878635897053
 31
0.0
 11
-100.72124706867092
 21
-11.68255160924315
 31
0.0
 11
-100.7131263661355
 21
-11.696320894919042
 31
0.0
 11
-100.70500438590345
 21
-11.710094214381176
 31
0.0
 11
-100.69688112561617
 21
-11.723871566010072
 31
0.0
 11
-100.6887565829074
 21
-11.73765294818524
 31
0.0
 11
-100.68063075535783
 21
-11.751438359279572
 31
0.0
 11
-100.67250364063605
 21
-11.765227797676006
 31
0.0
 11
-100.6643752364042
 21
-11.77902126175635
 31
0.0
 11
-100.65624554020087
 21
-11.79281874988771
 31
0.0
 11
-100.64811454972167
 21
-11.806620260455302
 31
0.0
 11
-100.63998226261084
 21
-11.820425791838007
 31
0.0
 11
-100.63184867642944
 21
-11.834235342404586
 31
0.0
 11
-100.62371378884981
 21
-11.848048910536653
 31
0.0
 11
-100.61557759751456
 21
-11.861866494612002
 31
0.0
 11
-100.60744010001241
 21
-11.875688093001765
 31
0.0
 11
-100.59930129399514
 21
-11.889513704084159
 31
0.0
 11
-100.59116117706736
 21
-11.903343326231667
 31
0.0
 11
-100.58301974690782
 21
-11.91717695782511
 31
0.0
 11
-100.57487700110633
 21
-11.93101459723451
 31
0.0
 11
-100.56673293728208
 21
-11.944856242833076
 31
0.0
 11
-100.55858755309589
 21
-11.958701892998684
 31
0.0
 11
-100.55044084613252
 21
-11.97255154609974
 31
0.0
 11
-100.54229281407723
 21
-11.986405200516526
 31
0.0
 11
-100.53414345450064
 21
-12.000262854615091
 31
0.0
 11
-100.52599276505902
 21
-12.01412450677161
 31
0.0
 11
-100.517840743391
 21
-12.027990155359763
 31
0.0
 11
-100.50968738708991
 21
-12.041859798747451
 31
0.0
 11
-100.50153269380644
 21
-12.055733435309229
 31
0.0
 11
-100.4933766611666
 21
-12.06961106341629
 31
0.0
 11
-100.48521928678761
 21
-12.083492681438592
 31
0.0
 11
-100.47706056829546
 21
-12.097378287746666
 31
0.0
 11
-100.46890050332964
 21
-12.111267880712477
 31
0.0
 11
-100.46073908949604
 21
-12.125161458703595
 31
0.0
 11
-100.45257632445104
 21
-12.139059020093402
 31
0.0
 11
-100.44441220580224
 21
-12.152960563248955
 31
0.0
 11
-100.43624673118047
 21
-12.166866086539976
 31
0.0
 11
-100.42807989820255
 21
-12.180775588333995
 31
0.0
 11
-100.41991170448718
 21
-12.194689066998674
 31
0.0
 11
-100.4117421476991
 21
-12.20860652090668
 31
0.0
 11
-100.40357122544664
 21
-12.222527948423748
 31
0.0
 11
-100.39539893532695
 21
-12.236453347913784
 31
0.0
 11
-100.3872252749775
 21
-12.250382717745373
 31
0.0
 11
-100.37905024206518
 21
-12.264316056290324
 31
0.0
 11
-100.37087383416876
 21
-12.278253361909352
 31
0.0
 11
-100.36269604891889
 21
-12.292194632969242
 31
0.0
 11
-100.35451688397649
 21
-12.306139867840093
 31
0.0
 11
-100.34633633691946
 21
-12.320089064881651
 31
0.0
 11
-100.33815440538615
 21
-12.334042222460557
 31
0.0
 11
-100.32997108703579
 21
-12.347999338945886
 31
0.0
 11
-100.32178637947335
 21
-12.361960412699549
 31
0.0
 11
-100.31360028028921
 21
-12.37592544208145
 31
0.0
 11
-100.3054127871458
 21
-12.38989442546005
 31
0.0
 11
-100.29722389766142
 21
-12.403867361197962
 31
0.0
 11
-100.2890336094484
 21
-12.417844247656767
 31
0.0
 11
-100.2808419201667
 21
-12.431825083203673
 31
0.0
 11
-100.27264882739065
 21
-12.445809866194857
 31
0.0
 11
-100.2644543287792
 21
-12.459798594996697
 31
0.0
 11
-100.25625842194812
 21
-12.473791267969942
 31
0.0
 11
-100.2480611045104
 21
-12.48778788347461
 31
0.0
 11
-100.23986237410314
 21
-12.50178843987335
 31
0.0
 11
-100.23166222834905
 21
-12.515792935526774
 31
0.0
 11
-100.2234606648637
 21
-12.529801368794185
 31
0.0
 11
-100.2152576812753
 21
-12.54381373803627
 31
0.0
 11
-100.20705327521796
 21
-12.557830041613936
 31
0.0
 11
-100.19884744428913
 21
-12.571850277883305
 31
0.0
 11
-100.19064018615643
 21
-12.585874445208965
 31
0.0
 11
-100.18243149839283
 21
-12.599902541943152
 31
0.0
 11
-100.17422137863961
 21
-12.61393456644653
 31
0.0
 11
-100.16600982455849
 21
-12.627970517081863
 31
0.0
 11
-100.1577968337108
 21
-12.642010392198989
 31
0.0
 11
-100.14958240374872
 21
-12.656054190158851
 31
0.0
 11
-100.14136653229069
 21
-12.670101909317845
 31
0.0
 11
-100.13314921698866
 21
-12.68415354803618
 31
0.0
 11
-100.12493045543376
 21
-12.698209104666127
 31
0.0
 11
-100.11671024522687
 21
-12.712268577560739
 31
0.0
 11
-100.10848858404006
 21
-12.726331965081863
 31
0.0
 11
-100.10026546947975
 21
-12.740399265582631
 31
0.0
 11
-100.09204089916392
 21
-12.75447047741725
 31
0.0
 11
-100.08381487069953
 21
-12.76854559893827
 31
0.0
 11
-100.07558738173542
 21
-12.782624628503196
 31
0.0
 11
-100.06735842988314
 21
-12.79670756446443
 31
0.0
 11
-100.05912801276153
 21
-12.810794405174967
 31
0.0
 11
-100.05089612798695
 21
-12.824885148987125
 31
0.0
 11
-100.04266277320795
 21
-12.83897979425706
 31
0.0
 11
-100.03442794602582
 21
-12.853078339334392
 31
0.0
 11
-100.02619164404918
 21
-12.867180782569498
 31
0.0
 11
-100.01795386493363
 21
-12.881287122318321
 31
0.0
 11
-100.00971460627858
 21
-12.895397356929273
 31
0.0
 11
-100.00147386570171
 21
-12.90951148475281
 31
0.0
 11
-99.99323164083305
 21
-12.923629504140548
 31
0.0
 11
-99.98498792930414
 21
-12.937751413444035
 31
0.0
 11
-99.97674272871788
 21
-12.951877211010684
 31
0.0
 11
-99.9684960367199
 21
-12.966006895193216
 31
0.0
 11
-99.96024785091265
 21
-12.980140464338184
 31
0.0
 11
-99.95199816890904
 21
-12.994277916793415
 31
0.0
 11
-99.9437469883325
 21
-13.008419250907515
 31
0.0
 11
-99.93549430682346
 21
-13.022564465031135
 31
0.0
 11
-99.92724012202258
 21
-13.03671355751444
 31
0.0
 11
-99.91898443148284
 21
-13.050866526695977
 31
0.0
 11
-99.91072723285852
 21
-13.065023370927
 31
0.0
 11
-99.90246852382404
 21
-13.079184088561124
 31
0.0
 11
-99.89420830191132
 21
-13.093348677932907
 31
0.0
 11
-99.88594656477466
 21
-13.107517137392739
 31
0.0
 11
-99.87768331008819
 21
-13.121689465293008
 31
0.0
 11
-99.8694185353738
 21
-13.135865659965981
 31
0.0
 11
-99.86115223831466
 21
-13.15004571976465
 31
0.0
 11
-99.85288441655771
 21
-13.164229643036865
 31
0.0
 11
-99.84461506763425
 21
-13.178417428114958
 31
0.0
 11
-99.83634418924598
 21
-13.192609073353276
 31
0.0
 11
-99.82807177899456
 21
-13.206804577092708
 31
0.0
 11
-99.81979783445314
 21
-13.221003937669948
 31
0.0
 11
-99.81152235329975
 21
-13.235207153435208
 31
0.0
 11
-99.80324533312809
 21
-13.249414222727133
 31
0.0
 11
-99.79496677156568
 21
-13.26362514388861
 31
0.0
 11
-99.78668666620901
 21
-13.277839915257916
 31
0.0
 11
-99.77840501473378
 21
-13.292058535183536
 31
0.0
 11
-99.77012181469863
 21
-13.30628100199797
 31
0.0
 11
-99.76183706374346
 21
-13.320507314044342
 31
0.0
 11
-99.75355075952736
 21
-13.33473746966772
 31
0.0
 11
-99.74526289959098
 21
-13.348971467197197
 31
0.0
 11
-99.73697348161252
 21
-13.363209304979756
 31
0.0
 11
-99.72868250320413
 21
-13.377450981353263
 31
0.0
 11
-99.7203899619954
 21
-13.391696494657474
 31
0.0
 11
-99.71209585555229
 21
-13.405945843223261
 31
0.0
 11
-99.70380018154907
 21
-13.42019902539577
 31
0.0
 11
-99.69550293759654
 21
-13.434456039511069
 31
0.0
 11
-99.68720412129252
 21
-13.448716883903247
 31
0.0
 11
-99.67890373025133
 21
-13.462981556908124
 31
0.0
 11
-99.67060176212244
 21
-13.477250056866056
 31
0.0
 11
-99.66229821452683
 21
-13.491522382112985
 31
0.0
 11
-99.65399308503538
 21
-13.505798530977888
 31
0.0
 11
-99.6456863713182
 21
-13.520078501802654
 31
0.0
 11
-99.63737807097581
 21
-13.534362292919381
 31
0.0
 11
-99.62906818160995
 21
-13.548649902660078
 31
0.0
 11
-99.62075670085642
 21
-13.562941329360918
 31
0.0
 11
-99.61244362636158
 21
-13.577236571359048
 31
0.0
 11
-99.60412895567559
 21
-13.59153562697832
 31
0.0
 11
-99.59581268647563
 21
-13.605838494559409
 31
0.0
 11
-99.58749481637197
 21
-13.620145172433425
 31
0.0
 11
-99.57917534293745
 21
-13.634455658926179
 31
0.0
 11
-99.57085426386325
 21
-13.648769952379078
 31
0.0
 11
-99.56253157670962
 21
-13.663088051115356
 31
0.0
 11
-99.55420727911648
 21
-13.677409953468732
 31
0.0
 11
-99.54588136871305
 21
-13.691735657771039
 31
0.0
 11
-99.5375538430821
 21
-13.706065162347423
 31
0.0
 11
-99.52922469987342
 21
-13.720398465531824
 31
0.0
 11
-99.52089393669289
 21
-13.734735565651757
 31
0.0
 11
-99.51256155117657
 21
-13.749076461038557
 31
0.0
 11
-99.50422754091191
 21
-13.763421150016326
 31
0.0
 11
-99.4958919035423
 21
-13.777769630916685
 31
0.0
 11
-99.48755463668397
 21
-13.792121902066945
 31
0.0
 11
-99.47921573791581
 21
-13.806477961789069
 31
0.0
 11
-99.47087520491469
 21
-13.820837808417943
 31
0.0
 11
-99.46253303527938
 21
-13.835201440277473
 31
0.0
 11
-99.45418922659505
 21
-13.849568855689133
 31
0.0
 11
-99.44584377649062
 21
-13.86394005298017
 31
0.0
 11
-99.43749668263078
 21
-13.878315030482405
 31
0.0
 11
-99.42914794258178
 21
-13.892693786513487
 31
0.0
 11
-99.42079755398117
 21
-13.907076319400753
 31
0.0
 11
-99.41244551443747
 21
-13.921462627466868
 31
0.0
 11
-99.40409182158503
 21
-13.935852709038004
 31
0.0
 11
-99.3957364730316
 21
-13.950246562436012
 31
0.0
 11
-99.3873794663772
 21
-13.964644185981278
 31
0.0
 11
-99.37902079926974
 21
-13.97904557800064
 31
0.0
 11
-99.37066046929958
 21
-13.993450736812326
 31
0.0
 11
-99.36229847410232
 21
-14.007859660740575
 31
0.0
 11
-99.35393481128895
 21
-14.022272348105762
 31
0.0
 11
-99.34556947849295
 21
-14.036688797231044
 31
0.0
 11
-99.3372024732924
 21
-14.051109006431394
 31
0.0
 11
-99.32883379332628
 21
-14.065532974029901
 31
0.0
 11
-99.32046343623273
 21
-14.079960698349232
 31
0.0
 11
-99.31209139960072
 21
-14.094392177704606
 31
0.0
 11
-99.3037176810403
 21
-14.108827410413905
 31
0.0
 11
-99.29534227820534
 21
-14.123266394800796
 31
0.0
 11
-99.28696518869971
 21
-14.137709129181395
 31
0.0
 11
-99.27858641009693
 21
-14.152155611867183
 31
0.0
 11
-99.27020594007311
 21
-14.166605841183799
 31
0.0
 11
-99.26182377622764
 21
-14.181059815445506
 31
0.0
 11
-99.25343991614871
 21
-14.195517532964695
 31
0.0
 11
-99.24505435748748
 21
-14.209978992062208
 31
0.0
 11
-99.23666709783986
 21
-14.224444191050628
 31
0.0
 11
-99.2282781348519
 21
-14.238913128249317
 31
0.0
 11
-99.21988746610282
 21
-14.25338580196765
 31
0.0
 11
-99.21149508922217
 21
-14.267862210521844
 31
0.0
 11
-99.20310100183119
 21
-14.282342352226399
 31
0.0
 11
-99.19470520155443
 21
-14.296826225396101
 31
0.0
 11
-99.18630768599243
 21
-14.311313828341602
 31
0.0
 11
-99.1779084527685
 21
-14.325805159376689
 31
0.0
 11
-99.16950749950746
 21
-14.340300216814738
 31
0.0
 11
-99.1611048238056
 21
-14.35479899896468
 31
0.0
 11
-99.15270042330323
 21
-14.36930150414145
 31
0.0
 11
-99.14429429559928
 21
-14.383807730653526
 31
0.0
 11
-99.13588643831709
 21
-14.398317676812518
 31
0.0
 11
-99.12747684906368
 21
-14.412831340927246
 31
0.0
 11
-99.11906552547562
 21
-14.427348721310416
 31
0.0
 11
-99.11065246515643
 21
-14.441869816269474
 31
0.0
 11
-99.10223766572443
 21
-14.456394624113727
 31
0.0
 11
-99.09382112478
 21
-14.470923143149317
 31
0.0
 11
-99.08540283996177
 21
-14.485455371687594
 31
0.0
 11
-99.07698280889166
 21
-14.499991308037066
 31
0.0
 11
-99.0685610291499
 21
-14.514530950499761
 31
0.0
 11
-99.06013749839295
 21
-14.529074297388346
 31
0.0
 11
-99.05171221420972
 21
-14.543621347005233
 31
0.0
 11
-99.04328517421695
 21
-14.558172097656533
 31
0.0
 11
-99.03485637605463
 21
-14.572726547651298
 31
0.0
 11
-99.02642581734044
 21
-14.587284695294862
 31
0.0
 11
-99.01799349564172
 21
-14.601846538884795
 31
0.0
 11
-99.00955940860095
 21
-14.61641207672926
 31
0.0
 11
-99.00112355387509
 21
-14.630981307138109
 31
0.0
 11
-98.99268592901767
 21
-14.645554228405638
 31
0.0
 11
-98.98424653167642
 21
-14.660130838839436
 31
0.0
 11
-98.97580535948117
 21
-14.674711136744177
 31
0.0
 11
-98.96736241002043
 21
-14.689295120417993
 31
0.0
 11
-98.95891768089791
 21
-14.70388278816068
 31
0.0
 11
-98.95047116976689
 21
-14.718474138279161
 31
0.0
 11
-98.9420228742428
 21
-14.733069169074184
 31
0.0
 11
-98.93357279189702
 21
-14.74766787883955
 31
0.0
 11
-98.9251209203859
 21
-14.76227026588132
 31
0.0
 11
-98.9166672573252
 21
-14.776876328498961
 31
0.0
 11
-98.90821180031124
 21
-14.79148606498882
 31
0.0
 11
-98.89975454696923
 21
-14.806099473650912
 31
0.0
 11
-98.89129549489697
 21
-14.8207165527808
 31
0.0
 11
-98.88283464174428
 21
-14.835337300681498
 31
0.0
 11
-98.87437198510524
 21
-14.849961715647066
 31
0.0
 11
-98.86590752259013
 21
-14.864589795973679
 31
0.0
 11
-98.85744125185938
 21
-14.87922153996458
 31
0.0
 11
-98.8489731704624
 21
-14.893856945905842
 31
0.0
 11
-98.84050327604066
 21
-14.908496012097066
 31
0.0
 11
-98.8320315662514
 21
-14.923138736839697
 31
0.0
 11
-98.82355803862636
 21
-14.937785118415784
 31
0.0
 11
-98.81508269086025
 21
-14.952435155131745
 31
0.0
 11
-98.80660552055093
 21
-14.967088845278651
 31
0.0
 11
-98.79812652526897
 21
-14.981746187143177
 31
0.0
 11
-98.78964570268161
 21
-14.996407179026198
 31
0.0
 11
-98.78116305037983
 21
-15.011071819216562
 31
0.0
 11
-98.77267856598773
 21
-15.025740106007593
 31
0.0
 11
-98.76419224712235
 21
-15.040412037691345
 31
0.0
 11
-98.75570409138423
 21
-15.05508761255663
 31
0.0
 11
-98.7472140963898
 21
-15.06976682889452
 31
0.0
 11
-98.73872225978741
 21
-15.084449685000333
 31
0.0
 11
-98.73022857918716
 21
-15.099136179163075
 31
0.0
 11
-98.72173305213585
 21
-15.113826309661832
 31
0.0
 11
-98.71323567632629
 21
-15.128520074797404
 31
0.0
 11
-98.70473644936662
 21
-15.143217472857248
 31
0.0
 11
-98.69623536882541
 21
-15.157918502122293
 31
0.0
 11
-98.6877324323597
 21
-15.1726231608866
 31
0.0
 11
-98.67922763757291
 21
-15.187331447435552
 31
0.0
 11
-98.67072098208818
 21
-15.20204336005712
 31
0.0
 11
-98.66221246350327
 21
-15.216758897034948
 31
0.0
 11
-98.65370207945001
 21
-15.23147805665741
 31
0.0
 11
-98.64518982753455
 21
-15.246200837208505
 31
0.0
 11
-98.63667570537498
 21
-15.260927236973675
 31
0.0
 11
-98.62815971058795
 21
-15.27565725423759
 31
0.0
 11
-98.61964184079156
 21
-15.290390887284797
 31
0.0
 11
-98.61112209361013
 21
-15.30512813440026
 31
0.0
 11
-98.6026004666325
 21
-15.319868993863125
 31
0.0
 11
-98.59407695749377
 21
-15.334613463959075
 31
0.0
 11
-98.58555156381684
 21
-15.349361542971552
 31
0.0
 11
-98.5770242831899
 21
-15.364113229178217
 31
0.0
 11
-98.56849511324306
 21
-15.378868520862682
 31
0.0
 11
-98.5599640516198
 21
-15.393627416310219
 31
0.0
 11
-98.55143109588793
 21
-15.408389913793817
 31
0.0
 11
-98.5428962436818
 21
-15.423156011596506
 31
0.0
 11
-98.53435949264711
 21
-15.43792570800252
 31
0.0
 11
-98.52582084035781
 21
-15.452699001284492
 31
0.0
 11
-98.51728028443233
 21
-15.467475889721415
 31
0.0
 11
-98.5087378225066
 21
-15.482256371594762
 31
0.0
 11
-98.50019345220977
 21
-15.497040445184396
 31
0.0
 11
-98.4916471711134
 21
-15.511828108760616
 31
0.0
 11
-98.48309897685934
 21
-15.526619360604403
 31
0.0
 11
-98.47454886706122
 21
-15.54141419899175
 31
0.0
 11
-98.46599683933792
 21
-15.556212622199109
 31
0.0
 11
-98.45744289130376
 21
-15.571014628501654
 31
0.0
 11
-98.44888702055792
 21
-15.585820216171829
 31
0.0
 11
-98.44032922474521
 21
-15.600629383488675
 31
0.0
 11
-98.43176950146983
 21
-15.6154421287245
 31
0.0
 11
-98.4232078483248
 21
-15.630258450149197
 31
0.0
 11
-98.41464426295127
 21
-15.645078346039968
 31
0.0
 11
-98.40607874298485
 21
-15.65990181467267
 31
0.0
 11
-98.39751128598473
 21
-15.674728854310409
 31
0.0
 11
-98.38894188959954
 21
-15.689559463230225
 31
0.0
 11
-98.38037055145853
 21
-15.704393639705483
 31
0.0
 11
-98.37179726914789
 21
-15.71923138200229
 31
0.0
 11
-98.3632220403117
 21
-15.734072688395447
 31
0.0
 11
-98.35464486254251
 21
-15.748917557151088
 31
0.0
 11
-98.34606573347256
 21
-15.763765986541314
 31
0.0
 11
-98.33748465071479
 21
-15.778617974834445
 31
0.0
 11
-98.32890161186153
 21
-15.793473520295287
 31
0.0
 11
-98.3203166145789
 21
-15.808332621199797
 31
0.0
 11
-98.31172965644004
 21
-15.823195275808612
 31
0.0
 11
-98.30314073504702
 21
-15.838061482386628
 31
0.0
 11
-98.29454984807755
 21
-15.852931239210308
 31
0.0
 11
-98.28595699311737
 21
-15.867804544540888
 31
0.0
 11
-98.27736216774568
 21
-15.882681396638006
 31
0.0
 11
-98.26876536964059
 21
-15.897561793776926
 31
0.0
 11
-98.26016659637239
 21
-15.912445734214892
 31
0.0
 11
-98.25156584558034
 21
-15.927333216219862
 31
0.0
 11
-98.24296311487274
 21
-15.942224238054301
 31
0.0
 11
-98.23435840185672
 21
-15.957118797980094
 31
0.0
 11
-98.22575170418241
 21
-15.97201689426541
 31
0.0
 11
-98.2171430194166
 21
-15.986918525164572
 31
0.0
 11
-98.20853234521527
 21
-16.00182368894597
 31
0.0
 11
-98.19991967918011
 21
-16.016732383868494
 31
0.0
 11
-98.19130501892695
 21
-16.031644608192963
 31
0.0
 11
-98.18268836207129
 21
-16.046560360179726
 31
0.0
 11
-98.17406970624222
 21
-16.061479638090702
 31
0.0
 11
-98.16544904904497
 21
-16.076402440183514
 31
0.0
 11
-98.15682638807029
 21
-16.091328764713015
 31
0.0
 11
-98.14820172098186
 21
-16.106258609945385
 31
0.0
 11
-98.13957504538557
 21
-16.1211919741369
 31
0.0
 11
-98.13094635887403
 21
-16.136128855541163
 31
0.0
 11
-98.12231565907543
 21
-16.15106925241712
 31
0.0
 11
-98.11368294361206
 21
-16.166013163022285
 31
0.0
 11
-98.1050482101045
 21
-16.180960585613434
 31
0.0
 11
-98.09641145615846
 21
-16.195911518444266
 31
0.0
 11
-98.08777267939023
 21
-16.210865959769976
 31
0.0
 11
-98.07913187740968
 21
-16.225823907843917
 31
0.0
 11
-98.07048904786339
 21
-16.240785360925297
 31
0.0
 11
-98.06184418834127
 21
-16.255750317263203
 31
0.0
 11
-98.05319729646091
 21
-16.270718775111064
 31
0.0
 11
-98.04454836986298
 21
-16.285690732725424
 31
0.0
 11
-98.03589740613656
 21
-16.300666188353915
 31
0.0
 11
-98.02724440290723
 21
-16.31564514024969
 31
0.0
 11
-98.0185893578043
 21
-16.330627586665965
 31
0.0
 11
-98.00993226842716
 21
-16.345613525850652
 31
0.0
 11
-98.00127313238266
 21
-16.360602956052233
 31
0.0
 11
-97.99261194734625
 21
-16.37559587553017
 31
0.0
 11
-97.98394871087605
 21
-16.39059228252397
 31
0.0
 11
-97.97528342059178
 21
-16.40559217528278
 31
0.0
 11
-97.96661607414018
 21
-16.42059555205983
 31
0.0
 11
-97.95794666913488
 21
-16.43560241110236
 31
0.0
 11
-97.94927520316733
 21
-16.45061275065329
 31
0.0
 11
-97.94060167386573
 21
-16.465626568961238
 31
0.0
 11
-97.93192607886809
 21
-16.480643864276047
 31
0.0
 11
-97.92324841576638
 21
-16.495664634839255
 31
0.0
 11
-97.9145686821994
 21
-16.51068887889974
 31
0.0
 11
-97.90588687576292
 21
-16.525716594698714
 31
0.0
 11
-97.8972029940843
 21
-16.540747780482118
 31
0.0
 11
-97.88851703477202
 21
-16.55578243449235
 31
0.0
 11
-97.87982899547005
 21
-16.57082055497711
 31
0.0
 11
-97.87113887377636
 21
-16.58586214017596
 31
0.0
 11
-97.8624466672949
 21
-16.600907188328954
 31
0.0
 11
-97.85375237367758
 21
-16.61595569768365
 31
0.0
 11
-97.84505599051504
 21
-16.63100766647682
 31
0.0
 11
-97.83635751544404
 21
-16.64606309295258
 31
0.0
 11
-97.82765694606135
 21
-16.66112197534764
 31
0.0
 11
-97.818954279993
 21
-16.676184311903228
 31
0.0
 11
-97.81024951487538
 21
-16.691250100861822
 31
0.0
 11
-97.80154264829993
 21
-16.706319340457785
 31
0.0
 11
-97.79283367789608
 21
-16.721392028931398
 31
0.0
 11
-97.78412260128411
 21
-16.736468164520808
 31
0.0
 11
-97.77540941609004
 21
-16.75154774546472
 31
0.0
 11
-97.76669411989809
 21
-16.766630769994176
 31
0.0
 11
-97.75797671037812
 21
-16.781717236354392
 31
0.0
 11
-97.74925718510163
 21
-16.79680714277303
 31
0.0
 11
-97.74053554170547
 21
-16.811900487488707
 31
0.0
 11
-97.73181177781913
 21
-16.82699726873806
 31
0.0
 11
-97.72308589103872
 21
-16.842097484751637
 31
0.0
 11
-97.71435787901224
 21
-16.857201133768257
 31
0.0
 11
-97.70562773931994
 21
-16.872308214014573
 31
0.0
 11
-97.69689546961924
 21
-16.887418723730146
 31
0.0
 11
-97.68816106750543
 21
-16.902532661143173
 31
0.0
 11
-97.67942453059443
 21
-16.917650024484924
 31
0.0
 11
-97.6706858565038
 21
-16.932770811986487
 31
0.0
 11
-97.66194504288765
 21
-16.947895021884722
 31
0.0
 11
-97.65320208733944
 21
-16.963022652405375
 31
0.0
 11
-97.6444569874494
 21
-16.978153701773262
 31
0.0
 11
-97.63570974087263
 21
-16.993288168223863
 31
0.0
 11
-97.62696034524407
 21
-17.008426049988646
 31
0.0
 11
-97.6182087981407
 21
-17.023567345288377
 31
0.0
 11
-97.60945509718378
 21
-17.03871205235127
 31
0.0
 11
-97.60069924005381
 21
-17.053860169414985
 31
0.0
 11
-97.59194122429493
 21
-17.0690116946932
 31
0.0
 11
-97.58318104754738
 21
-17.084166626415584
 31
0.0
 11
-97.57441870745828
 21
-17.099324962812698
 31
0.0
 11
-97.5656542016109
 21
-17.11448670210326
 31
0.0
 11
-97.55688752766775
 21
-17.129651842519394
 31
0.0
 11
-97.54811868319747
 21
-17.144820382276215
 31
0.0
 11
-97.5393476658663
 21
-17.159992319605465
 31
0.0
 11
-97.53057447327299
 21
-17.175167652726532
 31
0.0
 11
-97.52179910300912
 21
-17.19034637985692
 31
0.0
 11
-97.51302155274992
 21
-17.205528499228418
 31
0.0
 11
-97.50424182009348
 21
-17.220714009058625
 31
0.0
 11
-97.49545990263695
 21
-17.235902907564462
 31
0.0
 11
-97.48667579800765
 21
-17.251095192967735
 31
0.0
 11
-97.47788950387664
 21
-17.266290863497286
 31
0.0
 11
-97.46910101778639
 21
-17.281489917358755
 31
0.0
 11
-97.46031033739922
 21
-17.296692352778603
 31
0.0
 11
-97.45151746035678
 21
-17.311898167978782
 31
0.0
 11
-97.44272238422835
 21
-17.327107361168146
 31
0.0
 11
-97.43392510666742
 21
-17.342319930569904
 31
0.0
 11
-97.4251256252791
 21
-17.357535874398017
 31
0.0
 11
-97.41632393769345
 21
-17.372755190870507
 31
0.0
 11
-97.40752004153849
 21
-17.387977878204374
 31
0.0
 11
-97.39871393441277
 21
-17.40320393461088
 31
0.0
 11
-97.38990561396135
 21
-17.418433358309063
 31
0.0
 11
-97.38109507778974
 21
-17.433666147510255
 31
0.0
 11
-97.37228232352646
 21
-17.44890230042957
 31
0.0
 11
-97.36346734877752
 21
-17.46414181527728
 31
0.0
 11
-97.35465015117862
 21
-17.479384690268713
 31
0.0
 11
-97.34583072835623
 21
-17.494630923616775
 31
0.0
 11
-97.33700907791234
 21
-17.509880513529517
 31
0.0
 11
-97.32818519748294
 21
-17.525133458220655
 31
0.0
 11
-97.31935908469045
 21
-17.540389755900744
 31
0.0
 11
-97.31053073714591
 21
-17.55564940477787
 31
0.0
 11
-97.30170015247354
 21
-17.570912403061914
 31
0.0
 11
-97.29286732830539
 21
-17.586178748963608
 31
0.0
 11
-97.28403226225434
 21
-17.601448440689705
 31
0.0
 11
-97.27519495192892
 21
-17.61672147644559
 31
0.0
 11
-97.2663553949774
 21
-17.631997854443366
 31
0.0
 11
-97.25751358903243
 21
-17.647277572891664
 31
0.0
 11
-97.24866953164675
 21
-17.662560629984068
 31
0.0
 11
-97.239823220519
 21
-17.67784702394026
 31
0.0
 11
-97.23097465323504
 21
-17.693136752958647
 31
0.0
 11
-97.22212382740732
 21
-17.708429815242166
 31
0.0
 11
-97.21327074069566
 21
-17.723726209001608
 31
0.0
 11
-97.20441539069876
 21
-17.739025932436174
 31
0.0
 11
-97.19555777504786
 21
-17.754328983750483
 31
0.0
 11
-97.18669789131627
 21
-17.76963536113798
 31
0.0
 11
-97.17783573721209
 21
-17.78494506281618
 31
0.0
 11
-97.16897131032827
 21
-17.800258086980975
 31
0.0
 11
-97.16010460822665
 21
-17.81557443182205
 31
0.0
 11
-97.15123562859814
 21
-17.830894095552203
 31
0.0
 11
-97.14236436907116
 21
-17.846217076372096
 31
0.0
 11
-97.13349082721705
 21
-17.86154337247147
 31
0.0
 11
-97.12461500067121
 21
-17.876872982051285
 31
0.0
 11
-97.11573688710833
 21
-17.892205903319077
 31
0.0
 11
-97.1068564841015
 21
-17.907542134463192
 31
0.0
 11
-97.09797378927237
 21
-17.92288167368037
 31
0.0
 11
-97.08908880026665
 21
-17.93822451917115
 31
0.0
 11
-97.08020151470483
 21
-17.953570669130926
 31
0.0
 11
-97.07131193020066
 21
-17.9689201217533
 31
0.0
 11
-97.06242004439405
 21
-17.984272875236115
 31
0.0
 11
-97.05352585488936
 21
-17.999628927770043
 31
0.0
 11
-97.0446293593157
 21
-18.014988277549843
 31
0.0
 11
-97.03573055531778
 21
-18.030350922772534
 31
0.0
 11
-97.02682944047791
 21
-18.045716861623106
 31
0.0
 11
-97.01792601247254
 21
-18.061086092303356
 31
0.0
 11
-97.00902026889119
 21
-18.07645861299835
 31
0.0
 11
-97.00011220734284
 21
-18.091834421896284
 31
0.0
 11
-96.99120182550807
 21
-18.10721351719814
 31
0.0
 11
-96.98228912097278
 21
-18.12259589708655
 31
0.0
 11
-96.97337409133092
 21
-18.137981559745235
 31
0.0
 11
-96.96445673428273
 21
-18.153370503377136
 31
0.0
 11
-96.95553704740881
 21
-18.168762726162168
 31
0.0
 11
-96.94661502832257
 21
-18.18415822628598
 31
0.0
 11
-96.93769067469388
 21
-18.19955700194411
 31
0.0
 11
-96.92876398409086
 21
-18.214959051312523
 31
0.0
 11
-96.91983495419038
 21
-18.230364372586983
 31
0.0
 11
-96.91090358258437
 21
-18.24577296394668
 31
0.0
 11
-96.90196986689438
 21
-18.261184823575846
 31
0.0
 11
-96.89303380479518
 21
-18.276599949668253
 31
0.0
 11
-96.88409539386242
 21
-18.292018340398243
 31
0.0
 11
-96.87515463171918
 21
-18.307439993948694
 31
0.0
 11
-96.86621151603333
 21
-18.3228649085102
 31
0.0
 11
-96.85726604441936
 21
-18.338293082262844
 31
0.0
 11
-96.84831821445869
 21
-18.353724513379795
 31
0.0
 11
-96.83936802381693
 21
-18.36915920004964
 31
0.0
 11
-96.83041547013927
 21
-18.384597140456453
 31
0.0
 11
-96.82146055100455
 21
-18.400038332771125
 31
0.0
 11
-96.81250326405694
 21
-18.415482775176553
 31
0.0
 11
-96.80354360693752
 21
-18.4309304658542
 31
0.0
 11
-96.79458157727571
 21
-18.446381402982958
 31
0.0
 11
-96.78561717266216
 21
-18.46183558473367
 31
0.0
 11
-96.7766503907526
 21
-18.477293009288946
 31
0.0
 11
-96.76768122918132
 21
-18.492753674826822
 31
0.0
 11
-96.7587096855522
 21
-18.508217579518853
 31
0.0
 11
-96.74973575750312
 21
-18.523684721542597
 31
0.0
 11
-96.74075944266379
 21
-18.539155099073437
 31
0.0
 11
-96.73178073866815
 21
-18.55462871028696
 31
0.0
 11
-96.7227996431155
 21
-18.57010555335153
 31
0.0
 11
-96.71381615366498
 21
-18.585585626446427
 31
0.0
 11
-96.70483026793283
 21
-18.601068927742045
 31
0.0
 11
-96.69584198353998
 21
-18.616555455409227
 31
0.0
 11
-96.6868512981161
 21
-18.63204520761978
 31
0.0
 11
-96.67785820931141
 21
-18.64753818254897
 31
0.0
 11
-96.6688627147283
 21
-18.66303437836218
 31
0.0
 11
-96.65986481198235
 21
-18.678533793226766
 31
0.0
 11
-96.65086449877127
 21
-18.694036425325372
 31
0.0
 11
-96.64186177264402
 21
-18.70954227281136
 31
0.0
 11
-96.63285663125303
 21
-18.725051333857433
 31
0.0
 11
-96.62384907225223
 21
-18.740563606635973
 31
0.0
 11
-96.61483909324826
 21
-18.756079089309708
 31
0.0
 11
-96.60582669187745
 21
-18.771597780046424
 31
0.0
 11
-96.59681186576219
 21
-18.787119677010693
 31
0.0
 11
-96.58779461254359
 21
-18.802644778370105
 31
0.0
 11
-96.57877492982601
 21
-18.81817308228449
 31
0.0
 11
-96.56975281527077
 21
-18.833704586924217
 31
0.0
 11
-96.56072826648341
 21
-18.84923929044807
 31
0.0
 11
-96.55170128110977
 21
-18.864777191022227
 31
0.0
 11
-96.54267185679547
 21
-18.88031828681218
 31
0.0
 11
-96.53363999110998
 21
-18.89586257596799
 31
0.0
 11
-96.5246056817331
 21
-18.911410056660586
 31
0.0
 11
-96.51556892630362
 21
-18.926960727052347
 31
0.0
 11
-96.50652972240532
 21
-18.942514585294315
 31
0.0
 11
-96.49748806769932
 21
-18.958071629551988
 31
0.0
 11
-96.48844395984166
 21
-18.97363185798938
 31
0.0
 11
-96.47939739640532
 21
-18.989195268753484
 31
0.0
 11
-96.47034837505036
 21
-19.0047618600079
 31
0.0
 11
-96.4612968934201
 21
-19.020331629912295
 31
0.0
 11
-96.45224294912306
 21
-19.035904576618837
 31
0.0
 11
-96.44318653979657
 21
-19.051480698284838
 31
0.0
 11
-96.43412766307766
 21
-19.067059993066927
 31
0.0
 11
-96.42506631660618
 21
-19.082642459121725
 31
0.0
 11
-96.41600249799309
 21
-19.0982280945994
 31
0.0
 11
-96.40693620488022
 21
-19.11381689765574
 31
0.0
 11
-96.39786743489509
 21
-19.129408866443065
 31
0.0
 11
-96.38879618567674
 21
-19.14500399911542
 31
0.0
 11
-96.37972245485491
 21
-19.16060229382425
 31
0.0
 11
-96.37064624005323
 21
-19.17620374871941
 31
0.0
 11
-96.361567538922
 21
-19.191808361955164
 31
0.0
 11
-96.35248634907884
 21
-19.207416131678922
 31
0.0
 11
-96.34340266815707
 21
-19.223027056040483
 31
0.0
 11
-96.3343164938014
 21
-19.238641133191276
 31
0.0
 11
-96.32522782363665
 21
-19.25425836127826
 31
0.0
 11
-96.31613665528627
 21
-19.26987873844738
 31
0.0
 11
-96.30704298639249
 21
-19.285502262847878
 31
0.0
 11
-96.29794681459884
 21
-19.301128932628462
 31
0.0
 11
-96.28884813751824
 21
-19.31675874593124
 31
0.0
 11
-96.27974695281512
 21
-19.332391700907962
 31
0.0
 11
-96.27064325807618
 21
-19.348027795694147
 31
0.0
 11
-96.26153705096468
 21
-19.363667028440233
 31
0.0
 11
-96.25242832914456
 21
-19.379309397295927
 31
0.0
 11
-96.24331709017511
 21
-19.394954900389433
 31
0.0
 11
-96.23420333174688
 21
-19.41060353587472
 31
0.0
 11
-96.2250870514893
 21
-19.426255301892873
 31
0.0
 11
-96.21596824700028
 21
-19.441910196577947
 31
0.0
 11
-96.20684691597573
 21
-19.457568218083143
 31
0.0
 11
-96.19772305601714
 21
-19.47322936454194
 31
0.0
 11
-96.1885966647194
 21
-19.488893634086036
 31
0.0
 11
-96.17946773978039
 21
-19.50456102486718
 31
0.0
 11
-96.1703362788212
 21
-19.520231535020965
 31
0.0
 11
-96.16120227944869
 21
-19.535905162679498
 31
0.0
 11
-96.15206573931448
 21
-19.55158190598343
 31
0.0
 11
-96.14292665607717
 21
-19.56726176307409
 31
0.0
 11
-96.13378502734656
 21
-19.582944732082257
 31
0.0
 11
-96.12464085074609
 21
-19.598630811140993
 31
0.0
 11
-96.11549412395027
 21
-19.614319998392954
 31
0.0
 11
-96.10634484455791
 21
-19.63001229196492
 31
0.0
 11
-96.0971930102309
 21
-19.645707689995767
 31
0.0
 11
-96.0880386186008
 21
-19.661406190617633
 31
0.0
 11
-96.07888166729394
 21
-19.677107791960918
 31
0.0
 11
-96.0697221539628
 21
-19.692812492160815
 31
0.0
 11
-96.06056007622188
 21
-19.708520289343994
 31
0.0
 11
-96.0513954317197
 21
-19.72423118164354
 31
0.0
 11
-96.04222821809867
 21
-19.739945167190676
 31
0.0
 11
-96.03305843300109
 21
-19.755662244115946
 31
0.0
 11
-96.02388607404758
 21
-19.771382410544803
 31
0.0
 11
-96.01471113888951
 21
-19.78710566460834
 31
0.0
 11
-96.00553362515201
 21
-19.802832004431707
 31
0.0
 11
-95.99635353048458
 21
-19.818561428144402
 31
0.0
 11
-95.98717085252193
 21
-19.834293933872193
 31
0.0
 11
-95.97798558889615
 21
-19.850029519739795
 31
0.0
 11
-95.968797737255
 21
-19.865768183874412
 31
0.0
 11
-95.95960729523229
 21
-19.88150992439975
 31
0.0
 11
-95.95041426046491
 21
-19.897254739439497
 31
0.0
 11
-95.941218630592
 21
-19.91300262711732
 31
0.0
 11
-95.93202040326489
 21
-19.928753585558525
 31
0.0
 11
-95.92281957610325
 21
-19.94450761288144
 31
0.0
 11
-95.9136161467482
 21
-19.96026470720805
 31
0.0
 11
-95.90441011287035
 21
-19.97602486666594
 31
0.0
 11
-95.89520147206485
 21
-19.991788089366274
 31
0.0
 11
-95.88599022199561
 21
-20.007554373433948
 31
0.0
 11
-95.87677636031334
 21
-20.023323716990458
 31
0.0
 11
-95.86755988462083
 21
-20.039096118146595
 31
0.0
 11
-95.85834079259715
 21
-20.05487157502853
 31
0.0
 11
-95.84911908186795
 21
-20.070650085750586
 31
0.0
 11
-95.83989475005708
 21
-20.086431648426057
 31
0.0
 11
-95.83066779483927
 21
-20.10221626117825
 31
0.0
 11
-95.82143821383579
 21
-20.118003922118586
 31
0.0
 11
-95.81220600466904
 21
-20.1337946293582
 31
0.0
 11
-95.80297116501941
 21
-20.14958838101962
 31
0.0
 11
-95.79373369250128
 21
-20.16538517521091
 31
0.0
 11
-95.78449358476911
 21
-20.18118501004797
 31
0.0
 11
-95.77525083946607
 21
-20.19698788364357
 31
0.0
 11
-95.76600545420796
 21
-20.2127937941041
 31
0.0
 11
-95.75675742667296
 21
-20.22860273954849
 31
0.0
 11
-95.74750675448821
 21
-20.244414718084297
 31
0.0
 11
-95.7382534352832
 21
-20.26022972781873
 31
0.0
 11
-95.72899746671175
 21
-20.276047766863737
 31
0.0
 11
-95.71973884642097
 21
-20.29186883332899
 31
0.0
 11
-95.71047757205076
 21
-20.307692925322105
 31
0.0
 11
-95.7012136412442
 21
-20.323520040950633
 31
0.0
 11
-95.69194705163981
 21
-20.339350178320647
 31
0.0
 11
-95.68267780088114
 21
-20.355183335538428
 31
0.0
 11
-95.67340588662302
 21
-20.37101951071221
 31
0.0
 11
-95.66413130648965
 21
-20.386858701942856
 31
0.0
 11
-95.65485405814364
 21
-20.40270090733894
 31
0.0
 11
-95.64557413922155
 21
-20.41854612500269
 31
0.0
 11
-95.6362915473715
 21
-20.43439435303819
 31
0.0
 11
-95.62700628022218
 21
-20.450245589544764
 31
0.0
 11
-95.61771833544013
 21
-20.46609983262907
 31
0.0
 11
-95.60842771066056
 21
-20.481957080390455
 31
0.0
 11
-95.59913440351505
 21
-20.49781733092682
 31
0.0
 11
-95.58983841168204
 21
-20.513680582345557
 31
0.0
 11
-95.58053973277141
 21
-20.529546832738504
 31
0.0
 11
-95.57123836443691
 21
-20.545416080206326
 31
0.0
 11
-95.56193430433746
 21
-20.56128832285025
 31
0.0
 11
-95.55262755013112
 21
-20.577163558770476
 31
0.0
 11
-95.54331809942677
 21
-20.593041786056077
 31
0.0
 11
-95.53400594986677
 21
-20.60892300280263
 31
0.0
 11
-95.52469109915698
 21
-20.62480720711875
 31
0.0
 11
-95.51537354488627
 21
-20.640694397087127
 31
0.0
 11
-95.50605328471718
 21
-20.656584570805755
 31
0.0
 11
-95.49673031632042
 21
-20.672477726373597
 31
0.0
 11
-95.4874046373054
 21
-20.68837386187584
 31
0.0
 11
-95.47807624534231
 21
-20.70427297541001
 31
0.0
 11
-95.46874513806873
 21
-20.72017506506607
 31
0.0
 11
-95.45941131313755
 21
-20.73608012893653
 31
0.0
 11
-95.45007476821422
 21
-20.751988165115996
 31
0.0
 11
-95.44073550089954
 21
-20.767899171684224
 31
0.0
 11
-95.4313935088769
 21
-20.783813146738506
 31
0.0
 11
-95.42204878981094
 21
-20.79973008837116
 31
0.0
 11
-95.41270134129293
 21
-20.81564999465793
 31
0.0
 11
-95.40335116102634
 21
-20.83157286369844
 31
0.0
 11
-95.39399824663438
 21
-20.847498693573957
 31
0.0
 11
-95.38464259576926
 21
-20.863427482371534
 31
0.0
 11
-95.37528420608534
 21
-20.879359228178018
 31
0.0
 11
-95.36592307523833
 21
-20.895293929079756
 31
0.0
 11
-95.35655920084747
 21
-20.911231583154557
 31
0.0
 11
-95.3471925805739
 21
-20.927172188488726
 31
0.0
 11
-95.33782321211561
 21
-20.9431157431759
 31
0.0
 11
-95.32845109305556
 21
-20.959062245283842
 31
0.0
 11
-95.31907622107336
 21
-20.975011692900843
 31
0.0
 11
-95.3096985938353
 21
-20.99096408411166
 31
0.0
 11
-95.30031820896643
 21
-21.006919416991185
 31
0.0
 11
-95.29093506411316
 21
-21.022877689618426
 31
0.0
 11
-95.28154915695816
 21
-21.038838900079625
 31
0.0
 11
-95.2721604851307
 21
-21.05480304644865
 31
0.0
 11
-95.26276904627744
 21
-21.070770126802472
 31
0.0
 11
-95.25337483807135
 21
-21.08674013922321
 31
0.0
 11
-95.24397785813903
 21
-21.10271308178198
 31
0.0
 11
-95.23457810415898
 21
-21.118688952560813
 31
0.0
 11
-95.22517557376433
 21
-21.13466774963099
 31
0.0
 11
-95.21577026459464
 21
-21.150649471064398
 31
0.0
 11
-95.20636217434459
 21
-21.166634114944618
 31
0.0
 11
-95.19695130065223
 21
-21.182621679341967
 31
0.0
 11
-95.1875376411309
 21
-21.198612162320437
 31
0.0
 11
-95.17812119347931
 21
-21.214605561962504
 31
0.0
 11
-95.16870195533866
 21
-21.230601876337072
 31
0.0
 11
-95.15927992435421
 21
-21.24660110351321
 31
0.0
 11
-95.14985509819907
 21
-21.26260324156552
 31
0.0
 11
-95.14042747448887
 21
-21.278608288555247
 31
0.0
 11
-95.13099705092077
 21
-21.294616242560988
 31
0.0
 11
-95.12156382513179
 21
-21.310627101647167
 31
0.0
 11
-95.11212779477496
 21
-21.326640863881313
 31
0.0
 11
-95.10268895750043
 21
-21.342657527329393
 31
0.0
 11
-95.09324731097544
 21
-21.358677090060702
 31
0.0
 11
-95.0838028528396
 21
-21.3746995501374
 31
0.0
 11
-95.07435558075602
 21
-21.39072490562657
 31
0.0
 11
-95.06490549242025
 21
-21.406753154601564
 31
0.0
 11
-95.05545258539993
 21
-21.422784295106446
 31
0.0
 11
-95.04599685741641
 21
-21.43881832521913
 31
0.0
 11
-95.03653830612576
 21
-21.45485524300216
 31
0.0
 11
-95.0270769291482
 21
-21.470895046509305
 31
0.0
 11
-95.01761272418601
 21
-21.486937733812116
 31
0.0
 11
-95.00814568885362
 21
-21.50298330296159
 31
0.0
 11
-94.9986758208228
 21
-21.51903175202107
 31
0.0
 11
-94.98920311775859
 21
-21.535083079051578
 31
0.0
 11
-94.97972757731772
 21
-21.55113728211164
 31
0.0
 11
-94.97024919716168
 21
-21.56719435926013
 31
0.0
 11
-94.96076797492569
 21
-21.58325430854921
 31
0.0
 11
-94.95128390829171
 21
-21.59931712804103
 31
0.0
 11
-94.94179699489464
 21
-21.615382815786262
 31
0.0
 11
-94.93230723242661
 21
-21.631451369848023
 31
0.0
 11
-94.92281461853239
 21
-21.64752278827779
 31
0.0
 11
-94.91331915084707
 21
-21.66359706912429
 31
0.0
 11
-94.90382082705642
 21
-21.679674210446905
 31
0.0
 11
-94.89431964482047
 21
-21.69575421029865
 31
0.0
 11
-94.88481560177956
 21
-21.711837066727185
 31
0.0
 11
-94.87530869560956
 21
-21.72792277778763
 31
0.0
 11
-94.86579892396244
 21
-21.744011341528932
 31
0.0
 11
-94.85628628450195
 21
-21.76010275600208
 31
0.0
 11
-94.84677077490934
 21
-21.77619701926127
 31
0.0
 11
-94.83725239278559
 21
-21.792294129341666
 31
0.0
 11
-94.82773113585549
 21
-21.808394084306045
 31
0.0
 11
-94.8182070017581
 21
-21.824496882196893
 31
0.0
 11
-94.8086799881372
 21
-21.840602521056965
 31
0.0
 11
-94.79915009267401
 21
-21.856710998937
 31
0.0
 11
-94.78961731302924
 21
-21.872822313882278
 31
0.0
 11
-94.78008164685828
 21
-21.888936463936123
 31
0.0
 11
-94.77054309182317
 21
-21.90505344714269
 31
0.0
 11
-94.7610016456032
 21
-21.92117326154941
 31
0.0
 11
-94.75145730582167
 21
-21.937295905189995
 31
0.0
 11
-94.74191007018607
 21
-21.953421376117102
 31
0.0
 11
-94.73235993634792
 21
-21.96954967236942
 31
0.0
 11
-94.72280690194113
 21
-21.98568079198114
 31
0.0
 11
-94.71325096465809
 21
-22.00181473299915
 31
0.0
 11
-94.70369212216258
 21
-22.017951493462956
 31
0.0
 11
-94.69413037210444
 21
-22.034091071408156
 31
0.0
 11
-94.6845657121502
 21
-22.050233464873525
 31
0.0
 11
-94.67499813999113
 21
-22.06637867190283
 31
0.0
 11
-94.66542765324206
 21
-22.082526690521366
 31
0.0
 11
-94.6558542496227
 21
-22.098677518778132
 31
0.0
 11
-94.64627792676495
 21
-22.114831154700823
 31
0.0
 11
-94.63669868231672
 21
-22.130987596320423
 31
0.0
 11
-94.6271165139883
 21
-22.1471468416814
 31
0.0
 11
-94.61753141941143
 21
-22.16330888880946
 31
0.0
 11
-94.60794339629318
 21
-22.17947373574703
 31
0.0
 11
-94.59835244224774
 21
-22.19564138051411
 31
0.0
 11
-94.58875855497298
 21
-22.21181182114953
 31
0.0
 11
-94.57916173212575
 21
-22.227985055681913
 31
0.0
 11
-94.56956197137653
 21
-22.24416108214227
 31
0.0
 11
-94.55995927040269
 21
-22.26033989856242
 31
0.0
 11
-94.55035362684563
 21
-22.276521502965167
 31
0.0
 11
-94.54074503839875
 21
-22.29270589338469
 31
0.0
 11
-94.53113350271248
 21
-22.308893067844412
 31
0.0
 11
-94.52151901747206
 21
-22.325083024375143
 31
0.0
 11
-94.51190158032675
 21
-22.34127576099852
 31
0.0
 11
-94.50228118895033
 21
-22.35747127574133
 31
0.0
 11
-94.49265784103288
 21
-22.3736695666333
 31
0.0
 11
-94.4830315342169
 21
-22.389870631692265
 31
0.0
 11
-94.4734022661754
 21
-22.406074468942634
 31
0.0
 11
-94.46377003459905
 21
-22.422281076412148
 31
0.0
 11
-94.45413483713307
 21
-22.438490452117016
 31
0.0
 11
-94.44449667144787
 21
-22.45470259407879
 31
0.0
 11
-94.43485553523706
 21
-22.470917500323804
 31
0.0
 11
-94.4252114261544
 21
-22.487135168868054
 31
0.0
 11
-94.41556434186928
 21
-22.50335559773068
 31
0.0
 11
-94.40591428004805
 21
-22.51957878492923
 31
0.0
 11
-94.39626123839108
 21
-22.53580472848874
 31
0.0
 11
-94.38660521453951
 21
-22.552033426419214
 31
0.0
 11
-94.37694620616251
 21
-22.568264876736848
 31
0.0
 11
-94.36728421097295
 21
-22.584499077467278
 31
0.0
 11
-94.35761922659492
 21
-22.60073602661438
 31
0.0
 11
-94.34795125071722
 21
-22.6169757221967
 31
0.0
 11
-94.3382802810226
 21
-22.63321816223058
 31
0.0
 11
-94.3286063151728
 21
-22.649463344726552
 31
0.0
 11
-94.3189293508669
 21
-22.66571126770346
 31
0.0
 11
-94.30924938573604
 21
-22.681961929163037
 31
0.0
 11
-94.29956641747094
 21
-22.69821532712059
 31
0.0
 11
-94.28988044376031
 21
-22.71447145959019
 31
0.0
 11
-94.28019146226585
 21
-22.730730324578694
 31
0.0
 11
-94.27049947067033
 21
-22.746991920097265
 31
0.0
 11
-94.26080446663659
 21
-22.76325624415153
 31
0.0
 11
-94.2511064478336
 21
-22.779523294747825
 31
0.0
 11
-94.24140541196829
 21
-22.79579306990102
 31
0.0
 11
-94.23170135668536
 21
-22.812065567609928
 31
0.0
 11
-94.22199427966595
 21
-22.828340785881768
 31
0.0
 11
-94.21228417860438
 21
-22.844618722725954
 31
0.0
 11
-94.20257105114338
 21
-22.860899376138768
 31
0.0
 11
-94.19285489501182
 21
-22.877182744136565
 31
0.0
 11
-94.18313570782719
 21
-22.893468824707945
 31
0.0
 11
-94.17341348730284
 21
-22.909757615864123
 31
0.0
 11
-94.16368823110199
 21
-22.926049115603263
 31
0.0
 11
-94.15395993690778
 21
-22.942343321927613
 31
0.0
 11
-94.1442286024168
 21
-22.958640232842033
 31
0.0
 11
-94.13449422525363
 21
-22.974939846333044
 31
0.0
 11
-94.1247568031561
 21
-22.99124216041402
 31
0.0
 11
-94.11501633377033
 21
-23.00754717307521
 31
0.0
 11
-94.10527281476944
 21
-23.023854882312737
 31
0.0
 11
-94.0955262438697
 21
-23.04016528613239
 31
0.0
 11
-94.08577661870102
 21
-23.05647838251825
 31
0.0
 11
-94.07602393696872
 21
-23.072794169471972
 31
0.0
 11
-94.06626819638534
 21
-23.089112644996316
 31
0.0
 11
-94.05650939455857
 21
-23.105433807067474
 31
0.0
 11
-94.04674752920992
 21
-23.121757653688906
 31
0.0
 11
-94.0369825980414
 21
-23.13808418285843
 31
0.0
 11
-94.02721459868302
 21
-23.154413392555504
 31
0.0
 11
-94.01744352886242
 21
-23.1707452807828
 31
0.0
 11
-94.00766938624335
 21
-23.187079845526455
 31
0.0
 11
-93.99789216849221
 21
-23.203417084772568
 31
0.0
 11
-93.98811187330982
 21
-23.21975699651494
 31
0.0
 11
-93.97832849837204
 21
-23.236099578740436
 31
0.0
 11
-93.96854204135587
 21
-23.252444829435444
 31
0.0
 11
-93.95875249995798
 21
-23.26879274659045
 31
0.0
 11
-93.94895987185541
 21
-23.285143328190372
 31
0.0
 11
-93.93916415471985
 21
-23.301496572217893
 31
0.0
 11
-93.92936534626936
 21
-23.31785247666661
 31
0.0
 11
-93.91956344413649
 21
-23.334211039508
 31
0.0
 11
-93.9097584460241
 21
-23.35057225873027
 31
0.0
 11
-93.89995034965617
 21
-23.36693613232616
 31
0.0
 11
-93.89013915267398
 21
-23.38330265826704
 31
0.0
 11
-93.88032485276098
 21
-23.399671834533898
 31
0.0
 11
-93.8705074476123
 21
-23.416043659110088
 31
0.0
 11
-93.86068693494674
 21
-23.432418129983933
 31
0.0
 11
-93.85086331239951
 21
-23.448795245122124
 31
0.0
 11
-93.8410365776738
 21
-23.465175002507628
 31
0.0
 11
-93.83120672846547
 21
-23.481557400120735
 31
0.0
 11
-93.82137376244935
 21
-23.497942435935833
 31
0.0
 11
-93.81153767732181
 21
-23.51433010793179
 31
0.0
 11
-93.80169847077609
 21
-23.530720414085977
 31
0.0
 11
-93.7918561404656
 21
-23.54711335236499
 31
0.0
 11
-93.78201068410333
 21
-23.56350892074958
 31
0.0
 11
-93.77216209940929
 21
-23.57990711722154
 31
0.0
 11
-93.7623103839994
 21
-23.59630793973573
 31
0.0
 11
-93.75245553561253
 21
-23.612711386277063
 31
0.0
 11
-93.74259755194156
 21
-23.629117454818225
 31
0.0
 11
-93.73273643064127
 21
-23.64552614332136
 31
0.0
 11
-93.722872169409
 21
-23.661937449758792
 31
0.0
 11
-93.71300476597519
 21
-23.67835137211024
 31
0.0
 11
-93.70313421797572
 21
-23.69476790833074
 31
0.0
 11
-93.69326052312505
 21
-23.7111870563946
 31
0.0
 11
-93.68338367913204
 21
-23.727608814273726
 31
0.0
 11
-93.67350368365116
 21
-23.74403317992566
 31
0.0
 11
-93.66362053438974
 21
-23.760460151320338
 31
0.0
 11
-93.65373422904634
 21
-23.77688972642487
 31
0.0
 11
-93.64384476530563
 21
-23.793321903201985
 31
0.0
 11
-93.63395214085425
 21
-23.809756679614132
 31
0.0
 11
-93.62405635338664
 21
-23.82619405362501
 31
0.0
 11
-93.61415740061706
 21
-23.842634023202482
 31
0.0
 11
-93.60425528021024
 21
-23.85907658630102
 31
0.0
 11
-93.59434998983964
 21
-23.875521740876692
 31
0.0
 11
-93.58444152726904
 21
-23.8919694849076
 31
0.0
 11
-93.57452989014686
 21
-23.90841981634174
 31
0.0
 11
-93.56461507614468
 21
-23.924872733132226
 31
0.0
 11
-93.55469708299411
 21
-23.94132823324671
 31
0.0
 11
-93.54477590839505
 21
-23.9577863146439
 31
0.0
 11
-93.53485155000868
 21
-23.974246975271885
 31
0.0
 11
-93.52492400554942
 21
-23.99071021309151
 31
0.0
 11
-93.51499327270456
 21
-24.007176026056012
 31
0.0
 11
-93.50505934918516
 21
-24.02364441212376
 31
0.0
 11
-93.49512223267965
 21
-24.040115369246642
 31
0.0
 11
-93.48518192086077
 21
-24.056588895371743
 31
0.0
 11
-93.47523841148306
 21
-24.07306498846627
 31
0.0
 11
-93.46529170217755
 21
-24.089543646464886
 31
0.0
 11
-93.45534179067634
 21
-24.106024867327587
 31
0.0
 11
-93.44538867467641
 21
-24.12250864900441
 31
0.0
 11
-93.43543235186769
 21
-24.138994989442867
 31
0.0
 11
-93.42547281995442
 21
-24.155483886593224
 31
0.0
 11
-93.41551007661565
 21
-24.171975338398667
 31
0.0
 11
-93.40554411957717
 21
-24.18846934281345
 31
0.0
 11
-93.3955749465199
 21
-24.204965897779495
 31
0.0
 11
-93.38560255516026
 21
-24.221465001247193
 31
0.0
 11
-93.37562694318488
 21
-24.237966651158338
 31
0.0
 11
-93.36564810828206
 21
-24.254470845454367
 31
0.0
 11
-93.35566604817322
 21
-24.270977582084477
 31
0.0
 11
-93.34568076055619
 21
-24.287486858991063
 31
0.0
 11
-93.33569224312295
 21
-24.303998674114013
 31
0.0
 11
-93.32570049358714
 21
-24.320513025398192
 31
0.0
 11
-93.3157055096189
 21
-24.337029910776323
 31
0.0
 11
-93.3057072889505
 21
-24.353549328196397
 31
0.0
 11
-93.29570582928886
 21
-24.37007127559915
 31
0.0
 11
-93.28570112831909
 21
-24.386595750918715
 31
0.0
 11
-93.27569318373652
 21
-24.403122752091097
 31
0.0
 11
-93.26568199325656
 21
-24.41965227705681
 31
0.0
 11
-93.25566755458556
 21
-24.436184323753093
 31
0.0
 11
-93.24564986541233
 21
-24.45271889011188
 31
0.0
 11
-93.2356289234856
 21
-24.469255974079967
 31
0.0
 11
-93.22560472644044
 21
-24.485795573573427
 31
0.0
 11
-93.21557727199783
 21
-24.50233768653027
 31
0.0
 11
-93.2055465579361
 21
-24.518882310902594
 31
0.0
 11
-93.1955125818641
 21
-24.535429444597234
 31
0.0
 11
-93.18547534152529
 21
-24.551979085555576
 31
0.0
 11
-93.17543483465046
 21
-24.568531231714875
 31
0.0
 11
-93.16539105890293
 21
-24.5850858809938
 31
0.0
 11
-93.1553440120175
 21
-24.601643031329033
 31
0.0
 11
-93.14529369169853
 21
-24.618202680648473
 31
0.0
 11
-93.13524009563342
 21
-24.634764826874594
 31
0.0
 11
-93.12518322154071
 21
-24.65132946793745
 31
0.0
 11
-93.11512306714829
 21
-24.66789660176857
 31
0.0
 11
-93.10505963011755
 21
-24.684466226281316
 31
0.0
 11
-93.0949929082053
 21
-24.70103833941325
 31
0.0
 11
-93.08492289910315
 21
-24.717612939083963
 31
0.0
 11
-93.07484960050166
 21
-24.734190023211927
 31
0.0
 11
-93.06477301012917
 21
-24.75076958972489
 31
0.0
 11
-93.05469312567371
 21
-24.767351636538937
 31
0.0
 11
-93.04460994488691
 21
-24.783936161586354
 31
0.0
 11
-93.03452346544981
 21
-24.800523162779733
 31
0.0
 11
-93.02443368506599
 21
-24.81711263803701
 31
0.0
 11
-93.01434060145615
 21
-24.833704585279637
 31
0.0
 11
-93.00424421233244
 21
-24.850299002426166
 31
0.0
 11
-92.99414451542741
 21
-24.866895887399615
 31
0.0
 11
-92.98404150840378
 21
-24.883495238103666
 31
0.0
 11
-92.97393518900566
 21
-24.900097052462815
 31
0.0
 11
-92.96382555494903
 21
-24.91670132839326
 31
0.0
 11
-92.95371260393556
 21
-24.933308063806535
 31
0.0
 11
-92.94359633368329
 21
-24.949917256617784
 31
0.0
 11
-92.93347674189647
 21
-24.96652890473754
 31
0.0
 11
-92.92335382630793
 21
-24.983143006083214
 31
0.0
 11
-92.9132275846009
 21
-24.999759558558118
 31
0.0
 11
-92.90309801452159
 21
-25.01637856008161
 31
0.0
 11
-92.89296511377076
 21
-25.033000008559974
 31
0.0
 11
-92.88282888005176
 21
-25.04962390189942
 31
0.0
 11
-92.87268931110506
 21
-25.066250238015307
 31
0.0
 11
-92.86254640462796
 21
-25.082879014810512
 31
0.0
 11
-92.85240015833737
 21
-25.09951023019234
 31
0.0
 11
-92.84225056996517
 21
-25.11614388207142
 31
0.0
 11
-92.83209763719898
 21
-25.132779968345435
 31
0.0
 11
-92.82194135779798
 21
-25.149418486930742
 31
0.0
 11
-92.81178172944536
 21
-25.166059435722183
 31
0.0
 11
-92.80161874984736
 21
-25.182702812620043
 31
0.0
 11
-92.79145241676638
 21
-25.19934861553899
 31
0.0
 11
-92.78128272788351
 21
-25.215996842370856
 31
0.0
 11
-92.77110968095221
 21
-25.23264749102625
 31
0.0
 11
-92.76093327365892
 21
-25.249300559396623
 31
0.0
 11
-92.75075350372494
 21
-25.26595604538225
 31
0.0
 11
-92.74057036889437
 21
-25.28261394688869
 31
0.0
 11
-92.73038386685799
 21
-25.299274261806108
 31
0.0
 11
-92.72019399535816
 21
-25.315936988037947
 31
0.0
 11
-92.71000075211508
 21
-25.332602123480754
 31
0.0
 11
-92.69980413483061
 21
-25.34926966602517
 31
0.0
 11
-92.68960414123191
 21
-25.365939613568028
 31
0.0
 11
-92.67940076908371
 21
-25.38261196401548
 31
0.0
 11
-92.66919401603586
 21
-25.399286715241374
 31
0.0
 11
-92.65898387983341
 21
-25.41596386514503
 31
0.0
 11
-92.64877035825167
 21
-25.432643411632828
 31
0.0
 11
-92.63855344895585
 21
-25.449325352580466
 31
0.0
 11
-92.62833314968432
 21
-25.46600968588268
 31
0.0
 11
-92.61810945815888
 21
-25.482696409428886
 31
0.0
 11
-92.60788237213183
 21
-25.49938552111597
 31
0.0
 11
-92.59765188928694
 21
-25.51607701882118
 31
0.0
 11
-92.5874180073662
 21
-25.53277090043695
 31
0.0
 11
-92.57718072410256
 21
-25.549467163852306
 31
0.0
 11
-92.5669400372075
 21
-25.566165806949616
 31
0.0
 11
-92.55669594439678
 21
-25.582866827611483
 31
0.0
 11
-92.54644844345098
 21
-25.599570223737615
 31
0.0
 11
-92.53619753202958
 21
-25.61627599319334
 31
0.0
 11
-92.52594320789784
 21
-25.632984133872466
 31
0.0
 11
-92.5156854687899
 21
-25.649694643659313
 31
0.0
 11
-92.50542431236794
 21
-25.666407520417437
 31
0.0
 11
-92.49515973647391
 21
-25.683122762059263
 31
0.0
 11
-92.48489173873783
 21
-25.699840366437705
 31
0.0
 11
-92.4746203169221
 21
-25.716560331441563
 31
0.0
 11
-92.46434546875389
 21
-25.733282654948862
 31
0.0
 11
-92.45406719197138
 21
-25.750007334840006
 31
0.0
 11
-92.44378548429397
 21
-25.766734368989255
 31
0.0
 11
-92.43350034344938
 21
-25.783463755272255
 31
0.0
 11
-92.42321176718757
 21
-25.800195491570054
 31
0.0
 11
-92.41291975321026
 21
-25.816929575749437
 31
0.0
 11
-92.40262429927522
 21
-25.833666005691914
 31
0.0
 11
-92.39232540309479
 21
-25.850404779265432
 31
0.0
 11
-92.38202306241607
 21
-25.86714589434684
 31
0.0
 11
-92.37171727496417
 21
-25.883889348805987
 31
0.0
 11
-92.3614080384615
 21
-25.90063514051101
 31
0.0
 11
-92.35109535065385
 21
-25.917383267335893
 31
0.0
 11
-92.34077920926829
 21
-25.934133727148325
 31
0.0
 11
-92.33045961205048
 21
-25.950886517820546
 31
0.0
 11
-92.3201365567158
 21
-25.967641637215266
 31
0.0
 11
-92.30981004102641
 21
-25.984399083207563
 31
0.0
 11
-92.2994800626943
 21
-26.00115885365751
 31
0.0
 11
-92.28914661942483
 21
-26.017920946422443
 31
0.0
 11
-92.27880970902515
 21
-26.034685359387566
 31
0.0
 11
-92.26846932918369
 21
-26.051452090403675
 31
0.0
 11
-92.25812547764998
 21
-26.068221137337996
 31
0.0
 11
-92.24777815214293
 21
-26.084992498048177
 31
0.0
 11
-92.23742735042191
 21
-26.101766170402506
 31
0.0
 11
-92.22707307022193
 21
-26.118542152261426
 31
0.0
 11
-92.21671530927917
 21
-26.135320441484943
 31
0.0
 11
-92.20635406530484
 21
-26.15210103592508
 31
0.0
 11
-92.19598933607632
 21
-26.16888393345172
 31
0.0
 11
-92.18562111934294
 21
-26.18566913192595
 31
0.0
 11
-92.17524941275121
 21
-26.202456629178727
 31
0.0
 11
-92.16487421415626
 21
-26.219246423099534
 31
0.0
 11
-92.15449552124211
 21
-26.23603851152825
 31
0.0
 11
-92.14411333172905
 21
-26.25283289231418
 31
0.0
 11
-92.13372764342377
 21
-26.2696295633304
 31
0.0
 11
-92.12333845399723
 21
-26.28642852241043
 31
0.0
 11
-92.11294576123088
 21
-26.30322976741844
 31
0.0
 11
-92.10254956286904
 21
-26.320033296207075
 31
0.0
 11
-92.09214985660343
 21
-26.336839106613144
 31
0.0
 11
-92.08174664023643
 21
-26.353647196504124
 31
0.0
 11
-92.07133991150754
 21
-26.370457563728742
 31
0.0
 11
-92.06092966811379
 21
-26.387270206122572
 31
0.0
 11
-92.05051590783634
 21
-26.40408512154456
 31
0.0
 11
-92.04009862841926
 21
-26.42090230784191
 31
0.0
 11
-92.02967782756984
 21
-26.437721762850664
 31
0.0
 11
-92.0192535030881
 21
-26.45454348443242
 31
0.0
 11
-92.00882565267455
 21
-26.471367470419324
 31
0.0
 11
-91.99839427409371
 21
-26.488193718661165
 31
0.0
 11
-91.98795936509492
 21
-26.505022227002346
 31
0.0
 11
-91.97752092341528
 21
-26.521852993282923
 31
0.0
 11
-91.96707894679955
 21
-26.538686015344254
 31
0.0
 11
-91.95663343301209
 21
-26.555521291032488
 31
0.0
 11
-91.94618437977927
 21
-26.572358818181918
 31
0.0
 11
-91.93573178484642
 21
-26.589198594631455
 31
0.0
 11
-91.9252756459929
 21
-26.606040618228935
 31
0.0
 11
-91.91481596094944
 21
-26.622884886807203
 31
0.0
 11
-91.90435272745918
 21
-26.639731398201846
 31
0.0
 11
-91.8938859432428
 21
-26.656580150241073
 31
0.0
 11
-91.88341560613655
 21
-26.673431140785713
 31
0.0
 11
-91.87294171379291
 21
-26.69028436764232
 31
0.0
 11
-91.86246426402377
 21
-26.707139828662967
 31
0.0
 11
-91.85198325457097
 21
-26.72399752167833
 31
0.0
 11
-91.84149868316094
 21
-26.74085744451389
 31
0.0
 11
-91.83101054757316
 21
-26.757719595009462
 31
0.0
 11
-91.82051884554231
 21
-26.77458397099109
 31
0.0
 11
-91.81002357482885
 21
-26.791450570291392
 31
0.0
 11
-91.79952473318245
 21
-26.808319390738973
 31
0.0
 11
-91.78901924563331
 21
-26.825189533259838
 31
0.0
 11
-91.7785040380705
 21
-26.842060100741797
 31
0.0
 11
-91.76797910960734
 21
-26.858931093975357
 31
0.0
 11
-91.7574444594476
 21
-26.875802513774676
 31
0.0
 11
-91.74690008664088
 21
-26.89267436090592
 31
0.0
 11
-91.73634599030835
 21
-26.909546636153646
 31
0.0
 11
-91.7257821696165
 21
-26.926419340312624
 31
0.0
 11
-91.71520862363458
 21
-26.94329247414648
 31
0.0
 11
-91.70462535151574
 21
-26.960166038440658
 31
0.0
 11
-91.69403235235211
 21
-26.977040033959785
 31
0.0
 11
-91.68342962528794
 21
-26.99391446148106
 31
0.0
 11
-91.67281716939311
 21
-27.01078932175702
 31
0.0
 11
-91.66219498382712
 21
-27.027664615563744
 31
0.0
 11
-91.6515630676668
 21
-27.044540343650127
 31
0.0
 11
-91.64092142005089
 21
-27.0614165067805
 31
0.0
 11
-91.6302700400741
 21
-27.078293105703395
 31
0.0
 11
-91.61960892684549
 21
-27.095170141168794
 31
0.0
 11
-91.60893807949121
 21
-27.112047613928812
 31
0.0
 11
-91.5982574970932
 21
-27.128925524719747
 31
0.0
 11
-91.58756717877223
 21
-27.1458038742865
 31
0.0
 11
-91.57686712363508
 21
-27.16268266336698
 31
0.0
 11
-91.56615733079975
 21
-27.179561892699642
 31
0.0
 11
-91.55543779930126
 21
-27.19644156299544
 31
0.0
 11
-91.54470852832623
 21
-27.213321675007577
 31
0.0
 11
-91.53396951694846
 21
-27.2302022294527
 31
0.0
 11
-91.52322076423451
 21
-27.247083227042587
 31
0.0
 11
-91.51246226934072
 21
-27.263964668512934
 31
0.0
 11
-91.50169403130671
 21
-27.280846554561666
 31
0.0
 11
-91.49091604926704
 21
-27.297728885912232
 31
0.0
 11
-91.48012832231746
 21
-27.314611663273634
 31
0.0
 11
-91.46933084951384
 21
-27.331494887340103
 31
0.0
 11
-91.45852363000326
 21
-27.34837855883025
 31
0.0
 11
-91.44770666285267
 21
-27.365262678435798
 31
0.0
 11
-91.43687994713424
 21
-27.382147246847307
 31
0.0
 11
-91.4260434819619
 21
-27.39903226476482
 31
0.0
 11
-91.41519726645292
 21
-27.41591773288649
 31
0.0
 11
-91.40434129963167
 21
-27.432803651879837
 31
0.0
 11
-91.39347558061831
 21
-27.44969002243821
 31
0.0
 11
-91.38260010853529
 21
-27.46657684525264
 31
0.0
 11
-91.37171488239404
 21
-27.48346412097804
 31
0.0
 11
-91.36081990133123
 21
-27.500351850304106
 31
0.0
 11
-91.34991516442093
 21
-27.517240033898656
 31
0.0
 11
-91.3390006707272
 21
-27.53412867242364
 31
0.0
 11
-91.32807641934532
 21
-27.551017766547638
 31
0.0
 11
-91.31714240936135
 21
-27.56790731693338
 31
0.0
 11
-91.30619863984997
 21
-27.584797324237318
 31
0.0
 11
-91.29524510986543
 21
-27.601687789106798
 31
0.0
 11
-91.28428181851433
 21
-27.618578712202076
 31
0.0
 11
-91.27330876486877
 21
-27.63547009417011
 31
0.0
 11
-91.26232594798616
 21
-27.652361935650436
 31
0.0
 11
-91.25133336697998
 21
-27.66925423729664
 31
0.0
 11
-91.24033102085991
 21
-27.686146999727903
 31
0.0
 11
-91.22931890873687
 21
-27.70304022359126
 31
0.0
 11
-91.21829702968907
 21
-27.719933909520748
 31
0.0
 11
-91.2072653827494
 21
-27.736828058133856
 31
0.0
 11
-91.19622396704415
 21
-27.753722670073454
 31
0.0
 11
-91.1851727815798
 21
-27.77061774594297
 31
0.0
 11
-91.17411182543728
 21
-27.787513286365623
 31
0.0
 11
-91.163041097728
 21
-27.80440929197093
 31
0.0
 11
-91.15196059745244
 21
-27.82130576335162
 31
0.0
 11
-91.14087032370914
 21
-27.838202701127457
 31
0.0
 11
-91.12977027554906
 21
-27.85510010590065
 31
0.0
 11
-91.1186604520295
 21
-27.87199797827242
 31
0.0
 11
-91.10754085223226
 21
-27.888896318848452
 31
0.0
 11
-91.0964114752009
 21
-27.90579512821987
 31
0.0
 11
-91.08527231997267
 21
-27.922694406972756
 31
0.0
 11
-91.07412338563108
 21
-27.93959415570451
 31
0.0
 11
-91.06296467123492
 21
-27.956494375001977
 31
0.0
 11
-91.05179617579482
 21
-27.9733950654341
 31
0.0
 11
-91.0406178984339
 21
-27.99029622760157
 31
0.0
 11
-91.02942983814938
 21
-28.007197862063276
 31
0.0
 11
-91.01823199400434
 21
-28.02409996939543
 31
0.0
 11
-91.00702436505475
 21
-28.041002550168994
 31
0.0
 11
-90.99580695034676
 21
-28.05790560494905
 31
0.0
 11
-90.98457974892128
 21
-28.074809134295876
 31
0.0
 11
-90.97334275985223
 21
-28.09171313877712
 31
0.0
 11
-90.96209598215289
 21
-28.108617618938528
 31
0.0
 11
-90.950839414877
 21
-28.12552257533555
 31
0.0
 11
-90.93957305709657
 21
-28.142428008526014
 31
0.0
 11
-90.92829690779787
 21
-28.159333919038442
 31
0.0
 11
-90.9170109660458
 21
-28.176240307422564
 31
0.0
 11
-90.90571523089862
 21
-28.193147174223053
 31
0.0
 11
-90.89440970139833
 21
-28.210054519976534
 31
0.0
 11
-90.88309437655431
 21
-28.226962345206413
 31
0.0
 11
-90.8717692554219
 21
-28.243870650447498
 31
0.0
 11
-90.86043433702424
 21
-28.260779436221455
 31
0.0
 11
-90.8490896203928
 21
-28.277688703049456
 31
0.0
 11
-90.83773510458545
 21
-28.294598451457933
 31
0.0
 11
-90.82637078863127
 21
-28.311508681961268
 31
0.0
 11
-90.81499667151283
 21
-28.328419395056414
 31
0.0
 11
-90.80361275232363
 21
-28.3453305912717
 31
0.0
 11
-90.79221903006874
 21
-28.362242271104865
 31
0.0
 11
-90.78081550377387
 21
-28.379154435057167
 31
0.0
 11
-90.76940217245333
 21
-28.396067083623127
 31
0.0
 11
-90.75797903514781
 21
-28.412980217302433
 31
0.0
 11
-90.74654609087068
 21
-28.42989383658324
 31
0.0
 11
-90.7351033386852
 21
-28.446807941966238
 31
0.0
 11
-90.72365077756761
 21
-28.463722533921683
 31
0.0
 11
-90.71218840651302
 21
-28.48063761292298
 31
0.0
 11
-90.70071622462335
 21
-28.497553179473552
 31
0.0
 11
-90.68923423087834
 21
-28.514469234035683
 31
0.0
 11
-90.67774242426565
 21
-28.531385777070987
 31
0.0
 11
-90.6662408038625
 21
-28.54830280906615
 31
0.0
 11
-90.65472936865311
 21
-28.56522033047543
 31
0.0
 11
-90.64320811761473
 21
-28.582138341748024
 31
0.0
 11
-90.63167704980488
 21
-28.599056843355047
 31
0.0
 11
-90.62013616423233
 21
-28.615975835749364
 31
0.0
 11
-90.60858545993537
 21
-28.632895319389913
 31
0.0
 11
-90.59702493584982
 21
-28.649815294700314
 31
0.0
 11
-90.58545459105281
 21
-28.666735762145645
 31
0.0
 11
-90.57387442449948
 21
-28.68365672214928
 31
0.0
 11
-90.56228443523659
 21
-28.700578175160558
 31
0.0
 11
-90.55068462226332
 21
-28.71750012161058
 31
0.0
 11
-90.53907498456913
 21
-28.734422561924315
 31
0.0
 11
-90.52745552117885
 21
-28.751345496534704
 31
0.0
 11
-90.51582623105386
 21
-28.768268925851533
 31
0.0
 11
-90.50418711323755
 21
-28.78519285030757
 31
0.0
 11
-90.49253816671278
 21
-28.802117270312998
 31
0.0
 11
-90.48087939046984
 21
-28.819042186277485
 31
0.0
 11
-90.46921078352294
 21
-28.835967598615028
 31
0.0
 11
-90.45753234487803
 21
-28.852893507733842
 31
0.0
 11
-90.44584407349946
 21
-28.869819914025832
 31
0.0
 11
-90.43414596839081
 21
-28.886746817892263
 31
0.0
 11
-90.42243802854144
 21
-28.903674219726636
 31
0.0
 11
-90.41072025295867
 21
-28.920602119925125
 31
0.0
 11
-90.39899264064293
 21
-28.93753051887852
 31
0.0
 11
-90.38725519055339
 21
-28.9544594169612
 31
0.0
 11
-90.37550790168572
 21
-28.971388814556168
 31
0.0
 11
-90.36375077306589
 21
-28.988318712052923
 31
0.0
 11
-90.35198380359628
 21
-29.005249109798175
 31
0.0
 11
-90.34020699235545
 21
-29.02218000819203
 31
0.0
 11
-90.32842033827387
 21
-29.03911140758378
 31
0.0
 11
-90.31662384031911
 21
-29.05604330833163
 31
0.0
 11
-90.30481749754298
 21
-29.072975710817566
 31
0.0
 11
-90.29300130885983
 21
-29.08990861537615
 31
0.0
 11
-90.28117527327771
 21
-29.106842022369026
 31
0.0
 11
-90.26933938976966
 21
-29.123775932143307
 31
0.0
 11
-90.25749365730461
 21
-29.140710345041626
 31
0.0
 11
-90.24563807486201
 21
-29.15764526140683
 31
0.0
 11
-90.23377264144413
 21
-29.174580681585923
 31
0.0
 11
-90.22189735596834
 21
-29.191516605895178
 31
0.0
 11
-90.21001221746549
 21
-29.208453034684585
 31
0.0
 11
-90.19811722486797
 21
-29.225389968268853
 31
0.0
 11
-90.18621237715176
 21
-29.242327406973775
 31
0.0
 11
-90.17429767330108
 21
-29.259265351124473
 31
0.0
 11
-90.16237311228429
 21
-29.276203801037752
 31
0.0
 11
-90.15043869305056
 21
-29.293142757021005
 31
0.0
 11
-90.13849441455714
 21
-29.310082219381023
 31
0.0
 11
-90.12654027581499
 21
-29.32702218843883
 31
0.0
 11
-90.11457627574758
 21
-29.343962664483715
 31
0.0
 11
-90.10260241330423
 21
-29.36090364781024
 31
0.0
 11
-90.09061868750244
 21
-29.377845138731942
 31
0.0
 11
-90.07862509725626
 21
-29.394787137525277
 31
0.0
 11
-90.06662164151552
 21
-29.411729644475358
 31
0.0
 11
-90.05460831927425
 21
-29.428672659878213
 31
0.0
 11
-90.04258512948137
 21
-29.445616184012124
 31
0.0
 11
-90.03055207105456
 21
-29.462560217141824
 31
0.0
 11
-90.01850914301325
 21
-29.479504759562083
 31
0.0
 11
-90.00645634425346
 21
-29.496449811523988
 31
0.0
 11
-89.99439367370958
 21
-29.513395373288034
 31
0.0
 11
-89.98232113045319
 21
-29.530341445156353
 31
0.0
 11
-89.97023871327252
 21
-29.54728802733489
 31
0.0
 11
-89.95814642121064
 21
-29.56423512010999
 31
0.0
 11
-89.94604425323054
 21
-29.5811827237384
 31
0.0
 11
-89.9339322081855
 21
-29.59813083843759
 31
0.0
 11
-89.92181028510444
 21
-29.61507946447946
 31
0.0
 11
-89.909678482911
 21
-29.632028602098092
 31
0.0
 11
-89.89753680053714
 21
-29.648978251526852
 31
0.0
 11
-89.88538523692138
 21
-29.66592841299817
 31
0.0
 11
-89.87322379099963
 21
-29.6828790867402
 31
0.0
 11
-89.86105246172858
 21
-29.699830272984755
 31
0.0
 11
-89.84887124804436
 21
-29.716781971953488
 31
0.0
 11
-89.83668014887041
 21
-29.73373418386065
 31
0.0
 11
-89.82447916315104
 21
-29.750686908924045
 31
0.0
 11
-89.81226828979169
 21
-29.76764014734531
 31
0.0
 11
-89.8000475277669
 21
-29.784593899345722
 31
0.0
 11
-89.78781687601315
 21
-29.801548165130544
 31
0.0
 11
-89.77557633339933
 21
-29.818502944879366
 31
0.0
 11
-89.76332589889434
 21
-29.83545823880167
 31
0.0
 11
-89.75106557146268
 21
-29.85241404710217
 31
0.0
 11
-89.7387953499698
 21
-29.869370369949227
 31
0.0
 11
-89.72651523334459
 21
-29.886327207529217
 31
0.0
 11
-89.7142252205641
 21
-29.90328456004101
 31
0.0
 11
-89.70192531051494
 21
-29.92024242765008
 31
0.0
 11
-89.68961550211255
 21
-29.937200810528203
 31
0.0
 11
-89.6772957942978
 21
-29.954159708852327
 31
0.0
 11
-89.66496618597915
 21
-29.971119122785154
 31
0.0
 11
-89.65262667607102
 21
-29.988079052488203
 31
0.0
 11
-89.64027726349426
 21
-30.00503949812159
 31
0.0
 11
-89.62791794718825
 21
-30.022000459848435
 31
0.0
 11
-89.61554872603791
 21
-30.038961937810246
 31
0.0
 11
-89.60316959895326
 21
-30.05592393215359
 31
0.0
 11
-89.59078056488195
 21
-30.072886443034296
 31
0.0
 11
-89.57838162269374
 21
-30.08984947057859
 31
0.0
 11
-89.56597277133456
 21
-30.106813014935145
 31
0.0
 11
-89.55355400968772
 21
-30.12377707622801
 31
0.0
 11
-89.54112533666076
 21
-30.140741654586133
 31
0.0
 11
-89.52868675118648
 21
-30.157706750143603
 31
0.0
 11
-89.51623825216541
 21
-30.174672363020154
 31
0.0
 11
-89.50377983845168
 21
-30.191638493316656
 31
0.0
 11
-89.49131150901434
 21
-30.208605141169276
 31
0.0
 11
-89.4788332627124
 21
-30.22557230667363
 31
0.0
 11
-89.46634509846028
 21
-30.24253998994073
 31
0.0
 11
-89.45384701517779
 21
-30.259508191080016
 31
0.0
 11
-89.44133901173373
 21
-30.276476910180257
 31
0.0
 11
-89.42882108702157
 21
-30.29344614733513
 31
0.0
 11
-89.41629323997051
 21
-30.3104159026472
 31
0.0
 11
-89.4037554694393
 21
-30.327386176191514
 31
0.0
 11
-89.3912077743358
 21
-30.344356968056594
 31
0.0
 11
-89.37865015357198
 21
-30.36132827832872
 31
0.0
 11
-89.36608260597782
 21
-30.378300107063218
 31
0.0
 11
-89.35350513053314
 21
-30.395272454362548
 31
0.0
 11
-89.34091772605984
 21
-30.41224532027242
 31
0.0
 11
-89.32832039144502
 21
-30.429218704857067
 31
0.0
 11
-89.31571312560324
 21
-30.44619260818673
 31
0.0
 11
-89.30309592741025
 21
-30.463167030315045
 31
0.0
 11
-89.2904687957664
 21
-30.480141971300576
 31
0.0
 11
-89.27783172952927
 21
-30.497117431183764
 31
0.0
 11
-89.26518472755339
 21
-30.514093410000786
 31
0.0
 11
-89.25252778877788
 21
-30.531069907813098
 31
0.0
 11
-89.23986091204289
 21
-30.548046924644957
 31
0.0
 11
-89.22718409626374
 21
-30.56502446054293
 31
0.0
 11
-89.21449734027034
 21
-30.582002515520752
 31
0.0
 11
-89.20180064295263
 21
-30.598981089609502
 31
0.0
 11
-89.18909400320416
 21
-30.615960182837775
 31
0.0
 11
-89.17637741989441
 21
-30.632939795222743
 31
0.0
 11
-89.16365089184875
 21
-30.649919926762717
 31
0.0
 11
-89.15091441799726
 21
-30.66690057748877
 31
0.0
 11
-89.13816799719017
 21
-30.683881747400747
 31
0.0
 11
-89.12541162827715
 21
-30.700863436495137
 31
0.0
 11
-89.11264531014919
 21
-30.71784564477902
 31
0.0
 11
-89.09986904162469
 21
-30.734828372231085
 31
0.0
 11
-89.08708282165517
 21
-30.751811618872317
 31
0.0
 11
-89.07428664899365
 21
-30.768795384651792
 31
0.0
 11
-89.06148052259398
 21
-30.785779669584542
 31
0.0
 11
-89.04866444129813
 21
-30.802764473643293
 31
0.0
 11
-89.03583840391353
 21
-30.81974979678551
 31
0.0
 11
-89.02300240932432
 21
-30.836735638991545
 31
0.0
 11
-89.01015645643336
 21
-30.853722000244908
 31
0.0
 11
-88.99730054404128
 21
-30.87070888048996
 31
0.0
 11
-88.98443467100415
 21
-30.88769627968701
 31
0.0
 11
-88.97155883622793
 21
-30.90468419781006
 31
0.0
 11
-88.95867303849211
 21
-30.921672634785683
 31
0.0
 11
-88.94577727668451
 21
-30.93866159057473
 31
0.0
 11
-88.93287154966752
 21
-30.955651065125455
 31
0.0
 11
-88.9199558562595
 21
-30.972641058367476
 31
0.0
 11
-88.90703019531952
 21
-30.989631570240995
 31
0.0
 11
-88.89409456571585
 21
-31.006622600685848
 31
0.0
 11
-88.88114896625564
 21
-31.023614149617092
 31
0.0
 11
-88.86819339577576
 21
-31.04060621695668
 31
0.0
 11
-88.85522785318003
 21
-31.0575988026463
 31
0.0
 11
-88.84225233725634
 21
-31.074591906583663
 31
0.0
 11
-88.82926684685484
 21
-31.091585528684686
 31
0.0
 11
-88.8162713807962
 21
-31.108579668851466
 31
0.0
 11
-88.80326593795218
 21
-31.125574327000407
 31
0.0
 11
-88.79025051716827
 21
-31.142569503035165
 31
0.0
 11
-88.77722511720448
 21
-31.159565196825852
 31
0.0
 11
-88.76418973698374
 21
-31.176561408296344
 31
0.0
 11
-88.75114437527493
 21
-31.193558137312635
 31
0.0
 11
-88.73808903093298
 21
-31.210555383767538
 31
0.0
 11
-88.7250237027923
 21
-31.227553147543055
 31
0.0
 11
-88.71194838967854
 21
-31.244551428514654
 31
0.0
 11
-88.69886309039056
 21
-31.261550226544536
 31
0.0
 11
-88.68576780380297
 21
-31.27854954151832
 31
0.0
 11
-88.67266252870398
 21
-31.29554937328734
 31
0.0
 11
-88.65954726390513
 21
-31.312549721707793
 31
0.0
 11
-88.64642200830433
 21
-31.32955058666263
 31
0.0
 11
-88.63328676063391
 21
-31.3465519679728
 31
0.0
 11
-88.62014151973601
 21
-31.363553865494428
 31
0.0
 11
-88.60698628445914
 21
-31.380556279082395
 31
0.0
 11
-88.59382105360753
 21
-31.397559208572254
 31
0.0
 11
-88.58064582598416
 21
-31.414562653795475
 31
0.0
 11
-88.56746060039227
 21
-31.43156661458015
 31
0.0
 11
-88.55426537569575
 21
-31.44857109077211
 31
0.0
 11
-88.54106015065256
 21
-31.465576082176117
 31
0.0
 11
-88.52784492408263
 21
-31.482581588615382
 31
0.0
 11
-88.51461969484475
 21
-31.499587609923076
 31
0.0
 11
-88.50138446166277
 21
-31.516594145881005
 31
0.0
 11
-88.48813922342751
 21
-31.53360119632668
 31
0.0
 11
-88.47488397889636
 21
-31.550608761046483
 31
0.0
 11
-88.46161872689272
 21
-31.567616839846696
 31
0.0
 11
-88.44834346619172
 21
-31.584625432512706
 31
0.0
 11
-88.43505819562203
 21
-31.60163453884555
 31
0.0
 11
-88.42176291397024
 21
-31.618644158627347
 31
0.0
 11
-88.40845762005604
 21
-31.635654291648674
 31
0.0
 11
-88.39514231266844
 21
-31.652664937685238
 31
0.0
 11
-88.3818169905939
 21
-31.669676096508464
 31
0.0
 11
-88.36848165262107
 21
-31.68668776788662
 31
0.0
 11
-88.35513629754911
 21
-31.70369995158841
 31
0.0
 11
-88.34178092422349
 21
-31.72071264739524
 31
0.0
 11
-88.32841553135188
 21
-31.73772585503552
 31
0.0
 11
-88.31504011777061
 21
-31.75473957428015
 31
0.0
 11
-88.30165468226048
 21
-31.7717538048765
 31
0.0
 11
-88.28825922363646
 21
-31.788768546580503
 31
0.0
 11
-88.27485374062661
 21
-31.80578379911312
 31
0.0
 11
-88.26143823205972
 21
-31.822799562228017
 31
0.0
 11
-88.2480126967029
 21
-31.83981583565281
 31
0.0
 11
-88.23457713336343
 21
-31.85683261912615
 31
0.0
 11
-88.22113154079855
 21
-31.873849912364626
 31
0.0
 11
-88.20767591778902
 21
-31.890867715089982
 31
0.0
 11
-88.19421026314313
 21
-31.90788602703
 31
0.0
 11
-88.18073457556206
 21
-31.92490484787012
 31
0.0
 11
-88.16724885390323
 21
-31.9419241773486
 31
0.0
 11
-88.15375309694721
 21
-31.9589440151722
 31
0.0
 11
-88.14024730339058
 21
-31.975964361013546
 31
0.0
 11
-88.12673147205612
 21
-31.992985214587307
 31
0.0
 11
-88.11320560173094
 21
-32.010006575591454
 31
0.0
 11
-88.09966969113697
 21
-32.02702844369675
 31
0.0
 11
-88.08612373908933
 21
-32.04405081860391
 31
0.0
 11
-88.07256774434879
 21
-32.0610736999903
 31
0.0
 11
-88.05900170562113
 21
-32.07809708750948
 31
0.0
 11
-88.04542562174969
 21
-32.095120980861516
 31
0.0
 11
-88.03183949148043
 21
-32.11214537970701
 31
0.0
 11
-88.0182433135116
 21
-32.12917028368577
 31
0.0
 11
-88.00463708671558
 21
-32.14619569249713
 31
0.0
 11
-87.9910208097645
 21
-32.16322160576373
 31
0.0
 11
-87.97739448142853
 21
-32.180248023140244
 31
0.0
 11
-87.96375810049781
 21
-32.197274944284906
 31
0.0
 11
-87.95011166570791
 21
-32.214302368832286
 31
0.0
 11
-87.93645517580475
 21
-32.231330296416935
 31
0.0
 11
-87.92278862957313
 21
-32.24835872668397
 31
0.0
 11
-87.909112025746
 21
-32.265387659255616
 31
0.0
 11
-87.89542536305453
 21
-32.28241709374988
 31
0.0
 11
-87.88172864028121
 21
-32.29944702979972
 31
0.0
 11
-87.86802185615142
 21
-32.3164774670134
 31
0.0
 11
-87.85430500943066
 21
-32.33350840501014
 31
0.0
 11
-87.84057809885365
 21
-32.35053984339409
 31
0.0
 11
-87.82684112316612
 21
-32.36757178176961
 31
0.0
 11
-87.8130940811169
 21
-32.38460421973861
 31
0.0
 11
-87.79933697142354
 21
-32.4016371568875
 31
0.0
 11
-87.78556979285328
 21
-32.418670592817406
 31
0.0
 11
-87.77179254415191
 21
-32.435704527117565
 31
0.0
 11
-87.75800522402936
 21
-32.4527389593603
 31
0.0
 11
-87.74420783123837
 21
-32.46977388913002
 31
0.0
 11
-87.73040036451867
 21
-32.48680931600241
 31
0.0
 11
-87.71658282260334
 21
-32.5038452395469
 31
0.0
 11
-87.70275520418453
 21
-32.5208816593141
 31
0.0
 11
-87.68891750805192
 21
-32.53791857488684
 31
0.0
 11
-87.67506973291367
 21
-32.55495598581397
 31
0.0
 11
-87.66121187750457
 21
-32.57199389165034
 31
0.0
 11
-87.64734394055068
 21
-32.58903229194384
 31
0.0
 11
-87.63346592074652
 21
-32.60607118622672
 31
0.0
 11
-87.6195778168488
 21
-32.623110574050735
 31
0.0
 11
-87.60567962760756
 21
-32.640150454961066
 31
0.0
 11
-87.59177135166503
 21
-32.65719082845911
 31
0.0
 11
-87.57785298781856
 21
-32.67423169410024
 31
0.0
 11
-87.56392453476552
 21
-32.69127305139861
 31
0.0
 11
-87.54998599120579
 21
-32.70831489986557
 31
0.0
 11
-87.53603735588915
 21
-32.72535723902717
 31
0.0
 11
-87.52207862748472
 21
-32.74240006837564
 31
0.0
 11
-87.5081098047569
 21
-32.75944338743483
 31
0.0
 11
-87.49413088638784
 21
-32.77648719569404
 31
0.0
 11
-87.48014187110834
 21
-32.793531492656975
 31
0.0
 11
-87.46614275759327
 21
-32.81057627780243
 31
0.0
 11
-87.45213354461238
 21
-32.82762155064105
 31
0.0
 11
-87.43811423082981
 21
-32.84466731063981
 31
0.0
 11
-87.42408481493909
 21
-32.86171355727308
 31
0.0
 11
-87.41004529570269
 21
-32.8787602900371
 31
0.0
 11
-87.39599567176325
 21
-32.895807508379264
 31
0.0
 11
-87.38193594186048
 21
-32.91285521177961
 31
0.0
 11
-87.36786610471512
 21
-32.92990339970712
 31
0.0
 11
-87.35378615897855
 21
-32.9469520716008
 31
0.0
 11
-87.33969610333327
 21
-32.964001226907506
 31
0.0
 11
-87.32559593655981
 21
-32.981050865107214
 31
0.0
 11
-87.31148565732171
 21
-32.99810098563179
 31
0.0
 11
-87.29736526425735
 21
-33.01515158789973
 31
0.0
 11
-87.28323475613603
 21
-33.03220267137517
 31
0.0
 11
-87.26909413160578
 21
-33.04925423547239
 31
0.0
 11
-87.25494338936345
 21
-33.066306279620385
 31
0.0
 11
-87.24078252814495
 21
-33.08335880325884
 31
0.0
 11
-87.22661154656905
 21
-33.10041180577931
 31
0.0
 11
-87.21243044333985
 21
-33.11746528660173
 31
0.0
 11
-87.19823921718553
 21
-33.13451924515127
 31
0.0
 11
-87.18403786676545
 21
-33.1515736808231
 31
0.0
 11
-87.16982639072549
 21
-33.1686285930032
 31
0.0
 11
-87.15560478782645
 21
-33.18568398111754
 31
0.0
 11
-87.14137305668815
 21
-33.20273984453435
 31
0.0
 11
-87.12713119598537
 21
-33.21979618263892
 31
0.0
 11
-87.11287920445221
 21
-33.23685299483516
 31
0.0
 11
-87.0986170807142
 21
-33.25391028048175
 31
0.0
 11
-87.08434482346738
 21
-33.27096803896028
 31
0.0
 11
-87.07006243138666
 21
-33.28802626964031
 31
0.0
 11
-87.05576990312119
 21
-33.30508497187761
 31
0.0
 11
-87.04146723736478
 21
-33.322144145041136
 31
0.0
 11
-87.02715443280906
 21
-33.33920378849497
 31
0.0
 11
-87.01283148808797
 21
-33.3562639015773
 31
0.0
 11
-86.99849840186687
 21
-33.37332448363413
 31
0.0
 11
-86.98415517282382
 21
-33.39038553401272
 31
0.0
 11
-86.96980179964264
 21
-33.40744705205827
 31
0.0
 11
-86.95543828096368
 21
-33.424509037095504
 31
0.0
 11
-86.94106461545175
 21
-33.4415714884545
 31
0.0
 11
-86.92668080177178
 21
-33.45863440546143
 31
0.0
 11
-86.91228683857435
 21
-33.47569778743292
 31
0.0
 11
-86.89788272452594
 21
-33.49276163368783
 31
0.0
 11
-86.88346845829201
 21
-33.50982594354056
 31
0.0
 11
-86.8690440385108
 21
-33.526890716291085
 31
0.0
 11
-86.8546094638568
 21
-33.54395595124937
 31
0.0
 11
-86.84016473296133
 21
-33.56102164770467
 31
0.0
 11
-86.82570984448691
 21
-33.5780878049543
 31
0.0
 11
-86.81124479709453
 21
-33.595154422291074
 31
0.0
 11
-86.79676958941211
 21
-33.61222149899093
 31
0.0
 11
-86.78228422009792
 21
-33.62928903433753
 31
0.0
 11
-86.76778868780207
 21
-33.646357027607465
 31
0.0
 11
-86.75328299116703
 21
-33.663425478070266
 31
0.0
 11
-86.7387671288213
 21
-33.68049438498603
 31
0.0
 11
-86.72424109944703
 21
-33.69756374763168
 31
0.0
 11
-86.70970490163769
 21
-33.714633565245734
 31
0.0
 11
-86.69515853405683
 21
-33.731703837089825
 31
0.0
 11
-86.68060199535972
 21
-33.74877456241835
 31
0.0
 11
-86.66603528414927
 21
-33.76584574046135
 31
0.0
 11
-86.65145839907657
 21
-33.78291737046361
 31
0.0
 11
-86.63687133879115
 21
-33.79998945166513
 31
0.0
 11
-86.62227410189051
 21
-33.817061983281754
 31
0.0
 11
-86.6076666870391
 21
-33.8341349645513
 31
0.0
 11
-86.5930490928685
 21
-33.85120839469472
 31
0.0
 11
-86.57842131797136
 21
-33.86828227291373
 31
0.0
 11
-86.56378336101857
 21
-33.885356598436495
 31
0.0
 11
-86.54913522061888
 21
-33.902431370462985
 31
0.0
 11
-86.53447689540397
 21
-33.91950658819789
 31
0.0
 11
-86.51980838396587
 21
-33.936582250826454
 31
0.0
 11
-86.50512968495312
 21
-33.95365835755194
 31
0.0
 11
-86.49044079701055
 21
-33.97073490757204
 31
0.0
 11
-86.47574171873359
 21
-33.98781190006103
 31
0.0
 11
-86.46103244871301
 21
-34.00488933418732
 31
0.0
 11
-86.44631298562878
 21
-34.021967209150226
 31
0.0
 11
-86.43158332804279
 21
-34.0390455240986
 31
0.0
 11
-86.41684347457216
 21
-34.05612427819886
 31
0.0
 11
-86.40209342387466
 21
-34.07320347062944
 31
0.0
 11
-86.38733317453328
 21
-34.09028310053513
 31
0.0
 11
-86.37256272515702
 21
-34.10736316706696
 31
0.0
 11
-86.35778207433768
 21
-34.12444366936493
 31
0.0
 11
-86.34299122073078
 21
-34.14152460659026
 31
0.0
 11
-86.32819016292882
 21
-34.15860597787511
 31
0.0
 11
-86.31337889948318
 21
-34.17568778233121
 31
0.0
 11
-86.29855742906985
 21
-34.19277001911557
 31
0.0
 11
-86.28372575024034
 21
-34.20985268733166
 31
0.0
 11
-86.26888386162385
 21
-34.22693578610983
 31
0.0
 11
-86.25403176183364
 21
-34.24401931456971
 31
0.0
 11
-86.23916944942658
 21
-34.26110327180472
 31
0.0
 11
-86.22429692302778
 21
-34.278187656930996
 31
0.0
 11
-86.20941418122743
 21
-34.29527246904687
 31
0.0
 11
-86.19452122261596
 21
-34.31235770724641
 31
0.0
 11
-86.17961804580277
 21
-34.32944337062733
 31
0.0
 11
-86.16470464937268
 21
-34.346529458273245
 31
0.0
 11
-86.14978103187681
 21
-34.363615969250276
 31
0.0
 11
-86.13484719198259
 21
-34.38070290266669
 31
0.0
 11
-86.11990312819479
 21
-34.397790257561816
 31
0.0
 11
-86.10494883916591
 21
-34.41487803302973
 31
0.0
 11
-86.08998432345919
 21
-34.431966228124686
 31
0.0
 11
-86.0750095796432
 21
-34.449054841898985
 31
0.0
 11
-86.060024606311
 21
-34.4661438734104
 31
0.0
 11
-86.04502940206021
 21
-34.48323332171457
 31
0.0
 11
-86.03002396543413
 21
-34.50032318584097
 31
0.0
 11
-86.01500829504796
 21
-34.51741346484395
 31
0.0
 11
-85.99998238948868
 21
-34.53450415776217
 31
0.0
 11
-85.98494624724692
 21
-34.55159526359155
 31
0.0
 11
-85.96989986702009
 21
-34.568686781406825
 31
0.0
 11
-85.9548432472976
 21
-34.585778710194965
 31
0.0
 11
-85.93977638664455
 21
-34.6028710489692
 31
0.0
 11
-85.92469928371204
 21
-34.61996379677316
 31
0.0
 11
-85.90961193700622
 21
-34.63705695258786
 31
0.0
 11
-85.89451434507247
 21
-34.65415051540594
 31
0.0
 11
-85.87940650655761
 21
-34.67124448425683
 31
0.0
 11
-85.86428841995988
 21
-34.6883388581057
 31
0.0
 11
-85.8491600838502
 21
-34.705433635942846
 31
0.0
 11
-85.83402149686236
 21
-34.722528816779786
 31
0.0
 11
-85.81887265745478
 21
-34.73962439955291
 31
0.0
 11
-85.80371356421439
 21
-34.756720383246396
 31
0.0
 11
-85.78854421578258
 21
-34.773816766862275
 31
0.0
 11
-85.77336461063018
 21
-34.790913549329034
 31
0.0
 11
-85.75817474730567
 21
-34.80801072960276
 31
0.0
 11
-85.7429746244243
 21
-34.825108306662116
 31
0.0
 11
-85.72776424052405
 21
-34.842206279450245
 31
0.0
 11
-85.71254359412677
 21
-34.85930464689945
 31
0.0
 11
-85.6973126837937
 21
-34.87640340795397
 31
0.0
 11
-85.68207150808658
 21
-34.89350256155377
 31
0.0
 11
-85.66682006554471
 21
-34.910602106625554
 31
0.0
 11
-85.65155835471712
 21
-34.92770204209572
 31
0.0
 11
-85.63628637415505
 21
-34.94480236688728
 31
0.0
 11
-85.62100412240775
 21
-34.96190307991821
 31
0.0
 11
-85.60571159799088
 21
-34.97900418008841
 31
0.0
 11
-85.59040879945474
 21
-34.99610566630785
 31
0.0
 11
-85.57509572535487
 21
-35.01320753748418
 31
0.0
 11
-85.55977237424106
 21
-35.03030979251853
 31
0.0
 11
-85.54443874460183
 21
-35.047412430282584
 31
0.0
 11
-85.52909483500761
 21
-35.06451544967738
 31
0.0
 11
-85.51374064399772
 21
-35.081618849586874
 31
0.0
 11
-85.49837617007667
 21
-35.09872262887651
 31
0.0
 11
-85.48300141181285
 21
-35.115826786433544
 31
0.0
 11
-85.46761636772517
 21
-35.13293132112074
 31
0.0
 11
-85.45222103632854
 21
-35.15003623179477
 31
0.0
 11
-85.4368154161577
 21
-35.16714151731636
 31
0.0
 11
-85.42139950572637
 21
-35.18424717653306
 31
0.0
 11
-85.40597330360451
 21
-35.20135320831147
 31
0.0
 11
-85.3905368082683
 21
-35.218459611475055
 31
0.0
 11
-85.37509001825032
 21
-35.23556638486636
 31
0.0
 11
-85.35963293209117
 21
-35.25267352732681
 31
0.0
 11
-85.3441655482922
 21
-35.26978103767736
 31
0.0
 11
-85.32868786539566
 21
-35.28688891475155
 31
0.0
 11
-85.31319988187366
 21
-35.30399715734957
 31
0.0
 11
-85.2977015963056
 21
-35.32110576431165
 31
0.0
 11
-85.28219300714628
 21
-35.33821473442208
 31
0.0
 11
-85.266674112917
 21
-35.35532406648844
 31
0.0
 11
-85.25114491216894
 21
-35.37243375932625
 31
0.0
 11
-85.23560540340914
 21
-35.38954381172847
 31
0.0
 11
-85.22005558509036
 21
-35.4066542224611
 31
0.0
 11
-85.20449545576344
 21
-35.42376499032655
 31
0.0
 11
-85.18892501394367
 21
-35.440876114108086
 31
0.0
 11
-85.17334425811387
 21
-35.457987592571186
 31
0.0
 11
-85.15775318678449
 21
-35.47509942448831
 31
0.0
 11
-85.14215179846609
 21
-35.49221160862777
 31
0.0
 11
-85.12654009165819
 21
-35.50932414374878
 31
0.0
 11
-85.11091806482834
 21
-35.526437028592866
 31
0.0
 11
-85.09528571651278
 21
-35.543550261925894
 31
0.0
 11
-85.07964304521391
 21
-35.56066384249518
 31
0.0
 11
-85.06399004939355
 21
-35.57777776902672
 31
0.0
 11
-85.0483267275718
 21
-35.59489204026644
 31
0.0
 11
-85.03265307824755
 21
-35.61200665494699
 31
0.0
 11
-85.01696909987024
 21
-35.629121611776064
 31
0.0
 11
-85.00127479097013
 21
-35.646236909490675
 31
0.0
 11
-84.9855701500371
 21
-35.663352546806514
 31
0.0
 11
-84.96985517553485
 21
-35.680468522423915
 31
0.0
 11
-84.95412986596509
 21
-35.69758483505478
 31
0.0
 11
-84.93839421981306
 21
-35.714701483399665
 31
0.0
 11
-84.92264823554667
 21
-35.73181846614745
 31
0.0
 11
-84.90689191168082
 21
-35.748935782002235
 31
0.0
 11
-84.89112524667554
 21
-35.766053429640735
 31
0.0
 11
-84.87534823899448
 21
-35.78317140773677
 31
0.0
 11
-84.85956088712729
 21
-35.80028971497061
 31
0.0
 11
-84.84376318959654
 21
-35.81740835003202
 31
0.0
 11
-84.82795514481444
 21
-35.83452731155966
 31
0.0
 11
-84.81213675127914
 21
-35.851646598224264
 31
0.0
 11
-84.79630800746297
 21
-35.86876620868091
 31
0.0
 11
-84.78046891184803
 21
-35.88588614158468
 31
0.0
 11
-84.76461946288876
 21
-35.90300639557418
 31
0.0
 11
-84.74875965906436
 21
-35.92012696929437
 31
0.0
 11
-84.73288949883063
 21
-35.93724786137551
 31
0.0
 11
-84.7170089806669
 21
-35.954369070453666
 31
0.0
 11
-84.70111810306001
 21
-35.97149059516342
 31
0.0
 11
-84.68521686440457
 21
-35.98861243409588
 31
0.0
 11
-84.66930526323297
 21
-36.00573458589604
 31
0.0
 11
-84.65338329797396
 21
-36.02285704916055
 31
0.0
 11
-84.63745096710312
 21
-36.03997982250138
 31
0.0
 11
-84.62150826906043
 21
-36.05710290451092
 31
0.0
 11
-84.60555520230533
 21
-36.0742262937853
 31
0.0
 11
-84.5895917653024
 21
-36.09134998891843
 31
0.0
 11
-84.57361795649304
 21
-36.108473988489784
 31
0.0
 11
-84.55763377436043
 21
-36.1255982910922
 31
0.0
 11
-84.54163921732305
 21
-36.14272289528638
 31
0.0
 11
-84.52563428384799
 21
-36.159847799649306
 31
0.0
 11
-84.50961897238156
 21
-36.17697300274452
 31
0.0
 11
-84.49359328136562
 21
-36.19409850312916
 31
0.0
 11
-84.47755720927275
 21
-36.21122429936914
 31
0.0
 11
-84.46151075450443
 21
-36.22835038999518
 31
0.0
 11
-84.44545391551686
 21
-36.245476773557044
 31
0.0
 11
-84.42938669078988
 21
-36.26260344861013
 31
0.0
 11
-84.41330907873066
 21
-36.27973041367409
 31
0.0
 11
-84.39722107775445
 21
-36.296857667267524
 31
0.0
 11
-84.38112268637018
 21
-36.31398520794472
 31
0.0
 11
-84.3650139029715
 21
-36.33111303420595
 31
0.0
 11
-84.34889472596889
 21
-36.34824114455408
 31
0.0
 11
-84.33276515386672
 21
-36.365369537527855
 31
0.0
 11
-84.31662518500987
 21
-36.38249821159284
 31
0.0
 11
-84.3004748179043
 21
-36.39962716527948
 31
0.0
 11
-84.28431405095509
 21
-36.41675639707005
 31
0.0
 11
-84.26814288258798
 21
-36.43388590545128
 31
0.0
 11
-84.25196131120818
 21
-36.45101568889642
 31
0.0
 11
-84.23576933529935
 21
-36.46814574590811
 31
0.0
 11
-84.21956695324971
 21
-36.48527607494305
 31
0.0
 11
-84.20335416346461
 21
-36.50240667446091
 31
0.0
 11
-84.18713096442181
 21
-36.51953754294794
 31
0.0
 11
-84.1708973544614
 21
-36.53666867882643
 31
0.0
 11
-84.1546533320887
 21
-36.55380008058549
 31
0.0
 11
-84.13839889567443
 21
-36.570931746651326
 31
0.0
 11
-84.12213404364407
 21
-36.588063675469364
 31
0.0
 11
-84.10585877441387
 21
-36.605195865476404
 31
0.0
 11
-84.0895730864017
 21
-36.62232831510525
 31
0.0
 11
-84.07327697801227
 21
-36.63946102277857
 31
0.0
 11
-84.05697044768749
 21
-36.65659398693047
 31
0.0
 11
-84.0406534937812
 21
-36.67372720595206
 31
0.0
 11
-84.02432611473314
 21
-36.69086067826747
 31
0.0
 11
-84.00798830899032
 21
-36.70799440229918
 31
0.0
 11
-83.9916400748992
 21
-36.72512837642124
 31
0.0
 11
-83.97528141088345
 21
-36.742262599036835
 31
0.0
 11
-83.95891231536326
 21
-36.759397068542945
 31
0.0
 11
-83.94253278671813
 21
-36.77653178331415
 31
0.0
 11
-83.92614282335879
 21
-36.793666741734086
 31
0.0
 11
-83.90974242371689
 21
-36.81080194219082
 31
0.0
 11
-83.89333158612887
 21
-36.827937383026125
 31
0.0
 11
-83.87691030900172
 21
-36.84507306260812
 31
0.0
 11
-83.86047859081499
 21
-36.86220897933205
 31
0.0
 11
-83.84403642986162
 21
-36.87934513150645
 31
0.0
 11
-83.82758382458503
 21
-36.896481517501606
 31
0.0
 11
-83.81112077336344
 21
-36.91361813565416
 31
0.0
 11
-83.79464727457842
 21
-36.93075498429774
 31
0.0
 11
-83.77816332668307
 21
-36.94789206179285
 31
0.0
 11
-83.76166892794578
 21
-36.965029366413766
 31
0.0
 11
-83.74516407686497
 21
-36.982166896531666
 31
0.0
 11
-83.72864877177095
 21
-36.99930465043877
 31
0.0
 11
-83.71212301106524
 21
-37.016442626454186
 31
0.0
 11
-83.69558679311024
 21
-37.033580822874846
 31
0.0
 11
-83.67904011630667
 21
-37.05071923801017
 31
0.0
 11
-83.66248297905207
 21
-37.06785787016327
 31
0.0
 11
-83.6459153796716
 21
-37.084996717600696
 31
0.0
 11
-83.62933731658843
 21
-37.10213577862761
 31
0.0
 11
-83.61274878816482
 21
-37.11927505151752
 31
0.0
 11
-83.59614979277089
 21
-37.13641453454258
 31
0.0
 11
-83.57954032879685
 21
-37.15355422597944
 31
0.0
 11
-83.56292039458788
 21
-37.17069412407965
 31
0.0
 11
-83.54628998851575
 21
-37.18783422710225
 31
0.0
 11
-83.52964910900324
 21
-37.20497453332396
 31
0.0
 11
-83.51299775435565
 21
-37.22211504096459
 31
0.0
 11
-83.4963359229521
 21
-37.23925574827207
 31
0.0
 11
-83.47966361318792
 21
-37.25639665349696
 31
0.0
 11
-83.46298082340094
 21
-37.27353775485919
 31
0.0
 11
-83.44628755194529
 21
-37.29067905058142
 31
0.0
 11
-83.42958379724429
 21
-37.307820538912445
 31
0.0
 11
-83.41286955757093
 21
-37.32496221802897
 31
0.0
 11
-83.39614483133136
 21
-37.3421040861628
 31
0.0
 11
-83.37940961689725
 21
-37.35924614152521
 31
0.0
 11
-83.36266391259781
 21
-37.376388382303965
 31
0.0
 11
-83.34590771677723
 21
-37.393530806688645
 31
0.0
 11
-83.32914102783532
 21
-37.410673412889054
 31
0.0
 11
-83.31236384410172
 21
-37.427816199078684
 31
0.0
 11
-83.29557616388283
 21
-37.44495916341594
 31
0.0
 11
-83.27877798561022
 21
-37.4621023041106
 31
0.0
 11
-83.26196930758569
 21
-37.47924561930925
 31
0.0
 11
-83.24515012812692
 21
-37.49638910716099
 31
0.0
 11
-83.22832044566977
 21
-37.513532765863246
 31
0.0
 11
-83.2114802584739
 21
-37.53067659352927
 31
0.0
 11
-83.19462956489274
 21
-37.54782058830987
 31
0.0
 11
-83.17776836334276
 21
-37.56496474837934
 31
0.0
 11
-83.16089665206695
 21
-37.58210907182905
 31
0.0
 11
-83.14401442944654
 21
-37.599253556807845
 31
0.0
 11
-83.12712169385492
 21
-37.61639820145631
 31
0.0
 11
-83.11021844358103
 21
-37.633543003871985
 31
0.0
 11
-83.0933046769419
 21
-37.650687962160305
 31
0.0
 11
-83.07638039236377
 21
-37.66783307447137
 31
0.0
 11
-83.05944558809423
 21
-37.68497833886942
 31
0.0
 11
-83.04250026245997
 21
-37.70212375344987
 31
0.0
 11
-83.02554441385162
 21
-37.71926931633221
 31
0.0
 11
-83.0085780405761
 21
-37.736415025593075
 31
0.0
 11
-82.99160114095939
 21
-37.75356087931297
 31
0.0
 11
-82.97461371329733
 21
-37.77070687555382
 31
0.0
 11
-82.95761575594946
 21
-37.78785301240176
 31
0.0
 11
-82.94060726724727
 21
-37.804999287925185
 31
0.0
 11
-82.9235882454629
 21
-37.82214570016066
 31
0.0
 11
-82.90655868897754
 21
-37.83929224718963
 31
0.0
 11
-82.88951859607589
 21
-37.85643892704462
 31
0.0
 11
-82.87246796509788
 21
-37.87358573777853
 31
0.0
 11
-82.85540679434101
 21
-37.8907326774199
 31
0.0
 11
-82.83833508212003
 21
-37.90787974400047
 31
0.0
 11
-82.82125282677002
 21
-37.92502693555623
 31
0.0
 11
-82.8041600265687
 21
-37.94217425009216
 31
0.0
 11
-82.78705667990704
 21
-37.95932168566015
 31
0.0
 11
-82.76994278500004
 21
-37.97646924022652
 31
0.0
 11
-82.7528183401944
 21
-37.9936169118132
 31
0.0
 11
-82.73568334380556
 21
-38.010764698422825
 31
0.0
 11
-82.71853779416429
 21
-38.02791259806012
 31
0.0
 11
-82.70138168952927
 21
-38.04506060869187
 31
0.0
 11
-82.68421502823489
 21
-38.06220872831471
 31
0.0
 11
-82.6670378085869
 21
-38.07935695490716
 31
0.0
 11
-82.64985002882212
 21
-38.096505286411194
 31
0.0
 11
-82.63265168735036
 21
-38.11365372084348
 31
0.0
 11
-82.6154427823962
 21
-38.13080225613031
 31
0.0
 11
-82.59822331226948
 21
-38.14795089023255
 31
0.0
 11
-82.58099327529
 21
-38.16509962111053
 31
0.0
 11
-82.56375266972267
 21
-38.1822484466945
 31
0.0
 11
-82.54650149388769
 21
-38.1993973649352
 31
0.0
 11
-82.52923974606853
 21
-38.2165463737614
 31
0.0
 11
-82.5119674245392
 21
-38.23369547109269
 31
0.0
 11
-82.49468452760614
 21
-38.25084465485863
 31
0.0
 11
-82.47739105358481
 21
-38.267993922987955
 31
0.0
 11
-82.46008700071677
 21
-38.28514327337031
 31
0.0
 11
-82.44277236730373
 21
-38.30229270391822
 31
0.0
 11
-82.42544715164614
 21
-38.31944221253863
 31
0.0
 11
-82.40811135201137
 21
-38.3365917971182
 31
0.0
 11
-82.3907649667037
 21
-38.353741455555735
 31
0.0
 11
-82.3734079939602
 21
-38.37089118571375
 31
0.0
 11
-82.35604043211231
 21
-38.388040985493916
 31
0.0
 11
-82.3386622794124
 21
-38.40519085275584
 31
0.0
 11
-82.32127353413846
 21
-38.42234078536618
 31
0.0
 11
-82.30387419456248
 21
-38.439490781183885
 31
0.0
 11
-82.28646425897654
 21
-38.45664083807211
 31
0.0
 11
-82.26904372565015
 21
-38.47379095387866
 31
0.0
 11
-82.25161259285156
 21
-38.490941126445556
 31
0.0
 11
-82.23417085885745
 21
-38.50809135361393
 31
0.0
 11
-82.21671852190747
 21
-38.525241633202434
 31
0.0
 11
-82.1992555803023
 21
-38.54239196305337
 31
0.0
 11
-82.18178203233012
 21
-38.559542340998135
 31
0.0
 11
-82.16429787620153
 21
-38.57669276482665
 31
0.0
 11
-82.1468031102066
 21
-38.59384323236131
 31
0.0
 11
-82.12929773264827
 21
-38.61099374142526
 31
0.0
 11
-82.11178174170821
 21
-38.62814428977979
 31
0.0
 11
-82.09425513571269
 21
-38.64529487524911
 31
0.0
 11
-82.07671791289353
 21
-38.66244549560791
 31
0.0
 11
-82.05917007152726
 21
-38.67959614864699
 31
0.0
 11
-82.04161160985308
 21
-38.696746832134295
 31
0.0
 11
-82.02404252613638
 21
-38.71389754384532
 31
0.0
 11
-82.0064628186298
 21
-38.73104828154426
 31
0.0
 11
-81.98887248559127
 21
-38.74819904299296
 31
0.0
 11
-81.9712715252581
 21
-38.76534982593825
 31
0.0
 11
-81.9536599359083
 21
-38.78250062814131
 31
0.0
 11
-81.93603771578748
 21
-38.799651447342725
 31
0.0
 11
-81.91840486310086
 21
-38.816802281259115
 31
0.0
 11
-81.90076137613985
 21
-38.833953127642566
 31
0.0
 11
-81.88310725315205
 21
-38.85110398421965
 31
0.0
 11
-81.86544249233653
 21
-38.8682548486885
 31
0.0
 11
-81.84776709200172
 21
-38.88540571879429
 31
0.0
 11
-81.83008105038164
 21
-38.90255659224159
 31
0.0
 11
-81.81238436562778
 21
-38.91970746669081
 31
0.0
 11
-81.79467703607939
 21
-38.93685833988641
 31
0.0
 11
-81.77695905994322
 21
-38.95400920950477
 31
0.0
 11
-81.7592304354727
 21
-38.9711600732393
 31
0.0
 11
-81.74149116084688
 21
-38.98831092874294
 31
0.0
 11
-81.72374123436695
 21
-39.00546177372173
 31
0.0
 11
-81.70598065423405
 21
-39.02261260582873
 31
0.0
 11
-81.68820941868647
 21
-39.039763422729784
 31
0.0
 11
-81.67042752596059
 21
-39.05691422208457
 31
0.0
 11
-81.65263497427199
 21
-39.07406500153775
 31
0.0
 11
-81.63483176186068
 21
-39.09121575874049
 31
0.0
 11
-81.61701788695682
 21
-39.108366491334095
 31
0.0
 11
-81.59919334779394
 21
-39.12551719695636
 31
0.0
 11
-81.58135814253644
 21
-39.142667873206726
 31
0.0
 11
-81.56351226952711
 21
-39.1598185177651
 31
0.0
 11
-81.54565572688975
 21
-39.17696912820114
 31
0.0
 11
-81.52778851284245
 21
-39.19411970212458
 31
0.0
 11
-81.50991062567631
 21
-39.211270237175086
 31
0.0
 11
-81.49202206356651
 21
-39.2284207309314
 31
0.0
 11
-81.47412282471834
 21
-39.24557118098152
 31
0.0
 11
-81.45621290737937
 21
-39.262721584928755
 31
0.0
 11
-81.43829230975176
 21
-39.27987194034922
 31
0.0
 11
-81.42036103003001
 21
-39.29702224481019
 31
0.0
 11
-81.40241906646371
 21
-39.31417249590033
 31
0.0
 11
-81.38446641725304
 21
-39.331322691179246
 31
0.0
 11
-81.36650308058803
 21
-39.34847282819643
 31
0.0
 11
-81.34852905468325
 21
-39.365622904508086
 31
0.0
 11
-81.33054433777048
 21
-39.38277291767347
 31
0.0
 11
-81.31254892805401
 21
-39.39992286523332
 31
0.0
 11
-81.29454282368458
 21
-39.41707274469722
 31
0.0
 11
-81.27652602294664
 21
-39.434222553634335
 31
0.0
 11
-81.25849852398025
 21
-39.451372289538654
 31
0.0
 11
-81.24046032501394
 21
-39.46852194994176
 31
0.0
 11
-81.22241142426267
 21
-39.485671532363426
 31
0.0
 11
-81.20435181989608
 21
-39.50282103429627
 31
0.0
 11
-81.18628151014141
 21
-39.51997045325551
 31
0.0
 11
-81.16820049315594
 21
-39.537119786717234
 31
0.0
 11
-81.15010876718227
 21
-39.554269032193666
 31
0.0
 11
-81.13200633035449
 21
-39.57141818713909
 31
0.0
 11
-81.11389318094521
 21
-39.58856724906988
 31
0.0
 11
-81.09576931709279
 21
-39.605716215431734
 31
0.0
 11
-81.07763473697618
 21
-39.62286508368492
 31
0.0
 11
-81.05948943884019
 21
-39.640013851316624
 31
0.0
 11
-81.04133342082756
 21
-39.657162515758735
 31
0.0
 11
-81.02316668114229
 21
-39.67431107446799
 31
0.0
 11
-81.00498921797883
 21
-39.69145952489104
 31
0.0
 11
-80.98680102949763
 21
-39.70860786445262
 31
0.0
 11
-80.96860211389689
 21
-39.725756090590735
 31
0.0
 11
-80.9503924693728
 21
-39.74290420073707
 31
0.0
 11
-80.9321720940992
 21
-39.76005219230706
 31
0.0
 11
-80.91394098621555
 21
-39.77720006269385
 31
0.0
 11
-80.89569914395621
 21
-39.794347809332045
 31
0.0
 11
-80.87744656549131
 21
-39.81149542961929
 31
0.0
 11
-80.85918324896934
 21
-39.828642920937305
 31
0.0
 11
-80.84090919258168
 21
-39.845790280683495
 31
0.0
 11
-80.82262439451418
 21
-39.862937506247356
 31
0.0
 11
-80.80432885290986
 21
-39.88008459499182
 31
0.0
 11
-80.78602256596328
 21
-39.89723154430001
 31
0.0
 11
-80.76770553187092
 21
-39.914378351550575
 31
0.0
 11
-80.74937774873413
 21
-39.931525014069884
 31
0.0
 11
-80.73103921476383
 21
-39.9486715292331
 31
0.0
 11
-80.71268992812186
 21
-39.96581789438579
 31
0.0
 11
-80.69432988700007
 21
-39.982964106882925
 31
0.0
 11
-80.67595908952632
 21
-40.0001101640425
 31
0.0
 11
-80.65757753384302
 21
-40.01725606318442
 31
0.0
 11
-80.63918521817727
 21
-40.034401801665055
 31
0.0
 11
-80.6207821406827
 21
-40.05154737679903
 31
0.0
 11
-80.60236829945373
 21
-40.06869278586628
 31
0.0
 11
-80.5839436927009
 21
-40.0858380261989
 31
0.0
 11
-80.56550831857476
 21
-40.102983095093876
 31
0.0
 11
-80.54706217524154
 21
-40.120127989850545
 31
0.0
 11
-80.52860526082578
 21
-40.13727270774217
 31
0.0
 11
-80.51013757351014
 21
-40.15441724606554
 31
0.0
 11
-80.49165911145138
 21
-40.171561602099
 31
0.0
 11
-80.47316987275576
 21
-40.18870577309057
 31
0.0
 11
-80.45466985564885
 21
-40.205849756342126
 31
0.0
 11
-80.43615905821761
 21
-40.22299354908112
 31
0.0
 11
-80.4176374786187
 21
-40.24013714856426
 31
0.0
 11
-80.39910511502983
 21
-40.25728055205351
 31
0.0
 11
-80.38056196557868
 21
-40.274423756780216
 31
0.0
 11
-80.36200802840698
 21
-40.291566759977364
 31
0.0
 11
-80.3434433016526
 21
-40.30870955887071
 31
0.0
 11
-80.324867783489
 21
-40.32585215069828
 31
0.0
 11
-80.30628147202678
 21
-40.34299453266107
 31
0.0
 11
-80.2876843654145
 21
-40.360136701973836
 31
0.0
 11
-80.26907646181867
 21
-40.377278655854816
 31
0.0
 11
-80.25045775931466
 21
-40.39442039147094
 31
0.0
 11
-80.23182825610249
 21
-40.41156190604642
 31
0.0
 11
-80.21318795029039
 21
-40.428703196753844
 31
0.0
 11
-80.19453684000715
 21
-40.445844260770585
 31
0.0
 11
-80.17587492340978
 21
-40.46298509528288
 31
0.0
 11
-80.15720219860012
 21
-40.48012569744356
 31
0.0
 11
-80.1385186637521
 21
-40.49726606443641
 31
0.0
 11
-80.11982431693865
 21
-40.514406193388666
 31
0.0
 11
-80.10111915634289
 21
-40.531546081477835
 31
0.0
 11
-80.08240318006675
 21
-40.54868572583478
 31
0.0
 11
-80.06367638623371
 21
-40.5658251235959
 31
0.0
 11
-80.04493877298064
 21
-40.582964271898746
 31
0.0
 11
-80.02619033841941
 21
-40.600103167862706
 31
0.0
 11
-80.00743108068494
 21
-40.61724180861342
 31
0.0
 11
-79.98866099789191
 21
-40.634380191260675
 31
0.0
 11
-79.96988008818987
 21
-40.65151831292641
 31
0.0
 11
-79.95108834966955
 21
-40.66865617069727
 31
0.0
 11
-79.93228578042869
 21
-40.68579376165776
 31
0.0
 11
-79.91347237864316
 21
-40.70293108292685
 31
0.0
 11
-79.89464814238875
 21
-40.720068131566684
 31
0.0
 11
-79.87581306977411
 21
-40.737204904650945
 31
0.0
 11
-79.85696715895132
 21
-40.75434139926964
 31
0.0
 11
-79.83811040798469
 21
-40.77147761246256
 31
0.0
 11
-79.81924281505181
 21
-40.78861354132185
 31
0.0
 11
-79.80036437822443
 21
-40.80574918287986
 31
0.0
 11
-79.78147509559231
 21
-40.82288453417268
 31
0.0
 11
-79.76257496529774
 21
-40.8400195922577
 31
0.0
 11
-79.74366398545754
 21
-40.857154354173595
 31
0.0
 11
-79.72474215412939
 21
-40.87428881692334
 31
0.0
 11
-79.70580946944003
 21
-40.8914229775396
 31
0.0
 11
-79.68686592954384
 21
-40.90855683306366
 31
0.0
 11
-79.66791153249322
 21
-40.9256903804788
 31
0.0
 11
-79.64894627637655
 21
-40.9428236167814
 31
0.0
 11
-79.62997015934316
 21
-40.95995653899328
 31
0.0
 11
-79.61098317946471
 21
-40.9770891440909
 31
0.0
 11
-79.59198533484194
 21
-40.99422142906003
 31
0.0
 11
-79.57297662356986
 21
-41.01135339087778
 31
0.0
 11
-79.55395704375626
 21
-41.02848502652243
 31
0.0
 11
-79.53492659351285
 21
-41.0456163329685
 31
0.0
 11
-79.51588527088872
 21
-41.062747307152556
 31
0.0
 11
-79.4968330740015
 21
-41.079877946040995
 31
0.0
 11
-79.47777000098641
 21
-41.09700824660368
 31
0.0
 11
-79.4586960498451
 21
-41.11413820573568
 31
0.0
 11
-79.43961121873535
 21
-41.13126782040727
 31
0.0
 11
-79.42051550573592
 21
-41.14839708754213
 31
0.0
 11
-79.4014089089105
 21
-41.16552600405056
 31
0.0
 11
-79.38229142639962
 21
-41.182654566876835
 31
0.0
 11
-79.36316305621085
 21
-41.199782772890856
 31
0.0
 11
-79.34402379650243
 21
-41.21691061903486
 31
0.0
 11
-79.32487364530493
 21
-41.23403810217919
 31
0.0
 11
-79.30571260073302
 21
-41.25116521923216
 31
0.0
 11
-79.2865406608798
 21
-41.26829196708529
 31
0.0
 11
-79.26735782377524
 21
-41.285418342591456
 31
0.0
 11
-79.24816408755972
 21
-41.30254434265537
 31
0.0
 11
-79.22895945025297
 21
-41.31966996411318
 31
0.0
 11
-79.20974390997127
 21
-41.33679520384572
 31
0.0
 11
-79.19051746480805
 21
-41.35392005871614
 31
0.0
 11
-79.1712801127892
 21
-41.37104452554662
 31
0.0
 11
-79.15203185200417
 21
-41.38816860118685
 31
0.0
 11
-79.13277268056999
 21
-41.40529228249526
 31
0.0
 11
-79.11350259651749
 21
-41.42241556627931
 31
0.0
 11
-79.09422159789428
 21
-41.439538449349804
 31
0.0
 11
-79.0749296828266
 21
-41.45666092855265
 31
0.0
 11
-79.05562684935171
 21
-41.47378300068162
 31
0.0
 11
-79.03631309555483
 21
-41.49090466254982
 31
0.0
 11
-79.01698841949573
 21
-41.508025910951275
 31
0.0
 11
-78.99765281922348
 21
-41.525146742668646
 31
0.0
 11
-78.9783062928314
 21
-41.542267154502035
 31
0.0
 11
-78.95894883836449
 21
-41.55938714322048
 31
0.0
 11
-78.93958045390946
 21
-41.57650670560901
 31
0.0
 11
-78.92020113748136
 21
-41.59362583840941
 31
0.0
 11
-78.90081088719474
 21
-41.61074453840991
 31
0.0
 11
-78.88140970108225
 21
-41.62786280234987
 31
0.0
 11
-78.86199757720122
 21
-41.644980626975865
 31
0.0
 11
-78.84257451362365
 21
-41.66209800903641
 31
0.0
 11
-78.82314050840091
 21
-41.67921494526347
 31
0.0
 11
-78.80369555957219
 21
-41.696331432376525
 31
0.0
 11
-78.78423966521024
 21
-41.71344746710719
 31
0.0
 11
-78.76477282339816
 21
-41.73056304618665
 31
0.0
 11
-78.74529503211022
 21
-41.74767816628278
 31
0.0
 11
-78.72580628946014
 21
-41.764792824131405
 31
0.0
 11
-78.70630659350374
 21
-41.7819070164318
 31
0.0
 11
-78.68679594225857
 21
-41.799020739857276
 31
0.0
 11
-78.66727433376222
 21
-41.81613399108578
 31
0.0
 11
-78.64774176611297
 21
-41.83324676682183
 31
0.0
 11
-78.62819823733162
 21
-41.850359063722735
 31
0.0
 11
-78.60864374547002
 21
-41.86747087845667
 31
0.0
 11
-78.58907828854143
 21
-41.884582207665204
 31
0.0
 11
-78.56950186463028
 21
-41.90169304802217
 31
0.0
 11
-78.54991447175998
 21
-41.91880339616284
 31
0.0
 11
-78.53031610798303
 21
-41.935913248732305
 31
0.0
 11
-78.51070677134555
 21
-41.953022602366254
 31
0.0
 11
-78.49108645985464
 21
-41.97013145367373
 31
0.0
 11
-78.47145517157225
 21
-41.98723979928717
 31
0.0
 11
-78.45181290455422
 21
-42.004347635829895
 31
0.0
 11
-78.43215965680088
 21
-42.02145495988963
 31
0.0
 11
-78.4124954263675
 21
-42.03856176807764
 31
0.0
 11
-78.39282021130471
 21
-42.05566805699675
 31
0.0
 11
-78.3731340096206
 21
-42.07277382322116
 31
0.0
 11
-78.35343681935265
 21
-42.08987906333482
 31
0.0
 11
-78.33372863854859
 21
-42.10698377392142
 31
0.0
 11
-78.31400946522214
 21
-42.124087951540304
 31
0.0
 11
-78.29427929740558
 21
-42.14119159275502
 31
0.0
 11
-78.27453813316548
 21
-42.15829469414149
 31
0.0
 11
-78.25478597046201
 21
-42.17539725221259
 31
0.0
 11
-78.23502280736582
 21
-42.19249926353466
 31
0.0
 11
-78.21524864190685
 21
-42.20960072464616
 31
0.0
 11
-78.19546347208708
 21
-42.22670163206458
 31
0.0
 11
-78.17566729596103
 21
-42.24380198232979
 31
0.0
 11
-78.15586011154049
 21
-42.26090177195267
 31
0.0
 11
-78.13604191681073
 21
-42.27800099742369
 31
0.0
 11
-78.11621270987096
 21
-42.29509965528916
 31
0.0
 11
-78.09637248866713
 21
-42.31219774200624
 31
0.0
 11
-78.07652125124365
 21
-42.32929525407972
 31
0.0
 11
-78.05665899565288
 21
-42.34639218801246
 31
0.0
 11
-78.03678571986399
 21
-42.363488540256405
 31
0.0
 11
-78.01690142191916
 21
-42.380584307297056
 31
0.0
 11
-77.99700609983758
 21
-42.397679485601415
 31
0.0
 11
-77.97709975162275
 21
-42.41477407162203
 31
0.0
 11
-77.9571823752835
 21
-42.43186806180831
 31
0.0
 11
-77.93725396886117
 21
-42.44896145262131
 31
0.0
 11
-77.91731453034548
 21
-42.46605424048799
 31
0.0
 11
-77.89736405772909
 21
-42.48314642183101
 31
0.0
 11
-77.87740254909322
 21
-42.50023799311509
 31
0.0
 11
-77.85743000237511
 21
-42.517328950720454
 31
0.0
 11
-77.83744641558269
 21
-42.53441929106001
 31
0.0
 11
-77.81745178680485
 21
-42.55150901058466
 31
0.0
 11
-77.79744611393804
 21
-42.56859810563419
 31
0.0
 11
-77.77742939507868
 21
-42.585686572651674
 31
0.0
 11
-77.75740162819882
 21
-42.60277440800607
 31
0.0
 11
-77.73736281129023
 21
-42.619861608071126
 31
0.0
 11
-77.71731294235748
 21
-42.63694816922145
 31
0.0
 11
-77.69725201943622
 21
-42.654034087842795
 31
0.0
 11
-77.67718004048058
 21
-42.671119360269884
 31
0.0
 11
-77.65709700353385
 21
-42.688203982880495
 31
0.0
 11
-77.63700290658329
 21
-42.70528795201541
 31
0.0
 11
-77.61689774758065
 21
-42.72237126399003
 31
0.0
 11
-77.59678152461636
 21
-42.73945391518962
 31
0.0
 11
-77.57665423560941
 21
-42.75653590189924
 31
0.0
 11
-77.55651587858446
 21
-42.77361722045596
 31
0.0
 11
-77.53636645153333
 21
-42.79069786717264
 31
0.0
 11
-77.51620595245846
 21
-42.807777838361964
 31
0.0
 11
-77.49603437935373
 21
-42.82485713032564
 31
0.0
 11
-77.47585173020296
 21
-42.84193573935378
 31
0.0
 11
-77.45565800297774
 21
-42.85901366172363
 31
0.0
 11
-77.43545319570961
 21
-42.876090893739395
 31
0.0
 11
-77.41523730637755
 21
-42.893167431670086
 31
0.0
 11
-77.3950103329494
 21
-42.91024327177248
 31
0.0
 11
-77.37477227342924
 21
-42.92731841031716
 31
0.0
 11
-77.35452312581756
 21
-42.94439284356668
 31
0.0
 11
-77.33426288808782
 21
-42.96146656776228
 31
0.0
 11
-77.31399155821052
 21
-42.9785395791376
 31
0.0
 11
-77.29370913419575
 21
-42.995611873942
 31
0.0
 11
-77.27341561401902
 21
-43.01268344839946
 31
0.0
 11
-77.2531109956479
 21
-43.0297542987233
 31
0.0
 11
-77.23279527708256
 21
-43.046824421138936
 31
0.0
 11
-77.21246845633037
 21
-43.06389381186952
 31
0.0
 11
-77.19213053130558
 21
-43.08096246708013
 31
0.0
 11
-77.17178150003852
 21
-43.098030382994374
 31
0.0
 11
-77.15142136051236
 21
-43.11509755580336
 31
0.0
 11
-77.13105011066166
 21
-43.13216398166485
 31
0.0
 11
-77.11066774850167
 21
-43.14922965677546
 31
0.0
 11
-77.0902742720093
 21
-43.16629457730412
 31
0.0
 11
-77.06986967912165
 21
-43.18335873939138
 31
0.0
 11
-77.04945396786073
 21
-43.20042213921901
 31
0.0
 11
-77.02902713618464
 21
-43.217484772926674
 31
0.0
 11
-77.0085891820615
 21
-43.234546636653604
 31
0.0
 11
-76.98814010344304
 21
-43.25160772652344
 31
0.0
 11
-76.96767989833741
 21
-43.26866803868528
 31
0.0
 11
-76.94720856472513
 21
-43.285727569266506
 31
0.0
 11
-76.92672610052722
 21
-43.30278631435473
 31
0.0
 11
-76.90623250374308
 21
-43.31984427007535
 31
0.0
 11
-76.8857277723467
 21
-43.33690143253333
 31
0.0
 11
-76.8652119042822
 21
-43.35395779781044
 31
0.0
 11
-76.84468489752517
 21
-43.37101336199996
 31
0.0
 11
-76.82414675008464
 21
-43.38806812120762
 31
0.0
 11
-76.80359745985302
 21
-43.40512207146725
 31
0.0
 11
-76.78303702482864
 21
-43.42217520886597
 31
0.0
 11
-76.7624654429975
 21
-43.43922752947786
 31
0.0
 11
-76.74188271230332
 21
-43.45627902934664
 31
0.0
 11
-76.72128883068456
 21
-43.47332970450674
 31
0.0
 11
-76.70068379613706
 21
-43.49037955101885
 31
0.0
 11
-76.6800676066149
 21
-43.50742856491359
 31
0.0
 11
-76.65944026007014
 21
-43.52447674221423
 31
0.0
 11
-76.63880175447231
 21
-43.541524078947475
 31
0.0
 11
-76.61815208774988
 21
-43.55857057111044
 31
0.0
 11
-76.59749125791315
 21
-43.575616214740414
 31
0.0
 11
-76.57681926287283
 21
-43.5926610058117
 31
0.0
 11
-76.556136100584
 21
-43.60970494031753
 31
0.0
 11
-76.53544176905235
 21
-43.626748014273474
 31
0.0
 11
-76.51473626616568
 21
-43.64379022362172
 31
0.0
 11
-76.49401958993423
 21
-43.660831564367854
 31
0.0
 11
-76.47329173828871
 21
-43.677872032465565
 31
0.0
 11
-76.45255270918526
 21
-43.69491162387695
 31
0.0
 11
-76.43180250055742
 21
-43.71195033454458
 31
0.0
 11
-76.41104111037178
 21
-43.728988160423675
 31
0.0
 11
-76.39026853658723
 21
-43.7460250974585
 31
0.0
 11
-76.3694847771294
 21
-43.763061141568045
 31
0.0
 11
-76.34868982997962
 21
-43.78009628869675
 31
0.0
 11
-76.32788369303537
 21
-43.797130534734556
 31
0.0
 11
-76.3070663643043
 21
-43.81416387562818
 31
0.0
 11
-76.2862378417024
 21
-43.83119630726524
 31
0.0
 11
-76.26539812315798
 21
-43.848227825534224
 31
0.0
 11
-76.24454720666283
 21
-43.865258426353414
 31
0.0
 11
-76.22368509010128
 21
-43.88228810557299
 31
0.0
 11
-76.20281177147548
 21
-43.89931685910452
 31
0.0
 11
-76.1819272487147
 21
-43.916344682811
 31
0.0
 11
-76.16103151970493
 21
-43.933371572524194
 31
0.0
 11
-76.14012458246823
 21
-43.95039752414783
 31
0.0
 11
-76.11920643489134
 21
-43.96742253350105
 31
0.0
 11
-76.0982770749443
 21
-43.98444659644462
 31
0.0
 11
-76.07733650055708
 21
-44.0014697088097
 31
0.0
 11
-76.05638470964799
 21
-44.01849186641426
 31
0.0
 11
-76.03542170019486
 21
-44.035513065104176
 31
0.0
 11
-76.01444747010252
 21
-44.05253330067656
 31
0.0
 11
-75.99346201731981
 21
-44.06955256894758
 31
0.0
 11
-75.97246533979367
 21
-44.08657086572571
 31
0.0
 11
-75.95145743542976
 21
-44.10358818678908
 31
0.0
 11
-75.93043830219462
 21
-44.12060452794456
 31
0.0
 11
-75.90940793800156
 21
-44.13761988496163
 31
0.0
 11
-75.88836634078389
 21
-44.15463425361479
 31
0.0
 11
-75.86731350852197
 21
-44.1716476296995
 31
0.0
 11
-75.84624943906297
 21
-44.188660008927044
 31
0.0
 11
-75.82517413039412
 21
-44.205671387083896
 31
0.0
 11
-75.80408758043879
 21
-44.22268175991255
 31
0.0
 11
-75.78298978712972
 21
-44.23969112315455
 31
0.0
 11
-75.76188074839153
 21
-44.25669947254013
 31
0.0
 11
-75.74076046214448
 21
-44.27370680379048
 31
0.0
 11
-75.71962892632992
 21
-44.290713112632375
 31
0.0
 11
-75.698486138858
 21
-44.30771839476785
 31
0.0
 11
-75.67733209768633
 21
-44.32472264592024
 31
0.0
 11
-75.65616680071405
 21
-44.341725861771856
 31
0.0
 11
-75.63499024586834
 21
-44.358728038015066
 31
0.0
 11
-75.61380243109366
 21
-44.375729170345586
 31
0.0
 11
-75.5926033542886
 21
-44.39272925442574
 31
0.0
 11
-75.57139301340878
 21
-44.40972828594463
 31
0.0
 11
-75.55017140635411
 21
-44.42672626055213
 31
0.0
 11
-75.52893853103207
 21
-44.443723173895805
 31
0.0
 11
-75.50769438542073
 21
-44.46071902165828
 31
0.0
 11
-75.48643896736357
 21
-44.47771379943617
 31
0.0
 11
-75.46517227485417
 21
-44.49470750290802
 31
0.0
 11
-75.44389430578227
 21
-44.511700127684364
 31
0.0
 11
-75.42260505803823
 21
-44.52869166936959
 31
0.0
 11
-75.40130452960976
 21
-44.54568212361883
 31
0.0
 11
-75.37999271835396
 21
-44.562671486003424
 31
0.0
 11
-75.35866962220717
 21
-44.57965975213485
 31
0.0
 11
-75.33733523910057
 21
-44.596646917614926
 31
0.0
 11
-75.31598956692856
 21
-44.613632978017
 31
0.0
 11
-75.29463260363042
 21
-44.63061792893432
 31
0.0
 11
-75.27326434710317
 21
-44.64760176592839
 31
0.0
 11
-75.25188479528613
 21
-44.66458448457911
 31
0.0
 11
-75.23049394604195
 21
-44.68156608041421
 31
0.0
 11
-75.20909179733566
 21
-44.69854654901552
 31
0.0
 11
-75.1876783470837
 21
-44.71552588592914
 31
0.0
 11
-75.16625359313493
 21
-44.73250408665455
 31
0.0
 11
-75.14481753349759
 21
-44.74948114677905
 31
0.0
 11
-75.12337016599643
 21
-44.76645706177415
 31
0.0
 11
-75.10191148855984
 21
-44.78343182716636
 31
0.0
 11
-75.08044149916859
 21
-44.80040543850651
 31
0.0
 11
-75.05896019564065
 21
-44.81737789124186
 31
0.0
 11
-75.03746757592408
 21
-44.83434918089029
 31
0.0
 11
-75.01596363796882
 21
-44.85131930296422
 31
0.0
 11
-74.99444837958356
 21
-44.86828825288481
 31
0.0
 11
-74.97292179874995
 21
-44.88525602616995
 31
0.0
 11
-74.95138389341136
 21
-44.902222618307796
 31
0.0
 11
-74.92983466136023
 21
-44.91918802468936
 31
0.0
 11
-74.90827410058789
 21
-44.93615224081811
 31
0.0
 11
-74.88670220900661
 21
-44.95311526214314
 31
0.0
 11
-74.86511898443634
 21
-44.97007708405161
 31
0.0
 11
-74.8435244248835
 21
-44.98703770203566
 31
0.0
 11
-74.82191852818967
 21
-45.00399711148153
 31
0.0
 11
-74.80030129227765
 21
-45.02095530781772
 31
0.0
 11
-74.77867271506288
 21
-45.03791228646122
 31
0.0
 11
-74.7570327944057
 21
-45.05486804278926
 31
0.0
 11
-74.73538152826251
 21
-45.07182257222986
 31
0.0
 11
-74.71371891448969
 21
-45.08877587014412
 31
0.0
 11
-74.69204495103804
 21
-45.10572793194314
 31
0.0
 11
-74.67035963575896
 21
-45.122678752971176
 31
0.0
 11
-74.6486629665458
 21
-45.13962832859103
 31
0.0
 11
-74.6269549413756
 21
-45.1565766542092
 31
0.0
 11
-74.60523555807703
 21
-45.17352372513556
 31
0.0
 11
-74.5835048145489
 21
-45.190469536715526
 31
0.0
 11
-74.56176270873479
 21
-45.20741408431488
 31
0.0
 11
-74.54000923850599
 21
-45.22435736324854
 31
0.0
 11
-74.51824440174488
 21
-45.24129936883138
 31
0.0
 11
-74.49646819638369
 21
-45.25824009640163
 31
0.0
 11
-74.4746806202961
 21
-45.27517954125494
 31
0.0
 11
-74.45288167135794
 21
-45.292117698681515
 31
0.0
 11
-74.43107134751772
 21
-45.30905456400875
 31
0.0
 11
-74.40924964663337
 21
-45.325990132502035
 31
0.0
 11
-74.38741656661924
 21
-45.342924399454134
 31
0.0
 11
-74.36557210535487
 21
-45.35985736012976
 31
0.0
 11
-74.34371626072267
 21
-45.37678900978836
 31
0.0
 11
-74.32184903065168
 21
-45.393719343710906
 31
0.0
 11
-74.29997041300678
 21
-45.41064835713225
 31
0.0
 11
-74.27808040568154
 21
-45.42757604529795
 31
0.0
 11
-74.25617900659265
 21
-45.444502403460405
 31
0.0
 11
-74.23426621361041
 21
-45.46142742683701
 31
0.0
 11
-74.21234202461146
 21
-45.47835111064188
 31
0.0
 11
-74.1904064375421
 21
-45.495273450124934
 31
0.0
 11
-74.16845945023982
 21
-45.51219444046225
 31
0.0
 11
-74.14650106059939
 21
-45.529114076858214
 31
0.0
 11
-74.124531266546
 21
-45.546032354528755
 31
0.0
 11
-74.10255006595033
 21
-45.5629492686494
 31
0.0
 11
-74.08055745666533
 21
-45.579864814377736
 31
0.0
 11
-74.05855343664098
 21
-45.596778986924036
 31
0.0
 11
-74.03653800373486
 21
-45.6136917814346
 31
0.0
 11
-74.01451115582054
 21
-45.63060319305871
 31
0.0
 11
-73.99247289082284
 21
-45.64751321697002
 31
0.0
 11
-73.97042320659634
 21
-45.664421848291916
 31
0.0
 11
-73.94836210104454
 21
-45.68132908217094
 31
0.0
 11
-73.92628957204579
 21
-45.698234913730985
 31
0.0
 11
-73.90420561750223
 21
-45.715139338103604
 31
0.0
 11
-73.8821102352691
 21
-45.73204235038439
 31
0.0
 11
-73.86000342326167
 21
-45.74894394569886
 31
0.0
 11
-73.83788517935268
 21
-45.765844119139146
 31
0.0
 11
-73.81575550142138
 21
-45.78274286579443
 31
0.0
 11
-73.79361438736032
 21
-45.79964018075493
 31
0.0
 11
-73.77146183505275
 21
-45.81653605909808
 31
0.0
 11
-73.74929784237736
 21
-45.833430495891356
 31
0.0
 11
-73.72712240723864
 21
-45.85032348621109
 31
0.0
 11
-73.70493552749147
 21
-45.86721502509578
 31
0.0
 11
-73.68273720103369
 21
-45.884105107603375
 31
0.0
 11
-73.66052742571685
 21
-45.90099372875605
 31
0.0
 11
-73.63830619948097
 21
-45.91788088362386
 31
0.0
 11
-73.61607352018393
 21
-45.93476656721847
 31
0.0
 11
-73.59382938566984
 21
-45.951650774535956
 31
0.0
 11
-73.57157379386754
 21
-45.968533500617966
 31
0.0
 11
-73.54930674265673
 21
-45.985414740468414
 31
0.0
 11
-73.52702822987453
 21
-46.002294489057306
 31
0.0
 11
-73.50473825342675
 21
-46.0191727413907
 31
0.0
 11
-73.48243681123563
 21
-46.03604949247737
 31
0.0
 11
-73.46012390108791
 21
-46.05292473723439
 31
0.0
 11
-73.43779952096676
 21
-46.06979847069461
 31
0.0
 11
-73.41546366868151
 21
-46.086670687774564
 31
0.0
 11
-73.39311634211197
 21
-46.10354138342805
 31
0.0
 11
-73.37075753917692
 21
-46.12041055262592
 31
0.0
 11
-73.34838725772094
 21
-46.137278190285265
 31
0.0
 11
-73.32600549564218
 21
-46.1541442913496
 31
0.0
 11
-73.30361225082304
 21
-46.17100885074536
 31
0.0
 11
-73.28120752112869
 21
-46.18787186338085
 31
0.0
 11
-73.25879130440725
 21
-46.204733324146446
 31
0.0
 11
-73.23636359859124
 21
-46.221593227978346
 31
0.0
 11
-73.21392440153991
 21
-46.238451569759484
 31
0.0
 11
-73.19147371109723
 21
-46.25530834435572
 31
0.0
 11
-73.16901152518808
 21
-46.27216354667682
 31
0.0
 11
-73.14653784165343
 21
-46.28901717157222
 31
0.0
 11
-73.12405265838755
 21
-46.305869213917816
 31
0.0
 11
-73.10155597325391
 21
-46.322719668562684
 31
0.0
 11
-73.07904778416041
 21
-46.33956853037677
 31
0.0
 11
-73.0565280889393
 21
-46.35641579417473
 31
0.0
 11
-73.0339968854585
 21
-46.37326145478668
 31
0.0
 11
-73.01145417166504
 21
-46.39010550708536
 31
0.0
 11
-72.98889994535307
 21
-46.40694794583942
 31
0.0
 11
-72.9663342044493
 21
-46.42378876589424
 31
0.0
 11
-72.94375694679856
 21
-46.44062796203575
 31
0.0
 11
-72.92116817029411
 21
-46.45746552907351
 31
0.0
 11
-72.89856787281309
 21
-46.47430146179937
 31
0.0
 11
-72.87595605219857
 21
-46.49113575497619
 31
0.0
 11
-72.85333270634528
 21
-46.50796840339237
 31
0.0
 11
-72.83069783314865
 21
-46.52479940182932
 31
0.0
 11
-72.8080514304495
 21
-46.541628745026344
 31
0.0
 11
-72.7853934961282
 21
-46.55845642774059
 31
0.0
 11
-72.76272402806453
 21
-46.57528244472136
 31
0.0
 11
-72.74004302412207
 21
-46.59210679070037
 31
0.0
 11
-72.71735048217981
 21
-46.608929460411616
 31
0.0
 11
-72.69464640012052
 21
-46.62575044858418
 31
0.0
 11
-72.6719307758199
 21
-46.64256974993536
 31
0.0
 11
-72.64920360710366
 21
-46.65938735914275
 31
0.0
 11
-72.62646489190186
 21
-46.67620327094354
 31
0.0
 11
-72.60371462805368
 21
-46.69301748000919
 31
0.0
 11
-72.5809528134551
 21
-46.70982998104019
 31
0.0
 11
-72.5581794459402
 21
-46.726640768689805
 31
0.0
 11
-72.53539452340965
 21
-46.74344983764667
 31
0.0
 11
-72.51259804373188
 21
-46.76025718257121
 31
0.0
 11
-72.48979000478859
 21
-46.77706279812493
 31
0.0
 11
-72.46697040443661
 21
-46.793866678945825
 31
0.0
 11
-72.44413924052475
 21
-46.81066881965926
 31
0.0
 11
-72.42129651097927
 21
-46.827469214933174
 31
0.0
 11
-72.39844221362254
 21
-46.84426785936067
 31
0.0
 11
-72.3755763463434
 21
-46.86106474757065
 31
0.0
 11
-72.35269890704045
 21
-46.877859874190555
 31
0.0
 11
-72.3298098935321
 21
-46.894653233788524
 31
0.0
 11
-72.30690930372175
 21
-46.911444820980314
 31
0.0
 11
-72.28399713547984
 21
-46.928234630352584
 31
0.0
 11
-72.26107338667059
 21
-46.9450226564806
 31
0.0
 11
-72.23813805516721
 21
-46.96180889393779
 31
0.0
 11
-72.21519113883838
 21
-46.97859333728729
 31
0.0
 11
-72.19223263555773
 21
-46.99537598108763
 31
0.0
 11
-72.16926254316476
 21
-47.01215681986786
 31
0.0
 11
-72.14628085960175
 21
-47.02893584821617
 31
0.0
 11
-72.12328758268018
 21
-47.04571306062807
 31
0.0
 11
-72.10028271028825
 21
-47.062488451641464
 31
0.0
 11
-72.07726624028506
 21
-47.079262015767625
 31
0.0
 11
-72.05423817057047
 21
-47.096033747537106
 31
0.0
 11
-72.0311984989792
 21
-47.11280364142988
 31
0.0
 11
-72.00814722340101
 21
-47.129571691954716
 31
0.0
 11
-71.98508434171286
 21
-47.146337893604105
 31
0.0
 11
-71.96200985176479
 21
-47.163102240845355
 31
0.0
 11
-71.9389237514538
 21
-47.17986472816907
 31
0.0
 11
-71.91582603861346
 21
-47.196625350016504
 31
0.0
 11
-71.89271671116347
 21
-47.21338410087773
 31
0.0
 11
-71.86959576693339
 21
-47.23014097517601
 31
0.0
 11
-71.84646320381434
 21
-47.24689596736757
 31
0.0
 11
-71.82331901965856
 21
-47.26364907187519
 31
0.0
 11
-71.80016321234095
 21
-47.280400283129005
 31
0.0
 11
-71.77699577975766
 21
-47.29714959556545
 31
0.0
 11
-71.75381671977068
 21
-47.313897003590725
 31
0.0
 11
-71.73062603021239
 21
-47.33064250158393
 31
0.0
 11
-71.70742370899026
 21
-47.34738608396588
 31
0.0
 11
-71.68420975399225
 21
-47.364127745136784
 31
0.0
 11
-71.66098416303163
 21
-47.38086747943998
 31
0.0
 11
-71.63774693402229
 21
-47.39760528127751
 31
0.0
 11
-71.6144980648439
 21
-47.41434114502093
 31
0.0
 11
-71.59123755331078
 21
-47.43107506499098
 31
0.0
 11
-71.56796539737059
 21
-47.44780703558894
 31
0.0
 11
-71.54468159483827
 21
-47.464537051120274
 31
0.0
 11
-71.52138614358849
 21
-47.48126510592252
 31
0.0
 11
-71.49807904153563
 21
-47.49799119435154
 31
0.0
 11
-71.47476028652166
 21
-47.51471531070754
 31
0.0
 11
-71.45142987639785
 21
-47.531437449289065
 31
0.0
 11
-71.42808780907032
 21
-47.54815760442339
 31
0.0
 11
-71.40473408239457
 21
-47.5648757703962
 31
0.0
 11
-71.38136869422402
 21
-47.581591941484156
 31
0.0
 11
-71.3579916424968
 21
-47.598306112012494
 31
0.0
 11
-71.33460292500884
 21
-47.61501827620372
 31
0.0
 11
-71.31120253967829
 21
-47.63172842835429
 31
0.0
 11
-71.28779048436846
 21
-47.64843656271602
 31
0.0
 11
-71.2643667569388
 21
-47.66514267353043
 31
0.0
 11
-71.2409313552556
 21
-47.6818467550357
 31
0.0
 11
-71.21748427722933
 21
-47.69854880149182
 31
0.0
 11
-71.1940255207098
 21
-47.71524880711014
 31
0.0
 11
-71.17055508355348
 21
-47.73194676609886
 31
0.0
 11
-71.14707296367558
 21
-47.74864267269743
 31
0.0
 11
-71.12357915889696
 21
-47.76533652107441
 31
0.0
 11
-71.10007366713535
 21
-47.78202830545521
 31
0.0
 11
-71.07655648626606
 21
-47.79871802002905
 31
0.0
 11
-71.05302761411205
 21
-47.81540565894208
 31
0.0
 11
-71.02948704860628
 21
-47.832091216406326
 31
0.0
 11
-71.00593478758394
 21
-47.8487746865603
 31
0.0
 11
-70.98237082894586
 21
-47.86545606357881
 31
0.0
 11
-70.95879517055089
 21
-47.8821353416003
 31
0.0
 11
-70.93520781028342
 21
-47.89881251477262
 31
0.0
 11
-70.91160874600197
 21
-47.91548757721808
 31
0.0
 11
-70.88799797559045
 21
-47.93216052306849
 31
0.0
 11
-70.86437549695532
 21
-47.94883134646253
 31
0.0
 11
-70.84074130791473
 21
-47.965500041471536
 31
0.0
 11
-70.81709540639686
 21
-47.98216660223317
 31
0.0
 11
-70.7934377902282
 21
-47.998831022808304
 31
0.0
 11
-70.7697684573598
 21
-48.01549329733424
 31
0.0
 11
-70.7460874055882
 21
-48.03215341983544
 31
0.0
 11
-70.72239463282251
 21
-48.048811384404885
 31
0.0
 11
-70.6986901369643
 21
-48.06546718512223
 31
0.0
 11
-70.67497391585994
 21
-48.08212081602185
 31
0.0
 11
-70.65124596738781
 21
-48.09877227115162
 31
0.0
 11
-70.62750628943691
 21
-48.11542154455886
 31
0.0
 11
-70.6037548799117
 21
-48.132068630293126
 31
0.0
 11
-70.57999173662414
 21
-48.14871352233315
 31
0.0
 11
-70.55621685750384
 21
-48.165356214729606
 31
0.0
 11
-70.5324302404376
 21
-48.18199670149609
 31
0.0
 11
-70.50863188327402
 21
-48.19863497661191
 31
0.0
 11
-70.48482178388576
 21
-48.215271034064735
 31
0.0
 11
-70.46099994021843
 21
-48.23190486788421
 31
0.0
 11
-70.43716635006292
 21
-48.2485364719858
 31
0.0
 11
-70.413321011356
 21
-48.26516584037692
 31
0.0
 11
-70.38946392198754
 21
-48.28179296702459
 31
0.0
 11
-70.36559507979605
 21
-48.298417845852725
 31
0.0
 11
-70.34171448268617
 21
-48.315040470822304
 31
0.0
 11
-70.31782212853413
 21
-48.33166083586675
 31
0.0
 11
-70.29391801525274
 21
-48.348278934936396
 31
0.0
 11
-70.27000214067918
 21
-48.364894761921576
 31
0.0
 11
-70.24607450273096
 21
-48.3815083107597
 31
0.0
 11
-70.2221350992731
 21
-48.39811957534376
 31
0.0
 11
-70.19818392817704
 21
-48.414728549563165
 31
0.0
 11
-70.17422098737771
 21
-48.431335227342814
 31
0.0
 11
-70.15024627471009
 21
-48.4479396025305
 31
0.0
 11
-70.1262597880659
 21
-48.464541669005115
 31
0.0
 11
-70.10226152535385
 21
-48.48114142064885
 31
0.0
 11
-70.07825148445491
 21
-48.497738851316775
 31
0.0
 11
-70.05422966322999
 21
-48.514333954841625
 31
0.0
 11
-70.03019605959585
 21
-48.53092672508683
 31
0.0
 11
-70.00615067142098
 21
-48.547517155873855
 31
0.0
 11
-69.98209349658839
 21
-48.564105241026354
 31
0.0
 11
-69.95802453302224
 21
-48.580690974387956
 31
0.0
 11
-69.93394377856482
 21
-48.597274349737454
 31
0.0
 11
-69.9098512311351
 21
-48.61385536089845
 31
0.0
 11
-69.8857468885967
 21
-48.63043400164797
 31
0.0
 11
-69.86163074888194
 21
-48.647010265802386
 31
0.0
 11
-69.8375028098357
 21
-48.66358414710909
 31
0.0
 11
-69.81336306936734
 21
-48.680155639352044
 31
0.0
 11
-69.78921152536117
 21
-48.69672473628939
 31
0.0
 11
-69.76504817571669
 21
-48.71329143168164
 31
0.0
 11
-69.74087301834719
 21
-48.72985571929056
 31
0.0
 11
-69.71668605110044
 21
-48.746417592823846
 31
0.0
 11
-69.69248727190337
 21
-48.762977046036134
 31
0.0
 11
-69.66827667861068
 21
-48.779534072623456
 31
0.0
 11
-69.64405426916437
 21
-48.796088666334256
 31
0.0
 11
-69.61982004144521
 21
-48.81264082086597
 31
0.0
 11
-69.59557399330751
 21
-48.829190529889004
 31
0.0
 11
-69.57131612270545
 21
-48.84573778713561
 31
0.0
 11
-69.54704642750549
 21
-48.86228258626791
 31
0.0
 11
-69.52276490558657
 21
-48.878824920948446
 31
0.0
 11
-69.49847155488102
 21
-48.895364784868995
 31
0.0
 11
-69.47416637327638
 21
-48.91190217168135
 31
0.0
 11
-69.44984935865135
 21
-48.928437075022636
 31
0.0
 11
-69.42552050892364
 21
-48.944969488549134
 31
0.0
 11
-69.40117982199796
 21
-48.96149940589954
 31
0.0
 11
-69.37682729573845
 21
-48.9780268206754
 31
0.0
 11
-69.35246292808611
 21
-48.994551726524115
 31
0.0
 11
-69.32808671690668
 21
-49.011074117031534
 31
0.0
 11
-69.30369866015394
 21
-49.027593985837214
 31
0.0
 11
-69.27929875567068
 21
-49.04411132649376
 31
0.0
 11
-69.25488700138273
 21
-49.06062613260414
 31
0.0
 11
-69.23046339519813
 21
-49.07713839775005
 31
0.0
 11
-69.20602793503008
 21
-49.0936481155087
 31
0.0
 11
-69.18158061876001
 21
-49.11015527942581
 31
0.0
 11
-69.15712144425842
 21
-49.12665988303137
 31
0.0
 11
-69.13265040956708
 21
-49.14316191996797
 31
0.0
 11
-69.10816751242845
 21
-49.15966138365733
 31
0.0
 11
-69.08367275082922
 21
-49.1761582676862
 31
0.0
 11
-69.05916612269802
 21
-49.192652565591416
 31
0.0
 11
-69.03464762587654
 21
-49.20914427083953
 31
0.0
 11
-69.01011725832934
 21
-49.22563337697584
 31
0.0
 11
-68.9855750179461
 21
-49.242119877484015
 31
0.0
 11
-68.96102090261209
 21
-49.25860376583566
 31
0.0
 11
-68.93645491028622
 21
-49.27508503554665
 31
0.0
 11
-68.91187703885095
 21
-49.291563680069515
 31
0.0
 11
-68.88728728620772
 21
-49.30803969286181
 31
0.0
 11
-68.86268565029978
 21
-49.32451306740239
 31
0.0
 11
-68.83807212901722
 21
-49.340983797123364
 31
0.0
 11
-68.81344672026597
 21
-49.35745187545976
 31
0.0
 11
-68.78880942199413
 21
-49.373917295868026
 31
0.0
 11
-68.76416023209818
 21
-49.39038005175896
 31
0.0
 11
-68.73949914847329
 21
-49.40684013653387
 31
0.0
 11
-68.71482616906597
 21
-49.42329754362224
 31
0.0
 11
-68.69014129178639
 21
-49.43975226641882
 31
0.0
 11
-68.66544451455083
 21
-49.456204298313956
 31
0.0
 11
-68.64073583526925
 21
-49.47265363268485
 31
0.0
 11
-68.61601525187726
 21
-49.48910026291857
 31
0.0
 11
-68.59128276227737
 21
-49.505544182369476
 31
0.0
 11
-68.56653836440664
 21
-49.52198538440829
 31
0.0
 11
-68.5417820561603
 21
-49.53842386236666
 31
0.0
 11
-68.51701383550459
 21
-49.554859609619044
 31
0.0
 11
-68.49223370032794
 21
-49.57129261947466
 31
0.0
 11
-68.4674416485582
 21
-49.58772288526275
 31
0.0
 11
-68.44263767814134
 21
-49.60415040031675
 31
0.0
 11
-68.417821786975
 21
-49.62057515792638
 31
0.0
 11
-68.39299397299169
 21
-49.63699715139794
 31
0.0
 11
-68.36815423414154
 21
-49.65341637404162
 31
0.0
 11
-68.34330256834515
 21
-49.66983281913762
 31
0.0
 11
-68.31843897349111
 21
-49.68624647993377
 31
0.0
 11
-68.29356344753982
 21
-49.70265734972153
 31
0.0
 11
-68.26867598845423
 21
-49.71906542178541
 31
0.0
 11
-68.24377659410968
 21
-49.73547068933719
 31
0.0
 11
-68.218865262454
 21
-49.75187314563283
 31
0.0
 11
-68.19394199145478
 21
-49.76827278393371
 31
0.0
 11
-68.16900677898103
 21
-49.784669597420475
 31
0.0
 11
-68.14405962303158
 21
-49.8010635793598
 31
0.0
 11
-68.11910052150736
 21
-49.817454722937825
 31
0.0
 11
-68.09412947232936
 21
-49.833843021346624
 31
0.0
 11
-68.06914647347585
 21
-49.850228467811164
 31
0.0
 11
-68.04415152287869
 21
-49.86661105551379
 31
0.0
 11
-68.01914461843374
 21
-49.88299077760128
 31
0.0
 11
-67.99412575812208
 21
-49.89936762727421
 31
0.0
 11
-67.96909493987695
 21
-49.91574159768908
 31
0.0
 11
-67.94405216161898
 21
-49.93211268198421
 31
0.0
 11
-67.91899742132078
 21
-49.948480873327156
 31
0.0
 11
-67.89393071691272
 21
-49.964846164845554
 31
0.0
 11
-67.8688520463144
 21
-49.98120854965009
 31
0.0
 11
-67.84376140751374
 21
-49.997568020892885
 31
0.0
 11
-67.81865879844483
 21
-50.01392457167736
 31
0.0
 11
-67.79354421701655
 21
-50.03027819507946
 31
0.0
 11
-67.76841766121916
 21
-50.046628884226095
 31
0.0
 11
-67.74327912899051
 21
-50.06297663219652
 31
0.0
 11
-67.71812861827847
 21
-50.07932143206852
 31
0.0
 11
-67.69296612702917
 21
-50.09566327690947
 31
0.0
 11
-67.66779165319127
 21
-50.112002159779514
 31
0.0
 11
-67.64260519473372
 21
-50.12833807374497
 31
0.0
 11
-67.61740674961763
 21
-50.144671011857255
 31
0.0
 11
-67.59219631574209
 21
-50.161000967112784
 31
0.0
 11
-67.56697389112779
 21
-50.177327932589066
 31
0.0
 11
-67.54173947370263
 21
-50.19365190128573
 31
0.0
 11
-67.51649306140594
 21
-50.209972866201795
 31
0.0
 11
-67.49123465223005
 21
-50.2262908203666
 31
0.0
 11
-67.46596424412927
 21
-50.242605756772186
 31
0.0
 11
-67.44068183503147
 21
-50.25891766838171
 31
0.0
 11
-67.41538742293554
 21
-50.27522654820222
 31
0.0
 11
-67.390081005808
 21
-50.291532389207475
 31
0.0
 11
-67.36476258155626
 21
-50.30783518431805
 31
0.0
 11
-67.33943214820911
 21
-50.32413492653592
 31
0.0
 11
-67.3140897037109
 21
-50.3404316087909
 31
0.0
 11
-67.2887352460049
 21
-50.35672522400289
 31
0.0
 11
-67.2633687730877
 21
-50.373015765122524
 31
0.0
 11
-67.23799028291694
 21
-50.38930322506196
 31
0.0
 11
-67.21259977346544
 21
-50.40558759673573
 31
0.0
 11
-67.18719724270098
 21
-50.42186887304533
 31
0.0
 11
-67.16178268860597
 21
-50.438147046894024
 31
0.0
 11
-67.13635610914089
 21
-50.454422111159374
 31
0.0
 11
-67.11091750226738
 21
-50.47069405871074
 31
0.0
 11
-67.08546686601092
 21
-50.48696288245615
 31
0.0
 11
-67.06000419829127
 21
-50.503228575214806
 31
0.0
 11
-67.0345294971076
 21
-50.51949112985664
 31
0.0
 11
-67.0090427604537
 21
-50.53575053923808
 31
0.0
 11
-66.98354398629492
 21
-50.55200679618499
 31
0.0
 11
-66.95803317261421
 21
-50.56825989352726
 31
0.0
 11
-66.93251031739167
 21
-50.5845098240832
 31
0.0
 11
-66.90697541860452
 21
-50.60075658065975
 31
0.0
 11
-66.88142847426099
 21
-50.61700015607806
 31
0.0
 11
-66.85586948232458
 21
-50.63324054311605
 31
0.0
 11
-66.83029844078092
 21
-50.64947773455917
 31
0.0
 11
-66.8047153476453
 21
-50.66571172320587
 31
0.0
 11
-66.77912020086892
 21
-50.68194250179679
 31
0.0
 11
-66.75351299846935
 21
-50.698170063113565
 31
0.0
 11
-66.72789373844351
 21
-50.71439439991277
 31
0.0
 11
-66.70226241875507
 21
-50.730615504916415
 31
0.0
 11
-66.67661903739919
 21
-50.74683337086103
 31
0.0
 11
-66.65096359241814
 21
-50.76304799050959
 31
0.0
 11
-66.62529608175188
 21
-50.77925935653795
 31
0.0
 11
-66.59961650342619
 21
-50.79546746167765
 31
0.0
 11
-66.57392485546332
 21
-50.811672298648396
 31
0.0
 11
-66.54822113579613
 21
-50.8278738600922
 31
0.0
 11
-66.52250534249322
 21
-50.844072138745275
 31
0.0
 11
-66.4967774735322
 21
-50.86026712726484
 31
0.0
 11
-66.47103752688814
 21
-50.87645881829674
 31
0.0
 11
-66.44528550063191
 21
-50.89264720455073
 31
0.0
 11
-66.41952139270023
 21
-50.90883227862432
 31
0.0
 11
-66.39374520113616
 21
-50.92501403318707
 31
0.0
 11
-66.3679569239659
 21
-50.9411924608861
 31
0.0
 11
-66.34215655918443
 21
-50.95736755433509
 31
0.0
 11
-66.31634410476101
 21
-50.97353930611843
 31
0.0
 11
-66.29051955876635
 21
-50.98970770888909
 31
0.0
 11
-66.2646829192142
 21
-51.00587275524644
 31
0.0
 11
-66.23883418407561
 21
-51.022034437747884
 31
0.0
 11
-66.21297335141261
 21
-51.03819274901084
 31
0.0
 11
-66.18710041919641
 21
-51.05434768157366
 31
0.0
 11
-66.16121538550352
 21
-51.07049922804601
 31
0.0
 11
-66.13531824830659
 21
-51.086647380948
 31
0.0
 11
-66.10940900565987
 21
-51.10279213285308
 31
0.0
 11
-66.08348765556448
 21
-51.11893347628413
 31
0.0
 11
-66.0575541960717
 21
-51.13507140379326
 31
0.0
 11
-66.0316086251889
 21
-51.15120590788883
 31
0.0
 11
-66.00565094093035
 21
-51.167336981075096
 31
0.0
 11
-65.9796811413782
 21
-51.18346461589915
 31
0.0
 11
-65.95369922449729
 21
-51.199588804807576
 31
0.0
 11
-65.92770518836073
 21
-51.21570954032126
 31
0.0
 11
-65.90169903100707
 21
-51.231826814924666
 31
0.0
 11
-65.87568075043302
 21
-51.24794062106
 31
0.0
 11
-65.84965034471924
 21
-51.26405095122514
 31
0.0
 11
-65.82360781187782
 21
-51.28015779785483
 31
0.0
 11
-65.79755314993972
 21
-51.29626115338893
 31
0.0
 11
-65.7714863569911
 21
-51.31236101030055
 31
0.0
 11
-65.7454074310252
 21
-51.32845736098057
 31
0.0
 11
-65.71931637009372
 21
-51.34455019785583
 31
0.0
 11
-65.69321317227377
 21
-51.36063951336329
 31
0.0
 11
-65.66709783559284
 21
-51.37672529989127
 31
0.0
 11
-65.64097035807319
 21
-51.39280754981446
 31
0.0
 11
-65.61483073780886
 21
-51.40888625555375
 31
0.0
 11
-65.58867897283783
 21
-51.424961409476474
 31
0.0
 11
-65.56251506118642
 21
-51.44103300393097
 31
0.0
 11
-65.53633900094212
 21
-51.457101031303765
 31
0.0
 11
-65.51015079015605
 21
-51.47316548394305
 31
0.0
 11
-65.48395042684304
 21
-51.489226354158745
 31
0.0
 11
-65.4577379091441
 21
-51.50528363435006
 31
0.0
 11
-65.43151323505721
 21
-51.521337316793854
 31
0.0
 11
-65.40527640262623
 21
-51.53738739379331
 31
0.0
 11
-65.3790274099934
 21
-51.5534338577192
 31
0.0
 11
-65.35276625516455
 21
-51.569476700824914
 31
0.0
 11
-65.32649293620825
 21
-51.58551591540344
 31
0.0
 11
-65.30020745121706
 21
-51.60155149375691
 31
0.0
 11
-65.27390979826296
 21
-51.617583428161176
 31
0.0
 11
-65.24759997537166
 21
-51.63361171084573
 31
0.0
 11
-65.22127798067635
 21
-51.64963633411503
 31
0.0
 11
-65.1949438122157
 21
-51.665657290188804
 31
0.0
 11
-65.16859746808684
 21
-51.68167457132338
 31
0.0
 11
-65.1422389463356
 21
-51.69768816972405
 31
0.0
 11
-65.11586824505835
 21
-51.71369807762668
 31
0.0
 11
-65.08948536238051
 21
-51.72970428727995
 31
0.0
 11
-65.06309029630712
 21
-51.74570679082707
 31
0.0
 11
-65.03668304498379
 21
-51.76170558051287
 31
0.0
 11
-65.01026360646743
 21
-51.77770064850179
 31
0.0
 11
-64.983831978839
 21
-51.79369198696722
 31
0.0
 11
-64.95738816021785
 21
-51.80967958810322
 31
0.0
 11
-64.9309321486846
 21
-51.82566344406302
 31
0.0
 11
-64.90446394231752
 21
-51.841643546987726
 31
0.0
 11
-64.87798353922572
 21
-51.857619889033266
 31
0.0
 11
-64.85149093749104
 21
-51.87359246232353
 31
0.0
 11
-64.8249861352434
 21
-51.88956125901079
 31
0.0
 11
-64.7984691305561
 21
-51.90552627119203
 31
0.0
 11
-64.77193992151402
 21
-51.921487490963266
 31
0.0
 11
-64.7453985062879
 21
-51.937444910479485
 31
0.0
 11
-64.71884488289326
 21
-51.95339852176071
 31
0.0
 11
-64.69227904950354
 21
-51.96934831694396
 31
0.0
 11
-64.66570100422733
 21
-51.98529428810364
 31
0.0
 11
-64.63911074511775
 21
-52.00123642725988
 31
0.0
 11
-64.6125082703476
 21
-52.017174726518434
 31
0.0
 11
-64.5858935779878
 21
-52.033109177893266
 31
0.0
 11
-64.55926666619764
 21
-52.04903977345915
 31
0.0
 11
-64.5326275330631
 21
-52.06496650522161
 31
0.0
 11
-64.50597617671102
 21
-52.08088936520902
 31
0.0
 11
-64.47931259525018
 21
-52.0968083454248
 31
0.0
 11
-64.45263678683409
 21
-52.1127234378984
 31
0.0
 11
-64.42594874958489
 21
-52.12863463462372
 31
0.0
 11
-64.39924848158229
 21
-52.14454192754994
 31
0.0
 11
-64.37253598101529
 21
-52.16044530870458
 31
0.0
 11
-64.34581124598171
 21
-52.17634477003098
 31
0.0
 11
-64.31907427460905
 21
-52.19224030348644
 31
0.0
 11
-64.2923250650477
 21
-52.208131901036225
 31
0.0
 11
-64.2655636154464
 21
-52.22401955463421
 31
0.0
 11
-64.23878992391946
 21
-52.239903256195916
 31
0.0
 11
-64.21200398859824
 21
-52.25578299764043
 31
0.0
 11
-64.18520580765745
 21
-52.27165877091173
 31
0.0
 11
-64.15839537921603
 21
-52.28753056789804
 31
0.0
 11
-64.13157270143222
 21
-52.30339838050945
 31
0.0
 11
-64.10473777245484
 21
-52.31926220063777
 31
0.0
 11
-64.07789059040445
 21
-52.335122020141455
 31
0.0
 11
-64.0510311534854
 21
-52.350977830937005
 31
0.0
 11
-64.02415945980835
 21
-52.36682962485394
 31
0.0
 11
-63.99727550753864
 21
-52.382677393756296
 31
0.0
 11
-63.97037929485045
 21
-52.39852112950457
 31
0.0
 11
-63.943470819877376
 21
-52.41436082391588
 31
0.0
 11
-63.916550080809905
 21
-52.430196468843434
 31
0.0
 11
-63.88961707579259
 21
-52.44602805609232
 31
0.0
 11
-63.862671802975285
 21
-52.461855577461485
 31
0.0
 11
-63.83571426057828
 21
-52.477679024797325
 31
0.0
 11
-63.808744446717085
 21
-52.49349838984961
 31
0.0
 11
-63.78176235957291
 21
-52.50931366441167
 31
0.0
 11
-63.75476799736402
 21
-52.5251248402968
 31
0.0
 11
-63.72776135820706
 21
-52.54093190922411
 31
0.0
 11
-63.70074244031324
 21
-52.55673486298008
 31
0.0
 11
-63.673711241849716
 21
-52.572533693304386
 31
0.0
 11
-63.64666776100716
 21
-52.58832839194548
 31
0.0
 11
-63.61961199596349
 21
-52.60411895063079
 31
0.0
 11
-63.59254394491165
 21
-52.619905361089664
 31
0.0
 11
-63.56546360602641
 21
-52.63568761502566
 31
0.0
 11
-63.53837097750703
 21
-52.65146570415216
 31
0.0
 11
-63.511266057552035
 21
-52.66723962017126
 31
0.0
 11
-63.48414884434258
 21
-52.68300935476009
 31
0.0
 11
-63.45701933609324
 21
-52.698774899612786
 31
0.0
 11
-63.42987753098147
 21
-52.71453624638218
 31
0.0
 11
-63.40272342720458
 21
-52.73029338672684
 31
0.0
 11
-63.3755570230094
 21
-52.746046312335885
 31
0.0
 11
-63.34837831655677
 21
-52.76179501481619
 31
0.0
 11
-63.32118730605159
 21
-52.77753948580075
 31
0.0
 11
-63.29398398973644
 21
-52.79327971694302
 31
0.0
 11
-63.26676836580845
 21
-52.80901569984811
 31
0.0
 11
-63.23954043246172
 21
-52.824747426107656
 31
0.0
 11
-63.21230018793578
 21
-52.8404748873408
 31
0.0
 11
-63.18504763046548
 21
-52.856198075151674
 31
0.0
 11
-63.157782758214175
 21
-52.871916981074186
 31
0.0
 11
-63.13050556945544
 21
-52.88763159672354
 31
0.0
 11
-63.103216062408336
 21
-52.90334191365855
 31
0.0
 11
-63.07591423528134
 21
-52.91904792341836
 31
0.0
 11
-63.04860008629409
 21
-52.93474961754075
 31
0.0
 11
-63.021273613715515
 21
-52.95044698759402
 31
0.0
 11
-62.99393481575164
 21
-52.9661400250828
 31
0.0
 11
-62.966583690643
 21
-52.981828721529965
 31
0.0
 11
-62.93922023666238
 21
-52.99751306847452
 31
0.0
 11
-62.911844451988216
 21
-53.0131930573653
 31
0.0
 11
-62.884456334903476
 21
-53.02886867972833
 31
0.0
 11
-62.857055883649885
 21
-53.04453992704405
 31
0.0
 11
-62.82964309647059
 21
-53.06020679078315
 31
0.0
 11
-62.802217971625986
 21
-53.07586926241988
 31
0.0
 11
-62.7747805073434
 21
-53.09152733338979
 31
0.0
 11
-62.74733070188882
 21
-53.10718099515012
 31
0.0
 11
-62.719868553537275
 21
-53.12283023915482
 31
0.0
 11
-62.692394060535186
 21
-53.138475056822735
 31
0.0
 11
-62.66490722114932
 21
-53.154115439578895
 31
0.0
 11
-62.6374080336168
 21
-53.1697513788123
 31
0.0
 11
-62.60989649623509
 21
-53.185382865952185
 31
0.0
 11
-62.58237260726918
 21
-53.20100989238912
 31
0.0
 11
-62.554836364978165
 21
-53.21663244949768
 31
0.0
 11
-62.52728776764584
 21
-53.232250528662426
 31
0.0
 11
-62.49972681354994
 21
-53.247864121251865
 31
0.0
 11
-62.47215350096416
 21
-53.26347321861986
 31
0.0
 11
-62.444567828156266
 21
-53.279077812104234
 31
0.0
 11
-62.4169697934296
 21
-53.29467789306203
 31
0.0
 11
-62.38935939507406
 21
-53.31027345282784
 31
0.0
 11
-62.36173663136249
 21
-53.325864482710465
 31
0.0
 11
-62.334101500595004
 21
-53.34145097403101
 31
0.0
 11
-62.3064540010414
 21
-53.35703291807357
 31
0.0
 11
-62.27879413103321
 21
-53.372610306163885
 31
0.0
 11
-62.25112188885982
 21
-53.388183129580376
 31
0.0
 11
-62.22343727280411
 21
-53.40375137958496
 31
0.0
 11
-62.19574028117891
 21
-53.41931504745384
 31
0.0
 11
-62.168030912290426
 21
-53.434874124446566
 31
0.0
 11
-62.1403091644677
 21
-53.4504286018309
 31
0.0
 11
-62.11257503597748
 21
-53.46597847081006
 31
0.0
 11
-62.08482852517989
 21
-53.48152372265626
 31
0.0
 11
-62.05706963035859
 21
-53.49706434856481
 31
0.0
 11
-62.0292983498365
 21
-53.51260033975342
 31
0.0
 11
-62.001514681939575
 21
-53.52813168743122
 31
0.0
 11
-61.97371862500866
 21
-53.54365838280893
 31
0.0
 11
-61.945910177348345
 21
-53.55918041705476
 31
0.0
 11
-61.91808933729613
 21
-53.57469778135409
 31
0.0
 11
-61.89025610318227
 21
-53.59021046687461
 31
0.0
 11
-61.86241047332746
 21
-53.60571846476455
 31
0.0
 11
-61.83455244610541
 21
-53.6212217662066
 31
0.0
 11
-61.80668201981141
 21
-53.636720362304374
 31
0.0
 11
-61.778799192807426
 21
-53.6522142442077
 31
0.0
 11
-61.750903963454135
 21
-53.66770340305406
 31
0.0
 11
-61.72299633007451
 21
-53.68318782993687
 31
0.0
 11
-61.695076291031576
 21
-53.69866751597289
 31
0.0
 11
-61.66714384468065
 21
-53.714142452260845
 31
0.0
 11
-61.63919898935542
 21
-53.729612629869095
 31
0.0
 11
-61.611241723429146
 21
-53.74507803988931
 31
0.0
 11
-61.58327204528391
 21
-53.76053867340902
 31
0.0
 11
-61.55528995325425
 21
-53.77599452146326
 31
0.0
 11
-61.527295445701306
 21
-53.79144557509855
 31
0.0
 11
-61.49928852103506
 21
-53.80689182539267
 31
0.0
 11
-61.47126917757811
 21
-53.82233326333564
 31
0.0
 11
-61.44323741372314
 21
-53.837769879967134
 31
0.0
 11
-61.41519322787393
 21
-53.8532016663251
 31
0.0
 11
-61.38713661838602
 21
-53.868628613393746
 31
0.0
 11
-61.3590675836259
 21
-53.884050712155236
 31
0.0
 11
-61.330986122009705
 21
-53.89946795362386
 31
0.0
 11
-61.30289223191033
 21
-53.914880328764355
 31
0.0
 11
-61.27478591174115
 21
-53.93028782856549
 31
0.0
 11
-61.24666715986379
 21
-53.94569044395875
 31
0.0
 11
-61.21853597467493
 21
-53.96108816589515
 31
0.0
 11
-61.19039235462778
 21
-53.976480985363594
 31
0.0
 11
-61.16223629806028
 21
-53.99186889324006
 31
0.0
 11
-61.134067803405614
 21
-54.00725188047271
 31
0.0
 11
-61.10588686907587
 21
-54.02262993797949
 31
0.0
 11
-61.0776934934892
 21
-54.03800305667203
 31
0.0
 11
-61.049487675028686
 21
-54.05337122741927
 31
0.0
 11
-61.02126941214058
 21
-54.06873444113444
 31
0.0
 11
-60.993038703237545
 21
-54.08409268868914
 31
0.0
 11
-60.964795546733
 21
-54.0994459609441
 31
0.0
 11
-60.93653994105838
 21
-54.114794248764255
 31
0.0
 11
-60.908271884658824
 21
-54.13013754301498
 31
0.0
 11
-60.879991375943796
 21
-54.14547583451812
 31
0.0
 11
-60.85169841334183
 21
-54.16080911410086
 31
0.0
 11
-60.82339299532737
 21
-54.17613737261924
 31
0.0
 11
-60.795075120297504
 21
-54.191460600848785
 31
0.0
 11
-60.766744786725084
 21
-54.20677878962071
 31
0.0
 11
-60.738401993041485
 21
-54.22209192971741
 31
0.0
 11
-60.71004673771755
 21
-54.237400011944636
 31
0.0
 11
-60.68167901918479
 21
-54.2527030270612
 31
0.0
 11
-60.65329883588273
 21
-54.26800096582129
 31
0.0
 11
-60.624906186306454
 21
-54.28329381901674
 31
0.0
 11
-60.596501068904324
 21
-54.29858157738575
 31
0.0
 11
-60.56808348214759
 21
-54.31386423167521
 31
0.0
 11
-60.53965342449085
 21
-54.32914177260517
 31
0.0
 11
-60.5112108944017
 21
-54.34441419089522
 31
0.0
 11
-60.48275589035111
 21
-54.3596814772563
 31
0.0
 11
-60.454288410848875
 21
-54.37494362242213
 31
0.0
 11
-60.4258084543536
 21
-54.39020061706842
 31
0.0
 11
-60.3973160193233
 21
-54.40545245185846
 31
0.0
 11
-60.3688111042977
 21
-54.42069911751701
 31
0.0
 11
-60.34029370771346
 21
-54.43594060466419
 31
0.0
 11
-60.311763828093675
 21
-54.451176903985704
 31
0.0
 11
-60.28322146393246
 21
-54.46640800612935
 31
0.0
 11
-60.25466661372209
 21
-54.48163390172912
 31
0.0
 11
-60.22609927596324
 21
-54.4968545814145
 31
0.0
 11
-60.1975194491529
 21
-54.512070035799624
 31
0.0
 11
-60.16892713182272
 21
-54.52728025551784
 31
0.0
 11
-60.14032232245755
 21
-54.542485231148206
 31
0.0
 11
-60.11170501960585
 21
-54.557684953315054
 31
0.0
 11
-60.08307522174497
 21
-54.572879412566294
 31
0.0
 11
-60.05443292742639
 21
-54.58806859950485
 31
0.0
 11
-60.025778135161254
 21
-54.60325250468495
 31
0.0
 11
-59.997110843479604
 21
-54.618431118665775
 31
0.0
 11
-59.96843105090512
 21
-54.633604431988545
 31
0.0
 11
-59.939738755979576
 21
-54.6487724351988
 31
0.0
 11
-59.91103395724436
 21
-54.66393511882951
 31
0.0
 11
-59.882316653245255
 21
-54.679092473405426
 31
0.0
 11
-59.85358684250979
 21
-54.694244489422324
 31
0.0
 11
-59.82484452356697
 21
-54.70939115736512
 31
0.0
 11
-59.796089695019255
 21
-54.724532467773734
 31
0.0
 11
-59.76732235539377
 21
-54.73966841110674
 31
0.0
 11
-59.73854250323424
 21
-54.75479897782564
 31
0.0
 11
-59.70975013710458
 21
-54.769924158398226
 31
0.0
 11
-59.680945255597344
 21
-54.785043943306164
 31
0.0
 11
-59.65212785724572
 21
-54.80015832296428
 31
0.0
 11
-59.62329794062987
 21
-54.81526728781821
 31
0.0
 11
-59.59445550435869
 21
-54.830370828327595
 31
0.0
 11
-59.56560054694621
 21
-54.84546893485261
 31
0.0
 11
-59.536733067008605
 21
-54.860561597834916
 31
0.0
 11
-59.50785306314596
 21
-54.875648807688876
 31
0.0
 11
-59.47896053391355
 21
-54.890730554775466
 31
0.0
 11
-59.45005547790887
 21
-54.905806829481676
 31
0.0
 11
-59.4211378937301
 21
-54.920877622183085
 31
0.0
 11
-59.3922077799924
 21
-54.93594292325836
 31
0.0
 11
-59.36326513527189
 21
-54.951002723037526
 31
0.0
 11
-59.33430995818858
 21
-54.96605701187893
 31
0.0
 11
-59.30534224733293
 21
-54.98110578010086
 31
0.0
 11
-59.27636200134456
 21
-54.99614901805473
 31
0.0
 11
-59.247369218809176
 21
-55.01118671602941
 31
0.0
 11
-59.2183638983568
 21
-55.02621886434233
 31
0.0
 11
-59.18934603863336
 21
-55.04124545331311
 31
0.0
 11
-59.160315638225164
 21
-55.05626647319351
 31
0.0
 11
-59.13127269577063
 21
-55.07128191427107
 31
0.0
 11
-59.102217209923666
 21
-55.086291766835124
 31
0.0
 11
-59.0731491793127
 21
-55.101296021138715
 31
0.0
 11
-59.04406860255803
 21
-55.116294667414664
 31
0.0
 11
-59.0149754783297
 21
-55.13128769592952
 31
0.0
 11
-58.98586980524682
 21
-55.146275096889624
 31
0.0
 11
-58.956751581980335
 21
-55.16125686053712
 31
0.0
 11
-58.92762080719509
 21
-55.17623297709571
 31
0.0
 11
-58.89847747951556
 21
-55.19120343673873
 31
0.0
 11
-58.8693215976287
 21
-55.20616822968507
 31
0.0
 11
-58.84015316019826
 21
-55.221127346119424
 31
0.0
 11
-58.8109721658722
 21
-55.23608077619862
 31
0.0
 11
-58.78177861334037
 21
-55.251028510106366
 31
0.0
 11
-58.752572501269796
 21
-55.26597053799187
 31
0.0
 11
-58.72335382836663
 21
-55.2809068500286
 31
0.0
 11
-58.69412259328434
 21
-55.29583743632742
 31
0.0
 11
-58.66487879470653
 21
-55.31076228701482
 31
0.0
 11
-58.63562243134148
 21
-55.32568139222785
 31
0.0
 11
-58.6063535018917
 21
-55.34059474208498
 31
0.0
 11
-58.577072005032505
 21
-55.355502326666354
 31
0.0
 11
-58.547777939478166
 21
-55.37040413607604
 31
0.0
 11
-58.518471303934355
 21
-55.38530016039699
 31
0.0
 11
-58.48915209709084
 21
-55.400190389684305
 31
0.0
 11
-58.459820317699
 21
-55.4150748140383
 31
0.0
 11
-58.43047596444733
 21
-55.429953423487035
 31
0.0
 11
-58.40111903607669
 21
-55.44482620809496
 31
0.0
 11
-58.37174953128638
 21
-55.45969315787442
 31
0.0
 11
-58.34236744881518
 21
-55.47455426286205
 31
0.0
 11
-58.312972787405435
 21
-55.4894095130849
 31
0.0
 11
-58.28356554579083
 21
-55.504258898549026
 31
0.0
 11
-58.2541457226882
 21
-55.51910240923104
 31
0.0
 11
-58.224713316873505
 21
-55.53394003515102
 31
0.0
 11
-58.19526832708129
 21
-55.54877176627645
 31
0.0
 11
-58.16581075205382
 21
-55.56359759256913
 31
0.0
 11
-58.136340590563314
 21
-55.57841750400643
 31
0.0
 11
-58.10685784135539
 21
-55.59323149052722
 31
0.0
 11
-58.077362503205315
 21
-55.608039542085336
 31
0.0
 11
-58.04785457486042
 21
-55.62284164859496
 31
0.0
 11
-58.01833405511497
 21
-55.63763780000216
 31
0.0
 11
-57.988800942744184
 21
-55.65242798622128
 31
0.0
 11
-57.95925523649215
 21
-55.66721219712387
 31
0.0
 11
-57.92969693517441
 21
-55.68199042263688
 31
0.0
 11
-57.9001260375811
 21
-55.696762652649504
 31
0.0
 11
-57.8705425424872
 21
-55.71152887702317
 31
0.0
 11
-57.84094644868868
 21
-55.72628908562623
 31
0.0
 11
-57.811337754988706
 21
-55.74104326832087
 31
0.0
 11
-57.78171646018989
 21
-55.75579141495527
 31
0.0
 11
-57.7520825630847
 21
-55.77053351535468
 31
0.0
 11
-57.72243606252788
 21
-55.785269559391004
 31
0.0
 11
-57.69277695727219
 21
-55.79999953682446
 31
0.0
 11
-57.663105246188366
 21
-55.814723437515916
 31
0.0
 11
-57.63342092807829
 21
-55.82944125124624
 31
0.0
 11
-57.60372400175918
 21
-55.84415296779786
 31
0.0
 11
-57.574014466086325
 21
-55.85885857697659
 31
0.0
 11
-57.544292319889124
 21
-55.87355806854986
 31
0.0
 11
-57.51455756197487
 21
-55.88825143225013
 31
0.0
 11
-57.484810191219346
 21
-55.90293865786308
 31
0.0
 11
-57.45505020649434
 21
-55.91761973515689
 31
0.0
 11
-57.425277606591465
 21
-55.93229465380841
 31
0.0
 11
-57.3954923903952
 21
-55.9469634035714
 31
0.0
 11
-57.36569455678461
 21
-55.96162597418081
 31
0.0
 11
-57.33588410459958
 21
-55.97628235531984
 31
0.0
 11
-57.30606103270188
 21
-55.99093253667965
 31
0.0
 11
-57.27622534000426
 21
-56.00557650798756
 31
0.0
 11
-57.246377025332585
 21
-56.02021425887241
 31
0.0
 11
-57.21651608760078
 21
-56.034845779035585
 31
0.0
 11
-57.18664252569828
 21
-56.049471058140995
 31
0.0
 11
-57.156756338483845
 21
-56.06409008580877
 31
0.0
 11
-57.12685752488727
 21
-56.07870285171512
 31
0.0
 11
-57.09694608377124
 21
-56.093309345456795
 31
0.0
 11
-57.06702201406053
 21
-56.10790955667779
 31
0.0
 11
-57.03708531467389
 21
-56.12250347500265
 31
0.0
 11
-57.007135984500465
 21
-56.13709109001298
 31
0.0
 11
-56.977174022452886
 21
-56.15167239129974
 31
0.0
 11
-56.94719942746552
 21
-56.16624736846177
 31
0.0
 11
-56.91721219846646
 21
-56.18081601107786
 31
0.0
 11
-56.88721233434031
 21
-56.19537830867019
 31
0.0
 11
-56.85719983408271
 21
-56.20993425085682
 31
0.0
 11
-56.82717469659667
 21
-56.2244838271504
 31
0.0
 11
-56.7971369208251
 21
-56.23902702708935
 31
0.0
 11
-56.767086505723235
 21
-56.253563840210376
 31
0.0
 11
-56.73702345022064
 21
-56.268094256011
 31
0.0
 11
-56.706947753309265
 21
-56.282618264036714
 31
0.0
 11
-56.67685941389649
 21
-56.29713585373518
 31
0.0
 11
-56.64675843099003
 21
-56.31164701463995
 31
0.0
 11
-56.61664480355166
 21
-56.326151736224816
 31
0.0
 11
-56.58651853053429
 21
-56.340650007941015
 31
0.0
 11
-56.556379610908934
 21
-56.355141819243734
 31
0.0
 11
-56.52622804369994
 21
-56.36962715962746
 31
0.0
 11
-56.496063827851444
 21
-56.384106018492616
 31
0.0
 11
-56.465886962358525
 21
-56.398578385276636
 31
0.0
 11
-56.435697446256256
 21
-56.41304424944266
 31
0.0
 11
-56.40549527847891
 21
-56.42750360033937
 31
0.0
 11
-56.37528045809023
 21
-56.44195642743065
 31
0.0
 11
-56.345052984066264
 21
-56.45640272007865
 31
0.0
 11
-56.31481285541842
 21
-56.470842467666884
 31
0.0
 11
-56.284560071184984
 21
-56.48527565959164
 31
0.0
 11
-56.254294630365884
 21
-56.49970228519678
 31
0.0
 11
-56.224016532002544
 21
-56.51412233385366
 31
0.0
 11
-56.193725775118615
 21
-56.52853579490148
 31
0.0
 11
-56.163422358748406
 21
-56.54294265767622
 31
0.0
 11
-56.13310628194681
 21
-56.55734291152023
 31
0.0
 11
-56.102777543755664
 21
-56.571736545748756
 31
0.0
 11
-56.072436143206
 21
-56.58612354965165
 31
0.0
 11
-56.04208207934893
 21
-56.60050391252506
 31
0.0
 11
-56.011715351275804
 21
-56.61487762369136
 31
0.0
 11
-55.98133595804195
 21
-56.62924467242234
 31
0.0
 11
-55.95094389870009
 21
-56.64360504797288
 31
0.0
 11
-55.920539172325654
 21
-56.65795873960656
 31
0.0
 11
-55.89012177802003
 21
-56.672305736598865
 31
0.0
 11
-55.859691714822894
 21
-56.68664602814851
 31
0.0
 11
-55.82924898185366
 21
-56.70097960352078
 31
0.0
 11
-55.798793578207196
 21
-56.71530645194152
 31
0.0
 11
-55.76832550296612
 21
-56.72962656260982
 31
0.0
 11
-55.73784475523423
 21
-56.74393992473207
 31
0.0
 11
-55.70735133412487
 21
-56.7582465275098
 31
0.0
 11
-55.67684523873611
 21
-56.77254636011449
 31
0.0
 11
-55.64632646819537
 21
-56.78683941173327
 31
0.0
 11
-55.61579502163297
 21
-56.801125671541755
 31
0.0
 11
-55.58525089814322
 21
-56.815405128664246
 31
0.0
 11
-55.554694096896284
 21
-56.82967777228785
 31
0.0
 11
-55.524124617005846
 21
-56.84394359152788
 31
0.0
 11
-55.49354245759137
 21
-56.85820257549067
 31
0.0
 11
-55.46294761783187
 21
-56.87245471332903
 31
0.0
 11
-55.432340096885056
 21
-56.88669999415944
 31
0.0
 11
-55.401719893866
 21
-56.900938407040165
 31
0.0
 11
-55.371087007965
 21
-56.915169941091854
 31
0.0
 11
-55.340441438327744
 21
-56.92939458537477
 31
0.0
 11
-55.30978318413573
 21
-56.943612328971554
 31
0.0
 11
-55.27911224457242
 21
-56.95782316095199
 31
0.0
 11
-55.24842861880368
 21
-56.97202707035307
 31
0.0
 11
-55.21773230600886
 21
-56.98622404621122
 31
0.0
 11
-55.18702330540237
 21
-57.00041407758407
 31
0.0
 11
-55.15630161613745
 21
-57.01459715345147
 31
0.0
 11
-55.12556723746082
 21
-57.0287732628751
 31
0.0
 11
-55.09482016855142
 21
-57.04294239483181
 31
0.0
 11
-55.064060408608306
 21
-57.05710453830454
 31
0.0
 11
-55.03328795687754
 21
-57.07125968230992
 31
0.0
 11
-55.00250281256811
 21
-57.08540781581158
 31
0.0
 11
-54.9717049748852
 21
-57.099548927754135
 31
0.0
 11
-54.94089444305972
 21
-57.11368300709427
 31
0.0
 11
-54.910071216377204
 21
-57.12781004283032
 31
0.0
 11
-54.87923529400313
 21
-57.14193002382116
 31
0.0
 11
-54.84838667524227
 21
-57.15604293905553
 31
0.0
 11
-54.8175253593115
 21
-57.17014877741571
 31
0.0
 11
-54.78665134547272
 21
-57.184247527816005
 31
0.0
 11
-54.755764633015154
 21
-57.198339179184295
 31
0.0
 11
-54.724865221166894
 21
-57.21242372036962
 31
0.0
 11
-54.69395310921917
 21
-57.22650114027198
 31
0.0
 11
-54.66302829643041
 21
-57.24057142774197
 31
0.0
 11
-54.63209078209949
 21
-57.25463457165772
 31
0.0
 11
-54.6011405655043
 21
-57.268690560860065
 31
0.0
 11
-54.570177645954956
 21
-57.28273938420873
 31
0.0
 11
-54.53920202272202
 21
-57.29678103050672
 31
0.0
 11
-54.50821369512458
 21
-57.31081548859302
 31
0.0
 11
-54.47721266246432
 21
-57.32484274727296
 31
0.0
 11
-54.44619892405269
 21
-57.338862795347346
 31
0.0
 11
-54.41517247921985
 21
-57.35287562162121
 31
0.0
 11
-54.384133327252115
 21
-57.36688121483827
 31
0.0
 11
-54.353081467547625
 21
-57.380879563845056
 31
0.0
 11
-54.32201689937416
 21
-57.3948706573352
 31
0.0
 11
-54.290939622094164
 21
-57.40885448408716
 31
0.0
 11
-54.259849635061244
 21
-57.42283103285458
 31
0.0
 11
-54.22874693762704
 21
-57.43680029237411
 31
0.0
 11
-54.19763152913277
 21
-57.45076225135579
 31
0.0
 11
-54.166503408936386
 21
-57.46471689851207
 31
0.0
 11
-54.135362576431305
 21
-57.47866422257776
 31
0.0
 11
-54.10420903095609
 21
-57.49260421221413
 31
0.0
 11
-54.07304277192207
 21
-57.50653685614428
 31
0.0
 11
-54.04186379867646
 21
-57.52046214300778
 31
0.0
 11
-54.010672110639405
 21
-57.534380061506425
 31
0.0
 11
-53.979467707179396
 21
-57.54829060027148
 31
0.0
 11
-53.94825058770483
 21
-57.562193747961466
 31
0.0
 11
-53.917020751641616
 21
-57.57608949323778
 31
0.0
 11
-53.88577819834352
 21
-57.5899778246698
 31
0.0
 11
-53.854522927290596
 21
-57.60385873094581
 31
0.0
 11
-53.82325493787052
 21
-57.617732200640035
 31
0.0
 11
-53.79197422950392
 21
-57.631598222346575
 31
0.0
 11
-53.76068080164672
 21
-57.64545678468145
 31
0.0
 11
-53.729374653722836
 21
-57.6593078762109
 31
0.0
 11
-53.69805578517384
 21
-57.67315148550456
 31
0.0
 11
-53.66672419544084
 21
-57.68698760111598
 31
0.0
 11
-53.63537988400612
 21
-57.70081621162711
 31
0.0
 11
-53.604022850293575
 21
-57.71463730554155
 31
0.0
 11
-53.572653093811596
 21
-57.72845087143829
 31
0.0
 11
-53.54127061399722
 21
-57.742256897803514
 31
0.0
 11
-53.50987541032991
 21
-57.756055373153565
 31
0.0
 11
-53.478467482317114
 21
-57.76984628601922
 31
0.0
 11
-53.44704682941751
 21
-57.78362962486289
 31
0.0
 11
-53.41561345114734
 21
-57.797405378193176
 31
0.0
 11
-53.38416734698071
 21
-57.81117353445757
 31
0.0
 11
-53.352708516462904
 21
-57.82493408216467
 31
0.0
 11
-53.321236959071236
 21
-57.838687009733604
 31
0.0
 11
-53.28975267432612
 21
-57.85243230561435
 31
0.0
 11
-53.25825566177044
 21
-57.8661699582654
 31
0.0
 11
-53.22674592092032
 21
-57.87989995610032
 31
0.0
 11
-53.1952234513003
 21
-57.893622287525886
 31
0.0
 11
-53.16368825246854
 21
-57.907336940969415
 31
0.0
 11
-53.13214032394713
 21
-57.92104390480312
 31
0.0
 11
-53.1005796653255
 21
-57.93474316745653
 31
0.0
 11
-53.06900627613281
 21
-57.94843471727744
 31
0.0
 11
-53.03742015590212
 21
-57.96211854260198
 31
0.0
 11
-53.00582130428604
 21
-57.975794631880675
 31
0.0
 11
-52.974209720793446
 21
-57.98946297339086
 31
0.0
 11
-52.94258540502236
 21
-58.00312355549155
 31
0.0
 11
-52.910948356563296
 21
-58.016776366517135
 31
0.0
 11
-52.87929857500387
 21
-58.03042139478298
 31
0.0
 11
-52.84763605995942
 21
-58.04405862861839
 31
0.0
 11
-52.81596081099922
 21
-58.05768805628623
 31
0.0
 11
-52.784272827759985
 21
-58.07130966610721
 31
0.0
 11
-52.75257210986066
 21
-58.08492344636611
 31
0.0
 11
-52.72085865692071
 21
-58.09852938533234
 31
0.0
 11
-52.68913246855181
 21
-58.112127471250226
 31
0.0
 11
-52.65739354441921
 21
-58.125717692407065
 31
0.0
 11
-52.625641884122274
 21
-58.13930003700105
 31
0.0
 11
-52.59387748733674
 21
-58.1528744932985
 31
0.0
 11
-52.56210035373689
 21
-58.16644104954774
 31
0.0
 11
-52.53031048290396
 21
-58.179999693877775
 31
0.0
 11
-52.49850787459489
 21
-58.19355041459585
 31
0.0
 11
-52.466692528422996
 21
-58.207093199833665
 31
0.0
 11
-52.434864444065276
 21
-58.22062803777709
 31
0.0
 11
-52.40302362122874
 21
-58.23415491662884
 31
0.0
 11
-52.371170059597034
 21
-58.2476738245493
 31
0.0
 11
-52.33930375886272
 21
-58.2611847496922
 31
0.0
 11
-52.30742471871628
 21
-58.274687680192606
 31
0.0
 11
-52.27553293887861
 21
-58.28818260420271
 31
0.0
 11
-52.243628419060016
 21
-58.30166950984663
 31
0.0
 11
-52.21171115897242
 21
-58.31514838523345
 31
0.0
 11
-52.17978115834458
 21
-58.328619218474635
 31
0.0
 11
-52.147838416931805
 21
-58.34208199769473
 31
0.0
 11
-52.11588293444185
 21
-58.35553671094842
 31
0.0
 11
-52.08391471062776
 21
-58.368983346324356
 31
0.0
 11
-52.05193374523767
 21
-58.3824218918892
 31
0.0
 11
-52.01994003803901
 21
-58.395852335714466
 31
0.0
 11
-51.98793358881325
 21
-58.40927466587056
 31
0.0
 11
-51.9559143972802
 21
-58.42268887034219
 31
0.0
 11
-51.923882463231294
 21
-58.43609493717766
 31
0.0
 11
-51.89183778650133
 21
-58.44949285445732
 31
0.0
 11
-51.85978036681922
 21
-58.46288261012538
 31
0.0
 11
-51.82771020397471
 21
-58.47626419217802
 31
0.0
 11
-51.79562729782572
 21
-58.4896375886713
 31
0.0
 11
-51.76353164814281
 21
-58.50300278754582
 31
0.0
 11
-51.731423254736434
 21
-58.516359776770386
 31
0.0
 11
-51.69930211744177
 21
-58.52970854432491
 31
0.0
 11
-51.6671682360627
 21
-58.543049078136875
 31
0.0
 11
-51.63502161048307
 21
-58.556381366207525
 31
0.0
 11
-51.60286224049123
 21
-58.56970539641256
 31
0.0
 11
-51.57069012593792
 21
-58.583021156681966
 31
0.0
 11
-51.538505266700426
 21
-58.596328634958354
 31
0.0
 11
-51.506307662630654
 21
-58.60962781913874
 31
0.0
 11
-51.47409731359371
 21
-58.62291869711812
 31
0.0
 11
-51.44187421943947
 21
-58.636201256756955
 31
0.0
 11
-51.40963838007763
 21
-58.6494754859667
 31
0.0
 11
-51.3773897953868
 21
-58.66274137260643
 31
0.0
 11
-51.34512846526268
 21
-58.67599890453756
 31
0.0
 11
-51.3128543895538
 21
-58.68924806955013
 31
0.0
 11
-51.28056756823418
 21
-58.70248885556096
 31
0.0
 11
-51.24826800120452
 21
-58.715721250385286
 31
0.0
 11
-51.21595568832565
 21
-58.72894524177593
 31
0.0
 11
-51.18363062957682
 21
-58.74216081760361
 31
0.0
 11
-51.15129282488635
 21
-58.75536796566382
 31
0.0
 11
-51.11894227415834
 21
-58.76856667370677
 31
0.0
 11
-51.086578977372156
 21
-58.78175692955182
 31
0.0
 11
-51.05420293446825
 21
-58.794938720956196
 31
0.0
 11
-51.02181414539093
 21
-58.808112035664315
 31
0.0
 11
-50.9894126101293
 21
-58.82127686145466
 31
0.0
 11
-50.956998328633404
 21
-58.834433186043356
 31
0.0
 11
-50.92457130087515
 21
-58.847580997154346
 31
0.0
 11
-50.89213152688528
 21
-58.860720282561964
 31
0.0
 11
-50.859679006607045
 21
-58.87385102992193
 31
0.0
 11
-50.827213740029954
 21
-58.88697322692611
 31
0.0
 11
-50.794735727220704
 21
-58.90008686133806
 31
0.0
 11
-50.7622449681626
 21
-58.91319192080735
 31
0.0
 11
-50.729741462833424
 21
-58.926288392959165
 31
0.0
 11
-50.69722521129146
 21
-58.93937626549496
 31
0.0
 11
-50.66469621360337
 21
-58.95245552610815
 31
0.0
 11
-50.63215446973543
 21
-58.965526162357826
 31
0.0
 11
-50.59959997980456
 21
-58.97858816196048
 31
0.0
 11
-50.56703274381856
 21
-58.99164151248831
 31
0.0
 11
-50.53445276184352
 21
-59.004686201563146
 31
0.0
 11
-50.501860033966594
 21
-59.01772221681413
 31
0.0
 11
-50.469254560231704
 21
-59.030749545801946
 31
0.0
 11
-50.43663634075594
 21
-59.04376817615518
 31
0.0
 11
-50.404005375606694
 21
-59.05677809542617
 31
0.0
 11
-50.37136166486105
 21
-59.06977929116104
 31
0.0
 11
-50.33870520862743
 21
-59.082771750924856
 31
0.0
 11
-50.30603600705501
 21
-59.09575546231216
 31
0.0
 11
-50.273354060213286
 21
-59.10873041280655
 31
0.0
 11
-50.24065936824085
 21
-59.121696589954595
 31
0.0
 11
-50.207951931279446
 21
-59.13465398128881
 31
0.0
 11
-50.17523174943438
 21
-59.147602574280654
 31
0.0
 11
-50.142498822869754
 21
-59.16054235645297
 31
0.0
 11
-50.1097531517574
 21
-59.17347331531986
 31
0.0
 11
-50.07699473620048
 21
-59.1863954382958
 31
0.0
 11
-50.04422357640812
 21
-59.199308712903026
 31
0.0
 11
-50.01143967254891
 21
-59.21221312659722
 31
0.0
 11
-49.97864302477147
 21
-59.225108666792835
 31
0.0
 11
-49.94583363329798
 21
-59.23799532097279
 31
0.0
 11
-49.91301149833138
 21
-59.2508730765793
 31
0.0
 11
-49.880176619917286
 21
-59.263741920849796
 31
0.0
 11
-49.84732899886202
 21
-59.27660184190692
 31
0.0
 11
-49.81446863317379
 21
-59.289452824527544
 31
0.0
 11
-49.781595531294194
 21
-59.30229486588993
 31
0.0
 11
-49.748709662865146
 21
-59.315127916927516
 31
0.0
 11
-49.71581114207981
 21
-59.32795210092646
 31
0.0
 11
-49.682899544262376
 21
-59.34076689801252
 31
0.0
 11
-49.64997645417742
 21
-59.35357418867499
 31
0.0
 11
-49.61703596350028
 21
-59.36636689462737
 31
0.0
 11
-49.58410010574526
 21
-59.379171374288276
 31
0.0
 11
-49.55108671848049
 21
-59.391889189783136
 31
0.0
 11
-49.518302189305565
 21
-59.40488768236311
 31
0.0
 11
-49.48460400023427
 21
-59.41679576935601
 31
0.0
 11
-49.45425271221973
 21
-59.432730798416294
 31
0.0
  0
LINE
  5
31
330
17
100
AcDbEntity
  8
PITCH_CURVE
100
AcDbLine
 10
-49.45425271221973
 20
-59.432730798416294
 30
0.0
 11
-108.76417221537514
 21
1.3319769536547065e-14
 31
0.0
  0
ENDSEC
  0
SECTION
  2
OBJECTS
  0
DICTIONARY
  5
A
330
0
100
AcDbDictionary
281
1
  3
ACAD_COLOR
350
B
  3
ACAD_GROUP
350
C
  3
ACAD_LAYOUT
350
D
  3
ACAD_MATERIAL
350
E
  3
ACAD_MLEADERSTYLE
350
F
  3
ACAD_MLINESTYLE
350
10
  3
ACAD_PLOTSETTINGS
350
11
  3
ACAD_PLOTSTYLENAME
350
12
  3
ACAD_SCALELIST
350
14
  3
ACAD_TABLESTYLE
350
15
  3
ACAD_VISUALSTYLE
350
16
  3
EZDXF_META
350
2D
  0
DICTIONARY
  5
B
330
A
100
AcDbDictionary
281
1
  0
DICTIONARY
  5
C
330
A
100
AcDbDictionary
281
1
  0
DICTIONARY
  5
D
330
A
100
AcDbDictionary
281
1
  3
Model
350
1A
  3
Layout1
350
1E
  0
DICTIONARY
  5
E
330
A
100
AcDbDictionary
281
1
  3
ByBlock
350
1F
  3
ByLayer
350
20
  3
Global
350
21
  0
DICTIONARY
  5
F
330
A
100
AcDbDictionary
281
1
  3
Standard
350
2C
  0
DICTIONARY
  5
10
330
A
100
AcDbDictionary
281
1
  3
Standard
350
22
  0
DICTIONARY
  5
11
330
A
100
AcDbDictionary
281
1
  0
ACDBDICTIONARYWDFLT
  5
12
330
A
100
AcDbDictionary
281
1
  3
Normal
350
13
100
AcDbDictionaryWithDefault
340
13
  0
ACDBPLACEHOLDER
  5
13
330
12
  0
DICTIONARY
  5
14
330
A
100
AcDbDictionary
281
1
  0
DICTIONARY
  5
15
330
A
100
AcDbDictionary
281
1
  0
DICTIONARY
  5
16
330
A
100
AcDbDictionary
281
1
  0
LAYOUT
  5
1A
330
D
100
AcDbPlotSettings
  1

  4
A3
  6

 40
7.5
 41
20.0
 42
7.5
 43
20.0
 44
420.0
 45
297.0
 46
0.0
 47
0.0
 48
0.0
 49
0.0
140
0.0
141
0.0
142
1.0
143
1.0
 70
1024
 72
1
 73
0
 74
5
  7

 75
16
 76
0
 77
2
 78
300
147
1.0
148
0.0
149
0.0
100
AcDbLayout
  1
Model
 70
1
 71
0
 10
0.0
 20
0.0
 11
420.0
 21
297.0
 12
0.0
 22
0.0
 32
0.0
 14
1e+20
 24
1e+20
 34
1e+20
 15
-1e+20
 25
-1e+20
 35
-1e+20
146
0.0
 13
0.0
 23
0.0
 33
0.0
 16
1.0
 26
0.0
 36
0.0
 17
0.0
 27
1.0
 37
0.0
 76
1
330
17
  0
LAYOUT
  5
1E
330
D
100
AcDbPlotSettings
  1

  4
A3
  6

 40
7.5
 41
20.0
 42
7.5
 43
20.0
 44
420.0
 45
297.0
 46
0.0
 47
0.0
 48
0.0
 49
0.0
140
0.0
141
0.0
142
1.0
143
1.0
 70
0
 72
1
 73
0
 74
5
  7

 75
16
 76
0
 77
2
 78
300
147
1.0
148
0.0
149
0.0
100
AcDbLayout
  1
Layout1
 70
1
 71
1
 10
0.0
 20
0.0
 11
420.0
 21
297.0
 12
0.0
 22
0.0
 32
0.0
 14
1e+20
 24
1e+20
 34
1e+20
 15
-1e+20
 25
-1e+20
 35
-1e+20
146
0.0
 13
0.0
 23
0.0
 33
0.0
 16
1.0
 26
0.0
 36
0.0
 17
0.0
 27
1.0
 37
0.0
 76
1
330
1B
  0
MATERIAL
  5
1F
102
{ACAD_REACTORS
330
E
102
}
330
E
100
AcDbMaterial
  1
ByBlock
  2

 70
0
 40
1.0
 71
1
 41
1.0
 91
-1023410177
 42
1.0
 72
1
  3

 73
1
 74
1
 75
1
 44
0.5
 73
0
 45
1.0
 46
1.0
 77
1
  4

 78
1
 79
1
170
1
 48
1.0
171
1
  6

172
1
173
1
174
1
140
1.0
141
1.0
175
1
  7

176
1
177
1
178
1
143
1.0
179
1
  8

270
1
271
1
272
1
145
1.0
146
1.0
273
1
  9

274
1
275
1
276
1
 42
1.0
 72
1
  3

 73
1
 74
1
 75
1
 94
63
  0
MATERIAL
  5
20
102
{ACAD_REACTORS
330
E
102
}
330
E
100
AcDbMaterial
  1
ByLayer
  2

 70
0
 40
1.0
 71
1
 41
1.0
 91
-1023410177
 42
1.0
 72
1
  3

 73
1
 74
1
 75
1
 44
0.5
 73
0
 45
1.0
 46
1.0
 77
1
  4

 78
1
 79
1
170
1
 48
1.0
171
1
  6

172
1
173
1
174
1
140
1.0
141
1.0
175
1
  7

176
1
177
1
178
1
143
1.0
179
1
  8

270
1
271
1
272
1
145
1.0
146
1.0
273
1
  9

274
1
275
1
276
1
 42
1.0
 72
1
  3

 73
1
 74
1
 75
1
 94
63
  0
MATERIAL
  5
21
102
{ACAD_REACTORS
330
E
102
}
330
E
100
AcDbMaterial
  1
Global
  2

 70
0
 40
1.0
 71
1
 41
1.0
 91
-1023410177
 42
1.0
 72
1
  3

 73
1
 74
1
 75
1
 44
0.5
 73
0
 45
1.0
 46
1.0
 77
1
  4

 78
1
 79
1
170
1
 48
1.0
171
1
  6

172
1
173
1
174
1
140
1.0
141
1.0
175
1
  7

176
1
177
1
178
1
143
1.0
179
1
  8

270
1
271
1
272
1
145
1.0
146
1.0
273
1
  9

274
1
275
1
276
1
 42
1.0
 72
1
  3

 73
1
 74
1
 75
1
 94
63
  0
MLINESTYLE
  5
22
102
{ACAD_REACTORS
330
10
102
}
330
10
100
AcDbMlineStyle
  2
Standard
 70
0
  3

 62
256
 51
90.0
 52
90.0
 71
2
 49
0.5
 62
256
  6
BYLAYER
 49
-0.5
 62
256
  6
BYLAYER
  0
MLEADERSTYLE
  5
2C
102
{ACAD_REACTORS
330
F
102
}
330
F
100
AcDbMLeaderStyle
179
2
170
2
171
1
172
0
 90
2
 40
0.0
 41
0.0
173
1
 91
-1056964608
 92
-2
290
1
 42
2.0
291
1
 43
8.0
  3
Standard
 44
4.0
300

342
29
174
1
175
1
176
0
178
1
 93
-1056964608
 45
4.0
292
0
297
0
 46
4.0
 94
-1056964608
 47
1.0
 49
1.0
140
1.0
294
1
141
0.0
177
0
142
1.0
295
0
296
0
143
3.75
271
0
272
9
273
9
  0
DICTIONARY
  5
2D
330
A
100
AcDbDictionary
280
1
281
1
  3
CREATED_BY_EZDXF
350
2E
  3
WRITTEN_BY_EZDXF
350
34
  0
DICTIONARYVAR
  5
2E
330
2D
100
DictionaryVariables
280
0
  1
1.4.4 @ 2026-07-26T19:07:16.894529+00:00
  0
DICTIONARYVAR
  5
34
330
2D
100
DictionaryVariables
280
0
  1
1.4.4 @ 2026-07-26T19:07:16.896541+00:00
  0
ENDSEC
  0
EOF
